"kode","nama","active","principle_kode","food","jenis","satuan","perunit","nama_unit","harga_beli","harga_jual","brand_kode","brand_nama","subbrand_kode","subbrand_nama","kategori_lama","kode_ean","master_kode"
"01215-09000-01_BD","HP TR STR SWP 72X19 10ID 1215","1","12","NON FOOD","BAD","PC","180.0000","CT","3255.8000","3650.0000","1202","HANSAPLAST","","","ABCDEFGHI","","01215-09000-01"
"01215-09000-01_BN","HP TR STR SWP 72X19 10ID 1215","1","12","FOOD","BONUS","PC","180.0000","CT","0.0000","0.0000","1202","HANSAPLAST","","","ABCDEFGHI","","01215-09000-01"
"01226-09000-00_BD","HP ROLL FAB 1.25X500CM 1226","1","12","NON FOOD","BAD","PC","240.0000","CT","4906.0000","0.0000","1202","HANSAPLAST","","","ABCDEFGHI","","01226-09000-00"
"01226-09000-00_BN","HP ROLL FAB 1.25X500CM 1226","1","12","NON FOOD","BONUS","PC","240.0000","CT","0.0000","0.0000","1202","HANSAPLAST","","","ABCDEFGHI","","01226-09000-00"
"01226-09000-03_BD","HP ROLL FAB 1.25X500CM 1226","1","12","FOOD","BAD","PC","240.0000","CT","8239.4000","9237.0000","1202","HANSAPLAST","","","ABCDEFGHI","","01226-09000-03"
"01226-09000-04","HP ROLL KAIN 1.25CM X 5M","1","12","FOOD","GOOD","PC","240.0000","CT","11654.2300","12828.0000","1202","HANSAPLAST","","","ABCDEFGHI","","01226-09000-04"
"01226-09000-04_BD","HP ROLL KAIN 1.25CM X 5M","1","12","FOOD","BAD","PC","240.0000","CT","8797.9000","9700.0000","1202","HANSAPLAST","","","ABCDEFGHI","","01226-09000-04"
"01226-09000-06_BD","HP ROL KAIN 1.25CMX5M","1","12","NON FOOD","BAD","PC","240.0000","CT","8239.4000","8397.0000","1202","HANSAPLAST","","","","","01226-09000-06"
"01226-09000-07","HP KAIN 1.25CMX5M","1","12","NON FOOD","GOOD","PC","240.0000","CT","11654.2300","12828.0000","1202","HANSAPLAST","","","","","01226-09000-07"
"01226-09000-07_BD","HP KAIN 1.25CMX5M","1","12","NON FOOD","BAD","PC","240.0000","CT","11654.2300","12828.0000","1202","HANSAPLAST","","","","","01226-09000-07"
"01989-09000-00_BD","HP ROLL FAB 1.25X100CM 1989","1","12","NON FOOD","BAD","PC","1000.0000","CT","1500.3400","0.0000","1202","HANSAPLAST","","","ABCDEFGHI","","01989-09000-00"
"01989-09000-00_BN","HP ROLL FAB 1.25X100CM 1989","1","12","NON FOOD","BONUS","PC","1000.0000","CT","0.0000","0.0000","1202","HANSAPLAST","","","ABCDEFGHI","","01989-09000-00"
"01989-09000-04_BD","HP ROL KAIN 1.25CMX1M","1","12","FOOD","BAD","PC","1000.0000","CT","2921.3000","3275.0000","1202","HANSAPLAST","","","ABCDEFGHI","","01989-09000-04"
"01989-09000-06_BD","HP ROLL FAB 1.25X100CM 1989 FWD OPN150","1","12","NON FOOD","BAD","PC","1000.0000","CT","2921.3000","3275.0000","1202","HANSAPLAST","","","","01989-09000-06","01989-09000-06"
"01989-09000-07","HP ROLL KAIN 1.25CMX1M","1","12","NON FOOD","GOOD","PC","1000.0000","CT","4132.7600","4549.0000","1202","HANSAPLAST","","","","","01989-09000-07"
"01989-09000-07_BD","HP ROLL KAIN 1.25CMX1M","1","12","NON FOOD","BAD","PC","1000.0000","CT","3120.0800","3440.0000","1202","HANSAPLAST","","","","","01989-09000-07"
"021013133_BD","HOGO PANTS M 40 X 6","1","M1","NON FOOD","BAD","PC","6.0000","CT","97297.3000","108108.1100","ZI","PT.ZENZEI INDONESIA","","","","","021013133"
"021013134_BD","HOGO PANTS L 36 X 6","1","M1","NON FOOD","BAD","PC","6.0000","CT","97297.3000","108108.1100","ZI","PT.ZENZEI INDONESIA","","","","","021013134"
"021013135_BD","HOGO PANTS XL 32 X 6","1","M1","NON FOOD","BAD","PC","6.0000","CT","98181.8200","109090.9100","ZI","PT.ZENZEI INDONESIA","","","","","021013135"
"021013136_BD","HOGO PANTS XXL 28 X 6","1","M1","NON FOOD","BAD","PC","6.0000","CT","97297.3000","108108.1100","ZI","PT.ZENZEI INDONESIA","","","","021013136","021013136"
"02613-00000-05_BD","HP FAB STR SWP 65X19 10 ID 2613","1","12","NON FOOD","BAD","PC","180.0000","CT","1650.0000","1850.0000","1202","HANSAPLAST","","","ABCDEFGHI","","02613-00000-05"
"02637-00245-00","HANSAPLAST HANGER DUA FUN 2637","1","12","FOOD","GOOD","PC","10.0000","CT","50875.0900","55999.0000","1202","HANSAPLAST","","","","","02637-00245-00"
"02637-09000-00_BD","HP FAB STR SWP 65X19 100 ID 2637","1","12","NON FOOD","BAD","PC","100.0000","CT","15610.0000","17500.0000","1202","HANSAPLAST","","","ABCDEFGHI","","02637-09000-00"
"02637-09000-00_BN","HP FAB STR SWP 65X19 100 ID 2637","1","12","NON FOOD","BONUS","PC","100.0000","CT","0.0000","0.0000","1202","HANSAPLAST","","","ABCDEFGHI","","02637-09000-00"
"02637-09000-01_BN","HP FAB STR SWP 65X19 100 ID 2637","1","12","NON FOOD","BONUS","PC","100.0000","CT","0.0000","0.0000","1202","HANSAPLAST","","","ABCDEFGHI","","02637-09000-01"
"02637-09000-02_BN","HP FAB STR HI 65X19 100 ID 2637","1","12","NON FOOD","BONUS","PC","100.0000","CT","0.0000","0.0000","1202","HANSAPLAST","","","ABCDEFGHI","","02637-09000-02"
"02637-09000-03_BN","HP FAB STR HI 65X19 100 ID 2637","1","12","FOOD","BONUS","PC","100.0000","CT","0.0000","0.0000","1202","HANSAPLAST","","","ABCDEFGHI","","02637-09000-03"
"02637-09000-05_BD","HP FAB STR HL 65X19 100 ID 2637","1","12","FOOD","BAD","PC","100.0000","CT","22704.9600","25454.0000","1202","HANSAPLAST","","","ABCDEFGHI","","02637-09000-05"
"02637-09000-06","HP KAIN ELASTIS 100LEMBAR STAND","1","12","NON FOOD","GOOD","PC","100.0000","CT","25437.0000","27999.0000","1202","HANSAPLAST","","","","","02637-09000-06"
"02637-09000-06_BD","HP KAIN ELASTIS 100LEMBAR STAND","1","12","NON FOOD","BAD","PC","100.0000","CT","25437.0000","27999.0000","1202","HANSAPLAST","","","","02637-09000-06","02637-09000-06"
"02637-09001-00_BD","HP FAB STR SWP 65X19 10 ID TOPLES","1","12","NON FOOD","BAD","PC","20.0000","CT","66008.0000","74000.0000","1202","HANSAPLAST","","","ABCDEFGHI","","02637-09001-00"
"02637-09001-01_BD","HP FAB STR SWP 65X19 10 ID TOPLES","1","12","NON FOOD","BAD","PC","20.0000","CT","66006.0000","0.0000","1202","HANSAPLAST","","","ABCDEFGHI","","02637-09001-01"
"02637-09001-02_BN","HP FAB STR HL 65X19 10 ID TOPLES","1","12","FOOD","BONUS","PC","20.0000","CT","0.0000","0.0000","1202","HANSAPLAST","","","ABCDEFGHI","","02637-09001-02"
"02638-09000-00_BD","HP 2638 KAIN ELASTIS JUMBO 50S+5","1","12","FOOD","BAD","PC","50.0000","CT","22704.9600","25454.0000","1202","HANSAPLAST","","","ABCDEFGHI","","02638-09000-00"
"02638-09000-01_BD","HP 2638 KAIN ELASTIS JUMBO 50S+5 PLUS","1","12","NON FOOD","BAD","PC","50.0000","CT","22704.9600","25454.0000","1202","HANSAPLAST","","","BCDEFGHIJ","","02638-09000-01"
"02638-09000-02_BD","HP KAIN ELASTIS 50LEMBAR JUMBO","1","12","FOOD","BAD","PC","50.0000","CT","22704.9600","25454.0000","1202","HANSAPLAST","","","","","02638-09000-02"
"02638-09000-03_BD","Hp Kain Elastis 50 Lembar Jumbo","1","12","NON FOOD","BAD","PC","50.0000","CT","22704.9600","25454.0000","1202","HANSAPLAST","","","","","02638-09000-03"
"02638-09000-05","HP KAIN ELASTIS 50 LEMBAR JUMBO","1","12","NON FOOD","GOOD","PC","50.0000","CT","25437.0000","27999.0000","1202","HANSAPLAST","","","","02638-09000-05","02638-09000-05"
"02638-09000-05_BD","HP KAIN ELASTIS 50 LEMBAR JUMBO","1","12","NON FOOD","BAD","PC","50.0000","CT","25437.0000","27999.0000","1202","HANSAPLAST","","","","","02638-09000-05"
"0299","KREYEZ BARBEQUE 5BX/CT","1","MFT","FOOD","GOOD","BX","5.0000","CT","16331.5300","18558.5500","72","PT.MASA ABADI PRATAMA","","","","","0299"
"0299_BN","KREYEZ BARBEQUE 5BX/CT","1","MFT","FOOD","BONUS","BX","5.0000","CT","0.0000","0.0000","72","PT.MASA ABADI PRATAMA","","","","","0299"
"0305","KREYEZ PEDAS 5BX/CT","1","MFT","FOOD","GOOD","BX","5.0000","CT","16331.5300","18558.5500","72","PT.MASA ABADI PRATAMA","","","","","0305"
"0305_BN","KREYEZ PEDAS 5BX/CT","1","MFT","FOOD","BONUS","BX","5.0000","CT","0.0000","0.0000","72","PT.MASA ABADI PRATAMA","","","","","0305"
"0312","KREYEZ AYAM GORENG 5BX/CT","1","MFT","FOOD","GOOD","BX","5.0000","CT","16331.5300","18558.5500","72","PT.MASA ABADI PRATAMA","","","","","0312"
"0312_BN","KREYEZ AYAM GORENG 5BX/CT","1","MFT","FOOD","BONUS","BX","5.0000","CT","0.0000","0.0000","72","PT.MASA ABADI PRATAMA","","","","","0312"
"0350","KREYEZ AYAM BAWANG 5BX/CT","1","MFT","FOOD","GOOD","BX","5.0000","CT","16331.5300","18558.5500","72","PT.MASA ABADI PRATAMA","","","","","0350"
"0350_BD","KREYEZ AYAM BAWANG 5BX/CT","1","MFT","FOOD","BAD","BX","5.0000","CT","16331.5300","18558.5500","72","PT.MASA ABADI PRATAMA","","","","","0350"
"0350_BN","KREYEZ AYAM BAWANG 5BX/CT","1","MFT","FOOD","BONUS","BX","5.0000","CT","0.0000","0.0000","72","PT.MASA ABADI PRATAMA","","","","","0350"
"050020","BLACKROCK ROLL ON 50ML POWER (Blue)","1","M1","NON FOOD","GOOD","PC","36.0000","CT","11243.2400","14054.0500","8993","PT. EASTON KALERIS INDONESIA","","","","","050020"
"050020_BD","BLACKROCK ROLL ON 50ML POWER (Blue)","1","M1","NON FOOD","BAD","PC","36.0000","CT","11243.2400","14054.0500","8993","PT. EASTON KALERIS INDONESIA","","","","","050020"
"050068","VV BUND EDT Mon Amour 100ml +PBL Mon Amour 250ml","1","M1","NON FOOD","GOOD","PC","12.0000","CT","39639.6300","49549.5400","8993","PT. EASTON KALERIS INDONESIA","","","","","050068"
"050068_BD","VV BUND EDT Mon Amour 100ml +PBL Mon Amour 250ml","1","M1","NON FOOD","BAD","PC","12.0000","CT","39639.6300","49549.5400","8993","PT. EASTON KALERIS INDONESIA","","","","","050068"
"050082","VV-VIVELLE EDT GLASS 100 ML GOLD SHIMER JOY","1","M1","FOOD","GOOD","PC","12.0000","CT","25225.0000","31532.0000","8993","PT. EASTON KALERIS INDONESIA","","","ABCDEFGHI","","050082"
"050082_BD","VV-VIVELLE EDT GLASS 100 ML GOLD SHIMER JOY","1","M1","FOOD","BAD","PC","12.0000","CT","25225.0000","31532.0000","8993","PT. EASTON KALERIS INDONESIA","","","ABCDEFGHI","","050082"
"050099","VV-VIVELLE EDT GLASS 100 ML VIOLET/SECRET WISH","1","M1","FOOD","GOOD","PC","12.0000","CT","25225.0000","31532.0000","8993","PT. EASTON KALERIS INDONESIA","","","ABCDEFGHI","","050099"
"050099_BD","VV-VIVELLE EDT GLASS 100 ML VIOLET/SECRET WISH","1","M1","FOOD","BAD","PC","12.0000","CT","25225.0000","31532.0000","8993","PT. EASTON KALERIS INDONESIA","","","ABCDEFGHI","","050099"
"050105","VV-VIVELLE EDT GLASS 100 ML PINK/PRECOUS LOVE","1","M1","FOOD","GOOD","PC","12.0000","CT","25225.0000","31532.0000","8993","PT. EASTON KALERIS INDONESIA","","","ABCDEFGHI","","050105"
"050105_BD","VV-VIVELLE EDT GLASS 100 ML PINK/PRECOUS LOVE","1","M1","FOOD","BAD","PC","12.0000","CT","25225.0000","31532.0000","8993","PT. EASTON KALERIS INDONESIA","","","ABCDEFGHI","","050105"
"050198","VV-VIVELLE BS 150ML GREEN","1","M1","FOOD","GOOD","PC","24.0000","CT","15351.3500","19189.1900","8993","PT. EASTON KALERIS INDONESIA","","","ABCDEFGHI","","050198"
"050198_BD","VV-VIVELLE BS 150ML GREEN","1","M1","NON FOOD","BAD","PC","24.0000","CT","15351.3500","19189.1900","8993","PT. EASTON KALERIS INDONESIA","","","ABCDEFGHI","","050198"
"050211","VV-VIVELLE BS 150ML VIOLET","1","M1","FOOD","GOOD","PC","24.0000","CT","15351.3500","19189.1900","8993","PT. EASTON KALERIS INDONESIA","","","ABCDEFGHI","","050211"
"050211_BD","VV-VIVELLE BS 150ML VIOLET","1","M1","FOOD","BAD","PC","24.0000","CT","13945.9400","17432.4300","8993","PT. EASTON KALERIS INDONESIA","","","","","050211"
"050259_BD","VIVELLE LULUR MANDI 250ML POMEGRANATE","1","M1","FOOD","BAD","PC","12.0000","CT","12038.4000","15048.0000","8993","PT. EASTON KALERIS INDONESIA","","","","","050259"
"050327","VV-VIVELLE BS 150ML PINK","1","M1","FOOD","GOOD","PC","24.0000","CT","15351.3500","19189.1900","8993","PT. EASTON KALERIS INDONESIA","","","ABCDEFGHI","","050327"
"050327_BD","VV-VIVELLE BS 150ML PINK","1","M1","FOOD","BAD","PC","24.0000","CT","15351.3500","19189.1900","8993","PT. EASTON KALERIS INDONESIA","","","","","050327"
"050358","VV-VIVELLE BS 150ML BLUE","1","M1","FOOD","GOOD","PC","24.0000","CT","15351.3500","19189.1900","8993","PT. EASTON KALERIS INDONESIA","","","ABCDEFGHI","","050358"
"050358_BD","VV-VIVELLE BS 150ML BLUE","1","M1","FOOD","BAD","PC","24.0000","CT","15351.3500","19189.1900","8993","PT. EASTON KALERIS INDONESIA","","","","","050358"
"050389","VIVELLE SPA VEOCEL POMEGRANATE (PACK 12)","1","M1","NON FOOD","GOOD","PC","144.0000","CT","6990.9900","8738.7300","8993","PT. EASTON KALERIS INDONESIA","","","","","050389"
"050389_BD","VIVELLE SPA VEOCEL POMEGRANATE (PACK 12)","1","M1","NON FOOD","BAD","PC","144.0000","CT","6774.7700","8468.4600","8993","PT. EASTON KALERIS INDONESIA","","","","","050389"
"050402","VIVELLE SPA VEOCEL ANTI ACNE  (PACK 12)","1","M1","FOOD","GOOD","PC","144.0000","CT","6990.9900","8738.7300","8993","PT. EASTON KALERIS INDONESIA","","","","","050402"
"050402_BD","VIVELLE SPA VEOCEL ANTI ACNE  (PACK 12)","1","M1","NON FOOD","BAD","PC","144.0000","CT","6940.5400","8675.6800","8993","PT. EASTON KALERIS INDONESIA","","","","","050402"
"050488_BD","VV-WESLEY 120ML VIKINGS","1","M1","NON FOOD","BAD","PC","12.0000","CT","10181.8200","12727.2700","8993","PT. EASTON KALERIS INDONESIA","","","","","050488"
"09057-09000-00_BD","HP KOYO PANAS RI 200/CT","1","12","NON FOOD","BAD","PC","200.0000","CT","3365.5200","3773.0000","1202","HANSAPLAST","","","ABCDEFGHI","","09057-09000-00"
"09057-09001-00_BN","HP KOYO PANAS RI 10S FLIP 200/CT","1","12","NON FOOD","BONUS","PC","200.0000","CT","0.0000","0.0000","1202","HANSAPLAST","","","ABCDEFGHI","","09057-09001-00"
"09057-09001-02_BN","HP KOYO PANAS RI 10S RESEALABLE","1","12","FOOD","BONUS","PC","200.0000","CT","0.0000","0.0000","1202","HANSAPLAST","","","ABCDEFGHI","","09057-09001-02"
"09057-09001-03_BD","HP KOYO PANAS RI 10S RESEALABLE","1","12","NON FOOD","BAD","PC","200.0000","CT","5535.4200","5548.0000","1202","HANSAPLAST","","","ABCDEFGHI","","09057-09001-03"
"09057-09001-03_BN","HP KOYO PANAS RI 10S RESEALABLE","1","12","FOOD","BONUS","PC","200.0000","CT","0.0000","0.0000","1202","HANSAPLAST","","","ABCDEFGHI","","09057-09001-03"
"09057-09001-04","HP KOYO PANAS RI 10S RESEALABLE","1","12","NON FOOD","GOOD","PC","200.0000","CT","7014.0000","7720.0000","1202","HANSAPLAST","","","","","09057-09001-04"
"09057-09001-04_BD","HP KOYO PANAS RI 10S RESEALABLE","1","12","NON FOOD","BAD","PC","200.0000","CT","7014.0000","7720.0000","1202","HANSAPLAST","","","","","09057-09001-04"
"09057-09001-05","HP KOYO PANAS RI 10S RESEALABLE","1","12","NON FOOD","GOOD","PC","200.0000","CT","7014.0000","7720.0000","1202","HANSAPLAST","","","","","09057-09001-05"
"09057-09002-00_BD","HP KOYO PANAS RI 2S RCG","1","12","NON FOOD","BAD","PC","1000.0000","CT","1013.3100","1136.0000","1202","HANSAPLAST","","","ABCDEFGHI","","09057-09002-00"
"09057-09002-00_BN","HP KOYO PANAS RI 2S RCG","1","12","FOOD","BONUS","PC","1000.0000","CT","0.0000","0.0000","1202","HANSAPLAST","","","ABCDEFGHI","","09057-09002-00"
"09057-09002-01_BN","HP KOYO PANAS RI 2S RCG","1","12","FOOD","BONUS","PC","1000.0000","CT","0.0000","0.0000","1202","HANSAPLAST","","","ABCDEFGHI","","09057-09002-01"
"09057-09002-03_BD","HP KOYO PANAS RI 2S RENCENG","1","12","NON FOOD","BAD","PC","1000.0000","CT","1013.3100","1136.0000","1202","HANSAPLAST","","","ABCDEFGHI","","09057-09002-03"
"09057-09002-03_BN","HP KOYO PANAS RI 2S RENCENG","1","12","FOOD","BONUS","PC","1000.0000","CT","0.0000","0.0000","1202","HANSAPLAST","","","ABCDEFGHI","","09057-09002-03"
"09057-09003-00","HP KOYO PANAS HANGER","1","12","FOOD","GOOD","PC","50.0000","CT","26594.0000","29272.0000","1202","HANSAPLAST","","","ABCDEFGJ","","09057-09003-00"
"09057-09003-00_BD","HP KOYO PANAS HANGER","1","12","NON FOOD","BAD","PC","50.0000","CT","23086.7800","25454.0000","1202","HANSAPLAST","","","ABCDEFGHI","","09057-09003-00"
"09057-09003-00_BN","HP KOYO PANAS HANGER","1","12","FOOD","BONUS","PC","50.0000","CT","0.0000","0.0000","1202","HANSAPLAST","","","ABCDEFGHI","","09057-09003-00"
"09057-09003-01","HP KOYO PANAS HANGER","1","12","NON FOOD","GOOD","PC","50.0000","CT","26594.0000","29272.0000","1202","HANSAPLAST","","","","","09057-09003-01"
"09057-09003-01_BD","HP KOYO PANAS HANGER","1","12","NON FOOD","BAD","PC","50.0000","CT","26594.0000","29272.0000","1202","HANSAPLAST","","","","","09057-09003-01"
"09057-09003-02","HP KOYO PANAS RENCENG 2 LEMBAR","1","12","NON FOOD","GOOD","PC","50.0000","CT","26594.0000","29272.0000","1202","HANSAPLAST","","","","","09057-09003-02"
"09057-09003-02_BD","HP KOYO PANAS RENCENG 2 LEMBAR","1","12","FOOD","BAD","PC","50.0000","CT","26594.0000","29272.0000","1202","HANSAPLAST","","","","","09057-09003-02"
"09057-09004-00_BD","HP KOYO BIG PATCH PANAS 5S","1","12","FOOD","BAD","PC","100.0000","CT","9122.4800","10227.0000","1202","HANSAPLAST","","","ABCDEFGHI","","09057-09004-00"
"1000318","MINIBITES SNACK KR SPFR CHICKEN 15GX60","1","MFT","FOOD","GOOD","PC","60.0000","CT","1275.0000","1500.0000","NU","PT. NIRAMAS UTAMA","","","","","1000318"
"1000319","MINIBITES SNACK KR SEAWEED 15GX60","1","MFT","FOOD","GOOD","PC","60.0000","CT","1275.0000","1500.0000","NU","PT. NIRAMAS UTAMA","","","","","1000319"
"1000320","MINIBITES SNACK KR BARBEQUE 15GX60","1","MFT","FOOD","GOOD","PC","60.0000","CT","1275.0000","1500.0000","NU","PT. NIRAMAS UTAMA","","","","","1000320"
"100503","VV-VIVELLE EDT GLASS 100 ML BLUE/BEAUTIFUL LIFE","1","M1","FOOD","GOOD","PC","12.0000","CT","25225.0000","31532.0000","8993","PT. EASTON KALERIS INDONESIA","","","ABCDEFGHI","","100503"
"100503_BD","VV-VIVELLE EDT GLASS 100 ML BLUE/BEAUTIFUL LIFE","1","M1","FOOD","BAD","PC","12.0000","CT","25225.0000","31532.0000","8993","PT. EASTON KALERIS INDONESIA","","","ABCDEFGHI","","100503"
"100LV50_BD","100 LV Set 50","1","M1","NON FOOD","BAD","PK","24.0000","CT","95950.0000","121600.0000","71","ALLIGATOR","","","","","100LV50"
"10423-09000-01_BN","HP FEVP W2 EN-ID 12X55 48/CT","1","12","NON FOOD","BONUS","PC","48.0000","CT","0.0000","0.0000","1202","HANSAPLAST","","","ABCDEFGHI","","10423-09000-01"
"10661-09003-00_BD","HP JU COL 24 ES PRINCESS","1","12","NON FOOD","BAD","PC","100.0000","CT","9730.8300","10909.0000","1202","HANSAPLAST","","","ABCDEFGHI","","10661-09003-00"
"10661-09003-00_BN","HP JU COL 24 ES PRINCESS","1","12","NON FOOD","BONUS","PC","100.0000","CT","0.0000","0.0000","1202","HANSAPLAST","","","ABCDEFGHI","","10661-09003-00"
"10661-09005-00_BD","HP JU 55 X 19 COL PRINCESS 10","1","12","NON FOOD","BAD","PC","180.0000","CT","6500.0000","7287.0000","1202","HANSAPLAST","","","ABCDEFGHI","","10661-09005-00"
"10661-09006-00_BD","HP JU 55X19 COL PRINCES 10S","1","12","NON FOOD","BAD","PC","180.0000","CT","6824.6900","7651.0000","1202","HANSAPLAST","","","ABCDEFGHI","","10661-09006-00"
"10661-09007-00_BD","HP JU 55X19 COL PRINCES 10S","1","12","NON FOOD","BAD","PC","180.0000","CT","6824.6900","7651.0000","1202","HANSAPLAST","","","ABCDEFGHI","","10661-09007-00"
"10670-09000-00_BD","HP JU 55X19 COL 24ES MICKY&FRIEND","1","12","NON FOOD","BAD","PC","100.0000","CT","9730.8300","10909.0000","1202","HANSAPLAST","","","ABCDEFGHI","","10670-09000-00"
"10670-09003-00_BD","HP JU 55 X 19 COL MICKEY & FRIEND","1","12","NON FOOD","BAD","PC","180.0000","CT","6500.0000","7287.0000","1202","HANSAPLAST","","","ABCDEFGHI","","10670-09003-00"
"10670-09004-00_BD","HP JU 55X19 COL MICKEY&FRIENDS 10'S","1","12","NON FOOD","BAD","CT","180.0000","PC","7738.9900","8676.0000","1202","HANSAPLAST","","","ABCDEFGHI","","10670-09004-00"
"10928-09000-00_BD","HP FAB STR SWP 65X19 10 ID 10928","1","12","NON FOOD","BAD","PC","180.0000","CT","1650.2000","1850.0000","1202","HANSAPLAST","","","ABCDEFGHI","","10928-09000-00"
"10928-09000-01_BD","HP FAB STR SWP 65X19 10 ID 10928","1","12","NON FOOD","BAD","PC","180.0000","CT","1946.3400","0.0000","1202","HANSAPLAST","","","ABCDEFGHI","","10928-09000-01"
"10928-09000-01_BN","HP FAB STR SWP 65X19 10 ID 10928","1","12","NON FOOD","BONUS","PC","180.0000","CT","0.0000","0.0000","1202","HANSAPLAST","","","ABCDEFGHI","","10928-09000-01"
"10928-09000-04_BD","HP FAB STR HL 65X19 10 ID 10928","1","12","FOOD","BAD","PC","180.0000","CT","2539.6000","2800.0000","1202","HANSAPLAST","","","ABCDEFGHI","","10928-09000-04"
"11150ACB_BD","Connector Pen 10","1","M1","NON FOOD","BAD","ST","168.0000","CT","15671.0000","19865.0000","71","ALLIGATOR","FBC","FABER CASTELL","","","11150ACB"
"113008","VV BLACKROCK EDT Power 60ml","1","M1","NON FOOD","GOOD","PC","24.0000","CT","19099.0900","23873.8700","8993","PT. EASTON KALERIS INDONESIA","","","","","113008"
"113008_BD","VV BLACKROCK EDT Power 60ml","1","M1","NON FOOD","BAD","PC","24.0000","CT","17297.2900","21621.6200","8993","PT. EASTON KALERIS INDONESIA","","","","","113008"
"113015","VV BLACKROCK EDT Individual 60ml","1","M1","NON FOOD","GOOD","PC","24.0000","CT","19099.0900","23873.8700","8993","PT. EASTON KALERIS INDONESIA","","","","","113015"
"113015_BD","VV BLACKROCK EDT Individual 60ml","1","M1","NON FOOD","BAD","PC","24.0000","CT","17297.2900","21621.6200","8993","PT. EASTON KALERIS INDONESIA","","","","","113015"
"113022","VV BLACKROCK EDT Phantom 60ml","1","M1","NON FOOD","GOOD","PC","24.0000","CT","19099.0900","23873.8700","8993","PT. EASTON KALERIS INDONESIA","","","","","113022"
"113022_BD","VV BLACKROCK EDT Phantom 60ml","1","M1","NON FOOD","BAD","PC","24.0000","CT","17297.2900","21621.6200","8993","PT. EASTON KALERIS INDONESIA","","","","","113022"
"113039","VV BLACKROCK EDT Absolute 60ml","1","M1","NON FOOD","GOOD","PC","24.0000","CT","19099.0900","23873.8700","8993","PT. EASTON KALERIS INDONESIA","","","","","113039"
"113039_BD","VV BLACKROCK EDT Absolute 60ml","1","M1","NON FOOD","BAD","PC","24.0000","CT","17297.2900","21621.6200","8993","PT. EASTON KALERIS INDONESIA","","","","","113039"
"114409","PENCIL GRAPHITE P 2B SET 12","1","M1","NON FOOD","GOOD","PC","144.0000","CT","6473.0000","7274.0000","71","ALLIGATOR","","","","","114409"
"114903","ECO COLOUR PENSIL 12S","1","M1","NON FOOD","GOOD","PC","144.0000","CT","7234.0000","8130.0000","71","ALLIGATOR","","","","","114903"
"114904","ECO COLOUR PENSIL 24S","1","M1","NON FOOD","GOOD","PC","72.0000","CT","14468.0000","16261.0000","71","ALLIGATOR","","","","","114904"
"115854_BD","Classic Colour Pencils 24 L","1","M1","NON FOOD","BAD","ST","72.0000","CT","39338.0000","49865.0000","71","ALLIGATOR","FBC","FABER CASTELL","","","115854"
"117102","Black Pencil Castell 9000 2B (P*)","1","M1","NON FOOD","GOOD","BX","240.0000","CT","33768.0000","42816.0000","71","ALLIGATOR","FBC","FABER CASTELL","","","117102"
"120063OC_BD","Hexa Oil Pastell 12 Eco","1","M1","NON FOOD","BAD","ST","72.0000","CT","14072.0000","17838.0000","71","ALLIGATOR","FBC","FABER CASTELL","","","120063OC"
"125LVJN_BD","125 LV Set 30","1","M1","NON FOOD","BAD","TP","6.0000","CT","97860.0000","124050.0000","71","ALLIGATOR","FBC","FABER CASTELL","","","125LVJN"
"1301001_BD","DN K-20 35 GR","1","M1","NON FOOD","BAD","PC","600.0000","CT","871.5000","1050.0000","13","PT UNITAMA SARI MAS","121","DAHLIA","ABCDEFGH","k-20","1301001"
"1301002_BD","DN K-20 Warna 35 Gr","1","M1","NON FOOD","BAD","PC","600.0000","CT","871.5000","1050.0000","13","PT UNITAMA SARI MAS","121","DAHLIA","ABCDEFGH","k-20/W","1301002"
"1301003","K-205-N D LEMARI 100GR FRESH&CLEAN","1","M1","NON FOOD","GOOD","PC","180.0000","CT","7444.0000","8758.0000","13","PT UNITAMA SARI MAS","1301","DAHLIA","ABCDEFGH","K-205","1301003"
"1301003_BD","K-205-N D LEMARI 100GR FRESH&CLEAN","1","M1","NON FOOD","BAD","PC","180.0000","CT","7269.0000","8758.0000","13","PT UNITAMA SARI MAS","121","DAHLIA","ABCDEFGH","","1301003"
"1301004","K-21 DAHLIA NAPH 300GR","1","M1","NON FOOD","GOOD","PC","60.0000","CT","20003.0000","23533.0000","13","PT UNITAMA SARI MAS","1301","DAHLIA","ABCDEFGH","K-21","1301004"
"1301004_BD","K-21 DAHLIA NAPH 300GR","1","M1","NON FOOD","BAD","PC","60.0000","CT","19533.0000","23533.0000","13","PT UNITAMA SARI MAS","121","DAHLIA","ABCDEFGH","","1301004"
"1301005","K-215-N D LEMARI 500GR FRESH& CLEAN","1","M1","NON FOOD","GOOD","PC","36.0000","CT","33050.8300","38883.0000","13","PT UNITAMA SARI MAS","1301","DAHLIA","ABCDEFGH","K--215","1301005"
"1301005_BD","K-215-N D LEMARI 500GR FRESH& CLEAN","1","M1","NON FOOD","BAD","PC","36.0000","CT","32273.0000","38883.0000","13","PT UNITAMA SARI MAS","121","DAHLIA","ABCDEFGH","K--215","1301005"
"1301006","K-22 DAHLIA NAPH 150GR","1","M1","NON FOOD","GOOD","PC","120.0000","CT","10554.0000","12417.0000","13","PT UNITAMA SARI MAS","1301","DAHLIA","ABCDEFGH","K-22","1301006"
"1301006_BD","K-22 DAHLIA NAPH 150GR","1","M1","NON FOOD","BAD","PC","120.0000","CT","10306.0000","12417.0000","13","PT UNITAMA SARI MAS","121","DAHLIA","ABCDEFGH","","1301006"
"1301007_BD","DN K-22/ Ex Quality","1","M1","NON FOOD","BAD","PC","120.0000","CT","10582.5000","12750.0000","13","PT UNITAMA SARI MAS","121","DAHLIA","ABCDEFGH","","1301007"
"1301008","K-23 DAHLIA WITH CASE","1","M1","NON FOOD","GOOD","PC","120.0000","CT","12056.0000","14183.0000","13","PT UNITAMA SARI MAS","1301","DAHLIA","ABCDEFGH","K-23","1301008"
"1301008_BD","K-23 DAHLIA WITH CASE","1","M1","NON FOOD","BAD","PC","120.0000","CT","12056.0000","14183.0000","13","PT UNITAMA SARI MAS","","","ABCDEFGH","","1301008"
"1301009","K230-DHL SUPER DELUXE WITH CASE","1","M1","NON FOOD","GOOD","PC","96.0000","CT","12396.0000","14583.0000","13","PT UNITAMA SARI MAS","1301","DAHLIA","ABCDEFGH","K-230","1301009"
"1301009_BD","K230-DHL SUPER DELUXE WITH CASE","1","M1","NON FOOD","BAD","PC","96.0000","CT","12396.0000","14583.0000","13","PT UNITAMA SARI MAS","","","ABCDEFGH","","1301009"
"1301010","DCFWC K-231 KMAPER TOILET CASE","1","M1","NON FOOD","GOOD","PC","72.0000","CT","13643.0000","16050.0000","13","PT UNITAMA SARI MAS","1301","DAHLIA","ABCDEFGH","K-231","1301010"
"1301010_BD","DCFWC K-231 KMAPER TOILET CASE","1","M1","NON FOOD","BAD","PC","72.0000","CT","13322.0000","16050.0000","13","PT UNITAMA SARI MAS","","","ABCDEFGH","","1301010"
"1301011","K-233 Dahlia Trendy","1","M1","NON FOOD","GOOD","PC","120.0000","CT","11772.0000","14183.0000","13","PT UNITAMA SARI MAS","1301","DAHLIA","ABCDEFGH","K-233","1301011"
"1301011_BD","D Trendy K-233","1","M1","NON FOOD","BAD","PC","120.0000","CT","11772.0000","14183.0000","13","PT UNITAMA SARI MAS","","","ABCDEFGH","","1301011"
"1301012","K-272 D KAMPER TOILET DOUBLE BALL","1","M1","NON FOOD","GOOD","PC","72.0000","CT","25196.0000","29642.0000","13","PT UNITAMA SARI MAS","1301","DAHLIA","ABCDEFGH","K-272","1301012"
"1301012_BD","K-272 D KAMPER TOILET DOUBLE BALL","1","M1","NON FOOD","BAD","PC","72.0000","CT","24603.0000","29642.0000","13","PT UNITAMA SARI MAS","","","ABCDEFGH","","1301012"
"1301013_BD","D Reffile K-24","1","M1","NON FOOD","BAD","PC","240.0000","CT","5727.0000","6900.0000","13","PT UNITAMA SARI MAS","","","ABCDEFGH","","1301013"
"1301014_BD","D Refille K-240 HQ","1","M1","NON FOOD","BAD","PC","240.0000","CT","6391.0000","7700.0000","13","PT UNITAMA SARI MAS","","","ABCDEFGH","","1301014"
"1301016_BD","D Refille CIF K-241 C Pne","1","M1","NON FOOD","BAD","PC","240.0000","CT","4980.0000","6000.0000","13","PT UNITAMA SARI MAS","","","ABCDEFGH","","1301016"
"1301017_BD","D Refille CIF K-241 Lemon","1","M1","NON FOOD","BAD","PC","240.0000","CT","4025.5000","4850.0000","13","PT UNITAMA SARI MAS","","","ABCDEFGH","","1301017"
"1301018_BD","D Reffil CIK K-241 S Bouqet","1","M1","NON FOOD","BAD","PC","240.0000","CT","4025.5000","4850.0000","13","PT UNITAMA SARI MAS","","","ABCDEFGH","K-24","1301018"
"1301019_BD","D Reefille CIF K-241 Lavender","1","M1","NON FOOD","BAD","PC","240.0000","CT","4025.5000","4850.0000","13","PT UNITAMA SARI MAS","","","ABCDEFGH","","1301019"
"1301020_BD","D Refille K-242 Super Quality","1","M1","NON FOOD","BAD","PC","240.0000","CT","6640.0000","8000.0000","13","PT UNITAMA SARI MAS","","","ABCDEFGH","","1301020"
"1301022_BD","D K-24/S Fruty Apple","1","M1","NON FOOD","BAD","PC","240.0000","CT","6889.0000","8300.0000","13","PT UNITAMA SARI MAS","","","ABCDEFGH","","1301022"
"1301023_BD","D K-24/S Fruty Grape","1","M1","NON FOOD","BAD","PC","240.0000","CT","6889.0000","8300.0000","13","PT UNITAMA SARI MAS","","","ABCDEFGH","","1301023"
"1301024_BD","D K-24/S Fruty Lemon","1","M1","NON FOOD","BAD","PC","240.0000","CT","6889.0000","8300.0000","13","PT UNITAMA SARI MAS","","","ABCDEFGH","","1301024"
"1301025_BD","D k-24 Fruty Orange","1","M1","NON FOOD","BAD","PC","240.0000","CT","6889.0000","8300.0000","13","PT UNITAMA SARI MAS","","","ABCDEFGH","","1301025"
"1301026_BD","D K-24/G Refille Gantung","1","M1","NON FOOD","BAD","PC","240.0000","CT","6723.0000","8100.0000","13","PT UNITAMA SARI MAS","","","ABCDEFGH","","1301026"
"1301028_BD","D K-24/SG Fruty Gantung Apple","1","M1","NON FOOD","BAD","PC","240.0000","CT","8134.0000","9800.0000","13","PT UNITAMA SARI MAS","121","DAHLIA","ABCDEFGH","","1301028"
"1301029_BD","D K-24/SG Fruty Gantung Grape","1","M1","NON FOOD","BAD","PC","240.0000","CT","7221.0000","8700.0000","13","PT UNITAMA SARI MAS","121","DAHLIA","ABCDEFGH","","1301029"
"1301030_BD","D K-24/SG Fruty Gantung Lemon","1","M1","NON FOOD","BAD","PC","240.0000","CT","7221.0000","8700.0000","13","PT UNITAMA SARI MAS","121","DAHLIA","ABCDEFGH","","1301030"
"1301031_BD","D K-24/SG Fruty Gantung Orange","1","M1","NON FOOD","BAD","PC","240.0000","CT","7221.0000","8700.0000","13","PT UNITAMA SARI MAS","121","DAHLIA","ABCDEFGH","","1301031"
"1301033_BD","DFF K-24/EX Mild Bouquet","1","M1","NON FOOD","BAD","PC","144.0000","CT","2967.2500","3575.0000","13","PT UNITAMA SARI MAS","121","DAHLIA","ABCDEFGH","","1301033"
"1301035","K-27 DAHLIA BALL","1","M1","NON FOOD","GOOD","PC","144.0000","CT","12856.0000","15125.0000","13","PT UNITAMA SARI MAS","1301","DAHLIA","ABCDEFGH","K-27","1301035"
"1301035_BD","K-27 DAHLIA BALL","1","M1","NON FOOD","BAD","PC","144.0000","CT","12554.0000","15125.0000","13","PT UNITAMA SARI MAS","121","DAHLIA","ABCDEFGH","","1301035"
"1301036_BD","DK-29 Flower","1","M1","NON FOOD","BAD","PC","120.0000","CT","9960.0000","12000.0000","13","PT UNITAMA SARI MAS","121","DAHLIA","ABCDEFGH","","1301036"
"1301037","K31N D TOILET 5 BALL CLASSIC FRESH","1","M1","NON FOOD","GOOD","PC","120.0000","CT","16781.0000","19742.0000","13","PT UNITAMA SARI MAS","1301","DAHLIA","ABCDEFGH","K-31","1301037"
"1301037_BD","K31N D TOILET 5 BALL CLASSIC FRESH","1","M1","NON FOOD","BAD","PC","120.0000","CT","16386.0000","19742.0000","13","PT UNITAMA SARI MAS","121","DAHLIA","ABCDEFGH","K-31","1301037"
"1301038","K-315 DAHLIA KAMPER TOILET 150 GR FRESH & CLEAN","1","M1","NON FOOD","GOOD","PC","120.0000","CT","10901.0000","12825.0000","13","PT UNITAMA SARI MAS","1301","DAHLIA","ABCDEFGH","K-315","1301038"
"1301038_BD","K-315 DAHLIA KAMPER TOILET 150 GR FRESH & CLEAN","1","M1","NON FOOD","BAD","PC","120.0000","CT","10333.5000","12450.0000","13","PT UNITAMA SARI MAS","121","DAHLIA","ABCDEFGH","","1301038"
"1301039_BD","D K-32 Toilet Ball 6 pcs","1","M1","NON FOOD","BAD","PC","120.0000","CT","17711.0000","19900.0000","13","PT UNITAMA SARI MAS","121","DAHLIA","ABCDEFGH","","1301039"
"1301040","K313N DAHLIA TOILET CLASSIC 3PCS","1","M1","NON FOOD","GOOD","PC","240.0000","CT","10618.0000","12492.0000","13","PT UNITAMA SARI MAS","1301","DAHLIA","ABCDEFGH","K-313","1301040"
"1301040_BD","K-313 DAHLIA TOILET BALL 3PCS","1","M1","NON FOOD","BAD","PC","240.0000","CT","10368.0000","12492.0000","13","PT UNITAMA SARI MAS","121","DAHLIA","ABCDEFGH","","1301040"
"1301041","K33FC DAHLIA KAMPER TOILET 5 BALL FRESH & CLEAN","1","M1","NON FOOD","GOOD","PC","120.0000","CT","13593.0000","15992.0000","13","PT UNITAMA SARI MAS","1301","DAHLIA","ABCDEFGH","K-33","1301041"
"1301041_BD","K33FC DAHLIA KAMPER TOILET 5 BALL FRESH & CLEAN","1","M1","NON FOOD","BAD","PC","120.0000","CT","13273.0000","15992.0000","13","PT UNITAMA SARI MAS","121","DAHLIA","ABCDEFGH","","1301041"
"1301042","K-330 DAHLIA NAPH FOR TOILET 300GR","1","M1","NON FOOD","GOOD","PC","60.0000","CT","20740.0000","24400.0000","13","PT UNITAMA SARI MAS","1301","DAHLIA","ABCDEFGH","K-330","1301042"
"1301042_BD","K-330 DAHLIA NAPH FOR TOILET 300GR","1","M1","NON FOOD","BAD","PC","60.0000","CT","20252.0000","24400.0000","13","PT UNITAMA SARI MAS","121","DAHLIA","ABCDEFGH","","1301042"
"1301043","K-381 DAHLIA MY LOVE","1","M1","NON FOOD","GOOD","PC","144.0000","CT","9874.0000","11617.0000","13","PT UNITAMA SARI MAS","1301","DAHLIA","ABCDEFGH","K-381","1301043"
"1301043_BD","K-381 DAHLIA MY LOVE (2 PCS)","1","M1","NON FOOD","BAD","PC","144.0000","CT","9642.0000","11617.0000","13","PT UNITAMA SARI MAS","121","DAHLIA","ABCDEFGH","","1301043"
"1301044_BD","D K-316 Fresh Bouqet (Block)","1","M1","NON FOOD","BAD","PC","120.0000","CT","14317.5000","17250.0000","13","PT UNITAMA SARI MAS","121","DAHLIA","ABCDEFGH","","1301044"
"1301045_BD","D K-232 Basket Hanger","1","M1","NON FOOD","BAD","PC","144.0000","CT","5395.0000","6500.0000","13","PT UNITAMA SARI MAS","121","DAHLIA","ABCDEFGH","","1301045"
"1301046_BD","D MD-1 Moth Hanger","1","M1","NON FOOD","BAD","PC","20.0000","CT","22341.0000","26917.0000","13","PT UNITAMA SARI MAS","121","DAHLIA","ABCDEFGH","","1301046"
"1301047_BD","D MD-2  Moth Hanger Bag (2 Pcs)","1","M1","NON FOOD","BAD","PC","120.0000","CT","6847.5000","8250.0000","13","PT UNITAMA SARI MAS","","","ABCDEFGH","","1301047"
"1301048","MD-3 DAHLIA KAMPER LEMARI 150 GR FRESH FLORAL","1","M1","NON FOOD","GOOD","PC","96.0000","CT","15739.1600","18517.0000","13","PT UNITAMA SARI MAS","1301","DAHLIA","ABCDEFGH","MD-3","1301048"
"1301048_BD","MD-3 DAHLIA KAMPER LEMARI 150 GR FRESH FLORAL","1","M1","NON FOOD","BAD","PC","96.0000","CT","15369.0000","18517.0000","13","PT UNITAMA SARI MAS","","","ABCDEFGH","","1301048"
"1301049_BD","DN K-33 Toilet Ball 5 Pcs Warna","1","M1","NON FOOD","BAD","PC","120.0000","CT","13273.0000","15992.0000","13","PT UNITAMA SARI MAS","122","SEAGULL","ABCDEFGH","","1301049"
"1301051_BD","D K-243 Flower Hanger","1","M1","NON FOOD","BAD","PC","144.0000","CT","2905.0000","3500.0000","13","PT UNITAMA SARI MAS","121","DAHLIA","ABCDEFGH","","1301051"
"1301052_BD","D K-383 Heart Hanger","1","M1","NON FOOD","BAD","PC","144.0000","CT","3320.0000","4000.0000","13","PT UNITAMA SARI MAS","121","DAHLIA","ABCDEFGH","K-383","1301052"
"1301053_BD","D REF K 241 CL ORANGE","1","M1","NON FOOD","BAD","PC","240.0000","CT","4025.5000","4850.0000","13","PT UNITAMA SARI MAS","","","ABCDEFGH","","1301053"
"1301054_BD","DCFWC K 231 GET K35","1","M1","NON FOOD","BAD","PC","72.0000","CT","7515.6500","9055.0000","13","PT UNITAMA SARI MAS","","","ABCDEFGH","","1301054"
"1301060_BD","DK-31 TOILET BALL 5 PC BUY 2 GET 1","1","M1","NON FOOD","BAD","PC","48.0000","CT","18260.0000","22000.0000","13","PT UNITAMA SARI MAS","121","DAHLIA","ABCDEFGH","","1301060"
"1301061_BD","D Trendy  K-233 Buy 2 Get 1","1","M1","NON FOOD","BAD","PC","18.0000","CT","11343.3300","13666.6700","13","PT UNITAMA SARI MAS","","","ABCDEFGH","","1301061"
"1301062_BD","D Refille K-240 HQ 2 free 1","1","M1","NON FOOD","BAD","PC","60.0000","CT","9296.0000","11200.0000","13","PT UNITAMA SARI MAS","","","ABCDEFGH","","1301062"
"1301063_BD","D K-241M BUY 2 GET 1","1","M1","NON FOOD","BAD","PC","18.0000","CT","5195.8000","6260.0000","13","PT UNITAMA SARI MAS","","","ABCDEFGH","K241M","1301063"
"1301064_BD","D K-313 BUY 2 GET 1","1","M1","NON FOOD","BAD","PC","18.0000","CT","11620.0000","14000.0000","13","PT UNITAMA SARI MAS","","","ABCDEFGH","","1301138"
"1301066_BD","D Refille K-242 Super Quality 2 Free 1","1","M1","NON FOOD","BAD","PC","60.0000","CT","8856.1000","10670.0000","13","PT UNITAMA SARI MAS","121","DAHLIA","ABCDEFGH","","1301066"
"1301070","MINIEPUFF GENERAL MP-28","1","M1","NON FOOD","GOOD","PC","72.0000","CT","7310.0000","8600.0000","13","PT UNITAMA SARI MAS","","","ABCDEFGH","MPG-28","1301070"
"1301070_BD","MINIEPUFF GENERAL MP-28","1","M1","NON FOOD","BAD","PC","72.0000","CT","7138.0000","8600.0000","13","PT UNITAMA SARI MAS","","","ABCDEFGH","","1301070"
"1301071","MINIE PUFF BUTTERFLY MP-12","1","M1","NON FOOD","GOOD","PC","72.0000","CT","7310.0000","8600.0000","13","PT UNITAMA SARI MAS","","","ABCDEFGH","MPB-12","1301071"
"1301071_BD","MINIE PUFF BUTTERFLY MP-12","1","M1","NON FOOD","BAD","PC","72.0000","CT","7138.0000","8600.0000","13","PT UNITAMA SARI MAS","","","ABCDEFGH","","1301071"
"1301072","MINIE PUFF LABU MP-13","1","M1","NON FOOD","GOOD","PC","72.0000","CT","9562.5000","11250.0000","13","PT UNITAMA SARI MAS","","","ABCDEFGH","MBL-13","1301072"
"1301072_BD","MINIE PUFF LABU MP-13","1","M1","NON FOOD","BAD","PC","72.0000","CT","9337.5000","11250.0000","13","PT UNITAMA SARI MAS","","","ABCDEFGH","","1301072"
"1301073","MINIE PUFF TALI MP-22","1","M1","NON FOOD","GOOD","PC","72.0000","CT","9562.5000","11250.0000","13","PT UNITAMA SARI MAS","","","ABCDEFGH","MPT-22","1301073"
"1301073_BD","MINIE PUFF TALI MP-22","1","M1","NON FOOD","BAD","PC","72.0000","CT","9337.5000","11250.0000","13","PT UNITAMA SARI MAS","","","ABCDEFGH","","1301073"
"1301074","MINIE PUFF LANTERN MP-34","1","M1","NON FOOD","GOOD","PC","72.0000","CT","9137.5000","10750.0000","13","PT UNITAMA SARI MAS","","","ABCDEFGH","MPL-34","1301074"
"1301074_BD","MINIE PUFF LANTERN MP 34","1","M1","NON FOOD","BAD","PC","72.0000","CT","8922.5000","10750.0000","13","PT UNITAMA SARI MAS","","","ABCDEFGH","","1301074"
"1301075_BD","D K314 TOILET BALL 4PCS","1","M1","NON FOOD","BAD","PC","120.0000","CT","11018.2500","13275.0000","13","PT UNITAMA SARI MAS","","","ABCDEFGH","","1301075"
"1301076_BD","K-33 WARNA BD SUNLIGHT","1","M1","NON FOOD","BAD","PC","120.0000","CT","6241.6000","7520.0000","13","PT UNITAMA SARI MAS","","","ABCDEFGH","","1301076"
"1301080_BD","K230 BANDED K240","1","M1","NON FOOD","BAD","PC","48.0000","CT","7337.2000","8840.0000","13","PT UNITAMA SARI MAS","","","ABCDEFGH","","1301080"
"1301081_BD","K24 BANDED 2 FREE 1","1","M1","FOOD","BAD","PC","60.0000","CT","6391.0000","7700.0000","13","PT UNITAMA SARI MAS","","","ABCDEFGH","","1301081"
"1301082_BD","K-29 DAHLIA FLOWER","1","M1","FOOD","BAD","PC","120.0000","CT","12242.5000","14750.0000","13","PT UNITAMA SARI MAS","","","ABCDEFGH","","1301082"
"1301083_BD","F-605 FRESHGO NATURAL WOODY","1","M1","NON FOOD","BAD","PC","72.0000","CT","4500.0000","5000.0000","13","PT UNITAMA SARI MAS","","","ABCDEFGH","","1301083"
"1301084_BD","F-605 FRESHGO  SUNNY FRESH","1","M1","FOOD","BAD","PC","72.0000","CT","4500.0000","5000.0000","13","PT UNITAMA SARI MAS","","","ABCDEFGH","","1301084"
"1301089_BD","K241 D REF CLOSET S.BOUQUET 2 F1","1","M1","FOOD","BAD","PC","12.0000","CT","5195.8000","6260.0000","13","PT UNITAMA SARI MAS","","","ABCDEFGH","","1301089"
"1301090_BD","F-605 FRESHGO EXOTIC FLOWER","1","M1","NON FOOD","BAD","PC","72.0000","CT","4500.0000","5000.0000","13","PT UNITAMA SARI MAS","","","ABCDEFGH","","1301090"
"1301091_BD","K241 D REF CLOSET LAV 2 F 1","1","M1","NON FOOD","BAD","PC","12.0000","CT","5195.8000","6260.0000","13","PT UNITAMA SARI MAS","","","ABCDEFGH","","1301091"
"1301092_BD","K241 D REF CLOSET LEMON 2 F 1","1","M1","FOOD","BAD","PC","12.0000","CT","5195.8000","6260.0000","13","PT UNITAMA SARI MAS","","","ABCDEFGH","","1301092"
"1301093_BD","K241 D REF CLOSET ORANGE 2 F 1","1","M1","NON FOOD","BAD","PC","12.0000","BOX","5195.8000","6260.0000","13","PT UNITAMA SARI MAS","","","ABCDEFGH","","1301093"
"1301094_BD","K24/ S Apple BUY 2 GET 1","1","M1","NON FOOD","BAD","PC","12.0000","CT","9462.0000","11400.0000","13","PT UNITAMA SARI MAS","","","ABCDEFGH","","1301094"
"1301095_BD","K24/S Grape BUY 2 GET 1","1","M1","NON FOOD","BAD","PC","60.0000","CT","9462.0000","11400.0000","13","PT UNITAMA SARI MAS","","","ABCDEFGH","","1301095"
"1301096_BD","K24/S Lemon BUY 2 GET 1","1","M1","FOOD","BAD","PC","12.0000","CT","9462.0000","11400.0000","13","PT UNITAMA SARI MAS","","","ABCDEFGH","","1301096"
"1301097_BD","K24 S ORANGE BD 2 F 1","1","M1","NON FOOD","BAD","PC","60.0000","CT","9462.0000","11400.0000","13","PT UNITAMA SARI MAS","","","ABCDEFGH","","1301097"
"1301100_BD","D-K381 My Love 2 F 1","1","M1","NON FOOD","BAD","PC","96.0000","CT","7262.5000","8750.0000","13","PT UNITAMA SARI MAS","","","ABCDEFGH","","1301100"
"1301101_BD","F-605 FRESHGO  SF BUY 2 F 1","1","M1","NON FOOD","BAD","PC","36.0000","CT","7968.0000","9600.0000","13","PT UNITAMA SARI MAS","","","ABCDEFGH","","1301101"
"13011010_BD","F605 FRESHGO LOVELY YELLOW 72/CT","1","M1","NON FOOD","BAD","PC","72.0000","CT","4500.0000","5000.0000","13","PT UNITAMA SARI MAS","","","ABCDEFGH","","13011010"
"1301102_BD","F602 Lemon Banded F603 Lemon","1","M1","NON FOOD","BAD","PC","48.0000","CT","10582.5000","12750.0000","13","PT UNITAMA SARI MAS","","","ABCDEFGH","","1301102"
"1301103_BD","F602 Orange Banded F 603 Orange","1","M1","NON FOOD","BAD","PC","48.0000","CT","10582.5000","12750.0000","13","PT UNITAMA SARI MAS","","","ABCDEFGH","","1301103"
"1301104_BD","F602 Apple Banded F603 Apple","1","M1","NON FOOD","BAD","PC","48.0000","CT","10582.5000","12750.0000","13","PT UNITAMA SARI MAS","","","ABCDEFGH","","1301104"
"1301105_BD","F-605 FRESHGO EF BUY 2 F 1","1","M1","NON FOOD","BAD","PC","36.0000","CT","8300.0000","10000.0000","13","PT UNITAMA SARI MAS","","","ABCDEFGH","","1301105"
"1301106_BD","F-605 FRESHGO NW BUY 2 F 1","1","M1","NON FOOD","BAD","PC","36.0000","CT","8300.0000","10000.0000","13","PT UNITAMA SARI MAS","","","ABCDEFGH","","1301106"
"1301107_BD","F605/LY BUY 2 GET 1 36/CT","1","M1","NON FOOD","BAD","PC","36.0000","CT","8300.0000","10000.0000","13","PT UNITAMA SARI MAS","","","ABCDEFGH","","1301107"
"1301108_BD","F605/AV BUY 2 GET 1 36/D","1","M1","NON FOOD","BAD","PC","36.0000","CT","7968.0000","9600.0000","13","PT UNITAMA SARI MAS","","","ABCDEFGH","","1301108"
"1301109_BD","F605 FRESHGOAMAZNG  VIOLA 72/CT","1","M1","NON FOOD","BAD","PC","72.0000","CT","4500.0000","5000.0000","13","PT UNITAMA SARI MAS","","","ABCDEFGH","","1301109"
"1301110_BD","D K-315 For Toilet 150 Gr BUY 2 GET 1","1","M1","NON FOOD","BAD","PC","60.0000","CT","12616.0000","15200.0000","13","PT UNITAMA SARI MAS","","","ABCDEFGH","","1301110"
"1301122_BD","K22 BD 2 MOLTO","1","M1","NON FOOD","BAD","PC","120.0000","CT","5644.0000","6800.0000","13","PT UNITAMA SARI MAS","","","ABCDEFGH","","1301122"
"1301124_BD","SG531/W BUY 2 GET PEPSODENT 75GR","1","M1","NON FOOD","BAD","PC","60.0000","CT","14931.7000","17990.0000","13","PT UNITAMA SARI MAS","","","ABCDEFGH","","1301124"
"1301125","BC 002 BLUE CLEAN @2PCISI 72 (2+1)","1","M1","NON FOOD","GOOD","PC","72.0000","CT","14025.0000","16500.0000","13","PT UNITAMA SARI MAS","","","ABCDEFGH","BC 002","1301125"
"1301125_BD","BC 002 BLUE CELAN @2PCISI 72 (2+1)","1","M1","NON FOOD","BAD","PC","72.0000","CT","13795.0000","16500.0000","13","PT UNITAMA SARI MAS","","","ABCDEFGH","","1301125"
"1301130_BD","K240/G D REF HQ GANTUNG","1","M1","NON FOOD","BAD","PC","240.0000","CT","7179.5000","8650.0000","13","PT UNITAMA SARI MAS","","","ABCDEFGH","","1301130"
"1301131_BD","K242/G D REF SQ GANTUNG","1","M1","NON FOOD","BAD","PC","240.0000","CT","6723.0000","8100.0000","13","PT UNITAMA SARI MAS","","","ABCDEFGH","","1301131"
"1301132_BD","SG524/SGA AUTUM GANTUNG","1","M1","NON FOOD","BAD","PC","240.0000","CT","6972.0000","8400.0000","13","PT UNITAMA SARI MAS","","","ABCDEFGH","","1301132"
"1301133_BD","SG524/SGSP SPRING GANTUNG","1","M1","NON FOOD","BAD","PC","240.0000","CT","6972.0000","8400.0000","13","PT UNITAMA SARI MAS","","","ABCDEFGH","","1301133"
"1301134_BD","SG524/SGSS SUMMER GANTUNG","1","M1","NON FOOD","BAD","PC","240.0000","CT","6972.0000","8400.0000","13","PT UNITAMA SARI MAS","","","ABCDEFGH","","1301134"
"1301135_BD","SG524/SGW WINTER GANTUNG","1","M1","NON FOOD","BAD","","240.0000","","6972.0000","8400.0000","13","PT UNITAMA SARI MAS","","","ABCDEFGH","","1301135"
"1301136","SG518 SEAGULL  FRESH BUQUET (BLOK)","1","M1","NON FOOD","GOOD","PC","120.0000","CT","13855.0000","16300.0000","13","PT UNITAMA SARI MAS","1302","SEAGULL","ABCDEFGH","SG518 SFB","1301136"
"1301136_BD","SG518 SEAGUL  FRESH BUQUET (BLOK)","1","M1","NON FOOD","BAD","PC","120.0000","CT","13529.0000","16300.0000","13","PT UNITAMA SARI MAS","","","ABCDEFGH","","1301136"
"1301137_BD","SG 518 SEAGUL FRESH BOUGH BUY 2 GET1","1","M1","NON FOOD","BAD","PC","60.0000","CT","16268.0000","19600.0000","13","PT UNITAMA SARI MAS","","","ABCDEFGH","","1301137"
"1301138_BD","k313 Dahlia Banded Buy2 Get1 (2F1)","1","M1","NON FOOD","BAD","PC","120.0000","CT","10292.0000","12400.0000","13","PT UNITAMA SARI MAS","","","ABCDEFGH","","1301138"
"1301139","K22 DAHLIA NAPH 150GR BUY 2GET1 (2F1)","1","M1","NON FOOD","GOOD","PC","60.0000","CT","21108.0000","24833.3300","13","PT UNITAMA SARI MAS","1301","DAHLIA","ABCDEFGH","","1301139"
"1301139_BD","K22 DAHLIA NAPH 150GR BUY 2GET1 (2F1)","1","M1","NON FOOD","BAD","PC","60.0000","CT","20003.0000","24100.0000","13","PT UNITAMA SARI MAS","","","ABCDEFGH","","1301139"
"1301141_BD","DN K 22 150GR BUY 2 GET K 315","1","M1","NON FOOD","BAD","PC","60.0000","CT","9744.2000","11740.0000","13","PT UNITAMA SARI MAS","","","ABCDEFGH","","1301141"
"1301151_BD","K316 BUY 2 GET K33W","1","M1","NON FOOD","BAD","PC","60.0000","CT","17430.0000","21000.0000","13","PT UNITAMA SARI MAS","","","ABCDEFGH","","1301151"
"1301160_BD","SG524 SA AUTUM BUY 2 GET 1","1","M1","FOOD","BAD","PC","60.0000","CT","8607.0000","9600.0000","13","PT UNITAMA SARI MAS","","","ABCDEFGH","","1301160"
"1301161_BD","SG524/SS SUMMER BUY 2 GET 1","1","M1","NON FOOD","BAD","PC","60.0000","CT","7968.0000","9600.0000","13","PT UNITAMA SARI MAS","","","ABCDEFGH","","1301161"
"1301191_BD","K31W BD K313","1","M1","FOOD","BAD","PC","72.0000","CT","11661.5000","14050.0000","13","PT UNITAMA SARI MAS","","","","","1301191"
"1301194","K32 DAHLIA TOILET BALL 6 PCS NEW (6LSN)","1","M1","NON FOOD","GOOD","PC","72.0000","CT","19550.0000","23000.0000","13","PT UNITAMA SARI MAS","1301","DAHLIA","ABCDEFGH","K-32 DTB","1301194"
"1301194_BD","K32 DAHLIA TOILET BALL 6 PCS NEW (6LSN)","1","M1","NON FOOD","BAD","PC","72.0000","CT","19090.0000","23000.0000","13","PT UNITAMA SARI MAS","","","ABCDEFGH","","1301194"
"1301695_BD","K37 DAHLIA HANGER BALL","1","M1","NON FOOD","BAD","PC","72.0000","CT","24485.0000","29500.0000","13","PT UNITAMA SARI MAS","","","ABCDEFGH","","1301695"
"1302001","D112 DAHLIA SERAP LEMBAB PINK","1","M1","NON FOOD","GOOD","PC","48.0000","CT","17638.0000","20750.0000","13","PT UNITAMA SARI MAS","1301","DAHLIA","ABCDEFGH","D-112","1302001"
"1302001_BD","D112 DAHLIA SERAP LEMBAB PINK","1","M1","NON FOOD","BAD","PC","48.0000","CT","17845.0000","20750.0000","13","PT UNITAMA SARI MAS","121","DAHLIA","ABCDEFGH","D-112","1302001"
"1302002","D113 DAHLIA SERAP LEMBAB REFILL PINK","1","M1","NON FOOD","GOOD","PC","72.0000","CT","8713.0000","10250.0000","13","PT UNITAMA SARI MAS","1301","DAHLIA","ABCDEFGH","D-113","1302002"
"1302002_BD","D113 DAHLIA SERAP LEMBAB REFILL PINK","1","M1","NON FOOD","BAD","PC","72.0000","CT","8815.0000","10250.0000","13","PT UNITAMA SARI MAS","121","DAHLIA","ABCDEFGH","","1302002"
"1302003_BD","D-113 DAHLIA SL BANDED D-113","1","M1","FOOD","BAD","PC","36.0000","CT","4816.0000","5600.0000","13","PT UNITAMA SARI MAS","","","ABCDEFGH","D-113BD","1302003"
"1302004","D-112 SERAP LEMBAB BDT-113 PINK","1","M1","NON FOOD","GOOD","PC","48.0000","CT","17638.0000","20750.0000","13","PT UNITAMA SARI MAS","121","DAHLIA","ABCDEFGH","D-112BD","1302004"
"1302004_BD","D-112 SERAP LEMBAB BDT-113 PINK","1","M1","NON FOOD","BAD","PC","48.0000","CT","13416.0000","15600.0000","13","PT UNITAMA SARI MAS","121","DAHLIA","ABCDEFGH","","1302004"
"1302005_BD","D D 113 SL REFF BUY 2 GET 1","1","M1","NON FOOD","BAD","PC","24.0000","CT","11524.0000","13400.0000","13","PT UNITAMA SARI MAS","","","ABCDEFGH","","1302005"
"1302006","D115 DAHLIA SERAP LEMBAB UNGU","1","M1","NON FOOD","GOOD","PC","48.0000","CT","18488.0000","21750.0000","13","PT UNITAMA SARI MAS","1301","DAHLIA","ABCDEFGH","D115 SLW","1302006"
"1302006_BD","D115 DAHLIA SERAP LEMBAB UNGU","1","M1","NON FOOD","BAD","PC","48.0000","CT","18705.0000","21750.0000","13","PT UNITAMA SARI MAS","","","ABCDEFGH","","1302006"
"1302007","D116 DAHLIA REF SERAP LEMBAB REFILLE UNGU","1","M1","NON FOOD","GOOD","PC","72.0000","CT","9138.0000","10750.0000","13","PT UNITAMA SARI MAS","1301","DAHLIA","ABCDEFGH","D116-DRSLW","1302007"
"1302007_BD","D116 DAHLIA SERAP LEMBAB REFILLE UNGU","1","M1","NON FOOD","BAD","PC","72.0000","CT","9245.0000","10750.0000","13","PT UNITAMA SARI MAS","","","ABCDEFGH","","1302007"
"1302008","D117 SERAP BAU KULKAS","1","M1","NON FOOD","GOOD","PC","72.0000","CT","12126.0000","14100.0000","13","PT UNITAMA SARI MAS","1301","DAHLIA","ABCDEFGH","","1302008"
"1302008_BD","D117 SERAP BAU KULKAS","1","M1","NON FOOD","BAD","PC","72.0000","CT","12126.0000","14100.0000","13","PT UNITAMA SARI MAS","","","ABCDEFGH","","1302008"
"1302009_BD","D118 SERAP BAU LEMARI","1","M1","NON FOOD","BAD","PC","72.0000","CT","12126.0000","14100.0000","13","PT UNITAMA SARI MAS","","","ABCDEFGH","","1302009"
"1302010","D119 SERAP LEMBAB BAU SEPATU","1","M1","NON FOOD","GOOD","PC","72.0000","CT","11985.0000","14100.0000","13","PT UNITAMA SARI MAS","1301","DAHLIA","ABCDEFGH","","1302010"
"1302010_BD","D119 SERAP LEMBAB BAU SEPATU","1","M1","NON FOOD","BAD","PC","72.0000","CT","12126.0000","14100.0000","13","PT UNITAMA SARI MAS","","","ABCDEFGH","","1302010"
"1302011_BD","D116 SERAP LEMBAB WANGI BUY 2 GET 1","1","M1","NON FOOD","BAD","PC","24.0000","CT","16426.0000","19100.0000","13","PT UNITAMA SARI MAS","","","ABCDEFGH","","1302011"
"1302012_BD","D117 BD MAGNET KULKAS","1","M1","NON FOOD","BAD","PC","72.0000","CT","9223.5000","10725.0000","13","PT UNITAMA SARI MAS","","","ABCDEFGH","","1302012"
"1302015_BD","D116 SERAP LEMBAB WANGI BUY 2 GET 1 /36PC","1","M1","FOOD","BAD","PC","36.0000","CT","16426.0000","19100.0000","13","PT UNITAMA SARI MAS","","","ABCDEFGH","","1302015"
"1302017","D115 SERAP LEMBAB BDT 116 UNGU","1","M1","NON FOOD","GOOD","PC","48.0000","CT","18488.0000","21750.0000","13","PT UNITAMA SARI MAS","","","ABCDEFGH","","1302017"
"1302017_BD","D115 SERAP LEBAB Bdt 116","1","M1","NON FOOD","BAD","PC","48.0000","CT","12090.0000","13000.0000","13","PT UNITAMA SARI MAS","","","ABCDEFGH","","1302017"
"1302018_BD","D119 DAHLIA SERAB BAU MOBIL","1","M1","NON FOOD","BAD","PC","72.0000","CT","12126.0000","14100.0000","13","PT UNITAMA SARI MAS","","","ABCDEFGH","","1302018"
"1302019","D112-H DAHLIA SERAP LEMBAB HITAM","1","M1","NON FOOD","GOOD","PC","48.0000","CT","18488.0000","21750.0000","13","PT UNITAMA SARI MAS","1301","DAHLIA","","","1302019"
"1302061_BD","D D 113 SL REFF BUY 2 GET 1 36/CT","1","M1","NON FOOD","BAD","PC","36.0000","CT","15480.0000","18000.0000","13","PT UNITAMA SARI MAS","","","ABCDEFGH","","1302061"
"1302085","K19/PUTIH DAHLIA NAPHT 25GR","1","M1","NON FOOD","GOOD","PC","600.0000","CT","1934.0000","2275.0000","13","PT UNITAMA SARI MAS","1301","DAHLIA","ABCDEFGH","K19-DN25","1302085"
"1302085_BD","K19/PUTIH DAHLIA NAPHT 25GR","1","M1","FOOD","BAD","PC","600.0000","CT","1888.0000","2275.0000","13","PT UNITAMA SARI MAS","","","ABCDEFGH","","1302085"
"1302086","K-19 WARNA DAHLIA NAPTH 25GR","1","M1","NON FOOD","GOOD","PC","600.0000","CT","1934.0000","2275.0000","13","PT UNITAMA SARI MAS","1301","DAHLIA","ABCDEFGH","K-19 WDN","1302086"
"1302086_BD","K-19 WARNA DAHLIA NAPTH 25GR","1","M1","FOOD","BAD","PC","600.0000","CT","1888.0000","2275.0000","13","PT UNITAMA SARI MAS","","","ABCDEFGH","","1302086"
"1303002","F-601 DAHLIA AIR FRESHENER LEMON","1","M1","NON FOOD","GOOD","PC","72.0000","CT","7470.0000","8300.0000","13","PT UNITAMA SARI MAS","1301","DAHLIA","ABCDEFGH","F-601L","1303002"
"1303002_BD","F-601 DAHLIA AIR FRESHENER LEMON","1","M1","NON FOOD","BAD","PC","72.0000","CT","7470.0000","8300.0000","13","PT UNITAMA SARI MAS","121","DAHLIA","ABCDEFGH","","1303002"
"1303003","F-601 DAHLIA AIR FRESHENER ORANGE","1","M1","NON FOOD","GOOD","PC","72.0000","CT","7830.0000","8700.0000","13","PT UNITAMA SARI MAS","1301","DAHLIA","ABCDEFGH","F-601O","1303003"
"1303003_BD","F-601 DAHLIA AIR FRESHENER ORANGE","1","M1","NON FOOD","BAD","PC","72.0000","CT","7830.0000","8700.0000","13","PT UNITAMA SARI MAS","121","DAHLIA","ABCDEFGH","F-6010","1303003"
"1303004","F-601 DAHLIA AIR FRESHENER APPLE","1","M1","NON FOOD","GOOD","PC","72.0000","CT","7830.0000","8700.0000","13","PT UNITAMA SARI MAS","1301","DAHLIA","ABCDEFGH","F-601A","1303004"
"1303004_BD","F-601 DAHLIA AIR FRESHENER APPLE","1","M1","NON FOOD","BAD","PC","72.0000","CT","7470.0000","8300.0000","13","PT UNITAMA SARI MAS","121","DAHLIA","ABCDEFGH","","1303004"
"1303007_BD","F601 OM Fresgo Air freshener Orange Mint","1","M1","NON FOOD","BAD","PC","72.0000","CT","7283.2500","8775.0000","13","PT UNITAMA SARI MAS","","","ABCDEFGH","","1303007"
"1303008_BD","F-602 Dahlia Cubie Lemon","1","M1","NON FOOD","BAD","PC","96.0000","CT","11620.0000","14000.0000","13","PT UNITAMA SARI MAS","","","ABCDEFGH","","1303008"
"1303009_BD","F-602 Dahlia Cubie Orange","1","M1","NON FOOD","BAD","PC","96.0000","CT","11620.0000","14000.0000","13","PT UNITAMA SARI MAS","","","ABCDEFGH","","1303009"
"1303010_BD","F-602 Dahlia Cubie Apple","1","M1","NON FOOD","BAD","PC","96.0000","CT","11620.0000","14000.0000","13","PT UNITAMA SARI MAS","","","ABCDEFGH","","1303010"
"1303011_BD","F-603 CUBIE REFIL APPLE","1","M1","FOOD","BAD","PC","96.0000","CT","9130.0000","11000.0000","13","PT UNITAMA SARI MAS","","","ABCDEFGH","","1303011"
"1303012_BD","F-603 CUBIE REFIL LEMON","1","M1","NON FOOD","BAD","PC","96.0000","CT","9130.0000","11000.0000","13","PT UNITAMA SARI MAS","","","ABCDEFGH","","1303012"
"1303013_BD","F-603 CUBIE REFIL ORANGE","1","M1","NON FOOD","BAD","PC","96.0000","CT","8300.0000","10000.0000","13","PT UNITAMA SARI MAS","","","ABCDEFGH","","1303013"
"1303014_BD","K-31 TOILET BALL 5PC PUTIH","1","M1","NON FOOD","BAD","PC","120.0000","CT","15352.5000","17250.0000","13","PT UNITAMA SARI MAS","","","ABCDEFGH","","1303014"
"1303015_BD","F601 LM Freshgo Air Freshener Lemon Mont","1","M1","NON FOOD","BAD","PC","72.0000","CT","7283.2500","8775.0000","13","PT UNITAMA SARI MAS","","","ABCDEFGH","","1303015"
"1303050_BD","F-601L Lemon Buy 2 Get F605  NW","1","M1","NON FOOD","BAD","PC","36.0000","CT","11952.0000","14400.0000","13","PT UNITAMA SARI MAS","","","ABCDEFGH","","1303050"
"1303051","K30 DAHLIA JUMBO BALL","1","M1","NON FOOD","GOOD","PC","144.0000","CT","16986.0000","19983.0000","13","PT UNITAMA SARI MAS","1301","DAHLIA","ABCDEFGH","K30 JB","1303051"
"1303051_BD","K30 DAHLIA JUMBO BALL","1","M1","NON FOOD","BAD","PC","144.0000","CT","15355.0000","18500.0000","13","PT UNITAMA SARI MAS","","","ABCDEFGH","","1303051"
"1303052_BD","SG-530 SEAGUL JUMBO BALL","1","M1","NON FOOD","BAD","PC","144.0000","CT","12719.7500","15325.0000","13","PT UNITAMA SARI MAS","","","ABCDEFGH","","1303052"
"1303054_BD","K24 BANDED 2 F 1","1","M1","NON FOOD","BAD","PC","60.0000","CT","10126.0000","12200.0000","13","PT UNITAMA SARI MAS","","","ABCDEFGH","","1303054"
"1303061_BD","K31 D TOILET BALL 5PC (2 F 1)","1","M1","FOOD","BAD","PC","48.0000","CT","18260.0000","30627.0000","13","PT UNITAMA SARI MAS","","","ABCDEFGH","","1303061"
"1303071_BD","F601 LEMON BUY 2 GET 1 36/CT","1","M1","NON FOOD","BAD","PC","36.0000","CT","13114.0000","15800.0000","13","PT UNITAMA SARI MAS","","","ABCDEFGH","","1303071"
"1303072_BD","F601 ORANGE BUY 2 GET 1 36/CT","1","M1","NON FOOD","BAD","PC","36.0000","CT","14940.0000","16600.0000","13","PT UNITAMA SARI MAS","","","ABCDEFGH","","1303072"
"1303073_BD","F601 APPLE BUY 2 GET 1 36/CT","1","M1","NON FOOD","BAD","PC","36.0000","CT","13114.0000","15800.0000","13","PT UNITAMA SARI MAS","","","ABCDEFGH","","1303073"
"1303074_BD","F601 LEMON MINT  BUY 2 GET 1","1","M1","NON FOOD","BAD","PC","36.0000","CT","13861.0000","16700.0000","13","PT UNITAMA SARI MAS","","","ABCDEFGH","","1303074"
"1303075_BD","F601 ORANGE MINT BUY 2 GET 1","1","M1","FOOD","BAD","PC","36.0000","CT","13861.0000","16700.0000","13","PT UNITAMA SARI MAS","","","ABCDEFGH","","1303075"
"1303076_BD","SG 524 SP SPRING BUY 2 GET 1SG524SS","1","M1","FOOD","BAD","PC","60.0000","CT","8881.0000","10700.0000","13","PT UNITAMA SARI MAS","","","ABCDEFGH","","1303076"
"1303077_BD","SG 524 SW WINTER BUY 2 GET 1","1","M1","NON FOOD","BAD","PC","36.0000","CT","7968.0000","9600.0000","13","PT UNITAMA SARI MAS","","","ABCDEFGH","","1303077"
"1303078_BD","F601 D AF FANTASY BLUE","1","M1","NON FOOD","BAD","PC","72.0000","CT","7470.0000","8300.0000","13","PT UNITAMA SARI MAS","","","ABCDEFGH","","1303078"
"1303079","F601 D AF SECRET GARDEN","1","M1","FOOD","GOOD","PC","72.0000","CT","7470.0000","8300.0000","13","PT UNITAMA SARI MAS","1301","DAHLIA","ABCDEFGH","F601-DAFSG","1303079"
"1303079_BD","F601 D AF SECRET GARDEN","1","M1","NON FOOD","BAD","PC","72.0000","CT","7470.0000","8300.0000","13","PT UNITAMA SARI MAS","","","ABCDEFGH","","1303079"
"1304001","D BC-001 DAHLIA BLUE  CLEAN @1PCS","1","M1","NON FOOD","GOOD","PC","72.0000","CT","6847.5000","8250.0000","13","PT UNITAMA SARI MAS","1301","DAHLIA","ABCDEFGH","BC-001","1304001"
"1304001_BD","D BC-001 DAHLIA BLUE  CLEAN @1PCS","1","M1","NON FOOD","BAD","PC","72.0000","CT","6847.5000","8250.0000","13","PT UNITAMA SARI MAS","121","DAHLIA","ABCDEFGH","","1304001"
"1304002_BD","D BC-002 Blue Clean @2 Pcs","1","M1","NON FOOD","BAD","PC","72.0000","CT","13795.0000","16500.0000","13","PT UNITAMA SARI MAS","121","DAHLIA","ABCDEFGH","","1304002"
"1305001","SG519P KAMPER PUTIH 25 GR","1","M1","NON FOOD","GOOD","PC","600.0000","CT","1116.0000","1312.5000","13","PT UNITAMA SARI MAS","1302","SEAGULL","ABCDEFGH","SG-519","1305001"
"1305001_BD","SG519 BUY 10PCS GET 2PCS SG519","1","M1","NON FOOD","BAD","PC","240.0000","CT","1089.3800","1312.5000","13","PT UNITAMA SARI MAS","122","SEAGULL","ABCDEFGH","","1305001"
"1305001_BN","SN SG-519 25 GR","1","M1","NON FOOD","BONUS","PC","600.0000","CT","0.0000","0.0000","13","PT UNITAMA SARI MAS","1302","SEAGULL","","SG-519","1305001"
"1305002","SG519W KAMPER WARNA 25 GR","1","M1","NON FOOD","GOOD","PC","600.0000","CT","1116.0000","1312.5000","13","PT UNITAMA SARI MAS","1302","SEAGULL","ABCDEFGH","SG-519/W","1305002"
"1305002_BD","SG519W BUY 10PCS GET 2PCS SG519W","1","M1","NON FOOD","BAD","PC","600.0000","CT","1089.3800","1312.5000","13","PT UNITAMA SARI MAS","122","SEAGULL","ABCDEFGH","","1305002"
"1305002_BN","SN SG-519/W 25 Gr","1","M1","NON FOOD","BONUS","PC","600.0000","CT","0.0000","0.0000","13","PT UNITAMA SARI MAS","1302","SEAGULL","","SG-519/W","1305002"
"1305003_BD","SN SG-520 35 Gr","1","M1","NON FOOD","BAD","PC","600.0000","CT","838.3000","1010.0000","13","PT UNITAMA SARI MAS","122","SEAGULL","ABCDEFGH","","1305003"
"1305004_BD","SN SG-520 35 Gr Warna","1","M1","NON FOOD","BAD","PC","600.0000","CT","838.3000","1010.0000","13","PT UNITAMA SARI MAS","122","SEAGULL","ABCDEFGH","","1305004"
"1305005","SG-521 SEAGULL NAPH 300 GR","1","M1","NON FOOD","GOOD","PC","60.0000","CT","18282.0000","21508.0000","13","PT UNITAMA SARI MAS","1302","SEAGULL","ABCDEFGH","SG-521","1305005"
"1305005_BD","SG-521 SEAGULL NAPH 300 GR","1","M1","NON FOOD","BAD","PC","60.0000","CT","17852.0000","21508.0000","13","PT UNITAMA SARI MAS","122","SEAGULL","ABCDEFGH","","1305005"
"1305006","SG-522/PUTIH SEAGULL NAPH 150GR","1","M1","NON FOOD","GOOD","PC","120.0000","CT","9867.0000","11608.0000","13","PT UNITAMA SARI MAS","1302","SEAGULL","ABCDEFGH","SG-522","1305006"
"1305006_BD","SG-522/PUTIH SEAGULL NAPH 150GR","1","M1","NON FOOD","BAD","PC","120.0000","CT","9635.0000","11608.0000","13","PT UNITAMA SARI MAS","122","SEAGULL","ABCDEFGH","","1305006"
"1305007","SG-522/WARNA SEAGULL NAPH 150GR","1","M1","NON FOOD","GOOD","PC","120.0000","CT","10030.0000","11800.0000","13","PT UNITAMA SARI MAS","1302","SEAGULL","ABCDEFGH","SG-522/W","1305007"
"1305007_BD","SG-522/WARNA SEAGULL NAPH 150GR","1","M1","NON FOOD","BAD","PC","120.0000","CT","9794.0000","11800.0000","13","PT UNITAMA SARI MAS","122","SEAGULL","ABCDEFGH","","1305007"
"1305008","SG-523 SEAGULL WITH CASE","1","M1","NON FOOD","GOOD","PC","120.0000","CT","11213.0000","13192.0000","13","PT UNITAMA SARI MAS","1302","SEAGULL","ABCDEFGH","SG-523","1305008"
"1305008_BD","SG-523 SEAGULL WITH CASE","1","M1","NON FOOD","BAD","PC","120.0000","CT","10949.0000","13192.0000","13","PT UNITAMA SARI MAS","122","SEAGULL","ABCDEFGH","","1305008"
"1305009_BD","S SG-524 Reffil","1","M1","NON FOOD","BAD","PC","240.0000","CT","6749.1700","7583.3300","13","PT UNITAMA SARI MAS","122","SEAGULL","ABCDEFGH","","1305009"
"1305010_BD","S SG-524/G Refill Gantung","1","M1","NON FOOD","BAD","PC","240.0000","CT","6972.0000","8400.0000","13","PT UNITAMA SARI MAS","122","SEAGULL","ABCDEFGH","","1305010"
"1305011","SG-527 SEAGULL BALL","1","M1","NON FOOD","GOOD","PC","144.0000","CT","11603.0000","13650.0000","13","PT UNITAMA SARI MAS","1302","SEAGULL","ABCDEFGH","SG-527","1305011"
"1305011_BD","SG-527 SEAGULL BALL","1","M1","NON FOOD","BAD","PC","144.0000","CT","11330.0000","13650.0000","13","PT UNITAMA SARI MAS","122","SEAGULL","ABCDEFGH","","1305011"
"1305012","S SG-531 WARNA SEAGULL TOILET BALL 5 PC","1","M1","NON FOOD","GOOD","PC","120.0000","CT","14748.0000","17350.0000","13","PT UNITAMA SARI MAS","1302","SEAGULL","ABCDEFGH","SG-531","1305012"
"1305012_BD","S SG-531 WARNA SEAGULL TOILET BALL 5 PC","1","M1","NON FOOD","BAD","PC","120.0000","CT","14400.5000","17350.0000","13","PT UNITAMA SARI MAS","122","SEAGULL","ABCDEFGH","","1305012"
"1305013_BD","SN SG-515 500 Gr","1","M1","NON FOOD","BAD","PC","36.0000","CT","24900.0000","30000.0000","13","PT UNITAMA SARI MAS","122","SEAGULL","ABCDEFGH","","1305013"
"1305014","SG-533/WARNA SEAGULL NAPH TOILET BALL 5PC","1","M1","NON FOOD","GOOD","PC","120.0000","CT","13260.0000","15600.0000","13","PT UNITAMA SARI MAS","1302","SEAGULL","ABCDEFGH","SG-533","1305014"
"1305014_BD","SG-533/WARNA SEAGULL NAPH TOILET BALL 5PC","1","M1","NON FOOD","BAD","PC","120.0000","CT","12948.0000","15600.0000","13","PT UNITAMA SARI MAS","122","SEAGULL","ABCDEFGH","","1305014"
"1305015","SG-533/PPUTIH SEAGULL NAPH TOILET BALL 5PC","1","M1","NON FOOD","GOOD","PC","120.0000","CT","13260.0000","15600.0000","13","PT UNITAMA SARI MAS","1302","SEAGULL","ABCDEFGH","SG-533","1305015"
"1305015_BD","SG-533/PPUTIH SEAGULL NAPH TOILET BALL 5PC","1","M1","NON FOOD","BAD","PC","120.0000","CT","12948.0000","15600.0000","13","PT UNITAMA SARI MAS","122","SEAGULL","ABCDEFGH","SG-533","1305015"
"1305016","SG-511 SEAGULL NEW WITH CASE","1","M1","NON FOOD","GOOD","PC","120.0000","CT","11213.0000","13192.0000","13","PT UNITAMA SARI MAS","1302","SEAGULL","ABCDEFGH","SG-511","1305016"
"1305016_BD","S SG-511 New With Case","1","M1","NON FOOD","BAD","PC","120.0000","CT","10949.0000","13192.0000","13","PT UNITAMA SARI MAS","122","SEAGULL","ABCDEFGH","","1305016"
"1305017_BD","S SG 510 Pretty Case","1","M1","NON FOOD","BAD","PC","144.0000","CT","5478.0000","6600.0000","13","PT UNITAMA SARI MAS","122","SEAGULL","ABCDEFGH","","1305017"
"1305018","SG-512 SEAGULL WARNA GANTUNG","1","M1","NON FOOD","GOOD","PC","144.0000","CT","8075.0000","9500.0000","13","PT UNITAMA SARI MAS","1302","SEAGULL","ABCDEFGH","SG-512","1305018"
"1305018_BD","SG-512 SEAGULL WARNA GANTUNG","1","M1","NON FOOD","BAD","PC","144.0000","CT","7885.0000","9500.0000","13","PT UNITAMA SARI MAS","122","SEAGULL","ABCDEFGH","","1305018"
"1305019","SG-580 SEAGULL NAPH 1 KG ( KECIL)","1","M1","NON FOOD","GOOD","PC","20.0000","CT","44413.0000","52250.0000","13","PT UNITAMA SARI MAS","1302","SEAGULL","ABCDEFGH","SG-580","1305019"
"1305019_BD","SG-580 SEAGULL NAPH 1 KG ( KECIL)","1","M1","NON FOOD","BAD","PC","20.0000","CT","43367.5000","52250.0000","13","PT UNITAMA SARI MAS","122","SEAGULL","ABCDEFGH","","1305019"
"1305020","SG 505 SEAGULL 100 GR","1","M1","NON FOOD","GOOD","PC","180.0000","CT","7006.0000","8242.0000","13","PT UNITAMA SARI MAS","1302","SEAGULL","ABCDEFGH","SG505-S100","1305020"
"1305020_BD","SG 505 SEAGULL 100 GR","1","M1","NON FOOD","BAD","PC","180.0000","CT","6841.0000","8242.0000","13","PT UNITAMA SARI MAS","","","ABCDEFGH","","1305020"
"1305021","SG 528 SEAGULL DOUBEL BALL","1","M1","NON FOOD","GOOD","PC","72.0000","CT","22327.0000","26267.0000","13","PT UNITAMA SARI MAS","1302","SEAGULL","ABCDEFGH","","1305021"
"1305021_BD","SG 528 SEAGULL DOUBEL BALL","1","M1","NON FOOD","BAD","PC","72.0000","CT","21801.0000","26267.0000","13","PT UNITAMA SARI MAS","","","ABCDEFGH","","1305021"
"1305022_BD","SG-534 TOILET BALL 4PCS","1","M1","NON FOOD","BAD","PC","120.0000","CT","9316.7500","11225.0000","13","PT UNITAMA SARI MAS","","","ABCDEFGH","","1305022"
"1305023","SG-535 SEAGULL NAPHT TOILET BALL 3PC","1","M1","NON FOOD","GOOD","PC","240.0000","CT","8146.0000","9583.0000","13","PT UNITAMA SARI MAS","1302","SEAGULL","ABCDEFGH","SG-535 TB","1305023"
"1305023_BD","G-535 SEAGULL NAPHT TOILET BALL 3PC","1","M1","NON FOOD","BAD","PC","240.0000","CT","7954.0000","9583.0000","13","PT UNITAMA SARI MAS","","","ABCDEFGH","","1305023"
"1305024_BD","SG-536 TOILET BALL 6PCS","1","M1","NON FOOD","BAD","PC","120.0000","CT","10748.5000","12950.0000","13","PT UNITAMA SARI MAS","","","ABCDEFGH","","1305024"
"1305027_BD","S SG-524/SA Seagul  Refill Autum","1","M1","NON FOOD","BAD","PC","240.0000","CT","6749.1700","7583.3300","13","PT UNITAMA SARI MAS","","","ABCDEFGH","","1305027"
"1305028_BD","S SG-524/SP Seagul  Refill Spring","1","M1","NON FOOD","BAD","PC","240.0000","CT","6749.1700","7583.3300","13","PT UNITAMA SARI MAS","","","ABCDEFGH","","1305028"
"1305029_BD","S SG-524/SS Seagul  Refill Summer","1","M1","NON FOOD","BAD","PC","240.0000","CT","6749.1700","7583.3300","13","PT UNITAMA SARI MAS","","","ABCDEFGH","","1305029"
"1305030_BD","S SG-524/SW Seagul  Refill Winter","1","M1","NON FOOD","BAD","PC","240.0000","CT","6749.1700","7583.3300","13","PT UNITAMA SARI MAS","","","ABCDEFGH","","1305030"
"1305031_BD","SG 531 PUTIH TOILET BALL 5 Pcs","1","M1","NON FOOD","BAD","PC","120.0000","CT","13973.0000","15700.0000","13","PT UNITAMA SARI MAS","122","SEAGULL","ABCDEFGH","","1305031"
"1305034_BD","K36 DAHLIA NAPTH 6PC BD K35","1","M1","NON FOOD","BAD","PC","120.0000","CT","7440.9500","8965.0000","13","PT UNITAMA SARI MAS","","","ABCDEFGH","","1305034"
"1305035_BD","SG-522  BUY 2 GET SG505","1","M1","NON FOOD","BAD","PC","60.0000","CT","10375.0000","12500.0000","13","PT UNITAMA SARI MAS","","","ABCDEFGH","","1305035"
"1305036","SG-513 SEAGULL TOILET BALL 3 PCS","1","M1","NON FOOD","GOOD","PC","240.0000","CT","9619.0000","11317.0000","13","PT UNITAMA SARI MAS","1302","SEAGULL","ABCDEFGH","SG-513TB","1305036"
"1305036_BD","SG-513 SEAGULL TOILET BALL 3 PCS","1","M1","NON FOOD","BAD","PC","240.0000","CT","9393.0000","11317.0000","13","PT UNITAMA SARI MAS","","","ABCDEFGH","","1305036"
"1305037_BD","SG-514 TOILET BALL 4 PC","1","M1","NON FOOD","BAD","PC","120.0000","CT","10375.0000","12500.0000","13","PT UNITAMA SARI MAS","","","ABCDEFGH","","1305037"
"1305038_BD","SG-532 TOILET BALL 6 PC","1","M1","NON FOOD","BAD","PC","120.0000","CT","15251.2500","18375.0000","13","PT UNITAMA SARI MAS","","","ABCDEFGH","","1305038"
"1305039_BD","SG-513 BUY 2 GET 1","1","M1","NON FOOD","BAD","PC","120.0000","CT","10790.0000","13000.0000","13","PT UNITAMA SARI MAS","","","ABCDEFGH","","1305039"
"1305040_BD","SG 524 BUY 2 GET 1","1","M1","NON FOOD","BAD","PC","60.0000","CT","8632.0000","10400.0000","13","PT UNITAMA SARI MAS","","","ABCDEFGH","","1305040"
"1305041_BD","SG 531/W BUY 2 GET 1","1","M1","NON FOOD","BAD","PC","48.0000","CT","17098.0000","20600.0000","13","PT UNITAMA SARI MAS","","","ABCDEFGH","","1305041"
"1305042_BD","SG 532 Bendit SG 513","1","M1","NON FOOD","BAD","PC","120.0000","CT","8856.1000","10670.0000","13","PT UNITAMA SARI MAS","","","ABCDEFGH","","1305042"
"1305045_BD","SG522W BUY 2 GET 1 SG505","1","M1","FOOD","BAD","PC","60.0000","CT","10873.0000","13100.0000","13","PT UNITAMA SARI MAS","","","ABCDEFGH","","1305045"
"1305048_BD","SG-532 TOILET BALL 6 PC new","1","M1","NON FOOD","BAD","PC","72.0000","CT","17181.0000","20700.0000","13","PT UNITAMA SARI MAS","","","ABCDEFGH","","1305048"
"1305050","MP GENERAL TWO COLLOR MP-B40","1","M1","FOOD","GOOD","PC","72.0000","CT","9137.5000","10750.0000","13","PT UNITAMA SARI MAS","","","ABCDEFGH","MPGTC-B40","1305050"
"1305050_BD","MP GENERAL TWO COLLOR MP-B40","1","M1","NON FOOD","BAD","PC","72.0000","CT","8922.5000","10750.0000","13","PT UNITAMA SARI MAS","","","ABCDEFGH","","1305050"
"1305060_BD","F608I DISPENSER MATIC TYPE 1+1ISI","1","M1","NON FOOD","BAD","PC","12.0000","CT","52700.0000","62000.0000","13","PT UNITAMA SARI MAS","","","ABCDEFGH","","1305060"
"1305061_BD","SG580 KECIL WARNA","1","13","NON FOOD","BAD","PC","20.0000","CT","43367.5000","52250.0000","13","PT UNITAMA SARI MAS","","","A","","1305061"
"1305062","F607 DAHLIA AEROSOL MATIC FRESH CITRUS","1","M1","NON FOOD","GOOD","PC","24.0000","CT","23153.0000","25725.0000","13","PT UNITAMA SARI MAS","1301","DAHLIA","ABCDEFGH","F607-DAMFC","1305062"
"1305062_BD","F607 DAHLIA AEROSOL MATIC FRESH CITRUS","1","M1","NON FOOD","BAD","PC","24.0000","CT","23153.0000","25725.0000","13","PT UNITAMA SARI MAS","","","ABCDEFGH","","1305062"
"1305063","F607 D AER MATIC FRESH LAVENDER","1","M1","NON FOOD","GOOD","PC","24.0000","CT","23153.0000","25725.0000","13","PT UNITAMA SARI MAS","1301","DAHLIA","ABCDEFGH","F607-DAMFL","1305063"
"1305063_BD","F607 DAM FRESH LAVENDER 24/CT","1","M1","NON FOOD","BAD","PC","24.0000","CT","23153.0000","25725.0000","13","PT UNITAMA SARI MAS","","","ABCDEFGH","","1305063"
"1305064","F607 D AER MATIC SWEET GARDENIA","1","M1","NON FOOD","GOOD","PC","24.0000","CT","23153.0000","25725.0000","13","PT UNITAMA SARI MAS","1301","DAHLIA","ABCDEFGH","F607-DAMSG","1305064"
"1305064_BD","F607 D AER MATIC SWEET GARDENIA","1","M1","NON FOOD","BAD","PC","24.0000","CT","23153.0000","25725.0000","13","PT UNITAMA SARI MAS","","","ABCDEFGH","","1305064"
"1305065_BD","F601 D AF FANTASY BLUE BUY 2 GET 1","1","M1","NON FOOD","BAD","PC","36.0000","CT","13114.0000","15800.0000","13","PT UNITAMA SARI MAS","","","ABCDEFGH","","1305065"
"1305067","F607 DAHLIA AEROSOL MATIC LILY","1","M1","NON FOOD","GOOD","PC","24.0000","CT","23153.0000","25725.0000","13","PT UNITAMA SARI MAS","1301","DAHLIA","ABCDEFGH","F607-DAML","1305067"
"1305067_BD","F607 DAHLIA AEROSOL MATIC LILY","1","M1","FOOD","BAD","PC","24.0000","CT","23153.0000","25725.0000","13","PT UNITAMA SARI MAS","","","ABCDEFGH","","1305067"
"1305068_BD","SG536 NAPH TOILET BALL 6PCS NEW (6LSN)","1","M1","FOOD","BAD","PC","72.0000","CT","12823.5000","15450.0000","13","PT UNITAMA SARI MAS","","","ABCDEFGH","","1305068"
"1306001","LT-121 PERANGKAP TIKUS KIRIKO PAPAN","1","M1","NON FOOD","GOOD","PC","48.0000","CT","15852.5000","18650.0000","13","PT UNITAMA SARI MAS","1303","LEM","ABCDEFGH","LT-121","1306001"
"1306001_BD","LT-121 PERANGKAP TIKUS KIRIKO PAPAN","1","M1","NON FOOD","BAD","PC","48.0000","CT","15479.5000","18650.0000","13","PT UNITAMA SARI MAS","123","KIRIKO","ABCDEFGH","LT-121","1306001"
"1306002","LT-122 PERANGKAP TIKUS KIRIKO BOX-NEW","1","M1","NON FOOD","GOOD","PC","72.0000","CT","9579.5000","11270.0000","13","PT UNITAMA SARI MAS","1303","LEM","ABCDEFGH","LT-122","1306002"
"1306002_BD","LT-122 PERANGKAP TIKUS KIRIKO BOX-NEW","1","M1","NON FOOD","BAD","PC","72.0000","CT","9579.0000","11270.0000","13","PT UNITAMA SARI MAS","123","KIRIKO","ABCDEFGH","","1306002"
"1306003","LT-123 LEM TIKUS KIRIKO TUBE","1","M1","NON FOOD","GOOD","PC","120.0000","CT","10072.5000","11850.0000","13","PT UNITAMA SARI MAS","1303","LEM","ABCDEFGH","LT-123","1306003"
"1306003_BD","LT-123 LEM TIKUS KIRIKO TUBE","1","M1","NON FOOD","BAD","PC","120.0000","CT","9835.0000","11850.0000","13","PT UNITAMA SARI MAS","123","KIRIKO","ABCDEFGH","","1306003"
"1306008_BD","LT-122 KIRIKO BANDED SUNLIGHT","1","M1","NON FOOD","BAD","PC","72.0000","CT","9794.0000","11800.0000","13","PT UNITAMA SARI MAS","","","ABCDEFGH","","1306008"
"1306009_BD","LT-121 Kiriko Banded Sunlight","1","M1","NON FOOD","BAD","PC","48.0000","CT","12450.0000","15000.0000","13","PT UNITAMA SARI MAS","","","ABCDEFGH","","1306009"
"1306010_BD","LT 123 LEM TUBE BD KP 132S","1","M1","NON FOOD","BAD","PC","96.0000","CT","7148.3700","8612.5000","13","PT UNITAMA SARI MAS","","","ABCDEFGH","","1306010"
"1306011_BD","D MD-1  Moth Hanger NEW Bd Sunlight","1","M1","NON FOOD","BAD","PC","36.0000","CT","11205.0000","13500.0000","13","PT UNITAMA SARI MAS","","","ABCDEFGH","","1306011"
"1306018_BD","K34 DN BALL 4PC","1","M1","NON FOOD","BAD","PC","120.0000","CT","9794.0000","11800.0000","13","PT UNITAMA SARI MAS","","","ABCDEFGH","","1306018"
"1306019_BD","K35 DN BALL 3 PC","1","M1","FOOD","BAD","PC","240.0000","CT","7802.0000","9400.0000","13","PT UNITAMA SARI MAS","","","ABCDEFGH","","1306019"
"1306020_BD","K36 DN BALL 6 PC","1","M1","FOOD","BAD","PC","120.0000","CT","11827.5000","14250.0000","13","PT UNITAMA SARI MAS","","","ABCDEFGH","","1306020"
"1306021_BD","K36 DN BALL 6 PC /72PC","1","M1","FOOD","BAD","PC","72.0000","CT","13570.5000","16350.0000","13","PT UNITAMA SARI MAS","","","ABCDEFGH","","1306021"
"1306056_BD","K35 BUY 2 GET 1","1","M1","NON FOOD","BAD","PC","120.0000","CT","8798.0000","10600.0000","13","PT UNITAMA SARI MAS","","","ABCDEFGH","","1306056"
"1306091_BD","LT 123 LEM TUBE BD MOLTO","1","M1","NON FOOD","BAD","PC","120.0000","CT","7148.3000","8612.5000","13","PT UNITAMA SARI MAS","","","ABCDEFGH","","1306091"
"1306092_BD","LT123 LEM TIKUS KIRIKO BD 2 ATTACK","1","M1","NON FOOD","BAD","PC","120.0000","CT","7148.3000","8612.5000","13","PT UNITAMA SARI MAS","","","ABCDEFGH","","1306092"
"1307001_BD","KP-131 Kapur Anti Semut 6'S","1","M1","NON FOOD","BAD","PC","120.0000","CT","8113.2500","9775.0000","13","PT UNITAMA SARI MAS","123","KIRIKO","ABCDEFGH","","1307001"
"1307002_BD","KP-132 Kapur Anti Semut","1","M1","NON FOOD","BAD","PC","120.0000","CT","8113.2500","9775.0000","13","PT UNITAMA SARI MAS","123","KIRIKO","ABCDEFGH","","1307002"
"1307009_BD","SG522 SEAGUL NAPH BD ATTACK","1","M1","NON FOOD","BAD","PC","120.0000","CT","4602.3500","5545.0000","13","PT UNITAMA SARI MAS","","","ABCDEFGH","","1307009"
"1307020_BD","D K314 TOILET BALL BY 2 GET 1","1","M1","NON FOOD","BAD","PC","60.0000","CT","15106.0000","18200.0000","13","PT UNITAMA SARI MAS","","","ABCDEFGH","","1307020"
"1308001","LL-001 LEM LALAT KERTAS","1","M1","NON FOOD","GOOD","PC","120.0000","CT","2975.0000","3500.0000","13","PT UNITAMA SARI MAS","1303","LEM","ABCDEFGH","LL-001","1308001"
"1308001_BD","LL-001 LEM LALAT KERTAS","1","M1","NON FOOD","BAD","PC","120.0000","CT","2905.0000","3500.0000","13","PT UNITAMA SARI MAS","123","KIRIKO","ABCDEFGH","","1308001"
"1308060_BD","FB SPRING 60S","1","M1","FOOD","BAD","PC","56.0000","CT","2044.5500","3181.8200","13","PT UNITAMA SARI MAS","","","ABCDEFGH","8993163302048","1308060"
"1309004_BD","EX-0813 KC PEN BTL","1","M1","NON FOOD","BAD","PC","432.0000","CT","2589.6600","3808.3300","13","PT UNITAMA SARI MAS","","","ABCDEFGH","","1309004"
"1309006_BD","EX-0830 CP PEN","1","M1","NON FOOD","BAD","PC","432.0000","CT","2589.6600","3808.3300","13","PT UNITAMA SARI MAS","","","ABCDEFGH","","1309006"
"1309011_BD","EX-0852 KC PEN_BD","1","M1","NON FOOD","BAD","PC","432.0000","CT","2589.6600","3808.3300","13","PT UNITAMA SARI MAS","","","ABCDEFGH","","1309011"
"1309012_BD","EX-0855 KC PEN_BD","1","M1","FOOD","BAD","PC","432.0000","CT","2589.6600","3808.3300","13","PT UNITAMA SARI MAS","","","ABCDEFGH","","1309012"
"1309018_BD","MINNIE PUFF SPONGE KOTAK MPS02","1","M1","FOOD","BAD","PC","72.0000","CT","2075.0000","2500.0000","13","PT UNITAMA SARI MAS","","","","","1309018"
"1309019_BD","DAHLIA SHOE DEODORIZER D 120","1","M1","NON FOOD","BAD","PC","72.0000","CT","12126.0000","14100.0000","13","PT UNITAMA SARI MAS","","","ABCDEFGH","","1309019"
"1309021_BD","K316 BUY 2 GET 1 MAMALIME 140ML","1","M1","NON FOOD","BAD","PC","36.0000","CT","19422.0000","23400.0000","13","PT UNITAMA SARI MAS","","","ABCDEFGH","","1309021"
"1309022_BD","K31 BUY 2 GET MAMALIME 140ML","1","M1","NON FOOD","BAD","PC","36.0000","CT","20418.0000","24600.0000","13","PT UNITAMA SARI MAS","","","ABCDEFGH","","1309022"
"1309032","F607 D AIR FRESHENER CHERRY BLOSSOM","1","M1","FOOD","GOOD","PC","24.0000","CT","23153.0000","25725.0000","13","PT UNITAMA SARI MAS","1301","DAHLIA","ABCDEFGH","F607-DAMC","1309032"
"1309032_BD","F607 D AIR FRESHENER CHERRY BLOSSOM","1","M1","FOOD","BAD","PC","24.0000","CT","23153.0000","25725.0000","13","PT UNITAMA SARI MAS","","","ABCDEFGHI","","1309032"
"1309033","F608 DISP FRESHGO MATIC (F608TK,F608CB)","1","M1","FOOD","GOOD","PC","12.0000","CT","55800.0000","62000.0000","13","PT UNITAMA SARI MAS","1301","DAHLIA","ABCDEFGH","","1309033"
"1309033_BD","F608 DISP FRESHGO MATIC (F608TK,F608CB)","1","M1","FOOD","BAD","PC","12.0000","CT","55800.0000","62000.0000","13","PT UNITAMA SARI MAS","","","ABCDEFGHI","","1309033"
"1309082_BD","K240 BANDED 2PC FREE 1PC","1","M1","NON FOOD","BAD","PC","60.0000","CT","10292.0000","12400.0000","13","PT UNITAMA SARI MAS","","","ABCDEFGH","","1309082"
"1309085","K24/SG DAHLIA FRUITY GTG RED APPLE NEW","1","M1","FOOD","GOOD","PC","120.0000","CT","8915.0000","10488.0000","13","PT UNITAMA SARI MAS","1301","DAHLIA","ABCDEFGH","K24/SG-DFA","1309085"
"1309085_BD","K24/SG DAHLIA FRUITY GTG RED APPLE NEW","1","M1","FOOD","BAD","PC","120.0000","CT","8705.0000","10488.0000","13","PT UNITAMA SARI MAS","","","ABCDEFGH","","1309085"
"1309086","K24/SG D FRUITY GANTUNNG GRAPE NEW","1","M1","FOOD","GOOD","PC","120.0000","CT","8915.0000","10488.0000","13","PT UNITAMA SARI MAS","1301","DAHLIA","ABCDEFGH","K24/SG-DFG","1309086"
"1309086_BD","K24/SG DAHLIA FRUITY GANTUNG GRAPE","1","M1","FOOD","BAD","PC","120.0000","CT","8705.0000","10488.0000","13","PT UNITAMA SARI MAS","","","ABCDEFGH","","1309086"
"1309087_BD","K24/SGL DAHLIA FRUITY GTG LEMON","1","M1","NON FOOD","BAD","PC","120.0000","CT","8134.0000","9800.0000","13","PT UNITAMA SARI MAS","","","","","1309087"
"1309088_BD","K240/G DAHLIA REFIL HQ GANTUNG NEW","1","M1","NON FOOD","BAD","PC","120.0000","CT","7470.0000","9000.0000","13","PT UNITAMA SARI MAS","","","ABCDEFGH","","1309088"
"1309089_BD","K24/G DAHLIA GANTUNG NEW /10 LSN","1","M1","NON FOOD","BAD","PC","120.0000","CT","7470.0000","9000.0000","13","PT UNITAMA SARI MAS","","","ABCDEFGH","","1309089"
"1309090","K24SGZL D TOILET GTG ZESTY LEMON","1","M1","FOOD","GOOD","PC","120.0000","CT","8914.3700","10488.0000","13","PT UNITAMA SARI MAS","1301","DAHLIA","ABCDEFGH","K24/SGL-DFL","1309090"
"1309090_BD","K24SGZL D TOILET GTG ZESTY LEMON","1","M1","FOOD","BAD","PC","120.0000","CT","8705.0000","10488.0000","13","PT UNITAMA SARI MAS","","","ABCDEFGH","","1309090"
"1309091","K24/SG D FRUITY GTG ORANGE NEW 120PC","1","M1","FOOD","GOOD","PC","120.0000","CT","8915.0000","10488.0000","13","PT UNITAMA SARI MAS","1301","DAHLIA","ABCDEFGH","K24/SG-DFO","1309091"
"1309091_BD","K24/SG D FRUITY GTG ORANGE NEW 120PC","1","M1","FOOD","BAD","PC","120.0000","CT","8705.0000","10488.0000","13","PT UNITAMA SARI MAS","","","ABCDEFGH","","1309091"
"1309092","K241LV DAHLIA TOILET REF LAVENDER","1","M1","FOOD","GOOD","PC","120.0000","CT","5100.0000","6000.0000","13","PT UNITAMA SARI MAS","1301","DAHLIA","ABCDEFGH","K241-DRCFL","1309092"
"1309092_BD","K241LV DAHLIA TOILET REF LAVENDER","1","M1","FOOD","BAD","PC","120.0000","CT","4980.0000","6000.0000","13","PT UNITAMA SARI MAS","","","ABCDEFGH","","1309092"
"1309093","K241-ZL DAHLIA TOILET REFILL ZESTY LEMON","1","M1","FOOD","GOOD","PC","120.0000","CT","5100.0000","6000.0000","13","PT UNITAMA SARI MAS","1301","DAHLIA","ABCDEFGH","K241-DRCLN","1309093"
"1309093_BD","K241-ZL DAHLIA TOILET REFILL ZESTY LEMON","1","M1","FOOD","BAD","PC","120.0000","CT","4980.0000","6000.0000","13","PT UNITAMA SARI MAS","","","ABCDEFGH","","1309093"
"1309094_BD","K240 D REF HIGH QUALITY NEW 120PC","1","M1","FOOD","BAD","PC","120.0000","CT","7262.5000","8750.0000","13","PT UNITAMA SARI MAS","","","ABCDEFGH","","1309094"
"1309095_BD","K24 D REFILL NEW 120PC","1","M1","FOOD","BAD","PC","120.0000","CT","7262.5000","8750.0000","13","PT UNITAMA SARI MAS","","","ABCDEFGH","","1309095"
"1309096_BD","D Refille K-242 Super Quality NEW 120PC","1","M1","FOOD","BAD","PC","120.0000","CT","6640.0000","8000.0000","13","PT UNITAMA SARI MAS","","","ABCDEFGH","","1309096"
"1309097","K24/S D FRUITY APPLE NEW 120PC","1","M1","FOOD","GOOD","PC","120.0000","CT","8464.0000","9958.0000","13","PT UNITAMA SARI MAS","1301","DAHLIA","ABCDEFGH","K24/S- DFAN","1309097"
"1309097_BD","K24/S D FRUITY APPLE NEW 120PC","1","M1","FOOD","BAD","PC","120.0000","CT","8265.0000","9958.0000","13","PT UNITAMA SARI MAS","","","ABCDEFGH","","1309097"
"1309098","K24/S D FRUITY LEMON NEW 120PC","1","M1","FOOD","GOOD","PC","120.0000","CT","8464.0000","9958.0000","13","PT UNITAMA SARI MAS","1301","DAHLIA","ABCDEFGH","K24-D FL","1309098"
"1309098_BD","K24/S D FRUITY LEMON NEW 120PC","1","M1","FOOD","BAD","PC","120.0000","CT","8265.0000","9958.0000","13","PT UNITAMA SARI MAS","","","ABCDEFGH","","1309098"
"1309099","k241-OB DAHLIA TOILET REFIL ORANGE BLOSSOM","1","M1","FOOD","GOOD","PC","120.0000","CT","5100.0000","6000.0000","13","PT UNITAMA SARI MAS","1301","DAHLIA","ABCDEFGH","K241-DRCON","1309099"
"1309099_BD","k241-OB DAHLIA TOILET REFIL ORANGE BLOSSOM","1","M1","FOOD","BAD","PC","120.0000","CT","4980.0000","6000.0000","13","PT UNITAMA SARI MAS","","","ABCDEFGH","","1309099"
"1309100","K24/S D FRUITY GRAPE NEW 120PC","1","M1","FOOD","GOOD","PC","120.0000","CT","8464.0000","9958.0000","13","PT UNITAMA SARI MAS","1301","DAHLIA","ABCDEFGH","K-24 FG","1309100"
"1309100_BD","K24/S D FRUITY GRAPE NEW 120PC","1","M1","FOOD","BAD","PC","120.0000","CT","8265.0000","9958.0000","13","PT UNITAMA SARI MAS","","","ABCDEFGH","","1309100"
"1309101","K241FP DAHLIA TOILET REF FRESH PINE","1","M1","FOOD","GOOD","PC","120.0000","CT","5100.0000","6000.0000","13","PT UNITAMA SARI MAS","1301","DAHLIA","ABCDEFGH","K24-D R CL FB","1309101"
"1309101_BD","K241FP DAHLIA TOILET REF FRESH PINE","1","M1","FOOD","BAD","PC","120.0000","CT","4980.0000","6000.0000","13","PT UNITAMA SARI MAS","","","ABCDEFGH","","1309101"
"1309102_BD","K242/G D REF SQ GANTUNG NEW 120PC","1","M1","NON FOOD","BAD","PC","120.0000","CT","7470.0000","9000.0000","13","PT UNITAMA SARI MAS","","","ABCDEFGH","","1309102"
"1309103","K24/S D FRUITY ORANGE NEW 120PC","1","M1","FOOD","GOOD","PC","120.0000","CT","8464.0000","9958.0000","13","PT UNITAMA SARI MAS","1301","DAHLIA","ABCDEFGH","K-24 DFO","1309103"
"1309103_BD","K24/S D FRUITY ORANGE NEW 120PC","1","M1","NON FOOD","BAD","PC","120.0000","CT","8265.0000","9958.0000","13","PT UNITAMA SARI MAS","","","ABCDEFGH","","1309103"
"1309104_BD","SG524/SP SEAGULL REFILL SPRING 120PC NEW","1","M1","NON FOOD","BAD","PC","120.0000","CT","5270.5000","6350.0000","13","PT UNITAMA SARI MAS","","","ABCDEFGH","","1309104"
"1309105_BD","SG524/SW SEAGULL REFILL WINTER 120PC NEW","1","M1","FOOD","BAD","PC","120.0000","CT","5270.5000","6350.0000","13","PT UNITAMA SARI MAS","","","ABCDEFGHI","","1309105"
"1309106","SG524/SA SEAGUL REFF AUTUM NEW 120","1","M1","FOOD","GOOD","PC","120.0000","CT","7884.0000","9275.0000","13","PT UNITAMA SARI MAS","1302","SEAGULL","ABCDEFGH","","1309106"
"1309106_BD","SG524/SA SEAGUL REFF AUTUM NEW 120","1","M1","NON FOOD","BAD","PC","120.0000","CT","7698.0000","9275.0000","13","PT UNITAMA SARI MAS","","","ABCDEFGH","","1309106"
"1309107","SG524/G SEAGULL REFILL GTG NEW 120","1","M1","FOOD","GOOD","PC","120.0000","CT","8294.0000","9758.0000","13","PT UNITAMA SARI MAS","1302","SEAGULL","ABCDEFGH","","1309107"
"1309107_BD","SG524/G SEAGULL REFILL GTG NEW 120","1","M1","FOOD","BAD","PC","120.0000","CT","8099.0000","9758.0000","13","PT UNITAMA SARI MAS","","","ABCDEFGH","","1309107"
"1309108_BD","SG524/SGA AUTUM GTG NEW 120","1","M1","FOOD","BAD","PC","120.0000","CT","5976.0000","7200.0000","13","PT UNITAMA SARI MAS","","","ABCDEFGHI","","1309108"
"1309109_BD","SG524/SGW WINTER GTG NEW 120","1","M1","FOOD","BAD","PC","120.0000","CT","5976.0000","7200.0000","13","PT UNITAMA SARI MAS","","","ABCDEFGHI","","1309109"
"1309110_BD","SG524/SS SEAGUL REFILL SUMMER NEW 120","1","M1","FOOD","BAD","PC","120.0000","CT","5270.5000","6350.0000","13","PT UNITAMA SARI MAS","","","ABCDEFGH","","1309110"
"1309111","SG 524 SEAGULL REFILL NEW 120PC","1","M1","FOOD","GOOD","PC","120.0000","CT","7884.0000","9275.0000","13","PT UNITAMA SARI MAS","1302","SEAGULL","ABCDEFGH","","1309111"
"1309111_BD","SG 524 SEAGULL REFILL NEW 120PC","1","M1","NON FOOD","BAD","PC","120.0000","CT","7698.0000","9275.0000","13","PT UNITAMA SARI MAS","","","ABCDEFGH","","1309111"
"1309112","K31/AR D TOILET BALL AROMATIC GREEN JASMINE 120PC","1","M1","FOOD","GOOD","PC","120.0000","CT","16781.0000","19742.0000","13","PT UNITAMA SARI MAS","1301","DAHLIA","ABCDEFGH","K31-DTBAG","1309112"
"1309112_BD","K31/AR D TOILET BALL AROMATIC GREEN 120PC","1","M1","FOOD","BAD","PC","120.0000","CT","16368.0000","19742.0000","13","PT UNITAMA SARI MAS","","","ABCDEFGH","","1309112"
"1309113","K31GL D TOILET 5 BAL GARDEN LAVENDER","1","M1","FOOD","GOOD","PC","120.0000","CT","16781.0000","19742.0000","13","PT UNITAMA SARI MAS","1301","DAHLIA","ABCDEFGH","K31-DTBFF","1309113"
"1309113_BD","K31GL D TOILET 5 BAL GARDEN LAVENDER","1","M1","FOOD","BAD","PC","120.0000","CT","16386.0000","19742.0000","13","PT UNITAMA SARI MAS","","","ABCDEFGH","","1309113"
"1309114","K31/SF D TOILET BALL SWEET FRUITY","1","M1","FOOD","GOOD","PC","120.0000","CT","16781.0000","19742.0000","13","PT UNITAMA SARI MAS","1301","DAHLIA","ABCDEFGH","K31-DTBFF","1309114"
"1309114_BD","K31/SF D TOILET BALL SWEET FRUITY","1","M1","FOOD","BAD","PC","120.0000","CT","16386.0000","19742.0000","13","PT UNITAMA SARI MAS","","","ABCDEFGH","","1309114"
"1309115","K240GJB D LEMARI GTG JASMINEBLOSSOM 120","1","M1","FOOD","GOOD","PC","120.0000","CT","8915.0000","10488.0000","13","PT UNITAMA SARI MAS","1301","DAHLIA","ABCDEFGH","K240-GN OB","1309115"
"1309115_BD","K242/GN JASMIN BLOSSOM","1","M1","FOOD","BAD","PC","120.0000","CT","8705.0000","10488.0000","13","PT UNITAMA SARI MAS","","","ABCDEFGH","","1309115"
"1309116","K240-JB DAHLIA LEMARI JASMINE BLOSSOM","1","M1","FOOD","GOOD","PC","120.0000","CT","8464.0000","9958.0000","13","PT UNITAMA SARI MAS","1301","DAHLIA","ABCDEFGH","K242N-OB","1309116"
"1309116_BD","K242/N JASMIN BLOSSOM","1","M1","FOOD","BAD","PC","120.0000","CT","8265.0000","9958.0000","13","PT UNITAMA SARI MAS","","","ABCDEFGHI","","1309116"
"1309117","K240/GN BERRY BLOSSOM","1","M1","FOOD","GOOD","PC","120.0000","CT","8915.0000","10488.0000","13","PT UNITAMA SARI MAS","1301","DAHLIA","ABCDEFGH","K24/GN-PB","1309117"
"1309117_BD","K240/GN BERRY BLOSSOM","1","M1","FOOD","BAD","PC","120.0000","CT","8705.0000","10488.0000","13","PT UNITAMA SARI MAS","","","ABCDEFGHI","","1309117"
"1309118","F601 DAHLIA AIR FRESHENER CHERRY BLOSSOM","1","M1","FOOD","GOOD","PC","72.0000","CT","7470.0000","8300.0000","13","PT UNITAMA SARI MAS","1301","DAHLIA","ABCDEFGHI","F601-DAFCB","1309118"
"1309118_BD","F601 DAHLIA AIR FRESHENER CHERRY BLOSSOM","1","M1","FOOD","BAD","PC","72.0000","CT","7470.0000","8300.0000","13","PT UNITAMA SARI MAS","","","ABCDEFGHI","","1309118"
"1309119","F601 DAHLIA FRESHENER FRUIT PUNCH","1","M1","FOOD","GOOD","PC","72.0000","CT","7830.0000","8700.0000","13","PT UNITAMA SARI MAS","1301","DAHLIA","ABCDEFGHI","F601-DAFFP","1309119"
"1309119_BD","F601 DAHLIA FRESHENER FRUIT PUNCH","1","M1","FOOD","BAD","PC","72.0000","CT","7470.0000","8300.0000","13","PT UNITAMA SARI MAS","","","ABCDEFGHI","","1309119"
"1309120","K240-GCB D LEMARI GTG CHERRYBLOSSOM","1","M1","FOOD","GOOD","PC","120.0000","CT","8915.0000","10488.0000","13","PT UNITAMA SARI MAS","1301","DAHLIA","ABCDEFGHI","K24-GNWD","1309120"
"1309120_BD","K240-GCB D LEMARI GTG CHERRYBLOSSOM","1","M1","FOOD","BAD","PC","120.0000","CT","8705.0000","10488.0000","13","PT UNITAMA SARI MAS","","","ABCDEFGHI","","1309120"
"1309121","K240/N BERRY BLOSSOM","1","M1","FOOD","GOOD","PC","120.0000","CT","8464.0000","9958.0000","13","PT UNITAMA SARI MAS","1301","DAHLIA","ABCDEFGHI","K240N-PB","1309121"
"1309121_BD","K240/N BERRY BLOSSO","1","M1","FOOD","BAD","PC","120.0000","CT","8265.0000","9958.0000","13","PT UNITAMA SARI MAS","","","ABCDEFGHI","","1309121"
"1309122","K24N CHERRY BLOSSOM","1","M1","FOOD","GOOD","PC","120.0000","CT","8464.0000","9958.0000","13","PT UNITAMA SARI MAS","1301","DAHLIA","ABCDEFGHI","K24-WD","1309122"
"1309122_BD","K24N CHERRY BLOSSOM","1","M1","FOOD","BAD","PC","120.0000","CT","8265.0000","9958.0000","13","PT UNITAMA SARI MAS","","","ABCDEFGHI","","1309122"
"1309123","F601 APPLE BUY 2GET1 F601 APPLE","1","M1","FOOD","GOOD","PC","36.0000","CT","15660.0000","17400.0000","13","PT UNITAMA SARI MAS","","","ABCDEFGHI","F601-AB1G1","1309123"
"1309124","F601 LEMON 2GET1 F601 LEMON","1","M1","FOOD","GOOD","PC","36.0000","CT","14940.0000","16600.0000","13","PT UNITAMA SARI MAS","","","ABCDEFGHI","F601-LB2G1","1309124"
"1309124_BD","F601 LEMON 2GET1 F601 LEMON","1","M1","FOOD","BAD","PC","36.0000","CT","14940.0000","16600.0000","13","PT UNITAMA SARI MAS","","","","","1309124"
"1309125","F601 ORANGE BUY 2GET1 F601 ORANGE","1","M1","FOOD","GOOD","PC","36.0000","CT","15660.0000","17400.0000","13","PT UNITAMA SARI MAS","","","ABCDEFGHI","","1309125"
"1309127_BD","F601 FRUIT PUNCH BUY 2GET1 F601 FRUIT PUNCH","1","M1","FOOD","BAD","PC","36.0000","CT","13778.0000","16600.0000","13","PT UNITAMA SARI MAS","","","ABCDEFGHI","","1309127"
"1309128_BD","DIT501 DAHLIA BC DISF SPRAY REF 500 ML 12/CT","1","M1","FOOD","BAD","PC","12.0000","CT","22022.6500","25909.0000","13","PT UNITAMA SARI MAS","","","ABCDEFGHI","","1309128"
"1309129_BD","DIT110 DAHLIA BC DISF SPRAY REFIL 1000ML","1","M1","FOOD","BAD","PC","12.0000","CT","43350.0000","51000.0000","13","PT UNITAMA SARI MAS","","","","","1309129"
"1309130_BD","DIT500 DAHLIA BC DISF SPRAY REF W/NOZ 500 ML","1","M1","FOOD","BAD","PC","12.0000","CT","24340.6000","28636.0000","13","PT UNITAMA SARI MAS","","","ABCDEFGHI","","1309130"
"1309131_BD","DIT100 DAHLIA BC DISF SPRAY REF W/NOZ 100 ML","1","M1","NON FOOD","BAD","PC","12.0000","CT","9659.4000","11364.0000","13","PT UNITAMA SARI MAS","","","","","1309131"
"1309132","F607 D AEROSOL MATIC ROYAL COFFE","1","M1","FOOD","GOOD","PC","24.0000","CT","23153.0000","25725.0000","13","PT UNITAMA SARI MAS","1301","DAHLIA","ABCDEFGHI","F607-DAMRC","1309132"
"1309132_BD","F607 D AEROSOL MATIC ROYAL COFFE","1","M1","FOOD","BAD","PC","24.0000","CT","23153.0000","25725.0000","13","PT UNITAMA SARI MAS","","","ABCDEFGHI","","1309132"
"1309134_BD","DAHLIA DISINFECTANT AEROSOL CLASSIC","1","M1","FOOD","BAD","PC","12.0000","CT","15895.0000","18700.0000","13","PT UNITAMA SARI MAS","","","ABCDEFGHI","","1309134"
"1309136","K313 DAHLIA TOILET GARDEN LAVENDER 3PC","1","M1","FOOD","GOOD","PC","240.0000","CT","10618.0000","12492.0000","13","PT UNITAMA SARI MAS","1301","DAHLIA","ABCDEFGHI","K313-FDTB","1309136"
"1309136_BD","K313 FLORAL DAHLIA TOILET BALL 3PC","1","M1","FOOD","BAD","PC","240.0000","CT","10368.0000","12492.0000","13","PT UNITAMA SARI MAS","","","","","1309136"
"1309137","K316-CI D RUANGAN CITRONELLA AROMNATIC YELLOW","1","M1","FOOD","GOOD","PC","120.0000","CT","17737.0000","20867.0000","13","PT UNITAMA SARI MAS","1301","DAHLIA","ABCDEFGHI","K316-AY","1309137"
"1309137_BD","K316-CI D RUANGAN CITRONELLA AROMNATIC YELLOW","1","M1","FOOD","BAD","PC","120.0000","CT","17319.0000","20867.0000","13","PT UNITAMA SARI MAS","","","","","1309137"
"1309138_BD","DAHLIA DIS AEROSOL EUCALYPTUS MINT","1","M1","FOOD","BAD","PC","12.0000","CT","15895.0000","18700.0000","13","PT UNITAMA SARI MAS","","","","","1309138"
"1309139","K313 DAHLIA BANDED BUY2 GET1 (2F1)","1","M1","FOOD","GOOD","PC","120.0000","CT","18094.0000","21800.0000","13","PT UNITAMA SARI MAS","","","ABCDEFGHJI","","1309139"
"1309140_BD","K205 DAHLIA NAPTH 100GR BUY2 GET1","1","M1","NON FOOD","BAD","PC","60.0000","CT","13031.0000","15700.0000","13","PT UNITAMA SARI MAS","","","","","1309140"
"1309142","F601 APPLE BUY 2GET1 F601 ORANGE","1","M1","FOOD","GOOD","PC","36.0000","CT","15660.0000","17400.0000","13","PT UNITAMA SARI MAS","","","ABCDEFGHI","","1309142"
"1309145_BD","K31 CL BUY 2 GET K31 AR","1","M1","FOOD","BAD","PC","60.0000","CT","30627.0000","36900.0000","13","PT UNITAMA SARI MAS","","","","","1309145"
"1309146","F601 DAHLIA AIR FRESHENER ROYAL COFFE","1","M1","FOOD","GOOD","PC","72.0000","CT","7470.0000","8300.0000","13","PT UNITAMA SARI MAS","1301","DAHLIA","ABCDEFGHJI","F601-DAFRC","1309146"
"1309146_BD","F601 DAHLIA AIR FRESHENER ROYAL COFFEE","1","M1","NON FOOD","BAD","PC","72.0000","CT","7470.0000","8300.0000","13","PT UNITAMA SARI MAS","","","","","1309146"
"1309149","F607 D AER MATIC H TEH KERATON","1","M1","NON FOOD","GOOD","PC","24.0000","CT","24293.0000","26991.6700","13","PT UNITAMA SARI MAS","1301","DAHLIA","","F607TK","1309149"
"1309149_BD","F607 D AER MATIC H TEH KERATON","1","M1","NON FOOD","BAD","PC","24.0000","CT","24293.0000","26991.6700","13","PT UNITAMA SARI MAS","","","","","1309149"
"1309150","F607 D AER MATIC H CENDANA PADM","1","M1","NON FOOD","GOOD","PC","24.0000","CT","24293.0000","26991.6700","13","PT UNITAMA SARI MAS","1301","DAHLIA","","F607CP","1309150"
"1309150_BD","F607 D AER MATIC H CENDANA PADM","1","M1","NON FOOD","BAD","PC","24.0000","CT","24293.0000","26991.6700","13","PT UNITAMA SARI MAS","","","","","1309150"
"1309151","F601 D AF HERITAGE TEH KERATON","1","M1","NON FOOD","GOOD","PC","72.0000","CT","7830.0000","8700.0000","13","PT UNITAMA SARI MAS","1301","DAHLIA","","F601TK","1309151"
"1309151_BD","F601 D AF HERITAGE TEH KERATON","1","M1","NON FOOD","BAD","PC","72.0000","CT","7830.0000","8700.0000","13","PT UNITAMA SARI MAS","","","","F601TK","1309151"
"1309152","F601 DAF HERITAGE CENDANA PADMASANA","1","M1","NON FOOD","GOOD","PC","72.0000","CT","7830.0000","8700.0000","13","PT UNITAMA SARI MAS","1301","DAHLIA","","F601CP","1309152"
"1309152_BD","F601 D AF HERITAGE CENDANA PADMASANA","1","M1","NON FOOD","BAD","PC","72.0000","CT","7830.0000","8700.0000","13","PT UNITAMA SARI MAS","","","","","1309152"
"1309153_BD","K-205 D NAPTH 100Gr Buy 2 Get 1","1","M1","NON FOOD","BAD","PC","60.0000","CT","14110.0000","17000.0000","13","PT UNITAMA SARI MAS","","","","","1309153"
"1309154_BD","K31CL BUY 1 GET 1 DA200EU","1","M1","NON FOOD","BAD","PC","6.0000","CT","15313.5000","18450.0000","13","PT UNITAMA SARI MAS","","","","","1309154"
"1309156","F609 DAHLIA AEROSOL CHERRY BLOSSOM 200ML","1","M1","NON FOOD","GOOD","PC","12.0000","CT","9900.0000","11000.0000","13","PT UNITAMA SARI MAS","1301","DAHLIA","","","1309156"
"1309156_BD","F609 DAHLIA AEROSOL CHERRY BLOSSOM 200ML","1","M1","NON FOOD","BAD","PC","12.0000","CT","9900.0000","11000.0000","13","PT UNITAMA SARI MAS","","","","","1309156"
"1309157","F609RC DAHLIA AER ROYAL COFFE 200ML","1","M1","NON FOOD","GOOD","PC","12.0000","CT","9900.0000","11000.0000","13","PT UNITAMA SARI MAS","1301","DAHLIA","","F609RC","1309157"
"1309157_BD","F609RC DAHLIA AER ROYAL COFFE 200ML","1","M1","NON FOOD","BAD","PC","12.0000","CT","9900.0000","11000.0000","13","PT UNITAMA SARI MAS","","","","","1309157"
"1309158","F609 DAHLIA AEROSOL TEH KERATON 200ML","1","M1","NON FOOD","GOOD","PC","12.0000","CT","11250.0000","12500.0000","13","PT UNITAMA SARI MAS","1301","DAHLIA","","F609TK","1309158"
"1309158_BD","F609 DAHLIA AEROSOL TEH KERATON 200ML","1","M1","NON FOOD","BAD","PC","12.0000","CT","11250.0000","12500.0000","13","PT UNITAMA SARI MAS","","","","","1309158"
"1309159","F610TK D REED DIF TEH KERATON","1","M1","NON FOOD","GOOD","PC","36.0000","CT","35100.0000","39000.0000","13","PT UNITAMA SARI MAS","1301","DAHLIA","","","1309159"
"1309159_BD","F610TK D REED DIF TEH KERATON","1","M1","NON FOOD","BAD","PC","36.0000","CT","35100.0000","39000.0000","13","PT UNITAMA SARI MAS","","","","","1309159"
"1309160","F611TK D REED DIF REF TEH KERATON","1","M1","NON FOOD","GOOD","PC","72.0000","CT","22950.0000","25500.0000","13","PT UNITAMA SARI MAS","1301","DAHLIA","","","1309160"
"1309160_BD","F611TK D REED DIF REF TEH KERATON","1","M1","NON FOOD","BAD","PC","72.0000","CT","22950.0000","25500.0000","13","PT UNITAMA SARI MAS","1301","DAHLIA","","","1309160"
"1309161","K31N BUY 2 GET 1 K31N","1","M1","NON FOOD","GOOD","PC","60.0000","CT","33561.0000","39484.0000","13","PT UNITAMA SARI MAS","1301","DAHLIA","","","1309161"
"1309161_BD","K31N BUY 2 GET 1 K31N","1","M1","NON FOOD","BAD","PC","60.0000","CT","32771.7200","39484.0000","13","PT UNITAMA SARI MAS","","","","","1309161"
"1309162","K31KP D TOILET BALL KOPI VANILA 5PC","1","M1","NON FOOD","GOOD","PC","120.0000","CT","16780.0000","19741.6600","13","PT UNITAMA SARI MAS","1301","DAHLIA","","","1309162"
"1309162_BD","K31KP D TOILET BALL KOPI VANILA 5PC","1","M1","NON FOOD","BAD","PC","120.0000","CT","16385.5700","19741.6600","13","PT UNITAMA SARI MAS","1301","DAHLIA","","","1309162"
"1309163","K316 DAHLIA RUANGAN LAVENDER","1","M1","NON FOOD","GOOD","PC","120.0000","CT","17737.0000","20866.6600","13","PT UNITAMA SARI MAS","","","","K316LA","1309163"
"1309163_BD","K316 DAHLIA RUANGAN LAVENDER","1","M1","NON FOOD","BAD","PC","120.0000","CT","17319.3300","20866.6600","13","PT UNITAMA SARI MAS","","","","","1309163"
"1309164","F610CP D REED DIF CENDANA PADMASANA","1","M1","FOOD","GOOD","PC","36.0000","CT","35100.0000","39000.0000","13","PT UNITAMA SARI MAS","1301","DAHLIA","","","1309164"
"1309164_BD","F610CP D REED DIF CENDANA PADMASANA","1","M1","NON FOOD","BAD","PC","36.0000","CT","35100.0000","39000.0000","13","PT UNITAMA SARI MAS","","","","","1309164"
"1309165","F611CP D REED DIF REF CENDANA PADMA","1","M1","NON FOOD","GOOD","PC","72.0000","CT","22950.0000","25500.0000","13","PT UNITAMA SARI MAS","1301","DAHLIA","","","1309165"
"1309165_BD","F611CP D REED DIF REF CENDANA PADMA","1","M1","NON FOOD","BAD","PC","72.0000","CT","22950.0000","25500.0000","13","PT UNITAMA SARI MAS","1301","DAHLIA","","","1309165"
"1309166","F607 D AER MATIC ARUM DALU","1","M1","NON FOOD","GOOD","PC","24.0000","CT","24293.0000","26991.6700","13","PT UNITAMA SARI MAS","","","","F607AD","1309166"
"1309166_BD","F607 D AER MATIC ARUM DALU","1","M1","FOOD","BAD","PC","24.0000","CT","24293.0000","26991.6700","13","PT UNITAMA SARI MAS","","","","","1309166"
"1309167","K316CI BUY 2 GET 1 K316LAN","1","M1","NON FOOD","GOOD","PC","60.0000","CT","35474.0000","41734.0000","13","PT UNITAMA SARI MAS","","","","K316CI","1309167"
"1309168","K33 FC BUY 2GET1 K33 FC","1","M1","NON FOOD","GOOD","PC","60.0000","CT","27186.0000","31984.0000","13","PT UNITAMA SARI MAS","1301","DAHLIA","","","1309168"
"1309169","K313N BUY 2GET1 K313 GL","1","M1","NON FOOD","GOOD","PC","120.0000","CT","21236.0000","24984.0000","13","PT UNITAMA SARI MAS","1301","DAHLIA","","","1309169"
"1309170","F601 TEH KERTAON BUY 2GET1 F601 FP","1","M1","NON FOOD","GOOD","PC","36.0000","CT","15660.0000","17400.0000","13","PT UNITAMA SARI MAS","1301","DAHLIA","","","1309170"
"1309174","F617 DAHLIA AEROSOL HERITAGE TEH KERATON 350+50ML","1","M1","NON FOOD","GOOD","PC","12.0000","CT","19800.0000","22000.0000","13","PT UNITAMA SARI MAS","","","","","1309174"
"1309174_BD","F617 DAHLIA AEROSOL HERITAGE TEH KERATON 350+50ML","1","M1","FOOD","BAD","PC","12.0000","CT","19800.0000","22000.0000","13","PT UNITAMA SARI MAS","","","","","1309174"
"1309175","K316CI BUY 2 GET K316CI","1","M1","NON FOOD","GOOD","PC","60.0000","CT","35474.0000","41734.0000","13","PT UNITAMA SARI MAS","","","","","1309175"
"1309176","K31N BUY 2 GET 1 K31GJ","1","M1","NON FOOD","GOOD","PC","60.0000","CT","33561.0000","39484.0000","13","PT UNITAMA SARI MAS","1301","DAHLIA","","","1309176"
"1309180","F601TKN D AF HERITAGE TEH KERATON 24PCS","1","M1","NON FOOD","GOOD","PC","24.0000","CT","7830.0000","8700.0000","13","PT UNITAMA SARI MAS","","","","","1309180"
"1309181","F601CPN DAHLIA AF H CENDANA PADMA 24PCS","1","M1","NON FOOD","GOOD","PC","24.0000","CT","7830.0000","8700.0000","13","PT UNITAMA SARI MAS","","","","","1309181"
"1309190","F610SK D REED DIF HERITAGE SERAI KENCANA","1","M1","NON FOOD","GOOD","PC","36.0000","CT","35100.0000","39000.0000","13","PT UNITAMA SARI MAS","","","","","1309190"
"1309190_BD","F610SK D REED DIF HERITAGE SERAI KENCANA","1","M1","NON FOOD","BAD","PC","36.0000","CT","35100.0000","39000.0000","13","PT UNITAMA SARI MAS","","","","","1309190"
"1309191","F611SK D REED DIF REF HERITAGE SERAI KENCANA","1","M1","NON FOOD","GOOD","PC","72.0000","CT","22950.0000","25500.0000","13","PT UNITAMA SARI MAS","","","","","1309191"
"1309192","F610AD D REED DIF HERITAGE ARUM DALU","1","M1","NON FOOD","GOOD","PC","36.0000","CT","35100.0000","39000.0000","13","PT UNITAMA SARI MAS","","","","","1309192"
"1309192_BD","F610AD D REED DIF HERITAGE ARUM DALU","1","M1","NON FOOD","BAD","PC","36.0000","CT","35100.0000","39000.0000","13","PT UNITAMA SARI MAS","","","","","1309192"
"1309193","K31CV BUY 2 GET 1 K31CV","1","M1","NON FOOD","GOOD","PC","60.0000","CT","33560.0000","39483.3200","13","PT UNITAMA SARI MAS","","","","","1309193"
"1309194","F611AD D REED DIF REF HERITAGE ARUM DALU","1","M1","NON FOOD","GOOD","PC","72.0000","CT","22950.0000","25500.0000","13","PT UNITAMA SARI MAS","","","","","1309194"
"1309195","K316EU D KAMPER RUANGAN EUCALYPTUS","1","M1","NON FOOD","GOOD","PC","120.0000","CT","17737.0000","20866.6600","13","PT UNITAMA SARI MAS","","","","","1309195"
"1309195_BD","K316EU D KAMPER RUANGAN EUCALYPTUS","1","M1","FOOD","BAD","PC","120.0000","CT","17737.0000","20866.6600","13","PT UNITAMA SARI MAS","","","","","1309195"
"1309197","F611SP D REED DIF REF HERITAGE SWARNA PADI","1","M1","NON FOOD","GOOD","PC","72.0000","CT","22950.0000","25500.0000","13","PT UNITAMA SARI MAS","","","","","1309197"
"1309197_BD","F611SP D REED DIF REF HERITAGE SWARNA PADI","1","M1","NON FOOD","BAD","PC","72.0000","CT","22950.0000","25500.0000","13","PT UNITAMA SARI MAS","","","","","1309197"
"1309199","F610SP D REED DIF HERITAGE SWARNA PADI","1","M1","NON FOOD","GOOD","PC","36.0000","CT","35100.0000","39000.0000","13","PT UNITAMA SARI MAS","","","","","1309199"
"1309199_BD","F610SP D REED DIF HERITAGE SWARNA PADI","1","M1","FOOD","BAD","PC","36.0000","CT","35100.0000","39000.0000","13","PT UNITAMA SARI MAS","","","","","1309199"
"1309200","F607SK D AER MATIC H SERAI KENCANA","1","M1","NON FOOD","GOOD","PC","24.0000","CT","24293.0000","26991.6700","13","PT UNITAMA SARI MAS","1301","DAHLIA","","","1309200"
"1309201","F607SP D AER MATIC H SWARNA PADI","1","M1","NON FOOD","GOOD","PC","24.0000","CT","24293.0000","26991.6700","13","PT UNITAMA SARI MAS","1301","DAHLIA","","","1309201"
"1309202","F601 DAHLIA AF H ARUM DALU","1","M1","NON FOOD","GOOD","PC","72.0000","CT","7830.0000","8700.0000","13","PT UNITAMA SARI MAS","","","","","1309202"
"1309202_BD","F601 DAHLIA AF H ARUM DALU","1","M1","FOOD","BAD","PC","72.0000","CT","7830.0000","8700.0000","13","PT UNITAMA SARI MAS","","","","","1309202"
"1309301","F601AH DAHLIA AF GEL APPLE HARMONY","1","M1","NON FOOD","GOOD","PC","24.0000","CT","7830.0000","8700.0000","13","PT UNITAMA SARI MAS","","","","","1309301"
"1309302","F601ADN DAHLIA AF  ARUM DALU NEW","1","M1","NON FOOD","GOOD","PC","24.0000","CT","7830.0000","8700.0000","13","PT UNITAMA SARI MAS","","","","","1309302"
"1309303","F601JO DAHLIA AF GEL JOLLY ORANGE","1","M1","NON FOOD","GOOD","PC","24.0000","CT","7830.0000","8700.0000","13","PT UNITAMA SARI MAS","","","","","1309303"
"1309304","F601FL DAHLIA AF GEL FRESH LYCHEE","1","M1","NON FOOD","GOOD","PC","24.0000","CT","7830.0000","8700.0000","13","PT UNITAMA SARI MAS","","","","","1309304"
"1309305","F601TM DAHLIA AF GEL TROPICAL MELON","1","M1","NON FOOD","GOOD","PC","24.0000","CT","7830.0000","8700.0000","13","PT UNITAMA SARI MAS","","","","","1309305"
"1309306","F601RC DAHLIA AF GEL ROYAL COFFEE 24PCS","1","M1","NON FOOD","GOOD","PC","24.0000","CT","7830.0000","8700.0000","13","PT UNITAMA SARI MAS","","","","","1309306"
"13679_BD","TOBLERONE MILK 4X20X100G","1","28","FOOD","BAD","PC","80.0000","CT","33276.0000","36367.0000","2801","CADBURY","2801","CADBURY","A","","13679"
"13686_BD","TOBLERONE MILK 5X10X200G","1","28","FOOD","BAD","PC","50.0000","CT","55692.0000","60866.0000","2801","CADBURY","2801","CADBURY","A","","13686"
"13783_BD","TOBLERONE WHITE 4X20X100G","1","28","FOOD","BAD","PC","80.0000","CT","23224.0000","25380.0000","2801","CADBURY","2801","CADBURY","A","","13783"
"140756","UHU All Purpose 20ml","1","M1","NON FOOD","GOOD","PC","240.0000","CT","8955.0000","11351.0000","71","ALLIGATOR","FBC","FABER CASTELL","","","140756"
"140756_BD","UHU All Purpose 20ml","1","M1","NON FOOD","BAD","PC","240.0000","CT","8955.0000","11351.0000","71","ALLIGATOR","FBC","FABER CASTELL","","","140756"
"140806_BD","UHU All Purpose 7ml","1","M1","NON FOOD","BAD","PC","3000.0000","CT","5181.0000","6568.0000","71","ALLIGATOR","FBC","FABER CASTELL","","","140806"
"14609_B","TOBLERONE DARK 4X20X100G","1","28","FOOD","BAD","PC","80.0000","CT","26015.0000","28430.0000","2801","CADBURY","2801","CADBURY","A","","14609"
"14609_BD","TOBLERONE DARK 4X20X100G","1","28","FOOD","BAD","PC","80.0000","CT","33276.0000","36367.0000","","","","","","","14609"
"154728_BD","Textliner 365 Translucent Pink ID","1","M1","NON FOOD","BAD","PC","200.0000","CT","5117.0000","6486.0000","71","ALLIGATOR","FBC","FABER CASTELL","","","154728"
"154737_BD","Textliner 365 Trnslucent Purple ID","1","M1","NON FOOD","BAD","PC","200.0000","CT","5117.0000","6486.0000","71","ALLIGATOR","FBC","FABER CASTELL","","","154737"
"156699_BD","Eco Permanent Marker II Black Ink","1","M1","FOOD","BAD","PC","720.0000","CT","4222.0000","5351.0000","71","ALLIGATOR","FBC","FABER CASTELL","","","156699"
"169312_BD","Correction Pen 8 ml","1","M1","NON FOOD","BAD","PC","288.0000","CT","9786.0000","11757.0000","71","ALLIGATOR","FBC","FABER CASTELL","","","169312"
"169419_BD","Correction Pen 3ml","1","M1","NON FOOD","BAD","PC","1440.0000","CT","2303.0000","2919.0000","71","ALLIGATOR","FBC","FABER CASTELL","","","169419"
"1853-04800-85_BD","NBO UV EXTRA WHT 100ML HYD 48/C","1","12","NON FOOD","BAD","PC","48.0000","CT","8295.6000","9300.0000","","","","","ABCDEFGHI","","81853-04800-85"
"187230","Dust- Free Eraser Small White New","1","M1","FOOD","GOOD","BX","45.0000","CT","38360.0000","42702.7000","71","ALLIGATOR","FBC","FABER CASTELL","","","187230"
"1901001_BD","NATUR FACE CREAM 50ML 25/CT","1","M1","NON FOOD","BAD","PC","25.0000","CT","20882.2200","22454.0000","19","PT.DARYA VARIA","","","A","DANAFC50","1901001"
"1901002","NATUR E HBL 100ML 48/CT","1","M1","FOOD","GOOD","PC","48.0000","CT","9985.4100","10737.0000","19","PT.DARYA VARIA","","","ABCDEFGH","DANAHBL1","1901002"
"1901002_BD","NATUR E HBL 100ML 48/CT","1","M1","NON FOOD","BAD","PC","48.0000","CT","9985.4100","10737.0000","19","PT.DARYA VARIA","","","A","DANAHBL1","1901002"
"1901003","NATUR E HBL 245ML 24/CT","1","M1","FOOD","GOOD","PC","24.0000","CT","20032.2000","21540.0000","19","PT.DARYA VARIA","","","DEFGH","DANAHBL2","1901003"
"1901003_BD","NATUR E HBL 245ML 24/CT","1","M1","NON FOOD","BAD","PC","24.0000","CT","19449.0900","20913.0000","19","PT.DARYA VARIA","","","A","DANAHBL2","1901003"
"1901004","NATUR E NOURISHING 100IU 16S 56/BX","1","M1","FOOD","GOOD","BX","56.0000","CT","15983.9100","17187.0000","19","PT.DARYA VARIA","","","ABCDEFGH","DANAS16S","1901004"
"1901004_BD","NATUR E SC 16S SMALL 56/BX","1","M1","NON FOOD","BAD","PC","56.0000","BX","14778.6300","15891.0000","19","PT.DARYA VARIA","","","A","DANAS16S","1901004"
"1901005","VICEE GRAPE TABLET 100S 50/BOX","1","M1","FOOD","GOOD","PC","1000.0000","CT","1128.1800","1213.1000","19","PT.DARYA VARIA","","","ABCDEFGH","DAVIGT1N","1901005"
"1901005_BD","VICEE GRAPE TABLET 100S 50/BOX","1","M1","FOOD","BAD","PC","1000.0000","CT","1128.1800","1213.1000","19","PT.DARYA VARIA","","","A","DAVIGT1N","1901005"
"1901006","VICEE ORANGE TABLET 100S 50/BOX","1","M1","FOOD","GOOD","PC","1000.0000","CT","1128.1800","1213.1000","19","PT.DARYA VARIA","","","ABCDEFGH","DAVIOT1N","1901006"
"1901006_BD","VICEE ORANGE TABLET 100S 50/BOX","1","M1","FOOD","BAD","PC","1000.0000","CT","1128.1800","1213.1000","19","PT.DARYA VARIA","","","A","DAVIOT1N","1901006"
"1901007","VICEE STRAW TABLET 100S 50/BOX","1","M1","FOOD","GOOD","PC","1000.0000","CT","1128.1800","1213.1000","19","PT.DARYA VARIA","","","ABCDEFGH","DAVIST1N","1901007"
"1901007_BD","VICEE STRAW TABLET 100S 50/BOX","1","M1","FOOD","BAD","PC","1000.0000","CT","1128.1800","1213.1000","19","PT.DARYA VARIA","","","A","DAVIST1N","1901007"
"1901008","VICEE LEMON TABLET 100S 50/BOX","1","M1","FOOD","GOOD","PC","1000.0000","CT","1128.1800","1213.1000","19","PT.DARYA VARIA","","","ABCDEFGH","DAVILT1N","1901008"
"1901008_BD","VICEE LEMON TABLET 100S 50/BOX","1","M1","FOOD","BAD","PC","1000.0000","CT","1128.1800","1213.1000","19","PT.DARYA VARIA","","","A","DAVILT1N","1901008"
"1901009_BD","NEW DIATABS TAB 100S 25/BOX","1","M1","FOOD","BAD","PC","1200.0000","CT","1884.1800","2026.0000","19","PT.DARYA VARIA","","","A","MLNEDT1N","1901009"
"1901010_BD","BIOGESIC BLISTER 100S 25/BOX","1","M1","NON FOOD","BAD","PC","1400.0000","CT","1473.1200","1584.0000","19","PT.DARYA VARIA","","","A","MLBIOBL1","1901010"
"1901011","NATURE E ADVANCE LOTION 100 ML","1","M1","FOOD","GOOD","PC","48.0000","CT","14207.6100","15277.0000","19","PT.DARYA VARIA","","","ABCDEFGHI","DADLO100","1901011"
"1901011_BD","NATURE E ADVANCE LOTION 100 ML","1","M1","NON FOOD","BAD","PC","48.0000","CT","14207.6100","15277.0000","19","PT.DARYA VARIA","","","A","DADLO100","1901011"
"1901012","NATUR E ADVANCED LOTION  245 ML","1","M1","FOOD","GOOD","PC","24.0000","CT","26638.9200","28644.0000","19","PT.DARYA VARIA","","","DEFGH","DADLO245","1901012"
"1901012_BD","NATUR E ADVANCED LOTION  245 ML","1","M1","FOOD","BAD","PC","24.0000","CT","25863.3000","27810.0000","19","PT.DARYA VARIA","","","A","DADLO245","1901012"
"1902001","ENERVON C TAB 30S 48/BX","1","M1","FOOD","GOOD","PC","48.0000","CT","29016.9300","31201.0000","19","PT.DARYA VARIA","","","EH","MLENCT30","1902001"
"1902001_BD","ENERVON C TAB 30S 48/BX","1","M1","FOOD","BAD","PC","48.0000","BX","28171.5600","30292.0000","19","PT.DARYA VARIA","","","A","","1902001"
"1902002","ENERVON C TAB 100S 20X25","1","M1","FOOD","GOOD","PC","500.0000","CT","3940.6300","4237.2400","19","PT.DARYA VARIA","","","EH","MLENT100","1902002"
"1902002_BD","ENERVON C TAB 100S 20X25","1","M1","FOOD","BAD","PC","500.0000","CT","3825.8700","4113.8400","19","PT.DARYA VARIA","","","A","MLENT100","1902002"
"1902003_BD","DECOLGEN HERBAFLU 36X12","1","M1","FOOD","BAD","PC","432.0000","CT","1186.6800","1364.0000","19","PT.DARYA VARIA","","","A","DADECMAS","1902003"
"1902004_BD","DECOLGEN TAB 100S","1","M1","FOOD","BAD","PC","1200.0000","CT","1472.1100","1582.9200","19","PT.DARYA VARIA","","","A","MLDECT10","1902004"
"1902005_BD","DECOLSIN CAPS 100'S","1","M1","FOOD","BAD","PC","500.0000","CT","2070.1800","2226.0000","19","PT.DARYA VARIA","","","A","MLDECC10","1902005"
"1902006","NATUR E ADVANCED 16'S 4x56box","1","M1","FOOD","GOOD","PC","56.0000","CT","33098.7800","35590.0900","19","PT.DARYA VARIA","","","ABCDEFGH","DANAVD16","1902006"
"1902006_BD","NATUR E ADVANCED 16'S 4x56box","1","M1","FOOD","BAD","PC","56.0000","CT","31198.7100","33547.0000","19","PT.DARYA VARIA","","","A","DANAVD16","1902006"
"1902008_BD","ENZYPLEX TABS 100 1BX25PC","1","M1","FOOD","BAD","PC","625.0000","CT","3366.6000","3620.0000","19","PT.DARYA VARIA","","","A","MLENZT10","1902008"
"1902009_BD","DEGIROL LOZ 100 TAB'S 100 1BX25PC","1","M1","FOOD","BAD","PC","1200.0000","CT","3845.4000","4134.8400","19","PT.DARYA VARIA","","","A","DADEL1T1","1902009"
"1902010_BD","STOP COLD DRAGEE TABS 60S/15PC","1","M1","NON FOOD","BAD","PC","780.0000","CT","2234.2900","2402.4600","19","PT.DARYA VARIA","","","A","DASTDT60","1902010"
"1902011_BD","PARATUSIN TABS 200S 1BX20PC","1","M1","NON FOOD","BAD","PC","720.0000","CT","10316.7200","11093.2500","19","PT.DARYA VARIA","","","","PRPAT200","1902011"
"1902013","NATUR E ADVANCED 32S 36BX/CT","1","M1","FOOD","GOOD","BX","36.0000","CT","62583.1300","67293.6900","19","PT.DARYA VARIA","","","ABCDEFGH","DANAVD32","1902013"
"1902013_BD","NATUR E ADVANCED 32S 36BX/CT","1","M1","FOOD","BAD","BX","36.0000","CT","58988.9700","63429.0000","19","PT.DARYA VARIA","","","A","DANAVD32","1902013"
"1902014","NATUR E NOURISHING 300IU 16S 56BX/CT","1","M1","FOOD","GOOD","BX","56.0000","CT","28896.0300","31071.0000","19","PT.DARYA VARIA","","","ABCDEFGH","DANUR16S","1902014"
"1902014_BD","NATUR E NOURISHING 300IU 16S 56BX/CT","1","M1","NON FOOD","BAD","BX","56.0000","CT","28054.3800","30166.0000","19","PT.DARYA VARIA","","","A","DANUR16S","1902014"
"1902015","NATUR E 100 IU 32S SMALL PACK 36/BX","1","M1","FOOD","GOOD","PC","36.0000","CT","27658.2000","29740.0000","19","PT.DARYA VARIA","","","ABCDEFGH","DANAS32S","1902015"
"1902015_BD","NATUR E 100 IU 32S SMALL PACK 36/BX","1","M1","FOOD","BAD","PC","36.0000","CT","25574.0700","27499.0000","19","PT.DARYA VARIA","","","ABCDEFGHI","DANAS32S","1902015"
"1902016","NATUR E NOURISHING 300IU 32S 36BX/CT","1","M1","FOOD","GOOD","PC","36.0000","CT","55200.1500","59355.0000","19","PT.DARYA VARIA","","","ABCDEFGH","DANUR32S","1902016"
"1902016_BD","NATUR E NOURISHING 300IU 32S 36BX/CT","1","M1","NON FOOD","BAD","PC","36.0000","CT","53592.1800","57626.0000","19","PT.DARYA VARIA","","","A","DANUR32S","1902016"
"1902017","NATUR E REVIT PROTECT&GLOW LOT 245ML","1","M1","FOOD","GOOD","PC","24.0000","CT","23485.2900","25253.0000","19","PT.DARYA VARIA","","","DEFGH","DANRL245","1902017"
"1902017_BD","NATUR E REVIT PROTECT&GLOW LOT 245ML","1","M1","NON FOOD","BAD","PC","24.0000","CT","23485.2900","25253.0000","19","PT.DARYA VARIA","","","A","DANRL245","1902017"
"1902018","NATUR E REVIT PROTECT&GLOW LOT 100ML","1","M1","FOOD","GOOD","PC","48.0000","CT","11705.9100","12587.0000","19","PT.DARYA VARIA","","","DEFGH","DANRL100","1902018"
"1902018_BD","NATUR E REVIT PROTECT&GLOW LOT 100ML","1","M1","NON FOOD","BAD","PC","48.0000","CT","11705.9100","12587.0000","19","PT.DARYA VARIA","","","A","DANRL100","1902018"
"1902019","ENERVON ACTIVE TAB 100S 25/BX","1","M1","FOOD","GOOD","PC","500.0000","CT","4510.9000","4850.4400","19","PT.DARYA VARIA","","","EH","MLENA100","1902019"
"1902019_BD","ENERVON ACTIVE TAB 100S 25/BX","1","M1","NON FOOD","BAD","PC","500.0000","CT","4251.9600","4572.0000","19","PT.DARYA VARIA","","","A","MLENA100","1902019"
"1902020","ENERVON C ACTIVE TAB 30 S","1","M1","FOOD","GOOD","BX","48.0000","CT","32312.8500","34745.0000","19","PT.DARYA VARIA","","","EH","MLENAC30","1902020"
"1902020_BD","ENERVON C ACTIVE TAB 30'S","1","M1","FOOD","BAD","PC","48.0000","BX","32312.8500","34745.0000","19","PT.DARYA VARIA","","","A","MLENAC30","1902020"
"1902021_BD","NATUR E NOURISHING 300IU 4X20S","1","M1","FOOD","BAD","PC","480.0000","CT","6383.6500","7015.0000","19","PT.DARYA VARIA","","","A","DANURSC4","1902021"
"1902022_BD","NATUR E ADVANCE SC 4X20S","1","M1","FOOD","BAD","PC","480.0000","CT","9444.1400","9941.2000","19","PT.DARYA VARIA","","","A","DANADV4S","1902022"
"1902023_BD","NATUR E NOURISHING 100IU 4X20","1","M1","FOOD","BAD","PC","480.0000","CT","4707.6800","4955.4500","19","PT.DARYA VARIA","","","ABCDEFGHI","DANURE4S","1902023"
"1902024_BD","ENERVON C PLUS SYRUP 120ML","1","M1","FOOD","BAD","PC","48.0000","CT","15050.7800","16184.0000","19","PT.DARYA VARIA","","","A","MLENPS12","1902024"
"1902025_BD","NATUR E NOURIS ENERG HBL 245ML","1","M1","FOOD","BAD","PC","24.0000","CT","22800.8100","24517.0000","19","PT.DARYA VARIA","","","A","DANUENH2","1902025"
"1902026_BD","NATUR E NOURIS ENERG HBL 100ML","1","M1","NON FOOD","BAD","PC","48.0000","CT","11364.6000","12220.0000","19","PT.DARYA VARIA","","","A","DANUENH1","1902026"
"1902027_BD","NATUR E NOURIS CALMING HBL 100ML","1","M1","NON FOOD","BAD","PC","48.0000","CT","11364.6000","12220.0000","19","PT.DARYA VARIA","","","A","","1902027"
"1902028_BD","NATUR E NOURIS CALMING HBL 245ML","1","M1","FOOD","BAD","PC","24.0000","CT","22800.8100","24517.0000","19","PT.DARYA VARIA","","","A","DANUCAL2","1902028"
"1902029_BD","DECOLGEN PE 10SX10","1","M1","FOOD","BAD","STR","1.0000","STR","4798.8000","5160.0000","19","PT.DARYA VARIA","","","ABCDEFGHI","MLDECPE1","1902029"
"1902030_BD","NATUR E NOURISHING RELAX HBL 245ML","1","M1","FOOD","BAD","PC","24.0000","CT","22800.8100","24517.0000","19","PT.DARYA VARIA","","","A","DANURLX2","1902030"
"1902031_BD","NATUR E NOURISHING RELAX HBL 100ML","1","M1","NON FOOD","BAD","PC","48.0000","CT","11364.6000","12220.0000","19","PT.DARYA VARIA","","","A","DANURLX1","1902031"
"1902032_BD","NATUR-E NOURISHING FACE MIST","1","M1","FOOD","BAD","PC","48.0000","CT","24444.1200","26284.0000","19","PT.DARYA VARIA","","","ABCDEFGHI","DANUFCMS","1902032"
"1902033_BD","NATUR-E ADVANCED FACE WASH","1","M1","FOOD","BAD","PC","48.0000","CT","26806.3200","28824.0000","19","PT.DARYA VARIA","","","ABCDEFGHI","DANAFW50","1902033"
"1902034_BD","NATUR-E ADVANCED SKIN BALANCER","1","M1","FOOD","BAD","PC","48.0000","CT","28533.3300","30681.0000","19","PT.DARYA VARIA","","","ABCDEFGHI","DANASB75","1902034"
"1902035_BD","NATUR-E ADVANCED SERUM","1","M1","FOOD","BAD","PC","48.0000","CT","53680.5300","57721.0000","19","PT.DARYA VARIA","","","ABCDEFGHI","DANASE15","1902035"
"1902036_BD","NATUR-E ADVANCED EYE CREAM","1","M1","FOOD","BAD","PC","48.0000","CT","48822.2100","52497.0000","19","PT.DARYA VARIA","","","ABCDEFGHI","DANAYE10","1902036"
"1902037_BD","NATUR-E ADVANCED DAY CREAM","1","M1","FOOD","BAD","PC","48.0000","CT","64975.3800","69866.0000","19","PT.DARYA VARIA","","","A","DANADY30","1902037"
"1902038_BD","NATUR-E ADVANCED NIGHT CREAM","1","M1","FOOD","BAD","PC","48.0000","CT","67152.5100","72207.0000","19","PT.DARYA VARIA","","","ABCDEFGHI","DANANT30","1902038"
"1902039_BD","DEGIROL LOZ 48X10 1BX10PC","1","M1","FOOD","BAD","STR","480.0000","CT","8100.3000","8710.0000","19","PT.DARYA VARIA","","","ABCDEFGHI","DADEL2T2","1902039"
"1902044","NATUR-E WHITE SUPP 16S 56X4X4","1","M1","FOOD","GOOD","BX","56.0000","CT","40452.2100","43497.0000","19","PT.DARYA VARIA","","","DEGH","DANAW16S","1902044"
"1902044_BD","NATUR-E WHITE SUPP 16S 56X4X4","1","M1","FOOD","BAD","BX","56.0000","CT","38130.0000","41000.0000","19","PT.DARYA VARIA","","","","","1902044"
"1902045","NATUR-E WHITE SUPP 32S 36X8X4","1","M1","FOOD","GOOD","BX","36.0000","CT","73781.5500","79335.0000","19","PT.DARYA VARIA","","","DEGH","DANAW32S","1902045"
"1902045_BD","NATUR-E WHITE SUPP 32S 36X8X4","1","M1","FOOD","BAD","BX","36.0000","CT","69546.3300","74781.0000","19","PT.DARYA VARIA","","","ABCDEFGHI","DANAW32S","1902045"
"1902046_BD","SUPERTIN CAPS 30S","1","M1","FOOD","BAD","BX","1.0000","BX","30801.6000","33120.0000","19","PT.DARYA VARIA","","","","","1902046"
"1902047_BD","NATUR-E WHITE DAY CREAM 30 G","1","M1","NON FOOD","BAD","PC","48.0000","CT","62263.5000","66950.0000","19","PT.DARYA VARIA","","","ABCDEFGHI","DANAWDCR","1902047"
"1902048_BD","NATUR-E WHITE NIGHT CREAM 30 G","1","M1","FOOD","BAD","PC","48.0000","CT","67053.0000","72100.0000","19","PT.DARYA VARIA","","","ABCDEFGHI","DANAWNCR","1902048"
"1902049_BD","NATUR-E WHITE FACE WASH 50 ML","1","M1","FOOD","BAD","PC","48.0000","CT","15962.5200","17164.0000","19","PT.DARYA VARIA","","","ABCDEFGHI","DANAWFCW","1902049"
"1902050_BD","NATUR E WHITE SERUM 15ML","1","M1","FOOD","BAD","PC","1.0000","PC","39826.3200","42824.0000","19","PT.DARYA VARIA","","","ABCDEFGHI","DANAWSRM","1902050"
"1902051","NATUR-E WHITE H&B SERUM 180ML","1","M1","FOOD","GOOD","PC","12.0000","CT","30652.8000","32960.0000","19","PT.DARYA VARIA","","","ABCDEFGHI","DANAWHBM","1902051"
"1902051_BD","NATUR-E WHITE H&B SERUM 180ML","1","M1","NON FOOD","BAD","PC","12.0000","CT","30652.0000","32960.0000","19","PT.DARYA VARIA","","","","","1902051"
"1902052","ENERVON C EFFERVESCENT TAB 10","1","M1","FOOD","GOOD","PC","99.0000","CT","25426.2000","27340.0000","19","PT.DARYA VARIA","","","","MLENEFTB","1902052"
"1902052_BD","ENERVON C EFFERVESCENT TAB 10","1","M1","FOOD","BAD","PC","99.0000","CT","25426.2000","27340.0000","19","PT.DARYA VARIA","","","","MLENEFTB","1902052"
"1902053","ENERVON GOLD 50/BX","1","M1","FOOD","GOOD","BX","18.0000","CT","157170.0000","169000.0000","19","PT.DARYA VARIA","","","","MLENSCG5","1902053"
"1902054","NATUR FACE CREAM 50ML 48/CT","1","M1","NON FOOD","GOOD","PC","48.0000","CT","20882.2200","22454.0000","19","PT.DARYA VARIA","","","","DANAFC50","1902054"
"1902054_BD","NATUR FACE CREAM 50ML 48/CT","1","M1","NON FOOD","BAD","PC","48.0000","CT","20882.2200","22454.0000","19","PT.DARYA VARIA","","","","","1902054"
"1902055","NATUR-E HYALUGLOW SERUM 20ML 48/CT","1","M1","NON FOOD","GOOD","PC","48.0000","CT","70680.0000","76000.0000","19","PT.DARYA VARIA","","","","DANAHYAS","1902055"
"1902055_BD","NATUR-E HYALUGLOW SERUM 20ML 48/CT","1","M1","NON FOOD","BAD","PC","48.0000","CT","70680.0000","76000.0000","19","PT.DARYA VARIA","","","","DANAHYAS","1902055"
"1902056","NATUR-E CERAGLOW SERUM 20ML 48/CT","1","M1","NON FOOD","GOOD","PC","48.0000","CT","70680.0000","76000.0000","19","PT.DARYA VARIA","","","","DANACERS","1902056"
"1902056_BD","NATUR-E CERAGLOW SERUM 20ML 48/CT","1","M1","NON FOOD","BAD","PC","48.0000","CT","70680.0000","76000.0000","19","PT.DARYA VARIA","","","","","1902056"
"1902057","NATUR-E CERAGLOW MOIST 30ML 48/CT","1","M1","NON FOOD","GOOD","PC","48.0000","CT","63240.0000","68000.0000","19","PT.DARYA VARIA","","","","DANACERM","1902057"
"1902058","NATUR-E HYALUGLOW MOIST 30ML 48/CT","1","M1","NON FOOD","GOOD","PC","48.0000","CT","63240.0000","68000.0000","19","PT.DARYA VARIA","","","","DANAHYAM","1902058"
"1902059","HERBABLEND COUGH & FLU 100 ML (DV) 24/CT","1","M1","FOOD","GOOD","PC","24.0000","CT","37200.0000","40000.0000","19","PT.DARYA VARIA","","","","DAHBLCNF","1902059"
"1902060","NATUR E ADVANCED HB SERUM 100ML","1","M1","NON FOOD","GOOD","PC","48.0000","CT","15810.0000","17000.0000","19","PT.DARYA VARIA","","","","DANADH10","1902060"
"1902060_BD","NATUR E ADVANCED HB SERUM 100ML","1","M1","FOOD","BAD","PC","48.0000","CT","15810.0000","17000.0000","19","PT.DARYA VARIA","","","","DANADH10","1902060"
"1902061","NATUR E ADVANCED HB SERUM 180ML","1","M1","NON FOOD","GOOD","PC","48.0000","CT","27900.0000","30000.0000","19","PT.DARYA VARIA","","","","DANADH18","1902061"
"1902062","NATUR E ADVAN INT FIRM SERUM 20ML","1","M1","NON FOOD","GOOD","PC","48.0000","CT","63240.0000","68000.0000","19","PT.DARYA VARIA","","","","DANADIFS","1902062"
"1902063","NATUR E WHITE RAD MIR BOOSTER SERUM 20ML","1","M1","NON FOOD","GOOD","PC","48.0000","CT","63240.0000","68000.0000","19","PT.DARYA VARIA","","","","DANWRDMS","1902063"
"1902064","NATUR E ADVANCED IB ESS TONER 100ML","1","M1","NON FOOD","GOOD","PC","48.0000","CT","53940.0000","58000.0000","19","PT.DARYA VARIA","","","","DANIBT10","1902064"
"1902065","NATUR E ADVAN INT DC FACIAL WASH 50ML","1","M1","NON FOOD","GOOD","PC","48.0000","CT","34410.0000","37000.0000","19","PT.DARYA VARIA","","","","DANIFW50","1902065"
"1902066","NATUR E WHITE RAD PURIF FACIAL WASH 50ML","1","M1","NON FOOD","GOOD","PC","48.0000","CT","34410.0000","37000.0000","19","PT.DARYA VARIA","","","","DANWRPFW","1902066"
"1902067","NATUR E ADVANCED INT MOIST GEL 30ML","1","M1","NON FOOD","GOOD","PC","48.0000","CT","60450.0000","65000.0000","19","PT.DARYA VARIA","","","","DANIMG30","1902067"
"1902068","NATUR E WHITE RAD MIR MOIST GEL 30ML","1","M1","NON FOOD","GOOD","PC","48.0000","CT","60450.0000","65000.0000","19","PT.DARYA VARIA","","","","DANWRDMG","1902068"
"1902069","NATUR E WHITE RAD CLARYF TONER 100ML","1","M1","NON FOOD","GOOD","PC","48.0000","CT","53940.0000","58000.0000","19","PT.DARYA VARIA","","","","DANWRDTN","1902069"
"1902070","NATUR E ADV INT EYE TREATMENT 15ML","1","M1","NON FOOD","GOOD","PC","1.0000","PC","57660.0000","62000.0000","19","PT.DARYA VARIA","","","","DANIET15","1902070"
"1902071","NATUR-E COLLABITES","1","M1","NON FOOD","GOOD","PC","48.0000","CT","21390.0000","23000.0000","19","PT.DARYA VARIA","","","","DANAECLB","1902071"
"1902072","NATUR-E COLLAFIBBE","1","M1","FOOD","GOOD","PC","30.0000","CT","64170.0000","69000.0000","19","PT.DARYA VARIA","","","","DANAECLF","1902072"
"1902073","NATUR E WHITE SUN PROTECTION 40ML","1","M1","NON FOOD","GOOD","PC","48.0000","CT","53940.0000","58000.0000","19","PT.DARYA VARIA","","","","DANADSPR","1902073"
"1902074","NATUR E ADVANCED SUN PROTECTION 40ML","1","M1","NON FOOD","GOOD","PC","48.0000","CT","53940.0000","58000.0000","19","PT.DARYA VARIA","","","","DANAWSPR","1902074"
"1902075","ENERVON FIZZ","1","M1","FOOD","GOOD","PC","60.0000","CT","32550.0000","35000.0000","19","PT.DARYA VARIA","","","","MLENFIZZ","1902075"
"1902076","ENERVON KIDS","1","M1","FOOD","GOOD","PC","24.0000","CT","20290.7400","21818.0000","19","PT.DARYA VARIA","","","","MLENKIDS","1902076"
"1902077","VICEE FUB BERRIES GUMMY (DV)","1","M1","FOOD","GOOD","PC","24.0000","CT","38032.3500","40895.0000","19","PT.DARYA VARIA","","","","DAVFBGDV","1902077"
"1902078","VICEE FUN TROPICAL TANGO GUMMY (DV)","1","M1","FOOD","GOOD","PC","24.0000","CT","38032.3500","40895.0000","19","PT.DARYA VARIA","","","","DAVTTGDV","1902078"
"1902079","NATUR E SKIN START N&G HBL 100","1","M1","NON FOOD","GOOD","PC","48.0000","CT","12090.0000","13000.0000","19","PT.DARYA VARIA","","","","DANUGL10","1902079"
"1902080","NATUR E SKIN START N&G HBL 180","1","M1","NON FOOD","GOOD","PC","48.0000","CT","19530.0000","21000.0000","19","PT.DARYA VARIA","","","","DANUGL18","1902080"
"1982","KREYEZ PANGGANG ORI 5BX/CT","1","MFT","FOOD","GOOD","BX","5.0000","CT","16331.5300","18558.5500","72","PT.MASA ABADI PRATAMA","","","","","1982"
"1982_BD","KREYEZ PANGGANG ORI 5BX/CT","1","MFT","FOOD","BAD","BX","5.0000","CT","16331.5300","18558.5500","72","PT.MASA ABADI PRATAMA","","","","","1982"
"1982_BN","KREYEZ PANGGANG ORI 5BX/CT","1","MFT","FOOD","BONUS","BX","5.0000","CT","0.0000","0.0000","72","PT.MASA ABADI PRATAMA","","","","","1982"
"1999","KREYEZ PANGGANG BBQ 5BX/CT","1","MFT","FOOD","GOOD","BX","5.0000","CT","16331.5300","18558.5500","72","PT.MASA ABADI PRATAMA","","","","","1999"
"1999_BN","KREYEZ PANGGANG BBQ 5BX/CT","1","MFT","FOOD","BONUS","BX","5.0000","CT","0.0000","0.0000","72","PT.MASA ABADI PRATAMA","","","","","1999"
"2002","KREYEZ PANGGANG AYAM BWG 5BX/CT","1","MFT","FOOD","GOOD","BX","5.0000","CT","16331.5300","18558.5500","72","PT.MASA ABADI PRATAMA","","","","","2002"
"2002_BN","KREYEZ PANGGANG AYAM BWG 5BX/CT","1","MFT","FOOD","BONUS","BX","5.0000","CT","0.0000","0.0000","72","PT.MASA ABADI PRATAMA","","","","","2002"
"2019","KREYEZ PANGGANG PEDAS 5BX/CT","1","MFT","FOOD","GOOD","BX","5.0000","CT","16331.5300","18558.5500","72","PT.MASA ABADI PRATAMA","","","","","2019"
"2019_BN","KREYEZ PANGGANG PEDAS 5BX/CT","1","MFT","FOOD","BONUS","BX","5.0000","CT","0.0000","0.0000","72","PT.MASA ABADI PRATAMA","","","","","2019"
"202009_BD","VV-VIVELLE FMT ANTI ACNE(PACK 5 PCS)","1","M1","NON FOOD","BAD","BX","36.0000","CT","33873.8700","42342.3400","8993","PT. EASTON KALERIS INDONESIA","","","ABCDEFGHI","","202009"
"202016","VV-VIVELLE FMT VITAMIN C(PACK 5 PCS)","1","M1","NON FOOD","GOOD","BX","36.0000","CT","33873.8700","42342.3400","8993","PT. EASTON KALERIS INDONESIA","","","AH","","202016"
"202016_BD","VV-VIVELLE FMT VITAMIN C(PACK 5 PCS)","1","M1","FOOD","BAD","BX","36.0000","CT","33873.8700","42342.3400","8993","PT. EASTON KALERIS INDONESIA","","","ABCDEFGHI","","202016"
"210516","VV-VIVELLE FMT CHARCOAL(PACK 5 PCS)","1","M1","NON FOOD","GOOD","BX","36.0000","CT","33873.8700","42342.3400","8993","PT. EASTON KALERIS INDONESIA","","","ABCDEFGHI","","210516"
"210516_BD","VV-VIVELLE FMT CHARCOAL(PACK 5 PCS)","1","M1","FOOD","BAD","BX","36.0000","CT","33873.8700","42342.3400","8993","PT. EASTON KALERIS INDONESIA","","","ABCDEFGHI","","210516"
"220034_BD","VV-VIVELLE FMT POMEGRANATE(PACK 5 PCS)","1","M1","FOOD","BAD","BX","36.0000","CT","33873.8700","42342.3400","8993","PT. EASTON KALERIS INDONESIA","","","","","220034"
"220041_BD","VV-VIVELLE FMT BENGKUANG(PACK 5 PCS)","1","M1","FOOD","BAD","BX","36.0000","CT","33873.8700","42342.3400","8993","PT. EASTON KALERIS INDONESIA","","","ABCDEFGHI","","220041"
"220058_BD","VV-VYLEA FACE MASK ANTI ACNE 110ml","1","M1","FOOD","BAD","PC","12.0000","CT","20364.0000","25455.0000","8993","PT. EASTON KALERIS INDONESIA","","","ABCDEFGHI","","220058"
"220065_BD","VV-VYLEA FACE MASK HYDRATING","1","M1","FOOD","BAD","PC","12.0000","CT","20364.0000","25455.0000","8993","PT. EASTON KALERIS INDONESIA","","","","","220065"
"220072_BD","VYLEA FACE MASK ( 7 MASK ) LIGHTENING 110 ML","1","M1","FOOD","BAD","PC","12.0000","CT","20364.0000","25455.0000","8993","PT. EASTON KALERIS INDONESIA","","","","","220072"
"2201001_BD","FRESH 1LT RP FC","1","22A","FOOD","BAD","PC","12.0000","CT","25512.0000","25256.7500","22","GREENFIELDS","","","ABCDEFGH","","2201001"
"2201002","FRESH 1.89LT RP FULL CREAM/1011001302","1","22A","FOOD","GOOD","PC","6.0000","CT","41089.1800","45153.1500","22","GREENFIELDS","","","ABCDEFGH","1011001302","2201002"
"2201002_BD","FRESH 1.89LT RP FULL CREAM","1","22A","FOOD","BAD","PC","6.0000","CT","43303.0000","42870.0000","22","GREENFIELDS","","","ABCDEFGH","","2201002"
"2201003","FRESH 500ML FC/1011000202","1","22A","FOOD","GOOD","PC","12.0000","CT","14850.0000","14700.9000","22","GREENFIELDS","","","ABCDEFGH","1011000202","2201003"
"2201003_BD","FRESH 500ML FC","1","22A","FOOD","BAD","PC","12.0000","CT","14850.0000","14700.9000","22","GREENFIELDS","","","A","","2201003"
"2201004","FRESH 200ML FC/1011000402","1","22A","FOOD","GOOD","PC","12.0000","CT","7071.0000","7000.0000","22","GREENFIELDS","","","ABCDEFGH","1011000402","2201004"
"2201004_BD","FRESH 200ML FC","1","22A","FOOD","BAD","PC","12.0000","CT","7071.0000","7000.0000","22","GREENFIELDS","","","ABCDEFGH","","2201004"
"2201005","GF MILK ESL FC RP 950 LCL/1011002000","1","22A","FOOD","GOOD","PC","12.0000","CT","23941.4400","26309.0000","22","GREENFIELDS","","","","","2201005"
"2201005_BD","GF MILK ESL FC RP 950 LCL/1011002000","1","22A","FOOD","BAD","PC","12.0000","CT","23941.4400","26309.0000","22","GREENFIELDS","","","","","2201005"
"2201006","FRESH SKIM 1LT RP/1011020104","1","MFT","FOOD","GOOD","PC","12.0000","CT","23825.0000","26181.0000","22","GREENFIELDS","","","H","1011020104","2201006"
"2201006_BD","FRESH SKIM 1LT RP","1","MFT","FOOD","BAD","PC","12.0000","CT","23825.0000","26181.0000","22","GREENFIELDS","","","ABCDEFGH","","2201006"
"2201007","FRESH 1.89LT RP LOW FAT/1011011302","1","MFT","FOOD","GOOD","PC","6.0000","CT","41841.0000","45979.0000","22","GREENFIELDS","","","H","1011011302","2201007"
"2201007_BD","FRESH 1.89LT RP LOW FAT","1","MFT","FOOD","BAD","PC","6.0000","CT","39358.0000","43250.0000","22","GREENFIELDS","","","ABCDEFGH","","2201007"
"2201008","FRESH CHOCOMALT 500ML/1011040202","1","MFT","FOOD","GOOD","PC","12.0000","CT","13377.0000","14700.0000","22","GREENFIELDS","","","H","1011040202","2201008"
"2201008_BD","FRESH CHOCOMALT 500ML","1","MFT","FOOD","BAD","PC","12.0000","CT","13377.0000","14700.0000","22","GREENFIELDS","","","A","","2201008"
"2201009","FRESH 200ML CHOCOMALT/1011040402","1","MFT","FOOD","GOOD","PC","12.0000","CT","6370.0000","7000.0000","22","GREENFIELDS","","","H","1011040402","2201009"
"2201009_BD","FRESH 200ML CHOCOMALT","1","MFT","FOOD","BAD","PC","12.0000","CT","6370.0000","7000.0000","22","GREENFIELDS","","","ABCDEFGH","","2201009"
"2201010","GF MILK UHT FC IP BA 1000ML @12/1011000108","1","MFT","FOOD","GOOD","PC","12.0000","CT","16774.0000","17940.0000","22","GREENFIELDS","","","","1011000108","2201010"
"2201010_BD","GF MILK UHT FC IP BA 1000ML @12/1011000108","1","MFT","FOOD","BAD","PC","12.0000","CT","16260.0000","17390.0000","22","GREENFIELDS","","","","","2201010"
"2201011","WHIPING CREAM 1 LT/1011140102","1","MFT","FOOD","GOOD","PC","12.0000","CT","61661.0000","64230.0000","22","GREENFIELDS","","","H","1011140102","2201011"
"2201011_BD","WHIPING CREAM 1 LT","1","MFT","FOOD","BAD","PC","12.0000","CT","74986.0000","78110.0000","22","GREENFIELDS","","","ABCDEFGH","","2201011"
"2201012","MOZZARELLA BLOCK CHEESE 200 GR/1011100402","1","MFT","FOOD","GOOD","PC","12.0000","CT","38551.0000","40157.0000","22","GREENFIELDS","","","H","1011100402","2201012"
"2201012_BD","MOZZARELLA BLOCK CHEESE 200 GR","1","MFT","FOOD","BAD","PC","12.0000","CT","38551.0000","40157.0000","22","GREENFIELDS","","","ABCDEFGH","","2201012"
"2201013","MOZZARELLA SHREEDED CHEESE 200 GR/1011111602","1","MFT","FOOD","GOOD","PC","12.0000","CT","51018.0000","52059.0000","22","GREENFIELDS","","","H","1011111602","2201013"
"2201013_BD","MOZZARELLA SHREEDED CHEESE 200 GR","1","MFT","FOOD","BAD","PC","12.0000","CT","51018.0000","52059.0000","22","GREENFIELDS","","","ABCDEFGH","","2201013"
"2201014","RICOTTA CHEESE 250 GR/1011171402","1","MFT","FOOD","GOOD","PC","12.0000","CT","28919.0000","30590.0000","22","GREENFIELDS","","","H","1011171402","2201014"
"2201014_BD","RICOTTA CHEESE 250 GR","1","MFT","FOOD","BAD","PC","12.0000","CT","28919.0000","30590.0000","22","GREENFIELDS","","","ABCDEFGH","","2201014"
"2201016","UHT 1LT FULL CREAM/1011000106","1","MFT","FOOD","GOOD","PC","12.0000","CT","16910.8100","18086.4800","22","GREENFIELDS","","","BDEFGH","1011000106","2201016"
"2201016_BD","UHT 1LT FULL CREAM","1","MFT","FOOD","BAD","PC","12.0000","CT","16910.8100","18086.4800","22","GREENFIELDS","","","ABCDEFGH","","2201016"
"2201017","UHT 1 LT SKIM/1011020106","1","MFT","FOOD","GOOD","PC","12.0000","CT","18184.0000","19448.0000","22","GREENFIELDS","","","BDEFGH","1011020106","2201017"
"2201017_BD","UHT 1 LT SKIM","1","MFT","FOOD","BAD","PC","12.0000","CT","18184.0000","19448.0000","22","GREENFIELDS","","","ABCDEFGH","","2201017"
"2201019","FRESH MILK LOW FAT 1LT RP/1011010103","1","MFT","FOOD","GOOD","PC","12.0000","CT","23287.0000","25590.0000","22","GREENFIELDS","","","H","1011010103","2201019"
"2201019_BD","FRESH MILK LOW FAT 1LT RP","1","MFT","FOOD","BAD","PC","12.0000","CT","23287.0000","25590.0000","22","GREENFIELDS","","","ABCDEFGH","","2201019"
"2201020","FRESH MILK CHOCOMALT 1LT RP/1011040102","1","MFT","FOOD","GOOD","PC","12.0000","CT","23287.0000","25590.0000","22","GREENFIELDS","","","H","1011040102","2201020"
"2201020_BD","FRESH MILK CHOCOMALT 1LT RP","1","MFT","FOOD","BAD","PC","12.0000","CT","23287.0000","25590.0000","22","GREENFIELDS","","","ABCDEFGH","","2201020"
"2201021_BD","FRESH MILK MOCHACCINO 1LT","1","MFT","FOOD","BAD","PC","12.0000","CT","20903.0000","22970.0000","22","GREENFIELDS","","","ABCDEFGH","","2201021"
"2201022","FRESH MILK STRAWBERRY 1LT RP 12/CT","1","MFT","FOOD","GOOD","PC","12.0000","CT","21531.0000","23660.0000","22","GREENFIELDS","","","H","","2201022"
"2201022_BD","FRESH MILK STRAWBERRY 1LT RP","1","MFT","FOOD","BAD","PC","12.0000","CT","21531.0000","23660.0000","22","GREENFIELDS","","","ABCDEFGH","","2201022"
"2201023","WHIPPING CREAM 1000ML WITH INNER PACK/1011140104","1","MFT","FOOD","GOOD","PC","12.0000","CT","81081.0000","84459.0000","22","GREENFIELDS","","","","1011140104","2201023"
"2201023_BD","WHIPPING CREAM 1000ML WITH INNER PACK/1011140104","1","MFT","FOOD","BAD","PC","12.0000","CT","81081.0000","84459.0000","22","GREENFIELDS","","","","1011140104","2201023"
"2201025_BD","FRESH MILK STRAWBERRY 500ML","1","MFT","FOOD","BAD","PC","12.0000","CT","12003.0000","13190.0000","22","GREENFIELDS","","","A","","2201025"
"2201026","GF MILK ESL CM LESSSUGAR  RP 950/1011042002","1","MFT","FOOD","GOOD","PC","6.0000","CT","23941.0000","25590.0000","22","GREENFIELDS","","","","","2201026"
"2201026_BD","GF MILK ESL CM LESSSUGAR  RP 950/1011042002","1","MFT","NON FOOD","BAD","PC","6.0000","CT","23287.0000","25590.0000","22","GREENFIELDS","","","","","2201026"
"2201027","FRESH MILK MOCHACINO 200ML/1011050401","1","MFT","FOOD","GOOD","PC","12.0000","CT","6370.0000","7000.0000","22","GREENFIELDS","","","H","1011050401","2201027"
"2201027_BD","FRESH MILK MOCHACINO 200ML","1","MFT","FOOD","BAD","PC","12.0000","CT","6370.0000","7000.0000","22","GREENFIELDS","","","ABCDEFGH","","2201027"
"2201028","FRESH MILK STRAWBERRY 200ML/1011060401","1","MFT","FOOD","GOOD","PC","12.0000","CT","6370.0000","7000.0000","22","GREENFIELDS","","","H","1011060401","2201028"
"2201028_BD","FRESH MILK STRAWBERRY 200ML","1","MFT","FOOD","BAD","PC","12.0000","CT","6370.0000","7000.0000","22","GREENFIELDS","","","ABCDEFGH","","2201028"
"2201029","UHT LOW FAT 1000ML/1011010105","1","MFT","FOOD","GOOD","PC","12.0000","CT","18184.0000","19448.0000","22","GREENFIELDS","","","BDEFGH","1011010105","2201029"
"2201029_BD","UHT LOW FAT 1000ML","1","MFT","FOOD","BAD","PC","12.0000","CT","18184.0000","19448.0000","22","GREENFIELDS","","","ABCDEFGH","","2201029"
"2201030_BD","UHT CHOCOMALT 1000ML","1","MFT","FOOD","BAD","PC","12.0000","CT","17089.0000","18180.0000","22","GREENFIELDS","","","ABCDEFGH","","2201030"
"2201034","GF MILK ESL FC XFT IP 1LT/1011400101","1","22A","FOOD","GOOD","PC","12.0000","CT","15697.2900","17837.8300","22","GREENFIELDS","","","","","2201034"
"2201034_BD","GF MILK ESL FC XFT IP 1LT/1011400101","1","22A","FOOD","BAD","PC","12.0000","CT","16720.0000","17117.1100","22","GREENFIELDS","","","","","2201034"
"2201035","FRESH 1 LT IP FC/1011000103","1","22A","FOOD","GOOD","PC","12.0000","CT","15648.6400","17782.8800","22","GREENFIELDS","","","ABCDEFGHI","1011000103","2201035"
"2201035_BD","FRESH 1 LT IP FC","1","22A","FOOD","BAD","PC","12.0000","CT","16702.0000","17099.1000","22","GREENFIELDS","","","ABCDEFGH","","2201035"
"2201036","FRESH SKIM IP 1LT/1011020103","1","MFT","FOOD","GOOD","PC","12.0000","CT","16289.0000","18510.0000","22","GREENFIELDS","","","H","1011020103","2201036"
"2201036_BD","FRESH SKIM IP 1LT","1","MFT","FOOD","BAD","PC","12.0000","CT","15761.0000","17910.0000","22","GREENFIELDS","","","ABCDEFGH","","2201036"
"2201040_BD","FRESH MILK MOCHACCINO 1LT 6/CT","1","MFT","FOOD","BAD","PC","6.0000","CT","23287.0000","25590.0000","22","GREENFIELDS","","","ABCDEFGH","","2201040"
"2201041_BD","FRESH MILK STRAWBERRY 1LT RP 6/CT","1","MFT","FOOD","BAD","PC","6.0000","CT","23287.0000","25590.0000","22","GREENFIELDS","","","ABCDEFGH","","2201041"
"2201043","STIRRED YOGHURT 125GR PLAIN/ORI/1011191701","1","MFT","FOOD","GOOD","PC","12.0000","CT","10840.0000","11912.0000","22","GREENFIELDS","","","H","1011191701","2201043"
"2201043_BD","STIRRED YOGHURT 125GR PLAIN/ORI","1","MFT","FOOD","BAD","PC","12.0000","CT","10840.0000","11912.0000","22","GREENFIELDS","","","ABCDEFGH","","2201043"
"2201044","STIRRED YOGHURT 125GR STRAWBERRY/1011221701","1","MFT","FOOD","GOOD","PC","12.0000","CT","10840.0000","11912.0000","22","GREENFIELDS","","","H","10121221701","2201044"
"2201044_BD","STIRRED YOGHURT 125GR STRAWBERRY","1","MFT","FOOD","BAD","PC","12.0000","CT","10840.0000","11912.0000","22","GREENFIELDS","","","ABCDEFGH","","2201044"
"2201045","STIRRED YOGHURT 500GR ORI/1011191801","1","MFT","FOOD","GOOD","PC","6.0000","CT","33319.0000","36614.0000","22","GREENFIELDS","","","H","1011191801","2201045"
"2201045_BD","STIRRED YOGHURT 500GR PLAIN/ORI","1","MFT","FOOD","BAD","PC","6.0000","CT","33319.0000","36614.0000","22","GREENFIELDS","","","ABCDEFGH","","2201045"
"2201046","STIRRED YOGHURT 500GR STR/1011221801","1","MFT","FOOD","GOOD","PC","6.0000","CT","32038.0000","35206.0000","22","GREENFIELDS","","","H","1011221801","2201046"
"2201046_BD","STIRRED YOGHURT 500GR STRAWBERRY","1","MFT","FOOD","BAD","PC","6.0000","CT","32038.0000","35206.0000","22","GREENFIELDS","","","ABCDEFGH","","2201046"
"2201047","STIRRED YOGHURT 125GR BLUEBERRY/1011201701","1","MFT","FOOD","GOOD","PC","12.0000","CT","10840.0000","11912.0000","22","GREENFIELDS","","","H","1011201701","2201047"
"2201047_BD","STIRRED YOGHURT 125GR BLUEBERRY","1","MFT","FOOD","BAD","PC","12.0000","CT","10840.0000","11912.0000","22","GREENFIELDS","","","ABCDEFGH","","2201047"
"2201048","STIRRED YOGHURT 125GR MANGO/1011211701","1","MFT","FOOD","GOOD","PC","12.0000","CT","10840.0000","11912.0000","22","GREENFIELDS","","","H","1011211701","2201048"
"2201048_BD","STIRRED YOGHURT 125GR MANGO","1","MFT","FOOD","BAD","PC","12.0000","CT","10840.0000","11912.0000","22","GREENFIELDS","","","ABCDEFGH","","2201048"
"2201049","STIRRED YOGHURT 500GR BLUEBERRY/1011201801","1","MFT","FOOD","GOOD","PC","6.0000","CT","32038.0000","35206.0000","22","GREENFIELDS","","","H","1011201801","2201049"
"2201049_BD","STIRRED YOGHURT 500GR BLUEBERRY","1","MFT","FOOD","BAD","PC","6.0000","CT","32038.0000","35206.0000","22","GREENFIELDS","","","ABCDEFGH","","2201049"
"2201050","STIRRED YOGHURT 500GR MANGO/1011211801","1","MFT","FOOD","GOOD","PC","6.0000","CT","32038.0000","35206.0000","22","GREENFIELDS","","","H","1011211801","2201050"
"2201050_BD","STIRRED YOGHURT 500GR MANGO","1","MFT","FOOD","BAD","PC","6.0000","CT","32038.0000","35206.0000","22","GREENFIELDS","","","ABCDEFGH","","2201050"
"2201051","GF YOGURT ORIGINAL 1000GR/1011191101","1","MFT","FOOD","GOOD","PC","6.0000","CT","61869.0000","67988.0000","22","GREENFIELDS","","","H","1011191101","2201051"
"2201051_BD","GF YOGURT ORIGINAL 1000GR","1","MFT","FOOD","BAD","PC","6.0000","CT","61869.0000","67988.0000","22","GREENFIELDS","","","ABCDEFGH","","2201051"
"2201052","GF YOGURT BLUEBERRY 1000GR/1011201101","1","MFT","FOOD","GOOD","PC","6.0000","CT","59266.0000","65128.0000","22","GREENFIELDS","","","H","1011201101","2201052"
"2201052_BD","GF YOGURT BLUEBERRY 1000GR","1","MFT","FOOD","BAD","PC","6.0000","CT","59266.0000","65128.0000","22","GREENFIELDS","","","ABCDEFGH","","2201052"
"2201053","GF YOGURT STRAWBERRY 1000GR/1011221101","1","MFT","FOOD","GOOD","PC","6.0000","CT","59266.0000","65128.0000","22","GREENFIELDS","","","H","1011221101","2201053"
"2201053_BD","GF YOGURT STRAWBERRY 1000GR","1","MFT","FOOD","BAD","PC","6.0000","CT","59266.0000","65128.0000","22","GREENFIELDS","","","ABCDEFGH","","2201053"
"2201054_BD","GF MILK UHT FC PA 125ML","1","MFT","FOOD","BAD","PC","40.0000","CT","2923.0000","3110.0000","22","GREENFIELDS","","","ABCDEFGH","","2201054"
"2201055_BD","GF MILK UHT CM PA 125ML","1","MFT","FOOD","BAD","PC","40.0000","CT","2923.0000","3110.0000","22","GREENFIELDS","","","ABCDEFGH","","2201055"
"2201056_BD","GREENFIELDS UHT STRAWBERRY 125ML","1","MFT","FOOD","BAD","PC","40.0000","CT","2923.0000","3110.0000","22","GREENFIELDS","","","ABCDEFGH","","2201056"
"2201057_BD","GREENFIELDS UHT STRAWBERRY 250ML","1","MFT","FOOD","BAD","PC","24.0000","CT","5273.0000","5610.0000","22","GREENFIELDS","","","ABCDEFGH","","2201057"
"2201058_BD","GF MILK UHT CM PA 250ML","1","MFT","FOOD","BAD","PC","24.0000","CT","5273.0000","5610.0000","22","GREENFIELDS","","","ABCDEFGH","","2201058"
"2201059_BD","GF MILK UHT CM PA 200ML","1","MFT","FOOD","BAD","PC","24.0000","CT","4258.0000","4530.0000","22","GREENFIELDS","","","ABCDEFGH","","2201059"
"2201060_BD","GF MILK UHT FC PA 200ML","1","MFT","FOOD","BAD","PC","24.0000","CT","4258.0000","4530.0000","22","GREENFIELDS","","","ABCDEFGH","","2201060"
"2201061_BD","GF MILK UHT FC PA 250ML","1","MFT","FOOD","BAD","PC","24.0000","CT","5273.0000","5610.0000","22","GREENFIELDS","","","ABCDEFGH","","2201061"
"2201062_BD","GF MILK UHT STR PA 200ML","1","MFT","FOOD","BAD","PC","24.0000","CT","4258.0000","4530.0000","22","GREENFIELDS","","","ABCDEFGH","","2201062"
"2201064_BD","GF CHEESE RICOTTA TUB 1000GR","1","MFT","FOOD","BAD","PC","6.0000","CT","57200.0000","65000.0000","22","GREENFIELDS","","","ABCDEFGH","","2201064"
"2201065","GF YOGURT STRAW 4X125GR 3PK/1011221722","1","MFT","FOOD","GOOD","PK","3.0000","CT","32755.0000","35995.0000","22","GREENFIELDS","","","H","1011221722","2201065"
"2201065_BD","GF YOGURT STRAW 4X125GR 3PK","1","MFT","FOOD","BAD","PK","3.0000","CT","32755.0000","35995.0000","22","GREENFIELDS","","","ABCDEFGH","","2201065"
"2201066_BD","GF YOGURT ORIGINAL 2X125GR 6PK","1","MFT","FOOD","BAD","PK","6.0000","CT","16735.0000","18390.0000","22","GREENFIELDS","","","ABCDEFGH","","2201066"
"2201067","GF YOGURT ORIGINAL 4X125G 3PK/1011191722","1","MFT","FOOD","GOOD","PK","3.0000","CT","32501.0000","35715.0000","22","GREENFIELDS","","","H","1011191722","2201067"
"2201067_BD","GF YOGURT ORIGINAL 4X125G 3PK","1","MFT","FOOD","BAD","PK","3.0000","CT","32501.0000","35715.0000","22","GREENFIELDS","","","ABCDEFGH","","2201067"
"2201068_BD","GF YOGURT BLUEBERRY 2X125GR 6PK","1","MFT","FOOD","BAD","PK","6.0000","CT","16735.0000","18390.0000","22","GREENFIELDS","","","A","","2201068"
"2201069","GF YOGURT BLUEBERRY 4X125GR 3PK/1011201722","1","MFT","FOOD","GOOD","PK","3.0000","CT","32501.0000","35715.0000","22","GREENFIELDS","","","H","1011201722","2201069"
"2201069_BD","GF YOGURT BLUEBERRY 4X125GR 3PK","1","MFT","FOOD","BAD","PK","3.0000","CT","31283.0000","34377.0000","22","GREENFIELDS","","","ABCDEFGH","","2201069"
"2201070_BD","GF YOGURT MANGO 2X125GR 6PK","1","MFT","FOOD","BAD","PK","6.0000","CT","16735.0000","18390.0000","22","GREENFIELDS","","","ABCDEFGH","","2201070"
"2201071","GF YOGURT MANGO 4X125GR 3PK/1011211722","1","MFT","FOOD","GOOD","PK","3.0000","CT","32501.0000","35715.0000","22","GREENFIELDS","","","H","1011211722","2201071"
"2201071_BD","GF YOGURT MANGO 4X125GR 3PK","1","MFT","FOOD","BAD","PK","3.0000","CT","32501.0000","35715.0000","22","GREENFIELDS","","","ABCDEFGH","","2201071"
"2201072_BD","GF YOGURT STRAW 2X125GR 6PK","1","MFT","FOOD","BAD","PK","6.0000","CT","16735.0000","18390.0000","22","GREENFIELDS","","","A","","2201072"
"2201073_BD","GF YOGURT DRINK BLUEBERRY 250ML","1","MFT","FOOD","BAD","PC","12.0000","CT","6431.0000","6990.0000","22","GREENFIELDS","","","A","","2201073"
"2201074_BD","GF YOGURT DRINK PEACH 250ML","1","MFT","FOOD","BAD","PC","12.0000","CT","6431.0000","6990.0000","22","GREENFIELDS","","","A","","2201074"
"2201075_BD","GF YOGURT DRINK MANGO 250ML","1","MFT","FOOD","BAD","PC","12.0000","CT","6431.0000","6990.0000","22","GREENFIELDS","","","A","","2201075"
"2201076_BD","GF YOGURT DRINK STRAWBERRY 250ML","1","MFT","FOOD","BAD","PC","12.0000","CT","6431.0000","6990.0000","22","GREENFIELDS","","","A","","2201076"
"2201077_BD","GF YOGURT DRINK LYCHE 250ML","1","MFT","FOOD","BAD","PC","12.0000","CT","6431.0000","6990.0000","22","GREENFIELDS","","","A","","2201077"
"2201078_BD","GF YOGURT DRINK MIX FRUIT 250ML","1","MFT","FOOD","BAD","PC","12.0000","CT","6431.0000","6990.0000","22","GREENFIELDS","","","A","","2201078"
"2201079","GF CHEESE MOZZ BLOCK VAC 1000GR/1011100102","1","MFT","FOOD","GOOD","PC","6.0000","CT","122477.0000","126265.0000","22","GREENFIELDS","","","H","1011100102","2201079"
"2201079_BD","GF CHEESE MOZZ BLOCK VAC 1000GR","1","MFT","FOOD","BAD","PC","6.0000","CT","92635.0000","95500.0000","22","GREENFIELDS","","","","","2201079"
"2201080","GF YOGURT PLAIN 1000GR @6 NON SUGAR/1011231102","1","MFT","FOOD","GOOD","PC","6.0000","CT","31231.0000","34320.0000","22","GREENFIELDS","","","H","1011231102","2201080"
"2201080_BD","GF YOGURT PLAIN 1000GR @6 NON SUGAR","1","MFT","FOOD","BAD","PC","6.0000","CT","29939.0000","32900.0000","22","GREENFIELDS","","","A","","2201080"
"2201081","GF YOGURT ORIGINAL STBK 125GR/1016191705","1","MFT","FOOD","GOOD","PC","12.0000","CT","8001.0000","10110.0000","22","GREENFIELDS","","","H","1016191705","2201081"
"2201081_BD","GF YOGURT ORIGINAL STBK 125GR","1","MFT","FOOD","BAD","PC","12.0000","CT","8240.0000","10110.0000","22","GREENFIELDS","","","ABCDEFGHI","","2201081"
"2201082","GF YOGURT BLUEBERRY STBK 125GR/1016201705","1","MFT","FOOD","GOOD","PC","12.0000","CT","8801.0000","9671.0000","22","GREENFIELDS","","","H","1016201705","2201082"
"2201082_BD","GF YOGURT BLUEBERRY STBK 125GR","1","MFT","FOOD","BAD","PC","12.0000","CT","8248.0000","10110.0000","22","GREENFIELDS","","","ABCDEFGHI","","2201082"
"2201083","GF YOGURT MANGO STBK 125GR/1016211705","1","MFT","FOOD","GOOD","PC","12.0000","CT","8801.0000","10110.0000","22","GREENFIELDS","","","H","1016211705","2201083"
"2201083_BD","GF YOGURT MANGO STBK 125GR","1","MFT","FOOD","BAD","PC","12.0000","CT","8248.0000","10110.0000","22","GREENFIELDS","","","ABCDEFGHI","","2201083"
"2201084","GF YOGURT STRAWBERRY STBK 125GR/1016221705","1","MFT","FOOD","GOOD","PC","12.0000","CT","8801.0000","9671.0000","22","GREENFIELDS","","","H","1016221705","2201084"
"2201084_BD","GF YOGURT STRAWBERRY STBK 125GR","1","MFT","FOOD","BAD","PC","12.0000","CT","8248.0000","10110.0000","22","GREENFIELDS","","","ABCDEFGHI","","2201084"
"2201085","STIRRED YOGHURT 125GR MANGO PEACH/1011271701","1","MFT","FOOD","GOOD","PC","12.0000","CT","10428.0000","11459.0000","22","GREENFIELDS","","","H","1011271701","2201085"
"2201085_BD","STIRRED YOGHURT 125GR MANGO PEACH","1","MFT","FOOD","BAD","PC","12.0000","CT","10428.0000","11459.0000","22","GREENFIELDS","","","ABCDEFGHI","","2201085"
"2201086","STIRRED YOGHURT 125GR RASPBERRY LYCHEE/1011281701","1","MFT","FOOD","GOOD","PC","12.0000","CT","10428.0000","11459.0000","22","GREENFIELDS","","","H","1011281701","2201086"
"2201086_BD","STIRRED YOGHURT 125GR RASPBERRY LYCHEE","1","MFT","FOOD","BAD","PC","12.0000","CT","10428.0000","11459.0000","22","GREENFIELDS","","","ABCDEFGHI","","2201086"
"2201087","STIRRED YOGHURT 125GR MIXED BERRY/1011291701","1","MFT","FOOD","GOOD","PC","12.0000","CT","10428.0000","11459.0000","22","GREENFIELDS","","","H","1011291701","2201087"
"2201087_BD","STIRRED YOGHURT 125GR MIXED BERRY","1","MFT","FOOD","BAD","PC","12.0000","CT","10428.0000","11459.0000","22","GREENFIELDS","","","ABCDEFGHI","","2201087"
"2201088_BD","GF YOGURT MANGO PEACH 2X125GR 6PK","1","MFT","FOOD","BAD","PK","6.0000","CT","16735.0000","18390.0000","22","GREENFIELDS","","","ABCDEFGHI","","2201088"
"2201089_BD","GF YOGURT RASPBERRY LYCHEE 2X125GR 6PK","1","MFT","FOOD","BAD","PK","6.0000","CT","16735.0000","18390.0000","22","GREENFIELDS","","","ABCDEFGHI","","2201089"
"2201090_BD","GF YOGURT MIXED BERRY 2X125GR 6PK","1","MFT","FOOD","BAD","PK","6.0000","CT","16735.0000","18390.0000","22","GREENFIELDS","","","ABCDEFGHI","","2201090"
"2201091","GF YOGURT MANGO PEACH 4X125GR 3PK/1011272203","1","MFT","FOOD","GOOD","PK","3.0000","CT","31283.0000","34377.0000","22","GREENFIELDS","","","H","1011272203","2201091"
"2201091_BD","GF YOGURT MANGO PEACH 4X125GR 3PK","1","MFT","FOOD","BAD","PK","3.0000","CT","31283.0000","34377.0000","22","GREENFIELDS","","","ABCDEFGHI","","2201091"
"2201092","GF YOGURT RASPBERRY LYCHEE 4X125GR 3PK/1011282203","1","MFT","FOOD","GOOD","PK","3.0000","CT","31283.0000","34377.0000","22","GREENFIELDS","","","H","1011282203","2201092"
"2201092_BD","GF YOGURT RASPBERRY LYCHEE 4X125GR 3PK","1","MFT","FOOD","BAD","PK","3.0000","CT","31283.0000","34377.0000","22","GREENFIELDS","","","ABCDEFGHI","","2201092"
"2201093","GF YOGURT MIXED BERRY 4X125GR 3PK/1011292203","1","MFT","FOOD","GOOD","PK","3.0000","CT","31283.0000","34377.0000","22","GREENFIELDS","","","H","1011292203","2201093"
"2201093_BD","GF YOGURT MIXED BERRY 4X125GR 3PK","1","MFT","FOOD","BAD","PK","3.0000","CT","31283.0000","34377.0000","22","GREENFIELDS","","","ABCDEFGHI","","2201093"
"2201094","GF YOGURT PLAIN 500GR @6/1011231802","1","MFT","FOOD","GOOD","PC","6.0000","CT","30793.0000","33838.0000","22","GREENFIELDS","","","ABCDEFGHI","1011231802","2201094"
"2201094_BD","GF YOGURT PLAIN 500GR @6","1","MFT","FOOD","BAD","PC","6.0000","CT","30793.0000","33838.0000","22","GREENFIELDS","","","ABCDEFGHI","","2201094"
"2201095","GF CHEESE CAMEMBERT OBOX 125GR/1011181701","1","MFT","FOOD","GOOD","PC","6.0000","CT","49265.0000","52410.0000","22","GREENFIELDS","","","ABCDEFGH","1011181701","2201095"
"2201095_BD","GF CHEESE CAMEMBERT OBOX 125GR","1","MFT","FOOD","BAD","PC","6.0000","CT","49265.0000","52410.0000","22","GREENFIELDS","","","ABCDEFGHI","","2201095"
"2201096","FRESH JERSEY 1LT FC/1011400100","1","22A","FOOD","GOOD","PC","6.0000","CT","29233.0000","28940.5400","22","GREENFIELDS","","","ABCDEFGHI","1011400100","2201096"
"2201096_BD","FRESH JERSEY 1LT FC","1","22A","FOOD","BAD","PC","6.0000","CT","29233.0000","28940.5400","22","GREENFIELDS","","","ABCDEFGHI","","2201096"
"2201097_BD","GF YOGURT DRINK BLUEBERRY 150ML","1","MFT","FOOD","BAD","PC","12.0000","CT","3965.0000","4310.0000","22","GREENFIELDS","","","ABCDEFGHI","","2201097"
"2201098_BD","GF YOGURT DRINK LYCHEE 150ML","1","MFT","FOOD","BAD","PC","12.0000","CT","3965.0000","4310.0000","22","GREENFIELDS","","","ABCDEFGHI","","2201098"
"2201099_BD","GF YOGURT DRINK STRAWBERRY 150ML","1","MFT","FOOD","BAD","PC","12.0000","CT","3965.0000","4310.0000","22","GREENFIELDS","","","ABCDEFGHI","","2201099"
"2201100_BD","GF YOGURT POUCH BLUEBERRY 8X6X80GR","1","MFT","FOOD","BAD","PC","48.0000","CT","5750.0000","6250.0000","22","GREENFIELDS","","","ABCDEFGHI","","2201100"
"2201101_BD","GF YOGURT POUCH ORIGINAL 8X6X80GR","1","MFT","FOOD","BAD","PC","48.0000","CT","5750.0000","6250.0000","22","GREENFIELDS","","","ABCDEFGHI","","2201101"
"2201102_BD","GF YOGURT POUCH STRAWBERRY 8X6X80GR","1","MFT","FOOD","BAD","PC","48.0000","CT","5750.0000","6250.0000","22","GREENFIELDS","","","ABCDEFGHI","","2201102"
"2201103_BD","GF YOGURT DRINK ORIGINAL 250ML","1","MFT","FOOD","BAD","PC","12.0000","CT","6431.0000","6990.0000","22","GREENFIELDS","","","ABCDEFGHI","","2201103"
"2201104_BD","GF YOGURT DRINK TROP BANANA 250ML","1","MFT","FOOD","BAD","PC","12.0000","CT","6431.0000","6990.0000","22","GREENFIELDS","","","ABCDEFGHI","","2201104"
"2201105_BD","GF YOGURT DRINK MERBERRY LYCHEE 250ML","1","MFT","FOOD","BAD","PC","12.0000","CT","6431.0000","6990.0000","22","GREENFIELDS","","","ABCDEFGHI","","2201105"
"2201106_BD","GF YOGURT DRINK SUMMER SOURSOP 250ML","1","MFT","FOOD","BAD","PC","12.0000","CT","6431.0000","6990.0000","22","GREENFIELDS","","","ABCDEFGHI","","2201106"
"2201107_BD","GF YOGURT POUCH MANGO PEACH 8X6X80GR","1","MFT","FOOD","BAD","PC","48.0000","CT","5750.0000","6250.0000","22","GREENFIELDS","","","","","2201107"
"2201108_BD","GF YOGURT POUCH MANGO 8X6X80GR","1","MFT","FOOD","BAD","PC","48.0000","CT","5750.0000","6250.0000","22","GREENFIELDS","","","","","2201108"
"2201109_BD","GF YOGURT POUCH RASPBERRY LYCHEE 8X6X80GR","1","MFT","FOOD","BAD","PC","48.0000","CT","5750.0000","6250.0000","22","GREENFIELDS","","","","","2201109"
"2201110_BD","GF YOGURT POUCH MIXED BERRY 8X6X80GR","1","MFT","FOOD","BAD","PC","48.0000","CT","5750.0000","6250.0000","22","GREENFIELDS","","","","","2201110"
"2201111","GF Yogurt Pouch Mango Peach 10X6X110GR/1011272800","1","MFT","FOOD","GOOD","PC","60.0000","CT","7206.0000","7829.0000","22","GREENFIELDS","","","","1011272800","2201111"
"2201111_BD","GF Yogurt Pouch Mango Peach 10X6X110GR","1","MFT","FOOD","BAD","PC","60.0000","CT","6052.0000","6575.0000","22","GREENFIELDS","","","","","2201111"
"2201112","GF YG PCH STR LSL10X6X110GR/1011222800","1","MFT","FOOD","GOOD","PC","60.0000","CT","7206.0000","7829.0000","22","GREENFIELDS","","","","1011222800","2201112"
"2201112_BD","GF Yogurt Pouch Strawberry 10X6X110GR","1","MFT","FOOD","BAD","PC","60.0000","CT","7206.0000","7829.0000","22","GREENFIELDS","","","","","2201112"
"2201113","GF YG PCH MANGO LSL10X6X110GR/1011212800","1","MFT","FOOD","GOOD","PC","60.0000","CT","7206.0000","7829.0000","22","GREENFIELDS","","","","1011212800","2201113"
"2201113_BD","GF Yogurt Pouch Mango 10X6X110GR","1","MFT","FOOD","BAD","PC","60.0000","CT","7206.0000","7829.0000","22","GREENFIELDS","","","","","2201113"
"2201114","GF Yogurt Pouch Raspberry Lyche 10X6X110GR/1011282","1","MFT","FOOD","GOOD","PC","60.0000","CT","6052.0000","6575.0000","22","GREENFIELDS","","","","1011282800","2201114"
"2201114_BD","GF Yogurt Pouch Raspberry Lyche 10X6X110GR","1","MFT","FOOD","BAD","PC","60.0000","CT","6052.0000","6575.0000","22","GREENFIELDS","","","","","2201114"
"2201115","GF YG PCH BBERRY LSL10X6X110GR/1011202800","1","MFT","FOOD","GOOD","PC","60.0000","CT","7206.0000","7829.0000","22","GREENFIELDS","","","","1011202800","2201115"
"2201115_BD","GF Yogurt Pouch Blueberry 10X6X110GR","1","MFT","FOOD","BAD","PC","60.0000","CT","7206.0000","7829.0000","22","GREENFIELDS","","","","","2201115"
"2201116","GF Yogurt Pouch Mixed Berry 10X6X110GR/1011292800","1","MFT","FOOD","GOOD","PC","60.0000","CT","6052.0000","6575.0000","22","GREENFIELDS","","","","1011292800","2201116"
"2201116_BD","GF Yogurt Pouch Mixed Berry 10X6X110GR","1","MFT","FOOD","BAD","PC","60.0000","CT","6052.0000","6575.0000","22","GREENFIELDS","","","","","2201116"
"2201117","GF YG PCH ORI LSL 10X6X110GR/1011192800","1","MFT","FOOD","GOOD","PC","60.0000","CT","7206.0000","7829.0000","22","GREENFIELDS","","","","1011192800","2201117"
"2201117_BD","GF Yogurt Pouch Original 10X6X110GR","1","MFT","FOOD","BAD","PC","60.0000","CT","7206.0000","7829.0000","22","GREENFIELDS","","","","","2201117"
"2201118_BD","GREENFIELDS UHT CHOCOMALT 250ML 32/CT","1","MFT","FOOD","BAD","PC","32.0000","CT","5273.0000","5610.0000","22","GREENFIELDS","","","","","2201118"
"2201119","GREENFIELDS UHT STRAWBERRY 250ML 32/CT/1011061902","1","MFT","FOOD","GOOD","PC","32.0000","CT","5903.0000","6313.0000","22","GREENFIELDS","","","","1011061902","2201119"
"2201119_BD","GREENFIELDS UHT STRAWBERRY 250ML 32/CT/1011061902","1","MFT","FOOD","BAD","PC","32.0000","CT","5903.0000","6313.0000","22","GREENFIELDS","","","","","2201119"
"2201121","GF YOGURT DRINK STRAWBERRY 240ML/1011223000","1","MFT","FOOD","GOOD","PC","12.0000","CT","6431.0000","6990.0000","22","GREENFIELDS","","","","1011223000","2201121"
"2201121_BD","GF YOGURT DRINK STRAWBERRY 240ML","1","MFT","FOOD","BAD","PC","12.0000","CT","6431.0000","6990.0000","22","GREENFIELDS","","","","","2201121"
"2201122","GF YOGURT DRINK BLUEBERRY 240ML/1011203000","1","MFT","FOOD","GOOD","PC","12.0000","CT","6431.0000","6990.0000","22","GREENFIELDS","","","","1011203000","2201122"
"2201122_BD","GF YOGURT DRINK BLUEBERRY 240ML","1","MFT","FOOD","BAD","PC","12.0000","CT","6431.0000","6990.0000","22","GREENFIELDS","","","","","2201122"
"2201123","GF YOGURT DRINK LYCHE 240ML1011243000","1","MFT","FOOD","GOOD","PC","12.0000","CT","6431.0000","6990.0000","22","GREENFIELDS","","","","1011243000","2201123"
"2201123_BD","GF YOGURT DRINK LYCHE 240ML","1","MFT","FOOD","BAD","PC","12.0000","CT","6431.0000","6990.0000","22","GREENFIELDS","","","","","2201123"
"2201124","GF YOGURT DRINK MANGO 240ML1011213000","1","MFT","FOOD","GOOD","PC","12.0000","CT","6431.0000","6990.0000","22","GREENFIELDS","","","","1011213000","2201124"
"2201124_BD","GF YOGURT DRINK MANGO 240ML","1","MFT","FOOD","BAD","PC","12.0000","CT","6431.0000","6990.0000","22","GREENFIELDS","","","","","2201124"
"2201125","GF YOGURT DRINK MIX FRUIT 240ML/1011263000","1","MFT","FOOD","GOOD","PC","12.0000","CT","6431.0000","6990.0000","22","GREENFIELDS","","","","1011263000","2201125"
"2201125_BD","GF YOGURT DRINK MIX FRUIT 240ML","1","MFT","FOOD","BAD","PC","12.0000","CT","6431.0000","6990.0000","22","GREENFIELDS","","","","","2201125"
"2201126","GF YOGURT DRINK ORIGINAL 240ML/1011193000","1","MFT","FOOD","GOOD","PC","12.0000","CT","6431.0000","6990.0000","22","GREENFIELDS","","","","1011193000","2201126"
"2201126_BD","GF YOGURT DRINK ORIGINAL 240ML","1","MFT","FOOD","BAD","PC","12.0000","CT","6431.0000","6990.0000","22","GREENFIELDS","","","","","2201126"
"2201127","GF YOGURT DRINK MERBERRY LYCHEE 240ML/1011433000","1","MFT","FOOD","GOOD","PC","12.0000","CT","6431.0000","6990.0000","22","GREENFIELDS","","","","1011433000","2201127"
"2201127_BD","GF YOGURT DRINK MERBERRY LYCHEE 240ML","1","MFT","FOOD","BAD","PC","12.0000","CT","6431.0000","6990.0000","22","GREENFIELDS","","","","","2201127"
"2201128","GF MILK ESL LOWFAT RP 950LCL/1011012000","1","MFT","FOOD","GOOD","PC","12.0000","CT","24643.0000","27080.0000","22","GREENFIELDS","","","","","2201128"
"2201128_BD","GF MILK ESL LOWFAT RP 950LCL/1011012000","1","MFT","FOOD","BAD","PC","12.0000","CT","24643.0000","27080.0000","22","GREENFIELDS","","","","","2201128"
"2201129","GF MILK ESL CHOCOMALT RP 950/1011042000","1","MFT","FOOD","GOOD","PC","6.0000","CT","23287.0000","25590.0000","22","GREENFIELDS","","","","","2201129"
"2201129_BD","GF MILK ESL CHOCOMALT RP 950/1011042000","1","MFT","FOOD","BAD","PC","6.0000","CT","23287.0000","25590.0000","22","GREENFIELDS","","","","","2201129"
"2201130","GF MILK ESL FC JERSEY RP 950/1011402000","1","22A","FOOD","GOOD","PC","6.0000","CT","27753.1500","30498.1900","22","GREENFIELDS","","","","","2201130"
"2201130_BD","GF MILK ESL FC JERSEY RP 950/1011402000","1","22A","FOOD","BAD","PC","6.0000","CT","29233.0000","28940.5400","22","GREENFIELDS","","","","","2201130"
"2201131","GF MILK ESL STR RP 950/1011062000","1","MFT","FOOD","GOOD","PC","6.0000","CT","23941.0000","26309.0000","22","GREENFIELDS","","","","","2201131"
"2201131_BD","GF MILK ESL STR RP 950/1011062000","1","MFT","FOOD","BAD","PC","6.0000","CT","23941.0000","26309.0000","22","GREENFIELDS","","","","","2201131"
"2201132","GF MILK ESL SK RP 950 LCL@12/1011022000","1","MFT","FOOD","GOOD","PC","12.0000","CT","25152.0000","27640.0000","22","GREENFIELDS","","","","1011022000","2201132"
"2201132_BD","GF MILK ESL SK RP 950 LCL@12/1011022000","1","MFT","FOOD","BAD","PC","12.0000","CT","25152.0000","27640.0000","22","GREENFIELDS","","","","","2201132"
"2201133","GF MILK ESL MOC RP 950 LCL@6/1011052000","1","MFT","FOOD","GOOD","PC","6.0000","CT","23287.0000","25590.0000","22","GREENFIELDS","","","","","2201133"
"2201133_BD","GF MILK ESL MOC RP 950 LCL@6/1011052000","1","MFT","FOOD","BAD","PC","6.0000","CT","23287.0000","25590.0000","22","GREENFIELDS","","","","","2201133"
"2201134","GF MILK UHT FC PA 200 @32/1011000406","1","MFT","FOOD","GOOD","PC","32.0000","CT","4922.0000","5264.0000","22","GREENFIELDS","","","","1011000406","2201134"
"2201134_BD","GF MILK UHT FC PA 200 @32/1011000406","1","MFT","FOOD","BAD","PC","32.0000","CT","4922.0000","5264.0000","22","GREENFIELDS","","","","1011000406","2201134"
"2201135","GF MILK UHT FC BA 105 LCL@40/1011002901","1","MFT","FOOD","GOOD","PC","40.0000","CT","2661.0000","2846.0000","22","GREENFIELDS","","","","1011002901","2201135"
"2201135_BD","GF MILK UHT FC BA 105 LCL@40/1011002901","1","MFT","FOOD","BAD","PC","40.0000","CT","2661.0000","2846.0000","22","GREENFIELDS","","","","","2201135"
"2201136","GF MILK UHT STR BA 105 LCL@40/1011062901","1","MFT","FOOD","GOOD","PC","40.0000","CT","2661.0000","2846.0000","22","GREENFIELDS","","","","1011062901","2201136"
"2201136_BD","GF MILK UHT STR BA 105 LCL@40/1011062901","1","MFT","FOOD","BAD","PC","40.0000","CT","2661.0000","2846.0000","22","GREENFIELDS","","","","","2201136"
"2201137","GF MILK UHT CHOCO BA 105 LCL @40/1011072901","1","MFT","FOOD","GOOD","PC","40.0000","CT","2583.0000","2763.0000","22","GREENFIELDS","","","","1011072901","2201137"
"2201137_BD","GF MILK UHT CHOCO BA 105 LCL @40/1011072901","1","MFT","FOOD","BAD","PC","40.0000","CT","2583.0000","2763.0000","22","GREENFIELDS","","","","1011072901","2201137"
"2201138","GF MILK ESL FC IP SF 1000LCL @12/1011000109","1","22A","FOOD","GOOD","PC","12.0000","CT","15433.3300","17537.8300","22","GREENFIELDS","","","","1011000109","2201138"
"2201138_BD","GF MILK ESL FC IP SF 1000LCL @12/1011000109","1","22A","FOOD","BAD","PC","12.0000","CT","16438.0000","16828.8200","22","GREENFIELDS","","","","1011000109","2201138"
"2201139","GF MILK UHT CHOCO PA 200@32/1011070400","1","MFT","FOOD","GOOD","PC","32.0000","CT","4779.0000","5111.0000","22","GREENFIELDS","","","","1011070400","2201139"
"2201139_BD","GF MILK UHT CHOCO PA 200@32/1011070400","1","MFT","FOOD","BAD","PC","32.0000","CT","4779.0000","5111.0000","22","GREENFIELDS","","","","","2201139"
"2201140","GF MILK UHT CHOCO PA 250@32/1011071900","1","MFT","FOOD","GOOD","PC","32.0000","CT","5731.0000","6129.0000","22","GREENFIELDS","","","","","2201140"
"2201140_BD","GF MILK UHT CHOCO PA 250@32/1011071900","1","MFT","FOOD","BAD","PC","32.0000","CT","5731.0000","6129.0000","22","GREENFIELDS","","","","1011071900","2201140"
"2201141","GF MILK UHT EXGLM STR ROSE 200@32/1011530400","1","MFT","FOOD","GOOD","PC","32.0000","CT","5306.0000","5675.0000","22","GREENFIELDS","","","","1011530400","2201141"
"2201141_BD","GF MILK UHT EXGLM STR ROSE 200@32/1011530400","1","MFT","FOOD","BAD","PC","32.0000","CT","5306.0000","5675.0000","22","GREENFIELDS","","","","","2201141"
"2201142","GF MILK UHT EXCHIL VANILLA CHAMO @32/1011540400","1","MFT","FOOD","GOOD","PC","32.0000","CT","5306.0000","5675.0000","22","GREENFIELDS","","","","1011540400","2201142"
"2201142_BD","GF MILK UHT EXCHIL VANILLA CHAMO @32/1011540400","1","MFT","FOOD","BAD","PC","32.0000","CT","5306.0000","5675.0000","22","GREENFIELDS","","","","","2201142"
"2201143","GF MILK UHT EXCHER HONEY EARLGREY /1011550400","1","MFT","FOOD","GOOD","PC","32.0000","CT","5306.0000","5675.0000","22","GREENFIELDS","","","","1011550400","2201143"
"2201143_BD","GF MILK UHT EXCHER HONEY EARLGREY /1011550400","1","MFT","FOOD","BAD","PC","32.0000","CT","5306.0000","5675.0000","22","GREENFIELDS","","","","","2201143"
"2201144","GF MILK UHT STR PA 200@32/1011060403","1","MFT","FOOD","GOOD","PC","32.0000","CT","4922.0000","5264.0000","22","GREENFIELDS","","","","1011060403","2201144"
"2201144 _BD","GF MILK UHT STR PA 200@32/1011060403","1","MFT","FOOD","BAD","PC","32.0000","CT","4779.0000","5111.0000","22","GREENFIELDS","","","","","2201144"
"2201144_BD","GF MILK UHT STR PA 200@32/1011060403","1","MFT","FOOD","BAD","PC","32.0000","CT","4922.0000","5264.0000","22","GREENFIELDS","","","","","2201144"
"2201146","GF MILK UHT FC PA 250 @32/1011001902","1","MFT","FOOD","GOOD","PC","32.0000","CT","5903.0000","6313.0000","22","GREENFIELDS","","","","1011001902","2201146"
"2201146_BD","GF MILK UHT FC PA 250 @32/1011001902","1","MFT","FOOD","BAD","PC","32.0000","CT","5903.0000","6313.0000","22","GREENFIELDS","","","","","2201146"
"2201147","GF MILK UHT EXGO CHOCO 200@32/1011040407","1","MFT","FOOD","GOOD","PC","32.0000","CT","5306.0000","5675.0000","22","GREENFIELDS","","","","1011040407","2201147"
"2201147_BD","GF MILK UHT EXGO CHOCO 200@32/1011040407","1","MFT","FOOD","BAD","PC","32.0000","CT","5306.0000","5675.0000","22","GREENFIELDS","","","","","2201147"
"2201148","GF MILK UHT CHOCO RP 950LCL @12/1011072001","1","MFT","FOOD","GOOD","PC","12.0000","CT","17089.0000","18277.0000","22","GREENFIELDS","","","","1011072001","2201148"
"2201148_BD","GF MILK UHT CHOCO RP 950LCL @12/1011070100","1","MFT","FOOD","BAD","PC","12.0000","CT","17089.0000","18277.0000","22","GREENFIELDS","","","","1011070100","2201148"
"2201150","GF MILK UHT FC RP 950 LCL@12/1011002001","1","MFT","FOOD","GOOD","PC","12.0000","CT","17587.0000","18810.0000","22","GREENFIELDS","","","","1011002001","2201150"
"2201150_BD","GF MILK UHT FC RP 950 LCL@12/1011002001","1","MFT","FOOD","BAD","PC","12.0000","CT","17587.0000","18810.0000","22","GREENFIELDS","","","","1011002001","2201150"
"2201151","GF MILK UHT LF RP 950 Lcl@12/1011012001","1","MFT","FOOD","GOOD","PC","12.0000","CT","18985.0000","20305.0000","22","GREENFIELDS","","","","1011012001","2201151"
"2201151_BD","GF MILK UHT LF RP 950 Lcl@12/1011012001","1","MFT","NON FOOD","BAD","PC","12.0000","CT","18985.0000","20305.0000","22","GREENFIELDS","","","","1011012001","2201151"
"2201152","GF MILK UHT SK RP 950 LCL @12/1011022001","1","MFT","FOOD","GOOD","PC","12.0000","CT","18985.0000","20305.0000","22","GREENFIELDS","","","","1011022001","2201152"
"2201152_BD","GF MILK UHT SK RP 950 LCL @12/1011022001","1","MFT","FOOD","BAD","PC","12.0000","CT","18985.0000","20305.0000","22","GREENFIELDS","","","","","2201152"
"2201153","GF MILK UHT BELGIAN CHO ALMOND 200ML/1011570400","1","MFT","FOOD","GOOD","PC","32.0000","CT","4922.0000","5264.0000","22","GREENFIELDS","","","","1011570400","2201153"
"2201153_BD","GF MILK UHT BELGIAN CHO ALMOND 200ML/1011570400","1","MFT","FOOD","BAD","PC","32.0000","CT","4922.0000","5264.0000","22","GREENFIELDS","","","","","2201153"
"2201154","GF MILK UHT CAFFE LATTE 200ML/1011560400","1","MFT","FOOD","GOOD","PC","32.0000","CT","4779.0000","5111.0000","22","GREENFIELDS","","","","1011560400","2201154"
"2201154_BD","GF MILK UHT CAFFE LATTE 200ML/1011560400","1","MFT","FOOD","BAD","PC","32.0000","CT","4779.0000","5111.0000","22","GREENFIELDS","","","","1011560400","2201154"
"2201156","GF MILK UHT FC IP BA 1000 RF @12/1011000110","1","MFT","FOOD","GOOD","PC","12.0000","CT","15161.0000","16215.0000","22","GREENFIELDS","","","","1011000110","2201156"
"2201156_BD","GF MILK UHT FC IP BA 1000 RF @12/1011000110","1","MFT","FOOD","BAD","PC","12.0000","CT","14320.0000","15315.0000","22","GREENFIELDS","","","","","2201156"
"2201157","GF MILK ESL FC RP 320 LCL @12/1011003400","1","22A","FOOD","GOOD","PC","12.0000","CT","8198.1900","9009.0000","22","GREENFIELDS","","","","1011003400","2201157"
"2201157_BD","GF MILK ESL FC RP 320 LCL @12/1011003400","1","22A","FOOD","BAD","PC","12.0000","CT","9100.0000","9009.0000","22","GREENFIELDS","","","","","2201157"
"2201158","GF MILK ESL CM RP 320 LCL @12/1011043400","1","MFT","FOOD","GOOD","PC","12.0000","CT","8198.0000","9009.0000","22","GREENFIELDS","","","","1011043400","2201158"
"2201158_BD","GF MILK ESL CM RP 320 LCL @12/1011043400","1","MFT","FOOD","BAD","PC","12.0000","CT","8198.0000","9009.0000","22","GREENFIELDS","","","","1011043400","2201158"
"2201159","GF MILK ESL CAFFE LATTE RP 320 LCL @12/1011563400","1","MFT","FOOD","GOOD","PC","12.0000","CT","8198.0000","9009.0000","22","GREENFIELDS","","","","1011563400","2201159"
"2201159_BD","GF MILK ESL CAFFE LATTE RP 320 LCL @12/1011563400","1","MFT","FOOD","BAD","PC","12.0000","CT","8198.0000","9009.0000","22","GREENFIELDS","","","","","2201159"
"2201160","GF MILK ESL BELGIAN CHOCO ALMOND 950 @6/1011572000","1","MFT","FOOD","GOOD","PC","6.0000","CT","23941.0000","26309.0000","22","GREENFIELDS","","","","1011572000","2201160"
"2201160_BD","GF MILK ESL BELGIAN CHOCO ALMOND 950 @6/1011572000","1","MFT","FOOD","BAD","PC","6.0000","CT","23941.0000","26309.0000","22","GREENFIELDS","","","","","2201160"
"2201161","GF MILK ESL CAFFE LATTE RP 950ML/1011562000","1","MFT","FOOD","GOOD","PC","6.0000","CT","23287.0000","25590.0000","22","GREENFIELDS","","","","1011562000","2201161"
"2201161_BD","GF MILK ESL CAFFE LATTE RP 950ML/1011562000","1","MFT","FOOD","BAD","PC","6.0000","CT","23287.0000","25590.0000","22","GREENFIELDS","","","","1011562000","2201161"
"2201162","GF YG PCH BBERRY LSLDC 10X6X110GR/1011202802","1","MFT","FOOD","GOOD","PC","60.0000","CT","7369.0000","8010.0000","22","GREENFIELDS","","","","","2201162"
"2201162_BD","GF YG PCH BBERRY LSLDC 10X6X110GR/1011202802","1","MFT","FOOD","BAD","PC","60.0000","CT","7369.0000","8010.0000","22","GREENFIELDS","","","","","2201162"
"2201163","GF YG PCH MANGO LSLDC 10X6X110GR/1011212802","1","MFT","FOOD","GOOD","PC","60.0000","CT","7369.0000","8010.0000","22","GREENFIELDS","","","","","2201163"
"2201163_BD","GF YG PCH MANGO LSLDC 10X6X110GR/1011212802","1","MFT","FOOD","BAD","PC","60.0000","CT","7369.0000","8010.0000","22","GREENFIELDS","","","","","2201163"
"2201164","GF YG PCH ORI LSLDC 10X6X110GR/1011192802","1","MFT","FOOD","GOOD","PC","60.0000","CT","7369.0000","8010.0000","22","GREENFIELDS","","","","","2201164"
"2201164_BD","GF YG PCH ORI LSLDC 10X6X110GR/1011192802","1","MFT","FOOD","BAD","PC","60.0000","CT","7206.0000","7829.0000","22","GREENFIELDS","","","","","2201164"
"2201165","GF YG PCH STR LSLDC 10X6X110GR/1011222802","1","MFT","FOOD","GOOD","PC","60.0000","CT","7369.0000","8010.0000","22","GREENFIELDS","","","","","2201165"
"2201165_BD","GF YG PCH STR LSLDC 10X6X110GR/1011222802","1","MFT","FOOD","BAD","PC","60.0000","CT","7369.0000","8010.0000","22","GREENFIELDS","","","","","2201165"
"2201166","GF UHT CHOCO LESS SUGAR  RP 950LCL @12/1011072002","1","MFT","FOOD","GOOD","PC","12.0000","CT","17587.0000","18810.0000","22","GREENFIELDS","","","","","2201166"
"2201166_BD","GF UHT CHOCO LESS SUGAR  RP 950LCL @12/1011072002","1","MFT","NON FOOD","BAD","PC","12.0000","CT","17587.0000","18810.0000","22","GREENFIELDS","","","","","2201166"
"2201167","GF MILK UHT CHOCO  LESS SUGAR PA 250@32/1011071902","1","MFT","FOOD","GOOD","PC","32.0000","CT","5903.0000","6313.0000","22","GREENFIELDS","","","","","2201167"
"2201167_BD","GF MILK UHT CHOCO  LESS SUGAR PA 250@32/1011071902","1","MFT","NON FOOD","BAD","PC","32.0000","CT","5903.0000","6313.0000","22","GREENFIELDS","","","","","2201167"
"2201168","GF MILK UHT CHOCO LESS SUGAR 105ML @40/1011072902","1","MFT","FOOD","GOOD","PC","40.0000","CT","2661.0000","2846.0000","22","GREENFIELDS","","","","","2201168"
"2201168_BD","GF MILK UHT CHOCO LESS SUGAR 105ML @40/1011072902","1","MFT","NON FOOD","BAD","PC","40.0000","CT","2661.0000","2846.0000","22","GREENFIELDS","","","","","2201168"
"2201169","GF MILK UHT CHOCO LESS SUGAR 200 @32/1011070402","1","MFT","FOOD","GOOD","PC","32.0000","CT","4922.0000","5264.0000","22","GREENFIELDS","","","","","2201169"
"2201169_BD","GF MILK UHT CHOCO LESS SUGAR 200 @32/1011040402","1","MFT","NON FOOD","BAD","PC","32.0000","CT","4922.0000","5264.0000","22","GREENFIELDS","","","","","2201169"
"2201170","GF MILK ESL CM LESS SUGAR 320 LCL @12/1011043401","1","MFT","FOOD","GOOD","PC","12.0000","CT","8198.0000","9009.0000","22","GREENFIELDS","","","","","2201170"
"2201170_BD","GF MILK ESL CM LESS SUGAR 320 LCL @12/1011043401","1","MFT","NON FOOD","BAD","PC","12.0000","CT","8198.0000","9009.0000","22","GREENFIELDS","","","","","2201170"
"2301001_BD","EXTRA JOSS REGULER 120/CT","1","MFT","FOOD","BAD","PK","120.0000","CT","3970.1000","4229.0000","B7","BINTANG TOEDJOE","","","ABG","","2301001"
"2301006_BD","KOMIX JAHE G FORMULA 30SX50/CT","1","MFT","FOOD","BAD","BX","50.0000","CT","30729.8600","32727.0000","B7","BINTANG TOEDJOE","","","ABG","","2301006"
"2301007_BD","KOMIX PEPP G-FORMULA 30SX50/CT","1","MFT","FOOD","BAD","BX","50.0000","CT","30729.8600","32727.0000","B7","BINTANG TOEDJOE","","","ABG","","2301007"
"2301008_BD","KOMIX J NIPIS G-FORMULA 30SX50/CT","1","MFT","FOOD","BAD","BX","50.0000","CT","30729.8600","32727.0000","B7","BINTANG TOEDJOE","","","ABG","","2301008"
"2301009_BD","WAISAN NEW FORMULA 12S","1","MFT","FOOD","BAD","RT","240.0000","CT","4908.0200","5227.0000","B7","BINTANG TOEDJOE","","","ABG","","2301009"
"2301011","KOMIX HERBAL 15ML50/CT","1","MFT","FOOD","GOOD","PK","50.0000","CT","6829.1700","7273.0000","B7","BINTANG TOEDJOE","","","ABGH","","2301011"
"2301011_BD","KOMIX HERBAL 15ML50/CT","1","MFT","FOOD","BAD","PK","50.0000","CT","6829.1700","7273.0000","B7","BINTANG TOEDJOE","","","ABG","","2301011"
"2301012_BD","KOMIX OBH  G FORMULA 30SX50/CT","1","MFT","FOOD","BAD","BX","50.0000","CT","30729.8600","32727.0000","B7","BINTANG TOEDJOE","","","ABG","","2301012"
"2301013_BD","KOMIX KID STRAWBERRY 10S 150/CT","1","MFT","FOOD","BAD","PK","150.0000","CT","7255.4600","7727.0000","B7","BINTANG TOEDJOE","","","ABG","","2301013"
"2301014_BD","KOMIX KID MADU 10S 150/CT","1","MFT","FOOD","BAD","PK","150.0000","CT","6487.3800","6909.0000","B7","BINTANG TOEDJOE","","","ABG","","2301014"
"2301015_BD","E JUSS GINSENG ANGGUR","1","MFT","FOOD","BAD","PK","120.0000","CT","3073.2600","3273.0000","B7","BINTANG TOEDJOE","","","ABG","","2301015"
"2301016","KOMIX LO HAN KUO","1","MFT","FOOD","GOOD","PK","60.0000","CT","5975.6400","6364.0000","B7","BINTANG TOEDJOE","","","ABGH","","2301016"
"2301016_BD","KOMIX LO HAN KUO","1","MFT","FOOD","BAD","PK","60.0000","CT","5975.6400","6364.0000","B7","BINTANG TOEDJOE","","","ABG","","2301016"
"2301017_BD","E JUSS GINSENG MANGGA","1","MFT","FOOD","BAD","PK","120.0000","CT","3073.2600","3273.0000","B7","BINTANG TOEDJOE","","","ABG","","2301017"
"2301019_BD","EXTRA JOSS ANGGUR LAKI 30S/JAR","1","MFT","FOOD","BAD","SCH","720.0000","CT","682.9500","727.3300","B7","BINTANG TOEDJOE","","","ABG","","2301019"
"2301020_BD","KOMIX HERBAL LEMON 15ML50/CT","1","MFT","FOOD","BAD","PK","50.0000","CT","6829.1700","7273.0000","B7","BINTANG TOEDJOE","","","ABG","","2301020"
"2301021","BINTANG 7 MASUK ANGIN 30/CT","1","MFT","FOOD","GOOD","PK","30.0000","CT","8536.2300","9091.0000","B7","BINTANG TOEDJOE","","","ABGH","","2301021"
"2301021_BD","BINTANG 7 MASUK ANGIN 30/CT","1","MFT","FOOD","BAD","PK","30.0000","CT","8536.2300","9091.0000","B7","BINTANG TOEDJOE","","","ABG","","2301021"
"2301022_BD","KOMIX HERBAL ORI CURAH 8/BX","1","MFT","FOOD","BAD","PC","200.0000","CT","1493.7500","1591.0000","B7","BINTANG TOEDJOE","","","ABG","","2301022"
"2301023_BD","BINTANG 7 PANAS DALAM 12S/HG 360/CT","1","MFT","FOOD","BAD","PC","360.0000","CT","1067.4600","1136.8400","B7","BINTANG TOEDJOE","","","ABG","","2301023"
"2301024","EXTRA JOSS BLEND STPACK 6 25/CT","1","MFT","FOOD","GOOD","PK","25.0000","CT","9389.7600","10000.0000","B7","BINTANG TOEDJOE","","","ABGH","","2301024"
"2301024_BD","EXTRA JOSS BLEND STPACK 6 25/CT","1","MFT","FOOD","BAD","PK","25.0000","CT","9389.7600","10000.0000","B7","BINTANG TOEDJOE","","","ABG","","2301024"
"2301025","EXTRA JOSS ACTIVE 12SCH","1","MFT","FOOD","GOOD","PK","60.0000","CT","9647.0000","10273.0000","B7","BINTANG TOEDJOE","","","ABGH","","2301025"
"2301025_BD","EXTRA JOSS ACTIVE 12SCH","1","MFT","FOOD","BAD","PK","60.0000","CT","9647.0000","10273.0000","B7","BINTANG TOEDJOE","","","ABG","","2301025"
"2301026_BD","PUYER OSK B7 NO.16","1","MFT","FOOD","BAD","","240.0000","","5761.5500","6136.0000","B7","BINTANG TOEDJOE","","","ABG","","2301026"
"2301030_BD","KOMIX OBH PE","1","MFT","FOOD","BAD","PC","50.0000","CT","30729.8600","32727.0000","B7","BINTANG TOEDJOE","","","ABG","","2301030"
"2301031_BD","KOMIX KID OBH PE","1","MFT","FOOD","BAD","PK","150.0000","CT","7255.4600","7727.0000","B7","BINTANG TOEDJOE","","","ABG","","2301031"
"2301032_BD","B7 MASUK ANGIN PLUS CURAH 120 PC 15X8","1","MFT","FOOD","BAD","PC","120.0000","CT","1493.9200","1591.0000","B7","BINTANG TOEDJOE","","","ABG","","2301032"
"2301033_BD","B7 MASUK ANGIN PLUS 30PK/4X30","1","MFT","FOOD","BAD","PK","30.0000","CT","5975.6400","6364.0000","B7","BINTANG TOEDJOE","","","ABG","","2301033"
"2301034_BD","BINTANG 7 MASUK ANGIN HANGER 12/RC","1","MFT","FOOD","BAD","PC","180.0000","CT","1422.5500","1515.0000","B7","BINTANG TOEDJOE","","","ABG","","2301034"
"2301038_BD","EXTRA JOSS BAR CURAH 72/CT","1","MFT","FOOD","BAD","PC","72.0000","CT","1707.0500","1818.0000","B7","BINTANG TOEDJOE","","","ABG","","2301038"
"2301038_BN","EXTRA JOSS BAR CURAH 72/CT","1","MFT","FOOD","BONUS","PC","72.0000","CT","0.0000","0.0000","B7","BINTANG TOEDJOE","","","ABCDEFGH","","2301038"
"2301040","BONUS SUSU","1","MFT","FOOD","GOOD","SCH","120.0000","CT","0.0000","0.0000","B7","BINTANG TOEDJOE","","","ABGH","","2301040"
"2301042","KOMIX HERBAL ORIGINAL PACK","1","MFT","FOOD","GOOD","PK","30.0000","CT","7084.5700","7545.0000","B7","BINTANG TOEDJOE","","","ABGH","","2301042"
"2301042_BD","KOMIX HERBAL ORIGINAL PACK","1","MFT","FOOD","BAD","PK","30.0000","CT","7084.5700","7545.0000","B7","BINTANG TOEDJOE","","","ABG","","2301042"
"2301045_BD","EXTRA JOSS BLEND DELIMAX  144/CT 12/GLS","1","MFT","FOOD","BAD","PC","144.0000","CT","1564.9600","1666.6700","B7","BINTANG TOEDJOE","","","ABG","","2301045"
"2301046_BD","EXTRA JOS MANGGA LAKI 6/BX  120/CT","1","MFT","FOOD","BAD","PC","120.0000","CT","3755.9000","4000.0000","B7","BINTANG TOEDJOE","","","ABG","","2301046"
"2301046_BN","EXTRA JOS MANGGA LAKI 6/BX  120/CT","1","MFT","FOOD","BONUS","PC","120.0000","CT","0.0000","0.0000","B7","BINTANG TOEDJOE","","","ABCDEFGH","","2301046"
"2301047_BD","EXTRA JOSS BAR PACK 12/BX 72/CT","1","MFT","FOOD","BAD","PC","72.0000","CT","1706.7800","1817.7000","B7","BINTANG TOEDJOE","","","ABG","","2301047"
"2301049","B7 JAHE MERAH PACK 12S 15 BX/CT","1","MFT","FOOD","GOOD","BX","15.0000","CT","21340.1100","22727.0000","B7","BINTANG TOEDJOE","","","ABCDEFGH","","2301049"
"2301049_BD","B7 MASUK ANGIN PACK 12S 15 BX/CT","1","MFT","FOOD","BAD","BX","15.0000","CT","21340.1100","22727.0000","B7","BINTANG TOEDJOE","","","ABG","","2301049"
"2301050","EXTRA JOSS SHAKE ORIGINAL","1","MFT","FOOD","GOOD","PC","25.0000","CT","9389.7600","10000.0000","B7","BINTANG TOEDJOE","","","ABGH","","2301050"
"2301050_BD","EXTRA JOSS SHAKE ORIGINAL","1","MFT","FOOD","BAD","PC","25.0000","CT","9389.7600","10000.0000","B7","BINTANG TOEDJOE","","","A","","2301050"
"2301051","EJ ANGGUR LAKI PACK 6PC/BX 120CT","1","MFT","FOOD","GOOD","PC","120.0000","CT","4097.6900","4364.0000","B7","BINTANG TOEDJOE","","","AH","","2301051"
"2301051_BD","EJ ANGGUR LAKI PACK 6PC/BX 120CT","1","MFT","FOOD","BAD","PC","120.0000","CT","4097.6900","4364.0000","B7","BINTANG TOEDJOE","","","ABCDEFGHI","","2301051"
"2301052_BD","KOMIX HERBAL JAHE","1","MFT","FOOD","BAD","BX","30.0000","CT","7084.5700","7545.0000","B7","BINTANG TOEDJOE","","","ABCDEFGHI","","2301052"
"2301053_BD","KOMIX HERBAL JERUK NIPIS","1","MFT","FOOD","BAD","BX","30.0000","CT","7084.5700","7545.0000","B7","BINTANG TOEDJOE","","","ABCDEFGHI","","2301053"
"2301054_BD","KOMIX HERBAL PEPPERMINT","1","MFT","FOOD","BAD","BX","30.0000","CT","7084.5700","7545.0000","B7","BINTANG TOEDJOE","","","ABCDEFGHI","","2301054"
"2301058","JOSS C 1000 60/CT","1","MFT","FOOD","GOOD","PK","60.0000","CT","10243.2800","10909.0000","B7","BINTANG TOEDJOE","","","ABCDEFGH","","2301058"
"2301058_BD","JOSS C 1000 60/CT","1","MFT","FOOD","BAD","PK","60.0000","CT","10243.2800","10909.0000","B7","BINTANG TOEDJOE","","","","","2301058"
"2401001_BD","BW  ALOE VERA  10S BUY 1 GET 1","1","M1","NON FOOD","BAD","PC","72.0000","CT","2863.6300","3181.8100","24","PT.MULIA ARTA SEJATI","","","ABCDEFGH","","2401001"
"2401002_BD","BW SPICED GREEN TEA 10S  BUY 1 GET 1","1","M1","NON FOOD","BAD","PC","72.0000","CT","2863.6300","3181.8100","24","PT.MULIA ARTA SEJATI","","","ABCDEFGH","","2401002"
"2401003_BD","BW CHAMOMILE 10S BUY 1 GET 1","1","M1","NON FOOD","BAD","PC","72.0000","CT","2863.6300","3181.8100","24","PT.MULIA ARTA SEJATI","","","ABCDEFGH","","2401003"
"2401005","AW HOT RELAXING 10 S BLEND","1","M1","FOOD","GOOD","PC","144.0000","CT","3272.7200","3636.3600","24","PT.MULIA ARTA SEJATI","","","ABCDEFGH","","2401005"
"2401006_BD","BW ALOE VERA 50S BUT 1 GET 1","1","M1","NON FOOD","BAD","PC","18.0000","CT","12681.8200","14091.0000","24","PT.MULIA ARTA SEJATI","","","ABCDEFGH","","2401006"
"2401007_BD","BW SPICED GREENTEA 50S BUY 1 GET 1","1","M1","NON FOOD","BAD","PC","18.0000","CT","12681.8100","14091.0000","24","PT.MULIA ARTA SEJATI","","","ABCDEFGH","","2401007"
"243656","RITZ CRACKERS 12X300G","1","28","FOOD","GOOD","PC","12.0000","CT","12763.0000","13949.0000","2804","OREO/RITZ","2804","OREO/RITZ","ABCDEFGHI","","243656"
"243656_B","RITZ CRACKERS 12X300G","1","28","FOOD","BAD","PC","12.0000","CT","12185.0000","13317.0000","2804","OREO/RITZ","2804","OREO/RITZ","A","","243656"
"243656_BD","RITZ CRACKERS 12X300G","1","28","FOOD","BAD","PC","12.0000","CT","12763.0000","13949.0000","2804","OREO/RITZ","","","","","243656"
"25501-09000-00_BD","HP FEVER PLASTER 1 PC","1","12","NON FOOD","BAD","PC","200.0000","CT","6082.0000","6818.0000","1202","HANSAPLAST","","","ABCDEFGHI","","25501-09000-00"
"25501-09000-00_BN","HP FEVER PLASTER 1 PC","1","12","FOOD","BONUS","PC","200.0000","CT","0.0000","0.0000","1202","HANSAPLAST","","","ABCDEFGHI","","25501-09000-00"
"25501-09002-00_BD","HP COOLING FEVER DISNEY","1","12","FOOD","BAD","PC","200.0000","CT","7136.0000","8000.0000","1202","HANSAPLAST","","","ABCDEFGHI","","25501-09002-00"
"2601007_BD","SIKAT GIGI Dr.WHITE 3S FAMILY PACK 36/CT","1","M1","FOOD","BAD","PC","36.0000","CT","5072.7200","5933.0100","26","CV.CITRA BUANA CEMERLANG","","","ABCDEFGHI","","2601007"
"2601008_BD","SIKAT GIGI Dr.WHITE CLEAN 78/CT","1","M1","NON FOOD","BAD","PC","78.0000","CT","1479.0200","1729.8500","26","CV.CITRA BUANA CEMERLANG","","","ABCDEFGHI","","2601008"
"2601009_BD","SIKAT GIGI Dr.WHITE BRITE 72/CT","1","M1","NON FOOD","BAD","PC","72.0000","CT","1738.6300","2033.5000","26","CV.CITRA BUANA CEMERLANG","","","ABCDEFGHI","","2601009"
"2601010_BD","SIKAT GIGI Dr.WHITE WAVE 72/CT","1","M1","NON FOOD","BAD","PC","72.0000","CT","1909.1000","2232.8500","26","CV.CITRA BUANA CEMERLANG","","","ABCDEFGHI","","2601010"
"2601011_BD","SIKAT GIGI Dr.WHITE NEO FLEXY 72/CT","1","M1","NON FOOD","BAD","PC","72.0000","CT","3409.1000","3987.2400","26","CV.CITRA BUANA CEMERLANG","","","ABCDEFGHI","","2601011"
"2601012_BD","SIKAT GIGI Dr.WHITE JUNIOR 72/CT","1","M1","NON FOOD","BAD","PC","72.0000","CT","1500.0000","1754.3800","26","CV.CITRA BUANA CEMERLANG","","","ABCDEFGHI","","2601012"
"2701001_BD","MARCKS CREME 40GR","1","M1","NON FOOD","BAD","PC","1.0000","PC","11919.0000","13700.0000","27","PT.KIMIA FARMA","","","ABCDEFGH","","2701001"
"2701002_BD","MARSKS PUTIH 40GR","1","M1","NON FOOD","BAD","PC","1.0000","PC","13700.0000","15481.0000","27","PT.KIMIA FARMA","","","ABCDEFGH","","2701002"
"2701003_BD","MARCKS ROSE 40GR","1","M1","NON FOOD","BAD","PC","1.0000","PC","13700.0000","15481.0000","27","PT.KIMIA FARMA","","","ABCDEFGH","","2701003"
"2701004_BD","MARCKS INVISIBLE 40GR","1","M1","FOOD","BAD","PC","1.0000","PC","13700.0000","15481.0000","27","PT.KIMIA FARMA","","","ABCDEFGH","","2701004"
"2701005_BD","MARCKS NATURAL BEIGE 40GR","1","M1","FOOD","BAD","PC","1.0000","PC","13700.0000","15481.0000","27","PT.KIMIA FARMA","","","ABCDEFGH","","2701005"
"2701006_BD","MARCKS ACTIVE CREME 20GR","1","M1","FOOD","BAD","PC","1.0000","PC","20619.0000","23700.0000","27","PT.KIMIA FARMA","","","ABCDEFGH","","2701006"
"2701007_BD","MARCKS ACTIVE WHITE 20GR","1","M1","FOOD","BAD","PC","1.0000","PC","20619.0000","23700.0000","27","PT.KIMIA FARMA","","","ABCDEFGH","","2701007"
"2701008_BD","MARCKS ACTIVE PINK 20GR","1","M1","NON FOOD","BAD","PC","1.0000","PC","20619.0000","23700.0000","27","PT.KIMIA FARMA","","","ABCDEFGH","","2701008"
"2701009_BD","MARCKS ACTIVE INVISIBLE 20GR","1","M1","NON FOOD","BAD","PC","1.0000","PC","20619.0000","23700.0000","27","PT.KIMIA FARMA","","","ABCDEFGH","","2701009"
"2701010_BD","MARCKS ACTIVE NATURAL BEIGE 20GR","1","M1","NON FOOD","BAD","PC","1.0000","PC","20619.0000","23700.0000","27","PT.KIMIA FARMA","","","ABCDEFGH","","2701010"
"2701011_BD","VENUS COMPACT NO.1 12GR","1","M1","NON FOOD","BAD","PC","1.0000","PC","33321.0000","38300.0000","27","PT.KIMIA FARMA","","","ABCDEFGH","","2701011"
"2701012_BD","VENUS COMPACT NO.2 12GR","1","M1","NON FOOD","BAD","PC","1.0000","PC","33321.0000","38300.0000","27","PT.KIMIA FARMA","","","ABCDEFGH","","2701012"
"2701013_BD","VENUS COMPACT NO.3 12GR","1","M1","NON FOOD","BAD","PC","1.0000","PC","33321.0000","38300.0000","27","PT.KIMIA FARMA","","","ABCDEFGH","","2701013"
"2701014_BD","VENUS REFILL COMPACT NO.1 12GR","1","M1","NON FOOD","BAD","PC","1.0000","PC","23664.0000","27200.0000","27","PT.KIMIA FARMA","","","ABCDEFGH","","2701014"
"2701015_BD","VENUS REFILL COMPACT NO.2 12GR","1","M1","NON FOOD","BAD","PC","1.0000","PC","23664.0000","27200.0000","27","PT.KIMIA FARMA","","","ABCDEFGH","","2701015"
"2701016_BD","VENUS REFILL COMPACT NO.3 12GR","1","M1","NON FOOD","BAD","PC","1.0000","PC","23664.0000","27200.0000","27","PT.KIMIA FARMA","","","ABCDEFGH","","2701016"
"2701017_BD","VENUS LP.DYNAMIC NO.1 20GR","1","M1","NON FOOD","BAD","PC","1.0000","PC","33604.0000","38625.0000","27","PT.KIMIA FARMA","","","ABCDEFGH","","2701017"
"2701018_BD","VENUS LP.DYNAMIC NO.2 20GR","1","M1","NON FOOD","BAD","PC","1.0000","PC","33604.0000","38625.0000","27","PT.KIMIA FARMA","","","ABCDEFGH","","2701018"
"2701019_BD","VENUS LP.DYNAMIC NO.3 20GR","1","M1","NON FOOD","BAD","PC","1.0000","PC","33604.0000","38625.0000","27","PT.KIMIA FARMA","","","ABCDEFGH","","2701019"
"2701020_BD","VENUS TWC NO.1 TRANS 12GR","1","M1","NON FOOD","BAD","PC","1.0000","PC","53149.0000","61091.0000","27","PT.KIMIA FARMA","","","ABCDEFGH","","2701020"
"2701021_BD","VENUS TWC NO.2 NATURAL 12GR","1","M1","NON FOOD","BAD","PC","1.0000","PC","53149.0000","61091.0000","27","PT.KIMIA FARMA","","","ABCDEFGH","","2701021"
"2701022_BD","VENUS TWC NO.3 PORCELAIN  12GR","1","M1","NON FOOD","BAD","PC","1.0000","CT","53149.0000","61091.0000","27","PT.KIMIA FARMA","","","ABCDEFGH","","2701022"
"2701023_BD","VENUS REFIL TWO WAY CAKE NO.1 12GR","1","M1","NON FOOD","BAD","PC","1.0000","PC","41325.0000","47500.0000","27","PT.KIMIA FARMA","","","ABCDEFGH","","2701023"
"2701024_BD","VENUS REFIL TWO WAY CAKE NO.2 12GR","1","M1","NON FOOD","BAD","PC","1.0000","PC","41325.0000","47500.0000","27","PT.KIMIA FARMA","","","ABCDEFGH","","2701024"
"2701025_BD","VENUS REFIL TWO WAY CAKE NO.3 12GR","1","M1","NON FOOD","BAD","PC","1.0000","PC","41325.0000","47500.0000","27","PT.KIMIA FARMA","","","ABCDEFGH","","2701025"
"2701026_BD","VENUS TWC SP.EDITION NO.1 12GR","1","M1","NON FOOD","BAD","PC","1.0000","PC","66436.0000","76364.0000","27","PT.KIMIA FARMA","","","ABCDEFGH","","2701026"
"2701027_BD","VENUS TWC SP.EDITION NO.2 12GR","1","M1","NON FOOD","BAD","PC","1.0000","PC","66436.0000","76364.0000","27","PT.KIMIA FARMA","","","ABCDEFGH","","2701027"
"2701028_BD","VENUS TWC SP.EDITION NO.3 12GR","1","M1","NON FOOD","BAD","PC","1.0000","PC","66436.0000","76364.0000","27","PT.KIMIA FARMA","","","ABCDEFGH","","2701028"
"2701029_BD","VENUS CLEANSING MILK 50ML","1","M1","NON FOOD","BAD","PC","1.0000","PC","12267.0000","14100.0000","27","PT.KIMIA FARMA","","","ABCDEFGH","","2701029"
"2701030_BD","VENUS CLEANSING MILK 100ML","1","M1","NON FOOD","BAD","PC","1.0000","PC","21837.0000","25100.0000","27","PT.KIMIA FARMA","","","ABCDEFGH","","2701030"
"2701031_BD","VENUS CLEANSING GEL 50ML","1","M1","NON FOOD","BAD","PC","1.0000","PC","14094.0000","16200.0000","27","PT.KIMIA FARMA","","","ABCDEFGH","","2701031"
"2701032_BD","VENUS CLEANSING GEL 100ML","1","M1","NON FOOD","BAD","PC","1.0000","PC","24447.0000","28100.0000","27","PT.KIMIA FARMA","","","ABCDEFGH","","2701032"
"2701033_BD","VENUS FACIAL WASH 50ML","1","M1","NON FOOD","BAD","PC","1.0000","PC","10440.0000","12000.0000","27","PT.KIMIA FARMA","","","ABCDEFGH","","2701033"
"2701034_BD","VENUS FACIAL WASH 100ML","1","M1","NON FOOD","BAD","PC","1.0000","PC","19219.0000","22091.0000","27","PT.KIMIA FARMA","","","ABCDEFGH","","2701034"
"2701035_BD","VENUS FACE TONER NORMAL SKIN 50ML","1","M1","NON FOOD","BAD","PC","1.0000","PC","10788.0000","12400.0000","27","PT.KIMIA FARMA","","","ABCDEFGH","","2701035"
"2701036_BD","VENUS FACE TONER NORMAL SKIN 100ML","1","M1","NON FOOD","BAD","PC","1.0000","PC","20358.0000","23400.0000","27","PT.KIMIA FARMA","","","ABCDEFGH","","2701036"
"2701037_BD","VENUS FACE TONER OILY SKIN 50ML","1","M1","NON FOOD","BAD","PC","1.0000","PC","10788.0000","12400.0000","27","PT.KIMIA FARMA","","","ABCDEFGH","","2701037"
"2701038_BD","VENUS FACE TONER -OILY SKIN 100 ML","1","M1","FOOD","BAD","PC","1.0000","PC","20358.0000","23400.0000","27","PT.KIMIA FARMA","","","ABCDEFGH","","2701038"
"2701039_BD","VENUS HBL GREEN TEA TUBE 100ML","1","M1","FOOD","BAD","PC","1.0000","PC","11388.0000","13090.0000","27","PT.KIMIA FARMA","","","ABCDEFGH","","2701039"
"2701040_BD","VENUS HBL BENGKOANG TUBE 100GR","1","M1","NON FOOD","BAD","PC","1.0000","PC","11388.0000","13090.0000","27","PT.KIMIA FARMA","","","ABCDEFGH","","2701040"
"2701041_BD","VENUS TWC NO.2 BANDED REFIL","1","M1","NON FOOD","BAD","PC","1.0000","PC","53149.1700","61091.0000","27","PT.KIMIA FARMA","","","ABCDEFGH","","2701041"
"2701042_BD","VENUS TWC NO.03 BANDED REFIL","1","M1","NON FOOD","BAD","PC","1.0000","PC","53149.1700","61091.0000","27","PT.KIMIA FARMA","","","ABCDEFGH","","2701042"
"2701043_BD","VENUS BODY MILK 100ML EKST GREEN","1","M1","NON FOOD","BAD","PC","1.0000","PC","11388.3000","13090.0000","27","PT.KIMIA FARMA","","","ABCDEFGH","","2701043"
"2701044_BD","VENUS BODY MILK 100ML EKST BENGKOANG","1","M1","NON FOOD","BAD","PC","1.0000","CT","11388.3000","13090.0000","27","PT.KIMIA FARMA","","","ABCDEFGH","","2701044"
"2701045_BD","VENUS TWC NO.4 TROPICAL BEIGE","1","M1","FOOD","BAD","PC","1.0000","PC","53149.1700","61091.0000","27","PT.KIMIA FARMA","","","ABCDEFGH","","2701045"
"2701046_BD","MARCKS TEENS CP CREME 12GR","1","M1","NON FOOD","BAD","PC","1.0000","PC","20000.0000","22600.0000","27","PT.KIMIA FARMA","","","ABCDEFGH","","2701046"
"2701047_BD","MARCKS TEENS CP PINK 12GR","1","M1","NON FOOD","BAD","PC","1.0000","PC","17400.0000","20000.0000","27","PT.KIMIA FARMA","","","ABCDEFGH","","2701047"
"2701048_BD","MARCKS TEENS CP PUTIH 12GR","1","M1","FOOD","BAD","PC","1.0000","PC","17400.0000","20000.0000","27","PT.KIMIA FARMA","","","ABCDEFGH","","2701048"
"2701049_BD","MARCKS TEENS CP INVISIBLE 12GR","1","M1","FOOD","BAD","PC","1.0000","PC","17400.0000","20000.0000","27","PT.KIMIA FARMA","","","ABCDEFGH","","2701049"
"2701050_BD","MARCKS TEENS CP NATURAL 12GR","1","M1","FOOD","BAD","PC","1.0000","PC","17400.0000","20000.0000","27","PT.KIMIA FARMA","","","ABCDEFGH","","2701050"
"2701051_BD","MARCKS MOISTURIZER 30GR","1","M1","FOOD","BAD","PC","1.0000","PC","14790.0000","17000.0000","27","PT.KIMIA FARMA","","","ABCDEFGH","","2701051"
"2701055_BD","VENUS TWC NO.01 BANDED REFF","1","M1","FOOD","BAD","PC","1.0000","PC","53149.1700","61091.0000","27","PT.KIMIA FARMA","","","ABCDEFGH","","2701055"
"2701056_BD","VENUS BODY SERUM ANTIAGING","1","M1","FOOD","BAD","PC","1.0000","PC","14790.0000","17000.0000","27","PT.KIMIA FARMA","","","ABCDEFGH","","2701056"
"2701081_BD","VENUS CLEANSING GEL OILY SKIN 50ML","1","M1","FOOD","BAD","PC","1.0000","CT","14094.0000","16200.0000","27","PT.KIMIA FARMA","","","ABCDEFGHI","","2701081"
"2701082_BD","MARCKS TEEN MICELLAR WATER 100","1","M1","FOOD","BAD","PC","1.0000","PC","18270.0000","21000.0000","27","PT.KIMIA FARMA","","","ABCDEFGHI","","2701082"
"2701083_BD","MARCKS TEEN MICELLAR WATER 250","1","M1","FOOD","BAD","PC","1.0000","PC","29058.0000","33400.0000","27","PT.KIMIA FARMA","","","ABCDEFGHI","","2701083"
"2701084_BD","BEDAK SALICYL 2% 60GR","1","M1","FOOD","BAD","PC","1.0000","PC","5082.5400","5842.0000","27","PT.KIMIA FARMA","","","ABCDEFGHI","","2701084"
"2701094_BD","VENUS ULTIMATE CURL MASCARA","1","M1","FOOD","BAD","PC","1.0000","PC","41076.1800","47214.0000","27","PT.KIMIA FARMA","","","ABCDEFGHI","","2701094"
"2701101_BD","SACHET MARCKS CREME 20GR","1","M1","FOOD","BAD","PC","1.0000","PC","6722.4900","7727.0000","27","PT.KIMIA FARMA","","","","","2701101"
"2701102_BD","SACHET MARCKS NATURAL BEIGE","1","M1","FOOD","BAD","PC","1.0000","PC","6722.4900","7727.0000","27","PT.KIMIA FARMA","","","","","2701102"
"2701115_BD","SALICYL KF LOTION 60 ML","1","M1","NON FOOD","BAD","PC","1.0000","PC","8700.0000","10000.0000","27","PT.KIMIA FARMA","","","","2701115","2701115"
"2701116_BD","MARCKS TEENS REFIL PWD NATURAL 12 G","1","M1","FOOD","BAD","PC","1.0000","PC","13485.0000","15500.0000","27","PT.KIMIA FARMA","","","","","2701116"
"2701118_BD","MARCKS TEENS REFIL PWD PINK 12GR","1","M1","FOOD","BAD","PC","1.0000","PC","13485.0000","15500.0000","27","PT.KIMIA FARMA","","","","","2701118"
"301001","KUSUKA AYAM LADA HITAM 60GR @30","1","MFT","FOOD","GOOD","PC","30.0000","CT","3212.1300","3753.3300","KU1","KUSUKA","KU1","KUSUKA","GH","","301001"
"301001_BD","KUSUKA AYAM LADA HITAM 60GR @30","1","MFT","FOOD","BAD","PC","30.0000","CT","3212.1300","3753.3300","KU1","KUSUKA","KU1","KUSUKA","ABCDEFGHI","","301001"
"301002","KUSUKA BARBEQUE 60GR @30","1","MFT","FOOD","GOOD","PC","30.0000","CT","3212.1300","3753.3300","KU1","KUSUKA","KU1","KUSUKA","GH","","301002"
"301002_BD","KUSUKA BARBEQUE 60GR @30","1","MFT","FOOD","BAD","PC","30.0000","CT","3212.1300","3753.3300","KU1","KUSUKA","KU1","KUSUKA","ABCDEFGHI","","301002"
"301003","KUSUKA CHILI LEMON 60GR @30","1","MFT","FOOD","GOOD","PC","30.0000","CT","3212.1300","3753.3300","KU1","KUSUKA","KU1","KUSUKA","GH","","301003"
"301003_BD","KUSUKA CHILI LEMON 60GR @30","1","MFT","FOOD","BAD","PC","30.0000","CT","3212.1300","3753.3300","KU1","KUSUKA","KU1","KUSUKA","ABCDEFGHI","","301003"
"301004","KUSUKA KEJU BAKAR 60GR @30","1","MFT","FOOD","GOOD","PC","30.0000","CT","3212.1300","3753.3300","KU1","KUSUKA","KU1","KUSUKA","GH","","301004"
"301004_BD","KUSUKA KEJU BAKAR 60GR @30","1","MFT","FOOD","BAD","PC","30.0000","CT","3212.1300","3753.3300","KU1","KUSUKA","KU1","KUSUKA","ABCDEFGHI","","301004"
"301005","KUSUKA RUMPUT LAUT 60GR @30","1","MFT","FOOD","GOOD","PC","30.0000","CT","3212.1300","3753.3300","KU1","KUSUKA","KU1","KUSUKA","GH","","301005"
"301005_BD","KUSUKA RUMPUT LAUT 60GR @30","1","MFT","FOOD","BAD","PC","30.0000","CT","3212.1300","3753.3300","KU1","KUSUKA","KU1","KUSUKA","ABCDEFGHI","","301005"
"301006","KUSUKA LAPIS SAOS ABON 60GR @24","1","MFT","FOOD","GOOD","PC","24.0000","CT","3734.8300","4366.6700","KU1","KUSUKA","KU1","KUSUKA","GH","","301006"
"301007","KUSUKA SAOS BALADO 60GR @24","1","MFT","FOOD","GOOD","PC","24.0000","CT","3734.8300","4366.6700","KU1","KUSUKA","KU1","KUSUKA","GH","","301007"
"301007_BD","KUSUKA SAOS BALADO 60GR @24","1","MFT","FOOD","BAD","PC","24.0000","CT","3734.8300","4366.6700","KU1","KUSUKA","KU1","KUSUKA","ABCDEFGHI","","301007"
"301008","KUSUKA ORIGINAL 180GR @10","1","MFT","FOOD","GOOD","PC","10.0000","CT","8518.2000","9960.0000","KU1","KUSUKA","KU1","KUSUKA","GH","","301008"
"301008_BD","KUSUKA ORIGINAL 180GR @10","1","MFT","FOOD","BAD","PC","10.0000","CT","8518.2000","9960.0000","KU1","KUSUKA","KU1","KUSUKA","ABCDEFGHI","","301008"
"301009","KUSUKA CHEESE BURGER 180GR @10","1","MFT","FOOD","GOOD","PC","10.0000","CT","8518.2000","9960.0000","KU1","KUSUKA","KU1","KUSUKA","GH","","301009"
"301010","KUSUKA BARBEQUE 180GR @10","1","MFT","FOOD","GOOD","PC","10.0000","CT","8518.2000","9960.0000","KU1","KUSUKA","KU1","KUSUKA","GH","","301010"
"301010_BD","KUSUKA BARBEQUE 180GR @10","1","MFT","FOOD","BAD","PC","10.0000","CT","8518.2000","9960.0000","KU1","KUSUKA","KU1","KUSUKA","ABCDEFGHI","","301010"
"301011","KUSUKA JAGUNG AMERIKA 180GR @10","1","MFT","FOOD","GOOD","PC","10.0000","CT","8518.2000","9960.0000","KU1","KUSUKA","KU1","KUSUKA","GH","","301011"
"301011_BD","KUSUKA JAGUNG AMERIKA 180GR @10","1","MFT","FOOD","BAD","PC","10.0000","CT","8518.2000","9960.0000","KU1","KUSUKA","KU1","KUSUKA","ABCDEFGHI","","301011"
"301012","KUSUKA KEJU BAKAR 180GR @10","1","MFT","FOOD","GOOD","PC","10.0000","CT","8518.2000","9960.0000","KU1","KUSUKA","KU1","KUSUKA","GH","","301012"
"301012_BD","KUSUKA KEJU BAKAR 180GR @10","1","MFT","FOOD","BAD","PC","10.0000","CT","8518.2000","9960.0000","KU1","KUSUKA","KU1","KUSUKA","ABCDEFGHI","","301012"
"301013","KUSUKA RUMPUT LAUT 180GR @10","1","MFT","FOOD","GOOD","PC","10.0000","CT","8518.2000","9960.0000","KU1","KUSUKA","KU1","KUSUKA","GH","","301013"
"301014","KUSUKA AYAM LADA HITAM 180GR @10","1","MFT","FOOD","GOOD","PC","10.0000","CT","8518.2000","9960.0000","KU1","KUSUKA","KU1","KUSUKA","GH","","301014"
"301014_BD","KUSUKA AYAM LADA HITAM 180GR @10","1","MFT","FOOD","BAD","PC","10.0000","CT","8518.2000","9960.0000","KU1","KUSUKA","KU1","KUSUKA","ABCDEFGHI","","301014"
"301015","KUSUKA BALADO 180GR @10","1","MFT","FOOD","GOOD","PC","10.0000","CT","8518.2000","9960.0000","KU1","KUSUKA","KU1","KUSUKA","GH","","301015"
"301015_BD","KUSUKA BALADO 180GR @10","1","MFT","FOOD","BAD","PC","10.0000","CT","8518.2000","9960.0000","KU1","KUSUKA","KU1","KUSUKA","ABCDEFGHI","","301015"
"301016","KUSUKA SAOS BALADO 160GR @10","1","MFT","FOOD","GOOD","PC","10.0000","CT","9681.8000","11320.0000","KU1","KUSUKA","KU1","KUSUKA","GH","","301016"
"301016_BD","KUSUKA SAOS BALADO 160GR @10","1","MFT","FOOD","BAD","PC","10.0000","CT","9681.8000","11320.0000","KU1","KUSUKA","KU1","KUSUKA","ABCDEFGHI","","301016"
"301017","KUSUKA SUPER PEDAS 50GR @20","1","MFT","FOOD","GOOD","PC","20.0000","CT","3004.5500","3510.0000","KU1","KUSUKA","KU1","KUSUKA","GH","","301017"
"301017_BD","KUSUKA SUPER PEDAS 50GR @20","1","MFT","FOOD","BAD","PC","20.0000","CT","3004.5500","3510.0000","KU1","KUSUKA","KU1","KUSUKA","ABCDEFGHI","","301017"
"301018","KUSUKA KERIPIK EMPING 50GR @20","1","MFT","FOOD","GOOD","PC","20.0000","CT","4622.7500","5407.5000","KU1","KUSUKA","KU1","KUSUKA","GH","","301018"
"301018_BD","KUSUKA KERIPIK EMPING 50GR @20","1","MFT","FOOD","BAD","PC","20.0000","CT","4622.7500","5407.5000","KU1","KUSUKA","KU1","KUSUKA","GH","","301018"
"301019","KRIPSI ORIGINAL 16GR @100","1","MFT","FOOD","GOOD","PC","100.0000","CT","681.8200","772.7300","KU2","KRIPSI","KU2","KRIPSI","G","","301019"
"301019_BD","KRIPSI ORIGINAL 16GR @100","1","MFT","FOOD","BAD","PC","100.0000","CT","681.8200","772.7300","KU2","KRIPSI","KU2","KRIPSI","ABCDEFGHI","","301019"
"301019_BN","KRIPSI ORIGINAL 16GR @100","1","MFT","FOOD","BONUS","PC","100.0000","CT","0.0000","0.0000","KU2","KRIPSI","KU2","KRIPSI","ABCDEFGH","","301019"
"301020","KRIPSI BARBEQUE 16GR @100","1","MFT","FOOD","GOOD","PC","100.0000","CT","681.8200","772.7300","KU2","KRIPSI","KU2","KRIPSI","G","","301020"
"301021","KRIPSI BALADO 16GR @100","1","MFT","FOOD","GOOD","PC","100.0000","CT","681.8200","772.7300","KU2","KRIPSI","KU2","KRIPSI","G","","301021"
"301021_BD","KRIPSI BALADO 16GR @100","1","MFT","FOOD","BAD","PC","100.0000","CT","681.8200","772.7300","KU2","KRIPSI","KU2","KRIPSI","ABCDEFGHI","","301021"
"301021_BN","KRIPSI BALADO 16GR @100","1","MFT","FOOD","BONUS","PC","100.0000","CT","0.0000","0.0000","KU2","KRIPSI","KU2","KRIPSI","ABCDEFGH","","301021"
"301022","KUSUKA TALAS PEDAS DAUN JERUK 40GX20PC","1","MFT","FOOD","GOOD","PC","20.0000","CT","3445.6500","4030.0000","KU1","KUSUKA","KU1","KUSUKA","ABCDEFGHI","","301022"
"301023","KUSUKA TALAS SAPI PANGGANG 40GX20PC","1","MFT","FOOD","GOOD","PC","20.0000","CT","3445.6500","4030.0000","KU1","KUSUKA","KU1","KUSUKA","ABCDEFGHI","","301023"
"301023_BD","KUSUKA TALAS SAPI PANGGANG 40GX20PC","1","MFT","FOOD","BAD","PC","20.0000","CT","3445.6500","4030.0000","KU1","KUSUKA","KU1","KUSUKA","ABCDEFGHI","","301023"
"326156_B","CADBURY DAIRY MILK 15GR","1","28","FOOD","BAD","PC","864.0000","CT","1560.0000","2909.0000","2801","CADBURY","2801","CADBURY","A","","326156"
"378850","ALLIGATOR Liquid Glue 50ml","1","M1","NON FOOD","GOOD","PC","240.0000","CT","2054.0000","2616.2100","71","ALLIGATOR","","","","","378850"
"378860","ALLIGATOR LEM PVAC 60G","1","M1","NON FOOD","GOOD","PC","288.0000","CT","2954.0000","3451.0000","71","ALLIGATOR","","","","","378860"
"378860_BD","ALLIGATOR LEM PVAC 60G","1","M1","FOOD","BAD","PC","288.0000","CT","2954.0000","3451.0000","71","ALLIGATOR","","","","","378860"
"4.010102.080","COLA LOLLI HGR MAX 6X30 LOKAL","1","MFT","FOOD","GOOD","BG","6.0000","CT","18662.8300","20270.2700","UNI","UNITED FAMILY FOOD","UNI1","UNIFAM BASE","","","4.010102.080"
"4.010102.080_BD","COLA LOLLI HGR MAX 6X30 LOKAL","1","MFT","FOOD","BAD","BG","6.0000","CT","18248.1000","19819.8200","UNI","UNITED FAMILY FOOD","UNI","UNITED FAMILY FOOD","","","4.010102.080"
"4.010102.081","COLA ASS LOLLI HGR MAX 6X30 LOKAL","1","MFT","FOOD","GOOD","PC","6.0000","CT","18662.8300","20270.2700","UNI","UNITED FAMILY FOOD","UNI1","UNIFAM BASE","","","4.010102.081"
"4.010102.081_BD","COLA ASS LOLLI HGR MAX 6X30 LOKAL","1","MFT","FOOD","BAD","PC","6.0000","CT","18248.1000","19819.8200","UNI","UNITED FAMILY FOOD","UNI1","UNIFAM BASE","","","4.010102.081"
"4.010102.082","DE FANTY LOLLI STRAW HGR MAX 6X30 LOKAL","1","MFT","FOOD","GOOD","BG","6.0000","CT","18662.5800","20270.2700","UNI","UNITED FAMILY FOOD","UNI1","UNIFAM BASE","","","4.010102.082"
"4.010102.082_BD","DE FANTY LOLLI STRAW HGR MAX 6X30 LOKAL","1","MFT","FOOD","BAD","BG","6.0000","CT","18248.1000","19819.8200","UNI","UNITED FAMILY FOOD","UNI","UNITED FAMILY FOOD","","","4.010102.082"
"4.010102.086","SPLIT LOLLI LEMON HGR MAX 6X30 LOKAL","1","MFT","FOOD","GOOD","BG","6.0000","CT","18662.8300","20270.2700","UNI","UNITED FAMILY FOOD","UNI1","UNIFAM BASE","","","4.010102.086"
"4.010102.086_BD","SPLIT LOLLI LEMON HGR MAX 6X30 LOKAL","1","MFT","FOOD","BAD","BG","6.0000","CT","18248.1000","19819.8200","UNI","UNITED FAMILY FOOD","UNI","UNITED FAMILY FOOD","","","4.010102.086"
"4.010102.087","SPLIT LOLLI MANGO HGR MAX 6X30 LOKAL","1","MFT","FOOD","GOOD","BG","6.0000","CT","18662.5800","20270.2700","UNI","UNITED FAMILY FOOD","UNI1","UNIFAM BASE","","","4.010102.087"
"4.010102.087_BD","SPLIT LOLLI MANGO HGR MAX 6X30 LOKAL","1","MFT","FOOD","BAD","BG","6.0000","CT","18248.1000","19819.8200","UNI","UNITED FAMILY FOOD","UNI","UNITED FAMILY FOOD","","","4.010102.087"
"4.020202.045","SUPER ZUPER CANDY POCKET SIZE 6X20 MT LOKAL","1","MFT","FOOD","GOOD","PC","120.0000","CT","2488.3700","2702.7000","UNI","UNITED FAMILY FOOD","","","","","4.020202.045"
"4.020202.045_BD","SUPER ZUPER CANDY POCKET SIZE 6X20 MT LOKAL","1","MFT","FOOD","BAD","PC","120.0000","CT","2488.3700","2702.7000","UNI","UNITED FAMILY FOOD","","","","","4.020202.045"
"4.020302.051","SUPER ZUPER CANDY  JAR 8X100 LOKAL","1","MFT","FOOD","GOOD","PC","8.0000","CT","14662.1600","15765.7600","UNI","UNITED FAMILY FOOD","","","","","4.020302.051"
"4.020402.038","SUPER ZUPER CANDY BAG 20X40 LOKAL","1","MFT","FOOD","GOOD","BG","20.0000","CT","4956.0000","5383.0000","UNI","UNITED FAMILY FOOD","UNI1","UNIFAM BASE","","4.020402.038","4.020402.038"
"4.020402.038_BD","SUPER ZUPER CANDY BAG 20X40 LOKAL","1","MFT","FOOD","BAD","BG","20.0000","CT","4956.0000","5383.0000","UNI","UNITED FAMILY FOOD","UNI1","UNIFAM BASE","","","4.020402.038"
"4.030102.057","JN LOLLI GSM HGR MAX 6X30 LOKAL","1","MFT","FOOD","GOOD","HG","6.0000","CT","18662.5800","20270.2700","UNI","UNITED FAMILY FOOD","UNI1","UNIFAM BASE","","","4.030102.057"
"4.030102.057_BD","JN LOLLI GSM HGR MAX 6X30 LOKAL","1","MFT","FOOD","BAD","HG","6.0000","CT","18248.1000","19819.8200","UNI","UNITED FAMILY FOOD","UNI1","UNIFAM BASE","","","4.030102.057"
"4.030202.060","JN LOLLI POCKET 4X15 MT LOKAL","1","MFT","FOOD","GOOD","PH","60.0000","CT","2488.3700","2702.7000","UNI","UNITED FAMILY FOOD","UNI1","UNIFAM BASE","","","4.030202.060"
"4.030202.060_BD","JN LOLLI POCKET 4X15 MT LOKAL","1","MFT","FOOD","BAD","PC","60.0000","CT","2488.3700","2702.7000","UNI","UNITED FAMILY FOOD","","","","","4.030202.060"
"4.030302.068","JN LOLLIPOP GSM JAR MAX 8X30 LOKAL PROMO","1","MFT","FOOD","GOOD","PC","8.0000","CT","19077.5900","20720.7500","UNI","UNITED FAMILY FOOD","","","","","4.030302.068"
"4.030402.048","JN LOLLIPOP GSM BAG REFF MAX  8x(30+3) LOKAL","1","MFT","FOOD","GOOD","PC","264.0000","CT","578.1000","627.9000","UNI","UNITED FAMILY FOOD","","","","","4.030402.048"
"4.030402.054","JN LOLLI POCKET 60X3 MT LOKAL","1","MFT","FOOD","GOOD","PC","60.0000","CT","2488.3700","2702.7000","UNI","UNITED FAMILY FOOD","UNI1","UNIFAM BASE","","","4.030402.054"
"4.030402.054_BD","JN LOLLI POCKET 60X3 MT LOKAL","1","MFT","FOOD","BAD","PC","60.0000","CT","2488.3700","2702.7000","UNI","UNITED FAMILY FOOD","UNI1","UNIFAM BASE","","","4.030402.054"
"4.040102.203","MILKITA BITES 6BX30PC GT LOKAL","1","MFT","FOOD","GOOD","PC","180.0000","CT","629.0000","683.1800","UNI","UNITED FAMILY FOOD","UNI1","UNIFAM BASE","","","4.040102.203"
"4.040102.203_BD","MILKITA BITES 6BX30PC GT LOKAL","1","MFT","FOOD","BAD","PC","180.0000","CT","629.0000","683.1800","UNI","UNITED FAMILY FOOD","UNI1","UNIFAM BASE","","","4.040102.203"
"4.040302.319","MILKITA CANDY ASS JAR 8X100 LOKAL","1","MFT","FOOD","GOOD","JR","8.0000","CT","16381.7800","17792.7500","UNI","UNITED FAMILY FOOD","UNI1","UNIFAM BASE","","","4.040302.319"
"4.040302.319_BD","MILKITA CANDY ASS JAR 8X100 LOKAL","1","MFT","FOOD","BAD","JR","8.0000","CT","16381.7800","17792.7500","UNI","UNITED FAMILY FOOD","UNI1","UNIFAM BASE","","","4.040302.319"
"4.040402.312","MILKITA CANDY ASS  BAG 20X30 PREMIUM(SPECIAL)","1","MFT","FOOD","GOOD","BG","20.0000","CT","8585.0000","9324.3200","UNI","UNITED FAMILY FOOD","UNI1","UNIFAM BASE","","","4.040402.312"
"4.040402.312_BD","MILKITA CANDY ASS  BAG 20X30 PREMIUM(SPECIAL)","1","MFT","FOOD","BAD","BG","20.0000","CT","8585.0000","9324.3200","UNI","UNITED FAMILY FOOD","UNI1","UNIFAM BASE","","","4.040402.312"
"4.040402.313","MILKITA CANDY CHOCO BAG 20X30 PREMIUM(SPECIAL)","1","MFT","FOOD","GOOD","BG","20.0000","CT","8585.0000","9324.3200","UNI","UNITED FAMILY FOOD","UNI1","UNIFAM BASE","","","4.040402.313"
"4.040402.313_BD","MILKITA CANDY CHOCO BAG 20X30 PREMIUM(SPECIAL)","1","MFT","FOOD","BAD","BG","20.0000","CT","8585.0000","9324.3200","UNI","UNITED FAMILY FOOD","UNI1","UNIFAM BASE","","","4.040402.313"
"4.040402.314","MILKITA CANDY STRAW BAG 20X30 PREMIUM(SPECIAL)","1","MFT","FOOD","GOOD","BG","20.0000","CT","8585.0000","9324.3200","UNI","UNITED FAMILY FOOD","UNI1","UNIFAM BASE","","","4.040402.314"
"4.040402.314_BD","MILKITA CANDY STRAW BAG 20X30 PREMIUM(SPECIAL)","1","MFT","FOOD","BAD","BG","20.0000","CT","8585.0000","9324.3200","UNI","UNITED FAMILY FOOD","UNI1","UNIFAM BASE","","","4.040402.314"
"4.040402.315","MILKITA CANDY MILK BAG 20X30 PREMIUM(SPECIAL)","1","MFT","FOOD","GOOD","BG","20.0000","CT","8585.0000","9324.3200","UNI","UNITED FAMILY FOOD","UNI1","UNIFAM BASE","","","4.040402.315"
"4.040402.315_BD","MILKITA CANDY MILK BAG 20X30 PREMIUM(SPECIAL)","1","MFT","FOOD","BAD","BG","20.0000","CT","8585.0000","9324.3200","UNI","UNITED FAMILY FOOD","UNI1","UNIFAM BASE","","","4.040402.315"
"4.040402.316","MILKITA CANDY MELON  BAG 20X30 PREMIUM(SPECIAL)","1","MFT","FOOD","GOOD","BG","20.0000","CT","8585.0000","9324.3200","UNI","UNITED FAMILY FOOD","UNI1","UNIFAM BASE","","","4.040402.316"
"4.040402.316_BD","MILKITA CANDY MELON  BAG 20X30 PREMIUM(SPECIAL)","1","MFT","FOOD","BAD","BG","20.0000","CT","8585.0000","9324.3200","UNI","UNITED FAMILY FOOD","UNI1","UNIFAM BASE","","","4.040402.316"
"4.040402.317","MILKITA CANDY POCKET SIZE 6X20 MT LOKAL","1","MFT","FOOD","GOOD","PC","120.0000","CT","2488.3700","2702.7000","UNI","UNITED FAMILY FOOD","UNI","UNITED FAMILY FOOD","","","4.040402.317"
"4.050102.279","MILKITA LOLLIPOP SCM HGR MAX 6X30 LOKAL","1","MFT","FOOD","GOOD","PC","180.0000","CT","622.0900","675.6800","UNI","UNITED FAMILY FOOD","","","","","4.050102.279"
"4.050102.279_BD","MILKITA LOLLIPOP SCM HGR MAX 6X30 LOKAL","1","MFT","FOOD","BAD","PC","180.0000","CT","608.2600","660.6600","UNI","UNITED FAMILY FOOD","","","","","4.050102.279"
"4.050302.254","MILKITA LOLLI JAR MAX 8X(30+2)PROKAL","1","MFT","FOOD","GOOD","JR","8.0000","CT","18662.8100","20270.2500","UNI","UNITED FAMILY FOOD","UNI1","UNIFAM BASE","","","4.050302.254"
"4.050302.254_BD","MILKITA LOLLI JAR MAX 8X(30+2)PROKAL","1","MFT","FOOD","BAD","JR","8.0000","CT","18662.8100","20270.2500","UNI","UNITED FAMILY FOOD","UNI1","UNIFAM BASE","","","4.050302.254"
"4.050302.255","MILKITA LOLLI JAR MAX 8X30 LOKAL","1","MFT","FOOD","GOOD","JR","8.0000","CT","19077.5600","20720.7200","UNI","UNITED FAMILY FOOD","","","","","4.050302.255"
"4.050302.255_BD","MILKITA LOLLI JAR MAX 8X30 LOKAL","1","MFT","FOOD","BAD","PC","8.0000","CT","18662.8100","20270.2500","UNI","UNITED FAMILY FOOD","","","","","4.050302.255"
"4.050302.267","MILKITA LOLLI JAR MAX 8X30 LKL(SPECIAL)","1","MFT","FOOD","GOOD","JR","8.0000","CT","18662.8100","20270.2500","UNI","UNITED FAMILY FOOD","","","","","4.050302.267"
"4.050302.267_BD","MILKITA LOLLI JAR MAX 8X30 LKL(SPECIAL)","1","MFT","FOOD","BAD","JR","8.0000","CT","18662.8100","20270.2500","UNI","UNITED FAMILY FOOD","UNI1","UNIFAM BASE","","","4.050302.267"
"4.050402.257","MILKITA LOLLI REF SCM MAX 8X(30+5)PROMO Lokal","1","MFT","FOOD","GOOD","BG","8.0000","CT","18663.0000","20270.0000","UNI","UNITED FAMILY FOOD","UNI1","UNIFAM BASE","","","4.050402.257"
"4.050402.261","MILKITA LOLLI ASS BAG PREMIUM 30X12 Lokal(Special)","1","MFT","FOOD","GOOD","BG","30.0000","CT","8585.0000","9324.3200","UNI","UNITED FAMILY FOOD","UNI1","UNIFAM BASE","","","4.050402.261"
"4.050402.261_BD","MILKITA LOLLI ASS BAG PREMIUM 30X12 Lokal(Special)","1","MFT","FOOD","BAD","BG","30.0000","CT","8585.0000","9324.3200","UNI","UNITED FAMILY FOOD","UNI1","UNIFAM BASE","","","4.050402.261"
"4.050402.263","MILKITA LOLLI REF SCM 8X(30+3) LOKAL","1","MFT","FOOD","GOOD","PC","8.0000","CT","19077.5600","20720.7200","UNI","UNITED FAMILY FOOD","","","","","4.050402.263"
"4.050402.263_BD","MILKITA LOLLI REF SCM 8X(30+3) LOKAL","1","MFT","FOOD","BAD","PC","8.0000","CT","18663.0000","20270.2500","UNI","UNITED FAMILY FOOD","","","","","4.050402.263"
"4.050402.265","MILKITA LOLLIPOP REF OMG MAX 8X(30+3) LOKAL","1","MFT","FOOD","GOOD","PC","8.0000","CT","19077.5600","20720.7200","UNI","UNITED FAMILY FOOD","UNI","UNITED FAMILY FOOD","","","4.050402.265"
"4.050402.266","Milkita Lolli Ref SCM Max 8x(30+3) Promo Spe Lkl","1","MFT","FOOD","GOOD","PC","8.0000","CT","18663.0000","20270.2500","UNI","UNITED FAMILY FOOD","","","","","4.050402.266"
"4.050402.266_BD","Milkita Lolli Ref SCM Max 8x(30+3) Promo Spe Lkl","1","MFT","FOOD","BAD","PC","8.0000","CT","18663.0000","20270.2500","UNI","UNITED FAMILY FOOD","","","","","4.050402.266"
"4.080401.004","KIKO ICE STICK JUMBO 12X10 @90ML","1","MFT","FOOD","GOOD","PC","12.0000","CT","9331.4100","10135.1300","UNI","UNITED FAMILY FOOD","UNI2","KIKO","","","4.080401.004"
"4.080401.004_BD","KIKO ICE STICK JUMBO 12X10 @90ML","1","MFT","FOOD","BAD","PC","12.0000","CT","9331.4100","10135.1300","UNI","UNITED FAMILY FOOD","UNI2","KIKO","","","4.080401.004"
"4.080401.004_BN","KIKO ICE STICK JUMBO 12X10 @90ML","1","MFT","FOOD","BONUS","PC","12.0000","CT","0.0000","0.0000","UNI","UNITED FAMILY FOOD","UNI2","KIKO","","","4.080401.004"
"4.090602.024","PINO ICE CUP PACK PMG 18X4 LOKAL","1","MFT","FOOD","GOOD","PK","18.0000","CT","3756.0000","4079.0700","UNI","UNITED FAMILY FOOD","UNI1","UNIFAM BASE","","4.090602.024","4.090602.024"
"4.090602.024_BD","PINO ICE CUP PACK PMG 18X4 LOKAL","1","MFT","FOOD","BAD","PC","18.0000","CT","3756.0000","4079.0700","UNI","UNITED FAMILY FOOD","UNI","UNITED FAMILY FOOD","","","4.090602.024"
"4.090602.025","PINO ICE CUP PACK ASS 18X4 LOKAL","1","MFT","FOOD","GOOD","PK","18.0000","CT","3756.0000","4079.0000","UNI","UNITED FAMILY FOOD","UNI1","UNIFAM BASE","","4.090602.025","4.090602.025"
"4.090602.025_BD","PINO ICE CUP PACK ASS 18X4 LOKAL","1","MFT","FOOD","BAD","PK","18.0000","CT","3756.0000","4079.0000","UNI","UNITED FAMILY FOOD","UNI","UNITED FAMILY FOOD","","4.090602.025","4.090602.025"
"4.091.202.029","PINO ICE CUP PARTY 6X10 MT LOKAL","1","MFT","FOOD","GOOD","PC","60.0000","CT","1866.2800","2027.0300","UNI","UNITED FAMILY FOOD","UNI","UNITED FAMILY FOOD","","","4.091.202.029"
"4.091202.030","PINO ICE CUP PARTY PACK 6X10 GT LOKAL","1","MFT","FOOD","GOOD","PC","60.0000","CT","1783.3000","1936.9000","UNI","UNITED FAMILY FOOD","UNI","UNITED FAMILY FOOD","","","4.091202.030"
"4.140102.085","Lemonilo Chimi Keripik Cheeseburger 24X41GR","1","MFT","FOOD","GOOD","PC","24.0000","CT","5800.4100","6300.0000","UNI","UNITED FAMILY FOOD","UNI4","LEMONILO MT","","","4.140102.085"
"4.140102.085_BD","Lemonilo Chimi Keripik Cheeseburger 24X41GR","1","MFT","FOOD","BAD","PC","24.0000","CT","5800.4100","6300.0000","UNI","UNITED FAMILY FOOD","UNI4","LEMONILO MT","","","4.140102.085"
"4.140102.086","LEMO CHIMI JAGUNG BAKAR F.PACK 12/CT","1","MFT","FOOD","GOOD","PC","12.0000","CT","10238.1800","11120.0000","UNI","UNITED FAMILY FOOD","UNI4","LEMONILO MT","","","4.140102.086"
"4.140102.086_BD","LEMO CHIMI JAGUNG BAKAR F.PACK 12/CT","1","MFT","FOOD","BAD","PC","12.0000","CT","10238.1800","11120.0000","UNI","UNITED FAMILY FOOD","UNI4","LEMONILO MT","","","4.140102.086"
"4.140102.087","LEMO BROWNIES CHOCO CHIPS RCG 6X10 Lokal","1","MFT","FOOD","GOOD","PC","60.0000","CT","1424.2900","1531.5000","UNI","UNITED FAMILY FOOD","UNI5","LEMONILO GT","","","4.140102.087"
"4.140102.087_BD","LEMO BROWNIES CHOCO CHIPS RCG 6X10 Lokal","1","MFT","FOOD","BAD","PC","60.0000","CT","1424.2900","1531.5000","UNI","UNITED FAMILY FOOD","","","","","4.140102.087"
"4.140102.093","LEMO BROWNIES KEJU RCG 1X60 Lokal","1","MFT","FOOD","GOOD","PC","60.0000","CT","1424.2900","1531.5000","UNI","UNITED FAMILY FOOD","UNI5","LEMONILO GT","","","4.140102.093"
"4.140102.093_BD","LEMO BROWNIES KEJU RCG 1X60 Lokal","1","MFT","FOOD","BAD","PC","60.0000","CT","1424.2900","1531.5000","UNI","UNITED FAMILY FOOD","UNI5","LEMONILO GT","","","4.140102.093"
"4.140402.095","LEMONILO MT BROWNIES CRUUNCHY 1X24X18GR","1","MFT","FOOD","GOOD","PC","24.0000","CT","3524.7000","3790.0000","UNI","UNITED FAMILY FOOD","UNI4","LEMONILO MT","","","4.140402.095"
"4.140402.095_BD","LEMONILO MT BROWNIES CRUUNCHY 1X24X18GR","1","MFT","FOOD","BAD","PC","24.0000","CT","3524.7000","3790.0000","UNI","UNITED FAMILY FOOD","UNI4","LEMONILO MT","","","4.140402.095"
"4.140902.084","LEMONILO BROWNIES CRISPY STRAW CHEESE 35GR","1","MFT","FOOD","GOOD","PC","12.0000","CT","8211.7200","8919.0000","UNI","UNITED FAMILY FOOD","UNI4","LEMONILO MT","","","4.140902.084"
"4.140902.084_BD","LEMONILO BROWNIES CRISPY STRAW 35GR","1","MFT","FOOD","BAD","PC","12.0000","CT","8211.7200","8919.0000","UNI","UNITED FAMILY FOOD","UNI4","LEMONILO MT","","","4.140902.084"
"4.140902.096","LEMO BROWN CRISPY LEMON  CHEESE 1X12X32GR MT LOKA","1","MFT","FOOD","GOOD","PC","12.0000","CT","8211.7200","8919.0000","UNI","UNITED FAMILY FOOD","","","","","4.140902.096"
"4.160402.025","KATA OMA TELUR GABUS FESTIVE 12X4 LOKAL","1","MFT","FOOD","GOOD","PC","48.0000","CT","10368.2300","11261.2500","UNI","UNITED FAMILY FOOD","UNI4","LEMONILO MT","","","4.160402.025"
"4.160402.043","KATA OMA TELUR GABUS JAGUNG BAKAR 24X50G","1","MFT","FOOD","GOOD","PC","24.0000","CT","9223.5700","10018.0000","UNI","UNITED FAMILY FOOD","","","","","4.160402.043"
"4.160402.043_BD","KATA OMA TELUR GABUS JAGUNG BAKAR 24X50G","1","MFT","FOOD","BAD","PC","24.0000","CT","9223.5700","10018.0000","UNI","UNITED FAMILY FOOD","","","","","4.160402.043"
"4.160402.060","KATA OMA TELUR GABUS KEJU BAG 3X20X30GR LOKAL","1","MFT","FOOD","GOOD","PC","60.0000","CT","5806.2100","6306.3100","UNI","UNITED FAMILY FOOD","","","","","4.160402.060"
"4.160402.061","KATA OMA TELUR GABUS GULA AREN BAG 3X20X30GR LOKAL","1","MFT","FOOD","GOOD","PC","60.0000","CT","5806.2100","6306.3100","UNI","UNITED FAMILY FOOD","","","","","4.160402.061"
"4.160402.062","KATA OMA TELUR GABUS SAMBAL BALADO BAG 3X20X30G LO","1","MFT","FOOD","GOOD","PC","60.0000","CT","5806.2100","6306.3100","UNI","UNITED FAMILY FOOD","","","","","4.160402.062"
"4.160402.063","KATA OMA TELUR GABUS JAGUNG BAKAR BAG 3X20X30G LO","1","MFT","FOOD","GOOD","PC","60.0000","CT","5806.2100","6306.3100","UNI","UNITED FAMILY FOOD","","","","","4.160402.063"
"4.160402.073","KATA OMA TELUR GABUS ASST BAG 3X20X30GR LOKAL","1","MFT","FOOD","GOOD","PC","60.0000","CT","5806.2100","6306.3100","UNI","UNITED FAMILY FOOD","","","","","4.160402.073"
"4.200402.004","MILKITA MILKI SCM 60X3 MT LOKAL","1","MFT","FOOD","GOOD","PH","60.0000","CT","3027.5200","3288.2900","UNI","UNITED FAMILY FOOD","UNI1","UNIFAM BASE","","","4.200402.004"
"4.200402.004_BD","MILKITA MILKI SCM 60X3 MT LOKAL","1","MFT","FOOD","BAD","PH","60.0000","CT","3027.5200","3288.2900","UNI","UNITED FAMILY FOOD","UNI1","UNIFAM BASE","","","4.200402.004"
"4.200402.013","MILKITA MILKI SCM 3X20 MT LOKAL","1","MFT","FOOD","GOOD","PH","60.0000","CT","3027.5200","3288.2900","UNI","UNITED FAMILY FOOD","UNI1","UNIFAM BASE","","","4.200402.013"
"4.200402.014","MILKITA MILKI OMG 3X20 MT LOKAL","1","MFT","FOOD","GOOD","PH","60.0000","CT","3027.5200","3288.2900","UNI","UNITED FAMILY FOOD","UNI1","UNIFAM BASE","","","4.200402.014"
"4.200402.014_BD","MILKITA MILKI OMG 3X20 MT LOKAL","1","MFT","FOOD","BAD","PC","60.0000","CT","3027.5200","3288.2900","UNI","UNITED FAMILY FOOD","","","","","4.200402.014"
"4.210302.002","FRIO LOLLIPOP JAR SGL 8X40 LOKAL","1","MFT","FOOD","GOOD","PC","8.0000","CT","12857.0000","13964.0000","UNI","UNITED FAMILY FOOD","UNI1","UNIFAM BASE","","","4.210302.002"
"4.210302.002_BD","FRIO LOLLIPOP JAR SGL 8X40 LOKAL","1","MFT","FOOD","BAD","PC","8.0000","CT","12857.0000","13964.0000","UNI","UNITED FAMILY FOOD","UNI1","UNIFAM BASE","","","4.210302.002"
"4.210302.004","FRIO LOLLI JAR SGL 8X40 PROKAL","1","MFT","FOOD","GOOD","JR","8.0000","CT","12857.0000","13964.0000","UNI","UNITED FAMILY FOOD","UNI1","UNIFAM BASE","","","4.210302.004"
"4.210302.004_BD","FRIO LOLLI JAR SGL 8X40 PROKAL","1","MFT","FOOD","BAD","JR","8.0000","CT","12857.0000","13964.0000","UNI","UNITED FAMILY FOOD","UNI1","UNIFAM BASE","","","4.210302.004"
"4.210402.003","FRIO LOLLI REFILL SGL 8X40 PROKAL","1","MFT","FOOD","GOOD","BG","8.0000","CT","12608.0000","13694.0000","UNI","UNITED FAMILY FOOD","UNI1","UNIFAM BASE","","","4.210402.003"
"4.210402.003_BD","FRIO LOLLI REFILL SGL 8X40 PROKAL","1","MFT","FOOD","BAD","BG","8.0000","CT","12442.3300","13514.0000","UNI","UNITED FAMILY FOOD","UNI1","UNIFAM BASE","","","4.210402.003"
"4.220402.001","MILKITA FUN PACK 12X3 MT Lokal","1","MFT","FOOD","GOOD","BX","12.0000","CT","25133.0000","27297.0000","UNI","UNITED FAMILY FOOD","UNI1","UNIFAM BASE","","","4.220402.001"
"4.220402.001_BD","MILKITA FUN PACK 12X3 MT Lokal","1","MFT","FOOD","BAD","BX","12.0000","CT","25133.0000","27297.0000","UNI","UNITED FAMILY FOOD","","","","","4.220402.001"
"4.220402.005","MILKITA MILKI OMG 60X3 MT LOKAL","1","MFT","FOOD","GOOD","PH","60.0000","CT","3027.5200","3288.2900","UNI","UNITED FAMILY FOOD","UNI1","UNIFAM BASE","","","4.220402.005"
"4.220402.005_BD","MILKITA MILKI OMG 60X3 MT LOKAL","1","MFT","FOOD","BAD","PH","60.0000","CT","3027.5200","3288.2900","UNI","UNITED FAMILY FOOD","UNI","UNITED FAMILY FOOD","","","4.220402.005"
"4.230202.001","MILKITA MILKY BAR ORI MILK DISP MT 6X12 LOKAL","1","MFT","FOOD","GOOD","PC","72.0000","CT","3151.9300","3423.4100","UNI","UNITED FAMILY FOOD","UNI","UNITED FAMILY FOOD","","","4.230202.001"
"4.230202.001_BD","MILKITA MILKY BAR ORI MILK DISP MT 6X12 LOKAL","1","MFT","FOOD","BAD","PC","72.0000","CT","3151.9300","3423.4100","UNI","UNITED FAMILY FOOD","UNI","UNITED FAMILY FOOD","","","4.230202.001"
"4.230202.002","MILKITA MILKY BAR ORI MILK GIFT BOX MT 24X5 LOKAL","1","MFT","FOOD","GOOD","PC","120.0000","CT","3151.5500","3423.0000","UNI","UNITED FAMILY FOOD","","","","","4.230202.002"
"4.230202.003","MILKITA MILKY BAR CHO DISPLAY BOX  MT 6X12 LOKAL","1","MFT","FOOD","GOOD","PC","72.0000","CT","3151.9300","3423.4100","UNI","UNITED FAMILY FOOD","","","","","4.230202.003"
"4.230202.003_BD","MILKITA MILKY BAR CHO DISPLAY BOX  MT 6X12 LOKAL","1","MFT","FOOD","BAD","PC","72.0000","CT","3151.9300","3423.4100","UNI","UNITED FAMILY FOOD","","","","","4.230202.003"
"4.230202.004","MILKITA MILKY BAR CHOC GIFT BOX MT 24x5 LOKAL","1","MFT","FOOD","GOOD","PC","120.0000","CT","3151.9400","3423.4200","UNI","UNITED FAMILY FOOD","","","","","4.230202.004"
"4.240202.001","HI FRUIT SNACK GRAPE DISPLAY BOX MT 8X18 LOKAL","1","MFT","FOOD","GOOD","PC","144.0000","CT","3151.9400","3423.4200","UNI","UNITED FAMILY FOOD","","","","","4.240202.001"
"4.240202.002","HIFRUIT SNACK GREEN GRAPE DISP BOX MT 8X18 LOKAL","1","MFT","FOOD","GOOD","PC","144.0000","CT","3151.9400","3423.4200","UNI","UNITED FAMILY FOOD","","","","","4.240202.002"
"4.240202.002_BD","HIFRUIT SNACK GREEN GRAPE DISP BOX MT 8X18 LOKAL","1","MFT","FOOD","BAD","PC","144.0000","CT","3151.9400","3423.4200","UNI","UNITED FAMILY FOOD","","","","","4.240202.002"
"4.260602.001","MILKITA MILKY PUDDING MILK YOGHURT 8X6X85G MT LOKA","1","MFT","FOOD","GOOD","PC","48.0000","CT","6221.1700","6757.0000","UNI","UNITED FAMILY FOOD","UNI1","UNIFAM BASE","","","4.260602.001"
"4.260602.001_BD","MILKITA MILKY PUDDING MILK YOGHURT 8X6X85G MT LOKA","1","MFT","FOOD","BAD","PC","48.0000","CT","6221.1700","6757.0000","UNI","UNITED FAMILY FOOD","UNI1","UNIFAM BASE","","","4.260602.001"
"4.260602.002","MILKITA MILKY PUDDING STRAW YOGHURT 8X6X85GR MT LO","1","MFT","FOOD","GOOD","PC","48.0000","CT","6221.1700","6757.0000","UNI","UNITED FAMILY FOOD","UNI","UNITED FAMILY FOOD","","","4.260602.002"
"4.260602.002_BD","MILKITA MILKY PUDDING STRAW YOGHURT 8X6X85GR MT LO","1","MFT","FOOD","BAD","PC","48.0000","CT","6221.1700","6757.0000","UNI","UNITED FAMILY FOOD","","","","","4.260602.002"
"4.260602.004","MILKITA MILKY PUDDING STRAW YOGHURT 8X6X85GR MT LO","1","MFT","FOOD","GOOD","PC","48.0000","CT","6221.1700","6757.0000","UNI","UNITED FAMILY FOOD","","","","","4.260602.004"
"4000302","CADBURY DAIRY MILK 30GR","1","28","FOOD","GOOD","PC","288.0000","CT","6210.0000","6787.0000","2801","CADBURY","2801","CADBURY","ABCDEFGH","","4000302"
"4000302_B","CADBURY DAIRY MILK 30GR","1","28","FOOD","BAD","PC","288.0000","CT","5324.0000","5818.0000","2801","CADBURY","2801","CADBURY","A","","4000302"
"4000302_BD","CADBURY DAIRY MILK 30GR","1","28","FOOD","BAD","PC","288.0000","CT","6210.0000","6787.0000","2801","CADBURY","2801","CADBURY","ABCDEFGHI","","4000302"
"4000304_B","CADBURY FRUIT NUT 12X24X30GR","1","28","FOOD","BAD","PC","288.0000","CT","5856.0000","6400.0000","2801","CADBURY","2801","CADBURY","A","","4000304"
"4000304_BD","CADBURY FRUIT NUT 12X24X30GR","1","28","FOOD","BAD","PC","288.0000","CT","6957.0000","7603.0000","2801","CADBURY","2801","CADBURY","ABCDEFGHI","","4000304"
"4000306_B","CDM CASHEW COOKIES 12X24X30G","1","28","FOOD","BAD","PC","288.0000","CT","4658.0000","5091.0000","2801","CADBURY","2801","CADBURY","A","","4000306"
"4000306_BD","CDM CASHEW COOKIES 12X24X30G","1","28","FOOD","BAD","PC","288.0000","CT","4658.0000","5091.0000","2801","CADBURY","","","","","4000306"
"4000316_B","CDM MILK 6X24X65GR","1","28","FOOD","BAD","PC","144.0000","CT","9317.0000","10182.0000","2801","CADBURY","2801","CADBURY","A","","4000316"
"4000318_B","CDM FRUIT NUT 6X24X65G","1","28","FOOD","BAD","PC","144.0000","CT","9317.0000","10182.0000","2801","CADBURY","2801","CADBURY","A","","4000318"
"4000320_B","CDM CASHEW COOKIES 6X24X65GR","1","28","FOOD","BAD","PC","144.0000","CT","8652.0000","9455.0000","2801","CADBURY","2801","CADBURY","A","","4000320"
"4000323_B","CDM MILK 6X12X165G","1","28","FOOD","BAD","PC","72.0000","CT","23092.0000","25236.0000","2801","CADBURY","2801","CADBURY","A","","4000323"
"4000323_BD","CDM MILK 6X12X165G","1","28","FOOD","BAD","PC","72.0000","CT","23092.0000","25236.0000","2801","CADBURY","2801","CADBURY","ABCDEFGHI","","4000323"
"4000327_B","CDM CASHEW COOKIES 6X12X165GR","1","28","FOOD","BAD","PC","72.0000","CT","23092.0000","25236.0000","2801","CADBURY","2801","CADBURY","A","","4000327"
"4000327_BD","CDM CASHEW COOKIES 6X12X165GR","1","28","FOOD","BAD","PC","72.0000","CT","23092.0000","25236.0000","2801","CADBURY","2801","CADBURY","","","4000327"
"4000369_B","OREO SECTION 6X34G","1","28","FOOD","BAD","PC","6.0000","CT","38182.0000","41727.0000","2804","OREO/RITZ","2804","OREO/RITZ","A","","4000369"
"4000969_BD","OREO VAN EXTRA 3 COOKIES 24X166.4GR","1","28","FOOD","BAD","PC","24.0000","CT","4836.0000","5761.0000","2804","OREO/RITZ","2804","OREO/RITZ","ABCDEFGHI","","4000969"
"4003171_B","OREO VAN 12(12+1)29.4G","1","28","FOOD","BAD","PC","144.0000","CT","1061.0000","1276.0000","2804","OREO/RITZ","2804","OREO/RITZ","A","","4003171"
"4003171_BD","OREO VAN 12(12+1)29.4G","1","28","FOOD","BAD","PC","144.0000","CT","1061.0000","1276.0000","2804","OREO/RITZ","2804","OREO/RITZ","A","","4003171"
"4004001_B","OREO CHOCO 12(12+1) 29.4G","1","28","FOOD","BAD","PC","144.0000","CT","1061.0000","1276.0000","2804","OREO/RITZ","2804","OREO/RITZ","A","","4004001"
"40056-09000-00","HP MARVEL AVENGERS 10S ASSORTEDCc24","1","12","NON FOOD","GOOD","PC","180.0000","CT","9732.7600","10713.0000","1202","HANSAPLAST","","","","","40056-09000-00"
"4005795_B","CDM BLACK FOREST 6X24X65GR","1","28","FOOD","BAD","PC","144.0000","CT","9317.0000","10182.0000","2801","CADBURY","2801","CADBURY","A","","4005795"
"4006511_B","OREO SANDWICH COCONUT 24X137G SEA","1","28","FOOD","BAD","PC","24.0000","CT","4836.0000","5285.0000","2804","OREO/RITZ","2804","OREO/RITZ","A","","4006511"
"4008873_B","BISKUAT COCO PANDAN 12X10X24GR","1","28","FOOD","BAD","PC","120.0000","CT","477.0000","521.0000","2802","BISKUAT","2802","BISKUAT","A","","4008873"
"4011398_B","BISKUAT ORIGINAL 6X(8X65G)","1","28","FOOD","BAD","PC","48.0000","CT","2059.0000","2250.0000","2802","BISKUAT","2802","BISKUAT","A","","4011398"
"4011403_B","BISKUAT COKLAT 6X(8X65GR)","1","28","FOOD","BAD","PC","48.0000","CT","2059.0000","2250.0000","2802","BISKUAT","2802","BISKUAT","A","","4011403"
"4011429_B","BISKUAT ORIGINAL 20X140GR","1","28","FOOD","BAD","PC","20.0000","CT","5466.0000","5973.0000","2802","BISKUAT","2802","BISKUAT","A","","4011429"
"4011433_B","BISKUAT COKLAT 20X140GR","1","28","FOOD","BAD","PC","20.0000","CT","5466.0000","5973.0000","2802","BISKUAT","2802","BISKUAT","A","","4011433"
"4011437_B","BISKUAT COCOPANDAN 20X154GR","1","28","FOOD","BAD","PC","20.0000","CT","5466.0000","5973.0000","2802","BISKUAT","2802","BISKUAT","A","","4011437"
"4011525_B","BISKUAT ORIGINAL 12X20X10G","1","28","FOOD","BAD","PC","240.0000","CT","339.0000","391.0000","2802","BISKUAT","2802","BISKUAT","A","","4011525"
"4011532_B","BISKUAT COKLAT 12X20X10GR","1","28","FOOD","BAD","PC","240.0000","CT","339.0000","391.0000","2802","BISKUAT","2802","BISKUAT","A","","4011532"
"4011534_B","BISKUAT COCOPANDAN 12X20X11GR","1","28","FOOD","BAD","PC","240.0000","CT","358.0000","391.0000","2802","BISKUAT","2802","BISKUAT","A","","4011534"
"4012798_B","OREO VAN+CHOC 12X(2X137G)WITH MUG","1","28","FOOD","BAD","PC","12.0000","CT","12727.0000","13909.0000","2804","OREO/RITZ","2804","OREO/RITZ","A","","4012798"
"4014752_B","MINI OREO STRAW 24X67G","1","28","FOOD","BAD","PC","24.0000","CT","5126.0000","5602.0000","2804","OREO/RITZ","2804","OREO/RITZ","A","","4014752"
"4016682_B","CHIPS AHOY CHOCO DELIGHT 12(10X28GR)","1","28","FOOD","BAD","PC","120.0000","CT","1273.0000","1391.0000","2804","OREO/RITZ","2804","OREO/RITZ","A","","4016682"
"4016685_B","CHIPS AHOY CHOCO DELIGHT 24X84G","1","28","FOOD","BAD","PC","24.0000","CT","3684.0000","4026.0000","2804","OREO/RITZ","2804","OREO/RITZ","A","","4016685"
"4016685_BD","CHIPS AHOY CHOCO DELIGHT 24X84G","1","28","FOOD","BAD","PC","24.0000","CT","3684.0000","4026.0000","2804","OREO/RITZ","2804","OREO/RITZ","ABCDEFGHI","","4016685"
"4016687_B","CHIPS AHOY ORIGINAL 24X84G","1","28","FOOD","BAD","PC","24.0000","CT","3684.0000","4026.0000","2804","OREO/RITZ","2804","OREO/RITZ","A","","4016687"
"40172-09000-00","HP TRANSPARANT 10 LEMBAR ASS","1","12","FOOD","GOOD","PC","180.0000","CT","8420.8800","9269.0000","1202","HANSAPLAST","","","","","40172-09000-00"
"40172-09000-01","HP TRANSPARAN 10 LEMBAR","1","12","NON FOOD","GOOD","PC","180.0000","CT","8420.8800","9269.0000","1202","HANSAPLAST","","","","","40172-09000-01"
"4018699_B","RITZ SANDWICH CHEESE 12X(12X27G)","1","28","FOOD","BAD","PC","144.0000","CT","1778.0000","1943.0000","2804","OREO/RITZ","2804","OREO/RITZ","A","","4018699"
"4018699_BD","RITZ SANDWICH CHEESE 12X(12X27G)","1","28","FOOD","BAD","PC","144.0000","CT","1778.0000","1943.0000","2804","OREO/RITZ","2804","OREO/RITZ","ABCDEFGHI","","4018699"
"4020111_B","CHIPS AHOY CHOCO DELIGHT 12X(10X28G)","1","28","FOOD","BAD","PC","120.0000","CT","1414.0000","1545.0000","2804","OREO/RITZ","2804","OREO/RITZ","A","","4020111"
"4024557_B","OREO CHOCO 12X(12X29.4)G PR OPEN UP","1","28","FOOD","BAD","PC","144.0000","CT","1061.0000","1160.0000","2804","OREO/RITZ","2804","OREO/RITZ","A","","4024557"
"4026887_B","BELVITA MILK&CEREAL 1X24X80GR","1","28","FOOD","BAD","PC","24.0000","CT","5780.0000","6317.0000","2803","BELVITA","2803","BELVITA","A","","4026887"
"4026891_B","BELVITA HONEY &CHOCO 1X24X80GR","1","28","FOOD","BAD","PC","24.0000","CT","5780.0000","6317.0000","2803","BELVITA","2803","BELVITA","A","","4026891"
"4029820_B","OREO C/S/C VANILLA 24X137GR SEA","1","28","FOOD","BAD","PC","24.0000","CT","4836.0000","5761.0000","2804","OREO/RITZ","2804","OREO/RITZ","A","","4029820"
"4029822_B","OREO C/S/C VANILLA 12X(2X137GR)SEA","1","28","FOOD","BAD","PC","12.0000","CT","9899.0000","10818.0000","2804","OREO/RITZ","2804","OREO/RITZ","A","","4029822"
"4031037_B","CADBURY CASHEW NUT 65GR","1","28","FOOD","BAD","PC","144.0000","CT","9317.0000","10182.0000","2801","CADBURY","2801","CADBURY","A","","4031037"
"4032312_BD","OREO C/S/C BLUEBERRY ICE CR 24X137GR","1","28","FOOD","BAD","PC","24.0000","CT","4920.0000","5861.0000","2804","OREO/RITZ","2804","OREO/RITZ","A","","4032312"
"4032313_BD","OREO C/S/C BLUEBERY ICE CREAM 12X12X29.4R","1","28","FOOD","BAD","PC","144.0000","CT","1061.0000","1276.0000","2804","OREO/RITZ","2804","OREO/RITZ","A","","4032313"
"4032314_B","OREO C/S/C CHOCOLATE 24X137GR","1","28","FOOD","BAD","PC","24.0000","CT","4920.0000","5861.0000","2804","OREO/RITZ","2804","OREO/RITZ","A","","4032314"
"4032318_BD","OREO C/S/C CHOCOLATE 12X12X29.4GR","1","28","FOOD","BAD","PC","144.0000","CT","1061.0000","1276.0000","2804","OREO/RITZ","2804","OREO/RITZ","A","","4032318"
"4032359_B","OREO C/S/C STRAW CREAM 24X137GR","1","28","FOOD","BAD","PC","24.0000","CT","4920.0000","5861.0000","2804","OREO/RITZ","2804","OREO/RITZ","A","","4032359"
"4032359_BD","OREO C/S/C STRAW CREAM 24X137GR","1","28","FOOD","BAD","PC","24.0000","CT","4920.0000","5861.0000","2804","OREO/RITZ","2804","OREO/RITZ","A","","4032359"
"4032361_BD","OREO C/S/C STRAW CREAM 12X12X29.4R","1","28","FOOD","BAD","PC","144.0000","CT","1061.0000","1276.0000","2804","OREO/RITZ","2804","OREO/RITZ","A","","4032361"
"4032362_B","OREO C/S/C VANILLA 24X137GR","1","28","FOOD","BAD","PC","24.0000","CT","4920.0000","5861.0000","2804","OREO/RITZ","2804","OREO/RITZ","A","","4032362"
"4032363_BD","OREO C/S/C VANILLA 24X68.5GR","1","28","FOOD","BAD","PC","24.0000","CT","2729.0000","2982.0000","2804","OREO/RITZ","2804","OREO/RITZ","A","","4032363"
"4032364_B","OREO C/S/C VANILLA 12X2X137GR","1","28","FOOD","BAD","PC","12.0000","CT","9899.0000","10818.0000","2804","OREO/RITZ","2804","OREO/RITZ","A","","4032364"
"4032364_BD","OREO C/S/C VANILLA 12X2X137GR","1","28","FOOD","BAD","PC","12.0000","CT","9899.0000","10818.0000","2804","OREO/RITZ","2804","OREO/RITZ","ABCDEFGHI","","4032364"
"4032366_BD","OREO C/S/C VANILLA 12X12X29.4GR","1","28","FOOD","BAD","PC","144.0000","CT","1061.0000","1276.0000","2804","OREO/RITZ","2804","OREO/RITZ","A","","4032366"
"4036841_B","CADBURY CASHEW NUT 30GR","1","28","FOOD","BAD","PC","288.0000","CT","5324.0000","5818.0000","2801","CADBURY","2801","CADBURY","A","","4036841"
"4036841_BD","CADBURY CASHEW NUT 30GR","1","28","FOOD","BAD","PC","288.0000","CT","6210.0000","6787.0000","2801","CADBURY","2801","CADBURY","","","4036841"
"4036912_B","BISKUAT ORIGINAL 12X(20X10GR)","1","28","FOOD","BAD","PC","240.0000","CT","339.0000","391.0000","2802","BISKUAT","2802","BISKUAT","A","","4036912"
"4036912_BD","BISKUAT ORIGINAL 12X(20X10GR)","1","28","FOOD","BAD","PC","240.0000","CT","339.0000","391.0000","2802","BISKUAT","2802","BISKUAT","A","","4036912"
"4036913_B","BISKUAT COKLAT 12X(20X10GR)","1","28","FOOD","BAD","PC","240.0000","CT","339.0000","391.0000","2802","BISKUAT","2802","BISKUAT","A","","4036913"
"4036914_B","BISKUAT ORIGINAL 6X(8X65GR)","1","28","FOOD","BAD","PC","48.0000","CT","2059.0000","2250.0000","2802","BISKUAT","2802","BISKUAT","A","","4036914"
"4036915_B","BISKUAT COKLAT 6X(8X65GR)","1","28","FOOD","BAD","PC","48.0000","CT","2059.0000","2250.0000","2802","BISKUAT","2802","BISKUAT","A","","4036915"
"4036915_BD","BISKUAT COKLAT 6X(8X65GR)","1","28","FOOD","BAD","PC","48.0000","CT","2059.0000","2250.0000","2802","BISKUAT","2802","BISKUAT","A","","4036915"
"4036916_B","BISKUAT ORIGINAL 20X140GR","1","28","FOOD","BAD","PC","20.0000","CT","5466.0000","5973.0000","2802","BISKUAT","2802","BISKUAT","A","","4036916"
"4036916_BD","BISKUAT ORIGINAL 20X140GR","1","28","FOOD","BAD","PC","20.0000","CT","5813.0000","6353.0000","2802","BISKUAT","2802","BISKUAT","A","","4036916"
"4036917_B","BISKUAT COKLAT 20X140GR","1","28","FOOD","BAD","PC","20.0000","CT","5466.0000","5973.0000","2802","BISKUAT","2802","BISKUAT","A","","4036917"
"4036917_BD","BISKUAT COKLAT 20X140GR","1","28","FOOD","BAD","PC","20.0000","CT","5466.0000","5973.0000","2802","BISKUAT","2802","BISKUAT","A","","4036917"
"4037074_B","OREO PEANUT BUTTER & CHOCO 24X137G","1","28","FOOD","BAD","PC","24.0000","CT","4920.0000","5861.0000","2804","OREO/RITZ","2804","OREO/RITZ","A","","4037074"
"4037081_B","OREO PEANUT BUTTER & CHOC 12X(12X29.4G)","1","28","FOOD","BAD","PC","144.0000","CT","1061.0000","1276.0000","2804","OREO/RITZ","2804","OREO/RITZ","A","","4037081"
"4037081_BD","OREO PEANUT BUTTER & CHOC 12X(12X29.4G)","1","28","FOOD","BAD","PC","144.0000","CT","1061.0000","1276.0000","2804","OREO/RITZ","2804","OREO/RITZ","A","","4037081"
"4039781_B","OREO SELECTION 6X352G","1","28","FOOD","BAD","PC","6.0000","CT","38182.0000","44432.0000","2804","OREO/RITZ","2804","OREO/RITZ","A","","4039781"
"4040299_B","OREO DARK AND WHITE CHOC 24X137G","1","28","FOOD","BAD","PC","24.0000","CT","4920.0000","5861.0000","2804","OREO/RITZ","2804","OREO/RITZ","A","","4040299"
"4042486_B","OREO VANILLA 24X97.8GR PACK IT","1","28","FOOD","BAD","PC","24.0000","CT","3265.0000","3568.0000","2804","OREO/RITZ","2804","OREO/RITZ","A","","4042486"
"4042488_B","OREO CHOCO 24X97.8GR PACK TT","1","28","FOOD","BAD","PC","24.0000","CT","3265.0000","3568.0000","2804","OREO/RITZ","2804","OREO/RITZ","A","","4042488"
"4042795_B","CADBURY DAIRY MILK OREO 40GR","1","28","FOOD","BAD","PC","240.0000","CT","7986.0000","8727.0000","2801","CADBURY","2801","CADBURY","A","","4042795"
"4042798_B","CADBURY DAIRY MILK OREO 60GR","1","28","FOOD","BAD","PC","192.0000","CT","11565.0000","12639.0000","2801","CADBURY","2801","CADBURY","A","","4042798"
"4042798_BD","CADBURY DAIRY MILK OREO 60GR","1","28","FOOD","BAD","PC","192.0000","CT","11750.0000","12841.0000","2801","CADBURY","2801","CADBURY","","","4042798"
"4043791_B","CADBURY DAIRY MILK HEROES 30G","1","28","FOOD","BAD","PC","288.0000","CT","4992.0000","5455.0000","2801","CADBURY","2801","CADBURY","A","","4043791"
"4043791_BD","CADBURY DAIRY MILK HEROES 30G","1","28","FOOD","BAD","PC","288.0000","CT","4992.0000","5455.0000","2801","CADBURY","2801","CADBURY","A","","4043791"
"4044144_B","BELVITA BANANA &CEREAL 1X24X80GR","1","28","FOOD","BAD","PC","24.0000","CT","5303.0000","5795.0000","2803","BELVITA","2803","BELVITA","A","","4044144"
"4044399_B","CADBURY FIVE STAR SEA 15G","1","28","FOOD","BAD","PC","432.0000","CT","1997.0000","2182.0000","2801","CADBURY","2801","CADBURY","A","","4044399"
"4044402_B","CADBURY FIVE STAR SEA 45G","1","28","FOOD","BAD","PC","216.0000","CT","5856.0000","6400.0000","2801","CADBURY","2801","CADBURY","A","","4044402"
"4047297_BD","TOBLERONE MILK 50G","1","28","FOOD","BAD","PC","192.0000","CT","11341.0000","12394.0000","2801","CADBURY","2801","CADBURY","A","","4047297"
"4047306_BD","TOBLERONE MILK 35G","1","28","FOOD","BAD","PC","192.0000","CT","8224.0000","8988.0000","2801","CADBURY","2801","CADBURY","A","","4047306"
"4047490","OREO SOFTCAKE 12X12X16GR","1","28","FOOD","GOOD","PC","144.0000","CT","1456.0000","1591.0000","2804","OREO/RITZ","2804","OREO/RITZ","ABCDEFGH","","4047490"
"4047490_B","OREO SOFTCAKE 12X12X16GR","1","28","FOOD","BAD","PC","144.0000","CT","1397.0000","1756.0000","2804","OREO/RITZ","2804","OREO/RITZ","A","","4047490"
"4047490_BD","OREO SOFTCAKE 12X12X16GR","1","28","FOOD","BAD","PC","144.0000","CT","1456.0000","1591.0000","2804","OREO/RITZ","2804","OREO/RITZ","A","","4047490"
"4047554_B","BISKUAT BOLU PANDAN 12X12X16GR","1","28","FOOD","BAD","PC","144.0000","CT","1364.0000","1714.0000","2802","BISKUAT","2802","BISKUAT","A","","4047554"
"4047554_BD","BISKUAT BOLU PANDAN 12X12X16GR","1","28","FOOD","BAD","PC","144.0000","CT","1364.0000","1714.0000","2802","BISKUAT","2802","BISKUAT","ABCDEFGHI","","4047554"
"4047567","KRAFT KEJU CAKE 12X12X16GR","1","28","FOOD","GOOD","PC","144.0000","CT","1456.0000","1591.0000","2804","OREO/RITZ","2804","OREO/RITZ","ABCDEFGH","","4047567"
"4047567_B","KRAFT KEJU CAKE 12X12X16GR","1","28","FOOD","BAD","PC","144.0000","CT","1397.0000","1756.0000","2804","OREO/RITZ","2804","OREO/RITZ","A","","4047567"
"4047567_BD","KRAFT KEJU CAKE 12X12X16GR","1","28","NON FOOD","BAD","PC","144.0000","CT","1456.0000","1591.0000","2804","OREO/RITZ","2804","OREO/RITZ","ABCDEFGHI","","4047567"
"4047593","BISKUAT BOLU COKLAT 12X12X16.6GR","1","28","FOOD","GOOD","PC","144.0000","CT","1456.0000","1591.0000","2802","BISKUAT","2802","BISKUAT","ABCDEFGH","","4047593"
"4047593_B","BISKUAT BOLU COKLAT 12X12X16.6GR","1","28","FOOD","BAD","PC","144.0000","CT","1397.0000","1756.0000","2802","BISKUAT","2802","BISKUAT","A","","4047593"
"4047593_BD","BISKUAT BOLU COKLAT 12X12X16.6GR","1","28","FOOD","BAD","PC","144.0000","CT","1455.7600","1591.0000","2802","BISKUAT","2802","BISKUAT","ABCDEFGHI","","4047593"
"4047963_B","BISKUAT ORIGINAL 12X4X65GR","1","28","FOOD","BAD","PC","48.0000","CT","2059.0000","2250.0000","2802","BISKUAT","2802","BISKUAT","A","","4047963"
"4047964_B","BISKUAT COKLAT 12X4X65GR","1","28","FOOD","BAD","PC","48.0000","CT","2059.0000","2250.0000","2802","BISKUAT","2802","BISKUAT","A","","4047964"
"4048729_BD","OREO THINS VANILA DELIGHR 24X95G","1","28","FOOD","BAD","PC","24.0000","CT","8214.0000","8977.0000","2804","OREO/RITZ","2804","OREO/RITZ","A","","4048729"
"4048730_BD","OREO THIN TIRAMISU SEA 24X95G","1","28","FOOD","BAD","PC","24.0000","CT","8214.0000","8977.0000","2804","OREO/RITZ","2804","OREO/RITZ","A","","4048730"
"4048730_BN","OREO THIN TIRAMISU SEA 24X95G","1","28","FOOD","BONUS","PC","24.0000","CT","0.0000","0.0000","2804","OREO/RITZ","2804","OREO/RITZ","ABCDEFG","","4048730"
"4049588_BD","OREO CHOC 24X(97.8+19.6)G XTRA 2PC","1","28","FOOD","BAD","PC","24.0000","CT","3410.0000","3727.0000","2804","OREO/RITZ","2804","OREO/RITZ","A","","4049588"
"4049589_B","OREO VANILLA 24X97.8GR PACK TT","1","28","FOOD","BAD","PC","24.0000","CT","3411.0000","3728.0000","2804","OREO/RITZ","2804","OREO/RITZ","A","","4049589"
"4050344_BD","CDM BLACK FOREST 65GR 6X24X65G","1","28","FOOD","BAD","PC","144.0000","CT","9317.0000","10182.0000","2801","CADBURY","2801","CADBURY","ABCDEFGHI","","4050344"
"4052228_B","MINI OREO ORI 6X10X23GR IPT","1","28","FOOD","BAD","PC","60.0000","CT","1364.0000","1491.0000","2804","OREO/RITZ","2804","OREO/RITZ","A","","4052228"
"4052228_BD","MINI OREO ORI 6X10X23GR IPT","1","28","FOOD","BAD","PC","60.0000","CT","1364.0000","1491.0000","2804","OREO/RITZ","2804","OREO/RITZ","A","","4052228"
"4052231_BD","MINI OREO CHOCO 6X10X23GR IP","1","28","FOOD","BAD","PC","60.0000","CT","1364.0000","1491.0000","2804","OREO/RITZ","2804","OREO/RITZ","A","","4052231"
"4053749_BD","CADBURY DAIRY MILK HEROES 30GR","1","28","FOOD","BAD","PC","288.0000","CT","4992.0000","5455.0000","2801","CADBURY","2801","CADBURY","A","","4053749"
"4053999","CADBURY LICKABLES 9X12X20G","1","28","FOOD","GOOD","PC","108.0000","CT","10759.0000","11758.0000","2801","CADBURY","2801","CADBURY","ABCDEFGH","","4053999"
"4053999_BD","CADBURY LICKABLES 9X12X20G","1","28","FOOD","BAD","PC","108.0000","CT","10759.0000","11758.0000","2801","CADBURY","2801","CADBURY","A","","4053999"
"4055268_BD","CADBURY FRUIT&NUT WHOLE NUT 100G","1","28","FOOD","BAD","PC","72.0000","CT","16504.0000","18036.0000","2801","CADBURY","2801","CADBURY","A","","4055268"
"4055271_BD","CDM CASHEW WHOLE NUT 6X12X100G SEA","1","28","FOOD","BAD","PC","72.0000","CT","16504.0000","18036.0000","2801","CADBURY","2801","CADBURY","A","","4055271"
"40554-09000-00_BD","HP STARWARS 10S ASSORTED","1","12","FOOD","BAD","PC","180.0000","CT","6824.6900","7651.0000","1202","HANSAPLAST","","","","","40554-09000-00"
"4055454_B","OREO VAN 24X(97.8+19.6)G XTRA 2PC","1","28","FOOD","BAD","","24.0000","","3410.0000","3727.0000","2804","OREO/RITZ","2804","OREO/RITZ","A","","4055454"
"4055458_B","OREO CHOC 24X(97.8+19.6)G XTRA 2PC","1","28","FOOD","BAD","PC","24.0000","CT","3410.0000","3727.0000","2804","OREO/RITZ","2804","OREO/RITZ","A","","4055458"
"40556-09000-02_BD","HP DISNEY FROZEN 10S ASSORTED","1","12","FOOD","BAD","PC","180.0000","CT","8262.7700","9110.0000","1202","HANSAPLAST","","","","","40556-09000-02"
"40556-09000-03_BD","HP DISNEY FROZEN 10S ASSORTED","1","12","NON FOOD","BAD","PC","180.0000","CT","7738.9900","8263.0000","1202","HANSAPLAST","","","","40556-09000-03","40556-09000-03"
"40556-09000-04","HP DISNEY FROZEN 10LEMBAR","1","12","NON FOOD","GOOD","PC","180.0000","CT","9732.7600","10713.0000","1202","HANSAPLAST","","","","","40556-09000-04"
"40556-09000-04_BD","HP DISNEY FROZEN 10LEMBAR","1","12","NON FOOD","BAD","PC","180.0000","CT","9732.7600","10713.0000","1201","NIVEA","","","","","40556-09000-04"
"40556-09000-05","HP DISNEY FROZEN 10 LEMBAR","1","12","FOOD","GOOD","PC","180.0000","CT","9732.7600","10713.0000","1202","HANSAPLAST","","","","","40556-09000-05"
"40556-09000-05_BD","HP DISNEY FROZEN 10 LEMBAR","1","12","FOOD","BAD","PC","180.0000","CT","9732.7600","10713.0000","1202","HANSAPLAST","","","","","40556-09000-05"
"4055784_BD","OREO SELECTION 6X313.6G","1","28","FOOD","BAD","PC","6.0000","CT","38182.0000","44432.0000","2804","OREO/RITZ","2804","OREO/RITZ","A","","4055784"
"4056191_B","BELVITA MILK & CEREAL TT PACK 20GR","1","28","FOOD","BAD","PC","18.0000","CT","9985.0000","10912.0000","2803","BELVITA","2803","BELVITA","A","","4056191"
"4056191_BD","BELVITA MILK & CEREAL TT PACK 20GR","1","28","FOOD","BAD","PC","18.0000","CT","9985.0000","10912.0000","2803","BELVITA","2803","BELVITA","A","","4056191"
"4056757_BD","BISKUAT SANDWICH CHOCO 24X118G","1","28","FOOD","BAD","PC","24.0000","CT","4592.0000","5018.0000","2802","BISKUAT","2802","BISKUAT","A","","4056757"
"40570-09000-01_BD","HP FUN JUNIOR HASBRO HANGER","1","12","FOOD","BAD","PC","50.0000","CT","22290.1800","24989.0000","1202","HANSAPLAST","","","ABCDEFGHI","","40570-09000-01"
"4058288_BD","OREO THINS LEMON CHEESECAKE 95GX24","1","28","FOOD","BAD","PC","24.0000","CT","8214.0000","8977.0000","2804","OREO/RITZ","2804","OREO/RITZ","ABCDEFGHI","","4058288"
"4060515_BD","CADBURY HOT CHOCOLATE DRINK 450G","1","28","FOOD","BAD","PC","18.0000","CT","49884.0000","54516.0000","2801","CADBURY","2801","CADBURY","A","","4060515"
"4065346_BD","MINI OREO STRAW 24X67 G JW PROMO","1","28","FOOD","BAD","PC","24.0000","CT","5126.0000","5602.0000","2804","OREO/RITZ","2804","OREO/RITZ","A","","4065346"
"4065346_BN","MINI OREO STRAW 24X67 G JW PROMO","1","28","FOOD","BONUS","PC","24.0000","CT","0.0000","0.0000","2804","OREO/RITZ","2804","OREO/RITZ","ABCDEFGHI","","4065346"
"4065348_BD","MINI OREO CHOCO 24X67 G JW PROMO","1","28","FOOD","BAD","PC","24.0000","CT","5126.0000","5602.0000","2804","OREO/RITZ","2804","OREO/RITZ","A","","4065348"
"4065350_B","MINI OREO VANILLA 24X67G G JW PROMO","1","28","FOOD","BAD","PC","24.0000","CT","5126.0000","5602.0000","2804","OREO/RITZ","2804","OREO/RITZ","A","","4065350"
"4065354_B","MINI OREO CHOC 6X10X23G IPT JW PROMO","1","28","FOOD","BAD","PC","60.0000","CT","1364.0000","1491.0000","2804","OREO/RITZ","2804","OREO/RITZ","A","","4065354"
"4067873_BD","CDM SILK OREO 6X28X40G","1","28","FOOD","BAD","PC","168.0000","CT","9115.0000","9961.0000","2801","CADBURY","2801","CADBURY","ABCDEFGHI","","4067873"
"4070277_BD","BISKUAT SDW CHOCO 12X9X27G","1","28","FOOD","BAD","PC","108.0000","CT","1023.0000","1118.0000","2802","BISKUAT","2802","BISKUAT","A","","4070277"
"4072077_BD","OREO SOFT CAKE PROMO 3+1 12X12X16G","1","28","FOOD","BAD","PC","144.0000","CT","1364.0000","1715.0000","2804","OREO/RITZ","2804","OREO/RITZ","A","","4072077"
"4072735_BD","KRAFT QUICK MELT MOZZA 165GR","1","28","FOOD","BAD","PC","48.0000","CT","22826.0000","24730.0000","2806","KRAFT","2806","KRAFT","","","4072735"
"4073527_BD","BISKUAT ORIGINAL 12X4X60G","1","28","FOOD","BAD","PC","48.0000","CT","2024.0000","2212.0000","2802","BISKUAT","2802","BISKUAT","A","","4073527"
"4073530_BD","BISKUAT CHOCOLATE 12X4X60G","1","28","FOOD","BAD","PC","48.0000","CT","2024.0000","2212.0000","2802","BISKUAT","2802","BISKUAT","A","","4073530"
"4075799_BD","KEJU MILKY SOFT 48X165G","1","28","FOOD","BAD","PC","48.0000","CT","12291.0000","13316.0000","2806","KRAFT","2806","KRAFT","","","4075799"
"4075901_BD","OREO CHOCOLATE 24X68.5G","1","28","FOOD","BAD","PC","24.0000","CT","2729.0000","2982.0000","2804","OREO/RITZ","2804","OREO/RITZ","A","","4075901"
"4076244","KRAFT KEJU CAKE 12X12X16GR","1","28","FOOD","BONUS","PC","144.0000","CT","0.0000","0.0000","2804","OREO/RITZ","2804","OREO/RITZ","ABCDEFGHI","","4076244"
"4076245","BISKUAT BOLU COKLAT 12X12X16.6GR","1","28","FOOD","BONUS","PC","144.0000","CT","0.0000","0.0000","2802","BISKUAT","2802","BISKUAT","ABCDEFGH","","4076245"
"4080854","KRAFT CHEDDAR MINI 144X30GR","1","28","FOOD","GOOD","PC","144.0000","CT","4004.0000","4338.0000","2806","KRAFT","2806","KRAFT","","","4080854"
"4080854_BD","KRAFT CHEDDAR MINI 144X30GR","1","28","FOOD","BAD","PC","144.0000","CT","4004.0000","4338.0000","2806","KRAFT","2806","KRAFT","","","4080854"
"4081140_BD","OREO VANILLA 137G PLAY TO WIN C2","1","28","FOOD","BAD","PC","24.0000","CT","4920.0000","5861.0000","2804","OREO/RITZ","2804","OREO/RITZ","A","","4081140"
"4081144_BD","OREO CHOCOLATE 137G PLAY TO WIN C2","1","28","FOOD","BAD","PC","24.0000","CT","4920.0000","5861.0000","2804","OREO/RITZ","2804","OREO/RITZ","A","","4081144"
"4081213_BD","OREO VANILLA 12X29.4G PLAY TO WIN C2","1","28","FOOD","BAD","PC","144.0000","CT","1061.0000","1276.0000","2804","OREO/RITZ","2804","OREO/RITZ","A","","4081213"
"4081216_BD","OREO CHOCOLATE 12X12X29.4G PLAY TO WIN C2","1","28","FOOD","BAD","PC","144.0000","CT","1061.0000","1276.0000","2804","OREO/RITZ","2804","OREO/RITZ","A","","4081216"
"4081669_BD","HALLS XS LIME 24X12X25S ID","1","28","FOOD","BAD","PC","288.0000","CT","6177.0000","6750.0000","2805","CANDY","2805","CANDY","ABCDEFGHI","","4081669"
"4081672_B","HALLS XS WM 24X12X25S ID","1","28","FOOD","BAD","PC","288.0000","CT","6177.0000","6750.0000","2805","CANDY","2805","CANDY","ABCDEFGHI","","4081672"
"4081675_B","HALLS XS ML 24X12X25S ID","1","28","FOOD","BAD","PC","288.0000","CT","6177.0000","6750.0000","2805","CANDY","2805","CANDY","ABCDEFGH","","4081675"
"4081677_BD","OREO SOFTCAKE SPIDERMAN 12X12X16GR","1","28","FOOD","BAD","PC","144.0000","CT","1364.0000","1714.0000","2804","OREO/RITZ","2804","OREO/RITZ","ABCDEFGHI","","4081677"
"4082360_BD","OREO VAN 68.5GR SPIDERMAN","1","28","FOOD","BAD","PC","24.0000","CT","2729.0000","2982.0000","2804","OREO/RITZ","2804","OREO/RITZ","ABCDEFGHI","","4082360"
"4082372_BD","OREO CHO 137GR SPIDERMAN","1","28","FOOD","BAD","PC","24.0000","CT","4920.0000","5861.0000","2804","OREO/RITZ","2804","OREO/RITZ","ABCDEFGHI","","4082372"
"4084404_BD","CADBURY DRINKING CHOC 30GX3","1","28","FOOD","BAD","PC","90.0000","CT","10980.0000","12000.0000","2801","CADBURY","2801","CADBURY","ABCDEFGHI","","4084404"
"4084426","OREO COOKIE CRUMB 8X1KG","1","28","FOOD","GOOD","PC","8.0000","CT","62041.0000","67804.0000","2804","OREO/RITZ","2804","OREO/RITZ","BCDEFGH","","4084426"
"4084426_BD","OREO COOKIE CRUMB 8X1KG","1","28","FOOD","BAD","PC","8.0000","CT","59086.0000","64575.0000","2804","OREO/RITZ","2804","OREO/RITZ","ABCDEFGHI","","4084426"
"4084511","MINI OREO STRAWB 6X10X20.4GR IPT","1","28","FOOD","GOOD","PC","60.0000","CT","1414.0000","1545.0000","2804","OREO/RITZ","2804","OREO/RITZ","ABCDEFGH","","4084511"
"4084511_BD","MINI OREO STRAWB 6X10X20.4GR IPT","1","28","FOOD","BAD","PC","60.0000","CT","1414.0000","1545.0000","2804","OREO/RITZ","2804","OREO/RITZ","ABCDEFGHI","","4084511"
"4084896_BD","TOBLERONE MILK 200G 5X10CA","1","28","FOOD","BAD","PC","50.0000","CT","55692.0000","60866.0000","2801","CADBURY","2801","CADBURY","ABCDEFGHI","","4084896"
"4084899_B","TOBLERONE MILK 100G","1","28","FOOD","BAD","PC","80.0000","CT","23224.0000","25380.0000","2801","CADBURY","2801","CADBURY","ABCDEFGHI","","4084899"
"4084899_BD","TOBLERONE MILK 100G","1","28","FOOD","BAD","PC","80.0000","CT","33276.0000","36367.0000","2801","CADBURY","2801","CADBURY","","","4084899"
"4084989_BD","TOBLERON MILK 50G","1","28","FOOD","BAD","PC","192.0000","CT","12281.0000","13421.0000","2801","CADBURY","2801","CADBURY","ABCDEFGHI","","4084989"
"424003_BD","UHU Super Glue JUmbo Card 3GR","1","M1","NON FOOD","BAD","PC","576.0000","CT","4957.0000","6284.0000","71","ALLIGATOR","FBC","FABER CASTELL","","","424003"
"4252159_B","OREO C/S/C VANILLA 12X12X28.5G","1","28","FOOD","BAD","PC","144.0000","CT","1061.0000","1276.0000","2804","OREO/RITZ","2804","OREO/RITZ","CDEFGH","","4252159"
"4252350_BD","OREO C/S/C VANILLA 24X66.5GR","1","28","FOOD","BAD","PC","24.0000","CT","3495.0000","3728.0000","2804","OREO/RITZ","2804","OREO/RITZ","ABCDEFGHI","","4252350"
"4252351_BD","OREO C/S/C VANILA 24X133G","1","28","FOOD","BAD","PC","24.0000","CT","5257.0000","6262.0000","2804","OREO/RITZ","2804","OREO/RITZ","ABCDEFGHI","","4252351"
"4252353_BD","OREO CHOCOLATE 24X66.5G","1","28","FOOD","BAD","PC","24.0000","CT","3495.0000","3819.0000","2804","OREO/RITZ","2804","OREO/RITZ","ABCDEFGHI","","4252353"
"4252354_BD","OREO C/S/C CHOCOLATE 24X133G","1","28","FOOD","BAD","PC","24.0000","CT","5257.0000","6262.0000","2804","OREO/RITZ","2804","OREO/RITZ","ABCDEFGHI","","4252354"
"4252356_BD","OREO DARK&WHITE CHOC 24X133G","1","28","FOOD","BAD","PC","24.0000","CT","4920.0000","5861.0000","2804","OREO/RITZ","2804","OREO/RITZ","ABCDEFGHI","","4252356"
"4252357_BD","OREO SAND DBL STUF 24X147.7G BD","1","28","FOOD","BAD","PC","24.0000","CT","4979.0000","5931.0000","2804","OREO/RITZ","2804","OREO/RITZ","ABCDEFGHI","","4252357"
"4252358_BD","OREO C/S/C BBERRY IC 12X12X28.5G","1","28","FOOD","BAD","PC","144.0000","CT","1061.0000","1276.0000","2804","OREO/RITZ","2804","OREO/RITZ","ABCDEFGHI","","4252358"
"4252359_BD","OREO C/S/C BBERRY ICE CREAM 24X133G","1","28","FOOD","BAD","PC","24.0000","CT","5257.0000","6262.0000","2804","OREO/RITZ","2804","OREO/RITZ","ABCDEFGHI","","4252359"
"4252360_BD","OREO C/S/C STRW CREAM 12X12X28.5G","1","28","FOOD","BAD","PC","144.0000","CT","1061.0000","1276.0000","2804","OREO/RITZ","2804","OREO/RITZ","ABCDEFGHI","","4252360"
"4252361_BD","OREO C/S/C STRAWBERRY CREAM 24X133G","1","28","FOOD","BAD","PC","24.0000","CT","5649.0000","6728.0000","2804","OREO/RITZ","2804","OREO/RITZ","ABCDEFGHI","","4252361"
"4252362_BD","OREO C/S/C CHOCOLATE 12X12X28.5G","1","28","FOOD","BAD","PC","144.0000","CT","1061.0000","1276.0000","2804","OREO/RITZ","2804","OREO/RITZ","ABCDEFGHI","","4252362"
"4252621_BD","OREO PEANUT BUTTER&CHOCO 24X133G","1","28","FOOD","BAD","PC","24.0000","CT","5649.0000","6728.0000","2804","OREO/RITZ","2804","OREO/RITZ","ABCDEFGHI","","4252621"
"4252622_BD","OREO PEANUT BUTTER&CHO 12X12X28.5G","1","28","FOOD","BAD","PC","144.0000","CT","1061.0000","1276.0000","2804","OREO/RITZ","2804","OREO/RITZ","ABCDEFGHI","","4252622"
"4252626_BD","OREO C/S/C VANILLA 12X2X133GR","1","28","FOOD","BAD","PC","12.0000","CT","9899.0000","10818.0000","2804","OREO/RITZ","2804","OREO/RITZ","ABCDEFGHI","","4252626"
"4253214","MINI OREO CHOCOLATE 6X10X20.4G IPT","1","28","FOOD","GOOD","PC","60.0000","CT","1414.0000","1545.0000","2804","OREO/RITZ","2804","OREO/RITZ","ABCDEFGH","","4253214"
"4253214_BD","MINI OREO CHOCOLATE 6X10X20.4G IPT","1","28","FOOD","BAD","PC","60.0000","CT","1414.0000","1545.0000","2804","OREO/RITZ","2804","OREO/RITZ","ABCDEFGHI","","4253214"
"4253215","MINI OREO ORIGINAL 6X10X20.4G IPT","1","28","FOOD","GOOD","PC","60.0000","CT","1414.0000","1545.0000","2804","OREO/RITZ","2804","OREO/RITZ","ABCDEFGH","","4253215"
"4253215_BD","MINI OREO ORIGINAL 6X10X20.4G IPT","1","28","FOOD","BAD","PC","60.0000","CT","1414.0000","1545.0000","2804","OREO/RITZ","2804","OREO/RITZ","ABCDEFGHI","","4253215"
"4253219_BD","MINI OREO VANILA 24X61.3G","1","28","FOOD","BAD","PC","24.0000","CT","5711.0000","6241.0000","2804","OREO/RITZ","2804","OREO/RITZ","ABCDEFGHI","","4253219"
"4253220_BD","MINI OREO CHOCO 24X61.3G","1","28","FOOD","BAD","PC","24.0000","CT","5711.0000","6241.0000","2804","OREO/RITZ","2804","OREO/RITZ","ABCDEFGHI","","4253220"
"4253220_BN","MINI OREO CHOCO 24X61.3G","1","28","FOOD","BONUS","PC","24.0000","CT","0.0000","0.0000","2804","OREO/RITZ","2804","OREO/RITZ","ABCDEFGHI","","4253220"
"4253221_BD","MINI OREO STRAWBERRY 24X61.3G","1","28","FOOD","BAD","PC","24.0000","CT","5711.0000","6241.0000","2804","OREO/RITZ","2804","OREO/RITZ","ABCDEFGHI","","4253221"
"4253448_B","MINI OREO MOCHA 24X61.3GR","1","28","FOOD","BAD","PC","24.0000","CT","5217.0000","5701.0000","2804","OREO/RITZ","2804","OREO/RITZ","ABCDEFGH","","4253448"
"4253448_BD","MINI OREO MOCHA 24X61.3GR","1","28","FOOD","BAD","PC","24.0000","CT","5217.0000","5701.0000","2804","OREO/RITZ","2804","OREO/RITZ","ABCDEFGHI","","4253448"
"4253497_BD","OREO VANILLA 24X133G+20%","1","28","FOOD","BAD","PC","24.0000","CT","5649.0000","6728.0000","2804","OREO/RITZ","2804","OREO/RITZ","ABCDEFGHI","","4253497"
"4253498_BD","OREO CHOCOLATE 24X133G+20%","1","28","FOOD","BAD","PC","24.0000","CT","5103.0000","6079.0000","2804","OREO/RITZ","2804","OREO/RITZ","ABCDEFGHI","","4253498"
"4253560","KRAFT CHEDDAR MIDI 48X70G","1","28","FOOD","GOOD","PC","48.0000","CT","9325.0000","10103.0000","2806","KRAFT","2806","KRAFT","","","4253560"
"4253560_BD","KRAFT CHEDDAR MIDI 48X70G","1","28","FOOD","BAD","PC","48.0000","CT","9325.0000","10103.0000","2806","KRAFT","2806","KRAFT","","","4253560"
"4254163_BD","BISKUAT ORI CARD PROMO 12X(20X10G)","1","28","FOOD","BAD","PC","240.0000","CT","339.0000","391.0000","2802","BISKUAT","2802","BISKUAT","ABCDEFGHI","","4254163"
"4254197_BD","BISKUAT ORI CARD PROMO 12X4X60G","1","28","FOOD","BAD","PC","48.0000","CT","2024.0000","2212.0000","2802","BISKUAT","2802","BISKUAT","ABCDEFGHI","","4254197"
"4254198_BD","BISKUAT CHOC CARD PROMO 12X(20X10G)","1","28","FOOD","BAD","PC","240.0000","CT","339.0000","391.0000","2802","BISKUAT","2802","BISKUAT","ABCDEFGHI","","4254198"
"4254199_BD","BISKUAT CHOC CARD PROMO 12X4X60G","1","28","FOOD","BAD","PC","48.0000","CT","2024.0000","2212.0000","2802","BISKUAT","2802","BISKUAT","ABCDEFGHI","","4254199"
"4255089","FREE SAMPLE BISKUAT SDW CHO 12X9X27","1","28","FOOD","BONUS","PC","108.0000","CT","0.0000","0.0000","2802","BISKUAT","2802","BISKUAT","ABCDEFGHI","","4255089"
"4255106_BD","OREO SELECTION 6X286.8G ID","1","28","FOOD","BAD","PC","6.0000","CT","40303.0000","44045.0000","2804","OREO/RITZ","2804","OREO/RITZ","ABCDEFGHI","","4255106"
"4256171_BD","OREO VAN 12X((12+1)X28.5GR)","1","28","FOOD","BAD","PC","144.0000","CT","1061.0000","1276.0000","2804","OREO/RITZ","2804","OREO/RITZ","ABCDEFGHI","","4256171"
"4256211_BD","OREO CHOCO 12X((12+1)X28.5GR)","1","28","FOOD","BAD","PC","144.0000","CT","1061.0000","1276.0000","2804","OREO/RITZ","2804","OREO/RITZ","ABCDEFGHI","","4256211"
"4257097","CADBURY BLACK FOREST 6X24X62G","1","28","FOOD","GOOD","PC","144.0000","CT","12703.0000","13883.0000","2801","CADBURY","2801","CADBURY","ABCDEFGHI","","4257097"
"4257097_BD","CADBURY BLACK FOREST 6X24X62G","1","28","FOOD","BAD","PC","144.0000","CT","12703.0000","13883.0000","2801","CADBURY","2801","CADBURY","ABCDEFGHI","","4257097"
"4257098_BD","CADBURY CASHEW NUT 6X24X62G","1","28","FOOD","BAD","PC","144.0000","CT","11393.0000","12451.0000","2801","CADBURY","2801","CADBURY","ABCDEFGHI","","4257098"
"4257099_BD","CADBURY FRUIT& NUT 6X24X62G","1","28","FOOD","BAD","PC","144.0000","CT","12703.0000","13883.0000","2801","CADBURY","2801","CADBURY","ABCDEFGHI","","4257099"
"4257100_BD","CADBURY DAIRY MILK 62G","1","28","NON FOOD","BAD","PC","144.0000","CT","11393.0000","12451.0000","2801","CADBURY","2801","CADBURY","ABCDEFGHI","","4257100"
"4257412_BD","OREO VAN+CHOC 12X(2X133G) WITH MUG","1","28","FOOD","BAD","PC","12.0000","CT","13788.0000","15068.0000","2804","OREO/RITZ","2804","OREO/RITZ","ABCDEFGHI","","4257412"
"4257636_B","RITZ SANDWICH CHEESE 12X(12X27)G","1","28","FOOD","BAD","PC","144.0000","CT","1778.0000","1943.0000","2804","OREO/RITZ","2804","OREO/RITZ","ABCDEFGHI","","4257636"
"4257636_BD","RITZ SANDWICH CHEESE 12X(12X27)G","1","28","FOOD","BAD","PC","144.0000","CT","1825.0000","1994.0000","2804","OREO/RITZ","2804","OREO/RITZ","ABCDEFGHI","","4257636"
"4257637_BD","RITZ SANDWICH CHEESE 24X118G","1","28","FOOD","BAD","PC","24.0000","CT","6421.0000","7018.0000","2804","OREO/RITZ","2804","OREO/RITZ","ABCDEFGHI","","4257637"
"4257918_BD","OREO RED VELVET 24X133G ID","1","28","FOOD","BAD","PC","24.0000","CT","6752.0000","8043.0000","2804","OREO/RITZ","2804","OREO/RITZ","ABCDEFGHI","","4257918"
"4257952_B","BISKUAT FESTIVE BOX 8X376G","1","28","FOOD","BAD","PC","8.0000","CT","14142.0000","15455.0000","2802","BISKUAT","2802","BISKUAT","ABCDEFGHI","","4257952"
"4258339_BD","KRAFT ALL-IN-1 CHEESE 8X2KG","1","28","FOOD","BAD","PC","8.0000","CT","125159.0000","135600.0000","2806","KRAFT","2806","KRAFT","","","4258339"
"4258537_BD","OREO CHOCO VANI WAFER 24X140 4G","1","28","FOOD","BAD","PC","24.0000","CT","6233.0000","6812.0000","2804","OREO/RITZ","2804","OREO/RITZ","ABCDEFGHI","","4258537"
"4258538_BD","OREO CHOCO CHOCO WAFER 24X140.4G","1","28","FOOD","BAD","PC","24.0000","CT","6233.0000","6812.0000","2804","OREO/RITZ","2804","OREO/RITZ","ABCDEFGHI","","4258538"
"4259507_BD","BISKUAT ORIGINAL 20X10X25.2G","1","28","FOOD","BAD","PC","200.0000","CT","707.0000","773.0000","2802","BISKUAT","2802","BISKUAT","ABCDEFGHI","","4259507"
"4259508_B","BISKUAT CHOCOLATE 20X10X25.2G","1","28","FOOD","BAD","PC","200.0000","CT","699.0000","773.0000","2802","BISKUAT","2802","BISKUAT","ABCDEFGHI","","4259508"
"4259508_BD","BISKUAT CHOCOLATE 20X10X25.2G","1","28","NON FOOD","BAD","PC","200.0000","CT","727.0000","795.0000","2802","BISKUAT","2802","BISKUAT","ABCDEFGHI","","4259508"
"4259508_BN","BISKUAT CHOCOLATE 20X10X25.2G","1","28","FOOD","BONUS","PC","200.0000","CT","0.0000","0.0000","2802","BISKUAT","2802","BISKUAT","ABCDEFGHI","","4259508"
"4259837","KRAFT CHEDDAR 8X2KG MARTABAK NF","1","28","FOOD","GOOD","PC","8.0000","CT","143215.0000","155162.0000","2806","KRAFT","","","","","4259837"
"4260055_BD","BISKUAT CHOCOLATE 12X(22X10G)","1","28","FOOD","BAD","PC","240.0000","CT","339.0000","391.0000","2802","BISKUAT","2802","BISKUAT","ABCDEFGHI","","4260055"
"4260062_BD","BISKUAT ORIGINAL 12X(22X10G)","1","28","FOOD","BAD","PC","240.0000","CT","339.0000","391.0000","2802","BISKUAT","2802","BISKUAT","ABCDEFGHI","","4260062"
"4260658_BD","OREO SOFTCAKE EXTRA 20% 12X12X19.2G","1","28","FOOD","BAD","PC","144.0000","CT","1456.0000","1830.0000","2804","OREO/RITZ","2804","OREO/RITZ","ABCDEFGHI","","4260658"
"4260777_B","OREO C/S/C VANILLA 12X12X28.5GR SUMMER20","1","28","FOOD","BAD","PC","144.0000","CT","1061.0000","1276.0000","2804","OREO/RITZ","2804","OREO/RITZ","ABCDEFGH","","4260777"
"4260867_B","OREO C/S/C CHOCOLATE 12X2X28.5GR SUMMER20","1","28","FOOD","BAD","PC","144.0000","CT","1061.0000","1276.0000","2804","OREO/RITZ","2804","OREO/RITZ","ABCDEFGH","","4260867"
"4260975_B","OREO C/S/C CHOCOLATE 24X133GR SUMMER20","1","28","FOOD","BAD","PC","24.0000","CT","5257.0000","6262.0000","2804","OREO/RITZ","2804","OREO/RITZ","ABCDEFGH","","4260975"
"4260976_B","OREO C/S/C CHOCOLATE 24X66.5GR SUMMER20","1","28","FOOD","BAD","PC","24.0000","CT","3070.0000","3355.0000","2804","OREO/RITZ","2804","OREO/RITZ","ABCDEFGI","","4260976"
"4260977_BD","OREO C/S/C VANILLA 24X2X133GR SUMMER20","1","28","FOOD","BAD","PC","12.0000","CT","9899.0000","10818.0000","2804","OREO/RITZ","2804","OREO/RITZ","ABCDEFGHI","","4260977"
"4260979_B","OREO C/S/C VANILLA 24X133GR SUMMER20","1","28","FOOD","BAD","PC","24.0000","CT","5257.0000","6262.0000","2804","OREO/RITZ","2804","OREO/RITZ","ABCDEFGH","","4260979"
"4260980_B","OREO C/S/C VANILLA 24X66.5GR SUMMER20","1","28","FOOD","BAD","PC","24.0000","CT","3070.0000","3355.0000","2804","OREO/RITZ","2804","OREO/RITZ","ABCDEFGHI","","4260980"
"4261038_BD","MINI OREO ORIG 6X10X20.4G IPT PROMO FY20","1","28","FOOD","BAD","PC","60.0000","CT","1414.0000","1545.0000","2804","OREO/RITZ","2804","OREO/RITZ","ABCDEFGHI","","4261038"
"4261039_BD","MINI OREO CHOC 6X10X20.4G IPT PROMO FY20","1","28","FOOD","BAD","PC","60.0000","CT","1414.0000","1545.0000","2804","OREO/RITZ","2804","OREO/RITZ","","","4261039"
"4261040_BD","MINI OREO VANILLA 24X61.3G PROMO FY20","1","28","FOOD","BAD","PC","24.0000","CT","5711.0000","6241.0000","2804","OREO/RITZ","2804","OREO/RITZ","ABCDEFGHI","","4261040"
"4261041_BD","MINI OREO STRAW 24X61.3G PROMO FY20","1","28","FOOD","BAD","PC","24.0000","CT","5711.0000","6241.0000","2804","OREO/RITZ","2804","OREO/RITZ","ABCDEFGHI","","4261041"
"4261042_BD","MINI OREO CHOCO 24X61.3G PROMO FY20","1","28","FOOD","BAD","PC","24.0000","CT","5711.0000","6241.0000","2804","OREO/RITZ","2804","OREO/RITZ","ABCDEFGHI","","4261042"
"4261234_BD","OREO LUP 2000 STRW CREAM 12X12X38G","1","28","FOOD","BAD","PC","144.0000","CT","1464.0000","1821.0000","2804","OREO/RITZ","2804","OREO/RITZ","ABCDEFGHI","","4261234"
"4261235_BD","OREO LUP 2000 BBERRY IC 12X12X38G","1","28","FOOD","BAD","PC","144.0000","CT","1464.0000","1821.0000","2804","OREO/RITZ","2804","OREO/RITZ","ABCDEFGHI","","4261235"
"4261236_BD","OREO LUP 2000 CHOCOLATE 12X12X38GR","1","28","FOOD","BAD","PC","144.0000","CT","1464.0000","1821.0000","2804","OREO/RITZ","2804","OREO/RITZ","ABCDEFGHI","","4261236"
"4261237_BD","OREO LUP 2000 VANILLA 12X12X38GR","1","28","FOOD","BAD","PC","144.0000","CT","1431.0000","1781.0000","2804","OREO/RITZ","2804","OREO/RITZ","ABCDEFGHI","","4261237"
"4262195_BD","BISKUAT WONDERFUL 10X(12X28G)","1","28","FOOD","BAD","PC","120.0000","CT","1397.0000","1527.0000","2802","BISKUAT","2802","BISKUAT","ABCDEFGHI","","4262195"
"4262195_BN","BISKUAT WONDERFUL 10X(12X28G)","1","28","FOOD","BONUS","PC","120.0000","CT","0.0000","0.0000","2802","BISKUAT","2802","BISKUAT","","","4262195"
"4262197_BD","BISKUAT WONDERFUL 48X84G","1","28","FOOD","BAD","PC","48.0000","CT","4218.0000","4610.0000","2802","BISKUAT","2802","BISKUAT","ABCDEFGHI","","4262197"
"4262556_BD","MINI OREO CHOCO 6X(10+1)X20.4G IPT","1","28","FOOD","BAD","PC","60.0000","CT","1364.0000","1491.0000","2804","OREO/RITZ","2804","OREO/RITZ","ABCDEFGHI","","4262556"
"4262557_BD","MINI OREO ORI 6X(10+1)X20.4G IPT","1","28","FOOD","BAD","PC","60.0000","CT","1364.0000","1491.0000","2804","OREO/RITZ","2804","OREO/RITZ","ABCDEFGHI","","4262557"
"4263257_BD","OREO VANILLA 12X12X38GR SUMMER20","1","28","FOOD","BAD","PC","144.0000","CT","1464.0000","1821.0000","2804","OREO/RITZ","2804","OREO/RITZ","ABCDEFGHI","","4263257"
"4264933_BD","OREO SELECTION 6X276G ID FY21","1","28","FOOD","BAD","PC","6.0000","CT","46285.0000","50583.0000","2804","OREO/RITZ","2804","OREO/RITZ","ABCDEFGHI","","4264933"
"4264997_BD","BISKUAT ACADEMY ORI 12X20X10G","1","28","FOOD","BAD","PC","240.0000","CT","339.0000","391.0000","2802","BISKUAT","2802","BISKUAT","ABCDEFGHI","","4264997"
"4265005_BD","BISKUAT ACADEMY COKLAT 10X(20X25.2G)","1","28","FOOD","BAD","PC","200.0000","CT","682.0000","773.0000","2802","BISKUAT","2802","BISKUAT","ABCDEFGHI","","4265005"
"4265006_BD","BISKUAT ACADEMY ORI 10X(20X25.2G)","1","28","FOOD","BAD","PC","200.0000","CT","682.0000","773.0000","2802","BISKUAT","2802","BISKUAT","ABCDEFGHI","","4265006"
"4265007_BD","BISKUAT ACADEMY COKLAT 12X4X60G","1","28","FOOD","BAD","PC","48.0000","CT","2024.0000","2212.0000","2802","BISKUAT","2802","BISKUAT","ABCDEFGHI","","4265007"
"4265008_BD","BISKUAT ACADEMY ORI 12X4X60G","1","28","FOOD","BAD","PC","48.0000","CT","2024.0000","2212.0000","2802","BISKUAT","2802","BISKUAT","ABCDEFGHI","","4265008"
"4265011_BD","BISKUAT ACADEMY COKLAT 12X(20X10G)","1","28","FOOD","BAD","PC","240.0000","CT","339.0000","391.0000","2802","BISKUAT","2802","BISKUAT","ABCDEFGHI","","4265011"
"4265029","CDM NEAPS DOYBAG 18PC 40X8EAPS DOYBAG 18PC 40X81GR","1","28","FOOD","GOOD","PC","40.0000","CT","17311.0000","18919.0000","2801","CADBURY","2801","CADBURY","","","4265029"
"4265029_BD","CDM NEAPS DOYBAG 18PC 40X81GR","1","28","FOOD","BAD","PC","40.0000","CT","17311.0000","18919.0000","2801","CADBURY","2801","CADBURY","","","4265029"
"4265235_BD","OREO VAN CHOC 12X(2X133G) WITH GIMMICK","1","28","FOOD","BAD","PC","12.0000","CT","13788.0000","15068.0000","2804","OREO/RITZ","2804","OREO/RITZ","ABCDEFGHI","","4265235"
"4266624_BD","OREO FIZZY 24X123.5G","1","28","FOOD","BAD","PC","24.0000","CT","6117.0000","7287.0000","2804","OREO/RITZ","2804","OREO/RITZ","","","4266624"
"4267077_BD","CDM FRUIT&NUTS 6X12X90G SEA","1","28","FOOD","BAD","PC","72.0000","CT","19970.0000","21824.0000","2801","CADBURY","2801","CADBURY","","","4267077"
"4267079_BD","CDM CASHEW WHOLE NUT 6X12X90G","1","28","FOOD","BAD","PC","72.0000","CT","16481.0000","18012.0000","2801","CADBURY","2801","CADBURY","","","4267079"
"4267080","CDM PLAIN 6X12X90G","1","28","FOOD","GOOD","PC","72.0000","CT","16481.0000","18012.0000","2801","CADBURY","2801","CADBURY","","","4267080"
"4267080_BD","CDM PLAIN 6X12X90G","1","28","FOOD","BAD","PC","72.0000","CT","16481.0000","18012.0000","2801","CADBURY","2801","CADBURY","","","4267080"
"4267083_BD","CADBURY DAIRY MILK 6X12X160G","1","28","FOOD","BAD","PC","72.0000","CT","23323.0000","25489.0000","2801","CADBURY","2801","CADBURY","","","4267083"
"4267436_BD","BISKUAT CHOCOLATE 12X(20X8.4GR)","1","28","FOOD","BAD","PC","240.0000","CT","364.0000","400.0000","2802","BISKUAT","2802","BISKUAT","ABCDEFGHI","","4267436"
"4267437_BD","BISKUAT CHOCOLATE 12X4X50.4G","1","28","FOOD","BAD","PC","48.0000","CT","2181.0000","2383.0000","2802","BISKUAT","2802","BISKUAT","ABCDEFGHI","","4267437"
"4267438_BD","BISKUAT CHOCOLATE 20X134.4G","1","28","FOOD","BAD","PC","20.0000","CT","5813.0000","6353.0000","2802","BISKUAT","2802","BISKUAT","ABCDEFGHI","","4267438"
"4267612_BD","OREO DARK&WHITE CHOC 24X123.5G","1","28","FOOD","BAD","PC","24.0000","CT","5649.0000","6728.0000","2804","OREO/RITZ","2804","OREO/RITZ","ABCDEFGHI","","4267612"
"4267613_BD","OREO SAND DBL STUF 24X135.3G","1","28","FOOD","BAD","PC","24.0000","CT","5649.0000","6728.0000","2804","OREO/RITZ","2804","OREO/RITZ","ABCDEFGHI","","4267613"
"4267622_BD","OREO PEANUT BUTTER&CHOCO 24X123.5G","1","28","FOOD","BAD","PC","24.0000","CT","5978.0000","7121.0000","2804","OREO/RITZ","2804","OREO/RITZ","ABCDEFGHI","","4267622"
"4267623_BD","OREO RED VELVET 24X123.5G ID","1","28","FOOD","BAD","PC","24.0000","CT","6752.0000","8043.0000","2804","OREO/RITZ","2804","OREO/RITZ","ABCDEFGHI","","4267623"
"4267965_BD","CADBURY HOT CHOCOLATE DRINK 450G","1","28","FOOD","BAD","PC","18.0000","CT","49884.0000","54516.0000","2801","CADBURY","2801","CADBURY","","","4267965"
"4268206_BD","BISKUAT ORIGINAL 12X(20X8.4GR)","1","28","FOOD","BAD","PC","240.0000","CT","353.0000","400.0000","2802","BISKUAT","2802","BISKUAT","ABCDEFGHI","","4268206"
"4268208_BD","BISKUAT ORIGINAL 20X134.4G","1","28","FOOD","BAD","PC","20.0000","CT","5813.0000","6353.0000","2802","BISKUAT","2802","BISKUAT","","","4268208"
"4268209_BD","BISKUAT ORIGINAL 12X4X50.4G","1","28","FOOD","BAD","PC","48.0000","CT","2154.0000","2354.0000","2802","BISKUAT","2802","BISKUAT","ABCDEFGHI","","4268209"
"4269184_BD","MINI OREO ASSORTED BOX 12X183.9G FY21","1","28","FOOD","BAD","PC","12.0000","CT","18031.0000","19705.0000","2804","OREO/RITZ","2804","OREO/RITZ","ABCDEFGHI","","4269184"
"4273095_BD","BISKUAT ORIGINAL 20X151.2G PROMO","1","28","FOOD","BAD","PC","20.0000","CT","5684.0000","6212.0000","2802","BISKUAT","2802","BISKUAT","","","4273095"
"4273096_BD","BISKUAT CHOCOLATE 20X151.2G PROMO","1","28","FOOD","BAD","PC","20.0000","CT","5684.0000","6212.0000","2802","BISKUAT","2802","BISKUAT","ABCDEFGHI","","4273096"
"4273490_BD","CDM HAZELNUT 62G","1","28","FOOD","BAD","PC","144.0000","CT","13085.0000","14300.0000","2801","CADBURY","2801","CADBURY","","","4273490"
"4274782_BD","MINI OREO CHOCO 24X(61.3G+23%)","1","28","FOOD","BAD","PC","24.0000","CT","5217.0000","5701.0000","2804","OREO/RITZ","2804","OREO/RITZ","","","4274782"
"4274783_BD","MINI OREO VANILLA 24X(61.3G+23%)","1","28","FOOD","BAD","PC","24.0000","CT","5217.0000","5701.0000","2804","OREO/RITZ","2804","OREO/RITZ","","","4274783"
"4276776_BD","OREO STRW CREAM COUPON 12X12X38GR","1","28","FOOD","BAD","PC","144.0000","CT","1364.0000","1700.0000","2804","OREO/RITZ","2804","OREO/RITZ","","","4276776"
"4276777_BD","OREO CHOCOLATE COUPON 12X12X38GR","1","28","FOOD","BAD","PC","144.0000","CT","1464.0000","1821.0000","2804","OREO/RITZ","2804","OREO/RITZ","","","4276777"
"4276786_BD","OREO 2000 VANILLA COUPON 12X12X38GR","1","28","FOOD","BAD","PC","144.0000","CT","1431.0000","1781.0000","2804","OREO/RITZ","2804","OREO/RITZ","","","4276786"
"4277605_BD","BISKUAT ACADEMY21 ORI 12X4X50.4G","1","28","NON FOOD","BAD","PC","48.0000","CT","2105.0000","2300.0000","2802","BISKUAT","2802","BISKUAT","","","4277605"
"4277606_BD","BISKUAT ACADEMY21 CHOCO 10X(20X25.2G)","1","28","FOOD","BAD","PC","200.0000","CT","727.0000","795.0000","2802","BISKUAT","2802","BISKUAT","","","4277606"
"4277661_BD","BISKUAT CHOCO 48X67.2G","1","28","FOOD","BAD","PC","48.0000","CT","3040.0000","3322.0000","2802","BISKUAT","2802","BISKUAT","","","4277661"
"4277848_BD","BISKUAT BOLU SUSU 12X12X16G","1","28","FOOD","BAD","PC","144.0000","CT","1456.0000","1830.0000","2802","BISKUAT","2802","BISKUAT","","","4277848"
"4278869_BD","OREO STRAWBERRY CREAM 24X123.5G","1","28","FOOD","BAD","PC","24.0000","CT","5649.0000","6728.0000","2804","OREO/RITZ","2804","OREO/RITZ","","","4278869"
"4278870_BD","OREO C/S/C CHOCOLATE 24X123.5G","1","28","FOOD","BAD","PC","24.0000","CT","5649.0000","6728.0000","2804","OREO/RITZ","2804","OREO/RITZ","","","4278870"
"4278871_BD","OREO C/S/C VANILLA 24X123.5GR","1","28","NON FOOD","BAD","PC","24.0000","CT","5649.0000","6728.0000","2801","CADBURY","2801","CADBURY","","","4278871"
"4278872_BD","OREO BBERRY IC 24X123.5G","1","28","FOOD","BAD","PC","24.0000","CT","5649.0000","6728.0000","2804","OREO/RITZ","2804","OREO/RITZ","","","4278872"
"4278901_BD","OREO C/S/C VANILLA 12X2X123.5G","1","28","FOOD","BAD","PC","12.0000","CT","10625.0000","11612.0000","2804","OREO/RITZ","2804","OREO/RITZ","","","4278901"
"4279231_BD","OREO BIRTHDAY SPRINKLES C1 24X123.5G","1","28","FOOD","BAD","PC","24.0000","CT","6311.0000","7517.0000","2804","OREO/RITZ","2804","OREO/RITZ","","","4279231"
"4279333","KRAFT QUICKMELT MOZZA 48X150G","1","28","FOOD","GOOD","PC","48.0000","CT","23511.0000","25472.0000","2806","KRAFT","2806","KRAFT","","","4279333"
"4279333_BD","KRAFT QUICKMELT MOZZA 48X150G","1","28","FOOD","BAD","PC","48.0000","CT","23511.0000","25472.0000","2806","KRAFT","2806","KRAFT","","","4279333"
"4279334_BD","KRAFT ALL-IN-1 48X160G","1","28","FOOD","BAD","PC","48.0000","CT","12250.9800","13273.0000","2806","KRAFT","2806","KRAFT","","","4279334"
"4279335_BD","KRAFT CHEDDAR 8X160GR","1","28","FOOD","BAD","PC","48.0000","CT","18967.0000","20549.0000","2806","KRAFT","2806","KRAFT","","","4279335"
"4279733_BD","OREO VAN CHOC LUNCHBOX 12X(2X123.5G)","1","28","FOOD","BAD","PC","12.0000","CT","16046.0000","17536.0000","2804","OREO/RITZ","2804","OREO/RITZ","","","4279733"
"4281015_BD","BISKUAT BOLU SUSU EXT 20% 12X12X19.2G","1","28","FOOD","BAD","PC","144.0000","CT","1397.0000","1756.0000","2802","BISKUAT","2802","BISKUAT","","","4281015"
"4281341_BD","CDM POP OUT HEART 6X12X150G","1","28","FOOD","BAD","PC","72.0000","CT","23323.0000","25489.0000","2801","CADBURY","2801","CADBURY","","","4281341"
"4281617","CDM MILK 6X24X62G WITH VDAY SLEEVES","1","28","FOOD","GOOD","PC","144.0000","CT","11393.0000","12451.0000","2801","CADBURY","2801","CADBURY","","","4281617"
"4281617_BD","CDM MILK 6X24X62G WITH VDAY SLEEVES","1","28","FOOD","BAD","PC","144.0000","CT","10046.0000","10979.0000","2801","CADBURY","2801","CADBURY","","","4281617"
"4281747_BD","KRAFT SINGLES LIGHT 10S","1","28","FOOD","BAD","PC","30.0000","CT","17713.0000","19188.0000","2806","KRAFT","2806","KRAFT","","","4281747"
"4281748","KRAFT SINGLES 10 30X150G","1","28","FOOD","GOOD","PC","30.0000","CT","18242.0000","19764.0000","2806","KRAFT","2806","KRAFT","","","4281748"
"4281748_BD","KRAFT SINGLES 10 30X150G","1","28","FOOD","BAD","PC","30.0000","CT","18242.0000","19764.0000","2806","KRAFT","2806","KRAFT","","","4281748"
"4281802","KRAFT SINGLES 5 54X75G","1","28","FOOD","GOOD","PC","54.0000","CT","10089.0000","10931.0000","2806","KRAFT","2806","KRAFT","","","4281802"
"4281802_BD","KRAFT SINGLES 5 54X75G","1","28","FOOD","BAD","PC","54.0000","CT","10089.0000","10931.0000","2806","KRAFT","2806","KRAFT","","","4281802"
"4281947_BD","OREO CHOCOLATE 24X152G (123.5G+28.5G)","1","28","FOOD","BAD","PC","24.0000","CT","5257.0000","6262.0000","2804","OREO/RITZ","2804","OREO/RITZ","","","4281947"
"4281948_BD","OREO VANILLA 24X152G (123.5G+28.5G)","1","28","FOOD","BAD","PC","24.0000","CT","5257.0000","6262.0000","2804","OREO/RITZ","2804","OREO/RITZ","","","4281948"
"4282607_BD","BISKUAT CHOCO 20X121.6GR ACADEMY","1","28","FOOD","BAD","PC","20.0000","CT","5813.0000","6353.0000","2802","BISKUAT","2802","BISKUAT","","","4282607"
"4282608_BD","BISKUAT ORI 20X121.6G ACADEMY","1","28","FOOD","BAD","PC","20.0000","CT","5813.0000","6353.0000","2802","BISKUAT","2802","BISKUAT","","","4282608"
"4282609_BD","BISKUAT CHOCO 12X(20X7.6G)ACADEMY","1","28","FOOD","BAD","PC","240.0000","CT","364.0000","400.0000","2802","BISKUAT","2802","BISKUAT","","","4282609"
"4282611","BISKUAT CHOCO 12X(4X45.6G)","1","28","FOOD","GOOD","PC","48.0000","CT","2206.0000","2411.0000","2802","BISKUAT","2802","BISKUAT","","","4282611"
"4282611_BD","BISKUAT CHOCO 12X(4X45.6G)","1","28","FOOD","BAD","PC","48.0000","CT","2206.0000","2411.0000","2802","BISKUAT","2802","BISKUAT","","","4282611"
"4282612","BISKUAT ORI 12X(4X45.6G)","1","28","FOOD","GOOD","PC","48.0000","CT","2206.0000","2411.0000","2802","BISKUAT","2802","BISKUAT","","","4282612"
"4282612_BD","BISKUAT ORI 12X(4X45.6G)","1","28","FOOD","BAD","PC","48.0000","CT","2206.0000","2411.0000","2802","BISKUAT","2802","BISKUAT","","","4282612"
"4282613_BD","BISKUAT CHOCO 10X(20X22.8G) ACADEMY","1","28","FOOD","BAD","PC","200.0000","CT","727.0000","795.0000","2802","BISKUAT","2802","BISKUAT","","","4282613"
"4282614_BD","BISKUAT ORI 10X(20X22.8G) ACADEMY","1","28","FOOD","BAD","PC","200.0000","CT","727.0000","795.0000","2802","BISKUAT","2802","BISKUAT","","","4282614"
"4282615_BD","BISKUAT CHOCO 48X60.8G ACADEMY","1","28","FOOD","BAD","PC","48.0000","CT","3040.0000","3322.0000","2802","BISKUAT","2802","BISKUAT","","","4282615"
"4282794_BD","BISKUAT ORI 12X(20X7.6G) ACADEMY","1","28","FOOD","BAD","PC","240.0000","CT","364.0000","412.0000","2802","BISKUAT","2802","BISKUAT","","","4282794"
"4282947_BD","OREO SUMMER LTD FLAV 24X123.5G","1","28","FOOD","BAD","PC","24.0000","CT","6109.0000","7277.0000","2804","OREO/RITZ","2804","OREO/RITZ","","","4282947"
"4282988_BD","OREO SUMMER LTD FLAVOR 16X6X28.5G","1","28","FOOD","BAD","PC","96.0000","CT","1600.0000","1905.6600","2804","OREO/RITZ","2804","OREO/RITZ","","","4282988"
"4300005","OREO STRAWBERRY CRM SUMMER 24X119.6G","1","28","FOOD","GOOD","PC","24.0000","CT","5978.0000","6533.0000","2804","OREO/RITZ","2804","OREO/RITZ","","","4300005"
"4300005_BD","OREO STRAWBERRY CRM SUMMER 24X119.6G","1","28","FOOD","BAD","PC","24.0000","CT","5978.0000","6533.0000","2804","OREO/RITZ","2804","OREO/RITZ","","","4300005"
"4300006_BD","OREO CHOC 24X119.6G SUMMER","1","28","FOOD","BAD","PC","24.0000","CT","5978.0000","6533.0000","2804","OREO/RITZ","2804","OREO/RITZ","","","4300006"
"4300007_BD","OREO VANILLA SUMMER 24X119.6G","1","28","FOOD","BAD","PC","24.0000","CT","5978.0000","7121.0000","2804","OREO/RITZ","2804","OREO/RITZ","","","4300007"
"4300916_BD","OREO VANILLA 16X6X27.6GR","1","28","FOOD","BAD","PK","16.0000","CT","11494.9800","12562.9800","2804","OREO/RITZ","2804","OREO/RITZ","","","4300916"
"4300968_BD","OREO VANILLA 24X138G(119.6G+18.4G)","1","28","FOOD","BAD","PC","24.0000","CT","5978.0000","7121.0000","2804","OREO/RITZ","2804","OREO/RITZ","","","4300968"
"4300969","OREO DARK&WHITE CHOC 24X119.6G","1","28","FOOD","GOOD","PC","24.0000","CT","6247.0000","6827.0000","2804","OREO/RITZ","2804","OREO/RITZ","","","4300969"
"4300969_BD","OREO DARK&WHITE CHOC 24X119.6G","1","28","FOOD","BAD","PC","24.0000","CT","6247.0000","6827.0000","2804","OREO/RITZ","2804","OREO/RITZ","","","4300969"
"4300970_BD","OREO CHOCOLATE 24X138G(119.6G+18.4G)","1","28","FOOD","BAD","PC","24.0000","CT","5649.0000","6728.0000","2804","OREO/RITZ","2804","OREO/RITZ","","","4300970"
"4300980_BD","OREO C/S/C VANILLA 12X2X119.6GR","1","28","FOOD","BAD","PC","12.0000","CT","12038.0000","6860.0000","2804","OREO/RITZ","2804","OREO/RITZ","","","4300980"
"4300981_BD","OREO BBERRY IC 24X119.6G","1","28","FOOD","BAD","PC","24.0000","CT","5978.0000","6533.0000","2804","OREO/RITZ","2804","OREO/RITZ","","","4300981"
"4300982_BD","OREO VANILLA 24X119.6G","1","28","FOOD","BAD","PC","24.0000","CT","5978.0000","6533.0000","2804","OREO/RITZ","2804","OREO/RITZ","","","4300982"
"4300983_BD","OREO LUP 2000 BBERRY IC 12X12X36.8G","1","28","FOOD","BAD","PC","144.0000","CT","1464.0000","1600.0000","2804","OREO/RITZ","2804","OREO/RITZ","","","4300983"
"4300984","OREO STRAWBERRY CREAM 24X119.6G","1","28","FOOD","GOOD","PC","24.0000","CT","5978.0000","6533.0000","2804","OREO/RITZ","2804","OREO/RITZ","","","4300984"
"4300984_BD","OREO STRAWBERRY CREAM 24X119.6G","1","28","FOOD","BAD","PC","24.0000","CT","5978.0000","6533.0000","2804","OREO/RITZ","2804","OREO/RITZ","","","4300984"
"4300985_BD","OREO CHOCOLATE 24X119.6G","1","28","FOOD","BAD","PC","24.0000","CT","5978.0000","6533.0000","2804","OREO/RITZ","2804","OREO/RITZ","","","4300985"
"4300986_BD","OREO LUP 2000 STRAW CREAM 12X12X36.8G","1","28","FOOD","BAD","PC","144.0000","CT","1464.0000","1821.0000","2804","OREO/RITZ","2804","OREO/RITZ","","","4300986"
"4300999_BD","OREO RED VELVET 24X119.6G ID","1","28","FOOD","BAD","PC","24.0000","CT","6752.0000","7748.0000","2804","OREO/RITZ","2804","OREO/RITZ","","","4300999"
"4301000","OREO PEANUT BUTTER &CHOCO 24X119.6G","1","28","FOOD","GOOD","PC","24.0000","CT","6559.0000","7168.0000","2804","OREO/RITZ","2804","OREO/RITZ","","","4301000"
"4301000_BD","OREO PEANUT BUTTER &CHOCO 24X119.6G","1","28","FOOD","BAD","PC","24.0000","CT","6559.0000","7168.0000","2804","OREO/RITZ","2804","OREO/RITZ","","","4301000"
"4301001_BD","OREO DOUBLE STUFF 24X131.1G","1","28","FOOD","BAD","PC","24.0000","CT","6247.0000","6827.0000","2804","OREO/RITZ","2804","OREO/RITZ","","","4301001"
"4301002","OREO LUP VANILLA 12X12X36.8G","1","28","FOOD","GOOD","PC","144.0000","CT","1464.0000","1600.0000","2804","OREO/RITZ","2804","OREO/RITZ","","","4301002"
"4301002_BD","OREO LUP VANILLA 12X12X36.8G","1","28","FOOD","BAD","PC","144.0000","CT","1464.0000","1821.0000","2804","OREO/RITZ","2804","OREO/RITZ","","","4301002"
"4301004_BD","OREO LUP 2000 CHOCOLATE 12X12X36.8G","1","28","FOOD","BAD","PC","144.0000","CT","1464.0000","1821.0000","2804","OREO/RITZ","2804","OREO/RITZ","","","4301004"
"4301017","OREO CHOCOLATE 24X64.4G","1","28","FOOD","GOOD","PC","24.0000","CT","3945.0000","4311.0000","2804","OREO/RITZ","2804","OREO/RITZ","","","4301017"
"4301017_BD","OREO CHOCOLATE 24X64.4G","1","28","FOOD","BAD","PC","24.0000","CT","3945.0000","4699.0000","2804","OREO/RITZ","2804","OREO/RITZ","","","4301017"
"4301018","OREO C/S/C VANILLA 24X64.4G","1","28","FOOD","GOOD","PC","24.0000","CT","3945.0000","4311.0000","2804","OREO/RITZ","2804","OREO/RITZ","","","4301018"
"4301018_BD","OREO C/S/C VANILLA 24X64.4G","1","28","FOOD","BAD","PC","24.0000","CT","3945.0000","4699.0000","2804","OREO/RITZ","2804","OREO/RITZ","","","4301018"
"4302142_BD","OREO BBERY IC 24X119.6G SUMMER","1","28","FOOD","BAD","PC","24.0000","CT","5978.0000","6533.0000","2804","OREO/RITZ","2804","OREO/RITZ","","","4302142"
"4302144_BD","OREO LUP 2000 STR CREAM SUMMER 12X12X36.8G","1","28","NON FOOD","BAD","PC","144.0000","CT","1464.0000","1821.0000","2804","OREO/RITZ","2804","OREO/RITZ","","","4302144"
"4302145_BD","OREO LUP 200CHOC 12X12X36.8G SUMMER","1","28","FOOD","BAD","PC","144.0000","CT","1464.0000","1821.0000","2804","OREO/RITZ","2804","OREO/RITZ","","","4302145"
"4302146_BD","OREO LUP 2000 VANILLA 12X12X36.8G SUMMER","1","28","FOOD","BAD","PC","144.0000","CT","1464.0000","1821.0000","2804","OREO/RITZ","2804","OREO/RITZ","","","4302146"
"4302299_BD","KRAFT MILKY SOFT 3X30G","1","28","FOOD","BAD","PC","48.0000","CT","10810.0000","11712.0000","2806","KRAFT","2806","KRAFT","","","4302299"
"4303080_BD","BISKUAT CHOCO 20X121.6G","1","28","FOOD","BAD","PC","20.0000","CT","5813.0000","6353.0000","2802","BISKUAT","2802","BISKUAT","","","4303080"
"4303215_BD","BISKUAT ORI 20X121.6G","1","28","FOOD","BAD","PC","20.0000","CT","5813.0000","6353.0000","2802","BISKUAT","2802","BISKUAT","","","4303215"
"4303218","BISKUAT CHOCO 12X(20X7.6G)","1","28","FOOD","GOOD","PC","240.0000","CT","350.4400","383.0000","2802","BISKUAT","2802","BISKUAT","","","4303218"
"4303218_BD","BISKUAT CHOCO 12X(20X7.6G)","1","28","FOOD","BAD","PC","240.0000","CT","350.4400","383.0000","2802","BISKUAT","2802","BISKUAT","","","4303218"
"4303219","BISKUAT ORI 12X(20X7.6G)","1","28","FOOD","GOOD","PC","240.0000","CT","350.4400","383.0000","2802","BISKUAT","2802","BISKUAT","","","4303219"
"4303219_BD","BISKUAT ORI 12X(20X7.6G)","1","28","FOOD","BAD","PC","240.0000","CT","350.4400","385.0000","2802","BISKUAT","2802","BISKUAT","","","4303219"
"4303220_BD","BISKUAT CHOCO 10X(20X15.2G)PROMO","1","28","FOOD","BAD","PC","200.0000","CT","619.0000","676.0000","2802","BISKUAT","2802","BISKUAT","","","4303220"
"4303346_BD","BISKUAT ORI 10X(20X15.2G) PROMO","1","28","FOOD","BAD","PC","200.0000","CT","619.0000","676.0000","2802","BISKUAT","2802","BISKUAT","","","4303346"
"4303354","OREO CHOCO VAN WAFER  24X117G","1","28","FOOD","GOOD","PC","24.0000","CT","6233.0000","6812.0000","2804","OREO/RITZ","2804","OREO/RITZ","","","4303354"
"4303354_BD","OREO CHOCO VAN WAFER  24X117G","1","28","FOOD","BAD","PC","24.0000","CT","6233.0000","6812.0000","2804","OREO/RITZ","2804","OREO/RITZ","","","4303354"
"4303355","OREO DOUBLE CHOCO WAFER 24X117.0G","1","28","FOOD","GOOD","PC","24.0000","CT","6233.0000","6812.0000","2804","OREO/RITZ","2804","OREO/RITZ","","","4303355"
"4303355_BD","OREO DOUBLE CHOCO WAFER 24X117.0G","1","28","FOOD","BAD","PC","24.0000","CT","6233.0000","6812.0000","2804","OREO/RITZ","2804","OREO/RITZ","","","4303355"
"4304219","RITZ SWEET CHEESE SDW 36X91G FY22 ID","1","28","FOOD","GOOD","PC","36.0000","CT","5817.0000","6357.0000","2804","OREO/RITZ","","","","","4304219"
"4304219_BD","RITZ SWEET CHEESE SDW 36X91G FY22 ID","1","28","FOOD","BAD","PC","36.0000","CT","5817.0000","6357.0000","2804","OREO/RITZ","","","","","4304219"
"4304566_BD","BISKUAT CHOCO 10X(10X34.2G)PROMO","1","28","FOOD","BAD","PC","100.0000","CT","1310.0000","1432.0000","2802","BISKUAT","2802","BISKUAT","","","4304566"
"4304577_BD","BISKUAT ORI 10X(10X34.2G)PROMO","1","28","FOOD","BAD","PC","100.0000","CT","1310.0000","1432.0000","2802","BISKUAT","2802","BISKUAT","","","4304577"
"4304606_BD","CADBURY HOT CHOCOLATE DRINK 18X390G","1","28","FOOD","BAD","PC","18.0000","CT","49884.0000","54516.0000","2801","CADBURY","2801","CADBURY","","","4304606"
"4304695","OREO SOFTCAKE 48X(3X16G)","1","28","FOOD","GOOD","PC","144.0000","CT","2186.3300","2389.3300","2804","OREO/RITZ","2804","OREO/RITZ","","","4304695"
"4304695_BD","OREO SOFTCAKE 48X(3X16G)","1","28","FOOD","BAD","PC","144.0000","CT","1901.0000","2389.3300","2804","OREO/RITZ","2804","OREO/RITZ","","","4304695"
"4304954","KRAFT CHEDDAR 48X150GR","1","28","FOOD","GOOD","PC","48.0000","CT","19536.0000","21166.0000","2806","KRAFT","2806","KRAFT","","","4304954"
"4304954_BD","KRAFT CHEDDAR 48X150GR","1","28","FOOD","BAD","PC","48.0000","CT","19536.0000","21166.0000","2806","KRAFT","2806","KRAFT","","","4304954"
"4304955","KRAFT ALL-IN-1 48X150G","1","28","FOOD","GOOD","PC","48.0000","CT","12618.3300","13671.0000","2806","KRAFT","2806","KRAFT","","","4304955"
"4304955_BD","KRAFT ALL-IN-1 48X150G","1","28","FOOD","BAD","PC","48.0000","CT","12618.3300","13671.0000","2806","KRAFT","2806","KRAFT","","","4304955"
"4305638_BD","OREO CHOCO VANI WAFER 48X58.5G","1","28","FOOD","BAD","PC","48.0000","CT","3586.0000","3919.0000","2804","OREO/RITZ","2804","OREO/RITZ","","","4305638"
"4305639_BD","OREO DOUBLE CHOCO WAFER 48X58.5G","1","28","FOOD","BAD","PC","48.0000","CT","3586.0000","3919.0000","2804","OREO/RITZ","2804","OREO/RITZ","","","4305639"
"4306796_BD","RITZ SDW CHOCOLATE 24X118G FY20","1","28","FOOD","BAD","PC","24.0000","CT","6910.0000","7552.0000","2804","OREO/RITZ","2804","OREO/RITZ","","","4306796"
"4306797","RITZ SDW CHOCOLATE 12X12X27G","1","28","FOOD","GOOD","PC","144.0000","CT","1402.0000","1532.0000","2804","OREO/RITZ","2804","OREO/RITZ","","","4306797"
"4306797_BD","RITZ SDW CHOCOLATE 12X12X27G","1","28","FOOD","BAD","PC","144.0000","CT","1402.0000","1532.0000","2804","OREO/RITZ","2804","OREO/RITZ","","","4306797"
"4307198","BISKUAT ORI 10X(10X34.2G)","1","28","FOOD","GOOD","PC","100.0000","CT","1402.0000","1532.0000","2802","BISKUAT","2802","BISKUAT","","","4307198"
"4307198_BD","BISKUAT ORI 10X(10X34.2G)","1","28","FOOD","BAD","PC","100.0000","CT","1402.0000","1532.0000","2802","BISKUAT","2802","BISKUAT","","","4307198"
"4307200","BISKUAT CHOCO 10X(10X34.2G)","1","28","FOOD","GOOD","PC","100.0000","CT","1402.0000","1532.0000","2802","BISKUAT","2802","BISKUAT","","","4307200"
"4307200_BD","BISKUAT CHOCO 10X(10X34.2G)","1","28","FOOD","BAD","PC","100.0000","CT","1456.0000","1532.0000","2802","BISKUAT","2802","BISKUAT","","","4307200"
"4307253","BISKUAT ORI 10X(20X15.2G)","1","28","FOOD","GOOD","PC","200.0000","CT","701.0000","766.0000","2802","BISKUAT","2802","BISKUAT","","","4307253"
"4307253_BD","BISKUAT ORI 10X(20X15.2G)","1","28","FOOD","BAD","PC","200.0000","CT","701.0000","766.0000","2802","BISKUAT","2802","BISKUAT","","","4307253"
"4307254","BISKUAT CHOCO 10X(20X15.2G)","1","28","FOOD","GOOD","PC","200.0000","CT","701.0000","766.0000","2802","BISKUAT","2802","BISKUAT","","","4307254"
"4307254_BD","BISKUAT CHOCO 10X(20X15.2G)","1","28","FOOD","BAD","PC","200.0000","CT","701.0000","766.0000","2802","BISKUAT","2802","BISKUAT","","","4307254"
"4307710_BD","KRAFT SINGLES 8 30X120G","1","28","FOOD","BAD","PC","30.0000","CT","14451.0000","15657.0000","2806","KRAFT","2806","KRAFT","","","4307710"
"4308709_BD","OREO LUP 2000 VANILLA 12X12X27.6G","1","28","FOOD","BAD","PC","144.0000","CT","1464.0000","1821.0000","2804","OREO/RITZ","2804","OREO/RITZ","","","4308709"
"4308710_BD","OREO CHOCOLATE LUP 2000 12X12X27.6G","1","28","FOOD","BAD","PC","144.0000","CT","1464.0000","1821.0000","2804","OREO/RITZ","2804","OREO/RITZ","","","4308710"
"4308711_BD","OREO STRAWBERRY LUP 2000 12X12X27.6G","1","28","FOOD","BAD","PC","144.0000","CT","1464.0000","1821.0000","2804","OREO/RITZ","2804","OREO/RITZ","","","4308711"
"4308712","OREO BLUEBERRY LUP 2000 12X12X27.6G","1","28","FOOD","GOOD","PC","144.0000","CT","1464.0000","1600.0000","2804","OREO/RITZ","2804","OREO/RITZ","","","4308712"
"4308712_BD","OREO BLUEBERRY LUP 2000 12X12X27.6G","1","28","FOOD","BAD","PC","144.0000","CT","1464.0000","1600.0000","2804","OREO/RITZ","2804","OREO/RITZ","","","4308712"
"4309174_BD","OREO LUP 2000 BERRY 12X12X27.6G SUMMER","1","28","FOOD","BAD","PC","144.0000","CT","1464.0000","1821.0000","2804","OREO/RITZ","","","","","4309174"
"4310125_BD","OREO C/S/C VANILLA 24X64.4GR SUMMER","1","28","FOOD","BAD","PC","24.0000","CT","3945.0000","4699.0000","2804","OREO/RITZ","","","","","4310125"
"4310135_BD","OREO CHOCOLATE 24X64.4G SUMMER","1","28","FOOD","BAD","PC","24.0000","CT","3945.0000","4699.0000","2804","OREO/RITZ","","","","","4310135"
"4310254","MINI OREO VANILLA 24X61.3 SUP","1","28","FOOD","GOOD","PC","24.0000","CT","5711.0000","6241.0000","2804","OREO/RITZ","","","","","4310254"
"4310254_BD","MINI OREO VANILLA 24X61.3 SUP","1","28","FOOD","BAD","PC","24.0000","CT","5711.0000","6241.0000","2804","OREO/RITZ","","","","","4310254"
"4310255","MINI OREO CHOCO 24X61.3G SUP","1","28","FOOD","GOOD","PC","24.0000","CT","5710.0000","6241.0000","2804","OREO/RITZ","","","","","4310255"
"4310255_BD","MINI OREO CHOCO 24X61.3G SUP","1","28","FOOD","BAD","PC","24.0000","CT","5710.5000","6241.0000","2804","OREO/RITZ","","","","","4310255"
"4310256","MINI OREO STRAWBERRY 24X61.3 SUP","1","28","FOOD","GOOD","PC","24.0000","CT","5711.0000","6241.0000","2804","OREO/RITZ","","","","","4310256"
"4310256_BD","MINI OREO STRAWBERRY 24X61.3 SUP","1","28","FOOD","BAD","PC","24.0000","CT","5711.0000","6241.0000","2804","OREO/RITZ","","","","","4310256"
"4310259","OREO SOFTCAKE 24X(6X16G)","1","28","FOOD","GOOD","BX","24.0000","CT","11778.7900","12873.0000","2804","OREO/RITZ","2804","OREO/RITZ","","","4310259"
"4310259_BD","OREO SOFTCAKE 24X(6X16G)","1","28","FOOD","BAD","BX","24.0000","CT","11778.7900","12873.0000","2804","OREO/RITZ","","","","","4310259"
"4310343","BISKUAT BITES VANILLA 12X10X18G","1","28","FOOD","GOOD","PC","120.0000","CT","1402.0000","1532.0000","2802","BISKUAT","","","","","4310343"
"4310343_BD","BISKUAT BITES VANILLA 12X10X18G","1","28","FOOD","BAD","PC","120.0000","CT","1402.0000","1532.0000","2802","BISKUAT","","","","","4310343"
"4310344","BISKUAT BITES CHOCOLATE 12X10X18G","1","28","FOOD","GOOD","PC","120.0000","CT","1402.0000","1532.0000","2802","BISKUAT","","","","","4310344"
"4310344_BD","BISKUAT BITES CHOCOLATE 12X10X18G","1","28","FOOD","BAD","PC","120.0000","CT","1402.0000","1532.0000","2802","BISKUAT","","","","","4310344"
"4310345_BD","CDM PLAIN 24X36X15G","1","28","FOOD","BAD","PC","864.0000","CT","1978.0000","2162.0000","2801","CADBURY","","","","","4310345"
"4311337","BISKUAT CHOCO RENO 28X106.4G","1","28","FOOD","GOOD","PC","28.0000","CT","5883.0000","6429.0000","2802","BISKUAT","","","","","4311337"
"4311337_BD","BISKUAT CHOCO RENO 28X106.4G","1","28","FOOD","BAD","PC","28.0000","CT","5883.0000","6429.0000","2802","BISKUAT","","","","","4311337"
"4311344","BISKUAT ORI RENO 28X106.4G","1","28","FOOD","GOOD","PC","28.0000","CT","5883.0000","6429.0000","2802","BISKUAT","","","","","4311344"
"4311344_BD","BISKUAT ORI RENO 28X106.4G","1","28","FOOD","BAD","PC","28.0000","CT","5883.0000","6429.0000","2802","BISKUAT","","","","","4311344"
"4311349_BD","BISKUAT CHOCO 12X(10+2)X34.2G)","1","28","FOOD","BAD","PC","100.0000","CT","1456.0000","1591.0000","2802","BISKUAT","","","","","4311349"
"4311350_BD","BISKUAT ORI 10X(20+4)X16.2G)","1","28","FOOD","BAD","PC","200.0000","CT","727.0000","795.0000","2802","BISKUAT","","","","","4311350"
"4311351_BD","BISKUAT CHOCO 10X(20+4)X15.2G","1","28","FOOD","BAD","PC","200.0000","CT","727.0000","795.0000","2802","BISKUAT","","","","","4311351"
"4311477_BD","OREO VAN CHOC  PLAYPACK 12X4X64.4G","1","28","FOOD","BAD","PC","12.0000","CT","16952.0000","18527.0000","2804","OREO/RITZ","","","","","4311477"
"4311478","OREO FESTIVE LTE BOX 16X(3X131G)","1","28","FOOD","GOOD","PC","16.0000","CT","20970.0000","22918.0000","2804","OREO/RITZ","2804","OREO/RITZ","","","4311478"
"4311478_BD","OREO FESTIVE LTE BOX 16X(3X131G)","1","28","FOOD","BAD","PC","16.0000","CT","20970.0000","22918.0000","2804","OREO/RITZ","2804","OREO/RITZ","","","4311478"
"4312225_BD","CDM MILK B2G1 3X62G ID","1","28","FOOD","BAD","PC","48.0000","CT","22785.0000","24902.0000","2801","CADBURY","","","","","4312225"
"4312226_BD","CDM NUTS B2G1 3X62G ID","1","28","FOOD","BAD","PC","48.0000","CT","22785.0000","24902.0000","2801","CADBURY","","","","","4312226"
"4312809","BISKUAT BITES VANILLA 36X35G","1","28","FOOD","GOOD","PC","36.0000","CT","3611.0000","3946.0000","2802","BISKUAT","","","","","4312809"
"4312809_BD","BISKUAT BITES VANILLA 36X35G","1","28","FOOD","BAD","PC","36.0000","CT","3611.0000","3946.0000","2802","BISKUAT","","","","","4312809"
"4312968","BISKUAT BITES CHOCOLATE 36X35G","1","28","FOOD","GOOD","PC","36.0000","CT","3611.0000","3946.0000","2802","BISKUAT","","","","","4312968"
"4312968_BD","BISKUAT BITES CHOCOLATE 36X35G","1","28","FOOD","BAD","PC","36.0000","CT","3611.0000","3946.0000","2802","BISKUAT","","","","","4312968"
"4313261_BD","OREO CHOCO BANANA FLAVOR 16X6X27.6G","1","28","FOOD","BAD","PK","16.0000","CT","12300.0000","14653.0000","2804","OREO/RITZ","","","","","4313261"
"4313269_BD","OREO CHOCO BANANA FLAVOR 24X119.6G","1","28","FOOD","BAD","PC","24.0000","CT","6636.0000","7904.0000","2804","OREO/RITZ","","","","","4313269"
"4314421","RITZ SDW CHOCOLATE 36X91G ID","1","28","FOOD","GOOD","PC","36.0000","CT","5816.6600","6357.0000","2804","OREO/RITZ","","","","","4314421"
"4314421_BD","RITZ SDW CHOCOLATE 36X91G ID","1","28","FOOD","BAD","PC","36.0000","CT","5816.6600","6357.0000","2804","OREO/RITZ","","","","","4314421"
"4314445","MINI OREO VANILLA 24X73G SUP","1","28","FOOD","GOOD","PC","24.0000","CT","5711.0000","6241.0000","2804","OREO/RITZ","","","","","4314445"
"4314445_BD","MINI OREO VANILLA 24X73G SUP","1","28","FOOD","BAD","PC","24.0000","CT","5711.0000","6241.0000","2804","OREO/RITZ","","","","","4314445"
"4314446","MINI OREO CHOCO 24X73G SUP","1","28","FOOD","GOOD","PC","24.0000","CT","5711.0000","6241.0000","2804","OREO/RITZ","","","","","4314446"
"4315756","CDM LUP ID 48X20X11G","1","28","FOOD","GOOD","PC","960.0000","CT","1409.0000","1532.0000","2801","CADBURY","","","","","4315756"
"4315756_BD","CDM LUP ID 48X20X11G","1","28","FOOD","BAD","PC","960.0000","CT","1409.0000","1532.0000","2801","CADBURY","","","","","4315756"
"4316919_BD","CDM OREO 6X32X60G IDTH","1","28","FOOD","BAD","PC","192.0000","CT","12703.0000","13883.0000","2801","CADBURY","","","","","4316919"
"4317225","OREO VANILLA ACTIV 24X110.4","1","28","FOOD","GOOD","PC","24.0000","CT","6277.0000","6860.0000","2804","OREO/RITZ","","","","","4317225"
"4317225_BD","OREO VANILLA ACTIV 24X110.4","1","28","FOOD","BAD","PC","24.0000","CT","6277.0000","6860.0000","2804","OREO/RITZ","","","","","4317225"
"4317226","OREO CHOCOLATE ACTIV 24X110.4G","1","28","FOOD","GOOD","PC","24.0000","CT","6967.0000","6860.0000","2804","OREO/RITZ","","","","","4317226"
"4317226_BD","OREO CHOCOLATE ACTIV 24X110.4G","1","28","FOOD","BAD","PC","24.0000","CT","6277.0000","6860.0000","2804","OREO/RITZ","","","","","4317226"
"4317227","OREO STRAW CREAM ACTIV 24X110.4G","1","28","FOOD","GOOD","PC","24.0000","CT","6967.0000","6860.0000","2804","OREO/RITZ","","","","","4317227"
"4317978","OREO CAKE SPACE DUNK 12X12X16G","1","28","FOOD","GOOD","PC","144.0000","CT","1456.0000","1591.0000","2804","OREO/RITZ","","","","","4317978"
"4318197","OREO PEANUT BUTTER CHOCO 24X110.4G","1","28","FOOD","GOOD","PC","24.0000","CT","6559.0000","7168.0000","2804","OREO/RITZ","","","","","4318197"
"4318197_BD","OREO PEANUT BUTTER CHOCO 24X110.4G","1","28","NON FOOD","BAD","PC","24.0000","CT","6559.0000","7168.0000","2804","OREO/RITZ","","","","","4318197"
"4318198","OREO DOUBLE STUFF 24X119.1G","1","28","FOOD","GOOD","PC","24.0000","CT","6559.0000","7168.0000","2804","OREO/RITZ","","","","","4318198"
"4318198_BD","OREO DOUBLE STUFF 24X119.1G","1","28","FOOD","BAD","PC","24.0000","CT","6559.0000","7168.0000","2804","OREO/RITZ","","","","","4318198"
"4318209","OREO DARK WHITE CHOC 24X110.4G","1","28","FOOD","GOOD","PC","24.0000","CT","6559.0000","7168.0000","2804","OREO/RITZ","","","","","4318209"
"4318209_BD","OREO DARK WHITE CHOC 24X110.4G","1","28","FOOD","BAD","PC","24.0000","CT","6559.0000","7168.0000","2804","OREO/RITZ","","","","","4318209"
"4318210","OREO RED VELVET 24X110.4G","1","28","FOOD","GOOD","PC","24.0000","CT","7089.0000","7748.0000","2804","OREO/RITZ","","","","","4318210"
"4318210_BD","OREO RED VELVET 24X110.4G","1","28","FOOD","BAD","PC","24.0000","CT","7089.0000","7748.0000","2804","OREO/RITZ","","","","","4318210"
"4318214_BD","OREO LUP2000 STR CRM ACTVTI 12X12X36.8G","1","28","FOOD","BAD","PC","144.0000","CT","1464.0000","1821.0000","2804","OREO/RITZ","","","","","4318214"
"4318215","OREO LUP2000 BBERRY IC ACTV 12X12X27.8G","1","28","FOOD","GOOD","PC","144.0000","CT","1464.0000","1600.0000","2804","OREO/RITZ","","","","","4318215"
"4318518","OREO SPACEBURSTCRM 24X110.4G","1","28","FOOD","GOOD","PC","24.0000","CT","6247.0000","6827.0000","2804","OREO/RITZ","","","","","4318518"
"4318518_BD","OREO SPACEBURSTCRM 24X110.4G","1","28","FOOD","BAD","PC","24.0000","CT","6247.0000","6827.0000","2804","OREO/RITZ","","","","","4318518"
"4318520","OREO SPACEBURSTCRM 16X6X27.6G","1","28","FOOD","GOOD","PK","16.0000","CT","9334.0000","10201.0000","2804","OREO/RITZ","","","","","4318520"
"4318520_BD","OREO SPACEBURSTCRM 16X6X27.6G","1","28","FOOD","BAD","PC","16.0000","CT","9334.0000","10201.0000","2804","OREO/RITZ","","","","","4318520"
"4318579","OREO SOFT CAKE SPACE DUNK 48X(3X16G)","1","28","FOOD","GOOD","BX","48.0000","CT","5703.0000","7168.0000","2804","OREO/RITZ","","","","","4318579"
"4318579_BD","OREO SOFT CAKE SPACE DUNK 48X(3X16G)","1","28","FOOD","BAD","BX","48.0000","CT","5703.0000","7167.9900","2804","OREO/RITZ","","","","","4318579"
"4318580","OREO SOFTCAKE SPACE DUNK 24X(6X16G)","1","28","FOOD","GOOD","BX","24.0000","CT","10243.0000","12873.0000","2804","OREO/RITZ","","","","","4318580"
"4318580_BD","OREO SOFTCAKE SPACE DUNK 24X(6X16G)","1","28","FOOD","BAD","PC","24.0000","CT","10243.0000","12873.0000","2804","OREO/RITZ","","","","","4318580"
"4318868","CDM MILK 12X24X25G","1","28","FOOD","GOOD","PC","288.0000","CT","6210.0000","6787.0000","2801","CADBURY","","","","","4318868"
"4318868_BD","CDM MILK 12X24X25G","1","28","FOOD","BAD","PC","288.0000","CT","6210.0000","6787.0000","2801","CADBURY","","","","","4318868"
"4318919","CDM HAZELNUT 6X24X57G","1","28","FOOD","GOOD","PC","144.0000","CT","13085.0000","14300.0000","2801","CADBURY","","","","","4318919"
"4318919_BD","CDM HAZELNUT 6X24X57G","1","28","FOOD","BAD","PC","144.0000","CT","13085.0000","14300.0000","2801","CADBURY","","","","","4318919"
"4318921","CDM BLACK FOREST 6X24X57G","1","28","FOOD","GOOD","PC","144.0000","CT","13085.0000","14300.0000","2801","CADBURY","","","","","4318921"
"4318921_BD","CDM BLACK FOREST 6X24X57G","1","28","FOOD","BAD","PC","144.0000","CT","13085.0000","14300.0000","2801","CADBURY","","","","","4318921"
"4318922","CDM FRUIT & NUT 6X24X57G","1","28","FOOD","GOOD","PC","144.0000","CT","13085.0000","14300.0000","2801","CADBURY","","","","","4318922"
"4318922_BD","CDM FRUIT & NUT 6X24X57G","1","28","FOOD","BAD","PC","144.0000","CT","13085.0000","14300.0000","2801","CADBURY","","","","","4318922"
"4318962","CDM MILK 6X12X85G IDPH","1","28","FOOD","GOOD","PC","72.0000","CT","16481.0000","18012.0000","2801","CADBURY","","","","","4318962"
"4318962_BD","CDM MILK 6X12X85G IDPH","1","28","FOOD","BAD","PC","72.0000","CT","16481.0000","18012.0000","2801","CADBURY","","","","","4318962"
"4318966","CDM CASHEW NUT 6X12X85G","1","28","FOOD","GOOD","PC","72.0000","CT","16481.0000","18012.0000","2801","CADBURY","","","","","4318966"
"4318966_BD","CDM CASHEW NUT 6X12X85G","1","28","FOOD","BAD","PC","72.0000","CT","16481.0000","18012.0000","2801","CADBURY","","","","","4318966"
"4318967","CDM CASHEW NUT 12X24X25G","1","28","FOOD","GOOD","PC","288.0000","CT","6210.0000","6787.0000","2801","CADBURY","","","","","4318967"
"4318967_BD","CDM CASHEW NUT 12X24X25G","1","28","FOOD","BAD","PC","288.0000","CT","6210.0000","6787.0000","2801","CADBURY","","","","","4318967"
"4318969","CDM MILK 6X24X57G","1","28","FOOD","GOOD","PC","144.0000","CT","11734.0000","12824.0000","2801","CADBURY","","","","","4318969"
"4318969_BD","CDM MILK 6X24X57G","1","28","FOOD","BAD","PC","144.0000","CT","11734.0000","12824.0000","2801","CADBURY","","","","","4318969"
"4318970","CDM CASHEW NUT 6X24X57G","1","28","FOOD","GOOD","PC","144.0000","CT","11734.0000","12824.0000","2801","CADBURY","","","","","4318970"
"4318970_BD","CDM CASHEW NUT 6X24X57G","1","28","FOOD","BAD","PC","144.0000","CT","11734.0000","12824.0000","2801","CADBURY","","","","","4318970"
"4318972","CDM FRUIT & NUT 12X24X25G","1","28","FOOD","GOOD","PC","288.0000","CT","6957.0000","7603.0000","2801","CADBURY","","","","","4318972"
"4318972_BD","CDM FRUIT & NUT 12X24X25G","1","28","FOOD","BAD","PC","288.0000","CT","6957.0000","7603.0000","2801","CADBURY","","","","","4318972"
"4319011","CDM MILK 6X12X135G IDPH","1","28","FOOD","GOOD","PC","72.0000","CT","23323.0000","25489.0000","2801","CADBURY","","","","","4319011"
"4319011_BD","CDM MILK 6X12X135G IDPH","1","28","FOOD","BAD","PC","72.0000","CT","23323.0000","25489.0000","2801","CADBURY","","","","","4319011"
"4319147","OREO VANILLA 24X110.4G","1","28","FOOD","GOOD","PC","24.0000","CT","6277.0000","6860.0000","2804","OREO/RITZ","","","","","4319147"
"4319147_BD","OREO VANILLA 24X110.4G","1","28","FOOD","BAD","PC","24.0000","CT","6277.0000","6860.0000","2804","OREO/RITZ","","","","","4319147"
"4319201","OREO STRAWBERRY CREAM 24X110.4G","1","28","FOOD","GOOD","PC","24.0000","CT","6277.0000","6860.0000","2804","OREO/RITZ","","","","","4319201"
"4319201_BD","OREO STRAWBERRY CREAM 24X110.4G","1","28","FOOD","BAD","PC","24.0000","CT","6277.0000","6860.0000","2804","OREO/RITZ","","","","","4319201"
"4319203","OREO BBERRY IC 24X110.4G","1","28","FOOD","GOOD","PC","24.0000","CT","6277.0000","6860.0000","2804","OREO/RITZ","","","","","4319203"
"4319203_BD","OREO BBERRY IC 24X110.4G","1","28","FOOD","BAD","PC","24.0000","CT","6277.0000","6860.0000","2804","OREO/RITZ","","","","","4319203"
"4319205","OREO CHOCO 24X110.4G","1","28","FOOD","GOOD","PC","24.0000","CT","6277.0000","6860.0000","2804","OREO/RITZ","","","","","4319205"
"4319205_BD","OREO CHOCO 24X110.4G","1","28","FOOD","BAD","PC","24.0000","CT","6277.0000","6860.0000","2804","OREO/RITZ","","","","","4319205"
"4319334","OREO MINION BOX VANI CHOC 12X(2X119.6G)","1","28","FOOD","GOOD","PC","12.0000","CT","16952.0000","18527.0000","2804","OREO/RITZ","","","","","4319334"
"4319334_BD","OREO MINION BOX VANI CHOC 12X(2X119.6G)","1","28","FOOD","BAD","PC","12.0000","CT","16952.0000","18527.0000","2804","OREO/RITZ","","","","","4319334"
"4320056","BISKUAT GOLDEN VANILLA 24X105G","1","28","FOOD","GOOD","PC","24.0000","CT","4105.0000","4486.0000","2802","BISKUAT","","","","","4320056"
"4320056_BD","BISKUAT GOLDEN VANILLA 24X105G","1","28","FOOD","BAD","PC","24.0000","CT","4105.0000","4486.0000","2802","BISKUAT","","","","","4320056"
"4320057","BISKUAT GOLDEN STRAW 24X105G","1","28","FOOD","GOOD","PC","24.0000","CT","4105.0000","4486.0000","2802","BISKUAT","","","","","4320057"
"4320057_BD","BISKUAT GOLDEN STRAW 24X105G","1","28","FOOD","BAD","PC","24.0000","CT","4105.0000","4486.0000","2802","BISKUAT","","","","","4320057"
"4320059","CDM PLAIN 6X12X90G WITH SLEEVES PROMO","1","28","FOOD","GOOD","PC","72.0000","CT","16481.0000","18012.0000","2801","CADBURY","","","","","4320059"
"4320060","BISKUAT GOLDEN VANILLA 12X12X35G","1","28","FOOD","GOOD","PC","144.0000","CT","1368.0000","1495.0000","2802","BISKUAT","","","","","4320060"
"4320060_BD","BISKUAT GOLDEN VANILLA 12X12X35G","1","28","FOOD","BAD","PC","144.0000","CT","1368.0000","1495.0000","2802","BISKUAT","","","","","4320060"
"4320061","BISKUAT GOLDEN STRAW 12X12X35G","1","28","FOOD","GOOD","PC","144.0000","CT","1368.0000","1495.0000","2802","BISKUAT","","","","","4320061"
"4320061_BD","BISKUAT GOLDEN STRAW 12X12X35G","1","28","FOOD","BAD","PC","144.0000","CT","1368.0000","1495.0000","2802","BISKUAT","","","","","4320061"
"4320163","RITZ SDW CHEESE 12X12X27.3G","1","28","FOOD","GOOD","PC","144.0000","CT","1402.0000","1532.0000","2804","OREO/RITZ","","","","","4320163"
"4320163_BD","RITZ SDW CHEESE 12X12X27.3G","1","28","FOOD","BAD","PC","144.0000","CT","1402.0000","1532.0000","2804","OREO/RITZ","","","","","4320163"
"4320291","MINI OREO CHOCO 24X58.4 G SUP","1","28","FOOD","GOOD","PC","24.0000","CT","5951.0000","6504.0000","2804","OREO/RITZ","","","","","4320291"
"4320291_BD","MINI OREO CHOCO 24X58.4 G SUP","1","28","FOOD","BAD","PC","24.0000","CT","5951.0000","6504.0000","2804","OREO/RITZ","","","","","4320291"
"4320292","MINI OREO VANILLA 24X58.4 G SUP","1","28","FOOD","GOOD","PC","24.0000","CT","5951.0000","6504.0000","2804","OREO/RITZ","","","","","4320292"
"4320292_BD","MINI OREO VANILLA 24X58.4 G SUP","1","28","FOOD","BAD","PC","24.0000","CT","5951.0000","6504.0000","2804","OREO/RITZ","","","","","4320292"
"4320293","MINI OREO STRAWBERRY 24X58.4 SUP","1","28","FOOD","GOOD","PC","24.0000","CT","5951.0000","6504.0000","2804","OREO/RITZ","","","","","4320293"
"4320293_BD","MINI OREO STRAWBERRY 24X58.4 SUP","1","28","FOOD","BAD","PC","24.0000","CT","5951.0000","6504.0000","2804","OREO/RITZ","","","","","4320293"
"4320876","OREO VANILLA 24X147.2G","1","28","FOOD","GOOD","PC","24.0000","CT","7078.0000","7735.0000","2804","OREO/RITZ","","","","","4320876"
"4320876_BD","OREO VANILLA 24X147.2G","1","28","FOOD","BAD","PC","24.0000","CT","7078.0000","7735.0000","2804","OREO/RITZ","","","","","4320876"
"4320970","CDM OREO 6X32X58.5G IDTH","1","28","FOOD","GOOD","PC","192.0000","CT","13338.0000","14577.0000","2801","CADBURY","","","","","4320970"
"4320970_BD","CDM OREO 6X32X58.5G IDTH","1","28","FOOD","BAD","PC","192.0000","CT","13338.0000","14577.0000","2801","CADBURY","","","","","4320970"
"4320979","CDM MILK CHUNKS JAR 1X12X382G","1","28","FOOD","GOOD","PC","12.0000","CT","86554.0000","94595.0000","2801","CADBURY","","","","","4320979"
"4321312","OREO LUP 2000 VANILLA 122X12X35G","1","28","FOOD","GOOD","PC","144.0000","CT","1464.0000","1600.0000","2804","OREO/RITZ","","","","","4321312"
"4321312_BD","OREO LUP 2000 VANILLA 122X12X35G","1","28","FOOD","BAD","PC","144.0000","CT","1464.0000","1600.0000","2804","OREO/RITZ","","","","","4321312"
"4321313","OREO LUP 2000 CHOCO 12X12X35G","1","28","FOOD","GOOD","PC","144.0000","CT","1464.0000","1600.0000","2804","OREO/RITZ","","","","","4321313"
"4321313_BD","OREO LUP 2000 CHOCO 12X12X35G","1","28","FOOD","BAD","PC","144.0000","CT","1464.0000","1600.0000","2804","OREO/RITZ","","","","","4321313"
"4321314","OREO LUP 2000 STRW CREAM 12X12X35G","1","28","FOOD","GOOD","PC","144.0000","CT","1464.0000","1600.0000","2804","OREO/RITZ","","","","","4321314"
"4321314_BD","OREO LUP 2000 STRW CREAM 12X12X35G","1","28","FOOD","BAD","PC","144.0000","CT","1464.0000","1600.0000","2804","OREO/RITZ","","","","","4321314"
"4321318","OREO LUP 2000 BBERRY IC 12X12X26.25G","1","28","FOOD","GOOD","PC","144.0000","CT","1464.0000","1600.0000","2804","OREO/RITZ","","","","","4321318"
"4321318_BD","OREO LUP 2000 BBERRY IC 12X12X26.25G","1","28","FOOD","BAD","PC","144.0000","CT","1464.0000","1600.0000","2804","OREO/RITZ","","","","","4321318"
"4322619","BISKUAT ORIGINAL 48X140.6G","1","28","FOOD","GOOD","PC","48.0000","CT","4904.0000","5360.0000","2802","BISKUAT","","","","","4322619"
"4322619_BD","BISKUAT ORIGINAL 48X140.6G","1","28","FOOD","BAD","PC","48.0000","CT","4904.0000","5360.0000","2802","BISKUAT","","","","","4322619"
"4322783","KRAFT QUICKMELT MOZZA (2X75G)","1","28","FOOD","GOOD","PC","48.0000","CT","23511.0000","25472.0000","2806","KRAFT","","","","","4322783"
"4323518","CDM HAZELNUT 6X24X52G","1","28","FOOD","GOOD","PC","144.0000","CT","13085.0000","14300.0000","2801","CADBURY","","","","","4323518"
"4323519","CDM BLACK FOREST 6X24X52G","1","28","FOOD","GOOD","PC","144.0000","CT","13085.0000","14300.0000","2801","CADBURY","","","","","4323519"
"4323520","CDM MILK 6X24X52G","1","28","FOOD","GOOD","PC","144.0000","CT","11734.0000","12824.0000","2801","CADBURY","","","","","4323520"
"4323521","CDM FRUIT & NUT 6X24X52G","1","28","FOOD","GOOD","PC","144.0000","CT","13085.0000","14300.0000","2801","CADBURY","","","","","4323521"
"4323522","CDM CASHEW NUT 6X24X52G","1","28","FOOD","GOOD","PC","144.0000","CT","11734.0000","12824.0000","2801","CADBURY","","","","","4323522"
"4324100","OREO RED MARSHMALLOW 24X110.4G","1","28","FOOD","GOOD","PC","24.0000","CT","6905.0000","7546.0000","2804","OREO/RITZ","","","","","4324100"
"4324100_BD","OREO RED MARSHMALLOW 24X110.4G","1","28","FOOD","BAD","PC","24.0000","CT","6905.0000","7546.0000","2804","OREO/RITZ","","","","","4324100"
"4324485","OREO CAKE STRAWBERRY 12X12X16G","1","28","FOOD","GOOD","PC","144.0000","CT","1456.0000","1591.0000","2804","OREO/RITZ","","","","","4324485"
"4325115","CDM LUP ID 42x20x11g","1","28","FOOD","GOOD","PC","840.0000","CT","1409.0000","1532.0000","2801","CADBURY","","","","","4325115"
"4325115_BD","CDM LUP ID 42x20x11g","1","28","FOOD","BAD","PC","840.0000","CT","1409.0000","1532.0000","2801","CADBURY","","","","","4325115"
"4325144","CDM MILK 12X24X22G","1","28","FOOD","GOOD","PC","288.0000","CT","6210.0000","6787.0000","2801","CADBURY","","","","","4325144"
"4325144_BD","CDM MILK 12X24X22G","1","28","FOOD","BAD","PC","288.0000","CT","6210.0000","6787.0000","2801","CADBURY","","","","","4325144"
"4325145","CDM FRUIT & NUT 12X24X22G","1","28","FOOD","GOOD","PC","288.0000","CT","6957.0000","7603.0000","2804","OREO/RITZ","","","","","4325145"
"4325146","CDM CASHEW NUT 12X24X22G","1","28","FOOD","GOOD","PC","288.0000","CT","6210.0000","6787.0000","2801","CADBURY","","","","","4325146"
"4325656","CDM BUBBLY 8X20X46G ID","1","28","FOOD","GOOD","PC","160.0000","CT","10512.0000","11489.0000","2801","CADBURY","","","","","4325656"
"4325656_BD","CDM BUBBLY 8X20X46G ID","1","28","FOOD","BAD","PC","160.0000","CT","10512.0000","11489.0000","2801","CADBURY","","","","","4325656"
"4326373","OREO STRAWBERRY CREAM 24X105G","1","28","FOOD","GOOD","PC","24.0000","CT","6277.0000","6860.0000","2804","OREO/RITZ","","","","","4326373"
"4326377","OREO LUP 2000 STRW CREAM 12x12x32.8g","1","28","FOOD","GOOD","PC","144.0000","CT","1464.0000","1600.0000","2804","OREO/RITZ","","","","","4326377"
"4326380","OREO VANILLA 24X105G C1","1","28","FOOD","GOOD","PC","24.0000","CT","6277.0000","6860.0000","2804","OREO/RITZ","","","","","4326380"
"4326385","OREO VANILLA 24X61.25G C1","1","28","FOOD","GOOD","PC","24.0000","CT","3945.0000","4311.0000","2804","OREO/RITZ","","","","","4326385"
"4326400","OREO CHOCOLATE 24X 61.25G","1","28","FOOD","GOOD","PC","24.0000","CT","3945.0000","4311.0000","2804","OREO/RITZ","","","","","4326400"
"4326402","OREO CHOCO 24X105G C1","1","28","FOOD","GOOD","PC","24.0000","CT","6277.0000","6860.0000","2804","OREO/RITZ","","","","","4326402"
"4326402_BD","OREO CHOCO 24X105G C1","1","28","FOOD","BAD","PC","24.0000","CT","6277.0000","6860.0000","2804","OREO/RITZ","","","","","4326402"
"4326406","OREO LUP 2000 VANILLA 12X12X32.8G","1","28","FOOD","GOOD","PC","144.0000","CT","1464.0000","1600.0000","2804","OREO/RITZ","","","","","4326406"
"4326421","OREO DARK WHITE CHOC 24X105G","1","28","FOOD","GOOD","PC","24.0000","CT","6559.0000","7168.0000","2801","CADBURY","","","","","4326421"
"4326424","OREO PEANUT BUTTER CHOCO 24X105G","1","28","FOOD","GOOD","PC","24.0000","CT","6559.0000","7168.0000","2804","OREO/RITZ","","","","","4326424"
"4326425","OREO BBERRY IC 24X105G","1","28","FOOD","GOOD","PC","24.0000","CT","6277.0000","6860.0000","2804","OREO/RITZ","","","","","4326425"
"4326427","OREO LUP 2000 CHOCO 12X12X32.8G","1","28","FOOD","GOOD","PC","144.0000","CT","1464.0000","1600.0000","2804","OREO/RITZ","","","","","4326427"
"4326429","OREO DOUBLE STUFF 24x 113G","1","28","FOOD","GOOD","PC","24.0000","CT","6559.0000","7168.0000","2804","OREO/RITZ","","","","","4326429"
"4326430","OREO RED VELVET 24X105g","1","28","FOOD","GOOD","PC","24.0000","CT","7089.0000","7748.0000","2804","OREO/RITZ","","","","","4326430"
"4326457","OREO LUP 2000 BBERRY IC 12x12x24.6g","1","28","FOOD","GOOD","PC","144.0000","CT","1464.0000","1600.0000","2804","OREO/RITZ","","","","","4326457"
"4326503","BISKUAT CHOCO 16X(12X34.2 G)","1","28","FOOD","GOOD","PC","192.0000","CT","1402.0000","1532.0000","2802","BISKUAT","","","","","4326503"
"4326516","BISKUAT ORIGINAL 16X(12X34.2 G)","1","28","FOOD","GOOD","PC","192.0000","CT","1402.0000","1532.0000","2802","BISKUAT","","","","","4326516"
"4326553","BISKUAT ORIGINAL 16X(5X45.6 G)","1","28","FOOD","GOOD","PC","80.0000","CT","2206.0000","2411.0000","2802","BISKUAT","","","","","4326553"
"4326554","BISKUAT CHOCO 16X(5X45.6 G)","1","28","FOOD","GOOD","PC","80.0000","CT","2206.0000","2411.0000","2802","BISKUAT","","","","","4326554"
"4326560","BISKUAT ORIGINAL RENO 28X 121.6G","1","28","FOOD","GOOD","PC","28.0000","CT","5573.0000","6091.0000","2804","OREO/RITZ","","","","","4326560"
"4326560_BD","BISKUAT ORIGINAL RENO 28X 121.6G","1","28","FOOD","BAD","PC","28.0000","CT","5573.0000","6091.0000","2804","OREO/RITZ","","","","","4326560"
"4326561","BISKUAT CHOCO RENO 28X121.6 G","1","28","FOOD","GOOD","PC","28.0000","CT","5573.0000","6091.0000","2802","BISKUAT","","","","","4326561"
"4326784","RITZ BOX 16X((2X27.3)&(4X27.3)&(1X100))","1","28","FOOD","GOOD","PC","16.0000","CT","20657.0000","22576.0000","2804","OREO/RITZ","","","","","4326784"
"4326784_BD","RITZ BOX 16X((2X27.3)&(4X27.3)&(1X100))","1","28","FOOD","BAD","PC","16.0000","CT","20657.0000","22576.0000","2804","OREO/RITZ","","","","","4326784"
"4326834","OREOBOX VANIBBERRY 16X((5X35)&(2X26.25))","1","28","FOOD","GOOD","PC","16.0000","CT","20011.0000","21870.0000","2804","OREO/RITZ","","","","","4326834"
"4326834_BD","OREOBOX VANIBBERRY 16X((5X35)&(2X26.25))","1","28","FOOD","BAD","PC","16.0000","CT","20011.0000","21870.0000","2804","OREO/RITZ","","","","","4326834"
"4327076","ASSORTMENT FESTIVE BISCUITS 6X244.2G","1","28","FOOD","GOOD","PC","6.0000","CT","35504.0000","38802.0000","2804","OREO/RITZ","","","","","4327076"
"4327314","CDM CRISP IT 6X24X52G","1","28","FOOD","GOOD","PC","144.0000","CT","11734.0000","12824.0000","2801","CADBURY","","","","","4327314"
"4327315","CDM OREO SHAREBAG 7S 16X80.6G","1","28","FOOD","GOOD","PC","16.0000","CT","18801.0000","20548.0000","2801","CADBURY","","","","","4327315"
"4327386","OREO VANILLA 24X140G","1","28","FOOD","GOOD","PC","24.0000","CT","7673.0000","8385.0000","2804","OREO/RITZ","","","","","4327386"
"4327694","RITZ SDW KAYA BUTTER 36X91G ID","1","28","FOOD","GOOD","PC","36.0000","CT","5817.0000","6357.0000","2804","OREO/RITZ","","","","","4327694"
"4329172","CDM MILK 6X12X85G IDPH MADE TO SHARE","1","28","FOOD","GOOD","PC","72.0000","CT","16481.0000","18012.0000","2801","CADBURY","","","","","4329172"
"4329173","CDM SHAREBAG 18X4.5G MADE TO SHARE","1","28","FOOD","GOOD","PC","40.0000","CT","17311.0000","18919.0000","2801","CADBURY","","","","","4329173"
"4329174","CDM CASHEW NUT 6X12X85G MADE TO SHARE","1","28","FOOD","GOOD","PC","72.0000","CT","16481.0000","18012.0000","2801","CADBURY","","","","","4329174"
"4329368","OREO PURPLE BROWN SUGAR 24X105G C1","1","28","FOOD","GOOD","PC","24.0000","CT","6905.0000","7546.0000","2804","OREO/RITZ","","","","","4329368"
"4329927","CDM ROAST ALMOND 6X24X52G","1","28","FOOD","GOOD","PC","144.0000","CT","11734.0000","12824.0000","2801","CADBURY","","","","","4329927"
"44050099_BD","EDT GLASS AROUND VIOLET 100ML","1","M1","FOOD","BAD","PC","12.0000","CT","23863.5000","31818.0000","8993","PT. EASTON KALERIS INDONESIA","","","ABCDEFGHI","","44050099"
"44100503_BD","EDT GLASS AROUND BLUE 100ML","1","M1","FOOD","BAD","PC","12.0000","CT","23863.5000","31818.0000","8993","PT. EASTON KALERIS INDONESIA","","","ABCDEFGHI","","44100503"
"449099","Ballpoint P7 Pastel 0.7 Ink Black","1","M1","NON FOOD","GOOD","PC","144.0000","CT","21492.0000","27240.0000","71","ALLIGATOR","FBC","FABER CASTELL","","","449099"
"47754-09000-00_BD","HP FAB STR SWP 65X32 24 ID JUMBO","1","12","NON FOOD","BAD","PC","200.0000","CT","7091.4000","7950.0000","1202","HANSAPLAST","","","ABCDEFGHI","","47754-09000-00"
"47754-09000-01_BD","HP FAB STR SWP 65X32 24 ID JUMBO","1","12","NON FOOD","BAD","PC","200.0000","CT","10832.4400","12144.0000","HP","HANSAPLAST","","","ABCDEFGHI","","47754-09000-01"
"47754-09000-01_BN","HP FAB STR SWP 65X32 24 ID JUMBO","1","12","NON FOOD","BONUS","","200.0000","","0.0000","0.0000","1202","HANSAPLAST","","","ABCDEFGHI","","47754-09000-01"
"47754-09000-04_BD","HP FAB STR HL 65X32 24 ID JUMBO","1","12","FOOD","BAD","PC","200.0000","CT","10832.4400","12144.0000","1202","HANSAPLAST","","","ABCDEFGHI","","47754-09000-04"
"47787-09000-00_BD","HP PLS STR SWP ASS 10 ID 47787","1","12","NON FOOD","BAD","PC","180.0000","CT","3255.8000","3650.0000","1202","HANSAPLAST","","","ABCDEFGHI","","47787-09000-00"
"47787-09000-01_BD","HP PLS STR SWP ASS 10 ID 47787","1","12","NON FOOD","BAD","PC","180.0000","CT","3255.8000","0.0000","1202","HANSAPLAST","","","ABCDEFGHI","","47787-09000-01"
"47787-09000-01_BN","HP PLS STR SWP ASS 10 ID 47787","1","12","NON FOOD","BONUS","","180.0000","","0.0000","0.0000","1202","HANSAPLAST","","","ABCDEFGHI","","47787-09000-01"
"47787-09000-02_BD","HP PLS STR SWP ASS 10 ID 47787","1","12","NON FOOD","BAD","PC","180.0000","CT","4809.8200","5303.0000","","","","","ABCDEFGHI","","47787-09000-02"
"480192","ARIELA EDP GLASS 50ML MUSK PEACH","1","M1","NON FOOD","GOOD","PC","12.0000","CT","23784.0000","29730.0000","8993","PT. EASTON KALERIS INDONESIA","","","","","480192"
"480192_BD","ARIELA EDP GLASS 50ML MUSK PEACH","1","M1","NON FOOD","BAD","PC","12.0000","CT","23784.0000","29730.0000","8993","PT. EASTON KALERIS INDONESIA","","","","","480192"
"48328-00237-03","HANSAPLAST HANGER DUO ANTISEPTIK +2637","1","12","NON FOOD","GOOD","PC","10.0000","CT","47095.7300","51839.0000","1202","HANSAPLAST","","","","","48328-00237-03"
"48328-00246-00","HP2637+ANTISEPTIK+ROL KAIN","1","12","NON FOOD","GOOD","PC","10.0000","CT","46400.7200","51074.0000","1202","HANSAPLAST","","","","","48328-00246-00"
"48330-00000-00_BD","NCL VELVET ROSE +BRACELET 12/CT","1","12","NON FOOD","BAD","PC","12.0000","CT","15164.0000","17000.0000","NL","NIVEA LIP CARE","","","ABCDEFGHI","","48330-00000-00"
"48330-00000-46_BD","HP JU DISNEY MICKEY&PRINCESS 24S","1","12","NON FOOD","BAD","PC","30.0000","CT","19461.6600","21818.0000","1202","HANSAPLAST","","","ABCDEFGHI","","48330-00000-46"
"48330-00000-46_BN","HP JU DISNEY MICKEY&PRINCESS 24S","1","12","NON FOOD","BONUS","PC","30.0000","CT","0.0000","0.0000","1202","HANSAPLAST","","","ABCDEFGHI","","48330-00000-46"
"48330-00000-47_BD","HP FAB STR SWP 65X19 100 ID EXTRA 10S","1","12","NON FOOD","BAD","PC","100.0000","CT","15610.0000","17500.0000","1202","HANSAPLAST","","","ABCDEFGHI","","48330-00000-47"
"48330-00000-47_BN","HP FAB STR SWP 65X19 100 ID EXTRA 10S","1","12","NON FOOD","BONUS","PC","100.0000","CT","0.0000","0.0000","1202","HANSAPLAST","","","ABCDEFGHI","","48330-00000-47"
"48330-00000-71_BD","KOYO HP HGR PANAS&HANGAT","1","12","NON FOOD","BAD","PC","50.0000","CT","11354.0000","12728.0000","1202","HANSAPLAST","","","ABCDEFGHI","","48330-00000-71"
"48330-00000-90_BD","NIVEA CREME ETERNITY 25ML 60/CT","1","12","NON FOOD","BAD","PC","60.0000","CT","3485.9300","3908.0000","","","","","ABCDEFGHI","","48330-00000-90"
"48330-00000-90_BN","NIVEA CREME ETERNITY 25ML 60/CT","1","12","NON FOOD","BONUS","PC","60.0000","CT","0.0000","0.0000","BN","BONUS","","","ABCDEFGHI","","48330-00000-90"
"48330-00000-91_BD","NIVEA CREME ETERNITY 50ML 48/CT","1","12","NON FOOD","BAD","PC","48.0000","CT","6204.7500","6956.0000","","","","","ABCDEFGHI","","48330-00000-91"
"48330-00000-91_BN","NIVEA CREME ETERNITY 50ML 48/CT","1","12","FOOD","BONUS","PC","48.0000","CT","0.0000","0.0000","BN","BONUS","","","ABCDEFGHI","","48330-00000-91"
"48330-00000-92_BD","NIVEA CREME ETERNITY 100ML 36/CT","1","12","NON FOOD","BAD","PC","36.0000","CT","11091.1200","12434.0000","","","","","ABCDEFGHI","","48330-00000-92"
"48330-00000-92_BN","NIVEA CREME ETERNITY 100ML 36/CT","1","12","FOOD","BONUS","PC","36.0000","CT","0.0000","0.0000","BN","BONUS","","","ABCDEFGHI","","48330-00000-92"
"48330-00001-01_BN","NBO WHT LOT 100ML+NV SPK WHT FOAM 15","1","12","NON FOOD","BONUS","PC","48.0000","CT","0.0000","0.0000","BN","BONUS","","","ABCDEFGHI","","48330-00001-01"
"48330-00001-02_BN","NBO WHT NIGHT 100ML+NV SPK WHT FOAM 15","1","12","NON FOOD","BONUS","PC","48.0000","CT","0.0000","0.0000","BN","BONUS","","","ABCDEFGHI","","48330-00001-02"
"48330-00001-03_BD","HP FAB STR HL 65X19 100 ID EXTRA 10'S","1","12","NON FOOD","BAD","PC","100.0000","CT","15610.0000","0.0000","1202","HANSAPLAST","","","ABCDEFGHI","","48330-00001-03"
"48330-00001-03_BN","HP FAB STR HL 65X19 100 ID EXTRA 10'S","1","12","NON FOOD","BONUS","PC","100.0000","CT","0.0000","0.0000","1202","HANSAPLAST","","","ABCDEFGHI","","48330-00001-03"
"48330-00002-03_BN","HP FAB STR HL 65X19 100ID EXTRA 10S","1","12","FOOD","BONUS","PC","100.0000","CT","0.0000","0.0000","1202","HANSAPLAST","","","ABCDEFGHI","","48330-00002-03"
"48330-00015-00_BD","HP DISTRIBUTION PACKAGE","1","12","NON FOOD","BAD","PC","50.0000","CT","20272.4800","22727.0000","1202","HANSAPLAST","","","ABCDEFGHI","","48330-00015-00"
"48330-00026-01","HP 123 SIAP RAWAT LUKA + MAINAN ANAK","1","12","NON FOOD","GOOD","PC","10.0000","CT","31101.5800","34234.0000","1202","HANSAPLAST","","","","","48330-00026-01"
"48330-00026-02","HP 123 SIAP RAWAT LUKA + MANGKOK","1","12","NON FOOD","GOOD","PC","10.0000","CT","56281.5700","61950.0000","1202","HANSAPLAST","","","","","48330-00026-02"
"48330-00027-00","NIVEA BODY WHITENING SERUM 15ML","1","12","FOOD","BONUS","PC","1.0000","PC","0.0000","0.0000","1201","NIVEA","","","ABCDEFGHI","","48330-00027-00"
"48330-00029-00_BN","NV BODY WHT 200ML + NV FOAM 100 ML","1","12","NON FOOD","BONUS","PC","24.0000","CT","0.0000","0.0000","1201","NIVEA","","","ABCDEFGHI","","48330-00029-00"
"48330-00031-00_BN","NIVEA TEEN PACKAGE","1","12","FOOD","BONUS","PC","12.0000","CT","0.0000","0.0000","1201","NIVEA","","","ABCDEFGHI","","48330-00031-00"
"48330-00032-00_BN","HP KOYO DISTRIBUTION PACKAGE 50/CT","1","12","NON FOOD","BONUS","PC","50.0000","CT","0.0000","0.0000","1202","HANSAPLAST","","","ABCDEFGHI","","48330-00032-00"
"48330-00032-01_BN","HP KOYO DISTRIBUTION PACKAGE II 50/CT","1","12","FOOD","BONUS","PC","50.0000","CT","0.0000","0.0000","1202","HANSAPLAST","","","ABCDEFGHI","","48330-00032-01"
"48330-00032-02_BN","HP KOYO DISTRIBUTION PACKAGE 3","1","12","FOOD","BONUS","PC","50.0000","CT","0.0000","0.0000","1202","HANSAPLAST","","","ABCDEFGHI","","48330-00032-02"
"48330-00034-00_BN","HP FAB STR ASS 8 ID JUNIOR FUN+HGR PENSIL","1","12","NON FOOD","BONUS","PC","50.0000","CT","0.0000","0.0000","1202","HANSAPLAST","","","ABCDEFGHI","","48330-00034-00"
"48330-00036-00_BN","NBO UV EXTRA WHITE 100ML BD SERUM 15ML","1","12","NON FOOD","BONUS","PC","48.0000","CT","0.0000","0.0000","1201","NIVEA","","","ABCDEFGHI","","48330-00036-00"
"48330-00037-00_BN","NBO UV WHT 100ML + SERUM 15ML","1","12","NON FOOD","BONUS","PC","48.0000","CT","0.0000","0.0000","","","","","ABCDEFGHI","","48330-00037-00"
"48330-00038-00_BN","NBO UV WHT 200ML + NV SPARKLING","1","12","NON FOOD","BONUS","PC","24.0000","CT","0.0000","0.0000","","","","","ABCDEFGHI","","48330-00038-00"
"48330-00039-00_BN","NBODY INTENSIVE 200ML+NV SOAP","1","12","NON FOOD","BONUS","PC","24.0000","CT","0.0000","0.0000","","","","","ABCDEFGHI","","48330-00039-00"
"48330-00040-00_BN","NBO UV EXT WHT 200ML+SOAP","1","12","NON FOOD","BONUS","PC","24.0000","CT","0.0000","0.0000","","","","","ABCDEFGHI","","48330-00040-00"
"48330-00056-00_BN","NFM OC FF 100 ML+NBODY MEN REFR 100 ML","1","12","NON FOOD","BONUS","PC","24.0000","CT","0.0000","0.0000","1201","NIVEA","","","ABCDEFGHI","","48330-00056-00"
"48330-00062-00_BD","NFM TOT RECH FOAM 100ML+NFM MOIST 15ML","1","12","NON FOOD","BAD","PC","24.0000","CT","12062.5100","13523.0000","","","","","ABCDEFGHI","","48330-00062-00"
"48330-00066-00_BD","HP KOYO DISTRIBUTION PACKAGE","1","12","NON FOOD","BAD","PC","50.0000","CT","12974.1400","14545.0000","1202","HANSAPLAST","","","ABCDEFGHI","","48330-00066-00"
"48330-00084-00_BN","HP FAB STR ASS 8 JUNIOR FUN+ACT BOOK","1","12","FOOD","BONUS","PC","50.0000","CT","0.0000","0.0000","1202","HANSAPLAST","","","ABCDEFGHI","","48330-00084-00"
"48330-00093-00_BN","HP HOTSPEED 2637+KOYOHANGAT 10S","1","12","FOOD","BONUS","PC","100.0000","CT","0.0000","0.0000","1202","HANSAPLAST","","","ABCDEFGHI","","48330-00093-00"
"48330-00093-01_BN","HP HOTSPEED II 2637+KOYOHANGAT 10S","1","12","FOOD","BONUS","PC","100.0000","CT","0.0000","0.0000","1202","HANSAPLAST","","","ABCDEFGHI","","48330-00093-01"
"48330-00114-00_BN","HP KOYO HANGAT HANGER+1","1","12","FOOD","BONUS","PC","50.0000","CT","0.0000","0.0000","1202","HANSAPLAST","","","ABCDEFGHI","","48330-00114-00"
"48330-00115-00_BN","HP KOYO PANAS HANGER+1","1","12","FOOD","BONUS","PC","50.0000","CT","0.0000","0.0000","1202","HANSAPLAST","","","ABCDEFGHI","","48330-00115-00"
"48330-00125-00_BD","HP FAB 100S 2637 REDEMPTION KOYO","1","12","FOOD","BAD","PC","100.0000","CT","20272.4800","22727.0000","1202","HANSAPLAST","","","ABCDEFGHI","","48330-00125-00"
"48330-00125-00_BN","HP FAB 100S 2637 REDEMPTION KOYO","1","12","FOOD","BONUS","PC","100.0000","CT","0.0000","0.0000","1202","HANSAPLAST","","","ABCDEFGHI","","48330-00125-00"
"48330-00164-00_BD","NM TW MAX BRIGHT 150+NDEO FA 25","1","12","FOOD","BAD","PC","24.0000","CT","18776.6000","21050.0000","1201","NIVEA","","","ABCDEFGHI","","48330-00164-00"
"48330-00168-00_BD","NBO RADIANT SMOOTH SRM 180+NDEO HS 25","1","12","FOOD","BAD","PC","24.0000","CT","24092.9200","27010.0000","1201","NIVEA","","","ABCDEFGHI","","48330-00168-00"
"48330-00200-00_BD","HP FIRST AID AT HOME MTI","1","12","FOOD","BAD","PC","12.0000","CT","64872.4800","72727.0000","1202","HANSAPLAST","","","","","48330-00200-00"
"48330-00205-01_BD","HP Sensitive XL Steril 6x7 cm","1","12","NON FOOD","BAD","PC","250.0000","CT","4533.1400","5082.0000","1201","NIVEA","","","","","48330-00205-01"
"48330-00206-00","HP KASA ROL ELASTIS 4MX6CM","1","12","NON FOOD","GOOD","PC","15.0000","CT","4184.0500","4851.0000","1202","HANSAPLAST","","","","","48330-00206-00"
"48330-00211-00_BD","HP 2637 TOPLES ELASTIS 40X10LEMBAR","1","12","FOOD","BAD","PC","20.0000","CT","113999.3800","127802.0000","1202","HANSAPLAST","","","","","48330-00211-00"
"48330-00211-02","HP KAIN ELASTIS 40X10 Lembar Toples","1","12","NON FOOD","GOOD","TP","20.0000","CT","115742.5400","127802.0000","1202","HANSAPLAST","","","","","48330-00211-02"
"48330-00211-03","HP KAIN ELASTIS 24X10 LEMBAR TOPLES","1","12","NON FOOD","GOOD","TP","20.0000","CT","113534.3300","124696.0000","1202","HANSAPLAST","","","","","48330-00211-03"
"48330-00221-00_BD","HP KOYO PANAS RNCG 2 LEMBAR(HGR)+KAOS","1","12","NON FOOD","BAD","CT","1.0000","CT","1135260.8800","1272714.0000","1202","HANSAPLAST","","","","","48330-00221-00"
"48330-00221-03","HP KOYO PANAS HGR+KAOS","1","12","NON FOOD","GOOD","CT","1.0000","CT","1329685.0000","1463605.0000","1202","HANSAPLAST","","","","","48330-00221-03"
"48330-00222-00_BD","HP KOYO HANGAT RNCG 2 LEMBAR(HG","1","12","NON FOOD","BAD","CT","1.0000","CT","1135260.8800","1272714.0000","1202","HANSAPLAST","","","","","48330-00222-00"
"48330-00222-03","HP KOYO HANGAT HGR+KAOS","1","12","NON FOOD","GOOD","CT","1.0000","CT","1329685.0000","1463605.0000","1202","HANSAPLAST","","","","","48330-00222-03"
"48330-00230-00","HP AQUA PROTECT STERIL XL 6X7CM 5PCS","1","12","NON FOOD","GOOD","PC","10.0000","CT","33884.3200","37297.0000","1202","HANSAPLAST","","","","","48330-00230-00"
"48330-00234-00","HP SENSITIVE STERIL XL 6X7CM 5PCS","1","12","NON FOOD","GOOD","PC","10.0000","CT","30119.5000","33153.0000","1202","HANSAPLAST","","","","","48330-00234-00"
"48330-00236-02","HP KAIN ELASTIS FUN 100 LEMBAR+1 KAOS ANAK","1","12","NON FOOD","GOOD","CT","1.0000","CT","1271873.0000","1399970.0000","1202","HANSAPLAST","","","","","48330-00236-02"
"48330-00237-02","HP Hanger Duo Kain Elastis+Antis Pemb Luka 20ml","1","12","NON FOOD","GOOD","PC","10.0000","CT","52492.6700","57962.0000","1202","HANSAPLAST","","","","","48330-00237-02"
"48330-00237-02_BD","HP Hanger Duo Kain Elastis+Antis Pemb Luka 20ml","1","12","NON FOOD","BAD","PC","10.0000","CT","52571.5300","57962.0000","1202","HANSAPLAST","","","","","48330-00237-02"
"48330-00238-02","HP HGR TRIO KAIN ELASTIS FUN","1","12","NON FOOD","GOOD","PC","10.0000","CT","69374.0000","76361.0000","1202","HANSAPLAST","","","","","48330-00238-02"
"48330-00242-00","HP KAIN ELASTIS TPL DUO+ANT PL 20ML","1","12","NON FOOD","GOOD","PC","20.0000","CT","107892.0000","118758.0000","1202","HANSAPLAST","","","","","48330-00242-00"
"48330-00243-00","HP ANT PEMBERSIH LUKA 20ML 4in1","1","12","NON FOOD","GOOD","PC","20.0000","CT","39254.0300","43344.0000","1202","HANSAPLAST","","","","","48330-00243-00"
"48330-00243-00_BD","HP ANT PEMBERSIH LUKA 20ML 4in1","1","12","NON FOOD","BAD","PC","20.0000","CT","39313.0000","43344.0000","1202","HANSAPLAST","","","","","48330-00243-00"
"48332-00001-00_BD","NLC SUN SPF 25 4,8G BL","1","12","NON FOOD","BAD","PC","24.0000","CT","18196.8000","0.0000","NL","NIVEA LIP CARE","","","ABCDEFGHI","","48332-00001-00"
"48332-00003-00_BD","NVIS REFRESH TONER 125ML","1","12","NON FOOD","BAD","BT","36.0000","CT","8708.6000","9763.0000","NC1","NVIS CLEANS","","","ABCDEFGHI","","48332-00003-00"
"48332-00005-00_BD","NVIS CLEANSING MILK 125ML","1","12","NON FOOD","BAD","BT","1.0000","CT","8708.6000","9763.0000","NC1","NVIS CLEANS","","","ABCDEFGHI","","48332-00005-00"
"48332-00008-00_BN","SOAP NORMAL 100GR 48/CT","1","12","FOOD","BONUS","PC","48.0000","CT","0.0000","0.0000","BN","BONUS","","","ABCDEFGHI","","48332-00008-00"
"48332-00009-00_BN","SOAP DRY 100GR 48/CT","1","12","FOOD","BONUS","PC","48.0000","CT","0.0000","0.0000","BN","BONUS","","","ABCDEFGHI","","48332-00009-00"
"48332-00010-00_BN","SOAP EXFOLIATING 100GR 48/CT","1","12","FOOD","BONUS","PC","48.0000","CT","0.0000","0.0000","BN","BONUS","","","ABCDEFGHI","","48332-00010-00"
"48332-00012-00_BN","NLC ESSENTIAL 4,8 BL","1","12","NON FOOD","BONUS","PC","24.0000","CT","0.0000","0.0000","","","","","ABCDEFGHI","","48332-00012-00"
"48332-00012-01","NLC LIP BALM ORIGINAL ESSENTIAL","1","12","NON FOOD","GOOD","PC","24.0000","CT","24918.3300","27428.0000","1201","NIVEA","","","","","48332-00012-01"
"48332-00012-01_BD","NLC LIP BALM ORIGINAL ESSENTIAL","1","12","NON FOOD","BAD","PC","24.0000","CT","23382.4600","25780.0000","1201","NIVEA","","","","","48332-00012-01"
"48332-00013-00_BD","NLC REPAIR * PROTECTION 4,8 BL","1","12","NON FOOD","BAD","PC","24.0000","CT","18196.8000","20400.0000","NL","NIVEA LIP CARE","","","ABCDEFGHI","","48332-00013-00"
"48332-00014-00_BD","NLC STRAWBERRY KISS 4,8 BL","1","12","NON FOOD","BAD","PC","24.0000","CT","16680.4000","18700.0000","NL","NIVEA LIP CARE","","","ABCDEFGHI","","48332-00014-00"
"48332-00016-00_BD","NLC CHERRY KISS 4,8 BL","1","12","NON FOOD","BAD","PC","24.0000","CT","16680.4000","18700.0000","NL","NIVEA LIP CARE","","","ABCDEFGHI","","48332-00016-00"
"48332-00018-00_BD","NCREME JAR 10ML 144/CT","1","12","NON FOOD","BAD","PC","144.0000","CT","1265.7500","1419.0000","NC","NIVEA CREME","","","ABCDEFGHI","","48332-00018-00"
"48332-00021-00_BN","NIVEA SUN SPRAY SPF30-150ML 12/CT","1","12","NON FOOD","BONUS","PC","12.0000","CT","0.0000","0.0000","","","","","ABCDEFGHI","","48332-00021-00"
"48332-00023-00_BD","NSUN FACE CR MOIST SPF50 50ML 24/CT","1","12","NON FOOD","BAD","PK","24.0000","CT","53520.0000","60000.0000","NS1","NIVEA SUN","","","ABCDEFGHI","","48332-00023-00"
"48332-00024-00_BD","NLC NATURAL VOLUME 8.5 ML","1","12","NON FOOD","BAD","PC","24.0000","CT","26193.5800","29365.0000","NL","NIVEA LIP CARE","","","ABCDEFGHI","","48332-00024-00"
"48332-00032-00_BD","NBODY FIRMING 200ML BANDED SOFT 25ML 24/CT","1","12","NON FOOD","BAD","BT","24.0000","CT","17452.8700","19566.0000","NPI","NIVEA PROMOTION ITEMS","","","ABCDEFGHI","","48332-00032-00"
"48332-00033-03_BD","NSUN SPRAY SPF 30 150 ML","1","12","NON FOOD","BAD","PC","12.0000","CT","96603.6000","108300.0000","1201","NIVEA","","","","","48332-00033-03"
"48332-00033-04_BD","NSUN PROT MOISTURE SPF30 SPY 150","1","12","NON FOOD","BAD","PC","12.0000","CT","96603.6000","108300.0000","1201","NIVEA","","","","","48332-00033-04"
"48332-00034-00_BD","NBODY INTENSIVE MILK 250ML","1","12","NON FOOD","BAD","BT","24.0000","CT","11729.8000","13150.0000","NW","NBO WHITENING","","","ABCDEFGHI","","48332-00034-00"
"48332-00036-00_BD","NSUN FACE MOIST SPF50 50ML 24/CT","1","12","NON FOOD","BAD","PC","24.0000","CT","78585.2000","88100.0000","NS1","NIVEA SUN","","","ABCDEFGHI","","48332-00036-00"
"48332-00037-00_BD","NSUN FACE WHITENING SPF50 24/D","1","12","NON FOOD","BAD","PC","24.0000","CT","89289.2000","100100.0000","NS1","NIVEA SUN","","","ABCDEFGHI","","48332-00037-00"
"48332-00042-00_BN","NFM FF COOLING VOLCANICMUD 10ML","1","12","FOOD","BONUS","PC","144.0000","CT","0.0000","0.0000","1201","NIVEA","","","ABCDEFGHI","","48332-00042-00"
"48332-00043-00_BN","NFM WHITEENING OC  FF TOTAL RCH 10ML","1","12","FOOD","BONUS","PC","144.0000","CT","0.0000","0.0000","1201","NIVEA","","","ABCDEFGHI","","48332-00043-00"
"48332-00044-00_BN","NFM OC FF ANTI JERAWAT 10ML","1","12","FOOD","BONUS","PC","144.0000","CT","0.0000","0.0000","1201","NIVEA","","","ABCDEFGHI","","48332-00044-00"
"48332-00063-00_BD","NIV DAILY PROTECT SUN LOTION 100ML","1","12","NON FOOD","BAD","PC","48.0000","CT","28963.2400","32470.0000","NW","NBO WHITENING","","","ABCDEFGHI","","48332-00063-00"
"48332-00063-00_BN","NIV DAILY PROTECT SUN LOTION","1","12","FOOD","BONUS","PC","48.0000","CT","0.0000","0.0000","NW","NBO WHITENING","","","ABCDEFGHI","","48332-00063-00"
"48332-00063-01_BD","NIVEA DAILY PRO SUN LOTION SPF33 100ML","1","12","FOOD","BAD","PC","48.0000","CT","31956.4800","35175.0000","NS1","NIVEA SUN","","","ABCDEFGHI","","48332-00063-01"
"48332-00067-00_BD","NBODY EXTRA WHT LTN SPF 15 250ML","1","12","FOOD","BAD","PC","24.0000","CT","19356.4000","21700.0000","1201","NIVEA","","","A","","48332-00067-00"
"48332-00070-00_BN","NLIP BUTTER ORIGINAL 16.7G","1","12","FOOD","BONUS","PC","12.0000","CT","0.0000","0.0000","NL","NIVEA LIP CARE","","","ABCDEFGHI","","48332-00070-00"
"48332-00071-00_BD","NLIP BUTTER RASPBERRY 16.7G","1","12","FOOD","BAD","PC","12.0000","CT","23905.6000","26800.0000","NL","NIVEA LIP CARE","","","ABCDEFGHI","","48332-00071-00"
"48332-00071-00_BN","NLIP BUTTER RASPBERRY 16.7G","1","12","FOOD","BONUS","PC","12.0000","CT","0.0000","0.0000","1201","NIVEA","","","ABCDEFGHI","","48332-00071-00"
"48332-00072-00_BD","NLIP BUTTER VANILLA 16.7G","1","12","FOOD","BAD","PC","12.0000","CT","23905.6000","26800.0000","NL","NIVEA LIP CARE","","","ABCDEFGHI","","48332-00072-00"
"48332-00072-00_BN","NLIP BUTTER VANILLA 16.7G","1","12","FOOD","BONUS","PC","12.0000","CT","0.0000","0.0000","NL","NIVEA LIP CARE","","","ABCDEFGHI","","48332-00072-00"
"48332-00072-01_BD","NLIP BUTTER VANILLA 16.7G","1","12","NON FOOD","BAD","PC","12.0000","CT","23905.6000","26800.0000","NL","NIVEA LIP CARE","","","ABCDEFGHI","","48332-00072-01"
"48332-00072-01_BN","NLIP BUTTER VANILLA 16.7G","1","12","FOOD","BONUS","PC","12.0000","CT","0.0000","0.0000","NL","NIVEA LIP CARE","","","ABCDEFGHI","","48332-00072-01"
"48332-00073-00_BN","NLIP BUTTER COCOA 16.7G","1","12","FOOD","BONUS","PC","12.0000","CT","0.0000","0.0000","1201","NIVEA","","","ABCDEFGHI","","48332-00073-00"
"48332-00075-04_BD","NSUN MOIST AFTER SUN SPY 200ML","1","12","FOOD","BAD","PC","12.0000","CT","150480.4000","168700.0000","1201","NIVEA","","","ABCDEFGHI","","48332-00075-04"
"48332-00091-00_BD","NCRM TIN 60ML","1","12","NON FOOD","BAD","PC","48.0000","CT","18642.8000","20900.0000","1201","NIVEA","","","ABCDEFGHI","","48332-00091-00"
"48332-00091-04_BD","NIVEA CREME TIN 60ML","1","12","FOOD","BAD","PC","48.0000","CT","18642.8000","20900.0000","NC","NIVEA CREME","","","ABCDEFGHI","","48332-00091-04"
"48332-00091-07","NCRM TIN 60ML","1","12","FOOD","BONUS","PC","48.0000","CT","20413.9900","22470.0000","1201","NIVEA","","","ABCDEFGHI","","48332-00091-07"
"48332-00091-07_BD","NCRM TIN 60ML","1","12","NON FOOD","BAD","","48.0000","","16207.6400","18170.0000","1201","NIVEA","","","","","48332-00091-07"
"48332-00095-04","NSUN SPY PRT&RFR CLG MST SPF50 200ML","1","12","FOOD","BONUS","PC","12.0000","CT","172450.3600","193330.0000","1201","NIVEA","","","ABCDEFGHI","","48332-00095-04"
"48332-00098-00_BD","NVIS EYE MAKE UP REMOVER 125ML","1","12","NON FOOD","BAD","PC","12.0000","CT","55027.4800","61690.0000","1201","NIVEA","","","ABCDEFGHI","","48332-00098-00"
"48332-00099-03_BD","NSUN SPY INV PRT SPF50 200ml","1","12","FOOD","BAD","PC","12.0000","CT","197988.3200","221960.0000","1201","NIVEA","","","ABCDEFGHI","","48332-00099-03"
"48332-00101-00_BD","NLIP BUTTER BLUEBERRY 16.7G","1","12","NON FOOD","BAD","PC","12.0000","CT","23905.6000","26800.0000","NL","NIVEA LIP CARE","","","ABCDEFGHI","","48332-00101-00"
"48332-00112-00_BD","NIVEA CREME TIN 30ML","1","12","FOOD","BAD","PC","50.0000","CT","8424.0400","25000.0000","1201","NIVEA","","","ABCDEFGHI","","48332-00112-00"
"48332-00113-00_BD","NBO ESS VANILA&ALMOND OIL 200ML","1","12","FOOD","BAD","PC","12.0000","CT","26073.1600","29230.0000","1201","NIVEA","","","ABCDEFGHI","","48332-00113-00"
"48332-00113-02_BD","NBO ESS VANILLA & ALMOND OIL 200 ML","1","12","FOOD","BAD","PC","12.0000","CT","26073.1600","29230.0000","1201","NIVEA","","","ABCDEFGHI","","48332-00113-02"
"48332-00114-00_BD","NBO ESS CHERRY BLSM&JJB OIL 200ML","1","12","NON FOOD","BAD","PC","12.0000","CT","26073.1600","29230.0000","1201","NIVEA","","","ABCDEFGHI","","48332-00114-00"
"48332-00115-00_BD","NBO ESS ROSE&ARGAN OIL 200ML","1","12","NON FOOD","BAD","PC","12.0000","CT","16234.4000","18200.0000","1201","NIVEA","","","ABCDEFGHI","","48332-00115-00"
"48332-00115-02_BD","NBO ESS ROSE&ARGAN OIL 200ML","1","12","FOOD","BAD","PC","12.0000","CT","26484.4000","29200.0000","1201","NIVEA","","","DEHI","","48332-00115-02"
"48332-00116-00_BD","NBO ESS ORANGE BLSM&AVCD OIL 200ML","1","12","FOOD","BAD","PC","12.0000","CT","16234.4000","18200.0000","1201","NIVEA","","","ABCDEFGHI","","48332-00116-00"
"48332-00123-00_BD","NSUN MOIST AFTER SUN LOTION 200","1","12","FOOD","BAD","PC","12.0000","CT","78362.2000","87850.0000","1201","NIVEA","","","ABCDEFGHI","","48332-00123-00"
"48332-00124-00_BD","NSUN KIDS SWIM PLY SPF50+10","1","12","FOOD","BAD","PC","12.0000","CT","105987.4400","118820.0000","1201","NIVEA","","","ABCDEFGHI","","48332-00124-00"
"48332-00150-02_BD","NDEO RLL ON HOKAIDO ROSE FML 40ML","1","12","NON FOOD","BAD","PC","24.0000","CT","20617.6900","23114.0000","1201","NIVEA","","","","","48332-00150-02"
"48332-00150-03","NFC Hokkaido Rose Whip Facial Foam 100","1","12","FOOD","GOOD","PC","24.0000","CT","44971.0000","49500.0000","1201","NIVEA","","","ABCDEFGHI","","48332-00150-03"
"48332-00150-03_BD","NFC Hokkaido Rose Whip Facial Foam 100","1","12","NON FOOD","BAD","PC","24.0000","CT","42432.4400","44295.0000","1201","NIVEA","","","","","48332-00150-03"
"48332-00150-04","NFC MUC Micellar Hokkaido Rose 125","1","12","FOOD","GOOD","PC","24.0000","CT","41505.4900","45830.0000","1201","NIVEA","","","ABCDEFGHI","","48332-00150-04"
"48332-00150-04_BD","NFC MUC Micellar Hokkaido Rose 125","1","12","NON FOOD","BAD","PC","24.0000","CT","41567.8400","45830.0000","1201","NIVEA","","","ABCDEFGHI","","48332-00150-04"
"48332-00154-00_BD","NFC SPARKLING BRIGHT FACIAL FOAM 100ML","1","12","NON FOOD","BAD","PC","24.0000","CT","21452.6000","24050.0000","1201","NIVEA","","","","","48332-00154-00"
"48332-00156-00_BD","NFC Make Up Clear Eye Remover 125","1","12","FOOD","BAD","PC","12.0000","CT","55027.4800","56081.0000","1201","NIVEA","","","","","48332-00156-00"
"48332-00156-01","Nivea Eye Make Up Remover Double Effect 125ml","1","12","NON FOOD","GOOD","PC","12.0000","CT","55868.9000","61690.0000","1201","NIVEA","","","","","48332-00156-01"
"48332-00156-01_BD","Nivea Eye Make Up Remover Double Effect 125ml","1","12","NON FOOD","BAD","PC","12.0000","CT","55952.8300","61690.0000","1201","NIVEA","","","","","48332-00156-01"
"48332-00156-02","NIVEA Eye Make Up Remov Double Effect 125ml","1","12","NON FOOD","GOOD","PC","12.0000","CT","55868.9000","61690.0000","1201","NIVEA","","","","","48332-00156-02"
"48332-00156-02_BD","NIVEA Eye Make Up Remov Double Effect 125ml","1","12","NON FOOD","BAD","PC","12.0000","CT","55952.8300","61690.0000","1201","NIVEA","","","","","48332-00156-02"
"48332-00157-00_BD","NSUN Face Triple Protect Hokkaido Rose 40ML","1","12","NON FOOD","BAD","PC","12.0000","CT","66483.1000","73300.0000","1201","NIVEA","","","","","48332-00157-00"
"48332-00158-00","NBO WHITENING  COOLING HIJAB SERUM 180ML","1","12","NON FOOD","GOOD","PC","24.0000","CT","25348.8500","27990.0000","1201","NIVEA","","","","","48332-00158-00"
"48332-00158-00_BD","NBO WHITENING  COOLING HIJAB SERUM 180ML","1","12","NON FOOD","BAD","PC","24.0000","CT","25386.9300","27990.0000","1201","NIVEA","","","","","48332-00158-00"
"48332-00159-00_BD","NMEN BRIGHT OIL CLEAR ANTI SHINE FACIAL FOAM 100ML","1","12","FOOD","BAD","PC","24.0000","CT","25169.2500","27750.0000","1201","NIVEA","","","","","48332-00159-00"
"48332-00160-00_BD","NMEN  BRIGHT OIL CLEAR ANTI SHINE FACIAL FOAM 50ML","1","12","NON FOOD","BAD","PC","36.0000","CT","18910.9500","20460.0000","1201","NIVEA","","","","","48332-00160-00"
"48332-00163-00_BD","NMEN Bright Oil Clear Pore Minimizing 100ml","1","12","NON FOOD","BAD","PC","24.0000","CT","26937.9000","29700.0000","1201","NIVEA","","","","","48332-00163-00"
"48332-00164-00","NSUN Extra Protect C&E SPF50 30ML","1","12","NON FOOD","GOOD","PC","12.0000","CT","47242.0000","52000.0000","1201","NIVEA","","","","","48332-00164-00"
"48332-00164-00_BD","NSUN Extra Protect C&E SPF50 30ML","1","12","NON FOOD","BAD","PC","12.0000","CT","47242.0000","52000.0000","1201","NIVEA","","","","","48332-00164-00"
"48332-00165-01","NBODY EXT BRIGHT C&E VIT 180ML","1","12","NON FOOD","GOOD","PC","24.0000","CT","30937.1500","34053.0000","1201","NIVEA","","","","","48332-00165-01"
"48332-00165-01_BD","NBODY EXT BRIGHT C&E VIT 180ML","1","12","NON FOOD","BAD","PC","24.0000","CT","30937.1500","34053.0000","1201","NIVEA","","","","","48332-00165-01"
"48332-00165-02","NBODY EXT BRIGHT C&E VIT 320ML","1","12","FOOD","GOOD","PC","12.0000","CT","54907.9600","60538.0000","1206","NIVEA SERUM","","","","","48332-00165-02"
"48332-00169-00_BD","NIVEA MicellAIR Pearl Bright 400ML","1","12","NON FOOD","BAD","PC","6.0000","CT","58610.3400","64620.0000","1201","NIVEA","","","","","48332-00169-00"
"48332-00169-02","NIVEA MICELLAR Pearl Bright 400ml","1","12","NON FOOD","GOOD","PC","6.0000","CT","68138.0000","75000.0000","1201","NIVEA","","","","","48332-00169-02"
"48332-00169-02_BD","NIVEA MICELLAR Pearl Bright 400ml","1","12","NON FOOD","BAD","PC","6.0000","CT","68138.0000","75000.0000","1201","NIVEA","","","","","48332-00169-02"
"48332-00170-00","NIVEA MICELLAR OIL ACNE CARE 400ML","1","12","NON FOOD","GOOD","PC","6.0000","CT","68138.0000","75000.0000","1201","NIVEA","","","","","48332-00170-00"
"48332-00170-00_BD","NIVEA MICELLAR OIL ACNE CARE 400ML","1","12","NON FOOD","BAD","PC","6.0000","CT","68138.0000","75000.0000","1201","NIVEA","","","","","48332-00170-00"
"48332-00173-00_BD","NF OXY BLACK MICELLAR WTR 125ML","1","12","FOOD","BAD","PC","30.0000","CT","30212.0400","33870.0000","1201","NIVEA","","","ABCDEFGHI","","48332-00173-00"
"48332-00176-03_BD","NSUN FC CRM RSY PNK SPF50 30ML","1","12","FOOD","BAD","PC","14.0000","CT","45876.0600","50580.0000","1201","NIVEA","","","ABCDEFGHI","","48332-00176-03"
"48332-00179-00_BD","NLC POP BALL GRAPE & MARACUJA 7G","1","12","FOOD","BAD","PC","12.0000","CT","50665.6000","56800.0000","1201","NIVEA","","","","","48332-00179-00"
"48332-00181-02_BD","NSUN PRTCT&PRFCT OIL CTRL GL CRM 30ML","1","12","FOOD","BAD","PC","14.0000","CT","45876.0600","50580.0000","1201","NIVEA","","","","","48332-00181-02"
"48332-00186-00_BD","NF ESLSPMP WSH OIL NRML 150ML","1","12","FOOD","BAD","PC","12.0000","CT","70236.9700","78741.0000","1201","NIVEA","","","ABCDEFGHI","","48332-00186-00"
"48332-00187-00_BD","NF ESLS PMP WSH_OIL_SNSTV 150ML","1","12","FOOD","BAD","PC","12.0000","CT","60656.0000","68000.0000","1201","NIVEA","","","","","48332-00187-00"
"48332-00190-00_BD","NDEO HIJAB SOFT 50ML","1","12","NON FOOD","BAD","PC","24.0000","CT","15922.2000","17850.0000","1201","NIVEA","","","","","48332-00190-00"
"48332-00194-02_BD","NMEN EXT Bright Spot Reduction Serum 15ml","1","12","NON FOOD","BAD","PC","24.0000","CT","25778.0000","28900.0000","1201","NIVEA","","","","","48332-00194-02"
"48332-00195-00_BD","NMEN EXT BRIGTH C&HYA 100ml","1","12","NON FOOD","BAD","PC","24.0000","CT","26036.5800","29189.0000","1201","NIVEA","","","","","48332-00195-00"
"48332-00303-00","NDEO RLL ON DRY COMFORT 50ML","1","12","NON FOOD","GOOD","PC","24.0000","CT","16807.0000","18500.0000","1201","NIVEA","","","","","48332-00303-00"
"48332-00304-00","NDEO ROLL ON DRY COMFORT 25ML","1","12","NON FOOD","GOOD","PC","30.0000","CT","10084.0000","11100.0000","1210","ROLL ON 25ML","","","","","48332-00304-00"
"48332-00304-00_BD","NDEO ROLL ON DRY COMFORT 25ML","1","12","NON FOOD","BAD","PC","30.0000","CT","9623.2700","10610.0000","1201","NIVEA","","","","","48332-00304-00"
"48332-00305-00","NDEO RLL ON HIJAB ACTIVE 50ML","1","12","NON FOOD","GOOD","PC","24.0000","CT","17579.0000","19350.0000","1204","ROLL ON 50ML","","","","","48332-00305-00"
"48332-00305-00_BD","NDEO RLL ON HIJAB ACTIVE 50ML","1","12","NON FOOD","BAD","PC","24.0000","CT","17579.0000","19350.0000","1204","ROLL ON 50ML","","","","","48332-00305-00"
"48332-00306-00","NDEO ROLL ON MEN FRESH ACTIVE 50ML","1","12","NON FOOD","GOOD","PC","24.0000","CT","15717.0000","17300.0000","1201","NIVEA","","","","","48332-00306-00"
"48332-00306-00_BD","NDEO ROLL ON MEN FRESH ACTIVE 50ML","1","12","NON FOOD","BAD","PC","24.0000","CT","15074.3400","16620.0000","1201","NIVEA","","","","","48332-00306-00"
"48332-00307-00_BD","NDEO ROLL ON MEN DRY IMPACT 50ML","1","12","NON FOOD","BAD","PC","1.0000","CT","15074.3400","16620.0000","1201","NIVEA","","","","","48332-00307-00"
"48332-82378-02","NMEN ACNE OC DEFENSE 100ML Twin Pack","1","12","NON FOOD","GOOD","PC","12.0000","CT","26897.4900","29700.0000","1201","NIVEA","","","","","48332-82378-02"
"48332-83922-00","NMEN CREME TIN 75ML","1","12","NON FOOD","GOOD","PC","48.0000","CT","45425.0000","50000.0000","1209","NIVEA CREME","","","","","48332-83922-00"
"48332-83922-00_BD","NMEN CREME TIN 75ML","1","12","NON FOOD","BAD","PC","48.0000","CT","45425.0000","50000.0000","1209","NIVEA CREME","","","","","48332-83922-00"
"48332-83922-01","NMEN CREME TIN 75ML Twin Pack","1","12","NON FOOD","GOOD","PC","24.0000","CT","40753.7800","45000.0000","1209","NIVEA CREME","","","","","48332-83922-01"
"48332-83922-01_BD","NMEN CREME TIN 75ML TEIN PACK","1","12","FOOD","BAD","PC","24.0000","CT","40753.7800","45000.0000","1209","NIVEA CREME","","","","","48332-83922-01"
"48332-83923-00","NMEN CREME TIN 30ML","1","12","NON FOOD","GOOD","PC","144.0000","CT","22713.0000","25000.0000","1209","NIVEA CREME","","","","","48332-83923-00"
"48332-83923-00_BD","NMEN CREME TIN 30ML","1","12","NON FOOD","BAD","PC","144.0000","CT","22713.0000","25000.0000","1201","NIVEA","","","","","48332-83923-00"
"48332-83923-01","NMEN CREME TIN 30ML Twin Pack","1","12","NON FOOD","GOOD","PC","72.0000","CT","20829.7100","23000.0000","1209","NIVEA CREME","","","","","48332-83923-01"
"48332-83923-01_BD","NMEN CREME TIN 30ML Twin Pack","1","12","FOOD","BAD","PC","72.0000","CT","20829.7100","23000.0000","1209","NIVEA CREME","","","","","48332-83923-01"
"48332-84910-02","NIVEA MICELLAR PRL BRIGHT 125ML Twin Pack","1","12","NON FOOD","GOOD","PC","15.0000","CT","23528.5100","25980.0000","1207","MICELLAR","","","","","48332-84910-02"
"48332-84911-01","NIVEA MICELLAR PEARL BRIGHT 200ML Twin Pack","1","12","NON FOOD","GOOD","PC","6.0000","CT","40817.1700","45070.0000","1207","MICELLAR","","","","","48332-84911-01"
"48332-85597-01","NSUN LOT PROT MOIST SPF30 75ML Twin Pack","1","12","NON FOOD","GOOD","PC","24.0000","CT","61192.2400","67568.0000","1208","NIVEA SUN","","","","","48332-85597-01"
"48332-85597-20","NSUN LOTION PROT MOIST SPF30 75ML","1","12","NON FOOD","GOOD","PC","48.0000","CT","61192.2400","67568.0000","1208","NIVEA SUN","","","","","48332-85597-20"
"48332-85673-23","NSUN LOTION PROT MOIST SPF50 75ML","1","12","NON FOOD","GOOD","PC","48.0000","CT","87504.7000","96622.0000","1208","NIVEA SUN","","","","","48332-85673-23"
"48332-85974-63","NDEO SPY INV BLCK&WHT RESH MALE 150ML","1","12","NON FOOD","GOOD","PC","24.0000","CT","39974.0000","44000.0000","1205","ROLL ON 150ML","","","","","48332-85974-63"
"48332-85974-63_BD","NDEO SPY INV BLCK&WHT RESH MALE 150ML","1","12","NON FOOD","BAD","PC","24.0000","CT","39974.0000","44000.0000","1205","ROLL ON 150ML","","","","","48332-85974-63"
"48332-86014-01","NSUN PROT WHITE INS SPF50 30ML Twin Pack","1","12","NON FOOD","GOOD","PC","7.0000","CT","45807.2500","50580.0000","1208","NIVEA SUN","","","","","48332-86014-01"
"48332-86018-20","NSUN PRROTECT&LIGHT FEEL SPF 50+LOTION 90ML","1","12","NON FOOD","GOOD","PC","35.0000","CT","78572.5300","86486.0000","1208","NIVEA SUN","","","","","48332-86018-20"
"48332-86060-01","NSUN PROT WHITE OC SPF50 30ML Twin Pack","1","12","NON FOOD","GOOD","PC","7.0000","CT","45807.2500","50580.0000","1208","NIVEA SUN","","","","","48332-86060-01"
"48332-86569-03","NMEN BRIGHT OC ANTI SHINE&PRF 100ML Twin Pack","1","12","NON FOOD","GOOD","PC","12.0000","CT","27096.7300","29920.0000","1203","NIVEA MEN","","","","","48332-86569-03"
"48332-86724-02","NIVEA SPARKLING BRIGHT 100ML Twin Pack","1","12","NON FOOD","GOOD","PC","12.0000","CT","22441.7500","24780.0000","1201","NIVEA","","","","","48332-86724-02"
"48332-88836-02","NMEN EXT BRIGHT DARK SPOT MIN 100ML Twin Pack","1","12","NON FOOD","GOOD","PC","12.0000","CT","26897.4900","29700.0000","1201","NIVEA","","","","","48332-88836-02"
"48332-88880-02","NMEN BRIGHT OC PORE MIN 100ML Twin Pack","1","12","NON FOOD","GOOD","PC","12.0000","CT","26897.4900","29700.0000","1201","NIVEA","","","","","48332-88880-02"
"48332-89193-00","NBODY SERUM MOIST 180ML","1","12","NON FOOD","GOOD","PC","24.0000","CT","26477.3200","29144.0000","1206","NIVEA SERUM","","","","","48332-89193-00"
"48332-89193-00_BD","NBODY SERUM MOIST 180ML","1","12","NON FOOD","BAD","PC","24.0000","CT","26477.3200","29144.0000","1206","NIVEA SERUM","","","","","48332-89193-00"
"48332-89270-02","NIVEA MICELLAR OIL ACNE 125ML Twin Pack","1","12","NON FOOD","GOOD","PC","15.0000","CT","23528.5100","25980.0000","1205","ROLL ON 150ML","","","","","48332-89270-02"
"48332-93645-02","NSUN DAILY PROT LOT 100ML Twin Pack","1","12","NON FOOD","GOOD","PC","24.0000","CT","29406.1100","32470.0000","1208","NIVEA SUN","","","","","48332-93645-02"
"48332-93757-00","NBO PROTECT BODY SERUM 320ML","1","12","NON FOOD","GOOD","PC","12.0000","CT","65477.4100","72072.0000","1206","NIVEA SERUM","","","","","48332-93757-00"
"48332-93767-00","NIVEA EXT BRIGHT 10 SUPER VITS&SKIN FOOD SRM 180ML","1","12","NON FOOD","GOOD","PC","24.0000","CT","31615.8900","34800.0000","1201","NIVEA","","","","","48332-93767-00"
"48332-93767-00_BD","NIVEA EXT BRIGHT 10 SUPER VITS&SKIN FOOD SRM 180ML","1","12","NON FOOD","BAD","PC","24.0000","CT","30076.1200","33160.0000","1201","NIVEA","","","","","48332-93767-00"
"48332-93771-00","NIVEA SERUM EB 10 SUPERVIT YOUTH  VIT C 180ML","1","12","NON FOOD","GOOD","PC","24.0000","CT","42245.2500","46500.0000","1201","NIVEA","","","","","48332-93771-00"
"48332-94908-02","NMEN EXT BRIGHT C&HYA VIT 100ML Twin Pack","1","12","NON FOOD","GOOD","PC","12.0000","CT","27096.7300","29920.0000","1206","NIVEA SERUM","","","","","48332-94908-02"
"48332-98936-00","NBO SERUM MIRACLE SWEET180G","1","12","NON FOOD","GOOD","PC","24.0000","CT","37248.5000","41000.0000","1206","NIVEA SERUM","","","","","48332-98936-00"
"48332-98938-00","NBO SERUM VELVET ROMANCE 180G","1","12","NON FOOD","GOOD","PC","24.0000","CT","37248.5000","41000.0000","1206","NIVEA SERUM","","","","","48332-98938-00"
"48333-00001-00_BD","HP FAB STR SWP 65X19 100 ID 2637","1","12","NON FOOD","BAD","PC","100.0000","CT","15610.0000","0.0000","1202","HANSAPLAST","","","ABCDEFGHI","","48333-00001-00"
"48333-00003-01_BD","HP KOYO HANGAT","1","12","NON FOOD","BAD","PC","200.0000","CT","2838.3400","3182.0000","1202","HANSAPLAST","","","ABCDEFGHI","","48333-00003-01"
"48333-00003-01_BN","HP KOYO HANGAT","1","12","NON FOOD","BONUS","PC","200.0000","CT","0.0000","0.0000","1202","HANSAPLAST","","","ABCDEFGHI","","48333-00003-01"
"48333-00004-01_BD","HP KOYO PANAS RA","1","12","NON FOOD","BAD","","1.0000","","2838.3400","3182.0000","1202","HANSAPLAST","","","ABCDEFGHI","","48333-00004-01"
"48333-00004-01_BN","HP KOYO PANAS RI","1","12","FOOD","BONUS","PC","200.0000","CT","0.0000","0.0000","1202","HANSAPLAST","","","ABCDEFGHI","","48333-00004-01"
"48333-00005-00_BD","HP BALSAM 10GR 288/CT","1","12","NON FOOD","BAD","PC","288.0000","CT","1865.1700","2091.0000","1202","HANSAPLAST","","","ABCDEFGHI","","48333-00005-00"
"48333-00006-00_BD","HP BALSAM 20GR 288/CT","1","12","NON FOOD","BAD","PC","288.0000","CT","3243.3100","3636.0000","1202","HANSAPLAST","","","ABCDEFGHI","","48333-00006-00"
"48333-00007-00_BD","HP ROLL FAB 1.25X450CM 3202 120/CT","1","12","NON FOOD","BAD","PC","120.0000","CT","5887.2000","6600.0000","1202","HANSAPLAST","","","ABCDEFGHI","","48333-00007-00"
"48333-00033-00_BD","HP AQUA PROTECT ENV ASS 6S","1","12","NON FOOD","BAD","PC","100.0000","CT","9505.1500","10656.0000","1202","HANSAPLAST","","","ABCDEFGHI","","48333-00033-00"
"48333-00033-01_BD","HP AQUA PROTECT ENV ASS 6S","1","12","NON FOOD","BAD","PC","100.0000","CT","9505.1500","10656.0000","1202","HANSAPLAST","","","ABCDEFGHI","","48333-00033-01"
"48333-00033-03_BD","HP AQUA PROTECT 6 LEMBAR","1","12","FOOD","BAD","PC","100.0000","CT","10148.4200","10656.0000","1202","HANSAPLAST","","","","","48333-00033-03"
"48333-00033-04","HP AQUA PROTECT 6 LEMBAR","1","12","FOOD","GOOD","PC","100.0000","CT","11384.0000","12531.0000","1202","HANSAPLAST","","","ABCDEFGHJI","","48333-00033-04"
"48333-00033-04_BD","HP AQUA PROTECT 6 LEMBAR","1","12","NON FOOD","BAD","PC","100.0000","CT","11384.0000","12531.0000","1202","HANSAPLAST","","","","","48333-00033-04"
"48333-00043-00_BD","HP FOOT PLASTER ENV 6'S","1","12","FOOD","BAD","PC","180.0000","CT","8370.5200","9384.0000","1202","HANSAPLAST","","","ABCDEFGHI","","48333-00043-00"
"48333-00043-01_BD","HP FOOT PLASTER ENV 6S","1","12","FOOD","BAD","PC","180.0000","CT","8370.5200","9384.0000","1202","HANSAPLAST","","","ABCDEFGHI","","48333-00043-01"
"48333-00043-02_BD","HP FOOT PLASTER ENV 6S","1","12","NON FOOD","BAD","PC","180.0000","CT","8370.5200","9384.0000","HP","HANSAPLAST","","","ABCDEFGHI","","48333-00043-02"
"48333-00043-04_BD","HP Foot Plaster 6s","1","12","NON FOOD","BAD","PC","180.0000","CT","8370.5200","9384.0000","1202","HANSAPLAST","","","","","48333-00043-04"
"48333-00044-00_BD","HP DISNEY FROZEN 7'S ASSORTED","1","12","FOOD","BAD","PC","180.0000","CT","7738.9900","8676.0000","1202","HANSAPLAST","","","ABCDEFGHI","","48333-00044-00"
"48333-00045-00_BD","HP STARWARS 7'S ASSORTED","1","12","FOOD","BAD","PC","180.0000","CT","6824.6900","7651.0000","1202","HANSAPLAST","","","ABCDEFGHI","","48333-00045-00"
"48333-00046-00_BD","HP KOYO HANGAT HANGER33","1","12","NON FOOD","BAD","PC","50.0000","CT","22704.9600","25454.0000","1202","HANSAPLAST","","","ABCDEFGHI","","48333-00046-00"
"48333-00046-00_BN","HP KOYO HANGAT HANGER","1","12","FOOD","BONUS","PC","50.0000","CT","0.0000","0.0000","1202","HANSAPLAST","","","ABCDEFGHI","","48333-00046-00"
"48333-00047-00_BN","HP KOYO PANAS HANGER","1","12","FOOD","BONUS","PC","50.0000","CT","0.0000","0.0000","1202","HANSAPLAST","","","ABCDEFGHI","","48333-00047-00"
"48333-00050-00_BD","HP SENSITIVE ROLL 10CMX5M","1","12","FOOD","BAD","PC","24.0000","CT","72981.6500","81818.0000","1202","HANSAPLAST","","","ABCDEFGHI","","48333-00050-00"
"48333-00060-02_BD","HP 2637 Speed","1","12","FOOD","BAD","PC","100.0000","CT","22704.9600","25454.0000","1202","HANSAPLAST","","","ABCDEFGHI","","48333-00060-02"
"48333-00060-03","HP 2637 FAB 100 PLUS 10","1","12","NON FOOD","GOOD","PC","100.0000","CT","25437.0000","27999.0000","1202","HANSAPLAST","","","","48333-00060-03","48333-00060-03"
"48333-00060-03_BD","HP 2637 FAB 100 PLUS 10","1","12","NON FOOD","BAD","PC","100.0000","CT","23086.7800","25454.0000","1202","HANSAPLAST","","","","","48333-00060-03"
"48333-00061-00_BD","HP KOYO PANAS 2S HANGER PLUS 2","1","12","NON FOOD","BAD","PC","50.0000","CT","22704.9700","25454.0000","1202","HANSAPLAST","","","ABCDEFGHI","","48333-00061-00"
"48333-00062-00_BD","HP KOYO HANGAT 2S HANGER PLUS 2","1","12","NON FOOD","BAD","PC","50.0000","CT","22704.9600","25454.0000","1202","HANSAPLAST","","","","","48333-00062-00"
"48333-00065-00_BD","HP JUNIOR FUN 10's","1","12","FOOD","BAD","PC","180.0000","CT","4909.5700","5504.0000","1202","HANSAPLAST","","","ABCDEFGHI","","48333-00065-00"
"48333-00065-01","HP KAIN ELASTIS JUNIOR FUN 10s","1","12","FOOD","GOOD","PC","180.0000","CT","5234.6000","5780.0000","1202","HANSAPLAST","","","ABCDEFGHJI","","48333-00065-01"
"48333-00065-01_BD","HP 2638 SPEED","1","12","NON FOOD","BAD","PC","50.0000","CT","5242.4600","5780.0000","1202","HANSAPLAST","","","","","48333-00065-01"
"48333-00066-01","HP KAIN ELASTIS 20'S ASS","1","12","FOOD","GOOD","PC","10.0000","CT","8638.8900","10016.0000","1202","HANSAPLAST","","","ABCDEFGHJI","","48333-00066-01"
"48333-00066-02","HP ELASTIC ASS ID 20S","1","12","NON FOOD","GOOD","PC","10.0000","CT","10010.0000","11018.0000","1202","HANSAPLAST","","","","48333-00066-02","48333-00066-02"
"48333-00066-02_BD","HP ELASTIC ASS ID 205","1","12","NON FOOD","BAD","PC","10.0000","CT","10010.0000","11018.0000","1202","HANSAPLAST","","","","48333-00066-02","48333-00066-02"
"48333-00067-00_BD","HP MARVEL AVENGERS 10'S ASS 180/CT","1","12","FOOD","BAD","PC","180.0000","CT","7738.9900","8263.0000","1202","HANSAPLAST","","","ABCDEFGHI","","48333-00067-00"
"48333-00067-01_BD","HP Disney Marvel Avengers 10's","1","12","FOOD","BAD","PC","180.0000","CT","7738.9900","8676.0000","1202","HANSAPLAST","","","","","48333-00067-01"
"48333-00067-02","HP MARVEL AVENGERS 10S ASSORTED","1","12","FOOD","GOOD","PC","180.0000","CT","9732.7600","10713.0000","1202","HANSAPLAST","","","ABCDEFGHJI","","48333-00067-02"
"48333-00067-02_BD","HP MARVEL AVENGERS 10S ASSORTED","1","12","FOOD","BAD","PC","180.0000","CT","9269.0000","10203.0000","1202","HANSAPLAST","","","","","48333-00067-02"
"48333-00067-03","HP DISNEY MARVEL 10 LEMBAR","1","12","NON FOOD","GOOD","PC","180.0000","CT","9732.7600","10713.0000","1202","HANSAPLAST","","","","","48333-00067-03"
"48333-00067-03_BD","HP DISNEY MARVEL 10 LEMBAR","1","12","NON FOOD","BAD","PC","180.0000","CT","9732.7600","10713.0000","1202","HANSAPLAST","","","","","48333-00067-03"
"48333-00068-00_BD","HP FINGER STRIP 6S","1","12","FOOD","BAD","PC","100.0000","CT","9010.9800","10102.0000","1202","HANSAPLAST","","","ABCDEFGHI","","48333-00068-00"
"48333-00068-01","HP FINGER STRIP 6'S","1","12","FOOD","GOOD","PC","100.0000","CT","10600.0000","11668.0000","1202","HANSAPLAST","","","ABCDEFGHJI","","48333-00068-01"
"48333-00068-01_BD","HP FINGER STRIP 6'S","1","12","FOOD","BAD","PC","100.0000","CT","10600.0000","11668.0000","1202","HANSAPLAST","","","","","48333-00068-01"
"48333-00069-01","HP TRANSPARANT 10 LEMBAR ASS","1","12","FOOD","GOOD","PC","180.0000","CT","8420.8800","9269.0000","1202","HANSAPLAST","","","ABCDEFGHI","","48333-00069-01"
"48333-00069-01_BD","HP TRANSPARANT 10 LEMBAR ASS","1","12","FOOD","BAD","PC","180.0000","CT","7655.0000","8426.0000","1202","HANSAPLAST","","","","","48333-00069-01"
"48333-00072-00_BD","HP Sensitive 6's ASSORTED","1","12","FOOD","BAD","PC","100.0000","CT","6369.7700","7141.0000","1202","HANSAPLAST","","","","","48333-00072-00"
"48333-00074-01","HP FAB FUN ANIMAL 10S OPN150","1","12","NON FOOD","GOOD","PC","180.0000","CT","5776.0000","6358.0000","1202","HANSAPLAST","","","","48333-00074-01","48333-00074-01"
"48333-00074-01_BD","HP FAB FUN ANIMAL 10S OPN150","1","12","NON FOOD","BAD","PC","180.0000","CT","5776.0000","6358.0000","1202","HANSAPLAST","","","","48333-00074-01","48333-00074-01"
"48333-00075-00","HP KAIN ELASTIS FUN 100 LEMBAR","1","12","NON FOOD","GOOD","PC","100.0000","CT","25437.0000","27999.0000","1202","HANSAPLAST","","","","","48333-00075-00"
"48333-00075-00_BD","HP KAIN ELASTIS FUN 100 LEMBAR","1","12","NON FOOD","BAD","PC","100.0000","CT","23086.7800","25454.0000","1202","HANSAPLAST","","","","","48333-00075-00"
"48333-00075-01","HP FAB FUN ANIMAL 100S OPN150","1","12","NON FOOD","GOOD","PC","50.0000","CT","25437.0000","27999.0000","1202","HANSAPLAST","","","","48333-00075-01","48333-00075-01"
"48333-00075-01_BD","HP FAB FUN ANIMAL 100S OPN150","1","12","NON FOOD","BAD","PC","50.0000","CT","25437.0000","27999.0000","1202","HANSAPLAST","","","","48333-00075-01","48333-00075-01"
"48342-09000-00_BD","HP FUN HASBRO MY LITTLE PONY","1","12","NON FOOD","BAD","PC","50.0000","CT","11145.5400","12495.0000","1202","HANSAPLAST","","","","48342-09000-00","48342-09000-00"
"48343-09000-00_BD","HP FUN HASBRO TRANSFORMERS","1","12","FOOD","BAD","PC","50.0000","CT","11145.5400","12495.0000","1202","HANSAPLAST","","","ABCDEFGHI","","48343-09000-00"
"48382-00004-29_BD","HP SALEP LUKA 3.5GR","1","12","FOOD","BAD","PC","80.0000","CT","12974.1400","14545.0000","1202","HANSAPLAST","","","","","48382-00004-29"
"48383-00003-25","HANSAPLAST SALEP LUKA 20G","1","12","FOOD","GOOD","PC","40.0000","CT","34069.0000","37500.0000","1201","NIVEA","","","EHJ","","48383-00003-25"
"48383-00003-25_BD","HP WOUND CARE HLG OIN 20G EN","1","12","FOOD","BAD","PC","40.0000","CT","30409.1700","34091.0000","1202","HANSAPLAST","","","ABCDEFGHI","","48383-00003-25"
"48383-00003-45","Hansaplast Salep Luka 20g","1","12","FOOD","GOOD","PC","40.0000","CT","34069.0000","37500.0000","1202","HANSAPLAST","","","ABCDEFGHI","","48383-00003-45"
"48383-00003-45_BD","Hansaplast Salep Luka 20g","1","12","FOOD","BAD","PC","40.0000","CT","30920.5400","34091.0000","1202","HANSAPLAST","","","ABCDEFGHI","","48383-00003-45"
"48383-00003-46","HANSAPLAST SALEP LUKA 20G","1","12","NON FOOD","GOOD","PC","40.0000","CT","34069.0000","37500.0000","1202","HANSAPLAST","","","","","48383-00003-46"
"48383-00003-46_BD","HASAPLAST SALEP LUKA 20G","1","12","FOOD","BAD","PC","40.0000","CT","34069.0000","37500.0000","1202","HANSAPLAST","","","","","48383-00003-46"
"48383-00003-49","HANSAPLAST SALEP LUKA 20G","1","12","NON FOOD","GOOD","PC","40.0000","CT","34069.0000","37500.0000","1201","NIVEA","","","","","48383-00003-25"
"48388-00002-29_BD","HP WOUND SPRAY ANTISEPTIK 50ML","1","12","FOOD","BAD","PC","40.0000","CT","19137.8600","21455.0000","1202","HANSAPLAST","","","ABCDEFGHI","","48388-00002-29"
"48388-00002-45_BD","HP Wound Spray Antiseptic","1","12","FOOD","BAD","PC","40.0000","CT","19137.8600","21455.0000","1202","HANSAPLAST","","","ABCDEFGHI","","48388-00002-45"
"48581-09002-00_BD","HP CARS ASS 55X19 10 STRIP","1","12","NON FOOD","BAD","PC","180.0000","CT","4617.5400","5091.0000","","","","","ABCDEFGHI","","48581-09002-00"
"48670-09000-01_BD","HP Mickey 10s","1","12","FOOD","BAD","PC","180.0000","CT","7738.9900","8676.0000","1202","HANSAPLAST","","","","","48670-09000-01"
"48670-09000-02","HP MICKEY 10S ASSORTED","1","12","FOOD","GOOD","PC","180.0000","CT","9732.7600","10713.0000","1202","HANSAPLAST","","","ABCDEFGHJI","","48670-09000-02"
"48670-09000-02_BD","HP MICKEY 10S ASSORTED","1","12","FOOD","BAD","PC","180.0000","CT","9269.0000","10203.0000","1202","HANSAPLAST","","","","","48670-09000-02"
"48670-09000-03","HP DISNEY MICKEY 10LEMBAR","1","12","NON FOOD","GOOD","PC","180.0000","CT","9732.7600","10713.0000","1202","HANSAPLAST","","","","","48670-09000-03"
"48670-09000-03_BD","HP DISNEY MICKEY 10LEMBAR","1","12","NON FOOD","BAD","PC","180.0000","CT","9732.7600","10713.0000","1202","HANSAPLAST","","","","","48670-09000-03"
"48670-09000-04","HP MICKEY 10S ASSORTED","1","12","FOOD","GOOD","PC","180.0000","CT","9732.7600","10713.0000","1202","HANSAPLAST","","","","","48670-09000-04"
"48670-09000-04_BD","HP MICKEY 10S ASSORTED","1","12","FOOD","BAD","PC","180.0000","CT","9732.7600","10713.0000","1202","HANSAPLAST","","","","","48670-09000-04"
"48670-099000-03_BD","HP DISNEY MICKEY 10LEMBAR","1","12","NON FOOD","BAD","PC","180.0000","CT","0.0000","0.0000","1202","HANSAPLAST","","","","","48670-09000-03"
"48671-09000-01_BD","HP Princess 10's","1","12","FOOD","BAD","PC","180.0000","CT","6824.6900","7651.0000","1202","HANSAPLAST","","","ABCDEFGHI","","48671-09000-01"
"48671-09000-02_BD","HP PRINCESS 10S ASSORTED","1","12","FOOD","BAD","PC","180.0000","CT","6824.6900","7651.0000","1202","HANSAPLAST","","","","","48671-09000-02"
"48714-00000-00_BD","HANSAPLAST TH LION KING 20PCS INT","1","12","NON FOOD","BAD","PC","10.0000","CT","18245.8600","20455.0000","1202","HANSAPLAST","","","DEHJ","48714-00000-00","48714-00000-00"
"48786-00000-46","HP Antiseptik Pembersih Luka 20ML","1","12","NON FOOD","GOOD","PC","20.0000","CT","11912.2500","13112.0000","1202","HANSAPLAST","","","","48786-00000-46","48786-00000-46"
"48786-00000-46_BD","HP Antiseptik Pembersih Luka 20ML","1","12","NON FOOD","BAD","PC","20.0000","CT","10829.0000","11920.0000","1202","HANSAPLAST","","","","48786-00000-46","48786-00000-46"
"48794-00992-00","HP SOFT COMPRESS STERIL 7.5X7.5CM 10PCS","1","12","FOOD","GOOD","PC","10.0000","CT","16369.3500","18018.0000","1202","HANSAPLAST","","","","","48794-00992-00"
"48830-00000-46","HP ANTISEPTIK PEMBERSIH LUKA SPRAY 40ML","1","12","NON FOOD","GOOD","PC","10.0000","CT","22415.0000","24673.0000","1202","HANSAPLAST","","","","","48830-00000-46"
"48830-00000-46_BD","HP ANTISEPTIK PEMBERSIH LUKA SPRAY 40ML","1","12","NON FOOD","BAD","PC","10.0000","CT","22415.0000","24673.0000","1201","NIVEA","","","","","48830-00000-46"
"48835-00026-46","HP AQUA PROTECT KIDS 20S","1","12","NON FOOD","GOOD","PC","10.0000","CT","25864.0800","28469.0000","1202","HANSAPLAST","","","","","48835-00026-46"
"500405","NANO TAPE Roll 3CM X 1M","1","M1","NON FOOD","GOOD","PC","96.0000","CT","15545.0000","18164.0000","71","ALLIGATOR","","","","","500405"
"50082_BD","V EDT 100ML ROUND GLASS","1","M1","FOOD","BAD","PC","12.0000","CT","23863.5000","31818.0000","8993","PT. EASTON KALERIS INDONESIA","","","ABCDEFGHI","","50082"
"505100","Stapler Pin No.10 Mini Box Alligator","1","M1","NON FOOD","GOOD","PC","1000.0000","CT","1175.0000","1372.0000","71","ALLIGATOR","","","","","505100"
"506019","ALLIGATOR BINDER CLIP NO.107(19mm)","1","M1","NON FOOD","GOOD","BX","300.0000","CT","2267.0000","2649.0000","71","ALLIGATOR","","","","","506019"
"506019_BD","ALLIGATOR BINDER CLIP NO.107(19mm)","1","M1","NON FOOD","BAD","BX","300.0000","CT","2267.0000","2649.0000","71","ALLIGATOR","","","","","506019"
"506025","ALLIGATOR Binder Clip No.111 (25mm)","1","M1","NON FOOD","GOOD","BX","240.0000","CT","4081.0000","4768.0000","71","ALLIGATOR","","","","","506025"
"506025_BD","ALLIGATOR Binder Clip No.111 (25mm)","1","M1","FOOD","BAD","BX","240.0000","CT","4081.0000","4768.0000","71","ALLIGATOR","","","","","506025"
"506032","ALLIGATOR Binder Clip No.155 (32mm)","1","M1","NON FOOD","GOOD","BX","120.0000","CT","6024.0000","7038.0000","71","ALLIGATOR","","","","","506032"
"520512","Alligator Oil Pastel Eco 12s","1","M1","NON FOOD","GOOD","PC","96.0000","CT","8376.5800","9414.4100","71","ALLIGATOR","","","","","520512"
"520512_BD","Alligator Oil Pastel Eco 12s","1","M1","NON FOOD","BAD","PC","96.0000","CT","8376.5800","9414.1100","71","ALLIGATOR","","","","","520512"
"520524","Alligator Oil Pastel Eco 24s","1","M1","NON FOOD","GOOD","PC","48.0000","CT","20560.3600","23108.1100","71","ALLIGATOR","","","","","520524"
"54709912","Ballpen Tripen 0.7mm Mix Barrel Black Ink Box 12","1","M1","NON FOOD","GOOD","BX","144.0000","CT","19956.0000","25296.0000","71","ALLIGATOR","FBC","FABER CASTELL","","","54709912"
"54709912_BD","Ballpen Tripen 0.7mm Mix Barrel Black Ink Box 12","1","M1","FOOD","BAD","BX","144.0000","CT","19956.0000","25296.0000","71","ALLIGATOR","FBC","FABER CASTELL","","","54709912"
"54809912","Ballpen Tripen Black Ink Box Khusus","1","M1","NON FOOD","GOOD","PK","144.0000","CT","19957.0000","25297.0000","71","ALLIGATOR","FBC","FABER CASTELL","","","54809912"
"573800","ALLIGATOR CUTTER AL-77 Yellow","1","M1","NON FOOD","GOOD","PC","240.0000","CT","6175.0000","7215.0000","71","ALLIGATOR","","","","","573800"
"573801","ALLIGATOR CUTTER AL-77 Red","1","M1","NON FOOD","GOOD","PC","240.0000","CT","6175.0000","7215.0000","71","ALLIGATOR","","","","","573801"
"573802","ALLIGATOR CUTTER TL-77 Yellow","1","M1","NON FOOD","GOOD","PC","144.0000","CT","8140.0000","9511.0000","71","ALLIGATOR","","","","","573802"
"573803","ALLIGATOR CUTTER TL-77 Red","1","M1","NON FOOD","GOOD","PC","144.0000","CT","8140.0000","9511.0000","71","ALLIGATOR","","","","","573803"
"573803_BD","ALLIGATOR CUTTER TL-77 Red","1","M1","NON FOOD","BAD","PC","144.0000","CT","8140.0000","9511.0000","71","ALLIGATOR","","","","","573803"
"573807","ALLIGATOR Small Cutter AL-7S Yellow","1","M1","NON FOOD","GOOD","PC","288.0000","CT","4210.0000","4919.0000","71","ALLIGATOR","","","","","573807"
"573821","ALLIGATOR Small Cutter AL-7S Red","1","M1","NON FOOD","GOOD","PC","288.0000","CT","4210.0000","4919.0000","71","ALLIGATOR","","","","","573821"
"573822","Alligator Small Alum Gold Black Cutter 99","1","M1","NON FOOD","GOOD","PC","288.0000","CT","13315.0000","15338.7400","71","ALLIGATOR","","","","","573822"
"573822_BD","Alligator Small Alum Gold Black Cutter 99","1","M1","NON FOOD","BAD","PC","288.0000","CT","13315.0000","15338.7400","71","ALLIGATOR","","","","","573822"
"573877","ALLIGATOR Reffil Cutter 5pc","1","M1","NON FOOD","GOOD","PC","400.0000","CT","3087.0000","3608.0000","71","ALLIGATOR","","","","","573877"
"573878","ALLIGATOR Reffil Cutter AL 7S 5pcs","1","M1","NON FOOD","GOOD","PC","400.0000","CT","1853.0000","2165.0000","71","ALLIGATOR","","","","","573878"
"573879","Alligator Big Refill Cutter Black 77s","1","M1","NON FOOD","GOOD","PC","384.0000","CT","6827.0300","7788.2900","71","ALLIGATOR","","","","","573879"
"573880","Alligator Small Refill Cutter Black 77s","1","M1","NON FOOD","GOOD","PC","384.0000","CT","4586.0000","5232.4300","71","ALLIGATOR","","","","","573880"
"573898","Alligator Black Cutter 77 BIG","1","M1","NON FOOD","GOOD","PC","144.0000","CT","14795.0000","18386.0000","71","ALLIGATOR","","","","","573898"
"573898_BD","Alligator Black Cutter 77 BIG","1","M1","NON FOOD","BAD","PC","144.0000","CT","14795.0000","18386.0000","71","ALLIGATOR","","","","","573898"
"573899","Alligator Black Cutter 77s Small","1","M1","NON FOOD","GOOD","PC","288.0000","CT","7397.0000","8282.0000","71","ALLIGATOR","","","","","573899"
"573900","ALLIGATOR OPP TAPE CLEAR 77y","1","M1","NON FOOD","GOOD","PC","72.0000","CT","9205.0000","10795.0000","71","ALLIGATOR","","","","","573900"
"573903","Alligator OPP Tape Clear Color 90y","1","M1","NON FOOD","GOOD","PC","72.0000","CT","8321.6800","10090.0900","71","ALLIGATOR","","","","","573903"
"573912","Alligator Double Tape 12mmx12y Shrinking 1byl","1","M1","NON FOOD","GOOD","PC","234.0000","CT","2622.5500","3178.3800","71","ALLIGATOR","","","","","573912"
"573913","ALLIGATOR STATIONERY TAPE cl 12mmx72y","1","M1","NON FOOD","GOOD","PC","288.0000","CT","3026.8800","3529.7300","71","ALLIGATOR","","","","","573913"
"573921","Alligator Waterproof Tape 50mmx1m","1","M1","NON FOOD","GOOD","PC","48.0000","CT","7919.8200","8866.6700","71","ALLIGATOR","","","","","573921"
"573922","Alliagator Waterproof Tape 50mmX2M","1","M1","NON FOOD","GOOD","PC","48.0000","CT","11879.2800","13299.1000","71","ALLIGATOR","","","","","573922"
"573924","Alligator Double Tape 24mmx12y Shrinking 1byl","1","M1","NON FOOD","GOOD","PC","117.0000","CT","5232.4300","6486.4900","71","ALLIGATOR","","","","","573924"
"573924_BD","Alligator Double Tape 24mmx12y Shrinking 1byl","1","M1","NON FOOD","BAD","PC","117.0000","CT","3424.0000","5178.0000","71","ALLIGATOR","","","","","573924"
"573925","ALLIGATOR STATIONERY TAPE cl 24mmx72y","1","M1","NON FOOD","GOOD","PC","144.0000","CT","5297.4400","6176.5800","71","ALLIGATOR","","","","","573925"
"573950","ALLIGATOR ELECTRICAL TAPE BLACK","1","M1","NON FOOD","GOOD","PC","200.0000","CT","9751.3500","11603.6000","71","ALLIGATOR","","","","","573950"
"573961","Alligator Masking Tape White 24mmX20y","1","M1","NON FOOD","GOOD","PC","144.0000","CT","4822.5500","5978.3800","71","ALLIGATOR","","","","","573961"
"573976","ALLIGATOR OPP TAPE BROWN 77y","1","M1","NON FOOD","GOOD","PC","72.0000","CT","9205.0000","10795.0000","71","ALLIGATOR","","","","","573976"
"573976_BN","ALLIGATOR OPP TAPE BROWN","1","M1","NON FOOD","BONUS","PC","72.0000","CT","0.0000","0.0000","71","ALLIGATOR","","","","","573976"
"573978","Alligator OPP Tape Brown Color 90y","1","M1","NON FOOD","GOOD","PC","72.0000","CT","8321.6800","10090.0900","71","ALLIGATOR","","","","","573978"
"573980","Alligator Masking Tape White 48mmx20y","1","M1","NON FOOD","GOOD","PC","72.0000","CT","9645.1100","11956.7600","71","ALLIGATOR","","","","","573980"
"573981","ALLIGATOR FRAGILE TAPE RED 48MMX50M","1","M1","NON FOOD","GOOD","PC","72.0000","CT","10702.7000","12837.8400","71","ALLIGATOR","","","","","573981"
"573982","ALLIGATOR FRAGILE TAPE WHITE 48MMX50M","1","M1","NON FOOD","GOOD","PC","72.0000","CT","10702.7000","12837.8400","71","ALLIGATOR","","","","","573982"
"573995","ALLIGATOR CLOTH TAPE 46MM RED","1","M1","FOOD","GOOD","PC","72.0000","CT","14825.2200","17612.6100","71","ALLIGATOR","","","","","573995"
"573996","ALLIGATOR CLOTH TAPE 46MM BLUE","1","M1","FOOD","GOOD","PC","72.0000","CT","14825.2200","17612.6100","71","ALLIGATOR","","","","","573996"
"573997","ALLIGATOR CLOTH TAPE 46MM SILVER","1","M1","FOOD","GOOD","PC","72.0000","CT","14825.2200","17612.6100","71","ALLIGATOR","","","","","573997"
"573998","ALLIGATOR CLOTH TAPE BLACK 36mm","1","M1","NON FOOD","GOOD","PC","96.0000","CT","11354.6400","12903.0000","71","ALLIGATOR","","","","","573998"
"573999","ALLIGATOR CLOTH TAPE BLACK 46MM","1","M1","NON FOOD","GOOD","PC","72.0000","CT","14825.2200","17612.6100","71","ALLIGATOR","","","","","573999"
"589300","Alligator Sharpener Eco 237","1","M1","NON FOOD","GOOD","PC","4800.0000","CT","518.7500","599.1000","71","ALLIGATOR","","","","","589300"
"589308","Alligator Correction Fluid AL-08","1","M1","NON FOOD","GOOD","PC","576.0000","CT","2029.0000","2583.7800","71","ALLIGATOR","","","","","589308"
"589310","ALLIGATOR SOFT ERASER A40","1","M1","NON FOOD","GOOD","BX","30.0000","CT","21333.2000","23960.0000","71","ALLIGATOR","","","","","589310"
"589521","ALLIGATOR Big Scissors Red","1","M1","NON FOOD","GOOD","PC","144.0000","CT","8308.0000","9707.0000","71","ALLIGATOR","","","","","589521"
"589551","ALLIGATOR Big Scissors Blue","1","M1","NON FOOD","GOOD","PC","144.0000","CT","8308.0000","9707.0000","71","ALLIGATOR","","","","","589551"
"589567","Alligator Teflon Scissor MD 67","1","M1","NON FOOD","GOOD","PC","144.0000","CT","17336.0400","20930.6300","71","ALLIGATOR","","","","","589567"
"589567_BD","Alligator Teflon Scissor MD 67","1","M1","NON FOOD","BAD","PC","144.0000","CT","17336.0400","20930.6300","71","ALLIGATOR","","","","","589567"
"589587","Alligator Teflon Scissor BG 87","1","M1","NON FOOD","GOOD","PC","144.0000","CT","20225.2300","24418.9200","71","ALLIGATOR","","","","","589587"
"589597","Alligator Teflon Scissor EF 97","1","M1","NON FOOD","GOOD","PC","144.0000","CT","19502.7000","23546.8500","71","ALLIGATOR","","","","","589597"
"589597_BD","Alligator Teflon Scissor EF 97","1","M1","NON FOOD","BAD","PC","144.0000","CT","19502.7000","23546.8500","71","ALLIGATOR","","","","","589597"
"589599","ALLIGATOR Big Scissors Black","1","M1","NON FOOD","GOOD","PC","144.0000","CT","8308.0000","9707.0000","71","ALLIGATOR","","","","","589599"
"589621","ALLIGATOR Small Scissors Red","1","M1","NON FOOD","GOOD","PC","240.0000","CT","5752.0000","6721.0000","71","ALLIGATOR","","","","","589621"
"589651","ALLIGATOR Small Scissors Blue","1","M1","NON FOOD","GOOD","PC","240.0000","CT","5752.0000","6721.0000","71","ALLIGATOR","","","","","589651"
"589697","ALLIGATOR EXTRA SMALL SCISSORS BLACK GRIP","1","M1","NON FOOD","GOOD","PC","288.0000","CT","3045.9000","3531.5300","71","ALLIGATOR","","","","","589697"
"589698","ALLIGATOR EXTRA SMALL SCISSORS BLUE GRIP","1","M1","NON FOOD","GOOD","PC","288.0000","CT","3045.9000","3531.5300","71","ALLIGATOR","","","","","589698"
"589699","ALLIGATOR Small Scissors Black","1","M1","NON FOOD","GOOD","PC","240.0000","CT","5752.0000","6721.0000","71","ALLIGATOR","","","","","589699"
"604509_B","OREO 24X68.5G SEA","1","28","FOOD","BAD","PC","24.0000","CT","1863.0000","2036.0000","2804","OREO/RITZ","2804","OREO/RITZ","A","","604509"
"609278_B","GOLDEN OREO 29.4","1","28","FOOD","BAD","PC","72.0000","CT","707.0000","773.0000","2804","OREO/RITZ","2804","OREO/RITZ","A","","609278"
"629180_B","TUC CRACKER SEAWEED SHOW BOC 12X12X21G","1","28","FOOD","BAD","PC","144.0000","CT","716.0000","782.0000","2804","OREO/RITZ","2804","OREO/RITZ","A","","629180"
"634785_B","BISKUAT ENERGI 6X10X73.5GR","1","28","FOOD","BAD","PC","60.0000","CT","1373.0000","1500.0000","2802","BISKUAT","2802","BISKUAT","A","","634785"
"634799_B","BISKUAT ENERGI COKLAT 6X10X67.2GR","1","28","FOOD","BAD","PC","60.0000","CT","1373.0000","1500.0000","2802","BISKUAT","2802","BISKUAT","A","","634799"
"639456_B","BISKUAT COCOPANDAN 12X20X14GR","1","28","FOOD","BAD","PC","240.0000","CT","358.0000","391.0000","2802","BISKUAT","2802","BISKUAT","A","","639456"
"6401001","BIUTILY 12X24pc","1","MFT","FOOD","GOOD","PC","288.0000","CT","577.1300","641.2600","64","PT.PUSAN MANIS MULIA","","","ABCFGH","HCBB","6401001"
"6401001_BD","BIUTILY 12X24pc","1","MFT","FOOD","BAD","PC","288.0000","CT","385.1300","427.9200","64","PT.PUSAN MANIS MULIA","","","ABCDEFGHI","","6401001"
"6401001_BN","BIUTILY 12X24pc","1","MFT","FOOD","BONUS","PC","288.0000","CT","0.0000","0.0000","64","PT.PUSAN MANIS MULIA","","","ABCDEFGH","","6401001"
"6401002","BATIK STRAWBERY 6X60","1","MFT","FOOD","GOOD","PC","6.0000","CT","25135.1300","27927.9200","64","PT.PUSAN MANIS MULIA","","","ABCDEFGHJI","BIFBA","6401002"
"6401002_BD","BATIK STRAWBERY 6X60","1","MFT","FOOD","BAD","PC","6.0000","CT","19459.4400","21621.6200","64","PT.PUSAN MANIS MULIA","","","","","6401002"
"6401002_BN","BATIK STRAWBERY 6X60","1","MFT","FOOD","BONUS","PC","6.0000","CT","0.0000","0.0000","64","PT.PUSAN MANIS MULIA","","","","","6401002"
"6401003_BD","CRISPY BOLA 6X40","1","MFT","FOOD","BAD","JR","1.0000","CT","24545.4500","27272.7300","64","PT.PUSAN MANIS MULIA","","","ABCDEFGHI","","6401003"
"6401003_BN","CRISPY BOLA 6X40","1","MFT","FOOD","BONUS","JR","6.0000","CT","0.0000","0.0000","64","PT.PUSAN MANIS MULIA","","","ABCDEFGH","","6401003"
"6401004","DOLLAR CHOCO 6X200","1","MFT","FOOD","GOOD","JR","6.0000","CT","55135.1300","61261.2600","64","PT.PUSAN MANIS MULIA","","","ABCFGH","CD22C31","6401004"
"6401004_BD","DOLLAR CHOCO 6X200","1","MFT","FOOD","BAD","PC","6.0000","CT","44594.5900","49549.5400","64","PT.PUSAN MANIS MULIA","","","ABCDEFGHI","","6401004"
"6401004_BN","DOLLAR CHOCO 6X200","1","MFT","FOOD","BONUS","JR","6.0000","CT","0.0000","0.0000","64","PT.PUSAN MANIS MULIA","","","ABCDEFGH","","6401004"
"6401005","FRUITIMON 12X40","1","MFT","FOOD","GOOD","PC","480.0000","CT","608.1000","675.6700","64","PT.PUSAN MANIS MULIA","","","ABCFGH","","6401005"
"6401005_BD","FRUITIMON 12X40","1","MFT","FOOD","BAD","PC","480.0000","CT","486.4800","540.5400","64","PT.PUSAN MANIS MULIA","","","ABCDEFGHI","","6401005"
"6401005_BN","FRUITIMON 12X40","1","MFT","FOOD","BONUS","PC","480.0000","CT","0.0000","0.0000","64","PT.PUSAN MANIS MULIA","","","ABCDEFGH","","6401005"
"6401006","HOP HOP CANDY 6X60","1","MFT","FOOD","GOOD","BG","6.0000","CT","31621.6200","35135.1300","64","PT.PUSAN MANIS MULIA","","","ABCFGH","BBCBB","6401006"
"6401006_BD","HOP HOP CANDY 6X60","1","MFT","FOOD","BAD","BG","6.0000","CT","20675.6700","22972.9700","64","PT.PUSAN MANIS MULIA","","","ABCDEFGHI","","6401006"
"6401006_BN","HOP HOP CANDY 6X60","1","MFT","FOOD","BONUS","BG","6.0000","CT","0.0000","0.0000","64","PT.PUSAN MANIS MULIA","","","ABCDEFGH","","6401006"
"6401015_BD","PUSAN BG TATO TOPLES 6X200","1","MFT","FOOD","BAD","TP","6.0000","CT","23863.0000","26515.1500","64","PT.PUSAN MANIS MULIA","","","ABCDEFGHI","","6401015"
"6401015_BN","PUSAN BG TATO TOPLES 6X200","1","MFT","FOOD","BONUS","TP","6.0000","CT","0.0000","0.0000","64","PT.PUSAN MANIS MULIA","","","ABCDEFGH","","6401015"
"6401019","TRIO CANDY 12X45","1","MFT","FOOD","GOOD","TP","12.0000","CT","20045.0400","22522.5200","64","PT.PUSAN MANIS MULIA","","","ABCFGH","AGABBA","6401019"
"6401019_BD","TRIO CANDY 12X45","1","MFT","FOOD","BAD","TP","12.0000","CT","14594.5900","16216.2100","64","PT.PUSAN MANIS MULIA","","","ABCDEFGHI","","6401019"
"6401019_BN","TRIO CANDY 12X45","1","MFT","FOOD","BONUS","TP","12.0000","CT","0.0000","0.0000","64","PT.PUSAN MANIS MULIA","","","ABCDEFGHI","","6401019"
"6401022","NINJA UMBRELLA CRISPY 12X50","1","MFT","FOOD","GOOD","JR","12.0000","CT","18581.1000","20645.6700","64","PT.PUSAN MANIS MULIA","","","ABCFGH","NC22D04","6401022"
"6401022_BD","NINJA UMBRELLA CRISPY 12X50","1","MFT","FOOD","BAD","JR","12.0000","CT","16772.7300","18468.4600","64","PT.PUSAN MANIS MULIA","","","ABCDEFGHI","","6401022"
"6401022_BN","NINJA UMBRELLA CRISPY 12X50","1","MFT","FOOD","BONUS","JR","12.0000","CT","0.0000","0.0000","64","PT.PUSAN MANIS MULIA","","","ABCDEFGH","","6401022"
"6401023_BD","POP CHOCO CAR MOGE 6JARX40PC","1","MFT","FOOD","BAD","PC","240.0000","CT","639.2400","703.6000","64","PT.PUSAN MANIS MULIA","","","ABCDEFGHI","","6401023"
"6401023_BN","POP CHOCO CAR MOGE 6JARX40PC","1","MFT","FOOD","BONUS","PC","240.0000","CT","0.0000","0.0000","64","PT.PUSAN MANIS MULIA","","","ABCDEFGH","","6401023"
"6401024_BD","RAINBOW LOLYPOP 6JARX40PC","1","MFT","FOOD","BAD","PC","240.0000","CT","613.6400","675.6700","64","PT.PUSAN MANIS MULIA","","","ABCDEFGHI","","6401024"
"6401024_BN","RAINBOW LOLYPOP 6JARX40PC","1","MFT","FOOD","BONUS","PC","240.0000","CT","0.0000","0.0000","64","PT.PUSAN MANIS MULIA","","","ABCDEFGH","","6401024"
"6401025","KATE EYE 20X40PC","1","MFT","FOOD","GOOD","PC","800.0000","CT","425.6700","472.9700","64","PT.PUSAN MANIS MULIA","","","ABCFGH","DDBB","6401025"
"6401025_BD","KATE EYE 20X40PC","1","MFT","FOOD","BAD","PC","800.0000","CT","357.9500","394.5900","64","PT.PUSAN MANIS MULIA","","","ABCDEFGHI","","6401025"
"6401025_BN","KATE EYE 20X40PC","1","MFT","FOOD","BONUS","PC","800.0000","CT","0.0000","0.0000","64","PT.PUSAN MANIS MULIA","","","ABCDEFGH","","6401025"
"6401026","MARSHMALLOW ASS 20X20","1","MFT","FOOD","GOOD","PC","400.0000","CT","327.2700","363.6400","64","PT.PUSAN MANIS MULIA","","","ABCFGH","CABB","6401026"
"6401026_BD","MARSHMALLOW ASS 20X20","1","MFT","FOOD","BAD","PC","400.0000","CT","327.2700","363.6400","64","PT.PUSAN MANIS MULIA","","","ABCDEFGHI","","6401026"
"6401026_BN","MARSHMALLOW ASS 20X20","1","MFT","FOOD","BONUS","PC","400.0000","CT","0.0000","0.0000","64","PT.PUSAN MANIS MULIA","","","ABCDEFGH","","6401026"
"6401027","MIMI CHOCO JAM 6X40","1","MFT","FOOD","GOOD","PC","240.0000","CT","851.3500","945.9400","64","PT.PUSAN MANIS MULIA","","","ABCFGH","MJ21K18","6401027"
"6401027_BD","MIMI CHOCO JAM 6X40","1","MFT","FOOD","BAD","PC","240.0000","CT","668.9100","743.2400","64","PT.PUSAN MANIS MULIA","","","ABCDEFGHI","","6401027"
"6401027_BN","MIMI CHOCO JAM 6X40","1","MFT","FOOD","BONUS","PC","240.0000","CT","0.0000","0.0000","64","PT.PUSAN MANIS MULIA","","","ABCDEFGH","","6401027"
"6401028","SWIT CANDY 12X20","1","MFT","FOOD","GOOD","PC","240.0000","CT","334.0900","371.2100","64","PT.PUSAN MANIS MULIA","","","ABCFGH","AHCBB","6401028"
"6401028_BD","SWIT CANDY 12X20","1","MFT","FOOD","BAD","PC","240.0000","CT","334.0900","371.2100","64","PT.PUSAN MANIS MULIA","","","ABCFGH","","6401028"
"6401028_BN","SWIT CANDY 12X20","1","MFT","FOOD","BONUS","PC","240.0000","CT","0.0000","0.0000","64","PT.PUSAN MANIS MULIA","","","ABCDEFGH","","6401028"
"6401029_BD","LCD TOPLES 6X40","1","MFT","FOOD","BAD","PC","240.0000","CT","477.2700","530.3000","64","PT.PUSAN MANIS MULIA","","","ABCDEFGHI","","6401029"
"6401029_BN","LCD TOPLES 6X40","1","MFT","FOOD","BONUS","PC","240.0000","CT","0.0000","0.0000","64","PT.PUSAN MANIS MULIA","","","ABCDEFGH","","6401029"
"6401030","SWISS ROLL BOLU COKLAT BAG 8X20","1","MFT","FOOD","GOOD","PC","160.0000","CT","729.7200","810.8100","64","PT.PUSAN MANIS MULIA","","","ABCFGH","RC30CBB","6401030"
"6401030_BD","SWISS ROLL BOLU COKLAT BAG 8X20","1","MFT","FOOD","BAD","PC","160.0000","CT","709.4500","788.2800","64","PT.PUSAN MANIS MULIA","","","ABCDEFGHI","","6401030"
"6401030_BN","SWISS ROLL BOLU COKLAT BAG 8X20","1","MFT","FOOD","BONUS","PC","160.0000","CT","0.0000","0.0000","64","PT.PUSAN MANIS MULIA","","","ABCDEFGH","","6401030"
"6401031_BD","SWISS ROLL BOLU STRAWBERRY BAG 8X20","1","MFT","FOOD","BAD","PC","160.0000","CT","709.4500","788.2800","64","PT.PUSAN MANIS MULIA","","","ABCDEFGHI","","6401031"
"6401031_BN","SWISS ROLL BOLU STRAWBERRY BAG 8X20","1","MFT","FOOD","BONUS","PC","160.0000","CT","0.0000","0.0000","64","PT.PUSAN MANIS MULIA","","","ABCDEFGH","","6401031"
"6401032_BD","SWISS ROLL BOLU PANDAN BAG 8X20","1","MFT","FOOD","BAD","PC","160.0000","CT","709.4500","788.2800","64","PT.PUSAN MANIS MULIA","","","ABCDEFGHI","","6401032"
"6401032_BN","SWISS ROLL BOLU PANDAN BAG 8X20","1","MFT","FOOD","BONUS","PC","160.0000","CT","0.0000","0.0000","64","PT.PUSAN MANIS MULIA","","","ABCDEFGH","","6401032"
"6401033_BD","ICE MARSHMALLOW ASSORTED 20X20","1","MFT","FOOD","BAD","PC","400.0000","CT","327.2700","360.3600","64","PT.PUSAN MANIS MULIA","","","ABCDEFGHI","","6401033"
"6401033_BN","ICE MARSHMALLOW ASSORTED 20X20","1","MFT","FOOD","BONUS","PC","400.0000","CT","0.0000","0.0000","64","PT.PUSAN MANIS MULIA","","","ABCDEFGH","","6401033"
"6401034_BD","PUSAN COOKIES VANILA 8X20","1","MFT","FOOD","BAD","PC","160.0000","CT","613.6400","681.8200","64","PT.PUSAN MANIS MULIA","","","ABCDEFGHI","","6401034"
"6401034_BN","PUSAN COOKIES VANILA 8X20","1","MFT","FOOD","BONUS","PC","160.0000","CT","0.0000","0.0000","64","PT.PUSAN MANIS MULIA","","","ABCDEFGH","","6401034"
"6401035","JESS LOLI 6X30 30PC/PACK","1","MFT","FOOD","GOOD","PC","180.0000","CT","445.9400","495.4900","64","PT.PUSAN MANIS MULIA","","","ABCFGH","","6401035"
"6401035_BD","JESS LOLI 6X30 30PC/PACK","1","MFT","FOOD","BAD","PC","180.0000","CT","318.1900","353.5500","64","PT.PUSAN MANIS MULIA","","","ABCDEFGHI","","6401035"
"6401035_BN","JESS LOLI 6X30 30PC/PACK","1","MFT","FOOD","BONUS","PC","180.0000","CT","0.0000","0.0000","64","PT.PUSAN MANIS MULIA","","","ABCDEFGHI","","6401035"
"6401036","MINI SWIT TOPLES 6X500GR","1","MFT","FOOD","GOOD","PC","6.0000","CT","22297.3200","24774.8000","64","PT.PUSAN MANIS MULIA","","","ABCFGH","DBBB","6401036"
"6401036_BD","MINI SWIT TOPLES 6X500GR","1","MFT","FOOD","BAD","PC","6.0000","CT","19090.9100","21212.1200","64","PT.PUSAN MANIS MULIA","","","ABCDEFGHI","","6401036"
"6401036_BN","MINI SWIT TOPLES 6X500GR","1","MFT","FOOD","BONUS","PC","6.0000","CT","0.0000","0.0000","64","PT.PUSAN MANIS MULIA","","","ABCDEFGHI","","6401036"
"6401037","MINI SWIT CANDY 8X500GR","1","MFT","FOOD","GOOD","PC","8.0000","CT","16875.0000","18581.0800","64","PT.PUSAN MANIS MULIA","","","ABCFGH","","6401037"
"6401037_BD","MINI SWIT CANDY 8X500GR","1","MFT","FOOD","BAD","PC","8.0000","CT","16875.0000","18581.0800","64","PT.PUSAN MANIS MULIA","","","ABCDEFGH","","6401037"
"6401037_BN","MINI SWIT CANDY 8X500GR","1","MFT","FOOD","BONUS","PC","8.0000","CT","0.0000","0.0000","64","PT.PUSAN MANIS MULIA","","","ABCDEFGHI","","6401037"
"6401038_BD","MIMI TUBE JERUK 12X12","1","MFT","FOOD","BAD","PC","144.0000","CT","1704.5500","1893.9100","64","PT.PUSAN MANIS MULIA","","","ABCFGH","","6401038"
"6401039_BD","MIMI TUBE APEL 12X12","1","MFT","FOOD","BAD","PC","144.0000","CT","1704.5500","1893.9100","64","PT.PUSAN MANIS MULIA","","","ABCDEFGHI","","6401039"
"6401040_BD","MIMI TUBE ANGGUR 12X12","1","MFT","FOOD","BAD","PC","144.0000","CT","1704.5500","1893.9100","64","PT.PUSAN MANIS MULIA","","","ABCDEFGHI","","6401040"
"6401041_BD","MIMI TUBE STRAWBERRY 12X12","1","MFT","FOOD","BAD","PC","144.0000","CT","1704.5500","1893.9100","64","PT.PUSAN MANIS MULIA","","","ABCDEFGHI","","6401041"
"6401041_BN","MIMI TUBE STRAWBERRY 12X12","1","MFT","FOOD","BONUS","PC","144.0000","CT","0.0000","0.0000","64","PT.PUSAN MANIS MULIA","","","ABCDEFGHI","","6401041"
"6401042","KITILOLI CANDY BLISTER 6X30","1","MFT","FOOD","GOOD","PC","180.0000","CT","445.9400","495.4900","64","PT.PUSAN MANIS MULIA","","","ABCFGH","","6401042"
"6401042_BD","KITILOLI CANDY BLISTER 6X30","1","MFT","FOOD","BAD","PC","180.0000","CT","327.2700","363.6400","64","PT.PUSAN MANIS MULIA","","","ABCDEFGHI","","6401042"
"6401042_BN","KITILOLI CANDY BLISTER 6X30","1","MFT","FOOD","BONUS","PC","180.0000","CT","0.0000","0.0000","64","PT.PUSAN MANIS MULIA","","","ABCDEFGHI","","6401042"
"6401043_BD","DAICHI GOLD NUT TOPLES 6X200","1","MFT","FOOD","BAD","TP","6.0000","CT","31909.0900","35454.5500","64","PT.PUSAN MANIS MULIA","","","ABCDEFGHI","","6401043"
"6401043_BN","DAICHI GOLD NUT TOPLES 6X200","1","MFT","FOOD","BONUS","TP","6.0000","CT","0.0000","0.0000","64","PT.PUSAN MANIS MULIA","","","ABCDEFGHI","","6401043"
"6401044_BD","CHEWING GUM TOPLES NEW 6X65","1","MFT","FOOD","BAD","TP","6.0000","CT","37227.2700","41363.6400","64","PT.PUSAN MANIS MULIA","","","ABCDEFGHI","","6401044"
"6401044_BN","CHEWING GUM TOPLES NEW 6X65","1","MFT","FOOD","BONUS","TP","6.0000","CT","0.0000","0.0000","64","PT.PUSAN MANIS MULIA","","","ABCDEFGHI","","6401044"
"6401045_BD","CRISPY CHOCOLATE DINOSAUR 6X40","1","MFT","FOOD","BAD","TP","6.0000","CT","25568.1800","28409.0900","64","PT.PUSAN MANIS MULIA","","","ABCDEFGHI","","6401045"
"6401045_BN","CRISPY CHOCOLATE DINOSAUR 6X40","1","MFT","FOOD","BONUS","TP","6.0000","CT","0.0000","0.0000","64","PT.PUSAN MANIS MULIA","","","ABCDEFGHI","","6401045"
"6401046","ZOOMASK CHOCOLATE 12X20","1","MFT","FOOD","GOOD","PC","240.0000","CT","613.6400","681.8200","64","PT.PUSAN MANIS MULIA","","","ABCDEFGHI","","6401046"
"6401046_BD","ZOOMASK CHOCOLATE 12X20","1","MFT","FOOD","BAD","PC","240.0000","CT","613.6400","681.8200","64","PT.PUSAN MANIS MULIA","","","ABCDEFGHI","","6401046"
"6401046_BN","ZOOMASK CHOCOLATE 12X20","1","MFT","FOOD","BONUS","PC","240.0000","CT","0.0000","0.0000","64","PT.PUSAN MANIS MULIA","","","ABCDEFGHI","","6401046"
"6401047","BARICHO COKELAT SEREAL 12X20","1","MFT","FOOD","GOOD","PC","240.0000","CT","371.5900","412.8800","64","PT.PUSAN MANIS MULIA","","","ABCDEFGHI","A05D","6401047"
"6401047_BD","BARICHO COKELAT SEREAL 12X20","1","MFT","FOOD","BAD","PC","240.0000","CT","352.7000","391.8900","64","PT.PUSAN MANIS MULIA","","","ABCDEFGHI","","6401047"
"6401047_BN","BARICHO COKELAT SEREAL 12X20","1","MFT","FOOD","BONUS","PC","240.0000","CT","0.0000","0.0000","64","PT.PUSAN MANIS MULIA","","","ABCDEFGHI","","6401047"
"6401048","BARICHO STRAWBERRY SEREAL 12X20","1","MFT","FOOD","GOOD","PC","240.0000","CT","371.5900","412.8800","64","PT.PUSAN MANIS MULIA","","","ABCDEFGHI","A25C","6401048"
"6401048_BD","BARICHO STRAWBERRY SEREAL 12X20","1","MFT","FOOD","BAD","PC","240.0000","CT","352.7000","391.8900","64","PT.PUSAN MANIS MULIA","","","ABCDEFGHI","","6401048"
"6401048_BN","BARICHO STRAWBERRY SEREAL 12X20","1","MFT","FOOD","BONUS","PC","240.0000","CT","0.0000","0.0000","64","PT.PUSAN MANIS MULIA","","","ABCDEFGHI","","6401048"
"6401049","MR BENNO EYEGLASS 20X40","1","MFT","FOOD","GOOD","PC","800.0000","CT","425.6700","472.9700","64","PT.PUSAN MANIS MULIA","","","ABCDEFGHI","BECBB","6401049"
"6401049_BD","MR BENNO EYEGLASS 20X40","1","MFT","FOOD","BAD","PC","800.0000","CT","354.7300","394.1500","64","PT.PUSAN MANIS MULIA","","","ABCDEFGHI","","6401049"
"6401049_BN","MR BENNO EYEGLASS 20X40","1","MFT","FOOD","BONUS","PC","800.0000","CT","0.0000","0.0000","64","PT.PUSAN MANIS MULIA","","","ABCDEFGHI","","6401049"
"6401050","YURO COIN 6X125","1","MFT","FOOD","GOOD","JR","6.0000","CT","48378.4000","53753.7800","64","PT.PUSAN MANIS MULIA","","","ABCDEFGHI","YC22D06","6401050"
"6401050_BD","YURO COIN 6X125","1","MFT","FOOD","BAD","JR","6.0000","CT","38352.2700","42613.6400","64","PT.PUSAN MANIS MULIA","","","","","6401050"
"6401050_BN","YURO COIN 6X125","1","MFT","FOOD","BONUS","JR","6.0000","CT","0.0000","0.0000","64","PT.PUSAN MANIS MULIA","","","ABCDEFGHI","","6401050"
"6401051_BD","LEMON BUBBLE GUM 12X125","1","MFT","FOOD","BAD","TP","12.0000","CT","17897.7300","19886.3600","64","PT.PUSAN MANIS MULIA","","","ABCDEFGHI","","6401051"
"6401051_BN","LEMON BUBBLE GUM 12X125","1","MFT","FOOD","BONUS","TP","12.0000","CT","0.0000","0.0000","64","PT.PUSAN MANIS MULIA","","","ABCDEFGHI","","6401051"
"6401052","FRUTZ GUMMY 12X20","1","MFT","FOOD","GOOD","BX","12.0000","CT","12784.0900","14076.5700","64","PT.PUSAN MANIS MULIA","","","ABCDEFGHI","ADABBA","6401052"
"6401052_BD","FRUTZ GUMMY 12X20","1","MFT","FOOD","BAD","BX","12.0000","CT","12784.0900","14076.5700","64","PT.PUSAN MANIS MULIA","","","ABCDEFGHI","","6401052"
"6401052_BN","FRUTZ GUMMY 12X20","1","MFT","FOOD","BONUS","BX","12.0000","CT","0.0000","0.0000","64","PT.PUSAN MANIS MULIA","","","ABCDEFGHI","","6401052"
"6401053","MIMI CHOCO IKAN 12X45","1","MFT","FOOD","GOOD","TP","12.0000","CT","14959.4500","16621.0000","64","PT.PUSAN MANIS MULIA","","","ABCDEFGHI","MC21L16","6401053"
"6401053_BD","MIMI CHOCO IKAN 12X45","1","MFT","FOOD","BAD","TP","12.0000","CT","13636.3600","15151.5200","64","PT.PUSAN MANIS MULIA","","","","","6401053"
"6401053_BN","MIMI CHOCO IKAN 12X45","1","MFT","FOOD","BONUS","TP","12.0000","CT","0.0000","0.0000","64","PT.PUSAN MANIS MULIA","","","ABCDEFGHI","","6401053"
"6401054_BD","CHARLEE SPEARMINT BOX 12X20","1","MFT","FOOD","BAD","PC","240.0000","CT","900.0000","1000.0000","64","PT.PUSAN MANIS MULIA","","","","","6401054"
"6401054_BN","CHARLEE SPEARMINT BOX 12X20","1","MFT","FOOD","BONUS","PC","240.0000","CT","0.0000","0.0000","64","PT.PUSAN MANIS MULIA","","","ABCDEFGHI","","6401054"
"6401055_BD","CHARLEE PAPPERMINT BOX 12X20","1","MFT","FOOD","BAD","PC","240.0000","CT","900.0000","1000.0000","64","PT.PUSAN MANIS MULIA","","","","","6401055"
"6401055_BN","CHARLEE PAPPERMINT BOX 12X20","1","MFT","FOOD","BONUS","PC","240.0000","CT","0.0000","0.0000","64","PT.PUSAN MANIS MULIA","","","ABCDEFGHI","","6401055"
"6401056_BD","PUTELLA CHOCOLATE PASTA 12BOX X 20PC","1","MFT","FOOD","BAD","PC","240.0000","CT","531.8200","590.9100","64","PT.PUSAN MANIS MULIA","","","","","6401056"
"6401056_BN","PUTELLA CHOCOLATE PASTA 12BOX X 20PC","1","MFT","FOOD","BONUS","PC","240.0000","CT","0.0000","0.0000","64","PT.PUSAN MANIS MULIA","","","ABCDEFGHI","","6401056"
"6401057_BD","BUBBLE UP MINT 12X80","1","MFT","NON FOOD","BAD","BX","12.0000","CT","19636.3600","21621.6200","64","PT.PUSAN MANIS MULIA","","","","","6401057"
"6401057_BN","BUBBLE UP MINT 12X80","1","MFT","FOOD","BONUS","BX","12.0000","CT","0.0000","0.0000","64","PT.PUSAN MANIS MULIA","","","ABCDEFGHI","","6401057"
"6401058_BD","100 BALL GUM 12X125","1","MFT","FOOD","BAD","BX","12.0000","CT","17897.7300","19707.2000","64","PT.PUSAN MANIS MULIA","","","","","6401058"
"6401058_BN","100 BALL GUM 12X125","1","MFT","FOOD","BONUS","BX","12.0000","CT","0.0000","0.0000","64","PT.PUSAN MANIS MULIA","","","ABCDEFGHI","","6401058"
"6401059_BD","CRISPY CHOCOLATE PISTOL 6X40","1","MFT","FOOD","BAD","BX","6.0000","CT","12545.4500","13813.5100","64","PT.PUSAN MANIS MULIA","","","","","6401059"
"6401059_BN","CRISPY CHOCOLATE PISTOL 6X40","1","MFT","FOOD","BONUS","BX","6.0000","CT","0.0000","0.0000","64","PT.PUSAN MANIS MULIA","","","","","6401059"
"6401060","BARICHO VANILLA SEREAL 12X20","1","MFT","FOOD","GOOD","PC","240.0000","CT","371.5900","412.8800","64","PT.PUSAN MANIS MULIA","","","ABCDEFGHJI","B15D","6401060"
"6401060_BD","BARICHO VANILLA SEREAL 12X20","1","MFT","FOOD","BAD","PC","240.0000","CT","352.7000","391.8900","64","PT.PUSAN MANIS MULIA","","","","","6401060"
"6401060_BN","BARICHO VANILLA SEREAL 12X20","1","MFT","FOOD","BONUS","PC","240.0000","CT","0.0000","0.0000","64","PT.PUSAN MANIS MULIA","","","","","6401060"
"6401061_BD","HIRO BG TOPLES 6X200","1","MFT","FOOD","BAD","TP","6.0000","CT","31909.0900","35454.5500","64","PT.PUSAN MANIS MULIA","","","","","6401061"
"6401062_BD","CRISPY CHOCOLATE CERMIN 12X20","1","MFT","FOOD","BAD","TP","12.0000","CT","12784.0900","14204.5500","64","PT.PUSAN MANIS MULIA","","","ABCDEFGHJI","","6401062"
"6401063_BD","SOURUNA CHEWY CANDY 12X60","1","MFT","FOOD","BAD","PC","12.0000","CT","12272.7300","13636.3600","64","PT.PUSAN MANIS MULIA","","","","","6401063"
"6401064_BD","CHEWING GUM PEPPERMINT 5S 12X24","1","MFT","FOOD","BAD","PC","12.0000","CT","15715.9100","17304.5000","64","PT.PUSAN MANIS MULIA","","","ABCDEFGHJI","","6401064"
"6401066_BD","SEREALFIT VANILA 6X20PC","1","MFT","FOOD","BAD","PC","120.0000","CT","797.7300","878.3700","64","PT.PUSAN MANIS MULIA","","","","","6401066"
"6401066_BN","SEREALFIT VANILA 6X20PC","1","MFT","FOOD","BONUS","PC","120.0000","CT","0.0000","0.0000","64","PT.PUSAN MANIS MULIA","","","","EDBB","6401066"
"6401067_BD","SEREALFIT COKELAT 6X20PC","1","MFT","FOOD","BAD","PC","120.0000","CT","797.7300","878.3700","64","PT.PUSAN MANIS MULIA","","","ABCDEFGHJI","","6401067"
"6401067_BN","SEREALFIT COKELAT 6X20PC","1","MFT","FOOD","BONUS","PC","120.0000","CT","0.0000","0.0000","64","PT.PUSAN MANIS MULIA","","","","AADBB","6401067"
"6401068_BD","MILTA MILK CANDY BAG 6X50","1","MFT","FOOD","BAD","BX","6.0000","CT","10227.2700","11261.2600","64","PT.PUSAN MANIS MULIA","","","ABCDEFGHJI","","6401068"
"6401069","SOURUNA CHEWY CANDY 12X60","1","MFT","FOOD","GOOD","PC","12.0000","CT","13500.0000","15000.0000","64","PT.PUSAN MANIS MULIA","","","ABCDEFGHJI","","6401069"
"6401069_BD","SOURUNA CHEWY CANDY 12X60","1","MFT","FOOD","BAD","PC","12.0000","CT","13500.0000","15000.0000","64","PT.PUSAN MANIS MULIA","","","ABCDEFGHJI","","6401069"
"6401070_BD","CHEWING GUM SPEARMINT 5S 12X24","1","MFT","FOOD","BAD","BX","12.0000","CT","15715.9100","17462.1200","64","PT.PUSAN MANIS MULIA","","","ABCDEFGHJI","","6401070"
"6401071_BD","MARBLE ASSORTED BAG 12X60","1","MFT","FOOD","BAD","BG","12.0000","CT","13500.0000","14864.8600","64","PT.PUSAN MANIS MULIA","","","","","6401071"
"6401074_BD","SEREALFIT COKLAT RCG 12X10","1","MFT","FOOD","BAD","PC","120.0000","CT","797.7300","878.3700","64","PT.PUSAN MANIS MULIA","","","","GDBB","6401074"
"6401075","SEREALFIT VANILLA RCG 12X10","1","MFT","FOOD","GOOD","PC","120.0000","CT","797.7300","878.3700","64","PT.PUSAN MANIS MULIA","","","","EDBB","6401075"
"6401075_BD","SEREALFIT VANILLA RCG 12X10","1","MFT","FOOD","BAD","PC","120.0000","CT","797.7300","878.3700","64","PT.PUSAN MANIS MULIA","","","","","6401075"
"6401076_BD","AEROMINT MINT TOPLES 6X160","1","MFT","FOOD","BAD","TP","6.0000","CT","16216.2100","18018.0100","64","PT.PUSAN MANIS MULIA","","","","","6401076"
"6401077","LOLI TANGAN BENNO 12X30","1","MFT","FOOD","GOOD","PC","360.0000","CT","364.8600","405.4000","64","PT.PUSAN MANIS MULIA","","","","BEFBB","6401077"
"6401077_BD","LOLI TANGAN BENNO 12X30","1","MFT","FOOD","BAD","PC","360.0000","CT","364.8600","405.4000","64","PT.PUSAN MANIS MULIA","","","","","6401077"
"6401077_BN","LOLI TANGAN BENNO 12X30","1","MFT","FOOD","BONUS","PC","360.0000","CT","0.0000","0.0000","64","PT.PUSAN MANIS MULIA","","","","","6401077"
"6401078_BD","KRISKO CHOCOLATE CRISPY 12X20","1","MFT","NON FOOD","BAD","TP","12.0000","CT","12972.9700","14414.4100","64","PT.PUSAN MANIS MULIA","","","","KC22G28","6401078"
"6401078_BN","KRISKO CHOCOLATE CRISPY 12X20","1","MFT","FOOD","BONUS","TP","12.0000","CT","0.0000","0.0000","64","PT.PUSAN MANIS MULIA","","","","","6401078"
"6401079","CRISPY CHOCOLATE KAPAL 12X20","1","MFT","FOOD","GOOD","PK","12.0000","CT","12973.0000","14414.4100","64","PT.PUSAN MANIS MULIA","","","","","6401079"
"6401079_BD","CRISPY CHOCOLATE KAPAL 12X20","1","MFT","FOOD","BAD","PK","12.0000","CT","12668.9100","14076.5700","64","PT.PUSAN MANIS MULIA","","","","PK22I15","6401079"
"6401079_BN","CRISPY CHOCOLATE KAPAL 12X20","1","MFT","FOOD","BONUS","PK","12.0000","CT","0.0000","0.0000","64","PT.PUSAN MANIS MULIA","","","","","6401079"
"6401080","BIG BALL GUM 6X60","1","MFT","FOOD","GOOD","TP","6.0000","CT","28378.3700","31531.5300","64","PT.PUSAN MANIS MULIA","","","","","6401080"
"6401080_BD","BIG BALL GUM 6X60","1","MFT","FOOD","BAD","TP","6.0000","CT","18513.4800","20570.5400","64","PT.PUSAN MANIS MULIA","","","","","6401080"
"6401080_BN","BIG BALL GUM 6X60","1","MFT","FOOD","BONUS","TP","6.0000","CT","0.0000","0.0000","64","PT.PUSAN MANIS MULIA","","","","","6401080"
"6401081","DOLLAR CHOCOLATE NEW 12X100","1","MFT","FOOD","GOOD","JR","12.0000","CT","27567.5600","30630.6300","64","PT.PUSAN MANIS MULIA","","","","CD22I26","6401081"
"6401081_BD","DOLLAR CHOCOLATE NEW 12X100","1","MFT","FOOD","BAD","JR","12.0000","CT","20945.9100","23273.2400","64","PT.PUSAN MANIS MULIA","","","","","6401081"
"6401081_BN","DOLLAR CHOCOLATE NEW 12X100","1","MFT","FOOD","BONUS","JR","12.0000","CT","0.0000","0.0000","64","PT.PUSAN MANIS MULIA","","","","","6401081"
"6401082","MILK CANDY BOTOL 6X30","1","MFT","FOOD","GOOD","TP","6.0000","CT","19459.4500","21621.6200","64","PT.PUSAN MANIS MULIA","","","","","6401082"
"6401082_BD","MILK CANDY BOTOL 6X30","1","MFT","FOOD","BAD","TP","6.0000","CT","19459.4500","21621.6200","64","PT.PUSAN MANIS MULIA","","","","","6401082"
"6401082_BN","MILK CANDY BOTOL 6X30","1","MFT","FOOD","BONUS","TP","6.0000","CT","0.0000","0.0000","64","PT.PUSAN MANIS MULIA","","","","","6401082"
"6401083","MIMI CHOCO KOI 12X20","1","MFT","FOOD","GOOD","PK","12.0000","CT","13378.3700","14865.0000","64","PT.PUSAN MANIS MULIA","","","","","6401083"
"6401083_BD","MIMI CHOCO KOI 12X20","1","MFT","FOOD","BAD","PK","12.0000","CT","13378.3700","14864.8600","64","PT.PUSAN MANIS MULIA","","","","","6401083"
"6401083_BN","MIMI CHOCO KOI 12X20","1","MFT","FOOD","BONUS","PK","12.0000","CT","0.0000","0.0000","64","PT.PUSAN MANIS MULIA","","","","","6401083"
"6401084","MILK CANDY IKAN 6X35","1","MFT","FOOD","GOOD","TP","6.0000","CT","22703.0000","25225.2000","64","PT.PUSAN MANIS MULIA","","","","","6401084"
"6401084_BD","MILK CANDY IKAN 6X35","1","MFT","FOOD","BAD","TP","6.0000","CT","21283.7800","23648.6400","64","PT.PUSAN MANIS MULIA","","","","","6401084"
"6401084_BN","MILK CANDY IKAN 6X35","1","MFT","FOOD","BONUS","TP","6.0000","CT","0.0000","0.0000","64","PT.PUSAN MANIS MULIA","","","","","6401084"
"6401085_BD","GURI GURI PERMEN KACANG 6X20","1","MFT","FOOD","BAD","BX","6.0000","CT","24324.3200","27027.0200","64","PT.PUSAN MANIS MULIA","","","","","6401085"
"6401085_BN","GURI GURI PERMEN KACANG 6X20","1","MFT","FOOD","BONUS","BX","6.0000","CT","0.0000","0.0000","64","PT.PUSAN MANIS MULIA","","","","","6401085"
"6401086","MIMI COKLAT KANCING RENCENG 12X20","1","MFT","FOOD","GOOD","BX","12.0000","CT","13784.0000","15315.3100","64","PT.PUSAN MANIS MULIA","","","","","6401086"
"6401086_BD","MIMI COKLAT KANCING RENCENG 12X20","1","MFT","FOOD","BAD","BX","12.0000","CT","13784.0000","15315.3100","64","PT.PUSAN MANIS MULIA","","","","","6401086"
"6401086_BN","MIMI COKLAT KANCING RENCENG 12X20","1","MFT","FOOD","BONUS","BX","12.0000","CT","0.0000","0.0000","64","PT.PUSAN MANIS MULIA","","","","","6401086"
"6401087","MILKY LOLLIPOP CANDY 12X30","1","MFT","FOOD","GOOD","BG","12.0000","CT","12297.3200","13663.6900","64","PT.PUSAN MANIS MULIA","","","","","6401087"
"6401087_BD","MILKY LOLLIPOP CANDY 12X30","1","MFT","FOOD","BAD","BG","12.0000","CT","9121.6200","10135.1300","64","PT.PUSAN MANIS MULIA","","","","","6401087"
"6401088","SWISS ROLL BOLU MOKA 8X20","1","MFT","FOOD","GOOD","PC","160.0000","CT","729.7200","810.8100","64","PT.PUSAN MANIS MULIA","","","","","6401088"
"6401088_BD","SWISS ROLL BOLU MOKA 8X20","1","MFT","FOOD","BAD","PC","160.0000","CT","869.5900","878.3700","64","PT.PUSAN MANIS MULIA","","","","","6401088"
"6401089","TONGKAT PELANGI CANDY 12X45","1","MFT","FOOD","GOOD","JR","12.0000","CT","14594.5900","16216.2100","64","PT.PUSAN MANIS MULIA","","","","","6401089"
"6401089_BD","TONGKAT PELANGI CANDY 12X45","1","MFT","FOOD","BAD","JR","12.0000","CT","14594.5900","16216.2100","64","PT.PUSAN MANIS MULIA","","","","","6401089"
"6401089_BN","TONGKAT PELANGI CANDY 12X45","1","MFT","FOOD","BONUS","JR","12.0000","CT","0.0000","0.0000","64","PT.PUSAN MANIS MULIA","","","","","6401089"
"6401090","ICE MALLOW NEW 12X20","1","MFT","FOOD","GOOD","PC","240.0000","CT","648.6400","720.7200","64","PT.PUSAN MANIS MULIA","","","","AAIBC","6401090"
"6401090_BD","ICE MALLOW NEW 12X20","1","MFT","FOOD","BAD","PC","240.0000","CT","567.5600","630.6300","64","PT.PUSAN MANIS MULIA","","","","AAIBC","6401090"
"6401090_BN","ICE MALLOW NEW 12X20","1","MFT","FOOD","BONUS","PC","240.0000","CT","0.0000","0.0000","64","PT.PUSAN MANIS MULIA","","","","AAIBC","6401090"
"6401091","FRUTZ GUMMY EMOJI 12X60","1","MFT","FOOD","GOOD","PK","12.0000","CT","10675.9400","11862.1600","64","PT.PUSAN MANIS MULIA","","","","","6401091"
"6401091_BD","FRUTZ GUMMY EMOJI 12X60","1","MFT","FOOD","BAD","PK","12.0000","CT","10675.9400","11862.1600","64","PT.PUSAN MANIS MULIA","","","","","6401091"
"6401091_BN","FRUTZ GUMMY EMOJI 12X60","1","MFT","FOOD","BONUS","PK","12.0000","CT","0.0000","0.0000","64","PT.PUSAN MANIS MULIA","","","","","6401091"
"6401092","MIMI CHOCO MACAN 12X20","1","MFT","FOOD","GOOD","PK","12.0000","CT","13378.0000","14865.0000","64","PT.PUSAN MANIS MULIA","","","","","6401092"
"6401092_BD","MIMI CHOCO MACAN 12X20","1","MFT","FOOD","BAD","PK","12.0000","CT","13378.0000","14865.0000","64","PT.PUSAN MANIS MULIA","","","","","6401092"
"6401092_BN","MIMI CHOCO MACAN 12X20","1","MFT","FOOD","BONUS","PK","12.0000","CT","0.0000","0.0000","64","PT.PUSAN MANIS MULIA","","","","","6401092"
"6401094","PAMERLO MATA 12X20","1","MFT","FOOD","GOOD","PK","12.0000","CT","12162.1600","14076.5700","64","PT.PUSAN MANIS MULIA","","","","","6401094"
"6401095","MAFURA MARSHMALLOW NEW 12X20","1","MFT","FOOD","GOOD","PC","240.0000","CT","608.1000","675.6700","64","PT.PUSAN MANIS MULIA","","","","","6401095"
"6401095_BD","MAFURA MARSHMALLOW NEW 12X20","1","MFT","FOOD","BAD","PC","240.0000","CT","354.7200","394.1400","64","PT.PUSAN MANIS MULIA","","","","","6401095"
"6401095_BN","MAFURA MARSHMAWLLO NEW 12X20","1","MFT","FOOD","BONUS","PC","240.0000","CT","0.0000","0.0000","64","PT.PUSAN MANIS MULIA","","","","","6401095"
"6401096","BRITOBAR SALUT CHOCOLATE 8X20","1","MFT","FOOD","GOOD","PC","160.0000","CT","648.6400","720.7200","64","PT.PUSAN MANIS MULIA","","","","","6401096"
"6401096_BD","BRITOBAR SALUT CHOCOLATE 8X20","1","MFT","FOOD","BAD","PC","160.0000","CT","648.6400","720.7200","64","PT.PUSAN MANIS MULIA","","","","","6401096"
"6401096_BN","BRITOBAR SALUT CHOCOLATE 8X20","1","MFT","FOOD","BONUS","PC","160.0000","CT","0.0000","0.0000","64","PT.PUSAN MANIS MULIA","","","","","6401096"
"6401097","DOLLARS CHOCO BLISTER 6X125","1","MFT","FOOD","GOOD","JR","6.0000","CT","27871.6200","30968.4600","64","PT.PUSAN MANIS MULIA","","","","","6401097"
"6401097_BD","DOLLARS CHOCO BLISTER 6X125","1","MFT","FOOD","BAD","JR","6.0000","CT","27871.6200","30968.4600","64","PT.PUSAN MANIS MULIA","","","","","6401097"
"6401097_BN","DOLLARS CHOCO BLISTER 6X125","1","MFT","FOOD","BONUS","JR","6.0000","CT","0.0000","0.0000","64","PT.PUSAN MANIS MULIA","","","","","6401097"
"6401098","YURO COIN NEW 12X60","1","MFT","FOOD","GOOD","JR","12.0000","CT","24189.1600","26876.8400","64","PT.PUSAN MANIS MULIA","","","","","6401098"
"6401098_BN","YURO COIN NEW 12X60","1","MFT","NON FOOD","BONUS","JR","12.0000","CT","0.0000","0.0000","64","PT.PUSAN MANIS MULIA","","","","","6401098"
"6401099","MEGA CHOCO EYEGLASS 20X40","1","MFT","FOOD","GOOD","PC","800.0000","CT","425.6700","472.9700","64","PT.PUSAN MANIS MULIA","","","","","6401099"
"6401099_BD","MEGA CHOCO EYEGLASS 20X40","1","MFT","FOOD","BAD","PC","800.0000","CT","425.6700","472.9700","64","PT.PUSAN MANIS MULIA","","","","","6401099"
"6401099_BN","MEGA CHOCO EYEGLASS 20X40","1","MFT","FOOD","BONUS","PC","800.0000","CT","0.0000","0.0000","64","PT.PUSAN MANIS MULIA","","","","","6401099"
"6401100","MEGA CHOCO EYEGLASS NW 20X40","1","MFT","FOOD","GOOD","PC","800.0000","CT","375.0000","416.6600","64","PT.PUSAN MANIS MULIA","","","","","6401100"
"6401100_BD","MEGA CHOCO EYEGLASS NW 20X40","1","MFT","FOOD","BAD","PC","800.0000","CT","375.0000","416.6600","64","PT.PUSAN MANIS MULIA","","","","","6401100"
"6401100_BN","MEGA CHOCO EYEGLASS NW 20X40","1","MFT","FOOD","BONUS","PC","800.0000","CT","0.0000","0.0000","64","PT.PUSAN MANIS MULIA","","","","","6401100"
"6401101","POP CHOC CLASSIC 12X50","1","MFT","FOOD","GOOD","JR","12.0000","CT","24999.9700","27777.7400","64","PT.PUSAN MANIS MULIA","","","","","6401101"
"6401101_BD","POP CHOC CLASSIC 12X50","1","MFT","FOOD","BAD","JR","12.0000","CT","18581.3500","20645.9400","64","PT.PUSAN MANIS MULIA","","","","","6401101"
"6401101_BN","POP CHOC CLASSIC 12X50","1","MFT","FOOD","BONUS","JR","12.0000","CT","0.0000","0.0000","64","PT.PUSAN MANIS MULIA","","","","","6401101"
"6401102","BENNO LOLI BLISTER  6X30","1","MFT","FOOD","GOOD","PC","180.0000","CT","668.9100","743.2400","64","PT.PUSAN MANIS MULIA","","","","","6401102"
"6401102_BD","BENNO LOLI BLISTER  6X30","1","MFT","FOOD","BAD","PC","180.0000","CT","668.9100","743.2400","64","PT.PUSAN MANIS MULIA","","","","","6401102"
"6401102_BN","BENNO LOLI BLISTER  6X30","1","MFT","FOOD","BONUS","PC","180.0000","CT","0.0000","0.0000","64","PT.PUSAN MANIS MULIA","","","","","6401102"
"6401103","CRISPY CHOCOLATE MOBIL 12X40","1","MFT","FOOD","GOOD","PC","480.0000","CT","304.0500","337.8300","64","PT.PUSAN MANIS MULIA","","","","","6401103"
"6401103_BD","CRISPY CHOCOLATE MOBIL 12X40","1","MFT","FOOD","BAD","PC","480.0000","CT","304.0500","337.8300","64","PT.PUSAN MANIS MULIA","","","","","6401103"
"6401104","MIMI CHOCO GAJAH 12X20","1","MFT","FOOD","GOOD","PC","240.0000","CT","668.9100","743.2400","64","PT.PUSAN MANIS MULIA","","","","","6401104"
"6401104_BD","MIMI CHOCO GAJAH 12X20","1","MFT","FOOD","BAD","PC","240.0000","CT","668.9100","743.2400","64","PT.PUSAN MANIS MULIA","","","","","6401104"
"6401105","SALJU KREKER 10X20","1","MFT","FOOD","GOOD","PC","200.0000","CT","729.7200","810.8100","64","PT.PUSAN MANIS MULIA","","","","","6401105"
"6401105_BD","SALJU KREKER 10X20","1","MFT","FOOD","BAD","PC","200.0000","CT","689.1800","765.7600","64","PT.PUSAN MANIS MULIA","","","","","6401105"
"6401105_BN","SALJU KREKER 10X20","1","MFT","FOOD","BONUS","PC","200.0000","CT","0.0000","0.0000","64","PT.PUSAN MANIS MULIA","","","","","6401105"
"6401106","CUSTARD CAKE STRAWBERRY 60X26G","1","MFT","FOOD","GOOD","PC","60.0000","CT","1283.7700","1426.4200","64","PT.PUSAN MANIS MULIA","","","","","6401106"
"6401106_BD","CUSTARD CAKE STRAWBERRY 60X26G","1","MFT","FOOD","BAD","PC","60.0000","CT","1283.7700","1426.4200","64","PT.PUSAN MANIS MULIA","","","","","6401106"
"6401106_BN","CUSTARD CAKE STRAWBERRY 60X26G","1","MFT","FOOD","BONUS","PC","60.0000","CT","0.0000","0.0000","64","PT.PUSAN MANIS MULIA","","","","","6401106"
"6401107","CUSTARD CAKE CHOCOLATE 60X26G","1","MFT","FOOD","GOOD","PC","60.0000","CT","1283.7700","1426.4200","64","PT.PUSAN MANIS MULIA","","","","","6401107"
"6401107_BD","CUSTARD CAKE CHOCOLATE 60X26G","1","MFT","FOOD","BAD","PC","60.0000","CT","1283.7700","1426.4200","64","PT.PUSAN MANIS MULIA","","","","","6401107"
"6401107_BN","CUSTARD CAKE CHOCOLATE 60X26G","1","MFT","FOOD","BONUS","PC","60.0000","CT","0.0000","0.0000","64","PT.PUSAN MANIS MULIA","","","","","6401107"
"6401108","CUSTARD CAKE BLUEBERRY 60X26G","1","MFT","FOOD","GOOD","PC","60.0000","CT","1283.7700","1426.4200","64","PT.PUSAN MANIS MULIA","","","","","6401108"
"6401108_BD","CUSTARD CAKE BLUEBERRY 60X26G","1","MFT","FOOD","BAD","PC","60.0000","CT","1283.7700","1426.4200","64","PT.PUSAN MANIS MULIA","","","","","6401108"
"6401108_BN","CUSTARD CAKE BLUEBERRY 60X26","1","MFT","FOOD","BONUS","PC","60.0000","CT","0.0000","0.0000","64","PT.PUSAN MANIS MULIA","","","","","6401108"
"6401109","CUSTARD CAKE SRIKAYA 60X26G","1","MFT","FOOD","GOOD","PC","60.0000","CT","1283.7700","1426.4200","64","PT.PUSAN MANIS MULIA","","","","","6401109"
"6401110","BARICHO COCONUT SEREAL 12X20","1","MFT","FOOD","GOOD","PC","240.0000","CT","371.5900","412.8800","64","PT.PUSAN MANIS MULIA","","","","","6401110"
"6401110_BN","BARICHO COCONUT SEREAL 12X20","1","MFT","FOOD","BONUS","PC","240.0000","CT","0.0000","0.0000","64","PT.PUSAN MANIS MULIA","","","","","6401110"
"6401111","CUSTARD CAKE ORIGINAL 60X26GR","1","MFT","FOOD","GOOD","PC","60.0000","CT","1283.7700","1426.4200","64","PT.PUSAN MANIS MULIA","","","","","6401111"
"6401111_BD","CUSTARD CAKE ORIGINAL 60X26GR","1","MFT","FOOD","BAD","PC","60.0000","CT","1283.7700","1426.4200","64","PT.PUSAN MANIS MULIA","","","","","6401111"
"6401111_BN","CUSTARD CAKE ORIGINAL 60X26GR","1","MFT","FOOD","BONUS","PC","60.0000","CT","0.0000","0.0000","64","PT.PUSAN MANIS MULIA","","","","","6401111"
"6401112","CUSTARD CAKE STRAWBERRY 24S","1","MFT","FOOD","GOOD","PC","24.0000","CT","1283.7800","1426.4200","64","PT.PUSAN MANIS MULIA","","","","","6401112"
"6401112_BN","CUSTARD CAKE STRAWBERRY 24S","1","MFT","FOOD","BONUS","PC","24.0000","CT","0.0000","0.0000","64","PT.PUSAN MANIS MULIA","","","","","6401112"
"6401113_BN","CUSTTARD CAKE CHOCOLATE 24S","1","MFT","FOOD","BONUS","PC","24.0000","CT","0.0000","0.0000","64","PT.PUSAN MANIS MULIA","","","","","6401113"
"6401114","CUSTARD CAKE BLUEBERRY 24S","1","MFT","FOOD","GOOD","PC","24.0000","CT","1283.7800","1426.4200","64","PT.PUSAN MANIS MULIA","","","","","6401114"
"6401114_BN","CUSTARD CAKE BLUEBERRY 24S","1","MFT","FOOD","BONUS","PC","24.0000","CT","0.0000","0.0000","64","PT.PUSAN MANIS MULIA","","","","","6401114"
"6401115_BN","CUSTARD CAKE ORIGINAL 24S","1","MFT","FOOD","BONUS","PC","24.0000","CT","0.0000","0.0000","64","PT.PUSAN MANIS MULIA","","","","","6401115"
"6401116","PUSAN PILO COKLAT 12x10","1","MFT","FOOD","GOOD","PC","120.0000","CT","1216.2100","1351.3500","64","PT.PUSAN MANIS MULIA","","","","","6401116"
"6401116_BD","PUSAN PILO COKLAT 12x10","1","MFT","FOOD","BAD","PC","120.0000","CT","1216.2100","1351.3500","64","PT.PUSAN MANIS MULIA","","","","","6401116"
"6401116_BN","PUSAN PILO COKLAT 12x10","1","MFT","FOOD","BONUS","PC","120.0000","CT","0.0000","0.0000","64","PT.PUSAN MANIS MULIA","","","","","6401116"
"6401117","PUSAN PILO STRAWBERRY 12X10","1","MFT","FOOD","GOOD","PC","120.0000","CT","1216.2100","1351.3500","64","PT.PUSAN MANIS MULIA","","","","","6401117"
"6401117_BD","PUSAN PILO STRAWBERRY 12X10","1","MFT","FOOD","BAD","PC","120.0000","CT","1216.2100","1351.3500","64","PT.PUSAN MANIS MULIA","","","","","6401117"
"6401118","PUSAN PILO COCOPANDAN 12X10","1","MFT","FOOD","GOOD","PC","120.0000","CT","1216.2100","1351.3500","64","PT.PUSAN MANIS MULIA","","","","","6401118"
"6401118_BD","PUSAN PILO COCOPANDAN 12X10","1","MFT","FOOD","BAD","PC","120.0000","CT","1216.2100","1351.3500","64","PT.PUSAN MANIS MULIA","","","","","6401118"
"6401119","PIA ABON AYAM ORIGINAL 20S","1","MFT","FOOD","GOOD","PC","120.0000","CT","1418.9100","1576.5700","64","PT.PUSAN MANIS MULIA","","","","","6401119"
"6401119_BD","PIA ABON AYAM ORIGINAL 20S","1","MFT","FOOD","BAD","PC","120.0000","CT","1418.9100","1576.5700","64","PT.PUSAN MANIS MULIA","","","","","6401119"
"6401119_BN","PIA ABON AYAM ORIGINAL 20S","1","MFT","FOOD","BONUS","PC","120.0000","CT","0.0000","0.0000","64","PT.PUSAN MANIS MULIA","","","","","6401119"
"6401120","PUSAN ROLLE COKELAT 12X10","1","MFT","FOOD","GOOD","PC","120.0000","CT","1216.2100","1351.3500","64","PT.PUSAN MANIS MULIA","","","","","6401120"
"6401120_BD","PUSAN ROLLE COKELAT 12X10","1","MFT","FOOD","BAD","PC","120.0000","CT","1216.2100","1351.3500","64","PT.PUSAN MANIS MULIA","","","","","6401120"
"6401120_BN","PUSAN ROLLE COKELAT 12X10","1","MFT","FOOD","BONUS","PC","120.0000","CT","0.0000","0.0000","64","PT.PUSAN MANIS MULIA","","","","","6401120"
"6401121","PUSAN ROLLE STRAWBERY 12X10","1","MFT","FOOD","GOOD","PC","120.0000","CT","1216.2100","1351.3500","64","PT.PUSAN MANIS MULIA","","","","","6401121"
"6401122","PUSAN ROLLE COCO PANDAN 12X10","1","MFT","FOOD","GOOD","PC","120.0000","CT","1216.2100","1351.3500","64","PT.PUSAN MANIS MULIA","","","","","6401122"
"6401123","BROWNLY MUTIARA 6X30","1","MFT","FOOD","GOOD","PC","180.0000","CT","2027.0200","2252.2500","64","PT.PUSAN MANIS MULIA","","","","","6401123"
"6401123_BN","BROWNLY MUTIARA 6X30","1","MFT","FOOD","BONUS","PC","180.0000","CT","0.0000","0.0000","64","PT.PUSAN MANIS MULIA","","","","","6401123"
"6401124","HAMOCHI GOGO ASSORTED 12X12","1","MFT","FOOD","GOOD","PC","144.0000","CT","1464.0000","1626.6600","64","PT.PUSAN MANIS MULIA","","","","","6401124"
"6401124_BN","HAMOCHI GOGO ASSORTED 12X12","1","MFT","FOOD","BONUS","PC","144.0000","CT","0.0000","0.0000","64","PT.PUSAN MANIS MULIA","","","","","6401124"
"6401125","HAMOCHI OCEAN 6X40","1","MFT","FOOD","GOOD","PC","240.0000","CT","689.1800","765.7600","64","PT.PUSAN MANIS MULIA","","","","","6401125"
"6401125_BN","HAMOCHI OCEAN 6X40","1","MFT","FOOD","BONUS","PC","240.0000","CT","0.0000","0.0000","64","PT.PUSAN MANIS MULIA","","","","","6401125"
"6401126","BARICHO TOPLES ( EDISI LEBARAN)","1","MFT","FOOD","GOOD","PC","12.0000","CT","18918.8900","21020.9900","64","PT.PUSAN MANIS MULIA","","","","","6401126"
"6401126_BN","BARICHO TOPLES ( EDISI LEBARAN)","1","MFT","FOOD","BONUS","PC","12.0000","CT","0.0000","0.0000","64","PT.PUSAN MANIS MULIA","","","","","6401126"
"6401130","PIA ABON RASA KARI AYAM 6X20","1","MFT","FOOD","GOOD","PC","120.0000","CT","1418.9100","1576.5700","64","PT.PUSAN MANIS MULIA","","","","","6401130"
"6401131","PIA ABON RASA RENDANG 6X20","1","MFT","FOOD","GOOD","PC","120.0000","CT","1418.9100","1576.5700","64","PT.PUSAN MANIS MULIA","","","","","6401131"
"6401132","PIA ABON RASA BARBECUE 6X20","1","MFT","FOOD","GOOD","PC","120.0000","CT","1418.9100","1576.5700","64","PT.PUSAN MANIS MULIA","","","","","6401132"
"6401132_BN","PIA ABON RASA BARBECUE 6X20","1","MFT","FOOD","BONUS","PC","120.0000","CT","0.0000","0.0000","64","PT.PUSAN MANIS MULIA","","","","","6401132"
"6401133","BOLU BROWNIES 8X15","1","MFT","FOOD","GOOD","PC","120.0000","CT","1013.5100","1126.1200","64","PT.PUSAN MANIS MULIA","","","","","6401133"
"649080_B","BISKUAT ENERGI 12X(20X17.5G)","1","28","FOOD","BAD","PC","240.0000","CT","358.0000","391.0000","2802","BISKUAT","2802","BISKUAT","A","","649080"
"649081_B","BISKUAT ENERGI COKLAT 12X(20X16G)","1","28","FOOD","BAD","PC","240.0000","CT","358.0000","391.0000","2802","BISKUAT","2802","BISKUAT","A","","649081"
"651920_B","BISKUAT SUSU RCG 12(20X15GR)","1","28","FOOD","BAD","PC","240.0000","CT","358.0000","391.0000","2802","BISKUAT","2802","BISKUAT","A","","651920"
"664524_B","BISKUAT ENERGI 20X199.5G TRAY","1","28","FOOD","BAD","PC","20.0000","CT","4441.0000","4853.0000","2802","BISKUAT","2802","BISKUAT","A","","664524"
"664526_B","BISKUAT ENERGI COKLAT 20X172.8GR TRAY","1","28","FOOD","BAD","PC","20.0000","CT","4441.0000","4853.0000","2802","BISKUAT","2802","BISKUAT","A","","664526"
"664528_B","BISKUAT SUSU 24X160G TRAY","1","28","FOOD","BAD","PC","24.0000","CT","4442.0000","4854.0000","2802","BISKUAT","2802","BISKUAT","A","","664528"
"666056_B","OREO CHO EXTRA 3 COOKIES 24X166.4GR","1","28","FOOD","BAD","PC","24.0000","CT","4836.0000","5761.0000","2804","OREO/RITZ","2804","OREO/RITZ","A","","666056"
"681755_B","BISKUAT ORIGINAL 12X(10X25.2G)","1","28","FOOD","BAD","PC","120.0000","CT","716.0000","782.0000","2802","BISKUAT","2802","BISKUAT","A","","681755"
"681755_BD","BISKUAT ORIGINAL 12X(10X25.2G)","1","28","FOOD","BAD","PC","120.0000","CT","716.0000","782.0000","2802","BISKUAT","","","","","681755"
"681762_B","BISKUAT ORIGINAL 6X(8X81.9G)","1","28","FOOD","BAD","PC","48.0000","CT","2059.0000","2250.0000","2802","BISKUAT","2802","BISKUAT","A","","681762"
"681779_B","BISKUAT COKLAT 6X(8X71.5G)","1","28","FOOD","BAD","PC","48.0000","CT","2059.0000","2250.0000","2802","BISKUAT","2802","BISKUAT","A","","681779"
"681792_B","BISKUAT SUSU 24X140GR","1","28","FOOD","BAD","PC","24.0000","CT","5466.0000","5973.0000","2802","BISKUAT","2802","BISKUAT","A","","681792"
"682770_B","BISKUAT COKLAT 12X(10+1)X22G","1","28","FOOD","BAD","PC","120.0000","CT","716.0000","782.0000","2802","BISKUAT","2802","BISKUAT","A","","682770"
"682773_B","BISKUAT SUSU 12X(10+1)X21GR","1","28","FOOD","BAD","PC","120.0000","CT","716.0000","782.0000","2802","BISKUAT","2802","BISKUAT","A","","682773"
"687339_B","OREO IC BBERRY 12X(12X29.4)G RPCK","1","28","FOOD","BAD","PC","144.0000","CT","1061.0000","1160.0000","2804","OREO/RITZ","2804","OREO/RITZ","A","","687339"
"751019","VV-WESLEY EDT GLASS 100 ML MILAN(BLACK)","1","M1","FOOD","GOOD","PC","12.0000","CT","25225.0000","31532.0000","8993","PT. EASTON KALERIS INDONESIA","","","ABCDEFGHI","","751019"
"751019_BD","VV-WESLEY EDT GLASS 100 ML MILAN(BLACK)","1","M1","FOOD","BAD","PC","12.0000","CT","23063.0600","28828.8300","8993","PT. EASTON KALERIS INDONESIA","","","ABCDEFGHI","","751019"
"751026","VV-WESLEY EDT GLASS 100 ML MUNCH(BLUE)","1","M1","FOOD","GOOD","PC","12.0000","CT","25225.0000","31532.0000","8993","PT. EASTON KALERIS INDONESIA","","","ABCDEFGHI","","751026"
"751026_BD","VV-WESLEY EDT GLASS 100 ML MUNCH(BLUE)","1","M1","FOOD","BAD","PC","12.0000","CT","23063.0600","28828.8300","8993","PT. EASTON KALERIS INDONESIA","","","ABCDEFGHI","","751026"
"751033","VV-WESLEY EDT GLASS 100 ML MANCHESTER(RED)","1","M1","FOOD","GOOD","PC","12.0000","CT","25225.0000","31532.0000","8993","PT. EASTON KALERIS INDONESIA","","","ABCDEFGHI","","751033"
"751033_BD","VV-WESLEY EDT GLASS 100 ML MANCHESTER(RED)","1","M1","FOOD","BAD","PC","12.0000","CT","23063.0600","28828.8300","8993","PT. EASTON KALERIS INDONESIA","","","ABCDEFGHI","","751033"
"751040","VV-WESLEY EDT GLASS 100 ML MADRID(GOLD)","1","M1","FOOD","GOOD","PC","12.0000","CT","25225.0000","31532.0000","8993","PT. EASTON KALERIS INDONESIA","","","ABCDEFGHI","","751040"
"751040_BD","VV-WESLEY EDT GLASS 100 ML MADRID(GOLD)","1","M1","FOOD","BAD","PC","12.0000","CT","25225.0000","31532.0000","8993","PT. EASTON KALERIS INDONESIA","","","ABCDEFGHI","","751040"
"751071_BD","VV-VIVELLE EDT CITY 100 ML PINK/PARIS","1","M1","FOOD","BAD","PC","12.0000","CT","19636.0000","24545.0000","8993","PT. EASTON KALERIS INDONESIA","","","ABCDEFGHI","","751071"
"751088_BD","VV-VIVELLE EDT CITY 100 ML VIOLET/LONDON","1","M1","FOOD","BAD","PC","12.0000","CT","19636.0000","24545.0000","8993","PT. EASTON KALERIS INDONESIA","","","ABCDEFGHI","","751088"
"751095_BD","VV-VIVELLE EDT CITY 100 ML PEACH/VENICE","1","M1","FOOD","BAD","PC","12.0000","CT","19636.0000","24545.0000","8993","PT. EASTON KALERIS INDONESIA","","","ABCDEFGHI","","751095"
"751101_BD","VV-VIVELLE EDT CITY 100 ML BLUE/NEWYORK","1","M1","FOOD","BAD","PC","12.0000","CT","19636.0000","24545.0000","8993","PT. EASTON KALERIS INDONESIA","","","ABCDEFGHI","","751101"
"751125","VIVELLE ROLL ON DEO GREEN 50ML","1","M1","NON FOOD","GOOD","PC","36.0000","CT","11243.2400","14054.0500","8993","PT. EASTON KALERIS INDONESIA","","","","","751125"
"751125_BD","VIVELLE ROLL ON DEO GREEN 50ML","1","M1","NON FOOD","BAD","PC","36.0000","CT","11243.2400","14054.0500","8993","PT. EASTON KALERIS INDONESIA","","","","","751125"
"751126","VIVELLE ROLL ON DEO PEACH 50ML","1","M1","NON FOOD","GOOD","PC","36.0000","CT","11243.2400","14054.0500","8993","PT. EASTON KALERIS INDONESIA","","","","","751126"
"751126_BD","VIVELLE ROLL ON DEO PEACH 50ML","1","M1","NON FOOD","BAD","PC","36.0000","CT","10450.4000","13063.0600","8993","PT. EASTON KALERIS INDONESIA","","","","","751126"
"751262","VIVELLE ROLL ON DEO YELLOW 50ML","1","M1","NON FOOD","GOOD","PC","36.0000","CT","11243.2400","14054.0500","8993","PT. EASTON KALERIS INDONESIA","","","","","751262"
"751262_BD","VIVELLE RONN ON DEO YELLOW 50ML","1","M1","NON FOOD","BAD","PC","36.0000","CT","10450.4000","13063.0600","8993","PT. EASTON KALERIS INDONESIA","","","","","751262"
"751279","VV- VIVELLE BS 150ML YELLOW","1","M1","FOOD","GOOD","PC","24.0000","CT","15351.3500","19189.1900","8993","PT. EASTON KALERIS INDONESIA","","","ABCDEFGHI","","751279"
"751279_BD","VV- VIVELLE BS 150ML YELLOW","1","M1","FOOD","BAD","PC","24.0000","CT","15351.3500","19189.1900","8993","PT. EASTON KALERIS INDONESIA","","","ABCDEFGHI","","751279"
"751286_BD","VIVELLE HAND SANITIZER 105 ML GREEN (ALOEVERA)","1","M1","FOOD","BAD","PC","24.0000","CT","18181.6000","22727.0000","8993","PT. EASTON KALERIS INDONESIA","","","ABCDEFGHI","","751286"
"751293_BD","VIVELLE HAND SANITIZER 105 ML BLUE (CUCUMBER)","1","M1","FOOD","BAD","PC","24.0000","CT","18181.6000","22727.0000","8993","PT. EASTON KALERIS INDONESIA","","","","","751293"
"752016","VV-VIVELLE BM 100ML PINK/AMOUR","1","M1","FOOD","GOOD","PC","24.0000","CT","13837.8400","17297.3000","8993","PT. EASTON KALERIS INDONESIA","","","ABCDEFGHI","","752016"
"752016_BD","VV-VIVELLE BM 100ML PINK/AMOUR","1","M1","FOOD","BAD","PC","24.0000","CT","13837.8400","17297.3000","8993","PT. EASTON KALERIS INDONESIA","","","ABCDEFGHI","","752016"
"752023","VV-VIVELLE BM 100ML BLUE/SPENDIDE","1","M1","FOOD","GOOD","PC","24.0000","CT","13837.8400","17297.3000","8993","PT. EASTON KALERIS INDONESIA","","","ABCDEFGHI","","752023"
"752023_BD","VV-VIVELLE BM 100ML BLUE/SPENDIDE","1","M1","NON FOOD","BAD","PC","24.0000","CT","13837.8400","17297.3000","8993","PT. EASTON KALERIS INDONESIA","","","","","752023"
"752030","VV-VIVELLE BM 100ML GREEN/ENCHANTE","1","M1","FOOD","GOOD","PC","24.0000","CT","13837.8400","17297.3000","8993","PT. EASTON KALERIS INDONESIA","","","ABCDEFGHI","","752030"
"752030_BD","VV-VIVELLE BM 100ML GREEN/ENCHANTE","1","M1","FOOD","BAD","PC","24.0000","CT","12252.2500","15315.3200","8993","PT. EASTON KALERIS INDONESIA","","","","","752030"
"752047","VV-VIVELLE BM 100ML YELLOW/DELICE","1","M1","FOOD","GOOD","PC","24.0000","CT","13837.8400","17297.3000","8993","PT. EASTON KALERIS INDONESIA","","","ABCDEFGHI","","752047"
"752047_BD","VV-VIVELLE BM 100ML YELLOW/DELICE","1","M1","NON FOOD","BAD","PC","24.0000","CT","12252.2500","15315.3200","8993","PT. EASTON KALERIS INDONESIA","","","ABCDEFGHI","","752047"
"752054","VV-VIVELLE BM 100ML VIOLET/JOLIE","1","M1","FOOD","GOOD","PC","24.0000","CT","13837.8400","17297.3000","8993","PT. EASTON KALERIS INDONESIA","","","ABCDEFGHI","","752054"
"752054_BD","VV-VIVELLE BM 100ML VIOLET/JOLIE","1","M1","FOOD","BAD","PC","24.0000","CT","13837.8400","17297.3000","8993","PT. EASTON KALERIS INDONESIA","","","ABCDEFGHI","","752054"
"752061","VV-VIVELLE BM 100ML ORANGE/MIGOUW","1","M1","FOOD","GOOD","PC","24.0000","CT","13837.8400","17297.3000","8993","PT. EASTON KALERIS INDONESIA","","","ABCDEFGHI","","752061"
"752061_BD","VV-VIVELLE BM 100ML ORANGE/MIGOUW","1","M1","FOOD","BAD","PC","24.0000","CT","13837.8400","17297.3000","8993","PT. EASTON KALERIS INDONESIA","","","ABCDEFGHI","","752061"
"752078","VV-VIVELLE BM 180ML PINK/AMOUR","1","M1","FOOD","GOOD","PC","12.0000","CT","17657.6500","22072.0700","8993","PT. EASTON KALERIS INDONESIA","","","ABCDEFGHI","","752078"
"752078_BD","VV-VIVELLE BM 180ML PINK/AMOUR","1","M1","FOOD","BAD","PC","12.0000","CT","17657.6500","22072.0700","8993","PT. EASTON KALERIS INDONESIA","","","","","752078"
"752085","VV-VIVELLE BM 180ML BLUE/SPLENDIDE","1","M1","FOOD","GOOD","PC","12.0000","CT","17657.6500","22072.0700","8993","PT. EASTON KALERIS INDONESIA","","","ABCDEFGHI","","752085"
"752085_BD","VV-VIVELLE BM 180ML BLUE/SPLENDIDE","1","M1","FOOD","BAD","PC","12.0000","CT","16000.0000","20000.0000","8993","PT. EASTON KALERIS INDONESIA","","","","","752085"
"752092","VV-VIVELLE BM 180ML GREEN/ENCHANTE","1","M1","FOOD","GOOD","PC","12.0000","CT","17657.6500","22072.0700","8993","PT. EASTON KALERIS INDONESIA","","","ABCDEFGHI","","752092"
"752092_BD","VV-VIVELLE BM 180ML GREEN/ENCHANTE","1","M1","NON FOOD","BAD","PC","12.0000","CT","16000.0000","20000.0000","8993","PT. EASTON KALERIS INDONESIA","","","","","752092"
"752108","VV-VIVELLE BM 180ML YELLOW/DELICE","1","M1","FOOD","GOOD","PC","12.0000","CT","17657.6500","22072.0700","8993","PT. EASTON KALERIS INDONESIA","","","ABCDEFGHI","","752108"
"752108_BD","VV-VIVELLE BM 180ML YELLOW/DELICE","1","M1","FOOD","BAD","PC","12.0000","CT","17657.6500","22072.0700","8993","PT. EASTON KALERIS INDONESIA","","","","","752108"
"752115","VV-VIVELLE BM 180ML VIOLET/JOLIE","1","M1","FOOD","GOOD","PC","12.0000","CT","17657.6500","22072.0700","8993","PT. EASTON KALERIS INDONESIA","","","ABCDEFGHI","","752115"
"752115_BD","VV-VIVELLE BM 180ML VIOLET/JOLIE","1","M1","FOOD","BAD","PC","12.0000","CT","17657.6500","22072.0700","8993","PT. EASTON KALERIS INDONESIA","","","ABCDEFGHI","","752115"
"752122","VV-VIVELLE BM 180ML ORANGE/MIGOUW","1","M1","FOOD","GOOD","PC","12.0000","CT","17657.6500","22072.0700","8993","PT. EASTON KALERIS INDONESIA","","","ABCDEFGHI","","752122"
"752122_BD","VV-VIVELLE BM 180ML ORANGE/MIGOUW","1","M1","FOOD","BAD","PC","12.0000","CT","17657.6500","22072.0700","8993","PT. EASTON KALERIS INDONESIA","","","","","752122"
"76082-00003-03_BN","HP FEVP W3EL-ID-IT 48/CT","1","12","NON FOOD","BONUS","PC","48.0000","CT","0.0000","0.0000","1202","HANSAPLAST","","","ABCDEFGHI","","76082-00003-03"
"76109-09000-00_BD","HP FAB STR SWP ASS 10 ID 76109","1","12","FOOD","BAD","PC","180.0000","CT","2096.2000","2350.0000","1202","HANSAPLAST","","","ABCDEFGHI","","76109-09000-00"
"76109-09000-01_BN","HP FAB STR SWP ASS 10 ID 76109","1","12","FOOD","BONUS","BX","180.0000","CT","0.0000","0.0000","1202","HANSAPLAST","","","ABCDEFGHI","","76109-09000-01"
"76109-09000-02_BD","HP FAB STR SWP ASS 10 ID 76109","1","12","NON FOOD","BAD","PC","180.0000","CT","4444.8400","4983.0000","1202","HANSAPLAST","","","ABCDEFGHI","","76109-09000-02"
"76109-09000-04","HP KAIN ELASTIS 10 LEMBAR","1","12","FOOD","GOOD","PC","180.0000","CT","5228.0000","5755.0000","1202","HANSAPLAST","","","ABCDEFGHI","","76109-09000-04"
"76109-09000-04_BD","HP KAIN ELASTIS 10 LEMBAR","1","12","NON FOOD","BAD","PC","180.0000","CT","4745.4200","5232.0000","1202","HANSAPLAST","","","","","76109-09000-04"
"76109-09000-05","HP FAB STR HL ASS 10 ID 76109","1","12","NON FOOD","GOOD","PC","180.0000","CT","5228.0000","5755.0000","1202","HANSAPLAST","","","","76109-09000-05","76109-09000-05"
"76109-09000-05_BD","HP FAB STR HL ASS 10 ID 76109","1","12","NON FOOD","BAD","PC","180.0000","CT","5228.0000","5755.0000","1202","HANSAPLAST","","","","76109-09000-05","76109-09000-05"
"763717_B","KRAFT KEJU CAKE 12X12X16G","1","28","FOOD","BAD","PC","144.0000","CT","1073.0000","1349.0000","2804","OREO/RITZ","2804","OREO/RITZ","A","","763717"
"763717_BD","KRAFT KEJU CAKE 12X12X16G","1","28","FOOD","BAD","PC","144.0000","CT","1456.0000","1830.0000","2804","OREO/RITZ","2804","OREO/RITZ","","","763717"
"76539-09000-00_BD","HP KOYO HANGAT RI 200/CT","1","12","NON FOOD","BAD","PC","200.0000","CT","3365.5200","3773.0000","1202","HANSAPLAST","","","ABCDEFGHI","","76539-09000-00"
"76539-09001-00_BD","HP KOYO HANGAT RI 10S FLIP 200/CT","1","12","FOOD","BAD","PC","200.0000","CT","3243.3100","0.0000","1202","HANSAPLAST","","","ABCDEFGHI","","76539-09001-00"
"76539-09001-00_BN","HP KOYO HANGAT RI 10S FLIP 200/CT","1","12","NON FOOD","BONUS","PC","200.0000","CT","0.0000","0.0000","1202","HANSAPLAST","","","ABCDEFGHI","","76539-09001-00"
"76539-09001-01_BN","HP KOYO HANGAT RI 10S RE","1","12","NON FOOD","BONUS","PC","200.0000","CT","0.0000","0.0000","1202","HANSAPLAST","","","ABCDEFGHI","","76539-09001-01"
"76539-09001-02_BD","HP KOYO HANGAT RI 10S RESEALABLE","1","12","NON FOOD","BAD","PC","200.0000","CT","5443.8800","5548.0000","1202","HANSAPLAST","","","ABCDEFGHI","","76539-09001-02"
"76539-09001-02_BN","HP KOYO HANGAT RI 10S RESEALABLE","1","12","FOOD","BONUS","PC","200.0000","CT","0.0000","0.0000","1202","HANSAPLAST","","","ABCDEFGHI","","76539-09001-02"
"76539-09001-03_BD","HP KOYO HANGAT RI 10S RESEALABLE","1","12","NON FOOD","BAD","PC","200.0000","CT","5443.8800","6103.0000","1202","HANSAPLAST","","","","","76539-09001-03"
"76539-09001-04","HP KOYO HANGAT RESEALABLE 10 LEMBAR","1","12","NON FOOD","GOOD","PC","200.0000","CT","7014.0000","7720.0000","1202","HANSAPLAST","","","","","76539-09001-04"
"76539-09001-05","HP KOYO HANGAT RESEALABLE 10 LEMBAR","1","12","NON FOOD","GOOD","PC","200.0000","CT","7014.0000","7720.0000","1202","HANSAPLAST","","","","","76539-09001-05"
"76539-09001-05_BD","HP KOYO HANGAT RESEALABLE 10 LEMBAR","1","12","NON FOOD","BAD","PC","200.0000","CT","7014.0000","7720.0000","1202","HANSAPLAST","","","","","76539-09001-05"
"76539-09002-00_BD","HP KOYO HANGAT RI 2S RCG","1","12","NON FOOD","BAD","PC","1000.0000","CT","1030.3500","1136.0000","1202","HANSAPLAST","","","ABCDEFGHI","","76539-09002-00"
"76539-09002-00_BN","HP KOYO HANGAT RI 2S RCG","1","12","FOOD","BONUS","PC","1000.0000","CT","0.0000","0.0000","1202","HANSAPLAST","","","ABCDEFGHI","","76539-09002-00"
"76539-09002-01_BD","HP KOYO HANGAT RI 2S","1","12","FOOD","BAD","PC","1000.0000","CT","1013.3100","1136.0000","1202","HANSAPLAST","","","ABCDEFGHI","","76539-09002-01"
"76539-09002-01_BN","HP KOYO HANGAT RI 2S","1","12","FOOD","BONUS","PC","1000.0000","CT","0.0000","0.0000","1202","HANSAPLAST","","","ABCDEFGHI","","76539-09002-01"
"76539-09003-00","HP KOYO HANGAT HANGER","1","12","FOOD","GOOD","PC","50.0000","CT","26594.0000","29272.0000","1202","HANSAPLAST","","","ABCDEFGIJ","","76539-09003-00"
"76539-09003-00_BD","HP KOYO HANGAT HANGER","1","12","NON FOOD","BAD","PC","50.0000","CT","23086.7800","25454.0000","1202","HANSAPLAST","","","ABCDEFGHI","","76539-09003-00"
"76539-09003-00_BN","HP KOYO HANGAT HANGER","1","12","FOOD","BONUS","PC","50.0000","CT","0.0000","0.0000","1202","HANSAPLAST","","","ABCDEFGHI","","76539-09003-00"
"76539-09003-01","HP KOYO HANGAT RENCENG 2LEMBAR","1","12","NON FOOD","GOOD","PC","50.0000","CT","26594.0000","29272.0000","1202","HANSAPLAST","","","","","76539-09003-01"
"76539-09003-01_BD","HP KOYO HANGAT RENCENG 2LEMBAR","1","12","NON FOOD","BAD","PC","50.0000","CT","23086.7800","25454.0000","1202","HANSAPLAST","","","","","76539-09003-01"
"76539-09003-02","HP KOYO HANGAT RENCENG 2 LEMBAR HANGER","1","12","NON FOOD","GOOD","PC","50.0000","CT","26594.0000","29272.0000","1202","HANSAPLAST","","","","","76539-09003-02"
"76539-09003-02_BD","HP KOYO HANGAT RENCENG 2 LEMBAR HANGER","1","12","FOOD","BAD","PC","50.0000","CT","26594.0000","29272.0000","1202","HANSAPLAST","","","","","76539-09003-02"
"76539-09003-03","HP KOYO HANGAT RENCENG 2 LEMBAR","1","12","NON FOOD","GOOD","PC","50.0000","CT","26594.0000","29272.0000","1202","HANSAPLAST","","","","","76539-09003-03"
"76539-09003-03_BD","HP KOYO HANGAT RENCENG 2 LEMBAR","1","12","NON FOOD","BAD","PC","50.0000","CT","23086.7800","25454.0000","1202","HANSAPLAST","","","","","76539-09003-03"
"76539-09004-00","HP KOYO BIG PATCH HANGAT 5S","1","12","FOOD","GOOD","PC","100.0000","CT","9261.9800","10227.0000","1202","HANSAPLAST","","","DEHJ","","76539-09004-00"
"76539-09004-00_BD","HP KOYO BIG PATCH HANGAT 5S","1","12","FOOD","BAD","PC","100.0000","CT","9275.8900","10227.0000","1202","HANSAPLAST","","","ABCDEFGHI","","76539-09004-00"
"76766-09000-00_BD","HP FAB STR SWP 65X19 50 ID JUNIOR FUN","1","12","NON FOOD","BAD","PC","200.0000","CT","10704.0000","0.0000","1202","HANSAPLAST","","","ABCDEFGHI","","76766-09000-00"
"76766-09000-00_BN","HP FAB STR SWP 65X19 50 ID JUNIOR FUN","1","12","NON FOOD","BONUS","PC","200.0000","CT","0.0000","0.0000","1202","HANSAPLAST","","","ABCDEFGHI","","76766-09000-00"
"76768-00000-06_BN","HP FAB STR SWP ASS 10 ID JUNIOR FUN","1","12","NON FOOD","BONUS","PC","180.0000","CT","0.0000","0.0000","1202","HANSAPLAST","","","ABCDEFGHI","","76768-00000-06"
"76768-09000-00_BD","HP FAB STR SWP ASS 10 ID JUNIOR FUN","1","12","NON FOOD","BAD","PC","180.0000","CT","2319.0000","2600.0000","1202","HANSAPLAST","","","ABCDEFGHI","","76768-09000-00"
"76768-09000-00_BN","HP FAB STR SWP ASS 10 ID JUNIOR FUN","1","12","NON FOOD","BONUS","PC","180.0000","CT","0.0000","0.0000","1202","HANSAPLAST","","","ABCDEFGHI","","76768-09000-00"
"76768-09001-01_BN","HP FAB STR 8 ID JUNIOR FUN","1","12","NON FOOD","BONUS","PC","180.0000","CT","0.0000","0.0000","1202","HANSAPLAST","","","ABCDEFGHI","","76768-09001-01"
"76768-09001-04_BD","HP FAB STR 8 ID JUNIOR FUN","1","12","FOOD","BAD","PC","180.0000","CT","2153.2800","2414.0000","1202","HANSAPLAST","","","ABCDEFGHI","","76768-09001-04"
"76768-09002-00_BN","HP FAB STR ASS 8 ID JUNIOR","1","12","NON FOOD","BONUS","PC","50.0000","CT","0.0000","0.0000","1202","HANSAPLAST","","","ABCDEFGHI","","76768-09002-00"
"76768-09002-01_BN","HP FAB STR ASS 8 ID JUNIOR FUNF+HGER","1","12","FOOD","BONUS","PC","50.0000","CT","0.0000","0.0000","1202","HANSAPLAST","","","ABCDEFGHI","","76768-09002-01"
"76768-09002-02_BN","HP FAB STR ASS 8 ID JUNIOR FUN+HGR","1","12","FOOD","BONUS","PC","50.0000","CT","0.0000","0.0000","1202","HANSAPLAST","","","ABCDEFGHI","","76768-09002-02"
"784449_B","OREO ICE CREAM ORANGE 29.4GR","1","28","FOOD","BAD","PC","144.0000","CT","1061.0000","1276.0000","2804","OREO/RITZ","2804","OREO/RITZ","A","","784449"
"784469_B","OREO ICE CREAM ORANGE 137GR","1","28","FOOD","BAD","PC","24.0000","CT","4836.0000","5285.0000","2804","OREO/RITZ","2804","OREO/RITZ","A","","784469"
"785380_B","BISKUAT SANDWICH CHOCO KRIM 6X24X14.4GR","1","28","FOOD","BAD","PC","144.0000","CT","358.0000","391.0000","2802","BISKUAT","2802","BISKUAT","A","","785380"
"80027-04800-28_BD","NMEN DEO SPRY DEEP 150ML","1","12","FOOD","BAD","PC","12.0000","CT","36821.7600","41280.0000","1201","NIVEA","","","ABCDEFGHI","","80027-04800-28"
"80027-04800-30_BD","NDEO SPY DP ML 150ML","1","12","FOOD","BAD","PC","12.0000","CT","36821.7600","41280.0000","1201","NIVEA","","","","","80027-04800-30"
"80027-04800-62","NDEO MEN DEEP SPY 150ML","1","12","NON FOOD","GOOD","PC","12.0000","CT","39974.0000","44000.0000","1210","ROLL ON 25ML","","","","","80027-04800-62"
"80027-04800-62_BD","NDEO MEN DEEP SPY 150ML","1","12","NON FOOD","BAD","PC","12.0000","CT","39974.0000","44000.0000","1201","NIVEA","","","","","80027-04800-62"
"80027-07700-33","NDEO MEN SPY DEEP 150ML","1","12","NON FOOD","GOOD","PC","12.0000","CT","39974.0000","44000.0000","1205","ROLL ON 150ML","","","","","80027-07700-33"
"80027-07700-33_BD","NDEO MEN SPY DEEP 150ML","1","12","NON FOOD","BAD","PC","12.0000","CT","39974.0000","44000.0000","1205","ROLL ON 150ML","","","","","80027-07700-33"
"80027-07700-64","NDEO SPRAY DEEP 150ML","1","12","NON FOOD","GOOD","PC","12.0000","CT","39974.0000","44000.0000","1205","ROLL ON 150ML","","","","","80027-07700-64"
"80027-07700-64_BD","NDEO SPRAY DEEP 150ML","1","12","FOOD","BAD","PC","12.0000","CT","39974.0000","44000.0000","1205","ROLL ON 150ML","","","","","80027-07700-64"
"80027-07700-78","NDEO SPRAY DEEP 150ML","1","12","NON FOOD","GOOD","PC","12.0000","CT","39974.0000","44000.0000","1203","NIVEA MEN","","","","","80027-07700-78"
"80030-04800-28_BD","NMEN DEO ROLL ON DEEP 25ML","1","12","FOOD","BAD","PC","30.0000","CT","8320.5700","9328.0000","1201","NIVEA","","","ABCDEFGHI","","80030-04800-28"
"80030-04800-30","NDEO Roll On Deep 25ml","1","12","FOOD","GOOD","PC","30.0000","CT","10084.0000","11100.0000","1201","NIVEA","","","ABCDEFGHI","","80030-04800-30"
"80030-04800-30_BD","NDEO Roll On Deep 25ml","1","12","NON FOOD","BAD","PC","30.0000","CT","10084.0000","11100.0000","1201","NIVEA","","","","","80030-04800-30"
"80030-04800-32_BD","NDEO MEN DEEP 25ML","1","12","NON FOOD","BAD","PC","30.0000","CT","8786.2000","9850.0000","1201","NIVEA","","","","","80030-04800-32"
"80030-04800-33","NDEO ROLL ON MEN DEEP 25ML","1","12","NON FOOD","GOOD","PC","30.0000","CT","10084.0000","11100.0000","1201","NIVEA","","","","","80030-04800-33"
"80030-04800-33_BD","NDEO ROLL ON MEN DEEP 25ML","1","12","NON FOOD","BAD","PC","30.0000","CT","0.0000","0.0000","1201","NIVEA","","","","","80030-04800-33"
"80030-04800-64","NDEO RLL ON DEEP ML 25ML","1","12","NON FOOD","GOOD","PC","30.0000","CT","10084.0000","11100.0000","1210","ROLL ON 25ML","","","","","80030-04800-64"
"80030-04800-64_BD","NDEO RLL ON DEEP ML 25ML","1","12","NON FOOD","BAD","PC","30.0000","CT","10084.0000","11100.0000","1210","ROLL ON 25ML","","","","","80030-04800-64"
"80030-04800-67","NDEO RLL ON DEEP ML 25ML","1","12","NON FOOD","GOOD","PC","30.0000","CT","10084.3500","11100.0000","1210","ROLL ON 25ML","","","","","80030-04800-67"
"80030-04810-28_BD","NDEO ROLL ON DEEP 25ML","1","12","FOOD","BAD","PC","30.0000","CT","8320.5700","9328.0000","1201","NIVEA","","","ABCDEFGHI","","80030-04810-28"
"80031-04800-30","NDEO Roll On Deep 50ml","1","12","FOOD","GOOD","PC","24.0000","CT","15717.0000","17300.0000","1201","NIVEA","","","ABCDEFGHI","","80031-04800-30"
"80031-04800-30_BD","NDEO Roll On Deep 50ml","1","12","NON FOOD","BAD","PC","24.0000","CT","15074.3400","15907.0000","1201","NIVEA","","","ABCDEFGHI","","80031-04800-30"
"80031-04800-32","NDEO ROLL ON DEEP 50ML","1","12","NON FOOD","GOOD","PC","24.0000","CT","15717.0000","17300.0000","1204","ROLL ON 50ML","","","","","80031-04800-32"
"80031-04800-32_BD","NDEO ROLL ON DEEP 50ML","1","12","NON FOOD","BAD","PC","24.0000","CT","15074.3400","16620.0000","1201","NIVEA","","","","","80031-04800-32"
"80031-04800-33","NMEN ROLL ON DEEP 50ML","1","12","NON FOOD","GOOD","PC","24.0000","CT","15717.0000","17300.0000","1204","ROLL ON 50ML","","","","","80031-04800-33"
"80031-04800-33_BD","NMEN ROLL ON DEEP 50ML","1","12","NON FOOD","BAD","PC","24.0000","CT","15717.0000","17300.0000","1204","ROLL ON 50ML","","","","","80031-04800-33"
"80031-04800-64","NMEN ROLL ON DEEP 50ML","1","12","NON FOOD","GOOD","PC","24.0000","CT","15717.0000","17300.0000","1204","ROLL ON 50ML","","","","","80031-04800-64"
"80031-04800-64_BD","NMEN ROLL ON DEEP 50ML","1","12","NON FOOD","GOOD","PC","24.0000","CT","15717.0000","17300.0000","1204","ROLL ON 50ML","","","","","80031-04800-64"
"80031-04800-78","NDEO ROLL ON DEEP 50ML","1","12","NON FOOD","GOOD","PC","24.0000","CT","15717.0500","17300.0000","1203","NIVEA MEN","","","","","80031-04800-78"
"80031-04810-30","NDEO ROLL ON DEEP 50ML","1","12","FOOD","GOOD","PC","24.0000","CT","15051.7300","16620.0000","1201","NIVEA","","","ABCDEFGHI","","80031-04810-30"
"80031-04810-30_BD","NDEO ROLL ON DEEP 50ML","1","12","FOOD","BAD","PC","24.0000","CT","15074.3400","16620.0000","1201","NIVEA","","","","","80031-04810-30"
"801004","HBL SEOJIN BRIGHTENING PINK 250ML","1","M1","FOOD","GOOD","PC","12.0000","CT","20000.0000","25000.0000","8993","PT. EASTON KALERIS INDONESIA","","","ABCDEFGHJI","","801004"
"801004_BD","HBL SEOJIN BRIGHTENING PINK 250ML","1","M1","FOOD","BAD","PC","12.0000","CT","20000.0000","25000.0000","8993","PT. EASTON KALERIS INDONESIA","","","","","801004"
"80102-04800-40","NIVEA CREME TIN 60ML","1","12","NON FOOD","GOOD","PC","48.0000","CT","20413.9900","22470.0000","1201","NIVEA","","","EHI","","80102-04800-40"
"80102-04800-40_BD","NIVEA CREME TIN 60ML","1","12","FOOD","BAD","PC","48.0000","CT","18956.3000","20900.0000","1201","NIVEA","","","ABCDEFGHI","","80102-04800-40"
"80102-04888-00","NIVEA CREME TIN 60ML SUSTALNABILLITY","1","12","NON FOOD","GOOD","PC","48.0000","CT","20413.9900","22470.0000","1201","NIVEA","","","","","80102-04888-00"
"801028","HBL SEOJIN MOISTURIZING TOSCA 250ML","1","M1","FOOD","GOOD","PC","12.0000","CT","20000.0000","25000.0000","8993","PT. EASTON KALERIS INDONESIA","","","ABCDEFGHJI","","801028"
"801028_BD","HBL SEOJIN MOISTURIZING TOSCA 250ML","1","M1","NON FOOD","BAD","PC","12.0000","CT","20000.0000","25000.0000","8993","PT. EASTON KALERIS INDONESIA","","","","","801028"
"801035","ARIELA EDT GLASS PRICESIA 100ML","1","M1","NON FOOD","GOOD","PC","12.0000","CT","25945.9400","32432.4300","8993","PT. EASTON KALERIS INDONESIA","","","","","801035"
"801035_BD","ARIELA EDT GLASS PRICESIA 100ML","1","M1","NON FOOD","BAD","PC","12.0000","CT","25945.9400","32432.4300","8993","PT. EASTON KALERIS INDONESIA","","","","","801035"
"801042_BD","ARIELA EDT GLASS MI AMORE 100ML","1","M1","NON FOOD","BAD","PC","12.0000","CT","25945.9400","32432.4300","8993","PT. EASTON KALERIS INDONESIA","","","","","801042"
"801059","VIVELLE EDT 100ML SE PARIS NEW","1","M1","FOOD","GOOD","PC","12.0000","CT","25225.0000","31532.0000","8993","PT. EASTON KALERIS INDONESIA","","","ABCDEFGHJI","","801059"
"801059_BD","VIVELLE EDT 100ML SE PARIS NEW","1","M1","FOOD","BAD","PC","12.0000","CT","25225.0000","31532.0000","8993","PT. EASTON KALERIS INDONESIA","","","","","801059"
"801101","SEOJIN FACIAL MIST 75ML HYDRATING","1","M1","NON FOOD","GOOD","PC","24.0000","CT","30269.9000","37837.8300","8993","PT. EASTON KALERIS INDONESIA","","","","","801101"
"801101_BD","SEOJIN FACIAL MIST 75ML HYDRATING","1","M1","NON FOOD","BAD","PC","24.0000","CT","30269.9000","37837.8300","8993","PT. EASTON KALERIS INDONESIA","","","","","801101"
"801103","VV-VIVELLE RO PINK EXTRA STRONG","1","M1","FOOD","GOOD","PC","36.0000","CT","11243.2400","14054.0500","8993","PT. EASTON KALERIS INDONESIA","","","ABCDEFGHI","","801103"
"801103_BD","VV-VIVELLE RO PINK EXTRA STRONG","1","M1","FOOD","BAD","PC","36.0000","CT","11243.2400","14054.0500","8993","PT. EASTON KALERIS INDONESIA","","","","","801103"
"801110","VV-VIVELLE RO BLUE WHITENING FRESH","1","M1","FOOD","GOOD","PC","36.0000","CT","11243.2400","14054.0500","8993","PT. EASTON KALERIS INDONESIA","","","ABCDEFGHI","","801110"
"801110_BD","VV-VIVELLE RO BLUE WHITENING FRESH","1","M1","FOOD","BAD","PC","36.0000","CT","11243.2400","14054.0500","8993","PT. EASTON KALERIS INDONESIA","","","ABCDEFGHI","","801110"
"801134","VV-VIVELLE BM 180ML TOSCA/ALLEGRE","1","M1","FOOD","GOOD","PC","12.0000","CT","17657.6500","22072.0700","8993","PT. EASTON KALERIS INDONESIA","","","ABCDEFGHI","","801134"
"801134_BD","VV-VIVELLE BM 180ML TOSCA/ALLEGRE","1","M1","FOOD","BAD","PC","12.0000","CT","17657.6500","22072.0700","8993","PT. EASTON KALERIS INDONESIA","","","","","801134"
"801141","VV-VIVELLE BM 100ML TOSCA/ALLEGRE","1","M1","FOOD","GOOD","PC","24.0000","CT","13837.8400","17297.3000","8993","PT. EASTON KALERIS INDONESIA","","","ABCDEFGHI","","801141"
"801141_BD","VV-VIVELLE BM 100ML TOSCA/ALLEGRE","1","M1","FOOD","BAD","PC","24.0000","CT","13837.8400","17297.3000","8993","PT. EASTON KALERIS INDONESIA","","","ABCDEFGHI","","801141"
"801165","VV-VIVELLE BM 100ML RED/MAGIQUE","1","M1","FOOD","GOOD","PC","24.0000","CT","13837.8400","17297.3000","8993","PT. EASTON KALERIS INDONESIA","","","ABCDEFGHI","","801165"
"801165_BD","VV-VIVELLE BM 100ML RED/MAGIQUE","1","M1","NON FOOD","BAD","PC","24.0000","CT","13837.8400","17297.3000","8993","PT. EASTON KALERIS INDONESIA","","","ABCDEFGHI","","801165"
"80117-04800-08","NFC MICELLAR XPERT 125ML","1","12","NON FOOD","GOOD","PC","30.0000","CT","30674.0100","33870.0000","1207","MICELLAR","","","DEHI","","80117-04800-08"
"80117-04800-08 _BD","NFC MUC MICELLAIR WATER BLACK 125ML","1","12","NON FOOD","BAD","PC","30.0000","CT","30674.0100","33870.0000","1201","NIVEA","","","","","80117-04800-08"
"80117-04800-08_BD","NFC MICELLAR XPERT 125ML","1","12","NON FOOD","BAD","PC","30.0000","CT","30720.0900","33870.0000","1207","MICELLAR","","","ABCDEFGHI","","80117-04800-08"
"801271_BD","VV-WESLEY 120ML PATRIOT","1","M1","NON FOOD","BAD","PC","12.0000","CT","10181.8200","12727.2700","8993","PT. EASTON KALERIS INDONESIA","","","","","801271"
"801295_BD","VV-WESLEY 120ML WARIORS","1","M1","NON FOOD","BAD","PC","12.0000","CT","10181.8200","12727.2700","8993","PT. EASTON KALERIS INDONESIA","","","","","801295"
"80130-04800-17_BD","NCREME JAR 100ML 36/CT","1","12","NON FOOD","BAD","JR","36.0000","CT","15164.0000","17000.0000","NC","NIVEA CREME","","","ABCDEFGHI","","80130-04800-17"
"80130-04800-17_BN","NCREME JAR 100ML 36/CT","1","12","NON FOOD","BONUS","PC","36.0000","CT","0.0000","0.0000","1201","NIVEA","","","ABCDEFGHI","","80130-04800-17"
"801301","VIVELLE HAND SOAP ANTIBACTERIAL 200 ML GREEN LEMON","1","M1","NON FOOD","GOOD","PC","12.0000","CT","9381.6000","11727.0000","8993","PT. EASTON KALERIS INDONESIA","","","ABCDEFGHI","","801301"
"801301_BD","VIVELLE HAND SOAP ANTIBACTERIAL 200 ML GREEN","1","M1","FOOD","BAD","PC","12.0000","CT","9381.6000","11727.0000","8993","PT. EASTON KALERIS INDONESIA","","","ABCDEFGHI","","801301"
"801318","VIVELLE HAND SOAP ANTIBACTERIAL 200ML BLUE ICE FRT","1","M1","NON FOOD","GOOD","PC","12.0000","CT","9381.0000","11727.0000","8993","PT. EASTON KALERIS INDONESIA","","","ABCDEFGHI","","801318"
"801318_BD","VIVELLE HAND SOAP ANTIBACTERIAL 200 ML BLUE","1","M1","FOOD","BAD","PC","12.0000","CT","9381.0000","11727.0000","8993","PT. EASTON KALERIS INDONESIA","","","ABCDEFGHI","","801318"
"801325","VIVELLE EDT GLASS 100 ML LOVELY 100 ML","1","M1","NON FOOD","GOOD","PC","12.0000","CT","25225.0000","31532.0000","8993","PT. EASTON KALERIS INDONESIA","","","ABCDEFGHI","","801325"
"801325_BD","VIVELLE EDT GLASS 100 ML LOVELY 100 ML","1","M1","FOOD","BAD","PC","12.0000","CT","25225.0000","31532.0000","8993","PT. EASTON KALERIS INDONESIA","","","","","801325"
"80133-04800-17_BD","NCREME JAR 50 ML 48/CT","1","12","NON FOOD","BAD","JR","48.0000","CT","9553.3200","10710.0000","NC","NIVEA CREME","","","ABCDEFGHI","","80133-04800-17"
"80133-04800-17_BN","NCREME JAR 50 ML 48/CT","1","12","NON FOOD","BONUS","PC","48.0000","CT","0.0000","0.0000","NC","NIVEA CREME","","","ABCDEFGHI","","80133-04800-17"
"80133-04801-95_BD","NIVEA CREME JAR 50ML","1","12","FOOD","BAD","PC","48.0000","CT","9553.3200","10710.0000","1201","NIVEA","","","ABCDEFGHI","","80133-04801-95"
"801332","VIVELLE EDT 100ML SE MON AMOUR NEW","1","M1","FOOD","GOOD","PC","12.0000","CT","25225.0000","31532.0000","8993","PT. EASTON KALERIS INDONESIA","","","ABCDEFGHJI","","801332"
"801332_BD","VIVELLE EDT 100ML SE MON AMOUR NEW","1","M1","NON FOOD","BAD","PC","12.0000","CT","25225.0000","31532.0000","8993","PT. EASTON KALERIS INDONESIA","","","","","801332"
"801349","VIVELLE EDT GLASS 100 ML ADORE 100 ML","1","M1","NON FOOD","GOOD","PC","12.0000","CT","25225.0000","31532.0000","8993","PT. EASTON KALERIS INDONESIA","","","ABCDEFGHI","","801349"
"801349_BD","VIVELLE EDT GLASS 100 ML ADORE 100 ML","1","M1","FOOD","BAD","PC","12.0000","CT","25225.0000","31532.0000","8993","PT. EASTON KALERIS INDONESIA","","","ABCDEFGHI","","801349"
"801356","VV-VIVELLE BM 180ML RED/MAGIQUE","1","M1","FOOD","GOOD","PC","12.0000","CT","17657.6500","22072.0700","8993","PT. EASTON KALERIS INDONESIA","","","ABCDEFGHI","","801356"
"801356_BD","VV-VIVELLE BM 180ML RED/MAGIQUE","1","M1","NON FOOD","BAD","PC","12.0000","CT","17657.6500","22072.0700","8993","PT. EASTON KALERIS INDONESIA","","","","","801356"
"801387_BD","VV-VIVELLE BM 75ML GREEN/ENCHANTE","1","M1","FOOD","BAD","PC","48.0000","CT","9513.5100","11891.8900","8993","PT. EASTON KALERIS INDONESIA","","","ABCDEFGHI","","801387"
"801394_BD","VV-VIVELLE BM 75ML VIOLET/JOLIE","1","M1","FOOD","BAD","PC","48.0000","CT","9454.5400","11818.1800","8993","PT. EASTON KALERIS INDONESIA","","","ABCDEFGHI","","801394"
"801394BANDED_BD","VV-VIVELLE BM 75ML VIOLET/JOLIE BANDED HZ GEL 24pc","1","M1","NON FOOD","BAD","PC","24.0000","CT","9454.5400","11818.1800","8993","PT. EASTON KALERIS INDONESIA","","","","","801394BANDED"
"80140-04800-17","NCREME JAR 25ML 60/CT","1","12","NON FOOD","GOOD","JR","60.0000","CT","5026.3000","5550.0000","1201","NIVEA","","","ABCDEFGH","","80140-04800-17"
"80140-04800-17_BD","NCREME JAR 25ML 60/CT","1","12","NON FOOD","BAD","JR","60.0000","CT","5033.8500","5550.0000","NC","NIVEA CREME","","","ABCDEFGHI","","80140-04800-17"
"80140-04800-17_BN","NCREME JAR 25ML 60/CT","1","12","NON FOOD","BONUS","PC","60.0000","CT","0.0000","0.0000","1201","NIVEA","","","ABCDEFGHI","","80140-04800-17"
"801400_BD","VV-VIVELLE BM 75ML ORANGE/MIQUE","1","M1","FOOD","BAD","PC","48.0000","CT","9454.5400","11818.1800","8993","PT. EASTON KALERIS INDONESIA","","","ABCDEFGHI","","801400"
"801417_BD","VV-VIVELLE BM 75ML PINK/AMOUR","1","M1","FOOD","BAD","PC","48.0000","CT","9513.5100","11891.8900","8993","PT. EASTON KALERIS INDONESIA","","","ABCDEFGHI","","801417"
"801417BANDED_BD","VV-VIVELLE BM 75ML PINK/AMOUR BANDED HZ GEL 24pc","1","M1","NON FOOD","BAD","PC","24.0000","CT","9454.5400","11818.1800","8993","PT. EASTON KALERIS INDONESIA","","","","","801417BANDED"
"801424_BD","VV-VIVELLE BM 75ML YELLOW/DELICE","1","M1","FOOD","BAD","PC","48.0000","CT","9454.5400","11818.1800","8993","PT. EASTON KALERIS INDONESIA","","","ABCDEFGHI","","801424"
"801431_BD","VV-VIVELLE BM 75ML BLUE","1","M1","FOOD","BAD","PC","48.0000","CT","9513.5100","11891.8900","8993","PT. EASTON KALERIS INDONESIA","","","ABCDEFGHI","","801431"
"801448","VIVELLE EDT GLASS 100ML MOOI","1","M1","NON FOOD","GOOD","PC","12.0000","CT","25225.0000","31532.0000","8993","PT. EASTON KALERIS INDONESIA","","","","","801448"
"801448_BD","VIVELLE EDT GLASS 100ML MOOI","1","M1","NON FOOD","BAD","PC","12.0000","CT","25225.0000","31532.0000","8993","PT. EASTON KALERIS INDONESIA","","","","","801448"
"801455","VIVELLE EDT GLASS 100ML XOXO","1","M1","NON FOOD","GOOD","PC","12.0000","CT","25225.0000","31532.0000","8993","PT. EASTON KALERIS INDONESIA","","","","","801455"
"801455_BD","VIVELLE EDT GLASS 100ML XOXO","1","M1","NON FOOD","BAD","PC","12.0000","CT","25225.0000","31532.0000","8993","PT. EASTON KALERIS INDONESIA","","","","","801455"
"801523_BD","VV-VIVELLE BM 75ML TOSCA/ALLEGRE","1","M1","FOOD","BAD","PC","48.0000","CT","9454.5400","11818.1800","8993","PT. EASTON KALERIS INDONESIA","","","","","801523"
"801530_BD","VV-VIVELLE BM 75ML RED/MAGIQUE","1","M1","FOOD","BAD","PC","48.0000","CT","9513.5100","11891.8900","8993","PT. EASTON KALERIS INDONESIA","","","ABCDEFGHI","","801530"
"801608_BD","ARIELA EDT GLASS BONITA 100ML","1","M1","NON FOOD","BAD","PC","12.0000","CT","25945.9400","32432.4300","8993","PT. EASTON KALERIS INDONESIA","","","","","801608"
"801615","ARIELA EDT GLASS ALEGRIA 100ML","1","M1","NON FOOD","GOOD","PC","12.0000","CT","25945.9400","32432.4300","8993","PT. EASTON KALERIS INDONESIA","","","","","801615"
"801615_BD","ARIELA EDT GLASS ALEGRIA 100ML","1","M1","NON FOOD","BAD","PC","12.0000","CT","25945.9400","32432.4300","8993","PT. EASTON KALERIS INDONESIA","","","","","801615"
"801660","VIVELLE Parfume Body Lotion Beau-Life 250ml","1","M1","NON FOOD","GOOD","PC","12.0000","CT","18234.0000","22793.0000","8993","PT. EASTON KALERIS INDONESIA","","","","","801660"
"801660_BD","VIVELLE Parfume Body Lotion Beau-Life 250ml","1","M1","FOOD","BAD","PC","12.0000","CT","18234.0000","22793.0000","8993","PT. EASTON KALERIS INDONESIA","","","","","801660"
"801677","VIVELLE Parfume Body Lotion Shim-Joy 250ML","1","M1","NON FOOD","GOOD","PC","12.0000","CT","18234.0000","22793.0000","8993","PT. EASTON KALERIS INDONESIA","","","","","801677"
"801677_BD","VIVELLE Parfume Body Lotion Shim-Joy 250ML","1","M1","FOOD","BAD","PC","12.0000","CT","18234.0000","22793.0000","8993","PT. EASTON KALERIS INDONESIA","","","","","801677"
"801752_BD","VIVELLE EDT PLASTIK 150ML PINK","1","M1","FOOD","BAD","PC","12.0000","CT","21296.0000","26620.0000","8993","PT. EASTON KALERIS INDONESIA","","","ABCDEFGHI","","801752"
"80178-04800-40_BD","NSFT PLS JAR LMT EDT GREEN 100ML","1","12","FOOD","BAD","PC","24.0000","CT","16948.0000","19000.0000","1201","NIVEA","","","ABCDEFGHI","","80178-04800-40"
"801783_BD","VIVELLE EDT PLASTIK 150ML GREEN","1","M1","FOOD","BAD","PC","12.0000","CT","21296.0000","26620.0000","8993","PT. EASTON KALERIS INDONESIA","","","ABCDEFGHI","","801783"
"80182-04800-40_BD","NSFT PLS JAR LMT EDT PINK 100ML","1","12","FOOD","BAD","PC","24.0000","CT","16948.0000","19000.0000","1201","NIVEA","","","ABCDEFGHI","","80182-04800-40"
"80185-04800-40_BD","NSFT PLS JAR LMT EDT YELLOW 100ML","1","12","FOOD","BAD","PC","24.0000","CT","16948.0000","19000.0000","1201","NIVEA","","","ABCDEFGHI","","80185-04800-40"
"801899","ARIELA EDP GLASS 50ML CASHMERE TOSCA","1","M1","NON FOOD","GOOD","PC","12.0000","CT","23784.0000","29730.0000","8993","PT. EASTON KALERIS INDONESIA","","","","","801899"
"801899_BD","ARIELA EDP GLASS 50ML CASHMERE TOSCA","1","M1","NON FOOD","BAD","PC","12.0000","CT","23784.0000","29730.0000","8993","PT. EASTON KALERIS INDONESIA","","","","","801899"
"801905","ARIELA EDP GLASS 50ML YLANG PINK","1","M1","NON FOOD","GOOD","PC","12.0000","CT","23784.0000","29730.0000","8993","PT. EASTON KALERIS INDONESIA","","","","","801905"
"801905_BD","ARIELA EDP GLASS 50ML YLANG PINK","1","M1","NON FOOD","BAD","PC","12.0000","CT","23784.0000","29730.0000","8993","PT. EASTON KALERIS INDONESIA","","","","","801905"
"801912","ARIELA EDP GLASS 50ML GOURMAND YELLOW","1","M1","NON FOOD","GOOD","PC","12.0000","CT","23784.0000","29730.0000","8993","PT. EASTON KALERIS INDONESIA","","","","","801912"
"801912_BD","ARIELA EDP GLASS 50ML GOURMAND YELLOW","1","M1","NON FOOD","BAD","PC","12.0000","CT","23784.0000","29730.0000","8993","PT. EASTON KALERIS INDONESIA","","","","","801912"
"801929_BD","VIVELLE BODY MIST HELLO KITTY 100ML","1","M1","NON FOOD","BAD","PC","24.0000","CT","11235.0000","14980.0000","8993","PT. EASTON KALERIS INDONESIA","","","","","801929"
"801936","VIVELLE Parfume Body Lotion Prec-Love 250ml","1","M1","NON FOOD","GOOD","PC","12.0000","CT","18234.0000","22793.0000","8993","PT. EASTON KALERIS INDONESIA","","","","","801936"
"801981","VIVELLE Parfume Body Lotion Adore 250ML","1","M1","NON FOOD","GOOD","PC","12.0000","CT","18234.0000","22793.0000","8993","PT. EASTON KALERIS INDONESIA","","","","","801981"
"801981_BD","VIVELLE Parfume Body Lotion Adore 250ML","1","M1","NON FOOD","BAD","PC","12.0000","CT","18234.0000","22793.0000","8993","PT. EASTON KALERIS INDONESIA","","","","","801981"
"801998","VIVELLE Parfume Body Lotion Mon Amour 250ML","1","M1","NON FOOD","GOOD","PC","12.0000","CT","18234.0000","22793.0000","8993","PT. EASTON KALERIS INDONESIA","","","","","801998"
"801998_BD","VIVELLE Parfume Body Lotion Mon Amour 250ML","1","M1","NON FOOD","BAD","PC","12.0000","CT","18234.0000","22793.0000","8993","PT. EASTON KALERIS INDONESIA","","","","","801998"
"80200-04800-84_BD","N INTENSIVE BODY LOTION 100ML 48.","1","12","NON FOOD","BAD","PC","48.0000","CT","6110.2000","6850.0000","NE","NBO ESSENTIAL","","","ABCDEFGHI","","80200-04800-84"
"80200-04800-84_BN","N INTENSIVE BODY LOTION 100ML 48.CT","1","12","NON FOOD","BONUS","PC","48.0000","CT","0.0000","0.0000","BN","BONUS","","","ABCDEFGHI","","80200-04800-84"
"80200-04800-85_BD","NBO INTENSIVE 100ML HYD 48/CT","1","12","NON FOOD","BAD","PC","48.0000","CT","6110.2000","0.0000","","","","","ABCDEFGHI","","80200-04800-85"
"80200-04800-85_BN","NBO INTENSIVE 100ML HYD 48/CT","1","12","NON FOOD","BONUS","PC","48.0000","CT","0.0000","0.0000","BN","BONUS","","","ABCDEFGHI","","80200-04800-85"
"80200-04800-86_BD","NBODY INTENSIVE MILK 100ML 48/CT","1","12","NON FOOD","BAD","PC","48.0000","CT","6110.0000","6850.0000","","","","","ABCDEFGHI","","80200-04800-86"
"80200-04800-86_BN","NBODY INTENSIVE MILK 100ML 48/CT","1","12","NON FOOD","BONUS","PC","48.0000","CT","0.0000","0.0000","","","","","ABCDEFGHI","","80200-04800-86"
"80200-04800-90_BN","NBO INTEN 100ML FLAGSHIP 48/CT","1","12","NON FOOD","BONUS","PC","48.0000","CT","0.0000","0.0000","NW","NBO WHITENING","","","ABCDEFGHI","","80200-04800-90"
"80200-04800-92_BN","NBO INTENSIVE 100ML FLAGSHIP","1","12","FOOD","BONUS","PC","48.0000","CT","0.0000","0.0000","NW","NBO WHITENING","","","ABCDEFGHI","","80200-04800-92"
"80201-04800-85_BN","NBO INTEN 250 EXTRAFIL 24/CT","1","12","NON FOOD","BONUS","PC","24.0000","CT","0.0000","0.0000","BN","BONUS","","","ABCDEFGHI","","80201-04800-85"
"80201-04800-86_BN","NBO INTEN 225 EXTRAFIL 24/CT","1","12","NON FOOD","BONUS","PC","24.0000","CT","0.0000","0.0000","","","","","ABCDEFGHI","","80201-04800-86"
"802025","VV-VIVELLE BS 150ML PEACH","1","M1","NON FOOD","GOOD","PC","24.0000","CT","15351.3500","19189.1900","8993","PT. EASTON KALERIS INDONESIA","","","","","802025"
"802025_BD","VV-VIVELLE BS 150ML PEACH","1","M1","FOOD","BAD","PC","24.0000","CT","15351.3500","19189.1900","8993","PT. EASTON KALERIS INDONESIA","","","","","802025"
"80203-04800-85_BD","NBO INTENSIVE 400ML HYD 12/CT","1","12","NON FOOD","BAD","PC","12.0000","CT","24084.0000","0.0000","","","","","ABCDEFGHI","","80203-04800-85"
"80203-04800-85_BN","NBO INTENSIVE 400ML HYD 12/CT","1","12","NON FOOD","BONUS","PC","12.0000","CT","0.0000","0.0000","","","","","ABCDEFGHI","","80203-04800-85"
"80203-04800-90_BN","NBO INTEN 400ML FLAGSHIP","1","12","NON FOOD","BONUS","PC","12.0000","CT","0.0000","0.0000","NW","NBO WHITENING","","","ABCDEFGHI","","80203-04800-90"
"80203-04800-92_BD","NBO INTENSIVE 400ML FLAGSHIP","1","12","NON FOOD","BAD","PC","12.0000","CT","48658.6000","54550.0000","NW","NBO WHITENING","","","ABCDEFGHI","","80203-04800-92"
"802032","VIVELLE Parfume Body Lotion Lovely 250ML","1","M1","NON FOOD","GOOD","PC","12.0000","CT","18234.0000","22793.0000","8993","PT. EASTON KALERIS INDONESIA","","","","","802032"
"802032_BD","VIVELLE Parfume Body Lotion Lovely 250ML","1","M1","NON FOOD","BAD","PC","12.0000","CT","18234.0000","22793.0000","8993","PT. EASTON KALERIS INDONESIA","","","","","802032"
"80204-04800-37_BD","NBO INTENSIVE MOISTURE LOTION 400ML","1","12","FOOD","BAD","PC","12.0000","CT","48658.6000","54550.0000","1201","NIVEA","","","ABCDEFGHI","","80204-04800-37"
"80204-04800-39_BD","NBODY ESS PMP RCH_CRG_MLK 400ML","1","12","FOOD","BAD","PC","12.0000","CT","48658.6000","54550.0000","1201","NIVEA","","","ABCDEFGHI","","80204-04800-39"
"80204-04810-39_BD","NBO INTENSIVE MOIST LOTION 400ML","1","12","FOOD","BAD","PC","12.0000","CT","49476.8500","54550.0000","1201","NIVEA","","","","","80204-04810-39"
"802063","VV-VIVELLE EDT PLASTIK 100ML ROSA  GOLD","1","M1","FOOD","GOOD","PC","24.0000","CT","17657.6500","22072.0700","8993","PT. EASTON KALERIS INDONESIA","","","ABCDEFGHI","","802063"
"802063_BD","VV-VIVELLE EDT PLASTIK 100ML ROSA  GOLD","1","M1","FOOD","BAD","PC","24.0000","CT","17667.6500","22072.0700","8993","PT. EASTON KALERIS INDONESIA","","","","","802063"
"802070","VV-VIVELLE EDT PLASTIK 100ML FELICITA BLUE","1","M1","FOOD","GOOD","PC","24.0000","CT","17657.6500","22072.0700","8993","PT. EASTON KALERIS INDONESIA","","","ABCDEFGHI","","802070"
"802070_BD","VV-VIVELLE EDT PLASTIK 100ML FELICITA BLUE","1","M1","FOOD","BAD","PC","24.0000","CT","17657.6500","22072.0700","8993","PT. EASTON KALERIS INDONESIA","","","ABCDEFGHI","","802070"
"802087","VV-VIVELLE EDT PLASTIK 100ML PINK BELLA","1","M1","FOOD","GOOD","PC","24.0000","CT","17657.6500","22072.0700","8993","PT. EASTON KALERIS INDONESIA","","","ABCDEFGHI","","802087"
"802087_BD","VV-VIVELLE EDT PLASTIK 100ML PINK BELLA","1","M1","FOOD","BAD","PC","24.0000","CT","16000.0000","20000.0000","8993","PT. EASTON KALERIS INDONESIA","","","ABCDEFGHI","","802087"
"80210-04800-37_BD","NBO INTENSIVE MOISTURE LOTION 200ML","1","12","FOOD","BAD","PC","24.0000","CT","24860.0400","27870.0000","1201","NIVEA","","","ABCDEFGHI","","80210-04800-37"
"80210-04800-39_BD","NBO Intensive Lotion 200ml","1","12","FOOD","BAD","PC","24.0000","CT","24860.0400","27870.0000","1201","NIVEA","","","ABCDEFGHI","","80210-04800-39"
"80210-04800-84_BD","N.INTENSIVE BODY LOT 200ML 24/CT","1","12","NON FOOD","BAD","BT","24.0000","CT","11729.8000","13150.0000","NE","NBO ESSENTIAL","","","ABCDEFGHI","","80210-04800-84"
"80210-04800-84_BN","N.INTENSIVE BODY LOT 200ML 24/CT","1","12","NON FOOD","BONUS","PC","24.0000","CT","0.0000","0.0000","BN","BONUS","","","ABCDEFGHI","","80210-04800-84"
"80210-04800-85_BD","NBO INTENSIVE 200ML HYD 24/CT","1","12","NON FOOD","BAD","PC","24.0000","CT","11729.8000","0.0000","","","","","ABCDEFGHI","","80210-04800-85"
"80210-04800-85_BN","NBO INTENSIVE 200ML HYD 24/CT","1","12","FOOD","BONUS","PC","24.0000","CT","0.0000","0.0000","BN","BONUS","","","ABCDEFGHI","","80210-04800-85"
"80210-04800-86_BN","NBODY INTENSIVE MILK 200ML","1","12","NON FOOD","BONUS","PC","24.0000","CT","0.0000","0.0000","","","","","ABCDEFGHI","","80210-04800-86"
"80210-04800-90_BN","NBO INTEN 200ML FLAGSHIP","1","12","NON FOOD","BONUS","PC","24.0000","CT","0.0000","0.0000","NW","NBO WHITENING","","","ABCDEFGHI","","80210-04800-90"
"80210-04800-92_BD","NBO INTENSIVE 200ML FLAGSHIP","1","12","NON FOOD","BAD","PC","24.0000","CT","24860.0400","27870.0000","NW","NBO WHITENING","","","ABCDEFGHI","","80210-04800-92"
"80210-04800-92_BN","NBO INTENSIVE 200ML FLAGSHIP","1","12","NON FOOD","BONUS","PC","24.0000","CT","0.0000","0.0000","1201","NIVEA","","","ABCDEFGHI","","80210-04800-92"
"80210-04810-39_BD","NBO Intensive Lotion 200ml","1","12","FOOD","BAD","PC","24.0000","CT","25278.0900","27870.0000","1201","NIVEA","","","","","80210-04810-39"
"802100","VV-VIVELLE EDT PLASTIK BELISIMA GREEN 100ML","1","M1","FOOD","GOOD","PC","24.0000","CT","17657.6500","22072.0700","8993","PT. EASTON KALERIS INDONESIA","","","ABCDEFGHI","","802100"
"802100_BD","VV-VIVELLE EDT PLASTIK BELISIMA GREEN 100ML","1","M1","FOOD","BAD","PC","24.0000","CT","17657.6500","22072.0700","8993","PT. EASTON KALERIS INDONESIA","","","ABCDEFGHI","","802100"
"802117","VV-VIVELLE EDT PLASTIK 100ML VIOLET CARINA","1","M1","FOOD","GOOD","PC","24.0000","CT","17657.6500","22072.0700","8993","PT. EASTON KALERIS INDONESIA","","","ABCDEFGHI","","802117"
"802117_BD","VV-VIVELLE EDT PLASTIK 100ML VIOLET CARINA","1","M1","FOOD","BAD","PC","24.0000","CT","17657.6500","22072.0700","8993","PT. EASTON KALERIS INDONESIA","","","ABCDEFGHI","","802117"
"802278","SEOJIN FACIAL MIST 75ML BRIGHTENING","1","M1","NON FOOD","GOOD","PC","24.0000","CT","30269.9000","37837.8200","8993","PT. EASTON KALERIS INDONESIA","","","","","802278"
"802278_BD","SEOJIN FACIAL MIST 75ML BRIGHTENING","1","M1","FOOD","BAD","PC","24.0000","CT","30269.9000","37837.8200","8993","PT. EASTON KALERIS INDONESIA","","","","","802278"
"80232-04800-37_BD","NBO INTENSIVE LOTION 100ML","1","12","FOOD","BAD","PC","48.0000","CT","13959.8000","15650.0000","1201","NIVEA","","","ABCDEFGHI","","80232-04800-37"
"80232-04800-39_BD","NBO INTENSIVE MOIST LOTION 100ML","1","12","FOOD","BAD","PC","48.0000","CT","15445.0000","17000.0000","1202","HANSAPLAST","","","ABCDEFGHI","","80232-04800-39"
"80232-04800-41","BODY INTENS MOIST SPF33 100ML","1","12","NON FOOD","GOOD","PC","48.0000","CT","15445.0000","17000.0000","1211","NBODY LOTION","","","","","80232-04800-41"
"80232-04800-41_BD","NBODY INTENS MOIST SPF33 100ML","1","12","NON FOOD","BAD","PC","48.0000","CT","15445.0000","17000.0000","1201","NIVEA","","","","","80232-04800-41"
"80232-04800-75_BD","NBODY INTENSIVE LOT 100ML 36/CT","1","12","NON FOOD","BAD","BT","36.0000","CT","5662.4200","6348.0000","NE","NBO ESSENTIAL","","","ABCDEFGHI","","80232-04800-75"
"80232-04810-39_BD","NBO Intensive Moisture Lotion 100","1","12","FOOD","BAD","PC","48.0000","CT","13959.8000","14849.0000","1201","NIVEA","","","","","80232-04810-39"
"80233-04800-75_BD","NBODY FRESH LOT 100ML 36/CT","1","12","NON FOOD","BAD","BT","36.0000","CT","5662.4200","6348.0000","NE","NBO ESSENTIAL","","","ABCDEFGHI","","80233-04800-75"
"80243-04800-15_BD","NBODY WHT SRM SPF33 70ML","1","12","FOOD","BAD","PC","48.0000","CT","11232.6900","12364.0000","NW","NBO WHITENING","","","ABCDEFGHI","","80243-04800-15"
"80243-04800-37_BD","NBODY WHT SRM SPF33 70ML","1","12","NON FOOD","BAD","PC","48.0000","CT","11232.6900","12364.0000","1201","NIVEA","","","ABCDEFGHI","","80243-04800-37"
"80243-04800-39_BD","NBO REPAIR&PROT SPF15 SERUM 70ML","1","12","FOOD","BAD","PC","48.0000","CT","11232.6900","12364.0000","1201","NIVEA","","","ABCDEFGHI","","80243-04800-39"
"80243-04800-42","NBODY EXT BRIGHT&PROT SERUM 70ML","1","12","NON FOOD","GOOD","PC","48.0000","CT","11232.6900","12364.0000","1206","NIVEA SERUM","","","","","80243-04800-42"
"80243-04800-42_BD","NBODY EXT BRIGHT&PROT SERUM 70ML","1","12","NON FOOD","BAD","PC","48.0000","CT","11232.6900","12364.0000","1201","NIVEA","","","","","80243-04800-42"
"802469","BLACKROCK ROLL ON 50ML PHANTOM (Black)","1","M1","NON FOOD","GOOD","PC","36.0000","CT","11243.2400","14054.0500","8993","PT. EASTON KALERIS INDONESIA","","","","","802469"
"802469_BD","BLACKROCK ROLL ON 50ML PHANTOM (Black)","1","M1","NON FOOD","BAD","PC","36.0000","CT","10450.4500","13063.0600","8993","PT. EASTON KALERIS INDONESIA","","","","","802469"
"802476","BLACKROCK ROLL ON 50ML ABSOLUTE (Tosca)","1","M1","NON FOOD","GOOD","PC","36.0000","CT","11243.2400","14054.0500","8993","PT. EASTON KALERIS INDONESIA","","","","","802476"
"802476_BD","BLACKROCK ROLL ON 50ML ABSOLUTE (Tosca)","1","M1","NON FOOD","BAD","PC","36.0000","CT","11243.2400","14054.0500","8993","PT. EASTON KALERIS INDONESIA","","","","","802476"
"802490","BLACKROCK ROLL ON 50ML INDIVIDUAL(Orange)","1","M1","NON FOOD","GOOD","PC","36.0000","CT","11243.2400","14054.0500","8993","PT. EASTON KALERIS INDONESIA","","","","","802490"
"802490_BD","BLACKROCK ROLL ON 50ML INDIVIDUAL(Orange)","1","M1","NON FOOD","BAD","PC","36.0000","CT","11243.2400","14054.0500","8993","PT. EASTON KALERIS INDONESIA","","","","","802490"
"802491","VIVELLE RO B2 GREEN GIF YELLOW 50ML (2+1)","1","M1","NON FOOD","GOOD","PC","12.0000","CT","22486.4800","28108.1100","8993","PT. EASTON KALERIS INDONESIA","","","","","802491"
"802492","VIVELLE RO B2 PEACH GIF YELLOW 50ML (2+1)","1","M1","NON FOOD","GOOD","PC","12.0000","CT","22486.4800","28108.1100","8993","PT. EASTON KALERIS INDONESIA","","","","","802492"
"802493","VIVELLE RO B2 YELLOW GIF PEACH 50ML (2+1)","1","M1","NON FOOD","GOOD","PC","12.0000","CT","22486.4800","28108.1100","8993","PT. EASTON KALERIS INDONESIA","","","","","802493"
"802494","VIVELLE RO B2 PINK GIF YELLOW 50ML (2+1)","1","M1","NON FOOD","GOOD","PC","12.0000","CT","22486.4800","28108.1100","8993","PT. EASTON KALERIS INDONESIA","","","","","802494"
"802495","VIVELLE RO B2 BLUE GIF YELLOW 50ML (2+1)","1","M1","NON FOOD","GOOD","PC","12.0000","CT","22486.4800","28108.1100","8993","PT. EASTON KALERIS INDONESIA","","","","","802495"
"802496","VIVELLE EDP 50ML ORANGE BLOSSOM PINK","1","M1","NON FOOD","GOOD","PC","24.0000","CT","30990.9900","38738.7300","8993","PT. EASTON KALERIS INDONESIA","","","","","802496"
"802497","VIVELLE EDP 50ML WHITE FLORAL WHITE","1","M1","NON FOOD","GOOD","PC","24.0000","CT","30990.9900","38738.7300","8993","PT. EASTON KALERIS INDONESIA","","","","","802497"
"802498","VIVELLE EDP 50ML CASHMERE WOOD PEACH","1","M1","NON FOOD","GOOD","PC","24.0000","CT","30990.9900","38738.7300","8993","PT. EASTON KALERIS INDONESIA","","","","","802498"
"802499","VIVELLE EDP 50ML BERGAMOT  BLUE","1","M1","NON FOOD","GOOD","PC","24.0000","CT","30990.9900","38738.7300","8993","PT. EASTON KALERIS INDONESIA","","","","","802499"
"80291-04800-84_BN","NFM BODY REVITALIZING 100ML 48/CT","1","12","FOOD","BONUS","PC","48.0000","CT","0.0000","0.0000","BN","BONUS","","","ABCDEFGHI","","80291-04800-84"
"80291-04800-90_BN","NBODY MEN ESS REFRESING LOTION","1","12","NON FOOD","BONUS","PC","48.0000","CT","0.0000","0.0000","1201","NIVEA","","","ABCDEFGHI","","80291-04800-90"
"80295-04800-83_BD","N.HAPPY TIME B.LOT 100ML 48/CT","1","12","NON FOOD","BAD","BT","48.0000","CT","6467.0000","7250.0000","NE","NBO ESSENTIAL","","","ABCDEFGHI","","80295-04800-83"
"80295-04800-83_BN","N.HAPPY TIME B.LOT 100ML 48/CT","1","12","FOOD","BONUS","PC","48.0000","CT","0.0000","0.0000","BN","BONUS","","","ABCDEFGHI","","80295-04800-83"
"80295-04800-85_BD","NBO HAPPY TIME 100ML HYD 48/CT","1","12","NON FOOD","BAD","PC","48.0000","CT","6467.0000","0.0000","","","","","ABCDEFGHI","","80295-04800-85"
"80295-04800-85_BN","NBO HAPPY TIME 100ML HYD 48/CT","1","12","FOOD","BONUS","PC","48.0000","CT","0.0000","0.0000","BN","BONUS","","","ABCDEFGHI","","80295-04800-85"
"80296-04800-83_BD","N.HAPPY TIME B.LOT 200ML 24/CT","1","12","NON FOOD","BAD","BT","24.0000","CT","12309.6000","13800.0000","NE","NBO ESSENTIAL","","","ABCDEFGHI","","80296-04800-83"
"80296-04800-83_BN","N.HAPPY TIME B.LOT 200ML 24/CT","1","12","NON FOOD","BONUS","BT","24.0000","CT","0.0000","0.0000","BN","BONUS","","","ABCDEFGHI","","80296-04800-83"
"80296-04800-85_BD","NBO HAPPY TIME 200ML HYD 24/CT","1","12","NON FOOD","BAD","PC","24.0000","CT","12309.6000","0.0000","","","","","ABCDEFGHI","","80296-04800-85"
"80296-04800-85_BN","NBO HAPPY TIME 200ML HYD 24/CT","1","12","FOOD","BONUS","PC","24.0000","CT","0.0000","0.0000","BN","BONUS","","","ABCDEFGHI","","80296-04800-85"
"80300-04800-83_BD","N.FRESH BODY LOT 100ML 48/CT","1","12","NON FOOD","BAD","PC","48.0000","CT","6110.2000","6850.0000","NE","NBO ESSENTIAL","","","ABCDEFGHI","","80300-04800-83"
"80300-04800-83_BN","N.FRESH BODY LOT 100ML 48/CT","1","12","NON FOOD","BONUS","PC","48.0000","CT","0.0000","0.0000","BN","BONUS","","","ABCDEFGHI","","80300-04800-83"
"80300-04800-85_BD","NBO EXPRESS 100ML HYD 48/CT","1","12","NON FOOD","BAD","BT","48.0000","CT","6110.2000","0.0000","NE","NBO ESSENTIAL","","","ABCDEFGHI","","80300-04800-85"
"80300-04800-85_BN","NBO EXPRESS 100ML HYD 48/CT","1","12","FOOD","BONUS","PC","48.0000","CT","0.0000","0.0000","BN","BONUS","","","ABCDEFGHI","","80300-04800-85"
"80313-04800-75_BD","NBODY FRESH LOT 200ML 18/CT","1","12","NON FOOD","BAD","BT","18.0000","CT","10781.6000","12087.0000","NE","NBO ESSENTIAL","","","ABCDEFGHI","","80313-04800-75"
"80313-04800-83_BD","N.FRESH BODY LOT200ML 24/CT","1","12","NON FOOD","BAD","BT","24.0000","CT","11729.8000","13150.0000","NE","NBO ESSENTIAL","","","ABCDEFGHI","","80313-04800-83"
"80313-04800-83_BN","N.FRESH BODY LOT200ML 24/CT","1","12","FOOD","BONUS","BT","24.0000","CT","0.0000","0.0000","BN","BONUS","","","ABCDEFGHI","","80313-04800-83"
"80313-04800-85_BD","NBO EXPRESS 200ML HYD 24/CT","1","12","NON FOOD","BAD","PC","24.0000","CT","11729.8000","0.0000","","","","","ABCDEFGHI","","80313-04800-85"
"80313-04800-85_BN","NBO EXPRESS 200ML HYD 24/CT","1","12","FOOD","BONUS","PC","24.0000","CT","0.0000","0.0000","BN","BONUS","","","ABCDEFGHI","","80313-04800-85"
"81101-04800-18_BD","NVIS CLEANSING MILK 125ML","1","12","NON FOOD","BAD","BT","36.0000","CT","9242.0100","10361.0000","NC1","NVIS CLEANS","","","ABCDEFGHI","","81101-04800-18"
"81108-04800-04_BD","NVIS ESLSTONER N/M 125ML","1","12","NON FOOD","BAD","PC","36.0000","CT","11283.8000","12650.0000","1201","NIVEA","","","ABCDEFGHI","","81108-04800-04"
"81108-04800-12_BD","NVIS REFRESH TONER 125M","1","12","NON FOOD","BAD","PC","36.0000","CT","9237.5500","10356.0000","","","","","ABCDEFGHI","","81108-04800-12"
"81108-04800-18_BD","NVIS REFRESH TONER 125ML","1","12","NON FOOD","BAD","BT","36.0000","CT","9242.0100","10361.0000","NC1","NVIS CLEANS","","","ABCDEFGHI","","81108-04800-18"
"81145-04800-14_BD","NVIS HYDROBALANCE FOAM 50ML 36/CT","1","12","NON FOOD","BAD","PC","36.0000","CT","5631.2000","6313.0000","NC1","NVIS CLEANS","","","ABCDEFGHI","","81145-04800-14"
"81145-04800-18_BN","NVIS REFRESING CLEANSING FOAM 50ML 36/CT","1","12","NON FOOD","BONUS","PC","36.0000","CT","0.0000","0.0000","NC1","NVIS CLEANS","","","ABCDEFGHI","","81145-04800-18"
"81165-04800-14_BD","NVIS HYDRO BALANCE SCRUB 100ML 24/CT","1","12","NON FOOD","BAD","PC","24.0000","CT","11617.4100","13024.0000","NC1","NVIS CLEANS","","","ABCDEFGHI","","81165-04800-14"
"81168-04800-14_BD","NVIS HYDRO BALANCE FOAM 100ML 24/CT","1","12","NON FOOD","BAD","PC","24.0000","CT","10557.7100","11836.0000","NC1","NVIS CLEANS","","","ABCDEFGHI","","81168-04800-14"
"81168-04800-18_BN","NVIS REFRESING CLEANSING FOAM 100ML 24/CT","1","12","FOOD","BONUS","PC","24.0000","CT","0.0000","0.0000","BN","BONUS","","","ABCDEFGHI","","81168-04800-18"
"81171-04800-10_BD","OIL REGULATING TONER 200ML 18/CT","1","12","NON FOOD","BAD","PC","18.0000","CT","14063.2700","15766.0000","NC1","NVIS CLEANS","","","ABCDEFGHI","","81171-04800-10"
"81182-04800-08_BD","NVIS ESLS EYE 2P MAKE UP REMOVEER 12","1","12","FOOD","BAD","PC","12.0000","CT","55027.4800","56081.0000","1201","NIVEA","","","ABCDEFGHI","","81182-04800-08"
"81182-04800-20_BD","NFC EYE MAKEUP RMVR DOUBLE EFFECT 125ML","1","12","NON FOOD","BAD","PC","12.0000","CT","55027.4800","61690.0000","1201","NIVEA","","","","81182-04800-20","81182-04800-20"
"81287-04800-18_BD","NVIS Q10 DAY CARE 50ML","1","12","NON FOOD","BAD","PC","12.0000","CT","49384.6900","55364.0000","NW2","NVIS CARE","","","ABCDEFGHI","","81287-04800-18"
"81288-04800-18_BD","NV ANTI-WRINKLE Q10 EYE CARE 15ML","1","12","NON FOOD","BAD","PC","12.0000","CT","46562.4000","52200.0000","NW2","NVIS CARE","","","ABCDEFGHI","","81288-04800-18"
"81289-04800-18_BD","NVIS Q10 NIGHT CARE 50ML","1","12","NON FOOD","BAD","","1.0000","","52911.6600","59318.0000","NW2","NVIS CARE","","","ABCDEFGHI","","81289-04800-18"
"81289-04801-25_BD","NVIS Q10 PLUS NIGHT CARE 50ML","1","12","NON FOOD","BAD","PC","12.0000","CT","35256.3000","39525.0000","NW2","NVIS CARE","","","ABCDEFGHI","","81289-04801-25"
"81349-04800-01_BD","NFM OIL CONTROL FACIAL SCRUB 100ML 24/CT","1","12","NON FOOD","BAD","PC","24.0000","CT","26688.6400","29920.0000","NF","NFM FACE C/CL","","","ABCDEFGHI","","81349-04800-01"
"81349-04800-01_BN","NFM OIL CONTROL FACIAL SCRUB 100ML 24/CT","1","12","NON FOOD","BONUS","PC","24.0000","CT","0.0000","0.0000","1201","NIVEA","","","ABCDEFGHI","","81349-04800-01"
"81349-04800-08_BD","CLN OIL CONTR FAC SCRUB 100ML","1","12","NON FOOD","BAD","PC","24.0000","CT","27137.4400","29920.0000","1201","NIVEA","","","ABCDEFGHI","","81349-04800-08"
"81349-04800-21_BD","NFM OIL CONTROL FACIAL SCRUB 100ML 24/CT","1","12","NON FOOD","BAD","PC","24.0000","CT","11511.2600","12905.0000","NF","NFM FACE C/CL","","","ABCDEFGHI","","81349-04800-21"
"81349-04800-21_BN","NFM OIL CONTROL FACIAL SCRUB 100ML 24/CT","1","12","FOOD","BONUS","PC","24.0000","CT","0.0000","0.0000","BN","BONUS","","","ABCDEFGHI","","81349-04800-21"
"813544_BD","JOY COCO FOAMING HAND SOAP LEMON 250ML","1","M1","NON FOOD","BAD","PC","24.0000","CT","18181.6000","22727.2700","8993","PT. EASTON KALERIS INDONESIA","","","","","813544"
"813551_BD","JOY COCO FOAMING HAND SOAP PWD ROSE 250ML","1","M1","NON FOOD","BAD","PC","24.0000","CT","18181.6000","22727.2700","8993","PT. EASTON KALERIS INDONESIA","","","","","813551"
"81368-04800-01_BD","NFM ESS MULTI PROTEC FOAM 50ML","1","12","NON FOOD","BAD","PC","36.0000","CT","7697.0600","8629.0000","1201","NIVEA","","","ABCDEFGHI","","81368-04800-01"
"81368-04800-01_BN","NFM ESS MULTI PROTEC FOAM 50ML","1","12","NON FOOD","BONUS","PC","36.0000","CT","0.0000","0.0000","1201","NIVEA","","","ABCDEFGHI","","81368-04800-01"
"81368-04800-16_BD","NFM MULTI PROTECTING FACIAL FOAM 50ML 36/CT","1","12","NON FOOD","BAD","PC","36.0000","CT","5996.9200","6723.0000","NF","NFM FACE C/CL","","","ABCDEFGHI","","81368-04800-16"
"81368-04800-20_BD","NFM MULTI PROTECTING FACIAL FOAM 50ML 36/CT","1","12","NON FOOD","BAD","PC","36.0000","CT","6409.9100","7186.0000","NF","NFM FACE C/CL","","","ABCDEFGHI","","81368-04800-20"
"81368-04800-20_BN","NFM MULTI PROTECTING FACIAL FOAM 50ML 36/CT","1","12","NON FOOD","BONUS","PC","36.0000","CT","0.0000","0.0000","BN","BONUS","","","ABCDEFGHI","","81368-04800-20"
"81369-04800-01_BN","NFM MULTI PROTECTING FACIAL FOAM 100 ML","1","12","NON FOOD","BONUS","PC","24.0000","CT","0.0000","0.0000","1201","NIVEA","","","ABCDEFGHI","","81369-04800-01"
"81369-04800-20_BD","NFM MULTI PROTECTING FACIAL FOAM 100 ML","1","12","NON FOOD","BAD","PC","24.0000","CT","10753.0600","12055.0000","NF","NFM FACE C/CL","","","ABCDEFGHI","","81369-04800-20"
"81369-04800-20_BN","NFM MULTI PROTECTING FACIAL FOAM 100 ML","1","12","NON FOOD","BONUS","PC","24.0000","CT","0.0000","0.0000","BN","BONUS","","","ABCDEFGHI","","81369-04800-20"
"81602-04800-25_BD","NDEO SPY DRY MALE 150ML","1","12","NON FOOD","BAD","PC","12.0000","CT","29862.3800","33478.0000","1201","NIVEA","","","ABCDEFGHI","","81602-04800-25"
"81602-04800-25_BN","NDEO SPY DRY MALE 150ML","1","12","FOOD","BONUS","PC","12.0000","CT","0.0000","0.0000","1201","NIVEA","","","ABCDEFGHI","","81602-04800-25"
"81602-04800-28_BD","NDEO SPRAY DRY IMPACT 150ML","1","12","FOOD","BAD","PC","12.0000","CT","29862.3800","33478.0000","1201","NIVEA","","","ABCDEFGHI","","81602-04800-28"
"81603-04800-28_BD","NDEO SPRAY DRY COMFORT 150ML","1","12","FOOD","BAD","PC","12.0000","CT","29862.3800","33478.0000","1201","NIVEA","","","ABCDEFGHI","","81603-04800-28"
"81610-04800-25_BN","NDEO ROLL ON DRY MALE 50ML","1","12","FOOD","BONUS","PC","24.0000","CT","0.0000","0.0000","1201","NIVEA","","","ABCDEFGHI","","81610-04800-25"
"81610-04800-28","NDEO ROLL ON DRY IMPACT 50ML","1","12","FOOD","GOOD","PC","24.0000","CT","15717.0000","17300.0000","1201","NIVEA","","","BDEHI","","81610-04800-28"
"81610-04800-28_BD","NDEO ROLL ON DRY IMPACT 50ML","1","12","FOOD","BAD","PC","24.0000","CT","15717.0000","17300.0000","1201","NIVEA","","","ABCDEFGHI","","81610-04800-28"
"81610-04800-64","NDEO RLL ON MEN DRY IMPACT 50ML","1","12","NON FOOD","GOOD","PC","24.0000","CT","15717.0000","17300.0000","1204","ROLL ON 50ML","","","","","81610-04800-64"
"81610-04800-64_BD","NDEO RLL ON MEN DRY IMPACT 50ML","1","12","FOOD","BAD","PC","24.0000","CT","15717.0000","17300.0000","1204","ROLL ON 50ML","","","","","81610-04800-64"
"81611-04800-13_BD","DRY COMFORT ROLL ON FEMALE 50ML","1","12","NON FOOD","BAD","PC","24.0000","CT","15993.5600","16978.0000","NP","NBO PERFORMANCE","","","ABCDEFGHI","","81611-04800-13"
"81611-04800-13_BN","DRY COMFORT ROLL ON FEMALE 50ML","1","12","FOOD","BONUS","PC","24.0000","CT","0.0000","0.0000","1201","NIVEA","","","ABCDEFGHI","","81611-04800-13"
"81611-04800-26_BD","NDEO RLL_ON DRY_CMF_FML 50ML","1","12","FOOD","BAD","PC","24.0000","CT","12265.0000","13750.0000","1201","NIVEA","","","","","81611-04800-26"
"81611-04800-28","NDEO ROLL ON DRY COMFORT FM 50ML","1","12","FOOD","GOOD","PC","24.0000","CT","16807.0000","18500.0000","1201","NIVEA","","","BDEHIJ","","81611-04800-28"
"81611-04800-28_BD","NDEO ROLL ON DRY COMFORT FM 50ML","1","12","FOOD","BAD","PC","24.0000","CT","16262.5100","17930.0000","1201","NIVEA","","","ABCDEFGHI","","81611-04800-28"
"81611-04800-64","NDEO RLL ON DRY COMFORT 50ML","1","12","NON FOOD","GOOD","PC","24.0000","CT","16807.0000","18500.0000","1204","ROLL ON 50ML","","","","","81611-04800-64"
"81611-04800-64_BD","NDEO RLL ON DRY COMFORT 50ML","1","12","NON FOOD","BAD","PC","24.0000","CT","16807.0000","18500.0000","1204","ROLL ON 50ML","","","","","81611-04800-64"
"81612-04800-13_BD","DRY COMFORT ROLL FEMALE 25ML","1","12","NON FOOD","BAD","PC","30.0000","CT","8786.2000","9328.0000","1201","NIVEA","","","ABCDEFGHI","","81612-04800-13"
"81612-04800-13_BN","DRY COMFORT ROLL FEMALE 25ML","1","12","FOOD","BONUS","PC","30.0000","CT","0.0000","0.0000","1201","NIVEA","","","ABCDEFGHI","","81612-04800-13"
"81612-04800-28","NDEO ROLL ON DRY COMFORT 25ML","1","12","FOOD","GOOD","PC","30.0000","CT","10084.0000","11100.0000","1201","NIVEA","","","ABDEHIJ","","81612-04800-28"
"81612-04800-28_BD","NDEO ROLL ON DRY COMFORT 25ML","1","12","FOOD","BAD","PC","30.0000","CT","10084.0000","11100.0000","1201","NIVEA","","","ABCDEFGHI","","81612-04800-28"
"81612-04800-64","NDEO RLL ON DRY COMFORT 25ML","1","12","NON FOOD","GOOD","PC","30.0000","CT","10084.0000","11100.0000","1210","ROLL ON 25ML","","","","","81612-04800-64"
"81612-04800-64_BD","NDEO RLL ON DRY COMFORT 25ML","1","12","FOOD","BAD","PC","30.0000","CT","10084.0000","11100.0000","1210","ROLL ON 25ML","","","","","81612-04800-64"
"81617-04800-25_BD","NDEO ROLL ON MINI DRY MALE 25ML","1","12","NON FOOD","BAD","PC","30.0000","CT","8320.5700","9328.0000","1201","NIVEA","","","ABCDEFGHI","","81617-04800-25"
"81617-04800-25_BN","NDEO ROLL ON MINI DRY MALE 25ML","1","12","FOOD","BONUS","PC","30.0000","CT","0.0000","0.0000","1201","NIVEA","","","ABCDEFGHI","","81617-04800-25"
"81617-04800-28_BD","NDEO ROLL ON DRY IMPACT 25ML","1","12","FOOD","BAD","PC","30.0000","CT","8320.5700","9328.0000","1201","NIVEA","","","ABCDEFGHI","","81617-04800-28"
"81775-04800-01_BN","NFM Adv Wht Volcanicmud Foam 100ml 24/ct","1","12","FOOD","BONUS","PC","24.0000","CT","0.0000","0.0000","BN","BONUS","","","ABCDEFGHI","","81775-04800-01"
"81775-04800-03_BD","NFM Adv Wht Volcanicmud Foam 100ml 24/ct","1","12","NON FOOD","BAD","PC","24.0000","CT","26688.6400","29920.0000","1201","NIVEA","","","ABCDEFGHI","","81775-04800-03"
"81775-04800-03_BN","FM Adv Wht Volcanicmud Foam 100ml 24/ct","1","12","NON FOOD","BONUS","PC","24.0000","CT","0.0000","0.0000","1201","NIVEA","","","ABCDEFGHI","","81775-04800-03"
"81775-04800-34","NFM OCME VULCANIC MUD FOAM 100ML","1","12","NON FOOD","GOOD","PC","24.0000","CT","28345.2000","31200.0000","1201","NIVEA","","","","","81775-04800-34"
"81775-04800-34_BD","NFM OCME VULCANIC MUD FOAM 100ML","1","12","NON FOOD","BAD","PC","24.0000","CT","28345.2000","31200.0000","1201","NIVEA","","","","","81775-04800-34"
"81775-04801-15_BN","NFM CLN OIL CNT MUD FOAM 100ML","1","12","FOOD","BONUS","PC","24.0000","CT","0.0000","0.0000","1201","NIVEA","","","ABCDEFGHI","","81775-04801-15"
"81779-04800-03_BD","NFM CLN OIL CONTROL MUD FOAM 50ML","1","12","NON FOOD","BAD","PC","36.0000","CT","21916.4400","24570.0000","1201","NIVEA","","","ABCDEFGHI","","81779-04800-03"
"81779-04800-03_BN","NFM WHITE COOL VOLCANIC MUD 50ML","1","12","NON FOOD","BONUS","PC","36.0000","CT","0.0000","0.0000","1201","NIVEA","","","ABCDEFGHI","","81779-04800-03"
"81827-04800-75_BD","NBODY FIRMING Q10 LOT 200ML 18/CT","1","12","NON FOOD","BAD","BT","18.0000","CT","17452.8700","19566.0000","NP","NBO PERFORMANCE","","","ABCDEFGHI","","81827-04800-75"
"81827-04800-75_BN","NBODY FIRMING Q10 LOT 200ML 18/CT","1","12","NON FOOD","BONUS","PC","18.0000","CT","0.0000","0.0000","","","","","ABCDEFGHI","","81827-04800-75"
"81827-04800-83_BN","N.FIRMING BODY LOT200ML 24/CT","1","12","FOOD","BONUS","PC","24.0000","CT","0.0000","0.0000","BN","BONUS","","","ABCDEFGHI","","81827-04800-83"
"81843-04800-83_BD","N.UV PROTECT BODY LOT 100ML 48/CT","1","12","NON FOOD","BAD","BT","48.0000","CT","8295.6000","9300.0000","NE","NBO ESSENTIAL","","","ABCDEFGHI","","81843-04800-83"
"81843-04800-83_BN","N.UV PROTECT BODY LOT 100ML 48/CT","1","12","FOOD","BONUS","PC","48.0000","CT","0.0000","0.0000","BN","BONUS","","","ABCDEFGHI","","81843-04800-83"
"81843-04800-85_BD","NBO UV PROTECT 100ML HYD 48/CT","1","12","NON FOOD","BAD","PC","48.0000","CT","8295.6000","0.0000","","","","","ABCDEFGHI","","81843-04800-85"
"81843-04800-85_BN","NBO UV PROTECT 100ML HYD 48/CT","1","12","FOOD","BONUS","PC","48.0000","CT","0.0000","0.0000","BN","BONUS","","","ABCDEFGHI","","81843-04800-85"
"81845-04800-75_BD","NBODY UV PROTECTION LOT 100ML 36/CT","1","12","NON FOOD","BAD","BT","36.0000","CT","7639.9800","8565.0000","NE","NBO ESSENTIAL","","","ABCDEFGHI","","81845-04800-75"
"81849-04800-83_BD","NBODY WHITE FOR MEN 100ML 48/CT","1","12","NON FOOD","BAD","PC","48.0000","CT","6288.6000","7050.0000","","","","","ABCDEFGHI","","81849-04800-83"
"81849-04800-83_BN","NBODY WHITE FOR MEN 100ML 48/CT","1","12","FOOD","BONUS","PC","48.0000","CT","0.0000","0.0000","BN","BONUS","","","ABCDEFGHI","","81849-04800-83"
"81849-04800-90_BN","NBODY MEN WHITE LOTION 100ML","1","12","NON FOOD","BONUS","PC","48.0000","CT","0.0000","0.0000","1201","NIVEA","","","ABCDEFGHI","","81849-04800-90"
"81852-04800-85_BD","NBO EXT WHITE LOT EXTRAFIL 24/CT","1","12","NON FOOD","BAD","PC","24.0000","CT","15833.0000","17750.0000","","","","","ABCDEFGHI","","81852-04800-85"
"81852-04800-85_BN","NBO EXT WHITE LOT EXTRAFIL 24/CT","1","12","FOOD","BONUS","PC","24.0000","CT","0.0000","0.0000","BN","BONUS","","","ABCDEFGHI","","81852-04800-85"
"81852-04801-85_BN","NBODY WHT EXT RPR LOTION 250ML","1","12","NON FOOD","BONUS","PC","24.0000","CT","0.0000","0.0000","1201","NIVEA","","","ABCDEFGHI","","81852-04801-85"
"81853-04800-85_BD","NBO UV EXTRA WHT 100ML HYD 48/CT","1","12","NON FOOD","BAD","","48.0000","","10213.4000","0.0000","","","","","ABCDEFGHI","","81853-04800-85"
"81853-04800-85_BN","NBO UV EXTRA WHT 100ML HYD 48/CT","1","12","NON FOOD","BONUS","PC","48.0000","CT","0.0000","0.0000","BN","BONUS","","","ABCDEFGHI","","81853-04800-85"
"81853-04801-85_BD","NBODY EXTRA WHITE LOT EXTRAFILL125","1","12","NON FOOD","BAD","PC","48.0000","CT","8295.6000","9300.0000","","","","","ABCDEFGHI","","81853-04801-85"
"81853-04801-85_BN","BODY EXTRA WHITE LOT EXTRAFILL125","1","12","FOOD","BONUS","PC","48.0000","CT","0.0000","0.0000","BN","BONUS","","","ABCDEFGHI","","81853-04801-85"
"81854-04800-83_BD","N.WHITENING BODY LOT200 ML 24/CT","1","12","NON FOOD","BAD","BT","24.0000","CT","14361.2000","16100.0000","NW","NBO WHITENING","","","ABCDEFGHI","","81854-04800-83"
"81854-04800-83_BN","N.WHITENING BODY LOT200 ML 24/CT","1","12","NON FOOD","BONUS","BT","24.0000","CT","0.0000","0.0000","BN","BONUS","","","ABCDEFGHI","","81854-04800-83"
"81854-04800-85_BD","NBO UVEXTRA WHT 200ML HYD 24/C","1","12","FOOD","BAD","","24.0000","","15833.0000","0.0000","","","","","ABCDEFGHI","","81854-04800-85"
"81854-04800-85_BN","NBO UV  EXTRA WHT  200ML HYD 24/CT","1","12","FOOD","BONUS","PC","24.0000","CT","0.0000","0.0000","BN","BONUS","","","ABCDEFGHI","","81854-04800-85"
"81854-04800-86_BN","NBO UV WHITE  200ML HYD 24/CT","1","12","NON FOOD","BONUS","PC","24.0000","CT","0.0000","0.0000","1201","NIVEA","","","ABCDEFGHI","","81854-04800-86"
"81856-04801-85_BD","NBO UV EXTRA WHT 400ML HYD 12/CT","1","12","NON FOOD","BAD","PC","12.0000","CT","29945.0000","0.0000","","","","","ABCDEFGHI","","81856-04801-85"
"81856-04801-85_BN","NBO UV EXTRA WHT 400ML HYD 12/CT","1","12","NON FOOD","BONUS","PC","12.0000","CT","0.0000","0.0000","","","","","ABCDEFGHI","","81856-04801-85"
"81856-04803-85_BN","NBO UV EXTRA WHITE 400ML","1","12","NON FOOD","BONUS","PC","12.0000","CT","0.0000","0.0000","","","","","ABCDEFGHI","","81856-04803-85"
"81857-04800-14_BD","NBODY WHT EXT RPR CRM 50ML","1","12","NON FOOD","BAD","PC","48.0000","CT","14049.0000","15750.0000","NW","NBO WHITENING","","","ABCDEFGHI","","81857-04800-14"
"81857-04800-37_BD","NBO WHT EVN CRM 50ML","1","12","FOOD","BAD","PC","48.0000","CT","14049.0000","14976.0000","1201","NIVEA","","","ABCDEFGHI","","81857-04800-37"
"81857-04800-42","NBODY EXTR BRG HAR RDN SMT CRM 50ML","1","12","NON FOOD","GOOD","PC","48.0000","CT","14263.8200","15750.0000","1209","NIVEA CREME","","","","","81857-04800-42"
"81857-04800-42_BD","NBODY EXTR BRG HAR RDN SMT CRM 50ML","1","12","NON FOOD","BAD","PC","48.0000","CT","14285.2500","15750.0000","1209","NIVEA CREME","","","","","81857-04800-42"
"81857-04800-75_BD","NBODY WHITENING CREAM 50ML 48/CT","1","12","NON FOOD","BAD","PC","48.0000","CT","7756.8300","8696.0000","NW","NBO WHITENING","","","ABCDEFGHI","","81857-04800-75"
"81857-04800-75_BN","NBODY WHITENING CREAM 50ML 48/CT","1","12","NON FOOD","BONUS","PC","48.0000","CT","0.0000","0.0000","BN","BONUS","","","ABCDEFGHI","","81857-04800-75"
"81857-04800-85_BN","NBO UV WHT CREAM 50ML 48/CT","1","12","FOOD","BONUS","PC","48.0000","CT","0.0000","0.0000","BN","BONUS","","","ABCDEFGHI","","81857-04800-85"
"81857-04800-86_BD","NBO UV WHT CREAM 50ML 48/CT","1","12","NON FOOD","BAD","PC","48.0000","CT","7756.8300","0.0000","","","","","ABCDEFGHI","","81857-04800-86"
"81857-04800-86_BN","NBO UV WHT CREAM 50ML 48/CT","1","12","NON FOOD","BONUS","PC","48.0000","CT","0.0000","0.0000","","","","","ABCDEFGHI","","81857-04800-86"
"81857-04800-90_BD","NBODY WHT EXT RPR CRM 50ML","1","12","NON FOOD","BAD","CT","48.0000","PC","14049.0000","15750.0000","NW","NBO WHITENING","","","ABCDEFGHI","","81857-04800-90"
"81857-04800-90_BN","NBODY WHT EXT RPR CRM 50ML","1","12","NON FOOD","BONUS","PC","48.0000","CT","0.0000","0.0000","NW","NBO WHITENING","","","ABCDEFGHI","","81857-04800-90"
"81858-04800-14_BD","NBODY WHT EVN CRM 100ML","1","12","FOOD","BAD","PC","36.0000","CT","24449.7200","27410.0000","NW","NBO WHITENING","","","ABCDEFGHI","","81858-04800-14"
"81858-04800-37_BD","NBODY WHT EVN CRM 100ML","1","12","NON FOOD","BAD","PC","36.0000","CT","24860.8700","27410.0000","1201","NIVEA","","","ABCDEFGHI","","81858-04800-37"
"81858-04800-42","NCREME EXT BRIGHT RDNT&SMOOTH 100ML","1","12","NON FOOD","GOOD","PC","36.0000","CT","26347.0000","29000.0000","1201","NIVEA","","","","","81858-04800-42"
"81858-04800-42_BD","NCREME EXT BRIGHT RDNT&SMOOTH 100ML","1","12","NON FOOD","BAD","PC","36.0000","CT","26347.0000","29000.0000","1201","NIVEA","","","","","81858-04800-42"
"81858-04800-75_BD","NBODY WHITENING CREAM 100ML 36/CT","1","12","NON FOOD","BAD","PC","36.0000","CT","14077.5400","15782.0000","NW","NBO WHITENING","","","ABCDEFGHI","","81858-04800-75"
"81858-04800-75_BN","NBODY WHITENING CREAM 100ML 36/CT","1","12","NON FOOD","BONUS","PC","36.0000","CT","0.0000","0.0000","","","","","ABCDEFGHI","","81858-04800-75"
"81858-04800-85_BD","NBO UV WHT CREAM 100ML 36/CT","1","12","NON FOOD","BAD","PC","36.0000","CT","14077.5400","0.0000","","","","","ABCDEFGHI","","81858-04800-85"
"81858-04800-85_BN","NBO UV WHT CREAM 100ML 36/CT","1","12","FOOD","BONUS","PC","36.0000","CT","0.0000","0.0000","BN","BONUS","","","ABCDEFGHI","","81858-04800-85"
"81858-04800-90_BD","NBODY WHT CREAM 100ML","1","12","NON FOOD","BAD","PC","36.0000","CT","24449.7200","27410.0000","NW","NBO WHITENING","","","ABCDEFGHI","","81858-04800-90"
"81860-04800-83_BD","N.FIRMING BODY LOT100ML 48/CT","1","12","NON FOOD","BAD","BT","48.0000","CT","9695.1500","0.0000","NP","NBO PERFORMANCE","","","ABCDEFGHI","","81860-04800-83"
"81860-04800-83_BN","N.FIRMING BODY LOT100ML 48/CT","1","12","FOOD","BONUS","PC","48.0000","CT","0.0000","0.0000","BN","BONUS","","","ABCDEFGHI","","81860-04800-83"
"81862-04800-37_BD","NBODY WHT EVN MINI CRM 25ML","1","12","NON FOOD","BAD","PC","60.0000","CT","6467.0000","7250.0000","1201","NIVEA","","","ABCDEFGHI","","81862-04800-37"
"81862-04800-75_BD","NBODY WHITENING CREAM 25ML 60/CT","1","12","NON FOOD","BAD","PC","60.0000","CT","4457.3200","4997.0000","NW","NBO WHITENING","","","ABCDEFGHI","","81862-04800-75"
"81862-04800-75_BN","NBODY WHITENING CREAM 25ML 60/CT","1","12","NON FOOD","BONUS","PC","60.0000","CT","0.0000","0.0000","BN","BONUS","","","ABCDEFGHI","","81862-04800-75"
"81862-04800-85_BD","NBO UV WHT CREAM 25 ML 60/CT","1","12","NON FOOD","BAD","PC","60.0000","CT","4457.3200","4997.0000","","","","","ABCDEFGHI","","81862-04800-85"
"81862-04800-85_BN","NBO UV WHT CREAM 25 ML 60/CT","1","12","FOOD","BONUS","PC","60.0000","CT","0.0000","0.0000","BN","BONUS","","","ABCDEFGHI","","81862-04800-85"
"81862-04800-86_BD","NBO UV WHT CREAM 25 ML 60/CT","1","12","NON FOOD","BAD","PC","60.0000","CT","5262.8000","0.0000","","","","","ABCDEFGHI","","81862-04800-86"
"81862-04800-86_BN","NBO UV WHT CREAM 25 ML 60/CT","1","12","NON FOOD","BONUS","PC","60.0000","CT","0.0000","0.0000","","","","","ABCDEFGHI","","81862-04800-86"
"81862-04800-90_BD","NBODY WHT MINI CRM 25ML","1","12","NON FOOD","BAD","PC","60.0000","CT","6467.0000","7250.0000","NW","NBO WHITENING","","","ABCDEFGHI","","81862-04800-90"
"81862-04800-90_BN","NBODY WHT MINI CRM 25ML","1","12","NON FOOD","BONUS","PC","60.0000","CT","0.0000","0.0000","NW","NBO WHITENING","","","ABCDEFGHI","","81862-04800-90"
"81863-04801-75_BD","NBODY WHITENING CREAM 10ML 144/CT","1","12","NON FOOD","BAD","PC","144.0000","CT","1618.9800","1815.0000","NW","NBO WHITENING","","","ABCDEFGHI","","81863-04801-75"
"81866-04800-75_BD","NBODY WHITENING LOT 100ML 36/CT","1","12","NON FOOD","BAD","BT","36.0000","CT","6904.9700","7741.0000","NW","NBO WHITENING","","","ABCDEFGHI","","81866-04800-75"
"81891-04800-75_BD","NBODY FIRMING Q10 LOT 100ML 36/CT","1","12","NON FOOD","BAD","BT","36.0000","CT","9695.1500","10869.0000","NP","NBO PERFORMANCE","","","ABCDEFGHI","","81891-04800-75"
"81920-04800-10_BD","NVIS OIL REGULATING SCRUB 50ML 36/CT","1","12","NON FOOD","BAD","PC","36.0000","CT","6191.3700","6941.0000","NC1","NVIS CLEANS","","","ABCDEFGHI","","81920-04800-10"
"81921-04800-10_BD","NVIS OIL REGULATING SCRUB 100ML 24/CT","1","12","NON FOOD","BAD","PC","24.0000","CT","11617.4100","13024.0000","NC1","NVIS CLEANS","","","ABCDEFGHI","","81921-04800-10"
"81922-04800-10_BD","NVIS OIL REGULATING FOAM 50ML 36/CT","1","12","NON FOOD","BAD","PC","36.0000","CT","5631.2000","6313.0000","NC1","NVIS CLEANS","","","ABCDEFGHI","","81922-04800-10"
"81922-04800-18_BN","NVIS PURE SOURCE CLEANSING FOAM 50ML 36/CT","1","12","NON FOOD","BONUS","PC","36.0000","CT","0.0000","0.0000","NC1","NVIS CLEANS","","","ABCDEFGHI","","81922-04800-18"
"81923-04800-10_BD","NVIS OIL REGULATING FOAM 100ML 24/CT","1","12","NON FOOD","BAD","PC","24.0000","CT","10557.7100","11836.0000","NC1","NVIS CLEANS","","","ABCDEFGHI","","81923-04800-10"
"81923-04800-18_BN","NVIS PURE SOURCE CLEANSING FOAM 100ML 24/CT","1","12","NON FOOD","BONUS","PC","24.0000","CT","0.0000","0.0000","NC1","NVIS CLEANS","","","ABCDEFGHI","","81923-04800-18"
"81925-04800-10_BD","NVIS OIL REGULATING TONER 125ML 36/CT","1","12","NON FOOD","BAD","PC","36.0000","CT","9849.4600","11042.0000","NC1","NVIS CLEANS","","","ABCDEFGHI","","81925-04800-10"
"82234-04800-23_BD","NDEO ROLL ON INV BLC&WHT FRS 50ML","1","12","NON FOOD","BAD","PC","24.0000","CT","16262.5100","17930.0000","NF","NFM FACE C/CL","","","ABCDEFGHI","","82234-04800-23"
"82234-04800-23_BN","NDEO ROLL ON INV BLC&WHT FRS 50ML","1","12","FOOD","BONUS","PC","24.0000","CT","0.0000","0.0000","1201","NIVEA","","","ABCDEFGHI","","82234-04800-23"
"82235-04800-13_BD","IBW ROLL ON FEMALE 25ML 30/CT","1","12","NON FOOD","BAD","PC","30.0000","CT","8786.2000","9328.0000","1201","NIVEA","","","ABCDEFGHI","","82235-04800-13"
"82235-04800-13_BN","IBW ROLL ON FEMALE 25ML 30/C","1","12","FOOD","BONUS","PC","30.0000","CT","0.0000","0.0000","1201","NIVEA","","","ABCDEFGHI","","82235-04800-13"
"82235-04800-28_BD","NDEO RLL ON INV BLC&WHT CLR FM 25ML","1","12","FOOD","BAD","PC","30.0000","CT","8786.2000","9850.0000","1201","NIVEA","","","ABCDEFGHI","","82235-04800-28"
"82235-04800-30","NDEO RLL ON B&W CLR FML 25ML","1","12","FOOD","GOOD","PC","30.0000","CT","10084.0000","11100.0000","1210","ROLL ON 25ML","","","ABCDEFGHI","","82235-04800-30"
"82235-04800-30_BD","NDEO RLL ON B&W CLR FML 25ML","1","12","FOOD","BAD","PC","30.0000","CT","9623.2700","10610.0000","1201","NIVEA","","","ABCDEFGHI","","82235-04800-30"
"82235-04800-63","NDEO RLL ON MINI B&W OLR FML 25ML","1","12","NON FOOD","GOOD","PC","30.0000","CT","10084.0000","11100.0000","1210","ROLL ON 25ML","","","","","82235-04800-63"
"82235-04800-63_BD","NDEO RLL ON MINI B&W OLR FML 25ML","1","12","NON FOOD","BAD","PC","30.0000","CT","10084.0000","11100.0000","1201","NIVEA","","","","","82235-04800-63"
"82235-04800-64","NDEO RLL ON B&W INV CLEAR 25ML","1","12","NON FOOD","GOOD","PC","30.0000","CT","10084.0000","11100.0000","1210","ROLL ON 25ML","","","","","82235-04800-64"
"82235-04800-69","NDEO ROLLl ON BLACK & WHITE FEMALE 25ML","1","12","NON FOOD","GOOD","PC","30.0000","CT","10084.3500","11100.0000","1210","ROLL ON 25ML","","","","","82235-04800-69"
"82237-04800-28_BD","NDEO SPRAY BLACK&WHITE FEMALE 150ML","1","12","FOOD","BAD","PC","12.0000","CT","37990.2800","42590.0000","1201","NIVEA","","","ABCDEFGHI","","82237-04800-28"
"82237-04800-30_BD","NDEO SPY B&W CLR FML 150ML","1","12","FOOD","BAD","PC","12.0000","CT","43154.0000","47500.0000","1201","NIVEA","","","","","82237-04800-30"
"82237-04800-62","NDEO SPY B&W INV ORI 150ML","1","12","NON FOOD","GOOD","PC","12.0000","CT","43154.0000","47500.0000","1205","ROLL ON 150ML","","","","","82237-04800-62"
"82237-04800-62_BD","NDEO SPY B&W INV ORI 150ML","1","12","NON FOOD","BAD","PC","12.0000","CT","43154.0000","47500.0000","1201","NIVEA","","","","","82237-04800-62"
"82237-04800-63","NDEO SPY B&W INV 150ML","1","12","NON FOOD","GOOD","PC","12.0000","CT","43154.0000","47500.0000","1205","ROLL ON 150ML","","","","","82237-04800-63"
"82237-04800-63_BD","NDEO SPY B&W INV 150ML","1","12","FOOD","BAD","PC","12.0000","CT","43154.0000","47500.0000","1205","ROLL ON 150ML","","","","","82237-04800-63"
"82237-04800-64","NDEO SPY B&W_CLR_FML 150ML","1","12","NON FOOD","GOOD","PC","12.0000","CT","43154.0000","47500.0000","1205","ROLL ON 150ML","","","","","82237-04800-64"
"82237-04800-64_BD","NDEO SPY B&W_CLR_FML 150ML","1","12","FOOD","BAD","PC","12.0000","CT","43154.0000","47500.0000","1205","ROLL ON 150ML","","","","","82237-04800-64"
"82240-04800-13_BD","IBW ROLL ON FEMALE 50ML 24/CT","1","12","NON FOOD","BAD","PC","24.0000","CT","15993.5600","16978.0000","1201","NIVEA","","","ABCDEFGHI","","82240-04800-13"
"82240-04800-13_BN","IBW ROLL ON FEMALE 50ML 24/CT","1","12","NON FOOD","BONUS","PC","24.0000","CT","0.0000","0.0000","BN","BONUS","","","ABCDEFGHI","","82240-04800-13"
"82240-04800-28_BD","NDEO ROLL ON B&W FEMALE 50ML","1","12","FOOD","BAD","PC","24.0000","CT","15993.5600","17930.0000","1201","NIVEA","","","ABCDEFGHI","","82240-04800-28"
"82240-04800-30","NDEO ROLL ON B&W FEMALE 50ML","1","12","FOOD","GOOD","PC","24.0000","CT","16807.0000","18500.0000","1204","ROLL ON 50ML","","","ABCDEFGHI","","82240-04800-30"
"82240-04800-30_BD","NDEO ROLL ON B&W FEMALE 50ML","1","12","FOOD","BAD","PC","24.0000","CT","16807.0000","18500.0000","1201","NIVEA","","","ABCDEFGHI","","82240-04800-30"
"82240-04800-63","NDEO ROLL ON B&W INV CLEAR 50ML","1","12","NON FOOD","GOOD","PC","24.0000","CT","16807.0000","18500.0000","1204","ROLL ON 50ML","","","","","82240-04800-63"
"82240-04800-63_BD","NDEO ROLL ON B&W INV CLEAR 50ML","1","12","NON FOOD","BAD","PC","24.0000","CT","16807.0000","18500.0000","1204","ROLL ON 50ML","","","","","82240-04800-63"
"82240-04800-64","NDEO RLL ON B&W INVIS ORI 50ML","1","12","NON FOOD","GOOD","PC","24.0000","CT","16807.0000","18500.0000","1204","ROLL ON 50ML","","","","","82240-04800-64"
"82240-04800-64_BD","NDEO RLL ON B&W INVIS ORI 50ML","1","12","NON FOOD","BAD","PC","24.0000","CT","16807.0000","18500.0000","1204","ROLL ON 50ML","","","","","82240-04800-64"
"82240-04800-69","NDEO ROLL ON BLACK & WHITE FEMALE 50ML","1","12","NON FOOD","GOOD","PC","24.0000","CT","16807.0000","18500.0000","1204","ROLL ON 50ML","","","","","82240-04800-69"
"82241-04800-30_BD","NDEO SPY INV_BLC&WHT_PWR_ML 150ML","1","12","FOOD","BAD","PC","12.0000","CT","34148.5500","36500.0000","1201","NIVEA","","","ABCDEFGHI","","82241-04800-30"
"82241-04800-62_BD","NMEN SPY B&W INV ORI 150ML","1","12","NON FOOD","BAD","PC","12.0000","CT","33583.3000","37650.0000","1201","NIVEA","","","","","82241-04800-62"
"82241-07700-63","NDEO MEN SPY B&W INV 150ML","1","12","NON FOOD","GOOD","PC","12.0000","CT","39974.0000","44000.0000","1205","ROLL ON 150ML","","","","","82241-07700-63"
"82241-07700-63_BD","NDEO MEN SPY B&W INV 150ML","1","12","NON FOOD","BAD","PC","12.0000","CT","39974.0000","44000.0000","1205","ROLL ON 150ML","","","","","82241-07700-63"
"82241-07700-64","NDEO SPRAY BLACK & WHITE MALE 150ML","1","12","NON FOOD","GOOD","PC","12.0000","CT","39974.0000","44000.0000","1205","ROLL ON 150ML","","","","","82241-07700-64"
"82245-04800-13_BD","IBW ROLL ON MALE 50ML 24/CT","1","12","NON FOOD","BAD","PC","24.0000","CT","14825.0400","15907.0000","1201","NIVEA","","","ABCDEFGHI","","82245-04800-13"
"82245-04800-13_BN","IBW ROLL ON MALE 50ML 24/CT","1","12","FOOD","BONUS","PC","24.0000","CT","0.0000","0.0000","1201","NIVEA","","","ABCDEFGHI","","82245-04800-13"
"82245-04800-30_BD","NDEO ROLL ON BLACK&WHITE MALE 50ML","1","12","FOOD","BAD","PC","24.0000","CT","15074.3400","16620.0000","1201","NIVEA","","","ABCDEFGHI","","82245-04800-30"
"82245-04800-63","NMEN ROLL ON B&W INVISIBLE 50ML","1","12","NON FOOD","GOOD","PC","24.0000","CT","15717.0000","17300.0000","1204","ROLL ON 50ML","","","","","82245-04800-63"
"82245-04800-63_BD","NMEN ROLL ON B&W INVISIBLE 50ML","1","12","NON FOOD","BAD","PC","24.0000","CT","15717.0000","17300.0000","1204","ROLL ON 50ML","","","","","82245-04800-63"
"82245-04800-64","NDEO RLL ON MEN B&W INV 50ML","1","12","NON FOOD","GOOD","PC","24.0000","CT","15717.0000","17300.0000","1204","ROLL ON 50ML","","","","","82245-04800-64"
"82245-04800-64_BD","NDEO RLL ON MEN B&W INV 50ML","1","12","NON FOOD","BAD","PC","24.0000","CT","15717.0000","17300.0000","1204","ROLL ON 50ML","","","","","82245-04800-64"
"82245-04800-69","NDEO ROLL ON BLACKN N WHITE MALE 50ML","1","12","NON FOOD","GOOD","PC","24.0000","CT","15717.0500","17300.0000","1204","ROLL ON 50ML","","","","","82245-04800-69"
"82246-04800-13_BD","IBW ROLL ON MALE 25ML 30/CT","1","12","NON FOOD","BAD","PC","30.0000","CT","8786.2000","9328.0000","1201","NIVEA","","","ABCDEFGHI","","82246-04800-13"
"82246-04800-13_BN","IBW ROLL ON MALE 25ML 30/CT","1","12","NON FOOD","BONUS","PC","30.0000","CT","0.0000","0.0000","1201","NIVEA","","","ABCDEFGHI","","82246-04800-13"
"82246-04800-28_BD","NDEO RLL ON INV BLCK&WHT MALE 25ML PWR","1","12","FOOD","BAD","PC","30.0000","CT","8786.2000","9850.0000","1201","NIVEA","","","ABCDEFGHI","","82246-04800-28"
"82246-04800-30_BD","NDEO ROLL ON INVISIBLE BLACK MALE 25ML","1","12","FOOD","BAD","PC","30.0000","CT","8786.2000","9328.0000","1201","NIVEA","","","ABCDEFGHI","","82246-04800-30"
"82246-04800-63","NDEO ROLL ON MEN B&W INV 25ML","1","12","NON FOOD","GOOD","PC","30.0000","CT","10084.0000","11100.0000","1210","ROLL ON 25ML","","","","","82246-04800-63"
"82246-04800-63_BD","NDEO ROLL ON MEN B&W INV 25ML","1","12","NON FOOD","BAD","PC","30.0000","CT","9623.2700","10610.0000","1210","ROLL ON 25ML","","","","","82246-04800-63"
"82246-04800-64","NDEO RLL ON MEN B&W INV 25ML","1","12","NON FOOD","GOOD","PC","30.0000","CT","10084.0000","11100.0000","1210","ROLL ON 25ML","","","","","82246-04800-64"
"82246-04800-64_BD","NDEO RLL ON MEN B&W INV 25ML","1","12","NON FOOD","BAD","PC","30.0000","CT","10084.0000","11100.0000","1210","ROLL ON 25ML","","","","","82246-04800-64"
"82246-04800-69","NDEO ROLL ON BLACK & WHITE MALE 25ML","1","12","NON FOOD","GOOD","PC","30.0000","CT","10084.3500","11100.0000","1210","ROLL ON 25ML","","","","","82246-04800-69"
"82254-04800-25_BD","NDEO ROLL ON MINI SHG WHT FEMALE 25ML","1","12","FOOD","BAD","PC","30.0000","CT","8786.2000","9850.0000","1201","NIVEA","","","ABCDEFGHI","","82254-04800-25"
"82254-04800-25_BN","NDEO ROLL ON MINI SHG WHT FEMALE 25ML","1","12","FOOD","BONUS","PC","30.0000","CT","0.0000","0.0000","1201","NIVEA","","","ABCDEFGHI","","82254-04800-25"
"82254-04800-27_BD","NDEO RO MINI SHG WHT FML 25ML","1","12","FOOD","BAD","PC","30.0000","CT","8786.2000","9850.0000","1201","NIVEA","","","ABCDEFGHI","","82254-04800-27"
"82254-04800-27_BN","NDEO RO MINI SHG WHT FML 25ML","1","12","FOOD","BONUS","PC","30.0000","CT","0.0000","0.0000","1201","NIVEA","","","ABCDEFGHI","","82254-04800-27"
"82254-04800-28_BD","NDEO ROLL ON HAPPY SHAVE 25ML","1","12","FOOD","BAD","PC","30.0000","CT","8786.2000","9850.0000","1201","NIVEA","","","ABCDEFGHI","","82254-04800-28"
"82254-04800-64","NDEO RLL ON MINI BRG HPY SHV FML 25ML","1","12","NON FOOD","GOOD","PC","30.0000","CT","10084.0000","11100.0000","1210","ROLL ON 25ML","","","","","82254-04800-64"
"82254-04800-64_BD","NDEO RLL ON MINI BRG HPY SHV FML 25ML","1","12","FOOD","BAD","PC","30.0000","CT","10084.0000","11100.0000","1210","ROLL ON 25ML","","","","","82254-04800-64"
"82254-04820-31","NDEO ROLL ON HAPPY SHAVE 25ML","1","12","FOOD","GOOD","PC","30.0000","CT","10084.0000","11100.0000","1210","ROLL ON 25ML","","","ABCDEFGHJI","","82254-04820-31"
"82254-04820-31_BD","NDEO ROLL ON HAPPY SHAVE 25ML","1","12","FOOD","BAD","PC","30.0000","CT","9623.2700","10610.0000","1201","NIVEA","","","","","82254-04820-31"
"82264-04800-25_BD","NIVEA WHT HAPPY SHAVE SPY 150ML","1","12","NON FOOD","BAD","PC","12.0000","CT","37990.2800","42590.0000","","","","","ABCDEFGHI","","82264-04800-25"
"82264-04800-25_BN","NIVEA WHT HAPPY SHAVE SPY 150ML","1","12","FOOD","BONUS","PC","12.0000","CT","0.0000","0.0000","1201","NIVEA","","","ABCDEFGHI","","82264-04800-25"
"82264-04800-28_BD","NDEO SPRAY HAPPY SHAVE 150ML","1","12","NON FOOD","BAD","PC","12.0000","CT","40742.4400","44920.0000","1201","NIVEA","","","ABCDEFGHI","","82264-04800-28"
"82264-04800-31_BD","NDEO SPRAY BRIGHTENING HAPPY SHAVE 150ML","1","12","NON FOOD","BAD","PC","12.0000","CT","40742.4400","44920.0000","1201","NIVEA","","","","","82264-04800-31"
"82378-04800-14_BD","NFM CLN OC_ACN_FM 100ML","1","12","NON FOOD","BAD","PC","24.0000","CT","24753.0000","27750.0000","1201","NIVEA","","","ABCDEFGHI","","82378-04800-14"
"82378-04800-24_BD","NFM OIL CONTROL FACIAL FOAM 100 ML","1","12","NON FOOD","BAD","PC","24.0000","CT","24753.0000","27750.0000","1201","NIVEA","","","ABCDEFGHI","","82378-04800-24"
"82378-04800-24_BN","NFM OIL CONTROL FACIAL FOAM 100 ML","1","12","NON FOOD","BONUS","PC","24.0000","CT","0.0000","0.0000","1201","NIVEA","","","ABCDEFGHI","","82378-04800-24"
"82378-04800-26_BD","NFM CLN OC ACN FM 100ML","1","12","FOOD","BAD","PC","24.0000","CT","24753.0000","26667.0000","1201","NIVEA","","","ABCDEFGHI","","82378-04800-26"
"82378-04800-28","NIVEA MEN OIL CONTROL ACNE CLEAR FOAM 100ML","1","12","FOOD","GOOD","PC","24.0000","CT","27800.0000","30600.0000","1203","NIVEA MEN","","","ABCDEFGHI","","82378-04800-28"
"82378-04800-28_BD","NIVEA MEN OIL CONTROL ACNE CLEAR FOAM 100ML","1","12","FOOD","BAD","PC","24.0000","CT","27800.0000","30600.0000","1201","NIVEA","","","ABCDEFGHI","","82378-04800-28"
"82379-04800-14_BD","NFM CLN OC_ACN_FM 50ML","1","12","NON FOOD","BAD","PC","36.0000","CT","17036.0000","19099.0000","1201","NIVEA","","","ABCDEFGHI","","82379-04800-14"
"82379-04800-24_BD","NFM OC ACNE CLEAR FOAM 50ML","1","12","NON FOOD","BAD","PC","36.0000","CT","13014.2800","14590.0000","1201","NIVEA","","","ABCDEFGHI","","82379-04800-24"
"82379-04800-24_BN","NFM OC ACNE CLEAR FOAM 50ML","1","12","NON FOOD","BONUS","PC","36.0000","CT","0.0000","0.0000","1201","NIVEA","","","ABCDEFGHI","","82379-04800-24"
"82379-04800-28","NM Acne Control Brightening Facial Foam 50","1","12","FOOD","GOOD","PC","36.0000","CT","18988.0000","20900.0000","1203","NIVEA MEN","","","ABCDEFGHI","","82379-04800-28"
"82379-04800-28_BD","NM Acne Control Brightening Facial Foam 50","1","12","FOOD","BAD","PC","36.0000","CT","18988.0000","20900.0000","1201","NIVEA","","","ABCDEFGHI","","82379-04800-28"
"82411-04801-50_BD","SOAP CREME CARE 75G","1","12","FOOD","BAD","PC","48.0000","CT","5205.7100","5836.0000","1201","NIVEA","","","","","82411-04801-50"
"82411-04801-50_BN","SOAP CREME CARE 75G","1","12","FOOD","BONUS","PC","48.0000","CT","0.0000","0.0000","NC","NIVEA CREME","","","ABCDEFGHI","","82411-04801-50"
"82411-04810-50_BD","NIVEA SOAP CREME CARE 75G","1","12","FOOD","BAD","PC","48.0000","CT","5205.7100","5836.0000","1201","NIVEA","","","ABCDEFGHI","","82411-04810-50"
"82411-04810-50_BN","NIVEA SOAP CREME CARE 75G","1","12","FOOD","BONUS","PC","48.0000","CT","0.0000","0.0000","1201","NIVEA","","","ABCDEFGHI","","82411-04810-50"
"82449-04801-50_BD","SOAP CREME SOFT 75G","1","12","FOOD","BAD","PC","48.0000","CT","5205.7100","5836.0000","1201","NIVEA","","","","","82449-04801-50"
"82449-04810-50_BD","NIVEA SOAP CREME SOFT 75G","1","12","FOOD","BAD","PC","48.0000","CT","5205.7100","5836.0000","1201","NIVEA","","","ABCDEFGHI","","82449-04810-50"
"82449-04810-50_BN","NIVEA SOAP CREME SOFT 75G","1","12","FOOD","BONUS","PC","48.0000","CT","0.0000","0.0000","1201","NIVEA","","","ABCDEFGHI","","82449-04810-50"
"82808-04800-25_BN","NDEO ROLL ON FRS ACT MALE 50ML","1","12","FOOD","BONUS","PC","24.0000","CT","0.0000","0.0000","1201","NIVEA","","","ABCDEFGHI","","82808-04800-25"
"82808-04800-28","NDEO ROLL ON FRS MALE 50ML","1","12","NON FOOD","GOOD","PC","24.0000","CT","15717.0000","17300.0000","1204","ROLL ON 50ML","","","BDEHI","","82808-04800-28"
"82808-04800-28_BD","NDEO ROLL ON FRS MALE 50ML","1","12","FOOD","BAD","PC","24.0000","CT","15074.3400","17300.0000","1201","NIVEA","","","ABCDEFGHI","","82808-04800-28"
"82808-04800-64","NDEO RLL ON FRESH ACTIVE 50ML","1","12","NON FOOD","GOOD","PC","24.0000","CT","15717.0000","17300.0000","1204","ROLL ON 50ML","","","","","82808-04800-64"
"82808-04800-64_BD","NDEO RLL ON FRESH ACTIVE 50ML","1","12","NON FOOD","BAD","PC","24.0000","CT","15717.0000","17300.0000","1204","ROLL ON 50ML","","","","","82808-04800-64"
"82808-04805-67","NDEO ROLL ON FRESH ACTIVE 50ML","1","12","FOOD","GOOD","PC","24.0000","CT","15717.0500","17300.0000","1204","ROLL ON 50ML","","","","","82808-04805-67"
"82819-04800-25_BD","NDEO ROLL ON MINI FRS MALE 25ML","1","12","FOOD","BAD","PC","30.0000","CT","6511.6000","7665.0000","1201","NIVEA","","","ABCDEFGHI","","82819-04800-25"
"82819-04800-28_BD","NDEO RO MINI FRS ACT ML 25ML AP","1","12","FOOD","BAD","PC","30.0000","CT","6837.1800","7665.0000","1201","NIVEA","","","ABCDEFGHI","","82819-04800-28"
"82864-04800-13_BD","EXTRA WHT ROLL ON FEMALE 25ML","1","12","NON FOOD","BAD","PC","30.0000","CT","6877.3200","8096.0000","NP","NBO PERFORMANCE","","","ABCDEFGHI","","82864-04800-13"
"82864-04800-13_BN","EXTRA WHT ROLL ON FEMALE 25ML","1","12","NON FOOD","BONUS","PC","30.0000","CT","0.0000","0.0000","1201","NIVEA","","","ABCDEFGHI","","82864-04800-13"
"82864-04800-25_BD","NDEO RLL-ON EXT_WHT_FML 25ML","1","12","NON FOOD","BAD","PC","30.0000","CT","8786.2000","9850.0000","1201","NIVEA","","","ABCDEFGHI","","82864-04800-25"
"82864-04800-25_BN","NDEO RLL-ON EXT_WHT_FML 25ML","1","12","NON FOOD","BONUS","PC","30.0000","CT","0.0000","0.0000","1201","NIVEA","","","ABCDEFGHI","","82864-04800-25"
"82864-04800-27_BD","NDEO RO MINI EXT WHT FML 25ML","1","12","FOOD","BAD","PC","30.0000","CT","8786.2000","9850.0000","1201","NIVEA","","","ABCDEFGHI","","82864-04800-27"
"82864-04800-27_BN","NDEO RO MINI EXT WHT FML 25ML","1","12","FOOD","BONUS","PC","30.0000","CT","0.0000","0.0000","1201","NIVEA","","","ABCDEFGHI","","82864-04800-27"
"82864-04800-64","NDEO RLL ON RDNT&SMOOTH 25ML","1","12","NON FOOD","GOOD","PC","30.0000","CT","10084.0000","11100.0000","1210","ROLL ON 25ML","","","","","82864-04800-64"
"82864-04800-64_BD","NDEO RLL ON EXT BRIGHT RDNTSMOOTH 25ML","1","12","NON FOOD","BAD","PC","30.0000","CT","10084.0000","11100.0000","1201","NIVEA","","","","","82864-04800-64"
"82864-04820-32","NDEO ROLL ON EXTRA WHITENING 25ML","1","12","FOOD","GOOD","PC","30.0000","CT","10084.0000","11100.0000","1210","ROLL ON 25ML","","","ABCDEFGHJI","","82864-04820-32"
"82864-04820-32_BD","NDEO ROLL ON EXTRA WHITENING 25ML","1","12","FOOD","BAD","PC","30.0000","CT","9623.2700","10610.0000","1201","NIVEA","","","","","82864-04820-32"
"82864-04820-33","NDEO RLL ON EXT WHITENING 25ML","1","12","NON FOOD","GOOD","PC","30.0000","CT","10084.0000","11100.0000","1210","ROLL ON 25ML","","","","","82864-04820-33"
"82864-04820-33_BD","NDEO RLL ON EXT WHITENING 25ML","1","12","NON FOOD","BAD","PC","30.0000","CT","9623.2700","10610.0000","1201","NIVEA","","","","","82864-04820-33"
"82877-04800-25_BN","NIVEA MEN FRESH ACTV SPRAY 150ML","1","12","FOOD","BONUS","PC","12.0000","CT","0.0000","0.0000","1201","NIVEA","","","ABCDEFGHI","","82877-04800-25"
"82877-04800-28_BD","NDEO SPRAY FRESH ACTIVE 150ML","1","12","FOOD","BAD","PC","12.0000","CT","29862.3800","33478.0000","1201","NIVEA","","","ABCDEFGHI","","82877-04800-28"
"82883-04800-25_BD","COOL KICK SPRAY 150ML","1","12","NON FOOD","BAD","PC","12.0000","CT","36821.7600","41280.0000","1201","NIVEA","","","ABCDEFGHI","","82883-04800-25"
"82883-04800-25_BN","COOL KICK SPRAY 150ML","1","12","FOOD","BONUS","PC","12.0000","CT","0.0000","0.0000","1201","NIVEA","","","ABCDEFGHI","","82883-04800-25"
"82883-04800-31_BD","NDEO SPRAY COOL KICK 150ML","1","12","FOOD","BAD","PC","12.0000","CT","36821.7600","38600.0000","1201","NIVEA","","","","","82883-04800-31"
"82883-04800-62","NDEO MEN  SPY COOL KICK BLUE 150ML","1","12","NON FOOD","GOOD","PC","12.0000","CT","39971.0000","44000.0000","1205","ROLL ON 150ML","","","","","82883-04800-62"
"82883-04800-62_BD","NDEO MEN  SPY COOL KICK BLUE 150ML","1","12","NON FOOD","BAD","PC","12.0000","CT","39971.0000","44000.0000","1201","NIVEA","","","","","82883-04800-62"
"82883-07700-64","NDEO SPRAY COOL KICK 150ML","1","12","NON FOOD","GOOD","PC","12.0000","CT","39971.0000","44000.0000","1205","ROLL ON 150ML","","","","","82883-07700-64"
"82886-04800-13_BN","COOL KICK ROLL MALE 50ML","1","12","FOOD","BONUS","PC","24.0000","CT","0.0000","0.0000","NPI","NIVEA PROMOTION ITEMS","","","ABCDEFGHI","","82886-04800-13"
"82886-04800-31_BD","NDEO Roll On Cool Kick 50","1","12","FOOD","BAD","PC","24.0000","CT","14976.6800","16214.0000","1201","NIVEA","","","","","82886-04800-31"
"82886-04800-33","NDEO MEN COOL KICK COOL BLUE 50ML","1","12","NON FOOD","GOOD","PC","24.0000","CT","15717.0000","17300.0000","1204","ROLL ON 50ML","","","","","82886-04800-33"
"82886-04800-33_BD","NDEO MEN COOL KICK COOL BLUE 50ML","1","12","FOOD","BAD","PC","24.0000","CT","15717.0000","17300.0000","1201","NIVEA","","","","","82886-04800-33"
"82886-04800-64","NDEO RLL ON COOL KICK BLUE 50ML","1","12","NON FOOD","GOOD","PC","24.0000","CT","15717.0000","17300.0000","1204","ROLL ON 50ML","","","","","82886-04800-64"
"82886-04800-64_BD","NDEO RLL ON COOL KICK BLUE 50ML","1","12","NON FOOD","BAD","PC","24.0000","CT","15717.0000","17300.0000","1204","ROLL ON 50ML","","","","","82886-04800-64"
"82959-04800-24_BD","SILVER PROTECT SPRAY 150ML","1","12","NON FOOD","BAD","PC","12.0000","CT","29862.3800","33478.0000","LE","LIMITED EDITION PRODUCT","","","ABCDEFGHI","","82959-04800-24"
"82959-04800-25_BD","NDEO SPY SLV PRTT DYN PWR 150ML","1","12","NON FOOD","BAD","PC","12.0000","CT","29862.3800","33478.0000","1201","NIVEA","","","ABCDEFGHI","","82959-04800-25"
"82959-04800-25_BN","NDEO SPY SLV PRTT DYN PWR 150ML","1","12","FOOD","BONUS","PC","12.0000","CT","0.0000","0.0000","1201","NIVEA","","","ABCDEFGHI","","82959-04800-25"
"82967-04800-24_BD","EXTRA WHITENING SPRAY 150ML","1","12","NON FOOD","BAD","","12.0000","","29862.3800","33478.0000","LE","LIMITED EDITION PRODUCT","","","ABCDEFGHI","","82967-04800-24"
"82967-04800-25_BD","EXTRA WHITENING SPRAY FML 150ML","1","12","NON FOOD","BAD","PC","12.0000","CT","37990.2800","42590.0000","LE","LIMITED EDITION PRODUCT","","","ABCDEFGHI","","82967-04800-25"
"82967-04800-28_BD","NDEO SPRAY EXTRA WHITE FML 150ML","1","12","FOOD","BAD","PC","12.0000","CT","38629.1300","42590.0000","1201","NIVEA","","","ABCDEFGHI","","82967-04800-28"
"82967-04820-40_BD","NDEO SPRAY EXTRA BRIGHTENING 150ML","1","12","NON FOOD","BAD","PC","12.0000","CT","40742.4400","44920.0000","1201","NIVEA","","","","","82967-04820-40"
"82967-04820-62","NDEO SPY EXT BRIGHTENING 150ML","1","12","NON FOOD","GOOD","PC","12.0000","CT","43154.0000","47500.0000","1205","ROLL ON 150ML","","","","","82967-04820-62"
"82967-04820-62_BD","NDEO SPY EXT BRIGHTENING 150ML","1","12","NON FOOD","BAD","PC","12.0000","CT","43154.0000","47500.0000","1205","ROLL ON 150ML","","","","","82967-04820-62"
"82967-07700-64","NDEO EXTRA BRIGHTENING SPRAY 150ML","1","12","NON FOOD","GOOD","PC","12.0000","CT","43154.0000","47500.0000","1205","ROLL ON 150ML","","","","","82967-07700-64"
"82967-07700-64_BD","NDEO EXTRA BRIGHTENING SPRAY 150ML","1","12","FOOD","BAD","PC","12.0000","CT","43154.0000","47500.0000","1205","ROLL ON 150ML","","","","","82967-07700-64"
"82978-04800-13_BD","COOL KICK ROLL ON MALE 25ML","1","12","NON FOOD","BAD","PC","30.0000","CT","8786.2000","9328.0000","NP","NBO PERFORMANCE","","","ABCDEFGHI","","82978-04800-13"
"82978-04800-13_BN","COOL KICK ROLL ON MALE 25ML","1","12","FOOD","BONUS","PC","30.0000","CT","0.0000","0.0000","1201","NIVEA","","","ABCDEFGHI","","82978-04800-13"
"82978-04800-31","NDEO Roll On Cool Kick Cool Blue 25ml","1","12","FOOD","GOOD","PC","30.0000","CT","10084.0000","11100.0000","1201","NIVEA","","","ABCDEFGHI","","82978-04800-31"
"82978-04800-31_BD","NDEO Roll On Cool Kick Cool Blue 25ml","1","12","FOOD","BAD","PC","30.0000","CT","8933.0000","9850.0000","1201","NIVEA","","","ABCDEFGHI","","82978-04800-31"
"82978-04800-33","NDEO MEN COOL KICK COOL BLUE 25ML","1","12","NON FOOD","GOOD","PC","30.0000","CT","10084.0000","11100.0000","1210","ROLL ON 25ML","","","","","82978-04800-33"
"82978-04800-33_BD","NDEO MEN COOL KICK COOL BLUE 25ML","1","12","NON FOOD","BAD","PC","30.0000","CT","9623.2700","10610.0000","1201","NIVEA","","","","","82978-04800-33"
"82978-04800-64","NDEO RLL ON COOL KICK COOL BLUE 25ML","1","12","NON FOOD","GOOD","PC","30.0000","CT","10084.0000","11100.0000","1210","ROLL ON 25ML","","","","","82978-04800-64"
"83188-04800-31","NDEO Roll On Cool Kick Freezy Green 50","1","12","FOOD","GOOD","PC","24.0000","CT","15717.0000","17300.0000","1204","ROLL ON 50ML","","","ABCDEFGHI","","83188-04800-31"
"83188-04800-31_BD","NDEO Roll On Cool Kick Freezy Green 50","1","12","FOOD","BAD","PC","24.0000","CT","15717.0000","17300.0000","1201","NIVEA","","","ABCDEFGHI","","83188-04800-31"
"83188-04800-64","NDEO RLL ON COOL KICK FREEZY GREEN 50ML","1","12","NON FOOD","GOOD","PC","24.0000","CT","15717.0000","17300.0000","1204","ROLL ON 50ML","","","","","83188-04800-64"
"83188-04800-64_BD","NDEO RLL ON COOL KICK FREEZY GREEN 50ML","1","12","NON FOOD","BAD","PC","24.0000","CT","15717.0000","17300.0000","1204","ROLL ON 50ML","","","","","83188-04800-64"
"83233-04800-15_BD","NBO INSTAN WHT SERUM SPF33 70ML","1","12","NON FOOD","BAD","PC","48.0000","CT","14794.7100","16586.0000","1201","NIVEA","","","ABCDEFGHI","","83233-04800-15"
"83234-04800-15_BD","NBO INSTAN WHT SERUM SPF33 180ML","1","12","NON FOOD","BAD","PC","24.0000","CT","36616.6000","39136.0000","1201","NIVEA","","","ABCDEFGHI","","83234-04800-15"
"83234-04800-37_BD","NBODY WHT INS SRM SPF33 180ML","1","12","FOOD","BAD","PC","24.0000","CT","36616.6000","39136.0000","1201","NIVEA","","","ABCDEFGHI","","83234-04800-37"
"83244-04800-00_BD","NBO ESS ORANGE BLSM&AVCD OIL 200ML","1","12","FOOD","BAD","PC","12.0000","CT","16234.4000","18200.0000","1201","NIVEA","","","ABCDEFGH","","83244-04800-00"
"83244-04810-37_BD","NBO ESS ORANGE BLSM&AVCD OIL 200ML","1","12","FOOD","BAD","PC","24.0000","CT","16234.4000","18200.0000","1201","NIVEA","","","ABCDEFGHI","83244-04810-37","83244-04810-37"
"83444-04800-30_BD","NDEO ROLL-ON HIJAB FRESH FML 25ML","1","12","FOOD","BAD","PC","30.0000","CT","8786.2000","9850.0000","1201","NIVEA","","","ABCDEFGHI","","83444-04800-30"
"83444-04800-33","NDEO RLL ON HIJAB FRESH 25ML","1","12","FOOD","GOOD","PC","30.0000","CT","10084.0000","11100.0000","1210","ROLL ON 25ML","","","","","83444-04800-33"
"83444-04800-33_BD","NDEO RLL ON HIJAB FRESH 25ML","1","12","NON FOOD","BAD","PC","30.0000","CT","10084.0000","11100.0000","1201","NIVEA","","","","","83444-04800-33"
"83444-04800-62_BD","NDEO ROLL ON BRIGHT HIJAB FRESH 25ML","1","12","NON FOOD","BAD","PC","30.0000","CT","9623.2700","10610.0000","1201","NIVEA","","","","","83444-04800-62"
"83444-04800-64","NDEO RLL ON HJB FRESH 25ML","1","12","NON FOOD","GOOD","PC","30.0000","CT","10084.0000","11100.0000","1210","ROLL ON 25ML","","","","","83444-04800-64"
"83444-04800-64_BD","NDEO RLL ON HJB FRESH 25ML","1","12","FOOD","BAD","PC","30.0000","CT","10084.0000","11100.0000","1210","ROLL ON 25ML","","","","","83444-04800-64"
"83445-04800-30_BD","NDEO RLL-ON HIJAB FRESH FML 50ML","1","12","FOOD","BAD","PC","24.0000","CT","17251.2800","19340.0000","1201","NIVEA","","","ABCDEFGHI","","83445-04800-30"
"83445-04800-33","NDEO RLL ON BRIGHT HIJAB FRESH 50ML","1","12","NON FOOD","GOOD","PC","24.0000","CT","17579.0000","19350.0000","1204","ROLL ON 50ML","","","","","83445-04800-33"
"83445-04800-33_BD","NDEO RLL ON BRIGHT HIJAB FRESH 50ML","1","12","NON FOOD","BAD","PC","24.0000","CT","17541.3800","19340.0000","1204","ROLL ON 50ML","","","","","83445-04800-33"
"83445-04800-62","NDEO ROLL ON BRIGHT HIJAB FRESH 50ML","1","12","NON FOOD","GOOD","PC","24.0000","CT","17579.0000","19350.0000","1204","ROLL ON 50ML","","","","","83445-04800-62"
"83445-04800-62_BD","NDEO ROLL ON BRIGHT HIJAB FRESH 50ML","1","12","NON FOOD","BAD","PC","24.0000","CT","17541.3800","19340.0000","1201","NIVEA","","","","","83445-04800-62"
"83445-04800-64","NDEO RLL ON HJB FRESH 50ML","1","12","NON FOOD","GOOD","PC","24.0000","CT","17579.0000","19350.0000","1204","ROLL ON 50ML","","","","","83445-04800-64"
"83445-04800-64_BD","NDEO RLL ON HJB FRESH 50ML","1","12","NON FOOD","BAD","PC","24.0000","CT","17579.0000","19350.0000","1204","ROLL ON 50ML","","","","","83445-04800-64"
"83445-04810-30_BD","NDEO RLL-ON HIJAB FRESH FML 50ML","1","12","FOOD","BAD","PC","24.0000","CT","17251.2800","18783.0000","1201","NIVEA","","","","","83445-04810-30"
"83495-04800-30_BD","NDEO WHITENING HIJAB FRESH SPARY 150ML","1","12","FOOD","BAD","PC","12.0000","CT","43154.0000","47500.0000","1201","NIVEA","","","ABCDEFGHI","","83495-04800-30"
"83495-04800-62","NDEO SPY BRIGHTENING HIJAB FRESH 150ML","1","12","NON FOOD","GOOD","PC","12.0000","CT","43154.0000","47500.0000","1205","ROLL ON 150ML","","","","","83495-04800-62"
"83495-04800-62_BD","NDEO SPY BRIGHTENING HIJAB FRESH 150ML","1","12","NON FOOD","BAD","PC","12.0000","CT","43154.0000","47500.0000","1201","NIVEA","","","","","83495-04800-62"
"83495-04800-63","NDEO SPY BRIGHT HIJAB FRESH 150ML","1","12","NON FOOD","GOOD","PC","12.0000","CT","43154.0000","47500.0000","1205","ROLL ON 150ML","","","","","83495-04800-63"
"83731-04800-27_BD","NDEO SPY PRL&BTY 150ML","1","12","FOOD","BAD","PC","12.0000","CT","43153.7500","47500.0000","1201","NIVEA","","","ABCDEFGHI","","83731-04800-27"
"83731-04800-28_BD","NDEO SPRAY PEARL&BEAUTY 150ML","1","12","FOOD","BAD","PC","12.0000","CT","38629.1300","42590.0000","1201","NIVEA","","","ABCDEFGHI","","83731-04800-28"
"83731-04800-32_BD","NDEO SPRAY PEARL&BEAUTY 150ML","1","12","NON FOOD","BAD","PC","12.0000","CT","37990.2800","42590.0000","1201","NIVEA","","","","","83731-04800-32"
"83731-04800-62","NDEO PEARL BEAUTY SPY 150ML","1","12","NON FOOD","GOOD","PC","12.0000","CT","43154.0000","47500.0000","1205","ROLL ON 150ML","","","","","83731-04800-62"
"83731-04800-62_BD","NDEO PEARL BEAUTY SPY 150ML","1","12","NON FOOD","BAD","PC","12.0000","CT","43154.0000","47500.0000","1201","NIVEA","","","","","83731-04800-62"
"83731-07700-64","NDEO SPY PRL&BTY 150ML","1","12","NON FOOD","GOOD","PC","12.0000","CT","43153.7500","47500.0000","1201","NIVEA","","","","","83731-07700-64"
"83734-04800-27_BD","NDEO RLL ON PEARL&BTY 25ML","1","12","FOOD","BAD","PC","30.0000","CT","8786.2000","9850.0000","1201","NIVEA","","","ABCDEFGHI","","83734-04800-27"
"83734-04800-32","NDEO RLL ON PRL&BTY 25ML","1","12","NON FOOD","GOOD","PC","30.0000","CT","10084.0000","11100.0000","1210","ROLL ON 25ML","","","","","83734-04800-32"
"83734-04800-32_BD","NDEO RLL ON PRL&BTY 25ML","1","12","FOOD","BAD","PC","30.0000","CT","9623.2700","10610.0000","1201","NIVEA","","","","","83734-04800-32"
"83734-04800-64","NDEO RLL ON PRL&BTY 25ML","1","12","NON FOOD","GOOD","PC","30.0000","CT","10084.0000","11100.0000","1210","ROLL ON 25ML","","","","","83734-04800-64"
"83734-04800-67","NDEO RLL ON PRL&BTY 25ML","1","12","NON FOOD","GOOD","PC","30.0000","CT","10084.0000","11100.0000","1210","ROLL ON 25ML","","","","","83734-04800-67"
"83734-04810-28_BD","NDEO RLL-ON PRL&BTY 25ML","1","12","FOOD","BAD","PC","30.0000","CT","10084.3500","11100.0000","1201","NIVEA","","","ABCDEFGHI","","83734-04810-28"
"83735-04800-32","NDEO RLL ON PEARL&BTY 50ML","1","12","NON FOOD","GOOD","PC","24.0000","CT","17262.0000","19000.0000","1204","ROLL ON 50ML","","","","","83735-04800-32"
"83735-04800-32_BD","NDEO RLL ON PEARL&BTY 50ML","1","12","NON FOOD","BAD","PC","24.0000","CT","17262.0000","19000.0000","1201","NIVEA","","","","","83735-04800-32"
"83735-04800-64","NDEO RLL ON PEARL&BTY 50ML","1","12","NON FOOD","GOOD","PC","24.0000","CT","17262.0000","19000.0000","1204","ROLL ON 50ML","","","","","83735-04800-64"
"83735-04800-64_BD","NDEO RLL ON PEARL&BTY 50ML","1","12","NON FOOD","BAD","PC","24.0000","CT","17262.0000","19000.0000","1204","ROLL ON 50ML","","","","","83735-04800-64"
"83735-04800-67","NDEO RLL ON PEARL&BTY 50ML","1","12","FOOD","GOOD","PC","24.0000","CT","17262.0000","19000.0000","1204","ROLL ON 50ML","","","","","83735-04800-67"
"83735-04810-28_BD","NDEO RLL-ON PRL&BTY 50ML","1","12","FOOD","BAD","PC","24.0000","CT","15413.7600","17280.0000","1201","NIVEA","","","ABCDEFGHI","","83735-04810-28"
"83735-04820-28_BD","NDEO ROLL ON PEARL&BTY 50ML FEMALE","1","12","FOOD","BAD","PC","24.0000","CT","15413.7600","17280.0000","1201","NIVEA","","","","","83735-04820-28"
"83739-04800-24_BD","COOL KICK SPRAY 50ML","1","12","NON FOOD","BAD","PC","24.0000","CT","12819.8200","14372.0000","LE","LIMITED EDITION PRODUCT","","","ABCDEFGHI","","83739-04800-24"
"83745-04800-24_BD","SILVER PROTECT SPRAY 50ML","1","12","NON FOOD","BAD","PC","24.0000","CT","12819.8200","14372.0000","LE","LIMITED EDITION PRODUCT","","","ABCDEFGHI","","83745-04800-24"
"83745-04800-25_BD","SILVER PROTECT SPRAY 50ML","1","12","NON FOOD","BAD","PC","24.0000","CT","13035.4000","14372.0000","LE","LIMITED EDITION PRODUCT","","","ABCDEFGHI","","83745-04800-25"
"83747-04800-13_BD","EXTRA WHT ROOL ON FEMALE 50ML","1","12","NON FOOD","BAD","PC","24.0000","CT","12061.6200","13522.0000","NP","NBO PERFORMANCE","","","ABCDEFGHI","","83747-04800-13"
"83747-04800-13_BN","EXTRA WHT ROOL ON FEMALE 50ML","1","12","FOOD","BONUS","PC","24.0000","CT","0.0000","0.0000","NP","NBO PERFORMANCE","","","ABCDEFGHI","","83747-04800-13"
"83747-04800-25_BD","NDEO RLL-ON EXT_WHT_FML 50ML","1","12","NON FOOD","BAD","PC","24.0000","CT","15824.0800","17740.0000","1201","NIVEA","","","ABCDEFGHI","","83747-04800-25"
"83747-04800-25_BN","NDEO RLL-ON EXT_WHT_FML 50ML","1","12","FOOD","BONUS","PC","24.0000","CT","0.0000","0.0000","1201","NIVEA","","","ABCDEFGHI","","83747-04800-25"
"83747-04800-27_BD","NDEO RO EXTRA WHITE FML 50ML","1","12","FOOD","BAD","PC","24.0000","CT","15824.0800","17740.0000","1201","NIVEA","","","ABCDEFGHI","","83747-04800-27"
"83747-04800-27_BN","NDEO RO EXTRA WHITE FML 50ML","1","12","FOOD","BONUS","PC","24.0000","CT","0.0000","0.0000","1201","NIVEA","","","ABCDEFGHI","","83747-04800-27"
"83747-04800-28_BD","NDEO ROLL ON EXT WHT FML 50ML","1","12","FOOD","BAD","PC","24.0000","CT","15824.0800","17740.0000","1201","NIVEA","","","ABCDEFGHI","","83747-04800-28"
"83747-04800-64","NDEO EXT BRIGHT RDNT SMOOTH 50ML","1","12","NON FOOD","GOOD","PC","24.0000","CT","17262.0000","19000.0000","1204","ROLL ON 50ML","","","","","83747-04800-64"
"83747-04800-64_BD","NDEO EXT BRIGHT RDNT SMOOTH 50ML","1","12","NON FOOD","BAD","PC","24.0000","CT","17262.0000","19000.0000","1204","ROLL ON 50ML","","","","","83747-04800-64"
"83747-04820-32","NDEO ROLL ON EXTRA WHITENING 50ML","1","12","FOOD","GOOD","PC","24.0000","CT","17262.0000","19000.0000","1204","ROLL ON 50ML","","","ABCDEFGHJI","","83747-04820-32"
"83747-04820-32_BD","NDEO ROLL ON EXTRA WHITENING 50ML","1","12","NON FOOD","BAD","PC","24.0000","CT","16579.9600","18280.0000","1201","NIVEA","","","","","83747-04820-32"
"83747-04820-33","NDEO RLL ON EXT WHITE 50ML","1","12","NON FOOD","GOOD","PC","24.0000","CT","17262.0000","19000.0000","1204","ROLL ON 50ML","","","","","83747-04820-33"
"83747-04820-33_BD","NDEO RLL ON  EXTRA WHITE 50ML","1","12","NON FOOD","BAD","PC","24.0000","CT","16579.9600","18280.0000","1204","ROLL ON 50ML","","","","","83747-04820-33"
"83760-04800-30_BD","NDEO RLL ON B&W RDN SMT FML 25ML","1","12","FOOD","BAD","PC","30.0000","CT","7080.7000","7938.0000","1201","NIVEA","","","ABCDEFGHI","","83760-04800-30"
"83760-04810-28_BD","NDEO RO INV BLC&WHT RDNT&SMOOTH 25ML","1","12","FOOD","BAD","PC","30.0000","CT","6743.5200","7938.0000","1201","NIVEA","","","ABCDEFGHI","","83760-04810-28"
"83778-04800-13_BD","SILVER PROTECT ROLL ON MALE 50ML","1","12","NON FOOD","BAD","PC","24.0000","CT","14825.0400","16620.0000","NPI","NIVEA PROMOTION ITEMS","","","ABCDEFGHI","","83778-04800-13"
"83778-04800-13_BN","SILVER PROTECT ROLL ON MALE 50ML","1","12","FOOD","BONUS","PC","24.0000","CT","0.0000","0.0000","1201","NIVEA","","","ABCDEFGHI","","83778-04800-13"
"83778-04800-29_BD","NDEO RLL-ON SLV PRTT 50ML","1","12","FOOD","BAD","PC","24.0000","CT","14825.0400","15907.0000","1201","NIVEA","","","ABCDEFGHI","","83778-04800-29"
"83778-04800-33","NDEO MEN SILVER PROTECT 50ML","1","12","NON FOOD","GOOD","PC","24.0000","CT","15717.0000","17300.0000","1204","ROLL ON 50ML","","","","","83778-04800-33"
"83778-04800-33_BD","NDEO MEN SILVER PROTECT 50ML","1","12","NON FOOD","BAD","PC","24.0000","CT","15717.0000","17300.0000","1201","NIVEA","","","","","83778-04800-33"
"83778-04800-64","NDEO RLL ON MEN SILVER PROTECT 50ML","1","12","NON FOOD","GOOD","PC","24.0000","CT","15717.0000","17300.0000","1204","ROLL ON 50ML","","","","","83778-04800-64"
"83778-04800-64_BD","NDEO RLL ON MEN SILVER PROTECT 50ML","1","12","NON FOOD","BAD","PC","24.0000","CT","15717.0000","17300.0000","1204","ROLL ON 50ML","","","","","83778-04800-64"
"83779-04800-13_BD","SILVER PROTECT ROLL ON MALE 25ML","1","12","NON FOOD","BAD","PC","30.0000","CT","8786.2000","9328.0000","NPI","NIVEA PROMOTION ITEMS","","","ABCDEFGHI","","83779-04800-13"
"83779-04800-13_BN","SILVER PROTECT ROLL ON MALE 25ML","1","12","NON FOOD","BONUS","PC","30.0000","CT","0.0000","0.0000","1201","NIVEA","","","ABCDEFGHI","","83779-04800-13"
"83779-04800-29_BD","NDEO RLL ON MINI SLV PROT MALE 25ML","1","12","FOOD","BAD","PC","30.0000","CT","8786.2000","9850.0000","1201","NIVEA","","","ABCDEFGHI","","83779-04800-29"
"83781-04800-25_BN","NDEO ROLL ON SHG WHT FEMALE 50ML","1","12","FOOD","BONUS","PC","24.0000","CT","0.0000","0.0000","1201","NIVEA","","","ABCDEFGHI","","83781-04800-25"
"83781-04800-27_BN","NDEO RO SHG WHT FML 50ML","1","12","FOOD","BONUS","PC","24.0000","CT","0.0000","0.0000","1201","NIVEA","","","ABCDEFGHI","","83781-04800-27"
"83781-04800-28_BD","NDEO RLL ON SHG WHT FEMALE 50ML","1","12","FOOD","BAD","PC","24.0000","CT","15734.8800","17640.0000","1201","NIVEA","","","ABCDEFGHI","","83781-04800-28"
"83781-04800-64","NDEO RLL ON HAPPY SHAVE 50ML","1","12","NON FOOD","GOOD","PC","24.0000","CT","17262.0000","19000.0000","1204","ROLL ON 50ML","","","","","83781-04800-64"
"83781-04800-64_BD","NDEO RLL ON HAPPY SHAVE 50ML","1","12","NON FOOD","BAD","PC","24.0000","CT","17262.0000","19000.0000","1204","ROLL ON 50ML","","","","","83781-04800-64"
"83781-04820-31","NDEO RLL ON SHG WHT FEMALE 50ML","1","12","FOOD","GOOD","PC","24.0000","CT","17262.0000","19000.0000","1204","ROLL ON 50ML","","","ABCDEFGHJI","","83781-04820-31"
"83781-04820-31_BD","NDEO RLL ON SHG WHT FEMALE 50ML","1","12","NON FOOD","BAD","PC","24.0000","CT","16579.9600","18280.0000","1201","NIVEA","","","","","83781-04820-31"
"83803-04800-90_BN","NBODY UV WHITENING  LTN 100ML FLAGSHIP","1","12","NON FOOD","BONUS","PC","48.0000","CT","0.0000","0.0000","NW","NBO WHITENING","","","ABCDEFGHI","","83803-04800-90"
"83804-04800-14_BD","NBODY WHT_EVN LTN 200ML","1","12","FOOD","BAD","PC","24.0000","CT","22906.5600","25680.0000","NW","NBO WHITENING","","","ABCDEFGHI","","83804-04800-14"
"83804-04800-37_BD","NBODY WHT_EVN LTN 200ML","1","12","FOOD","BAD","PC","24.0000","CT","23291.7600","25680.0000","1201","NIVEA","","","ABCDEFGHI","","83804-04800-37"
"83804-04800-90_BD","NBODY UV WHITENING LTN 200ML FLAGSHIP","1","12","NON FOOD","BAD","PC","24.0000","CT","22906.5600","24126.0000","1201","NIVEA","","","ABCDEFGHI","","83804-04800-90_BD"
"83804-04800-90_BN","NBODY UV WHITENING LTN 200ML FLAGSHIP","1","12","NON FOOD","BONUS","PC","24.0000","CT","0.0000","0.0000","NW","NBO WHITENING","","","ABCDEFGHI","","83804-04800-90"
"83804-04810-37","NBO Radiant & Smooth Lotion 200","1","12","FOOD","GOOD","PC","24.0000","CT","23256.8200","25680.0000","1201","NIVEA","","","ABCDEFGHJI","","83804-04810-37"
"83804-04810-37_BD","NBO Radiant & Smooth Lotion 200","1","12","FOOD","BAD","PC","24.0000","CT","23291.7600","25680.0000","1201","NIVEA","","","","","83804-04810-37"
"83807-04800-14_BD","NBODY WHT_EVN PMP LTN 400ML","1","12","NON FOOD","BAD","PC","12.0000","CT","47588.2000","53350.0000","NW","NBO WHITENING","","","ABCDEFGHI","","83807-04800-14"
"83807-04800-37","NBODY WHT_EVN PMP LTN 400ML","1","12","FOOD","GOOD","PC","12.0000","CT","48315.8700","53350.0000","1211","NBODY LOTION","","","DHI","","83807-04800-37"
"83807-04800-37_BD","NBODY WHT_EVN PMP LTN 400ML","1","12","FOOD","BAD","PC","12.0000","CT","48388.4500","53350.0000","1201","NIVEA","","","ABCDEFGHI","","83807-04800-37"
"83807-04800-90_BD","NBODY WHT PMP RPR LTN 400ML","1","12","NON FOOD","BAD","PC","12.0000","CT","47588.2000","53350.0000","NW","NBO WHITENING","","","ABCDEFGHI","","83807-04800-90"
"83807-04800-90_BN","NBODY WHT PMP RPR LTN 400ML","1","12","NON FOOD","BONUS","PC","12.0000","CT","0.0000","0.0000","NW","NBO WHITENING","","","ABCDEFGHI","","83807-04800-90"
"83819-04800-37_BD","NV EXT WHT FIRM&SMOTH LOT 400ML","1","12","FOOD","BAD","PC","12.0000","CT","28098.0000","35910.0000","NB","NIVEA BODY","","","ABCDEFGHI","","83819-04800-37"
"83821-04800-15_BD","NBO ANTI AGE SERUM SPF33 180ML","1","12","NON FOOD","BAD","PC","24.0000","CT","39096.3600","43830.0000","1201","NIVEA","","","ABCDEFGHI","","83821-04800-15"
"83821-04800-37_BD","NBODY WHT SUN SERUM 180ML","1","12","FOOD","BAD","PC","24.0000","CT","39096.3600","43830.0000","1201","NIVEA","","","ABCDEFGHI","","83821-04800-37"
"83821-04800-39_BD","NBO ANTI AGE SPF33 180ML","1","12","FOOD","BAD","PC","24.0000","CT","39753.8100","43830.0000","1201","NIVEA","","","ABCDEFGHI","","83821-04800-39"
"83821-04800-42","NBODY EXT BRIGHT ANTI AGE SERUM 180ML","1","12","NON FOOD","GOOD","PC","24.0000","CT","39974.0000","44000.0000","1206","NIVEA SERUM","","","","","83821-04800-42"
"83821-04800-42_BD","NBODY EXT BRIGHT ANTI AGE SERUM 180ML","1","12","NON FOOD","BAD","PC","24.0000","CT","39974.0000","44000.0000","1201","NIVEA","","","","","83821-04800-42"
"83837-04801-15_BD","NBO WHT SERUM SPF33 180ML IDM/SAT","1","12","NON FOOD","BAD","PC","24.0000","CT","24503.2400","27470.0000","NW","NBO WHITENING","","","ABCDEFGHI","","83837-04801-15"
"83853-04800-37_BD","NV EXT WHT FIRM&SMOTH LOT 100ML","1","12","FOOD","BAD","PC","48.0000","CT","9009.2000","10100.0000","NB","NIVEA BODY","","","ABCDEFGHI","","83853-04800-37"
"83854-04800-37_BD","NV EXT WHT FIRM&SMOTH LOT 200ML","1","12","FOOD","BAD","PC","24.0000","CT","22829.1900","25170.0000","NB","NIVEA BODY","","","ABCDEFGHI","","83854-04800-37"
"83862-04800-90_BD","NBO INTENSIVE SERUM 75ML","1","12","NON FOOD","BAD","PC","48.0000","CT","11596.0000","13000.0000","1201","NIVEA","","","ABCDEFGHI","","83862-04800-90"
"83862-04800-90_BN","NBO INTENSIVE SERUM 75ML","1","12","NON FOOD","BONUS","PC","48.0000","CT","0.0000","0.0000","1201","NIVEA","","","ABCDEFGHI","","83862-04800-90"
"83862-04800-92_BD","NBO INTENSIVE SERUM 75ML","1","12","NON FOOD","BAD","PC","48.0000","CT","11596.0000","13000.0000","1201","NIVEA","","","ABCDEFGHI","","83862-04800-92"
"83863-04800-90_BD","NBO INTENSIVE SERUM 200ML","1","12","NON FOOD","BAD","PC","24.0000","CT","23192.0000","26000.0000","","","","","ABCDEFGHI","","83863-04800-90"
"83863-04800-90_BN","NBO INTENSIVE SERUM 200ML","1","12","NON FOOD","BONUS","PC","24.0000","CT","0.0000","0.0000","1201","NIVEA","","","ABCDEFGHI","","83863-04800-90"
"83922-04800-12_BD","NMEN FC CR CRM SKN CR 75ML TIN","1","12","FOOD","BAD","PC","48.0000","CT","38329.2400","42970.0000","1201","NIVEA","","","EHI","","83922-04800-12"
"83923-04800-12","NMEN FC CR CRM SKN CR 30ML TIN","1","12","NON FOOD","GOOD","PC","144.0000","CT","22712.5000","25000.0000","1201","NIVEA","","","DEHI","","83923-04800-12"
"83923-04800-12_BD","NMEN FC CR CRM SKN CR 30ML TIN","1","12","FOOD","BAD","PC","144.0000","CT","22712.5000","25000.0000","1201","NIVEA","","","ABCDEFGHI","","83923-04800-12"
"83923-04800-29_BD","NMEN Creme Tin 30ml","1","12","NON FOOD","BAD","PC","144.0000","CT","19169.0800","20791.0000","1201","NIVEA","","","","","83923-04800-29"
"83946-04800-14_BD","NMEN WHT OC FUJI MUD 120","1","12","NON FOOD","BAD","PC","24.0000","CT","20272.4800","22727.0000","1201","NIVEA","","","ABCDEFGHI","","83946-04800-14"
"83946-04800-14_BN","NMEN WHT OC FUJI MUD 120","1","12","NON FOOD","BONUS","PC","24.0000","CT","0.0000","0.0000","1201","NIVEA","","","ABCDEFGHI","","83946-04800-14"
"83946-04800-15_BD","NMEN WHT OC FUJI MUD 120ml","1","12","NON FOOD","BAD","PC","24.0000","CT","20272.4800","22727.0000","1201","NIVEA","","","ABCDEFGHI","","83946-04800-15"
"83946-04800-15_BN","NMEN WHT OC FUJI MUD 120ml","1","12","FOOD","BONUS","PC","24.0000","CT","0.0000","0.0000","1201","NIVEA","","","ABCDEFGHI","","83946-04800-15"
"83947-04800-15_BN","NMEN FC_CR SRM_CLN_MD 120ML","1","12","FOOD","BONUS","PC","24.0000","CT","0.0000","0.0000","1201","NIVEA","","","ABCDEFGHI","","83947-04800-15"
"83978-04800-08_BD","NMEN ANT ACN LOD FM 150ML","1","12","FOOD","BAD","PC","24.0000","CT","19713.2000","22100.0000","NF","NFM FACE C/CL","","","ABCDEFGHI","","83978-04800-08"
"84412-04800-01_BD","NMEN DEEP BRIGHT OC LIQUID FOAM 150ML","1","12","FOOD","BAD","PC","24.0000","CT","19713.2000","22100.0000","1201","NIVEA","","","ABCDEFGHI","","84412-04800-01"
"84415-04800-28_BD","NM Deep WOC Mud Facial Foam 100","1","12","NON FOOD","BAD","PC","24.0000","CT","26358.6000","29550.0000","1201","NIVEA","","","","","84415-04800-28"
"84415-04801-01_BD","NMEN CLN DEEP WHT OC MUD FM 100ML","1","12","FOOD","BAD","PC","24.0000","CT","26358.6000","29550.0000","1201","NIVEA","","","","","84415-04801-01"
"84416-04800-28_BD","NM Deep WOC Mud Facial Foam 50","1","12","FOOD","BAD","PC","36.0000","CT","17402.9200","19510.0000","1201","NIVEA","","","ABCDEFGHI","","84416-04800-28"
"84427-04800-28","NMEN Acne Control Brightening Mud Scrub","1","12","FOOD","GOOD","PC","24.0000","CT","27096.7300","29920.0000","1203","NIVEA MEN","","","ABCDEFGHI","","84427-04800-28"
"84427-04800-28_BD","NMEN Acne Control Brightening Mud Scrub","1","12","FOOD","BAD","PC","24.0000","CT","27137.4400","29920.0000","1201","NIVEA","","","ABCDEFGHI","","84427-04800-28"
"84480-04800-28_BD","NDEO RO INV BLC&WHT RDNT&SMOOTH 50ML","1","12","FOOD","BAD","PC","24.0000","CT","15993.5600","17930.0000","1201","NIVEA","","","ABCDEFGHI","","84480-04800-28"
"84480-04800-30","NDEO RLL-ON B&W_RDN_SMT_FML 50ML","1","12","FOOD","GOOD","PC","24.0000","CT","16807.0000","18500.0000","1204","ROLL ON 50ML","","","ABCDEFGHI","","84480-04800-30"
"84480-04800-30_BD","NDEO RLL-ON B&W_RDN_SMT_FML 50ML","1","12","FOOD","BAD","PC","24.0000","CT","16807.0000","18500.0000","1201","NIVEA","","","ABCDEFGHI","","84480-04800-30"
"84481-04800-28_BD","NDEO SPY INV BLC&WHT SLK SMTH FM 150ML","1","12","FOOD","BAD","PC","12.0000","CT","36928.8000","41400.0000","1201","NIVEA","","","ABCDEFGHI","","84481-04800-28"
"84481-04800-30_BD","NDEO SPY B&W RDN SMT FML 150ML","1","12","FOOD","BAD","PC","12.0000","CT","36928.8000","41400.0000","1201","NIVEA","","","ABCDEFGHI","","84481-04800-30"
"84543-04800-37_BD","NBO CHERRY BLOSSOM 100ML","1","12","NON FOOD","BAD","PC","24.0000","CT","11018.8700","12353.0000","1201","NIVEA","","","ABCDEFGHI","","84543-04800-37"
"84602-04800-39_BD","NBODY WHT CLG HIJAB SERUM 180ML","1","12","FOOD","BAD","PC","24.0000","CT","24235.6400","25758.0000","1201","NIVEA","","","ABCDEFGHI","","84602-04800-39"
"84602-04800-41","NBODY EXT WHITE Hijab Cooling Serum 180ml","1","12","NON FOOD","GOOD","PC","24.0000","CT","25892.0000","28500.0000","1206","NIVEA SERUM","","","","","84602-04800-41"
"84602-04800-41_BD","NBODY EXT WHITE Hijab Cooling Serum 180ml","1","12","NON FOOD","BAD","PC","24.0000","CT","25892.0000","28500.0000","1201","NIVEA","","","","","84602-04800-41"
"84602-04801-39_BD","NBODY WHT CLG HIJAB SERUM 180ML","1","12","FOOD","BAD","PC","24.0000","CT","24235.6400","27170.0000","1201","NIVEA","","","","","84602-04801-39"
"846682","RITZ CRACKERS 24X100GR","1","28","FOOD","GOOD","PC","24.0000","CT","5117.0000","5592.0000","2804","OREO/RITZ","2804","OREO/RITZ","ABCDEFGHI","","846682"
"846682_B","RITZ CRACKERS 24X100GR","1","28","FOOD","BAD","PC","24.0000","CT","4268.0000","4664.0000","2804","OREO/RITZ","2804","OREO/RITZ","A","","846682"
"846682_BD","RITZ CRACKERS 24X100GR","1","28","FOOD","BAD","PC","24.0000","CT","5117.0000","5592.0000","2804","OREO/RITZ","2804","OREO/RITZ","ABCDEFGHI","","846682"
"846684_B","RITZ SANDWICH CHEESE 6X12X27G","1","28","FOOD","BAD","PC","72.0000","CT","1423.0000","1555.0000","2804","OREO/RITZ","2804","OREO/RITZ","A","","846684"
"846684_BD","RITZ SANDWICH CHEESE 6X12X27G","1","28","FOOD","BAD","PC","72.0000","CT","1423.0000","1555.0000","2804","OREO/RITZ","2804","OREO/RITZ","ABCDEFGHI","","846684"
"846686_B","RITZ SANDWICH CHEESE 24X118G","1","28","FOOD","BAD","PC","24.0000","CT","5477.0000","5985.0000","2804","OREO/RITZ","2804","OREO/RITZ","A","","846686"
"846860","KRAFT CHEDDAR 8X2KG","1","28","FOOD","GOOD","PC","8.0000","CT","189275.0000","205065.0000","2806","KRAFT","2806","KRAFT","","","846860"
"846860_BD","KRAFT CHEDDAR 8X2KG","1","28","FOOD","BAD","PC","8.0000","CT","189275.0000","205065.0000","2806","KRAFT","2806","KRAFT","","","846860"
"84700-04801-25_BD","NVIS Q10 DAY CARE 30ML","1","12","NON FOOD","BAD","PC","24.0000","CT","26442.4500","29644.0000","NW2","NVIS CARE","","","ABCDEFGHI","","84700-04801-25"
"84716-04801-25_BD","NVIS Q10 PLUS NIGHT CARE 30ML","1","12","NON FOOD","BAD","PC","24.0000","CT","26442.4500","29644.0000","NW2","NVIS CARE","","","ABCDEFGHI","","84716-04801-25"
"84910-04800-09_BD","NF MK UP CR PEARL WHT WTR 125ML","1","12","FOOD","BAD","PC","30.0000","CT","22282.1600","24024.0000","1201","NIVEA","","","ABCDEFGHI","","84910-04800-09"
"84910-04800-12_BD","NIVEA Micellar Pearl Bright 125ml","1","12","NON FOOD","BAD","PC","30.0000","CT","22282.1600","24980.0000","1201","NIVEA","","","","","84910-04800-12"
"84910-04823-12","NIVEA MICELLAR PEARL BRIGHT 125ML","1","12","NON FOOD","GOOD","PC","30.0000","CT","26369.2100","29025.0000","1207","MICELLAR","","","","","84910-04823-12"
"84910-04823-12_BD","NIVEA MICELLAR PEARL BRIGHT 125ML","1","12","NON FOOD","BAD","PC","30.0000","CT","24530.0000","27000.0000","1201","NIVEA","","","","","84910-04823-12"
"84910-04888-01","NIVEA MICELLAR PEARL BRIGHT 125ML","1","12","NON FOOD","GOOD","PC","30.0000","CT","26369.2100","29025.0000","1207","MICELLAR","","","","","84910-04888-01"
"84910-04888-01_BD","NIVEA MICELLAR PEARL BRIGHT 125ML","1","12","FOOD","GOOD","PC","30.0000","CT","24530.0000","27000.0000","1207","MICELLAR","","","","","84910-04888-01"
"84911-04800-09_BD","NF MK UP CR PRL WHT WTR 200ML","1","12","FOOD","BAD","PC","12.0000","CT","39408.5600","44180.0000","1201","NIVEA","","","ABCDEFGHI","","84911-04800-09"
"84911-04823-12","NIVEA MICELLAR PEARL WHT 200ML","1","12","NON FOOD","GOOD","PC","12.0000","CT","40817.1700","45070.0000","1207","MICELLAR","","","","","84911-04823-12"
"84911-04823-12_BD","NIVEA MICELLAR PEARL WHT 200ML","1","12","NON FOOD","BAD","PC","12.0000","CT","40878.4900","45070.0000","1201","NIVEA","","","","","84911-04823-12"
"84937-04800-08_BD","NFC MUC MICELLAIR HYDRATION 125","1","12","FOOD","BAD","PC","30.0000","CT","22282.1600","24980.0000","1201","NIVEA","","","ABCDEFGHI","","84937-04800-08"
"84937-04800-09_BD","NF MUS HYD_MCL_WTR_125ML","1","12","NON FOOD","BAD","PC","30.0000","CT","23337.1100","25730.0000","1201","NIVEA","","","","","84937-04800-09"
"85061-04800-29_BD","NLC ESSENTIAL CARE 4,8G BL","1","12","NON FOOD","BAD","PC","24.0000","CT","20321.5400","22782.0000","NL","NIVEA LIP CARE","","","ABCDEFGHI","","85061-04800-29"
"85061-04800-33_BD","NLC ESL 4.8G","1","12","NON FOOD","BAD","PC","24.0000","CT","22362.4400","25070.0000","NL","NIVEA LIP CARE","","","ABCDEFGHI","","85061-04800-33"
"85061-04800-46_BN","NLC ESSENTIAL 4.8G","1","12","FOOD","BONUS","PC","24.0000","CT","0.0000","0.0000","NL","NIVEA LIP CARE","","","ABCDEFGHI","","85061-04800-46"
"85061-04800-47_BD","NLC ESL 4.8G","1","12","FOOD","BAD","PC","24.0000","CT","22362.4400","25070.0000","1201","NIVEA","","","ABCDEFGHI","","85061-04800-47"
"85061-04800-48","NLC ESSENTIAL 5.5ML","1","12","FOOD","GOOD","PC","24.0000","CT","24918.3300","27428.0000","1201","NIVEA","","","BDEHIJ","","85061-04800-48"
"85061-04800-48_BD","NLC ESSENTIAL 5.5ML","1","12","FOOD","BAD","PC","24.0000","CT","22362.4400","22782.0000","1201","NIVEA","","","ABCDEFGHI","","85061-04800-48"
"85061-04800-49_BD","NIVEA LIPBALM ORI ESSEN 4.8G","1","12","NON FOOD","BAD","PC","24.0000","CT","22362.4400","25070.0000","1201","NIVEA","","","","","85061-04800-49"
"85061-04800-54","NLIP BALM ORI ESS 4.8G","1","12","NON FOOD","GOOD","PC","24.0000","CT","24918.3300","27428.0000","1201","NIVEA","","","","","85061-04800-54"
"85061-04800-54_BD","NLIP BALM ORI ESS 4.8G","1","12","NON FOOD","BAD","PC","24.0000","CT","24075.0000","26500.0000","1201","NIVEA","","","","","85061-04800-54"
"85061-04817-47_BD","NLC ORIGINAL CARE 4.8G","1","12","FOOD","BAD","PC","24.0000","CT","22362.4400","25070.0000","1201","NIVEA","","","ABCDEFGHI","","85061-04817-47"
"85063-04800-47_BD","NLC MED_PRT 4.8G","1","12","FOOD","BAD","PC","24.0000","CT","14405.8000","16150.0000","1201","NIVEA","","","ABCDEFGHI","","85063-04800-47"
"85063-04800-48_BD","NLC MED","1","12","FOOD","BAD","PC","24.0000","CT","14405.8000","16150.0000","1201","NIVEA","","","ABCDEFGHI","","85063-04800-48"
"85066-04800-29_BD","NLC SOFT ROSE 4,8 BL","1","12","NON FOOD","BAD","PC","24.0000","CT","16680.4000","18700.0000","NL","NIVEA LIP CARE","","","ABCDEFGHI","","85066-04800-29"
"85066-04800-30_BD","NLC SOFT ROSE BEAUTY  STICK 4.8 24/CT","1","12","FOOD","BAD","PC","24.0000","CT","16680.4000","18700.0000","","","","","ABCDEFGHI","","85066-04800-30"
"85077-04800-18_BD","NLC STAR FRUIT CHERRY 4,8G BL","1","12","NON FOOD","BAD","PC","24.0000","CT","16680.4000","18700.0000","NL","NIVEA LIP CARE","","","ABCDEFGHI","","85077-04800-18"
"85077-04800-30_BD","NLC CHERRY BEAUTY STICK 4.8 24/CT","1","12","FOOD","BAD","PC","24.0000","CT","16680.4000","18700.0000","","","","","ABCDEFGHI","","85077-04800-30"
"85077-04800-30_BN","NLC CHERRY BEAUTY STICK 4.8 24/CT","1","12","NON FOOD","BONUS","PC","24.0000","CT","0.0000","0.0000","","","","","ABCDEFGHI","","85077-04800-30"
"85077-04888-01","NLC LIP BALM SNOW WHITE CANDY APPLE DREAM","1","12","NON FOOD","GOOD","PC","12.0000","CT","34103.2700","37538.0000","1201","NIVEA","","","","","85077-04888-01"
"85083-04800-29_BD","NLC FRUITY SHINE STRAWBERRY","1","12","FOOD","BAD","PC","24.0000","CT","0.0000","18700.0000","NL","NIVEA LIP CARE","","","ABCDEFGHI","","85083-04800-29"
"85083-04800-29_BN","NLC FRUITY SHINE STRAWBERRY","1","12","NON FOOD","BONUS","PC","24.0000","CT","0.0000","0.0000","","","","","ABCDEFGHI","","85083-04800-29"
"85083-04800-30_BN","NLC STRAW BEAUTY STICK 24/CT","1","12","NON FOOD","BONUS","PC","24.0000","CT","0.0000","0.0000","1201","NIVEA","","","ABCDEFGHI","","85083-04800-30"
"85083-04800-33_BD","NLC FRUTY SHINE BEAUTY STICK STRAW","1","12","NON FOOD","BAD","PC","24.0000","CT","22353.5200","25060.0000","NL","NIVEA LIP CARE","","","ABCDEFGHI","","85083-04800-33"
"85083-04800-48_BD","NLC STRAWBERRY","1","12","FOOD","BAD","PC","24.0000","CT","23373.3900","25770.0000","1201","NIVEA","","","ABCDEFGHI","","85083-04800-48"
"85083-04800-49_BD","NIVEA LIPBALM STRAWBERRY SHINE 4.8G","1","12","NON FOOD","BAD","PC","24.0000","CT","22353.5200","25060.0000","1201","NIVEA","","","","","85083-04800-49"
"85083-04800-54","NIVEA LIP BALM STRAWBERY SHINE 4.8G","1","12","NON FOOD","GOOD","PC","24.0000","CT","24918.3300","27428.0000","1201","NIVEA","","","","","85083-04800-54"
"85083-04800-54_BD","NIVEA LIP BALM STRAWBERY SHINE 4.8G","1","12","NON FOOD","BAD","PC","24.0000","CT","24075.0000","26500.0000","1201","NIVEA","","","","","85083-04800-54"
"85083-04888-01","NLC LIP BALM RAPUNZEL WILD CRANBERRY","1","12","FOOD","GOOD","PC","12.0000","CT","34103.2700","37538.0000","1201","NIVEA","","","","","85083-04888-01"
"85112-04800-13BD","NLC PEARL&SHINE SLIM STICK 2,4G BL","1","12","NON FOOD","BAD","PC","48.0000","CT","22366.9000","25075.0000","NL","NIVEA LIP CARE","","","ABCDEFGHI","","85112-04800-13"
"85112-04800-29_BN","NLC LOVELY LIPS PEARL & SHINE 2.4G","1","12","NON FOOD","BONUS","PC","48.0000","CT","0.0000","0.0000","NL","NIVEA LIP CARE","","","ABCDEFGHI","","85112-04800-29"
"85178-04800-29_BD","NLC LOVELY LIPS NATURAL PINK SLIM STICK 2,4G BL","1","12","NON FOOD","BAD","PC","48.0000","CT","11186.0000","12540.0000","NL","NIVEA LIP CARE","","","ABCDEFGHI","","85178-04800-29"
"85178-04800-29_BN","NLC LOVELY LIPS NATURAL PINK SLIM STICK 2,4G BL","1","12","NON FOOD","BONUS","PC","48.0000","CT","0.0000","0.0000","NL","NIVEA LIP CARE","","","ABCDEFGHI","","85178-04800-29"
"85234-04800-31_BD","NLC VIT SHAKE CRBY&RPBY","1","12","NON FOOD","BAD","PC","24.0000","CT","8581.9300","9621.0000","1201","NIVEA","","","ABCDEFGHI","","85234-04800-31"
"85234-04800-31_BN","NLC VIT SHAKE CRBY&RPBY","1","12","FOOD","BONUS","PC","24.0000","CT","0.0000","0.0000","1201","NIVEA","","","ABCDEFGHI","","85234-04800-31"
"85234-04800-33_BD","NLC LIP SMT CRBY&RPBY","1","12","FOOD","BAD","PC","24.0000","CT","12390.7700","13891.0000","NL","NIVEA LIP CARE","","","ABCDEFGHI","","85234-04800-33"
"85236-04800-48_BD","NLC FR SHN PNK WTR MLN 5.5ML","1","12","FOOD","BAD","PC","24.0000","CT","14405.8000","16150.0000","1201","NIVEA","","","ABCDEFGHI","","85236-04800-48"
"85254-04824-48_BD","NLC LIP BUTTER TIN RPBY RS 20ML","1","12","FOOD","BAD","PC","12.0000","CT","23905.6000","26800.0000","1201","NIVEA","","","ABCDEFGHI","","85254-04824-48"
"85267-04824-48_BD","NLC BUTTER BLUEBERRY","1","12","FOOD","BAD","PC","12.0000","CT","23905.6000","26800.0000","1201","NIVEA","","","ABCDEFGHI","","85267-04824-48"
"85276-04800-48_BD","NLC CARE&COLOR RED 5.5ML","1","12","FOOD","BAD","PC","24.0000","CT","22478.4000","25200.0000","1201","NIVEA","","","ABCDEFGHI","","85276-04800-48"
"85316-04800-30_BD","NDEO RLL-ON WHT_ANT_BAC 50ML FML","1","12","FOOD","BAD","PC","24.0000","CT","15734.8800","17640.0000","1201","NIVEA","","","ABCDEFGHI","","85316-04800-30"
"85316-04800-32_BD","NDEO RLL-ON WHT_ANT_BAC 50ML FML","1","12","NON FOOD","BAD","PC","24.0000","CT","16870.2000","18600.0000","1201","NIVEA","","","","","85316-04800-32"
"85316-04800-64","NDEO RLL ON HIJAB ACTV 50ML","1","12","NON FOOD","GOOD","PC","24.0000","CT","17579.0000","19350.0000","1204","ROLL ON 50ML","","","","","85316-04800-64"
"85316-04800-64_BD","NDEO RLL ON HIJAB ACTV 50ML","1","12","FOOD","BAD","PC","24.0000","CT","17579.0000","19350.0000","1204","ROLL ON 50ML","","","","","85316-04800-64"
"85316-04810-30_BD","NDEO ROLL ON WHITENING ANTI BACTERIAL 50","1","12","FOOD","BAD","PC","24.0000","CT","15999.4800","17640.0000","1201","NIVEA","","","","","85316-04810-30"
"85366-04800-29_BD","NDE ROLL ON DEEP ESPRESSO 50","1","12","FOOD","BAD","PC","24.0000","CT","14825.0400","16620.0000","1201","NIVEA","","","ABCDEFGHI","","85366-04800-29"
"85366-04800-32_BD","NDEO Deep Espresso  50ML","1","12","NON FOOD","BAD","PC","24.0000","CT","14825.0400","16620.0000","1201","NIVEA","","","","","85366-04800-32"
"85366-04800-33","NDEO ROLL ON MEN DEEP ESPRESSO 50ML","1","12","NON FOOD","GOOD","PC","24.0000","CT","15717.0000","17300.0000","1204","ROLL ON 50ML","","","","","85366-04800-33"
"85366-04800-33_BD","NDEO ROLL ON MEN DEEP ESPRESSO 50ML","1","12","NON FOOD","BAD","PC","24.0000","CT","15717.0000","17300.0000","1204","ROLL ON 50ML","","","","","85366-04800-33"
"85366-04800-64","NDEO RLL ON DEEP ESPRESSO 50ML","1","12","NON FOOD","GOOD","PC","24.0000","CT","15717.0000","17300.0000","1204","ROLL ON 50ML","","","","","85366-04800-64"
"85366-04800-67","NDEO RLL ON DEEP ESPRESSO 50ML","1","12","NON FOOD","GOOD","PC","24.0000","CT","15717.0000","17300.0000","1204","ROLL ON 50ML","","","","","85366-04800-67"
"85366-04810-29_BD","NDE ROLL ON DEEP ESPRESSO 50","1","12","FOOD","BAD","PC","24.0000","CT","14825.0400","15907.0000","1201","NIVEA","","","ABCDEFGHI","","85366-04810-29"
"85366-04820-29_BD","NDE ROLL ON DEEP ESPRESSO 50","1","12","FOOD","BAD","PC","24.0000","CT","15717.0000","17300.0000","1201","NIVEA","","","","","85366-04820-29"
"85367-04800-29_BD","NDEO SPRAY DEEP ESPRESSO 150","1","12","FOOD","BAD","PC","12.0000","CT","35010.2000","38600.0000","1201","NIVEA","","","ABCDEFGHI","","85367-04800-29"
"85578-04801-11_BD","NSUN AFTER SUN LOT 125ML","1","12","NON FOOD","BAD","PC","12.0000","CT","84249.4000","94450.0000","1201","NIVEA","","","ABCDEFGHI","","85578-04801-11"
"85597-04800-25","NSUN PROTECT & MOIST SPF30 LOTION 75ML","1","12","NON FOOD","GOOD","PC","48.0000","CT","63841.2000","70271.0000","1208","NIVEA SUN","","","","","85597-04800-25"
"85598-04800-10_BD","NSUN KIDS SUN LOTION SPF25 100ML 48/CT","1","12","NON FOOD","BAD","PC","48.0000","CT","68461.0000","76750.0000","1201","NIVEA","","","ABCDEFGHI","","85598-04800-10"
"85598-04800-18_BD","NSUN KIDS SPF25 LOTION 100","1","12","FOOD","BAD","PC","48.0000","CT","68461.0000","76750.0000","1201","NIVEA","","","ABCDEFGHI","","85598-04800-18"
"85598-04800-28_BD","NSUN KIDS SUN LOTION SPF25 100ML 36/CT","1","12","NON FOOD","BAD","PC","36.0000","CT","42660.7900","47826.0000","NS1","NIVEA SUN","","","ABCDEFGHI","","85598-04800-28"
"85673-04800-25","NSUN LOTION PROT MOIST SPF50 75ML","1","12","NON FOOD","GOOD","PC","48.0000","CT","91292.4300","100487.0000","1208","NIVEA SUN","","","","","85673-04800-25"
"85706-04800-37_BD","NBO SENSES RADIANT ROSE 200ML","1","12","FOOD","BAD","PC","24.0000","CT","26046.4000","29200.0000","1201","NIVEA","","","ABCDEFGH","","85706-04800-37"
"85706-04800-40","NIVEA SENS WHITE LOTION RADIANT 200ML","1","12","NON FOOD","GOOD","PC","24.0000","CT","26444.6700","29200.0000","1201","NIVEA","","","","","85706-04800-40"
"85706-04800-40_BD","NIVEA SENS WHITE LOTION RADIANT 200ML","1","12","NON FOOD","BAD","PC","160.0000","CT","26484.4000","29200.0000","1201","NIVEA","","","","","85706-04800-40"
"85706-04801-37_BD","NBO SENSES WHT RADIANT ROSE 200ML","1","12","FOOD","BAD","PC","24.0000","CT","26484.4000","29200.0000","1201","NIVEA","","","","","85706-04801-37"
"85715-04800-37_BD","NBO SENSES AURA ORANGE BLOSSOM 200ML","1","12","FOOD","BAD","PC","24.0000","CT","26046.4000","29200.0000","1201","NIVEA","","","","","85715-04800-37"
"85715-04800-40_BD","Nivea Sens White Lotion Aura Orange 200ml","1","12","NON FOOD","BAD","PC","24.0000","CT","26484.4000","29200.0000","1201","NIVEA","","","","","85715-04800-40"
"85715-04801-37_BD","NBO SENSES AURA ORANGE BLOSSOM 200ML","1","12","FOOD","BAD","PC","24.0000","CT","26484.4000","29200.0000","1201","NIVEA","","","","","85715-04801-37"
"85782-04800-10_BD","NSUN LOTION SPF20 100ML","1","12","NON FOOD","BAD","PC","48.0000","CT","56463.6000","63300.0000","1201","NIVEA","","","ABCDEFGHI","","85782-04800-10"
"85782-04800-28_BD","NSUN LOTION SPF20 100ML","1","12","NON FOOD","BAD","PC","36.0000","CT","34881.6600","39105.0000","NS1","NIVEA SUN","","","ABCDEFGHI","","85782-04800-28"
"85783-04800-10_BD","NSUN LOTION SPF30 100ML","1","12","NON FOOD","BAD","PC","48.0000","CT","98120.0000","98214.0000","NS1","NIVEA SUN","","","ABCDEFGHI","","85783-04800-10"
"85783-04800-16_BD","NSUN LTN SPF30 100ML","1","12","NON FOOD","BAD","PC","48.0000","CT","98120.0000","110000.0000","NS1","NIVEA SUN","","","ABCDEFGHI","","85783-04800-16"
"85783-04800-18_BD","NSUN  LTN SPF30 100ML","1","12","FOOD","BAD","PC","48.0000","CT","98120.0000","98214.0000","1201","NIVEA","","","ABCDEFGHI","","85783-04800-18"
"85783-04800-20","NSUN LOTION SPF30 100ML","1","12","NON FOOD","GOOD","PC","48.0000","CT","99620.3500","110000.0000","1208","NIVEA SUN","","","","","85783-04800-20"
"85783-04800-20_BD","NSUN LOTION SPF30 100ML","1","12","FOOD","BAD","PC","48.0000","CT","99620.3500","110000.0000","1208","NIVEA SUN","","","","","85783-04800-20"
"85783-04800-28_BD","NSUN LOTION SPF30 100ML 36/CT","1","12","NON FOOD","BAD","BT","36.0000","CT","42660.0000","47826.0000","1201","NIVEA","","","ABCDEFGHI","","85783-04800-28_BD"
"85783-04800-28_BN","NSUN LOTION SPF30 100ML 36/CT","1","12","NON FOOD","BONUS","PC","36.0000","CT","0.0000","0.0000","","","","","ABCDEFGHI","","85783-04800-28"
"85784-04800-10_BD","NSUN LOTION SPF50 100ML","1","12","NON FOOD","BAD","PC","48.0000","CT","135851.6000","152300.0000","NS1","NIVEA SUN","","","ABCDEFGHI","","85784-04800-10"
"85784-04800-16_BD","NSUN LOTION SPF50 100ML","1","12","FOOD","BAD","PC","48.0000","CT","135851.6000","135986.0000","1201","NIVEA","","","ABCDEFGHI","","85784-04800-16"
"85784-04800-20","NSUN Protect & Moisture SPF50 Lotion 100","1","12","NON FOOD","GOOD","PC","48.0000","CT","137928.9000","152300.0000","1208","NIVEA SUN","","","","","85784-04800-20"
"85784-04800-20_BD","NSUN Protect & Moisture SPF50 Lotion 100","1","12","NON FOOD","BAD","PC","48.0000","CT","138136.1000","152300.0000","1201","NIVEA","","","","","85784-04800-20"
"85784-04800-28_BD","NSUN LOTION SPF50 100ML 36/CT","1","12","NON FOOD","BAD","BT","36.0000","CT","94373.6000","105800.0000","NS1","NIVEA SUN","","","ABCDEFGHI","","85784-04800-28"
"85787-04800-10_BD","NSUN LOTION WHITE SPF50 100ML","1","12","NON FOOD","BAD","PC","48.0000","CT","116138.4000","130200.0000","NS1","NIVEA SUN","","","ABCDEFGHI","","85787-04800-10"
"85787-04800-16_BD","NSUN LTN WHT SPF50 100ML","1","12","FOOD","BAD","PC","48.0000","CT","116138.4000","130200.0000","1201","NIVEA","","","ABCDEFGHI","","85787-04800-16"
"85787-04800-28_BD","NSUN WHITE LOTION SPF50 100ML 36/CT","1","12","NON FOOD","BAD","PC","36.0000","CT","83770.0000","93913.0000","NS1","NIVEA SUN","","","ABCDEFGHI","","85787-04800-28"
"858674_B","BISKUAT BOLU 12X12X16.6GR","1","28","FOOD","BAD","PC","144.0000","CT","1073.0000","1349.0000","2802","BISKUAT","2802","BISKUAT","A","","858674"
"859471_B","CADBURY DAIRY MILK ROLL 43GR","1","28","FOOD","BAD","PC","216.0000","CT","4992.0000","5455.0000","2801","CADBURY","2801","CADBURY","A","","859471"
"859489_B","CADBURY 3 IN 1 HOT CHOCO DRINK 450GR","1","28","FOOD","BAD","PC","18.0000","CT","49884.0000","54516.0000","2801","CADBURY","2801","CADBURY","A","","859489"
"85968-04800-26_BD","NDEO PWD RLL ON WHT 50ML","1","12","FOOD","BAD","PC","24.0000","CT","15734.8800","17640.0000","1201","NIVEA","","","ABCDEFGHI","","85968-04800-26"
"85968-04800-26_BN","NDEO PWD/SILK TOUCH RLL ON WHT 50ML","1","12","FOOD","BONUS","PC","24.0000","CT","0.0000","0.0000","1201","NIVEA","","","ABCDEFGHI","","85968-04800-26"
"85968-04800-28_BD","NDEO PWD ROLL ON WHT 50ML","1","12","FOOD","BAD","PC","24.0000","CT","15734.8800","17640.0000","1201","NIVEA","","","ABCDEFGHI","","85968-04800-28"
"85968-04800-64","NDEO RLL ON PWD BRG/SILKY TOUCH FML 50ML","1","12","NON FOOD","GOOD","PC","24.0000","CT","17262.0000","19000.0000","1204","ROLL ON 50ML","","","","","85968-04800-64"
"85968-04800-64_BD","NDEO RLL ON PWD BRG/SILKY TOUCH FML 50ML","1","12","FOOD","BAD","PC","24.0000","CT","17262.0000","19000.0000","1204","ROLL ON 50ML","","","","","85968-04800-64"
"85968-04820-31","NDEO Roll On Silk Touch 50 ml","1","12","FOOD","GOOD","PC","24.0000","CT","17262.0000","19000.0000","1204","ROLL ON 50ML","","","ABCDEFGHJI","","85968-04820-31"
"85968-04820-31_BD","NDEO Roll On Silk Touch 50 ml","1","12","NON FOOD","BAD","PC","24.0000","CT","17262.0000","19000.0000","1201","NIVEA","","","","","85968-04820-31"
"85969-04800-26_BD","NDEO PWD/SILK TOUCH RLL ON WHT 25ML","1","12","NON FOOD","BAD","PC","30.0000","CT","8786.2000","9850.0000","1201","NIVEA","","","ABCDEFGHI","","85969-04800-26"
"85969-04800-26_BN","NDEO PWD RLL ON WHT 25ML","1","12","FOOD","BONUS","PC","30.0000","CT","0.0000","0.0000","1201","NIVEA","","","ABCDEFGHI","","85969-04800-26"
"85969-04800-28_BD","NDEO PWD RLL ON WHT 25ML","1","12","FOOD","BAD","PC","30.0000","CT","8786.2000","9850.0000","1201","NIVEA","","","ABCDEFGHI","","85969-04800-28"
"85969-04800-64","NDEO RLL ON SILK TOUCH 25ML","1","12","NON FOOD","GOOD","PC","30.0000","CT","10084.0000","11100.0000","1210","ROLL ON 25ML","","","","","85969-04800-64"
"85969-04800-64_BD","NDEO RLL ON SILK TOUCH 25ML","1","12","NON FOOD","BAD","PC","30.0000","CT","10084.0000","11100.0000","1210","ROLL ON 25ML","","","","","85969-04800-64"
"85969-04820-31","NDEO ROLL ON BRIGHT SILK TOUCH 25 ML","1","12","NON FOOD","GOOD","PC","30.0000","CT","10084.0000","11100.0000","1210","ROLL ON 25ML","","","","","85969-04820-31"
"85969-04820-31_BD","NDEO ROLL ON BRIGHT SILK TOUCH 25 ML","1","12","NON FOOD","BAD","PC","30.0000","CT","9623.2700","10610.0000","1201","NIVEA","","","","","85969-04820-31"
"85970-04800-27_BD","NDEO ROLL ON INV BLCK&WHT FRS MALE 50ML","1","12","FOOD","BAD","PC","24.0000","CT","14825.0400","16620.0000","1201","NIVEA","","","ABCDEFGHI","","85970-04800-27"
"85970-04800-30_BD","NDEO ROLL ON B&W FRS ML 50ML","1","12","FOOD","BAD","PC","24.0000","CT","14825.0400","16620.0000","1201","NIVEA","","","ABCDEFGHI","","85970-04800-30"
"85970-04800-63","NDEO ROLL ON B&W INV 50ML","1","12","NON FOOD","GOOD","PC","24.0000","CT","15717.0000","17300.0000","1204","ROLL ON 50ML","","","","","85970-04800-63"
"85970-04800-63_BD","NDEO ROLL ON B&W INV 50ML","1","12","NON FOOD","BAD","PC","24.0000","CT","15074.3400","16620.0000","1204","ROLL ON 50ML","","","","","85970-04800-63"
"85970-04800-64","NDEO MEN RLL ON B&W INVIS FRESH 50ML","1","12","NON FOOD","GOOD","PC","24.0000","CT","15717.0000","17300.0000","1204","ROLL ON 50ML","","","","","85970-04800-64"
"85970-04800-64_BD","NDEO MEN RLL ON B&W INVIS 50ML","1","12","NON FOOD","BAD","PC","24.0000","CT","15717.0000","17300.0000","1204","ROLL ON 50ML","","","","","85970-04800-64"
"85970-04810-30_BD","NDEO RLL-ON INV BLC&WHT FRS ML 50ML","1","12","NON FOOD","BAD","PC","24.0000","CT","15074.3400","16620.0000","1201","NIVEA","","","","","85970-04810-30"
"85972-04800-27_BD","NDEO ROLL ON INV BLACK&WHT FRS MALE 25ML","1","12","FOOD","BAD","PC","30.0000","CT","6511.6000","7665.0000","1201","NIVEA","","","ABCDEFGHI","","85972-04800-27"
"85972-04800-30_BD","NDEO RLL ON B&W FRS ML 25ML","1","12","FOOD","BAD","PC","30.0000","CT","6837.1800","7665.0000","1201","NIVEA","","","ABCDEFGHI","","85972-04800-30"
"85972-04810-28_BD","NDEO RLL-ON INV BLC&WHT FRS ML 25ML","1","12","FOOD","BAD","PC","30.0000","CT","6511.6000","7665.0000","1201","NIVEA","","","ABCDEFGHI","","85972-04810-28"
"85974-04800-27_BD","NDEO SPY INV BLACK&WHT FRS MALE 150ML","1","12","NON FOOD","BAD","PC","12.0000","CT","33583.8000","37650.0000","1201","NIVEA","","","ABCDEFGHI","","85974-04800-27"
"85974-04800-30_BD","NDEO SPY INV_B&W_FRS_MALE 150ML","1","12","FOOD","BAD","PC","12.0000","CT","33583.8000","36500.0000","1201","NIVEA","","","ABCDEFGHI","","85974-04800-30"
"86014-04800-21","NSUN PROTECT WHITE INST SPF 50 30ML","1","12","NON FOOD","GOOD","PC","14.0000","CT","48659.2600","53560.0000","1208","NIVEA SUN","","","","","86014-04800-21"
"86014-04800-21_BD","NSUN PROTECT WHITE INST SPF 50 30ML","1","12","NON FOOD","BAD","PC","14.0000","CT","48659.2600","53560.0000","1201","NIVEA","","","","","86014-04800-21"
"86014-04800-25","NSUN PROTECT WHITE INST SPF 50 30ML","1","12","NON FOOD","GOOD","PC","14.0000","CT","48659.2600","53560.0000","1208","NIVEA SUN","","","","","86014-04800-25"
"86060-04800-21","NSUN PROTECT WHITE OIL CONT SPF50 30ML","1","12","NON FOOD","GOOD","PC","14.0000","CT","48659.2600","53560.0000","1208","NIVEA SUN","","","","","86060-04800-21"
"86060-04800-21_BD","NSUN PROTECT WHITE OIL CONT SPF50 30ML","1","12","NON FOOD","BAD","PC","14.0000","CT","48659.2600","53560.0000","1201","NIVEA","","","","","86060-04800-21"
"86060-04800-25","NSUN PROTECT WHITE OIL CONT SPF50 30ML","1","12","NON FOOD","GOOD","PC","14.0000","CT","48659.2600","53560.0000","1208","NIVEA SUN","","","","","86060-04800-25"
"86066-04800-21","NSUN EXT Protect Aura Sun Serum SPF50 7ml","1","12","FOOD","GOOD","PC","72.0000","CT","11704.4200","12924.0000","1208","NIVEA SUN","","","","","86066-04800-21"
"86066-04800-21_BD","NSUN EXT Protect Aura Sun Serum SPF50 7ml","1","12","NON FOOD","BAD","PC","72.0000","CT","11722.0000","12924.0000","1201","NIVEA","","","","","86066-04800-21"
"86066-04800-21_BN","NSUN EXT Protect Aura Sun Serum SPF50 7ml","1","12","NON FOOD","BONUS","PC","72.0000","CT","0.0000","0.0000","1201","NIVEA","","","","","86066-04800-21"
"86468-04800-01_BD","NFC MK UP CR 2IN1 WHT FM 100ML","1","12","NON FOOD","BAD","PC","24.0000","CT","19761.3600","22154.0000","1201","NIVEA","","","ABCDEFGHI","","86468-04800-01"
"86468-04800-01_BN","NFC MK UP CR 2IN1 WHT FM 100ML","1","12","FOOD","BONUS","PC","24.0000","CT","0.0000","0.0000","1201","NIVEA","","","ABCDEFGHI","","86468-04800-01"
"86468-04801-01_BD","NFC MAKE UP CLEAR 2IN1 WHT FOAM 100ML","1","12","FOOD","BAD","PC","24.0000","CT","19761.3600","22154.0000","1201","NIVEA","","","ABCDEFGHI","","86468-04801-01"
"86471-04800-01_BD","NFC MK UP CR 2IN1 SCRB 100ML","1","12","FOOD","BAD","PC","24.0000","CT","19761.3600","22154.0000","1201","NIVEA","","","ABCDEFGHI","","86471-04800-01"
"86471-04800-01_BN","NFC MK UP CR 2IN1 SCRB 100ML","1","12","FOOD","BONUS","PC","24.0000","CT","0.0000","0.0000","1201","NIVEA","","","ABCDEFGHI","","86471-04800-01"
"86474-04800-01_BN","NFC MKUP CR 2IN1 OIL CTRL 100 FOAM","1","12","FOOD","BONUS","PC","24.0000","CT","0.0000","0.0000","1201","NIVEA","","","ABCDEFGHI","","86474-04800-01"
"86474-04801-01_BD","NFC MAKE UP CLEAR 2IN1 OC FOAM 100ML","1","12","FOOD","BAD","PC","24.0000","CT","19761.3600","22154.0000","1201","NIVEA","","","ABCDEFGHI","","86474-04801-01"
"86475-04800-01_BD","NFC MKUP CR 2IN1 OIL CTRL 100 MUD","1","12","NON FOOD","BAD","PC","24.0000","CT","19761.3600","22154.0000","1201","NIVEA","","","ABCDEFGHI","","86475-04800-01"
"86475-04800-01_BN","NFC MKUP CR 2IN1 OIL CTRL 100 MUD","1","12","FOOD","BONUS","PC","24.0000","CT","0.0000","0.0000","1201","NIVEA","","","ABCDEFGHI","","86475-04800-01"
"86569-04800-26_BD","NMEN CLN 100ML","1","12","FOOD","BAD","PC","24.0000","CT","26688.6400","29920.0000","1201","NIVEA","","","ABCDEFGHI","","86569-04800-26"
"86569-04800-28_BD","NM WOC Cooling Mud Facial Foam 100","1","12","FOOD","BAD","PC","24.0000","CT","27137.4400","29920.0000","1201","NIVEA","","","ABCDEFGHI","","86569-04800-28"
"86569-04800-29","NMEN Bright Oil Clear Anti Shine FF 100ml","1","12","NON FOOD","GOOD","PC","24.0000","CT","28345.0000","31200.0000","1203","NIVEA MEN","","","","","86569-04800-29"
"86569-04800-29_BD","NMEN Bright Oil Clear Anti Shine+Purify FF 100ml","1","12","NON FOOD","BAD","PC","24.0000","CT","28345.0000","31200.0000","1201","NIVEA","","","","","86569-04800-29"
"86569-04811-29_BD","NMEN Bright Oil Anti Shine+Purifi Cool Foam 100ml","1","12","NON FOOD","BAD","PC","24.0000","CT","26688.6400","29920.0000","1201","NIVEA","","","","","86569-04811-29"
"86574-04800-28_BD","NM WOC Cooling Mud Facial Foam 50","1","12","FOOD","BAD","PC","36.0000","CT","23166.7500","25500.0000","1201","NIVEA","","","ABCDEFGHI","","86574-04800-28"
"86574-04800-29","NMEN Bright Oil Clear Anti Shine FF 50ml","1","12","NON FOOD","GOOD","PC","36.0000","CT","23167.0000","25500.0000","1203","NIVEA MEN","","","","","86574-04800-29"
"86574-04800-29_BD","NMEN Bright Oil Clear Anti Shine FF 50ml","1","12","NON FOOD","BAD","PC","36.0000","CT","23167.0000","25500.0000","1201","NIVEA","","","","","86574-04800-29"
"86574-04811-29_BD","NMEN Bright Oil Clear Anti Shine+Purify 50ml","1","12","NON FOOD","BAD","PC","36.0000","CT","23167.0000","25500.0000","1201","NIVEA","","","","","86574-04811-29"
"86684-04800-01_BD","MAKE UP CLEAR WHT CLEAN MILK 200","1","12","FOOD","BAD","PC","12.0000","CT","25259.9500","27850.0000","1201","NIVEA","","","ABCDEFGHI","","86684-04800-01"
"86686-04800-01_BD","NFC MUS 30ML WAOC 2IN1 DAY SERUM","1","12","FOOD","BAD","PC","12.0000","CT","33360.8000","37400.0000","1201","NIVEA","","","ABCDEFGHI","","86686-04800-01"
"86689-04800-01_BD","MAKE UP CLEAR WHT CLEAN TONER 200","1","12","NON FOOD","BAD","PC","12.0000","CT","25668.1000","28300.0000","1201","NIVEA","","","ABCDEFGHI","","86689-04800-01"
"86693-04800-01_BD","NFC MUS WHT_CRM 50ML IN","1","12","NON FOOD","BAD","PC","12.0000","CT","27206.0000","30500.0000","","","","","ABCDEFGHI","","86693-04800-01"
"86694-04800-01_BD","NFC MUS WHT_CRM 25ML IN","1","12","FOOD","BAD","PC","24.0000","CT","20203.8000","22650.0000","1201","NIVEA","","","ABCDEFGHI","","86694-04800-01"
"86705-04800-16_BD","NVIS PURE WHITE ANTIAGEING DAY CR 30ML","1","12","NON FOOD","BAD","PC","24.0000","CT","13647.6000","15300.0000","NW1","NVIS WHITENING","","","ABCDEFGHI","","86705-04800-16"
"86706-04800-16_BD","NVIS PURE WHITE ANTIAGEING DAY CR 50ML","1","12","NON FOOD","BAD","PC","12.0000","CT","21229.6000","23800.0000","NW1","NVIS WHITENING","","","ABCDEFGHI","","86706-04800-16"
"86720-04800-14_BD","NVIS WHITEN TONER 200ML","1","12","NON FOOD","BAD","BT","18.0000","CT","14072.1900","15776.0000","NW1","NVIS WHITENING","","","ABCDEFGHI","","86720-04800-14"
"86721-04800-16_BD","NVIS MULTIPLE WHITEN FLUID SPF15-50ML","1","12","NON FOOD","BAD","BT","48.0000","CT","18955.0000","21250.0000","NW1","NVIS WHITENING","","","ABCDEFGHI","","86721-04800-16"
"86723-04800-12_BD","NFC SPARKLING BRIGHT FACIAL FOAM 50ML","1","12","NON FOOD","BAD","PC","36.0000","CT","12773.4400","13216.0000","1201","NIVEA","","","","","86723-04800-12"
"86723-04800-13_BN","NVIS SPARKLING WHITE FOAM 50ML","1","12","NON FOOD","BONUS","PC","36.0000","CT","0.0000","0.0000","1201","NIVEA","","","ABCDEFGHI","","86723-04800-13"
"86723-04800-16_BD","NVIS MULTIPLE WHITEN FOAM 50ML","1","12","NON FOOD","BAD","PC","36.0000","CT","6134.2800","6877.0000","NW1","NVIS WHITENING","","","ABCDEFGHI","","86723-04800-16"
"86723-04800-18_BD","NVIS SPARKLING WHITE FOAM 50ML","1","12","NON FOOD","BAD","PC","36.0000","CT","6134.2800","6877.0000","","","","","ABCDEFGHI","","86723-04800-18"
"86723-04800-18_BN","NVIS SPARKLING WHITE FOAM 50ML","1","12","FOOD","BONUS","PC","36.0000","CT","0.0000","0.0000","BN","BONUS","","","ABCDEFGHI","","86723-04800-18"
"86723-04800-29","NFC SPARKLING BRIGHT FACIAL FOAM 50ML","1","12","FOOD","GOOD","PC","36.0000","CT","12968.7600","14320.0000","1201","NIVEA","","","ABCDEFGHI","","86723-04800-29"
"86723-04800-29_BD","NFC SPARKLING BRIGHT FACIAL FOAM 50ML","1","12","FOOD","BAD","PC","36.0000","CT","12988.2400","14320.0000","1201","NIVEA","","","ABCDEFGHI","","86723-04800-29"
"86724-04800-05_BN","NVIS WHITE FOAM 100ML","1","12","FOOD","BONUS","PC","24.0000","CT","0.0000","0.0000","1201","NIVEA","","","ABCDEFGHI","","86724-04800-05"
"86724-04800-12","NFC SPARKLING BRIGHT FACIAL FOAM 100ML","1","12","NON FOOD","GOOD","PC","24.0000","CT","24802.0500","27300.0000","1203","NIVEA MEN","","","","","86724-04800-12"
"86724-04800-12_BD","NFC SPARKLING BRIGHT FACIAL FOAM 100ML","1","12","NON FOOD","BAD","PC","24.0000","CT","24802.0500","27300.0000","1201","NIVEA","","","","","86724-04800-12"
"86724-04800-13_BD","NVIS SPARKLING WHITE FOAM 100ML","1","12","NON FOOD","BAD","PC","24.0000","CT","14093.6000","15800.0000","1201","NIVEA","","","ABCDEFGHI","","86724-04800-13"
"86724-04800-13_BN","NVIS SPARKLING WHITE FOAM 100ML","1","12","NON FOOD","BONUS","PC","24.0000","CT","0.0000","0.0000","1201","NIVEA","","","ABCDEFGHI","","86724-04800-13"
"86724-04800-16_BD","NVIS MULTIPLE WHITEN FOAM 100ML","1","12","NON FOOD","BAD","PC","24.0000","CT","11441.6800","12827.0000","NW1","NVIS WHITENING","","","ABCDEFGHI","","86724-04800-16"
"86724-04800-18_BD","NVIS SPARKLING WHITE FOAM 100ML","1","12","NON FOOD","BAD","PC","24.0000","CT","11441.6000","12827.0000","NC1","NVIS CLEANS","","","ABCDEFGHI","","86724-04800-18"
"86724-04800-18_BN","NVIS SPARKLING WHITE FOAM 100ML","1","12","FOOD","BONUS","PC","24.0000","CT","0.0000","0.0000","BN","BONUS","","","ABCDEFGHI","","86724-04800-18"
"86724-04800-29_BD","NFC Sparkling White Facial Foam 100","1","12","FOOD","BAD","PC","24.0000","CT","22475.4600","24780.0000","1201","NIVEA","","","ABCDEFGHI","","86724-04800-29"
"86725-04800-13_BN","NVIS SPARKLING WHITE SCRUB 50ML","1","12","NON FOOD","BONUS","PC","36.0000","CT","0.0000","0.0000","1201","NIVEA","","","ABCDEFGHI","","86725-04800-13"
"86725-04800-16_BD","NVIS MULTIPLE WHITEN SCRUBE 50ML","1","12","NON FOOD","BAD","PC","36.0000","CT","6720.3300","7534.0000","NW1","NVIS WHITENING","","","ABCDEFGHI","","86725-04800-16"
"86725-04800-18_BD","NVIS SPARKLING WHITE SCRUB 50ML 36/CT","1","12","NON FOOD","BAD","PC","36.0000","CT","6720.3200","7534.0000","","","","","ABCDEFGHI","","86725-04800-18"
"86725-04800-18_BN","NVIS SPARKLING WHITE SCRUB 50ML 36/CT","1","12","FOOD","BONUS","PC","36.0000","CT","0.0000","0.0000","BN","BONUS","","","ABCDEFGHI","","86725-04800-18"
"86726-04800-13_BN","NVIS SPARKLING WHITE SCRUB 100ML","1","12","NON FOOD","BONUS","PC","24.0000","CT","0.0000","0.0000","1201","NIVEA","","","ABCDEFGHI","","86726-04800-13"
"86726-04800-16_BD","NVIS MULTIPLE WHITEN SCRUB 100ML 24/CT","1","12","NON FOOD","BAD","PC","24.0000","CT","12545.0900","14064.0000","","","","","ABCDEFGHI","","86726-04800-16"
"86726-04800-18_BD","NVIS SPARKLING WHITE SCRUB 100M","1","12","NON FOOD","BAD","PC","24.0000","CT","12545.0800","14064.0000","NW1","NVIS WHITENING","","","ABCDEFGHI","","86726-04800-18"
"86726-04800-18_BN","NVIS SPARKLING WHITE SCRUB 100ML","1","12","NON FOOD","BONUS","PC","24.0000","CT","0.0000","0.0000","","","","","ABCDEFGHI","","86726-04800-18"
"86730-04800-16_BD","NVIS PURE WHITE OIL CONTROL DAY CR 50ML","1","12","NON FOOD","BAD","PC","12.0000","CT","21229.6000","23800.0000","NW1","NVIS WHITENING","","","ABCDEFGHI","","86730-04800-16"
"86730-04800-18_BD","NVIS SPARKLING WHT DAY CARE OC 50ML","1","12","NON FOOD","BAD","PC","12.0000","CT","21229.6000","23800.0000","","","","","ABCDEFGHI","","86730-04800-18"
"86731-04800-16_BD","NVIS PURE WHITE OIL CONTROL DAY CR 30ML","1","12","NON FOOD","BAD","PC","24.0000","CT","13647.6000","15300.0000","NW1","NVIS WHITENING","","","ABCDEFGHI","","86731-04800-16"
"86740-04800-14_BD","NVIS WHITE NIGHT CREAM 50ML","1","12","NON FOOD","BAD","PC","12.0000","CT","26537.0000","29750.0000","NW1","NVIS WHITENING","","","ABCDEFGHI","","86740-04800-14"
"86741-04800-14_BD","NVIS WHITE NIGHT CREAM 30ML","1","12","NON FOOD","BAD","PC","24.0000","CT","18955.0000","21250.0000","NW1","NVIS WHITENING","","","ABCDEFGHI","","86741-04800-14"
"88102-04800-75_BD","NBODY UV PROTECTION LOT 200ML 18/CT","1","12","NON FOOD","BAD","BT","18.0000","CT","14581.5200","16347.0000","NE","NBO ESSENTIAL","","","ABCDEFGHI","","88102-04800-75"
"88102-04800-83_BD","N.UV PROTECT BODY LOT200 ML","1","12","NON FOOD","BAD","PC","48.0000","CT","15833.0000","17750.0000","","","","","ABCDEFGHI","","88102-04800-83"
"88102-04800-83_BN","N.UV PROTECT BODY LOT200 ML","1","12","NON FOOD","BONUS","BT","24.0000","CT","0.0000","0.0000","BN","BONUS","","","ABCDEFGHI","","88102-04800-83"
"88102-04800-85_BD","NBO UV PROTECT 200ML HYD 24/CT","1","12","NON FOOD","BAD","PC","24.0000","CT","15833.0000","0.0000","","","","","ABCDEFGHI","","88102-04800-85"
"88102-04800-85_BN","NBO UV PROTECT 200ML HYD 24/CT","1","12","FOOD","BONUS","PC","24.0000","CT","0.0000","0.0000","BN","BONUS","","","ABCDEFGHI","","88102-04800-85"
"88163-04800-85_BN","NBO WHITE LOT EXTRAFILL 250ML 24/CT","1","12","FOOD","BONUS","PC","24.0000","CT","0.0000","0.0000","BN","BONUS","","","ABCDEFGHI","","88163-04800-85"
"88164-04801-85_BD","NBO UV WHITENING 400ML HYD 12/CT","1","12","NON FOOD","BAD","PC","12.0000","CT","25332.8000","0.0000","","","","","ABCDEFGHI","","88164-04801-85"
"88164-04801-85_BN","NBO UV WHITENING 400ML HYD 12/CT","1","12","FOOD","BONUS","PC","12.0000","CT","0.0000","0.0000","BN","BONUS","","","ABCDEFGHI","","88164-04801-85"
"88164-04801-86_BN","NBO UV WHITENING 400ML HYD 12/CT","1","12","NON FOOD","BONUS","PC","12.0000","CT","0.0000","0.0000","","","","","ABCDEFGHI","","88164-04801-86"
"88173-04800-83_BN","N.WHITENING BODY LOT100ML 48/CT","1","12","FOOD","BONUS","BT","48.0000","CT","0.0000","0.0000","BN","BONUS","","","ABCDEFGHI","","88173-04800-83"
"88173-04800-85_BD","NBO UV WHITENING 100ML HYD 48/CT","1","12","NON FOOD","BAD","PC","48.0000","CT","7537.4000","0.0000","","","","","ABCDEFGHI","","88173-04800-85"
"88173-04800-85_BN","NBO UV WHT 100ML HYD 48/CT","1","12","NON FOOD","BONUS","PC","48.0000","CT","0.0000","0.0000","BN","BONUS","","","ABCDEFGHI","","88173-04800-85"
"88173-04800-86_BN","NBO UV WHITENING 100ML HYD 48/CT","1","12","NON FOOD","BONUS","PC","48.0000","CT","0.0000","0.0000","","","","","ABCDEFGHI","","88173-04800-86"
"88187-04800-75_BD","NBODY NIGHT WHITENING LOT 100ML","1","12","NON FOOD","BAD","BT","36.0000","CT","7639.9800","8565.0000","NW","NBO WHITENING","","","ABCDEFGHI","","88187-04800-75"
"88187-04800-83_BD","N.NIGHT WHT BODY LOT100ML 48/CT","1","12","NON FOOD","BAD","PC","48.0000","CT","8295.6000","9300.0000","","","","","ABCDEFGHI","","88187-04800-83"
"88187-04800-83_BN","N.NIGHT WHT BODY LOT100ML 48/CT","1","12","FOOD","BONUS","PC","48.0000","CT","0.0000","0.0000","BN","BONUS","","","ABCDEFGHI","","88187-04800-83"
"88187-04800-90_BN","NBODY NIGT WHT LOT 100 ML FLAGSHIP","1","12","NON FOOD","BONUS","PC","48.0000","CT","0.0000","0.0000","NW","NBO WHITENING","","","ABCDEFGHI","","88187-04800-90"
"88187-04802-83_BD","NBO NIGHT WHITENING 100ML","1","12","FOOD","BAD","PC","48.0000","CT","10570.2000","11850.0000","1201","NIVEA","","","ABCDEFGHI","","88187-04802-83"
"88187-04802-83_BN","NBO NIGHT WHITENING 100ML","1","12","FOOD","BONUS","PC","48.0000","CT","0.0000","0.0000","BN","BONUS","","","ABCDEFGHI","","88187-04802-83"
"88188-04800-15_BD","NBODY WHT EVN NGT MILK 200ML","1","12","NON FOOD","BAD","PC","24.0000","CT","29667.9200","33260.0000","NW","NBO WHITENING","","","ABCDEFGHI","","88188-04800-15"
"88188-04800-37","NBODY WHT NIGHT MILK 200ML","1","12","FOOD","GOOD","PC","24.0000","CT","30435.0000","33500.0000","1211","NBODY LOTION","","","DEHI","","88188-04800-37"
"88188-04800-37_BD","NBODY WHT NIGHT MILK 200ML","1","12","FOOD","BAD","PC","24.0000","CT","30166.8200","33260.0000","1201","NIVEA","","","ABCDEFGHI","","88188-04800-37"
"88188-04800-83_BD","N.NIGHT WHT BODY LOT200ML 24/CT","1","12","NON FOOD","BAD","PC","24.0000","CT","15833.0000","17750.0000","NW","NBO WHITENING","","","ABCDEFGHI","","88188-04800-83"
"88188-04800-83_BN","N.NIGHT WHT BODY LOT200ML 24/CT","1","12","NON FOOD","BONUS","BT","24.0000","CT","0.0000","0.0000","BN","BONUS","","","ABCDEFGHI","","88188-04800-83"
"88188-04800-90_BD","NBODY NIGHT WHT  MILK 200ML FLAGSHIP","1","12","FOOD","BAD","PC","24.0000","CT","29667.9200","33260.0000","NW","NBO WHITENING","","","ABCDEFGHI","","88188-04800-90"
"88188-04800-90_BN","NBODY NIGHT WHT  MILK 200ML FLAGSHIP","1","12","NON FOOD","BONUS","PC","24.0000","CT","0.0000","0.0000","NW","NBO WHITENING","","","ABCDEFGHI","","88188-04800-90"
"88188-04802-83_BD","NBO NIGHT WHITENING 200ML 24/CT","1","12","NON FOOD","BAD","PC","24.0000","CT","19375.0000","21720.0000","1201","NIVEA","","","ABCDEFGHI","","88188-04802-83"
"88188-04802-83_BN","NBO NIGHT WHITENING 200ML 24/CT","1","12","FOOD","BONUS","PC","24.0000","CT","0.0000","0.0000","BN","BONUS","","","ABCDEFGHI","","88188-04802-83"
"88263-04800-85_BD","NBO UV WHITENING 200ML HYD 24/CT","1","12","NON FOOD","BAD","PC","24.0000","CT","14361.2000","0.0000","","","","","ABCDEFGHI","","88263-04800-85"
"88263-04800-85_BN","NBO UV WHITENING 200ML HYD 24/CT","1","12","FOOD","BONUS","PC","24.0000","CT","0.0000","0.0000","BN","BONUS","","","ABCDEFGHI","","88263-04800-85"
"88317-04800-39_BD","NBO INST GLOW SPF25 SERUM 180ML","1","12","FOOD","BAD","PC","24.0000","CT","22916.9100","25225.0000","1201","NIVEA","","","ABCDEFGHI","","88317-04800-39"
"88317-04800-42","NBODY EXT BRIGHT INST GLOW SPF33 180ML","1","12","NON FOOD","GOOD","PC","24.0000","CT","22916.9100","25225.0000","1206","NIVEA SERUM","","","","","88317-04800-42"
"88317-04800-42_BD","NBODY EXT BRIGHT INST GLOW SPF33 180ML","1","12","NON FOOD","BAD","PC","24.0000","CT","22916.9100","25225.0000","1201","NIVEA","","","","","88317-04800-42"
"88318-04800-39_BD","NBO REPAIR&PROT SPF15 SERUM 180ML","1","12","FOOD","BAD","PC","24.0000","CT","22916.9100","25225.0000","1201","NIVEA","","","ABCDEFGHI","","88318-04800-39"
"88318-04810-42","NBODY EXT BRIGHT CARE&PROT SPF15 180ML","1","12","NON FOOD","GOOD","PC","24.0000","CT","22916.9100","25225.0000","1206","NIVEA SERUM","","","","","88318-04810-42"
"88318-04810-42_BD","NBODY EXT BRIGHT CARE&PROT SPF15 180ML","1","12","NON FOOD","BAD","PC","24.0000","CT","22916.9100","25225.0000","1201","NIVEA","","","","","88318-04810-42"
"88357-04800-15_BD","NBODY WHT RPR_UV_LTN 100ML","1","12","NON FOOD","BAD","PC","48.0000","CT","13585.1600","15230.0000","NW","NBO WHITENING","","","ABCDEFGHI","","88357-04800-15"
"88357-04800-37_BD","NBODY WHT RPR_UV_LTN 100ML","1","12","NON FOOD","BAD","PC","48.0000","CT","13813.6100","15230.0000","1201","NIVEA","","","ABCDEFGHI","","88357-04800-37"
"88357-04800-42","NBODY EXT BRIGHT RDT&SMOOTH 100ML","1","12","NON FOOD","GOOD","PC","48.0000","CT","15445.0000","17000.0000","1206","NIVEA SERUM","","","","","88357-04800-42"
"88357-04800-42_BD","NBODY EXT BRIGHT RDT&SMOOTH 100ML","1","12","NON FOOD","BAD","PC","48.0000","CT","15445.0000","17000.0000","1201","NIVEA","","","","","88357-04800-42"
"88365-04800-15_BD","NBODY NIGHT WHT FRM LTN 100ML","1","12","FOOD","BAD","PC","48.0000","CT","13290.8000","14900.0000","NW","NBO WHITENING","","","ABCDEFGHI","","88365-04800-15"
"88365-04800-37_BD","NBODY NIGHT WHT FRM LTN 100ML","1","12","NON FOOD","BAD","PC","48.0000","CT","13290.8000","14900.0000","1201","NIVEA","","","ABCDEFGHI","","88365-04800-37"
"88367-04800-15_BD","NBODY NGT_WHT_FRM_SRM 180ML","1","12","FOOD","BAD","PC","24.0000","CT","22916.9100","25225.0000","NW","NBO WHITENING","","","ABCDEFGHI","","88367-04800-15"
"88367-04800-37_BD","NBODY NGT_WHT_FRM_SRM 180ML","1","12","NON FOOD","BAD","PC","24.0000","CT","22919.9100","25225.0000","1201","NIVEA","","","ABCDEFGHI","","88367-04800-37"
"88367-04800-42","NBODY Ext Bright Night Nourish Serum 180ml","1","12","NON FOOD","GOOD","PC","24.0000","CT","22916.9100","25225.0000","1206","NIVEA SERUM","","","","","88367-04800-42"
"88367-04800-42_BD","NBODY Ext Bright Night Nourish Serum 180ml","1","12","NON FOOD","BAD","PC","24.0000","CT","22916.9100","25225.0000","1201","NIVEA","","","","","88367-04800-42"
"88378-04800-15_BD","NBODY WHT EXT LTN SPF15 400ML","1","12","FOOD","BAD","PC","12.0000","CT","49211.6400","55170.0000","NE","NBO ESSENTIAL","","","ABCDEFGHI","","88378-04800-15"
"88378-04800-37_BD","NBODY WHT EXT LTN SPF15 400ML","1","12","NON FOOD","BAD","PC","12.0000","CT","49211.6400","50161.0000","1201","NIVEA","","","ABCDEFGHI","","88378-04800-37"
"88383-04800-15_BD","NBODY EXT_WHT LTN SPF15 100ML","1","12","NON FOOD","BAD","PC","48.0000","CT","14289.8400","16020.0000","NW","NBO WHITENING","","","ABCDEFGHI","","88383-04800-15"
"88383-04800-37_BD","NBODY EXT_WHT LTN SPF15 100ML","1","12","NON FOOD","BAD","PC","48.0000","CT","14289.8400","15397.0000","1201","NIVEA","","","ABCDEFGHI","","88383-04800-37"
"88383-04800-42","NBODY EXT BRIGHT REP&PROT SPF15 100ML","1","12","NON FOOD","GOOD","PC","48.0000","CT","15445.0000","17000.0000","1211","NBODY LOTION","","","","","88383-04800-42"
"88383-04800-42_BD","NBODY EXT BRIGHT REP&PROT SPF15 100ML","1","12","NON FOOD","BAD","PC","48.0000","CT","15445.0000","17000.0000","1201","NIVEA","","","","","88383-04800-42"
"88384-04800-15_BD","NBODY EXT_WHT LTN SPF15 200ML","1","12","FOOD","BAD","PC","24.0000","CT","22790.6000","25550.0000","NW","NBO WHITENING","","","ABCDEFGHI","","88384-04800-15"
"88384-04800-37_BD","NBODY EXT_WHT LTN SPF15 200ML","1","12","NON FOOD","BAD","PC","24.0000","CT","22790.6000","25550.0000","1201","NIVEA","","","ABCDEFGHI","","88384-04800-37"
"88384-04801-37_BD","NIVEA EXT WHT REPAIR&PROT LOT 200ML PROMO","1","12","FOOD","BAD","PC","24.0000","CT","23173.8500","25550.0000","1201","NIVEA","","","ABCDEFGHI","","88384-04801-37"
"88417-04800-37_BD","NBODY ESS VANILLA&ALMOND OIL 200ML","1","12","FOOD","BAD","PC","12.0000","CT","26073.1600","29230.0000","1201","NIVEA","","","ABCDEFGH","","88417-04800-37"
"88417-04820-37_BD","NBODY ESS VNL ALM OL 200ML","1","12","FOOD","BAD","PC","24.0000","CT","26511.6100","29230.0000","1201","NIVEA","","","","","88417-04820-37"
"88428-04810-37_BD","NBODY ESS CHR BLSM JJB OL 200ML","1","12","FOOD","BAD","PC","24.0000","CT","26511.6100","29230.0000","1201","NIVEA","","","","","88428-04810-37"
"88428-04820-37_BD","NBO ESS CHERRY BLSM&JJB OIL 200ML","1","12","FOOD","BAD","PC","24.0000","CT","26073.1600","29230.0000","1201","NIVEA","","","","","88428-04820-37"
"88498-04800-37_BD","NV EXT WHT RADIANT&SMOTH SRM 180ML","1","12","FOOD","BAD","PC","24.0000","CT","22916.9100","25225.0000","NB","NIVEA BODY","","","ABCDEFGHI","","88498-04800-37"
"88498-04800-42","NBODY SERUM EXT RDT&SMOOTH  180ML","1","12","NON FOOD","GOOD","PC","24.0000","CT","22916.9100","25225.0000","1206","NIVEA SERUM","","","","","88498-04800-42"
"88498-04800-42_BD","NBODY EXT BRIGHT RDNT&SMOOTH SERUM 180ML","1","12","NON FOOD","BAD","PC","24.0000","CT","22916.9100","25225.0000","1206","NIVEA SERUM","","","","","88498-04800-42"
"88521-04800-26_BD","NM DEEP ACNE ATTACK FACIAL WASH 100ML","1","12","FOOD","BAD","PC","24.0000","CT","27800.0000","30600.0000","1201","NIVEA","","","","","88521-04800-26"
"88521-04810-23","NMEN DEEP ACNE ATTACK FF 100ML","1","12","FOOD","GOOD","PC","24.0000","CT","27800.0000","30600.0000","1203","NIVEA MEN","","","","","88521-04810-23"
"88521-04810-23_BD","NMEN DEEP ACNE ATTACK SCRUB FF 100ML","1","12","NON FOOD","BAD","PC","24.0000","CT","27800.0000","30600.0000","1203","NIVEA MEN","","","","","88521-04810-23"
"88549-04800-28_BD","NIVEA MEN Extra White Anti-Dark Spot Serum 15ml","1","12","NON FOOD","BAD","PC","24.0000","CT","25778.8000","28900.0000","1201","NIVEA","","","","","88549-04800-28"
"88549-07700-29_BD","NMEN EXT BRIGHT SPOT REDUCT 15ML","1","12","FOOD","BAD","PC","24.0000","CT","25778.8000","26276.0000","1201","NIVEA","","","","","88549-07700-29"
"88670-04800-28_BD","NDEO ROLL ON BLACK&WHT FML FRESH 50ML","1","12","NON FOOD","BAD","PC","24.0000","CT","15993.5600","17930.0000","1201","NIVEA","","","ABCDEFGHI","","88670-04800-28"
"88670-04800-30_BD","NDEO RLL-ON B&W_FRS_FML 50ML","1","12","FOOD","BAD","PC","24.0000","CT","16262.5100","17930.0000","1201","NIVEA","","","ABCDEFGHI","","88670-04800-30"
"88670-04800-63","NDEO RLL ON B&W INV FRESH 50ML","1","12","NON FOOD","GOOD","PC","24.0000","CT","16807.0000","18500.0000","1204","ROLL ON 50ML","","","","","88670-04800-63"
"88670-04800-63_BD","NDEO RLL ON B&W INV FRESH 50ML","1","12","NON FOOD","BAD","PC","24.0000","CT","16262.5100","17930.0000","1204","ROLL ON 50ML","","","","","88670-04800-63"
"88670-04800-64","NDEO RLL ON B&W INVIS FRESH 50ML","1","12","NON FOOD","GOOD","PC","24.0000","CT","16807.0000","18500.0000","1204","ROLL ON 50ML","","","","","88670-04800-64"
"88670-04800-64_BD","NDEO RLL ON B&W INVIS FRESH 50ML","1","12","NON FOOD","BAD","PC","24.0000","CT","16807.0000","18500.0000","1204","ROLL ON 50ML","","","","","88670-04800-64"
"88670-04810-69","NDEO RLL ON B&W INVIS FRESH 50ML","1","12","NON FOOD","GOOD","PC","24.0000","CT","16807.0000","18500.0000","1204","ROLL ON 50ML","","","","","88670-04810-69"
"88672-04800-28_BD","NDEO RLL ON INV BLC&WHT FRS FM 25ML","1","12","FOOD","BAD","PC","30.0000","CT","6511.6000","7665.0000","1201","NIVEA","","","ABCDEFGHI","","88672-04800-28"
"88672-04800-30_BD","NDEO RLL-ON B&W_FRS_FML 25ML","1","12","FOOD","BAD","PC","30.0000","CT","6837.1800","7665.0000","1201","NIVEA","","","","","88672-04800-30"
"88835-04800-01_BD","NFM Adv Wht Antidarkspot Foam 50ml 36/ct","1","12","NON FOOD","BAD","","36.0000","","13014.2800","14590.0000","1201","NIVEA","","","ABCDEFGHI","","88835-04800-01"
"88835-04800-01_BN","NFM Adv Wht Antidarkspot Foam 50ml 36/ct","1","12","NON FOOD","BONUS","PC","36.0000","CT","0.0000","0.0000","1201","NIVEA","","","ABCDEFGHI","","88835-04800-01"
"88835-04800-16_BD","NFM WHITE FOAM 50ML 36/CT","1","12","NON FOOD","BAD","PC","36.0000","CT","5996.9200","6723.0000","","","","","ABCDEFGHI","","88835-04800-16"
"88835-04800-23_BD","NFM WHITE NUTRI REPAIR FOAM 50M","1","12","NON FOOD","BAD","PC","36.0000","CT","15429.8100","17298.0000","NF","NFM FACE C/CL","","","ABCDEFGHI","","88836-04800-23"
"88835-04800-23_BN","NFM WHITE NUTRI REPAIR FOAM 50ML","1","12","NON FOOD","BONUS","PC","36.0000","CT","0.0000","0.0000","BN","BONUS","","","ABCDEFGHI","","88835-04800-23"
"88835-04800-24_BD","NFM Adv Wht Antidarkspot Foam 50ml 36/ct","1","12","NON FOOD","BAD","PC","36.0000","CT","6548.1700","7341.0000","","","","","ABCDEFGHI","","88835-04800-24"
"88835-04800-24_BN","FM Adv Wht Antidarkspot Foam 50ml 36/ct","1","12","FOOD","BONUS","PC","36.0000","CT","0.0000","0.0000","BN","BONUS","","","ABCDEFGHI","","88835-04800-24"
"88835-04800-28_BD","NM EW Dark Spot Minimizer Facial Foam 50","1","12","FOOD","BAD","PC","36.0000","CT","17349.4000","17298.0000","1201","NIVEA","","","ABCDEFGHI","","88835-04800-28"
"88835-04800-29","NMEN EXT BRIGHT FACIAL FOAM 50ML","1","12","NON FOOD","GOOD","PC","36.0000","CT","18988.0000","20900.0000","1203","NIVEA MEN","","","","88835-04800-29","88835-04800-29"
"88835-04800-29_BD","NMEN EXT BRIGHT FACIAL FOAM 50ML","1","12","NON FOOD","BAD","PC","36.0000","CT","18988.0000","20900.0000","1201","NIVEA","","","","88835-04800-29","88835-04800-29"
"88835-04800-34","NMEN EXT BRIGHT FACIAL FOAM 50ML","1","12","NON FOOD","GOOD","PC","36.0000","CT","18988.0000","20900.0000","1203","NIVEA MEN","","","","","88835-04800-34"
"88835-04800-34_BD","NMEN EXT BRIGHT FACIAL FOAM 50ML","1","12","FOOD","BAD","PC","36.0000","CT","18988.0000","20900.0000","1203","NIVEA MEN","","","","","88835-04800-34"
"88836-04800-01_BD","NFM Adv Antidarkspot Foam 100ml 24/ct","1","12","NON FOOD","BAD","PC","24.0000","CT","26492.4000","29700.0000","NF","NFM FACE C/CL","","","ABCDEFGHI","","88836-04800-01"
"88836-04800-01_BN","NFM Adv Antidarkspot Foam 100ml 24/ct","1","12","NON FOOD","BONUS","PC","24.0000","CT","0.0000","0.0000","NF","NFM FACE C/CL","","","ABCDEFGHI","","88836-04800-01"
"88836-04800-15_BD","NFM CLN WHT_FCL_FOM 100ML","1","12","NON FOOD","BAD","PC","24.0000","CT","26492.4000","29700.0000","1201","NIVEA","","","ABCDEFGHI","","88836-04800-15"
"88836-04800-15_BN","NFM CLN WHT_FCL_FOM 100ML","1","12","FOOD","BONUS","PC","24.0000","CT","0.0000","0.0000","1201","NIVEA","","","ABCDEFGHI","","88836-04800-15"
"88836-04800-16_BD","NFM WHITE FOAM 100ML","1","12","NON FOOD","BAD","PC","24.0000","CT","10339.1700","11591.0000","NF","NFM FACE C/CL","","","ABCDEFGHI","","88836-04800-16"
"88836-04800-23_BD","NFM WHITE NUTRI REPAIR FOAM 100ML","1","12","NON FOOD","BAD","PC","24.0000","CT","20899.5600","23430.0000","NF","NFM FACE C/CL","","","ABCDEFGHI","","88836-04800-23"
"88836-04800-23_BN","NFM WHITE NUTRI REPAIR FOAM 100ML","1","12","FOOD","BONUS","PC","24.0000","CT","0.0000","0.0000","BN","BONUS","","","ABCDEFGHI","","88836-04800-23"
"88836-04800-24_BD","NFM Adv Antidarkspot Foam 100ml 24/ct","1","12","NON FOOD","BAD","PC","24.0000","CT","11511.2600","12905.0000","","","","","ABCDEFGHI","","88836-04800-24"
"88836-04800-24_BN","NFM Adv Antidarkspot Foam 100ml 24/ct","1","12","NON FOOD","BONUS","PC","24.0000","CT","0.0000","0.0000","BN","BONUS","","","ABCDEFGHI","","88836-04800-24"
"88836-04800-28_BD","NMEN Advanced Whitening Anti Dark Spot Foam 100ml","1","12","FOOD","BAD","PC","24.0000","CT","26492.4000","28547.0000","1201","NIVEA","","","ABCDEFGHI","","88836-04800-28"
"88836-04800-29","NMEN EXT BRIGHT FACIAL FOAM 100ML","1","12","NON FOOD","GOOD","PC","24.0000","CT","27800.0000","30600.0000","1203","NIVEA MEN","","","","88836-04800-29","88836-04800-29"
"88836-04800-29_BD","NMEN EXT BRIGHT FACIAL FOAM 100ML","1","12","FOOD","BAD","PC","24.0000","CT","27800.0000","30600.0000","1201","NIVEA","","","","88836-04800-29","88836-04800-29"
"88836-04800-34","NMEN EXT BRIGHT FACIAL FOAM 100ML","1","12","NON FOOD","GOOD","PC","24.0000","CT","27800.0000","30600.0000","1203","NIVEA MEN","","","","","88836-04800-34"
"88836-04888-05","NMEN EXT BRIGHT FACIAL FOAM 100ML","1","12","NON FOOD","GOOD","PC","24.0000","CT","27800.0000","30600.0000","1203","NIVEA MEN","","","","","88836-04888-05"
"88836-04888-05_BD","NMEN EXT BRIGHT FACIAL FOAM 100ML","1","12","FOOD","BAD","PC","24.0000","CT","27800.0000","30600.0000","1203","NIVEA MEN","","","","","88836-04888-05"
"88837-04800-16_BD","NFM OIL CONTROL FACIAL FOAM 50 ML","1","12","NON FOOD","BAD","PC","36.0000","CT","13014.2800","14590.0000","NF","NFM FACE C/CL","","","ABCDEFGHI","","88837-04800-16"
"88837-04800-20_BD","NFM OIL CONTROL FACIAL FOAM 50 ML","1","12","NON FOOD","BAD","PC","36.0000","CT","13014.2800","14590.0000","NF","NFM FACE C/CL","","","ABCDEFGHI","","88837-04800-20"
"88837-04800-20_BN","NFM OIL CONTROL FACIAL FOAM 50 ML","1","12","NON FOOD","BONUS","PC","36.0000","CT","0.0000","0.0000","BN","BONUS","","","ABCDEFGHI","","88837-04800-20"
"88838-04800-20_BD","NFM OIL CONTROL FACIAL FOAM 100 ML","1","12","NON FOOD","BAD","PC","24.0000","CT","10753.0600","12055.0000","NF","NFM FACE C/CL","","","ABCDEFGHI","","88838-04800-20"
"88838-04800-20_BN","NFM OIL CONTROL FACIAL FOAM 100 ML","1","12","FOOD","BONUS","PC","24.0000","CT","0.0000","0.0000","BN","BONUS","","","ABCDEFGHI","","88838-04800-20"
"88839-04800-01_BN","NFM Adv white antidark spot moist 40ml","1","12","NON FOOD","BONUS","PC","12.0000","CT","0.0000","0.0000","1201","NIVEA","","","ABCDEFGHI","","88839-04800-01"
"88839-04800-22_BD","NFM WHUTE NUTRI REPAIR MOIST 40ML","1","12","NON FOOD","BAD","PC","12.0000","CT","21005.7100","23549.0000","NF","NFM FACE C/CL","","","ABCDEFGHI","","88839-04800-22"
"88839-04800-24_BN","NFM Adv Wht AntiDarkspot Moist 40ml 12/ct","1","12","NON FOOD","BONUS","PC","12.0000","CT","0.0000","0.0000","","","","","ABCDEFGHI","","88839-04800-24"
"88867-04800-01_BD","NFM WOC TOTAL RECH MOIST 40 ML","1","12","NON FOOD","BAD","PC","12.0000","CT","22263.4200","24959.0000","NF","NFM FACE C/CL","","","ABCDEFGHI","","88867-04800-01"
"88867-04800-22_BD","NFM WHITE OC NUTRI REPAIR MOIS 40ML","1","12","NON FOOD","BAD","PC","12.0000","CT","22263.4300","24959.0000","NF","NFM FACE C/CL","","","ABCDEFGHI","","88867-04800-22"
"88867-04800-24_BD","NFM Whitening Acne OC Moist 40ml 12/ct","1","12","NON FOOD","BAD","PC","12.0000","CT","22263.4000","0.0000","","","","","ABCDEFGHI","","88867-04800-24"
"88867-04800-24_BN","NFM Whitening Acne OC Moist 40ml 12/ct","1","12","NON FOOD","BONUS","PC","12.0000","CT","0.0000","0.0000","","","","","ABCDEFGHI","","88867-04800-24"
"88868-04800-01_BD","NFM WOC TTL RCH FOAM 50ML","1","12","NON FOOD","BAD","PC","36.0000","CT","13014.2800","14590.0000","1201","NIVEA","","","ABCDEFGHI","","88868-04800-01"
"88868-04800-01_BN","NFM WOC TTL RCH FOAM 50ML","1","12","NON FOOD","BONUS","PC","36.0000","CT","0.0000","0.0000","1201","NIVEA","","","ABCDEFGHI","","88868-04800-01"
"88868-04800-15_BD","NFM CLN WHT_ACE-OIL_CNT_FOM 50ML","1","12","NON FOOD","BAD","PC","36.0000","CT","18598.2000","20850.0000","1201","NIVEA","","","ABCDEFGHI","","88868-04800-15"
"88868-04800-23_BN","NFM WHITE OC REPAIR FOAM 50 ML","1","12","NON FOOD","BONUS","PC","36.0000","CT","0.0000","0.0000","BN","BONUS","","","ABCDEFGHI","","88868-04800-23"
"88868-04800-24_BD","NFM Whitening Acne OC Foam 50ml 36/ct","1","12","NON FOOD","BAD","PC","36.0000","CT","13014.2800","14590.0000","1201","NIVEA","","","ABCDEFGHI","","88868-04800-24"
"88868-04800-24_BN","NFM Whitening Acne OC Foam 50ml 36/ct","1","12","FOOD","BONUS","PC","36.0000","CT","0.0000","0.0000","BN","BONUS","","","ABCDEFGHI","","88868-04800-24"
"88868-04800-28_BD","NM WOC Facial Foam 50","1","12","FOOD","BAD","PC","36.0000","CT","18910.9500","20850.0000","1201","NIVEA","","","ABCDEFGHI","","88868-04800-28"
"88868-04800-29","NMEN Bright Oil Clear Anti Shine FF 50ml","1","12","NON FOOD","GOOD","PC","36.0000","CT","18988.0000","20900.0000","1203","NIVEA MEN","","","","","88868-04800-29"
"88868-04800-29_BD","NMEN Bright Oil Clear Anti Shine FF 50ml","1","12","NON FOOD","BAD","PC","36.0000","CT","18988.0000","20900.0000","1201","NIVEA","","","","","88868-04800-29"
"88869-04800-01_BD","NFM Whitening Acne OC Foam 100ml 24/ct","1","12","NON FOOD","BAD","PC","24.0000","CT","24753.0000","27750.0000","1201","NIVEA","","","ABCDEFGHI","","88869-04800-01"
"88869-04800-01_BN","NFM Whitening Acne OC Foam 100ml 24/ct","1","12","NON FOOD","BONUS","PC","24.0000","CT","0.0000","0.0000","1201","NIVEA","","","ABCDEFGHI","","88869-04800-01"
"88869-04800-15_BD","NFM CLN WHT_ACE-OIL_CNT_FOM 100ML","1","12","NON FOOD","BAD","","24.0000","","24753.0000","27750.0000","1201","NIVEA","","","ABCDEFGHI","","88869-04800-15"
"88869-04800-15_BN","NFM CLN WHT_ACE-OIL_CNT_FOM 100ML","1","12","FOOD","BONUS","PC","24.0000","CT","0.0000","0.0000","1201","NIVEA","","","ABCDEFGHI","","88869-04800-15"
"88869-04800-23_BD","NFM WHITE OC NUTRI REPAIR FOAM 100 ML","1","12","NON FOOD","BAD","PC","24.0000","CT","12062.5200","13523.0000","NF","NFM FACE C/CL","","","ABCDEFGHI","","88869-04800-23"
"88869-04800-23_BN","NFM WHITE OC NUTRI REPAIR FOAM 100 ML","1","12","NON FOOD","BONUS","PC","24.0000","CT","0.0000","0.0000","BN","BONUS","","","ABCDEFGHI","","88869-04800-23"
"88869-04800-24_BD","NFM Whitening Acne OC Foam 100ml 24/ct","1","12","FOOD","BAD","PC","24.0000","CT","21251.0100","23430.0000","1201","NIVEA","","","ABCDEFGHI","","88869-04800-24"
"88869-04800-24_BN","NFM Whitening Acne OC Foam 100ml 24/ct","1","12","FOOD","BONUS","PC","24.0000","CT","0.0000","0.0000","BN","BONUS","","","ABCDEFGHI","","88869-04800-24"
"88869-04800-28_BD","NIVEA MEN WOC Facial Foam 100ML","1","12","FOOD","BAD","PC","24.0000","CT","25169.2500","27750.0000","1201","NIVEA","","","ABCDEFGHI","","88869-04800-28"
"88869-04800-29","NMEN Bright Oil Clear Anti Shine FF 100ml","1","12","NON FOOD","GOOD","PC","24.0000","CT","27800.0000","30600.0000","1203","NIVEA MEN","","","","","88869-04800-29"
"88869-04800-29_BD","NMEN Bright Oil Clear Anti Shine FF 100ml","1","12","NON FOOD","BAD","PC","24.0000","CT","27800.0000","30600.0000","1201","NIVEA","","","","","88869-04800-29"
"88870-04800-01_BD","NFM WOC Total Rech Moist 15ml","1","12","NON FOOD","BAD","PC","24.0000","CT","9460.5500","10606.0000","1201","NIVEA","","","ABCDEFGHI","","88870-04800-01"
"88870-04800-01_BN","NFM WOC Total Rech Moist 15ml","1","12","NON FOOD","BONUS","PC","24.0000","CT","0.0000","0.0000","1201","NIVEA","","","ABCDEFGHI","","88870-04800-01"
"88870-04800-15_BD","NFM FC_CR OIL_CNT_MSR 15ML","1","12","NON FOOD","BAD","PC","24.0000","CT","10443.5400","11708.0000","1201","NIVEA","","","ABCDEFGHI","","88870-04800-15"
"88870-04800-15_BN","NFM FC_CR OIL_CNT_MSR 15ML","1","12","FOOD","BONUS","PC","24.0000","CT","0.0000","0.0000","1201","NIVEA","","","ABCDEFGHI","","88870-04800-15"
"88870-04800-24_BD","NFM Whitening Acne OC Moist 15ml 24/ct","1","12","NON FOOD","BAD","PC","24.0000","CT","8271.5100","9273.0000","","","","","ABCDEFGHI","","88870-04800-24"
"88880-04800-01_BD","NFM WHITE OC TOTAL RCH SCRUB 100ML","1","12","NON FOOD","BAD","PC","24.0000","CT","20899.5600","23430.0000","1201","NIVEA","","","ABCDEFGHI","","88880-04800-01"
"88880-04800-01_BN","NFM WHITE OC TOTAL RCH SCRUB 100ML","1","12","NON FOOD","BONUS","PC","24.0000","CT","0.0000","0.0000","1201","NIVEA","","","ABCDEFGHI","","88880-04800-01"
"88880-04800-04_BD","NFM CLN WHT_ACE-OIL_CNT_SCRB 100ML","1","12","NON FOOD","BAD","PC","24.0000","CT","24753.0000","27750.0000","1201","NIVEA","","","ABCDEFGHI","","88880-04800-04"
"88880-04800-28_BD","NMEN White OC Scrub 100ml","1","12","FOOD","BAD","PC","24.0000","CT","24753.0000","27750.0000","1201","NIVEA","","","","","88880-04800-28"
"88880-04800-29","NMEN Bright Oil Clear Pore Minim 100ml","1","12","NON FOOD","GOOD","PC","24.0000","CT","27800.0000","30600.0000","1203","NIVEA MEN","","","","","88880-04800-29"
"88880-04800-29_BD","NMEN Bright Oil Clear Pore Minimizing 100ml","1","12","NON FOOD","BAD","PC","24.0000","CT","27800.0000","30600.0000","1201","NIVEA","","","","","88880-04800-29"
"8901770","BLACKROCK PARF DEO BS YOSEMITE TOSCA 150ML","1","M1","NON FOOD","GOOD","PC","24.0000","CT","15351.3400","19189.1800","8993","PT. EASTON KALERIS INDONESIA","","","","","8901770"
"8901771","BLACKROCK PARF DEO BS EVERGLADES BLACK 150ML","1","M1","NON FOOD","GOOD","PC","24.0000","CT","15351.3400","19189.1800","8993","PT. EASTON KALERIS INDONESIA","","","","","8901771"
"8901772","BLACKROCK PARF DEO BS ANTELOPE RED 150ML","1","M1","NON FOOD","GOOD","PC","24.0000","CT","15351.3400","19189.1800","8993","PT. EASTON KALERIS INDONESIA","","","","","8901772"
"8901773","BLACKROCK PARF DEO BS DOLOMITES GREEN 150ML","1","M1","NON FOOD","GOOD","PC","24.0000","CT","15351.3400","19189.1800","8993","PT. EASTON KALERIS INDONESIA","","","","","8901773"
"89053-04800-12_BD","NSOFT JAR 25ML 60/CT","1","12","NON FOOD","BAD","JR","60.0000","CT","4032.7300","4521.0000","1201","NIVEA","","","ABCDEFGHI","","89053-04800-12"
"89053-04800-20_BN","NSOFT JAR 25ML 60/CT","1","12","FOOD","BONUS","PC","60.0000","CT","0.0000","0.0000","BN","BONUS","","","ABCDEFGHI","","89053-04800-20"
"89053-04800-40_BD","NSFT PLS JAR MINI 25ML","1","12","FOOD","BAD","PC","60.0000","CT","5744.4800","6440.0000","1201","NIVEA","","","ABCDEFGHI","","89053-04800-40"
"89053-04800-41_BD","NSOFT JAR 25ML","1","12","NON FOOD","BAD","PC","60.0000","CT","5744.4800","6440.0000","1201","NIVEA","","","","","89053-04800-41"
"89053-04800-90_BD","NIVEA SOFT CREME 25ML(DINGHY)","1","12","NON FOOD","BAD","PC","60.0000","CT","5744.4800","6440.0000","1201","NIVEA","","","ABCDEFGHI","","89053-04800-90"
"89053-04800-90_BN","NIVEA SOFT CREME 25ML(DINGHY)","1","12","FOOD","BONUS","PC","60.0000","CT","0.0000","0.0000","1201","NIVEA","","","ABCDEFGHI","","89053-04800-90"
"89054-04800-12_BD","NSOFT JAR 50ML 48/CT","1","12","NON FOOD","BAD","JR","48.0000","CT","6981.6800","7827.0000","NS","NIVEA SOFT","","","ABCDEFGHI","","89054-04800-12"
"89054-04800-20_BN","NSOFT JAR 50ML","1","12","FOOD","BONUS","PC","48.0000","CT","0.0000","0.0000","BN","BONUS","","","ABCDEFGHI","","89054-04800-20"
"89054-04800-40_BN","NSFT PLS JAR 50ML","1","12","FOOD","BONUS","PC","48.0000","CT","0.0000","0.0000","NS","NIVEA SOFT","","","ABCDEFGHI","","89054-04800-40"
"89054-04800-41","NSFT SOFT 50ML","1","12","FOOD","GOOD","PC","48.0000","CT","13446.0000","14800.0000","1209","NIVEA CREME","","","ABCDEFGHI","","89054-04800-41"
"89054-04800-41_BD","NSFT SOFT 50ML","1","12","FOOD","BAD","PC","48.0000","CT","13446.0000","14800.0000","1201","NIVEA","","","","","89054-04800-41"
"89054-04800-42","NIVEA SOFT 50ML","1","12","NON FOOD","GOOD","PC","48.0000","CT","13445.8000","14800.0000","1209","NIVEA CREME","","","","","89054-04800-42"
"89054-04800-42_BD","NIVEA SOFT 50ML","1","12","NON FOOD","BAD","PC","48.0000","CT","13446.0000","14800.0000","1209","NIVEA CREME","","","","","89054-04800-42"
"89054-04800-90_BD","NIVEA SOFT CREME 50ML(DINGHY)","1","12","NON FOOD","BAD","","48.0000","","12193.6400","13670.0000","1201","NIVEA","","","ABCDEFGHI","","89054-04800-90"
"89054-04800-90_BN","NIVEA SOFT CREME 50ML(DINGHY)","1","12","FOOD","BONUS","PC","48.0000","CT","0.0000","0.0000","1201","NIVEA","","","ABCDEFGHI","","89054-04800-90"
"89059-04800-12_BD","NSOFT JAR 100ML 36/CT","1","12","NON FOOD","BAD","JR","36.0000","CT","12798.4200","14348.0000","NS","NIVEA SOFT","","","ABCDEFGHI","","89059-04800-12"
"89059-04800-12_BN","NSOFT JAR 100ML 36/CT","1","12","FOOD","BONUS","PC","36.0000","CT","0.0000","0.0000","BN","BONUS","","","ABCDEFGHI","","89059-04800-12"
"89059-04800-20_BN","NSOFT JAR 100ML","1","12","FOOD","BONUS","PC","36.0000","CT","0.0000","0.0000","BN","BONUS","","","ABCDEFGHI","","89059-04800-20"
"89059-04800-41","NIVEA SOFT 100ML","1","12","FOOD","GOOD","PC","36.0000","CT","21804.0000","24000.0000","1209","NIVEA CREME","","","ABCDEFGHI","","89059-04800-41"
"89059-04800-41_BD","NIVEA SOFT 100ML","1","12","FOOD","BAD","PC","36.0000","CT","21804.0000","24000.0000","1201","NIVEA","","","ABCDEFGHI","","89059-04800-41"
"89059-04800-42","NIVEA SOFT 100ML","1","12","NON FOOD","GOOD","PC","36.0000","CT","21804.0000","24000.0000","1209","NIVEA CREME","","","","","89059-04800-42"
"89059-04800-90_BD","NIVEA SOFT CREME 100ML (DINGHY)","1","12","NON FOOD","BAD","PC","36.0000","CT","19891.6000","22300.0000","1201","NIVEA","","","ABCDEFGHI","","89059-04800-90"
"89059-04800-90_BN","NIVEA SOFT CREME 100ML (DINGHY)","1","12","NON FOOD","BONUS","PC","36.0000","CT","0.0000","0.0000","1201","NIVEA","","","ABCDEFGHI","","89059-04800-90"
"89121-04800-90_BN","NBO NIGHT WHITE SERUM 75ML 48/CT","1","12","NON FOOD","BONUS","PC","48.0000","CT","0.0000","0.0000","NW","NBO WHITENING","","","ABCDEFGHI","","89121-04800-90"
"89122-04800-90_BD","NBO NIGHT WHITE SERUM 200ML 24/CT","1","12","NON FOOD","BAD","PC","24.0000","CT","33673.0000","37750.0000","NW","NBO WHITENING","","","ABCDEFGHI","","89122-04800-90"
"89122-04800-90_BN","NBO NIGHT WHITE SERUM 200ML 24/CT","1","12","FOOD","BONUS","PC","24.0000","CT","0.0000","0.0000","NW","NBO WHITENING","","","ABCDEFGHI","","89122-04800-90"
"89127-04800-90_BN","NBO EXTRA WHITENING SERUM 75ML","1","12","NON FOOD","BONUS","PC","48.0000","CT","0.0000","0.0000","1201","NIVEA","","","ABCDEFGHI","","89127-04800-90"
"89128-04800-90_BD","NBO EXTRA WHITENING SERUM 200ML","1","12","NON FOOD","BAD","PC","24.0000","CT","25332.8000","28400.0000","1201","NIVEA","","","ABCDEFGHI","","89128-04800-90"
"89128-04800-90_BN","NBO EXTRA WHITENING SERUM 200ML","1","12","NON FOOD","BONUS","PC","24.0000","CT","0.0000","0.0000","1201","NIVEA","","","ABCDEFGHI","","89128-04800-90"
"89134-04800-13_BD","NBO UV EXTRA WHITE 100ML FLAGSHIP","1","12","NON FOOD","BAD","PC","48.0000","CT","14289.8400","16020.0000","NW","NBO WHITENING","","","ABCDEFGHI","","89134-04800-13"
"89134-04800-13_BN","NBO UV EXTRA WHITE 100ML FLAGSHIP","1","12","NON FOOD","BONUS","PC","48.0000","CT","0.0000","0.0000","NW","NBO WHITENING","","","ABCDEFGHI","","89134-04800-13"
"89134-04800-15_BD","NBO INST WHT FIRMING LOTION SPF15 100ML","1","12","FOOD","BAD","PC","48.0000","CT","12666.4000","14200.0000","NE","NBO ESSENTIAL","","","ABCDEFGHI","","89134-04800-15"
"89135-04800-13_BD","NBO UV EXTRA WHITE 200ML FLAGSHIP","1","12","NON FOOD","BAD","PC","24.0000","CT","22790.6000","25550.0000","NW","NBO WHITENING","","","ABCDEFGHI","","89135-04800-13"
"89135-04800-13_BN","NBO UV EXTRA WHITE 200ML FLAGSHIP","1","12","NON FOOD","BONUS","PC","24.0000","CT","0.0000","0.0000","NW","NBO WHITENING","","","ABCDEFGHI","","89135-04800-13"
"89135-04800-15_BD","NBO INST WHT FIRMING LOTION SPF15 200ML","1","12","FOOD","BAD","PC","24.0000","CT","22790.6000","25550.0000","NE","NBO ESSENTIAL","","","ABCDEFGHI","","89135-04800-15"
"89135-04801-37_BD","NIVEA INST GLOW LOT 200ML PROMO","1","12","FOOD","BAD","PC","24.0000","CT","22790.6000","25550.0000","1201","NIVEA","","","ABCDEFGHI","","89135-04801-37"
"89135-04802-37_BD","NBO INSTANT GLOW SPF15 LOT 200ML","1","12","FOOD","BAD","PC","24.0000","CT","22790.6000","25550.0000","1201","NIVEA","","","","","89135-04802-37"
"89137-04800-13_BN","NBO UV EXTRA WHITE 400ML","1","12","NON FOOD","BONUS","PC","12.0000","CT","0.0000","0.0000","NW","NBO WHITENING","","","ABCDEFGHI","","89137-04800-13"
"89137-04800-37_BD","NBO INST WHTFIRMING LOTION SPF15 400ML","1","12","FOOD","BAD","PC","12.0000","CT","35412.4000","39700.0000","1201","NIVEA","","","ABCDEFGHI","","89137-04800-37"
"89193-04800-37_BD","NBO INTENS MOIST SERUM 180ML","1","12","FOOD","BAD","PC","24.0000","CT","26477.3200","29144.0000","1201","NIVEA","","","ABCDEFGHI","","89193-04800-37"
"89270-04800-09","NF MK UP CR ACNE WTR 125ML","1","12","FOOD","GOOD","PC","30.0000","CT","26369.2100","29025.0000","1201","NIVEA","","","ABCDEFGHJI","","89270-04800-09"
"89270-04800-09_BD","NF MK UP CR ACNE WTR 125ML","1","12","NON FOOD","BAD","PC","330.0000","CT","23563.8600","25980.0000","1201","NIVEA","","","","","89270-04800-09"
"89270-04823-09","NIVEA NIVEA MICELLAR OIL&ACNE CARE 125ML","1","12","NON FOOD","GOOD","PC","30.0000","CT","26369.2100","29025.0000","1207","MICELLAR","","","","","89270-04823-09"
"89270-04823-09_BD","NIVEA MICELLAR OIL&ACNE CARE 125ML","1","12","NON FOOD","BAD","PC","30.0000","CT","26369.2100","29025.0000","1201","NIVEA","","","","","89270-04823-09"
"89270-04888-01","NIVEA MICELLAR OIL&ACNE CARE 125ML","1","12","NON FOOD","GOOD","PC","30.0000","CT","26369.2100","29025.0000","1207","MICELLAR","","","","","89270-04888-01"
"89284-04800-08_BD","NFC MUS HYD MCL WATER 200ML","1","12","FOOD","BAD","PC","12.0000","CT","33347.4200","37385.0000","1201","NIVEA","","","ABCDEFGHI","","89284-04800-08"
"89284-04800-09_BD","NFC MUC HYD MCL WATER 200ML","1","12","FOOD","BAD","PC","12.0000","CT","33347.4200","37385.0000","1201","NIVEA","","","ABCDEFGHI","","89284-04800-09"
"91768-04800-66","NDC DEFEND FEMALE  ANTI-PERSPIRANT 50 ML","1","12","NON FOOD","GOOD","PC","24.0000","CT","17579.4700","19350.0000","1204","ROLL ON 50ML","","","","","91768-04800-66"
"91768-04800-66_BD","NDC DEFEND ANTI-PERSPIRANT 50 ML","1","12","FOOD","BAD","PC","24.0000","CT","17579.4700","19350.0000","1204","ROLL ON 50ML","","","","","91768-04800-66"
"91780-04800-66","NDC BRIGHT REPAIR ANTI-PERSPIRANT 50ML","1","12","NON FOOD","GOOD","PC","24.0000","CT","17579.4700","19350.0000","1204","ROLL ON 50ML","","","","","91780-04800-66"
"91794-04800-66","NDC RESTORE ANTI-PERSPIRANT 50ML","1","12","NON FOOD","GOOD","PC","24.0000","CT","17579.4700","19350.0000","1204","ROLL ON 50ML","","","","","91794-04800-66"
"91809-04888-01
","NDEO Spray Black & White Authentic Female 150ml
","1","12","NON FOOD","GOOD","PC","12.0000","CT","43153.7500","47500.0000","1205","ROLL ON 150ML","","","","","91809-04888-01
"
"91809-04888-01","NDEO Spray Black & White Authentic Female 150ml
","1","12","NON FOOD","GOOD","PC","12.0000","CT","43153.7500","47500.0000","1205","ROLL ON 150ML","","","","","91809-04888-01"
"91809-04888-01_BD","NDEO Spray Black & White Authentic Female 150ml
","1","12","FOOD","BAD","PC","12.0000","CT","43153.7500","47500.0000","1202","HANSAPLAST","","","","","91809-04888-01"
"91816-04800-69","NDEO Roll On Black & White Authentic Female 50ml","1","12","NON FOOD","GOOD","PC","24.0000","CT","16807.2500","18500.0000","1204","ROLL ON 50ML","","","","","91816-04800-69"
"918934_B","BISKUAT BOLU PANDAN 12X12X16GR","1","28","FOOD","BAD","PC","144.0000","CT","1073.0000","1349.0000","2802","BISKUAT","2802","BISKUAT","A","","918934"
"922493_B","TUC CRACKER CHEESE POLYBAG 24X6X21G","1","28","FOOD","BAD","PC","24.0000","CT","4150.0000","4535.0000","2804","OREO/RITZ","2804","OREO/RITZ","A","","922493"
"922518_B","TUC CRACKER CHEESE SHOW BOX 12X12X21G","1","28","FOOD","BAD","PC","144.0000","CT","716.0000","782.0000","2804","OREO/RITZ","2804","OREO/RITZ","A","","922518"
"922527_B","TUC CRACKER PAPRIKA POLYBAG 24X6X21G","1","28","FOOD","BAD","PC","24.0000","CT","4150.0000","4535.0000","2804","OREO/RITZ","2804","OREO/RITZ","A","","922527"
"922531_B","TUC CRACKER PAPRIKA SHOW BOX 12X12X21G","1","28","FOOD","BAD","PC","144.0000","CT","716.0000","782.0000","2804","OREO/RITZ","2804","OREO/RITZ","A","","922531"
"922539_B","TUC CRACKER ORIGINAL POLYBAG 24X6X21G","1","28","FOOD","BAD","PC","24.0000","CT","4150.0000","4535.0000","2804","OREO/RITZ","2804","OREO/RITZ","A","","922539"
"922543_B","TUC CRACKER ORI SHOW BOX 12X12X21G","1","28","FOOD","BAD","PC","144.0000","CT","716.0000","782.0000","2804","OREO/RITZ","2804","OREO/RITZ","A","","922543"
"92325-09000-45","HP ROLL 2.5CMX5M","1","12","NON FOOD","GOOD","PC","250.0000","CT","16466.3300","18182.0000","1202","HANSAPLAST","","","","","92325-09000-45"
"92325-09000-45_BD","HP ROLL 2.5CMX5M","1","12","NON FOOD","BAD","PC","250.0000","CT","16491.0700","18182.0000","1202","HANSAPLAST","","","","","92325-09000-45"
"930442","VIVELLE SPA VEOCEL VIT C (PACK 12)","1","M1","NON FOOD","GOOD","PC","144.0000","CT","6990.9900","8738.7300","8993","PT. EASTON KALERIS INDONESIA","","","","","930442"
"930442_BD","VIVELLE SPA VEOCEL VIT C (PACK 12)","1","M1","NON FOOD","BAD","PC","144.0000","CT","6774.7700","8468.4600","8993","PT. EASTON KALERIS INDONESIA","","","","","930442"
"93408-04888-01","NIVEA LIP CARING COLOR ROSE","1","12","NON FOOD","GOOD","PC","24.0000","CT","26941.5600","29655.0000","1201","NIVEA","","","","","93408-04888-01"
"93422-04888-01","NIVEA LIP CARING COLOR CORAL","1","12","NON FOOD","GOOD","PC","24.0000","CT","26941.5600","29655.0000","1201","NIVEA","","","","","93422-04888-01"
"93645-04801-22","NSUN DAILY PROTECT SPF33 100ML","1","12","NON FOOD","GOOD","PC","48.0000","CT","31956.4800","35175.0000","1208","NIVEA SUN","","","","","93645-04801-22"
"93645-04801-22_BD","NSUN DAILY PROTECT SPF33 100ML","1","12","NON FOOD","BAD","PC","48.0000","CT","31956.4800","35175.0000","1201","NIVEA","","","","","93645-04801-22"
"93767-04800-00","NIVEA EXT BRIGHT 10 SUPER VITS&SKIN FOOD SRM 180ML","1","12","NON FOOD","GOOD","PC","24.0000","CT","30031.0100","33160.0000","1206","NIVEA SERUM","","","","","93767-04800-00"
"93767-04800-40","NIVEA EXT BRIGHT 10 SUPER VITS&SKIN FOOD SRM 180ML","1","12","NON FOOD","GOOD","PC","24.0000","CT","31616.0000","34800.0000","1206","NIVEA SERUM","","","","","93767-04800-40"
"93767-04800-40_BD","NIVEA EXT BRIGHT 10 SUPER VITS&SKIN FOOD SRM 180ML","1","12","NON FOOD","BAD","PC","24.0000","CT","31616.0000","34800.0000","1201","NIVEA","","","","","93767-04800-40"
"93825-07700-43","NIVEA SERUM EB 10 SUPERVIT YOUTH NIA C 170ML","1","12","NON FOOD","GOOD","PC","24.0000","CT","31615.8000","34800.0000","1201","NIVEA","","","","","93825-07700-43"
"93830-04800-43","NIVEA EXT BRIGHT 10 SUPER VITS&SKIN FOOD SRM 180ML","1","12","NON FOOD","GOOD","PC","24.0000","CT","31616.0000","34800.0000","1201","NIVEA","","","","","93830-04800-43"
"94291-04800-01","NFC MICELLAR WATER SOOTHING 125ML","1","12","NON FOOD","GOOD","PC","24.0000","CT","26369.2100","29025.0000","1207","MICELLAR","","","","","94291-04800-01"
"94299-04800-01","NFC MICELLAR WATER DERMA ACNE CARE 125ML","1","12","NON FOOD","GOOD","PC","24.0000","CT","26369.2100","29025.0000","1207","MICELLAR","","","","","94299-04800-01"
"94908-04800-32","NMEN Extra Bright C&HYA Vit Scrub 100ml","1","12","NON FOOD","GOOD","PC","24.0000","CT","28345.0000","31200.0000","1201","NIVEA","","","","","94908-04800-32"
"94908-04800-32_BD","NMEN Extra Bright C&HYA Vit Scrub 100ml","1","12","NON FOOD","BAD","PC","24.0000","CT","28345.0000","31200.0000","1201","NIVEA","","","","","94908-04800-32"
"95672-04800-32","NDEO Cool Kick Cool Blue Sachet  180/CT","1","12","NON FOOD","GOOD","PC","180.0000","CT","1226.4700","1350.0000","1203","NIVEA MEN","","","","","95672-04800-32"
"95672-04800-32_BD","NDEO Cool Kick Cool Blue Sachet  180/CT","1","12","NON FOOD","BAD","PC","180.0000","CT","1226.4700","1350.0000","1201","NIVEA","","","","","95672-04800-32"
"95672-04800-67","NDEO LOTION COOL KICK COOL BLUE","1","12","NON FOOD","GOOD","PC","180.0000","CT","1226.4700","1350.0000","1211","NBODY LOTION","","","","","95672-04800-67"
"967647_B","BISKUAT ENERGI 20X199.5G","1","28","FOOD","BAD","PC","20.0000","CT","4441.0000","4853.0000","2802","BISKUAT","2802","BISKUAT","A","","967647"
"967655_B","BISKUAT ENERGI COKLAT 20X172.8G","1","28","FOOD","BAD","PC","20.0000","CT","4441.0000","4853.0000","2802","BISKUAT","2802","BISKUAT","A","","967655"
"967858_B","CADBURY CASHEW COOKIES 65GR","1","28","FOOD","BAD","PC","144.0000","CT","8652.0000","9455.0000","2801","CADBURY","2801","CADBURY","A","","967858"
"967876_B","CADBURY CASHEW COOKIES 165GR","1","28","FOOD","BAD","PC","72.0000","CT","18634.0000","20364.0000","2801","CADBURY","2801","CADBURY","A","","967876"
"967876_BD","CADBURY CASHEW COOKIES 165GR","1","28","FOOD","BAD","PC","72.0000","CT","18634.0000","20364.0000","2801","CADBURY","2801","CADBURY","A","","967876"
"968281_B","OREA 12X(12X29.4)G SEA","1","28","FOOD","BAD","PC","144.0000","CT","1061.0000","1160.0000","2804","OREO/RITZ","2804","OREO/RITZ","A","","968281"
"968282_B","OREO 12X(12X29.4)G CHOC","1","28","FOOD","BAD","PC","144.0000","CT","1061.0000","1160.0000","2804","OREO/RITZ","2804","OREO/RITZ","A","","968282"
"968283_B","OREO SANDWICH STR 12X(12X29.4G)","1","28","FOOD","BAD","PC","144.0000","CT","1061.0000","1276.0000","2804","OREO/RITZ","2804","OREO/RITZ","A","","968283"
"968289_B","OREO 12X(12X29.4?)G ICE CREAM BLUEBERRY","1","28","FOOD","BAD","PC","144.0000","CT","1061.0000","1276.0000","2804","OREO/RITZ","2804","OREO/RITZ","A","","968289"
"968291_B","GOLDEN OREO VANILLA 12X(12X29.4G)","1","28","FOOD","BAD","PC","144.0000","CT","1061.0000","1276.0000","2804","OREO/RITZ","2804","OREO/RITZ","A","","968291"
"968291_BD","GOLDEN OREO VANILLA 12X(12X29.4G)","1","28","FOOD","BAD","PC","144.0000","CT","1061.0000","1276.0000","2804","OREO/RITZ","2804","OREO/RITZ","ABCDEFGHI","","968291"
"970459_B","OREO SANDWICH VANILLA 24X137GR BD","1","28","FOOD","BAD","PC","24.0000","CT","4836.0000","5285.0000","2804","OREO/RITZ","2804","OREO/RITZ","A","","970459"
"970461_B","OREO SANDWICH CHOCO 24X137G BD","1","28","FOOD","BAD","PC","24.0000","CT","4836.0000","5761.0000","2804","OREO/RITZ","2804","OREO/RITZ","A","","970461"
"970463_B","OREO SANDWICH STR 24X137G BD","1","28","FOOD","BAD","PC","24.0000","CT","4836.0000","5761.0000","2804","OREO/RITZ","2804","OREO/RITZ","A","","970463"
"970466_B","OREO SANDWICH DD 24X137G BD","1","28","FOOD","BAD","PC","24.0000","CT","4836.0000","5761.0000","2804","OREO/RITZ","2804","OREO/RITZ","A","","970466"
"970476_B","OREO SANDWICH BBERRY 24X137G BD","1","28","FOOD","BAD","PC","24.0000","CT","4836.0000","5761.0000","2804","OREO/RITZ","2804","OREO/RITZ","A","","970476"
"970480_B","GOLDEN OREO VANILLA 24X137GR BD","1","28","FOOD","BAD","PC","24.0000","CT","4836.0000","5761.0000","2804","OREO/RITZ","2804","OREO/RITZ","A","","970480"
"970482_B","OREO SAND DBL STUF 24X152.4G BD","1","28","FOOD","BAD","PC","24.0000","CT","4979.0000","5931.0000","2804","OREO/RITZ","2804","OREO/RITZ","A","","970482"
"970482_BD","OREO SAND DBL STUF 24X152.4G BD","1","28","FOOD","BAD","PC","24.0000","CT","4979.0000","5931.0000","2804","OREO/RITZ","2804","OREO/RITZ","","","970482"
"971995_B","OREO DOUBLE DELIGHT 12X12X294G BIIRTHDAY","1","28","FOOD","BAD","PC","144.0000","CT","1061.0000","1160.0000","2804","OREO/RITZ","2804","OREO/RITZ","A","","971995"
"972110_B","MINI OREO VANILLA 24X67GR","1","28","FOOD","BAD","PC","24.0000","CT","5126.0000","5602.0000","2804","OREO/RITZ","2804","OREO/RITZ","A","","972110"
"972110_BD","MINI OREO VANILLA 24X67GR","1","28","FOOD","BAD","PC","24.0000","CT","5126.0000","5602.0000","2804","OREO/RITZ","2804","OREO/RITZ","ABCDEFGHI","","972110"
"972112_B","MINI OREO CHOCO 24X67G","1","28","FOOD","BAD","PC","24.0000","CT","5126.0000","5602.0000","2804","OREO/RITZ","2804","OREO/RITZ","A","","972112"
"974769_B","BISKUAT SUSU 8X12X40G","1","28","FOOD","BAD","PC","96.0000","CT","1082.0000","1182.0000","2802","BISKUAT","2802","BISKUAT","A","","974769"
"974771_B","BISKUAT SUSU 24X160GR","1","28","FOOD","BAD","PC","24.0000","CT","4442.0000","4854.0000","2802","BISKUAT","2802","BISKUAT","A","","974771"
"98306-04800-21","NSUN EXT Protect Oil Cont Sun SPF50 7ml","1","12","FOOD","GOOD","PC","72.0000","CT","11704.4200","12924.0000","1208","NIVEA SUN","","","","","98306-04800-21"
"98306-04800-21_BD","NSUN EXT Protect Oil Cont Sun SPF50 7ml","1","12","NON FOOD","BAD","PC","72.0000","CT","11722.0000","12924.0000","1208","NIVEA SUN","","","","","98306-04800-21"
"98306-04800-21_BN","NSUN EXT Protect Oil Cont Sun SPF50 7ml","1","12","NON FOOD","BONUS","PC","72.0000","CT","0.0000","0.0000","1201","NIVEA","","","","","98306-04800-21"
"98318-04800-25","NSUN EXTRA PROTECT C&E VIT SUN  CARE SPF 50 30ML","1","12","NON FOOD","GOOD","PC","12.0000","CT","48659.2600","53560.0000","1201","NIVEA","","","","","98318-04800-25"
"98446-04801-43","NBO SUPER C+VIT BODY SERUM 70ML","1","12","FOOD","GOOD","PC","24.0000","CT","23486.5400","25852.0000","1206","NIVEA SERUM","","","","","98446-04801-43"
"98446-04801-43_BD","NBO SUPER C+VIT BODY SERUM 70ML","1","12","FOOD","BAD","PC","24.0000","CT","23486.5400","25852.0000","1206","NIVEA SERUM","","","","","98446-04801-43"
"98500-04800-64","NDEO RLL ON HJB SOFT 50ML","1","12","NON FOOD","GOOD","PC","24.0000","CT","17579.0000","19350.0000","1204","ROLL ON 50ML","","","","","98500-04800-64"
"98500-04800-64_BD","NDEO RLL ON HJB SOFT 50ML","1","12","FOOD","BAD","PC","24.0000","CT","17579.0000","19350.0000","1204","ROLL ON 50ML","","","","","98500-04800-64"
"98500-04800-67","NDEO RLL ON HJB SOFT 50ML","1","12","NON FOOD","GOOD","PC","24.0000","CT","17579.0000","19350.0000","1204","ROLL ON 50ML","","","","","98500-04800-67"
"98500-04810-31","NDEO RLL ON BRIGHT HIJAB SOFT 50ML","1","12","NON FOOD","GOOD","PC","24.0000","CT","17579.0000","19350.0000","1204","ROLL ON 50ML","","","","","98500-04810-31"
"98500-04810-31_BD","NDEO RLL ON BRIGHT HIJAB SOFT 50ML","1","12","NON FOOD","BAD","PC","24.0000","CT","17579.0000","19350.0000","1201","NIVEA","","","","98500-04810-31","98500-04810-31"
"98512-04800-31","NDEO BRIGHT HIJAB COOL 50ML","1","12","NON FOOD","GOOD","PC","24.0000","CT","17579.0000","19350.0000","1204","ROLL ON 50ML","","","","","98512-04800-31"
"98512-04800-31_BD","NDEO BRIGHT HIJAB COOL 50ML","1","12","NON FOOD","BAD","PC","24.0000","CT","17579.0000","19350.0000","1201","NIVEA","","","","","98512-04800-31"
"98512-04800-64","NDEO RLL ON HIJAB COOL 50ML","1","12","NON FOOD","GOOD","PC","24.0000","CT","17579.0000","19350.0000","1204","ROLL ON 50ML","","","","","98512-04800-64"
"98512-04800-64_BD","NDEO RLL ON HIJAB COOL 50ML","1","12","NON FOOD","BAD","PC","24.0000","CT","17579.0000","19350.0000","1204","ROLL ON 50ML","","","","","98512-04800-64"
"98534-04800-32","NIVEA Extra Bright Deo Lot 180/CT","1","12","NON FOOD","GOOD","PC","180.0000","CT","1226.4700","1350.0000","1203","NIVEA MEN","","","","","98534-04800-32"
"98534-04800-32_BD","NIVEA Ext Bright Deodorant Lotion Sachet 180/CT","1","12","NON FOOD","BAD","PC","180.0000","CT","1226.4700","1350.0000","1201","NIVEA","","","","","98534-04800-32"
"98535-04800-32","NDEO Lotion Brightening Hijab Fresh Sachet 180/CT","1","12","FOOD","GOOD","PC","180.0000","CT","1226.4700","1350.0000","1203","NIVEA MEN","","","","","98535-04800-32"
"98535-04800-32_BD","NDEO Lotion Brightening Hijab Fresh Sachet","1","12","NON FOOD","BAD","PC","180.0000","CT","1226.4700","1350.0000","1201","NIVEA","","","","","98535-04800-32"
"98535-04800-67","NDEO Lotion Brightening Hijab Fresh Sachet 180/CT","1","12","NON FOOD","GOOD","PC","180.0000","CT","1226.4700","1350.0000","1203","NIVEA MEN","","","","","98535-04800-67"
"98535-04800-67_BD","NDEO Lotion Brightening Hijab Fresh Sachet 180/CT","1","12","FOOD","BAD","PC","180.0000","CT","1226.4700","1350.0000","1203","NIVEA MEN","","","","","98535-04800-67"
"98722-04800-01","NFC MICELLAR WATER DERMA ACNE CARE 400ML","1","12","NON FOOD","GOOD","PC","6.0000","CT","68137.5000","75000.0000","1207","MICELLAR","","","","","98722-04800-01"
"98917-04800-42","NBODY LOTION EXT BRIGHT RDT&SMTH 190ML","1","12","NON FOOD","GOOD","PC","24.0000","CT","24529.5000","27000.0000","1201","NIVEA","","","","","98917-04800-42"
"98917-04800-42_BD","NDEO LOTION EXT BRIGHT RDT&SMTH 190ML","1","12","FOOD","BAD","PC","24.0000","CT","23330.2800","27000.0000","1201","NIVEA","","","","","98917-04800-42"
"98918-04800-42","NBODY EXT BRIGHT RDNT&SMOOTH 380ML","1","12","NON FOOD","GOOD","PC","12.0000","CT","48468.4700","53350.0000","1211","NBODY LOTION","","","","","98918-04800-42"
"98918-04800-42_BD","NBODY EXT BRIGHT RDNT&SMTH 380ML","1","12","NON FOOD","BAD","PC","12.0000","CT","48315.8700","53350.0000","1201","NIVEA","","","","","98918-04800-42"
"98922-04800-42","NBODY EXT BRGHT FIRM&SMTH 190ML","1","12","NON FOOD","GOOD","PC","24.0000","CT","22866.9400","25170.0000","1206","NIVEA SERUM","","","","","98922-04800-42"
"98922-04800-42_BD","NBODY EXT BRGHT FIRM&SMTH 190ML","1","12","NON FOOD","BAD","PC","24.0000","CT","22794.9500","25170.0000","1206","NIVEA SERUM","","","","","98922-04800-42"
"98925-04800-42","NBODY LTN EXT BRIGHT NIGHT SPF25 200ML","1","12","NON FOOD","GOOD","PC","24.0000","CT","30434.7500","33500.0000","1211","NBODY LOTION","","","","","98925-04800-42"
"98925-04800-42_BD","NBODY LTN EXT BRIGHT NIGHT SPF25 200ML","1","12","NON FOOD","BAD","PC","24.0000","CT","30434.7500","33500.0000","1211","NBODY LOTION","","","","","98925-04800-42"
"98927-04800-42","NBODY EXT BRIGHT REPAIR&PROT 380ML","1","12","NON FOOD","GOOD","PC","12.0000","CT","50876.0000","56000.0000","1211","NBODY LOTION","","","","","98927-04800-42"
"98927-04800-42_BD","NBODY EXT BRIGHT REPAIR&PROT 380ML","1","12","FOOD","BAD","PC","12.0000","CT","50876.0000","56000.0000","1211","NBODY LOTION","","","","","98927-04800-42"
"98928-04800-42","NBODY EXT BRIGHT REP &PRO SPF15 190ML","1","12","NON FOOD","GOOD","PC","24.0000","CT","24529.5000","27000.0000","1206","NIVEA SERUM","","","","","98928-04800-42"
"98928-04800-42_BD","NBODY EXT BRIGHT REP &PRO SPF 15 190ML","1","12","NON FOOD","BAD","PC","24.0000","CT","24529.5000","27000.0000","1201","NIVEA","","","","","98928-04800-42"
"98929-04800-42","NBODY EXT BRIGHT INST GLOW SPF15 190ML","1","12","NON FOOD","GOOD","PC","24.0000","CT","24529.5000","27000.0000","1206","NIVEA SERUM","","","","","98929-04800-42"
"98929-04800-42_BD","NBODY EXT BRIGHT INST GLOW SPF15 190ML","1","12","NON FOOD","BAD","PC","24.0000","CT","24530.0000","27000.0000","1201","NIVEA","","","","","98929-04800-42"
"98940-04800-41","NBO INTENS MOIST 380ML","1","12","NON FOOD","GOOD","PC","12.0000","CT","54510.0000","60000.0000","1211","NBODY LOTION","","","","","98940-04800-41"
"98940-04800-41_BD","NBO INTENS MOIST 380ML","1","12","NON FOOD","BAD","PC","12.0000","CT","54510.0000","60000.0000","1201","NIVEA","","","","","98940-04800-41"
"98941-04800-41","NBODY INTENS MOIST Body Lotion 190ml","1","12","NON FOOD","GOOD","PC","24.0000","CT","18354.4200","20203.0000","1206","NIVEA SERUM","","","","","98941-04800-41"
"98941-04800-41_BD","NBODY INTENS MOIST Body Lotion 190ml","1","12","NON FOOD","BAD","PC","24.0000","CT","18354.4200","20203.0000","1201","NIVEA","","","","","98941-04800-41"
"98952-04800-66","NMEN DCD ANTI-PERSPIRANT MALE 50ML","1","12","NON FOOD","GOOD","PC","24.0000","CT","16353.0000","18000.0000","1204","ROLL ON 50ML","","","","","98952-04800-66"
"98952-04800-66_BD","NMEN DCD ANTI-PERSPIRANT MALE 50ML","1","12","FOOD","BAD","PC","24.0000","CT","16353.0000","18000.0000","1204","ROLL ON 50ML","","","","","98952-04800-66"
"98953-04800-66","NDEO SDC DEFEND ANTI PERSPIRANT MALE 150ML","1","12","FOOD","GOOD","PC","12.0000","CT","42245.2500","46500.0000","1203","NIVEA MEN","","","","","98953-04800-66"
"98957-04888-01","NDEO Spray Black & White Epic Night Male 150ml","1","12","NON FOOD","GOOD","PC","12.0000","CT","39974.0000","44000.0000","1205","ROLL ON 150ML","","","","","98957-04888-01"
"98960-04800-69","NDEO Roll On Black & White Epic Night Male 50ml","1","12","NON FOOD","GOOD","PC","24.0000","CT","15717.0500","17300.0000","1204","ROLL ON 50ML","","","","","98960-04800-69"
"99190-07700-43","NIVEA C&E VITAMIN LOTION 300ML","1","12","NON FOOD","GOOD","PC","12.0000","CT","41332.2000","45495.0000","1211","NBODY LOTION","","","","","99190-07700-43"
"99193-04801-43","NBO SUPER C+VIT BODY SERUM 170ML","1","12","FOOD","GOOD","PC","24.0000","CT","53022.7800","58363.0000","1206","NIVEA SERUM","","","","","99193-04801-43"
"99196-04801-43","NBO C&AHA VITAMIN BODY SERUM 170ML","1","12","FOOD","GOOD","PC","24.0000","CT","26477.3200","29144.0000","1206","NIVEA SERUM","","","","","99196-04801-43"
"99196-04801-43_BD","NBO C&AHA VITAMIN BODY SERUM 170ML","1","12","FOOD","BAD","PC","24.0000","CT","26477.3200","29144.0000","1206","NIVEA SERUM","","","","","99196-04801-43"
"993044","VIVELLE SPA VEOCEL BENGKUANG (PACK 12)","1","M1","NON FOOD","GOOD","PC","144.0000","CT","6990.9900","8738.7300","8993","PT. EASTON KALERIS INDONESIA","","","","","993044"
"993044_BD","VIVELLE SPA VEOCEL BENGKUANG (PACK 12)","1","M1","NON FOOD","BAD","PC","144.0000","CT","6774.7700","8468.4600","8993","PT. EASTON KALERIS INDONESIA","","","","","993044"
"ABAL003","Alamami Bumbu Ayam Lengkuas 24PX40G","1","MFT","FOOD","GOOD","PC","24.0000","CT","6076.6200","6600.0000","UNI","UNITED FAMILY FOOD","UNI4","LEMONILO MT","","","ABAL003"
"ABAL003_BD","Alamami Bumbu Ayam Lengkuas 24PX40G","1","MFT","FOOD","BAD","PC","24.0000","CT","6076.6200","6600.0000","UNI","UNITED FAMILY FOOD","","","","","ABAL003"
"ABOA004","Alamami Bumbu Opor Ayam 24PX40G","1","MFT","FOOD","GOOD","PC","24.0000","CT","6204.3500","6738.7300","UNI","UNITED FAMILY FOOD","UNI4","LEMONILO MT","","","ABOA004"
"ABOA004_BD","Alamami Bumbu Opor Ayam 24PX40G","1","MFT","FOOD","BAD","PC","24.0000","CT","6204.3500","6738.7300","UNI","UNITED FAMILY FOOD","UNI4","LEMONILO MT","","","ABOA004"
"ACSR004_BD","ASSORTMENT COLA SPLIT RTG 20X36","1","MFT","FOOD","BAD","HG","20.0000","CT","2127.2700","2169.8200","SC","SPLIT CANDY","CMRT","RENTENG","A","","ACSR004"
"ACSR004_BN","ASSORTMEN COLA SPLIT RENCENG 20X36","1","MFT","FOOD","BONUS","HG","20.0000","CT","0.0000","0.0000","BN","BONUS","","","ABCDEFGH","","ACSR004"
"AJPC001_BD","ALOE JELLY 70 GR PEACH 6'S X 12 PACK","1","MFT","FOOD","BAD","PK","12.0000","CT","0.0000","0.0000","NU","PT. NIRAMAS UTAMA NIAGA","PC","PEACH","A","","AJPC001"
"ALBA002","Alamami Bumbu Ayam Goreng Kremes 24PX25G","1","MFT","FOOD","GOOD","PC","24.0000","CT","3222.4500","3500.0000","UNI","UNITED FAMILY FOOD","UNI4","LEMONILO MT","","","ALBA002"
"ALBA002_BD","Alamami Bumbu Ayam Goreng Kremes 24PX25G","1","MFT","FOOD","BAD","PC","24.0000","CT","3222.4500","3500.0000","UNI","UNITED FAMILY FOOD","","","","","ALBA002"
"ALBN001","Alamami Bumbu Nasi Goreng 24PX25G","1","MFT","FOOD","GOOD","PC","24.0000","CT","3222.4500","3500.0000","UNI","UNITED FAMILY FOOD","UNI4","LEMONILO MT","","","ALBN001"
"ALBN001_BD","Alamami Bumbu Nasi Goreng 24PX25G","1","MFT","FOOD","BAD","PC","24.0000","CT","3222.4500","3500.0000","UNI","UNITED FAMILY FOOD","UNI4","LEMONILO MT","","","ALBN001"
"ALBR005","Alamami Bumbu Masak Rendang 24PX40G","1","MFT","FOOD","GOOD","PC","24.0000","CT","7299.2400","7927.9200","UNI","UNITED FAMILY FOOD","UNI4","LEMONILO MT","","","ALBR005"
"ALBR005_BD","Alamami Bumbu Masak Rendang 24PX40G","1","MFT","FOOD","BAD","PC","24.0000","CT","7299.2400","7927.9200","UNI","UNITED FAMILY FOOD","UNI4","LEMONILO MT","","","ALBR005"
"ALMF002_BD","ALFAMART JELLY MIX FLOVOUR 16PCX24/CT","1","MFT","FOOD","BAD","PC","24.0000","CT","0.0000","0.0000","NU","PT. NIRAMAS UTAMA NIAGA","","","A","","ALMF002"
"APR05_BD","LOVE JUICE APPLE 300ML","1","MFT","FOOD","BAD","PC","24.0000","CT","3828.0000","4840.0000","HC","HYDRO COCO","","","ABCDEFGHI","APR05","APR05"
"APR06_BD","LOVE JUICE APPLE 1 LTR","1","MFT","FOOD","BAD","PC","12.0000","CT","13920.0000","16000.0000","HC","HYDRO COCO","","","ABCDEFGHI","APR06","APR06"
"APR07_BD","LOVE JUICE APPLE 2 LTR","1","MFT","FOOD","BAD","PC","6.0000","CT","25230.0000","29000.0000","HC","HYDRO COCO","","","ABCDEFGHI","APR07","APR07"
"ASCB003_BD","ASSORTMENT CANDY BAG 8X150PC","1","MFT","FOOD","BAD","BAG","8.0000","CT","7465.9100","7615.2300","ASS","ASSORTEMENT CANDY","ASS","ASSORTMENT","A","","ASCB003"
"ASCB003_BN","ASSORTMENT CANDY BAG 8X150PC","1","MFT","FOOD","BONUS","BAG","8.0000","CT","0.0000","0.0000","BN","BONUS","","","ABCDEFGH","","ASCB003"
"ASCJ002_BD","ASSORTMENT CANDY JAR 6X200PC","1","MFT","FOOD","BAD","JAR","6.0000","CT","10500.0000","10710.0000","ASS","ASSORTEMENT CANDY","ASS","ASSORTMENT","A","","ASCJ002"
"ASCR001_BD","ASSORTMENT CANDY RC 10X54PC","1","MFT","FOOD","BAD","HG","10.0000","CT","5436.3600","5909.0900","UNI","UNITED FAMILY FOOD","UNI","UNITED FAMILY FOOD","A","","ASCR001"
"ASCR001_BN","ASSORTMENT CANDY RC 10X54PC","1","MFT","FOOD","BONUS","HG","10.0000","CT","0.0000","0.0000","BN","BONUS","","","ABCDEFGH","","ASCR001"
"ASCR002","COLA ASSORTED RENCENG 20X30","1","MFT","FOOD","GOOD","PK","20.0000","CT","4396.0000","4775.0000","UNI","UNITED FAMILY FOOD","UNI1","UNIFAM BASE","ABCFG","4.010102.034","ASCR002"
"ASCR002_BD","COLA ASSORTED RENCENG 20X30","1","MFT","FOOD","BAD","PC","20.0000","CT","4271.7100","4639.6400","UNI","UNITED FAMILY FOOD","UNI","UNITED FAMILY FOOD","A","","ASCR002"
"ASCR002_BN","COLA ASSORTED RENCENG 20X30","1","MFT","FOOD","BONUS","PC","20.0000","CT","0.0000","0.0000","UNI","UNITED FAMILY FOOD","UNI","","ABCDEFGH","","ASCR002"
"BB100","LOLUNA HEAD TO TOE BABY WASH 100ML","1","M1","NON FOOD","GOOD","PC","24.0000","CT","15868.8000","17632.0000","32","PT KELUARGA KITA SEMUA","","","","HTTW100-1000","BB100"
"BB100_BD","LOLUNA HEAD TO TOE BABY WASH 100ML","1","M1","NON FOOD","BAD","PC","24.0000","CT","15868.8000","17632.0000","32","PT KELUARGA KITA SEMUA","","","","HTTW100-1000","BB100"
"BB300","LOLUNA HEAD TO TOE BABY WASH 300ML","1","M1","NON FOOD","GOOD","PC","24.0000","CT","35075.7000","38973.0000","32","PT KELUARGA KITA SEMUA","","","","HTTW300-1001","BB300"
"BB300_BD","LOLUNA HEAD TO TOE BABY WASH 300ML","1","M1","NON FOOD","BAD","PC","24.0000","CT","35075.7000","38973.0000","32","PT KELUARGA KITA SEMUA","","","","HTTW300-1001","BB300"
"BB450","LOLUNA HEAD TO TOE BABY WASH 450ML","1","M1","NON FOOD","GOOD","PC","20.0000","CT","42300.0000","47000.0000","32","PT KELUARGA KITA SEMUA","","","","HTTW450-1010","BB450"
"BC30","LOLUNA CERAPAIR BABY RASH CREAM 30ML","1","M1","NON FOOD","GOOD","PC","24.0000","CT","41699.7000","46333.0000","32","PT KELUARGA KITA SEMUA","","","","CBRB30-1006","BC30"
"BC30_BD","LOLUNA CERAPAIR BABY RASH CREAM 30ML","1","M1","FOOD","BAD","PC","24.0000","CT","41699.7000","46333.0000","32","PT KELUARGA KITA SEMUA","","","","CBRB30-1006","BC30"
"BC40","LOLUNA BABY CALMING CREAM 40ML","1","M1","NON FOOD","GOOD","PC","24.0000","CT","37500.3000","41667.0000","32","PT KELUARGA KITA SEMUA","","","","BCC40-1007","BC40"
"BC40_BD","LOLUNA BABY CALMING CREAM 40ML","1","M1","FOOD","BAD","PC","24.0000","CT","37500.3000","41667.0000","32","PT KELUARGA KITA SEMUA","","","","","BC40"
"BCL100","LOLUNA BABY COLOGNE 100ML","1","M1","NON FOOD","GOOD","PC","24.0000","CT","25128.0000","27920.0000","32","PT KELUARGA KITA SEMUA","","","","LBC100-1008","BCL100"
"BCL100_BD","LOLUNA BABY COLOGNE 100ML","1","M1","FOOD","BAD","PC","24.0000","CT","25128.0000","27920.0000","32","PT KELUARGA KITA SEMUA","","","","","BCL100"
"BDBC40","LOLUNA BABY DIAPER BARRIER CREAM 40GR","1","M1","FOOD","GOOD","PC","24.0000","CT","35700.3000","39667.0000","32","PT KELUARGA KITA SEMUA","","","","","BDBC40"
"BHL601020","LOLUNA BABY HAIR LOTION 60ML","1","M1","NON FOOD","GOOD","PC","24.0000","CT","14700.0000","16333.0000","32","PT KELUARGA KITA SEMUA","","","","BHL60-1020","BHL601020"
"BHL601020_BD","LOLUNA BABY HAIR LOTION 60ML","1","M1","FOOD","BAD","PC","24.0000","CT","14700.0000","16333.0000","32","PT KELUARGA KITA SEMUA","","","","","BHL601020"
"BL100","LOLUNA BABY HAIR LOTION 100ML","1","M1","NON FOOD","GOOD","PC","24.0000","CT","23157.0000","25730.0000","32","PT KELUARGA KITA SEMUA","","","","BHL100-1004","BL100"
"BL200","LOLUNA FACE & BODY BABY LOTION 200ML","1","M1","NON FOOD","GOOD","PC","24.0000","CT","53939.7000","59933.0000","32","PT KELUARGA KITA SEMUA","","","","FBL200-1005","BL200"
"BL80","LOLUNA FACE & BODY BABY LOTION 80ML","1","M1","NON FOOD","GOOD","PC","24.0000","CT","25540.2000","28378.0000","32","PT KELUARGA KITA SEMUA","","","","FBL80-1002","BL80"
"BL80_BD","LOLUNA FACE & BODY BABY LOTION 80ML","1","M1","FOOD","BAD","PC","24.0000","CT","25540.2000","28378.0000","32","PT KELUARGA KITA SEMUA","","","","FBL80-1002","BL80"
"BNFS","FRISIAN FLAG BONUS","1","MFT","FOOD","BONUS","SCH","120.0000","CT","0.0000","0.0000","B7","BINTANG TOEDJOE","","","ABCDEFGH","BNFS","BNFS"
"BNIDM","INDOMIE GORENG","1","MFT","FOOD","GOOD","PC","40.0000","CT","0.0000","0.0000","B7","BINTANG TOEDJOE","","","","","BNIDM"
"BNKNB","BONUS KANEBO","1","12","NON FOOD","BONUS","PC","1.0000","PC","0.0000","0.0000","","","","","","","BNKNB"
"BNMK","BONUS MANGKOK","1","12","FOOD","BONUS","PC","1.0000","PC","0.0000","0.0000","","","","","","","BNMK"
"BNSABUN","BONUS SABUN","1","12","NON FOOD","BONUS","PC","1.0000","PC","0.0000","0.0000","1201","NIVEA","","","","","BNSABUN"
"BNSNA","BONUS MINYAK SANIA 1L POUCH","1","M1","FOOD","BONUS","PC","12.0000","CT","0.0000","0.0000","","","","","","","BNSNA"
"BNTOLAKANGIN","BONUS TOLAK ANGIN","1","12","FOOD","BONUS","PC","1.0000","PC","0.0000","0.0000","1201","NIVEA","","","","","BNTOLAKANGIN"
"BO110","LOLUNA BABY TELON OIL 110ML","1","M1","NON FOOD","GOOD","PC","24.0000","CT","27567.9000","30631.0000","32","PT KELUARGA KITA SEMUA","","","","BTO110-1014","BO110"
"BO110_BD","LOLUNA BABY TELON OIL 110ML","1","M1","FOOD","BAD","PC","24.0000","CT","27567.9000","30631.0000","32","PT KELUARGA KITA SEMUA","","","","","BO110"
"BONUSMIE","BONUS INDOMIE","1","12","FOOD","BONUS","PC","40.0000","CT","0.0000","0.0000","","","","","","","BONUSMIE"
"BOXNATA","BN BOX NATA","1","MFT","NON FOOD","BONUS","PC","1.0000","PC","0.0000","0.0000","NU","PT. NIRAMAS UTAMA","","","","","BOXNATA"
"BS30","LOLUNA BABY FACE & BODY SUNSCREEN 30ML","1","M1","NON FOOD","GOOD","PC","24.0000","CT","32426.1000","36029.0000","32","PT KELUARGA KITA SEMUA","","","","","BS30"
"CALA001_BD","COLA ASSORTED LILLIPOP INDIVIDUAL 4X36LOKAL","1","MFT","FOOD","BAD","PK","4.0000","CT","10563.9500","12878.7800","UNI","UNITED FAMILY FOOD","UNI","UNITED FAMILY FOOD","A","","CALA001"
"CCBG001","COLA CANDY BAG 20 X 30 (+4 PCS FREE) LOKAL","1","MFT","FOOD","GOOD","BAG","20.0000","CT","3649.6500","3964.0000","UNI","UNITED FAMILY FOOD","UNI1","UNIFAM BASE","G","","CCBG001"
"CCBG001_BD","COLA CANDY BARU BAG 20X30PC","1","MFT","FOOD","BAD","BAG","20.0000","CT","3649.6500","3964.0000","UNI","UNITED FAMILY FOOD","UNI","UNITED FAMILY FOOD","A","","CCBG001"
"CCBG001_BN","COLA CANDY BARU BAG 20X30PC","1","MFT","FOOD","BONUS","BAG","20.0000","CT","0.0000","0.0000","BN","BONUS","","","ABCDEFGH","","CCBG001"
"CCBG002_BD","COLA ASSORTMENT CANDY 8X125PC","1","MFT","FOOD","BAD","PC","8.0000","CT","7145.8800","7761.3600","UNI","UNITED FAMILY FOOD","UNI","UNITED FAMILY FOOD","A","","CCBG002"
"CCBG003","COLA ASSORTED BAG 12X50 2.8G","1","MFT","FOOD","GOOD","BG","12.0000","CT","6843.0400","7432.4300","UNI","UNITED FAMILY FOOD","UNI1","UNIFAM BASE","ABCDEFGH","4.010402.051","CCBG003"
"CCBG003_BD","COLA ASSORTED BAG 12X50 2.8G","1","MFT","FOOD","BAD","BG","12.0000","CT","6843.0400","7432.4300","UNI","UNITED FAMILY FOOD","UNI","UNITED FAMILY FOOD","A","","CCBG003"
"CCBG003_BN","COLA ASSORTED BAG 12X50 2.8G","1","MFT","FOOD","BONUS","PC","12.0000","CT","0.0000","0.0000","UNI","UNITED FAMILY FOOD","UNI","","ABCDEFGH","","CCBG003"
"CCBG005","COLA LOLIPOP ASSORTED HG 4X36","1","MFT","FOOD","GOOD","PC","4.0000","CT","11299.5000","12272.7300","UNI","UNITED FAMILY FOOD","UNI1","UNIFAM BASE","ABCFG","","CCBG005"
"CCBG005_BD","COLA LOLIPOP ASSORTED HG 4X36","1","MFT","FOOD","BAD","PC","4.0000","CT","11299.5000","12272.7300","UNI","UNITED FAMILY FOOD","UNI","UNITED FAMILY FOOD","A","","CCBG005"
"CCBG005_BN","COLA LOLIPOP ASSORTED HG 4X36","1","MFT","FOOD","BONUS","PC","4.0000","CT","0.0000","0.0000","UNI","UNITED FAMILY FOOD","UNI","","ABCDEFGH","","CCBG005"
"CCBG006_BD","COLA CANDY LOLIPOP HGR 4X36","1","MFT","FOOD","BAD","PC","4.0000","CT","11299.5000","12272.7300","UNI","UNITED FAMILY FOOD","UNI","UNITED FAMILY FOOD","A","","CCBG006"
"CCBG006_BN","COLA CANDY LOLIPOP HGR 4X36","1","MFT","FOOD","BONUS","PC","4.0000","CT","0.0000","0.0000","UNI","UNITED FAMILY FOOD","UNI","","ABCDEFGHI","","CCBG006"
"CCBG007_BD","COLA ASS LOLLIPOP HGR 6X36","1","MFT","FOOD","BAD","HG","6.0000","CT","11717.9900","12727.2700","UNI","UNITED FAMILY FOOD","UNI","UNITED FAMILY FOOD","","","CCBG007"
"CCBG008","COLA CANDY ASSORTED BAG 20X40 LOKAL","1","MFT","FOOD","GOOD","BG","20.0000","CT","4977.0000","5405.0000","UNI","UNITED FAMILY FOOD","UNI1","UNIFAM BASE","","","CCBG008"
"CCBG008_BD","COLA CANDY ASSORTED BAG 20X40 LOKAL","1","MFT","FOOD","BAD","BG","20.0000","CT","4977.0000","5405.0000","UNI","UNITED FAMILY FOOD","UNI1","UNIFAM BASE","","","CCBG008"
"CCJR002_BD","COLA CANDY JAR 6X200PC","1","MFT","FOOD","BAD","PC","6.0000","CT","11185.3600","12272.7300","UNI","UNITED FAMILY FOOD","UNI","UNITED FAMILY FOOD","A","","CCJR002"
"CCJR002_BN","COLA CANDY JAR 6 X 200","1","MFT","FOOD","BONUS","JAR","6.0000","CT","0.0000","0.0000","BN","BONUS","","","ABCDEFGH","","CCJR002"
"CCLH001_BD","COLA LOLIPOP HGR 6X30PC","1","MFT","FOOD","BAD","PC","6.0000","CT","9757.5800","10606.0600","UNI","UNITED FAMILY FOOD","UNI","UNITED FAMILY FOOD","A","","CCLH001"
"CCLH001_BN","COLA LOLIPOP HGR 6X30PC","1","MFT","FOOD","BONUS","PC","6.0000","CT","0.0000","0.0000","UNI","UNITED FAMILY FOOD","UNI","","ABCDEFGH","","CCLH001"
"CCLH002","COLA LOLIPOP HGR 6X36PC","1","MFT","FOOD","GOOD","HG","6.0000","CT","12193.0000","13243.0000","UNI","UNITED FAMILY FOOD","UNI1","UNIFAM BASE","ABCDEFGHI","4.010102.042","CCLH002"
"CCLH002_BD","COLA LOLIPOP HGR 6X36PC","1","MFT","FOOD","BAD","HG","6.0000","CT","12027.1000","13063.0000","UNI","UNITED FAMILY FOOD","UNI","UNITED FAMILY FOOD","A","","CCLH002"
"CCLH002_BN","COLA LOLIPOP HGR 6X36PC","1","MFT","FOOD","BONUS","PK","6.0000","CT","0.0000","0.0000","UNI","UNITED FAMILY FOOD","UNI","","ABCDEFGH","","CCLH002"
"CCLH003","COLA ASS LOLIPOP HGR 6X36PC LOKAL","1","MFT","FOOD","GOOD","HG","6.0000","CT","12193.0000","13243.0000","UNI","UNITED FAMILY FOOD","UNI1","UNIFAM BASE","ABCDEFGH","4.010102.077","CCLH003"
"CCLH003_BD","COLA ASS LOLIPOP HGR 6X36PC LOKAL","1","MFT","FOOD","BAD","HG","6.0000","CT","12027.1000","13063.0000","UNI","UNITED FAMILY FOOD","","","","","CCLH003"
"CCRC001_BD","COLA CANDY RCG 10HGX54","1","MFT","FOOD","BAD","PC","10.0000","CT","5436.3800","5909.1100","UNI","UNITED FAMILY FOOD","UNI","UNITED FAMILY FOOD","A","","CCRC001"
"CCRC001_BN","COLA CANDY RENCENG 10 X 54 LOKAL","1","MFT","FOOD","BONUS","PC","10.0000","CT","0.0000","0.0000","UNI","UNITED FAMILY FOOD","UNI","","ABCDEFGH","","CCRC001"
"CCRG002","COLA CANDY RENCENG 20X30","1","MFT","FOOD","GOOD","PK","20.0000","CT","4396.0000","4775.0000","UNI","UNITED FAMILY FOOD","UNI1","UNIFAM BASE","ABCFG","4.010102.048","CCRG002"
"CCRG002_BD","COLA CANDY RENCENG 20HGX30PC","1","MFT","FOOD","BAD","PK","20.0000","CT","4271.7100","4639.6400","UNI","UNITED FAMILY FOOD","UNI","UNITED FAMILY FOOD","A","","CCRG002"
"CCRG002_BN","COLA CANDY RENCENG 20X30","1","MFT","FOOD","BONUS","PC","20.0000","CT","0.0000","0.0000","UNI","UNITED FAMILY FOOD","UNI","","ABCDEFGH","","CCRG002"
"DFLS001_BD","DE FANTY LOLLYPOP STRAW HG 4X36","1","MFT","NON FOOD","BAD","PC","4.0000","CT","11290.9100","12272.7300","UNI","UNITED FAMILY FOOD","UNI","UNITED FAMILY FOOD","A","","DFLS001"
"DFLS001_BN","DE FANTY LOLLYPOP STRAW HG 4X36","1","MFT","FOOD","BONUS","PC","4.0000","CT","0.0000","0.0000","UNI","UNITED FAMILY FOOD","UNI","","ABCDEFGHI","","DFLS001"
"DFLS002","DE FANTY LOLLIPOP STRAW HGR 6X36 LOKAL","1","MFT","FOOD","GOOD","PK","6.0000","CT","12193.0000","13243.0000","UNI","UNITED FAMILY FOOD","UNI1","UNIFAM BASE","ABCDEFGH","4.010102.049","DFLS002"
"DFLS002_BD","DE FANTY LOLLIPOP STRAW HGR 6X36 LOKAL","1","MFT","FOOD","BAD","PK","6.0000","CT","12193.0000","13243.0000","UNI","UNITED FAMILY FOOD","UNI","UNITED FAMILY FOOD","ABCDEFGHI","","DFLS002"
"ECA23","ENTRASOL CAN PLAIN 180ML 30/CT","1","MFT","FOOD","GOOD","PC","30.0000","CT","7505.0000","8050.0000","HC","HYDRO COCO","ENTRASOL","ENTRASOL","","","ECA23"
"ECA23_BD","ENTRASOL CAN PLAIN 180ML 30/CT","1","MFT","FOOD","BAD","PC","30.0000","CT","7505.0000","8050.0000","HC","HYDRO COCO","ENTRASOL","ENTRASOL","","","ECA23"
"ECA23_BN","ENTRASOL CAN PLAIN 180ML 30/CT","1","MFT","FOOD","BONUS","PC","30.0000","CT","0.0000","0.0000","HC","HYDRO COCO","ENTRASOL","ENTRASOL","","","ECA23"
"FAME001_BD","FAME PANTYLINER 50S","1","M1","NON FOOD","BAD","PC","36.0000","CT","8090.9000","9090.9100","ZI","PT.ZENZEI INDONESIA","","","ABCDEFGH","","FAME001"
"FBL401019","LOLUNA FACE & BODY BABY LOTION 40ML","1","M1","NON FOOD","GOOD","PC","24.0000","CT","13338.0000","14820.0000","32","PT KELUARGA KITA SEMUA","","","","FBL40-1019","FBL401019"
"FBL401019_BD","LOLUNA FACE & BODY BABY LOTION 40ML","1","M1","FOOD","BAD","PC","24.0000","CT","13338.0000","14820.0000","32","PT KELUARGA KITA SEMUA","","","","","FBL401019"
"FCLM001_BD","FRESHWAY CANDY MINT LEMON MINT 120/CT","1","MFT","FOOD","BAD","PC","120.0000","CT","9032.7300","9818.1800","UNI","UNITED FAMILY FOOD","UNI","UNITED FAMILY FOOD","A","","FCLM001"
"FCOM001_BD","FRESHWAY CANDY MINT OCEAN BLUE MINT&HONEY 120/CT","1","MFT","FOOD","BAD","PC","120.0000","CT","9032.7300","9818.1800","UNI","UNITED FAMILY FOOD","UNI","UNITED FAMILY FOOD","A","","FCOM001"
"FG0001","FREE GOOD MIE INSTAN","1","28","FOOD","BONUS","PC","1.0000","PC","0.0000","0.0000","FG","FREE GOODS","FG","FREE GOODS","ABCDEFGHI","","FG0001"
"FG0003","FG CDM LICKABLES","1","28","FOOD","BONUS","PC","108.0000","CT","0.0000","0.0000","2801","CADBURY","2801","CADBURY","ABCDEFGHI","","FG0003"
"FG003","HALLS XS WM 24X12X25S ID","1","28","FOOD","BONUS","PC","288.0000","CT","0.0000","0.0000","2805","CANDY","2805","CANDY","ABCDEFGHI","","FG003"
"FHLC001_BD","FRESHWAY HONEY LEMON CANDY BAG 20X30","1","MFT","FOOD","BAD","BG","20.0000","CT","7894.5200","8581.0000","UNI","UNITED FAMILY FOOD","UNI","UNITED FAMILY FOOD","","4.130402.011","FHLC001"
"FIGC001_BD","FRESHWAY ICE GINGER CANDY BAG 20X30","1","MFT","FOOD","BAD","BG","20.0000","CT","7894.5200","8581.0000","UNI","UNITED FAMILY FOOD","UNI","UNITED FAMILY FOOD","","","FIGC001"
"FOBC001_BD","FRESHWAY OCEAN BLUE CANDY BAG 20X30","1","MFT","FOOD","BAD","BG","20.0000","CT","7894.5200","8581.0000","UNI","UNITED FAMILY FOOD","UNI","UNITED FAMILY FOOD","","","FOBC001"
"GBKA002","GORME Bumbu Pelezat Rasa Kaldu Ayam 24x40G","1","MFT","FOOD","GOOD","PC","24.0000","CT","3866.9400","4200.0000","UNI","UNITED FAMILY FOOD","UNI4","LEMONILO MT","","","GBKA002"
"GBKA002_BD","GORME Bumbu Pelezat Rasa Kaldu Ayam 24x40G","1","MFT","FOOD","BAD","PC","24.0000","CT","3866.9400","4200.0000","UNI","UNITED FAMILY FOOD","","","","","GBKA002"
"GBKJ003","GORME Bumbu Pelezat Rasa Kaldu Jamur 24x40G","1","MFT","FOOD","GOOD","PC","24.0000","CT","3866.9400","4200.0000","UNI","UNITED FAMILY FOOD","UNI4","LEMONILO MT","","","GBKJ003"
"GBKJ003_BD","GORME Bumbu Pelezat Rasa Kaldu Jamur 24x40G","1","MFT","FOOD","BAD","PC","24.0000","CT","3866.9400","4200.0000","UNI","UNITED FAMILY FOOD","","","","","GBKJ003"
"GBKS001","GORME Bumbu Pelezat Rasa Kaldu Sapi 24x40G","1","MFT","FOOD","GOOD","PC","24.0000","CT","3866.9400","4200.0000","UNI","UNITED FAMILY FOOD","UNI4","LEMONILO MT","","","GBKS001"
"GBKS001_BD","GORME Bumbu Pelezat Rasa Kaldu Sapi 24x40G","1","MFT","FOOD","BAD","PC","24.0000","CT","3866.9400","4200.0000","UNI","UNITED FAMILY FOOD","","","","","GBKS001"
"GMCS001","GUMMY CANDY SACHET MIX FLAVOR 9G 1BX 12PC","1","MFT","FOOD","GOOD","PC","48.0000","CT","667.5000","750.0000","NU","PT. NIRAMAS UTAMA NIAGA","NU07","GUMMY/BUBBLEBOI","ABCDEFGHI","1000244","GMCS001"
"GMCS001_BD","GUMMY CANDY SACHET MIX FLAVOR 9GX48","1","MFT","FOOD","BAD","PC","48.0000","CT","667.5000","750.0000","NU","PT. NIRAMAS UTAMA NIAGA","","","ABCDEFGHI","1000244","GMCS001"
"GMCS002","GUMMY CANDY SCH MIX FLAV 4BX12PC15GR","1","MFT","FOOD","GOOD","PC","48.0000","CT","1424.0000","1600.0000","NU","PT. NIRAMAS UTAMA NIAGA","NU07","GUMMY/BUBBLEBOI","","1000306","GMCS002"
"GMCS002_BD","GUMMY CANDY SCH MIX FLAV 4BX12PC15GR","1","MFT","FOOD","BAD","PC","48.0000","CT","1424.0000","1600.0000","NU","PT. NIRAMAS UTAMA","","","","1000306","GMCS002"
"GMMX001","GUMMY FROZEN MIX MIX FLAVOR 120GX12","1","MFT","FOOD","GOOD","BG","12.0000","CT","7120.0000","8000.0000","NU","PT. NIRAMAS UTAMA NIAGA","NU07","GUMMY/BUBBLEBOI","ABCDEFGHJI","1000273","GMMX001"
"GMMX001_BD","GUMMY FROZEN MIX MIX FLAVOR 120GX12","1","MFT","FOOD","BAD","PC","12.0000","CT","7120.0000","8000.0000","NU","PT. NIRAMAS UTAMA NIAGA","","","","1000273","GMMX001"
"GT-40401012_BD","LEMONILO GT MIE PEDAS KOREA 20X85GR LOKAL","1","MFT","FOOD","BAD","PC","20.0000","CT","4734.2400","5315.3100","UNI","UNITED FAMILY FOOD","UNI","UNITED FAMILY FOOD","","","GT-40401012"
"GT-40401027_BD","LEMONILO GT MIE GORENG 20X80GR LOKAL","1","MFT","FOOD","BAD","PC","20.0000","CT","3770.2600","4054.0500","UNI","UNITED FAMILY FOOD","UNI","UNITED FAMILY FOOD","","","GT-40401027"
"GT-40401028_BD","LEMONILO GT MIE BAWANG 20X70GR LOKAL","1","MFT","FOOD","BAD","PC","20.0000","CT","4893.8100","5315.3100","UNI","UNITED FAMILY FOOD","UNI","UNITED FAMILY FOOD","","","GT-40401028"
"GT-40401029_BD","LEMONILO GT MIE KARI AYAM 20X73GR LOKAL","1","MFT","FOOD","BAD","PC","20.0000","CT","3770.2600","4054.0500","UNI","UNITED FAMILY FOOD","UNI","UNITED FAMILY FOOD","","","GT-40401029"
"GT-40401030_BD","LEMONILO GT MIE RENDANG 20X77GT LOKAL","1","MFT","FOOD","BAD","PC","20.0000","CT","4943.2400","5315.3100","UNI","UNITED FAMILY FOOD","UNI","UNITED FAMILY FOOD","","","GT-40401030"
"GT-40401031_BD","LEMONILO GT MIE KUAH SOTO KARE 20X60GR LOKAL","1","MFT","FOOD","BAD","PC","20.0000","CT","4371.0000","4700.0000","UNI","UNITED FAMILY FOOD","","","","","GT-40401031"
"GT-40401034_BD","LEMONILO GT MIE GORENG 20X65GR LOKAL (NB)","1","MFT","FOOD","BAD","PC","20.0000","CT","3770.2600","4054.0500","UNI","UNITED FAMILY FOOD","","","","","GT-40401034"
"GT-40402055_BD","LEMONILO MIE SOTO KOYA 20X60G GT LOKAL","1","MFT","FOOD","BAD","PC","20.0000","CT","4893.8100","5315.3100","UNI","UNITED FAMILY FOOD","UNI4","LEMONILO MT","","","GT-40402055"
"GT-GBKA002_BD","GT Gorme Bumbu Pelezat Rasa Kaldu Ayam 24x40G","1","MFT","FOOD","BAD","PC","24.0000","CT","3770.2700","4054.0500","UNI","UNITED FAMILY FOOD","","","","","GT-GBKA002"
"GT-GBKS001_BD","GT Gorme Bumbu Pelezat Rasa Kaldu Sapi 24x40G","1","MFT","FOOD","BAD","PC","24.0000","CT","3770.2700","4054.0500","UNI","UNITED FAMILY FOOD","UNI4","LEMONILO MT","","","GT-GBKS001"
"GUR06_BD","LOVE JUICE GUAVA 2 LTR","1","MFT","FOOD","BAD","PC","6.0000","CT","25230.0000","29000.0000","HC","HYDRO COCO","","","ABCDEFGHI","GUR06","GUR06"
"GUR07_BD","LOVE JUICE GUAVA 1 LTR","1","MFT","FOOD","BAD","PC","12.0000","CT","13920.0000","16000.0000","HC","HYDRO COCO","","","ABCDEFGHI","GUR07","GUR07"
"GUR08_BD","LOVE JUICE GUAVA 300ML","1","MFT","FOOD","BAD","PC","24.0000","CT","3828.0000","4840.0000","HC","HYDRO COCO","","","ABCDEFGHI","GUR08","GUR08"
"GUR08_BN","LOVE JUICE GUAVA 300ML","1","MFT","FOOD","BONUS","PC","24.0000","CT","0.0000","0.0000","HC","HYDRO COCO","","","ABCDEFGHI","","GUR08"
"HCC01","HYDRO COCO LATTE 220ML","1","MFT","FOOD","GOOD","KL","24.0000","CT","9705.0000","11006.0000","HC","HYDRO COCO","","","","","HCC01"
"HCC01_BD","HYDRO COCO LATTE 220ML","1","MFT","FOOD","BAD","PC","24.0000","CT","9705.0000","11006.0000","HC","HYDRO COCO","","","","","HCC01"
"HCL02_BD","HI C 1000 ORANGE 140ML 36PC","1","MFT","FOOD","BAD","PC","36.0000","CT","3636.5000","3894.8300","HC","HYDRO COCO","","","","","HCL02"
"HCL03_BD","HI C 1000 LEMON 6X140ML SHRINK","1","MFT","FOOD","BAD","PC","6.0000","CT","21819.0000","23369.0000","HC","HYDRO COCO","","","","","HCL03"
"HCL04_BD","HI C 1000 ORANGE 6X140ML SHRINK","1","MFT","FOOD","BAD","PC","6.0000","CT","21819.0000","23369.0000","HC","HYDRO COCO","","","","","HCL04"
"HCL05_BD","HI C 1000 LEMON 140ML 36PC","1","MFT","FOOD","BAD","PC","36.0000","CT","3636.5000","3894.8300","HC","HYDRO COCO","","","ABCDEFGHI","","HCL05"
"HCN01_BD","HYDRO COCO BITS","1","MFT","FOOD","BAD","PC","24.0000","CT","5265.4500","6120.0000","HC","HYDRO COCO","","","ABCDEFGHI","HCN01","HCN01"
"HCO01","HYDROCOCO ORI 250","1","MFT","FOOD","GOOD","PC","24.0000","CT","5142.0000","5850.0000","HC","HYDRO COCO","","","ABCDEFGHI","HCO01","HCO01"
"HCO01_BD","HYDROCOCO ORI 250","1","MFT","FOOD","BAD","PC","24.0000","CT","5142.0000","5850.0000","HC","HYDRO COCO","","","ABCDEFGHI","HCO01","HCO01"
"HCO01_BN","HYDROCOCO ORI 250","1","MFT","FOOD","BONUS","PC","24.0000","CT","0.0000","0.0000","HC","HYDRO COCO","","","","HCO01","HCO01"
"HCO02","HYDRO COCO ORG SHRINK 6","1","MFT","FOOD","GOOD","BG","4.0000","CT","30851.0000","35000.0000","HC","HYDRO COCO","","","ABCDEFGHI","HCO02","HCO02"
"HCO02_BD","HYDRO COCO ORG SHRINK 6","1","MFT","FOOD","BAD","BG","4.0000","CT","30851.0000","35000.0000","HC","HYDRO COCO","","","ABCDEFGHI","HCO02","HCO02"
"HCO03","HYDROCOCO ORG 500ML","1","MFT","FOOD","GOOD","PC","12.0000","CT","9803.0000","11150.0000","HC","HYDRO COCO","","","ABCDEFGHI","HCO03","HCO03"
"HCO03_BD","HYDROCOCO ORG 500ML","1","MFT","FOOD","BAD","PC","12.0000","CT","9803.0000","11150.0000","HC","HYDRO COCO","","","ABCDEFGHI","","HCO03"
"HCO04","HYDROCOCO ORG 1LITER","1","MFT","FOOD","GOOD","PC","12.0000","CT","16139.0000","18350.0000","HC","HYDRO COCO","","","ABCDEFGHI","HCO04","HCO04"
"HCO04_BD","HYDROCOCO ORG 1LITER","1","MFT","FOOD","BAD","PC","12.0000","CT","16139.0000","18350.0000","HC","HYDRO COCO","","","ABCDEFGHI","HCO04","HCO04"
"HCO05","HYDROCOCO ORG 330ML","1","MFT","FOOD","GOOD","PC","12.0000","CT","6569.0000","7500.0000","HC","HYDRO COCO","","","ABCDEFGHI","HCO05","HCO05"
"HCO05_BD","HYDROCOCO ORG 330ML","1","MFT","FOOD","BAD","PC","12.0000","CT","6569.0000","7500.0000","HC","HYDRO COCO","","","ABCDEFGHI","HCO05","HCO05"
"HCV01","HYDRO COCO VITA-D 330ML","1","MFT","FOOD","GOOD","PC","12.0000","CT","7476.0000","8500.0000","HC","HYDRO COCO","","","ABCDEFGHJI","","HCV01"
"HCV01_BD","HYDRO COCO VITA-D 330ML","1","MFT","FOOD","BAD","PC","12.0000","CT","7476.0000","8500.0000","HC","HYDRO COCO","","","","","HCV01"
"HSLM01_BD","UNIFAM HS LEMON SPY 6X12X50ML","1","MFT","FOOD","BAD","PC","72.0000","CT","6835.5000","7500.0000","UNI","UNITED FAMILY FOOD","UNI","UNITED FAMILY FOOD","ABCDEFGHI","","HSLM01"
"HSLM01_BN","UNIFAM HS LEMON SPY 6X12X50ML","1","MFT","FOOD","BONUS","PC","72.0000","CT","0.0000","0.0000","UNI","UNITED FAMILY FOOD","UNI","UNITED FAMILY FOOD","ABCDEFGHI","","HSLM01"
"HSLV01_BD","UNIFAM HS LAVENDER SPY 6X12X50ML","1","MFT","FOOD","BAD","PC","72.0000","CT","6835.5000","7500.0000","UNI","UNITED FAMILY FOOD","UNI","UNITED FAMILY FOOD","ABCDEFGHI","","HSLV01"
"HSLV01_BN","UNIFAM HS LAVENDER SPY 6X12X50ML","1","MFT","FOOD","BONUS","PC","72.0000","CT","0.0000","0.0000","UNI","UNITED FAMILY FOOD","UNI","UNITED FAMILY FOOD","ABCDEFGHI","","HSLV01"
"HSPM01_BD","UNIFAM HS PEPPERMINT SPY 6X12X50ML","1","MFT","FOOD","BAD","PC","72.0000","CT","6835.5000","7500.0000","UNI","UNITED FAMILY FOOD","UNI","UNITED FAMILY FOOD","ABCDEFGHI","","HSPM01"
"HSPM01_BN","UNIFAM HS PEPPERMINT SPY 6X12X50ML","1","MFT","FOOD","BONUS","PC","72.0000","CT","0.0000","0.0000","UNI","UNITED FAMILY FOOD","UNI","UNITED FAMILY FOOD","ABCDEFGHI","","HSPM01"
"ICCL004","IM COCO LYCHEE 350ML 24/CT","1","MFT","FOOD","GOOD","PC","24.0000","CT","4770.4000","5360.0000","NU","PT. NIRAMAS UTAMA NIAGA","NU01","IM COCO","BDEFGH","1000055","ICCL004"
"ICCL004_BD","IM COCO LYCHEE 350ML 24/CT","1","MFT","FOOD","BAD","PC","24.0000","CT","4770.4000","5360.0000","NU","PT. NIRAMAS UTAMA NIAGA","","","A","1000055","ICCL004"
"ICCM002","IM COCO MANGO 350ML 24/CT","1","MFT","FOOD","GOOD","PC","24.0000","CT","4770.4000","5360.0000","NU","PT. NIRAMAS UTAMA NIAGA","NU01","IM COCO","BDEFGH","1000058","ICCM002"
"ICCM002_BD","I'M COCO MANGO 350ML 24/CT","1","MFT","FOOD","BAD","PC","24.0000","CT","4770.4000","5360.0000","NU","PT. NIRAMAS UTAMA NIAGA","","","A","1000058","ICCM002"
"ICCM003","IM COCO COCOMELON 350ML 24/CT","1","MFT","FOOD","GOOD","PC","24.0000","CT","4770.4000","5360.0000","NU","PT. NIRAMAS UTAMA NIAGA","NU01","IM COCO","","1000057","ICCM003"
"ICCM003_BD","IM COCO COCOMELON 350ML 24/CT","1","MFT","FOOD","BAD","PC","24.0000","CT","4770.4000","5360.0000","NU","PT. NIRAMAS UTAMA NIAGA","","","","1000057","ICCM003"
"ICCS003","IM COCO STRAWBERRY 350ML 24/CT","1","MFT","FOOD","GOOD","PC","24.0000","CT","4770.4000","5360.0000","NU","PT. NIRAMAS UTAMA NIAGA","NU01","IM COCO","BDEFGH","1000056","ICCS003"
"ICCS003_BD","IM COCO STRAWBERRY 350ML 24/CT","1","MFT","FOOD","BAD","PC","24.0000","CT","4770.4000","5360.0000","NU","PT. NIRAMAS UTAMA NIAGA","","","A","1000056","ICCS003"
"ICCW001","IM COCO COCONUT WATER 350ML 24/CT","1","MFT","FOOD","GOOD","PC","24.0000","CT","4770.4000","5360.0000","NU","PT. NIRAMAS UTAMA NIAGA","NU01","IM COCO","BDEFGH","1000057","ICCW001"
"ICCW001_BD","IM COCO COCONUT WATER 350ML 24/CT","1","MFT","FOOD","BAD","PC","24.0000","CT","4770.4000","5360.0000","NU","PT. NIRAMAS UTAMA NIAGA","","","A","1000057","ICCW001"
"ICCY005","IM COCO YOGHURT 250ML 12/CT","1","MFT","FOOD","GOOD","PC","12.0000","CT","4770.4000","5360.0000","NU","PT. NIRAMAS UTAMA NIAGA","NU01","IM COCO","","1000260","ICCY005"
"ICCY005_BD","IM COCO YOGHURT 250ML 12/CT","1","MFT","FOOD","BAD","PC","12.0000","CT","4770.4000","5360.0000","NU","PT. NIRAMAS UTAMA","","","","1000260","ICCY005"
"INAM006_BD","INACO SP ALOVERA PEACH 280 GR MAKRO 3X8 BD","1","MFT","FOOD","BAD","BD","8.0000","CT","0.0000","0.0000","NU","PT. NIRAMAS UTAMA NIAGA","AM","ALOEVERA PEACH MAKRO","A","","INAM006"
"INAP003","INACO ALOEVERA SP PEACH 280 GR X 24 PK","1","MFT","FOOD","GOOD","PK","24.0000","CT","4810.0000","5405.0000","NU","PT. NIRAMAS UTAMA","NU06","NTD SP/KOLANG KALING","FGH","1000010","INAP003"
"INAP003_BD","INACO ALOEVERA SP PEACH 280 GR X 24 PK","1","MFT","FOOD","BAD","PK","24.0000","CT","4361.0000","4900.0000","NU","PT. NIRAMAS UTAMA NIAGA","AP","ALOEVERA PEACH","A","1000010","INAP003"
"INAP003_BN","INACO ALOEVERA SP PEACH 280 GR X 24 PK","1","MFT","FOOD","BONUS","PK","24.0000","CT","0.0000","0.0000","NU","PT. NIRAMAS UTAMA NIAGA","","","ABCDEFGH","","INAP003"
"INAP004_BD","NACO ALOEVERA CUP 200 GR X 12 CUP","1","MFT","FOOD","BAD","CP","12.0000","CT","0.0000","0.0000","NU","PT. NIRAMAS UTAMA NIAGA","AP","ALOEVERA PEACH","A","","INAP004"
"INAP005","INACO ALOE CUP  200 GR X 24 CUP","1","MFT","FOOD","GOOD","CP","24.0000","CT","3088.3000","3470.0000","NU","PT. NIRAMAS UTAMA NIAGA","NU02","NATACUP/ALOE","BDEFGH","1000017","INAP005"
"INAP005_BD","INACO ALOEVERA CUP PEACH 200 GR X 24 CUP","1","MFT","FOOD","BAD","CP","24.0000","CT","3088.3000","3470.0000","NU","PT. NIRAMAS UTAMA NIAGA","AP","ALOEVERA PEACH","A","1000017","INAP005"
"INAP006_BD","INACO ALOE JELLY STRAW 48CUP/CT","1","MFT","FOOD","BAD","PC","48.0000","CT","2392.4400","2743.0000","NU","PT. NIRAMAS UTAMA NIAGA","","","A","","INAP006"
"INAP007_BD","ALOE JELLY PEACH 90GRX48","1","MFT","FOOD","BAD","PC","48.0000","CT","2392.4400","2743.0000","NU","PT. NIRAMAS UTAMA NIAGA","","","A","","INAP007"
"INAP007_BN","ALOE JELLY PEACH 90GRX48","1","MFT","FOOD","BONUS","PC","48.0000","CT","0.0000","0.0000","NU","PT. NIRAMAS UTAMA NIAGA","","","ABCDEFGH","","INAP007"
"INAP008","INACO ALOE CUP LYCHEE 200GRX24PC","1","MFT","FOOD","GOOD","PC","24.0000","CT","3088.3000","3470.0000","NU","PT. NIRAMAS UTAMA NIAGA","NU02","NATACUP/ALOE","","1000283","INAP008"
"INAP008_BD","INACO ALOE CUP LYCHEE 200GRX24PC","1","MFT","FOOD","BAD","PC","24.0000","CT","3088.3000","3470.0000","NU","PT. NIRAMAS UTAMA","NU02","NATACUP/ALOE","","","INAP008"
"INAP010","SP ALOEVERA BANANA 280GR 24/CT","1","MFT","FOOD","GOOD","PC","24.0000","CT","4810.0000","5405.0000","NU","PT. NIRAMAS UTAMA NIAGA","NU06","NTD SP/KOLANG KALING","DEFGH","1000011","INAP010"
"INAP010_BD","SP ALOEVERA BANANA 280GR 24/CT","1","MFT","FOOD","BAD","PC","24.0000","CT","4810.0000","5405.0000","NU","PT. NIRAMAS UTAMA NIAGA","","","A","1000011","INAP010"
"INAP010_BN","SP ALOEVERA BANANA 280GR 24/CT","1","MFT","FOOD","BONUS","PC","24.0000","CT","0.0000","0.0000","NU","PT. NIRAMAS UTAMA NIAGA","","","ABCDEFGH","","INAP010"
"INAP011_BD","ALOE JELLY STRAW 90GR BANDED","1","MFT","NON FOOD","BAD","PC","16.0000","CT","8224.8500","9430.0000","NU","PT. NIRAMAS UTAMA NIAGA","","","A","","INAP011"
"INAP012","ALOE CUP BANANA 200 GR X 24 CUP","1","MFT","FOOD","GOOD","PC","24.0000","CT","3088.3000","3470.0000","NU","PT. NIRAMAS UTAMA NIAGA","NU02","NATACUP/ALOE","DEFGH","1000018","INAP012"
"INAP012_BD","ALOE CUP BANANA   200 GR X 24 CUP","1","MFT","FOOD","BAD","PC","24.0000","CT","3088.3000","3470.0000","NU","PT. NIRAMAS UTAMA NIAGA","","","A","1000018","INAP012"
"INAP012_BN","ALOE CUP BANANA 200 GR X 24 CUP","1","MFT","FOOD","BONUS","PC","24.0000","CT","0.0000","0.0000","NU","PT. NIRAMAS UTAMA NIAGA","","","ABCDEFGH","","INAP012"
"INAP013_BD","ALOE JELLY PEACH 90GR BANDED","1","MFT","FOOD","BAD","PC","16.0000","CT","8224.8500","9430.0000","NU","PT. NIRAMAS UTAMA NIAGA","","","A","","INAP013"
"INAP014","ALOEVERA SP LYCHEE 280GRX24","1","MFT","FOOD","GOOD","PC","24.0000","CT","4810.0000","5405.0000","NU","PT. NIRAMAS UTAMA NIAGA","NU06","NTD SP/KOLANG KALING","","1000282","INAP014"
"INAP014_BD","ALOEVERA SP LYCHEE 280GRX24","1","MFT","FOOD","BAD","PC","24.0000","CT","4810.0000","5405.0000","NU","PT. NIRAMAS UTAMA","","","","1000282","INAP014"
"INAP015","ALOE CUP LYCHEE 200 GR X 24 CUP","1","MFT","FOOD","GOOD","PC","24.0000","CT","3088.3000","3470.0000","NU","PT. NIRAMAS UTAMA","","","","","INAP015"
"INAP015_BD","ALOE CUP LYCHEE 200 GR X 24 CUP","1","MFT","FOOD","BAD","PC","24.0000","CT","3088.3000","3470.0000","NU","PT. NIRAMAS UTAMA","","","","","INAP015"
"INBB001","NDC INACO BUBBLE BOI SACHET 12X10X20G","1","MFT","FOOD","GOOD","PC","120.0000","CT","323.9600","364.0000","NU","PT. NIRAMAS UTAMA NIAGA","NU07","GUMMY/BUBBLEBOI","GH","1000219","INBB001"
"INBB001_BD","NDC INACO BUBBLE BOI SACHET 12X10X20G","1","MFT","FOOD","BAD","PC","120.0000","CT","323.9600","364.0000","NU","PT. NIRAMAS UTAMA NIAGA","","","A","1000219","INBB001"
"INBB002","INACO BUBBLE BOI ANGGUR SCH 12X10X20G","1","MFT","FOOD","GOOD","PC","120.0000","CT","323.9600","364.0000","NU","PT. NIRAMAS UTAMA NIAGA","NU07","GUMMY/BUBBLEBOI","GH","1000228","INBB002"
"INBB002_BD","INACO BUBBLE BOI ANGGUR SCH 12X10X20G","1","MFT","FOOD","BAD","PC","120.0000","CT","323.9600","364.0000","NU","PT. NIRAMAS UTAMA NIAGA","","","A","1000228","INBB002"
"INBB003","NATADECOCO BUBBLEBOI LYCHEE 20GX120","1","MFT","FOOD","GOOD","PC","120.0000","CT","323.9600","364.0000","NU","PT. NIRAMAS UTAMA NIAGA","NU07","GUMMY/BUBBLEBOI","GH","1000229","INBB003"
"INBB003_BD","NATADECOCO BUBBLEBOI LYCHEE 20GX120","1","MFT","FOOD","BAD","PC","120.0000","CT","323.9600","364.0000","NU","PT. NIRAMAS UTAMA NIAGA","","","ABCDEFGHI","1000229","INBB003"
"INBB004","NATADECOCO BUBBLEBOI YAGHURT 30G 8X10SCH","1","MFT","FOOD","GOOD","PC","80.0000","CT","642.1100","705.0000","NU","PT. NIRAMAS UTAMA NIAGA","NU07","GUMMY/BUBBLEBOI","ABCDEFGH","1000252","INBB004"
"INBB004_BD","NATADECOCO BUBBLEBOI YAGHURT 30G 8X10SCH","1","MFT","FOOD","BAD","PC","80.0000","CT","648.6000","705.0000","NU","PT. NIRAMAS UTAMA NIAGA","","","ABCDEFGHI","1000252","INBB004"
"INBB005","NATADECOCO BUBBLEBOI LYCHEE 30GX80","1","MFT","FOOD","GOOD","PC","80.0000","CT","642.1100","705.0000","NU","PT. NIRAMAS UTAMA NIAGA","NU07","GUMMY/BUBBLEBOI","ABCDEFGHI","1000257","INBB005"
"INBB005_BD","NATADECOCO BUBBLEBOI LYCHEE 30GX80","1","MFT","FOOD","BAD","PC","80.0000","CT","648.6000","705.0000","NU","PT. NIRAMAS UTAMA NIAGA","","","ABCDEFGHI","1000257","INBB005"
"INBB006","NATADECOCO BUBBLEBOI GRAPE 30GX80","1","MFT","FOOD","GOOD","PC","80.0000","CT","648.6000","705.0000","NU","PT. NIRAMAS UTAMA NIAGA","NU07","GUMMY/BUBBLEBOI","ABCDEFGHI","1000258","INBB006"
"INBB006_BD","NATADECOCO BUBBLEBOI GRAPE 30GX80","1","MFT","FOOD","BAD","PC","80.0000","CT","648.6000","705.0000","NU","PT. NIRAMAS UTAMA NIAGA","","","ABCDEFGHI","1000258","INBB006"
"INBB007","NATADECOCO BUBBLEBOI BUBBLEGUM 30GX80","1","MFT","FOOD","GOOD","PC","80.0000","CT","642.1100","705.0000","NU","PT. NIRAMAS UTAMA NIAGA","NU07","GUMMY/BUBBLEBOI","ABCDEFGHI","1000259","INBB007"
"INBB007_BD","NATADECOCO BUBBLEBOI BUBBLEGUM 30GX80","1","MFT","FOOD","BAD","PC","80.0000","CT","648.6000","705.0000","NU","PT. NIRAMAS UTAMA NIAGA","","","ABCDEFGHI","1000259","INBB007"
"INBB008","NATADECOCO BUBBLEBOI BLACKCURRANT 30X80","1","MFT","FOOD","GOOD","PC","80.0000","CT","648.6000","705.0000","NU","PT. NIRAMAS UTAMA NIAGA","NU07","GUMMY/BUBBLEBOI","ABCDEFGHJI","1000277","INBB008"
"INBB008_BD","NATADECOCO BUBBLEBOI BLACKCURRANT 30X80","1","MFT","FOOD","BAD","PC","80.0000","CT","648.6000","705.0000","NU","PT. NIRAMAS UTAMA NIAGA","","","","1000277","INBB008"
"INDC026_BD","INACO COCO DRINK COCOPANDAN 200MLX24CUP","1","MFT","FOOD","BAD","CP","24.0000","CT","0.0000","0.0000","NU","PT. NIRAMAS UTAMA NIAGA","DC","COCO DRINK COCOPANDAN","A","","INDC026"
"INDF027_BD","INACO COCO DRINK FRAMBOZEN 200MLX24CUP","1","MFT","FOOD","BAD","CP","24.0000","CT","0.0000","0.0000","NU","PT. NIRAMAS UTAMA NIAGA","DF","COCO DRINK FRAMBOZEN","A","","INDF027"
"INDG027_BD","INACO COCO DRINK GUAVA 200MLX24","1","MFT","FOOD","BAD","PC","24.0000","CT","0.0000","0.0000","NU","PT. NIRAMAS UTAMA NIAGA","DC","COCO DRINK COCOPANDAN","A","","INDG027"
"INDL028_BD","INACO COCO DRINK LYCHEE 200MLX24CUP","1","MFT","FOOD","BAD","CP","24.0000","CT","0.0000","0.0000","NU","PT. NIRAMAS UTAMA NIAGA","DL","COCO DRINK LYCHEE","A","","INDL028"
"INDO029_BD","INACO COCO DRINK ORANGE 200MLX24CUP","1","MFT","FOOD","BAD","CP","24.0000","CT","0.0000","0.0000","NU","PT. NIRAMAS UTAMA NIAGA","DO","COCO DRINK ORANGE","A","","INDO029"
"INDR030_BD","INACO COCO DRINK RASPBERRY 200MLX24CUP","1","MFT","FOOD","BAD","CP","24.0000","CT","0.0000","0.0000","NU","PT. NIRAMAS UTAMA NIAGA","DR","COCO DRINK RASPBERRY","A","","INDR030"
"INHM001","PUDDING HOKKAIDO MELON 120GRX48/CT","1","MFT","FOOD","GOOD","PC","48.0000","CT","3729.1000","4190.0000","NU","PT. NIRAMAS UTAMA","NU08","PUDDING","","1000352","INHM001"
"INHM001_BD","PUDDING HOKKAIDO MELON 120GRX48/CT","1","MFT","FOOD","BAD","PC","48.0000","CT","3729.1000","4190.0000","NU","PT. NIRAMAS UTAMA","NU08","PUDDING","","1000352","INHM001"
"INJG001","MN JELLY GUM 5CUPX16 BAG","1","MFT","FOOD","GOOD","PC","16.0000","CT","3178.4600","3525.0000","NU","PT. NIRAMAS UTAMA NIAGA","NU03","MINI JELLY/KONNYAKU/MN PUDDING","","1000270","INJG001"
"INJG001_BD","MN JELLY GUM 5CUPX16 BAG","1","MFT","FOOD","BAD","PC","16.0000","CT","3210.5700","3525.0000","NU","PT. NIRAMAS UTAMA NIAGA","","","","1000270","INJG001"
"INKP023_BD","INACO MN.JELLY 16 GR KIPAS 15CUPX24PK","1","MFT","FOOD","BAD","PK","24.0000","CT","0.0000","0.0000","NU","PT. NIRAMAS UTAMA NIAGA","MJ","MINI JELLY","A","","INKP023"
"INMJ001","INACO MN JELLY MIX FLAVOR 1KGX2","1","MFT","FOOD","GOOD","CT","1.0000","CT","46164.3000","51870.0000","NU","PT. NIRAMAS UTAMA NIAGA","NU04","MINI JELLY 10KG","GH","1000224","INMJ001"
"INMJ001_BD","INACO MN JELLY MIX FLAVOR 1KGX2","1","MFT","FOOD","BAD","CT","1.0000","CT","42275.0000","47500.0000","NU","PT. NIRAMAS UTAMA NIAGA","","","gh","1000224","INMJ001"
"INMJ007_BD","NACO MN.JELLY 16 GR 15'S MAKRO 4X6BD","1","MFT","FOOD","BAD","BD","6.0000","CT","0.0000","0.0000","NU","PT. NIRAMAS UTAMA NIAGA","MJ","MINI JELLY","A","","INMJ007"
"INMJ008","INACO MN.JELLY 16 GR 15 CUP X 24 PK","1","MFT","FOOD","GOOD","PK","24.0000","CT","5166.0000","6310.0000","NU","PT. NIRAMAS UTAMA NIAGA","NU03","MINI JELLY/KONNYAKU/MN PUDDING","ABCDEFGH","1000042","INMJ008"
"INMJ008_BD","INACO MN.JELLY 16 GR 15 CUP X 24 PK","1","MFT","FOOD","BAD","PK","24.0000","CT","5166.0000","5805.0000","NU","PT. NIRAMAS UTAMA NIAGA","MJ","MINI JELLY","A","1000042","INMJ008"
"INMJ009","INACO MN.JELLY 16 GR 25 CUP X 12 PK","1","MFT","FOOD","GOOD","PK","12.0000","CT","9184.8000","10320.0000","NU","PT. NIRAMAS UTAMA NIAGA","NU03","MINI JELLY/KONNYAKU/MN PUDDING","ABCDEFGH","1000043","INMJ009"
"INMJ009_BD","INACO MN.JELLY 16 GR 25 CUP X 12 PK","1","MFT","FOOD","BAD","PK","12.0000","CT","8500.0000","9550.0000","NU","PT. NIRAMAS UTAMA NIAGA","MJ","MINI JELLY","A","1000043","INMJ009"
"INMJ010_BD","MNJELLY 16GR KURMA 1X10KG/CT","1","MFT","FOOD","BAD","PC","1.0000","CT","172521.0000","197800.0000","NU","PT. NIRAMAS UTAMA NIAGA","MJ","MINI JELLY","A","","INMJ010"
"INMJ011","INACO MN.JELLY 16 GR 50 CUP X 8 TOPLES","1","MFT","FOOD","GOOD","TP","8.0000","CT","20734.8100","23773.0000","NU","PT. NIRAMAS UTAMA NIAGA","NU03","MINI JELLY/KONNYAKU/MN PUDDING","FGH","1000046","INMJ011"
"INMJ011_BD","INACO MN.JELLY 16 GR 50 CUP X 8 TOPLES","1","MFT","FOOD","BAD","TP","8.0000","CT","20734.8100","23773.0000","NU","PT. NIRAMAS UTAMA NIAGA","MJ","MINI JELLY","A","1000046","INMJ011"
"INMJ012","INACO MN.JELLY 16 GR 5CUP X 72 PK","1","MFT","FOOD","GOOD","PK","72.0000","CT","1904.6000","2140.0000","NU","PT. NIRAMAS UTAMA NIAGA","NU03","MINI JELLY/KONNYAKU/MN PUDDING","ABCDEFGH","1000041","INMJ012"
"INMJ012_BD","INACO MN.JELLY 16 GR 5CUP X 72 PK","1","MFT","FOOD","BAD","PK","72.0000","CT","1744.0000","1960.0000","NU","PT. NIRAMAS UTAMA NIAGA","MJ","MINI JELLY","A","1000041","INMJ012"
"INMJ013_BD","INACO MN.JELLY 16 GR RENCENG 5CUPX72PK","1","MFT","FOOD","BAD","PK","72.0000","CT","0.0000","0.0000","NU","PT. NIRAMAS UTAMA NIAGA","MJ","MINI JELLY","A","","INMJ013"
"INMJ014","INACO MN.JELLY GRAPE 1X10KG","1","MFT","FOOD","GOOD","CT","1.0000","CT","219296.0000","246400.0000","NU","PT. NIRAMAS UTAMA NIAGA","NU04","MINI JELLY 10KG","FGH","1000030","INMJ014"
"INMJ014_BD","INACO MN.JELLY GRAPE 1X10KG","1","MFT","FOOD","BAD","CT","1.0000","CT","200784.0000","225600.0000","NU","PT. NIRAMAS UTAMA NIAGA","MJ","MINI JELLY","A","1000030","INMJ014"
"INMJ015","INACO MN.JELLY LYCHEE 1X10KG","1","MFT","FOOD","GOOD","CT","1.0000","CT","219296.0000","246400.0000","NU","PT. NIRAMAS UTAMA NIAGA","NU04","MINI JELLY 10KG","FGH","1000026","INMJ015"
"INMJ015_BD","INACO MN.JELLY LYCHEE 1X10KG","1","MFT","FOOD","BAD","CT","1.0000","CT","200784.0000","225600.0000","NU","PT. NIRAMAS UTAMA NIAGA","MJ","MINI JELLY","A","1000026","INMJ015"
"INMJ016","INACO MN.JELLY MANGO 1X10KG","1","MFT","FOOD","GOOD","CT","1.0000","CT","219296.0000","246400.0000","NU","PT. NIRAMAS UTAMA NIAGA","NU04","MINI JELLY 10KG","FGH","1000029","INMJ016"
"INMJ016_BD","INACO MN.JELLY MANGO 1X10KG","1","MFT","FOOD","BAD","CT","1.0000","CT","200784.0000","225600.0000","NU","PT. NIRAMAS UTAMA NIAGA","MJ","MINI JELLY","A","1000029","INMJ016"
"INMJ017","INACO MN.JELLY MIX ASSORTED 16GR 40CUP X 12PK","1","MFT","FOOD","GOOD","PK","12.0000","CT","19262.2700","22730.0000","NU","PT. NIRAMAS UTAMA NIAGA","NU03","MINI JELLY/KONNYAKU/MN PUDDING","FGH","1000264","INMJ017"
"INMJ017_BD","INACO MN.JELLY MIX 16GR 40CUP X 12PK","1","MFT","FOOD","BAD","PK","12.0000","CT","19262.2700","21643.0000","NU","PT. NIRAMAS UTAMA NIAGA","MJ","MINI JELLY","A","1000264","INMJ017"
"INMJ017_BN","INACO MN.JELLY MIX 16GR 40CUP X 12PK","1","MFT","FOOD","BONUS","PK","12.0000","CT","0.0000","0.0000","NU","PT. NIRAMAS UTAMA NIAGA","","","ABCDEFGH","","INMJ017"
"INMJ018","INACO MN.JELLY ORANGE 1X10KG","1","MFT","FOOD","GOOD","CT","1.0000","CT","219296.0000","246400.0000","NU","PT. NIRAMAS UTAMA NIAGA","NU04","MINI JELLY 10KG","FGH","1000027","INMJ018"
"INMJ018_BD","INACO MN.JELLY ORANGE 1X10KG","1","MFT","FOOD","BAD","CT","1.0000","CT","200784.0000","225600.0000","NU","PT. NIRAMAS UTAMA NIAGA","MJ","MINI JELLY","A","1000027","INMJ018"
"INMJ019","INACO MN.JELLY STRAWBERRY 1X10KG","1","MFT","FOOD","GOOD","CT","1.0000","CT","219296.0000","246400.0000","NU","PT. NIRAMAS UTAMA NIAGA","NU04","MINI JELLY 10KG","FGH","1000028","INMJ019"
"INMJ019_BD","INACO MN.JELLY STRAWBERRY 1X10KG","1","MFT","FOOD","BAD","CT","1.0000","CT","200784.0000","225600.0000","NU","PT. NIRAMAS UTAMA NIAGA","MJ","MINI JELLY","A","1000028","INMJ019"
"INMJ020","INACO MN JELLY MIX 1x10kg","1","MFT","FOOD","GOOD","CT","1.0000","CT","219296.0000","246400.0000","NU","PT. NIRAMAS UTAMA NIAGA","NU04","MINI JELLY 10KG","FGH","1000031","INMJ020"
"INMJ020_BD","INACO MN JELLY MIX 1x10kg","1","MFT","FOOD","BAD","PC","1.0000","CT","200784.0000","225600.0000","NU","PT. NIRAMAS UTAMA NIAGA","","","A","1000031","INMJ020"
"INMJ021","MINI JELY 16gr 1KGX12 BAG","1","MFT","FOOD","GOOD","PC","12.0000","CT","0.0000","0.0000","NU","PT. NIRAMAS UTAMA NIAGA","NU03","MINI JELLY/KONNYAKU/MN PUDDING","ABCDEFGHI","","INMJ021"
"INMJ021_BN","MINI JELY 16gr 1KGX12 BAG","1","MFT","FOOD","BONUS","PC","12.0000","CT","0.0000","0.0000","NU","PT. NIRAMAS UTAMA NIAGA","","","ABCDEFGH","","INMJ021"
"INMJ022","MNJELLY 16GR PINEAPPLE 1X10KG/CT","1","MFT","FOOD","GOOD","PC","1.0000","CT","219296.0000","246400.0000","NU","PT. NIRAMAS UTAMA NIAGA","NU04","MINI JELLY 10KG","FGH","1000032","INMJ022"
"INMJ022_BD","MNJELLY 16GR PINEAPPLE 1X10KG/CT","1","MFT","FOOD","BAD","PC","1.0000","PC","200784.0000","225600.0000","NU","PT. NIRAMAS UTAMA NIAGA","","","","1000032","INMJ022"
"INMJ023","MINIJELLY 50S 15GR 50CUP X 6 BIG","1","MFT","FOOD","GOOD","PC","6.0000","CT","22851.0000","27480.0000","NU","PT. NIRAMAS UTAMA NIAGA","NU03","MINI JELLY/KONNYAKU/MN PUDDING","GH","1000234","INMJ023"
"INMJ023_BD","MINIJELLY 50S 15GR 50CUP X 6 BIG","1","MFT","FOOD","BAD","PC","6.0000","CT","22851.0000","25675.0000","NU","PT. NIRAMAS UTAMA NIAGA","","","ABCDEFGHI","1000234","INMJ023"
"INMJ024","MN JELLY 50S 15G 50CUPX6BIG LIM ED","1","MFT","FOOD","GOOD","PC","6.0000","CT","22851.0000","25675.0000","NU","PT. NIRAMAS UTAMA NIAGA","NU03","MINI JELLY/KONNYAKU/MN PUDDING","","1000321","INMJ024"
"INMJ025","MINIJELLY 15g SURPRISE PACK x60","1","MFT","FOOD","GOOD","PC","60.0000","CT","1202.3900","1441.0000","NU","PT. NIRAMAS UTAMA","NU03","MINI JELLY/KONNYAKU/MN PUDDING","","1000359","INMJ025"
"INMJ025_BD","MINI JELLY SURPRISE PACK X JUMBO","1","MFT","FOOD","BAD","PC","60.0000","CT","1202.3900","1351.0000","NU","PT. NIRAMAS UTAMA","NU03","MINI JELLY/KONNYAKU/MN PUDDING","","","INMJ025"
"INMP020_BD","INACO MN.PUDING MANGO 16GR 15CUPX24PK","1","MFT","FOOD","BAD","PK","24.0000","CT","0.0000","0.0000","NU","PT. NIRAMAS UTAMA NIAGA","MP","MINI PUDING","A","","INMP020"
"INMP021","MINI PUDING MANGO LUNCH BOX","1","MFT","FOOD","GOOD","PC","24.0000","CT","9773.9800","10982.0000","NU","PT. NIRAMAS UTAMA NIAGA","NU03","MINI JELLY/KONNYAKU/MN PUDDING","FGH","1000047","INMP021"
"INMP021_BD","iNACO MN.PUDING MANGO 16GR lunch box","1","MFT","FOOD","BAD","PC","24.0000","CT","9773.9800","10982.0000","NU","PT. NIRAMAS UTAMA NIAGA","MP","MINI PUDING","A","1000047","INMP021"
"INMP022","INACO PUDDING ANEKA RASA 25SX12Pk","1","MFT","FOOD","GOOD","BX","12.0000","CT","11194.4200","12578.0000","NU","PT. NIRAMAS UTAMA NIAGA","NU03","MINI JELLY/KONNYAKU/MN PUDDING","FGH","1000048","INMP022"
"INMP022_BD","INACO PUDDING ANEKA RASA 25SX12Pk","1","MFT","FOOD","BAD","BX","12.0000","CT","11194.4200","12578.0000","NU","PT. NIRAMAS UTAMA NIAGA","MP","MINI PUDING","A","1000048","INMP022"
"INMP023","PUDING ANK RASA PROTOLAN 1X10KG","1","MFT","FOOD","GOOD","PC","1.0000","PC","219296.0000","246400.0000","NU","PT. NIRAMAS UTAMA NIAGA","NU08","PUDDING","ABCDEFGHI","1000033","INMP023"
"INMP023_BD","PUDING ANK RASA PROTOLAN 1X10KG","1","MFT","FOOD","BAD","PC","1.0000","PC","200784.0000","225600.0000","NU","PT. NIRAMAS UTAMA NIAGA","","","","1000033","INMP023"
"INMP026","MINI PUDDING MIX FLAVOR 15G 10CUPX30","1","MFT","FOOD","GOOD","PC","30.0000","CT","3854.8100","4375.0000","NU","PT. NIRAMAS UTAMA NIAGA","NU03","MINI JELLY/KONNYAKU/MN PUDDING","ABCDEFGHJI","1000271","INMP026"
"INMP026_BD","MINI PUDDING MIX FLAVOR 15G 10CUPX30","1","MFT","FOOD","BAD","PC","30.0000","CT","3893.7500","4375.0000","NU","PT. NIRAMAS UTAMA NIAGA","","","","1000271","INMP026"
"INMP027","MINI PUDDING 3CUPX60","1","MFT","FOOD","GOOD","PC","60.0000","CT","1282.4900","1441.0000","NU","PT. NIRAMAS UTAMA NIAGA","NU03","MINI JELLY/KONNYAKU/MN PUDDING","","1000288","INMP027"
"INMP027_BD","MINI PUDDING 3CUPX60","1","MFT","FOOD","BAD","PC","60.0000","CT","1230.4900","1351.0000","NU","PT. NIRAMAS UTAMA NIAGA","","","","1000288","INMP027"
"INMY022_BD","INACO MN.YOGJELL 15GR 10'S MAKRO 3X12 BD","1","MFT","FOOD","BAD","PK","12.0000","CT","0.0000","0.0000","NU","PT. NIRAMAS UTAMA NIAGA","MY","MINI YOGJELL","A","","INMY022"
"INMY025_BD","NACO MN.YOGJELL 15 GR 10PCX36PK","1","MFT","FOOD","BAD","PK","36.0000","CT","0.0000","0.0000","NU","PT. NIRAMAS UTAMA NIAGA","MY","MINI YOGJELL","A","","INMY025"
"INNP024_BD","INACO MN.JELLY NEAPOLITAN BUBBLE 25 CUPSX12BOX","1","MFT","FOOD","BAD","BX","12.0000","CT","0.0000","0.0000","NU","PT. NIRAMAS UTAMA NIAGA","NP","NEAPOLITAN BUBBLE","A","","INNP024"
"INPM002","PUDING MANGO INACO 120 48/CT","1","MFT","FOOD","GOOD","PC","48.0000","CT","2754.5500","3095.0000","NU","PT. NIRAMAS UTAMA NIAGA","NU08","PUDDING","DEFGH","1000053","INPM002"
"INPM002_BD","PUDING MANGO INACO 120 48/CT","1","MFT","FOOD","BAD","PC","48.0000","CT","2754.5500","3095.0000","NU","PT. NIRAMAS UTAMA NIAGA","","","A","1000053","INPM002"
"INPM003","PUDING MARKISA INACO 120GR 48/CT","1","MFT","FOOD","GOOD","PC","48.0000","CT","2754.5500","3095.0000","NU","PT. NIRAMAS UTAMA NIAGA","NU08","PUDDING","DEFGH","1000054","INPM003"
"INPM003_BD","PUDING MARKISA INACO 120GR 48/CT","1","MFT","FOOD","BAD","PC","48.0000","CT","2754.5500","3095.0000","NU","PT. NIRAMAS UTAMA NIAGA","","","A","1000054","INPM003"
"INPN001","PUDDING NUSANTARA 120GR 3SX16PACK","1","MFT","FOOD","GOOD","PC","16.0000","CT","8014.4500","9005.0000","NU","PT. NIRAMAS UTAMA NIAGA","NU08","PUDDING","","1000278","INPN001"
"INPN001_BD","PUDDING NUSANTARA 120GR 3SX16PACK","1","MFT","FOOD","BAD","PC","16.0000","CT","7694.0000","8645.0000","NU","PT. NIRAMAS UTAMA NIAGA","","","","1000278","INPN001"
"JNCB003","JAGOAN NEON CANDY BAG 12X50 2.8G","1","MFT","FOOD","GOOD","BG","12.0000","CT","6843.0400","7432.4300","UNI","UNITED FAMILY FOOD","UNI1","UNIFAM BASE","ABCDEFGH","4.030402.033","JNCB003"
"JNCB003_BD","JAGOAN NEON CANDY BAG 12X50 2.8G","1","MFT","FOOD","BAD","BG","12.0000","CT","6843.0400","7432.4300","UNI","UNITED FAMILY FOOD","UNI","UNITED FAMILY FOOD","A","","JNCB003"
"JNCB003_BN","JAGOAN NEON CANDY BAG 12X50 2.8G","1","MFT","FOOD","BONUS","PC","12.0000","CT","0.0000","0.0000","BN","BONUS","","","ABCDEFGH","","JNCB003"
"JNCB004","JN CANDY BAG 20X40 LOKAL","1","MFT","FOOD","GOOD","PK","20.0000","CT","4976.7500","5405.0000","UNI","UNITED FAMILY FOOD","","","","","JNCB004"
"JNCB004_BD","JN CANDY BAG 20X40 LOKAL","1","MFT","FOOD","BAD","PK","20.0000","CT","4852.3300","5270.2700","UNI","UNITED FAMILY FOOD","UNI1","UNIFAM BASE","","","JNCB004"
"JNCJ003_BD","JAGOAN NEON CANDY JAR 6 X 200","1","MFT","FOOD","BAD","JAR","6.0000","CT","10500.0000","10710.0000","JN","JAGOAN NEON","CN","CANDY","A","","JNCJ003"
"JNCJ004_BD","JN CANDY JAR 6X125PC","1","MFT","FOOD","BAD","PC","6.0000","CT","8031.4800","11227.0000","UNI","UNITED FAMILY FOOD","UNI","UNITED FAMILY FOOD","A","","JNCJ004"
"JNLB004_BD","JAGOAN NEON LOLIPOP BAG 20X50pc","1","MFT","FOOD","BAD","BAG","20.0000","CT","7192.7300","7818.1800","JN","JAGOAN NEON","LL","LOLIPOP","A","","JNLB004"
"JNLB004_BN","JAGOAN NEON LOLIPOP BAG 20X50pc","1","MFT","FOOD","BONUS","BAG","20.0000","CT","0.0000","0.0000","BN","BONUS","","","ABCDEFGH","","JNLB004"
"JNLB005_BD","JN LOLLY HANGER  10GR 6X30HG","1","MFT","FOOD","BAD","PC","6.0000","CT","9757.5700","10606.0500","UNI","UNITED FAMILY FOOD","UNI","UNITED FAMILY FOOD","A","","JNLB005"
"JNLB005_BN","JN LOLLY HANGER  10GR 6X30HG","1","MFT","FOOD","BONUS","PC","6.0000","CT","0.0000","0.0000","BN","BONUS","","","ABCDEFGH","","JNLB005"
"JNLB006","JN LOLIPOP MANGO STRAWBERRY REFILL 6 X 50 LOKAL","1","MFT","FOOD","GOOD","BG","6.0000","CT","15759.7200","17117.1100","UNI","UNITED FAMILY FOOD","UNI1","UNIFAM BASE","ABCDEFGHI","4.030402.038","JNLB006"
"JNLB006_BD","JN LOLIPOP REFIL 6X50PC","1","MFT","FOOD","BAD","BG","6.0000","CT","17087.2700","18559.0000","UNI","UNITED FAMILY FOOD","UNI","UNITED FAMILY FOOD","A","","JNLB006"
"JNLB006_BN","JN LOLIPOP REFIL 6X50PC","1","MFT","FOOD","BONUS","PC","6.0000","CT","0.0000","0.0000","BN","BONUS","","","ABCDEFGH","","JNLB006"
"JNLB007_BD","JN NEON LOLLY 6X30 INDIVIDUAL","1","MFT","FOOD","BAD","PC","6.0000","CT","9256.1200","10061.0000","UNI","UNITED FAMILY FOOD","UNI","UNITED FAMILY FOOD","A","","JNLB007"
"JNLB007_BN","JN LOLLIPOP MANGO STRAWBERRY INDIVIDUAL 6 X 30 LOK","1","MFT","FOOD","BONUS","PC","6.0000","CT","0.0000","0.0000","UNI","UNITED FAMILY FOOD","UNI","","ABCDEFGH","","JNLB007"
"JNLB008_BD","JN LOLIPOP  BAG REFIL 40X25PC","1","MFT","FOOD","BAD","PC","40.0000","CT","3596.3500","3909.0800","UNI","UNITED FAMILY FOOD","UNI","UNITED FAMILY FOOD","A","","JNLB008"
"JNLB009_BD","JN CANDY RENCENG 10X60 LOKAL","1","MFT","FOOD","BAD","PC","10.0000","CT","6021.8100","6545.4500","UNI","UNITED FAMILY FOOD","UNI","UNITED FAMILY FOOD","","","JNLB009"
"JNLB010","JN Lollipop Gr St Mg Bag Refill 6x50 Lokal","1","MFT","FOOD","GOOD","BG","6.0000","CT","15926.0000","17297.0000","UNI","UNITED FAMILY FOOD","UNI1","UNIFAM BASE","","4.030402.051","JNLB010"
"JNLJ002_BD","JN LOLLIPOP JAR 6X50","1","MFT","FOOD","BAD","PC","6.0000","CT","17439.7200","18956.2200","UNI","UNITED FAMILY FOOD","UNI","UNITED FAMILY FOOD","A","","JNLJ002"
"JNLJ002_BN","JN LOLLIPOP JAR 6X50","1","MFT","FOOD","BONUS","PC","6.0000","CT","0.0000","0.0000","BN","BONUS","","","ABCDEFGH","","JNLJ002"
"JNLR005","JAGOAN NEON RENCENG 20X30","1","MFT","FOOD","GOOD","HG","20.0000","CT","4396.0000","4775.0000","UNI","UNITED FAMILY FOOD","UNI1","UNIFAM BASE","ABCFG","4.030102.027","JNLR005"
"JNLR005_BD","JAGOAN NEON RENCENG 20X30","1","MFT","NON FOOD","BAD","HG","20.0000","CT","4268.4700","4639.6400","JN","JAGOAN NEON","JN","JAGOAN NEON","A","","JNLR005"
"JNLR005_BN","JAGOAN NEON RENCENG 20X30","1","MFT","FOOD","BONUS","HG","20.0000","CT","0.0000","0.0000","BN","BONUS","","","ABCDEFGH","","JNLR005"
"JNLR006_BD","JAGOAN NEON CANDY RENCENG 10X54","1","MFT","FOOD","BAD","HG","10.0000","CT","5436.3800","5909.1100","UNI","UNITED FAMILY FOOD","UNI","UNITED FAMILY FOOD","A","","JNLR006"
"JNLR006_BN","JAGOAN NEON CANDY RENCENG 10X54","1","MFT","FOOD","BONUS","HG","10.0000","CT","0.0000","0.0000","BN","BONUS","","","ABCDEFGH","","JNLR006"
"JNLT007_BD","JAGOAN NEON TOPLES 6X100X8G","1","MFT","FOOD","BAD","TP","6.0000","CT","15403.0300","16742.4200","UNI","UNITED FAMILY FOOD","UNI","UNITED FAMILY FOOD","A","","JNLT007"
"JNLT007_BN","JN LOLIPOP TOPLES 6X100X4GR","1","MFT","FOOD","BONUS","TP","6.0000","CT","0.0000","0.0000","BN","BONUS","","","ABCDEFGH","","JNLT007"
"JNMS001_BD","JN LOLI MANGO STRAW RCG 6X36","1","MFT","FOOD","BAD","PK","6.0000","CT","12027.1000","13063.0000","UNI","UNITED FAMILY FOOD","UNI","UNITED FAMILY FOOD","A","","JNMS001"
"JNMS001_BN","JN LOLI MANGO STRAW RCG 6X36","1","MFT","FOOD","BONUS","PK","6.0000","CT","0.0000","0.0000","UNI","UNITED FAMILY FOOD","UNI","","ABCDEFGH","","JNMS001"
"JNMS002_BD","JN LOLI MANGO STRAW HGR 4X36","1","MFT","FOOD","BAD","PC","4.0000","CT","11299.5000","12272.7300","UNI","UNITED FAMILY FOOD","UNI","UNITED FAMILY FOOD","A","","JNMS002"
"JNMS002_BN","JN LOLI MANGO STRAW HGR 4X36","1","MFT","FOOD","BONUS","PC","4.0000","CT","0.0000","0.0000","UNI","UNITED FAMILY FOOD","UNI","","ABCDEFGH","","JNMS002"
"JNMS003_BN","JN LOLLIPOP MANGO STRAW 4X36 INDIVIDUAL","1","MFT","FOOD","BONUS","PC","4.0000","CT","10563.9000","12878.7800","UNI","UNITED FAMILY FOOD","UNI","","ABCDEFGH","","JNMS003"
"JNMS004","JN LOLLI Gr St Mg HGR 6X36 Lokal (NEW)","1","MFT","FOOD","GOOD","PK","6.0000","CT","12193.0000","13243.0000","UNI","UNITED FAMILY FOOD","","","","4.030102.049","JNMS004"
"JNMS004_BD","JN LOLLI Gr St Mg HGR 6X36 Lokal (NEW)","1","MFT","FOOD","BAD","PK","6.0000","CT","12027.1000","13063.0000","UNI","UNITED FAMILY FOOD","","","","4.030102.049","JNMS004"
"JNMS004_BN","JN LOLLI Gr St Mg HGR 6X36 Lokal (NEW)","1","MFT","FOOD","BONUS","PK","6.0000","CT","0.0000","0.0000","UNI","UNITED FAMILY FOOD","","","","","JNMS004"
"KKBC001_BD","KOLANG KALING SP BLACKCURRANT","1","MFT","FOOD","BAD","PC","24.0000","CT","6857.0000","7792.0000","NU","PT. NIRAMAS UTAMA NIAGA","","","A","","KKBC001"
"KKFB001","KOLANG KALING SP FRAMB 360GR","1","MFT","FOOD","GOOD","PC","24.0000","CT","6587.7800","7402.0000","NU","PT. NIRAMAS UTAMA NIAGA","NU06","NTD SP/KOLANG KALING","FGH","1000005","KKFB001"
"KKFB001_BD","KOLANG KALING SP FRAMB 360GR","1","MFT","FOOD","BAD","PC","24.0000","CT","6587.7800","7402.0000","NU","PT. NIRAMAS UTAMA NIAGA","","","A","1000005","KKFB001"
"KKIC001","KIKO ICE STICK 15X10","1","MFT","FOOD","GOOD","BG","15.0000","CT","6220.9200","6757.0000","UNI","UNITED FAMILY FOOD","UNI2","KIKO","ABCDEFGH","4.080401.001","KKIC001"
"KKIC001_BD","KIKO ICE STICK 15X10","1","MFT","FOOD","BAD","PC","15.0000","CT","6220.9200","6757.0000","UNI","UNITED FAMILY FOOD","UNI2","KIKO","A","","KKIC001"
"KKIC001_BN","KIKO ICE STICK 15X10","1","MFT","FOOD","BONUS","BG","15.0000","CT","0.0000","0.0000","UNI","UNITED FAMILY FOOD","UNI2","KIKO","ABCDEFGH","","KKIC001"
"KKIC002_BD","KIKO JUMBO10X10X90ML","1","MFT","FOOD","BAD","PK","10.0000","CT","5219.8300","6363.6300","UNI","UNITED FAMILY FOOD","UNI","UNITED FAMILY FOOD","A","","KKIC002"
"KKIC002_BN","KIKO JUMBO10X10X90ML","1","MFT","FOOD","BONUS","PK","10.0000","CT","0.0000","0.0000","BN","BONUS","","","ABCDEFGH","","KKIC002"
"KKIC003_BD","KIKO TROPICAL 12X10 70ML","1","MFT","FOOD","BAD","BG","12.0000","CT","6342.8500","6959.4600","UNI","UNITED FAMILY FOOD","UNI","UNITED FAMILY FOOD","A","","KKIC003"
"KKIC003_BN","KIKO TROPICAL 12X10 70ML","1","MFT","FOOD","BONUS","PC","12.0000","CT","0.0000","0.0000","UNI","UNITED FAMILY FOOD","UNI","UNITED FAMILY FOOD","ABCDEFGH","","KKIC003"
"KKIC006_BD","KIKO ICE STICK LYCHEE 15 X 10","1","MFT","NON FOOD","BAD","PC","15.0000","CT","3052.6600","3354.5500","KK","KIKO ICE","IC","KIKO ICE","A","","KKIC006"
"KKIC007","KIKO ICE STICK 20X10","1","MFT","FOOD","GOOD","BG","20.0000","CT","5038.9500","5473.0000","UNI","UNITED FAMILY FOOD","UNI2","KIKO","ABCDEFGHI","4.080401.002","KKIC007"
"KKIC007_BD","KIKO ICE STICK 20X10 50ML","1","MFT","FOOD","BAD","BG","20.0000","CT","5038.9500","5473.0000","UNI","UNITED FAMILY FOOD","UNI2","KIKO","A","","KKIC007"
"KKIC007_BN","KIKO ICE STICK 20X10 50ML","1","MFT","FOOD","BONUS","BAG","20.0000","CT","0.0000","0.0000","UNI","UNITED FAMILY FOOD","UNI2","KIKO","ABCDEFGH","","KKIC007"
"KKIC008","KIKO TROPICAL 90ML 10X12","1","MFT","FOOD","GOOD","BG","12.0000","CT","9331.4100","10135.1300","UNI","UNITED FAMILY FOOD","UNI2","KIKO","H","4.080401.010","KKIC008"
"KKIC008_BD","KIKO TROPICAL 90ML 10X12","1","MFT","FOOD","BAD","BG","12.0000","CT","9331.4100","10135.1300","UNI","UNITED FAMILY FOOD","UNI","UNITED FAMILY FOOD","A","","KKIC008"
"KKIC008_BN","KIKO TROPICAL 90ML 10X12","1","MFT","FOOD","BONUS","PC","12.0000","CT","0.0000","0.0000","UNI","UNITED FAMILY FOOD","UNI","UNITED FAMILY FOOD","ABCDEFGH","","KKIC008"
"KKMX001","KOLANGKALING MIX SP 360GR 24PC","1","MFT","FOOD","GOOD","PC","24.0000","CT","0.0000","0.0000","NU","PT. NIRAMAS UTAMA NIAGA","NU06","NTD SP/KOLANG KALING","ABCDEFGHI","","KKMX001"
"KKMX001_BD","KOLANGKALING MIX SP 360GR 24PC","1","MFT","FOOD","BAD","PC","24.0000","CT","6719.6500","7791.8100","NU","PT. NIRAMAS UTAMA NIAGA","","","A","","KKMX001"
"KOMJ031_BD","KONNYAKU MN.JELLY 16GR 20CUPX20PK","1","MFT","FOOD","BAD","PK","20.0000","CT","0.0000","0.0000","NU","PT. NIRAMAS UTAMA NIAGA","MJ","MINI JELLY","A","","KOMJ031"
"KOMJ032_BD","KONNYAKU MN.JELLY 16GR MAKRO 2X10BD","1","MFT","FOOD","BAD","BD","10.0000","CT","0.0000","0.0000","NU","PT. NIRAMAS UTAMA NIAGA","MJ","MINI JELLY","A","","KOMJ032"
"KOMJ033","KONNYAKU MN.JELLY 12SX30PK","1","MFT","FOOD","GOOD","PC","30.0000","CT","5576.0000","6265.0000","NU","PT. NIRAMAS UTAMA NIAGA","NU03","MINI JELLY/KONNYAKU/MN PUDDING","FGH","1000044","KOMJ033"
"KOMJ033_BD","KONNYAKU MN.JELLY 12SX30PK","1","MFT","FOOD","BAD","PC","30.0000","CT","5576.0000","6265.0000","NU","PT. NIRAMAS UTAMA NIAGA","","","A","1000044","KOMJ033"
"LEXUA","EXTRA JOS ULTIMATE LIQ/24 KALENG","1","MFT","FOOD","GOOD","PC","24.0000","CT","4608.1500","5856.0000","B7","BINTANG TOEDJOE","","","","","LEXUA"
"LEXUA_BD","EXTRA JOS ULTIMATE LIQ/24 KALENG","1","MFT","FOOD","BAD","PC","24.0000","CT","4608.1500","5856.0000","B7","BINTANG TOEDJOE","","","","","LEXUA"
"LMKM001_BD","KONJAQU MI INSTAN KONJAK 10X78GR","1","MFT","FOOD","BAD","PC","10.0000","CT","13261.2600","14414.4100","UNI","UNITED FAMILY FOOD","","","","","LMKM001"
"LMKU001","LEMONILO KERIPIK UBI JAGUNG BAKAR 24X41G","1","MFT","FOOD","GOOD","PC","24.0000","CT","5800.4100","6300.0000","UNI","UNITED FAMILY FOOD","UNI4","LEMONILO MT","ABCDEFGHI","4.140402.016","LMKU001"
"LMKU001_BD","LEMONILO KERIPIK UBI JAGUNG BAKAR 24X40G","1","MFT","FOOD","BAD","PC","24.0000","CT","5800.4100","6300.0000","UNI","UNITED FAMILY FOOD","UNI","UNITED FAMILY FOOD","ABCDEFGHI","","LMKU001"
"LMKU001_BN","LEMONILO KERIPIK UBI JAGUNG BAKAR 24X40G","1","MFT","FOOD","BONUS","PC","24.0000","CT","0.0000","0.0000","UNI","UNITED FAMILY FOOD","UNI","UNITED FAMILY FOOD","ABCDEFGHI","","LMKU001"
"LMKU002","LEMONILO KERIPIK UBI JAGUNG BALADO 24X41G","1","MFT","FOOD","GOOD","PC","24.0000","CT","5800.4100","6300.0000","UNI","UNITED FAMILY FOOD","UNI4","LEMONILO MT","ABCDEFGHI","4.140402.017","LMKU002"
"LMKU002_BD","LEMONILO KERIPIK UBI JAGUNG BALADO 24X40G","1","MFT","FOOD","BAD","PC","24.0000","CT","5800.4100","6300.0000","UNI","UNITED FAMILY FOOD","UNI","UNITED FAMILY FOOD","ABCDEFGHI","","LMKU002"
"LMKU002_BN","LEMONILO KERIPIK UBI JAGUNG BALADO 24X40G","1","MFT","FOOD","BONUS","PC","24.0000","CT","0.0000","0.0000","UNI","UNITED FAMILY FOOD","UNI","UNITED FAMILY FOOD","ABCDEFGHI","","LMKU002"
"LMKU003","LEMO KERIPIK UBI JAGUNG BAKAR RCG 6RX10PX12.5G","1","MFT","FOOD","GOOD","PC","60.0000","CT","1424.2900","1531.5000","UNI","UNITED FAMILY FOOD","UNI4","LEMONILO MT","","","LMKU003"
"LMKU003_BD","LEMO KERIPIK UBI JAGUNG BAKAR RCG 6RX10PX12.5G","1","MFT","FOOD","BAD","PC","60.0000","CT","1424.2900","1531.5000","UNI","UNITED FAMILY FOOD","UNI4","LEMONILO MT","","","LMKU003"
"LMKU003_BN","LEMO KERIPIK UBI JAGUNG BAKAR RCG 6RX10PX12.5G","1","MFT","FOOD","BONUS","PC","60.0000","CT","0.0000","0.0000","UNI","UNITED FAMILY FOOD","UNI","UNITED FAMILY FOOD","","","LMKU003"
"LMKU004","LEMO KERIPIK UBI JAGUNG BALADO RCG 6RX10PX12.5G","1","MFT","FOOD","GOOD","PC","60.0000","CT","1424.2900","1531.5000","UNI","UNITED FAMILY FOOD","UNI4","LEMONILO MT","","","LMKU004"
"LMKU004_BD","LEMO KERIPIK UBI JAGUNG BALADO RCG 6RX10PX12.5G","1","MFT","FOOD","BAD","PC","60.0000","CT","1424.2900","1531.5000","UNI","UNITED FAMILY FOOD","UNI","UNITED FAMILY FOOD","","","LMKU004"
"LMKU005","LEMO KERIPIK UBI Karamel Mentega RCG  6RX10PX10GR","1","MFT","FOOD","GOOD","PC","60.0000","CT","1424.2900","1531.5000","UNI","UNITED FAMILY FOOD","UNI4","LEMONILO MT","","","LMKU005"
"LMKU005_BD","LEMO KERIPIK UBI Karamel Mentega RCG 6RX10PX10GR","1","MFT","FOOD","BAD","PC","60.0000","CT","1424.2900","1531.5000","UNI","UNITED FAMILY FOOD","","","","","LMKU005"
"LMKU006","LEMONILO KERIPIK UBI KARAMEL MENTEGA 24PX41GR","1","MFT","FOOD","GOOD","PC","24.0000","CT","5800.4100","6300.0000","UNI","UNITED FAMILY FOOD","UNI4","LEMONILO MT","","","LMKU006"
"LMKU006_BD","LEMONILO KERIPIK UBI KARAMEL MENTEGA 24PX50GR","1","MFT","FOOD","BAD","PC","24.0000","CT","5800.4100","6300.0000","UNI","UNITED FAMILY FOOD","UNI1","UNIFAM BASE","","","LMKU006"
"LMRJ001_BD","LEMONILO MIE RAMEN JEPANG 20X60GR MT LOKAL","1","MFT","FOOD","BAD","PC","20.0000","CT","4893.8000","5315.3100","UNI","UNITED FAMILY FOOD","UNI4","LEMONILO MT","","","LMRJ001"
"LMSK001_BD","Michoco Minuman Serbuk Kakao 12GX4PCX30GR","1","MFT","FOOD","BAD","PC","12.0000","CT","12889.8000","14000.0000","UNI","UNITED FAMILY FOOD","UNI","UNITED FAMILY FOOD","","","LMSK001"
"MAAL002_BD","MANISAN ALOEVERA 330 GR X 24 JAR","1","MFT","FOOD","BAD","JR","24.0000","CT","0.0000","0.0000","NU","PT. NIRAMAS UTAMA NIAGA","AL","ALOEVERA","A","","MAAL002"
"MCAB001","MILKITA CANDY ASS BAG 20X40 LOKAL","1","MFT","FOOD","GOOD","BG","20.0000","CT","6137.9900","6666.6600","UNI","UNITED FAMILY FOOD","UNI1","UNIFAM BASE","GH","4.040402.202","MCAB001"
"MCAB001_BD","MILKITA CANDY ASS BAG 20X40 LOKAL","1","MFT","FOOD","BAD","BG","20.0000","CT","5557.0000","6036.0000","UNI","UNITED FAMILY FOOD","UNI","UNITED FAMILY FOOD","ABCDEFGHI","","MCAB001"
"MCAB001_BN","MILKITA CANDY ASS BAG 20X40 LOKAL","1","MFT","FOOD","BONUS","BG","20.0000","CT","0.0000","0.0000","UNI","UNITED FAMILY FOOD","UNI","UNITED FAMILY FOOD","ABCDEFGH","","MCAB001"
"MCAJ001","MILKITA CANDY ASSORTED JAR 6X175 LOKAL","1","MFT","FOOD","GOOD","JR","6.0000","CT","28202.0000","30631.0000","UNI","UNITED FAMILY FOOD","UNI1","UNIFAM BASE","GH","4.040302.201","MCAJ001"
"MCAJ001_BD","MILKITA CANDY ASSORTED JAR 6X175 LOKAL","1","MFT","FOOD","BAD","PC","6.0000","CT","27849.3300","30248.0000","UNI","UNITED FAMILY FOOD","UNI","UNITED FAMILY FOOD","ABCDEFGHI","","MCAJ001"
"MCCB008_BD","MILKITA CANDY COKLAT BAG 20X30","1","MFT","FOOD","BAD","PC","20.0000","CT","3332.9000","3622.7200","UNI","UNITED FAMILY FOOD","UNI","UNITED FAMILY FOOD","A","","MCCB008"
"MCCS012_BD","MILKITA CANDY COKLAT SACHET","1","MFT","FOOD","BAD","BOX","6.0000","CT","18121.2000","19696.9600","MK","MILKITA","CN","CANDY","A","","MCCS012"
"MCCS015_BD","MILKITA CANDY COKLAT SCH 6X30","1","MFT","FOOD","BAD","CT","6.0000","PC","19515.1500","21212.1200","UNI","UNITED FAMILY FOOD","UNI","UNITED FAMILY FOOD","A","","MCCS015"
"MCKB009_BD","MILKITA CANDY KOPI BAG","1","MFT","FOOD","BAD","PC","20.0000","CT","1976.0800","2168.1800","MK","MILKITA","CN","CANDY","A","","MCKB009"
"MCMR0015_BD","MILKITA CDY MIX RCG 10X60","1","MFT","NON FOOD","BAD","PC","10.0000","CT","3952.1600","4336.3600","CD","CANDY","CMRT","RENTENG","A","","MCMR0015"
"MCMR0015_BN","MILKITA CDY MIX RCG 10X60","1","MFT","FOOD","BONUS","PAK","10.0000","CT","0.0000","0.0000","BN","BONUS","","","ABCDEFGH","","MCMR0015"
"MCMR014","MILKITA CANDY MIX RENCENG 20X30","1","MFT","FOOD","GOOD","HG","20.0000","CT","4976.7500","5405.4000","UNI","UNITED FAMILY FOOD","UNI1","UNIFAM BASE","ABCDEFG","4.040101.162","MCMR014"
"MCMR014_BD","MILKITA CANDY MIX RCG 20X30","1","MFT","FOOD","BAD","HG","20.0000","CT","4562.0000","4955.0000","UNI","UNITED FAMILY FOOD","UNI","UNITED FAMILY FOOD","A","","MCMR014"
"MCMR014_BN","MILKITA CANDY MIX RENCENG 20X30","1","MFT","FOOD","BONUS","HG","20.0000","CT","0.0000","0.0000","UNI","UNITED FAMILY FOOD","UNI","","ABCDEFGH","","MCMR014"
"MCMR016_BD","MILKITA CDY MIX RCG 10x54","1","MFT","FOOD","BAD","PC","10.0000","CT","5436.3800","5909.1100","UNI","UNITED FAMILY FOOD","UNI","UNITED FAMILY FOOD","A","","MCMR016"
"MCMR016_BN","MILKITA CDY MIX RCG 10x54","1","MFT","FOOD","BONUS","PC","10.0000","CT","0.0000","0.0000","BN","BONUS","","","ABCDEFGH","","MCMR016"
"MCMS021_BD","MILKITA CANDY MELON SACHET","1","MFT","FOOD","BAD","HG","6.0000","CT","11185.0000","15955.0000","MK","MILKITA","CN","CANDY","A","","MCMS021"
"MCNM001_BD","Milkita Candy Neapolitan Mi St Ch Bag 20x12 Premiu","1","MFT","FOOD","BAD","PC","20.0000","CT","4458.0200","4842.0000","UNI","UNITED FAMILY FOOD","UNI","UNITED FAMILY FOOD","","","MCNM001"
"MCSB001_BD","MILKITA CANDY ASS BAG 12X50 2.8G","1","MFT","FOOD","BAD","PC","12.0000","CT","4184.9900","4545.4500","UNI","UNITED FAMILY FOOD","UNI","UNITED FAMILY FOOD","A","","MCSB001"
"MCSS010_BD","MILKITA CANDY SUSU SACHET","1","MFT","FOOD","BAD","BOX","6.0000","CT","19515.1500","21212.1200","MK","MILKITA","CN","CANDY","A","","MCSS010"
"MCSS011_BD","MILKITA CANDY STROWBERY SACHET","1","MFT","FOOD","BAD","BX","6.0000","CT","16727.2700","18181.8100","UNI","UNITED FAMILY FOOD","UNI","UNITED FAMILY FOOD","A","","MCSS011"
"MCSS012_BD","MILKITA CANDY STRAW BAG 20X30","1","MFT","FOOD","BAD","PC","20.0000","CT","3332.9000","3622.7200","UNI","UNITED FAMILY FOOD","UNI","UNITED FAMILY FOOD","A","","MCSS012"
"MCSS014_BD","MILKITA CANDY SUSU SCH 6X30","1","MFT","FOOD","BAD","PC","6.0000","CT","18121.2000","19696.9600","UNI","UNITED FAMILY FOOD","UNI","UNITED FAMILY FOOD","A","","MCSS014"
"MCSS016","MILKITA CANDY STRAW BAG 20X30 PREMIUM","1","MFT","FOOD","GOOD","BG","20.0000","CT","8585.0000","9324.3200","UNI","UNITED FAMILY FOOD","UNI1","UNIFAM BASE","DEH","4.040301.155","MCSS016"
"MCSS016_BD","MILKITA CANDY STRAW BAG 20X30 PREMIUM","1","MFT","FOOD","BAD","BG","20.0000","CT","8585.0000","9324.3200","UNI","UNITED FAMILY FOOD","UNI","UNITED FAMILY FOOD","A","","MCSS016"
"MCSS016_BN","MILKITA CANDY STRAW BAG 20X30 PREMIUM","1","MFT","FOOD","BONUS","PC","20.0000","CT","0.0000","0.0000","UNI","UNITED FAMILY FOOD","UNI","","ABCDEFGH","","MCSS016"
"MCSS017","MILKITA CANDY MILK BAG 20X30 PREMIUM","1","MFT","FOOD","GOOD","BG","20.0000","CT","8585.0000","9324.3200","UNI","UNITED FAMILY FOOD","UNI1","UNIFAM BASE","DEH","4.040301.156","MCSS017"
"MCSS017_BD","MILKITA CANDY MILK BAG 20X30 PREMIUM","1","MFT","FOOD","BAD","BG","20.0000","CT","8356.8000","9324.3200","UNI","UNITED FAMILY FOOD","UNI","UNITED FAMILY FOOD","A","","MCSS017"
"MCSS017_BN","MILKITA CANDY MILK BAG 20X30 PREMIUM","1","MFT","FOOD","BONUS","PC","20.0000","CT","0.0000","0.0000","UNI","UNITED FAMILY FOOD","UNI","","ABCDEFGH","","MCSS017"
"MCSS018","MILKITA CANDY CHOCO BAG 20X30 PREMIUM","1","MFT","FOOD","GOOD","BG","20.0000","CT","8585.0000","9324.3200","UNI","UNITED FAMILY FOOD","UNI1","UNIFAM BASE","DEH","4.040301.154","MCSS018"
"MCSS018_BD","MILKITA CANDY CHOCO BAG 20X30 PREMIUM","1","MFT","FOOD","BAD","BG","20.0000","CT","8585.0000","9324.3200","UNI","UNITED FAMILY FOOD","UNI","UNITED FAMILY FOOD","A","","MCSS018"
"MCSS018_BN","MILKITA CANDY CHOCO BAG 20X30 PREMIUM","1","MFT","FOOD","BONUS","PC","20.0000","CT","0.0000","0.0000","UNI","UNITED FAMILY FOOD","UNI","","ABCDEFGH","","MCSS018"
"MCSS019","MILKITA CANDY ASS  BAG 20X30 PREMIUM","1","MFT","FOOD","GOOD","BG","20.0000","CT","8585.0000","9324.3200","UNI","UNITED FAMILY FOOD","UNI1","UNIFAM BASE","DEH","4.040301.153","MCSS019"
"MCSS019_BD","MILKITA CANDY ASS  BAG 20X30 PREMIUM","1","MFT","FOOD","BAD","BG","20.0000","CT","8356.8000","9324.0000","UNI","UNITED FAMILY FOOD","UNI","UNITED FAMILY FOOD","A","","MCSS019"
"MCSS019_BN","MILKITA CANDY ASS  BAG 20X30 PREMIUM","1","MFT","FOOD","BONUS","PC","20.0000","CT","0.0000","0.0000","UNI","UNITED FAMILY FOOD","UNI","UNITED FAMILY FOOD","ABCDEFGH","","MCSS019"
"MCSS020","MILKITA CANDY MELON  BAG 20X30 PREMIUM","1","MFT","FOOD","GOOD","BG","20.0000","CT","8585.0000","9324.3200","UNI","UNITED FAMILY FOOD","UNI1","UNIFAM BASE","DEH","4.040301.157","MCSS020"
"MCSS020_BD","MILKITA CANDY MELON  BAG 20X30 PREMIUM","1","MFT","NON FOOD","BAD","BD","20.0000","CT","8585.0000","9324.3200","UNI","UNITED FAMILY FOOD","UNI","UNITED FAMILY FOOD","A","","MCSS020"
"MCSS020_BN","MILKITA CANDY MELON  BAG 20X30 PREMIUM","1","MFT","FOOD","BONUS","PC","20.0000","CT","0.0000","0.0000","UNI","UNITED FAMILY FOOD","UNI","","ABCDEFGH","","MCSS020"
"MCST012_BD","MILKITA CANDY STRAW SCH 6X30","1","MFT","FOOD","BAD","PC","6.0000","CT","19515.1500","21212.1200","UNI","UNITED FAMILY FOOD","UNI","UNITED FAMILY FOOD","A","","MCST012"
"MGIL001_BD","MI GORENG INSTANT LEMONILO 50X77GR","1","MFT","FOOD","BAD","PC","50.0000","CT","4971.2700","5454.5500","UNI","UNITED FAMILY FOOD","UNI4","LEMONILO","ABCDEFGHI","","MGIL001"
"MGIL003_BD","LEMONILO MIE AYAM BAWANG 48X70GR LOKAL","1","MFT","FOOD","BAD","PC","48.0000","CT","5302.6900","5818.1800","UNI4","LEMONILO MT","","","","","MGIL003"
"MGIL004_BD","MI GORENG INSTANT LEMONILO 20X77GR","1","MFT","FOOD","BAD","PC","20.0000","CT","4971.2700","5454.5500","UNI","UNITED FAMILY FOOD","UNI4","LEMONILO","ABCDEFGHI","","MGIL004"
"MGIL005","LEMONILO MIE BAWANG 20X60GR LOKAL","1","MFT","FOOD","GOOD","PC","20.0000","CT","4893.8100","5315.3100","UNI","UNITED FAMILY FOOD","UNI4","LEMONILO MT","ABCDEFGH","4.140401.009","MGIL005"
"MGIL005_BD","LEMONILO MIE BAWANG 20X70GR LOKAL","1","MFT","FOOD","BAD","PC","20.0000","CT","4893.8100","5315.3100","UNI","UNITED FAMILY FOOD","UNI4","LEMONILO","ABCDEFGHI","","MGIL005"
"MGIL005_BN","LEMONILO MIE BAWANG 20X60GR LOKAL","1","MFT","FOOD","BONUS","PC","20.0000","CT","0.0000","0.0000","UNI","UNITED FAMILY FOOD","UNI","UNITED FAMILY FOOD","","4.140401.009","MGIL005"
"MGIL006_BD","LEMONILO MIE KARI 20X70GR LOKAL","1","MFT","FOOD","BAD","PC","20.0000","CT","4327.2900","4700.0000","UNI","UNITED FAMILY FOOD","UNI4","LEMONILO","ABCDEFGHI","","MGIL006"
"MGIL006_BN","LEMONILO MIE KARI 20X70GR LOKAL","1","MFT","FOOD","BONUS","PC","20.0000","CT","0.0000","0.0000","UNI","UNITED FAMILY FOOD","UNI","UNITED FAMILY FOOD","","4.140401.020","MGIL006"
"MGIL007","LEMONILO MIE GORENG 20X65GR LOKAL","1","MFT","FOOD","GOOD","PC","20.0000","CT","4893.8100","5315.3100","UNI","UNITED FAMILY FOOD","UNI4","LEMONILO MT","ABCDEFGH","4.140401.021","MGIL007"
"MGIL007_BD","LEMONILO MIE GORENG 20X80GR LOKAL","1","MFT","FOOD","BAD","PC","20.0000","CT","4893.8100","5315.3100","UNI","UNITED FAMILY FOOD","UNI4","LEMONILO","ABCDEFGHI","","MGIL007"
"MGIL007_BN","LEMONILO MIE GORENG 20X80GR LOKAL","1","MFT","FOOD","BONUS","PC","20.0000","CT","0.0000","0.0000","UNI","UNITED FAMILY FOOD","UNI","UNITED FAMILY FOOD","","","MGIL007"
"MGIL008","LEMONILO MIE PEDAS KOREA 20X68GR","1","MFT","FOOD","GOOD","PC","20.0000","CT","4893.8000","5315.3100","UNI","UNITED FAMILY FOOD","UNI4","LEMONILO MT","ABCDEFGHI","4.140401.012","MGIL008"
"MGIL008_BD","LEMONILO MIE PEDAS KOREA 20X68GR","1","MFT","FOOD","BAD","PC","20.0000","CT","4893.8000","5315.3100","UNI","UNITED FAMILY FOOD","UNI4","LEMONILO","ABCDEFGHI","","MGIL008"
"MGIL008_BN","LEMONILO MIE PEDAS KOREA 20X68GR","1","MFT","FOOD","BONUS","PC","20.0000","CT","0.0000","0.0000","UNI","UNITED FAMILY FOOD","UNI","UNITED FAMILY FOOD","","4.140401.012","MGIL008"
"MGIL009_BD","LEMONILO MIE KERING BAYAM 20X114GR","1","MFT","FOOD","BAD","PC","20.0000","CT","5340.0600","5800.0000","UNI","UNITED FAMILY FOOD","UNI4","LEMONILO","ABCDEFGHI","","MGIL009"
"MGIL010_BD","LEMONILO MIE RENDANG 20X77 GR LOKAL","1","MFT","FOOD","BAD","PC","20.0000","CT","4893.8000","5315.3100","UNI","UNITED FAMILY FOOD","UNI4","LEMONILO","","4.140401.011","MGIL010"
"MGIL011","LEMONILO MIE KUAH SOTO KOYA 20X60GR","1","MFT","FOOD","GOOD","PC","20.0000","CT","4893.8100","5315.3100","UNI","UNITED FAMILY FOOD","UNI4","LEMONILO MT","","","MGIL011"
"MGIL011_BD","LEMONILO MIE KUAH SOTO KOYA 20X60GR","1","MFT","FOOD","BAD","PC","20.0000","CT","4893.8100","5315.3100","UNI","UNITED FAMILY FOOD","UNI","UNITED FAMILY FOOD","","","MGIL011"
"MGIL012","LEMONILO MIE KUAH SOTO KARE 20X60GR MT","1","MFT","FOOD","GOOD","PC","20.0000","CT","4327.2900","4700.0000","UNI","UNITED FAMILY FOOD","UNI4","LEMONILO MT","","","MGIL012"
"MGIL012_BD","LEMONILO MIE KUAH SOTO KARE 20X60GR MT","1","MFT","FOOD","BAD","PC","20.0000","CT","4327.2900","4700.0000","UNI","UNITED FAMILY FOOD","UNI4","LEMONILO MT","","","MGIL012"
"MGPP001_BD","MANGO PUDDING PUREE 90GR 48/CT","1","MFT","FOOD","BAD","PC","48.0000","CT","0.0000","0.0000","NU","PT. NIRAMAS UTAMA NIAGA","","","A","","MGPP001"
"MGR01_BD","LOVE JUICE MANGGA 300ML","1","MFT","FOOD","BAD","PC","24.0000","CT","3828.0000","4840.0000","HC","HYDRO COCO","","","ABCDEFGHI","MGR01","MGR01"
"MGR01_BN","LOVE JUICE MANGGA 300ML","1","MFT","FOOD","BONUS","PC","24.0000","CT","0.0000","0.0000","HC","HYDRO COCO","","","ABCDEFGHI","","MGR01"
"MGR02_BD","LOVE JUICE MANGGA 1L","1","MFT","FOOD","BAD","PC","12.0000","CT","13920.0000","16000.0000","HC","HYDRO COCO","","","ABCDEFGHI","MGR02","MGR02"
"MICH002_BD","MINTCHOKA RCG MIX 20 X 30","1","MFT","FOOD","BAD","RTG","20.0000","CT","2168.1800","2631.0800","SC","SPLIT CANDY","","","A","","MICH002"
"MICHO001_BD","MINTCHOKA CANDY RCG 20 X 30","1","MFT","FOOD","BAD","RTG","20.0000","CT","3206.0600","3484.8500","UNI","UNITED FAMILY FOOD","UNI","UNITED FAMILY FOOD","A","","MICHO001"
"MICHO001_BN","MINTCHOKA CANDY RCG 20 X30","1","MFT","FOOD","BONUS","RTG","20.0000","CT","0.0000","0.0000","BN","BONUS","","","ABCDEFGH","","MICHO001"
"MKKM001_BD","MILKITA KENTAL MANIS PLAIN BAG 10X(6+BN2) LOKAL","1","MFT","FOOD","BAD","PC","60.0000","CT","1046.2400","1136.3600","UNI","UNITED FAMILY FOOD","UNI","UNITED FAMILY FOOD","A","","MKKM001"
"MKKM001_BN","MILKITA KENTAL MANIS PLAIN BAG 10X(6+BN2) LOKAL","1","MFT","FOOD","BONUS","PC","60.0000","CT","0.0000","0.0000","UNI","UNITED FAMILY FOOD","UNI","UNITED FAMILY FOOD","ABCDEFGH","","MKKM001"
"MKLB001_BD","MILKITA LOLIPOP INDIVIDUAL BAG 4X30","1","MFT","FOOD","BAD","PC","4.0000","CT","8811.5800","10742.4200","MK","MILKITA","","","A","","MKLB001"
"MKLB002_BD","MILKITA LOLY BAG 20X15","1","MFT","FOOD","BAD","PC","20.0000","CT","4660.5800","6563.6300","UNI","UNITED FAMILY FOOD","UNI","UNITED FAMILY FOOD","A","","MKLB002"
"MKLB003_BN","MILKITA LOLIPO BANTAL INDIVIDUAL 4X36","1","MFT","FOOD","BONUS","PC","4.0000","CT","0.0000","0.0000","UNI","UNITED FAMILY FOOD","UNI","","ABCDEFGH","","MKLB003"
"MKLJ001_BD","MILKITA LOLIPOP JAR 6X50PC","1","MFT","FOOD","BAD","JAR","6.0000","CT","21275.5300","23108.0000","MK","MILKITA","LL","LOLIPOP","A","","MKLJ001"
"MKLJ001_BN","MILKITA LOLIPOP JAR 6X50PC","1","MFT","FOOD","BONUS","JAR","6.0000","CT","0.0000","0.0000","BN","BONUS","","","ABCDEFGH","","MKLJ001"
"MKLJ002_BD","MILKITA LOLIPOP JAR 6X80PC","1","MFT","FOOD","BAD","JAR","6.0000","CT","32431.6500","35225.0000","MK","MILKITA","LL","LOLIPOP","A","","MKLJ002"
"MKLJ003_BD","MILKITA LOLIPOP OGURA JAR 6 X 50","1","MFT","FOOD","BAD","PC","6.0000","CT","26685.1300","29279.2700","UNI","UNITED FAMILY FOOD","UNI","UNITED FAMILY FOOD","A","","MKLJ003"
"MKLJ003_BN","MILKITA LOLIPOP OGURA JAR 6X50","1","MFT","FOOD","BONUS","PC","6.0000","CT","0.0000","0.0000","BN","BONUS","","","ABCDEFGH","","MKLJ003"
"MKLJ005_BD","MILKITA LOLLIPOP JAR MAX 6X50 LOKAL","1","MFT","FOOD","BAD","JR","6.0000","CT","26957.4200","29279.2700","UNI","UNITED FAMILY FOOD","UNI1","UNIFAM BASE","","","MKLJ005"
"MKLJ006","MILKITA LOLLI JAR MAX 6X30(+2 FREE PINO)LOKAL","1","MFT","FOOD","GOOD","JR","6.0000","CT","18248.2700","19820.0000","UNI","UNITED FAMILY FOOD","","","","4.050302.256","MKLJ006"
"MKLR004_BD","MILKITA LOLIPOP REFFIL 6X50PC","1","MFT","FOOD","BAD","BG","6.0000","CT","17087.2700","18559.0000","UNI","UNITED FAMILY FOOD","UNI1","UNIFAM BASE","A","","MKLR004"
"MKLR004_BN","MILKITA LOLIPOP REFFIL 6X50PC","1","MFT","FOOD","BONUS","PC","6.0000","CT","0.0000","0.0000","UNI","UNITED FAMILY FOOD","UNI","UNITED FAMILY FOOD","ABCDEFGH","","MKLR004"
"MKMC001_BD","MILKITA KENTAL MANIS COKELAT BAG 10X(6+BN2) LOKAL","1","MFT","FOOD","BAD","PC","60.0000","CT","1046.2400","1136.3600","UNI","UNITED FAMILY FOOD","UNI","UNITED FAMILY FOOD","A","","MKMC001"
"MKMC001_BN","MILKITA KENTAL MANIS COKELAT BAG 10X(6+BN2) LOKAL","1","MFT","FOOD","BONUS","PC","60.0000","CT","0.0000","0.0000","UNI","UNITED FAMILY FOOD","UNI","UNITED FAMILY FOOD","ABCDEFGH","","MKMC001"
"MKMC002_BD","MILKITA KENTAL MANIS PLAIN BAG 20X6","1","MFT","FOOD","BAD","PC","120.0000","CT","959.0500","1041.6600","UNI","UNITED FAMILY FOOD","UNI","UNITED FAMILY FOOD","ABCDEFGHI","","MKMC002"
"MKMC003_BD","MILKITA KENTAL MANIS CHOCO BAG 20X6","1","MFT","FOOD","BAD","PC","120.0000","CT","959.0500","1041.6600","UNI","UNITED FAMILY FOOD","UNI","UNITED FAMILY FOOD","ABCDEFGHI","","MKMC003"
"MKPP001_BD","MARKISA PUDDING PUREE 90GR 48/CT","1","MFT","FOOD","BAD","PC","48.0000","CT","1924.9500","2207.0000","NU","PT. NIRAMAS UTAMA NIAGA","","","A","","MKPP001"
"MKPR001","MILKITA ASS PASTA RCG 6X36 LOKAL","1","MFT","FOOD","GOOD","PK","6.0000","CT","12276.0000","13333.0000","UNI","UNITED FAMILY FOOD","UNI1","UNIFAM BASE","G","4.070102.023","MKPR001"
"MKPR001_BD","MILKITA ASS PASTA RCG 6X36 LOKAL","1","MFT","FOOD","BAD","PK","6.0000","CT","12276.0000","13333.0000","UNI","UNITED FAMILY FOOD","UNI","UNITED FAMILY FOOD","ABCDEFGHI","","MKPR001"
"MKPR001_BN","MILKITA ASS PASTA RCG 6X36 LOKAL","1","MFT","FOOD","BONUS","PC","6.0000","CT","0.0000","0.0000","UNI","UNITED FAMILY FOOD","UNI","UNITED FAMILY FOOD","ABCDEFGH","","MKPR001"
"MKPR002_BD","Milkita Pasta Ass C&V Hgr Max 6X30X15g Lokal","1","MFT","FOOD","BAD","PK","6.0000","CT","18248.0900","19819.8100","UNI","UNITED FAMILY FOOD","","","","","MKPR002"
"MLBT001","MILKITA BITES 24PCX6BX1.7G LOKAL","1","MFT","FOOD","GOOD","PC","144.0000","CT","3152.0000","3423.4200","UNI","UNITED FAMILY FOOD","UNI1","UNIFAM BASE","","4.040202.275","MLBT001"
"MLBT001_BD","MILKITA BITES 24SCHX6BX1.7G LOKAL","1","MFT","FOOD","BAD","PC","144.0000","CT","3152.0000","3423.0000","UNI","UNITED FAMILY FOOD","","","","4.040202.275","MLBT001"
"MLCH001_BD","MILKITA LILLIPOP CARAMEL HANGER 4X36","1","MFT","FOOD","BAD","PC","4.0000","CT","11717.9900","12272.7300","UNI","UNITED FAMILY FOOD","UNI","UNITED FAMILY FOOD","A","","MLCH001"
"MLCH001_BN","MILKITA LILLIPOP CARAMEL HANGER 4X36","1","MFT","FOOD","BONUS","PC","4.0000","CT","0.0000","0.0000","UNI","UNITED FAMILY FOOD","UNI","UNITED FAMILY FOOD","ABCDEFGH","","MLCH001"
"MLCK001_BD","MILKITA COKLAT PASTA RENCENG 8 X 30","1","MFT","FOOD","BAD","PC","8.0000","CT","8202.6000","10000.0000","UNI","UNITED FAMILY FOOD","UNI","UNITED FAMILY FOOD","A","","MLCK001"
"MLCK001_BN","MILKITA COKLAT PASTA RENCENG 8 X 30","1","MFT","FOOD","BONUS","PC","8.0000","CT","0.0000","0.0000","BN","BONUS","","","ABCDEFGH","","MLCK001"
"MLCK002","MILKITA COKELAT PASTA RENCENG 6X36 LOKAL","1","MFT","FOOD","GOOD","BG","6.0000","CT","12276.0000","13333.0000","UNI","UNITED FAMILY FOOD","UNI1","UNIFAM BASE","ABCDEFGH","4.070102.025","MLCK002"
"MLCK002_BD","MILKITA COKELAT PASTA RENCENG 6X36 LOKAL","1","MFT","FOOD","BAD","BG","6.0000","CT","12027.1000","13333.0000","UNI","UNITED FAMILY FOOD","UNI","UNITED FAMILY FOOD","ABCDEFGHI","","MLCK002"
"MLCK002_BN","MILKITA COKELAT PASTA RENCENG 6X36 LOKAL","1","MFT","FOOD","BONUS","BG","6.0000","CT","0.0000","0.0000","UNI","UNITED FAMILY FOOD","UNI","UNITED FAMILY FOOD","ABCDEFGH","","MLCK002"
"MLCK003","MILKITA VANILLA PASTA RENCENG 6X36 LOKAL","1","MFT","FOOD","GOOD","BG","6.0000","CT","12276.0000","13333.0000","UNI","UNITED FAMILY FOOD","UNI1","UNIFAM BASE","ABCDEFGHI","4.070102.026","MLCK003"
"MLCK003_BD","MILKITA VANILLA PASTA RENCENG 6X36 LOKAL","1","MFT","FOOD","BAD","BG","6.0000","CT","12276.0000","13333.0000","UNI","UNITED FAMILY FOOD","UNI","UNITED FAMILY FOOD","ABCDEFGHI","","MLCK003"
"MLCK004_BD","MILKITA ASS PASTA COKLAT KEJU 6X36 LOKAL","1","MFT","FOOD","BAD","BG","6.0000","CT","12027.1000","13063.0000","UNI","UNITED FAMILY FOOD","UNI","UNITED FAMILY FOOD","ABCDEFGHI","","MLCK004"
"MLCK005_BD","MILKITA KEJU PASTA RENCENG 6X36 LOKAL","1","MFT","FOOD","BAD","BG","6.0000","CT","14847.2000","16126.0000","UNI","UNITED FAMILY FOOD","UNI","UNITED FAMILY FOOD","ABCDEFGHI","","MLCK005"
"MLCK006_BD","Milkita Pasta Coklat HGR Max 6x30x15g Lokal","1","MFT","FOOD","BAD","PK","6.0000","CT","18248.0900","19819.8100","UNI","UNITED FAMILY FOOD","UNI","UNITED FAMILY FOOD","","","MLCK006"
"MLCK007_BD","Milkita Pasta Vanila Hanger Max 6x30x15g Lok","1","MFT","FOOD","BAD","PK","6.0000","CT","18248.0900","19819.8100","UNI","UNITED FAMILY FOOD","UNI","UNITED FAMILY FOOD","","","MLCK007"
"MLFM001_BD","MILKITA LOLLIPOP FRUITY MIX OMG HGR 6X36","1","MFT","FOOD","BAD","PK","6.0000","CT","12441.8800","13513.5100","UNI","UNITED FAMILY FOOD","UNI","UNITED FAMILY FOOD","ABCDEFGHI","","MLFM001"
"MLFM002","MILKITA Lollipop OMG HGR MAX 6X30 LOKAL","1","MFT","FOOD","GOOD","HG","6.0000","CT","18662.5800","20270.2700","UNI","UNITED FAMILY FOOD","UNI1","UNIFAM BASE","","","MLFM002"
"MLFM002_BD","MILKITA Lollipop OMG HGR MAX 6X30 LOKAL","1","MFT","FOOD","BAD","HG","6.0000","CT","18248.0000","19820.0000","UNI","UNITED FAMILY FOOD","UNI","UNITED FAMILY FOOD","","","MLFM002"
"MLHM001_BD","MILKITA LOLLIPOP HGR MAX 4X30 LOKAL","1","MFT","FOOD","BAD","BG","4.0000","CT","14930.0700","16216.0000","UNI","UNITED FAMILY FOOD","UNI","UNITED FAMILY FOOD","","4050101217","MLHM001"
"MLHM002","MILKITA LOLLIPOP HGR MAX 6X30 LOKAL","1","MFT","FOOD","GOOD","HG","6.0000","CT","18248.0000","19820.0000","UNI","UNITED FAMILY FOOD","UNI1","UNIFAM BASE","","","MLHM002"
"MLHM002_BD","MILKITA LOLLIPOP HGR MAX 6X30 LOKAL","1","MFT","FOOD","BAD","HG","6.0000","CT","18248.0000","19820.0000","UNI","UNITED FAMILY FOOD","UNI","UNITED FAMILY FOOD","","","MLHM002"
"MLMC001_BD","MILKITA LOLI ASS MANGO CARAMEL HGR 4X36","1","MFT","FOOD","BAD","PC","4.0000","CT","12545.4500","13636.3600","UNI","UNITED FAMILY FOOD","UNI","UNITED FAMILY FOOD","A","","MLMC001"
"MLMC001_BN","MILKITA LOLI ASS MANGO CARAMEL HGR 4X36","1","MFT","FOOD","BONUS","PC","4.0000","CT","0.0000","0.0000","UNI","UNITED FAMILY FOOD","UNI","UNITED FAMILY FOOD","ABCDEFGH","","MLMC001"
"MLMC002_BD","MILKITA LOLI ASS MANGO CARAMEL HGR 6X36 LOKAL","1","MFT","FOOD","BAD","PK","6.0000","CT","12545.4500","13636.3600","UNI","UNITED FAMILY FOOD","UNI","UNITED FAMILY FOOD","","","MLMC002"
"MLMH001_BD","MILKITA LOLLIPOP MANGO HANGER 4X36","1","MFT","FOOD","BAD","PK","4.0000","CT","11299.5000","12727.2700","UNI","UNITED FAMILY FOOD","UNI","UNITED FAMILY FOOD","A","","MLMH001"
"MLMH001_BN","MILKITA LOLLIPOP MANGO HANGER 4X36","1","MFT","FOOD","BONUS","PK","4.0000","CT","0.0000","0.0000","UNI","UNITED FAMILY FOOD","UNI","","ABCDEFGH","","MLMH001"
"MLMH002_BD","MILKITA LOLLIPOP MANGO HANGER 6X36 LOKAL","1","MFT","FOOD","BAD","PK","6.0000","CT","12441.8800","13513.5100","UNI","UNITED FAMILY FOOD","","","","","MLMH002"
"MLOR001","MILKITA LOLLIPOP OMG REFILL 6X50 LOKAL","1","MFT","FOOD","GOOD","BG","6.0000","CT","17087.2700","18559.0000","UNI","UNITED FAMILY FOOD","UNI1","UNIFAM BASE","ABCDEFGHI","4.050402.167","MLOR001"
"MLOR001_BD","MILKITA LOLLIPOP OMG REFILL 6X50 LOKAL","1","MFT","FOOD","BAD","BG","6.0000","CT","17087.2700","18559.0000","UNI","UNITED FAMILY FOOD","UNI","UNITED FAMILY FOOD","ABCDEFGHI","","MLOR001"
"MLOR002","MILKITA Lollipop OMG Refill Max 8x40 LOKAL","1","MFT","FOOD","GOOD","BG","8.0000","CT","21358.5800","23198.1900","UNI","UNITED FAMILY FOOD","UNI1","UNIFAM BASE","","","MLOR002"
"MLOR002_BD","MILKITA Lollipop OMG Refill Max 8x40 LOKAL","1","MFT","FOOD","BAD","BG","8.0000","CT","26542.7000","28828.8300","UNI","UNITED FAMILY FOOD","UNI","UNITED FAMILY FOOD","","","MLOR002"
"MLRM001","Milkita Lollipop Refill Max 8X40 Lokal","1","MFT","FOOD","GOOD","BG","8.0000","CT","21068.2700","22882.8800","UNI","UNITED FAMILY FOOD","UNI1","UNIFAM BASE","","","MLRM001"
"MLRM001_BD","Milkita Lollipop Refill Max 8X40 Lokal","1","MFT","FOOD","BAD","BG","8.0000","CT","21068.2700","22882.8800","UNI","UNITED FAMILY FOOD","UNI","UNITED FAMILY FOOD","","","MLRM001"
"MLSK003_BD","MILKITA LOLIPOP STIKER KILAT 4X30","1","MFT","FOOD","BAD","PC","4.0000","CT","18546.3600","20159.0900","MK","MILKITA","LL","LOLIPOP","A","","MLSK003"
"MLSK003_BN","MILKITA LOLIPOP STIKER KILAT 4X30","1","MFT","FOOD","BONUS","BOX","4.0000","CT","0.0000","0.0000","BN","BONUS","","","ABCDEFGH","","MLSK003"
"MLSK005_BD","MILKITA LOLIPOP STIKER KILAT 6X30X1","1","MFT","FOOD","BAD","PC","6.0000","CT","10626.1000","11659.1000","MK","MILKITA","","","A","","MLSK005"
"MLSK006_BD","MILKITA LOLIPOP HGR 4X3HG","1","MFT","FOOD","BAD","PC","12.0000","CT","4983.3300","5416.6600","MK","MILKITA","","","A","","MLSK006"
"MLSK006_BN","MILKITA LOLIPOP HGR 4X3HG","1","MFT","FOOD","BONUS","PC","12.0000","CT","0.0000","0.0000","UNI","UNITED FAMILY FOOD","UNI","","ABCDEFGH","","MLSK006"
"MLSK007_BD","MILKITA LOLIPOP HGR 4X36X7GR","1","MFT","FOOD","BAD","PC","4.0000","CT","11299.5000","12272.7300","UNI","UNITED FAMILY FOOD","UNI","UNITED FAMILY FOOD","A","","MLSK007"
"MLSK007_BN","MILKITA LOLIPOP HGR 4X36X7GR","1","MFT","FOOD","BONUS","PC","4.0000","CT","0.0000","0.0000","UNI","UNITED FAMILY FOOD","UNI","","ABCDEFGH","","MLSK007"
"MLSK008_BN","MILKITA LOLIPOP HGR 4X36(+bonus RTD)","1","MFT","FOOD","BONUS","PK","4.0000","CT","0.0000","0.0000","UNI","UNITED FAMILY FOOD","UNI","","ABCDEFGH","","MLSK008"
"MLSK009_BD","MILKITA LOLIPOP HGR 6X36 LOKAL","1","MFT","FOOD","BAD","HG","6.0000","CT","12441.8800","13513.5100","UNI","UNITED FAMILY FOOD","UNI","UNITED FAMILY FOOD","ABCDEFGHI","","MLSK009"
"MLSK009_BN","MILKITA LOLIPOP HGR 6X36 LOKAL","1","MFT","FOOD","BONUS","PK","6.0000","CT","0.0000","0.0000","UNI","UNITED FAMILY FOOD","UNI","UNITED FAMILY FOOD","ABCDEFGHI","","MLSK009"
"MLSK018_BD","MILKITA LOLLI ASS BAG PREMIUM 20X15","1","MFT","FOOD","BAD","BG","20.0000","CT","11944.2400","12973.0000","UNI","UNITED FAMILY FOOD","UNI","UNITED FAMILY FOOD","A","","MLSK018"
"MLSK018_BN","MILKITA LOLLI ASS BAG PREMIUM 20X15","1","MFT","FOOD","BONUS","PC","20.0000","CT","0.0000","0.0000","UNI","UNITED FAMILY FOOD","UNI","","ABCDEFGH","","MLSK018"
"MLSK019","MILKITA LOLLI ASS BAG PREMIUM 30X12","1","MFT","FOOD","GOOD","BG","30.0000","CT","8585.0000","9324.3200","UNI","UNITED FAMILY FOOD","","","","4.050402.159","MLSK019"
"MLSK019_BD","MILKITA LOLLI ASS BAG PREMIUM 30X12","1","MFT","FOOD","BAD","BG","30.0000","CT","8356.8000","9324.3100","UNI","UNITED FAMILY FOOD","","","","4.050402.159","MLSK019"
"MLST001_BD","MILKITA LOLLIPOP ASS STCHME BAG 20X11 PREMIUM","1","MFT","FOOD","BAD","BG","20.0000","CT","8916.9700","9685.0000","UNI","UNITED FAMILY FOOD","UNI","UNITED FAMILY FOOD","","","MLST001"
"MLVP001_BD","MILKITA VANILLA PASTA RCG 8X30","1","MFT","FOOD","BAD","PC","8.0000","CT","8286.3000","9000.0000","UNI","UNITED FAMILY FOOD","UNI","UNITED FAMILY FOOD","A","","MLVP001"
"MLVP001_BN","MILKITA VANILLA PASTA RCG 8X30","1","MFT","FOOD","BONUS","PC","8.0000","CT","0.0000","0.0000","UNI","UNITED FAMILY FOOD","UNI","UNITED FAMILY FOOD","ABCDEFGH","","MLVP001"
"MNJL001","MINIJELLY JELLYBOI MIX 3CUPX120","1","MFT","FOOD","GOOD","PC","120.0000","CT","636.3500","715.0000","NU","PT. NIRAMAS UTAMA NIAGA","NU03","MINI JELLY/KONNYAKU/MN PUDDING","ABCDEFGHI","1000266","MNJL001"
"MNJL001_BD","MINIJELLY JELLYBOI MIX 3CUPX120","1","MFT","FOOD","BAD","PC","120.0000","CT","648.6000","705.0000","NU","PT. NIRAMAS UTAMA NIAGA","","","","1000266","MNJL001"
"MSK001","MASKER MILKITA","1","MFT","FOOD","BONUS","PC","1.0000","PC","0.0000","0.0000","UNI","UNITED FAMILY FOOD","UNI","UNITED FAMILY FOOD","ABCDEFGHI","","MSK001"
"NACC033","NATA DE COCO SP COCOPANDAN 360grX24PK","1","MFT","FOOD","GOOD","PK","24.0000","CT","4810.4500","5405.0000","NU","PT. NIRAMAS UTAMA NIAGA","NU06","NTD SP/KOLANG KALING","DEFGH","1000001","NACC033"
"NACC033_BD","NATA DE COCO SP COCOPANDAN 360grX24PK","1","MFT","FOOD","BAD","PK","24.0000","CT","4810.4500","5405.0000","NU","PT. NIRAMAS UTAMA NIAGA","CC","SP COCOPANDAN","A","1000001","NACC033"
"NACL043","NATACUP LYCHEE 200GRX24CUP","1","MFT","FOOD","GOOD","CP","24.0000","CT","2759.0000","3100.0000","NU","PT. NIRAMAS UTAMA NIAGA","NU02","NATACUP/ALOE","DEFGH","1000019","NACL043"
"NACL043_BD","NATACUP LYCHEE 220GRX24CUP","1","MFT","FOOD","BAD","CP","24.0000","CT","2759.0000","3100.0000","NU","PT. NIRAMAS UTAMA NIAGA","CL","NATACUP LYCHEE","A","1000019","NACL043"
"NACM044","NATACUP MANGO 200GRX24CUP","1","MFT","FOOD","GOOD","CP","24.0000","CT","2759.0000","3100.0000","NU","PT. NIRAMAS UTAMA NIAGA","NU02","NATACUP/ALOE","DEFGH","1000020","NACM044"
"NACM044_BD","NATACUP MANGO 220GRX24CUP","1","MFT","FOOD","BAD","CP","24.0000","CT","2759.0000","3100.0000","NU","PT. NIRAMAS UTAMA NIAGA","CM","NATACUP MANGO","A","1000020","NACM044"
"NACP001","NATA CRISPY VANILLA (POT B)1KG 6 EMBER/CT","1","MFT","FOOD","GOOD","PC","6.0000","CT","12180.0000","13685.0000","NU","PT. NIRAMAS UTAMA NIAGA","VN","SP VANILLA","FGH","1000013","NACP001"
"NACP001_BD","NATA CRISPY VANILLA 1KG 6 EMBER/CT","1","MFT","FOOD","BAD","PC","6.0000","CT","12180.0000","13685.0000","NU","PT. NIRAMAS UTAMA NIAGA","VN","SP VANILLA","A","1000013","NACP001"
"NACP002","NATA CRISPY VANILLA (POT K)1KG 6 EMBER/CT","1","MFT","FOOD","GOOD","PC","6.0000","CT","12180.0000","13685.0000","NU","PT. NIRAMAS UTAMA NIAGA","","","FGH","1000012","NACP002"
"NACP002_BD","NATA CRISPY VANILLA (POT K)1KG 6 EMBER/CT","1","MFT","FOOD","BAD","PC","6.0000","CT","11905.5300","13377.0000","NU","PT. NIRAMAS UTAMA NIAGA","","","A","1000012","NACP002"
"NACS045_BD","NATACUP SELASIH ORANGE 220GR MAKRO 6X4BD","1","MFT","FOOD","BAD","BD","4.0000","CT","0.0000","0.0000","NU","PT. NIRAMAS UTAMA NIAGA","CS","NATACUP SELASIH","A","","NACS045"
"NACS046","NATACUP SELASIH ORANGE 200GRX24CUP","1","MFT","FOOD","GOOD","CP","24.0000","CT","3090.0800","3472.0000","NU","PT. NIRAMAS UTAMA NIAGA","NU02","NATACUP/ALOE","GH","1000022","NACS046"
"NACS046_BD","NATACUP SELASIH ORANGE 200GRX24CUP","1","MFT","FOOD","BAD","CP","24.0000","CT","3090.0800","3472.0000","NU","PT. NIRAMAS UTAMA NIAGA","CS","NATACUP SELASIH","A","1000022","NACS046"
"NACS047","NATACUP SELASIH STRAWBERRY 200GRX24CUP","1","MFT","FOOD","GOOD","CP","24.0000","CT","3090.0800","3472.0000","NU","PT. NIRAMAS UTAMA NIAGA","NU02","NATACUP/ALOE","GH","1000021","NACS047"
"NACS047_BD","NATACUP SELASIH STRAWBERRY 200GRX24CUP","1","MFT","FOOD","BAD","CP","24.0000","CT","3090.0800","3472.0000","NU","PT. NIRAMAS UTAMA NIAGA","CS","NATACUP SELASIH","A","1000021","NACS047"
"NALY035","NATA DE COCO SP LYCHEE 360GRX24PK","1","MFT","FOOD","GOOD","PK","24.0000","CT","4810.4500","5405.0000","NU","PT. NIRAMAS UTAMA NIAGA","NU06","NTD SP/KOLANG KALING","GH","1000000","NALY035"
"NALY035_BD","NATA DE COCO SP LYCHEE 360GRX24PK","1","MFT","FOOD","BAD","PK","24.0000","CT","4810.4500","5405.0000","NU","PT. NIRAMAS UTAMA NIAGA","LY","SP LYCHEE","A","1000000","NALY035"
"NAMG036","NATA DE COCO SP MANGO 360GRX24PK","1","MFT","FOOD","GOOD","PK","24.0000","CT","4810.4500","5405.0000","NU","PT. NIRAMAS UTAMA NIAGA","NU06","NTD SP/KOLANG KALING","GH","1000004","NAMG036"
"NAMG036_BD","NATA DE COCO SP MANGO 360GRX24PK","1","MFT","FOOD","BAD","PK","24.0000","CT","4810.4500","5405.0000","NU","PT. NIRAMAS UTAMA NIAGA","MG","SP MANGO","A","1000004","NAMG036"
"NASO040","NATA DE COCO SELASIH ORANGE 1KGX12BAG","1","MFT","FOOD","GOOD","BG","12.0000","CT","11459.0000","12875.0000","NU","PT. NIRAMAS UTAMA NIAGA","SO","SELASIH ORANGE","DEFH","1000016","NASO040"
"NASO040_BD","NATA DE COCO SELASIH ORANGE 1KGX12BAG","1","MFT","FOOD","BAD","BG","12.0000","CT","11459.0000","12875.0000","NU","PT. NIRAMAS UTAMA NIAGA","SO","SELASIH ORANGE","A","NASO040","NASO040"
"NASO041_BD","NATA DE COCO SELASIH ORANGE MAKRO 1KGX12BAG","1","MFT","FOOD","BAD","BG","12.0000","CT","0.0000","0.0000","NU","PT. NIRAMAS UTAMA NIAGA","SO","SELASIH ORANGE","A","","NASO041"
"NAST042","NATA DE COCO SELASIH STRAWBERRY 1KGX12BAG","1","MFT","FOOD","GOOD","BG","12.0000","CT","11459.0000","12875.0000","NU","PT. NIRAMAS UTAMA NIAGA","ST","SELASIH STRAWBERRY","DEFGH","1000015","NAST042"
"NAST042_BD","NATA DE COCO SELASIH STRAWBERRY 1KGX12BAG","1","MFT","FOOD","BAD","BG","12.0000","CT","11459.0000","12875.0000","NU","PT. NIRAMAS UTAMA NIAGA","ST","SELASIH STRAWBERRY","A","1000015","NAST042"
"NASW037","NATA DE COCO SP STRAWBERRY 360GRX24PK","1","MFT","FOOD","GOOD","PK","24.0000","CT","4810.4500","5405.0000","NU","PT. NIRAMAS UTAMA NIAGA","NU06","NTD SP/KOLANG KALING","GH","1000003","NASW037"
"NASW037_BD","NATA DE COCO SP STRAWBERRY 360GRX24PK","1","MFT","FOOD","BAD","PK","24.0000","CT","4810.4500","5405.0000","NU","PT. NIRAMAS UTAMA NIAGA","SW","SP STRAWBERRY","A","1000003","NASW037"
"NAVN038","NATA DE COCO SP VANILLA 1KGX12PK","1","MFT","FOOD","GOOD","PK","12.0000","CT","10983.0000","12340.0000","NU","PT. NIRAMAS UTAMA","NU06","NTD SP/KOLANG KALING","GH","1000014","NAVN038"
"NAVN038_BD","NATA DE COCO SP VANILLA 1KGX12PK","1","MFT","FOOD","BAD","PK","12.0000","CT","10983.0000","12340.0000","NU","PT. NIRAMAS UTAMA NIAGA","VN","SP VANILLA","A","1000014","NAVN038"
"NAVN039","NATA DE COCO SP VANILLA 360GRX24PK","1","MFT","FOOD","GOOD","PK","24.0000","CT","4810.4500","5405.0000","NU","PT. NIRAMAS UTAMA NIAGA","NU06","NTD SP/KOLANG KALING","GH","1000002","NAVN039"
"NAVN039_BD","NATA DE COCO SP VANILLA 360GRX24PK","1","MFT","FOOD","BAD","PK","24.0000","CT","4810.4500","5405.0000","NU","PT. NIRAMAS UTAMA NIAGA","VN","SP VANILLA","A","1000002","NAVN039"
"NDCC001","NATADECOCO COCOPANDAN 1KGX12","1","MFT","FOOD","GOOD","PC","12.0000","CT","10982.6000","12340.0000","NU","PT. NIRAMAS UTAMA","","","","1000360","NDCC001"
"NDSC001","NATADECOCO CUP SELASIH COCOPANDAN 200GX24","1","MFT","FOOD","GOOD","PC","24.0000","CT","3090.0800","3472.0000","NU","PT. NIRAMAS UTAMA","","","","1000361Z","NDSC001"
"NDSC001_BD","NATADECOCO CUP SELASIH COCOPANDAN 200GX24","1","MFT","FOOD","BAD","PC","24.0000","CT","3090.0800","3472.0000","NU","PT. NIRAMAS UTAMA","","","","","NDSC001"
"NTCK001_BD","NATA DRINK COKLAT 200ML 24/CT","1","MFT","FOOD","BAD","PC","24.0000","CT","0.0000","0.0000","NU","PT. NIRAMAS UTAMA NIAGA","","","A","","NTCK001"
"NTCP001_BD","NATA TETRA PACK CAPPUCCINO 200ML 24/CT","1","MFT","FOOD","BAD","PC","24.0000","CT","0.0000","0.0000","NU","PT. NIRAMAS UTAMA NIAGA","","","A","","NTCP001"
"NTDD001","NATA DECOCO DESERT GUAVA 200GR 24/CT","1","MFT","FOOD","GOOD","PC","24.0000","CT","3802.9700","4273.0000","NU","PT. NIRAMAS UTAMA NIAGA","NU02","NATACUP/ALOE","GH","1000023","NTDD001"
"NTDD001_BD","NATA DECOCO DESERT GUAVA 200GR 24/CT","1","MFT","FOOD","BAD","PC","24.0000","CT","3802.9700","4273.0000","NU","PT. NIRAMAS UTAMA NIAGA","","","A","1000023","NTDD001"
"NTDD002","NATA DECOCO CUT DUGAN 1KGX6","1","MFT","FOOD","GOOD","PC","6.0000","CT","10982.6000","12340.0000","NU","PT. NIRAMAS UTAMA","","","","1000336","NTDD002"
"NTDD002_BD","NATA DECOCO CUT DUGAN 1KGX6","1","MFT","FOOD","BAD","PC","6.0000","CT","10395.2000","11680.0000","NU","PT. NIRAMAS UTAMA","","","","1000336","NTDD002"
"NTKG001_BD","NATA KRIUUK GUAVA 24X200GR","1","MFT","FOOD","BAD","PC","24.0000","CT","1740.0400","1995.0000","NU","PT. NIRAMAS UTAMA NIAGA","","","A","","NTKG001"
"NTKL001_BD","NATA KRIUUK LYCHEE 24X200GR","1","MFT","FOOD","BAD","PC","24.0000","CT","1740.0400","1995.0000","NU","PT. NIRAMAS UTAMA NIAGA","","","A","","NTKL001"
"OBBL001_BD","OH BABY L 4S","1","M1","NON FOOD","BAD","PC","48.0000","CT","4773.6000","5364.0000","ZI","PT.ZENZEI INDONESIA","","","ABCDEFGH","","OBBL001"
"OBBL002-BD","OH BABY L 20S","1","M1","NON FOOD","BAD","PC","12.0000","CT","22250.0000","25000.0000","ZI","PT.ZENZEI INDONESIA","","","ABCDEFGH","","OBBL002"
"OBBM001_BD","OH BABY M 4S","1","M1","NON FOOD","BAD","PC","48.0000","CT","4450.0000","5000.0000","ZI","PT.ZENZEI INDONESIA","","","ABCDEFGH","","OBBM001"
"OBBM002_BD","OH BABY M 20S","1","M1","NON FOOD","BAD","PC","12.0000","CT","20632.0000","23182.0000","ZI","PT.ZENZEI INDONESIA","","","ABCDEFGH","","OBBM002"
"OBBS001_BD","OH BABY S 4S","1","M1","NON FOOD","BAD","PC","48.0000","CT","3802.7200","4272.7200","ZI","PT.ZENZEI INDONESIA","","","ABCDEFGH","","OBBS001"
"OBBS002_BD","OH BABY S 20S","1","M1","NON FOOD","BAD","PC","12.0000","CT","17720.0000","19910.0000","ZI","PT.ZENZEI INDONESIA","","","ABCDEFGH","","OBBS002"
"OBXL001_BD","OH BABY XL 4S","1","M1","FOOD","BAD","PC","48.0000","CT","5502.0000","6182.0000","ZI","PT.ZENZEI INDONESIA","","","ABCDEFGH","","OBXL001"
"OBXL002_BD","OH BABY XL 20S","1","M1","NON FOOD","BAD","PC","12.0000","CT","25567.2700","28727.2700","ZI","PT.ZENZEI INDONESIA","","","ABCDEFGH","","OBXL002"
"OCT01_BD","VEGIE CARROT","1","MFT","FOOD","BAD","PC","24.0000","CT","5220.0000","6300.0000","HC","HYDRO COCO","","","ABCDEFGHI","OCT01","OCT01"
"OKMJ049_BD","OK MINI JELLY 110GR 10CUPX24PK","1","MFT","FOOD","BAD","CP","24.0000","CT","0.0000","0.0000","NU","PT. NIRAMAS UTAMA NIAGA","MJ","MINI JELLY","A","","OKMJ049"
"OKMJ050_BD","OK MINI JELLY TOYS 16'S","1","MFT","FOOD","BAD","PK","24.0000","CT","6212.6800","7123.0000","NU","PT. NIRAMAS UTAMA NIAGA","MJ","MINI JELLY","A","","OKMJ050"
"OKMJ051_BD","OK MINI JELLY TOYS 8'S","1","MFT","FOOD","BAD","PK","48.0000","CT","3396.3500","3894.0000","NU","PT. NIRAMAS UTAMA NIAGA","MJ","MINI JELLY","A","","OKMJ051"
"ORR05_BD","LOVE JUICE ORANGE 300ML","1","MFT","FOOD","BAD","PC","24.0000","CT","3828.0000","4840.0000","HC","HYDRO COCO","","","ABCDEFGHI","ORR05","ORR05"
"ORR06_BD","LOVE JUICE ORANGE 1 LTR","1","MFT","FOOD","BAD","PC","12.0000","CT","13920.0000","16000.0000","HC","HYDRO COCO","","","ABCDEFGHI","ORR06","ORR06"
"ORR07_BD","LOVE JUICE ORANGE 2 LTR","1","MFT","FOOD","BAD","PC","6.0000","CT","25230.0000","29000.0000","HC","HYDRO COCO","","","ABCDEFGHI","ORR07","ORR07"
"PDPC001_BD","PUDING POWDER COKLAT 12X12 SHC","1","MFT","NON FOOD","BAD","PC","144.0000","CT","2543.3400","2916.0000","NU","PT. NIRAMAS UTAMA NIAGA","","","A","","PDPC001"
"PDPS001_BD","PUDING POWDER STRAW 12X12 SHCT","1","MFT","NON FOOD","BAD","PC","144.0000","CT","2543.3400","2916.0000","UNI","UNITED FAMILY FOOD","UNI","UNITED FAMILY FOOD","A","","PDPS001"
"PDYG001","PUDDING CUP YOGURT 120G X 48","1","MFT","FOOD","GOOD","PC","48.0000","CT","2754.5500","3095.0000","NU","PT. NIRAMAS UTAMA NIAGA","NU08","PUDDING","ABCDEFGHJI","1000274","PDYG001"
"PDYG001_BD","PUDDING CUP YOGURT 120G X 48","1","MFT","FOOD","BAD","PC","48.0000","CT","2754.5500","3095.0000","NU","PT. NIRAMAS UTAMA NIAGA","","","","1000274","PDYG001"
"PECA2","ENTRASOL CAN OLIVE MILK PROMO","1","MFT","FOOD","GOOD","PC","30.0000","CT","7505.0000","8050.0000","HC","HYDRO COCO","ENTRASOL","ENTRASOL","","","PECA2"
"PNIC001_BD","PINO ICE CUP 12X6X85GR","1","MFT","FOOD","BAD","PC","12.0000","CT","3905.9900","4242.4200","UNI","UNITED FAMILY FOOD","UNI","UNITED FAMILY FOOD","A","","PNIC001"
"PNIC001_BN","PINO ICE CUP 12X6X85GR","1","MFT","FOOD","BONUS","PC","12.0000","CT","0.0000","0.0000","BN","BONUS","","","ABCDEFGH","","PNIC001"
"PNIC002_BD","PINO ICE CUP GRAPE 12X6X85GR","1","MFT","FOOD","BAD","PC","12.0000","CT","3866.5000","5762.0000","UNI","UNITED FAMILY FOOD","UNI","UNITED FAMILY FOOD","A","","PNIC002"
"PNIC003_BD","PINO ICE CUP STRAW 12X6X85GR","1","MFT","FOOD","BAD","PC","12.0000","CT","3866.5000","5762.0000","UNI","UNITED FAMILY FOOD","UNI","UNITED FAMILY FOOD","A","","PNIC003"
"PNIC004_BD","PINO ICE CUP ORANGE 12X6X85GR","1","MFT","FOOD","BAD","PC","12.0000","CT","3866.5000","5762.0000","UNI","UNITED FAMILY FOOD","UNI","UNITED FAMILY FOOD","A","","PNIC004"
"PNIC004_BN","PINO ICE CUP ORANGE 12X6X85GR","1","MFT","FOOD","BONUS","PC","12.0000","CT","0.0000","0.0000","BN","BONUS","","","ABCDEFGH","","PNIC004"
"PNIC005","PINO ICE CUP BAG ASSORTED 12X6","1","MFT","FOOD","GOOD","BG","12.0000","CT","6567.0000","7132.0000","UNI","UNITED FAMILY FOOD","UNI1","UNIFAM BASE","ABCDEFGH","","PNIC005"
"PNIC005_BD","PINO ICE CUP BAG ASSORTED 12X6","1","MFT","FOOD","BAD","BG","12.0000","CT","6567.0000","7132.0000","UNI","UNITED FAMILY FOOD","UNI","UNITED FAMILY FOOD","A","","PNIC005"
"PNIC006_BN","PINO ICE CUP PK ASSORTED 12X6 JSB","1","MFT","FOOD","BONUS","PC","12.0000","CT","0.0000","0.0000","UNI","UNITED FAMILY FOOD","UNI","","ABCDEFGH","","PNIC006"
"PNIC007_BD","PINO ICE CUP PACK ASSORTED 20X6 LOKAL","1","MFT","FOOD","BAD","BG","20.0000","CT","4143.1500","4500.0000","UNI","UNITED FAMILY FOOD","UNI","UNITED FAMILY FOOD","ABCDEFGHI","","PNIC007"
"PNIC007_BN","PINO ICE CUP PACK ASSORTED 20X6 LOKAL","1","MFT","FOOD","BONUS","PC","20.0000","CT","0.0000","0.0000","UNI","UNITED FAMILY FOOD","UNI","UNITED FAMILY FOOD","ABCDEFGHI","","PNIC007"
"PNIC008_BD","PINO JELLY HIGH VIT-C ASS MG PN BAG 12X6X90G","1","MFT","FOOD","BAD","BG","12.0000","CT","7533.0000","8181.8200","UNI","UNITED FAMILY FOOD","UNI","UNITED FAMILY FOOD","ABCDEFGHI","","PNIC008"
"PNIC010_BD","PINO ICE CUP PACK PMG 20X6 LOKAL","1","MFT","FOOD","BAD","PC","20.0000","CT","4143.1500","4500.0000","UNI","UNITED FAMILY FOOD","UNI","UNITED FAMILY FOOD","","","PNIC010"
"PNIC011","PINO ICE CUP PMG MT 12X6 LOKAL","1","MFT","FOOD","GOOD","PK","12.0000","CT","6567.0000","7132.0000","UNI","UNITED FAMILY FOOD","UNI1","UNIFAM BASE","","","PNIC011"
"PNIC011_BD","PINO ICE CUP PMG MT 12X6 LOKAL","1","MFT","FOOD","BAD","PC","12.0000","CT","6567.0000","7132.0000","UNI","UNITED FAMILY FOOD","","","","","PNIC011"
"PNSM001_BD","PINO SORBETO MANGO BAG 12X6 LOKAL","1","MFT","FOOD","BAD","PC","12.0000","CT","5775.3200","6272.7500","UNI","UNITED FAMILY FOOD","UNI","UNITED FAMILY FOOD","A","","PNSM001"
"POPOKU FP XL 20_BD","POPOKU FP XL 20","1","M1","NON FOOD","BAD","PC","12.0000","PC","31745.4500","35272.7200","ZI","PT.ZENZEI INDONESIA","","","ABCDEFGH","","PPXL005"
"POR03_BD","LOVE JUICE POME 1 LTR","1","MFT","FOOD","BAD","PC","12.0000","CT","13920.0000","16000.0000","HC","HYDRO COCO","","","ABCDEFGHI","POR03","POR03"
"POR04_BD","LOVE JUICE POME 2 LTR","1","MFT","FOOD","BAD","PC","6.0000","CT","25320.0000","29000.0000","HC","HYDRO COCO","","","ABCDEFGHI","POR04","POR04"
"POR05_BD","LOVE JUICE POME 300ML","1","MFT","FOOD","BAD","PC","24.0000","CT","3828.0000","4840.0000","HC","HYDRO COCO","","","ABCDEFGHI","POR05","POR05"
"POR06_BD","LOVE JUICE POME 1LTR","1","MFT","FOOD","BAD","PC","12.0000","CT","13920.0000","16000.0000","HC","HYDRO COCO","","","ABCDEFGHI","POR06","POR06"
"PPAD001_BD","POPOKU ADULT DIAPERS M 10","1","M1","NON FOOD","BAD","PC","12.0000","CT","35918.1800","39909.0900","ZI","PT.ZENZEI INDONESIA","","","ABCDEFGH","","PPAD001"
"PPAD002_BD","POPOKU ADULT DIAPERS XL 10","1","M1","NON FOOD","BAD","PC","12.0000","CT","49054.0500","54504.5000","ZI","PT.ZENZEI INDONESIA","","","ABCDEFGH","","PPAD002"
"PPAD003","POPOKU ADULT M2 30/CT","1","M1","FOOD","GOOD","PC","30.0000","CT","9585.0000","10650.0000","ZI","PT.ZENZEI INDONESIA","","","ABCDEFGH","021013062","PPAD003"
"PPAD003_BD","POPOKU ADULT M2X30","1","M1","NON FOOD","BAD","PC","30.0000","CT","8351.3500","9279.2800","ZI","PT.ZENZEI INDONESIA","","","ABCDEFGH","","PPAD003"
"PPAD004","POPOKU ADULT L2 30/CT","1","M1","FOOD","GOOD","PC","30.0000","CT","10890.0000","12100.0000","ZI","PT.ZENZEI INDONESIA","","","ABCDEFGH","021013063","PPAD004"
"PPAD004_BD","POPOKU ADULT L2X30","1","M1","NON FOOD","BAD","PC","30.0000","CT","9567.5700","10630.6300","ZI","PT.ZENZEI INDONESIA","","","ABCDEFGH","","PPAD004"
"PPAD005","POPOKU ADULT XL2 30/CT","1","M1","FOOD","GOOD","PC","30.0000","CT","12147.3000","13497.0000","ZI","PT.ZENZEI INDONESIA","","","ABCDEFGH","021013064","PPAD005"
"PPAD005_BD","POPOKU ADULT XL2X30","1","M1","FOOD","BAD","PC","30.0000","CT","10459.4600","11621.6200","ZI","PT.ZENZEI INDONESIA","","","ABCDEFGH","","PPAD005"
"PPAD006","POPOKU ADULT PANTS M10 6/CT","1","M1","NON FOOD","GOOD","PC","6.0000","CT","65610.0000","72900.0000","ZI","PT.ZENZEI INDONESIA","","","ABCDEFGH","021013087","PPAD006"
"PPAD006_BD","POPOKU ADULT PANTS M10 X 6","1","M1","FOOD","BAD","PC","6.0000","CT","58621.6200","65135.1400","ZI","PT.ZENZEI INDONESIA","","","ABCDEFGH","","PPAD006"
"PPAD007","POPOKU ADULT PANTS L8 6/CT","1","M1","FOOD","GOOD","PC","6.0000","CT","58230.0000","64700.0000","ZI","PT.ZENZEI INDONESIA","","","ABCDEFGH","021013088","PPAD007"
"PPAD007_BD","POPOKU ADULT PANTS L8 X 6","1","M1","FOOD","BAD","PC","6.0000","CT","51567.5700","57297.3000","ZI","PT.ZENZEI INDONESIA","","","ABCDEFGHI","","PPAD007"
"PPAD008","POPOKU ADULT PANTS XL6 6/CT","1","M1","FOOD","GOOD","PC","6.0000","CT","50310.0000","55900.0000","ZI","PT.ZENZEI INDONESIA","","","ABCDEFGH","021013089","PPAD008"
"PPAD008_BD","POPOKU ADULT PANTS XL6 X 6","1","M1","FOOD","BAD","PC","6.0000","CT","44594.5900","49549.5500","ZI","PT.ZENZEI INDONESIA","","","ABCDEFGHI","","PPAD008"
"PPAD010","POPOKU ADULT XL 10 12/CT","1","M1","FOOD","GOOD","PC","12.0000","CT","58230.0000","64700.0000","ZI","PT.ZENZEI INDONESIA","","","ABCDEFGHI","021013065","PPAD010"
"PPAD010_BD","POPOKU ADULT XL 10X12","1","M1","FOOD","BAD","PC","12.0000","CT","50675.6700","56306.3000","ZI","PT.ZENZEI INDONESIA","","","ABCDEFGHI","","PPAD010"
"PPADL001","POPOKU ADULT DIAPERS L 10","1","M1","NON FOOD","GOOD","PC","12.0000","CT","49545.0000","55050.0000","ZI","PT.ZENZEI INDONESIA","","","ABCDEFGH","021013049","PPADL001"
"PPADL001_BD","POPOKU ADULT DIAPERS L 10","1","M1","NON FOOD","BAD","PC","12.0000","CT","43459.4600","48288.2900","ZI","PT.ZENZEI INDONESIA","","","ABCDEFGH","","PPADL001"
"PPADM001","POPOKU ADULT M10 12/CT","1","M1","FOOD","GOOD","PC","12.0000","CT","41400.0000","46000.0000","ZI","PT.ZENZEI INDONESIA","","","ABCDEFGH","021013048","PPADM001"
"PPADM001_BD","POPOKU ADULT M 10 X 12","1","M1","NON FOOD","BAD","PC","12.0000","CT","36648.6500","40720.7200","ZI","PT.ZENZEI INDONESIA","","","ABCDEFGHI","","PPADM001"
"PPADM002_BD","POPOKU ADULT M20","1","M1","NON FOOD","BAD","PC","6.0000","CT","111891.8900","124324.3200","ZI","PT.ZENZEI INDONESIA","","","","","PPADM002"
"PPAL001_BD","POPOKU ANABUL PET DIAPERS L10","1","M1","NON FOOD","BAD","PC","12.0000","CT","48648.6400","54054.0500","ZI","PT.ZENZEI INDONESIA","","","","","PPAL001"
"PPAM001_BD","POPOKU ANABUL PET DIAPERS M10","1","M1","NON FOOD","BAD","PC","12.0000","CT","44594.5900","49549.5400","ZI","PT.ZENZEI INDONESIA","","","","","PPAM001"
"PPAS001_BD","POPOKU ANABUL PET DIAPERS S10","1","M1","NON FOOD","BAD","PC","12.0000","CT","40540.5400","45045.0400","ZI","PT.ZENZEI INDONESIA","","","","","PPAS001"
"PPBW001_BD","POPOKU BABY WIPES 10S 144/CT","1","M1","NON FOOD","BAD","PC","144.0000","CT","2168.1000","2409.0000","ZI","PT.ZENZEI INDONESIA","","","ABCDEFGH","","PPBW001"
"PPKL001_BD","POPOKU L 10/CL","1","M1","NON FOOD","BAD","PAK","24.0000","CT","14189.1900","15765.7700","ZI","PT.ZENZEI INDONESIA","","","ABCDEFGH","","PPKL001"
"PPKL002_BD","POPOKU L 20","1","M1","NON FOOD","BAD","PAK","12.0000","CT","26189.1900","29099.1000","ZI","PT.ZENZEI INDONESIA","","","ABCDEFGH","","PPKL002"
"PPKL003","POPOKU PANTS L 1 20X6/CT","1","M1","NON FOOD","GOOD","PC","120.0000","CT","1337.4000","1486.0000","ZI","PT.ZENZEI INDONESIA","","","ABCDEFGH","","PPKL003"
"PPKL003_BD","POPOKU RENTENG L1","1","M1","NON FOOD","BAD","PC","120.0000","CT","1215.0000","1350.0000","ZI","PT.ZENZEI INDONESIA","","","ABCDEFGH","","PPKL003"
"PPKL004","POPOKU L 40","1","M1","NON FOOD","GOOD","PC","6.0000","CT","54810.9000","60901.0000","ZI","PT.ZENZEI INDONESIA","","","ABCDEFGH","021013085","PPKL004"
"PPKL004_BD","POPOKU L 40","1","M1","NON FOOD","BAD","PC","6.0000","CT","48081.0800","53423.4200","ZI","PT.ZENZEI INDONESIA","","","ABCDEFGH","","PPKL004"
"PPKL005_BD","POPOKU PANTS L 18X12","1","M1","NON FOOD","BAD","PC","12.0000","CT","27567.5700","30630.6300","ZI","PT.ZENZEI INDONESIA","","","ABCDEFGHI","","PPKL005"
"PPKL006_BD","POPOKU PANTS L18X12 (+3)N","1","M1","NON FOOD","BAD","PC","12.0000","CT","35108.1000","39009.0000","ZI","PT.ZENZEI INDONESIA","","","","","PPKL006"
"PPKL007","POPOKU BABY PANT L28 12/CT","1","M1","NON FOOD","GOOD","PC","12.0000","CT","46621.6200","51801.8000","ZI","PT.ZENZEI INDONESIA","","","ABCDEFHGIJ","","PPKL007"
"PPKL007_BD","POPOKU BABY PANT L28","1","M1","FOOD","BAD","PC","12.0000","CT","46621.6200","51801.8000","ZI","PT.ZENZEI INDONESIA","","","","","PPKL007"
"PPKM001","POPOKU M 10","1","M1","NON FOOD","GOOD","PAK","24.0000","CT","14310.9000","15901.0000","ZI","PT.ZENZEI INDONESIA","","","ABCDEFGH","021013076","PPKM001"
"PPKM001_BD","POPOKU M 10","1","M1","NON FOOD","BAD","PAK","24.0000","CT","12567.5700","13963.9600","ZI","PT.ZENZEI INDONESIA","","","ABCDEFGH","","PPKM001"
"PPKM002","POPOKU M 20","1","M1","NON FOOD","GOOD","PAK","12.0000","CT","27081.0000","30090.0000","ZI","PT.ZENZEI INDONESIA","","","ABCDEFGH","021013080","PPKM002"
"PPKM002_BD","POPOKU M 20","1","M1","NON FOOD","BAD","PAK","12.0000","CT","23756.7600","26396.4000","ZI","PT.ZENZEI INDONESIA","","","ABCDEFGH","","PPKM002"
"PPKM003","POPOKU PANTS M 1 20X6/CT","1","M1","NON FOOD","GOOD","PC","120.0000","CT","1296.9000","1441.0000","ZI","PT.ZENZEI INDONESIA","","","ABCDEFGH","","PPKM003"
"PPKM003_BD","POPOKU RENTENG M1","1","M1","NON FOOD","BAD","PC","120.0000","CT","1170.0000","1300.0000","ZI","PT.ZENZEI INDONESIA","","","ABCDEFGH","","PPKM003"
"PPKM004","POPOKU M 40","1","M1","NON FOOD","GOOD","PC","6.0000","CT","53919.0000","59910.0000","ZI","PT.ZENZEI INDONESIA","","","ABCDEFGH","021013084","PPKM004"
"PPKM004_BD","POPOKU M 40","1","M1","NON FOOD","BAD","PC","6.0000","CT","47270.2700","52522.5200","ZI","PT.ZENZEI INDONESIA","","","ABCDEFGH","","PPKM004"
"PPKS001","POPOKU S 10","1","M1","NON FOOD","GOOD","PAK","24.0000","CT","11554.2000","12838.0000","ZI","PT.ZENZEI INDONESIA","","","ABCDEFGH","021013075","PPKS001"
"PPKS001_BD","POPOKU S 10","1","M1","NON FOOD","BAD","PAK","24.0000","CT","10135.1400","11261.2500","ZI","PT.ZENZEI INDONESIA","","","ABCDEFGH","","PPKS001"
"PPKS002","POPOKU S 20","1","M1","NON FOOD","GOOD","PAK","12.0000","CT","22459.5000","24955.0000","ZI","PT.ZENZEI INDONESIA","","","ABCDEFGH","021013079","PPKS002"
"PPKS002_BD","POPOKU S 20","1","M1","NON FOOD","BAD","PAK","12.0000","CT","19702.7000","21891.8900","ZI","PT.ZENZEI INDONESIA","","","ABCDEFGH","","PPKS002"
"PPKS003_BD","POPOKU RENTENG S1","1","M1","NON FOOD","BAD","PC","120.0000","CT","1043.1800","1159.0900","ZI","PT.ZENZEI INDONESIA","","","ABCDEFGH","","PPKS003"
"PPKS004","POPOKU S 40","1","M1","NON FOOD","GOOD","PC","6.0000","CT","42811.2000","47568.0000","ZI","PT.ZENZEI INDONESIA","","","ABCDEFGH","","PPKS004"
"PPKS004_BD","POPOKU S 40/CL","1","M1","NON FOOD","BAD","PC","6.0000","CT","37540.5400","41711.7100","ZI","PT.ZENZEI INDONESIA","","","ABCDEFGH","","PPKS004"
"PPPL001_BD","POPOKU FP L10 24/CT","1","M1","NON FOOD","BAD","PC","24.0000","CT","15300.0000","17000.0000","ZI","PT.ZENZEI INDONESIA","","","ABCDEFGH","","PPPL001"
"PPPL003_BD","POPOKU FP L 1S","1","M1","NON FOOD","BAD","PC","120.0000","CT","1556.7600","1729.7300","ZI","PT.ZENZEI INDONESIA","","","ABCDEFGH","","PPPL003"
"PPPL004_BD","POPOKU FP L20","1","M1","NON FOOD","BAD","PC","12.0000","CT","28636.3600","31818.1800","ZI","PT.ZENZEI INDONESIA","","","ABCDEFGH","","PPPL004"
"PPPL005_BD","POPOKU FP XL10/24CT","1","M1","NON FOOD","BAD","PC","24.0000","CT","17509.0900","19454.5400","ZI","PT.ZENZEI INDONESIA","","","ABCDEFGH","","PPPL005"
"PPPL006_BD","POPOKU PANTS L 36X6","1","M1","FOOD","BAD","PC","6.0000","CT","51567.5700","57297.3000","ZI","PT.ZENZEI INDONESIA","","","ABCDEFGHI","","PPPL006"
"PPPL007_BD","POPOKU PANTS L 1X120","1","M1","FOOD","BAD","PC","120.0000","CT","1556.7600","1729.7300","ZI","PT.ZENZEI INDONESIA","","","ABCDEFGHI","","PPPL007"
"PPPL008_BD","POPOKU PANTS L 36X6 (+6)N","1","M1","NON FOOD","BAD","PC","6.0000","CT","70013.6200","77792.9200","ZI","PT.ZENZEI INDONESIA","","","","","PPPL008"
"PPPM001_BD","POPOKU FP M10 24/CT","1","M1","NON FOOD","BAD","PC","24.0000","CT","13909.0900","15454.5400","ZI","PT.ZENZEI INDONESIA","","","ABCDEFGH","","PPPM001"
"PPPM002_BD","POPOKU PANTS M20X12 (+3)N","1","M1","NON FOOD","BAD","PC","12.0000","CT","34662.1600","38513.5100","ZI","PT.ZENZEI INDONESIA","","","","","PPPM002"
"PPPM003_BD","POPOKU FP M 1S","1","M1","NON FOOD","BAD","PC","120.0000","CT","1431.8200","1590.9100","ZI","PT.ZENZEI INDONESIA","","","ABCDEFGH","","PPPM003"
"PPPM004_BD","POPOKU FP M20","1","M1","NON FOOD","BAD","PC","12.0000","CT","26590.9100","29545.4500","ZI","PT.ZENZEI INDONESIA","","","ABCDEFGH","","PPPM004"
"PPPM005_BD","POPOKU PANTS M 40X6","1","M1","FOOD","BAD","PC","6.0000","CT","51567.5700","57297.3000","ZI","PT.ZENZEI INDONESIA","","","ABCDEFGH","","PPPM005"
"PPPM007_BD","POPOKU PANTS M 20X12 12/CT","1","M1","FOOD","BAD","PC","12.0000","CT","27567.5700","30630.6300","ZI","PT.ZENZEI INDONESIA","","","ABCDEFGHI","","PPPM007"
"PPPM008_BD","POPOKU PANTS M 1X120","1","M1","FOOD","BAD","PC","120.0000","CT","1435.1400","1594.5900","ZI","PT.ZENZEI INDONESIA","","","ABCDEFGHI","","PPPM008"
"PPPM009","POPOKU BABY PANT M30","1","M1","NON FOOD","GOOD","PC","12.0000","CT","44189.1900","49099.1000","ZI","PT.ZENZEI INDONESIA","","","ABCDEFHGIJ","","PPPM009"
"PPPM009_BD","POPOKU BABY PANT M30","1","M1","NON FOOD","BAD","PC","12.0000","CT","44189.1900","49099.1000","ZI","PT.ZENZEI INDONESIA","","","","","PPPM009"
"PPPM010_BD","POPOKU PANTS M40X6 (+6)N","1","M1","NON FOOD","BAD","PC","6.0000","CT","67094.5900","74549.5400","ZI","PT.ZENZEI INDONESIA","","","","","PPPM010"
"PPPS001_BD","POPOKU PANTS S 22 X 12","1","M1","FOOD","BAD","PC","12.0000","CT","26756.7600","29729.7300","ZI","PT.ZENZEI INDONESIA","","","ABCDEFGHI","","PPPS001"
"PPPS004_BD","POPOKU PANTS S 44 X 6","1","M1","FOOD","BAD","PC","6.0000","CT","50108.1100","55675.6800","ZI","PT.ZENZEI INDONESIA","","","","","PPPS004"
"PPUP001_BD","POPOKU UNDERPAD 10SX12 - 60X90CM","1","M1","NON FOOD","BAD","PC","12.0000","CT","25945.9500","28828.8300","ZI","PT.ZENZEI INDONESIA","","","","","PPUP001"
"PPXL001_BD","POPOKU XL 10/CL","1","M1","NON FOOD","BAD","PAK","24.0000","CT","15810.8100","17567.5700","ZI","PT.ZENZEI INDONESIA","","","ABCDEFGH","","PPXL001"
"PPXL0010_BD","POPOKU PANTS XL 16X12 (+3)N","1","M1","NON FOOD","BAD","PC","12.0000","CT","37905.4000","42117.1100","ZI","PT.ZENZEI INDONESIA","","","","","PPXL0010"
"PPXL0012_BD","POPOKU PANTS XL 32X6 (+6)N","1","M1","NON FOOD","BAD","PC","6.0000","CT","71918.9100","79909.9100","ZI","PT.ZENZEI INDONESIA","","","","","PPXL0012"
"PPXL002_BD","POPOKU XL 20","1","M1","NON FOOD","BAD","PAK","12.0000","CT","29432.4300","32702.7000","ZI","PT.ZENZEI INDONESIA","","","ABCDEFGH","","PPXL002"
"PPXL003","POPOKU PANTS XL 1 20X6/CT","1","M1","NON FOOD","GOOD","PC","120.0000","CT","1702.8000","1892.0000","ZI","PT.ZENZEI INDONESIA","","","ABCDEFGH","","PPXL003"
"PPXL003_BD","POPOKU RENTENG XL 1","1","M1","NON FOOD","BAD","PC","120.0000","CT","1251.8100","1390.9000","ZI","PT.ZENZEI INDONESIA","","","ABCDEFGH","","PPXL003"
"PPXL004_BD","POPOKU FP XL 1S","1","M1","NON FOOD","BAD","PC","120.0000","CT","1743.2400","1936.9400","ZI","PT.ZENZEI INDONESIA","","","ABCDEFGH","","PPXL004"
"PPXL005_BD","POPOKU FP XL 20","1","M1","NON FOOD","BAD","PC","12.0000","CT","31745.4500","35272.7200","ZI","PT.ZENZEI INDONESIA","","","ABCDEFGH","","PPXL005"
"PPXL006_BD","POPOKU XL 40/CL","1","M1","NON FOOD","BAD","PC","1.0000","PC","54567.5700","60630.6300","ZI","PT.ZENZEI INDONESIA","","","ABCDEFGH","","PPXL006"
"PPXL007_BD","POPOKU PANTS XXL 1S X 120","1","M1","FOOD","BAD","PC","120.0000","CT","1986.4900","2207.2100","ZI","PT.ZENZEI INDONESIA","","","ABCDEFGHI","","PPXL007"
"PPXL007_BN","POPOKU PANTS XXL 1S X 120","1","M1","FOOD","BONUS","PC","120.0000","CT","0.0000","0.0000","ZI","PT.ZENZEI INDONESIA","","","ABCDEFGH","","PPXL007"
"PPXL008_BD","POPOKU PANTS XL 16X12","1","M1","FOOD","BAD","PC","12.0000","CT","27567.5700","30630.6300","ZI","PT.ZENZEI INDONESIA","","","ABCDEFGHI","","PPXL008"
"PPXL009_BD","POPOKU PANTS XXL 14X12","1","M1","FOOD","BAD","PC","12.0000","CT","27567.5700","30630.6300","ZI","PT.ZENZEI INDONESIA","","","ABCDEFGHI","","PPXL009"
"PPXL010_BD","POPOKU PANTS XL 32X6","1","M1","FOOD","BAD","PC","6.0000","CT","51567.5700","57297.3000","ZI","PT.ZENZEI INDONESIA","","","ABCDEFGHI","","PPXL010"
"PPXL011_BD","POPOKU PANTS XXL 28X6","1","M1","FOOD","BAD","PC","6.0000","CT","51567.5700","57297.3000","ZI","PT.ZENZEI INDONESIA","","","ABCDEFGHI","","PPXL011"
"PPXL012_BD","POPOKU PANTS XL 1X120","1","M1","FOOD","BAD","PC","120.0000","CT","1783.7800","1981.9800","ZI","PT.ZENZEI INDONESIA","","","ABCDEFGHI","","PPXL012"
"PPXL013","POPOKU BABY PANT XL24 12/CT","1","M1","NON FOOD","GOOD","PC","12.0000","CT","46621.6200","51801.8000","ZI","PT.ZENZEI INDONESIA","","","","","PPXL013"
"PPXL013_BD","POPOKU BABY PANT XL24","1","M1","NON FOOD","BAD","PC","12.0000","CT","46621.6200","51801.8000","ZI","PT.ZENZEI INDONESIA","","","","","PPXL013"
"PPXXL0011_BD","POPOKU PANTS XXL 14X12(+3)N","1","M1","NON FOOD","BAD","PC","12.0000","CT","39445.9400","43828.8200","ZI","PT.ZENZEI INDONESIA","","","","","PPXXL0011"
"PPXXL003","POPOKU PANTS XXL 1 20X6/CT","1","M1","NON FOOD","GOOD","PC","120.0000","CT","2107.8000","2342.0000","ZI","PT.ZENZEI INDONESIA","","","","","PPXXL003"
"PPXXL012","POPOKU BABY PANT XXL22","1","M1","NON FOOD","GOOD","PC","12.0000","CT","49054.0500","54504.5000","ZI","PT.ZENZEI INDONESIA","","","","","PPXXL012"
"PPXXL012_BD","POPOKU BABY PANT XXL22","1","M1","NON FOOD","BAD","PC","12.0000","CT","49054.0500","54504.5000","ZI","PT.ZENZEI INDONESIA","","","","","PPXXL012"
"PPXXL013_BD","POPOKU PANTS XXL28X6 (+6)N","1","M1","NON FOOD","BAD","PC","6.0000","CT","72405.4000","80450.4500","ZI","PT.ZENZEI INDONESIA","","","","","PPXXL013"
"RFIG001_BD","RTD FRESHWAY ICE GINGER 24X260ML","1","MFT","FOOD","BAD","PC","24.0000","CT","3345.4500","3636.3600","UNI","UNITED FAMILY FOOD","UNI","UNITED FAMILY FOOD","A","","RFIG001"
"RFIG001_BN","RTD FRESHWAY ICE GINGER 24X260ML","1","MFT","FOOD","BONUS","PC","24.0000","CT","0.0000","0.0000","UNI","UNITED FAMILY FOOD","UNI","","ABCDEFGH","","RFIG001"
"SAPN052_BD","SELAI ALOE WITH PINEAPPLE 360GRX24JAR","1","MFT","FOOD","BAD","JR","24.0000","CT","0.0000","0.0000","NU","PT. NIRAMAS UTAMA NIAGA","PN","PINEAPPLE","A","","SAPN052"
"SCBB002_BD","SPLIT CANDY  BARU BAG 20X30PC","1","MFT","FOOD","BAD","BAG","20.0000","CT","3649.6500","3964.0000","UNI","UNITED FAMILY FOOD","UNI","UNITED FAMILY FOOD","A","","SCBB002"
"SCBB002_BN","SPLIT CANDY BARU BAG 20X30PC","1","MFT","FOOD","BONUS","PC","20.0000","CT","0.0000","0.0000","UNI","UNITED FAMILY FOOD","UNI","","ABCDEFGH","","SCBB002"
"SCBB003","SPLIT CANDY BAG 20X40 LOKAL","1","MFT","FOOD","GOOD","PK","20.0000","CT","4977.0000","5405.0000","UNI","UNITED FAMILY FOOD","","","","","SCBB003"
"SCBB003_BD","SPLIT CANDY BAG 20X40 LOKAL","1","MFT","FOOD","BAD","PK","20.0000","CT","4977.0000","5405.0000","UNI","UNITED FAMILY FOOD","","","","","SCBB003"
"SCJR003_BD","SPLIT CANDY JAR 6 X200PC","1","MFT","FOOD","BAD","JAR","6.0000","CT","10500.0000","10710.0000","SC","SPLIT CANDY","CN","CANDY","A","","SCJR003"
"SCRC001_BD","SPLIT CANDY RC 10X54","1","MFT","FOOD","BAD","PC","10.0000","CT","5436.3800","5909.1100","UNI","UNITED FAMILY FOOD","UNI","UNITED FAMILY FOOD","A","","SCRC001"
"SCRC001_BN","SPLIT CANDY RENCENG 10 X 54 LOKAL","1","MFT","FOOD","BONUS","PC","10.0000","CT","0.0000","0.0000","UNI","UNITED FAMILY FOOD","UNI","","ABCDEFGH","","SCRC001"
"SCRG001","SPLIT CANDY RENCENG 20X30PC","1","MFT","FOOD","GOOD","HG","20.0000","CT","4396.0000","4775.0000","UNI","UNITED FAMILY FOOD","UNI1","UNIFAM BASE","ABCFG","4.010102.033","SCRG001"
"SCRG001_BD","SPLIT CANDY RENCENG 20X30PC","1","MFT","FOOD","BAD","HG","20.0000","CT","4271.7100","4639.6400","SC","SPLIT CANDY","CN","CANDY","A","","SCRG001"
"SCRG001_BN","SPLIT CANDY RENCENG 20HGX30PC","1","MFT","FOOD","BONUS","PC","20.0000","CT","0.0000","0.0000","UNI","UNITED FAMILY FOOD","UNI","","ABCDEFGH","","SCRG001"
"SFBS001_BD","Sola Farm Keripik Rasa Beef Steak 24PX45G","1","MFT","FOOD","BAD","PC","24.0000","CT","7465.1300","8108.1000","UNI","UNITED FAMILY FOOD","UNI","UNITED FAMILY FOOD","","","SFBS001"
"SFSW002_BD","Sola Farm Keripik Rasa Seaweed 24PX45G","1","MFT","FOOD","BAD","PC","24.0000","CT","7465.1300","8108.1000","UNI","UNITED FAMILY FOOD","UNI","UNITED FAMILY FOOD","","","SFSW002"
"SGP03_BD","LOVE JUICE SPESIAL GIFT PACK","1","MFT","FOOD","BAD","PC","24.0000","CT","12077.3400","15270.0000","HC","HYDRO COCO","","","ABCDEFGHI","SGP03","SGP03"
"SLHG001_BD","SPLIT LOLIPOP HGR 6X30","1","MFT","FOOD","BAD","PC","6.0000","CT","8788.4900","9545.4500","UNI","UNITED FAMILY FOOD","UNI","UNITED FAMILY FOOD","A","","SLHG001"
"SLHG001_BN","SPLIT LOLIPOP HGR 6X30","1","MFT","FOOD","BONUS","PC","6.0000","CT","0.0000","0.0000","UNI","UNITED FAMILY FOOD","UNI","","ABCDEFGH","","SLHG001"
"SLHG002_BD","SPLIT LOLIPOP HGR 6X36","1","MFT","FOOD","BAD","PK","6.0000","CT","12545.4500","13636.3600","UNI","UNITED FAMILY FOOD","UNI","UNITED FAMILY FOOD","A","","SLHG002"
"SLHG002_BN","SPLIT LOLIPOP HGR 6X36","1","MFT","FOOD","BONUS","PK","6.0000","CT","0.0000","0.0000","UNI","UNITED FAMILY FOOD","UNI","","ABCDEFGH","","SLHG002"
"SLHG003_BD","SPLIT LOLIPOP HGR 4X36 LOKAL","1","MFT","FOOD","BAD","PC","4.0000","CT","11299.5000","12272.7300","UNI","UNITED FAMILY FOOD","UNI","UNITED FAMILY FOOD","A","","SLHG003"
"SLHG003_BN","SPLIT LOLIPOP HGR 4X36 LOKAL","1","MFT","FOOD","BONUS","PC","4.0000","CT","0.0000","0.0000","UNI","UNITED FAMILY FOOD","UNI","","ABCDEFGH","","SLHG003"
"SLHG004_BD","SPLIT LOLIPOP INDIVIDUAL 4X36","1","MFT","FOOD","BAD","PC","4.0000","CT","12545.4500","13636.3600","UNI","UNITED FAMILY FOOD","UNI","UNITED FAMILY FOOD","A","","SLHG004"
"SLHG004_BN","SPLIT LOLIPOP INDIVIDUAL 4X36","1","MFT","FOOD","BONUS","PC","4.0000","CT","0.0000","0.0000","UNI","UNITED FAMILY FOOD","UNI","","ABCDEFGH","","SLHG004"
"SLHG005","SPLIT LOLIPOP MANGO HGR 6X36 LOKAL","1","MFT","FOOD","GOOD","PK","6.0000","CT","12193.0000","13243.0000","UNI","UNITED FAMILY FOOD","UNI1","UNIFAM BASE","ABCDEFGH","4.010102.070","SLHG005"
"SLHG005_BD","SPLIT LOLIPOP MANGO HGR 6X36 LOKAL","1","MFT","FOOD","BAD","PK","6.0000","CT","12027.1000","13063.0000","UNI","UNITED FAMILY FOOD","UNI","UNITED FAMILY FOOD","ABCDEFGHI","","SLHG005"
"SLHG006","SPLIT LOLIPOP LEMON HGR 6X36 LOKAL","1","MFT","FOOD","GOOD","PK","6.0000","CT","12193.0000","13243.0000","UNI","UNITED FAMILY FOOD","UNI1","UNIFAM BASE","ABCDEFGH","4.010102.043","SLHG006"
"SLHG006_BD","SPLIT LOLIPOP LEMON HGR 6X36 LOKAL","1","MFT","FOOD","BAD","PK","6.0000","CT","12027.1000","13063.0000","UNI","UNITED FAMILY FOOD","UNI","UNITED FAMILY FOOD","ABCDEFGHI","","SLHG006"
"SOR01_BD","LOVE JUICE SOURSOP 300 ML","1","MFT","FOOD","BAD","PC","24.0000","CT","3828.0000","4840.0000","HC","HYDRO COCO","","","ABCDEFGHI","SOR01","SOR01"
"SOR02_BD","LOVE JUICE SOURSOP 1 LTR","1","MFT","FOOD","BAD","PC","12.0000","CT","13920.0000","16000.0000","HC","HYDRO COCO","","","ABCDEFGHI","SOR02","SOR02"
"SUKO001_BD","SUKOKA CANDY RCG 20 X 30 PCS","1","MFT","FOOD","BAD","RTG","20.0000","CT","1976.0800","2631.0800","UNI","UNITED FAMILY FOOD","UNI","UNITED FAMILY FOOD","A","","SUKO001"
"SUTE001_BD","SUTEKA CANDY RCG 20 X 30","1","MFT","FOOD","BAD","RTG","20.0000","CT","2168.1800","2168.1800","UNI","UNITED FAMILY FOOD","UNI","UNITED FAMILY FOOD","A","","SUTE001"
"SZCR001_BD","SUPER ZUPER LOLIPOP CARAMEL HGR 4X36","1","MFT","FOOD","BAD","HG","4.0000","CT","11299.5000","12272.7300","UNI","UNITED FAMILY FOOD","UNI","UNITED FAMILY FOOD","A","","SZCR001"
"SZCR001_BN","SUPER ZUPER LOLIPOP CARAMEL HGR 4X36","1","MFT","FOOD","BONUS","PC","4.0000","CT","0.0000","0.0000","UNI","UNITED FAMILY FOOD","UNI","","ABCDEFGH","","SZCR001"
"SZRC002_BD","SUPER ZUPER RENTENG 20X36","1","MFT","FOOD","BAD","","20.0000","","3004.3100","3265.5500","SZ","SUPER ZUPER","SZ","SUPER ZUPER","A","","SZRC002"
"SZRC002_BN","SUPER ZUPER RENCENG 20X36","1","MFT","FOOD","BONUS","HG","20.0000","CT","0.0000","0.0000","BN","BONUS","","","ABCDEFGH","","SZRC002"
"SZRC003_BD","SUPER ZUPER RENTENG 10x54","1","MFT","FOOD","BAD","PC","10.0000","CT","5436.3600","5909.0900","UNI","UNITED FAMILY FOOD","UNI","UNITED FAMILY FOOD","A","","SZRC003"
"SZRC004_BD","SUPER ZUPER JAR 6X125PC","1","MFT","FOOD","BAD","PC","6.0000","CT","9217.5500","12175.9200","UNI","UNITED FAMILY FOOD","UNI","UNITED FAMILY FOOD","A","","SZRC004"
"SZRC005_BD","SUPER ZUPER REFIL 8BAGX125PC","1","MFT","FOOD","BAD","PC","8.0000","CT","12545.4500","13636.3600","UNI","UNITED FAMILY FOOD","UNI","UNITED FAMILY FOOD","A","","SZRC005"
"SZRC005_BN","SUPER ZUPER REFIL 8BAGX125PC","1","MFT","FOOD","BONUS","PC","1.0000","CT","0.0000","0.0000","UNI","UNITED FAMILY FOOD","UNI","","ABCDEFGH","","SZRC005"
"SZRC006","SUPER ZUPER MIX RENCENG 20X30","1","MFT","FOOD","GOOD","PK","20.0000","CT","4396.0000","4775.0000","UNI","UNITED FAMILY FOOD","UNI1","UNIFAM BASE","ABCDEFG","4.020102.018","SZRC006"
"SZRC006_BD","SUPER ZUPER MIX RENCENG 20X30","1","MFT","FOOD","BAD","PK","20.0000","CT","4396.0000","4775.0000","UNI","UNITED FAMILY FOOD","UNI","UNITED FAMILY FOOD","A","","SZRC006"
"SZRC006_BN","SUPER ZUPER MIX RENCENG 20X30","1","MFT","FOOD","BONUS","PC","20.0000","CT","0.0000","0.0000","UNI","UNITED FAMILY FOOD","UNI","","ABCDEFGH","","SZRC006"
"SZRC008","SUPER ZUPER MIX BAG 12X50 2.8G","1","MFT","FOOD","GOOD","BG","12.0000","CT","6843.0400","7432.4300","UNI","UNITED FAMILY FOOD","UNI1","UNIFAM BASE","ABCDEFGH","4.020402.017","SZRC008"
"SZRC008_BD","SUPER ZUPER MIX BAG 12X50 2.8G","1","MFT","FOOD","BAD","BG","12.0000","CT","6843.0400","7432.4300","UNI","UNITED FAMILY FOOD","UNI","UNITED FAMILY FOOD","A","","SZRC008"
"SZRC008_BN","SUPER ZUPER MIX BAG 12X50 2.8G","1","MFT","FOOD","BONUS","PC","12.0000","CT","0.0000","0.0000","UNI","UNITED FAMILY FOOD","UNI","","ABCDEFGH","","SZRC008"
"SZRC009_BD","SUPER ZUPER LOLI MANGO HGR 4X36","1","MFT","NON FOOD","BAD","PC","4.0000","CT","11299.5000","12272.7300","UNI","UNITED FAMILY FOOD","UNI","UNITED FAMILY FOOD","A","","SZRC009"
"SZRC009_BN","SUPER ZUPER LOLI MANGO HGR 4X36","1","MFT","FOOD","BONUS","PC","4.0000","CT","0.0000","0.0000","UNI","UNITED FAMILY FOOD","UNI","","ABCDEFGH","","SZRC009"
"SZRC011_BD","SUPER ZUPER LOLLIPOP MANGO HGR 6X36","1","MFT","FOOD","BAD","PK","6.0000","CT","11299.4300","12272.6600","UNI","UNITED FAMILY FOOD","UNI","UNITED FAMILY FOOD","ABCDEFGHI","","SZRC011"
"SZRC012","SUPER ZUPER LOLLI CELUP HGR 6X30 LOKAL","1","MFT","FOOD","GOOD","PC","6.0000","CT","18455.0000","20045.0000","UNI","UNITED FAMILY FOOD","UNI1","UNIFAM BASE","","","SZRC012"
"SZRC012_BD","SUPER ZUPER LOLLI CELUP HGR 6X30 LOKAL","1","MFT","FOOD","BAD","PC","6.0000","CT","18455.0000","20045.0000","UNI","UNITED FAMILY FOOD","UNI1","UNIFAM BASE","","","SZRC012"
"SZVC001_BD","SUPER ZUPER LOLLIPOP VIT C-100ML 6X20LOKAL","1","MFT","FOOD","BAD","BG","6.0000","CT","12150.0000","12272.7300","UNI","UNITED FAMILY FOOD","UNI","UNITED FAMILY FOOD","ABCDEFGHI","","SZVC001"
"TGBD001","KATA OMA TELUR GABUS BALADO BAG 24X50GR","1","MFT","FOOD","GOOD","PC","24.0000","CT","9223.5700","10018.0000","UNI","UNITED FAMILY FOOD","UNI3","KATA OMA","ABCDEFGHI","4.160402.003","TGBD001"
"TGBD001_BD","KATA OMA TELUR GABUS BALADO BAG 24X50GR","1","MFT","FOOD","BAD","PC","24.0000","CT","9223.5700","10018.0000","UNI","UNITED FAMILY FOOD","UNI","UNITED FAMILY FOOD","ABCDEFGHI","","TGBD001"
"TGGA001","KATA OMA TELUR GABUS GULA AREN 1X24x50GR","1","MFT","FOOD","GOOD","PC","24.0000","CT","9223.5700","10018.0000","UNI","UNITED FAMILY FOOD","UNI3","KATA OMA","ABCDEFGHI","4.160402.002","TGGA001"
"TGGA001_BD","KATA OMA TELUR GABUS GULA AREN 1X24","1","MFT","FOOD","BAD","PC","24.0000","CT","9223.5700","10018.0000","UNI","UNITED FAMILY FOOD","UNI","UNITED FAMILY FOOD","ABCDEFGHI","","TGGA001"
"TGKJ001","KATA OMA TELUR GABUS KEJU BAG 1X24X50GR","1","MFT","FOOD","GOOD","PC","24.0000","CT","9223.5700","10018.0000","UNI","UNITED FAMILY FOOD","UNI3","KATA OMA","ABCDEFGHI","4.160402.001","TGKJ001"
"TGKJ001_BD","KATA OMA TELUR GABUS KEJU BAG 1X24","1","MFT","FOOD","BAD","PC","24.0000","CT","9223.5700","10018.0000","UNI","UNITED FAMILY FOOD","UNI","UNITED FAMILY FOOD","ABCDEFGHI","","TGKJ001"
"TGL","TUMBLER GIMMIX LEXUA","1","MFT","FOOD","BONUS","PC","1.0000","PC","0.0000","0.0000","B7","BINTANG TOEDJOE","","","","","TGL"
"TGTA001","KATA OMA TELUR GABUS TELUR ASIN 24X50GR","1","MFT","FOOD","GOOD","PC","24.0000","CT","11620.1500","12621.0000","UNI","UNITED FAMILY FOOD","UNI3","KATA OMA","ABCDEFGHJI","4.160402.004","TGTA001"
"TGTA001_BD","KATA OMA TELUR GABUS TELUR ASIN 24X50GR","1","MFT","FOOD","BAD","PC","24.0000","CT","11620.1500","12621.0000","UNI","UNITED FAMILY FOOD","UNI","UNITED FAMILY FOOD","","","TGTA001"
"TOP01_BD","VEGIE TOMATO","1","MFT","FOOD","BAD","PC","24.0000","CT","5220.0000","6300.0000","HC","HYDRO COCO","","","ABCDEFGHI","TOP01","TOP01"
"TRPP001_BD","TARO PUDDING PUREE 90GR 48/CT","1","MFT","FOOD","BAD","PC","48.0000","CT","0.0000","0.0000","NU","PT. NIRAMAS UTAMA NIAGA","","","A","","TRPP001"
"TTJL001_BD","TURTLE JELLY 8SX10GR","1","MFT","FOOD","BAD","PC","25.0000","CT","0.0000","0.0000","NU","PT. NIRAMAS UTAMA NIAGA","","","A","","TTJL001"
"UBCC001","LEMONILO BROWNIES CRISPY CHOCOLATE 35GR","1","MFT","FOOD","GOOD","PC","12.0000","CT","8211.7200","8919.0000","UNI","UNITED FAMILY FOOD","UNI4","LEMONILO MT","","4140902037","UBCC001"
"UBCC001_BD","LEMONILO BROWNIES CRISPY CHOCOLATE 40GR","1","MFT","FOOD","BAD","PC","12.0000","CT","8211.7200","8919.0000","UNI","UNITED FAMILY FOOD","UNI","UNITED FAMILY FOOD","","8997232970046","UBCC001"
"UBCC003","LEMONILO BROWNIES MINI CHO 24PCHX12GR","1","MFT","FOOD","GOOD","PC","24.0000","CT","3566.6700","3873.8700","UNI","UNITED FAMILY FOOD","UNI4","LEMONILO MT","","","UBCC003"
"UBCC003_BD","LEMONILO BROWNIES MINI CHO 24PCHX12GR","1","MFT","FOOD","BAD","PC","24.0000","CT","3566.6700","3873.8700","UNI","UNITED FAMILY FOOD","UNI4","LEMONILO MT","","","UBCC003"
"UBCS002","LEMONILO BROWNIES CRISPY CHEESE 35GR","1","MFT","FOOD","GOOD","PC","12.0000","CT","8211.7200","8919.0000","UNI","UNITED FAMILY FOOD","UNI4","LEMONILO MT","","4140902038","UBCS002"
"UBCS002_BD","LEMONILO BROWNIES CRISPY CHEESE 40GR","1","MFT","FOOD","BAD","PC","12.0000","CT","8211.7200","8919.0000","UNI","UNITED FAMILY FOOD","UNI","UNITED FAMILY FOOD","","8997232970053","UBCS002"
"UCKS001","Cassamo Keripik Singkong Smoky BBQ 24/CT","1","MFT","FOOD","GOOD","PC","24.0000","CT","4541.8100","4933.0000","UNI","UNITED FAMILY FOOD","UNI4","LEMONILO MT","","","UCKS001"
"UCKS001_BD","Cassamo Keripik Singkong Smoky BBQ 24/CT","1","MFT","NON FOOD","BAD","PC","24.0000","CT","4541.8100","4933.0000","UNI","UNITED FAMILY FOOD","UNI","UNITED FAMILY FOOD","","","UCKS001"
"UCKS002","Cassamo Keripik Singkong Spicy BBQ 24/CT","1","MFT","FOOD","GOOD","PC","24.0000","CT","4541.8100","4933.0000","UNI","UNITED FAMILY FOOD","UNI4","LEMONILO MT","","","UCKS002"
"UCKS002_BD","Cassamo Keripik Singkong Spicy BBQ 24/CT","1","MFT","NON FOOD","BAD","PC","24.0000","CT","4541.8100","4933.0000","UNI","UNITED FAMILY FOOD","UNI","UNITED FAMILY FOOD","","","UCKS002"
"UCKS003","GT Cassamo Keripik Singkong Smoky BBQ RCG 60/CT","1","MFT","FOOD","GOOD","PC","60.0000","CT","1424.2900","1531.5000","UNI","UNITED FAMILY FOOD","UNI5","LEMONILO GT","","","UCKS003"
"UCKS003_BD","GT Cassamo Keripik Singkong Smoky BBQ RCG 60/CT","1","MFT","FOOD","BAD","PC","60.0000","CT","1424.2900","1531.5000","UNI","UNITED FAMILY FOOD","","","","","UCKS003"
"UCKS004","GT Cassamo Keripik Singkong Spicy BBQ RCG 60/CT","1","MFT","FOOD","GOOD","PC","60.0000","CT","1424.2900","1531.5000","UNI","UNITED FAMILY FOOD","UNI5","LEMONILO GT","","","UCKS004"
"UCKS004_BD","GT Cassamo Keripik Singkong Spicy BBQ RCG 60/CT","1","MFT","FOOD","BAD","PC","60.0000","CT","1424.2900","1531.5000","UNI","UNITED FAMILY FOOD","","","","","UCKS004"
"VTBM001","VITABUMIN 130ML","1","M1","FOOD","GOOD","PC","30.0000","CT","42763.6400","50909.0900","VITA","VITABUMIN","VITA","VITABUMIN","ABCDEFGHI","","VTBM001"
"VTBM001_BD","VITABUMIN 130ML","1","M1","FOOD","BAD","PC","30.0000","CT","42763.6400","50909.0900","VITA","VITABUMIN","VITA","VITABUMIN","ABCDEFGHI","","VTBM001"
"VTBM002","VITABUMIN 60ML","1","M1","FOOD","GOOD","PC","48.0000","CT","21354.5400","24545.4500","VITA","VITABUMIN","VITA","VITABUMIN","ABCDEFGHI","","VTBM002"
"VTBM002_BD","VITABUMIN 60ML","1","M1","FOOD","BAD","PC","48.0000","CT","21354.5400","24545.4500","VITA","VITABUMIN","VITA","VITABUMIN","ABCDEFGHI","","VTBM002"
"XJSGEL0001","GELAS KACA SUJAMER","1","MFT","FOOD","BONUS","PC","72.0000","CT","0.0000","0.0000","B7","BINTANG TOEDJOE","","","ABCDEFGHI","","XJSGEL0001"
"YOMJ053_BD","YOI MINI JELLY 10S 15GRX36PK","1","MFT","FOOD","BAD","PK","36.0000","CT","0.0000","0.0000","NU","PT. NIRAMAS UTAMA NIAGA","MJ","MINI JELLY","A","","YOMJ053"
"YOMJ054_BD","YOI MINI JELLY 5'S 15GRX72PK","1","MFT","FOOD","BAD","PK","72.0000","CT","0.0000","0.0000","NU","PT. NIRAMAS UTAMA NIAGA","MJ","MINI JELLY","A","","YOMJ054"
"ZCRTD","ZEE RTD SWIZZ COK 185ML","1","MFT","FOOD","GOOD","PC","24.0000","CT","4950.0000","5200.0000","HC","HYDRO COCO","ZEE","ZEE","","","ZCRTD"
"ZCRTD_BD","ZEE RTD SWIZZ COK 185ML","1","MFT","FOOD","BAD","PC","24.0000","CT","4950.0000","5200.0000","HC","HYDRO COCO","ZEE","ZEE","","","ZCRTD"
"ZLI01","ZEE UHT CHOCOLATE 115 ML","1","MFT","FOOD","GOOD","PC","40.0000","CT","2196.0000","2610.0000","HC","HYDRO COCO","ZEE","ZEE","","ZLI01000","ZLI01"
"ZLI01_BD","ZEE UHT CHOCOLATE 115 ML","1","MFT","FOOD","BAD","PC","40.0000","CT","2196.0000","2610.0000","HC","HYDRO COCO","","","","ZLI01000","ZLI01"
"ZLI02","ZEE UHT STRAWBERRY 115 ML","1","MFT","FOOD","GOOD","PC","40.0000","CT","2196.0000","2610.0000","HC","HYDRO COCO","","","","2LI02000","ZLI02"
"ZSRTD","ZEE RTD STRAWBERRY 185ML","1","MFT","FOOD","GOOD","PC","24.0000","CT","4950.0000","5200.0000","HC","HYDRO COCO","ZEE","ZEE","","","ZSRTD"
"ZSRTD_BD","ZEE RTD STRAWBERRY 185ML","1","MFT","FOOD","BAD","PC","24.0000","CT","4950.0000","5200.0000","HC","HYDRO COCO","ZEE","ZEE","","","ZSRTD"
