"Kode","Nama","Active","Principle","Jenis","KodePrinciple","NamaPrinciple"
"00023","BK/GARLIC BREAD CRACKERS 108GR 6X4BAG","1","MFB","GOOD","KOKOLA","PT.MEGA NIAGA NUSANTARA"
"00023_BD","BK/GARLIC BREAD CRACKERS 108GR 6X4BAG","1","MFB","BAD","KOKOLA","PT.MEGA NIAGA NUSANTARA"
"1000318","MINIBITES SNACK KR SPFR CHICKEN 15GX60","1","MFB","GOOD","NU","PT. NIRAMAS UTAMA"
"1000319","MINIBITES SNACK KR SEAWEED 15GX60","1","MFB","GOOD","NU","PT. NIRAMAS UTAMA"
"1000320","MINIBITES SNACK KR BARBEQUE 15GX60","1","MFB","GOOD","NU","PT. NIRAMAS UTAMA"
"10006","BK/HAPPY HAPPY 700GR/6BUCKET","1","MFB","GOOD","KOKOLA","PT.MEGA NIAGA NUSANTARA"
"10006_BD","BK/HAPPY HAPPY 700GR/6BUCKET","1","MFB","BAD","KOKOLA","PT.MEGA NIAGA NUSANTARA"
"10007","BK/FAMILY ASSORTED 400GR 6BUCKET","1","MFB","GOOD","KOKOLA","PT.MEGA NIAGA NUSANTARA"
"10030","WLK/MAJESTIC AVOCADO CHOCOLATE 70GR 10X3","1","MFB","GOOD","KOKOLA","PT.MEGA NIAGA NUSANTARA"
"10030_BD","WLK/MAJESTIC AVOCADO CHOCOLATE 70GR 10X3","1","MFB","BAD","KOKOLA","PT.MEGA NIAGA NUSANTARA"
"10030_BN","WLK/MAJESTIC AVOCADO CHOCOLATE 70GR 10X3","1","MFB","BONUS","KOKOLA","PT.MEGA NIAGA NUSANTARA"
"10033","WLK/MAJESTIC CHOCOLATTE 70GR 10X3","1","MFB","GOOD","KOKOLA","PT.MEGA NIAGA NUSANTARA"
"10033_BD","WLK/MAJESTIC CHOCOLATTE 70GR 10X3","1","MFB","BAD","KOKOLA","PT.MEGA NIAGA NUSANTARA"
"10033_BN","WLK/MAJESTIC CHOCOLATTE 70GR 10X3","1","MFB","BONUS","KOKOLA","PT.MEGA NIAGA NUSANTARA"
"10034","WLK/HOKAIDO MAJESTIC CHEESE 70GR 10X3","1","MFB","GOOD","KOKOLA","PT.MEGA NIAGA NUSANTARA"
"10034_BD","WLK/HOKAIDO MAJESTIC CHEESE 70GR 10X3","1","MFB","BAD","KOKOLA","PT.MEGA NIAGA NUSANTARA"
"10034_BN","WLK/HOKAIDO MAJESTIC CHEESE 70GR 10X3","1","MFB","BONUS","KOKOLA","PT.MEGA NIAGA NUSANTARA"
"10035","WLK/WAFER CHEESE 252GR 6BUCKET","1","MFB","GOOD","KOKOLA","PT.MEGA NIAGA NUSANTARA"
"10036","WLK/WAFER CHOCOLATE 252GR 6BUCKET","1","MFB","GOOD","KOKOLA","PT.MEGA NIAGA NUSANTARA"
"10051","WLK/MAJESTIC THAI TEA 70GR 10X3","1","MFB","GOOD","KOKOLA","PT.MEGA NIAGA NUSANTARA"
"10051_BD","WLK/MAJESTIC THAI TEA 70GR 10X3","1","MFB","BAD","KOKOLA","PT.MEGA NIAGA NUSANTARA"
"10052","WLK/MAJESTIC DALGONA COFFEE 70GR 10X3","1","MFB","GOOD","KOKOLA","PT.MEGA NIAGA NUSANTARA"
"10052_BD","WLK/MAJESTIC DALGONA COFFEE 70GR 10X3","1","MFB","BAD","KOKOLA","PT.MEGA NIAGA NUSANTARA"
"1014865","SPICY GALBY MARINADE SAUCE 280G","0","MFB","GOOD","10","PT. DAESANG AGUNG"
"1015577","MMSK TP ROTI 1000g","1","MFB","GOOD","10","PT. DAESANG AGUNG"
"1015577_BD","MMSK TP ROTI 1000g","1","MFB","BAD","10","PT. DAESANG AGUNG"
"1015679","MMSK TP ROTI 500GR (X12EA)","1","MFB","GOOD","10","PT. DAESANG AGUNG"
"1015679_BD","MMSK TP ROTI 500GR (X12EA)","1","MFB","BAD","10","PT. DAESANG AGUNG"
"1015881","MMSK TP BAKWAN (R) 100GR (X120EA)","0","MFB","GOOD","10","PT. DAESANG AGUNG"
"1015881_BD","MMSK TP BAKWAN (R) 100GR (X120EA)","1","MFB","BAD","10","PT. DAESANG AGUNG"
"1015941","MMSK TP BB KRISPI RCG 80GRX120EA","0","MFB","GOOD","10","PT. DAESANG AGUNG"
"1015941_BD","MMSK TP BB KRISPI RCG 80GRX120EA","1","MFB","BAD","10","PT. DAESANG AGUNG"
"1015943","MMSK TP PISANG GRG PANDAN RCG 80GRX120EA","0","MFB","GOOD","10","PT. DAESANG AGUNG"
"1015943_BD","MMSK TP PISANG GRG PANDAN RCG 80GRX120EA","1","MFB","BAD","10","PT. DAESANG AGUNG"
"1015944","MMSK TP TEMPE GRG RCG 80GRX120EA","0","MFB","GOOD","10","PT. DAESANG AGUNG"
"1015944_BD","MMSK TP TEMPE GRG RCG 80GRX120EA","1","MFB","BAD","10","PT. DAESANG AGUNG"
"1015957","MMSK TP BB KRISPI HOT RCG 80GRX120EA","0","MFB","GOOD","10","PT. DAESANG AGUNG"
"1015957_BD","MMSK TP BB KRISPI HOT RCG 80GRX120EA","1","MFB","BAD","10","PT. DAESANG AGUNG"
"1016835","MMSK TP KRISPI KEJU 180GRX40EA","0","MFB","GOOD","10","PT. DAESANG AGUNG"
"1016835_BD","MMSK TP KRISPI KEJU 180GRX40EA","1","MFB","BAD","10","PT. DAESANG AGUNG"
"1016844","MMSK TP KRISPI LADA HTM 180GRX40EA","0","MFB","GOOD","10","PT. DAESANG AGUNG"
"1016844_BD","MMSK TP KRISPI LADA HTM 180GRX40EA","1","MFB","BAD","10","PT. DAESANG AGUNG"
"1017196","MMSK TP BAKWAN UDANG 180GR 40/CT","0","MFB","GOOD","10","PT. DAESANG AGUNG"
"1017196_BD","MMSK TP BAKWAN UDANG 180GR 40/CT","1","MFB","BAD","10","PT. DAESANG AGUNG"
"1017197","MMSK TP BAKWAN JAGUNG 180 GR 40/CT","0","MFB","GOOD","10","PT. DAESANG AGUNG"
"1017197_BD","MMSK TP BAKWAN JAGUNG 180 GR 40/CT","1","MFB","BAD","10","PT. DAESANG AGUNG"
"1017372","MMSK SAMBAL TERASI SCH 15GR X 300EA","1","MFB","GOOD","10","PT. DAESANG AGUNG"
"1017372_BD","MMSK SAMBAL TERASI SCH 15GR X 300EA","1","MFB","BAD","10","PT. DAESANG AGUNG"
"1017795","MMSK TP MAIZENA 150GRX24EA","1","MFB","GOOD","10","PT. DAESANG AGUNG"
"1017795_BD","MMSK TP MAIZENA 150GRX24EA","1","MFB","BAD","10","PT. DAESANG AGUNG"
"1017914","MMSK TP BB KRISPI RCG 35GRX200EA","1","MFB","GOOD","10","PT. DAESANG AGUNG"
"1017914_BD","MMSK TP BB KRISPI RCG 35GRX200EA","1","MFB","BAD","10","PT. DAESANG AGUNG"
"1017915","MMSK TP BB KRISPI 225GRX40EA","0","MFB","GOOD","10","PT. DAESANG AGUNG"
"1017915_BD","MMSK TP BB KRISPI 225GRX40EA","1","MFB","BAD","10","PT. DAESANG AGUNG"
"1017922","MMSK TP PISANG GRG PANDAN 225GR","0","MFB","GOOD","10","PT. DAESANG AGUNG"
"1017922_BD","MMSK TP PISANG GRG PANDAN 225GR","1","MFB","BAD","10","PT. DAESANG AGUNG"
"1018009","MMSK TP BAKWAN 1KGX10EA","1","MFB","GOOD","10","PT. DAESANG AGUNG"
"1018009_BD","MMSK TP BAKWAN 1KGX10EA","1","MFB","BAD","10","PT. DAESANG AGUNG"
"1018013","BIO MIWON 200GR PREMIUM M(X80EA)","1","MFB","GOOD","10","PT. DAESANG AGUNG"
"1018013_BD","BIO MIWON 200GR PREMIUM M(X80EA)","1","MFB","BAD","10","PT. DAESANG AGUNG"
"1018025","BIO MIWON 40GR PREMIUM M(X240EA)","1","MFB","GOOD","10","PT. DAESANG AGUNG"
"1018025_BD","BIO MIWON 40GR PREMIUM M(X240EA)","1","MFB","BAD","10","PT. DAESANG AGUNG"
"1018061","MMSK PANCAKE MIX ORIGINAL 190GRX24EA","1","MFB","GOOD","10","PT. DAESANG AGUNG"
"1018061_BD","MMSK PANCAKE MIX ORIGINAL 190GRX24EA","1","MFB","BAD","10","PT. DAESANG AGUNG"
"1018185","MMSK GIM 4.5GR P2 (X80EA) RUMPUT LAUT","1","MFB","GOOD","10","PT. DAESANG AGUNG"
"1018185_BD","MMSK GIM 4.5GR P2 (X80EA) RUMPUT LAUT","1","MFB","BAD","10","PT. DAESANG AGUNG"
"1018261","MMSK GARAM REGULER250GR(x48EA)","1","MFB","GOOD","10","PT. DAESANG AGUNG"
"1018261_BD","MMSK GARAM REGULER250GR(x48EA)","1","MFB","BAD","10","PT. DAESANG AGUNG"
"1018357","MMSK BB KUAH BAKSO 8GRX720EA","1","MFB","GOOD","10","PT. DAESANG AGUNG"
"1018357_BD","MMSK BB KUAH BAKSO 8GRX720EA","1","MFB","BAD","10","PT. DAESANG AGUNG"
"1018450","MMSK TP ROTI 10KG MIX","1","MFB","GOOD","10","PT. DAESANG AGUNG"
"1018450_BD","MMSK TP ROTI 10KG MIX","1","MFB","BAD","10","PT. DAESANG AGUNG"
"1018516","Sunchang Gochujang 500g","1","MFB","GOOD","10","PT. DAESANG AGUNG"
"1018519","Gochujang 1kg (Indonesia)","1","MFB","GOOD","10","PT. DAESANG AGUNG"
"1018739","MMSK BB KUAH BAKSO 250GX40EA","1","MFB","GOOD","10","PT. DAESANG AGUNG"
"1018739_BD","MMSK BB KUAH BAKSO 250GX40EA","1","MFB","BAD","10","PT. DAESANG AGUNG"
"1019481","MMSK TP PISANG GRG VANILA (RCG) 80GR (X1","0","MFB","GOOD","10","PT. DAESANG AGUNG"
"1019481_BD","MMSK TP PISANG GRG VANILA (RCG) 80GR (X1","1","MFB","BAD","10","PT. DAESANG AGUNG"
"1019535","MMSK TP TEMPE GORENG (RCG) 30 GR (x200EA","0","MFB","GOOD","10","PT. DAESANG AGUNG"
"1019535_BD","MMSK TP TEMPE GORENG (RCG) 30 GR (x200EA","1","MFB","BAD","10","PT. DAESANG AGUNG"
"1019555","MMSK TP PISANG GRG VANILA 225GR","0","MFB","GOOD","10","PT. DAESANG AGUNG"
"1019555_BD","MMSK TP PISANG GRG VANILA 225GR","1","MFB","BAD","10","PT. DAESANG AGUNG"
"1019741","MMSK TP BB KRISPI 900GRX10EA","1","MFB","GOOD","10","PT. DAESANG AGUNG"
"1019741_BD","MMSK TP BB KRISPI 900GRX10EA","1","MFB","BAD","10","PT. DAESANG AGUNG"
"1020171","DELISAOS S TIRAM UDG&JMR 130ML (X24EA)","0","MFB","GOOD","10","PT. DAESANG AGUNG"
"1020171_BD","DELISAOS S TIRAM UDG&JMR 130ML (X24EA)","1","MFB","BAD","10","PT. DAESANG AGUNG"
"1020175","DELISAOS S TIRAM UDG&JMR 260ML (X12 EA)","1","MFB","GOOD","10","PT. DAESANG AGUNG"
"1020175_BD","DELISAOS S TIRAM UDG&JMR 260ML (X12 EA)","1","MFB","BAD","10","PT. DAESANG AGUNG"
"1020176","DELISAOS HOT LAVA 160ML (X24 EA)","1","MFB","GOOD","10","PT. DAESANG AGUNG"
"1020176_BD","DELISAOS HOT LAVA 130ML (X24 EA)","1","MFB","BAD","10","PT. DAESANG AGUNG"
"1020177","DELISAOS HOT LAVA 260ML (X12 EA)","1","MFB","GOOD","10","PT. DAESANG AGUNG"
"1020177_BD","DELISAOS HOT LAVA 260ML (X12 EA)","1","MFB","BAD","10","PT. DAESANG AGUNG"
"1020178","DELISAOS S TIRAM MANIS 130ML (X24 EA)","0","MFB","GOOD","10","PT. DAESANG AGUNG"
"1020178_BD","DELISAOS S TIRAM MANIS 130ML (X24 EA)","1","MFB","BAD","10","PT. DAESANG AGUNG"
"1020179","DELISAOS S TIRAM MANIS 260ML (X12 EA)","1","MFB","GOOD","10","PT. DAESANG AGUNG"
"1020179_BD","DELISAOS S TIRAM MANIS 260ML (X12 EA)","1","MFB","BAD","10","PT. DAESANG AGUNG"
"1020190","MMSK MAYONAIS 100GR 40/CT","1","MFB","GOOD","10","PT. DAESANG AGUNG"
"1020190_BD","MMSK MAYONAIS 100GR 40/CT","1","MFB","BAD","10","PT. DAESANG AGUNG"
"1020191","MMSK MAYONAIS 300GR (x12EA)","1","MFB","GOOD","10","PT. DAESANG AGUNG"
"1020191_BD","MMSK MAYONAIS 300GR (x12EA)","1","MFB","BAD","10","PT. DAESANG AGUNG"
"1020193","MMSK MAYONAIS 1KG (x8EA)","0","MFB","GOOD","10","PT. DAESANG AGUNG"
"1020193_BD","MMSK MAYONAIS 1KG (x8EA)","1","MFB","BAD","10","PT. DAESANG AGUNG"
"1020195","MMSK CHEESY MAYONNAISE 100GR","0","MFB","GOOD","10","PT. DAESANG AGUNG"
"1020195_BD","MMSK CHEESY MAYONNAISE 100GR","1","MFB","BAD","10","PT. DAESANG AGUNG"
"1020196","MMSK CHEESY MAYONNAISE 300GR (x12EA)","0","MFB","GOOD","10","PT. DAESANG AGUNG"
"1020196_BD","MMSK CHEESY MAYONNAISE 300GR (x12EA)","1","MFB","BAD","10","PT. DAESANG AGUNG"
"1020197","MMSK SALAD DRESSING SAUS MAYO 1KG (x8EA)","1","MFB","GOOD","10","PT. DAESANG AGUNG"
"1020197_BD","MMSK SALAD DRESSING SAUS MAYO 1KG (x8EA)","1","MFB","BAD","10","PT. DAESANG AGUNG"
"1020199","MMSK THOUSAND ISLAND DRESSING 300GR","1","MFB","GOOD","10","PT. DAESANG AGUNG"
"1020199_BD","MMSK THOUSAND ISLAND DRESSING 300GR","1","MFB","BAD","10","PT. DAESANG AGUNG"
"1020277","MMSK BON NORI 30 GR (X48 EA)","0","MFB","GOOD","10","PT. DAESANG AGUNG"
"1020277_BD","MMSK BON NORI 30 GR (X48 EA)","1","MFB","BAD","10","PT. DAESANG AGUNG"
"1020278","MMSK BON NORI SPICY 30 GR (X48 EA)","0","MFB","GOOD","10","PT. DAESANG AGUNG"
"1020278_BD","MMSK BON NORI SPICY 30 GR (X48 EA)","1","MFB","BAD","10","PT. DAESANG AGUNG"
"1020288","MMSK GIM SPICY 4.5GR P2 (X80 EA)","1","MFB","GOOD","10","PT. DAESANG AGUNG"
"1020288_BD","MMSK GIM SPICY 4.5GR P2 (X80 EA)","1","MFB","BAD","10","PT. DAESANG AGUNG"
"1020289","MMSK BOLOGNESE 315GR 24/CT","1","MFB","GOOD","10","PT. DAESANG AGUNG"
"1020289_BD","MMSK BOLOGNESE 315GR 24/CT","1","MFB","BAD","10","PT. DAESANG AGUNG"
"1020290","DELISAOS NASI GRG TERI MEDAN 50GR","1","MFB","GOOD","10","PT. DAESANG AGUNG"
"1020290_BD","DELISAOS NASI GRG TERI MEDAN 50GR","1","MFB","BAD","10","PT. DAESANG AGUNG"
"1020292","MMSK ARRABIATA 315GR","1","MFB","GOOD","10","PT. DAESANG AGUNG"
"1020292_BD","MMSK SPICY ARRABIATA 315GR","1","MFB","BAD","10","PT. DAESANG AGUNG"
"1020293","MMSK ROSE SPAGETTI 315GR","1","MFB","GOOD","10","PT. DAESANG AGUNG"
"1020293_BD","MMSK ROSE SPAGETTI 315GR","1","MFB","BAD","10","PT. DAESANG AGUNG"
"1020294","DELISAOS RENDANG PADANG 50GR","1","MFB","GOOD","10","PT. DAESANG AGUNG"
"1020294_BD","DELISAOS RENDANG PADANG 50GR","1","MFB","BAD","10","PT. DAESANG AGUNG"
"1020295","DELISAOS SOTO KUDUS 50GR","1","MFB","GOOD","10","PT. DAESANG AGUNG"
"1020295_BD","DELISAOS SOTO KUDUS 50GR","1","MFB","BAD","10","PT. DAESANG AGUNG"
"1020307","MIWON GARAM GURIH 250G (48EA)","1","MFB","GOOD","10","PT. DAESANG AGUNG"
"1020307_BD","MIWON GARAM GURIH 250G (48EA)","1","MFB","BAD","10","PT. DAESANG AGUNG"
"1020314","MIWON GARAM GURIH 500G (x24EA)","1","MFB","GOOD","10","PT. DAESANG AGUNG"
"1020314_BD","MIWON GARAM GURIH 500G (x24EA)","1","MFB","BAD","10","PT. DAESANG AGUNG"
"1020315","MIWON GARAM GURIH 300G (x40EA)","1","MFB","GOOD","10","PT. DAESANG AGUNG"
"1020315_BD","MIWON GARAM GURIH 300G (x40EA)","1","MFB","BAD","10","PT. DAESANG AGUNG"
"1020316","MIWON GARAM GURIH 1KG (x12EA)","1","MFB","GOOD","10","PT. DAESANG AGUNG"
"1020316_BD","MIWON GARAM GURIH 1KG (x12EA)","1","MFB","BAD","10","PT. DAESANG AGUNG"
"1020519","MMSK TP ROTI 200GR MIX 24/CT","1","MFB","GOOD","10","PT. DAESANG AGUNG"
"1020519_BD","MMSK TP ROTI 200GR MIX 24/CT","1","MFB","BAD","10","PT. DAESANG AGUNG"
"1020520","MMSK GIM BBQ P2 4.5G (80X EA)","1","MFB","GOOD","10","PT. DAESANG AGUNG"
"1020520_BD","MMSK GIM BBQ P2 4.5G (80X EA)","1","MFB","BAD","10","PT. DAESANG AGUNG"
"1020521","MMSK GIM SALTED EGG P2 4.5GR (x80EA)","1","MFB","GOOD","10","PT. DAESANG AGUNG"
"1020521_BD","MMSK GIM SALTED EGG P2 4.5GR (x80EA)","1","MFB","BAD","10","PT. DAESANG AGUNG"
"1020607","MMSK TP ROTI 500GR MIX (x12EA)","1","MFB","GOOD","10","PT. DAESANG AGUNG"
"1020607_BD","MMSK TP ROTI 500GR MIX (x12EA)","1","MFB","BAD","10","PT. DAESANG AGUNG"
"1020672","MMSK TP ROTI 100GR MIX (x48EA)","1","MFB","GOOD","10","PT. DAESANG AGUNG"
"1020672_BD","MMSK TP ROTI 100GR MIX (x48EA)","1","MFB","BAD","10","PT. DAESANG AGUNG"
"1020921","DELISAOS HOT LAVA 1KG (x8EA)","1","MFB","GOOD","10","PT. DAESANG AGUNG"
"1020922","DELISAOS HOT LAVA 6,2KG","1","MFB","GOOD","10","PT. DAESANG AGUNG"
"1020922_BD","DELISAOS HOT LAVA 6,2KG","1","MFB","BAD","10","PT. DAESANG AGUNG"
"1020967","MMSK BON NORI 60GR (X20EA)","1","MFB","GOOD","10","PT. DAESANG AGUNG"
"1020967_BD","MMSK BON NORI 60GR (X20EA)","1","MFB","BAD","10","PT. DAESANG AGUNG"
"1020968","MMSK BON NORI SPICY 60 GR (X20 EA)","1","MFB","GOOD","10","PT. DAESANG AGUNG"
"1020968_BD","MMSK BON NORI SPICY 60 GR (X20 EA)","1","MFB","BAD","10","PT. DAESANG AGUNG"
"1020969","MMSK TP BB ALA RESTO 900GR (x10EA)","1","MFB","GOOD","10","PT. DAESANG AGUNG"
"1020969_BD","MMSK TP BB ALA RESTO 900GR (x10EA)","1","MFB","BAD","10","PT. DAESANG AGUNG"
"1021152","MMSK SUSHI NORI 20GR (X40 EA)","1","MFB","GOOD","10","PT. DAESANG AGUNG"
"1021152_BD","MMSK SUSHI NORI 20GR (X40 EA)","1","MFB","BAD","10","PT. DAESANG AGUNG"
"1021298","MMSK HONEY MUSTARD 300GR (x12EA)","1","MFB","GOOD","10","PT. DAESANG AGUNG"
"1021298_BD","MMSK HONEY MUSTARD 300GR (x12EA)","1","MFB","BAD","10","PT. DAESANG AGUNG"
"1021490","HOT LAVA VOLCANO 160ML 24/CT","0","MFB","GOOD","10","PT. DAESANG AGUNG"
"1021490_BD","HOT LAVA VOLCANO 130ML 24/CT","1","MFB","BAD","10","PT. DAESANG AGUNG"
"1021491","HOT LAVA VOLCANO 320ML (x12EA)","1","MFB","GOOD","10","PT. DAESANG AGUNG"
"1021491_BD","HOT LAVA VOLCANO 260ML (x12EA)","1","MFB","BAD","10","PT. DAESANG AGUNG"
"1021635","Ofood BBQ Galbi sauce for beef 280g","1","MFB","GOOD","10","PT. DAESANG AGUNG"
"1021674","MMSK BB SERBAGUNA RS SAPI 1KG(10XEA)","1","MFB","GOOD","10","PT. DAESANG AGUNG"
"1021674_BD","MMSK BB SERBAGUNA RS SAPI 1KG(10XEA)","1","MFB","BAD","10","PT. DAESANG AGUNG"
"1021675","MMSK BB SERBAGUNA RS AYAM 1KG(X10EA)","1","MFB","GOOD","10","PT. DAESANG AGUNG"
"1021675_BD","MMSK BB SERBAGUNA RS AYAM 1KG(X10EA)","1","MFB","BAD","10","PT. DAESANG AGUNG"
"1021740","MMSK SALAD DRESSING HOT LAVA 300GR (X12EA)","1","MFB","GOOD","10","PT. DAESANG AGUNG"
"1021740_BD","MMSK SALAD DRESSING HOT LAVA 300GR (X12EA)","1","MFB","BAD","10","PT. DAESANG AGUNG"
"1021741","MMSK SALAD DRESSING HOT LAVA 100GR (x40EA)","1","MFB","GOOD","10","PT. DAESANG AGUNG"
"1021741_BD","MMSK SALAD DRESSING HOT LAVA 100GR (x40EA)","1","MFB","BAD","10","PT. DAESANG AGUNG"
"1021790","MMSK SAUS SAMBAL PREMIUM 1KG (x12EA)","1","MFB","GOOD","10","PT. DAESANG AGUNG"
"1021790_BD","MMSK SAUS SAMBAL PREMIUM 1KG (x12EA)","1","MFB","BAD","10","PT. DAESANG AGUNG"
"1021818","MMSK TERASI DUO 6 gr (16 x 20 EA )","1","MFB","GOOD","10","PT. DAESANG AGUNG"
"1021856","MMSK SAUS SAMBAL ALA RESTO 1KG (x12EA)","1","MFB","GOOD","10","PT. DAESANG AGUNG"
"1021856_BD","MMSK SAUS SAMBAL ALA RESTO 1KG (x12EA)","1","MFB","BAD","10","PT. DAESANG AGUNG"
"1021907","MMSK SALAD DRESSING 150GR (x24EA)","1","MFB","GOOD","10","PT. DAESANG AGUNG"
"1021907_BD","MMSK SALAD DRESSING 150GR (x24EA)","1","MFB","BAD","10","PT. DAESANG AGUNG"
"1021969","MMSK THOUSAND ISLAND 100GR (X40EA)","1","MFB","GOOD","10","PT. DAESANG AGUNG"
"1021969_BD","MMSK THOUSAND ISLAND 100GR (X40EA)","1","MFB","BAD","10","PT. DAESANG AGUNG"
"1021970","MMSK HONEY MUSTARD 100GR (X40EA)","1","MFB","GOOD","10","PT. DAESANG AGUNG"
"1021970_BD","MMSK HONEY MUSTARD 100GR (X40EA)","1","MFB","BAD","10","PT. DAESANG AGUNG"
"1021971","MMSK WIJEN SANGRAI 100GR ROASTED SESAME","1","MFB","GOOD","10","PT. DAESANG AGUNG"
"1021971_BD","MMSK WIJEN SANGRAI 100GR ROASTED SESAME","1","MFB","BAD","10","PT. DAESANG AGUNG"
"1021972","MMSK SAUS SAMBAL ALA RESTO 500GR (x24EA)","1","MFB","GOOD","10","PT. DAESANG AGUNG"
"1021972_BD","MMSK SAUS SAMBAL ALA RESTO 500GR (x24EA)","1","MFB","BAD","10","PT. DAESANG AGUNG"
"1021979","MMSK SAUS TOMAT ALA RESTO 500GR (X24EA)","1","MFB","GOOD","10","PT. DAESANG AGUNG"
"1021979_BD","MMSK SAUS TOMAT ALA RESTO 500GR (X24EA)","1","MFB","BAD","10","PT. DAESANG AGUNG"
"1022263","MMSK PUDDING MIX CHOCO TIRAMISU 136GR (x24)","1","MFB","GOOD","10","PT. DAESANG AGUNG"
"1022264","MMSK PUDDING MIX CHOCO TRUFFLE 145GR (X24)","1","MFB","GOOD","10","PT. DAESANG AGUNG"
"1022361","MMSK SAUS TOMAT PREMIUM 1KG (X12EA)","1","MFB","GOOD","10","PT. DAESANG AGUNG"
"1022361_BD","MMSK SAUS TOMAT PREMIUM 1KG (X12EA)","1","MFB","BAD","10","PT. DAESANG AGUNG"
"1022397","MIWON 5000M M(130GRx80EA)","1","MFB","GOOD","10","PT. DAESANG AGUNG"
"1022398","MIWON 1000M M(14GRx336EA)","1","MFB","GOOD","10","PT. DAESANG AGUNG"
"1022398_BD","MIWON 1000M M(20GRx336EA)","1","MFB","BAD","10","PT. DAESANG AGUNG"
"1022437","DELISAOS KECAP ASIN CAP RAJA 320G","1","MFB","GOOD","10","PT. DAESANG AGUNG"
"1022437_BD","DELISAOS KECAP ASIN CAP RAJA 320G","1","MFB","BAD","10","PT. DAESANG AGUNG"
"1022459","MMSK GIM JAGUNG BAKAR P2 4.5G (80X EA)","1","MFB","GOOD","10","PT. DAESANG AGUNG"
"1022459_BD","MMSK GIM JAGUNG BAKAR P2 4.5G (80X EA)","1","MFB","BAD","10","PT. DAESANG AGUNG"
"1022467","MMSK DELISAOS SAUS TERIYAKI 130 ML (161GR X24EA)","1","MFB","GOOD","10","PT. DAESANG AGUNG"
"1022467_BD","MMSK DELISAOS SAUS TERIYAKI 130 ML (161GR X24EA)","1","MFB","BAD","KOKOLA","PT.MEGA NIAGA NUSANTARA"
"1022468","MMSK DELISAOS SAUS TERIYAKI 260 ML (X12EA)","1","MFB","GOOD","10","PT. DAESANG AGUNG"
"1022468__BD","MMSK DELISAOS SAUS TERIYAKI 260 ML (X12EA)","1","MFB","BAD","10","PT. DAESANG AGUNG"
"1022468_BD","MMSK DELISAOS SAUS TERIYAKI 260 ML (X12EA)","1","MFB","BAD","10","PT. DAESANG AGUNG"
"1022469","MMSK DELISAOS SAUS BULGOGI 130 ML (161GR X24EA)","1","MFB","GOOD","10","PT. DAESANG AGUNG"
"1022469_BD","MMSK DELISAOS SAUS BULGOGI 130 ML (161GR X24EA)","1","MFB","BAD","10","PT. DAESANG AGUNG"
"1022470","MMSK SAUS JAPCHAE ORIGINAL 100GR (X40EA)","0","MFB","GOOD","10","PT. DAESANG AGUNG"
"1022470_BD","MMSK SAUS JAPCHAE ORIGINAL 100GR (X40EA)","1","MFB","BAD","10","PT. DAESANG AGUNG"
"1022481","MMSK DELISAOS SAUS BULGOGI 260 ML ( X12EA)","1","MFB","GOOD","10","PT. DAESANG AGUNG"
"1022481_BD","MMSK DELISAOS SAUS BULGOGI 260 ML ( X12EA)","1","MFB","BAD","10","PT. DAESANG AGUNG"
"1022483","MMSK DELISAOS SAUS TOPOKKI ORIGINAL 100 GR(X40EA)","1","MFB","GOOD","10","PT. DAESANG AGUNG"
"1022483_BD","MMSK DELISAOS SAUS TOPOKKI ORIGINAL 100 GR(X40EA)","1","MFB","BAD","10","PT. DAESANG AGUNG"
"1022484","MMSK DELISAOS SAUS TOPOKKI CREAMY 100 GR(X40EA)","1","MFB","GOOD","10","PT. DAESANG AGUNG"
"1022484_BD","MMSK DELISAOS SAUS TOPOKKI CREAMY 100 GR(X40EA)","1","MFB","BAD","10","PT. DAESANG AGUNG"
"1022485","MMSK DELISAOS SAUS TOPOKKI SPICY 100 GR(X40EA)","1","MFB","GOOD","10","PT. DAESANG AGUNG"
"1022485_BD","MMSK DELISAOS SAUS TOPOKKI SPICY 100 GR(X40EA)","1","MFB","BAD","10","PT. DAESANG AGUNG"
"1022500","MMSK TP BB ALA KENTUCKY 70G (x120 EA)","1","MFB","GOOD","10","PT. DAESANG AGUNG"
"1022500_BD","MMSK TP BB ALA KENTUCKY 70G (x120 EA)","1","MFB","BAD","10","PT. DAESANG AGUNG"
"1022501","MMSK TP BB ALA KENTUCKY 210G (x40 EA)","1","MFB","GOOD","10","PT. DAESANG AGUNG"
"1022501_BD","MMSK TP BB ALA KENTUCKY 210G (x40 EA)","1","MFB","BAD","10","PT. DAESANG AGUNG"
"1022530","DELISAOS HOT LAVA VOLCANO 1KG (X8EA)","1","MFB","GOOD","10","PT. DAESANG AGUNG"
"1022531","DELISAOS HOT LAVA VOLCANO 6.2KG (X3EA)","1","MFB","GOOD","10","PT. DAESANG AGUNG"
"1022711","MMSK RTC TOPOKKI ORIGINAL 134GR (x20 EA","1","MFB","GOOD","10","PT. DAESANG AGUNG"
"1022711_BD","MMSK RTC TOPOKKI ORIGINAL 134 GR (x20 EA","1","MFB","BAD","10","PT. DAESANG AGUNG"
"1022744","MMSK RTC TOPOKKI CREAMY 134GR X20","1","MFB","GOOD","10","PT. DAESANG AGUNG"
"1022744_BD","MMSK RTC TOPOKKI CREAMY 134GR X20","1","MFB","BAD","10","PT. DAESANG AGUNG"
"1022745","MMSK RTC JAPCHAE ORIGINAL 111gr (X20EA)","1","MFB","GOOD","10","PT. DAESANG AGUNG"
"1022745_BD","MMSK RTC JAPCHAE ORIGINAL 111gr (X20EA)","1","MFB","BAD","10","PT. DAESANG AGUNG"
"1022783","MMSK TP BB SERBAGUNA 70G (x120EA)","1","MFB","GOOD","10","PT. DAESANG AGUNG"
"1022783_BD","MMSK TP BB SERBAGUNA 70G (x120EA)","1","MFB","BAD","10","PT. DAESANG AGUNG"
"1022784","MMSK TP BB SERBAGUNA 210GR (x40EA)","1","MFB","GOOD","10","PT. DAESANG AGUNG"
"1022784_BD","MMSK TP BB SERBAGUNA 210GR (x40EA)","1","MFB","BAD","10","PT. DAESANG AGUNG"
"1022785","MMSK TP BB LADA HITAM 170G (x40EA)","1","MFB","GOOD","10","PT. DAESANG AGUNG"
"1022785_BD","MMSK TP BB LADA HITAM 170G (x40EA)","1","MFB","BAD","10","PT. DAESANG AGUNG"
"1022786","MMSK TP BB PEDAS 70G (x120EA)","1","MFB","GOOD","10","PT. DAESANG AGUNG"
"1022786_BD","MMSK TP BB PEDAS 70G (x120EA)","1","MFB","BAD","10","PT. DAESANG AGUNG"
"1022791","MMSK TP TEMPE GORENG 70GR(x120EA)","1","MFB","GOOD","10","PT. DAESANG AGUNG"
"1022791_BD","MMSK TP TEMPE GORENG 70GR(x120EA)","1","MFB","BAD","10","PT. DAESANG AGUNG"
"1022819","MMSK RTC TOPOKKI HOT SPICY 134GR X20","1","MFB","GOOD","10","PT. DAESANG AGUNG"
"1022819_BD","MMSK RTC TOPOKKI HOT SPICY 134GR X20","1","MFB","BAD","10","PT. DAESANG AGUNG"
"1022835","MMSK TP BB KEJU 170G (x40EA)","1","MFB","GOOD","10","PT. DAESANG AGUNG"
"1022835_BD","MMSK TP BB KEJU 170G (x40EA)","1","MFB","BAD","10","PT. DAESANG AGUNG"
"1022836","MMSK TP BAKWAN ORIGINAL 225G (x40EA)","1","MFB","GOOD","10","PT. DAESANG AGUNG"
"1022836_BD","MMSK TP BAKWAN ORIGINAL 225G (x40EA)","1","MFB","BAD","10","PT. DAESANG AGUNG"
"1022837","MMSK TP BAKWAN ORIGINAL 80G (x120EA)","1","MFB","GOOD","10","PT. DAESANG AGUNG"
"1022837_BD","MMSK TP BAKWAN ORIGINAL 80G (x120EA)","1","MFB","BAD","10","PT. DAESANG AGUNG"
"1022839","MMSK TP BAKWAN JAGUNG 170G (x40EA)","1","MFB","GOOD","10","PT. DAESANG AGUNG"
"1022839_BD","MMSK TP BAKWAN JAGUNG 170G (x40EA)","1","MFB","BAD","10","PT. DAESANG AGUNG"
"1022851","MMSK RTC JAPCHAE SPICY 111gr (X20EA)","1","MFB","GOOD","10","PT. DAESANG AGUNG"
"1022851_BD","MMSK RTC JAPCHAE SPICY 111gr (X20EA)","1","MFB","BAD","10","PT. DAESANG AGUNG"
"1022861","MMSK TP PISANG GRG PANDAN 70GR (x120EA)","1","MFB","GOOD","10","PT. DAESANG AGUNG"
"1022861_BD","MMSK TP PISANG GRG PANDAN 70GR (x120EA)","1","MFB","BAD","10","PT. DAESANG AGUNG"
"1022863","MMSK TP PISANG GRG PANDAN 210G (x40EA)","1","MFB","GOOD","10","PT. DAESANG AGUNG"
"1022863_BD","MMSK TP PISANG GRG PANDAN 210G (x40EA)","1","MFB","BAD","10","PT. DAESANG AGUNG"
"1022871","MMSK TP PISANG GRG VANILA 210GR (x40EA)","1","MFB","GOOD","10","PT. DAESANG AGUNG"
"1022871_BD","MMSK TP PISANG GRG VANILA 210GR (x40EA)","1","MFB","BAD","10","PT. DAESANG AGUNG"
"1023300","DELISAOS SAUS TOPOKKI ORIGINAL 1KG","1","MFB","GOOD","10","PT. DAESANG AGUNG"
"1023301","DELISAOS SAUS TOPOKKI ORIGINAL HOT 1KG","1","MFB","GOOD","10","PT. DAESANG AGUNG"
"1023302","DELISAOS SAUS TOPOKKI ORIGINAL CREAMY 1KG","1","MFB","GOOD","10","PT. DAESANG AGUNG"
"1023389","MMSK BON NORI BULGOGI 30GR-X48","0","MFB","GOOD","10","PT. DAESANG AGUNG"
"1023389_BD","MMSK BON NORI BULGOGI 30GR-X48","1","MFB","BAD","10","PT. DAESANG AGUNG"
"1023391","DELISAOS HOT LAVA 9 GR","1","MFB","GOOD","10","PT. DAESANG AGUNG"
"1023394","DELISAOS HOT LAVA VOLCANO 9 GR","1","MFB","GOOD","10","PT. DAESANG AGUNG"
"1023427","MMSK BON NORI EXTRA PEDAS 30 GR (X48EA)","0","MFB","GOOD","10","PT. DAESANG AGUNG"
"1023427_BD","MMSK BON NORI EXTRA PEDAS 30 GR (X48EA)","1","MFB","BAD","10","PT. DAESANG AGUNG"
"1023429","MMSK BON NORI EBI 30 GR (X48 EA)","0","MFB","GOOD","10","PT. DAESANG AGUNG"
"1023429_BD","MMSK BON NORI EBI 30 GR (X48 EA)","1","MFB","BAD","10","PT. DAESANG AGUNG"
"1023450","MMSK BON NORI 5 GR MT (X240 EA)","1","MFB","GOOD","10","PT. DAESANG AGUNG"
"1023450_BD","MMSK BON NORI 5 GR MT (X240 EA)","1","MFB","BAD","10","PT. DAESANG AGUNG"
"1023451","MMSK BON NORI SPICY 5 GR MT (X240 EA)","1","MFB","GOOD","10","PT. DAESANG AGUNG"
"1023451_BD","MMSK BON NORI SPICY 5 GR MT (X240 EA)","1","MFB","BAD","10","PT. DAESANG AGUNG"
"1023452","MMSK BON NORI BULGOGI 5 GR MT (X240 EA)","1","MFB","GOOD","10","PT. DAESANG AGUNG"
"1023452_BD","MMSK BON NORI BULGOGI 5 GR MT (X240 EA)","1","MFB","BAD","10","PT. DAESANG AGUNG"
"1023453","MMSK BON NORI EBI 5 GR MT (X240 EA)","1","MFB","GOOD","10","PT. DAESANG AGUNG"
"1023453_BD","MMSK BON NORI EBI 5 GR MT (X240 EA)","1","MFB","BAD","10","PT. DAESANG AGUNG"
"1023456","MMSK BON NORI EXTRA SPICY 5 GR MT (X240","1","MFB","GOOD","10","PT. DAESANG AGUNG"
"1023456_BD","MMSK BON NORI EXTRA SPICY 5 GR MT (X240","1","MFB","BAD","10","PT. DAESANG AGUNG"
"1023597","MMSK SUP KRIM DAGING SAPI LADA HITAM 55GR","1","MFB","GOOD","10","PT. DAESANG AGUNG"
"1023597_BD","MMSK SUP KRIM DAGING SAPI LADA HITAM 55GR","1","MFB","BAD","10","PT. DAESANG AGUNG"
"1023599","MMSK SUP KRIM SAYUR & BAWANG (PAK) 55 GR","1","MFB","GOOD","10","PT. DAESANG AGUNG"
"1023602","MMSK SUP KRIM INSTAN AYAM (DOS) 15 GR (x","1","MFB","GOOD","10","PT. DAESANG AGUNG"
"1023604","MMSK SUP KRIM INSTAN JAMUR (DOS) 15 GR (","1","MFB","GOOD","10","PT. DAESANG AGUNG"
"1023606","MMSK SUP KRIM INSTAN BEEF (DOS) 15 GR (x","1","MFB","GOOD","10","PT. DAESANG AGUNG"
"1023622","MMSK PANCAKE MIX CHOCONUT 160GR","1","MFB","GOOD","10","PT. DAESANG AGUNG"
"1023623","MMSK PANCAKE MIX BANANA 160GR","1","MFB","GOOD","10","PT. DAESANG AGUNG"
"1023635","MMSK SPECIAL PANCAKE MIX 3IN1 150GR","1","MFB","GOOD","10","PT. DAESANG AGUNG"
"1023721","MMSK TP BB AYAM GRG KOREA ORI 170GR (X40","1","MFB","GOOD","10","PT. DAESANG AGUNG"
"1023721_BD","MMSK TP BB AYAM GRG KOREA ORI 170GR (X40","1","MFB","BAD","10","PT. DAESANG AGUNG"
"1023722","MMSK TP BB AYAM GRG KOREA SPICY 170GR (X","1","MFB","GOOD","10","PT. DAESANG AGUNG"
"1023722_BD","MMSK TP BB AYAM GRG KOREA SPICY 170GR (X","1","MFB","BAD","10","PT. DAESANG AGUNG"
"1023723","MMSK TP BB AYAM GRG KOREA GARLIC 170GR (","1","MFB","GOOD","10","PT. DAESANG AGUNG"
"1023723_BD","MMSK TP BB AYAM GRG KOREA GARLIC 170GR (","1","MFB","BAD","10","PT. DAESANG AGUNG"
"1023805","MMSK DRESSING SAUS KEJU 300GR(X12EA)","1","MFB","GOOD","10","PT. DAESANG AGUNG"
"1023805_BD","MMSK DRESSING SAUS KEJU 300GR(X12EA)","1","MFB","BAD","10","PT. DAESANG AGUNG"
"1023806","MMSK DRESSING SAUS KEJU 100GR(X40EA)","1","MFB","GOOD","10","PT. DAESANG AGUNG"
"1023806_BD","MMSK DRESSING SAUS KEJU 100GR(X40EA)","1","MFB","BAD","10","PT. DAESANG AGUNG"
"1023807","MMSK MAYONAIS P 100GR(X40EA)","1","MFB","GOOD","10","PT. DAESANG AGUNG"
"1023807_BD","MMSK MAYONAIS P 100GR(X40EA)","1","MFB","BAD","10","PT. DAESANG AGUNG"
"1024843","MMSK GIM P2 RENDANG PADANG 4,5GR (x80EA)","1","MFB","GOOD","10","PT. DAESANG AGUNG"
"1024843_BD","MMSK GIM P2 RENDANG PADANG 4,5GR (x80EA)","1","MFB","BAD","10","PT. DAESANG AGUNG"
"1024845","MMSK GIM P2 SOTO AYAM LAMONGAN 4.5GR (x8","1","MFB","GOOD","10","PT. DAESANG AGUNG"
"1024845_BD","MMSK GIM P2 SOTO AYAM LAMONGAN 4.5GR (x8","1","MFB","BAD","10","PT. DAESANG AGUNG"
"1024851","MMSK MIE HOT LAVA AYAM PEDAS 89 GR","1","MFB","GOOD","10","PT. DAESANG AGUNG"
"1024851_BD","MMSK MIE HOT LAVA AYAM PEDAS 89 GR","1","MFB","BAD","10","PT. DAESANG AGUNG"
"1024852","MMSK MIE HOT LAVA KEJU PEDAS 89GR","1","MFB","GOOD","10","PT. DAESANG AGUNG"
"1024852_BD","MMSK MIE HOT LAVA KEJU PEDAS 89GR","1","MFB","BAD","10","PT. DAESANG AGUNG"
"1025012","MIWON 1000M M(14GRx336EA)","1","MFB","GOOD","10","PT. DAESANG AGUNG"
"1025012_BD","MIWON 1000M M(14GRx336EA)","1","MFB","BAD","10","PT. DAESANG AGUNG"
"1025049","DELISAOS HOT LAVA 160GR (X24EA)","1","MFB","GOOD","10","PT. DAESANG AGUNG"
"1025049_BD","DELISAOS HOT LAVA 160GR (X24EA)","1","MFB","BAD","10","PT. DAESANG AGUNG"
"1025050","DELISAOS HOT LAVA 320GR (X12EA)","1","MFB","GOOD","10","PT. DAESANG AGUNG"
"1025050_BD","DELISAOS HOT LAVA 320GR (X12EA)","1","MFB","BAD","10","PT. DAESANG AGUNG"
"1025053","DELISAOS HOT LAVA VOLCANO 160GR(X24EA)","1","MFB","GOOD","10","PT. DAESANG AGUNG"
"1025053_BD","DELISAOS HOT LAVA VOLCANO 160GR(X24EA)","1","MFB","BAD","601","Nutri Sari"
"1025054","DELISAOS HOT LAVA VOLCANO 310GR(X12EA)","1","MFB","GOOD","10","PT. DAESANG AGUNG"
"1025054_BD","DELISAOS HOT LAVA VOLCANO 310GR(X12EA)","1","MFB","BAD","10","PT. DAESANG AGUNG"
"1025055","DELISAOS S TIRAM UDG&JAMUR 160GR(X24EA)","1","MFB","GOOD","10","PT. DAESANG AGUNG"
"1025055_BD","DELISAOS S TIRAM UDG&JAMUR 160GR(X24EA)","1","MFB","BAD","10","PT. DAESANG AGUNG"
"1025056","DELISAOS S TIRAM UDG&JAMUR 320GR(X12EA)","1","MFB","GOOD","10","PT. DAESANG AGUNG"
"1025056_BD","DELISAOS S TIRAM UDG&JAMUR 320GR(X12EA)","1","MFB","BAD","10","PT. DAESANG AGUNG"
"1025057","DELISAOS S TIRAM MANIS 160GR(X24EA)","1","MFB","GOOD","10","PT. DAESANG AGUNG"
"1025057_BD","DELISAOS S TIRAM MANIS 160GR(X24EA)","1","MFB","BAD","10","PT. DAESANG AGUNG"
"1025058","DELISAOS S TIRAM MANIS 320GR (X12EA)","1","MFB","GOOD","10","PT. DAESANG AGUNG"
"1025058_BD","DELISAOS S TIRAM MANIS 320GR (X12EA)","1","MFB","BAD","10","PT. DAESANG AGUNG"
"1025059","DELISAOS SAUS TERIYAKI 160GR (X24EA)","1","MFB","GOOD","10","PT. DAESANG AGUNG"
"1025059_BD","DELISAOS SAUS TERIYAKI 160GR (X24EA)","1","MFB","BAD","10","PT. DAESANG AGUNG"
"1025060","DELISAOS SAUS TERIYAKI 320GR(X12EA)","1","MFB","GOOD","10","PT. DAESANG AGUNG"
"1025061","DELISAOS SAUS BULGOGI 160GR(X24EA)","1","MFB","GOOD","10","PT. DAESANG AGUNG"
"1025061_BD","DELISAOS SAUS BULGOGI 160GR(X24EA)","1","MFB","BAD","10","PT. DAESANG AGUNG"
"1025062","DELISAOS SAUS BULGOGI 320GR(X12EA)","1","MFB","GOOD","10","PT. DAESANG AGUNG"
"1025062_BD","DELISAOS SAUS BULGOGI 320GR(X12EA)","1","MFB","BAD","10","PT. DAESANG AGUNG"
"1025083","MMSK GIM BORI ORIGINAL 30GR (X48 EA)","1","MFB","GOOD","10","PT. DAESANG AGUNG"
"1025083_BD","MMSK GIM BORI ORIGINAL 30GR (X48 EA)","1","MFB","BAD","10","PT. DAESANG AGUNG"
"1025084","MMSK GIM BORI SPICY 30GR (X48EA)","1","MFB","GOOD","10","PT. DAESANG AGUNG"
"1025084_BD","MMSK GIM BORI SPICY 30GR (X48EA)","1","MFB","BAD","10","PT. DAESANG AGUNG"
"1025086","MMSK GIM BORI BULGOGI 30 GR (X48EA)","1","MFB","GOOD","10","PT. DAESANG AGUNG"
"1025086_BD","MMSK GIM BORI BULGOGI 30 GR (X48EA)","1","MFB","BAD","10","PT. DAESANG AGUNG"
"1025290","MMSK GIM BORI PEDAS MAX 30 GR (X48 EA)","1","MFB","GOOD","10","PT. DAESANG AGUNG"
"1025290_BD","MMSK GIM BORI PEDAS MAX 30 GR (X48 EA)","1","MFB","BAD","10","PT. DAESANG AGUNG"
"1025916","MAMASUKA SARDEN TOMAT 155GR (x 40EA)","1","MFB","GOOD","10","PT. DAESANG AGUNG"
"1025916_BD","MAMASUKA SARDEN TOMAT 155GR (x 40EA)","1","MFB","BAD","10","PT. DAESANG AGUNG"
"1025918","MAMASUKA SARDEN GOCHUJANG 155GR (x 40EA)","1","MFB","GOOD","10","PT. DAESANG AGUNG"
"1025918 _BD","MAMASUKA SARDEN GOCHUJANG 155GR (x 40EA)","1","MFB","BAD","10","PT. DAESANG AGUNG"
"1025918_BD","MAMASUKA SARDEN GOCHUJANG 155GR (x 40EA)","1","MFB","BAD","10","PT. DAESANG AGUNG"
"1025924","MAMASUKA SARDEN JALAPENO 155GR (x 40EA)","1","MFB","GOOD","10","PT. DAESANG AGUNG"
"1025924_BD","MAMASUKA SARDEN JALAPENO 155GR (x 40EA)","1","MFB","BAD","10","PT. DAESANG AGUNG"
"1090024","BK/MALKIST OLEZZ CHOCO PARTY 10GR 20X6","1","MFB","GOOD","KOKOLA","PT.MEGA NIAGA NUSANTARA"
"1090024_BD","BK/MALKIST OLEZZ CHOCO PARTY 10GR 20X6","1","MFB","BAD","KOKOLA","PT.MEGA NIAGA NUSANTARA"
"1090026","BK/MONTEGO DANISH BUTTER 227GR 12PC","1","MFB","GOOD","KOKOLA","PT.MEGA NIAGA NUSANTARA"
"1100317","MIWON 1KG L(X12EA)","1","MFB","GOOD","10","PT. DAESANG AGUNG"
"1100317_BD","MIWON 1KG L(X12EA)","1","MFB","BAD","10","PT. DAESANG AGUNG"
"1100320","MIWON 1KG M(x12EA)","1","MFB","GOOD","10","PT. DAESANG AGUNG"
"1100320_BD","MIWON 1KG M(x12EA)","1","MFB","BAD","10","PT. DAESANG AGUNG"
"1100322","MIWON 500GR L (X24EA) POLOS","1","MFB","GOOD","10","PT. DAESANG AGUNG"
"1100322_BD","MIWON 500GR L (X24EA) POLOS","1","MFB","BAD","10","PT. DAESANG AGUNG"
"1100324","MIWON 500GR M(x24EA) POLOS","1","MFB","GOOD","10","PT. DAESANG AGUNG"
"1100324_BD","MIWON 500GR M(x24EA) POLOS","1","MFB","BAD","10","PT. DAESANG AGUNG"
"1100327","MIWON 250GR L (X80EA)","1","MFB","GOOD","10","PT. DAESANG AGUNG"
"1100327_BD","MIWON 250GR L (X80EA)","1","MFB","BAD","10","PT. DAESANG AGUNG"
"1100329","MIWON 250GR M(x80EA)","1","MFB","GOOD","10","PT. DAESANG AGUNG"
"1100329_BD","MIWON 250GR M(x80EA)","1","MFB","BAD","10","PT. DAESANG AGUNG"
"1100333","MIWON 100GR L(X120EA)","0","MFB","GOOD","10","PT. DAESANG AGUNG"
"1100333_BD","MIWON 100GR L(X120EA)","1","MFB","BAD","10","PT. DAESANG AGUNG"
"1100334","MIWON 100GR L(X120EA)","1","MFB","GOOD","10","PT. DAESANG AGUNG"
"1100334_BD","MIWON 100GR L(X120EA)","1","MFB","BAD","10","PT. DAESANG AGUNG"
"1100335","MIWON 100GR M(x120EA)","1","MFB","GOOD","10","PT. DAESANG AGUNG"
"1100335_BD","MIWON 100GR M(x120EA)","1","MFB","BAD","10","PT. DAESANG AGUNG"
"1100338","MIWON 50GR L(X240EA)","1","MFB","GOOD","10","PT. DAESANG AGUNG"
"1100338_BD","MIWON 50GR L(X240EA)","1","MFB","BAD","10","PT. DAESANG AGUNG"
"1100342","MIWON 50GR M(x240EA)","0","MFB","GOOD","10","PT. DAESANG AGUNG"
"1100342_BD","MIWON 50GR M(x240EA)","1","MFB","BAD","10","PT. DAESANG AGUNG"
"1101272","MMSK TP BAKWAN 250GR(x40EA)","0","MFB","GOOD","10","PT. DAESANG AGUNG"
"1101272_BD","MMSK TP BAKWAN 250GR(x40EA)","1","MFB","BAD","10","PT. DAESANG AGUNG"
"1101277","MMSK TP BAKSO 32GR(x100EA)","1","MFB","GOOD","10","PT. DAESANG AGUNG"
"1101277_BD","MMSK TP BAKSO 32GR(x100EA)","1","MFB","BAD","10","PT. DAESANG AGUNG"
"1101291","MMSK SUP KRIM AYAM(PAK) 55GR(x48EA)","1","MFB","GOOD","10","PT. DAESANG AGUNG"
"1101291_BD","MMSK SUP KRIM AYAM(PAK) 55GR(x48EA)","1","MFB","BAD","10","PT. DAESANG AGUNG"
"1101295","MMSK SUP KRIM JAGUNG(PAK) 55GR(x48EA)","1","MFB","GOOD","10","PT. DAESANG AGUNG"
"1101295_BD","MMSK SUP KRIM JAGUNG(PAK) 55GR(x48EA)","1","MFB","BAD","10","PT. DAESANG AGUNG"
"1101297","MMSK SUP KRIM JAMUR(PAK) 55GR(x48EA)","1","MFB","GOOD","10","PT. DAESANG AGUNG"
"1101297_BD","MMSK SUP KRIM JAMUR(PAK) 55GR(x48EA)","1","MFB","BAD","10","PT. DAESANG AGUNG"
"1101298","MIWON KOPI GINSENG(GST) 20GR(x360EA)","1","MFB","GOOD","10","PT. DAESANG AGUNG"
"1101298_BD","MIWON KOPI GINSENG(GST) 20GR(x360EA)","1","MFB","BAD","10","PT. DAESANG AGUNG"
"1101309","MMSK BB NASI GORENG(PAK) 20GR(x240EA)","0","MFB","GOOD","10","PT. DAESANG AGUNG"
"1101309_BD","MMSK BB NASI GORENG(PAK) 20GR(x240EA)","1","MFB","BAD","10","PT. DAESANG AGUNG"
"1101310","MMSK BB OPOR(PAK) 16GR(x240EA)","1","MFB","GOOD","10","PT. DAESANG AGUNG"
"1101310_BD","MMSK BB OPOR(PAK) 16GR(x240EA)","1","MFB","BAD","10","PT. DAESANG AGUNG"
"1101312","MMSK BB RENDANG(PAK) 25GR(x240EA)","1","MFB","GOOD","10","PT. DAESANG AGUNG"
"1101312_BD","MMSK BB RENDANG(PAK) 25GR(x240EA)","1","MFB","BAD","10","PT. DAESANG AGUNG"
"1101314","MMSK BB AYAM GORENG(PAK) 35GR(x240EA)","1","MFB","GOOD","10","PT. DAESANG AGUNG"
"1101314_BD","MMSK BB AYAM GORENG(PAK) 35GR(x240EA)","1","MFB","BAD","10","PT. DAESANG AGUNG"
"1101316","MMSK BB GULAI(PAK) 25GR(x240EA)","1","MFB","GOOD","10","PT. DAESANG AGUNG"
"1101316_BD","MMSK BB GULAI(PAK) 25GR(x240EA)","1","MFB","BAD","10","PT. DAESANG AGUNG"
"1101318","MMSK BB SOTO AYAM(PAK) 20GR(x240EA)","1","MFB","GOOD","10","PT. DAESANG AGUNG"
"1101318_BD","MMSK BB SOTO AYAM(PAK) 20GR(x240EA)","1","MFB","BAD","10","PT. DAESANG AGUNG"
"1101333","MMSK TERASI(JUANA) 90GR(x60EA)","1","MFB","GOOD","10","PT. DAESANG AGUNG"
"1101333_BD","MMSK TERASI(JUANA) 90GR(x60EA)","1","MFB","BAD","10","PT. DAESANG AGUNG"
"1101335","MMSK TERASI 4GR (x640EA)","1","MFB","GOOD","10","PT. DAESANG AGUNG"
"1101335_BD","MMSK TERASI 4GR (x640EA)","1","MFB","BAD","10","PT. DAESANG AGUNG"
"1101338","MMSK BB KUAH BAKSO 100GR","1","MFB","GOOD","10","PT. DAESANG AGUNG"
"1101338_BD","MMSK BB KUAH BAKSO 100GR","1","MFB","BAD","10","PT. DAESANG AGUNG"
"1101339","MMSK BB SOP 5GR(x360EA)","1","MFB","GOOD","10","PT. DAESANG AGUNG"
"1101339_BD","MMSK BB SOP 5GR(x360EA)","1","MFB","BAD","10","PT. DAESANG AGUNG"
"1101371","MIWON 1KG PLUS (x12EA)","0","MFB","GOOD","10","PT. DAESANG AGUNG"
"1101371_BD","MIWON 1KG PLUS (x12EA)","1","MFB","BAD","10","PT. DAESANG AGUNG"
"1102169","MMSK TEPUNG ROTI 100 Gr [x48]","1","MFB","GOOD","10","PT. DAESANG AGUNG"
"1102169_BD","MMSK TEPUNG ROTI 100 Gr [x48]","1","MFB","BAD","10","PT. DAESANG AGUNG"
"1102170","MMSK TEPUNG ROTI 200 GR (x24)","1","MFB","GOOD","10","PT. DAESANG AGUNG"
"1102170_BD","MMSK TEPUNG ROTI 200 GR (x24)","1","MFB","BAD","10","PT. DAESANG AGUNG"
"1105510","GIM BORI MAKARONI BBQ 135 GR","1","MFB","GOOD","10","PT. DAESANG AGUNG"
"1105510_BD","GIM BORI MAKARONI BBQ 135 GR","1","MFB","BAD","10","PT. DAESANG AGUNG"
"1105518","GIM BORI MAKARONI SPICY 135 GR","1","MFB","GOOD","10","PT. DAESANG AGUNG"
"1105518_BD","GIM BORI MAKARONI SPICY 135 GR","1","MFB","BAD","10","PT. DAESANG AGUNG"
"1105610","O'FOOD BEEF BBQ SAUCE - BULGOGI 280G","1","MFB","GOOD","10","PT. DAESANG AGUNG"
"1105646","Mamasuka Muffin Coklat 250gr","1","MFB","GOOD","10","PT. DAESANG AGUNG"
"1105647","MMSK MUFFIN BANANA 250g(x24ea)","1","MFB","GOOD","10","PT. DAESANG AGUNG"
"1105732","MMSK GIM PANGGANG GHOST PAPER 4.5G(80EA)","1","MFB","GOOD","10","PT. DAESANG AGUNG"
"1105732_BD","MMSK GIM PANGGANG GHOST PAPER 4.5G(80EA)","1","MFB","BAD","10","PT. DAESANG AGUNG"
"1106783","MMSK NORI SAKU ORIGINAL 2GR (X192 EA) (DOS)","1","MFB","GOOD","10","PT. DAESANG AGUNG"
"1106783_BD","MMSK NORI SAKU ORIGINAL 2GR (X192 EA) (DOS)","1","MFB","BAD","10","PT. DAESANG AGUNG"
"1106800","MMSK NORI SAKU BBQ 2GR (X192 EA) (DOS)","1","MFB","GOOD","10","PT. DAESANG AGUNG"
"1106800_BD","MMSK NORI SAKU BBQ 2GR (X192 EA) (DOS)","1","MFB","BAD","10","PT. DAESANG AGUNG"
"1106801","MMSK NORI SAKU SPICY 2GR (X192 EA) (DOS)","1","MFB","GOOD","10","PT. DAESANG AGUNG"
"1106801_BD","MMSK NORI SAKU SPICY 2g(x192 ea) (DOS)","1","MFB","BAD","10","PT. DAESANG AGUNG"
"1106942","SOUPY TOPOKKI 105GR (ROSE CARBONARA)","1","MFB","GOOD","10","PT. DAESANG AGUNG"
"1106943","SOUPY TOPOKKI 105GR (SPICY CHEESE)","1","MFB","GOOD","10","PT. DAESANG AGUNG"
"1106944","SOUPY TOPOKKI 105GR (SPICY CHEESE)","0","MFB","GOOD","10","PT. DAESANG AGUNG"
"1106983","MMSK GIM 4.5GR P3 ORI","1","MFB","GOOD","10","PT. DAESANG AGUNG"
"1106983_BD","MMSK GIM 4.5GR P3 ORI","1","MFB","BAD","10","PT. DAESANG AGUNG"
"1106984","MMSK GIM 4.5GR P3 BBQ","1","MFB","GOOD","10","PT. DAESANG AGUNG"
"1106984_BD","MMSK GIM 4.5GR P3 BBQ","1","MFB","BAD","10","PT. DAESANG AGUNG"
"1107035","MMSK GIM BORI ORIGINAL 25GR (X48 EA)","1","MFB","GOOD","10","PT. DAESANG AGUNG"
"1107035_BD","MMSK GIM BORI ORIGINAL 25GR (X48 EA)","1","MFB","BAD","10","PT. DAESANG AGUNG"
"1107036","MMSK GIM BORI PEDAS MAX 25GR (X48EA)","1","MFB","GOOD","10","PT. DAESANG AGUNG"
"1107036_BD","MMSK GIM BORI PEDAS MAX 25GR (X48EA)","1","MFB","BAD","10","PT. DAESANG AGUNG"
"1107037","MMSK GIM BORI BULGOGI 25GR (X48EA)","1","MFB","GOOD","10","PT. DAESANG AGUNG"
"1107037_BD","MMSK GIM BORI BULGOGI 25GR (X48EA)","1","MFB","BAD","10","PT. DAESANG AGUNG"
"1107038","MMSK GIM BORI SPICY 25GR (X48EA","1","MFB","GOOD","10","PT. DAESANG AGUNG"
"1107222","MMSK BIG CRISPY 3g(x120ea)","1","MFB","GOOD","10","PT. DAESANG AGUNG"
"1107223","MMSK BIG GIM 3g(x120ea)","1","MFB","GOOD","10","PT. DAESANG AGUNG"
"1107250","MMSK BIG CRISPY SPICY 3g(x120ea)","1","MFB","GOOD","10","PT. DAESANG AGUNG"
"1107282","MMSK RTC TOPOKKI ORIGINAL 132GR (x20 EA","1","MFB","GOOD","10","PT. DAESANG AGUNG"
"1107282_BD","MMSK RTC TOPOKKI ORIGINAL 132GR (x20 EA","1","MFB","BAD","10","PT. DAESANG AGUNG"
"1107283","MMSK RTC TOPOKKI HOT SPICY 132GR X20","1","MFB","GOOD","10","PT. DAESANG AGUNG"
"1107283_BD","MMSK RTC TOPOKKI HOT SPICY 132GR X20","1","MFB","BAD","10","PT. DAESANG AGUNG"
"1107284","MMSK RTC TOPOKKI CREAMY 133GR X20","1","MFB","GOOD","10","PT. DAESANG AGUNG"
"1107284_BD","MMSK RTC TOPOKKI CREAMY 133GR X20","1","MFB","BAD","10","PT. DAESANG AGUNG"
"1107286","MMSK BIG GIM SPICY 3g(x120ea)","1","MFB","GOOD","10","PT. DAESANG AGUNG"
"1501001","CRUZZ LEMON LIME 24 X 330 Ml","0","MFB","GOOD","15","PT SMART"
"1501001_BD","CRUZZ LEMON LIME 24x330 Ml","0","MFB","BAD","15","PT SMART"
"1501002","NAVIKA  GREEN APPLE  24 X 330 Ml","0","MFB","GOOD","15","PT SMART"
"1501002_BD","NAVIKA GREEN APPLE 24 x 330 Ml","0","MFB","BAD","15","PT SMART"
"1501003","NAVIKA ORANGE 24 X 330 Ml","0","MFB","GOOD","15","PT SMART"
"1501003_BD","NAVIKA ORANGE 24 x 330 Ml","0","MFB","BAD","15","PT SMART"
"1501004","NAVIKA STRAWBERRY 24 X 330 Ml","0","MFB","GOOD","15","PT SMART"
"1501004_BD","NAVIKA STRAWBERRY 24 x 330 Ml","0","MFB","BAD","15","PT SMART"
"1501005","NAVIKA TONIC WATER 24 X 330 Ml","0","MFB","GOOD","15","PT SMART"
"1501005_BD","NAVIKA TONIC WATER 24 x 330 Ml","0","MFB","BAD","15","PT SMART"
"1501006","NAVIKA ROOT BEER 24 X 330 Ml","0","MFB","GOOD","15","PT SMART"
"1501006_BD","NAVIKA ROOT BEER 24 x 330 Ml","0","MFB","BAD","15","PT SMART"
"1501007","OPTIMA SWEAT GRAPE FRUIT 24 X 330 Ml","0","MFB","GOOD","15","PT SMART"
"1501007_BD","OPTIMA SWEAT GRAPE FRIUT 24 x 330","0","MFB","BAD","15","PT SMART"
"1501008","OPTIMA SWEAT GUAVA 24 X 330 Ml","0","MFB","GOOD","15","PT SMART"
"1501008_BD","OPTIMA SWEAT GUAVA 24 x 330 Ml","0","MFB","BAD","15","PT SMART"
"1501009","BAVERAGE RC COLA 24 x 330 Ml","0","MFB","GOOD","15","PT SMART"
"1501009_BD","BAVERAGE RC COLA 24 x 330 Ml","0","MFB","BAD","15","PT SMART"
"1502001","FILMA BOTOL 12 x 1 Lt","0","MFB","GOOD","15","PT SMART"
"1502001_BD","FILMA BOTOL 1 Lt","0","MFB","BAD","15","PT SMART"
"1502002","FILMA BOTOL 24 x 500 Ml","0","MFB","GOOD","15","PT SMART"
"1502002_BD","FILMA BOTOL 24 x 500 Ml","0","MFB","BAD","15","PT SMART"
"1502003","FILMA BOTOL 40 x 250 Ml","0","MFB","GOOD","15","PT SMART"
"1502004","FILMA BOTOL 6 x 2 Lt","0","MFB","GOOD","15","PT SMART"
"1502004_BD","FILMA BOTOL 6 x 2 LT","0","MFB","BAD","15","PT SMART"
"1502005","FILMA JERIGEN 18 LITER","0","MFB","GOOD","15","PT SMART"
"1502006","FILMA JERIGEN 4 x 5 Lt","0","MFB","GOOD","15","PT SMART"
"1502006_BD","FILMA JERIGEN 4 x 5 Lt","0","MFB","BAD","15","PT SMART"
"1502007","FILMA REF POUCH 12 x 1 Lt","0","MFB","GOOD","15","PT SMART"
"1502007_BD","FILMA REF POUCH 12 x 1 Lt","0","MFB","BAD","15","PT SMART"
"1502008","FILMA REF POUCH 12 x 1.1 LT","0","MFB","GOOD","15","PT SMART"
"1502009","FILMA REF POUCH 24 x 500 Ml","0","MFB","GOOD","15","PT SMART"
"1502009_BD","FILMA REF POUCH 24 x 500 Ml","0","MFB","BAD","15","PT SMART"
"1502010","FILMA REF POUCH 48 x 250 Ml","0","MFB","GOOD","15","PT SMART"
"1502011","FILMA REF POUCH 6 x 2 Lt","0","MFB","GOOD","15","PT SMART"
"1502011_BD","FILMA REF PUCH 6 x 2 Lt","0","MFB","BAD","15","PT SMART"
"1502012","FILMA REF POUCH 6 x 2.2 Lt","0","MFB","GOOD","15","PT SMART"
"1502013","FILMA BOS SACHET 250GR 36/D","0","MFB","GOOD","15","PT SMART"
"1502013_BD","FILMA BOS SACHET 250 GR 36/D","0","MFB","BAD","15","PT SMART"
"1502030","GOODFRY 15KG","0","MFB","GOOD","15","PT SMART"
"1502035","DELECIO COATING FAT 15KG","0","MFB","GOOD","15","PT SMART"
"1503001","MARGARINE SALTED 60 x 200 Gr SCHT","0","MFB","GOOD","15","PT SMART"
"1503001_BD","MARGARINE SALTED 60 x 200 Gr","0","MFB","BAD","15","PT SMART"
"1503002","MARGARINE UNSALTED 60 x 200 GR SCHT","0","MFB","GOOD","15","PT SMART"
"1503002_BD","MARGARINE UNSALTED 60 x 200 Gr","0","MFB","BAD","15","PT SMART"
"1503003","FILMA MARGARINE TUB 24X250GR","0","MFB","GOOD","15","PT SMART"
"1503003_BD","FILMA MARGARINE TUB 24X250GR","0","MFB","BAD","15","PT SMART"
"1503004","Menara Margarine 15kg","0","MFB","GOOD","15","PT SMART"
"1503004_BD","Menara Margarine 15kg","0","MFB","BAD","15","PT SMART"
"1503005","Menara Cream 15 kg","0","MFB","GOOD","15","PT SMART"
"1503005_BD","Menara Cream 15 kg","0","MFB","BAD","15","PT SMART"
"1503006","Menara BKF 15 kg","0","MFB","GOOD","15","PT SMART"
"1503006_BD","Menara BKF 15 kg","0","MFB","BAD","15","PT SMART"
"1503007","Filma Margarine 15 kg","0","MFB","GOOD","15","PT SMART"
"1503007_BD","Filma Margarine 15 kg","0","MFB","BAD","15","PT SMART"
"1503008","FILMA BOS 9 KG","0","MFB","GOOD","15","PT SMART"
"1503009","FILMA MARGARINE BCF 15 KG","0","MFB","GOOD","15","PT SMART"
"1503010","FILMA BOS 18KG PLASTIK","0","MFB","GOOD","15","PT SMART"
"1503040","Filma Minyak Goreng 18 Jrg","0","MFB","GOOD","15","PT SMART"
"1503041","Filma Minyak Goreng 18 Lt BIB","0","MFB","GOOD","15","PT SMART"
"1503041_BD","Filma Minyak Goreng 18 Lt BIB","0","MFB","BAD","15","PT SMART"
"1503042","FILMA PRESTIGE MARGARINE 10KG","0","MFB","GOOD","15","PT SMART"
"1504001","KUNCI MAS BOTOL 12 x 950 Ml","0","MFB","GOOD","15","PT SMART"
"1504001_BD","KUNCI MAS BOTOL 12 x 950 Ml","0","MFB","BAD","15","PT SMART"
"1504002","KUNCI MAS BOTOL 24 X 485 Ml","0","MFB","GOOD","15","PT SMART"
"1504002_BD","KUNCI MAS BOTOL 24 x 485 Ml","0","MFB","BAD","15","PT SMART"
"1504003","KUNCI MAS BOTOL 40 x 250 Ml","0","MFB","GOOD","15","PT SMART"
"1504004","KUNCI MAS BOTOL 6 x 1.9 Lt","0","MFB","GOOD","15","PT SMART"
"1504004_BD","KUNCI MAS BOTOL 1.9 Lt","0","MFB","BAD","15","PT SMART"
"1504005","KUNCI MAS JERIGEN 4 x 5 Lt","0","MFB","GOOD","15","PT SMART"
"1504005_BD","KUNCI MAS JERIGEN 4 X 5 Lt","0","MFB","BAD","15","PT SMART"
"1504006","KUNCI MAS JERIGEN 6 x 3.785 Lt","0","MFB","GOOD","15","PT SMART"
"1504007","KUNCI MAS REF POUCH 12 x 1 Lt","0","MFB","GOOD","15","PT SMART"
"1504007_BD","KUNCI MAS REF POUCH 12 x 1 Lt","0","MFB","BAD","15","PT SMART"
"1504008","KUNCI MAS REF POUCH 12 x 1.1 Lt","0","MFB","GOOD","15","PT SMART"
"1504009","KUNCI MAS REF POUCH 48 x 225 Ml","0","MFB","GOOD","15","PT SMART"
"1504010","KUNCI MAS REF POUCH 6 x 2 Lt","0","MFB","GOOD","15","PT SMART"
"1504010_BD","KUNCI MAS REF POUCH 6 x 2 Lt","0","MFB","BAD","15","PT SMART"
"1504011","KUNCI MAS REF POUCH 6 x 2.2 Lt","0","MFB","GOOD","15","PT SMART"
"1505001","KUNCIMAS MINYAK GORENG BIB 18 Lt","0","MFB","GOOD","15","PT SMART"
"1505001_BD","MASKU MINYAK GORENG 18 Lt","0","MFB","BAD","15","PT SMART"
"1506001","PALMBOOM MARGARINE 24 x 250 GR","0","MFB","GOOD","15","PT SMART"
"1506001_BD","PALMBOOM MARGARINE 24 x 250 Gr","0","MFB","BAD","15","PT SMART"
"1506002","PALMBOOM MARGARINE 24 x 500 Gr","0","MFB","GOOD","15","PT SMART"
"1506002_BD","PALMBOOM MARGARINE 24 x 500 Gr","0","MFB","BAD","15","PT SMART"
"1506003","FILMA PUFF DANISH PASTRY SHORT  6X2KG","0","MFB","GOOD","15","PT SMART"
"1506004","PALOMA MARGARIN 15KG","0","MFB","GOOD","15","PT SMART"
"1506004_BD","PALOMA MARGARIN 15KG","0","MFB","BAD","15","PT SMART"
"1506005","PALOMA BKF 15KG","0","MFB","GOOD","15","PT SMART"
"1506009","FILMA DANISH PASTRY MARGARIN  6X2KG","0","MFB","GOOD","15","PT SMART"
"1506010","FILMA SIGNATURE COOK OIL 12X1LT BTL","0","MFB","GOOD","15","PT SMART"
"1506010_BD","FILMA SIGNATURE COOK OIL 12X1LT BTL","0","MFB","BAD","15","PT SMART"
"1506011","FILMA SIGNATURE COOK OIL 12X1LT PCH","0","MFB","GOOD","15","PT SMART"
"1506012","FILMA SIGNATURE COOK OIL 6X2LT PCH","0","MFB","GOOD","15","PT SMART"
"1506012_BD","FILMA SIGNATURE COOK OIL 6X2LT PCH","0","MFB","BAD","15","PT SMART"
"1507001","PRISTINE Water 1 X 24 X 330 ml","0","MFB","GOOD","48","PRISTINE"
"1507001_BD","PRISTINE Water 1 X 24 X 330 ml","1","MFB","BAD","48","PRISTINE"
"1507002","PRISTINE Water 1 X 24 X 600 ml","0","MFB","GOOD","48","PRISTINE"
"1507003","PRISTINE Water 1 X 12 X 1500 ml","0","MFB","GOOD","48","PRISTINE"
"1507004","PRISTINE Water 1 X 24 X 300+70 ml","0","MFB","GOOD","48","PRISTINE"
"1507004_BD","PRISTINE Water 1 X 24 X 300+70 ml","1","MFB","BAD","48","PRISTINE"
"1507005","NEW PRISTINE Water 1 X 24 X 600 ml","0","MFB","GOOD","48","PRISTINE"
"1507005_BD","NEW PRISTINE Water 1 X 24 X 600 ml","1","MFB","BAD","48","PRISTINE"
"1507006","NEW PRISTINE Water 1 X 12 X 1500 ml","0","MFB","GOOD","48","PRISTINE"
"1507007","PRISTINE Water 1 X 24 X 400ml","0","MFB","GOOD","48","PRISTINE"
"1507007_BD","PRISTINE Water 1 X 24 X 400ml","1","MFB","BAD","48","PRISTINE"
"1508001","BURUNG DARA RENTENG 136GR 36/CT","0","MFB","GOOD","15","PT SMART"
"1508002","BURUNG DARA RENTENG PIPIH 140GR 24/CT","0","MFB","GOOD","15","PT SMART"
"20017","BK DELLCIOUS KELAPA 110GR 3BALX10PK","1","MFB","GOOD","KOKOLA","PT.MEGA NIAGA NUSANTARA"
"20017_BD","BK DELLCIOUS KELAPA 110GR 3BALX10PK","1","MFB","BAD","KOKOLA","PT.MEGA NIAGA NUSANTARA"
"20017_BN","BK DELLCIOUS KELAPA 110GR 3BALX10PK","1","MFB","BONUS","KOKOLA","PT.MEGA NIAGA NUSANTARA"
"20019","BK/MARIE SUSU MADU 100G 6X6","1","MFB","GOOD","KOKOLA","PT.MEGA NIAGA NUSANTARA"
"20019_BD","BK/MARIE SUSU MADU 100G 6X6","1","MFB","BAD","KOKOLA","PT.MEGA NIAGA NUSANTARA"
"20019_BN","BK/MARIE SUSU MADU 100G 6X6","1","MFB","BONUS","KOKOLA","PT.MEGA NIAGA NUSANTARA"
"20023","WSK/MAJORICO STRAW YOGURT 120GR","1","MFB","GOOD","KOKOLA","PT.MEGA NIAGA NUSANTARA"
"20023_BD","WSK/MAJORICO STRAW YOGURT 120GR","1","MFB","BAD","KOKOLA","PT.MEGA NIAGA NUSANTARA"
"20023_BN","WSK/MAJORICO STRAW YOGURT 120GR","1","MFB","BONUS","KOKOLA","PT.MEGA NIAGA NUSANTARA"
"20024","WSK/MAJORICO CAPPUCINO 120GR/24PC","1","MFB","GOOD","KOKOLA","PT.MEGA NIAGA NUSANTARA"
"20024_BD","WSK/MAJORICO CAPPUCINO 120GR/24PC","1","MFB","BAD","KOKOLA","PT.MEGA NIAGA NUSANTARA"
"20024_BN","WSK/MAJORICO CAPPUCINO 120GR/24PC","1","MFB","BONUS","KOKOLA","PT.MEGA NIAGA NUSANTARA"
"20025","WSK/MAJORICO WHITE CHOCOLATE 120GR 24PC","1","MFB","GOOD","KOKOLA","PT.MEGA NIAGA NUSANTARA"
"20025_BN","WSK/MAJORICO WHITE CHOCOLATE 120GR 24PC","1","MFB","BONUS","KOKOLA","PT.MEGA NIAGA NUSANTARA"
"20027","WSK/MAJORICO MATCHA 250GR 12BUCKET","1","MFB","GOOD","KOKOLA","PT.MEGA NIAGA NUSANTARA"
"20028","WSK/MAJORICO CHOCOLATE 250GR 12BUCKET","1","MFB","GOOD","KOKOLA","PT.MEGA NIAGA NUSANTARA"
"20029","WSK/MAJORICO VANILLA 250GR 12BUCKET","1","MFB","GOOD","KOKOLA","PT.MEGA NIAGA NUSANTARA"
"20031","WSK/MAJORICO CHOCOLATE 120G SHOWBOX","1","MFB","GOOD","KOKOLA","PT.MEGA NIAGA NUSANTARA"
"20031_BD","WSK/MAJORICO CHOCOLATE 120G SHOWBOX","1","MFB","BAD","KOKOLA","PT.MEGA NIAGA NUSANTARA"
"20032","WSK/MAJORICO VANILLA 120G SHOWBOX","1","MFB","GOOD","KOKOLA","PT.MEGA NIAGA NUSANTARA"
"20032_BD","WSK/MAJORICO VANILLA 120G SHOWBOX","1","MFB","BAD","KOKOLA","PT.MEGA NIAGA NUSANTARA"
"20128","BK/MARIE SUSU MADU 12GR 20X6","1","MFB","GOOD","KOKOLA","PT.MEGA NIAGA NUSANTARA"
"20128_BD","BK/MARIE SUSU MADU 12GR 20X6","1","MFB","BAD","KOKOLA","PT.MEGA NIAGA NUSANTARA"
"20129","BK/MARIE SUSU MADU 8GR 20X6","1","MFB","GOOD","KOKOLA","PT.MEGA NIAGA NUSANTARA"
"2021653","40GR LAVER KIMBOB","1","MFB","GOOD","10","PT. DAESANG AGUNG"
"20239","BK ROSE CREAM CHOCOLATE 260GR","1","MFB","GOOD","KOKOLA","PT.MEGA NIAGA NUSANTARA"
"20239_BD","BK ROSE CREAM CHOCOLATE 260GR","1","MFB","BAD","KOKOLA","PT.MEGA NIAGA NUSANTARA"
"20239_BN","BK ROSE CREAM CHOCOLATE 260GR","1","MFB","BONUS","KOKOLA","PT.MEGA NIAGA NUSANTARA"
"20242","BK ROSE CREAM PINEAPLE 260GR","1","MFB","GOOD","KOKOLA","PT.MEGA NIAGA NUSANTARA"
"20242_BD","BK ROSE CREAM PINEAPLE 260GR","1","MFB","BAD","KOKOLA","PT.MEGA NIAGA NUSANTARA"
"20242_BN","BK ROSE CREAM PINEAPLE 260GR","1","MFB","BONUS","KOKOLA","PT.MEGA NIAGA NUSANTARA"
"20243","BK ROSE CREAM LEMON 260GR","1","MFB","GOOD","KOKOLA","PT.MEGA NIAGA NUSANTARA"
"20243_BD","BK ROSE CREAM LEMON 260GR","1","MFB","BAD","KOKOLA","PT.MEGA NIAGA NUSANTARA"
"20243_BN","BK ROSE CREAM LEMON 260GR","1","MFB","BONUS","KOKOLA","PT.MEGA NIAGA NUSANTARA"
"20249","BK SUPER CREAM BON BON 200GRX3X7","1","MFB","GOOD","KOKOLA","PT.MEGA NIAGA NUSANTARA"
"20249_BD","BK SUPER CREAM BON BON 200GRX3X7","1","MFB","BAD","KOKOLA","PT.MEGA NIAGA NUSANTARA"
"20249_BN","BK SUPER CREAM BON BON 200GRX3X7","1","MFB","BONUS","KOKOLA","PT.MEGA NIAGA NUSANTARA"
"20250","BK SUPER CREAM STRAWBERRY 200GRX3X7","1","MFB","GOOD","KOKOLA","PT.MEGA NIAGA NUSANTARA"
"20250_BD","BK SUPER CREAM STRAWBERRY 200GRX3X7","1","MFB","BAD","KOKOLA","PT.MEGA NIAGA NUSANTARA"
"20250_BN","BK SUPER CREAM STRAWBERRY 200GRX3X7","1","MFB","BONUS","KOKOLA","PT.MEGA NIAGA NUSANTARA"
"20251","BK SUPER CREAM PINEAPPLE 200GRX3X7","1","MFB","GOOD","KOKOLA","PT.MEGA NIAGA NUSANTARA"
"20251_BD","BK SUPER CREAM PINEAPPLE 200GRX3X7","1","MFB","BAD","KOKOLA","PT.MEGA NIAGA NUSANTARA"
"20251_BN","BK SUPER CREAM PINEAPPLE 200GRX3X7","1","MFB","BONUS","KOKOLA","PT.MEGA NIAGA NUSANTARA"
"20252","BK SUPER CREAM ORANGE 200GRX3X7","1","MFB","GOOD","KOKOLA","PT.MEGA NIAGA NUSANTARA"
"20252_BD","BK SUPER CREAM ORANGE 200GRX3X7","1","MFB","BAD","KOKOLA","PT.MEGA NIAGA NUSANTARA"
"20252_BN","BK SUPER CREAM ORANGE 200GRX3X7","1","MFB","BONUS","KOKOLA","PT.MEGA NIAGA NUSANTARA"
"20257","BK/REGI BANANA 24GR 10X6","1","MFB","GOOD","KOKOLA","PT.MEGA NIAGA NUSANTARA"
"20257_BD","BK/REGI BANANA 24GR 10X6","1","MFB","BAD","KOKOLA","PT.MEGA NIAGA NUSANTARA"
"20261","BK/ABC CHOCO CRACKERS 12GR 20X6","1","MFB","GOOD","KOKOLA","PT.MEGA NIAGA NUSANTARA"
"20261_BD","BK/ABC CHOCO CRACKERS 12GR 20X6","1","MFB","BAD","KOKOLA","PT.MEGA NIAGA NUSANTARA"
"20262","BK/RIMBA CHOCO CRACKERS 12GR 20X6","1","MFB","GOOD","KOKOLA","PT.MEGA NIAGA NUSANTARA"
"20262_BD","BK/RIMBA CHOCO CRACKERS 12GR 20X6","1","MFB","BAD","KOKOLA","PT.MEGA NIAGA NUSANTARA"
"20264","BK/UNIGOLD KELAPA 24GR 6X10","1","MFB","GOOD","KOKOLA","PT.MEGA NIAGA NUSANTARA"
"20264_BD","BK/UNIGOLD KELAPA 24GR 6X10","1","MFB","BAD","KOKOLA","PT.MEGA NIAGA NUSANTARA"
"2100105","H4 FOLK VERMICELLY 500GR 20/CT","0","MFB","GOOD","10","PT. DAESANG AGUNG"
"2100108","[K48] 500GR ANCHOVY SAUCE","0","MFB","GOOD","10","PT. DAESANG AGUNG"
"2100111","[G84] 1KG SOYBEAN P. (D) - P/L","0","MFB","GOOD","10","PT. DAESANG AGUNG"
"2100114","[G92] 500GR SOYBEAN P (S)","0","MFB","GOOD","10","PT. DAESANG AGUNG"
"2100116","[K24] 100GR DRIED SEAWEED","0","MFB","GOOD","10","PT. DAESANG AGUNG"
"2100125","[E11] 700GR RICE M.SYRUP","0","MFB","GOOD","10","PT. DAESANG AGUNG"
"2100128","[I6] 900GR APPLE VGR","0","MFB","GOOD","10","PT. DAESANG AGUNG"
"2100133","L84 BBQ SAUCE - RIBS 280GR","0","MFB","GOOD","10","PT. DAESANG AGUNG"
"2100141","[K53] 500GR CANARI SAUCE","0","MFB","GOOD","10","PT. DAESANG AGUNG"
"2100148","[K12] 50GR BLACK PEPPER PWD","0","MFB","GOOD","10","PT. DAESANG AGUNG"
"2100170","[K67] 6+3 ROASTED LAVER(OLIVE)","0","MFB","GOOD","10","PT. DAESANG AGUNG"
"2100176","[K190]8X8X8 ROASTED L(NEW)-ENG","0","MFB","GOOD","10","PT. DAESANG AGUNG"
"2100178","[L73)]280GR BBQ SAUCE - BEEF (EN)","0","MFB","GOOD","10","PT. DAESANG AGUNG"
"2100180","(J465) 60GR INS SOUP (BEEF)","0","MFB","GOOD","10","PT. DAESANG AGUNG"
"2100181","(J468) 60GR INS SOUP (GARLIC)","0","MFB","GOOD","10","PT. DAESANG AGUNG"
"2100182","J467 INSTANT SOUP (VEGETABLES))  60GR","0","MFB","GOOD","10","PT. DAESANG AGUNG"
"2100183","(J466)60GR INS SOUP (MUSHROOM)","0","MFB","GOOD","10","PT. DAESANG AGUNG"
"2100184","(J464)60GR INS SOUP CREAM","0","MFB","GOOD","10","PT. DAESANG AGUNG"
"2100192","J275 24GR VEG RICE SPRINKLES","0","MFB","GOOD","10","PT. DAESANG AGUNG"
"2100229","MMSK MYK GRG KEDELAI 900ML 12/CT","1","MFB","GOOD","10","PT. DAESANG AGUNG"
"2100230","MMSK MYK GRG JAGUNG 900ML 12/CT","1","MFB","GOOD","10","PT. DAESANG AGUNG"
"2401010","BABY WIPES GREEN TEA 17CM BOTOL","0","MFB","GOOD","24","PT REMS SURABAYA"
"2401011","BABY WIPES GREEN TEA 12 CM BOTOL","0","MFB","GOOD","24","PT REMS SURABAYA"
"2901","BONUS INDOMIE","0","MFB","GOOD","29","PT.UNIVERSAL CIPTA PANGAN"
"2901001","KINGKONG BARBEQUE 20 GR 60/D","0","MFB","GOOD","29","PT.UNIVERSAL CIPTA PANGAN"
"2901001_BD","KINGKONG BARBEQUE 20 GR 60/D","0","MFB","BAD","29","PT.UNIVERSAL CIPTA PANGAN"
"2901002","KINGKONG BARBEQUE 60GR 30/D","0","MFB","GOOD","29","PT.UNIVERSAL CIPTA PANGAN"
"2901002_BD","KINGKONG BARBEQUE 60GR 30/D","0","MFB","BAD","29","PT.UNIVERSAL CIPTA PANGAN"
"2901003","KINGKONG BARBEQUE 185GR 12/D","0","MFB","GOOD","29","PT.UNIVERSAL CIPTA PANGAN"
"2901003_BD","KINGKONG BARBEQUE 185GR 12/D","0","MFB","BAD","29","PT.UNIVERSAL CIPTA PANGAN"
"2901004","KINGKONG BBQ 15GR 100/CT","0","MFB","GOOD","29","PT.UNIVERSAL CIPTA PANGAN"
"2901004_BD","KINGKONG BBQ 15GR 100/CT","0","MFB","BAD","29","PT.UNIVERSAL CIPTA PANGAN"
"2902001","KINGKONG AYAM LADA HITAM 20 GR 60/D","0","MFB","GOOD","29","PT.UNIVERSAL CIPTA PANGAN"
"2902001_BD","KINGKONG AYAM LADA HITAM 20 GR 6","0","MFB","BAD","29","PT.UNIVERSAL CIPTA PANGAN"
"2902002","KINGKONG AYAM LADA HITAM 60GR 30/D","0","MFB","GOOD","29","PT.UNIVERSAL CIPTA PANGAN"
"2902002_BD","KINGKONG AYAM LADA HITAM 60GR 30","0","MFB","BAD","29","PT.UNIVERSAL CIPTA PANGAN"
"2902003","KINGKONG AYAM LADA HITAM 185GR 12/D","0","MFB","GOOD","29","PT.UNIVERSAL CIPTA PANGAN"
"2902003_BD","KINGKONG AYAM LADA HITAM 185GR 12/D","0","MFB","BAD","29","PT.UNIVERSAL CIPTA PANGAN"
"2902004","KINGKONG AYAM LADA HITAM 15GR 100/CT","0","MFB","GOOD","29","PT.UNIVERSAL CIPTA PANGAN"
"2902004_BD","KINGKONG AYAM LADA HITAM 15GR 100/CT","0","MFB","BAD","29","PT.UNIVERSAL CIPTA PANGAN"
"2903001","KINGKONG KEJU BAKAR 20 GR 60/D","0","MFB","GOOD","29","PT.UNIVERSAL CIPTA PANGAN"
"2903001_BD","KINGKONG KEJU BAKAR 20 GR 60/D","0","MFB","BAD","29","PT.UNIVERSAL CIPTA PANGAN"
"2903002","KINGKONG KEJU BAKAR  60GR 30/D","0","MFB","GOOD","29","PT.UNIVERSAL CIPTA PANGAN"
"2903002_BD","KINGKONG KEJU BAKAR  60GR 30/D","0","MFB","BAD","29","PT.UNIVERSAL CIPTA PANGAN"
"2903003","KINGKONG KEJU BAKAR 185GR 12/D","0","MFB","GOOD","29","PT.UNIVERSAL CIPTA PANGAN"
"2903003_BD","KINGKONG KEJU BAKAR 185GR 12/D","0","MFB","BAD","29","PT.UNIVERSAL CIPTA PANGAN"
"2903004","KINGKONG KEJU BAKAR 15GR 100/CT","0","MFB","GOOD","29","PT.UNIVERSAL CIPTA PANGAN"
"2903004_BD","KINGKONG KEJU BAKAR 15GR 100/CT","0","MFB","BAD","29","PT.UNIVERSAL CIPTA PANGAN"
"2904001","KINGKONG BALADO 20 GR 60/D","0","MFB","GOOD","29","PT.UNIVERSAL CIPTA PANGAN"
"2904001_BD","KINGKONG BALADO 20 GR 60/D","0","MFB","BAD","29","PT.UNIVERSAL CIPTA PANGAN"
"2904002","KINGKONG BALADO  60GR 30/D","0","MFB","GOOD","29","PT.UNIVERSAL CIPTA PANGAN"
"2904002_BD","KINGKONG BALADO  60GR 30/D","0","MFB","BAD","29","PT.UNIVERSAL CIPTA PANGAN"
"2904003","KINGKONG BALADO 185GR 12/D","0","MFB","GOOD","29","PT.UNIVERSAL CIPTA PANGAN"
"2904003_BD","KINGKONG BALADO 185GR 12/D","0","MFB","BAD","29","PT.UNIVERSAL CIPTA PANGAN"
"2904004","KINGKONG BALADO 15GR 100/CT","0","MFB","GOOD","29","PT.UNIVERSAL CIPTA PANGAN"
"2904004_BD","KINGKONG BALADO 15GR 100/CT","0","MFB","BAD","29","PT.UNIVERSAL CIPTA PANGAN"
"2905001","KINGKONG JAGUNG MANIS 20 GR 60/D","0","MFB","GOOD","29","PT.UNIVERSAL CIPTA PANGAN"
"2905001_BD","KINGKONG JAGUNG MANIS 20 GR 60/D","0","MFB","BAD","29","PT.UNIVERSAL CIPTA PANGAN"
"2905002","KINGKONG ORIGINAL  60GR 30/D","0","MFB","GOOD","29","PT.UNIVERSAL CIPTA PANGAN"
"2905002_BD","KINGKONG ORIGINAL  60GR 30/D","0","MFB","BAD","29","PT.UNIVERSAL CIPTA PANGAN"
"2905003","KINGKONG ORIGINAL 185GR 12/D","0","MFB","GOOD","29","PT.UNIVERSAL CIPTA PANGAN"
"2905003_BD","KINGKONG ORIGINAL 185GR 12/D","0","MFB","BAD","29","PT.UNIVERSAL CIPTA PANGAN"
"2905004","KINGKONG JAGUNG MANIS 15GR 100/CT","0","MFB","GOOD","29","PT.UNIVERSAL CIPTA PANGAN"
"2905004_BD","KINGKONG JAGUNG MANIS 15 GR","0","MFB","BAD","29","PT.UNIVERSAL CIPTA PANGAN"
"2906001","KINGKONG LADA HITAM 60X28GR","0","MFB","GOOD","29","PT.UNIVERSAL CIPTA PANGAN"
"2906001_BD","KINGKONG LADA HITAM 60X28GR","0","MFB","BAD","29","PT.UNIVERSAL CIPTA PANGAN"
"2906002","KINGKONG BARBEQUE 60X28GR","0","MFB","GOOD","29","PT.UNIVERSAL CIPTA PANGAN"
"2906002_BD","KINGKONG BARBEQUE 60X28GR","0","MFB","BAD","29","PT.UNIVERSAL CIPTA PANGAN"
"2906003","KINGKONG BALADO 60X28GR","0","MFB","GOOD","29","PT.UNIVERSAL CIPTA PANGAN"
"2906003_BD","KINGKONG BALADO 60X28GR","0","MFB","BAD","29","PT.UNIVERSAL CIPTA PANGAN"
"2907001","KINGKONG LAUK TEMPE 25GRX50","0","MFB","GOOD","29","PT.UNIVERSAL CIPTA PANGAN"
"2907001_BD","KINGKONG LAUK TEMPE 25GRX50","0","MFB","BAD","29","PT.UNIVERSAL CIPTA PANGAN"
"30069","BK KUKIS BUTTER 218GR 6PCX4BALL","1","MFB","GOOD","KOKOLA","PT.MEGA NIAGA NUSANTARA"
"30069_BD","BK KUKIS BUTTER 218GR 6PCX4BALL","1","MFB","BAD","KOKOLA","PT.MEGA NIAGA NUSANTARA"
"30069_BN","BK KUKIS BUTTER 218GR 6PCX4BALL","1","MFB","BONUS","KOKOLA","PT.MEGA NIAGA NUSANTARA"
"30070","BK KUKIS COCONUT 218GRX6PCX4BALL","1","MFB","GOOD","KOKOLA","PT.MEGA NIAGA NUSANTARA"
"30070_BD","BK KUKIS COCONUT 218GRX6PCX4BALL","1","MFB","BAD","KOKOLA","PT.MEGA NIAGA NUSANTARA"
"30070_BN","BK KUKIS COCONUT 218GRX6PCX4BALL","1","MFB","BONUS","KOKOLA","PT.MEGA NIAGA NUSANTARA"
"30083","BK/KUKIS KELAPA 56GR 10X6","1","MFB","GOOD","KOKOLA","PT.MEGA NIAGA NUSANTARA"
"30083_BD","BK/KUKIS KELAPA 56GR 10X6","1","MFB","BAD","KOKOLA","PT.MEGA NIAGA NUSANTARA"
"30084","BK/KUKIS BUTTER 56GR 10X6","1","MFB","GOOD","KOKOLA","PT.MEGA NIAGA NUSANTARA"
"30084_BD","BK/KUKIS BUTTER 56GR 10X6","1","MFB","BAD","KOKOLA","PT.MEGA NIAGA NUSANTARA"
"30085","BK/KUKIS SUSU VANILLA 56GR 10X6","1","MFB","GOOD","KOKOLA","PT.MEGA NIAGA NUSANTARA"
"30085_BD","BK/KUKIS SUSU VANILLA 56GR 10X6","1","MFB","BAD","KOKOLA","PT.MEGA NIAGA NUSANTARA"
"30086","BK/KUKIS MOCHACHINO 56GR 10X6","1","MFB","GOOD","KOKOLA","PT.MEGA NIAGA NUSANTARA"
"30086_BD","BK/KUKIS MOCHACHINO 56GR 10X6","1","MFB","BAD","KOKOLA","PT.MEGA NIAGA NUSANTARA"
"30087","BK KUKIS MOCHACHINO 218GRX6PCX4BAL","1","MFB","GOOD","KOKOLA","PT.MEGA NIAGA NUSANTARA"
"30087_BD","BK KUKIS MOCHACHINO 218GRX6PCX4BAL","1","MFB","BAD","KOKOLA","PT.MEGA NIAGA NUSANTARA"
"30087_BN","BK KUKIS MOCHACHINO 218GRX6PCX4BAL","1","MFB","BONUS","KOKOLA","PT.MEGA NIAGA NUSANTARA"
"30088","BK KUKIS SUSU VANILLA 218GRX6PCX4BAL","1","MFB","GOOD","KOKOLA","PT.MEGA NIAGA NUSANTARA"
"30088_BD","BK KUKIS SUSU VANILLA 218GRX6PCX4BAL","1","MFB","BAD","KOKOLA","PT.MEGA NIAGA NUSANTARA"
"30088_BN","BK KUKIS SUSU VANILLA 218GRX6PCX4BAL","1","MFB","BONUS","KOKOLA","PT.MEGA NIAGA NUSANTARA"
"30099","BK/MONI CHOCO RING COOKIES 11.5GR 20X6","1","MFB","GOOD","KOKOLA","PT.MEGA NIAGA NUSANTARA"
"30099_BD","BK/MONI CHOCO RING COOKIES 11.5GR 20X6","1","MFB","BAD","KOKOLA","PT.MEGA NIAGA NUSANTARA"
"30100","BK/HELLO COOKIES 11.5GR 20X6","1","MFB","GOOD","KOKOLA","PT.MEGA NIAGA NUSANTARA"
"30100_BD","BK/HELLO COOKIES 11.5GR 20X6","1","MFB","BAD","KOKOLA","PT.MEGA NIAGA NUSANTARA"
"30103","BK/CHOCOLATE COOKIES 320GR 6BUCKET","1","MFB","GOOD","KOKOLA","PT.MEGA NIAGA NUSANTARA"
"30104","BK/SUSU VANILLA COOKIES 320GR 6BUCKET","1","MFB","GOOD","KOKOLA","PT.MEGA NIAGA NUSANTARA"
"30105","BK/KUKIS MAMAH 320GR 6BUCKET","1","MFB","GOOD","KOKOLA","PT.MEGA NIAGA NUSANTARA"
"3901001","SARDINES TOMATO KIKU 155GR 50/CT","0","MFB","GOOD","39","PT.BLAMBANGAN FOOD"
"3901002","SARDINESTOMATO KIKU 425GR 24/CT","0","MFB","GOOD","39","PT.BLAMBANGAN FOOD"
"3901003","SARDINES EXTRA PEDAS KIKU 155GR 50/CT","0","MFB","GOOD","39","PT.BLAMBANGAN FOOD"
"3901004","SARDINES EXTRA PEDAS KIKU 425GR 24/CT","0","MFB","GOOD","39","PT.BLAMBANGAN FOOD"
"3902001","MAKARELTOMATO KIKU 155GR 50/CT","0","MFB","GOOD","39","PT.BLAMBANGAN FOOD"
"3902002","MAKAREL TOMATO KIKU 425GR 24/CT","0","MFB","GOOD","39","PT.BLAMBANGAN FOOD"
"3902003","MAKAREL EXTRA PEDAS KIKU 155GR 50/CT","0","MFB","GOOD","39","PT.BLAMBANGAN FOOD"
"3902004","MAKAREL EXTRA PEDAS KIKU 425GR 24/CT","0","MFB","GOOD","39","PT.BLAMBANGAN FOOD"
"3903001","KIKU TUNA IN OIL 185GR 48/CT","0","MFB","GOOD","39","PT.BLAMBANGAN FOOD"
"3903002","KIKU SAMBAL GORENG 185GR 48/CT","0","MFB","GOOD","39","PT.BLAMBANGAN FOOD"
"3903003","SGIT KIKU 185GR 48/CT","0","MFB","GOOD","39","PT.BLAMBANGAN FOOD"
"3904001","KIKU CORNED BEEF 120GR 48/CT","0","MFB","GOOD","39","PT.BLAMBANGAN FOOD"
"3904002","KIKU CORNED BEEF 200GR 48/CT","0","MFB","GOOD","39","PT.BLAMBANGAN FOOD"
"4001001","MILQUEEN KRIMER KENTAL MANIS 48/CT","0","MFB","GOOD","40","PT.SINAR PERKASA SUKSES"
"4001002","MILQUEEN KENTAL PLAN  20X6SC","0","MFB","GOOD","40","PT.SINAR PERKASA SUKSES"
"4001003","MILQUEEN KENTAL MANIS  CHO 20X6SC","0","MFB","GOOD","40","PT.SINAR PERKASA SUKSES"
"4001004","MILQUEEN KRIMER KENTAL COKLAT  48/CT","0","MFB","GOOD","40","PT.SINAR PERKASA SUKSES"
"4201001","MI-U JUICE LYCHEE 350ML 24/CT","0","MFB","GOOD","42","PT.GLOBALINDO PERKASA"
"4201002","MI-U JUICE GUAVA 350ML 24/CT","0","MFB","GOOD","42","PT.GLOBALINDO PERKASA"
"4201003","MI-U JUICE BLUEBERRY 350ML 24/CT","0","MFB","GOOD","42","PT.GLOBALINDO PERKASA"
"4201004","MI-U JUICE ORANGE 350ML 24/CT","0","MFB","GOOD","42","PT.GLOBALINDO PERKASA"
"4201004_BD","MI-U JUICE ORANGE 350ML 24/CT","1","MFB","BAD","42","PT.GLOBALINDO PERKASA"
"4201005","MI-U JUICE WHITE GRAPE 350ML 24/CT","0","MFB","GOOD","42","PT.GLOBALINDO PERKASA"
"4201006","MI-U JUICE APPLE 350ML 24/CT","0","MFB","GOOD","42","PT.GLOBALINDO PERKASA"
"4201007","MI-U JUICE MELON 350ML 24/CT","0","MFB","GOOD","42","PT.GLOBALINDO PERKASA"
"4201008","MI-U JUICE PEACH 350ML 24/CT","0","MFB","GOOD","42","PT.GLOBALINDO PERKASA"
"4201009","MI-U LEMON TEA 350ML 24/CT","0","MFB","GOOD","42","PT.GLOBALINDO PERKASA"
"4301040_BD","SPONGE CRUNCH COKLAT 120GRX20","1","MFB","BAD","43","PT. Puncak Masa Keemasan"
"4401001","AJINOMOTO MSG 500GR 24/CT","0","MFB","GOOD","44","PT.AJINOMOTO SALES INDONESIA"
"4401002","AJINOMOTO MSG KGLC 1KG 12/CT","0","MFB","GOOD","44","PT.AJINOMOTO SALES INDONESIA"
"4401003","AJINOMOTO MSG KGRC 1KG 20/CT","0","MFB","GOOD","44","PT.AJINOMOTO SALES INDONESIA"
"4401004","AJI PLUS APKG 1KG 20/CT","0","MFB","GOOD","44","PT.AJINOMOTO SALES INDONESIA"
"4401005","MASAKO AYAM 250MA 250GR 24/CT","0","MFB","GOOD","44","PT.AJINOMOTO SALES INDONESIA"
"4401006","MASAKO SAPI 250MS 250GR 24/CT","0","MFB","GOOD","44","PT.AJINOMOTO SALES INDONESIA"
"4401007","MASAKO AYAM PWD KGMA 1KG 12/CT","0","MFB","GOOD","44","PT.AJINOMOTO SALES INDONESIA"
"4401008","MASAKO SAPI PWD KGMS 1KG 12/CT","0","MFB","GOOD","44","PT.AJINOMOTO SALES INDONESIA"
"4401009","SAJIKU TEPUNG BUMBU STB250 250GR 24/CT","0","MFB","GOOD","44","PT.AJINOMOTO SALES INDONESIA"
"4401010","SAORI SAUS TIRAM 275ML 12/CT","0","MFB","GOOD","44","PT.AJINOMOTO SALES INDONESIA"
"4401011","SAORI SAUS TIRAM 1000ML 6/CT","0","MFB","GOOD","44","PT.AJINOMOTO SALES INDONESIA"
"4401012","SAORI SAUS TERIYAKI 275ML 12/CT","0","MFB","GOOD","44","PT.AJINOMOTO SALES INDONESIA"
"4401013","SAORI SAUS TERIYAKI 1000ML 6/CT","0","MFB","GOOD","44","PT.AJINOMOTO SALES INDONESIA"
"4401014","NERIPLUS KGNP 12/CT","0","MFB","GOOD","44","PT.AJINOMOTO SALES INDONESIA"
"5201001","RUMPUT LAUT ORIGINAL 20GR 45/CT","0","MFB","GOOD","52","CV.PANDA FOOD"
"5201001_BD","RUMPUT LAUT ORIGINAL 20GR 45/CT","1","MFB","BAD","52","CV.PANDA FOOD"
"5201002","RUMPUT LAUT SPICY 20GR 45/CT","0","MFB","GOOD","52","CV.PANDA FOOD"
"5201002_BD","RUMPUT LAUT SPICY 20GR 45/CT","1","MFB","BAD","52","CV.PANDA FOOD"
"5201003","RUMPUT LAUT BARBEQUE 20GR 45/CT","0","MFB","GOOD","52","CV.PANDA FOOD"
"5201003_BD","RUMPUT LAUT BARBEQUE 20GR 45/CT","1","MFB","BAD","52","CV.PANDA FOOD"
"5401001","POKKA JASMINE GREEN TEA 24X300ML","0","MFB","GOOD","54","PT.ESHAM DIMA MANDIRI"
"5401001_BD","POKKA JASMINE GREEN TEA 24X300ML","1","MFB","BAD","54","PT.ESHAM DIMA MANDIRI"
"5401002","POKKA JASMINE GREEN TEA 24X500ML","0","MFB","GOOD","54","PT.ESHAM DIMA MANDIRI"
"5401002_BD","POKKA JASMINE GREEN TEA 24X500ML","1","MFB","BAD","54","PT.ESHAM DIMA MANDIRI"
"5401003","POKKA JAPANESE GREEN TEA 24X300ML","0","MFB","GOOD","54","PT.ESHAM DIMA MANDIRI"
"5401004","POKKA CHINESE OOLONG TEA 24X300ML","0","MFB","GOOD","54","PT.ESHAM DIMA MANDIRI"
"5401005","POKKA LEMON BLACK TEA BTL 350MLX24","0","MFB","GOOD","54","PT.ESHAM DIMA MANDIRI"
"5401005_BD","POKKA LEMON BLACK TEA BTL 350MLX24","1","MFB","BAD","54","PT.ESHAM DIMA MANDIRI"
"5401005_BN","POKKA LEMON BLACK TEA BTL 350MLX24","1","MFB","BONUS","54","PT.ESHAM DIMA MANDIRI"
"5401006","POKKA JASMINE GREENTEA 450MX24","0","MFB","GOOD","54","PT.ESHAM DIMA MANDIRI"
"5401006_BD","POKKA JASMINE GREENTEA 450MX24","1","MFB","BAD","54","PT.ESHAM DIMA MANDIRI"
"5401007","NATSBEE HONEY LEMON 450MLX24 BTL","0","MFB","GOOD","54","PT.ESHAM DIMA MANDIRI"
"5401007_BD","NATSBEE HONEY LEMON 450MLX24 BTL","1","MFB","BAD","54","PT.ESHAM DIMA MANDIRI"
"5401008","POKKA LYCHEE BLACK TEA BTL 350X24","0","MFB","GOOD","54","PT.ESHAM DIMA MANDIRI"
"5401008_BD","POKKA LYCHEE BLACK TEA BTL 350X24","1","MFB","BAD","54","PT.ESHAM DIMA MANDIRI"
"5401009","POKKA OLONG TEA LESS SUGAR 450ML","0","MFB","GOOD","54","PT.ESHAM DIMA MANDIRI"
"5401009_BD","POKKA OLONG TEA LESS SUGAR 450ML","1","MFB","BAD","54","PT.ESHAM DIMA MANDIRI"
"6301001","WANGCHIPS 10PCX10PACK","0","MFB","GOOD","PJI","PT.PLANGI JAYA INDONESIA"
"6301001_BD","WANGCHIPS 10PCX10PACK","1","MFB","BAD","PJI","PT.PLANGI JAYA INDONESIA"
"6301002","WANGCHIPS PLUS 10PCX10PACK","0","MFB","GOOD","PJI","PT.PLANGI JAYA INDONESIA"
"6301002_BD","WANGCHIPS PLUS 10PCX10PACK","1","MFB","BAD","PJI","PT.PLANGI JAYA INDONESIA"
"6301003","HAHAMIE 10PCX10PACK","0","MFB","GOOD","PJI","PT.PLANGI JAYA INDONESIA"
"6301003_BD","HAHAMIE 10PCX10PACK","1","MFB","BAD","PJI","PT.PLANGI JAYA INDONESIA"
"6301004","BONUS RANTANG","0","MFB","BONUS","PJI","PT.PLANGI JAYA INDONESIA"
"6301005","SAMPLE WANGCHIP","0","MFB","BONUS","PJI","PT.PLANGI JAYA INDONESIA"
"6301006","SAMPLE WANGCHIPS PLUS","0","MFB","BONUS","PJI","PT.PLANGI JAYA INDONESIA"
"6301007","SAMPLE HAHAMIE","0","MFB","BONUS","PJI","PT.PLANGI JAYA INDONESIA"
"6301008","YOU YOU MIE MERAH 10X10X20G","0","MFB","GOOD","PJI","PT.PLANGI JAYA INDONESIA"
"6301009","YOU YOU MIE BIRU 10X10X20G","0","MFB","GOOD","PJI","PT.PLANGI JAYA INDONESIA"
"6301010","ULALA SAPI PANGGANG 10X10X20G","0","MFB","GOOD","PJI","PT.PLANGI JAYA INDONESIA"
"6301011","ULALA HARUM PEDAS 10X10X20G","0","MFB","GOOD","PJI","PT.PLANGI JAYA INDONESIA"
"6401001","BIUTILY 12X24pc","0","MFB","GOOD","64","PT.PUSAN MANIS MULIA"
"6401001_BD","BIUTILY 12X24pc","1","MFB","BAD","64","PT.PUSAN MANIS MULIA"
"6401001_BN","BIUTILY 12X24pc","0","MFB","BONUS","64","PT.PUSAN MANIS MULIA"
"6401002","BATIK STRAWBERY 6X60","0","MFB","GOOD","64","PT.PUSAN MANIS MULIA"
"6401003","CRISPY BOLA 6X40","0","MFB","GOOD","64","PT.PUSAN MANIS MULIA"
"6401003_BN","CRISPY BOLA 6X40","0","MFB","BONUS","64","PT.PUSAN MANIS MULIA"
"6401004","DOLLAR CHOCO 6X200","0","MFB","GOOD","64","PT.PUSAN MANIS MULIA"
"6401004_BD","DOLLAR CHOCO 6X200","1","MFB","BAD","64","PT.PUSAN MANIS MULIA"
"6401004_BN","DOLLAR CHOCO 6X200","0","MFB","BONUS","64","PT.PUSAN MANIS MULIA"
"6401005","FRUITIMON 12X40","0","MFB","GOOD","64","PT.PUSAN MANIS MULIA"
"6401005_BD","FRUITIMON 12X40","1","MFB","BAD","64","PT.PUSAN MANIS MULIA"
"6401005_BN","FRUITIMON 12X40","0","MFB","BONUS","64","PT.PUSAN MANIS MULIA"
"6401006","HOP HOP CANDY 6X60","0","MFB","GOOD","64","PT.PUSAN MANIS MULIA"
"6401006_BD","HOP HOP CANDY 6X60","1","MFB","BAD","64","PT.PUSAN MANIS MULIA"
"6401006_BN","HOP HOP CANDY 6X60","0","MFB","BONUS","64","PT.PUSAN MANIS MULIA"
"6401007","JESS LOLLY 6X60","0","MFB","GOOD","64","PT.PUSAN MANIS MULIA"
"6401008","JESS MARBLE ASSORTED 20X40","0","MFB","GOOD","64","PT.PUSAN MANIS MULIA"
"6401009","KATE EYE 12X30","0","MFB","GOOD","64","PT.PUSAN MANIS MULIA"
"6401010","LOLLY PRIWIT 8X30","0","MFB","GOOD","64","PT.PUSAN MANIS MULIA"
"6401011","MARCO BALLET 12X125","0","MFB","GOOD","64","PT.PUSAN MANIS MULIA"
"6401012","NANCY CANDY 6X200","0","MFB","GOOD","64","PT.PUSAN MANIS MULIA"
"6401013","OK GUM 20X20","0","MFB","GOOD","64","PT.PUSAN MANIS MULIA"
"6401014","POP CHOCO TIME 6X155","0","MFB","GOOD","64","PT.PUSAN MANIS MULIA"
"6401015","PUSAN BG TATO TOPLES 6X200","0","MFB","GOOD","64","PT.PUSAN MANIS MULIA"
"6401015_BD","PUSAN BG TATO TOPLES 6X200","1","MFB","BAD","64","PT.PUSAN MANIS MULIA"
"6401015_BN","PUSAN BG TATO TOPLES 6X200","0","MFB","BONUS","64","PT.PUSAN MANIS MULIA"
"6401016","RAINBOW CRAYON 12X50","0","MFB","GOOD","64","PT.PUSAN MANIS MULIA"
"6401017","SWIT CANDY 6X60","0","MFB","GOOD","64","PT.PUSAN MANIS MULIA"
"6401018","SWISS ROLL ALL VARIAN 8X20","0","MFB","GOOD","64","PT.PUSAN MANIS MULIA"
"6401019","TRIO CANDY 12X45","0","MFB","GOOD","64","PT.PUSAN MANIS MULIA"
"6401019_BD","TRIO CANDY 12X45","1","MFB","BAD","64","PT.PUSAN MANIS MULIA"
"6401019_BN","TRIO CANDY 12X45","0","MFB","BONUS","64","PT.PUSAN MANIS MULIA"
"6401020","CITY MOBIL LOVE 20X40","0","MFB","GOOD","64","PT.PUSAN MANIS MULIA"
"6401021","ROL-X CHOCO 12X20","0","MFB","GOOD","64","PT.PUSAN MANIS MULIA"
"6401022","NINJA UMBRELLA CRISPY 12X50","0","MFB","GOOD","64","PT.PUSAN MANIS MULIA"
"6401022_BD","NINJA UMBRELLA CRISPY 12X50","1","MFB","BAD","64","PT.PUSAN MANIS MULIA"
"6401022_BN","NINJA UMBRELLA CRISPY 12X50","0","MFB","BONUS","64","PT.PUSAN MANIS MULIA"
"6401023","POP CHOCO CAR MOGE 6JARX40PC","0","MFB","GOOD","64","PT.PUSAN MANIS MULIA"
"6401023_BN","POP CHOCO CAR MOGE 6JARX40PC","0","MFB","BONUS","64","PT.PUSAN MANIS MULIA"
"6401024","RAINBOW LOLYPOP 6JARX40PC","0","MFB","GOOD","64","PT.PUSAN MANIS MULIA"
"6401024_BN","RAINBOW LOLYPOP 6JARX40PC","0","MFB","BONUS","64","PT.PUSAN MANIS MULIA"
"6401025","KATE EYE 20X40PC","0","MFB","GOOD","64","PT.PUSAN MANIS MULIA"
"6401025_BD","KATE EYE 20X40PC","1","MFB","BAD","64","PT.PUSAN MANIS MULIA"
"6401025_BN","KATE EYE 20X40PC","0","MFB","BONUS","64","PT.PUSAN MANIS MULIA"
"6401026","MARSHMALLOW ASS 20X20","0","MFB","GOOD","64","PT.PUSAN MANIS MULIA"
"6401026_BD","MARSHMALLOW ASS 20X20","1","MFB","BAD","64","PT.PUSAN MANIS MULIA"
"6401026_BN","MARSHMALLOW ASS 20X20","0","MFB","BONUS","64","PT.PUSAN MANIS MULIA"
"6401027","MIMI CHOCO JAM 6X40","0","MFB","GOOD","64","PT.PUSAN MANIS MULIA"
"6401027_BN","MIMI CHOCO JAM 6X40","0","MFB","BONUS","64","PT.PUSAN MANIS MULIA"
"6401028","SWIT CANDY 12X20","0","MFB","GOOD","64","PT.PUSAN MANIS MULIA"
"6401028_BN","SWIT CANDY 12X20","0","MFB","BONUS","64","PT.PUSAN MANIS MULIA"
"6401029","LCD TOPLES 6X40","0","MFB","GOOD","64","PT.PUSAN MANIS MULIA"
"6401029_BN","LCD TOPLES 6X40","0","MFB","BONUS","64","PT.PUSAN MANIS MULIA"
"6401030","SWISS ROLL BOLU COKLAT BAG 8X20","0","MFB","GOOD","64","PT.PUSAN MANIS MULIA"
"6401030_BD","SWISS ROLL BOLU COKLAT BAG 8X20","1","MFB","BAD","64","PT.PUSAN MANIS MULIA"
"6401030_BN","SWISS ROLL BOLU COKLAT BAG 8X20","0","MFB","BONUS","64","PT.PUSAN MANIS MULIA"
"6401031","SWISS ROLL BOLU STRAWBERRY BAG 8X20","0","MFB","GOOD","64","PT.PUSAN MANIS MULIA"
"6401031_BD","SWISS ROLL BOLU STRAWBERRY BAG 8X20","1","MFB","BAD","64","PT.PUSAN MANIS MULIA"
"6401031_BN","SWISS ROLL BOLU STRAWBERRY BAG 8X20","0","MFB","BONUS","64","PT.PUSAN MANIS MULIA"
"6401032","SWISS ROLL BOLU PANDAN BAG 8X20","0","MFB","GOOD","64","PT.PUSAN MANIS MULIA"
"6401032_BD","SWISS ROLL BOLU PANDAN BAG 8X20","1","MFB","BAD","64","PT.PUSAN MANIS MULIA"
"6401032_BN","SWISS ROLL BOLU PANDAN BAG 8X20","0","MFB","BONUS","64","PT.PUSAN MANIS MULIA"
"6401033","ICE MARSHMALLOW ASSORTED 20X20","0","MFB","GOOD","64","PT.PUSAN MANIS MULIA"
"6401033_BD","ICE MARSHMALLOW ASSORTED 20X20","1","MFB","BAD","64","PT.PUSAN MANIS MULIA"
"6401033_BN","ICE MARSHMALLOW ASSORTED 20X20","0","MFB","BONUS","64","PT.PUSAN MANIS MULIA"
"6401034","PUSAN COOKIES VANILA 8X20","0","MFB","GOOD","64","PT.PUSAN MANIS MULIA"
"6401034_BN","PUSAN COOKIES VANILA 8X20","0","MFB","BONUS","64","PT.PUSAN MANIS MULIA"
"6401035","JESS LOLI 6X30 30PC/PACK","0","MFB","GOOD","64","PT.PUSAN MANIS MULIA"
"6401035_BN","JESS LOLI 6X30 30PC/PACK","0","MFB","BONUS","64","PT.PUSAN MANIS MULIA"
"6401036","MINI SWIT TOPLES 6X500GR","0","MFB","GOOD","64","PT.PUSAN MANIS MULIA"
"6401036_BN","MINI SWIT TOPLES 6X500GR","0","MFB","BONUS","64","PT.PUSAN MANIS MULIA"
"6401037","MINI SWIT CANDY 8X500GR","1","MFB","GOOD","64","PT.PUSAN MANIS MULIA"
"6401037_BD","MINI SWIT CANDY 8X500GR","1","MFB","BAD","64","PT.PUSAN MANIS MULIA"
"6401037_BN","MINI SWIT CANDY 8X500GR","0","MFB","BONUS","64","PT.PUSAN MANIS MULIA"
"6401038","MIMI TUBE JERUK 12X12","0","MFB","GOOD","64","PT.PUSAN MANIS MULIA"
"6401039","MIMI TUBE APEL 12X12","0","MFB","GOOD","64","PT.PUSAN MANIS MULIA"
"6401040","MIMI TUBE ANGGUR 12X12","0","MFB","GOOD","64","PT.PUSAN MANIS MULIA"
"6401041","MIMI TUBE STRAWBERRY 12X12","0","MFB","GOOD","64","PT.PUSAN MANIS MULIA"
"6401041_BN","MIMI TUBE STRAWBERRY 12X12","0","MFB","BONUS","64","PT.PUSAN MANIS MULIA"
"6401042","KITILOLI CANDY BLISTER 6X30","0","MFB","GOOD","64","PT.PUSAN MANIS MULIA"
"6401042_BN","KITILOLI CANDY BLISTER 6X30","0","MFB","BONUS","64","PT.PUSAN MANIS MULIA"
"6401043","DAICHI GOLD NUT TOPLES 6X200","0","MFB","GOOD","64","PT.PUSAN MANIS MULIA"
"6401043_BN","DAICHI GOLD NUT TOPLES 6X200","0","MFB","BONUS","64","PT.PUSAN MANIS MULIA"
"6401044","CHEWING GUM TOPLES NEW 6X65","0","MFB","GOOD","64","PT.PUSAN MANIS MULIA"
"6401044_BN","CHEWING GUM TOPLES NEW 6X65","0","MFB","BONUS","64","PT.PUSAN MANIS MULIA"
"6401045","CRISPY CHOCOLATE DINOSAUR 6X40","0","MFB","GOOD","64","PT.PUSAN MANIS MULIA"
"6401045_BN","CRISPY CHOCOLATE DINOSAUR 6X40","0","MFB","BONUS","64","PT.PUSAN MANIS MULIA"
"6501001","BIS CRACK SNDW CHOCO CRM 8X12X36","1","MFB","GOOD","65","PT.BRIGHT FOODS INTERNATIONAL"
"6501001_BD","BIS CRACK SNDW CHOCO CRM 8X12X36","1","MFB","BAD","65","PT.BRIGHT FOODS INTERNATIONAL"
"6501002","BIS CRACK SNDW VANILLA CRM 8X12X36","1","MFB","GOOD","65","PT.BRIGHT FOODS INTERNATIONAL"
"6501002_BD","BIS CRACK SNDW VANILLA CRM 8X12X36","1","MFB","BAD","65","PT.BRIGHT FOODS INTERNATIONAL"
"6501003","BIS CRACK SNDW CHEESE CRM 8X12X36G","1","MFB","GOOD","65","PT.BRIGHT FOODS INTERNATIONAL"
"6501003_BD","BIS CRACK SNDW CHEESE CRM 8X12X36G","1","MFB","BAD","65","PT.BRIGHT FOODS INTERNATIONAL"
"6501004","BIS CRACK SNDW CHOC CRM 108GR","1","MFB","GOOD","65","PT.BRIGHT FOODS INTERNATIONAL"
"6501004_BD","BIS CRACK SNDW CHOC CRM 108GR","1","MFB","BAD","65","PT.BRIGHT FOODS INTERNATIONAL"
"6501005","BIS CRACK SNDW VANILLA CRM 108G","1","MFB","GOOD","65","PT.BRIGHT FOODS INTERNATIONAL"
"6501005_BD","BIS CRACK SNDW VANILLA CRM 108G","1","MFB","BAD","65","PT.BRIGHT FOODS INTERNATIONAL"
"6501006","BIS CRACK SNDW CHEESE CRM 108GR","1","MFB","GOOD","65","PT.BRIGHT FOODS INTERNATIONAL"
"6501006_BD","BIS CRACK SNDW CHEESE CRM 108GR","1","MFB","BAD","65","PT.BRIGHT FOODS INTERNATIONAL"
"6501007","BIS CRACK SNDW CHOC TIN 324GR","1","MFB","GOOD","65","PT.BRIGHT FOODS INTERNATIONAL"
"6501007_BD","BIS CRACK SNDW CHOC TIN 324GR","1","MFB","BAD","65","PT.BRIGHT FOODS INTERNATIONAL"
"6501008","MM SUSU KENTAL MANIS 116GR","1","MFB","GOOD","65","PT.BRIGHT FOODS INTERNATIONAL"
"6501008_BD","MM SUSU KENTAL MANIS 116GR","1","MFB","BAD","65","PT.BRIGHT FOODS INTERNATIONAL"
"6501009","MM SUSU KENTAL MANIS 100GR","1","MFB","GOOD","65","PT.BRIGHT FOODS INTERNATIONAL"
"6501009_BD","MM SUSU KENTAL MANIS 100GR","1","MFB","BAD","65","PT.BRIGHT FOODS INTERNATIONAL"
"6501010","MM KENTAL MANIS CHOC 100GR","1","MFB","GOOD","65","PT.BRIGHT FOODS INTERNATIONAL"
"6501010_BD","MM KENTAL MANIS CHOC 100GR","1","MFB","BAD","65","PT.BRIGHT FOODS INTERNATIONAL"
"6501011","BIS CRACK SNDW CHOC CRM 6X20X18G","1","MFB","GOOD","65","PT.BRIGHT FOODS INTERNATIONAL"
"6501011_BD","BIS CRACK SNDW CHOC CRM 6X20X18G","1","MFB","BAD","65","PT.BRIGHT FOODS INTERNATIONAL"
"6501012","BIS CRACK SNDW CHEESE CRM 6X20X18G","1","MFB","GOOD","65","PT.BRIGHT FOODS INTERNATIONAL"
"6501012_BD","BIS CRACK SNDW CHEESE CRM 6X20X18G","1","MFB","BAD","65","PT.BRIGHT FOODS INTERNATIONAL"
"6501013","BIS CRACK SNDW CHOC CRM 12X10X18G HGR","1","MFB","GOOD","65","PT.BRIGHT FOODS INTERNATIONAL"
"6501013_BD","BIS CRACK SNDW CHOC CRM 12X10X18G HGR","1","MFB","BAD","65","PT.BRIGHT FOODS INTERNATIONAL"
"6501014","BIS CRACK SNDW CHEESE CRM 12X10X18G HGR","1","MFB","GOOD","65","PT.BRIGHT FOODS INTERNATIONAL"
"6501014_BD","BIS CRACK SNDW CHEESE CRM 12X10X18G HGR","1","MFB","BAD","65","PT.BRIGHT FOODS INTERNATIONAL"
"6501015","BISKIES CHOC POLYBAG 4X6X108GR","1","MFB","GOOD","65","PT.BRIGHT FOODS INTERNATIONAL"
"6501015_BD","BISKIES CHOC POLYBAG 4X6X108GR","1","MFB","BAD","65","PT.BRIGHT FOODS INTERNATIONAL"
"6501016","BISKIES CHEESE POLYBAG 4X6X108G","1","MFB","GOOD","65","PT.BRIGHT FOODS INTERNATIONAL"
"6501016_BD","BISKIES CHEESE POLYBAG 4X6X108G","1","MFB","BAD","65","PT.BRIGHT FOODS INTERNATIONAL"
"6501017","MM SUSU KENTAL MANIS 6X20X23G","1","MFB","GOOD","65","PT.BRIGHT FOODS INTERNATIONAL"
"6501017_BD","MM SUSU KENTAL MANIS 6X20X23G","1","MFB","BAD","65","PT.BRIGHT FOODS INTERNATIONAL"
"6501018","MM SUSU KENTAL MANIS 6X20X20G","1","MFB","GOOD","65","PT.BRIGHT FOODS INTERNATIONAL"
"6501018_BD","MM SUSU KENTAL MANIS 6X20X20G","1","MFB","BAD","65","PT.BRIGHT FOODS INTERNATIONAL"
"6501019","MM SUSU KENTAL MANIS CHOC 6X20X20G","1","MFB","GOOD","65","PT.BRIGHT FOODS INTERNATIONAL"
"6501019_BD","MM SUSU KENTAL MANIS CHOC 6X20X20G","1","MFB","BAD","65","PT.BRIGHT FOODS INTERNATIONAL"
"6501020","MM SUSU KENTAL MANIS HGR 12X10X20G","1","MFB","GOOD","65","PT.BRIGHT FOODS INTERNATIONAL"
"6501020_BD","MM SUSU KENTAL MANIS HGR 12X10X20G","1","MFB","BAD","65","PT.BRIGHT FOODS INTERNATIONAL"
"6501021","MM SUSU KENTAL MANIS CHOC HGR 12X10X20G","1","MFB","GOOD","65","PT.BRIGHT FOODS INTERNATIONAL"
"6501021_BD","MM SUSU KENTAL MANIS CHOC HGR 12X10X20G","1","MFB","BAD","65","PT.BRIGHT FOODS INTERNATIONAL"
"6501022","MILKIES POLYBAG 4X6X116GR","1","MFB","GOOD","65","PT.BRIGHT FOODS INTERNATIONAL"
"6501022_BD","MILKIES POLYBAG 4X6X116GR","1","MFB","BAD","65","PT.BRIGHT FOODS INTERNATIONAL"
"6501023","MILKIES POLYBAG 4X6X100GR","1","MFB","GOOD","65","PT.BRIGHT FOODS INTERNATIONAL"
"6501023_BD","MILKIES POLYBAG 4X6X100GR","1","MFB","BAD","65","PT.BRIGHT FOODS INTERNATIONAL"
"6501024","MILKIES MALKIST","1","MFB","GOOD","65","PT.BRIGHT FOODS INTERNATIONAL"
"6501025","MILKIES MALKIS","1","MFB","GOOD","65","PT.BRIGHT FOODS INTERNATIONAL"
"6501026","BIS CRACK SDW COFFEE ECLAIR DBX 6X20X18G","1","MFB","GOOD","65","PT.BRIGHT FOODS INTERNATIONAL"
"6501026_BD","BIS CRACK SDW COFFEE ECLAIR DBX 6X20X18G","1","MFB","BAD","65","PT.BRIGHT FOODS INTERNATIONAL"
"6501027","BIS CRACK SDW COFFEE ECLAIR HGR 12X10X18G","1","MFB","GOOD","65","PT.BRIGHT FOODS INTERNATIONAL"
"6501027_BD","BIS CRACK SDW COFFEE ECLAIR HGR 12X10X18G","1","MFB","BAD","65","PT.BRIGHT FOODS INTERNATIONAL"
"6501028","BIS CRACK SDW BUBBLE GUM DBX 6X20X18G","1","MFB","GOOD","65","PT.BRIGHT FOODS INTERNATIONAL"
"6501028_BD","BIS CRACK SDW BUBBLE GUM DBX 6X20X18G","1","MFB","BAD","65","PT.BRIGHT FOODS INTERNATIONAL"
"6501029","BIS CRACK SDW BUBBLE GUM HGR 12X10X18G","1","MFB","GOOD","65","PT.BRIGHT FOODS INTERNATIONAL"
"6501029_BD","BIS CRACK SDW BUBBLE GUM HGR 12X10X18G","1","MFB","BAD","65","PT.BRIGHT FOODS INTERNATIONAL"
"6501030","BIS CRACK SDW COFFEE ECLAIR REG 24X108G","1","MFB","GOOD","65","PT.BRIGHT FOODS INTERNATIONAL"
"6501030_BD","BIS CRACK SDW COFFEE ECLAIR REG 24X108G","1","MFB","BAD","65","PT.BRIGHT FOODS INTERNATIONAL"
"6501031","BIS CRACK SDW BUBBLE GUM REG 24X108G","1","MFB","GOOD","65","PT.BRIGHT FOODS INTERNATIONAL"
"6501031_BD","BIS CRACK SDW BUBBLE GUM REG 24X108G","1","MFB","BAD","65","PT.BRIGHT FOODS INTERNATIONAL"
"6501032","BIS CRACK SDW PEANUT BUTTER DBX 6X20X18","1","MFB","GOOD","65","PT.BRIGHT FOODS INTERNATIONAL"
"6501032_BD","BIS CRACK SDW PEANUT BUTTER DBX 6X20X18","1","MFB","BAD","65","PT.BRIGHT FOODS INTERNATIONAL"
"6501033","BIS CRACK SDW PEANUT BUTTER 24X108G","1","MFB","GOOD","65","PT.BRIGHT FOODS INTERNATIONAL"
"6501033_BD","BIS CRACK SDW PEANUT BUTTER 24X108G","1","MFB","BAD","65","PT.BRIGHT FOODS INTERNATIONAL"
"6501034","BISK CRISPY CRACK JAGUNG BKR 24X179GR","1","MFB","GOOD","65","PT.BRIGHT FOODS INTERNATIONAL"
"6501034_BD","BISK CRISPY CRACK JAGUNG BKR 24X179GR","1","MFB","BAD","65","PT.BRIGHT FOODS INTERNATIONAL"
"6501035","BISK CRISPY CRACK SMBL BALADO 24X179GR","1","MFB","GOOD","65","PT.BRIGHT FOODS INTERNATIONAL"
"6501035_BD","BISK CRISPY CRACK SMBL BALADO 24X179GR","1","MFB","BAD","65","PT.BRIGHT FOODS INTERNATIONAL"
"6501036","BISK TIN SANDWICH CHOCOLATE 306G","1","MFB","GOOD","65","PT.BRIGHT FOODS INTERNATIONAL"
"6501036_BD","BISK TIN SANDWICH CHOCOLATE 306G","1","MFB","BONUS","65","PT.BRIGHT FOODS INTERNATIONAL"
"6601001","MR.P KACANG ATOM ORI 22GR","0","MFB","GOOD","66","PT.MITRASATRYA PERKASAUTAMA"
"6601001_BD","MR.P KACANG ATOM ORI 22GR","1","MFB","BAD","66","PT.MITRASATRYA PERKASAUTAMA"
"6601002","MR.P KACANG ATOM PEDAS 20GR","0","MFB","GOOD","66","PT.MITRASATRYA PERKASAUTAMA"
"6601002_BD","MR.P KACANG ATOM PEDAS 20GR","1","MFB","BAD","66","PT.MITRASATRYA PERKASAUTAMA"
"6601003","MR.P PLUS BBQ 23GR","0","MFB","GOOD","66","PT.MITRASATRYA PERKASAUTAMA"
"6601003_BD","MR.P PLUS BBQ 23GR","1","MFB","BAD","66","PT.MITRASATRYA PERKASAUTAMA"
"6601004","MR.P PLUS ORIGINAL 23G","0","MFB","GOOD","66","PT.MITRASATRYA PERKASAUTAMA"
"6601004_BD","MR.P PLUS ORIGINAL 23G","1","MFB","BAD","66","PT.MITRASATRYA PERKASAUTAMA"
"6601005","MR.P PLUS BALADO 23GR","0","MFB","GOOD","66","PT.MITRASATRYA PERKASAUTAMA"
"6601005_BD","MR.P PLUS BALADO 23GR","1","MFB","BAD","66","PT.MITRASATRYA PERKASAUTAMA"
"6601006","MR.P PLUS PEDAS 23GR","0","MFB","GOOD","66","PT.MITRASATRYA PERKASAUTAMA"
"6601006_BD","MR.P PLUS PEDAS 23GR","1","MFB","BAD","66","PT.MITRASATRYA PERKASAUTAMA"
"6601007","MR.P KACANG GARING ASIN 22GR","0","MFB","GOOD","66","PT.MITRASATRYA PERKASAUTAMA"
"6601007_BD","MR.P KACANG GARING ASIN 22GR","1","MFB","BAD","66","PT.MITRASATRYA PERKASAUTAMA"
"6601008","MR.P KACANG MADU 5X6X80GR","0","MFB","GOOD","66","PT.MITRASATRYA PERKASAUTAMA"
"6601008_BD","MR.P KACANG MADU 5X6X80GR","1","MFB","BAD","66","PT.MITRASATRYA PERKASAUTAMA"
"6601009","MR.P KACANG MADU 6X10X40GR","0","MFB","GOOD","66","PT.MITRASATRYA PERKASAUTAMA"
"6601009_BD","MR.P KACANG MADU 6X10X40GR","1","MFB","BAD","66","PT.MITRASATRYA PERKASAUTAMA"
"6601010","MR.P KACANG SALUT GARLIC  5X6X80GR","0","MFB","GOOD","66","PT.MITRASATRYA PERKASAUTAMA"
"6601010_BD","MR.P KACANG SALUT GARLIC  5X6X80GR","1","MFB","BAD","66","PT.MITRASATRYA PERKASAUTAMA"
"6601011","MR.P KACANG SALUT GARLIC 6X10X40GR","0","MFB","GOOD","66","PT.MITRASATRYA PERKASAUTAMA"
"6601011_BD","MR.P KACANG SALUT GARLIC 6X10X40GR","1","MFB","BAD","66","PT.MITRASATRYA PERKASAUTAMA"
"6601012","MR.P KACANG ATOM PEDAS 4X10X100GR","0","MFB","GOOD","66","PT.MITRASATRYA PERKASAUTAMA"
"6601012_BD","MR.P KACANG ATOM PEDAS 4X10X100GR","1","MFB","BAD","66","PT.MITRASATRYA PERKASAUTAMA"
"6601013","MR.P PANGGANG BALADO 6X10X40G","0","MFB","GOOD","66","PT.MITRASATRYA PERKASAUTAMA"
"6601013_BD","MR.P PANGGANG BALADO 6X10X40G","1","MFB","BAD","66","PT.MITRASATRYA PERKASAUTAMA"
"6601014","MR.P PANGGANG BALADO 5X6X80GR","0","MFB","GOOD","66","PT.MITRASATRYA PERKASAUTAMA"
"6601014_BD","MR.P PANGGANG BALADO 5X6X80GR","1","MFB","BAD","66","PT.MITRASATRYA PERKASAUTAMA"
"6601015","MR.P KACAG KULIT 10X900GR","0","MFB","GOOD","66","PT.MITRASATRYA PERKASAUTAMA"
"6601015_BD","MR.P KACAG KULIT 10X900GR","1","MFB","BAD","66","PT.MITRASATRYA PERKASAUTAMA"
"6601016","MR.P KACANG ATOM ORI 5X8X130GR","0","MFB","GOOD","66","PT.MITRASATRYA PERKASAUTAMA"
"6601016_BD","MR.P KACANG ATOM ORI 5X8X130GR","1","MFB","BAD","66","PT.MITRASATRYA PERKASAUTAMA"
"6601017","MR.P KACANG ATOM ORI 3X10X225GR","0","MFB","GOOD","66","PT.MITRASATRYA PERKASAUTAMA"
"6601017_BD","MR.P KACANG ATOM ORI 3X10X225GR","1","MFB","BAD","66","PT.MITRASATRYA PERKASAUTAMA"
"6601018","MR.P METE ASIN 5X6X80GR","0","MFB","GOOD","66","PT.MITRASATRYA PERKASAUTAMA"
"6601018_BD","MR.P METE ASIN 5X6X80GR","1","MFB","BAD","66","PT.MITRASATRYA PERKASAUTAMA"
"6601019","MR.P METE BALADO 6X10X40GR","0","MFB","GOOD","66","PT.MITRASATRYA PERKASAUTAMA"
"6601019_BD","MR.P METE BALADO 6X10X40GR","1","MFB","BAD","66","PT.MITRASATRYA PERKASAUTAMA"
"6601020","MR.P METE BALADO 5X6X80GR","0","MFB","GOOD","66","PT.MITRASATRYA PERKASAUTAMA"
"6601020_BD","MR.P METE BALADO 5X6X80GR","1","MFB","BAD","66","PT.MITRASATRYA PERKASAUTAMA"
"6601021","MR.P MIX NUTS 5X6X80GR","0","MFB","GOOD","66","PT.MITRASATRYA PERKASAUTAMA"
"6601021_BD","MR.P MIX NUTS 5X6X80GR","1","MFB","BAD","66","PT.MITRASATRYA PERKASAUTAMA"
"6601022","MR.P METE MADU 6X10X40GR","0","MFB","GOOD","66","PT.MITRASATRYA PERKASAUTAMA"
"6601022_BD","MR.P METE MADU 6X10X40GR","1","MFB","BAD","66","PT.MITRASATRYA PERKASAUTAMA"
"6601023","MR.P METE MADU 5X6X80GR","0","MFB","GOOD","66","PT.MITRASATRYA PERKASAUTAMA"
"6601023_BD","MR.P METE MADU 5X6X80GR","1","MFB","BAD","66","PT.MITRASATRYA PERKASAUTAMA"
"6601024","MR.P KACANG KULIT 450GR","0","MFB","GOOD","66","PT.MITRASATRYA PERKASAUTAMA"
"6601024_BD","MR.P KACANG KULIT 450GR","1","MFB","BAD","66","PT.MITRASATRYA PERKASAUTAMA"
"6701001","CHAMP SOSIS DAGING AYAM 6X24X23G","0","MFB","GOOD","6701","SOSIS"
"6701001_BD","CHAMP SOSIS DAGING AYAM 6X24X23G","1","MFB","BAD","67","PT.PRIMAFOOD INTERNASIONAL"
"6701001_BN","CHAMP SOSIS DAGING AYAM 6X24X23G","0","MFB","BONUS","6701","SOSIS"
"6701002","CHAMP SOSIS DG SAPI BBQ 6X24X23G","0","MFB","GOOD","6701","SOSIS"
"6701002_BD","CHAMP SOSIS DG SAPI BBQ 6X24X23G","1","MFB","BAD","67","PT.PRIMAFOOD INTERNASIONAL"
"6701002_BN","CHAMP SOSIS DG SAPI BBQ 6X24X23G","0","MFB","BONUS","6701","SOSIS"
"6701003","FIESTA TEPUNG SERBA GUNA 4X10X80G","0","MFB","GOOD","6702","TEPUNG"
"6701004","FIESTA TEPUNG KREMES 4X10X80G","1","MFB","GOOD","6702","TEPUNG"
"6701005","FIESTA TEPUNG AYAM GORENG 4X10X80G","1","MFB","GOOD","6702","TEPUNG"
"6701006","FIESTA TEPUNG BAKWAN 4X10X80G","1","MFB","GOOD","6702","TEPUNG"
"6701007","FIESTA TEPUNG TEMPE RENYAH 4X10X80G","1","MFB","GOOD","6702","TEPUNG"
"6701008","FIESTA TEPUNG AYAM GR PEDAS 4X10X80G","1","MFB","GOOD","6702","TEPUNG"
"6701008_BD","FIESTA TEPUNG AYAM GR PEDAS 4X10X80G","1","MFB","BAD","6702","TEPUNG"
"6801001","HN SWEAT 175MLX24","1","MFB","GOOD","68","PT.HANNOI SUKSES INDONESIA"
"6801001_BD","HN SWEAT 175MLX24","1","MFB","BAD","68","PT.HANNOI SUKSES INDONESIA"
"6801001_BN","HN SWEAT 175MLX24","1","MFB","BONUS","68","PT.HANNOI SUKSES INDONESIA"
"6801002","HANNOI ORANGGO 175MLX24","1","MFB","GOOD","68","PT.HANNOI SUKSES INDONESIA"
"6801002_BD","HANNOI ORANGGO 175MLX24","1","MFB","BAD","68","PT.HANNOI SUKSES INDONESIA"
"6801002_BN","HANNOI ORANGGO 175MLX24","1","MFB","BONUS","68","PT.HANNOI SUKSES INDONESIA"
"6801003","HANNOI TEH APEL 175MLX24","1","MFB","GOOD","68","PT.HANNOI SUKSES INDONESIA"
"6801003_BD","HANNOI TEH APEL 175MLX24","1","MFB","BAD","68","PT.HANNOI SUKSES INDONESIA"
"6801003_BN","HANNOI TEH APEL 175MLX24","1","MFB","BONUS","68","PT.HANNOI SUKSES INDONESIA"
"6801004","HANNOI TEH ANGGUR 175MLX24","1","MFB","GOOD","68","PT.HANNOI SUKSES INDONESIA"
"6801004_BD","HANNOI TEH ANGGUR 175MLX24","1","MFB","BAD","68","PT.HANNOI SUKSES INDONESIA"
"6801004_BN","HANNOI TEH ANGGUR 175MLX24","1","MFB","BONUS","68","PT.HANNOI SUKSES INDONESIA"
"70007","BK/CREAM CRACKERS BUTTER 262GR 6X3","1","MFB","GOOD","KOKOLA","PT.MEGA NIAGA NUSANTARA"
"70007_BD","BK/CREAM CRACKERS BUTTER 262GR 6X3","1","MFB","BAD","KOKOLA","PT.MEGA NIAGA NUSANTARA"
"70007_BN","BK/CREAM CRACKERS BUTTER 262GR 6X3","1","MFB","BONUS","KOKOLA","PT.MEGA NIAGA NUSANTARA"
"70031","BK/MALKIST OLEZZ STRAWBERRY 100G 6X5","1","MFB","GOOD","KOKOLA","PT.MEGA NIAGA NUSANTARA"
"70031_BD","BK/MALKIST OLEZZ STRAWBERRY 100G 6X5","1","MFB","BAD","KOKOLA","PT.MEGA NIAGA NUSANTARA"
"70039","BK MALKIST SUSU 238GRX6PKX3BAL","1","MFB","GOOD","KOKOLA","PT.MEGA NIAGA NUSANTARA"
"70039_BD","BK MALKIST SUSU 238GRX6PKX3BAL","1","MFB","BAD","KOKOLA","PT.MEGA NIAGA NUSANTARA"
"70039_BN","BK MALKIST SUSU 238GRX6PKX3BAL","1","MFB","BONUS","KOKOLA","PT.MEGA NIAGA NUSANTARA"
"70043","BK/MALKIST SUSU 12GR 6X20","1","MFB","GOOD","KOKOLA","PT.MEGA NIAGA NUSANTARA"
"70043_BD","BK/MALKIST SUSU 12GR 6X20","1","MFB","BAD","KOKOLA","PT.MEGA NIAGA NUSANTARA"
"70044","BK SEE HONG PUFF KELAPA 260GRX6PCX6BAL","1","MFB","GOOD","KOKOLA","PT.MEGA NIAGA NUSANTARA"
"70044_BD","BK SEE HONG PUFF KELAPA 260GRX6PCX6BAL","1","MFB","BAD","KOKOLA","PT.MEGA NIAGA NUSANTARA"
"70044_BN","BK SEE HONG PUFF KELAPA 260GRX6PCX6BAL","1","MFB","BONUS","KOKOLA","PT.MEGA NIAGA NUSANTARA"
"73001","BUDY JAM COKLAT 150GR 36PC/CT","1","MFB","GOOD","73","PT.DINUS CIPTA MANDIRI"
"73001_BD","BUDY JAM COKLAT 150GR 36PC/CT","1","MFB","BAD","73","PT.DINUS CIPTA MANDIRI"
"73001_MT","BUDY JAM COKLAT 150GR 36PC/CT","1","MFB","GOOD","73","PT.DINUS CIPTA MANDIRI"
"730010","BANANA MARSMALLOW 60GR 36PC/CT","1","MFB","GOOD","73","PT.DINUS CIPTA MANDIRI"
"730010_BD","BANANA MARSMALLOW 60GR 36PC/CT","1","MFB","BAD","73","PT.DINUS CIPTA MANDIRI"
"730010_MT","BANANA MARSMALLOW 60GR 36PC/CT","1","MFB","GOOD","73","PT.DINUS CIPTA MANDIRI"
"730011","STRAWBERRY MARSMALLOW 60GR 36PC/CT","1","MFB","GOOD","73","PT.DINUS CIPTA MANDIRI"
"730011_BD","STRAWBERRY MARSMALLOW 60GR 36PC/CT","1","MFB","BAD","73","PT.DINUS CIPTA MANDIRI"
"730011_MT","STRAWBERRY MARSMALLOW 60GR 36PC/CT","1","MFB","GOOD","73","PT.DINUS CIPTA MANDIRI"
"730012","BURGER MARSMALLOW 60GR 36PC/CT","1","MFB","GOOD","73","PT.DINUS CIPTA MANDIRI"
"730012_BD","BURGER MARSMALLOW 60GR 36PC/CT","1","MFB","BAD","73","PT.DINUS CIPTA MANDIRI"
"730012_MT","BURGER MARSMALLOW 60GR 36PC/CT","1","MFB","GOOD","73","PT.DINUS CIPTA MANDIRI"
"730013","FLOWER MARSMALLOW 60GR 36PC/CT","1","MFB","GOOD","73","PT.DINUS CIPTA MANDIRI"
"730013_BD","FLOWER MARSMALLOW 60GR 36PC/CT","1","MFB","BAD","73","PT.DINUS CIPTA MANDIRI"
"730013_MT","FLOWER MARSMALLOW 60GR 36PC/CT","1","MFB","GOOD","73","PT.DINUS CIPTA MANDIRI"
"730014","TWIST MALLOW 60GR 36PC/CT","1","MFB","GOOD","73","PT.DINUS CIPTA MANDIRI"
"730014_BD","TWIST MALLOW 60GR 36PC/CT","1","MFB","BAD","73","PT.DINUS CIPTA MANDIRI"
"730014_MT","TWIST MALLOW 60GR 36PC/CT","1","MFB","GOOD","73","PT.DINUS CIPTA MANDIRI"
"730015","MALLOW PLAIN 60GR 36PC/CT","1","MFB","GOOD","73","PT.DINUS CIPTA MANDIRI"
"730015_BD","MALLOW PLAIN 60GR 36PC/CT","1","MFB","BAD","73","PT.DINUS CIPTA MANDIRI"
"730015_MT","MALLOW PLAIN 60GR 36PC/CT","1","MFB","GOOD","73","PT.DINUS CIPTA MANDIRI"
"730016","WATERMELON MARSMALLOW 60GR 36PC/CT","1","MFB","GOOD","73","PT.DINUS CIPTA MANDIRI"
"730016_BD","WATERMELON MARSMALLOW 60GR 36PC/CT","1","MFB","BAD","73","PT.DINUS CIPTA MANDIRI"
"730016_MT","WATERMELON MARSMALLOW 60GR 36PC/CT","1","MFB","GOOD","73","PT.DINUS CIPTA MANDIRI"
"730017","MINI MARSMALLOW 60GR 36PC/CT","1","MFB","GOOD","73","PT.DINUS CIPTA MANDIRI"
"730017_BD","MINI MARSMALLOW 60GR 36PC/CT","1","MFB","BAD","73","PT.DINUS CIPTA MANDIRI"
"730017_MT","MINI MARSMALLOW 60GR 36PC/CT","1","MFB","GOOD","73","PT.DINUS CIPTA MANDIRI"
"730018","STRAWBERRY ICE CREAM 60GR 36PC/CT","1","MFB","GOOD","73","PT.DINUS CIPTA MANDIRI"
"730018_BD","STRAWBERRY ICE CREAM 60GR 36PC/CT","1","MFB","BAD","73","PT.DINUS CIPTA MANDIRI"
"730018_MT","STRAWBERRY ICE CREAM 60GR 36PC/CT","1","MFB","GOOD","73","PT.DINUS CIPTA MANDIRI"
"730019","BLUEBERRY ICE CREAM 60GR 36PC/CT","1","MFB","GOOD","73","PT.DINUS CIPTA MANDIRI"
"730019_BD","BLUEBERRY ICE CREAM 60GR 36PC/CT","1","MFB","BAD","73","PT.DINUS CIPTA MANDIRI"
"730019_MT","BLUEBERRY ICE CREAM 60GR 36PC/CT","1","MFB","GOOD","73","PT.DINUS CIPTA MANDIRI"
"73002","BUDY JAM CUP KACANG 120GR 36PC/CT","1","MFB","GOOD","73","PT.DINUS CIPTA MANDIRI"
"73002_BD","BUDY JAM CUP KACANG 120GR 36PC/CT","1","MFB","BAD","73","PT.DINUS CIPTA MANDIRI"
"73002_MT","BUDY JAM CUP KACANG 120GR 36PC/CT","1","MFB","GOOD","73","PT.DINUS CIPTA MANDIRI"
"730020","GRAPE ICE CREAM 60GR 36PC/CT","1","MFB","GOOD","73","PT.DINUS CIPTA MANDIRI"
"730020_MT","GRAPE ICE CREAM 60GR 36PC/CT","1","MFB","GOOD","73","PT.DINUS CIPTA MANDIRI"
"730021","CHOCOLATE COIN STRIP 36GR 60PC/CT","1","MFB","GOOD","73","PT.DINUS CIPTA MANDIRI"
"730021_MT","CHOCOLATE COIN STRIP 36GR 60PC/CT","1","MFB","GOOD","73","PT.DINUS CIPTA MANDIRI"
"730022","CHOCOLATE BUNNY 36GR 60PC/CT","1","MFB","GOOD","73","PT.DINUS CIPTA MANDIRI"
"730022_MT","CHOCOLATE BUNNY 36GR 60PC/CT","1","MFB","GOOD","73","PT.DINUS CIPTA MANDIRI"
"730023","CHOCOLATE LOVE&LOLLI 30G 48PC/CT","1","MFB","GOOD","73","PT.DINUS CIPTA MANDIRI"
"730023_MT","CHOCOLATE LOVE&LOLLI 30G 48PC/CT","1","MFB","GOOD","73","PT.DINUS CIPTA MANDIRI"
"730024","VANILLA MATCHA 14GR 240PC/CT","1","MFB","GOOD","73","PT.DINUS CIPTA MANDIRI"
"730024_MT","VANILLA MATCHA 14GR 240PC/CT","1","MFB","GOOD","73","PT.DINUS CIPTA MANDIRI"
"730025","DUCKIE MARSMALLOW 14GR 240PC/CT","1","MFB","GOOD","73","PT.DINUS CIPTA MANDIRI"
"730025_MT","DUCKIE MARSMALLOW 14GR 240PC/CT","1","MFB","GOOD","73","PT.DINUS CIPTA MANDIRI"
"730026","FLOWER MARSMALLOW 14GR 240PC/CT","1","MFB","GOOD","73","PT.DINUS CIPTA MANDIRI"
"730026_MT","FLOWER MARSMALLOW 14GR 240PC/CT","1","MFB","GOOD","73","PT.DINUS CIPTA MANDIRI"
"730027","CAR MALLOW 14GR 240PC/CT","1","MFB","GOOD","73","PT.DINUS CIPTA MANDIRI"
"730027_MT","CAR MALLOW 14GR 240PC/CT","1","MFB","GOOD","73","PT.DINUS CIPTA MANDIRI"
"730028","MINI MARSHMALLOW 14GR 240PC/CT","1","MFB","GOOD","73","PT.DINUS CIPTA MANDIRI"
"730028_MT","MINI MARSHMALLOW 14GR 240PC/CT","1","MFB","GOOD","73","PT.DINUS CIPTA MANDIRI"
"730029","MALLOW PLAIN 200GR 24PC/CT","1","MFB","GOOD","73","PT.DINUS CIPTA MANDIRI"
"730029_MT","MALLOW PLAIN 200GR 24PC/CT","1","MFB","GOOD","73","PT.DINUS CIPTA MANDIRI"
"73003","BUDY JAM CUP STRAWBERRY 150GR 36PC/CT","1","MFB","GOOD","73","PT.DINUS CIPTA MANDIRI"
"73003_BD","BUDY JAM CUP STRAWBERRY 150GR 36PC/CT","1","MFB","BAD","73","PT.DINUS CIPTA MANDIRI"
"73003_MT","BUDY JAM CUP STRAWBERRY 150GR 36PC/CT","1","MFB","GOOD","73","PT.DINUS CIPTA MANDIRI"
"730030","TWIST MALLOW 200GR 24PC/CT","1","MFB","GOOD","73","PT.DINUS CIPTA MANDIRI"
"730030_MT","TWIST MALLOW 200GR 24PC/CT","1","MFB","GOOD","73","PT.DINUS CIPTA MANDIRI"
"730031","VANILLA MATCHA 200GR 24PC/CT","1","MFB","GOOD","73","PT.DINUS CIPTA MANDIRI"
"730031_MT","VANILLA MATCHA 200GR 24PC/CT","1","MFB","GOOD","73","PT.DINUS CIPTA MANDIRI"
"730032","FLOWER MARSMALLOW 200GR 24PC/CT","1","MFB","GOOD","73","PT.DINUS CIPTA MANDIRI"
"730032_MT","FLOWER MARSMALLOW 200GR 24PC/CT","1","MFB","GOOD","73","PT.DINUS CIPTA MANDIRI"
"730033","CAR MALLOW 200GR 24PC/CT","1","MFB","GOOD","73","PT.DINUS CIPTA MANDIRI"
"730033_MT","CAR MALLOW 200GR 24PC/CT","1","MFB","GOOD","73","PT.DINUS CIPTA MANDIRI"
"730034","DUCKIE MARSMALLOW 200GR 24PC/CT","1","MFB","GOOD","73","PT.DINUS CIPTA MANDIRI"
"730034_MT","DUCKIE MARSMALLOW 200GR 24PC/CT","1","MFB","GOOD","73","PT.DINUS CIPTA MANDIRI"
"730035","MINI MARSHMALLOW 200GR 24PC/CT","1","MFB","GOOD","73","PT.DINUS CIPTA MANDIRI"
"730035_MT","MINI MARSHMALLOW 200GR 24PC/CT","1","MFB","GOOD","73","PT.DINUS CIPTA MANDIRI"
"730036","ALFAMIDI SELAI CUP COKLAT 36/CT","1","MFB","GOOD","73","PT.DINUS CIPTA MANDIRI"
"730036_MT","ALFAMIDI SELAI CUP COKLAT 36/CT","1","MFB","GOOD","73","PT.DINUS CIPTA MANDIRI"
"730037","ALFAMIDI SELAI CUP PINDEKAS 36/CT","1","MFB","GOOD","73","PT.DINUS CIPTA MANDIRI"
"730037_MT","ALFAMIDI SELAI CUP PINDEKAS 36/CT","1","MFB","GOOD","73","PT.DINUS CIPTA MANDIRI"
"730038","ALFAMIDI SELAI CUP STRAWBERRY 36/CT","1","MFB","GOOD","73","PT.DINUS CIPTA MANDIRI"
"730038_MT","ALFAMIDI SELAI CUP STRAWBERRY 36/CT","1","MFB","GOOD","73","PT.DINUS CIPTA MANDIRI"
"730039","CHOMP CHOMP ICE CREAM ASS 20BG/CT","1","MFB","GOOD","73","PT.DINUS CIPTA MANDIRI"
"730039 _BD","CHOMP CHOMP ICE CREAM ASS 20BG/CT","1","MFB","BAD","73","PT.DINUS CIPTA MANDIRI"
"730039_MT","CHOMP CHOMP ICE CREAM ASS 20BG/CT","1","MFB","GOOD","73","PT.DINUS CIPTA MANDIRI"
"73004","MY BUDDY 48PC/CT","1","MFB","GOOD","73","PT.DINUS CIPTA MANDIRI"
"73004_MT","MY BUDDY 48PC/CT","1","MFB","GOOD","73","PT.DINUS CIPTA MANDIRI"
"730040","BANANA MARSHMALLOW 36X60GR","1","MFB","GOOD","73","PT.DINUS CIPTA MANDIRI"
"730040_MT","BUDY JAM CUP PINDEKAS 120GR 36PC/CT","1","MFB","GOOD","73","PT.DINUS CIPTA MANDIRI"
"730041_MT","BUDY JAM PB STR 1KG  10/CT","1","MFB","GOOD","73","PT.DINUS CIPTA MANDIRI"
"730042","MAINAN MEKANIK 361 48PC/CT","1","MFB","GOOD","73","PT.DINUS CIPTA MANDIRI"
"730042_MT","MAINAN MEKANIK 361 48PC/CT","1","MFB","GOOD","73","PT.DINUS CIPTA MANDIRI"
"730043","MAINAN MEKANIK 362 48/CT","1","MFB","GOOD","73","PT.DINUS CIPTA MANDIRI"
"730043_MT","MAINAN MEKANIK 362 48/CT","1","MFB","GOOD","73","PT.DINUS CIPTA MANDIRI"
"730044","MAINAN MEKANIK 363 48/CT","1","MFB","GOOD","73","PT.DINUS CIPTA MANDIRI"
"730044_MT","MAINAN MEKANIK 363 48/CT","1","MFB","GOOD","73","PT.DINUS CIPTA MANDIRI"
"730045","MAINAN MEKANIK 364 48/CT","1","MFB","GOOD","73","PT.DINUS CIPTA MANDIRI"
"730045_MT","MAINAN MEKANIK 364 48/CT","1","MFB","GOOD","73","PT.DINUS CIPTA MANDIRI"
"730046","MALLOW PUFF RAISIN 12.5GRX6X20","1","MFB","GOOD","73","PT.DINUS CIPTA MANDIRI"
"730046_MT","MAINAN MEKANIK 366 48/CT","1","MFB","GOOD","73","PT.DINUS CIPTA MANDIRI"
"730047","MALLOW PUFF VANILLA 12.5GRX6X20","1","MFB","GOOD","73","PT.DINUS CIPTA MANDIRI"
"730047_MT","MAINAN MEKANIK 366 48/CT","1","MFB","GOOD","73","PT.DINUS CIPTA MANDIRI"
"730048","MALLOW PUFF STRAW 12.5GRX6X20","1","MFB","GOOD","73","PT.DINUS CIPTA MANDIRI"
"730048_MT","MAINAN MEKANIK 380 48/CT","1","MFB","GOOD","73","PT.DINUS CIPTA MANDIRI"
"730049","MALLOW PUFF PEACH PULP 12.5GRX6X20","1","MFB","GOOD","73","PT.DINUS CIPTA MANDIRI"
"730049_MT","MAINAN MEKANIK 377 48/CT","1","MFB","GOOD","73","PT.DINUS CIPTA MANDIRI"
"73005","HAPPY TOY 48PC/CT","1","MFB","GOOD","73","PT.DINUS CIPTA MANDIRI"
"73005_MT","HAPPY TOY 48PC/CT","1","MFB","GOOD","73","PT.DINUS CIPTA MANDIRI"
"730050","MALLOW PUFF BLUEBERRY 12.5GRX6X20","1","MFB","GOOD","73","PT.DINUS CIPTA MANDIRI"
"730050_MT","TRIO MALLOW RAINBOW 24GR144/CT","1","MFB","GOOD","73","PT.DINUS CIPTA MANDIRI"
"730051","MALLOW PUFF STRAW 12.5GX6X20","1","MFB","GOOD","73","PT.DINUS CIPTA MANDIRI"
"730051_MT","MALLOW PUFF WITH STRABERY PULP 36/CT","1","MFB","GOOD","73","PT.DINUS CIPTA MANDIRI"
"730052","VANILLA MATCHA MARSMALLOW 12GR","1","MFB","GOOD","73","PT.DINUS CIPTA MANDIRI"
"730052_BD","VANILLA MATCHA MARSMALLOW 12GR","1","MFB","BAD","73","PT.DINUS CIPTA MANDIRI"
"730052_MT","MALLOW PUFF WITH PEACH PULP 36/CT","1","MFB","GOOD","73","PT.DINUS CIPTA MANDIRI"
"730053","DUCKIE MARSMALLOW 12 GR 10BAGX10PC","1","MFB","GOOD","73","PT.DINUS CIPTA MANDIRI"
"730053_BD","DUCKIE MARSMALLOW 12 GR 10BAGX10PC","1","MFB","BAD","73","PT.DINUS CIPTA MANDIRI"
"730053_MT","MALLOW PUFF WITH BLUBERY 36/CT","1","MFB","GOOD","73","PT.DINUS CIPTA MANDIRI"
"730054","MINI MARSHMALLOW 12G 10BAGX10PC","1","MFB","GOOD","73","PT.DINUS CIPTA MANDIRI"
"730054_BD","MINI MARSHMALLOW 12G 10BAGX10PC","1","MFB","BAD","73","PT.DINUS CIPTA MANDIRI"
"730054_MT","MALLOW POP 18 GR 180 PC/CT","1","MFB","GOOD","73","PT.DINUS CIPTA MANDIRI"
"730055","CAR MARSHMALLOW 12GR 10BAGX10PC","1","MFB","GOOD","73","PT.DINUS CIPTA MANDIRI"
"730055_BD","CAR MARSHMALLOW 12GR 10BAGX10PC","1","MFB","BAD","73","PT.DINUS CIPTA MANDIRI"
"730055_MT","FLOWER MASRHMALLOW 12GR 100 PC/CT","1","MFB","GOOD","73","PT.DINUS CIPTA MANDIRI"
"730056","FLOWER MARSHMALLOW 12G 10BAGX10PC","1","MFB","GOOD","73","PT.DINUS CIPTA MANDIRI"
"730056_BD","FLOWER MARSHMALLOW 12G 10BAGX10PC","1","MFB","BAD","73","PT.DINUS CIPTA MANDIRI"
"730056_MT","MINI MALLOW 12 GR 100 PC/CT","1","MFB","GOOD","73","PT.DINUS CIPTA MANDIRI"
"730057","MALLOW PUFF WITH RAISIN 12.5R","1","MFB","GOOD","73","PT.DINUS CIPTA MANDIRI"
"730057_MT","DUCKIE MARSHMALLOW 12GR 100 PC/CT","1","MFB","GOOD","73","PT.DINUS CIPTA MANDIRI"
"730058","MALLOW PUFF VANILLA 12.5GR","1","MFB","GOOD","73","PT.DINUS CIPTA MANDIRI"
"730058_MT","RAIBOW MALLOW 200 GR 24 PC/CT","0","MFB","GOOD","73","PT.DINUS CIPTA MANDIRI"
"730059","MALLOW PUFF STARWBERY PILP 12,5GR","1","MFB","GOOD","73","PT.DINUS CIPTA MANDIRI"
"730059_MT","MAINAN MEKANIK TANGAN?SWEETFUN","1","MFB","GOOD","73","PT.DINUS CIPTA MANDIRI"
"73006","VERY LONG STICK/TWISTER 55GR 60PC/CT","1","MFB","GOOD","73","PT.DINUS CIPTA MANDIRI"
"73006_BD","VERY LONG STICK/TWISTER 55GR 60PC/CT","1","MFB","BAD","73","PT.DINUS CIPTA MANDIRI"
"73006_MT","VERY LONG STICK/TWISTER 55GR 60PC/CT'","1","MFB","GOOD","73","PT.DINUS CIPTA MANDIRI"
"730060","MALLOW PUFF WITH BLUEBERRY 12.5GR","1","MFB","GOOD","73","PT.DINUS CIPTA MANDIRI"
"730060_MT","TWIST MALLOW 50GR","1","MFB","GOOD","73","PT.DINUS CIPTA MANDIRI"
"730061","MALLOW PUFF WITH BLUEBERRY 12.5G","1","MFB","GOOD","73","PT.DINUS CIPTA MANDIRI"
"730061_MT","MALLOW PUFF WITH RAISIN","1","MFB","GOOD","73","PT.DINUS CIPTA MANDIRI"
"730062_MT","MALLOW PUFF WITH VANILLA","1","MFB","GOOD","73","PT.DINUS CIPTA MANDIRI"
"730063_MT","MALLOW PLAIN 50GR","1","MFB","GOOD","73","PT.DINUS CIPTA MANDIRI"
"730064_MT","DUCKIE MARSMALLOW 50GR 36PC/CT","1","MFB","GOOD","73","PT.DINUS CIPTA MANDIRI"
"730065_MT","BANANA MARSMALLOW 50GR 36PC/CT","1","MFB","GOOD","73","PT.DINUS CIPTA MANDIRI"
"730066_MT","STRAWBERRY ICE CREAM 50GR 36PC/CT","1","MFB","GOOD","73","PT.DINUS CIPTA MANDIRI"
"730067_MT","ICE CREAM GRAPE 50GR 36PC/CT","1","MFB","GOOD","73","PT.DINUS CIPTA MANDIRI"
"730068_MT","MARSMALLOW VANILLA MATCHA 50GR 36PC/CT","1","MFB","GOOD","73","PT.DINUS CIPTA MANDIRI"
"730069","PINK & WHITE MARSMALLOW 50GR","1","MFB","GOOD","73","PT.DINUS CIPTA MANDIRI"
"730069_MT","PINK & WHITE MARSMALLOW 50GR","1","MFB","GOOD","73","PT.DINUS CIPTA MANDIRI"
"73007","CAR MALLOW 60GR 36PC/CT","1","MFB","GOOD","73","PT.DINUS CIPTA MANDIRI"
"73007_BD","CAR MALLOW 60GR 36PC/CT","1","MFB","BAD","73","PT.DINUS CIPTA MANDIRI"
"73007_MT","CAR MALLOW 60GR 36PC/CT","1","MFB","GOOD","73","PT.DINUS CIPTA MANDIRI"
"730070","RAINBOW MALLOW 200GR","1","MFB","GOOD","73","PT.DINUS CIPTA MANDIRI"
"730070_MT","RAINBOW MALLOW 200GR","1","MFB","GOOD","73","PT.DINUS CIPTA MANDIRI"
"730071","SANDWICH MARSHMALLOW 21GR","1","MFB","GOOD","73","PT.DINUS CIPTA MANDIRI"
"730071_MT","SANDWICH MARSHMALLOW 21GR","1","MFB","GOOD","73","PT.DINUS CIPTA MANDIRI"
"730072_MT","BURGER MARSMALLOW 50GR 36PC/CT","1","MFB","GOOD","73","PT.DINUS CIPTA MANDIRI"
"730073_MT","MARSH VERY LONG STICK / TWISTER  50GR","1","MFB","GOOD","73","PT.DINUS CIPTA MANDIRI"
"730074_MT","WHOOSS WHOSS MALLOW 50GR","1","MFB","GOOD","73","PT.DINUS CIPTA MANDIRI"
"730075_MT","COLORFUL MALLOW 50GR","1","MFB","GOOD","73","PT.DINUS CIPTA MANDIRI"
"730076_MT","TRIO MALLOW RAINBOW 21GR144/CT","1","MFB","GOOD","73","PT.DINUS CIPTA MANDIRI"
"730077_MT","MALLOW POP 16 GR 180 PC/CT","1","MFB","GOOD","73","PT.DINUS CIPTA MANDIRI"
"730079_MT","MALLOW WATERMELON SHAPE 60GR","1","MFB","GOOD","73","PT.DINUS CIPTA MANDIRI"
"73008","DUCKIE MARSMALLOW 60GR 36PC/CT","1","MFB","GOOD","73","PT.DINUS CIPTA MANDIRI"
"73008_BD","DUCKIE MARSMALLOW 60GR 36PC/CT","1","MFB","BAD","73","PT.DINUS CIPTA MANDIRI"
"73008_MT","DUCKIE MARSMALLOW 60GR 36PC/CT","1","MFB","GOOD","73","PT.DINUS CIPTA MANDIRI"
"73009","MARSMALLOW VANILLA MATCHA 60GR 36PC/CT","1","MFB","GOOD","73","PT.DINUS CIPTA MANDIRI"
"73009_BD","MARSMALLOW VANILLA MATCHA 60GR 36PC/CT","1","MFB","BAD","73","PT.DINUS CIPTA MANDIRI"
"73009_MT","MARSMALLOW VANILLA MATCHA 60GR 36PC/CT","1","MFB","GOOD","73","PT.DINUS CIPTA MANDIRI"
"730090_MT","WATERMELON SHAPE MARSMELLOW 50GR NEWBAG","1","MFB","GOOD","73","PT.DINUS CIPTA MANDIRI"
"730091_MT","COLORFUL MALLOW 50GR MALLOW UNICOR","1","MFB","GOOD","73","PT.DINUS CIPTA MANDIRI"
"73068_MT","MARSMALLOW VANILLA MATCHA 50GR 36PC/CT","0","MFB","GOOD","DPMT","PT.DOLPHIN MODERN TRADE"
"7430058","MALLOW PUFF VANILLA 12.5G","0","MFB","GOOD","73","PT.DINUS CIPTA MANDIRI"
"90004","BK/MONTEGO FUN DOUBLE CHOCO 17G 12X10","1","MFB","GOOD","KOKOLA","PT.MEGA NIAGA NUSANTARA"
"90004_BD","BK/MONTEGO FUN DOUBLE CHOCO 17G 12X10","1","MFB","BAD","KOKOLA","PT.MEGA NIAGA NUSANTARA"
"90004_BN","BK/MONTEGO FUN DOUBLE CHOCO 17G 12X10","1","MFB","BONUS","KOKOLA","PT.MEGA NIAGA NUSANTARA"
"90024","BK/MONSTA CHOCOCHIP COOKIES 9GR 20X6","1","MFB","GOOD","KOKOLA","PT.MEGA NIAGA NUSANTARA"
"90024_BD","BK/MONSTA CHOCOCHIP COOKIES 9GR 20X6","1","MFB","BAD","KOKOLA","PT.MEGA NIAGA NUSANTARA"
"90025","BK/MALKIST OLEZZ CHEESE CHOCO 10GR 20X6","1","MFB","GOOD","KOKOLA","PT.MEGA NIAGA NUSANTARA"
"90025_BD","BK/MALKIST OLEZZ CHEESE CHOCO 10GR 20X6","1","MFB","BAD","KOKOLA","PT.MEGA NIAGA NUSANTARA"
"90026","BK/MALKIST OLEZZ CHOCO PARTY 100G 6X5","1","MFB","GOOD","KOKOLA","PT.MEGA NIAGA NUSANTARA"
"90026_BD","BK/MALKIST OLEZZ CHOCO PARTY 100G 6X5","1","MFB","BAD","KOKOLA","PT.MEGA NIAGA NUSANTARA"
"90027","BK/MALKIST OLEZZ CHEESE CHOCO 100G 6X5","1","MFB","GOOD","KOKOLA","PT.MEGA NIAGA NUSANTARA"
"90027_BD","BK/MALKIST OLEZZ CHEESE CHOCO 100G 6X5","1","MFB","BAD","KOKOLA","PT.MEGA NIAGA NUSANTARA"
"90029","BK SEE HONG PUFF CRACKERS 260GRX6PCX6BAL","1","MFB","GOOD","KOKOLA","PT.MEGA NIAGA NUSANTARA"
"90029_BD","BK SEE HONG PUFF CRACKERS 260GRX6PCX6BAL","1","MFB","BAD","KOKOLA","PT.MEGA NIAGA NUSANTARA"
"90029_BN","BK SEE HONG PUFF CRACKERS 260GRX6PCX6BAL","1","MFB","BONUS","KOKOLA","PT.MEGA NIAGA NUSANTARA"
"AJPC001","ALOE JELLY 70 GR PEACH 6'S X 12 PACK","0","MFB","GOOD","NU","PT. NIRAMAS UTAMA"
"AJPC001_BD","ALOE JELLY 70 GR PEACH 6'S X 12 PACK","1","MFB","BAD","NU","PT. NIRAMAS UTAMA"
"ALMF002","ALFAMART JELLY MIX FLOVOUR 16PCX24/CT","1","MFB","GOOD","NU","PT. NIRAMAS UTAMA"
"ALMF002_BD","ALFAMART JELLY MIX FLOVOUR 16PCX24/CT","1","MFB","BAD","NU","PT. NIRAMAS UTAMA"
"BCDC001","BELLA COMPOUND DARK CHOCOLATE BAG 6X1KG","1","MFB","GOOD","DP","DOLPHIN PT"
"BCDC001_BD","BELLA COMPOUND DARK CHOCOLATE BAG 6X1KG","1","MFB","BAD","DP","DOLPHIN PT"
"BCDP001","BELLA CHOCOLATE DRINK POUCH 5X1KG","0","MFB","GOOD","DP","DOLPHIN PT"
"BCDP001_BD","BELLA CHOCOLATE DRINK POUCH 5X1KG","1","MFB","BAD","DP","DOLPHIN PT"
"BCDP002","BELLA COMPOUND DARK CHO PREMIUM 4X5KG","0","MFB","GOOD","DP","DOLPHIN PT"
"BCDR001","BELLA CHOC DRINK RENCENG 3X20X28GR","1","MFB","GOOD","DP","DOLPHIN PT"
"BCDR001_BD","BELLA CHOC DRINK RENCENG 3X20X28GR","1","MFB","BAD","DP","DOLPHIN PT"
"BCDR002","BELLA CHOCOLATE DRINK 12X5X28GR","1","MFB","GOOD","DP","DOLPHIN PT"
"BCDR002_BD","BELLA CHOCOLATE DRINK 12X5X28GR","1","MFB","BAD","DP","DOLPHIN PT"
"BCMG001","BELLA CHOCO MULTI GRAIN 6BX12PCX22GR","1","MFB","GOOD","DP","DOLPHIN PT"
"BCMG001_BD","BELLA CHOCO MULTI GRAIN 6BX12PCX22GR","1","MFB","BAD","DP","DOLPHIN PT"
"BCPT001","BELLA CHOCO PASTE 5KG","0","MFB","GOOD","DP","DOLPHIN PT"
"BCPT001_BD","BELLA CHOCO PASTE 5KG","1","MFB","BAD","DP","DOLPHIN PT"
"BCRB002","BELLA CHOCOLATE RICE BAG 4X3KG","0","MFB","GOOD","DP","DOLPHIN PT"
"BCRB002_BD","BELLA CHOCOLATE RICE BAG 4X3KG","1","MFB","BAD","DP","DOLPHIN PT"
"BCRS001","BELLA CHOCO RICE BAG SPECIAL GRADE 2X2X3KG","1","MFB","GOOD","DP","DOLPHIN PT"
"BCRS001_BD","BELLA CHOCO RICE BAG SPECIAL GRADE","1","MFB","BAD","DP","DOLPHIN PT"
"BCWC001","BELLA COMPOUND WHITE CHO BAG 6X1KG","1","MFB","GOOD","DP","DOLPHIN PT"
"BDCC001","BELLA DARK CHO COMPOUND 24X250GR","1","MFB","GOOD","DP","DOLPHIN PT"
"BDCC001_BD","BELLA DARK CHO COMPOUND 24X250GR","1","MFB","BAD","DP","DOLPHIN PT"
"BDCC002","BELLA DARK CHOCO COMPOUND 1 KG","0","MFB","GOOD","DP","DOLPHIN PT"
"BDCC002_BD","BELLA DARK CHOCO COMPOUND 1 KG","1","MFB","BAD","DP","DOLPHIN PT"
"BDCC003","BELLA DARK CHOCO COMPOUND 250GR","0","MFB","GOOD","DP","DOLPHIN PT"
"BDCC003_BD","BELLA DARK CHOCO COMPOUND 250GR","1","MFB","BAD","DP","DOLPHIN PT"
"BDCC004","BELLA DARK COMPOUND 5KG","0","MFB","GOOD","DP","DOLPHIN PT"
"BDCC004_BD","BELLA DARK COMPOUND 5KG","1","MFB","BAD","DP","DOLPHIN PT"
"BK20B","BLS C.BADAK KNG B.KACA 20GR","1","MFB","GOOD","77","PT SENTOSA KARYA GEMILANG"
"BK36G","BLS C.BADAK KNG B.KACA 36GR","1","MFB","GOOD","77","PT SENTOSA KARYA GEMILANG"
"BKSM","BOTOL KECAP SEMAR","1","MFB","BAD","SK","SEMAR KUNING"
"BLBG001","BELLA BIGGER BAG 12X10X24GR","0","MFB","GOOD","DP","DOLPHIN PT"
"BLBG001_BD","BELLA BIGGER BAG 12X10X24GR","1","MFB","BAD","DP","DOLPHIN PT"
"BLCB001_BD","BELLA CRISPY BAR BOX 20 gr","1","MFB","BAD","DP","DOLPHIN PT"
"BLCB002","BELLA CRISPY BAR BOX 20 gr 8 x24PC","1","MFB","GOOD","DP","DOLPHIN PT"
"BLCB002_BD","BELLA CRISPY BAR BOX 20 gr 8 x24PC","1","MFB","BAD","DP","DOLPHIN PT"
"BLCB003","BELLA CRISPY CEREAL  20 gr 8 x24PC","0","MFB","GOOD","DP","DOLPHIN PT"
"BLCB003_BD","BELLA CRISPY CEREAL  20 gr 8 x24PC","1","MFB","BAD","DP","DOLPHIN PT"
"BLCB004","BELLA MILK CHOCO BOX 20GR 12 X 24PC","0","MFB","GOOD","DP","DOLPHIN PT"
"BLCB004_BD","BELLA MILK CHOCO BOX 20GR 12 X 24PC","1","MFB","BAD","DP","DOLPHIN PT"
"BLCB005","BELLA MILK CHOCO BOX 20GR 6X 24PC","0","MFB","GOOD","DP","DOLPHIN PT"
"BLCB006","BELLA CRISPY CEREAL  20 gr 6x24PC","1","MFB","GOOD","DP","DOLPHIN PT"
"BLCB006_BD","BELLA CRISPY CEREAL  20 gr 6x24PC","1","MFB","BAD","DP","DOLPHIN PT"
"BLCB007","BELLA CRISPY CEREAL BX 12X24X10GR EXT 2PC","1","MFB","GOOD","DP","DOLPHIN PT"
"BLCB007_BD","BELLA CRISPY CEREAL BX 12X24X12GR EXT 2PC","1","MFB","BAD","DP","DOLPHIN PT"
"BLCC001","BELLA CHO COOKIES&CRMPREMIUM 6X12X50","0","MFB","GOOD","DP","DOLPHIN PT"
"BLCC002","BELLA CHOCOLATE CHIPS BOX 24X150GR","0","MFB","GOOD","DP","DOLPHIN PT"
"BLCC002_BD","BELLA CHOCOLATE CHIPS BOX 24X150GR","1","MFB","BAD","DP","DOLPHIN PT"
"BLCC005","BELLA CHOCOLATE CHIPS COATING 2X2.5KG","0","MFB","GOOD","DP","DOLPHIN PT"
"BLCJ001_BD","BELLA CRISPY JAR 20 gr","1","MFB","BAD","DP","DOLPHIN PT"
"BLCJ002","BELLA CRISPY CEREAL JAR SQUARE","0","MFB","GOOD","DP","DOLPHIN PT"
"BLCM001","BELLA CHOC MEISES 90 gr 4 x 30 PC","0","MFB","GOOD","DP","DOLPHIN PT"
"BLCM001_BD","BELLA CHOC MEISES 90 gr","1","MFB","BAD","DP","DOLPHIN PT"
"BLCM002","BELLA CHOC MEISES 225 gr 4 x 12 PC","1","MFB","GOOD","DP","DOLPHIN PT"
"BLCM002_BD","BELLA CHOC MEISES 225 gr","1","MFB","BAD","DP","DOLPHIN PT"
"BLCM003","BELLA MEISES JAR 150GRx48","0","MFB","GOOD","DP","DOLPHIN PT"
"BLCM003_BD","BELLA MEISES JAR 150GRx48","1","MFB","BAD","DP","DOLPHIN PT"
"BLCM004","BELLA MEISES EKONOMI 3KG 4/CT","0","MFB","GOOD","DP","DOLPHIN PT"
"BLCM004_BD","BELLA MEISES EKONOMI 3KG 4/CT","1","MFB","BAD","DP","DOLPHIN PT"
"BLCM005","BELLA CHOCHOLATE MEISES 3KG","0","MFB","GOOD","DP","DOLPHIN PT"
"BLCM005_BD","BELLA CHOCHOLATE MEISES 3KG","1","MFB","BAD","DP","DOLPHIN PT"
"BLCM006","BELLA MEISES CHOCOLATE JAR 24X130G","0","MFB","GOOD","DP","DOLPHIN PT"
"BLCM006_BD","BELLA MEISES CHOCOLATE JAR 24X130G","1","MFB","BAD","DP","DOLPHIN PT"
"BLCM007","BELLA CHO RICE SACHET 10X12X90GR","1","MFB","GOOD","DP","DOLPHIN PT"
"BLCM007_BD","BELLA CHO RICE SACHET 10X12X90GR","1","MFB","BAD","DP","DOLPHIN PT"
"BLCP001","BELLA CRISPY CHO PREMIUM 6X12X50G","1","MFB","GOOD","DP","DOLPHIN PT"
"BLCP001_BD","BELLA CRISPY CHO PREMIUM 6X12X50G","1","MFB","BAD","DP","DOLPHIN PT"
"BLCP002","BELLA CASHEW CHO PREMIUM 6X12X45G","1","MFB","GOOD","DP","DOLPHIN PT"
"BLCP002_BD","BELLA CASHEW CHO PREMIUM 6X12X50G","1","MFB","BAD","DP","DOLPHIN PT"
"BLCP003","BELLA COOKIES&CREAM PREMIUM 6X12X50G","1","MFB","GOOD","DP","DOLPHIN PT"
"BLCP003_BD","BELLA COOKIES&CREAM PREMIUM 6X12X50G","1","MFB","BAD","DP","DOLPHIN PT"
"BLCP004","BELLA CHOC COOKIES&CREAM 12X24X10GR","1","MFB","GOOD","DP","DOLPHIN PT"
"BLCP004_BD","BELLA CHOC COOKIES&CREAM 12X24X15GR","1","MFB","BAD","DP","DOLPHIN PT"
"BLCP005","BELLA MILK CHOC PREMIUM 6X12X50GR BERHADIAH","1","MFB","GOOD","DP","DOLPHIN PT"
"BLCP005_BD","BELLA MILK CHOC PREMIUM 6X12X50GR BERHADIAH","1","MFB","BAD","DP","DOLPHIN PT"
"BLCP006","BELLA CHOOLATE PASTA L AP19 4X5KG","0","MFB","GOOD","DP","DOLPHIN PT"
"BLLG001","BELLA LONGER CHO BOX  6X24X18G","0","MFB","GOOD","DP","DOLPHIN PT"
"BLLG001_BD","BELLA LONGER 22GR 6X24PC","1","MFB","BAD","DP","DOLPHIN PT"
"BLMC001","BELLA MILK COKLAT BOX 20 gr 6 X 36PC","0","MFB","GOOD","DP","DOLPHIN PT"
"BLMC001_BD","BELLA MILK COKLAT BOX 20gr","1","MFB","BAD","DP","DOLPHIN PT"
"BLMC002","BELLA MILK  BOX 16 gr 8 X 24PC","0","MFB","GOOD","DP","DOLPHIN PT"
"BLMC002_BD","BELLA MILK  BOX 16 gr 8 X 24PC","1","MFB","BAD","DP","DOLPHIN PT"
"BLMJ001_BD","BELLA MILK JAR 24 gr","1","MFB","BAD","DP","DOLPHIN PT"
"BLMJ002","BELLA MILK JAR SQUARE 6X50","0","MFB","GOOD","DP","DOLPHIN PT"
"BLMJ002_BD","BELLA MILK JAR SQUARE 6X50","1","MFB","BAD","DP","DOLPHIN PT"
"BLMW001","BELLA MESES WARNA 90 GR 4x30 pcs","1","MFB","GOOD","DP","DOLPHIN PT"
"BLMW001_BD","BELLA MESES WARNA 90 GR","1","MFB","BAD","DP","DOLPHIN PT"
"BLMW002","BELLA MESES WARNA 225 GR 4x12 pcs","1","MFB","GOOD","DP","DOLPHIN PT"
"BLMW002_BD","BELLA MESES WARNA 225 GR","1","MFB","BAD","DP","DOLPHIN PT"
"BLMW003","BELLA CHO RICE MIX COLOR SCH 10X12X90G","1","MFB","GOOD","DP","DOLPHIN PT"
"BLMW003_BD","BELLA CHO RICE MIX COLOR SCH 10X12X90G","1","MFB","BAD","DP","DOLPHIN PT"
"BLPH001","BELLA PREMIUM HAZELNUT 6BX12PX45G","1","MFB","GOOD","DP","DOLPHIN PT"
"BLPH001_BD","BELLA PREMIUM HAZELNUT 6BX12PX45G","1","MFB","BAD","DP","DOLPHIN PT"
"BLWB001_BD","BELLA WAFER BIG CKLT 25 gr","1","MFB","BAD","DP","DOLPHIN PT"
"BLWB002_BD","BELLA WAFER BIG COK 25GR BANDED","1","MFB","BAD","DP","DOLPHIN PT"
"BLWB003","BELLA WAFER BIG TOPLES 6X50PCS","0","MFB","GOOD","DP","DOLPHIN PT"
"BLWB003_BD","BELLA WAFER BIG TOPLES 6X50PCS","1","MFB","BAD","DP","DOLPHIN PT"
"BLWB004_BD","BELLA WAFER BOX COKLAT 6x50PC","1","MFB","BAD","DP","DOLPHIN PT"
"BLWB005","BELLA BIGGER CHOCOLATE JAR 6X36X18G","1","MFB","GOOD","DP","DOLPHIN PT"
"BLWB005_BD","BELLA BIGGER JAR 6X36PC","1","MFB","BAD","DP","DOLPHIN PT"
"BLWB006_BD","BELLA BIGGER BOX 6X24PC","1","MFB","BAD","DP","DOLPHIN PT"
"BLWB007_BD","BELLA BIGGER JAR 6X50PC","1","MFB","BAD","DP","DOLPHIN PT"
"BLWB008","BELLA WAFER BOX COKLAT 6X36","0","MFB","GOOD","DP","DOLPHIN PT"
"BLWB008_BD","BELLA WAFER BOX COKLAT 6X36","1","MFB","BAD","DP","DOLPHIN PT"
"BLWC001","BELLA WAFER COKLAT 12 gr 20x10pc","1","MFB","GOOD","DP","DOLPHIN PT"
"BLWC001_BD","BELLA WAFER COKLAT 15 gr","1","MFB","BAD","DP","DOLPHIN PT"
"BLWC002","BELLA WAFER BAG NEW CHO 12gr 10x20pc","1","MFB","GOOD","DP","DOLPHIN PT"
"BLWC002_BD","BELLA WAFER COKLAT 12 gr 10x20pc","1","MFB","BAD","DP","DOLPHIN PT"
"BLWK001_BD","BELLA WAFER COCONUT 15 gr","1","MFB","BAD","DP","DOLPHIN PT"
"BLWO001_BD","BELLA WAFER ORANGE 15 gr","1","MFB","BAD","DP","DOLPHIN PT"
"BLWP001_BD","BELLA WAFER COCOPANDAN 15 gr","1","MFB","BAD","DP","DOLPHIN PT"
"BLWS001","BELLA WFR STRAW BAG 10X20X10GR","0","MFB","GOOD","DP","DOLPHIN PT"
"BLWS001_BD","BELLA WAFER STRAWBERRY 15 gr","1","MFB","BAD","DP","DOLPHIN PT"
"BLYG001","BELLA YOGHURT 12GR","0","MFB","GOOD","DP","DOLPHIN PT"
"BLYG001_BD","BELLA YOGHURT 12GR","1","MFB","BAD","DP","DOLPHIN PT"
"BMCH001","BELLA MALT CRUNCHY 6X1KG","0","MFB","GOOD","DP","DOLPHIN PT"
"BMCH001_BD","BELLA MALT CRUNCHY 6X1KG","1","MFB","BAD","DP","DOLPHIN PT"
"BMCH002","BELLA PREMIUM CRUNCHY MALT 6BX12PX45G","1","MFB","GOOD","DP","DOLPHIN PT"
"BMCH002_BD","BELLA PREMIUM CRUNCHY MALT 6BX12PX45G","1","MFB","BAD","DP","DOLPHIN PT"
"BMCH003","BELLA SPREAD MALT CRUNCHY 12X300GR","1","MFB","GOOD","DP","DOLPHIN PT"
"BMCH003_BD","BELLA SPREAD MALT CRUNCHY 12X300GR","1","MFB","BAD","DP","DOLPHIN PT"
"BMSP001","BELLA MR.P SPREAD PEANUT 12X300GR","1","MFB","GOOD","DP","DOLPHIN PT"
"BMSP001_BD","BELLA MR.P SPREAD PEANUT 12X300GR","1","MFB","BAD","DP","DOLPHIN PT"
"BNLB","BONUS LUNCH BOX","1","MFB","BONUS","DP","DOLPHIN PT"
"BPCB001","BELLA PASTA CHOCOLATE  BUCKET 2X5000GR","0","MFB","GOOD","DP","DOLPHIN PT"
"BPHC001","BELLA MR.P Pre Honey Cashew 6BX12PCX45G","1","MFB","GOOD","DP","DOLPHIN PT"
"BPHC001_BD","BELLA MR.P Pre Honey Cashew 6BX12PCX45G","1","MFB","BAD","DP","DOLPHIN PT"
"BPSP001","BELLA MrP SPREAD PEANUT JAR 24X200G","1","MFB","GOOD","DP","DOLPHIN PT"
"BSCB002","BELLA SPREAD CHESEWNUT BUCKET 2X5000GR","1","MFB","GOOD","DP","DOLPHIN PT"
"BSCC001","BELLA SPREAD CHO JAR 12X330GR","1","MFB","GOOD","DP","DOLPHIN PT"
"BSCC001_BD","BELLA SPREAD CHO JAR 24/CT","1","MFB","BAD","DP","DOLPHIN PT"
"BSCC002","BELLA SPREAD CASHEW CHOC 12X300GR","1","MFB","GOOD","DP","DOLPHIN PT"
"BSCC002_BD","BELLA SPREAD CASHEW CHOC 12X330GR","1","MFB","BAD","DP","DOLPHIN PT"
"BSCC003","BELLA SPREAD TWIN CHOC HAZELNUT 300G","1","MFB","GOOD","DP","DOLPHIN PT"
"BSCC003_BD","BELLA SPREAD TWIN CHOC HAZENUT 330G","1","MFB","BAD","DP","DOLPHIN PT"
"BSCC004","BELLA SPREAD TWIN CHOC CHEESE 300G","1","MFB","GOOD","DP","DOLPHIN PT"
"BSCC004_BD","BELLA SPREAD TWIN CHOC CHEESE 330G","1","MFB","BAD","DP","DOLPHIN PT"
"BSCE001","BELLA SPREAD CHOCHOLATE JAR 24X200G","1","MFB","GOOD","DP","DOLPHIN PT"
"BSCE001_BD","BELLA SPREAD CHOCHOLATE JAR 24X200G","1","MFB","BAD","DP","DOLPHIN PT"
"BSCH001","BELLA SPREAD CHOCO HAZELNUT SCH 12BX8PX30GR","1","MFB","GOOD","DP","DOLPHIN PT"
"BSCH001_BD","BELLA SPREAD CHOCO HAZELNUT SCH 12BX8PX30GR","1","MFB","BAD","DP","DOLPHIN PT"
"BSCH002","BELLA SPREAD CHO HAZEL JAR 12X300GR","1","MFB","GOOD","DP","DOLPHIN PT"
"BSCH002_BD","BELLA SPREAD CHO HAZEL JAR 12X300GR","1","MFB","BAD","DP","DOLPHIN PT"
"BSCH003","BELLA SPREAD CHO HAZELNUT JAR 24X200G","1","MFB","GOOD","DP","DOLPHIN PT"
"BSCH003_BD","BELLA SPREAD CHO HAZELNUT JAR 24X200G","1","MFB","BAD","DP","DOLPHIN PT"
"BSCN001","BELLA SPREAD CHASEWNUT JAR 12/CT","1","MFB","GOOD","DP","DOLPHIN PT"
"BSCN001_BD","BELLA SPREAD CHASEWNUT JAR 24/CT","1","MFB","BAD","DP","DOLPHIN PT"
"BSCN002","BELLA SPREAD CHASEWNUT JAR 24X200G","1","MFB","GOOD","DP","DOLPHIN PT"
"BSCN002_BD","BELLA SPREAD CHASEWNUT JAR 24X200G","1","MFB","BAD","DP","DOLPHIN PT"
"BSCN003","BELLA SPREAD CHO CHASHEWNUT JAR 24X200G","1","MFB","GOOD","DP","DOLPHIN PT"
"BSCN003_BD","BELLA SPREAD CHO CHASHEWNUT JAR 24X200G","1","MFB","BAD","DP","DOLPHIN PT"
"BSCS001","BELLA SPREAD CHEESE JAR 12X300GR","1","MFB","GOOD","DP","DOLPHIN PT"
"BSCS001_BD","BELLA SPREAD CHEESE JAR 12X330GR","1","MFB","BAD","DP","DOLPHIN PT"
"BSCS002","BELLA SPREAD CHEESE JAR 24X 200G","1","MFB","GOOD","DP","DOLPHIN PT"
"BSCS002_BD","BELLA SPREAD CHEESE JAR 24X 200G","1","MFB","BAD","DP","DOLPHIN PT"
"BSCT001","BELLA SPREAD TIRAMISU JAR 12X300GR","1","MFB","GOOD","DP","DOLPHIN PT"
"BSCT001_BD","BELLA SPREAD TIRAMISU JAR 24/CT","1","MFB","BAD","DP","DOLPHIN PT"
"BSMC001","BELLA SPREAD MALT CRUN JAR 24 X200G","1","MFB","GOOD","DP","DOLPHIN PT"
"BSMC001_BD","BELLA SPREAD MALT CRUN JAR 24 X200G","1","MFB","BAD","DP","DOLPHIN PT"
"BSOC001","BELLA SPREAD CHO CHEESE JAR 24 X200G","1","MFB","GOOD","DP","DOLPHIN PT"
"BSOC001_BD","BELLA SPREAD CHO CHEESE JAR 24 X200G","1","MFB","BAD","DP","DOLPHIN PT"
"BSSC001","BELLA SPREAD CASHEWNUT SCH 12BX8PX30GR","1","MFB","GOOD","DP","DOLPHIN PT"
"BSSC001_BD","BELLA SPREAD CASHEWNUT SCH 12BX8PX30GR","1","MFB","BAD","DP","DOLPHIN PT"
"BSTU001","BELLA SPREAD TIRAMISU JAR 24 X 200G","1","MFB","GOOD","DP","DOLPHIN PT"
"BSTU001_BD","BELLA SPREAD TIRAMISU JAR 24 X 200G","1","MFB","BAD","DP","DOLPHIN PT"
"BWCC001","BELLA WHITE CHO COMPOUND 24X250GR","1","MFB","GOOD","DP","DOLPHIN PT"
"BWCC001_BD","BELLA WHITE CHO COMPOUND 24X250GR","1","MFB","BAD","DP","DOLPHIN PT"
"BWCC002","BELLA WHITE CHOCO COMPOUND 1KG","0","MFB","GOOD","DP","DOLPHIN PT"
"BWCC002_BD","BELLA WHITE CHOCO COMPOUND 1KG","1","MFB","BAD","DP","DOLPHIN PT"
"BWCC003","BELLA WHITE CHOCO COMPOUND 250GR","0","MFB","GOOD","DP","DOLPHIN PT"
"BWYG002","BELLA WAFER YOGHURT BX 6X24X18G","0","MFB","GOOD","DP","DOLPHIN PT"
"BWYG002_BD","BELLA WAFER YOGHURT BX 6X24X18G","1","MFB","BAD","DP","DOLPHIN PT"
"C.301006BKS023","BHIMA KUACI SUSU 12X10X23G (EXTRA 1)","1","MFB","GOOD","66","PT.MITRASATRYA PERKASAUTAMA"
"C.301006PBK150","BHIMA ORI SUNFLOWER SEED 6X5X150G","1","MFB","GOOD","66","PT.MITRASATRYA PERKASAUTAMA"
"C.301006PBK150_BD","BHIMA ORI SUNFLOWER SEED 30X150GR","1","MFB","BAD","66","PT.MITRASATRYA PERKASAUTAMA"
"C301006100410","MR.P ATOM COATED PEANUTS ORI 40X130GR","1","MFB","GOOD","66","PT.MITRASATRYA PERKASAUTAMA"
"C301006100410_BD","MR.P ATOM COATED PEANUTS ORI 40X130GR","1","MFB","BAD","66","PT.MITRASATRYA PERKASAUTAMA"
"C301006100411","MR.P ATOM COATED PEANUTS ORI 30X225GR","1","MFB","GOOD","66","PT.MITRASATRYA PERKASAUTAMA"
"C301006100411_BD","MR.P ATOM COATED PEANUTS ORI 30X225GR","1","MFB","BAD","66","PT.MITRASATRYA PERKASAUTAMA"
"C301006100412","MR.P ATOM COATED PEANUTS CHILI 40X100GR","1","MFB","GOOD","66","PT.MITRASATRYA PERKASAUTAMA"
"C301006100412_BD","MR.P ATOM COATED PEANUTS CHILI 40X100GR","1","MFB","BAD","66","PT.MITRASATRYA PERKASAUTAMA"
"C301006100413","MR.P ATOM COATED PEANUTS CHILI 30X200GR","1","MFB","GOOD","66","PT.MITRASATRYA PERKASAUTAMA"
"C301006100413_BD","MR.P ATOM COATED PEANUTS CHILI 30X200GR","1","MFB","BAD","66","PT.MITRASATRYA PERKASAUTAMA"
"C301006100414","MR.P ROASTED CASHEW NUTS(LIGHTLY SALTED)6X40GR","1","MFB","GOOD","66","PT.MITRASATRYA PERKASAUTAMA"
"C301006100414_BD","MR.P ROASTED CASHEW NUTS(LIGHTLY SALTED)6X40GR","1","MFB","BAD","66","PT.MITRASATRYA PERKASAUTAMA"
"C301006100415","MR.P ROASTED CASHEW NUTS(LIGHTLY SALTED)30X80GR","1","MFB","GOOD","66","PT.MITRASATRYA PERKASAUTAMA"
"C301006100415_BD","MR.P ROASTED CASHEW NUTS(LIGHTLY SALTED)30X80GR","1","MFB","BAD","66","PT.MITRASATRYA PERKASAUTAMA"
"C301006100416","MR.P HONEY ROASTED CASHEW NUTS 60X40GR","1","MFB","GOOD","66","PT.MITRASATRYA PERKASAUTAMA"
"C301006100416_BD","MR.P HONEY ROASTED CASHEW NUTS 60X40GR","1","MFB","BAD","66","PT.MITRASATRYA PERKASAUTAMA"
"C301006100417","MR.P HONEY ROASTED CASHEW NUTS 30X80GR","1","MFB","GOOD","66","PT.MITRASATRYA PERKASAUTAMA"
"C301006100417_BD","MR.P HONEY ROASTED CASHEW NUTS 30X80GR","1","MFB","BAD","66","PT.MITRASATRYA PERKASAUTAMA"
"C301006100418","MR.P CHILI ROASTED CASHEW NUTS 60X40GR","1","MFB","GOOD","66","PT.MITRASATRYA PERKASAUTAMA"
"C301006100418_BD","MR.P CHILI ROASTED CASHEW NUTS 60X40GR","1","MFB","BAD","66","PT.MITRASATRYA PERKASAUTAMA"
"C301006100419","CHILI ROASTED CASHEW NUTS 5X6X80GR","1","MFB","GOOD","66","PT.MITRASATRYA PERKASAUTAMA"
"C301006100419_BD","CHILI ROASTED CASHEW NUTS 5X6X80GR","1","MFB","BAD","66","PT.MITRASATRYA PERKASAUTAMA"
"C301006100421","MR.P HONEY ROASTED PEANUTS 30X80GR","1","MFB","GOOD","66","PT.MITRASATRYA PERKASAUTAMA"
"C301006100421_BD","MR.P HONEY ROASTED PEANUTS 30X80GR","1","MFB","BAD","66","PT.MITRASATRYA PERKASAUTAMA"
"C301006100422","MR.P CHILI ROASTED PEANUTS 30X80GR","1","MFB","GOOD","66","PT.MITRASATRYA PERKASAUTAMA"
"C301006100422_BD","MR.P CHILI ROASTED PEANUTS 30X80GR","1","MFB","BAD","66","PT.MITRASATRYA PERKASAUTAMA"
"C301006100423","MR.P HONEY ROASTED PEANUTS 60X40GR","1","MFB","GOOD","66","PT.MITRASATRYA PERKASAUTAMA"
"C301006100423_BD","MR.P HONEY ROASTED PEANUTS 60X40GR","1","MFB","BAD","66","PT.MITRASATRYA PERKASAUTAMA"
"C301006100424","MR.P CHILI ROASTED PEANUTS 60X40GR","1","MFB","GOOD","66","PT.MITRASATRYA PERKASAUTAMA"
"C301006100424_BD","MR.P CHILI ROASTED PEANUTS 60X40GR","1","MFB","BAD","66","PT.MITRASATRYA PERKASAUTAMA"
"C301006100425","MR.P ORI GARLIC PEANUTS 60X40GR","1","MFB","GOOD","66","PT.MITRASATRYA PERKASAUTAMA"
"C301006100425_BD","MR.P ORI GARLIC PEANUTS 60X40GR","1","MFB","BAD","66","PT.MITRASATRYA PERKASAUTAMA"
"C301006100426","MR.P MIX NUTS 30X80GR","1","MFB","GOOD","66","PT.MITRASATRYA PERKASAUTAMA"
"C301006100426_BD","MR.P MIX NUTS 30X80GR","1","MFB","BAD","66","PT.MITRASATRYA PERKASAUTAMA"
"C301006100427","MR.P PREMIUM MIX NUTS 40X40GR","1","MFB","GOOD","66","PT.MITRASATRYA PERKASAUTAMA"
"C301006100428","MR.P PREMIUM MIX NUTS 20X130GR","1","MFB","GOOD","66","PT.MITRASATRYA PERKASAUTAMA"
"C301006100429","MR.P DRY ROASTED MACADAMIAS-SALT 40X40GR","1","MFB","GOOD","66","PT.MITRASATRYA PERKASAUTAMA"
"C301006100429_BD","MR.P DRY ROASTED MACADAMIAS-SALT 40X40GR","1","MFB","BAD","66","PT.MITRASATRYA PERKASAUTAMA"
"C301006100430","MR.P DRY ROASTED MACADAMIAS-SALT 20X100GR","1","MFB","GOOD","66","PT.MITRASATRYA PERKASAUTAMA"
"C301006100431","MR.P DRY ROASTED PITACHIOS-SALT 40X40GR","1","MFB","GOOD","66","PT.MITRASATRYA PERKASAUTAMA"
"C301006100432","MR.P DRY ROASTED PITACHIOS-SALTD 20X130GR","1","MFB","GOOD","66","PT.MITRASATRYA PERKASAUTAMA"
"C301006100433","MR.P DRY ROASTED ALMONDS-SALT 40X40GR","1","MFB","GOOD","66","PT.MITRASATRYA PERKASAUTAMA"
"C301006100434","MR.P DRY ROASTED ALMONDS-SALT 20X130GR","1","MFB","GOOD","66","PT.MITRASATRYA PERKASAUTAMA"
"C301006100435","MR.P MILK SUNFLOWER SEED 120X30GR","1","MFB","GOOD","66","PT.MITRASATRYA PERKASAUTAMA"
"C301006100435_BD","MR.P MILK SUNFLOWER SEED 120X30GR","1","MFB","BAD","66","PT.MITRASATRYA PERKASAUTAMA"
"C301006100436","BHIMA KUACI ORIGINAL 12X10X23G (EXTRA 1)","1","MFB","GOOD","66","PT.MITRASATRYA PERKASAUTAMA"
"C301006100436_BD","MR.P ORI SUNFLOWER SEED 120X30GR","1","MFB","BAD","66","PT.MITRASATRYA PERKASAUTAMA"
"C301006100437","BHIMA ORIGINAL SUNFLOWER SEED 6X6X70G","1","MFB","GOOD","66","PT.MITRASATRYA PERKASAUTAMA"
"C301006100437_BD","MR.P ORI SUNFLOWER SEED 36X70GR","1","MFB","BAD","66","PT.MITRASATRYA PERKASAUTAMA"
"C301006100438","MR.P ORI SUNFLOWER SEED 30X150GR","1","MFB","GOOD","66","PT.MITRASATRYA PERKASAUTAMA"
"C301006100438_BD","MR.P ORI SUNFLOWER SEED 30X150GR","1","MFB","BAD","66","PT.MITRASATRYA PERKASAUTAMA"
"C301006100439","MR.P CAFE LATTE SUNFLOWER SEED 36X70GR","1","MFB","GOOD","66","PT.MITRASATRYA PERKASAUTAMA"
"C301006100440","MR.P CAFE LATTE SUNFLOWER SEED 30X150GR","1","MFB","GOOD","66","PT.MITRASATRYA PERKASAUTAMA"
"C301006100441","MR.P SEA SALT SUNFLOWER SEED 36X70GR","1","MFB","GOOD","66","PT.MITRASATRYA PERKASAUTAMA"
"C301006100442","MR.P SEA SALT SUNFLOWER SEED 30X150GR","1","MFB","GOOD","66","PT.MITRASATRYA PERKASAUTAMA"
"C301006PAB013","MR.P PLUS AYAM BAWANG 1X10X13GR","1","MFB","GOOD","66","PT.MITRASATRYA PERKASAUTAMA"
"C301006PAB013_BD","MR.P PLUS AYAM BAWANG 1X10X13GR","1","MFB","BAD","66","PT.MITRASATRYA PERKASAUTAMA"
"C301006PAO033","MR.P ATOM COATED PANUT ORI 1X10X33G","1","MFB","GOOD","66","PT.MITRASATRYA PERKASAUTAMA"
"C301006PAO033_BD","MR.P ATOM COATED PANUT ORI 1X10X33G","1","MFB","BAD","66","PT.MITRASATRYA PERKASAUTAMA"
"C301006PAP033","ATOM COATED PEANUTS CHILI 1X10X33G","1","MFB","GOOD","66","PT.MITRASATRYA PERKASAUTAMA"
"C301006PAP033_BD","ATOM COATED PEANUTS CHILI 1X10X33G","1","MFB","BAD","66","PT.MITRASATRYA PERKASAUTAMA"
"C301006PRP013","MR.P PLUS PEDAS 1X10X13G","1","MFB","GOOD","66","PT.MITRASATRYA PERKASAUTAMA"
"C301006PRP013_BD","MR.P PLUS PEDAS 1X10X13G","1","MFB","BAD","66","PT.MITRASATRYA PERKASAUTAMA"
"C301006PSP013","MR.PLUS SAPI PANGGANG 1X10X13G","1","MFB","GOOD","66","PT.MITRASATRYA PERKASAUTAMA"
"C301006PSP013_BD","MR.PLUS SAPI PANGGANG 1X10X13G","1","MFB","BAD","66","PT.MITRASATRYA PERKASAUTAMA"
"CCBB001","CHOCHO BALLS BOX 6X20X20G","1","MFB","GOOD","DP","DOLPHIN PT"
"CCBB001_BD","CHOCHO BALLS BOX 6X20X20G","1","MFB","BAD","DP","DOLPHIN PT"
"CCBF001","CHO CHO BUTTERFLY 6X12X30GR","1","MFB","GOOD","DP","DOLPHIN PT"
"CCBF001_BD","CHO CHO BUTTERFLY 6X12X30GR","1","MFB","BAD","DP","DOLPHIN PT"
"CCBL001","CHO CHO BALL 12X10X20GR","0","MFB","GOOD","DP","DOLPHIN PT"
"CCBL001_BD","CHO CHO BALL 12X10X20GR","1","MFB","BAD","DP","DOLPHIN PT"
"CCBP001","CHO CHO BALLS POUCH 12BGX500GR","1","MFB","GOOD","DP","DOLPHIN PT"
"CCCV001_BD","CHO CHO CREPES VANILLA BOX 24X50GR","1","MFB","BAD","DP","DOLPHIN PT"
"CCCV002_BD","CHO CHO CREPES VANILLA SACHET 6X20","1","MFB","BAD","DP","DOLPHIN PT"
"CCHD001","CHO CHO HAZELNUT DIP 4X6X25GR","1","MFB","GOOD","DP","DOLPHIN PT"
"CCHD001_BD","CHO CHO HAZELNUT DIP 4X6X25GR","1","MFB","BAD","DP","DOLPHIN PT"
"CCJG001","CHO CHO JOY GT 4X6X20G","1","MFB","GOOD","DP","DOLPHIN PT"
"CCJG001_BD","CHO CHO JOY GT 4X6X20G","1","MFB","BAD","DP","DOLPHIN PT"
"CCJJ001","CHO CHO JOY JUMBO 2X6X50G","1","MFB","GOOD","DP","DOLPHIN PT"
"CCJJ001_BD","CHO CHO JOY JUMBO 2X6X50G","1","MFB","BAD","DP","DOLPHIN PT"
"CCJM001","CHO CHO JOY MINI 4X12X20G","1","MFB","GOOD","DP","DOLPHIN PT"
"CCJM001_BD","CHO CHO JOY MINI 4X12X20G","1","MFB","BAD","DP","DOLPHIN PT"
"CCJP001","CHO CHO JOY PACK 10X3X20GR","1","MFB","GOOD","DP","DOLPHIN PT"
"CCJP001_BD","CHO CHO JOY PACK 10X3X20GR","1","MFB","BAD","DP","DOLPHIN PT"
"CCJS001","CHO CHOC JOY SUPER 2X6X30GR","1","MFB","GOOD","DP","DOLPHIN PT"
"CCJS001_BD","CHO CHOC JOY SUPER 2X6X40GR","1","MFB","BAD","DP","DOLPHIN PT"
"CCKB001","CHO CHO KU BAG 20X10","1","MFB","GOOD","DP","DOLPHIN PT"
"CCKB001_BD","CHO CHO KU BAG 20X10","1","MFB","BAD","DP","DOLPHIN PT"
"CCKR001","CHOCHO KARAMELO BOX 12X12X20G","1","MFB","GOOD","DP","DOLPHIN PT"
"CCKR001_BD","CHOCHO KARAMELO BOX 12X12X20G","1","MFB","BAD","DP","DOLPHIN PT"
"CCLC001","CHOCHO LOLLIPOP CHOCOLATE 12X12X18G","1","MFB","GOOD","DP","DOLPHIN PT"
"CCLC001_BD","CHOCHO LOLLIPOP CHOCOLATE 12X12X18G","1","MFB","BAD","DP","DOLPHIN PT"
"CCLY001","CHO CHO LOLY 8X24X8G","1","MFB","GOOD","DP","DOLPHIN PT"
"CCLY001_BD","CHO CHO LOLY 8X24X8GR","1","MFB","BAD","DP","DOLPHIN PT"
"CCLY002","CHO CHO LOLY STRAW 8X24X8G","1","MFB","GOOD","DP","DOLPHIN PT"
"CCLY002_BD","CHO CHO LOLY STRAW 8X24X8GR","1","MFB","BAD","DP","DOLPHIN PT"
"CCMC001","CHO CHO MILK CHOCOLATE WAFER BOX 6X24","0","MFB","GOOD","DP","DOLPHIN PT"
"CCMC001_BD","CHO CHO MILK CHOCOLATE WAFER BOX 6X24","1","MFB","BAD","DP","DOLPHIN PT"
"CCMC002","CHO CHO MILK CHOCOLATE 12X12X20GR","1","MFB","GOOD","DP","DOLPHIN PT"
"CCMC002_BD","CHO CHO MILK CHOCOLATE 12X12X25GR","1","MFB","BAD","DP","DOLPHIN PT"
"CCMM001","CHOCHO MILK CHOC MINI BX 24X24X8","1","MFB","GOOD","DP","DOLPHIN PT"
"CCMM001_BD","CHOCHO MILK CHOC MINI BX 24X24X8","1","MFB","BAD","DP","DOLPHIN PT"
"CCMM002","CHOCHO MILK CHOC MINI BX 12X24X7","1","MFB","GOOD","DP","DOLPHIN PT"
"CCMM002_BD","CHOCHO MILK CHOC MINI BX 12X24X7","1","MFB","BAD","DP","DOLPHIN PT"
"CCMM003","CHOCHO MILK WHITE MINI BX 24X24X7","1","MFB","GOOD","DP","DOLPHIN PT"
"CCMM003_BD","CHOCHO MILK WHITE MINI BX 24X24X7","1","MFB","BAD","DP","DOLPHIN PT"
"CCMN002","CHO CHO MILK MINI JAR 12X24X8GR","1","MFB","GOOD","DP","DOLPHIN PT"
"CCMN002_BD","CHO CHO MILK MINI JAR 12X24","1","MFB","BAD","DP","DOLPHIN PT"
"CCMP001","CHO CHO METEORA POUCH 6BGX1 KG","0","MFB","GOOD","DP","DOLPHIN PT"
"CCMR001","CHO CHO MEISES RENCENG 8X30X8GR EXT 1PC","1","MFB","GOOD","DP","DOLPHIN PT"
"CCMR001_BD","CHO CHO MEISES RENCENG 8X30X8GR EXT 1PC","1","MFB","BAD","DP","DOLPHIN PT"
"CCMR002","CHO MEISES RENCENG MIX 8X30X7GR","1","MFB","GOOD","DP","DOLPHIN PT"
"CCMR002_BD","CHO MEISES RENCENG MIX 8X30X7GR","1","MFB","BAD","DP","DOLPHIN PT"
"CCMT001","CHO CHO METEORA SMALL SCH 12X24X8GR","1","MFB","GOOD","DP","DOLPHIN PT"
"CCMT001_BD","CHO CHO METEORA SMALL SCH 12X24X8GR","1","MFB","BAD","DP","DOLPHIN PT"
"CCMT002","CHO CHO METEORA BIG SCH 6X12X45GR","0","MFB","GOOD","DP","DOLPHIN PT"
"CCMT002_BD","CHO CHO METEORA BIG SCH 6X12X45GR","1","MFB","BAD","DP","DOLPHIN PT"
"CCMT003","CHO CHO METEORA BOX 6X12X35GR","0","MFB","GOOD","DP","DOLPHIN PT"
"CCMT003_BD","CHO CHO METEORA BOX 6X12X35GR","1","MFB","BAD","DP","DOLPHIN PT"
"CCMT004","CHO CHO METEORA BAG 6X24X16GR","1","MFB","GOOD","DP","DOLPHIN PT"
"CCMT004_BD","CHO CHO METEORA BAG 6X24X16GR","1","MFB","BAD","DP","DOLPHIN PT"
"CCMT005","CHO CHO METEORA PCH 12PCHX500GR","0","MFB","GOOD","DP","DOLPHIN PT"
"CCMW001","CHO CHO MAXI WHITE 12X24X20","0","MFB","GOOD","DP","DOLPHIN PT"
"CCMW001_BD","CHO CHO MAXI WHITE 12X24X20","1","MFB","BAD","DP","DOLPHIN PT"
"CCNB001","CHO CHO CMPND NICEBAR 24X250GR","1","MFB","GOOD","DP","DOLPHIN PT"
"CCNB001_BD","CHO CHO CMPND NICEBAR 24X250GR","1","MFB","BAD","DP","DOLPHIN PT"
"CCPL001","CHOCOLATE PASTA LUNCH BX 12X40X12G","1","MFB","GOOD","DP","DOLPHIN PT"
"CCPL001_BD","CHOCOLATE PASTA LUNCH BX 12X40X12G","1","MFB","BAD","DP","DOLPHIN PT"
"CCRJ001","CHOCHO CHOCOLATE RICE JAR 24X200G","1","MFB","GOOD","DP","DOLPHIN PT"
"CCRJ001_BD","CHOCHO CHOCOLATE RICE JAR 24X200G","1","MFB","BAD","DP","DOLPHIN PT"
"CCRL001","CHO CHO WAFER STICK SINGLE","1","MFB","GOOD","DP","DOLPHIN PT"
"CCRL001_BD","CHO CHO CIGAR ROLL","1","MFB","BAD","DP","DOLPHIN PT"
"CCSB001","CHO CHO SNACK CHOCLATE BAG 12X10X15G","1","MFB","GOOD","DP","DOLPHIN PT"
"CCSB001_BD","CHO CHO SNACK CHOCLATE BAG 12X10X15G","1","MFB","BAD","DP","DOLPHIN PT"
"CCSB002","CHO CHO SNACK STRAWBERRY BAG 12X10X15G","1","MFB","GOOD","DP","DOLPHIN PT"
"CCSB002_BD","CHO CHO SNACK STRAWBERRY 12X10X15G","1","MFB","BAD","DP","DOLPHIN PT"
"CCSB003","CHOCHO SNACK CHOCOLATE MEISES BAG 12X10X15G","1","MFB","GOOD","DP","DOLPHIN PT"
"CCSB003_BD","CHOCHO SNACK CHOCOLATE MEISES BAG 12X10X15G","1","MFB","BAD","DP","DOLPHIN PT"
"CCSB004","CHO CHO SNACK CHO VANILLA BAG 12X10X15G","1","MFB","GOOD","DP","DOLPHIN PT"
"CCSB004_BD","CHO CHO SNACK CHO VANILLA BAG 12X10X15G","1","MFB","BAD","DP","DOLPHIN PT"
"CCSB005","CHOCHO SEMPRONG BAG 4BX6PCX85GR","1","MFB","GOOD","DP","DOLPHIN PT"
"CCSB005_BD","CHOCHO SEMPRONG BAG 4BX6PCX85GR","1","MFB","BAD","DP","DOLPHIN PT"
"CCSM001","CHOCHO SNACK CHO MEISES 12X10X15G SANRIO","1","MFB","GOOD","DP","DOLPHIN PT"
"CCSM001_BD","CHOCHO SNACK CHO MEISES 12X10X15G SANRIO","1","MFB","BAD","DP","DOLPHIN PT"
"CCSO001","CHOCHO SNACK CHO 12X10X15GR SANRIO","1","MFB","GOOD","DP","DOLPHIN PT"
"CCSO001_BD","CHOCHO SNACK CHO 12X10X15GR SANRIO","1","MFB","BAD","DP","DOLPHIN PT"
"CCSS001","CHOCHO CHO STRW 12X10X15G SANRIO","1","MFB","GOOD","DP","DOLPHIN PT"
"CCSS001_BD","CHOCHO CHO STRW 12X10X15G SANRIO","1","MFB","BAD","DP","DOLPHIN PT"
"CCSV001","CHOCHO SNACK CHO VAN 12X10X15GR SANRIO","1","MFB","GOOD","DP","DOLPHIN PT"
"CCSV001_BD","CHOCHO SNACK CHO VAN 12X10X15GR SANRIO","1","MFB","BAD","DP","DOLPHIN PT"
"CCSW001","CHOCHO STRAWBERY BOX 24X24X7G","1","MFB","GOOD","DP","DOLPHIN PT"
"CCSW001_BD","CHOCHO STRAWBERY BOX 24X24X7G","1","MFB","BAD","DP","DOLPHIN PT"
"CCWC001","CHOCHO WS COOKIES&CREAM 6X10X33G","1","MFB","GOOD","DP","DOLPHIN PT"
"CCWC001_BD","CHOCHO WS COOKIES&CREAM 6X10X33G","1","MFB","BAD","DP","DOLPHIN PT"
"CCWR001","CHO CHO WAFER ROLL COOKIES &CREAM 500G","1","MFB","GOOD","DP","DOLPHIN PT"
"CCWR001_BD","CHO CHO WAFER ROLL COOKIES &CREAM 500G","1","MFB","BAD","DP","DOLPHIN PT"
"CCWR002","CHO CHO WAFER ROLL SEMPRONG 6X300G","1","MFB","GOOD","DP","DOLPHIN PT"
"CCWR002_BD","CHO CHO WAFER ROLL SEMPRONG 6X300G","1","MFB","BAD","DP","DOLPHIN PT"
"CCWS001","CHO CHO WAFER SNACK ASSORTED 8X6","1","MFB","GOOD","DP","DOLPHIN PT"
"CCWS001_BD","CHO CHO WAFER SNACK ASSORTED 8X6","1","MFB","BAD","DP","DOLPHIN PT"
"CCXS001","CHO CHO XXTRA SINGLE 12X20X14GR","1","MFB","GOOD","DP","DOLPHIN PT"
"CDCW001","CHO DUO CHOC WHITE JAR 6X50X20gr","0","MFB","GOOD","DP","DOLPHIN PT"
"COBD001_BD","CHO CHO BIS DUPLEK 18GR 12 X 10PC","1","MFB","BAD","DP","DOLPHIN PT"
"COBR001_BD","CHO CHO BIS RENCENG 25 gr","1","MFB","BAD","DP","DOLPHIN PT"
"COBW001_BD","CHO OLE BALL BLACK &WHITE 25GR","1","MFB","BAD","DP","DOLPHIN PT"
"COCC001","CHO CHO CHOCOLATE 123 12GR","0","MFB","GOOD","DP","DOLPHIN PT"
"COCC001_BD","CHO CHO CHOCOLATE 123 12GR","1","MFB","BAD","DP","DOLPHIN PT"
"COCC002","CHO CHO CHOCOLATE 123 JAR","0","MFB","GOOD","DP","DOLPHIN PT"
"COCC002_BD","CHO CHO CHOCOLATE 123 JAR","1","MFB","BAD","DP","DOLPHIN PT"
"COCC003","CHO CHO 123 10X60X3.2GR","1","MFB","GOOD","DP","DOLPHIN PT"
"COCC003_BD","CHO CHO 123 10X60X3.2GR","1","MFB","BAD","DP","DOLPHIN PT"
"COCM002","CHO MEISES COKLAT 24 x 200 GR","1","MFB","GOOD","DP","DOLPHIN PT"
"COCM002_BD","CHO MEISES COKLAT 24 x 200 GR","1","MFB","BAD","DP","DOLPHIN PT"
"COCR001","CHO CHO CERUTTOS 6X24X12GR","0","MFB","GOOD","DP","DOLPHIN PT"
"COCR001_BD","CHO CHO CERUTTOS 6X24X12GR","1","MFB","BAD","DP","DOLPHIN PT"
"COKR001","CHO CHO KARAMELLO BOX   6X24X20G","1","MFB","GOOD","DP","DOLPHIN PT"
"COKR001_BD","CHO CHO KARAMELLO 6X24PC","1","MFB","BAD","DP","DOLPHIN PT"
"COKR002","CHO CHO KARAMELLO RCG 12X12PC","0","MFB","GOOD","DP","DOLPHIN PT"
"COKR002_BD","CHO CHO KARAMELLO RCNG 12X12PC","1","MFB","BAD","DP","DOLPHIN PT"
"COKR003","CHO CHO KARAMELO 12X24X12G","1","MFB","GOOD","DP","DOLPHIN PT"
"COKR003_BD","CHO CHO KARAMELO 12X24X12G","1","MFB","BAD","DP","DOLPHIN PT"
"COKU001","CHO CHO KU 15 gr 20 x 10 PC","0","MFB","GOOD","DP","DOLPHIN PT"
"COKU001_BD","CHO CHO KU 15 gr","1","MFB","BAD","DP","DOLPHIN PT"
"COKU002_BD","CHO CHO KU BOX 6X36PC","1","MFB","BAD","DP","DOLPHIN PT"
"COMC001","CHO CHO MILK CKLT 13 gr 20 x 25 PC","0","MFB","GOOD","DP","DOLPHIN PT"
"COMC001_BD","CHO CHO MILK CKT 14 gr","1","MFB","BAD","DP","DOLPHIN PT"
"COMC002","CHO CHO MILK COKLAT 18 GR 20 x 50s","1","MFB","GOOD","DP","DOLPHIN PT"
"COMC002_BD","CHO CHO MILK COKLAT 18GR 20X50S","1","MFB","BAD","DP","DOLPHIN PT"
"COMC003","CHO CHO MILK WHITE SMALL 25/BOX 14GR","0","MFB","GOOD","DP","DOLPHIN PT"
"COMC003_BD","CHO CHO MILK WHITE SMALL 25/BOX 14 GR","1","MFB","BAD","DP","DOLPHIN PT"
"COMC004","CHO CHO MAXI CHOCO 12X24X20GR","0","MFB","GOOD","DP","DOLPHIN PT"
"COMC004_BD","CHO CHO MAXI CHOCO 12X24X20GR","1","MFB","BAD","DP","DOLPHIN PT"
"COMC005","CHO CHO MILK CHOCO SMALL 20X24","0","MFB","GOOD","DP","DOLPHIN PT"
"COMC005_BD","CHO CHO MILK CHOCO SMALL 20X24","1","MFB","BAD","DP","DOLPHIN PT"
"COMC006","CHO CHO MILK WHITE SMALL 24/BOX 14GR","0","MFB","GOOD","DP","DOLPHIN PT"
"COMC006_BD","CHO CHO MILK WHITE SMALL 24/BOX 14GR","1","MFB","BAD","DP","DOLPHIN PT"
"COMC007","CHO CHO MILK 20X50 BANDED","0","MFB","GOOD","DPMT","PT.DOLPHIN MODERN TRADE"
"COMC007_BD","CHO CHO MILK 20X50 BANDED","1","MFB","BAD","DPMT","PT.DOLPHIN MODERN TRADE"
"COMC008","CHO CHO MILK 10X24X12GR","0","MFB","GOOD","DP","DOLPHIN PT"
"COMC009","CHO CHO MILK CHOCO 1000 10X24X13GR","1","MFB","GOOD","DP","DOLPHIN PT"
"COMC009_BD","CHO CHO MILK CHOCO 1000 10X24X13GR","1","MFB","BAD","DP","DOLPHIN PT"
"COMC010","CHO CHO MILK WHITE 1000 10X24X20GR","0","MFB","GOOD","DP","DOLPHIN PT"
"COMC010_BD","CHO CHO MILK WHITE 1000 10X24X20GR","1","MFB","BAD","DP","DOLPHIN PT"
"COMC011","CHO CHO MILK CHOCO 12X24X10GR (1000)","1","MFB","GOOD","DP","DOLPHIN PT"
"COMC011_BD","CHO CHO MILK CHOCO 12X24X10GR","1","MFB","BAD","DP","DOLPHIN PT"
"COMS001","CHOCHO MILK STRAWBERRY 12X24X10GR","1","MFB","GOOD","DP","DOLPHIN PT"
"COMS001_BD","CHOCHO MILK STRAWBERRY 12X24X10GR","1","MFB","BAD","DP","DOLPHIN PT"
"COMW001","CHO CHO MILK WAFER 12GR 6X24","1","MFB","GOOD","DP","DOLPHIN PT"
"COMW001_BD","CHO CHO MILK WAFER 12GR 6X24","1","MFB","BAD","DP","DOLPHIN PT"
"COMW002","CHO MILK WAFER CHOCOLATE 8X24X16","1","MFB","GOOD","DP","DOLPHIN PT"
"COMW002_BD","CHO MILK WAFER CHOCOLATE 8X24X16","1","MFB","BAD","DP","DOLPHIN PT"
"CONB001","CHO CHO NYEM LAYER BIG 10 gr 40 x 10 PC","0","MFB","GOOD","DP","DOLPHIN PT"
"CONB001_BD","CHO CHO NYEM LAYER BIG 10 gr","1","MFB","BAD","DP","DOLPHIN PT"
"CONL001","CHO NYEM LONGSTICK TPL 12x50pc","1","MFB","GOOD","DP","DOLPHIN PT"
"CONL001_BD","CHO NYEM LONGSTICK TPL 11 GR","1","MFB","BAD","DP","DOLPHIN PT"
"CONL002","CHO NYEM LONGSTICK TPL 11GR 12x24pc","0","MFB","GOOD","DP","DOLPHIN PT"
"CONL002_BD","CHO NYEM LONGSTICK TPL 11GR 12x24pc","1","MFB","BAD","DP","DOLPHIN PT"
"CONL003","CHO CHO NYEM LONG 12JARX36","0","MFB","GOOD","DP","DOLPHIN PT"
"CONL003_BD","CHO CHO NYEM LONG 12JARX36","1","MFB","BAD","DP","DOLPHIN PT"
"CONL005","CHO NYEMNYEM CHOCOLATE CUP 12X50","1","MFB","GOOD","DP","DOLPHIN PT"
"CONL005_BD","CHO NYEMNYEM CHOCOLATE CUP 12X50","1","MFB","BAD","DP","DOLPHIN PT"
"COOB001_BD","CHO OLE BAG BSR 65 GR","1","MFB","BAD","DP","DOLPHIN PT"
"COPB001","CHO CHO PILLOW BIGSIZE (HEXAGONAL) 32GR 10x3pc","1","MFB","GOOD","DP","DOLPHIN PT"
"COPB001_BD","CHO CHO PILLOW BIGSIZE (HEXAGONAL) 32 GR","1","MFB","BAD","DP","DOLPHIN PT"
"COPB002","CHO-CHO PILOW BIGSIZE 6X6X28GR BERHADIAH","1","MFB","GOOD","DP","DOLPHIN PT"
"COPB002_BD","CHO-CHO PILOW BIGSIZE 6X6X32GR BERHADIAH","1","MFB","BAD","DP","DOLPHIN PT"
"COPB003","CHO CHO PILLOW BIGSIZE 6X6X28G /6PC","0","MFB","GOOD","DP","DOLPHIN PT"
"COPB003_BD","CHO CHO PILLOW BIGSIZE 6X6X28G /6PC","1","MFB","BAD","DP","DOLPHIN PT"
"CORC001_BD","CHO CHO CREPES 24 X 50GR","1","MFB","BAD","DP","DOLPHIN PT"
"CORC002_BD","CHO CHO BANANA CREPES 6x20x25gr","1","MFB","BAD","DP","DOLPHIN PT"
"CORC003","CHO CHO CREPES VANILA 6X20X25GR","0","MFB","GOOD","DP","DOLPHIN PT"
"CORC003_BD","CHO CHO CREPES VANILA 6X20X25GR","1","MFB","BAD","DP","DOLPHIN PT"
"COSKB","MYA SIANGPURE BOTOL 25ML RED","1","MFB","GOOD","77","PT SENTOSA KARYA GEMILANG"
"COSN001","CHO CHO SNACK 25 GR 12x12pc","1","MFB","GOOD","DP","DOLPHIN PT"
"COSN001_BD","CHO CHO SNACK 25 GR","1","MFB","BAD","DP","DOLPHIN PT"
"COWC001","CHO WS COKLAT TPL 260gr 12 x 60 PC","1","MFB","GOOD","DP","DOLPHIN PT"
"COWC001_BD","CHO WS COKLAT TPL 260 gr","1","MFB","BAD","DP","DOLPHIN PT"
"COWC002","CHO WS COKLAT TPL 500 gr 6 x 130 PC","1","MFB","GOOD","DP","DOLPHIN PT"
"COWC002_BD","CHO WS COKLAT TPL 500 gr","1","MFB","BAD","DP","DOLPHIN PT"
"COWC003","CHO WFR SNACK COK-CHEESE 35 gr 6x10pc","1","MFB","GOOD","DP","DOLPHIN PT"
"COWC003_BD","CHO WFR SNACK COK-CHEESE 40 gr 6x10pc","1","MFB","BAD","DP","DOLPHIN PT"
"COWC004","COCO WFR CRISPY","0","MFB","GOOD","DP","DOLPHIN PT"
"COWC005","CHO WS KURMA TPL 600 gr 6 x 130 PC","0","MFB","GOOD","DP","DOLPHIN PT"
"COWC005_BD","CHO WS KURMA TPL 700 gr 6 x 130 PC","1","MFB","BAD","DP","DOLPHIN PT"
"COWC006","CHO WFR SNACK COK-MEISES 35 gr 6x10pc","1","MFB","GOOD","DP","DOLPHIN PT"
"COWC006_BD","CHO WFR SNACK COK-MEISES","1","MFB","BAD","DP","DOLPHIN PT"
"COWC010","CHO CHO SNACK CHOCOLAT TRAY 12X10X15G","1","MFB","GOOD","DP","DOLPHIN PT"
"COWC010_BD","CHO CHO SNACK CHOCOLAT 12X10X20G","1","MFB","BAD","DP","DOLPHIN PT"
"COWD001","CHO WS COCONUT TPL 260 gr 12 x 60 PC","1","MFB","GOOD","DP","DOLPHIN PT"
"COWD001_BD","CHO WS COCONUT TPL 260 gr 12 x 60 PC","1","MFB","BAD","DP","DOLPHIN PT"
"COWF001","CHO WS REFIL COKLAT 500 gr 4 x100 PC","1","MFB","GOOD","DP","DOLPHIN PT"
"COWF001_BD","CHO WS REFIL COKLAT 500 gr","1","MFB","BAD","DP","DOLPHIN PT"
"COWF002","CHO WAFER STICK REFILL MIX 4X500G","0","MFB","GOOD","DP","DOLPHIN PT"
"COWF002_BD","CHO WAFER STICK REFILL MIX 4X500G","1","MFB","BAD","DP","DOLPHIN PT"
"COWJ001","CHO WS RADJA 670 gr 6 x 130 PC","1","MFB","GOOD","DP","DOLPHIN PT"
"COWJ001_BD","CHO WS RADJA 670 gr 6 x 130 PC","1","MFB","BAD","DP","DOLPHIN PT"
"COWK001","CHO WFR SNACK COK-CRISPY 29 gr 6x10pc","1","MFB","GOOD","DP","DOLPHIN PT"
"COWK001_BD","CHO WFR SNACK COK-CRISPY 50 gr","1","MFB","BAD","DP","DOLPHIN PT"
"COWM001","CHO WS KOMBINASI RFL 500 gr 4 x 100 PC","1","MFB","GOOD","DP","DOLPHIN PT"
"COWM001_BD","CHO WS KOMBINASI RFL 500 gr","1","MFB","BAD","DP","DOLPHIN PT"
"COWP001","CHO WS CAPPUCINO TPL 500 gr 6 x 130 PC","1","MFB","GOOD","DP","DOLPHIN PT"
"COWP001_BD","CHO WS CAPPUCCINNO TPL 700 gr","1","MFB","BAD","DP","DOLPHIN PT"
"COWR001","CHO CHO WS RATU 6 x 320 gr","1","MFB","GOOD","DP","DOLPHIN PT"
"COWR001_BD","CHO CHO WS RATU 375 gr","1","MFB","BAD","DP","DOLPHIN PT"
"COWR002","CHO CHO WS RATU STRAW6 x 320 gr","1","MFB","GOOD","DP","DOLPHIN PT"
"COWR002_BD","CHO CHO WS RATU STRAW6 x 375 gr","1","MFB","BAD","DP","DOLPHIN PT"
"COWR003","CHOCHO MILK WAFER CREAM 8X24X16G","0","MFB","GOOD","DP","DOLPHIN PT"
"COWR011","CHO CHO SNACK STRAW 12X10X20GR","1","MFB","GOOD","DP","DOLPHIN PT"
"COWR011_BD","CHO CHO SNACK STRAW 12X10X20GR","1","MFB","BAD","DP","DOLPHIN PT"
"COWS001","CHO WFR SNACK COK-STRAW 35 gr 6x10pc","1","MFB","GOOD","DP","DOLPHIN PT"
"COWS001_BD","CHO WFR SNACK COK-STRAW 50 gr","1","MFB","BAD","DP","DOLPHIN PT"
"COWS002","CHO CHO SNACK CRISPY 12X12X6GR","1","MFB","GOOD","DP","DOLPHIN PT"
"COWS002_BD","CHO CHO SNACK CRISPY 12X12X6GR","1","MFB","BAD","DP","DOLPHIN PT"
"COWS003","CHO CHO SNACK MIX 12X12","0","MFB","GOOD","DP","DOLPHIN PT"
"COWS003_BD","CHO CHO SNACK MIX 12X12","1","MFB","BAD","DP","DOLPHIN PT"
"COWS004","CHO WS TWIN CAPPUCINO 6X500GR","1","MFB","GOOD","DP","DOLPHIN PT"
"COWS004_BD","CHO WS TWIN CAPPUCINO 6X600GR","1","MFB","BAD","DP","DOLPHIN PT"
"COWS005","CHO WS TWIN TIRAMISU 6X500GR","1","MFB","GOOD","DP","DOLPHIN PT"
"COWS005_BD","CHO WS TWIN TIRAMISU 6X600GR","1","MFB","BAD","DP","DOLPHIN PT"
"COWS006","CHO CHO SNACK STRAW 12X12X20GR","0","MFB","GOOD","DP","DOLPHIN PT"
"COWS006_BD","CHO CHO SNACK STRAW 12X12X20GR","1","MFB","BAD","DP","DOLPHIN PT"
"COWS007","CHO CHO SNACK VANILLA 12X12X20GR","0","MFB","GOOD","DP","DOLPHIN PT"
"COWS007_BD","CHO CHO SNACK VANILLA 12X12X20GR","1","MFB","BAD","DP","DOLPHIN PT"
"COWS008","CHO CHO SNACK MEISES 12X12X20GR","0","MFB","GOOD","DP","DOLPHIN PT"
"COWS008_BD","CHO CHO SNACK MEISES 12X12X20GR","1","MFB","BAD","DP","DOLPHIN PT"
"COWS009","CHO CHO SNACK CHOCOLATE 12X12X20GR","0","MFB","GOOD","DP","DOLPHIN PT"
"COWS009_BD","CHO CHO SNACK CHOCOLATE 12X12X20GR","1","MFB","BAD","DP","DOLPHIN PT"
"COWS010","CHO CHO SNACK MEISES TRAY  12X10X15GR","1","MFB","GOOD","DP","DOLPHIN PT"
"COWS010_BD","CHO CHO SNACK MEISES 12X10X20GR","1","MFB","BAD","DP","DOLPHIN PT"
"COWS011","CHO CHO SNACK STRAW TRAY  12X10X15GR","1","MFB","GOOD","DP","DOLPHIN PT"
"COWS011_BD","CHO CHO SNACK STRAW 12X10X20GR","1","MFB","BAD","DP","DOLPHIN PT"
"COWS012","CHO CHO WAFER STICK CHOCOLATE PREMIUM 12X350GR","0","MFB","GOOD","DP","DOLPHIN PT"
"COWS012_BD","CHO CHO WAFER STICK CHOCOLATE PREMIUM 12X350GR","1","MFB","BAD","DP","DOLPHIN PT"
"COWS015","A WAFER ROLL CHOCOLATE 500GR","1","MFB","GOOD","DP","DOLPHIN PT"
"COWS015_BD","A WAFER ROLL CHOCOLATE 600GR","1","MFB","BAD","DP","DOLPHIN PT"
"COWS016","CHOCHO WS COKIES&CREAM BOX 65GR","0","MFB","GOOD","DP","DOLPHIN PT"
"COWT001","CHO WS STRAW TPL 260 gr 12 x 60 PC","1","MFB","GOOD","DP","DOLPHIN PT"
"COWT001_BD","CHO WS STRAW TPL 260 gr","1","MFB","BAD","DP","DOLPHIN PT"
"COWT002","CHO WS TIRAMISU TPL 260 gr 12 x 60 PC","1","MFB","GOOD","DP","DOLPHIN PT"
"COWT002_BD","CHO WS TIRAMISU TPL 260 gr 12 x 60 PC","1","MFB","BAD","DP","DOLPHIN PT"
"COWV001","CHO WFR SNACK COK-VAN 35gr 6x10pc","1","MFB","GOOD","DP","DOLPHIN PT"
"COWV001_BD","CHO WFR SNACK COK-VAN 50 gr","1","MFB","BAD","DP","DOLPHIN PT"
"COWV012","CHO CHO SNACK VANILLA TRAY 12X10X15GR","1","MFB","GOOD","DP","DOLPHIN PT"
"COWV012_BD","CHO CHO SNACK VANILLA 12X10X20GR","1","MFB","BAD","DP","DOLPHIN PT"
"CQERA","QERIK HANGER (BLISTER)","1","MFB","GOOD","77","PT SENTOSA KARYA GEMILANG"
"CQERB","QERIK DUS","1","MFB","GOOD","77","PT SENTOSA KARYA GEMILANG"
"CRA","CARABLO ASSORTED 8TPX80PC","1","MFB","GOOD","UF","PT.UNION FOODS"
"CUM","COLLIN'S BUTTERNUT 48GRX20BKS","1","MFB","GOOD","UF","PT.UNION FOODS"
"CUM_BD","COLLIN'S BUTTERNUT 48GRX20BKS","1","MFB","BAD","UF","PT.UNION FOODS"
"CWRC001","CHO SINGLES WFR ROLL COK CRM 6X24X10G","1","MFB","GOOD","DP","DOLPHIN PT"
"CWRC001_BD","CHO SINGLES WFR ROLL COK CRM 6X24X10G","1","MFB","BAD","DP","DOLPHIN PT"
"CWRC002","CHO EXTRA SINGLE COKLAT 12X24X7GR","1","MFB","GOOD","DP","DOLPHIN PT"
"CWRC002_BD","CHO EXTRA SINGLE COKLAT 12X24X7GR","1","MFB","BAD","DP","DOLPHIN PT"
"CWRC003","CHO EXTRA SINGLE COOKIES&CREAM 12X24X7G","1","MFB","GOOD","DP","DOLPHIN PT"
"CWRC003_BD","CHO EXTRA SINGLE COOKIES&CREAM 12X24X7G","1","MFB","BAD","DP","DOLPHIN PT"
"CWRC014","CHO EXTRA SINGLE COKLAT 12X20X14GR","1","MFB","GOOD","DP","DOLPHIN PT"
"DKDL001_BD","DARKIE LONG P.MINT 40 gr","1","MFB","BAD","DP","DOLPHIN PT"
"DKDN001_BD","DARKIE NEW 25 gr","1","MFB","BAD","DP","DOLPHIN PT"
"DPES001","DOLPHIN ES STROOP 24X180ML","0","MFB","GOOD","DP","DOLPHIN PT"
"DPES001_BD","DOLPHIN ES STROOP 24X180ML","1","MFB","BAD","DP","DOLPHIN PT"
"DPLT001","DOLPHIN LEMON TEA 24X175ML","0","MFB","GOOD","DP","DOLPHIN PT"
"DPLT001_BD","DOLPHIN LEMON TEA 24X175ML","1","MFB","BAD","DP","DOLPHIN PT"
"DPTM001","DOLPHIN TEH MADU 24X175ML","1","MFB","GOOD","DP","DOLPHIN PT"
"DPTM001_BD","DOLPHIN TEH MADU 24X175ML","1","MFB","BAD","DP","DOLPHIN PT"
"DPTM002","DOLPHIN TEH MANIS 24X180ML","1","MFB","GOOD","DP","DOLPHIN PT"
"DPTM002_BD","DOLPHIN TEH MANIS 24X180ML","1","MFB","BAD","DP","DOLPHIN PT"
"ETWC001_BD","ETERNA WAFER CREAM VANILLA 36 gr","1","MFB","BAD","DP","DOLPHIN PT"
"ETWC002_BD","ETERNA WAFER CRM COKLAT 16 X 24","1","MFB","BAD","DP","DOLPHIN PT"
"ETWS001","ETERNA WS COKLAT 12 X 350GR","1","MFB","GOOD","DP","DOLPHIN PT"
"ETWS001_BD","ETERNA WS COKLAT 12 X 350GR","1","MFB","BAD","DP","DOLPHIN PT"
"ETWS002","ETERNA WS STROWBERY 12 X 350GR","1","MFB","GOOD","DP","DOLPHIN PT"
"ETWS002_BD","ETERNA WS STROWBERY 12 X 350GR","1","MFB","BAD","DP","DOLPHIN PT"
"ETWS003","ETERNA WS VANILA 12 X 350GR","0","MFB","GOOD","DP","DOLPHIN PT"
"ETWS003_BD","ETERNA WS VANILA 12 X 350 GR","1","MFB","BAD","DP","DOLPHIN PT"
"ETWS004","ETERNA WS CAPUCINO 12 X 350GR","0","MFB","GOOD","DP","DOLPHIN PT"
"ETWS004_BD","ETERNA WS CAPUCINO 12 X 350 GR","1","MFB","BAD","DP","DOLPHIN PT"
"G-1015679","MMSK TP ROTI 500GR (X12EA)","1","MFB","GOOD","10","PT. DAESANG AGUNG"
"G-1015881","MMSK TP BAKWAN (R) 100GR (X120EA)","1","MFB","GOOD","10","PT. DAESANG AGUNG"
"G-1015941","MMSK TP BB KRISPI RCG 80GRX120EA","1","MFB","GOOD","10","PT. DAESANG AGUNG"
"G-1015941_BD","MMSK TP BB KRISPI RCG 80GRX120EA","1","MFB","BAD","10","PT. DAESANG AGUNG"
"G-1015943","MMSK TP PISANG GRG PANDAN RCG 80GRX120EA","1","MFB","GOOD","10","PT. DAESANG AGUNG"
"G-1015943_BD","MMSK TP PISANG GRG PANDAN RCG 80GRX120EA","1","MFB","BAD","10","PT. DAESANG AGUNG"
"G-1015944","MMSK TP TEMPE GRG RCG 80GRX120EA","1","MFB","GOOD","10","PT. DAESANG AGUNG"
"G-1015957","MMSK TP BB KRISPI HOT RCG 80GRX120EA","1","MFB","GOOD","10","PT. DAESANG AGUNG"
"G-1015957_BD","MMSK TP BB KRISPI HOT RCG 80GRX120EA","1","MFB","BAD","10","PT. DAESANG AGUNG"
"G-1016835","MMSK TP KRISPI KEJU 180GRX40EA","1","MFB","GOOD","10","PT. DAESANG AGUNG"
"G-1016844","MMSK TP KRISPI LADA HTM 180GRX40EA","1","MFB","GOOD","10","PT. DAESANG AGUNG"
"G-1017372","MMSK SAMBAL TERASI SCH 15GR X 300EA","1","MFB","GOOD","10","PT. DAESANG AGUNG"
"G-1017795","MMSK TP MAIZENA 150GRX24EA","1","MFB","GOOD","10","PT. DAESANG AGUNG"
"G-1017914","MMSK TP BB KRISPI RCG 35GRX200EA","1","MFB","GOOD","10","PT. DAESANG AGUNG"
"G-1017915","MMSK TP BB KRISPI 225GRX40EA","1","MFB","GOOD","10","PT. DAESANG AGUNG"
"G-1017922","MMSK TP PISANG GRG PANDAN 225GR","1","MFB","GOOD","10","PT. DAESANG AGUNG"
"G-1018009","MMSK TP BAKWAN 1KGX10EA","1","MFB","GOOD","10","PT. DAESANG AGUNG"
"G-1018013","BIO MIWON 200GR PREMIUM M(X80EA)","1","MFB","GOOD","10","PT. DAESANG AGUNG"
"G-1018025","BIO MIWON 40GR PREMIUM M(X240EA)","1","MFB","GOOD","10","PT. DAESANG AGUNG"
"G-1018061","MMSK PANCAKE MIX ORIGINAL 190GRX24EA","1","MFB","GOOD","10","PT. DAESANG AGUNG"
"G-1018061_BD","MMSK PANCAKE MIX ORIGINAL 190GRX24EA","1","MFB","BAD","10","PT. DAESANG AGUNG"
"G-1018185","MMSK GIM 4.5GR P2 (X80EA) RUMPUT LAUT","1","MFB","GOOD","10","PT. DAESANG AGUNG"
"G-1018261","MMSK GARAM REGULER250GR(x48EA)","1","MFB","GOOD","10","PT. DAESANG AGUNG"
"G-1018357","MMSK BB KUAH BAKSO 8GRX720EA","1","MFB","GOOD","10","PT. DAESANG AGUNG"
"G-1018358","MMSK TP MAIZENA 1KG 10EA","1","MFB","GOOD","10","PT. DAESANG AGUNG"
"G-1018450","MMSK TP ROTI 10KG MIX","1","MFB","GOOD","10","PT. DAESANG AGUNG"
"G-1018739","MMSK BB KUAH BAKSO 250GX40EA","1","MFB","GOOD","10","PT. DAESANG AGUNG"
"G-1018739_BD","MMSK BB KUAH BAKSO 250GX40EA","1","MFB","BAD","10","PT. DAESANG AGUNG"
"G-1019481","MMSK TP PISANG GRG VANILA (RCG) 80GR (X1","1","MFB","GOOD","10","PT. DAESANG AGUNG"
"G-1019535","MMSK TP TEMPE GORENG (RCG) 30 GR (x200EA","1","MFB","GOOD","10","PT. DAESANG AGUNG"
"G-1019741","MMSK TP BB KRISPI 900GRX10EA","1","MFB","GOOD","10","PT. DAESANG AGUNG"
"G-1020171","DELISAOS S TIRAM UDG&JMR 130ML (X24EA)","1","MFB","GOOD","10","PT. DAESANG AGUNG"
"G-1020175","DELISAOS S TIRAM UDG&JMR 260ML (X12 EA)","1","MFB","GOOD","10","PT. DAESANG AGUNG"
"G-1020176","DELISAOS HOT LAVA 130ML (X24 EA)","1","MFB","GOOD","10","PT. DAESANG AGUNG"
"G-1020177","DELISAOS HOT LAVA 260ML (X12 EA)","1","MFB","GOOD","10","PT. DAESANG AGUNG"
"G-1020178","DELISAOS S TIRAM MANIS 130ML (X24 EA)","1","MFB","GOOD","10","PT. DAESANG AGUNG"
"G-1020178_BD","DELISAOS S TIRAM MANIS 130ML (X24 EA)","1","MFB","BAD","10","PT. DAESANG AGUNG"
"G-1020179","DELISAOS S TIRAM MANIS 260ML (X12 EA)","1","MFB","GOOD","10","PT. DAESANG AGUNG"
"G-1020190","MMSK MAYONAIS 100GR 40/CT","1","MFB","GOOD","10","PT. DAESANG AGUNG"
"G-1020191","MMSK MAYONAIS 300GR (x12EA)","1","MFB","GOOD","10","PT. DAESANG AGUNG"
"G-1020197","MMSK SALAD DRESSING SAUS MAYO 1KG (x8EA)","1","MFB","GOOD","10","PT. DAESANG AGUNG"
"G-1020277","MMSK BON NORI 30 GR (X48 EA)","1","MFB","GOOD","10","PT. DAESANG AGUNG"
"G-1020277_BD","MMSK BON NORI 30 GR (X48 EA)","1","MFB","BAD","10","PT. DAESANG AGUNG"
"G-1020278","MMSK BON NORI SPICY 30 GR (X48 EA)","1","MFB","GOOD","10","PT. DAESANG AGUNG"
"G-1020278_BD","MMSK BON NORI SPICY 30 GR (X48 EA)","1","MFB","BAD","10","PT. DAESANG AGUNG"
"G-1020288","MMSK GIM SPICY 4.5GR P2 (X80 EA)","1","MFB","GOOD","10","PT. DAESANG AGUNG"
"G-1020289","MMSK BOLOGNESE 315GR 24/CT","1","MFB","GOOD","10","PT. DAESANG AGUNG"
"G-1020290","DELISAOS NASI GRG TERI MEDAN 50GR","1","MFB","GOOD","10","PT. DAESANG AGUNG"
"G-1020292","MMSK SPICY ARRABIATA 315GR","1","MFB","GOOD","10","PT. DAESANG AGUNG"
"G-1020294","DELISAOS RENDANG PADANG 50GR","1","MFB","GOOD","10","PT. DAESANG AGUNG"
"G-1020294_BD","DELISAOS RENDANG PADANG 50GR","1","MFB","BAD","10","PT. DAESANG AGUNG"
"G-1020295","DELISAOS SOTO KUDUS 50GR","1","MFB","GOOD","10","PT. DAESANG AGUNG"
"G-1020307","MIWON GARAM GURIH 250G (48EA)","1","MFB","GOOD","10","PT. DAESANG AGUNG"
"G-1020314","MIWON GARAM GURIH 500G (x24EA)","1","MFB","GOOD","10","PT. DAESANG AGUNG"
"G-1020315","MIWON GARAM GURIH 300G (x40EA)","1","MFB","GOOD","10","PT. DAESANG AGUNG"
"G-1020316","MIWON GARAM GURIH 1KG (x12EA)","1","MFB","GOOD","10","PT. DAESANG AGUNG"
"G-1020519","MMSK TP ROTI 200GR MIX 24/CT","1","MFB","GOOD","10","PT. DAESANG AGUNG"
"G-1020520","MMSK GIM BBQ P2 4.5G (80X EA)","1","MFB","GOOD","10","PT. DAESANG AGUNG"
"G-1020521","MMSK GIM SALTED EGG P2 4.5GR (x80EA)","1","MFB","GOOD","10","PT. DAESANG AGUNG"
"G-1020922","DELISAOS HOT LAVA 6,2KG","1","MFB","GOOD","10","PT. DAESANG AGUNG"
"G-1020967","MMSK BON NORI 60GR (X20EA)","1","MFB","GOOD","10","PT. DAESANG AGUNG"
"G-1020967_BD","MMSK BON NORI 60GR (X20EA)","1","MFB","BAD","10","PT. DAESANG AGUNG"
"G-1020968","MMSK BON NORI SPICY 60 GR (X20 EA)","1","MFB","GOOD","10","PT. DAESANG AGUNG"
"G-1020969","MMSK TP BB ALA RESTO 900GR (x10EA)","1","MFB","GOOD","10","PT. DAESANG AGUNG"
"G-1021095","MMSK BB NASI UDUK (PAK) 20GR(240EA)","1","MFB","GOOD","10","PT. DAESANG AGUNG"
"G-1021490","HOT LAVA VOLCANO 130ML 24/CT","1","MFB","GOOD","10","PT. DAESANG AGUNG"
"G-1021491","HOT LAVA VOLCANO 260ML (x12EA)","1","MFB","GOOD","10","PT. DAESANG AGUNG"
"G-1021674","MMSK BB SERBAGUNA RS SAPI 1KG(10XEA)","1","MFB","GOOD","10","PT. DAESANG AGUNG"
"G-1021675","MMSK BB SERBAGUNA RS AYAM 1KG(X10EA)","1","MFB","GOOD","10","PT. DAESANG AGUNG"
"G-1021741","MMSK SALAD DRESSING HOT LAVA 100GR (x40EA)","1","MFB","GOOD","10","PT. DAESANG AGUNG"
"G-1021818","MMSK TERASI DUO 6 gr (16 x 20 EA )","1","MFB","GOOD","10","PT. DAESANG AGUNG"
"G-1021878","MMSK BB LENGKAP CAPCAY 1OGR(288EA) 6X4X12","1","MFB","GOOD","10","PT. DAESANG AGUNG"
"G-1021907","MMSK SALAD DRESSING 150GR (x24EA)","1","MFB","GOOD","10","PT. DAESANG AGUNG"
"G-1021969","MMSK THOUSAND ISLAND 100GR (X40EA)","1","MFB","GOOD","10","PT. DAESANG AGUNG"
"G-1021971","MMSK WIJEN SANGRAI 100GR (X40EA)","1","MFB","GOOD","10","PT. DAESANG AGUNG"
"G-1021972","MMSK SAUS SAMBAL ALA RESTO 500GR (x24EA)","1","MFB","GOOD","10","PT. DAESANG AGUNG"
"G-1021979","MMSK SAUS TOMAT ALA RESTO 500GR (X24EA)","1","MFB","GOOD","10","PT. DAESANG AGUNG"
"G-1022397","MIWON 5000M M(130GRx80EA)","1","MFB","GOOD","10","PT. DAESANG AGUNG"
"G-1022398","MIWON 1000M M(20GRx336EA)","1","MFB","GOOD","10","PT. DAESANG AGUNG"
"G-1022398_BD","MIWON 1000M M(20GRx336EA)","1","MFB","BAD","10","PT. DAESANG AGUNG"
"G-1022437","DELISAOS KECAP ASIN CAP RAJA 320G","1","MFB","GOOD","10","PT. DAESANG AGUNG"
"G-1022459","MMSK GIM JAGUNG BAKAR P2 4,5G (80X EA)","1","MFB","GOOD","10","PT. DAESANG AGUNG"
"G-1022485","MMSK DELISAOS SAUS TOPOKKI SPICY 100 GR(X40EA)","1","MFB","GOOD","10","PT. DAESANG AGUNG"
"G-1022791","MMSK TP TEMPE GORENG 70GR(x120EA)","1","MFB","GOOD","10","PT. DAESANG AGUNG"
"G-1023300","DELISAOS SAUS TOPOKKI ORIGINAL 1KG","1","MFB","GOOD","10","PT. DAESANG AGUNG"
"G-1023301","DELISAOS SAUS TOPOKKI ORIGINAL HOT 1KG","1","MFB","GOOD","10","PT. DAESANG AGUNG"
"G-1023302","DELISAOS SAUS TOPOKKI ORIGINAL CREAMY 1KG","1","MFB","GOOD","10","PT. DAESANG AGUNG"
"G-1023389","MMSK BON NORI BULGOGI 30GR-X48","1","MFB","GOOD","10","PT. DAESANG AGUNG"
"G-1023389_BD","MMSK BON NORI BULGOGI 30GR-X48","1","MFB","BAD","10","PT. DAESANG AGUNG"
"G-1023391","DELISAOS HOT LAVA 9GR","1","MFB","GOOD","10","PT. DAESANG AGUNG"
"G-1023394","DELISAOS HOT LAVA VOLCANO 9GR","1","MFB","GOOD","10","PT. DAESANG AGUNG"
"G-1023425","MMSK BON NORI BULGOGI 60 GR (X20EA)","1","MFB","GOOD","10","PT. DAESANG AGUNG"
"G-1023427","MMSK BON NORI EXTRA PEDAS 30 GR (X48EA)","1","MFB","GOOD","10","PT. DAESANG AGUNG"
"G-1023427_BD","MMSK BON NORI EXTRA PEDAS 30 GR (X48EA)","1","MFB","BAD","10","PT. DAESANG AGUNG"
"G-1023429","MMSK BON NORI EBI 30 GR (X48 EA)","1","MFB","GOOD","10","PT. DAESANG AGUNG"
"G-1023429_BD","MMSK BON NORI EBI 30 GR (X48 EA)","1","MFB","BAD","10","PT. DAESANG AGUNG"
"G-1023431_BD","MMSK BON NORI EBI 60 GR (X20 EA)","1","MFB","BAD","10","PT. DAESANG AGUNG"
"G-1023597","MMSK SUP KRIM DAGING SAPI LADA HITAM 55GR","1","MFB","GOOD","10","PT. DAESANG AGUNG"
"G-1023599","MMSK SUP KRIM SAYUR & BAWANG 55GR","1","MFB","GOOD","10","PT. DAESANG AGUNG"
"G-1023622","MMSK PANCAKE MIX COCONUT 160GR","1","MFB","GOOD","10","PT. DAESANG AGUNG"
"G-1023623","MMSK PANCAKE MIX BANANA 160GR","1","MFB","GOOD","10","PT. DAESANG AGUNG"
"G-1023635","MMSK SPECIAL PANCAKE MIX 3IN1 150GR","1","MFB","GOOD","10","PT. DAESANG AGUNG"
"G-1023844","DELISAOS HL SAUS AG ALA KOREA GARLIC 320","1","MFB","GOOD","10","PT. DAESANG AGUNG"
"G-1100317","MIWON 1KG L(X12EA)","1","MFB","GOOD","10","PT. DAESANG AGUNG"
"G-1100320","MIWON 1KG M(x12EA)","1","MFB","GOOD","10","PT. DAESANG AGUNG"
"G-1100322","MIWON 500GR L (X24EA) POLOS","1","MFB","GOOD","10","PT. DAESANG AGUNG"
"G-1100324","MIWON 500GR M(x24EA) POLOS","1","MFB","GOOD","10","PT. DAESANG AGUNG"
"G-1100327","MIWON 250GR L (X80EA)","1","MFB","GOOD","10","PT. DAESANG AGUNG"
"G-1100329","MIWON 250GR M(x80EA)","1","MFB","GOOD","10","PT. DAESANG AGUNG"
"G-1100333","MIWON 100GR L(X120EA)","1","MFB","GOOD","10","PT. DAESANG AGUNG"
"G-1100334","MIWON 100GR L(X120EA)","1","MFB","GOOD","10","PT. DAESANG AGUNG"
"G-1100335","MIWON 100GR M(x120EA)","1","MFB","GOOD","10","PT. DAESANG AGUNG"
"G-1100338","MIWON 50GR L(X240EA)","1","MFB","GOOD","10","PT. DAESANG AGUNG"
"G-1100342","MIWON 50GR M(x240EA)","1","MFB","GOOD","10","PT. DAESANG AGUNG"
"G-1101272","MMSK TP BAKWAN 250GR(x40EA)","1","MFB","GOOD","10","PT. DAESANG AGUNG"
"G-1101277","MMSK TP BAKSO 32GR(x100EA)","1","MFB","GOOD","10","PT. DAESANG AGUNG"
"G-1101291","MMSK SUP KRIM AYAM(PAK) 55GR(x48EA)","1","MFB","GOOD","10","PT. DAESANG AGUNG"
"G-1101295","MMSK SUP KRIM JAGUNG(PAK) 55GR(x48EA)","1","MFB","GOOD","10","PT. DAESANG AGUNG"
"G-1101297","MMSK SUP KRIM JAMUR(PAK) 55GR(x48EA)","1","MFB","GOOD","10","PT. DAESANG AGUNG"
"G-1101298","MIWON KOPI GINSENG(GST) 20GR(x360EA)","1","MFB","GOOD","10","PT. DAESANG AGUNG"
"G-1101309","MMSK BB NASI GORENG(PAK) 20GR(x240EA)","1","MFB","GOOD","10","PT. DAESANG AGUNG"
"G-1101310","MMSK BB OPOR(PAK) 16GR(x240EA)","1","MFB","GOOD","10","PT. DAESANG AGUNG"
"G-1101312","MMSK BB RENDANG(PAK) 25GR(x240EA)","1","MFB","GOOD","10","PT. DAESANG AGUNG"
"G-1101314","MMSK BB AYAM GORENG(PAK) 35GR(x240EA)","1","MFB","GOOD","10","PT. DAESANG AGUNG"
"G-1101316","MMSK BB GULAI(PAK) 25GR(x240EA)","1","MFB","GOOD","10","PT. DAESANG AGUNG"
"G-1101316_BD","MMSK BB GULAI(PAK) 25GR(x240EA)","1","MFB","BAD","10","PT. DAESANG AGUNG"
"G-1101318","MMSK BB SOTO AYAM(PAK) 20GR(x240EA)","1","MFB","GOOD","10","PT. DAESANG AGUNG"
"G-1101318_BD","MMSK BB SOTO AYAM(PAK) 20GR(x240EA)","1","MFB","BAD","10","PT. DAESANG AGUNG"
"G-1101333","MMSK TERASI(JUANA) 90GR(x60EA)","1","MFB","GOOD","10","PT. DAESANG AGUNG"
"G-1101335","MMSK TERASI 4GR (x640EA)","1","MFB","GOOD","10","PT. DAESANG AGUNG"
"G-1101338","MMSK BB KUAH BAKSO 100GR","1","MFB","GOOD","10","PT. DAESANG AGUNG"
"G-1101338_BD","MMSK BB KUAH BAKSO 100GR","1","MFB","BAD","10","PT. DAESANG AGUNG"
"G-1101339","MMSK BB SOP 5GR(x360EA)","1","MFB","GOOD","10","PT. DAESANG AGUNG"
"G-1101766","MMSK BB LENGKAP TUMIS 10GR(X288EA) 6X4X12","1","MFB","GOOD","10","PT. DAESANG AGUNG"
"G-1102169","MMSK TEPUNG ROTI 100 Gr [x48]","1","MFB","GOOD","10","PT. DAESANG AGUNG"
"G-1102170","MMSK TEPUNG ROTI 200 GR (x24)","1","MFB","GOOD","10","PT. DAESANG AGUNG"
"G-9001517","PAYUNG STANDART","1","MFB","BONUS","10","PT. DAESANG AGUNG"
"G-9001657","GELAS KERAMIK 2","1","MFB","BONUS","10","PT. DAESANG AGUNG"
"G-9002007","MANGKOK MIWON LUCKY","1","MFB","BONUS","10","PT. DAESANG AGUNG"
"G-9002018","GELAS BIR 13","1","MFB","BONUS","10","PT. DAESANG AGUNG"
"G-9002031","SENDOK MULTI","1","MFB","BONUS","10","PT. DAESANG AGUNG"
"GMMX001","GUMMY FROZEN MIX MIX FLAVOR 120GX12","1","MFB","GOOD","NU","PT. NIRAMAS UTAMA"
"GMMX001_BD","GUMMY FROZEN MIX MIX FLAVOR 120GX12","1","MFB","BAD","NU","PT. NIRAMAS UTAMA"
"GRCO001","GARIBORI COOLMINT BOX 20BX10PCX30G","1","MFB","GOOD","DP","DOLPHIN PT"
"GRCO001_BD","GARIBORI COOLMINT BOX 20BX10PCX30G","1","MFB","BAD","DP","DOLPHIN PT"
"GRLO001","GARIBORI LONG 40gr 12x24","0","MFB","GOOD","DP","DOLPHIN PT"
"GRLO001_BD","GARIBORI LONG 40 gr","1","MFB","BAD","DP","DOLPHIN PT"
"GRLO002","GARIBORI LONG 30gr 15x10","1","MFB","GOOD","DP","DOLPHIN PT"
"GRLO002_BD","GARIBORI LONG 30gr 15x10","1","MFB","BAD","DP","DOLPHIN PT"
"GRLO003","GARIBORI LONG 16GR 20X10","1","MFB","GOOD","DP","DOLPHIN PT"
"GRNW001","GARIBORI NEW 30 x 10 PC 25 gr","0","MFB","GOOD","DP","DOLPHIN PT"
"GRNW001_BD","GARIBORI NEW 25 gr","1","MFB","BAD","DP","DOLPHIN PT"
"GRSC001","GARIBORI SACHET 2,2 gr 6 x 50 PC","0","MFB","GOOD","DP","DOLPHIN PT"
"GRSC001_BD","GARIBORI SACHET 2,2 gr","1","MFB","BAD","DP","DOLPHIN PT"
"GRSP001","GARIBORI NEW SPEARMINT 30X10","0","MFB","GOOD","DP","DOLPHIN PT"
"GRSP001_BD","GARIBORI NEW SPEARMINT 30X10","1","MFB","BAD","DP","DOLPHIN PT"
"GRSP003","GARIBORI NEW PAPERMINT 30X10","0","MFB","GOOD","DP","DOLPHIN PT"
"GRSP003_BD","GARIBORI NEW PAPERMINT 30X10","1","MFB","BAD","DP","DOLPHIN PT"
"HI001","WANG CHIPS","0","MFB","GOOD","PJI","PT.PLANGI JAYA INDONESIA"
"HI002","WANG CHIPS PLUS","0","MFB","GOOD","PJI","PT.PLANGI JAYA INDONESIA"
"HI003","HAHA MIE","0","MFB","GOOD","PJI","PT.PLANGI JAYA INDONESIA"
"ICCL004","IM COCO LYCHEE 350ML 24/CT","1","MFB","GOOD","NU","PT. NIRAMAS UTAMA"
"ICCL004_BD","IM COCO LYCHEE 350ML 24/CT","1","MFB","BAD","NU","PT. NIRAMAS UTAMA"
"ICCM002","IM COCO MANGO 350ML 24/CT","1","MFB","GOOD","NU","PT. NIRAMAS UTAMA"
"ICCM002_BD","I'M COCO MANGO 350ML 24/CT","1","MFB","BAD","NU","PT. NIRAMAS UTAMA"
"ICCM003","IM COCO COCOMELON 350ML 24/CT","1","MFB","GOOD","NU","PT. NIRAMAS UTAMA"
"ICCM003_BD","IM COCO COCOMELON 350ML 24/CT","1","MFB","BAD","NU","PT. NIRAMAS UTAMA"
"ICCS003","IM COCO STRAWBERRY 350ML 24/CT","1","MFB","GOOD","NU","PT. NIRAMAS UTAMA"
"ICCS003_BD","IM COCO STRAWBERRY 350ML 24/CT","1","MFB","BAD","NU","PT. NIRAMAS UTAMA"
"ICCW001","IM COCO COCONUT WATER 350ML 24/CT","1","MFB","GOOD","NU","PT. NIRAMAS UTAMA"
"ICCW001_BD","IM COCO COCONUT WATER 350ML 24/CT","1","MFB","BAD","NU","PT. NIRAMAS UTAMA"
"ICCY005","IM COCO YOGHURT 250ML 12/CT","1","MFB","GOOD","NU","PT. NIRAMAS UTAMA"
"ICCY005_BD","IM COCO YOGHURT 250ML 12/CT","1","MFB","BAD","NU","PT. NIRAMAS UTAMA"
"INAM006","INACO SP ALOEVERA PEACH 280 GR MAKRO 3X8 BD","0","MFB","GOOD","NU","PT. NIRAMAS UTAMA"
"INAM006_BD","INACO SP ALOVERA PEACH 280 GR MAKRO 3X8 BD","1","MFB","BAD","NU","PT. NIRAMAS UTAMA"
"INAP003","INACO ALOEVERA SP PEACH 280 GR X 24 PK","1","MFB","GOOD","NU","PT. NIRAMAS UTAMA"
"INAP003_BD","INACO ALOEVERA SP PEACH 280 GR X 24 PK","1","MFB","BAD","NU","PT. NIRAMAS UTAMA"
"INAP003_BN","INACO ALOEVERA SP PEACH 280 GR X 24 PK","1","MFB","BONUS","NU","PT. NIRAMAS UTAMA"
"INAP004","INACO ALOEVERA CUP 200 GR X 12 CUP","0","MFB","GOOD","NU","PT. NIRAMAS UTAMA"
"INAP004_BD","NACO ALOEVERA CUP 200 GR X 12 CUP","1","MFB","BAD","NU","PT. NIRAMAS UTAMA"
"INAP005","INACO ALOE CUP PEACH 200 GR X 24 CUP","1","MFB","GOOD","NU","PT. NIRAMAS UTAMA"
"INAP005_BD","INACO ALOEVERA CUP PEACH 200 GR X 24 CUP","1","MFB","BAD","NU","PT. NIRAMAS UTAMA"
"INAP006","INACO ALOE JELLY STRAW 48CUP/CT","0","MFB","GOOD","NU","PT. NIRAMAS UTAMA"
"INAP006_BD","INACO ALOE JELLY STRAW 48CUP/CT","1","MFB","BAD","NU","PT. NIRAMAS UTAMA"
"INAP006_BN","INACO ALOE JELLY STRAW 48CUP/CT","1","MFB","BONUS","NU","PT. NIRAMAS UTAMA"
"INAP007","ALOE JELLY PEACH 90GRX48","0","MFB","GOOD","NU","PT. NIRAMAS UTAMA"
"INAP007_BD","ALOE JELLY PEACH 90GRX48","1","MFB","BAD","NU","PT. NIRAMAS UTAMA"
"INAP007_BN","ALOE JELLY PEACH 90GRX48","1","MFB","BONUS","NU","PT. NIRAMAS UTAMA"
"INAP008","INACO ALOE CUP LYCHEE 200GRX24PC","1","MFB","GOOD","NU","PT. NIRAMAS UTAMA"
"INAP008_BD","INACO ALOE CUP LYCHEE 200GRX24PC","1","MFB","BAD","NU","PT. NIRAMAS UTAMA"
"INAP010","SP ALOEVERA BANANA 280GR 24/CT","1","MFB","GOOD","NU","PT. NIRAMAS UTAMA"
"INAP010_BD","SP ALOEVERA BANANA 280GR 24/CT","1","MFB","BAD","NU","PT. NIRAMAS UTAMA"
"INAP010_BN","SP ALOEVERA BANANA 280GR 24/CT","1","MFB","BONUS","NU","PT. NIRAMAS UTAMA"
"INAP011","ALOE JELLY STRAW 90GR BANDED","0","MFB","GOOD","NU","PT. NIRAMAS UTAMA"
"INAP011_BD","ALOE JELLY STRAW 90GR BANDED","1","MFB","BAD","NU","PT. NIRAMAS UTAMA"
"INAP011_BN","ALOE JELLY STRAW 90GR BANDED","1","MFB","BONUS","NU","PT. NIRAMAS UTAMA"
"INAP012","ALOE CUP BANANA 200 GR X 24 CUP","1","MFB","GOOD","NU","PT. NIRAMAS UTAMA"
"INAP012_BD","ALOE CUP BANANA   200 GR X 24 CUP","1","MFB","BAD","NU","PT. NIRAMAS UTAMA"
"INAP012_BN","ALOE CUP BANANA 200 GR X 24 CUP","1","MFB","BONUS","NU","PT. NIRAMAS UTAMA"
"INAP013","ALOE JELLY PEACH 90GR BANDED","0","MFB","GOOD","NU","PT. NIRAMAS UTAMA"
"INAP013_BD","ALOE JELLY PEACH 90GR BANDED","1","MFB","BAD","NU","PT. NIRAMAS UTAMA"
"INAP013_BN","ALOE JELLY PEACH 90GR BANDED","1","MFB","BONUS","NU","PT. NIRAMAS UTAMA"
"INAP014","ALOEVERA SP LYCHEE 280GRX24","1","MFB","GOOD","NU","PT. NIRAMAS UTAMA"
"INAP014_BD","ALOEVERA SP LYCHEE 280GRX24","1","MFB","BAD","NU","PT. NIRAMAS UTAMA"
"INBB001","NDC BUBBLE BOI SACHET 12X10X20G","1","MFB","GOOD","NU","PT. NIRAMAS UTAMA"
"INBB001_BD","NDC BUBBLE BOI SACHET 12X10X20G","1","MFB","BAD","NU","PT. NIRAMAS UTAMA"
"INBB002","INACO BUBBLE BOI ANGGUR SCH 12X10X20G","1","MFB","GOOD","NU","PT. NIRAMAS UTAMA"
"INBB002_BD","INACO BUBBLE BOI ANGGUR SCH 12X10X20G","1","MFB","BAD","NU","PT. NIRAMAS UTAMA"
"INBB003","NATADECOCO BUBBLEBOI LYCHEE 20GX120","1","MFB","GOOD","NU","PT. NIRAMAS UTAMA"
"INBB003_BD","NATADECOCO BUBBLEBOI LYCHEE 20GX120","1","MFB","BAD","NU","PT. NIRAMAS UTAMA"
"INBB004","NATADECOCO BUBBLEBOI YAGHURT 30GX80","1","MFB","GOOD","NU","PT. NIRAMAS UTAMA"
"INBB004_BD","NATADECOCO BUBBLEBOI YAGHURT 30GX80","1","MFB","BAD","NU","PT. NIRAMAS UTAMA"
"INBB005","NATADECOCO BUBBLEBOI LYCHEE 30GX80","1","MFB","GOOD","NU","PT. NIRAMAS UTAMA"
"INBB005_BD","NATADECOCO BUBBLEBOI LYCHEE 50GX80","1","MFB","BAD","NU","PT. NIRAMAS UTAMA"
"INBB006","NATADECOCO BUBBLEBOI GRAPE 30GX80","1","MFB","GOOD","NU","PT. NIRAMAS UTAMA"
"INBB006_BD","NATADECOCO BUBBLEBOI GRAPE 30GX80","1","MFB","BAD","NU","PT. NIRAMAS UTAMA"
"INBB007","NATADECOCO BUBBLEBOI BUBBLEGUM 30GX80","1","MFB","GOOD","NU","PT. NIRAMAS UTAMA"
"INBB007_BD","NATADECOCO BUBBLEBOI BUBBLEGUM 30GX80","1","MFB","BAD","NU","PT. NIRAMAS UTAMA"
"INBB008","NATADECOCO BUBBLEBOI BLACKCURRANT 30X80","1","MFB","GOOD","NU","PT. NIRAMAS UTAMA"
"INCP001","IDM NATADECOCO COCOPANDAN 900GX12","1","MFB","GOOD","NU","PT. NIRAMAS UTAMA"
"INCP001_BD","IDM NATADECOCO COCOPANDAN 900GX12","1","MFB","BAD","NU","PT. NIRAMAS UTAMA"
"INDC026","INACO COCO DRINK COCOPANDAN 200MLX24CUP","0","MFB","GOOD","NU","PT. NIRAMAS UTAMA"
"INDC026_BD","INACO COCO DRINK COCOPANDAN 200MLX24CUP","1","MFB","BAD","NU","PT. NIRAMAS UTAMA"
"INDF027","INACO COCO DRINK FRAMBOZEN 200MLX24CUP","0","MFB","GOOD","NU","PT. NIRAMAS UTAMA"
"INDF027_BD","INACO COCO DRINK FRAMBOZEN 200MLX24CUP","1","MFB","BAD","NU","PT. NIRAMAS UTAMA"
"INDG027","INACO COCO DRINK GUAVA 200MLX24CUP","0","MFB","GOOD","NU","PT. NIRAMAS UTAMA"
"INDG027_BD","INACO COCO DRINK GUAVA 200MLX24","1","MFB","BAD","NU","PT. NIRAMAS UTAMA"
"INDL028","INACO COCO DRINK LYCHEE 200MLX24CUP","0","MFB","GOOD","NU","PT. NIRAMAS UTAMA"
"INDL028_BD","INACO COCO DRINK LYCHEE 200MLX24CUP","1","MFB","BAD","NU","PT. NIRAMAS UTAMA"
"INDM001","IDM ALOEVERA CUP SELASIH MELON 200GX24","0","MFB","GOOD","NU","PT. NIRAMAS UTAMA"
"INDM002","IDM NATADE CUP SELASIH LIME 200GX24","0","MFB","GOOD","NU","PT. NIRAMAS UTAMA"
"INDO029","INACO COCO DRINK ORANGE 200MLX24CUP","0","MFB","GOOD","NU","PT. NIRAMAS UTAMA"
"INDO029_BD","INACO COCO DRINK ORANGE 200MLX24CUP","1","MFB","BAD","NU","PT. NIRAMAS UTAMA"
"INDR030","INACO COCO DRINK RASPBERRY 200MLX24CUP","0","MFB","GOOD","NU","PT. NIRAMAS UTAMA"
"INDR030_BD","INACO COCO DRINK RASPBERRY 200MLX24CUP","1","MFB","BAD","NU","PT. NIRAMAS UTAMA"
"INHM001","PUDDING HOKKAIDO MELON 120GRX48/CT","1","MFB","GOOD","NU","PT. NIRAMAS UTAMA"
"INHM001_BD","PUDDING HOKKAIDO MELON 120GRX48/CT","1","MFB","BAD","NU","PT. NIRAMAS UTAMA"
"INKP023","INACO MN.JELLY 16 GR KIPAS 15CUPX24PK","0","MFB","GOOD","NU","PT. NIRAMAS UTAMA"
"INKP023_BD","INACO MN.JELLY 16 GR KIPAS 15CUPX24PK","1","MFB","BAD","NU","PT. NIRAMAS UTAMA"
"INMJ007_BD","NACO MN.JELLY 16 GR 15'S MAKRO 4X6BD","1","MFB","BAD","NU","PT. NIRAMAS UTAMA"
"INMJ008","INACO MN.JELLY 16 GR 15 CUP X 24 PK","1","MFB","GOOD","NU","PT. NIRAMAS UTAMA"
"INMJ008_BD","INACO MN.JELLY 16 GR 15 CUP X 24 PK","1","MFB","BAD","NU","PT. NIRAMAS UTAMA"
"INMJ009","INACO MN.JELLY 16 GR 25 CUP X 12 PK","1","MFB","GOOD","NU","PT. NIRAMAS UTAMA"
"INMJ009_BD","INACO MN.JELLY 16 GR 25 CUP X 12 PK","1","MFB","BAD","NU","PT. NIRAMAS UTAMA"
"INMJ010","MNJELLY 16GR KURMA 1X10KG/CT","0","MFB","GOOD","NU","PT. NIRAMAS UTAMA"
"INMJ010_BD","MNJELLY 16GR KURMA 1X10KG/CT","1","MFB","BAD","NU","PT. NIRAMAS UTAMA"
"INMJ011","INACO MN.JELLY 16 GR 50 CUP X 8 TOPLES","1","MFB","GOOD","NU","PT. NIRAMAS UTAMA"
"INMJ011_BD","INACO MN.JELLY 16 GR 50 CUP X 8 TOPLES","1","MFB","BAD","NU","PT. NIRAMAS UTAMA"
"INMJ012","INACO MN.JELLY 16 GR 5CUP X 72 PK","1","MFB","GOOD","NU","PT. NIRAMAS UTAMA"
"INMJ012_BD","INACO MN.JELLY 16 GR 5CUP X 72 PK","1","MFB","BAD","NU","PT. NIRAMAS UTAMA"
"INMJ013","INACO MN.JELLY 16 GR RENCENG 5CUPX72PK","0","MFB","GOOD","NU","PT. NIRAMAS UTAMA"
"INMJ013_BD","INACO MN.JELLY 16 GR RENCENG 5CUPX72PK","1","MFB","BAD","NU","PT. NIRAMAS UTAMA"
"INMJ014","INACO MN.JELLY GRAPE 1X10KG","1","MFB","GOOD","NU","PT. NIRAMAS UTAMA"
"INMJ014_BD","INACO MN.JELLY GRAPE 1X10KG","1","MFB","BAD","NU","PT. NIRAMAS UTAMA"
"INMJ015","INACO MN.JELLY LYCHEE 1X10KG","1","MFB","GOOD","NU","PT. NIRAMAS UTAMA"
"INMJ015_BD","INACO MN.JELLY LYCHEE 1X10KG","1","MFB","BAD","NU","PT. NIRAMAS UTAMA"
"INMJ016","INACO MN.JELLY MANGO 1X10KG","1","MFB","GOOD","NU","PT. NIRAMAS UTAMA"
"INMJ016_BD","INACO MN.JELLY MANGO 1X10KG","1","MFB","BAD","NU","PT. NIRAMAS UTAMA"
"INMJ017","INACO MN.JELLY MIX ASSORTED 16GR 40CUP X 12PK","1","MFB","GOOD","NU","PT. NIRAMAS UTAMA"
"INMJ017_BD","INACO MN.JELLY MIX 16GR 40CUP X 12PK","1","MFB","BAD","NU","PT. NIRAMAS UTAMA"
"INMJ017_BN","INACO MN.JELLY MIX 16GR 40CUP X 12PK","1","MFB","BONUS","NU","PT. NIRAMAS UTAMA"
"INMJ018","INACO MN.JELLY ORANGE 1X10KG","1","MFB","GOOD","NU","PT. NIRAMAS UTAMA"
"INMJ018_BD","INACO MN.JELLY ORANGE 1X10KG","1","MFB","BAD","NU","PT. NIRAMAS UTAMA"
"INMJ019","INACO MN.JELLY STRAWBERRY 1X10KG","1","MFB","GOOD","NU","PT. NIRAMAS UTAMA"
"INMJ019_BD","INACO MN.JELLY STRAWBERRY 1X10KG","1","MFB","BAD","NU","PT. NIRAMAS UTAMA"
"INMJ020","INACO MN JELLY MIX 1x10kg","1","MFB","GOOD","NU","PT. NIRAMAS UTAMA"
"INMJ020_BD","INACO MN JELLY MIX 1x10kg","1","MFB","BAD","NU","PT. NIRAMAS UTAMA"
"INMJ021","MINI JELY 16gr 1KGX12 BAG","0","MFB","GOOD","NU","PT. NIRAMAS UTAMA"
"INMJ021_BN","MINI JELY 16gr 1KGX12 BAG","1","MFB","BONUS","NU","PT. NIRAMAS UTAMA"
"INMJ022","MNJELLY 16GR PINEAPPLE 1X10KG/CT","1","MFB","GOOD","NU","PT. NIRAMAS UTAMA"
"INMJ022_BD","MNJELLY 16GR PINEAPPLE 1X10KG/CT","1","MFB","BAD","NU","PT. NIRAMAS UTAMA"
"INMJ023","MINIJELLY 50S 15GR 50CUP X 6 BIG","1","MFB","GOOD","NU","PT. NIRAMAS UTAMA"
"INMJ023_BD","MINIJELLY 50S 15GR 50CUP X 6 BIG","1","MFB","BAD","NU","PT. NIRAMAS UTAMA"
"INMJ024","MN JELLY 50S 15G 50CUPX6BIG LIM ED","1","MFB","GOOD","NU","PT. NIRAMAS UTAMA"
"INMP020","INACO MN.PUDING MANGO 16GR 15CUPX24PK","0","MFB","GOOD","NU","PT. NIRAMAS UTAMA"
"INMP020_BD","INACO MN.PUDING MANGO 16GR 15CUPX24PK","1","MFB","BAD","NU","PT. NIRAMAS UTAMA"
"INMP021","MINI PUDING MANGO LUNCH BOX","1","MFB","GOOD","NU","PT. NIRAMAS UTAMA"
"INMP021_BD","MINI PUDING MANGO LUNCH BOX","1","MFB","BAD","NU","PT. NIRAMAS UTAMA"
"INMP022","INACO PUDDING ANEKA RASA 25SX12Pk","1","MFB","GOOD","NU","PT. NIRAMAS UTAMA"
"INMP022_BD","INACO PUDDING ANEKA RASA 25SX12Pk","1","MFB","BAD","NU","PT. NIRAMAS UTAMA"
"INMP023","PUDING ANK RASA PROTOLAN 1X10KG","0","MFB","GOOD","NU","PT. NIRAMAS UTAMA"
"INMP024","INACO PUDDING GUAVA 80GR 1X48/CT","0","MFB","GOOD","NU","PT. NIRAMAS UTAMA"
"INMP024_BD","INACO PUDDING GUAVA 80GR 1X48/CT","1","MFB","BAD","NU","PT. NIRAMAS UTAMA"
"INMP025","INACO PUDDIN STRAWBERRY 80GR 1X48","0","MFB","GOOD","NU","PT. NIRAMAS UTAMA"
"INMP026","MINI PUDDING MIX FLAVOR 15G 10CUPX30","1","MFB","GOOD","NU","PT. NIRAMAS UTAMA"
"INMP026_BD","MINI PUDDING MIX FLAVOR 15G 10CUPX30","1","MFB","BAD","NU","PT. NIRAMAS UTAMA"
"INMP027","MINI PUDDING 3CUPX60","1","MFB","GOOD","NU","PT. NIRAMAS UTAMA"
"inmp027_BD","MINI PUDDING 3CUPX60","1","MFB","BAD","NU","PT. NIRAMAS UTAMA"
"INMY022","INACO MN.YOGJELL 15GR 10'S MAKRO 3X12 BD","0","MFB","GOOD","NU","PT. NIRAMAS UTAMA"
"INMY022_BD","INACO MN.YOGJELL 15GR 10'S MAKRO 3X12 BD","1","MFB","BAD","NU","PT. NIRAMAS UTAMA"
"INMY025","INACO MN.YOGJELL 15 GR 10PCX36PK","0","MFB","GOOD","NU","PT. NIRAMAS UTAMA"
"INMY025_BD","NACO MN.YOGJELL 15 GR 10PCX36PK","1","MFB","BAD","NU","PT. NIRAMAS UTAMA"
"INNP024","INACO MN.JELLY NEAPOLITAN BUBBLE 25 CUPSX12BOX","0","MFB","GOOD","NU","PT. NIRAMAS UTAMA"
"INNP024_BD","INACO MN.JELLY NEAPOLITAN BUBBLE 25 CUPSX12BOX","1","MFB","BAD","NU","PT. NIRAMAS UTAMA"
"INPM001","PUDING MANGO 80GR 1X48CT","0","MFB","GOOD","NU","PT. NIRAMAS UTAMA"
"INPM002","PUDING MANGO INACO 120 48/CT","1","MFB","GOOD","NU","PT. NIRAMAS UTAMA"
"INPM002_BD","PUDING MANGO INACO 120 48/CT","1","MFB","BAD","NU","PT. NIRAMAS UTAMA"
"INPM003","PUDING MARKISA INACO 120GR 48/CT","1","MFB","GOOD","NU","PT. NIRAMAS UTAMA"
"INPM003_BD","PUDING MARKISA INACO 120GR 48/CT","1","MFB","BAD","NU","PT. NIRAMAS UTAMA"
"INPN001","PUDDING NUSANTARA 120GR 3SX16PACK","1","MFB","GOOD","NU","PT. NIRAMAS UTAMA"
"INPN001_BD","PUDDING NUSANTARA 120GR 3SX16PACK","1","MFB","BAD","NU","PT. NIRAMAS UTAMA"
"JYMN001","JOYMINT FRESH CANDY BX 15X10X25","1","MFB","GOOD","DP","DOLPHIN PT"
"JYMN001_BD","JOYMINT FRESH CANDY BX 15X10X25","1","MFB","BAD","DP","DOLPHIN PT"
"JYMN002","JOYMINT FRESH CANDY JAR 6X25X20G","0","MFB","GOOD","DP","DOLPHIN PT"
"JYMN002_BD","JOYMINT FRESH CANDY JAR 6X25X20G","1","MFB","BAD","DP","DOLPHIN PT"
"JYMN003","JOYMINT VIT C 12X10X25G","0","MFB","GOOD","DP","DOLPHIN PT"
"JYMN003_BD","JOYMINT VIT C 12X10X25G","1","MFB","BAD","DP","DOLPHIN PT"
"KKBC001","KOLANG KALING SP BLACKCURRANT 360GR","0","MFB","GOOD","NU","PT. NIRAMAS UTAMA"
"KKBC001_BD","KOLANG KALING SP BLACKCURRANT","1","MFB","BAD","NU","PT. NIRAMAS UTAMA"
"KKFB001","KOLANG KALING SP FRAMB 360GR","1","MFB","GOOD","NU","PT. NIRAMAS UTAMA"
"KKFB001_BD","KOLANG KALING SP FRAMB 360GR","1","MFB","BAD","NU","PT. NIRAMAS UTAMA"
"KKFB001_BN","KOLANG KALING SP FRAMB 360GR","1","MFB","BONUS","NU","PT. NIRAMAS UTAMA"
"KKMX001","KOLANGKALING MIX SP 360GR 24PC","0","MFB","GOOD","NU","PT. NIRAMAS UTAMA"
"KKMX001_BD","KOLANGKALING MIX SP 360GR 24PC","1","MFB","BAD","NU","PT. NIRAMAS UTAMA"
"KOMJ031","KONNYAKU MN.JELLY 16GR 20CUPX20PK","0","MFB","GOOD","NU","PT. NIRAMAS UTAMA"
"KOMJ031_BD","KONNYAKU MN.JELLY 16GR 20CUPX20PK","1","MFB","BAD","NU","PT. NIRAMAS UTAMA"
"KOMJ032_BD","KONNYAKU MN.JELLY 16GR MAKRO 2X10BD","1","MFB","BAD","NU","PT. NIRAMAS UTAMA"
"KOMJ033","KONNYAKU MN.JELLY 12SX30PK","1","MFB","GOOD","NU","PT. NIRAMAS UTAMA"
"KOMJ033_BD","KONNYAKU MN.JELLY 12SX30PK","1","MFB","BAD","NU","PT. NIRAMAS UTAMA"
"KRCL001","KARMELLOW RASA CARAMEL 20GX40PC","1","MFB","GOOD","SM","PT.SUARA MATAHARI TRADING"
"KRCL001_BD","KARMELLOW RASA CARAMEL 20GX40PC","1","MFB","BAD","SM","PT.SUARA MATAHARI TRADING"
"KRCO002","KARMELLOW RASA COKLAT 20GX40PC","1","MFB","GOOD","SM","PT.SUARA MATAHARI TRADING"
"KRCO002_BD","KARMELLOW RASA COKLAT 20GX40PC","1","MFB","BAD","SM","PT.SUARA MATAHARI TRADING"
"KRST003","KARMELLOW RASA STRAWBERRY 20GX40PC","1","MFB","GOOD","SM","PT.SUARA MATAHARI TRADING"
"KRST003_BD","KARMELLOW RASA STRAWBERRY 20GX40PC","1","MFB","BAD","SM","PT.SUARA MATAHARI TRADING"
"KSM01","KSEMAR 600ML POUCH","0","MFB","GOOD","SK","SEMAR KUNING"
"KSM01_BD","KSEMAR 600ML POUCH","1","MFB","BAD","SK","SEMAR KUNING"
"KSM02","KSEMAR 600ML BTL","1","MFB","GOOD","SK","SEMAR KUNING"
"KSM02_BD","KSEMAR 600ML BTL","1","MFB","BAD","SK","SEMAR KUNING"
"KSM03","KSEMAR 6KG JERIGEN","0","MFB","GOOD","SK","SEMAR KUNING"
"KSM03_BD","KSEMAR 6KG JERIGEN","1","MFB","BAD","SK","SEMAR KUNING"
"LCKB5","MNP LPC BADAK BOTOL 500ML","1","MFB","GOOD","77","PT SENTOSA KARYA GEMILANG"
"LCKT2","MNP LPC BADAK BOTOL 200ML","1","MFB","GOOD","77","PT SENTOSA KARYA GEMILANG"
"LCKTA","MNP LPC.BADAK CAN 320ML APPLE","1","MFB","GOOD","77","PT SENTOSA KARYA GEMILANG"
"LCKTG","MNP LPC BADAK CAN 320ML GRAPE","1","MFB","GOOD","77","PT SENTOSA KARYA GEMILANG"
"LCKTJ","MNP LPC BADAK CAN 320ML GUAVA","1","MFB","GOOD","77","PT SENTOSA KARYA GEMILANG"
"LCKTL","MNP LPC BADAK CAN 320ML LYCHEE","1","MFB","GOOD","77","PT SENTOSA KARYA GEMILANG"
"LCKTM","MNP LPC BADAK CAN 320ML MELON","1","MFB","GOOD","77","PT SENTOSA KARYA GEMILANG"
"LCKTO","MNP LPC BADAK  CAN 320ML ORANGE","1","MFB","GOOD","77","PT SENTOSA KARYA GEMILANG"
"LCKTS","MNP LPC BADAK CAN 320ML STRWBRY","1","MFB","GOOD","77","PT SENTOSA KARYA GEMILANG"
"LGD","LONG BAR STRAWBERRY 580GRX9BX","1","MFB","GOOD","UF","PT.UNION FOODS"
"LGD_BD","LONG BAR STRAWBERRY 580GRX9BX","1","MFB","BAD","UF","PT.UNION FOODS"
"LGE","LONG BAR STRAWBERRY 725GRX6JAR","1","MFB","GOOD","UF","PT.UNION FOODS"
"LGE_BD","LONG BAR STRAWBERRY 725GRX6JAR","1","MFB","BAD","UF","PT.UNION FOODS"
"LLENA","MNP LPC BADAK CAN 320ML LEMON","1","MFB","GOOD","77","PT SENTOSA KARYA GEMILANG"
"LLPAJ","MNP LPC.BADAK CAN-SLIM 238ML ANAK JAMBU","1","MFB","GOOD","77","PT SENTOSA KARYA GEMILANG"
"LLPAS","MNP LPC.BADAK CAN-SLIM 238ML ANAK STRWBR","1","MFB","GOOD","77","PT SENTOSA KARYA GEMILANG"
"LLPLK","MNP LPC BADAK BOTOL 350ML","1","MFB","GOOD","77","PT SENTOSA KARYA GEMILANG"
"LSPB001","LARISST POPCORN BERONDONG CHOCOBERRY 75GX30PC","1","MFB","GOOD","SM","PT.SUARA MATAHARI TRADING"
"LU4","LAZERY JUMBO ASSORTED 60GRX28BKS","1","MFB","GOOD","UF","PT.UNION FOODS"
"LU4_BD","LAZERY JUMBO ASSORTED 60GRX28BKS","1","MFB","BAD","UF","PT.UNION FOODS"
"LU6","LAZERY JUMBO ASS 112GRX28BAG","1","MFB","GOOD","UF","PT.UNION FOODS"
"LU6_BD","LAZERY JUMBO ASS 112GRX28BAG","1","MFB","BAD","UF","PT.UNION FOODS"
"LZLBA","LIANG TEH CAP BADAK","1","MFB","GOOD","77","PT SENTOSA KARYA GEMILANG"
"MAAL002","MANISAN ALOEVERA 330 GR X 24 JAR","0","MFB","GOOD","NU","PT. NIRAMAS UTAMA"
"MAAL002_BD","MANISAN ALOEVERA 330 GR X 24 JAR","1","MFB","BAD","NU","PT. NIRAMAS UTAMA"
"MBCDR001","BELLA CHOC DRINK RENCENG 3X20X28GR","1","MFB","GOOD","DPMT","PT.DOLPHIN MODERN TRADE"
"MBCDR002","BELLA CHOCOLATE DRINK 12X5X28GR","1","MFB","GOOD","DPMT","PT.DOLPHIN MODERN TRADE"
"MBCDR002_BD","BELLA CHOCOLATE DRINK 12X5X28GR","1","MFB","BAD","DPMT","PT.DOLPHIN MODERN TRADE"
"MBCMG001","BELLA CHOCO MULTI GRAIN 6BX12PCX22GR","1","MFB","GOOD","DPMT","PT.DOLPHIN MODERN TRADE"
"MBCMG001_BD","BELLA CHOCO MULTI GRAIN 6BX12PCX22GR","1","MFB","BAD","DPMT","PT.DOLPHIN MODERN TRADE"
"MBCPT001","BELLA CHOCO PASTE 5KG","0","MFB","GOOD","DPMT","PT.DOLPHIN MODERN TRADE"
"MBDCC001","BELLA DARK CHO COMPOUND 24X250GR","1","MFB","GOOD","DPMT","PT.DOLPHIN MODERN TRADE"
"MBDCC001_BD","BELLA DARK CHO COMPOUND 24X250GR","1","MFB","BAD","DPMT","PT.DOLPHIN MODERN TRADE"
"MBDCC002","BELLA DARK CHOCO COMPOUND 1 KG","0","MFB","GOOD","DPMT","PT.DOLPHIN MODERN TRADE"
"MBDCC003","BELLA DARK CHOCO COMPOUND 250GR","0","MFB","GOOD","DPMT","PT.DOLPHIN MODERN TRADE"
"MBLBG001","BELLA BIGGER BAG 12X10X24GR","0","MFB","GOOD","DPMT","PT.DOLPHIN MODERN TRADE"
"MBLBG001_BD","BELLA BIGGER BAG 12X10X24GR","1","MFB","BAD","DPMT","PT.DOLPHIN MODERN TRADE"
"MBLCB001_BD","BELLA CRISPY BAR BOX 20 gr","1","MFB","BAD","DPMT","PT.DOLPHIN MODERN TRADE"
"MBLCB002","BELLA CRISPY BAR BOX 20 gr 8 x24PC","0","MFB","GOOD","DPMT","PT.DOLPHIN MODERN TRADE"
"MBLCB003","BELLA CRISPY CEREAL  20 gr 8 x24PC","0","MFB","GOOD","DPMT","PT.DOLPHIN MODERN TRADE"
"MBLCB003_BD","BELLA CRISPY CEREAL  20 gr 8 x24PC","1","MFB","BAD","DPMT","PT.DOLPHIN MODERN TRADE"
"MBLCB004","BELLA MILK CHOCO BOX 20GR 12 X 24PC","0","MFB","GOOD","DPMT","PT.DOLPHIN MODERN TRADE"
"MBLCB005","BELLA MILK CHOCO BOX 20GR 6X 24PC","0","MFB","GOOD","DPMT","PT.DOLPHIN MODERN TRADE"
"MBLCB006","BELLA CRISPY CEREAL  20 gr 6x24PC","1","MFB","GOOD","DPMT","PT.DOLPHIN MODERN TRADE"
"MBLCB006_BD","BELLA CRISPY CEREAL  20 gr 6x24PC","1","MFB","BAD","DPMT","PT.DOLPHIN MODERN TRADE"
"MBLCB007","BELLA CRISPY CEREAL BX 12X24X10GR EXT 2PC","1","MFB","GOOD","DPMT","PT.DOLPHIN MODERN TRADE"
"MBLCB007_BD","BELLA CRISPY CEREAL BX 12X24X12GR EXT 2PC","1","MFB","BAD","DPMT","PT.DOLPHIN MODERN TRADE"
"MBLCC002","BELLA CHOCOLATE CHIPS BOX 24X150GR","1","MFB","GOOD","DPMT","PT.DOLPHIN MODERN TRADE"
"MBLCJ001_BD","BELLA CRISPY JAR 20 gr","1","MFB","BAD","DPMT","PT.DOLPHIN MODERN TRADE"
"MBLCJ002","BELLA CRISPY CEREAL JAR SQUARE","0","MFB","GOOD","DPMT","PT.DOLPHIN MODERN TRADE"
"MBLCM001","BELLA CHOC MEISES 90 gr 4 x 30 PC","0","MFB","GOOD","DPMT","PT.DOLPHIN MODERN TRADE"
"MBLCM001_BD","BELLA CHOC MEISES 90 gr","1","MFB","BAD","DPMT","PT.DOLPHIN MODERN TRADE"
"MBLCM002","BELLA CHOC MEISES 225 gr 4 x 12 PC","1","MFB","GOOD","DPMT","PT.DOLPHIN MODERN TRADE"
"MBLCM002_BD","BELLA CHOC MEISES 225 gr","1","MFB","BAD","DPMT","PT.DOLPHIN MODERN TRADE"
"MBLCM003","BELLA MEISES JAR 150GRx48","1","MFB","GOOD","DPMT","PT.DOLPHIN MODERN TRADE"
"MBLCM003_BD","BELLA MEISES JAR 150GRx48","1","MFB","BAD","DPMT","PT.DOLPHIN MODERN TRADE"
"MBLCM004","BELLA MEISES EKONOMI 3KG 4/CT","0","MFB","GOOD","DPMT","PT.DOLPHIN MODERN TRADE"
"MBLCM004_BD","BELLA MEISES EKONOMI 3KG 4/CT","1","MFB","BAD","DPMT","PT.DOLPHIN MODERN TRADE"
"MBLCM005","BELLA CHOCHOLATE MEISES 3KG","0","MFB","GOOD","DPMT","PT.DOLPHIN MODERN TRADE"
"MBLCM006","BELLA MEISES CHOCOLATE JAR 24X130G","1","MFB","GOOD","DPMT","PT.DOLPHIN MODERN TRADE"
"MBLCM006_BD","BELLA MEISES CHOCOLATE JAR 24X130G","1","MFB","BAD","DPMT","PT.DOLPHIN MODERN TRADE"
"MBLCM007","BELLA CHO RICE SACHET 10X12X90GR","1","MFB","GOOD","DPMT","PT.DOLPHIN MODERN TRADE"
"MBLCM007_BD","BELLA CHO RICE SACHET 10X12X90GR","1","MFB","BAD","DPMT","PT.DOLPHIN MODERN TRADE"
"MBLCP001","BELLA CRISPY CHO PREMIUM 6X12X50G","1","MFB","GOOD","DPMT","PT.DOLPHIN MODERN TRADE"
"MBLCP001_BD","BELLA CRISPY CHO PREMIUM 6X12X50G","1","MFB","BAD","DPMT","PT.DOLPHIN MODERN TRADE"
"MBLCP002","BELLA CASHEW CHO PREMIUM 6X12X45G","1","MFB","GOOD","DPMT","PT.DOLPHIN MODERN TRADE"
"MBLCP002_BD","BELLA CASHEW CHO PREMIUM 6X12X50G","1","MFB","BAD","DPMT","PT.DOLPHIN MODERN TRADE"
"MBLCP003","BELLA COOKIES&CREAM 6X12X50G","1","MFB","GOOD","DPMT","PT.DOLPHIN MODERN TRADE"
"MBLCP003_BD","BELLA COOKIES&CREAM 6X12X50G","1","MFB","BAD","DPMT","PT.DOLPHIN MODERN TRADE"
"MBLCP004","BELLA CHOC COOKIES&CREAM 12X24X10GR","1","MFB","GOOD","DPMT","PT.DOLPHIN MODERN TRADE"
"MBLCP004_BD","BELLA CHOC COOKIES&CREAM 12X24X12GR","1","MFB","BAD","DPMT","PT.DOLPHIN MODERN TRADE"
"MBLCP005","BELLA MILK CHOC PREMIUM 6X12X50GR BERHADIAH","0","MFB","GOOD","DPMT","PT.DOLPHIN MODERN TRADE"
"MBLLG001","BELLA LONGER 22GR 6X24PC","0","MFB","GOOD","DPMT","PT.DOLPHIN MODERN TRADE"
"MBLLG001_BD","BELLA LONGER 22GR 6X24PC","1","MFB","BAD","DPMT","PT.DOLPHIN MODERN TRADE"
"MBLMC001","BELLA MILK COKLAT BOX 20 gr 6 X 36PC","0","MFB","GOOD","DPMT","PT.DOLPHIN MODERN TRADE"
"MBLMC001_BD","BELLA MILK COKLAT BOX 20gr","1","MFB","BAD","DPMT","PT.DOLPHIN MODERN TRADE"
"MBLMC002","BELLA MILK  BOX 16 gr 8 X 24PC","0","MFB","GOOD","DPMT","PT.DOLPHIN MODERN TRADE"
"MBLMC002_BD","BELLA MILK  BOX 16 gr 8 X 24PC","1","MFB","BAD","DPMT","PT.DOLPHIN MODERN TRADE"
"MBLMJ001_BD","BELLA MILK JAR 24 gr","1","MFB","BAD","DPMT","PT.DOLPHIN MODERN TRADE"
"MBLMJ002","BELLA MILK JAR SQUARE 6X50","0","MFB","GOOD","DPMT","PT.DOLPHIN MODERN TRADE"
"MBLMJ002_BD","BELLA MILK JAR SQUARE 6X50","1","MFB","BAD","DPMT","PT.DOLPHIN MODERN TRADE"
"MBLMW001","BELLA MESES WARNA 90 GR 4x30 pcs","1","MFB","GOOD","DPMT","PT.DOLPHIN MODERN TRADE"
"MBLMW001_BD","BELLA MESES WARNA 90 GR","1","MFB","BAD","DPMT","PT.DOLPHIN MODERN TRADE"
"MBLMW002","BELLA MESES WARNA 225 GR 4x12 pcs","1","MFB","GOOD","DPMT","PT.DOLPHIN MODERN TRADE"
"MBLMW002_BD","BELLA MESES WARNA 225 GR","1","MFB","BAD","DPMT","PT.DOLPHIN MODERN TRADE"
"MBLMW003","BELLA CHO RICE MIX COLOR SCH 10X12X90G","1","MFB","GOOD","DPMT","PT.DOLPHIN MODERN TRADE"
"MBLMW003_BD","BELLA CHO RICE MIX COLOR SCH 10X12X90G","1","MFB","BAD","DPMT","PT.DOLPHIN MODERN TRADE"
"MBLPH001","BELLA PREMIUM HAZELNUT 6BX12PX45G","1","MFB","GOOD","DPMT","PT.DOLPHIN MODERN TRADE"
"MBLPH001_BD","BELLA PREMIUM HAZELNUT 6BX12PX45G","1","MFB","BAD","DPMT","PT.DOLPHIN MODERN TRADE"
"MBLWB001_BD","BELLA WAFER BIG CKLT 25 gr","1","MFB","BAD","DPMT","PT.DOLPHIN MODERN TRADE"
"MBLWB002_BD","BELLA WAFER BIG COK 25GR BANDED","1","MFB","BAD","DPMT","PT.DOLPHIN MODERN TRADE"
"MBLWB003","BELLA WAFER BIG TOPLES 6X50PCS","0","MFB","GOOD","DPMT","PT.DOLPHIN MODERN TRADE"
"MBLWB003_BD","BELLA WAFER BIG TOPLES 6X50PCS","1","MFB","BAD","DPMT","PT.DOLPHIN MODERN TRADE"
"MBLWB004_BD","BELLA WAFER BOX COKLAT 6x50PC","1","MFB","BAD","DPMT","PT.DOLPHIN MODERN TRADE"
"MBLWB005","BELLA BIGGER JAR 6X36PC","0","MFB","GOOD","DPMT","PT.DOLPHIN MODERN TRADE"
"MBLWB005_BD","BELLA BIGGER JAR 6X36PC","1","MFB","BAD","DPMT","PT.DOLPHIN MODERN TRADE"
"MBLWB006_BD","BELLA BIGGER BOX 6X24PC","1","MFB","BAD","DPMT","PT.DOLPHIN MODERN TRADE"
"MBLWB007_BD","BELLA BIGGER JAR 6X50PC","1","MFB","BAD","DPMT","PT.DOLPHIN MODERN TRADE"
"MBLWB008","BELLA WAFER BOX COKLAT 6X36","0","MFB","GOOD","DPMT","PT.DOLPHIN MODERN TRADE"
"MBLWC001","BELLA WAFER COKLAT 12 gr 20x10pc","0","MFB","GOOD","DPMT","PT.DOLPHIN MODERN TRADE"
"MBLWC001_BD","BELLA WAFER COKLAT 15 gr","1","MFB","BAD","DPMT","PT.DOLPHIN MODERN TRADE"
"MBLWC002","BELLA WAFER BAG NEW CHO 12gr 10x20pc","0","MFB","GOOD","DPMT","PT.DOLPHIN MODERN TRADE"
"MBLWC002_BD","BELLA WAFER BAG NEW CHO 12gr 10x20pc","0","MFB","BAD","DPMT","PT.DOLPHIN MODERN TRADE"
"MBLWK001_BD","BELLA WAFER COCONUT 15 gr","1","MFB","BAD","DPMT","PT.DOLPHIN MODERN TRADE"
"MBLWO001_BD","BELLA WAFER ORANGE 15 gr","1","MFB","BAD","DPMT","PT.DOLPHIN MODERN TRADE"
"MBLWP001_BD","BELLA WAFER COCOPANDAN 15 gr","1","MFB","BAD","DPMT","PT.DOLPHIN MODERN TRADE"
"MBLWS001","BELLA WFR STRAWBERRY 12gr 20x10pc","0","MFB","GOOD","DPMT","PT.DOLPHIN MODERN TRADE"
"MBLWS001_BD","BELLA WAFER STRAWBERRY 15 gr","1","MFB","BAD","DPMT","PT.DOLPHIN MODERN TRADE"
"MBLYG001","BELLA YOGHURT 12GR","0","MFB","GOOD","DPMT","PT.DOLPHIN MODERN TRADE"
"MBLYG001_BD","BELLA YOGHURT 12GR","1","MFB","BAD","DPMT","PT.DOLPHIN MODERN TRADE"
"MBMCH002","BELLA PREMIUM CRUNCHY MALT 6BX12PX45G","1","MFB","GOOD","DPMT","PT.DOLPHIN MODERN TRADE"
"MBMCH002_BD","BELLA PREMIUM CRUNCHY MALT 6BX12PX45G","1","MFB","BAD","DPMT","PT.DOLPHIN MODERN TRADE"
"MBMCH003","BELLA SPREAD MALT CRUNCHY 12X300GR","1","MFB","GOOD","DPMT","PT.DOLPHIN MODERN TRADE"
"MBMSP001","BELLA MR.P SPREAD PEANUT 12X300GR","1","MFB","GOOD","DPMT","PT.DOLPHIN MODERN TRADE"
"MBMSP001_BD","BELLA MR.P SPREAD PEANUT 12X300GR","1","MFB","BAD","DPMT","PT.DOLPHIN MODERN TRADE"
"MBPHC001","BELLA MR.P Pre Honey Cashew 6BX12PCX45G","1","MFB","GOOD","DPMT","PT.DOLPHIN MODERN TRADE"
"MBPHC001_BD","BELLA MR.P Pre Honey Cashew 6BX12PCX45G","1","MFB","BAD","DPMT","PT.DOLPHIN MODERN TRADE"
"MBPSP001","BELLA MrP SPREAD PEANUT JAR 24X200G","1","MFB","GOOD","DPMT","PT.DOLPHIN MODERN TRADE"
"MBSCC001","BELLA SPREAD CHO JAR 12X300GR","1","MFB","GOOD","DPMT","PT.DOLPHIN MODERN TRADE"
"MBSCC001_BD","BELLA SPREAD CHO JAR 12/CT","1","MFB","BAD","DPMT","PT.DOLPHIN MODERN TRADE"
"MBSCC002","BELLA SPREAD CASHEW CHOC 12X300GR","1","MFB","GOOD","DPMT","PT.DOLPHIN MODERN TRADE"
"MBSCC002_BD","BELLA SPREAD CASHEW CHOC 12X330GR","1","MFB","BAD","DPMT","PT.DOLPHIN MODERN TRADE"
"MBSCC003","BELLA SPREAD TWIN CHOC HAZENUT 330G","1","MFB","GOOD","DPMT","PT.DOLPHIN MODERN TRADE"
"MBSCC004","BELLA SPREAD TWIN CHOC CHEESE 330G","1","MFB","GOOD","DPMT","PT.DOLPHIN MODERN TRADE"
"MBSCE001","BELLA SPREAD CHOCOLATE JAR 24X200GR","1","MFB","GOOD","DPMT","PT.DOLPHIN MODERN TRADE"
"MBSCE001_BD","BELLA SPREAD CHOCOLATE JAR 24X200GR","1","MFB","BAD","DPMT","PT.DOLPHIN MODERN TRADE"
"MBSCH001","BELLA SPREAD CHOCO HAZELNUT SCH 12BX8PX30GR","1","MFB","GOOD","DPMT","PT.DOLPHIN MODERN TRADE"
"MBSCH001_BD","BELLA SPREAD CHOCO HAZELNUT SCH 12BX8PX30GR","1","MFB","BAD","DPMT","PT.DOLPHIN MODERN TRADE"
"MBSCH002","BELLA SPREAD CHO HAZEL JAR 12X300GR","1","MFB","GOOD","DPMT","PT.DOLPHIN MODERN TRADE"
"MBSCH003","BELLA SPREAD CHO HAZELNUT JAR 24X200G","1","MFB","GOOD","DPMT","PT.DOLPHIN MODERN TRADE"
"MBSCN001","BELLA SPREAD CHASEWNUT 300 JAR 12/CT","1","MFB","GOOD","DPMT","PT.DOLPHIN MODERN TRADE"
"MBSCN001_BD","BELLA SPREAD CHASEWNUT 300 JAR 12/CT","1","MFB","BAD","DPMT","PT.DOLPHIN MODERN TRADE"
"MBSCN002","BELLA SPREAD CHASEWNUT JAR 24X200G","1","MFB","GOOD","DPMT","PT.DOLPHIN MODERN TRADE"
"MBSCN002_BD","BELLA SPREAD CHASEWNUT JAR 24X200G","1","MFB","BAD","DPMT","PT.DOLPHIN MODERN TRADE"
"MBSCN003","BELLA SPREAD CHO CHASHEWNUT JAR 24X200G","1","MFB","GOOD","DPMT","PT.DOLPHIN MODERN TRADE"
"MBSCS001","BELLA SPREAD CHEESE JAR 12X300GR","1","MFB","GOOD","DPMT","PT.DOLPHIN MODERN TRADE"
"MBSCS001_BD","BELLA SPREAD CHEESE JAR 12X330GR","1","MFB","BAD","DPMT","PT.DOLPHIN MODERN TRADE"
"MBSCS002","BELLA SPREAD CHEESE JAR 24X200G","1","MFB","GOOD","DPMT","PT.DOLPHIN MODERN TRADE"
"MBSCS002_BD","BELLA SPREAD CHEESE JAR 24X200G","1","MFB","BAD","DPMT","PT.DOLPHIN MODERN TRADE"
"MBSCT001","BELLA SPREAD TIRAMISU JAR 12/CT 300GR","1","MFB","GOOD","DPMT","PT.DOLPHIN MODERN TRADE"
"MBSCT001_BD","BELLA SPREAD TIRAMISU JAR 24/CT","1","MFB","BAD","DPMT","PT.DOLPHIN MODERN TRADE"
"MBSMC001","BELLA SPREAD MALT CRUN JAR 24 X200G","1","MFB","GOOD","DPMT","PT.DOLPHIN MODERN TRADE"
"MBSMC001_BD","BELLA SPREAD MALT CRUN JAR 24 X200G","1","MFB","BAD","DPMT","PT.DOLPHIN MODERN TRADE"
"MBSOC001","BELLA SPREAD CHO CHEESE JAR 24 X200G","1","MFB","GOOD","DPMT","PT.DOLPHIN MODERN TRADE"
"MBSSC001","BELLA SPREAD CASHEW SCH 12BX8PX30GR","1","MFB","GOOD","DPMT","PT.DOLPHIN MODERN TRADE"
"MBSSC001_BD","BELLA SPREAD CASHEW SCH 12BX8PX30GR","1","MFB","BAD","DPMT","PT.DOLPHIN MODERN TRADE"
"MBSTU001","BELLA SPREAD TIRAMISU JAR 24X 200G","1","MFB","GOOD","DPMT","PT.DOLPHIN MODERN TRADE"
"MBSTU001_BD","BELLA SPREAD TIRAMISU JAR 24X 200G","1","MFB","BAD","DPMT","PT.DOLPHIN MODERN TRADE"
"MBWCC001","BELLA WHITE CHO COMPOUND 24X250GR","1","MFB","GOOD","DPMT","PT.DOLPHIN MODERN TRADE"
"MBWCC001_BD","BELLA WHITE CHO COMPOUND 24X250GR","1","MFB","BAD","DPMT","PT.DOLPHIN MODERN TRADE"
"MBWCC002","BELLA WHITE CHOCO COMPOUND 1KG","0","MFB","GOOD","DPMT","PT.DOLPHIN MODERN TRADE"
"MBWCC003","BELLA WHITE CHOCO COMPOUND 250GR","0","MFB","GOOD","DPMT","PT.DOLPHIN MODERN TRADE"
"MBWYG002","BELLA WAFER YOGHURT BX 6X24X18G","0","MFB","GOOD","DP","DOLPHIN PT"
"MBWYG002_BD","BELLA WAFER YOGHURT BX 6X24X18G","1","MFB","BAD","DP","DOLPHIN PT"
"MCCB001_BD","MARY QUEEN CASHEW NUTBOX 25 gr","1","MFB","BAD","DP","DOLPHIN PT"
"MCCB002","MARY QUEEN CASHEW NUTBOX 28 gr","0","MFB","GOOD","DP","DOLPHIN PT"
"MCCB002_BD","MARY QUEEN CASHEW NUTBOX 28 gr","1","MFB","BAD","DP","DOLPHIN PT"
"MCCB003","MARY QUEEN C.NUT BOX METALIZE 6X36 18GR","0","MFB","GOOD","DP","DOLPHIN PT"
"MCCB003_BD","MARY QUEEN C NUT BOX METALIZE 6 X 36 18GR","1","MFB","BAD","DP","DOLPHIN PT"
"MCCB004","MARY QUEEN C.NUT BOX  8X24 18GR","0","MFB","GOOD","DP","DOLPHIN PT"
"MCCB004_BD","MARY QUEEN C.NUT BOX  8X24 18GR","1","MFB","BAD","DP","DOLPHIN PT"
"MCCB005","MARRY QUEEN BOX 20GR","0","MFB","GOOD","DP","DOLPHIN PT"
"MCCB005_BD","MARRY QUEEN BOX 20GR","1","MFB","BAD","DP","DOLPHIN PT"
"MCCB006","MARRY QUEEN BOX 20GR 6X24 144/CT","1","MFB","GOOD","DP","DOLPHIN PT"
"MCCB006_BD","MARRY QUEEN BOX 20GR 6X24 144/CT","1","MFB","BAD","DP","DOLPHIN PT"
"MCCB007","MARRY QUEEN BOX 10GR 12X24X12G 288/CT","1","MFB","GOOD","DP","DOLPHIN PT"
"MCCB007_BD","MARRY QUEEN BOX 10GR 12X24 288/CT","1","MFB","BAD","DP","DOLPHIN PT"
"MCCB008","MARRY QUEEN BIG 12X12X20G","1","MFB","GOOD","DP","DOLPHIN PT"
"MCCB008_BD","MARRY QUEEN BIG 12X12X25GR","1","MFB","BAD","DP","DOLPHIN PT"
"MCCBF001","CHO CHO BUTTERFLY 6X12X30GR","1","MFB","GOOD","DPMT","PT.DOLPHIN MODERN TRADE"
"MCCBF001_BD","CHO CHO BUTTERFLY 6X12X30GR","1","MFB","BAD","DPMT","PT.DOLPHIN MODERN TRADE"
"MCCCV001_BD","CHO CHO CREPES VANILLA BOX 24X50GR","1","MFB","BAD","DPMT","PT.DOLPHIN MODERN TRADE"
"MCCCV002_BD","CHO CHO CREPES VANILLA SACHET 6X20","1","MFB","BAD","DPMT","PT.DOLPHIN MODERN TRADE"
"MCCHD001","CHO CHO HAZELNUT DIP 4X6X25GR","1","MFB","GOOD","DPMT","PT.DOLPHIN MODERN TRADE"
"MCCHD001_BD","CHO CHO HAZELNUT DIP 4X6X25GR","1","MFB","BAD","DPMT","PT.DOLPHIN MODERN TRADE"
"MCCJG001","CHO CHO JOY GT 4X6X20G","1","MFB","GOOD","DPMT","PT.DOLPHIN MODERN TRADE"
"MCCJJ001","CHO CHO JOY JUMBO 2X6X50G","1","MFB","GOOD","DPMT","PT.DOLPHIN MODERN TRADE"
"MCCJJ001_BD","CHO CHO JOY JUMBO 2X6X50G","1","MFB","BAD","DPMT","PT.DOLPHIN MODERN TRADE"
"MCCJM001","CHO CHO JOY MINI 4X12X20G","1","MFB","GOOD","DPMT","PT.DOLPHIN MODERN TRADE"
"MCCJM001_BD","CHO CHO JOY MINI 4X12X20G","1","MFB","BAD","DPMT","PT.DOLPHIN MODERN TRADE"
"MCCJP001","CHO CHO JOY PACK 10X3X20GR","1","MFB","GOOD","DPMT","PT.DOLPHIN MODERN TRADE"
"MCCJS001","CHO CHOC JOY SUPER 2X6X30GR","1","MFB","GOOD","DPMT","PT.DOLPHIN MODERN TRADE"
"MCCJS001_BD","CHO CHOC JOY SUPER 2X6X40GR","1","MFB","BAD","DP","DOLPHIN PT"
"MCCKB001","CHO CHO KU BAG 20X10","0","MFB","GOOD","DPMT","PT.DOLPHIN MODERN TRADE"
"MCCKR001","CHOCHO KARAMELO BOX 12X12X20G","1","MFB","GOOD","DPMT","PT.DOLPHIN MODERN TRADE"
"MCCKR001_BD","CHOCHO KARAMELO BOX 12X12X20G","1","MFB","BAD","DPMT","PT.DOLPHIN MODERN TRADE"
"MCCLC001","CHOCHO LOLLIPOP CHOCOLATE 12X12X18G","1","MFB","GOOD","DPMT","PT.DOLPHIN MODERN TRADE"
"MCCLY001","CHO CHO LOLY 8X24X8GR","1","MFB","GOOD","DPMT","PT.DOLPHIN MODERN TRADE"
"MCCLY001_BD","CHO CHO LOLY 8X24X12GR","1","MFB","BAD","DPMT","PT.DOLPHIN MODERN TRADE"
"MCCLY002","CHO CHO LOLY STRAW 8X24X8GR","1","MFB","GOOD","DPMT","PT.DOLPHIN MODERN TRADE"
"MCCLY002_BD","CHO CHO LOLY STRAW 8X24X12GR","1","MFB","BAD","DPMT","PT.DOLPHIN MODERN TRADE"
"MCCMC002","CHO CHO MILK CHOCOLATE 12X12X20G","1","MFB","GOOD","DPMT","PT.DOLPHIN MODERN TRADE"
"MCCMC002_BD","CHO CHO MILK CHOCOLATE 12X12X25G","1","MFB","BAD","DP","DOLPHIN PT"
"MCCMM001","CHO CHO MILK MINI 24X24","1","MFB","GOOD","DPMT","PT.DOLPHIN MODERN TRADE"
"MCCMM001_BD","CHO CHO MILK MINI 24X24","1","MFB","BAD","DPMT","PT.DOLPHIN MODERN TRADE"
"MCCMN002","CHO CHO MILK MINI JAR 12X24X8GR","1","MFB","GOOD","DPMT","PT.DOLPHIN MODERN TRADE"
"MCCMN002_BD","CHO CHO MILK MINI JAR 12X24","1","MFB","BAD","DPMT","PT.DOLPHIN MODERN TRADE"
"MCCMR001","CHO CHO MEISES RENCENG 8X3X10X8GR EXT 1PC","0","MFB","GOOD","DPMT","PT.DOLPHIN MODERN TRADE"
"MCCMR002","CHO MEISES RENCENG MIX 8X30X7GR","1","MFB","GOOD","DPMT","PT.DOLPHIN MODERN TRADE"
"MCCMR002_BD","CHO MEISES RENCENG MIX 8X30X7GR","1","MFB","BAD","DPMT","PT.DOLPHIN MODERN TRADE"
"MCCMT002","CHO CHO METEORA BIG SCH 6X12X45GR","0","MFB","GOOD","DP","DOLPHIN PT"
"MCCMT003","CHO CHO METEORA BOX 6X12X35GR","0","MFB","GOOD","DP","DOLPHIN PT"
"MCCMW001","CHO CHO MAXI WHITE 12X24X20","0","MFB","GOOD","DPMT","PT.DOLPHIN MODERN TRADE"
"MCCMW001_BD","CHO CHO MAXI WHITE 12X24X20","1","MFB","BAD","DPMT","PT.DOLPHIN MODERN TRADE"
"MCCN001_BD","MARY QUEEN CASHEW NUT JAR 25gr","1","MFB","BAD","DP","DOLPHIN PT"
"MCCNB001","CHO CHO CMPND NICEBAR 24X250GR","1","MFB","GOOD","DPMT","PT.DOLPHIN MODERN TRADE"
"MCCNB001_BD","CHO CHO CMPND NICEBAR 24X250GR","1","MFB","BAD","DPMT","PT.DOLPHIN MODERN TRADE"
"MCCPC001","CHO CHO PIZZA CHOCOLATE 12 BOXX45GR","1","MFB","GOOD","DPMT","PT.DOLPHIN MODERN TRADE"
"MCCPL001","CHOCOLATE PASTA LUNCH BX 12X40X12G","1","MFB","GOOD","DPMT","PT.DOLPHIN MODERN TRADE"
"MCCPL002","CHO CHO PASTA LONG JAR 12X50X5GR","0","MFB","GOOD","DPMT","PT.DOLPHIN MODERN TRADE"
"MCCRJ001","CHOCHO CHOCOLATE RICE JAR 24X200G","1","MFB","GOOD","DPMT","PT.DOLPHIN MODERN TRADE"
"MCCRJ001_BD","CHOCHO CHOCOLATE RICE JAR 24X200G","1","MFB","BAD","DPMT","PT.DOLPHIN MODERN TRADE"
"MCCRL001","CHO CHO WAFER STICK SINGLE","1","MFB","GOOD","DPMT","PT.DOLPHIN MODERN TRADE"
"MCCRL001_BD","CHO CHO WAFER STICK SINGLE","1","MFB","BAD","DPMT","PT.DOLPHIN MODERN TRADE"
"MCCSB001","CHO CHO SNACK CHOCLATE BAG 12X10X15G","1","MFB","GOOD","DPMT","PT.DOLPHIN MODERN TRADE"
"MCCSB002","CHO CHO SNACK STRAWBERRY 12X10X15G","1","MFB","GOOD","DPMT","PT.DOLPHIN MODERN TRADE"
"MCCSB003","CHOCHO SNACK CHOCOLATE MEISES BAG 12X10X15G","1","MFB","GOOD","DPMT","PT.DOLPHIN MODERN TRADE"
"MCCSB005","CHOCHO SEMPRONG BAG 4BX6PCX85G","1","MFB","GOOD","DPMT","PT.DOLPHIN MODERN TRADE"
"MCCSB005_BD","CHOCHO SEMPRONG BAG 4BX6PCX85G","1","MFB","BAD","DPMT","PT.DOLPHIN MODERN TRADE"
"MCCSM001","CHOCHO SNACK CHO MEISES 12X10X15G SANRIO","1","MFB","GOOD","DPMT","PT.DOLPHIN MODERN TRADE"
"MCCSM001_BD","CHOCHO SNACK CHO MEISES 12X10X15G SANRIO","1","MFB","BAD","DPMT","PT.DOLPHIN MODERN TRADE"
"MCCSO001","CHOCHO SNACK CHO 12X10X15GR SANRIO","1","MFB","GOOD","DPMT","PT.DOLPHIN MODERN TRADE"
"MCCSO001_BD","CHOCHO SNACK CHO 12X10X15GR SANRIO","1","MFB","BAD","DPMT","PT.DOLPHIN MODERN TRADE"
"MCCSS001","CHOCHO CHO STRW 12X10X15G SANRIO","1","MFB","GOOD","DPMT","PT.DOLPHIN MODERN TRADE"
"MCCSS001_BD","CHOCHO CHO STRW 12X10X15G SANRIO","1","MFB","BAD","DPMT","PT.DOLPHIN MODERN TRADE"
"MCCSV001","CHOCHO SNACK CHO VAN 12X10X15GR SANRIO","1","MFB","GOOD","DPMT","PT.DOLPHIN MODERN TRADE"
"MCCSV001_BD","CHOCHO SNACK CHO VAN 12X10X15GR SANRIO","1","MFB","BAD","DPMT","PT.DOLPHIN MODERN TRADE"
"MCCWC001","CHOCHO WS COOKIES&CREAM 6X10X29G","1","MFB","GOOD","DPMT","PT.DOLPHIN MODERN TRADE"
"MCCWC001_BD","CHOCHO WS COOKIES&CREAM 6X10X33G","1","MFB","BAD","DPMT","PT.DOLPHIN MODERN TRADE"
"MCCWR001","CHO CHO WAFER ROLL COOKIES & CREAM 6X500GR","1","MFB","GOOD","DPMT","PT.DOLPHIN MODERN TRADE"
"MCCWR001_BD","CHO CHO WAFER ROLL COOKIES & CREAM 6X500GR","1","MFB","BAD","DPMT","PT.DOLPHIN MODERN TRADE"
"MCCWR002","CHO CHO WAFER ROLL SEMPRONG 6X300G","1","MFB","GOOD","DPMT","PT.DOLPHIN MODERN TRADE"
"MCCWR002_BD","CHO CHO WAFER ROLL SEMPRONG 6X300G","1","MFB","BAD","DPMT","PT.DOLPHIN MODERN TRADE"
"MCCWS001","CHO CHO WAFER SNACK ASSORTED 8X6","1","MFB","GOOD","DPMT","PT.DOLPHIN MODERN TRADE"
"MCCXS001","CHO CHO XXTRA SINGLE 12X20X14GR","1","MFB","GOOD","DPMT","PT.DOLPHIN MODERN TRADE"
"MCOBD001_BD","CHO CHO BIS DUPLEK 18GR 12 X 10PC","1","MFB","BAD","DPMT","PT.DOLPHIN MODERN TRADE"
"MCOBR001_BD","CHO CHO BIS RENCENG 25 gr","1","MFB","BAD","DPMT","PT.DOLPHIN MODERN TRADE"
"MCOBW001_BD","CHO OLE BALL BLACK &WHITE 25GR","1","MFB","BAD","DPMT","PT.DOLPHIN MODERN TRADE"
"MCOCC001","CHO CHO CHOCOLATE 123 12GR","0","MFB","GOOD","DPMT","PT.DOLPHIN MODERN TRADE"
"MCOCC001_BD","CHO CHO CHOCOLATE 123 12GR","1","MFB","BAD","DPMT","PT.DOLPHIN MODERN TRADE"
"MCOCC002","CHO CHO CHOCOLATE 123 JAR","0","MFB","GOOD","DPMT","PT.DOLPHIN MODERN TRADE"
"MCOCC003","CHO CHO 123 10X60X3.2GR","1","MFB","GOOD","DPMT","PT.DOLPHIN MODERN TRADE"
"MCOCC003_BD","CHO CHO 123 10X60X3.2GR","1","MFB","BAD","DPMT","PT.DOLPHIN MODERN TRADE"
"MCOCM002","CHO MEISES COKLAT 24 x 200 GR","1","MFB","GOOD","DPMT","PT.DOLPHIN MODERN TRADE"
"MCOCM002_BD","CHO MEISES COKLAT 24 x 200 GR","1","MFB","BAD","DPMT","PT.DOLPHIN MODERN TRADE"
"MCOCR001","CHO CHO CERUTTOS 6X24X12GR","0","MFB","GOOD","DPMT","PT.DOLPHIN MODERN TRADE"
"MCOCR001_BD","CHO CHO CERUTTOS 6X24X12GR","1","MFB","BAD","DPMT","PT.DOLPHIN MODERN TRADE"
"MCOKR001","CHO CHO KARAMELLO 6X24PC 20GR","1","MFB","GOOD","DPMT","PT.DOLPHIN MODERN TRADE"
"MCOKR001_BD","CHO CHO KARAMELLO 6X24PC","1","MFB","BAD","DPMT","PT.DOLPHIN MODERN TRADE"
"MCOKR002","CHO CHO KARAMELLO RCG 12X12PC","0","MFB","GOOD","DPMT","PT.DOLPHIN MODERN TRADE"
"MCOKR002_BD","CHO CHO KARAMELLO RCNG 12X12PC","1","MFB","BAD","DPMT","PT.DOLPHIN MODERN TRADE"
"MCOKR003","CHO CHO KARAMELO 12X24X12G","1","MFB","GOOD","DPMT","PT.DOLPHIN MODERN TRADE"
"MCOKR003_BD","CHO CHO KARAMELO 12X24X12G","1","MFB","BAD","DP","DOLPHIN PT"
"MCOKU001","CHO CHO KU 15 gr 20 x 10 PC","0","MFB","GOOD","DPMT","PT.DOLPHIN MODERN TRADE"
"MCOKU001_BD","CHO CHO KU 15 gr","1","MFB","BAD","DPMT","PT.DOLPHIN MODERN TRADE"
"MCOKU002_BD","CHO CHO KU BOX 6X36PC","1","MFB","BAD","DPMT","PT.DOLPHIN MODERN TRADE"
"MCOMC001","CHO CHO MILK CKLT 13 gr 20 x 25 PC","1","MFB","GOOD","DPMT","PT.DOLPHIN MODERN TRADE"
"MCOMC001_BD","CHO CHO MILK CKT 14 gr","1","MFB","BAD","DPMT","PT.DOLPHIN MODERN TRADE"
"MCOMC002","CHO CHO MILK COKLAT 18 GR 20 x 50s","0","MFB","GOOD","DPMT","PT.DOLPHIN MODERN TRADE"
"MCOMC002_BD","CHO CHO MILK COKLAT 18GR 20X50S","1","MFB","BAD","DPMT","PT.DOLPHIN MODERN TRADE"
"MCOMC003","CHO CHO MILK WHITE SMALL 25/BOX 14GR","0","MFB","GOOD","DPMT","PT.DOLPHIN MODERN TRADE"
"MCOMC003_BD","CHO CHO MILK WHITE SMALL 25/BOX 14 GR","1","MFB","BAD","DPMT","PT.DOLPHIN MODERN TRADE"
"MCOMC004","CHO CHO MAXI CHOCO 12X24X20GR","0","MFB","GOOD","DPMT","PT.DOLPHIN MODERN TRADE"
"MCOMC004_BD","CHO CHO MAXI CHOCO 12X24X20GR","1","MFB","BAD","DPMT","PT.DOLPHIN MODERN TRADE"
"MCOMC005","CHO CHO MILK CHOCO SMALL 20X24","0","MFB","GOOD","DPMT","PT.DOLPHIN MODERN TRADE"
"MCOMC005_BD","CHO CHO MILK CHOCO SMALL 20X24","1","MFB","BAD","DPMT","PT.DOLPHIN MODERN TRADE"
"MCOMC006","CHO CHO MILK WHITE SMALL 24/BOX 14GR","0","MFB","GOOD","DPMT","PT.DOLPHIN MODERN TRADE"
"MCOMC006_BD","CHO CHO MILK WHITE SMALL 24/BOX 14GR","1","MFB","BAD","DPMT","PT.DOLPHIN MODERN TRADE"
"MCOMC007","CHO CHO MILK 20X10BANDET X5 X12GR","0","MFB","GOOD","DPMT","PT.DOLPHIN MODERN TRADE"
"MCOMC007_BD","CHO CHO MILK 20X50 BANDED","1","MFB","BAD","DPMT","PT.DOLPHIN MODERN TRADE"
"MCOMC008","CHO CHO MILK10 X8 BANDEDX3X20GR","0","MFB","GOOD","DPMT","PT.DOLPHIN MODERN TRADE"
"MCOMC008_BD","CHO CHO MILK10 X8 BANDEDX3X20GR","1","MFB","BAD","DPMT","PT.DOLPHIN MODERN TRADE"
"MCOMC009","CHO CHO MILK CHOCO 1000 10X24X13R","1","MFB","GOOD","DPMT","PT.DOLPHIN MODERN TRADE"
"MCOMC009_BD","CHO CHO MILK CHOCO 1000 10X24X13GR","1","MFB","BAD","DP","DOLPHIN PT"
"MCOMC010","CHO CHO MILK WHITE 1000 10X24X20GR","0","MFB","GOOD","DP","DOLPHIN PT"
"MCOMC010_BD","CHO CHO MILK WHITE 1000 10X24X20GR","1","MFB","BAD","DP","DOLPHIN PT"
"MCOMC011","CHO CHO MILK CHOCO 12X24X10GR","1","MFB","GOOD","DPMT","PT.DOLPHIN MODERN TRADE"
"MCOMC011_BD","CHO CHO MILK CHOCO 12X24X10GR","1","MFB","BAD","DPMT","PT.DOLPHIN MODERN TRADE"
"MCOMS001","CHO CHO MILK STRAWBERRY 12X24X10GR","1","MFB","GOOD","DPMT","PT.DOLPHIN MODERN TRADE"
"MCOMS001_BD","CHO CHO MILK STRAWBERRY 12X24X10GR","1","MFB","BAD","DPMT","PT.DOLPHIN MODERN TRADE"
"MCOMW001","CHO CHO MILK WAFER 12GR 6X24","0","MFB","GOOD","DPMT","PT.DOLPHIN MODERN TRADE"
"MCOMW001_BD","CHO CHO MILK WAFER 12GR 6X24","1","MFB","BAD","DPMT","PT.DOLPHIN MODERN TRADE"
"MCOMW002","CHO MILK WAFER CHOCOLATE 8X24X16","1","MFB","GOOD","DPMT","PT.DOLPHIN MODERN TRADE"
"MCONB001","CHO CHO NYEM LAYER BIG 10 gr 40 x 10 PC","0","MFB","GOOD","DPMT","PT.DOLPHIN MODERN TRADE"
"MCONB001_BD","CHO CHO NYEM LAYER BIG 10 gr","1","MFB","BAD","DPMT","PT.DOLPHIN MODERN TRADE"
"MCONL001","CHO NYEM LONGSTICK TPL 7GR 12x50pc","1","MFB","GOOD","DPMT","PT.DOLPHIN MODERN TRADE"
"MCONL001_BD","CHO NYEM LONGSTICK TPL 11 GR","1","MFB","BAD","DPMT","PT.DOLPHIN MODERN TRADE"
"MCONL002","CHO NYEM LONGSTICK TPL 11GR 12x24pc","0","MFB","GOOD","DPMT","PT.DOLPHIN MODERN TRADE"
"MCONL002_BD","CHO NYEM LONGSTICK TPL 11GR 12x24pc","1","MFB","BAD","DPMT","PT.DOLPHIN MODERN TRADE"
"MCONL003","CHO CHO NYEM LONG 12JARX36","0","MFB","GOOD","DPMT","PT.DOLPHIN MODERN TRADE"
"MCONL005","CHO NYEMNYEM CHOCOLATE CUP 12X50","0","MFB","GOOD","DP","DOLPHIN PT"
"MCOOB001_BD","CHO OLE BAG BSR 65 GR","1","MFB","BAD","DPMT","PT.DOLPHIN MODERN TRADE"
"MCOPB001","CHO CHO PILLOW BIGSIZE (HEXAGONAL) 32GR 10x3pc","1","MFB","GOOD","DPMT","PT.DOLPHIN MODERN TRADE"
"MCOPB001_BD","CHO CHO PILLOW BIGSIZE (HEXAGONAL) 32 GR","1","MFB","BAD","DPMT","PT.DOLPHIN MODERN TRADE"
"MCOPB002","CHO-CHO PILOW BIGSIZE 6X6.28GR BERHADIAH","1","MFB","GOOD","DPMT","PT.DOLPHIN MODERN TRADE"
"MCOPB002_BD","CHO-CHO PILOW BIGSIZE 6X6.32GR BERHADIAH","1","MFB","BAD","DPMT","PT.DOLPHIN MODERN TRADE"
"MCOPB003","CHO CHO PILLOW BIGSIZE 6X6X28G /6PC","0","MFB","GOOD","DPMT","PT.DOLPHIN MODERN TRADE"
"MCORC001_BD","CHO CHO CREPES 24 X 50GR","1","MFB","BAD","DPMT","PT.DOLPHIN MODERN TRADE"
"MCORC002_BD","CHO CHO BANANA CREPES 6x20x25gr","1","MFB","BAD","DPMT","PT.DOLPHIN MODERN TRADE"
"MCORC003","CHO CHO CREPES VANILA 6X20X25GR","0","MFB","GOOD","DPMT","PT.DOLPHIN MODERN TRADE"
"MCORC003_BD","CHO CHO CREPES VANILA 6X20X25GR","1","MFB","BAD","DPMT","PT.DOLPHIN MODERN TRADE"
"MCOSN001","CHO CHO SNACK 25 GR 12x12pc","0","MFB","GOOD","DPMT","PT.DOLPHIN MODERN TRADE"
"MCOSN001_BD","CHO CHO SNACK 25 GR","1","MFB","BAD","DPMT","PT.DOLPHIN MODERN TRADE"
"MCOWC001","CHO WS COKLAT TPL 260gr 12 x 60 PC","1","MFB","GOOD","DPMT","PT.DOLPHIN MODERN TRADE"
"MCOWC001_BD","CHO WS COKLAT TPL 260 gr","1","MFB","BAD","DPMT","PT.DOLPHIN MODERN TRADE"
"MCOWC002","CHO WS COKLAT TPL 500 gr 6 x 130 PC","1","MFB","GOOD","DPMT","PT.DOLPHIN MODERN TRADE"
"MCOWC002_BD","CHO WS COKLAT TPL 500 gr 6 x 130 PC","1","MFB","BAD","DPMT","PT.DOLPHIN MODERN TRADE"
"MCOWC003","CHO WFR SNACK COK-CHEESE 35 gr 6x10pc","1","MFB","GOOD","DPMT","PT.DOLPHIN MODERN TRADE"
"MCOWC003_BD","CHO WFR SNACK COK-CHEESE 40 gr 6x10pc","1","MFB","BAD","DPMT","PT.DOLPHIN MODERN TRADE"
"MCOWC005","CHO WS KURMA TPL 600 gr 6 x 130 PC","0","MFB","GOOD","DPMT","PT.DOLPHIN MODERN TRADE"
"MCOWC005_BD","CHO WS KURMA TPL 700 gr 6 x 130 PC","1","MFB","BAD","DPMT","PT.DOLPHIN MODERN TRADE"
"MCOWC006","CHO WFR SNACK COK-MEISES 35GR","1","MFB","GOOD","DPMT","PT.DOLPHIN MODERN TRADE"
"MCOWC006_BD","CHO WFR SNACK COK-MEISES","1","MFB","BAD","DPMT","PT.DOLPHIN MODERN TRADE"
"MCOWC010","CHO CHO SNACK CHOCOLAT TRAY  12X10X15GR","1","MFB","GOOD","DPMT","PT.DOLPHIN MODERN TRADE"
"MCOWC010_BD","CHO CHO SNACK CHOCOLAT 12X10X20GR","1","MFB","BAD","DPMT","PT.DOLPHIN MODERN TRADE"
"MCOWD001","CHO WS COCONUT TPL 260 gr 12 x 60 PC","1","MFB","GOOD","DPMT","PT.DOLPHIN MODERN TRADE"
"MCOWD001_BD","CHO WS COCONUT TPL 260 gr 12 x 60 PC","1","MFB","BAD","DPMT","PT.DOLPHIN MODERN TRADE"
"MCOWF001","CHO WS REFIL COKLAT 500 gr 4 x100 PC","0","MFB","GOOD","DPMT","PT.DOLPHIN MODERN TRADE"
"MCOWF001_BD","CHO WS REFIL COKLAT 500 gr","1","MFB","BAD","DPMT","PT.DOLPHIN MODERN TRADE"
"MCOWF002","CHO WAFER STICK REFILL MIX 4X500G","0","MFB","GOOD","DP","DOLPHIN PT"
"MCOWJ001","CHO WS RADJA 670 gr 6 x 130 PC","1","MFB","GOOD","DPMT","PT.DOLPHIN MODERN TRADE"
"MCOWJ001_BD","CHO WS RADJA 670 gr 6 x 130 PC","1","MFB","BAD","DPMT","PT.DOLPHIN MODERN TRADE"
"MCOWK001","CHO WFR SNACK COK-CRISPY 29 gr 6x10pc","1","MFB","GOOD","DPMT","PT.DOLPHIN MODERN TRADE"
"MCOWK001_BD","CHO WFR SNACK COK-CRISPY 35 gr","1","MFB","BAD","DPMT","PT.DOLPHIN MODERN TRADE"
"MCOWM001","CHO WS KOMBINASI RFL 500 gr 4 x 100 PC","1","MFB","GOOD","DPMT","PT.DOLPHIN MODERN TRADE"
"MCOWM001_BD","CHO WS KOMBINASI RFL 500 gr","1","MFB","BAD","DPMT","PT.DOLPHIN MODERN TRADE"
"MCOWP001","CHO WS CAPPUCINO TPL 500 gr 6 x 130 PC","1","MFB","GOOD","DPMT","PT.DOLPHIN MODERN TRADE"
"MCOWP001_BD","CHO WS CAPPUCCINNO TPL 700 gr","1","MFB","BAD","DPMT","PT.DOLPHIN MODERN TRADE"
"MCOWR001","CHO CHO WS RATU 6 x 320 gr","1","MFB","GOOD","DPMT","PT.DOLPHIN MODERN TRADE"
"MCOWR001_BD","CHO CHO WS RATU 6X320G","1","MFB","BAD","DPMT","PT.DOLPHIN MODERN TRADE"
"MCOWR002","CHO CHO WS RATU STRAW6 x 375 gr","1","MFB","GOOD","DPMT","PT.DOLPHIN MODERN TRADE"
"MCOWR002_BD","CHO CHO WS RATU STRAW6 x 375 gr","1","MFB","BAD","DPMT","PT.DOLPHIN MODERN TRADE"
"MCOWR003","CHOCHO MILK WAFER CREAM 8X24X16G","1","MFB","GOOD","DPMT","PT.DOLPHIN MODERN TRADE"
"MCOWS001","CHO WFR SNACK COK-STRAW 35 gr 6x10pc","1","MFB","GOOD","DPMT","PT.DOLPHIN MODERN TRADE"
"MCOWS001_BD","CHO WFR SNACK COK-STRAW 50 gr","1","MFB","BAD","DPMT","PT.DOLPHIN MODERN TRADE"
"MCOWS002","CHO CHO SNACK CRISPY 12X12X6GR","1","MFB","GOOD","DPMT","PT.DOLPHIN MODERN TRADE"
"MCOWS002_BD","CHO CHO SNACK CRISPY 12X12X16GR","1","MFB","BAD","DPMT","PT.DOLPHIN MODERN TRADE"
"MCOWS003","CHO CHO SNACK MIX 12X12","0","MFB","GOOD","DPMT","PT.DOLPHIN MODERN TRADE"
"MCOWS003_BD","CHO CHO SNACK MIX 12X12","1","MFB","BAD","DPMT","PT.DOLPHIN MODERN TRADE"
"MCOWS004","CHO WS TWIN CAPPUCINO 6X500GR","1","MFB","GOOD","DPMT","PT.DOLPHIN MODERN TRADE"
"MCOWS004_BD","CHO WS TWIN CAPPUCINO 6X600GR","1","MFB","BAD","DPMT","PT.DOLPHIN MODERN TRADE"
"MCOWS005","CHO WS TWIN TIRAMISU 6X500GR","1","MFB","GOOD","DPMT","PT.DOLPHIN MODERN TRADE"
"MCOWS005_BD","CHO WS TWIN TIRAMISU 6X600GR","1","MFB","BAD","DPMT","PT.DOLPHIN MODERN TRADE"
"MCOWS006","CHO CHO SNACK STRAW 12X12X20GR","0","MFB","GOOD","DP","DOLPHIN PT"
"MCOWS006_BD","CHO CHO SNACK STRAW 12X12X20GR","1","MFB","BAD","DP","DOLPHIN PT"
"MCOWS007","CHO CHO SNACK VANILLA 12X12X20GR","0","MFB","GOOD","DP","DOLPHIN PT"
"MCOWS008","CHO CHO SNACK MEISES 12X12X20GR","0","MFB","GOOD","DP","DOLPHIN PT"
"MCOWS009","CHO CHO SNACK CHOCOLATE 12X12X20GR","0","MFB","GOOD","DP","DOLPHIN PT"
"MCOWS010","CHO CHO SNACK MEISES TRAY  12X10X15GR","1","MFB","GOOD","DPMT","PT.DOLPHIN MODERN TRADE"
"MCOWS010_BD","CHO CHO SNACK MEISES 12X10X20GR","1","MFB","BAD","DPMT","PT.DOLPHIN MODERN TRADE"
"MCOWS011","CHO CHO SNACK STRAW TRAY 12X10X15GR","1","MFB","GOOD","DPMT","PT.DOLPHIN MODERN TRADE"
"MCOWS011_BD","CHO CHO SNACK STRAW 12X10X20GR","1","MFB","BAD","DPMT","PT.DOLPHIN MODERN TRADE"
"MCOWS012","CHO CHO WAFER STICK CHOCOLATE PREMIUM 12X350GR","1","MFB","GOOD","DPMT","PT.DOLPHIN MODERN TRADE"
"MCOWS015","A WAFER ROLL CHOCOLATE 500GR","1","MFB","GOOD","DPMT","PT.DOLPHIN MODERN TRADE"
"MCOWS015_BD","A WAFER ROLL CHOCOLATE 600GR","1","MFB","BAD","DPMT","PT.DOLPHIN MODERN TRADE"
"MCOWS016","CHOCHO WS COKIES&CREAM BOX 65GR","0","MFB","GOOD","DPMT","PT.DOLPHIN MODERN TRADE"
"MCOWT001","CHO WS STRAW TPL 260 gr 12 x 60 PC","1","MFB","GOOD","DPMT","PT.DOLPHIN MODERN TRADE"
"MCOWT001_BD","CHO WS STRAW TPL 260 gr","1","MFB","BAD","DPMT","PT.DOLPHIN MODERN TRADE"
"MCOWT002","CHO WS TIRAMISU TPL 260 gr 12 x 60 PC","1","MFB","GOOD","DPMT","PT.DOLPHIN MODERN TRADE"
"MCOWT002_BD","CHO WS TIRAMISU TPL 260 gr 12 x 60 PC","1","MFB","BAD","DPMT","PT.DOLPHIN MODERN TRADE"
"MCOWV001","CHO WFR SNACK COK-VAN 35gr 6x10pc","1","MFB","GOOD","DPMT","PT.DOLPHIN MODERN TRADE"
"MCOWV001_BD","CHO WFR SNACK COK-VAN 50 gr","1","MFB","BAD","DPMT","PT.DOLPHIN MODERN TRADE"
"MCOWV012","CHO CHO SNACK VANILLA TRAY 12X10X15GR","1","MFB","GOOD","DPMT","PT.DOLPHIN MODERN TRADE"
"MCOWV012_BD","CHO CHO SNACK VANILLA 12X10X20GR","1","MFB","BAD","DPMT","PT.DOLPHIN MODERN TRADE"
"MCWRC001","CHO SINGLES WFR ROLL COK CRM 6X24X10G","1","MFB","GOOD","DPMT","PT.DOLPHIN MODERN TRADE"
"MCWRC001_BD","CHO SINGLES WFR ROLL COK CRM 6X24X10G","1","MFB","BAD","DPMT","PT.DOLPHIN MODERN TRADE"
"MCWRC002","CHO EXTRA SINGLE COKLAT 12X24X7G","1","MFB","GOOD","DPMT","PT.DOLPHIN MODERN TRADE"
"MCWRC002_BD","CHO EXTRA SINGLE COKLAT 12X24X7G","1","MFB","BAD","DPMT","PT.DOLPHIN MODERN TRADE"
"MCWRC003","CHO EXTRA SINGLE COOKIES&CREAM 12X24X7G","1","MFB","GOOD","DPMT","PT.DOLPHIN MODERN TRADE"
"MCWRC003_BD","CHO EXTRA SINGLE COOKIES&CREAM 12X24X7G","1","MFB","BAD","DPMT","PT.DOLPHIN MODERN TRADE"
"MCWRC014","CHO EXTRA SINGLE COKLAT 12X24X7G","1","MFB","GOOD","DPMT","PT.DOLPHIN MODERN TRADE"
"MDKDL001_BD","DARKIE LONG P.MINT 40 gr","1","MFB","BAD","DPMT","PT.DOLPHIN MODERN TRADE"
"MDKDN001_BD","DARKIE NEW 25 gr","1","MFB","BAD","DPMT","PT.DOLPHIN MODERN TRADE"
"METWC001_BD","ETERNA WAFER CREAM VANILLA 36 gr","1","MFB","BAD","DPMT","PT.DOLPHIN MODERN TRADE"
"METWC002_BD","ETERNA WAFER CRM COKLAT 16 X 24","1","MFB","BAD","DPMT","PT.DOLPHIN MODERN TRADE"
"METWS001","ETERNA WS COKLAT 12 X 350GR","1","MFB","GOOD","DPMT","PT.DOLPHIN MODERN TRADE"
"METWS001_BD","ETERNA WS COKLAT 12 X 350GR","1","MFB","BAD","DPMT","PT.DOLPHIN MODERN TRADE"
"METWS002","ETERNA WS STROWBERY 12 X 350GR","1","MFB","GOOD","DPMT","PT.DOLPHIN MODERN TRADE"
"METWS002_BD","ETERNA WS STROWBERY 12 X 350GR","1","MFB","BAD","DPMT","PT.DOLPHIN MODERN TRADE"
"METWS003","ETERNA WS VANILA 12 X 350GR","1","MFB","GOOD","DPMT","PT.DOLPHIN MODERN TRADE"
"METWS003_BD","ETERNA WS VANILA 12 X 350 GR","1","MFB","BAD","DPMT","PT.DOLPHIN MODERN TRADE"
"METWS004","ETERNA WS CAPUCINO 12 X 350GR","0","MFB","GOOD","DPMT","PT.DOLPHIN MODERN TRADE"
"METWS004_BD","ETERNA WS CAPUCINO 12 X 350 GR","1","MFB","BAD","DPMT","PT.DOLPHIN MODERN TRADE"
"MGPP001","MANGO PUDDING PUREE 90GR 48/CT","0","MFB","GOOD","NU","PT. NIRAMAS UTAMA"
"MGPP001_BD","MANGO PUDDING PUREE 90GR 48/CT","1","MFB","BAD","NU","PT. NIRAMAS UTAMA"
"MGPP002","MANGO PUDDING PUREE 90GR 48/CT","0","MFB","GOOD","NU","PT. NIRAMAS UTAMA"
"MGPP002_BD","MANGO PUDDING PUREE 90GR 48/CT","1","MFB","BAD","NU","PT. NIRAMAS UTAMA"
"MGRCO001","GARIBORI COOLMINT BOX 20BX10PCX30G","1","MFB","GOOD","DPMT","PT.DOLPHIN MODERN TRADE"
"MGRLO001","GARIBORI LONG 40gr 12x24","0","MFB","GOOD","DPMT","PT.DOLPHIN MODERN TRADE"
"MGRLO001_BD","GARIBORI LONG 40 gr","1","MFB","BAD","DPMT","PT.DOLPHIN MODERN TRADE"
"MGRLO002","GARIBORI LONG 30gr 15x10","0","MFB","GOOD","DPMT","PT.DOLPHIN MODERN TRADE"
"MGRLO003","GARIBORI LONG 16GR 20X10","1","MFB","GOOD","DPMT","PT.DOLPHIN MODERN TRADE"
"MGRLO003_BD","GARIBORI LONG 16GR 20X10","1","MFB","BAD","DPMT","PT.DOLPHIN MODERN TRADE"
"MGRNW001","GARIBORI NEW 30 x 10 PC 25 gr","0","MFB","GOOD","DPMT","PT.DOLPHIN MODERN TRADE"
"MGRNW001_BD","GARIBORI NEW 25 gr","1","MFB","BAD","DPMT","PT.DOLPHIN MODERN TRADE"
"MGRSC001","GARIBORI SACHET 2,2 gr 6 x 50 PC","0","MFB","GOOD","DPMT","PT.DOLPHIN MODERN TRADE"
"MGRSC001_BD","GARIBORI SACHET 2,2 gr","1","MFB","BAD","DPMT","PT.DOLPHIN MODERN TRADE"
"MGRSP001","GARIBORI NEW SPEARMINT 30X10","0","MFB","GOOD","DPMT","PT.DOLPHIN MODERN TRADE"
"MGRSP001_BD","GARIBORI NEW SPEARMINT 30X10","1","MFB","BAD","DPMT","PT.DOLPHIN MODERN TRADE"
"MGRSP003","GARIBORI NEW PAPERMINT 30X10","0","MFB","GOOD","DPMT","PT.DOLPHIN MODERN TRADE"
"MJYMN001","JOYMINT FRESH CANDY BX 15X10X25","1","MFB","GOOD","DPMT","PT.DOLPHIN MODERN TRADE"
"MJYMN001_BD","JOYMINT FRESH CANDY BX 15X10X25","1","MFB","BAD","DP","DOLPHIN PT"
"MJYMN003","JOYMINT VIT C 12X10X25G","1","MFB","GOOD","DPMT","PT.DOLPHIN MODERN TRADE"
"MJYMN003_BD","JOYMINT VIT C 12X10X25G","1","MFB","BAD","DPMT","PT.DOLPHIN MODERN TRADE"
"MKKM001","MILKITA KENTAL MANIS PLAIN BAG 10X(6+BN2) LOKAL","0","MFB","GOOD","MKM","MILKITA KENTAL MANIS"
"MKMC001","MILKITA KENTAL MANIS COKELAT BAG 10X(6+BN2) LOKAL","0","MFB","GOOD","MKM","MILKITA KENTAL MANIS"
"MKML001","MANGKOK MILQUEEN","0","MFB","GOOD","40","PT.SINAR PERKASA SUKSES"
"MKPP001","MARKISA PUDDING PUREE 90GR 48/CT","0","MFB","GOOD","NU","PT. NIRAMAS UTAMA"
"MKPP001_BD","MARKISA PUDDING PUREE 90GR 48/CT","1","MFB","BAD","NU","PT. NIRAMAS UTAMA"
"MKPP001_BN","MARKISA PUDDING PUREE 90GR 48/CT","1","MFB","BONUS","NU","PT. NIRAMAS UTAMA"
"MLGL001","GELAS MILQUEEN","0","MFB","GOOD","40","PT.SINAR PERKASA SUKSES"
"MMCCB001_BD","MARY QUEEN CASHEW NUTBOX 25 gr","1","MFB","BAD","DPMT","PT.DOLPHIN MODERN TRADE"
"MMCCB002","MARY QUEEN CASHEW NUTBOX 28 gr","0","MFB","GOOD","DPMT","PT.DOLPHIN MODERN TRADE"
"MMCCB002_BD","MARY QUEEN CASHEW NUTBOX 28 gr","1","MFB","BAD","DPMT","PT.DOLPHIN MODERN TRADE"
"MMCCB003","MARY QUEEN C.NUT BOX METALIZE 6X36 18GR","0","MFB","GOOD","DPMT","PT.DOLPHIN MODERN TRADE"
"MMCCB003_BD","MARY QUEEN C NUT BOX METALIZE 6 X 36 18GR","1","MFB","BAD","DPMT","PT.DOLPHIN MODERN TRADE"
"MMCCB004","MARY QUEEN C.NUT BOX  8X24 18GR","0","MFB","GOOD","DPMT","PT.DOLPHIN MODERN TRADE"
"MMCCB004_BD","MARY QUEEN C.NUT BOX  8X24 18GR","1","MFB","BAD","DPMT","PT.DOLPHIN MODERN TRADE"
"MMCCB005","MARRY QUEEN BOX 20GR","0","MFB","GOOD","DPMT","PT.DOLPHIN MODERN TRADE"
"MMCCB005_BD","MARRY QUEEN BOX 20GR","1","MFB","BAD","DPMT","PT.DOLPHIN MODERN TRADE"
"MMCCB006","MARRY QUEEN BOX 20GR 6X24 144/CT","1","MFB","GOOD","DPMT","PT.DOLPHIN MODERN TRADE"
"MMCCB007","MARRY QUEEN BOX 10GR 12X24 288/CT","1","MFB","GOOD","DPMT","PT.DOLPHIN MODERN TRADE"
"MMCCB007_BD","MARRY QUEEN BOX 10GR 12X24 288/CT","1","MFB","BAD","DPMT","PT.DOLPHIN MODERN TRADE"
"MMCCB008","MARRY QUEEN BIG 12X12X20GR","1","MFB","GOOD","DPMT","PT.DOLPHIN MODERN TRADE"
"MMCCB008_BD","MARRY QUEEN BIG 12X12X25GR","1","MFB","BAD","DP","DOLPHIN PT"
"MMCCN001_BD","MARY QUEEN CASHEW NUT JAR 25gr","1","MFB","BAD","DPMT","PT.DOLPHIN MODERN TRADE"
"MMPMB001","MENTA PEPPERMINT BLUE 6X12X10GR","0","MFB","GOOD","DPMT","PT.DOLPHIN MODERN TRADE"
"MMPMB001_BD","MENTA PEPPERMINT BLUE 6X12X10GR","1","MFB","BAD","DPMT","PT.DOLPHIN MODERN TRADE"
"MMSBG001","MENTA BAG 20 x 50 PC 60 gr","1","MFB","GOOD","DPMT","PT.DOLPHIN MODERN TRADE"
"MMSBG001_BD","MENTA BAG 60 gr","1","MFB","BAD","DPMT","PT.DOLPHIN MODERN TRADE"
"MMSBG002","MENTA BAG   buy 2 get 1  60 gr","0","MFB","GOOD","DPMT","PT.DOLPHIN MODERN TRADE"
"MMSBG003","MENTA FRUITY LOVE 20X50X60GR","1","MFB","GOOD","DPMT","PT.DOLPHIN MODERN TRADE"
"MMSBG003_BD","MENTA FRUITY LOVE 20X50X60GR","1","MFB","BAD","DPMT","PT.DOLPHIN MODERN TRADE"
"MMSCB001","MENTA CHEWY CANDY BAG 102 gr 30x30pc","0","MFB","GOOD","DPMT","PT.DOLPHIN MODERN TRADE"
"MMSCB001_BD","MENTA CHEWY CANDY BAG 102 gr","1","MFB","BAD","DPMT","PT.DOLPHIN MODERN TRADE"
"MMSCJ001_BD","MENTA CHEWY CANDY JAR 680 gr","1","MFB","BAD","DPMT","PT.DOLPHIN MODERN TRADE"
"MMSCN001","MENTA CAN 6 x 12 PC 30 gr","1","MFB","GOOD","DPMT","PT.DOLPHIN MODERN TRADE"
"MMSCN001_BD","MENTA CAN 30 gr","1","MFB","BAD","DPMT","PT.DOLPHIN MODERN TRADE"
"MMSGC001_BD","MENTA CHEWING GUM COOLMINT","1","MFB","BAD","DPMT","PT.DOLPHIN MODERN TRADE"
"MMSGM001_BD","MENTA CHEWING GUM SPEARMINT","1","MFB","BAD","DPMT","PT.DOLPHIN MODERN TRADE"
"MMSMS001","MENTA SLIDING 10gr 6x12pc","1","MFB","GOOD","DPMT","PT.DOLPHIN MODERN TRADE"
"MMSMS001_BD","MENTA SLIDING 12 gr","1","MFB","BAD","DPMT","PT.DOLPHIN MODERN TRADE"
"MMSMT001","MENTA TOPLES 6x150pc","0","MFB","GOOD","DPMT","PT.DOLPHIN MODERN TRADE"
"MMSMT001_BD","MENTA TOPLES","1","MFB","BAD","DPMT","PT.DOLPHIN MODERN TRADE"
"MMTFP001","MENTA FLIP TOP 6X12","1","MFB","GOOD","DPMT","PT.DOLPHIN MODERN TRADE"
"MMTFP001_BD","MENTA FLIP TOP 6X12","1","MFB","BAD","DPMT","PT.DOLPHIN MODERN TRADE"
"MMVED001","MENTA VALENTINE EDITION 6X8X2X10GR","0","MFB","GOOD","DPMT","PT.DOLPHIN MODERN TRADE"
"MMVED001_BD","MENTA VALENTINE EDITION 6X8X2X10GR","1","MFB","BAD","DPMT","PT.DOLPHIN MODERN TRADE"
"MNJL001","MINIJELLY JELLYBOI MIX 3CUPX120","1","MFB","GOOD","NU","PT. NIRAMAS UTAMA"
"MNJL001_BD","MINIJELLY JELLYBOI MIX 3CUPX120","1","MFB","BAD","NU","PT. NIRAMAS UTAMA"
"MPMB001","MENTA PEPPERMINT BLUE 6X12X10GR","0","MFB","GOOD","DP","DOLPHIN PT"
"MPMB001_BD","MENTA PEPPERMINT BLUE 6X12X10GR","0","MFB","BAD","DP","DOLPHIN PT"
"MPPJ001","MENTA PEPPERMINT JAR 12X108G","0","MFB","GOOD","DP","DOLPHIN PT"
"MPPJ001_BD","MENTA PEPPERMINT JAR 12X108G","1","MFB","BAD","DP","DOLPHIN PT"
"MRKSW001","ROCKY STREET WS TPL 600 gr 6x120pc","0","MFB","GOOD","DPMT","PT.DOLPHIN MODERN TRADE"
"MRKSW001_BD","ROCKY STREET WS TPL 600 gr","1","MFB","BAD","DPMT","PT.DOLPHIN MODERN TRADE"
"MRKWC001","ROCKY WAFER CREAM CHO 8X14GR","0","MFB","GOOD","DPMT","PT.DOLPHIN MODERN TRADE"
"MRKWC001_BD","ROCKY WAFER CREAM CHO 8X14GR","1","MFB","BAD","DPMT","PT.DOLPHIN MODERN TRADE"
"MRKWK001","ROCKY WAFER KEJU 6X36PC","0","MFB","GOOD","DPMT","PT.DOLPHIN MODERN TRADE"
"MRKWK001_BD","ROCKY WAFER KEJU 6X36PC","1","MFB","BAD","DPMT","PT.DOLPHIN MODERN TRADE"
"MRKWS001","ROCKY WS CHOCO-STRW 6X300GR","1","MFB","GOOD","DPMT","PT.DOLPHIN MODERN TRADE"
"MRKXC001","ROCKY XTRA W.CR CHESSE 24PC","0","MFB","GOOD","DPMT","PT.DOLPHIN MODERN TRADE"
"MRKXT001","ROCKY XXXXTRA TPL 620 gr 6x120pc","1","MFB","GOOD","DPMT","PT.DOLPHIN MODERN TRADE"
"MRKXT001_BD","ROCKY XXXTRA TPL700 gr","1","MFB","BAD","DPMT","PT.DOLPHIN MODERN TRADE"
"MRKXT002_BD","ROCKY FAMILY PACK 24X120GR","1","MFB","BAD","DPMT","PT.DOLPHIN MODERN TRADE"
"MSBG001","MENTA BAG 20 x 50 PC 60 gr","1","MFB","GOOD","DP","DOLPHIN PT"
"MSBG001_BD","MENTA BAG 60 gr","1","MFB","BAD","DP","DOLPHIN PT"
"MSBG002","MENTA BAG   buy 2 get 1  60 gr","0","MFB","GOOD","DP","DOLPHIN PT"
"MSBG003","MENTA FRUITY LOVE 20X50X60GR","1","MFB","GOOD","DP","DOLPHIN PT"
"MSBG003_BD","MENTA FRUITY LOVE 20X50X60GR","1","MFB","BAD","DP","DOLPHIN PT"
"MSCB001","MENTA CHEWY CANDY BAG 102 gr 30x30pc","0","MFB","GOOD","DP","DOLPHIN PT"
"MSCB001_BD","MENTA CHEWY CANDY BAG 102 gr","1","MFB","BAD","DP","DOLPHIN PT"
"MSCJ001_BD","MENTA CHEWY CANDY JAR 680 gr","1","MFB","BAD","DP","DOLPHIN PT"
"MSCN001","MENTA CAN 6 x 12 PC 30 gr","1","MFB","GOOD","DP","DOLPHIN PT"
"MSCN001_BD","MENTA CAN 30 gr","1","MFB","BAD","DP","DOLPHIN PT"
"MSGC001","MENTA CHEWING GUM COOLMINT","0","MFB","GOOD","DP","DOLPHIN PT"
"MSGC001_BD","MENTA CHEWING GUM COOLMINT","1","MFB","BAD","DP","DOLPHIN PT"
"MSGM001_BD","MENTA CHEWING GUM SPEARMINT","1","MFB","BAD","DP","DOLPHIN PT"
"MSMS001","MENTA SLIDING 10gr 6x12pc","1","MFB","GOOD","DP","DOLPHIN PT"
"MSMS001_BD","MENTA SLIDING 12 gr","1","MFB","BAD","DP","DOLPHIN PT"
"MSMT001","MENTA TOPLES 6x150pc","0","MFB","GOOD","DP","DOLPHIN PT"
"MSMT001_BD","MENTA TOPLES","1","MFB","BAD","DP","DOLPHIN PT"
"MTFP001","MENTA FLIP TOP 6X12","1","MFB","GOOD","DP","DOLPHIN PT"
"MTFP001_BD","MENTA FLIP TOP 6X12","1","MFB","BAD","DP","DOLPHIN PT"
"MVED001","MENTA VALENTINE EDITION 6X8X2X10GR","0","MFB","GOOD","DP","DOLPHIN PT"
"MVED001_BD","MENTA VALENTINE EDITION 6X8X2X10GR","1","MFB","BAD","DP","DOLPHIN PT"
"NACC033","NATA DE COCO SP COCOPANDAN 360grX24PK","1","MFB","GOOD","NU","PT. NIRAMAS UTAMA"
"NACC033_BD","NATA DE COCO SP COCOPANDAN 360grX24PK","1","MFB","BAD","NU","PT. NIRAMAS UTAMA"
"NACL043","NATACUP LYCHEE 200GRX24CUP","1","MFB","GOOD","NU","PT. NIRAMAS UTAMA"
"NACL043_BD","NATACUP LYCHEE 200GRX24CUP","1","MFB","BAD","NU","PT. NIRAMAS UTAMA"
"NACM044","NATACUP MANGO 200GRX24CUP","1","MFB","GOOD","NU","PT. NIRAMAS UTAMA"
"NACM044_BD","NATACUP MANGO 200GRX24CUP","1","MFB","BAD","NU","PT. NIRAMAS UTAMA"
"NACP001","NATA CRISPY VANILLA (POT B)1KG 6 EMBER/CT","1","MFB","GOOD","NU","PT. NIRAMAS UTAMA"
"NACP001_BD","NATA CRISPY VANILLA 1KG 6 EMBER/CT","1","MFB","BAD","NU","PT. NIRAMAS UTAMA"
"NACP001_BN","NATA CRISPY VANILLA (POT B)1KG 6 EMBER/CT","1","MFB","BONUS","NU","PT. NIRAMAS UTAMA"
"NACP002","NATA CRISPY VANILLA (POT K)1KG 6 EMBER/CT","1","MFB","GOOD","NU","PT. NIRAMAS UTAMA"
"NACP002_BD","NATA CRISPY VANILLA (POT K)1KG 6 EMBER/CT","1","MFB","BAD","NU","PT. NIRAMAS UTAMA"
"NACS045","NATACUP SELASIH ORANGE 220GR MAKRO 6X4","1","MFB","GOOD","NU","PT. NIRAMAS UTAMA"
"NACS045_BD","NATACUP SELASIH ORANGE 220GR MAKRO 6X4BD","1","MFB","BAD","NU","PT. NIRAMAS UTAMA"
"NACS046","NATACUP SELASIH ORANGE 200GRX24CUP","1","MFB","GOOD","NU","PT. NIRAMAS UTAMA"
"NACS046_BD","NATACUP SELASIH ORANGE 200GRX24CUP","1","MFB","BAD","NU","PT. NIRAMAS UTAMA"
"NACS047","NATACUP SELASIH STRAWBERRY 200GRX24CUP","1","MFB","GOOD","NU","PT. NIRAMAS UTAMA"
"NACS047_BD","NATACUP SELASIH STRAWBERRY 200GRX24CUP","1","MFB","BAD","NU","PT. NIRAMAS UTAMA"
"NACS048","NATACUP SELASIH STRAWBERRY 220GR MAKRO 6X4BD","0","MFB","GOOD","NU","PT. NIRAMAS UTAMA"
"NALM034_BD","NATA DE COCO SP LYCHEE 360GR MAKRO 3X8BD","1","MFB","BAD","NU","PT. NIRAMAS UTAMA"
"NALY035","NATA DE COCO SP LYCHEE 360GRX24PK","1","MFB","GOOD","NU","PT. NIRAMAS UTAMA"
"NALY035_BD","NATA DE COCO SP LYCHEE 360GRX24PK","1","MFB","BAD","NU","PT. NIRAMAS UTAMA"
"NAMG036","NATA DE COCO SP MANGO 360GRX24PK","1","MFB","GOOD","NU","PT. NIRAMAS UTAMA"
"NAMG036_BD","NATA DE COCO SP MANGO 360GRX24PK","1","MFB","BAD","NU","PT. NIRAMAS UTAMA"
"NASO040","NATA DE COCO SELASIH ORANGE 1KGX12BAG","1","MFB","GOOD","NU","PT. NIRAMAS UTAMA"
"NASO040_BD","NATA DE COCO SELASIH ORANGE 1KGX12BAG","1","MFB","BAD","NU","PT. NIRAMAS UTAMA"
"NASO041_BD","NATA DE COCO SELASIH ORANGE MAKRO 1KGX12BAG","1","MFB","BAD","NU","PT. NIRAMAS UTAMA"
"NAST042","NATA DE COCO SELASIH STRAWBERRY 1KGX12BAG","1","MFB","GOOD","NU","PT. NIRAMAS UTAMA"
"NAST042_BD","NATA DE COCO SELASIH STRAWBERRY 1KGX12BAG","1","MFB","BAD","NU","PT. NIRAMAS UTAMA"
"NAST042_BN","NATA DE COCO SELASIH STRAWBERRY 1KGX12BAG","1","MFB","BONUS","NU","PT. NIRAMAS UTAMA"
"NASW037","NATA DE COCO SP STRAWBERRY 360GRX24PK","1","MFB","GOOD","NU","PT. NIRAMAS UTAMA"
"NASW037_BD","NATA DE COCO SP STRAWBERRY 360GRX24PK","1","MFB","BAD","NU","PT. NIRAMAS UTAMA"
"NAVN038","NATA DE COCO SP VANILLA 1KGX12PK","1","MFB","GOOD","NU","PT. NIRAMAS UTAMA"
"NAVN038_BD","NATA DE COCO SP VANILLA 1KGX12PK","1","MFB","BAD","NU","PT. NIRAMAS UTAMA"
"NAVN038_BN","NATA DE COCO SP VANILLA 1KGX12PK","1","MFB","BONUS","NU","PT. NIRAMAS UTAMA"
"NAVN039","NATA DE COCO SP VANILLA 360GRX24PK","1","MFB","GOOD","NU","PT. NIRAMAS UTAMA"
"NAVN039_BD","NATA DE COCO SP VANILLA 360GRX24PK","1","MFB","BAD","NU","PT. NIRAMAS UTAMA"
"NAVN039_BN","NATA DE COCO SP VANILLA 360GRX24PK","1","MFB","BONUS","NU","PT. NIRAMAS UTAMA"
"NDCC001","NATADECOCO COCOPANDAN 1KGX12","1","MFB","GOOD","NU","PT. NIRAMAS UTAMA"
"NDCC001_BD","NATADECOCO COCOPANDAN 1KGX12","1","MFB","BAD","NU","PT. NIRAMAS UTAMA"
"NDSC001","NATADECOCO CUP SELASIH COCOPANDAN 200GX24","1","MFB","GOOD","NU","PT. NIRAMAS UTAMA"
"NTCC001","NATA TETRA PACK CHOCO 200ML 24/CT","0","MFB","GOOD","NU","PT. NIRAMAS UTAMA"
"NTCK001","NATA DRINK COKLAT 200ML 24/CT","0","MFB","GOOD","NU","PT. NIRAMAS UTAMA"
"NTCK001_BD","NATA DRINK COKLAT 200ML 24/CT","1","MFB","BAD","NU","PT. NIRAMAS UTAMA"
"NTCP001","NATA TETRA PACK CAPPUCCINO 200ML 24/CT","0","MFB","GOOD","NU","PT. NIRAMAS UTAMA"
"NTCP001_BD","NATA TETRA PACK CAPPUCCINO 200ML 24/CT","1","MFB","BAD","NU","PT. NIRAMAS UTAMA"
"NTDD001","NATA DECOCO DESERT GUAVA 200GR 24/CT","1","MFB","GOOD","NU","PT. NIRAMAS UTAMA"
"NTDD001_BD","NATA DECOCO DESERT GUAVA 200GR 24/CT","1","MFB","BAD","NU","PT. NIRAMAS UTAMA"
"NTDD001_BN","NATA DECOCO DESERT GUAVA 200GR 24/CT","1","MFB","BONUS","NU","PT. NIRAMAS UTAMA"
"NTDD002","NATA DECOCO CUT DUGAN 1KGX6","1","MFB","GOOD","NU","PT. NIRAMAS UTAMA"
"NTDD002_BD","NATA DECOCO CUT DUGAN 1KGX6","1","MFB","BAD","NU","PT. NIRAMAS UTAMA"
"NTKG001","NATA KRIUUK GUAVA 24X200GR","0","MFB","GOOD","NU","PT. NIRAMAS UTAMA"
"NTKG001_BD","NATA KRIUUK GUAVA 24X200GR","1","MFB","BAD","NU","PT. NIRAMAS UTAMA"
"NTKL001","NATA KRIUUK LYCHEE 24X200GR","0","MFB","GOOD","NU","PT. NIRAMAS UTAMA"
"NTKL001_BD","NATA KRIUUK LYCHEE 24X200GR","1","MFB","BAD","NU","PT. NIRAMAS UTAMA"
"NTKO001","NATA KRIUUK ORANGE 24X200GR","0","MFB","GOOD","NU","PT. NIRAMAS UTAMA"
"NTKO001_BD","NATA KRIUUK ORANGE 24X200GR","1","MFB","BAD","NU","PT. NIRAMAS UTAMA"
"OKMJ049","OK MINI JELLY 110GR 10CUPX24PK","0","MFB","GOOD","NU","PT. NIRAMAS UTAMA"
"OKMJ049_BD","OK MINI JELLY 110GR 10CUPX24PK","1","MFB","BAD","NU","PT. NIRAMAS UTAMA"
"OKMJ050","OK MINI JELLY TOYS 16S","0","MFB","GOOD","NU","PT. NIRAMAS UTAMA"
"OKMJ050_BD","OK MINI JELLY TOYS 16'S","1","MFB","BAD","NU","PT. NIRAMAS UTAMA"
"OKMJ051","OK MINI JELLY TOYS 8S","0","MFB","GOOD","NU","PT. NIRAMAS UTAMA"
"OKMJ051_BD","OK MINI JELLY TOYS 8'S","1","MFB","BAD","NU","PT. NIRAMAS UTAMA"
"OKMJ051_BN","OK MINI JELLY TOYS 8S","1","MFB","BONUS","NU","PT. NIRAMAS UTAMA"
"PC1722068","ES TEH POCI TEH TARIK GULA AREN 15BSX10S/ETPGA","0","MFB","GOOD","ESTEH","ESTEH"
"PC1722069","ES TEH POCI PANDAN VANILLA SELASIH 15BSX10SC ETPPV","0","MFB","GOOD","ESTEH","ESTEH"
"PCTAN","OSP CHIKIT SACHET","1","MFB","GOOD","77","PT SENTOSA KARYA GEMILANG"
"PDPC001","PUDING POWDER COKLAT 12X12 SHCT","0","MFB","GOOD","NU","PT. NIRAMAS UTAMA"
"PDPC001_BD","PUDING POWDER COKLAT 12X12 SHC","1","MFB","BAD","NU","PT. NIRAMAS UTAMA"
"PDPC001_BN","PUDING POWDER COKLAT 12X12 SHCT","1","MFB","BONUS","NU","PT. NIRAMAS UTAMA"
"PDPF001","PUDDING PASSION FRUIT 80GR 1X48CT","0","MFB","GOOD","NU","PT. NIRAMAS UTAMA"
"PDPF001_BD","PUDDING PASSION FRUIT 80GR 1X48CT","1","MFB","BAD","NU","PT. NIRAMAS UTAMA"
"PDPS001","PUDING POWDER STRAW 12X12 SHCT","0","MFB","GOOD","NU","PT. NIRAMAS UTAMA"
"PDPS001_BD","PUDING POWDER STRAW 12X12 SHCT","1","MFB","BAD","NU","PT. NIRAMAS UTAMA"
"PDPS001_BN","PUDING POWDER STRAW 12X12 SHCT","1","MFB","BONUS","NU","PT. NIRAMAS UTAMA"
"PDYG001","PUDDING CUP YOGURT 120G X 48","1","MFB","GOOD","NU","PT. NIRAMAS UTAMA"
"PDYG001_BD","PUDDING CUP YOGURT 120G X 48","1","MFB","BAD","NU","PT. NIRAMAS UTAMA"
"PF400001","LAYS SAUS PEDAS MANIS 31G","1","MFB","GOOD","69","PT PEPSICO INDONESIA FOOD"
"PF400002","LAYS SAUS PEDAS MANIS 64G","1","MFB","GOOD","69","PT PEPSICO INDONESIA FOOD"
"PF400003","LAYS RUMPUT LAUT 31G","1","MFB","GOOD","69","PT PEPSICO INDONESIA FOOD"
"PF400004","LAYS RUMPUT LAUT 64G","1","MFB","GOOD","69","PT PEPSICO INDONESIA FOOD"
"PF400005","LAYS WAVY DAGING SAPI BAKAR 31G","1","MFB","GOOD","69","PT PEPSICO INDONESIA FOOD"
"PF400006","LAYS WAVY DAGING SAPI BAKAR 64G","1","MFB","GOOD","69","PT PEPSICO INDONESIA FOOD"
"PF400007","LAYS WAVY AYAM GORENG BAWANG 31G","1","MFB","GOOD","69","PT PEPSICO INDONESIA FOOD"
"PF400008","LAYS WAVY AYAM GORENG BAWANG 64G","1","MFB","GOOD","69","PT PEPSICO INDONESIA FOOD"
"PF400009","CHEETOS JAGUNG BAKAR KEJU 50G","1","MFB","GOOD","69","PT PEPSICO INDONESIA FOOD"
"PF400010","CHEETOS JAGUNG BAKAR KEJU 120G","1","MFB","GOOD","69","PT PEPSICO INDONESIA FOOD"
"PF400011","CHEETOS KEJU 50G","1","MFB","GOOD","69","PT PEPSICO INDONESIA FOOD"
"PF400012","CHEETOS KEJU 120G","1","MFB","GOOD","69","PT PEPSICO INDONESIA FOOD"
"PF400013","DORITOS JAGUNG BAKAR 55G","1","MFB","GOOD","69","PT PEPSICO INDONESIA FOOD"
"PF400014","DORITOS JAGUNG BAKAR 120G","1","MFB","GOOD","69","PT PEPSICO INDONESIA FOOD"
"PF400015","DORITOS SAMBAL SALSA 55G","1","MFB","GOOD","69","PT PEPSICO INDONESIA FOOD"
"PF400016","DORITOS SAMBAL SALSA 120G","1","MFB","GOOD","69","PT PEPSICO INDONESIA FOOD"
"PF400033","SNACK MULTIPACK 3S 136G A","1","MFB","GOOD","69","PT PEPSICO INDONESIA FOOD"
"PF400034","SNACK MULTIPACK 5S 217G A","1","MFB","GOOD","69","PT PEPSICO INDONESIA FOOD"
"PF400035","LAYS RUMPUT LAUT 105G","1","MFB","GOOD","69","PT PEPSICO INDONESIA FOOD"
"PF400036","LAYS WAVY DAGING SAPI BAKAR 105G","1","MFB","GOOD","69","PT PEPSICO INDONESIA FOOD"
"PLPCJ","MNP LPC.BADAK SACHET 7GR GUAVA-CANISTER","1","MFB","GOOD","77","PT SENTOSA KARYA GEMILANG"
"PLPCL","MNP LPC.BADAK SACHET 7GR JERUK NIPIS-CANISTER","1","MFB","GOOD","77","PT SENTOSA KARYA GEMILANG"
"PLPJA","MNP LPC.BADAK SACHET 7GR GUAVA-DUS","1","MFB","GOOD","77","PT SENTOSA KARYA GEMILANG"
"PLPJB","MNP LPC.BADAK SACHET 7GR GUAVA-HGR","1","MFB","GOOD","77","PT SENTOSA KARYA GEMILANG"
"PLPNA","MNP LPC.BADAK SACHET 7GR JERUK NIPIS-DUS","1","MFB","GOOD","77","PT SENTOSA KARYA GEMILANG"
"PLPNB","MNP LPC.BADAK SACHET 7GR JERUK NIPIS-HGR","1","MFB","GOOD","77","PT SENTOSA KARYA GEMILANG"
"PLPZA","LP CAP BADAK  EZ SACHET 25 ML ANGGUR","1","MFB","GOOD","77","PT SENTOSA KARYA GEMILANG"
"PLPZB","LP CAP BADAK  EZ SACHET 25 ML JAMBU","1","MFB","GOOD","77","PT SENTOSA KARYA GEMILANG"
"PLPZC","LP CAP BADAK  EZ SACHET 25 ML LYCHEE","1","MFB","GOOD","77","PT SENTOSA KARYA GEMILANG"
"PSJL001","PASTI JELLY 8S","0","MFB","GOOD","NU","PT. NIRAMAS UTAMA"
"PSKPL","OSK C.BADAK SACHET PUYER","1","MFB","GOOD","77","PT SENTOSA KARYA GEMILANG"
"RGA","RINGGO ORANGE 21GRX12BX","1","MFB","GOOD","UF","PT.UNION FOODS"
"RGA_BD","RINGGO ORANGE 21GRX12BX","1","MFB","BAD","UF","PT.UNION FOODS"
"RGB","RINGGO STRAWBERRY 21GRX12BX","1","MFB","GOOD","UF","PT.UNION FOODS"
"RGB_BD","RINGGO STRAWBERRY 21GRX12BX","1","MFB","BAD","UF","PT.UNION FOODS"
"RGC","RINGGO ORANGE 16BX","1","MFB","GOOD","UF","PT.UNION FOODS"
"RGD","RINGGO STRAWBERRY 16BX","1","MFB","GOOD","UF","PT.UNION FOODS"
"RGD_BD","RINGGO STRAWBERRY 16BX","1","MFB","BAD","UF","PT.UNION FOODS"
"RKSW001","ROCKY STREET WS TPL 600 gr 6x120pc","0","MFB","GOOD","DP","DOLPHIN PT"
"RKSW001_BD","ROCKY STREET WS TPL 600 gr","1","MFB","BAD","DP","DOLPHIN PT"
"RKWC001","ROCKY WAFER CREAM CHO 8X20X12G","0","MFB","GOOD","DP","DOLPHIN PT"
"RKWC001_BD","ROCKY WAFER CREAM CHO 8X14GR","1","MFB","BAD","DP","DOLPHIN PT"
"RKWK001","ROCKY WAFER KEJU 6X36PC","0","MFB","GOOD","DP","DOLPHIN PT"
"RKWK001_BD","ROCKY WAFER KEJU 6X36PC","1","MFB","BAD","DP","DOLPHIN PT"
"RKWS001","ROCKY WS CHOCO-STRW 6X300GR","1","MFB","GOOD","DP","DOLPHIN PT"
"RKWS001_BD","ROCKY WS CHOCO-STRW 6X300GR","1","MFB","BAD","DP","DOLPHIN PT"
"RKXC001","ROCKY XTRA W.CR CHESSE 24PC","0","MFB","GOOD","DP","DOLPHIN PT"
"RKXT001","ROCKY XXXXTRA TPL 620 gr 6x120pc","1","MFB","GOOD","DP","DOLPHIN PT"
"RKXT001_BD","ROCKY XXXTRA TPL700 gr","1","MFB","BAD","DP","DOLPHIN PT"
"RKXT002_BD","ROCKY FAMILY PACK 24X120GR","1","MFB","BAD","DP","DOLPHIN PT"
"SAPN052","SELAI ALOE WITH PINEAPPLE 360GRX24JAR","0","MFB","GOOD","NU","PT. NIRAMAS UTAMA"
"SAPN052_BD","SELAI ALOE WITH PINEAPPLE 360GRX24JAR","1","MFB","BAD","NU","PT. NIRAMAS UTAMA"
"SPO03","OBK IBU-ANAK BOTOL 75ML","1","MFB","GOOD","77","PT SENTOSA KARYA GEMILANG"
"SPO25","OBK IBU-ANAK BOTOL 300ML","1","MFB","GOOD","77","PT SENTOSA KARYA GEMILANG"
"TRPP001","TARO PUDDING PUREE 90GR 48/CT","0","MFB","GOOD","NU","PT. NIRAMAS UTAMA"
"TRPP001_BD","TARO PUDDING PUREE 90GR 48/CT","1","MFB","BAD","NU","PT. NIRAMAS UTAMA"
"TRPP001_BN","TARO PUDDING PUREE 90GR 48/CT","1","MFB","BONUS","NU","PT. NIRAMAS UTAMA"
"TTJL001","TURTLE JELLY 8SX10GR","0","MFB","GOOD","NU","PT. NIRAMAS UTAMA"
"TTJL001_BD","TURTLE JELLY 8SX10GR","1","MFB","BAD","NU","PT. NIRAMAS UTAMA"
"UIK","UNION GINGER COCONUT 144GRX24BKS","1","MFB","GOOD","UF","PT.UNION FOODS"
"UIL","UNION GINGER COCONUT 360GRX6JAR","1","MFB","GOOD","UF","PT.UNION FOODS"
"UIL_BD","UNION GINGER COCONUT 360GRX6JAR","1","MFB","BAD","UF","PT.UNION FOODS"
"UMA","UNION MINIDROP ASSORTED 324GRX20BKS","1","MFB","GOOD","UF","PT.UNION FOODS"
"UMC","UNION MINIDROP ASSORTED 720GRX6JAR","1","MFB","GOOD","UF","PT.UNION FOODS"
"UMC_BD","UNION MINIDROP ASSORTED 720GRX6JAR","1","MFB","BAD","UF","PT.UNION FOODS"
"X4101001","CLEO CUP 250 ML 48/CT","0","MFB","GOOD","41","PT.SENTRALSARI PRIMASENTOSA"
"X4101002","CLEO GALON ISI 19 LITER","0","MFB","GOOD","41","PT.SENTRALSARI PRIMASENTOSA"
"X4101003","GALON CLEO 19 LITER","0","MFB","GOOD","41","PT.SENTRALSARI PRIMASENTOSA"
"X4101004","GALON NON CLEO","0","MFB","GOOD","41","PT.SENTRALSARI PRIMASENTOSA"
"X4101005","CLEO ANDA GREEN TEA 235ML 24/CT","0","MFB","GOOD","41","PT.SENTRALSARI PRIMASENTOSA"
"X4101005_BD","CLEO ANDA GREEN TEA 235ML 24/CT","1","MFB","BAD","18","NOMOS"
"X4101006","CLEO BOTOL 330ML 24/CT","0","MFB","GOOD","41","PT.SENTRALSARI PRIMASENTOSA"
"X4101007","CLEO BOTOL 550ML 24/CT","0","MFB","GOOD","41","PT.SENTRALSARI PRIMASENTOSA"
"X4101007_BD","CLEO BOTOL 550ML 24/CT","0","MFB","BAD","41","PT.SENTRALSARI PRIMASENTOSA"
"X4101008","CLEO BOTOL 1200ML 12/CT","0","MFB","GOOD","41","PT.SENTRALSARI PRIMASENTOSA"
"X4101009","CLEO BOTOL 600ML 24/CT","0","MFB","GOOD","41","PT.SENTRALSARI PRIMASENTOSA"
"X4101010","CLEO GALON 6LT 4/CT","0","MFB","GOOD","41","PT.SENTRALSARI PRIMASENTOSA"
"YOMJ053","YOI MINI JELLY 10s 15GRX36PK","0","MFB","GOOD","NU","PT. NIRAMAS UTAMA"
"YOMJ053_BD","YOI MINI JELLY 10S 15GRX36PK","1","MFB","BAD","NU","PT. NIRAMAS UTAMA"
"YOMJ054","YOI MINI JELLY 5S 15GRX72PK","0","MFB","GOOD","NU","PT. NIRAMAS UTAMA"
"YOMJ054_BD","YOI MINI JELLY 5'S 15GRX72PK","1","MFB","BAD","NU","PT. NIRAMAS UTAMA"
