"kode_customer","kode_principal","kode_sales","limit_bon","term","lock_order","kode_area","nama_area"
"0001KTSRT","ET","","500000","25","X","KTS","Kartosuro"
"0001SKHHI","63","jF19","85000000","10","X","SKH","Sukoharjo"
"0001SKHHI","ET","342","35000000","45","X","SKH","Sukoharjo"
"0001SKHHI","M3","035","750000000","21","X","SKH","Sukoharjo"
"0001SKHHI","M6","102","10000000","30","X","SKH","Sukoharjo"
"0001SKHHI","MFB","0359","1000000","10","x","SKH","Sukoharjo"
"0001SKHHI","MFB","0366","200000000","21","X","SKH","Sukoharjo"
"0001SLSRT","63","jf12","33600000","24","X","SLS","Solo Selatan"
"0001SLSRT","M6","093","50000000","28","X","SLS","Solo Selatan"
"0002GMLRT","60","181","900000","24","X","GML","Gemolong"
"0002GMLRT","63","JF10","1868183","24","X","GML","Gemolong"
"0002GMLRT","M3","067","7500000","21","X","GML","Gemolong"
"0002GMLRT","MFB","0112","1800000","25","X","GML","Gemolong"
"0002GMLRT","MFB","0181","300000","25","X","GML","Gemolong"
"0003SKHRT","ET","","500000","25","X","SKH","Sukoharjo"
"0003SLSRT","ET","341","1200000","24","X","SLS","Solo Selatan"
"0003SLURT","63","","1.25","10","X","SLU","Solo Utara"
"0003SLURT","ET","343","2000000","24","X","SLU","Solo Utara"
"0004KRART","ET","342","900000","24","X","KRA","Karanganyar"
"0004KRART","M6","","500000","24","X","KRA","Karanganyar"
"0004SRGRT","63","jF08","3537508","24","X","SRG","Sragen"
"0004SRGRT","M6","086","5500000","24","X","SRG","Sragen"
"0005GMLRT","M3","0146","500000","10","X","GML","Gemolong"
"0005GMLRT","M3","0146N","40000","24","X","GML","Gemolong"
"0005SKHRT","60","180","600000","24","X","SKH","Sukoharjo"
"0005SKHRT","63","jf05","600000","24","X","SKH","Sukoharjo"
"0006SLSRT","60","185","700000","24","X","SLS","Solo Selatan"
"0006SLSRT","63","jF16","4552858","24","X","SLS","Solo Selatan"
"0006SLSRT","ET","342","700000","10","X","SLS","Solo Selatan"
"0006SLSRT","M3","184","1500000","24","X","SLS","Solo Selatan"
"0006SLSRT","M6","7003","7000000","10","X","SLS","Solo Selatan"
"0006SLSRT","MFB","175","2750000","24","X","SLS","Solo Selatan"
"0007BYLRT","MFB","0233","1200000","10","X","BYL","Boyolali"
"0007SLSRT","MFB","0380","5000000","25","X","SLS","Solo Selatan"
"0007SLSRT","MFB","1109","30000000","24","X","SLS","Solo Selatan"
"0008BYLRT","MFB","0181","500000","10","","BYL","Boyolali"
"0008KRART","63","jF02","982300","24","X","KRA","Karanganyar"
"0008SLURT","60","185","4400000","24","X","SLU","Solo Utara"
"0008SLURT","63","jF03","4449481","10","X","SLU","Solo Utara"
"0008SRGMM","ET","","500000","25","X","SRG","Sragen"
"0009KRART","ET","","800000","25","X","KRA","Karanganyar"
"0011KRART","ET","","800000","25","X","KRA","Karanganyar"
"0011SLSRT","63","jF02","1000000","10","X","SLS","Solo Selatan"
"0011SLSRT","ET","","1.25","25","X","SLS","Solo Selatan"
"0011SLSRT","M3","190","1000000","10","X","SLS","Solo Selatan"
"0011srgrt","63","","22055488","10","X","SRG","Sragen"
"00125BYLRT","63","","300000","10","X","BYL","Boyolali"
"0012BYLSM","ET","017","220000000","45","X","BYL","Boyolali"
"0012BYLSM","M6","044","270000000","45","X","BYL","Boyolali"
"0012BYLSM","MFB","0359","950000000","30","X","BYL","Boyolali"
"0012BYLSM","MFB","0360","50000000","30","X","BYL","Boyolali"
"0012BYLSM","MFB","0365","700000000","30","X","BYL","Boyolali"
"0012BYLSM","MFB","E001","500000","30","X","BYL","Boyolali"
"0012KRART","63","jf15","1700000","24","X","KRA","Karanganyar"
"0012KRART","ET","","1200000","24","X","KRA","Karanganyar"
"0012KRART","M3","174","550000","24","X","KRA","Karanganyar"
"0012KRART","MFB","1109","500000","10","X","KRA","Karanganyar"
"0012SLURT","ET","","1000000","25","X","SLU","Solo Utara"
"00139SRGRT","63","","500000","10","X","SRG","Sragen"
"0013KRART","ET","","800000","25","X","KRA","Karanganyar"
"0013KRART","MFB","1109","500000","10","","KRA","Karanganyar"
"0014GMLRT","ET","","500000","25","X","GML","Gemolong"
"0014SLURT","ET","","500000","25","X","SLU","Solo Utara"
"0015BYLRT","MFB","0233","500000","10","X","BYL","Boyolali"
"0016BYLRT","60","179","1900000","10","X","BYL","Boyolali"
"0016SLURT","60","-","500000","25","X","SLU","Solo Utara"
"0016SLURT","ET","","2000000","25","X","SLU","Solo Utara"
"0017BYLRT","ET","","500000","25","X","BYL","Boyolali"
"0017SLSRT","60","178","1250000","24","X","SLS","Solo Selatan"
"0017SLSRT","63","jf16","797817","10","X","SLS","Solo Selatan"
"0018KRART","60","180","500000","25","X","KRA","Karanganyar"
"0018KRART","63","jf02","644525","24","X","KRA","Karanganyar"
"0018KRART","M3","174","700000","10","X","KRA","Karanganyar"
"0018KRART","MFB","078","5800000","25","X","KRA","Karanganyar"
"0018KRART","MFB","1109","2000000","24","X","KRA","Karanganyar"
"0018slsrt","63","","500000","10","X","SLS","Solo Selatan"
"0018SLURT","ET","","750000","25","X","SLU","Solo Utara"
"0019KRART","ET","","600000","25","X","KRA","Karanganyar"
"0020SLSSM","60","199","21100000","14","X","SLS","Solo Selatan"
"0020SLSSM","63","jf19","265000000","14","X","SLS","Solo Selatan"
"0020SLSSM","63","jF19","265000000","14","X","SLS","Solo Selatan"
"0020SLSSM","ET","342","60000000","28","X","SLS","Solo Selatan"
"0020SLSSM","ET","342","60000000","28","X","SLS","Solo Selatan"
"0020SLSSM","M3","184","76000000","14","X","SLS","Solo Selatan"
"0020SLSSM","M3","184","76000000","14","X","SLS","Solo Selatan"
"0020SLSSM","M6","102","50000000","14","X","SLS","Solo Selatan"
"0020SLSSM","M6","102","50000000","14","X","SLS","Solo Selatan"
"0020SLSSM","MFB","0359","121000000","14","X","SLS","Solo Selatan"
"0020SLSSM","MFB","0359","121000000","14","X","SLS","Solo Selatan"
"0020SLSSM","MFB","0360","110000000","14","X","SLS","Solo Selatan"
"0020SLSSM","MFB","0360","110000000","14","X","SLS","Solo Selatan"
"0020SLSSM","MFB","0365","100000000","14","X","SLS","Solo Selatan"
"0020SLSSM","MFB","0365","100000000","14","X","SLS","Solo Selatan"
"0020SLSSM","MFB","0370","110000000","14","X","SLS","Solo Selatan"
"0020SLSSM","MFB","0370","40000000","14","X","SLS","Solo Selatan"
"0021BYLRT","63","JF12","500000","10","X","BYL","Boyolali"
"0021KRAAP","63","","1.25","10","X","KRA","Karanganyar"
"0022BYLRT","63","jF07","1400000","24","X","BYL","Boyolali"
"0022SRGRT","63","jF08","11500000","24","X","SRG","Sragen"
"0022SRGRT","ET","","1.25","21","X","SRG","Sragen"
"0023SLSRT","63","jf11","5700000","24","X","SLS","Solo Selatan"
"0024SLSRT","M3","067","1500000","10","X","SLS","Solo Selatan"
"0024SLURT","ET","","500000","25","X","SLU","Solo Utara"
"0025BYLRT","63","jF15","500000","24","X","BYL","Boyolali"
"0025BYLRT","ET","","500000","25","X","BYL","Boyolali"
"0025SKHSM","ET","","500000","25","X","SKH","Sukoharjo"
"0025SLSRT","60","178","900000","24","X","SLS","Solo Selatan"
"0026KRART","63","","500000","10","X","KRA","Karanganyar"
"0027SRGRT","63","jF17","700000","24","X","SRG","Sragen"
"0027SRGRT","ET","341","550000","24","X","SRG","Sragen"
"0027SRGRT","M6","086","1500000","24","X","SRG","Sragen"
"0028KRART","63","JF02","500000","24","X","KRA","Karanganyar"
"0028KRART","ET","","250000","25","X","KRA","Karanganyar"
"0028SLURT","60","179","700000","24","X","SLU","Solo Utara"
"0028SLURT","M3","0146","800000","10","X","SLU","Solo Utara"
"0028SLURT","M3","0146N","40000","24","X","SLU","Solo Utara"
"0028SRGAP","MFB","1109","500000","10","","SRG","Sragen"
"0029BYLRT","63","","3700000","10","X","BYL","Boyolali"
"0029SRGAP","63","jF08","600000","24","X","SRG","Sragen"
"0029SRGKO","63","jf03","11400000","10","X","SRG","Sragen"
"0030KRART","ET","","500000","25","X","KRA","Karanganyar"
"0031BYLSM","60","199","11500000","14","X","BYL","Boyolali"
"0031BYLSM","63","JF19","190000000","15","X","BYL","Boyolali"
"0031BYLSM","ET","340","15000000","24","X","BYL","Boyolali"
"0031BYLSM","M3","184","25500000","15","X","BYL","Boyolali"
"0031BYLSM","M6","102","30000000","15","X","BYL","Boyolali"
"0031BYLSM","MFB","0359","110000000","15","X","BYL","Boyolali"
"0031BYLSM","MFB","0360","18000000","15","X","BYL","Boyolali"
"0031BYLSM","MFB","0365","28000000","15","X","BYL","Boyolali"
"0031BYLSM","MFB","0370","20000000","15","X","BYL","Boyolali"
"0031BYLSM","MFB","E001","500000","15","X","BYL","Boyolali"
"0031KRAAP","ET","","500000","25","X","KRA","Karanganyar"
"0032BYLSM","63","JF19","132000000","15","X","BYL","Boyolali"
"0032BYLSM","ET","340","10000000","28","X","BYL","Boyolali"
"0032BYLSM","M3","184","20000000","15","X","BYL","Boyolali"
"0032BYLSM","M6","102","35000000","15","X","BYL","Boyolali"
"0032BYLSM","MFB","0359","82300000","15","X","BYL","Boyolali"
"0032BYLSM","MFB","0360","13000000","15","X","BYL","Boyolali"
"0032BYLSM","MFB","0365","26000000","15","X","BYL","Boyolali"
"0032BYLSM","MFB","0370","15000000","15","X","BYL","Boyolali"
"0032BYLSM","MFB","E001","500000","15","X","BYL","Boyolali"
"0032KRART","ET","","600000","25","X","KRA","Karanganyar"
"0032SLSRT","63","jf13","500000","10","X","SLS","Solo Selatan"
"0032SLSRT","ET","341","1500000","25","X","SLS","Solo Selatan"
"0033SKHRT","M3","","300000","10","X","SKH","Sukoharjo"
"0033SKHRT","M3","","40000","24","X","SKH","Sukoharjo"
"0033SRGRT","63","jf17","500000","10","X","SRG","Sragen"
"0034KRART","ET","341","3000000","24","X","KRA","Karanganyar"
"0035BYLRT","63","jF09","1476358","24","X","BYL","Boyolali"
"0036SLUAP","63","jf07","900000","24","X","SLU","Solo Utara"
"0039BYLRT","63","","500000","10","X","BYL","Boyolali"
"0039BYLRT","ET","","500000","25","X","BYL","Boyolali"
"003SLURT","60","0001","50000","10","","SLU","Solo Utara"
"003SLURT","MFB","0001","300000","10","X","SLU","Solo Utara"
"0040KRART","60","","3000000","10","X","KRA","Karanganyar"
"0040SLUAP","ET","343","500000","24","X","SLU","Solo Utara"
"0040SLUAP","MFB","0364","500000","10","X","SLU","Solo Utara"
"0040SRGRT","63","jF08","4113350","10","X","SRG","Sragen"
"0042BYLRT","63","jF15","44000000","10","X","BYL","Boyolali"
"0042BYLRT","M3","067","64000000","14","X","BYL","Boyolali"
"0042BYLRT","M6","7003","20000000","21","X","BYL","Boyolali"
"0042BYLRT","MFB","0233","1400000","10","X","BYL","Boyolali"
"0042BYLRT","MFB","175","44600000","10","X","BYL","Boyolali"
"0042SLSRT","60","179","4800000","10","X","SLS","Solo Selatan"
"0042SLSRT","MFB","175","950000","24","X","SLS","Solo Selatan"
"0044KRART","60","","500000","25","X","KRA","Karanganyar"
"0044KRART","63","jF16","500000","24","X","KRA","Karanganyar"
"0044KRART","ET","","800000","25","X","KRA","Karanganyar"
"0044SRGAP","63","jF10","479683","24","X","SRG","Sragen"
"0044SRGRT","63","jF17","3546017","10","X","SRG","Sragen"
"0044SRGRT","M3","067","2300000","24","X","SRG","Sragen"
"0044SRGRT","MFB","0112","1500000","25","X","SRG","Sragen"
"0044SRGRT","MFB","0181","1000000","25","X","SRG","Sragen"
"0045KRART","63","jF02","2061108","10","X","KRA","Karanganyar"
"0045KRART","ET","341","700000","25","X","KRA","Karanganyar"
"0045KTSRT","60","179","600000","24","X","KTS","Kartosuro"
"0045KTSRT","63","jF11","500000","24","X","KTS","Kartosuro"
"0045KTSRT","M6","7003","600000","24","X","KTS","Kartosuro"
"0046GMLWS","60","193","10000000","24","X","GML","Gemolong"
"0046GMLWS","MFB","078","10000000","24","X","GML","Gemolong"
"0046SLSRT","60","193","6800000","24","X","SLS","Solo Selatan"
"0046SLSRT","M3","190","2700000","24","X","SLS","Solo Selatan"
"0046SLSRT","MFB","0233","5000000","24","X","SLS","Solo Selatan"
"0046SLSRT","MFB","175","9550000","10","X","SLS","Solo Selatan"
"0047SKHSW","60","","15000000","10","X","SKH","Sukoharjo"
"0047SKHSW","MFB","078","30000000","25","X","SKH","Sukoharjo"
"0048KRART","60","180","1150000","25","X","KRA","Karanganyar"
"0048KRART","63","jF07","1028458","25","X","KRA","Karanganyar"
"0048KRART","M3","174","5400000","10","X","KRA","Karanganyar"
"0048KRART","MFB","078","1250000","25","X","KRA","Karanganyar"
"0048SLURT","M3","067","3450000","24","X","SLU","Solo Utara"
"0049SLSRT","M3","190","300000","10","X","SLS","Solo Selatan"
"0049SLSRT","M3","190N","40000","24","X","SLS","Solo Selatan"
"004SLSRT","ET","","500000","25","X","SLS","Solo Selatan"
"0050BYLRT","ET","","500000","25","X","BYL","Boyolali"
"0050BYLRT","MFB","","1550000","10","X","BYL","Boyolali"
"0050GMLRT","ET","","500000","25","X","GML","Gemolong"
"0050SKHRT","ET","341","2300000","50","X","SKH","Sukoharjo"
"0051BYLRT","ET","","650000","25","X","BYL","Boyolali"
"0051KRART","60","185","500000","25","X","KRA","Karanganyar"
"0051KRART","63","jf07","700000","24","X","KRA","Karanganyar"
"0051KTSRT","ET","","500000","25","X","KTS","Kartosuro"
"0051SRGMM","ET","","500000","25","X","SRG","Sragen"
"0051SRGRT","60","181","500000","24","X","SRG","Sragen"
"0051SRGRT","63","jf17","1259828","24","X","SRG","Sragen"
"0051SRGRT","M6","086","600000","24","X","SRG","Sragen"
"0052KRART","60","178","500000","24","X","KRA","Karanganyar"
"0052KRART","63","jf15","1000000","24","X","KRA","Karanganyar"
"0052KRART","M3","174","500000","10","X","KRA","Karanganyar"
"0053KRART","ET","341","600000","24","X","KRA","Karanganyar"
"0053SLSWS","63","JF12","15000000","24","X","SLS","Solo Selatan"
"0053SLSWS","ET","017","1.25","25","X","SLS","Solo Selatan"
"0053SLSWS","M6","093","18700000","25","X","SLS","Solo Selatan"
"0054SKHSM","60","199","12000000","14","X","SKH","Sukoharjo"
"0054SKHSM","63","jf20","275000000","14","X","SKH","Sukoharjo"
"0054SKHSM","63","jF20","275000000","14","X","SKH","Sukoharjo"
"0054SKHSM","ET","342","30000000","28","X","SKH","Sukoharjo"
"0054SKHSM","ET","342","30000000","28","X","SKH","Sukoharjo"
"0054SKHSM","M3","184","99000000","14","X","SKH","Sukoharjo"
"0054SKHSM","M3","184","99000000","14","X","SKH","Sukoharjo"
"0054SKHSM","M6","102","50000000","14","X","SKH","Sukoharjo"
"0054SKHSM","M6","102","50000000","14","X","SKH","Sukoharjo"
"0054SKHSM","MFB","0359","140000000","14","X","SKH","Sukoharjo"
"0054SKHSM","MFB","0359","140000000","14","X","SKH","Sukoharjo"
"0054SKHSM","MFB","0360","95000000","14","X","SKH","Sukoharjo"
"0054SKHSM","MFB","0360","95000000","14","X","SKH","Sukoharjo"
"0054SKHSM","MFB","0365","113200000","14","X","SKH","Sukoharjo"
"0054SKHSM","MFB","0365","113200000","14","X","SKH","Sukoharjo"
"0054SKHSM","MFB","0370","95000000","14","X","SKH","Sukoharjo"
"0054SKHSM","MFB","0370","95000000","14","X","SKH","Sukoharjo"
"0054SLSWS","MFB","0380","8000000","10","X","SLS","Solo Selatan"
"0054SRGRT","63","jf17","2228767","24","X","SRG","Sragen"
"0054SRGRT","MFB","0181","1000000","25","X","SRG","Sragen"
"0055KRART","60","180","800000","24","X","KRA","Karanganyar"
"0055KRART","M3","174","500000","10","X","KRA","Karanganyar"
"0055SLSWS","60","193","40000000","24","X","SLS","Solo Selatan"
"0055SLSWS","63","jF02","34500000","10","X","SLS","Solo Selatan"
"0055SLSWS","ET","342","5000000","25","X","SLS","Solo Selatan"
"0055SLSWS","M3","184","25000000","14","X","SLS","Solo Selatan"
"0055SLSWS","M6","102","20000000","14","X","SLS","Solo Selatan"
"0055SLSWS","MFB","0360","9600000","10","X","SLS","Solo Selatan"
"0055SLSWS","MFB","0370","5000000","10","X","SLS","Solo Selatan"
"0055SLSWS","MFB","078","50400000","10","X","SLS","Solo Selatan"
"0055SLURT","63","jF09","500000","10","X","SLU","Solo Utara"
"0055SLURT","ET","","500000","25","X","SLU","Solo Utara"
"0056BYLRT","60","181","3600000","25","X","BYL","Boyolali"
"0056BYLRT","63","jF16","2217942","10","X","BYL","Boyolali"
"0056BYLRT","ET","","500000","25","X","BYL","Boyolali"
"0056BYLRT","M3","067","7500000","10","X","BYL","Boyolali"
"0056BYLRT","MFB","0112","1600000","24","X","BYL","Boyolali"
"0056SKHSM","63","jF20","210000000","14","X","SKH","Sukoharjo"
"0056SKHSM","63","jF20","210000000","14","X","SKH","Sukoharjo"
"0056SKHSM","ET","340","75000000","28","X","SKH","Sukoharjo"
"0056SKHSM","ET","340","75000000","14","X","SKH","Sukoharjo"
"0056SKHSM","M3","184","61500000","14","X","SKH","Sukoharjo"
"0056SKHSM","M3","184","61500000","14","X","SKH","Sukoharjo"
"0056SKHSM","M6","102","50000000","14","X","SKH","Sukoharjo"
"0056SKHSM","M6","102","50000000","14","X","SKH","Sukoharjo"
"0056SKHSM","MFB","0359","107000000","23","X","SKH","Sukoharjo"
"0056SKHSM","MFB","0359","107000000","14","X","SKH","Sukoharjo"
"0056SKHSM","MFB","0360","40000000","14","X","SKH","Sukoharjo"
"0056SKHSM","MFB","0360","40000000","14","X","SKH","Sukoharjo"
"0056SKHSM","MFB","0365","40000000","14","X","SKH","Sukoharjo"
"0056SKHSM","MFB","0365","40000000","14","X","SKH","Sukoharjo"
"0056SKHSM","MFB","0370","40000000","14","X","SKH","Sukoharjo"
"0056SKHSM","MFB","0370","40000000","14","X","SKH","Sukoharjo"
"0056SLSSM","60","188","13000000","14","X","SLS","Solo Selatan"
"0056SLSSM","63","JF18","442800000","14","X","SLS","Solo Selatan"
"0056SLSSM","ET","340","28000000","28","X","SLS","Solo Selatan"
"0056SLSSM","M3","035","43000000","14","X","SLS","Solo Selatan"
"0056SLSSM","M6","093","52000000","14","X","SLS","Solo Selatan"
"0056SLSSM","MFB","0366","100000000","14","X","SLS","Solo Selatan"
"0056SLSSM","MFB","0370","30000000","14","X","SLS","Solo Selatan"
"0056SLSSM","MFB","069","114000000","14","X","SLS","Solo Selatan"
"0056SLSSM","MFB","E001","500000","14","X","SLS","Solo Selatan"
"0056SRGRT","ET","","500000","25","X","SRG","Sragen"
"0056SRGRT","MFB","0181","500000","10","X","SRG","Sragen"
"0057BYLRT","60","179","1700000","24","X","BYL","Boyolali"
"0057KRART","ET","","600000","25","X","KRA","Karanganyar"
"0057SRGMM","63","JF10","500000","10","X","SRG","Sragen"
"0057SRGMM","MFB","502","300000","25","X","SRG","Sragen"
"0058KRART","60","193","2800000","24","X","KRA","Karanganyar"
"0058KRART","63","jf09","1000000","10","X","KRA","Karanganyar"
"0058KRART","ET","","500000","25","X","KRA","Karanganyar"
"0058KRART","M3","174","1700000","10","X","KRA","Karanganyar"
"0058SLSRT","M3","190","500000","10","X","SLS","Solo Selatan"
"0058SRGRT","63","JF14","500000","24","X","SRG","Sragen"
"0059KRART","63","JF16","500000","24","X","KRA","Karanganyar"
"0059SLURT","63","JF11","500000","24","X","SLU","Solo Utara"
"0060SRGRT","ET","","900000","25","X","SRG","Sragen"
"0060SRGRT","M3","067","25700000","10","X","SRG","Sragen"
"0061GMLRT","ET","","500000","25","X","GML","Gemolong"
"0061GMLRT","M3","0146","3000000","10","X","GML","Gemolong"
"0061GMLRT","M3","0146N","40000","24","X","GML","Gemolong"
"0061GMLRT","MFB","502","600000","10","","GML","Gemolong"
"0061SLSRT","ET","343","500000","24","","SLS","Solo Selatan"
"0062SKHRT","ET","","500000","25","X","SKH","Sukoharjo"
"0063SKHRT","ET","","3000000","25","X","SKH","Sukoharjo"
"0063SKHRT","MFB","0233","6000000","10","X","SKH","Sukoharjo"
"0064KRART","60","","500000","10","X","KRA","Karanganyar"
"0064KRART","ET","","500000","25","X","KRA","Karanganyar"
"0064SLSRT","60","","30000000","10","X","SLS","Solo Selatan"
"0064SLSRT","63","","5000000","10","X","SLS","Solo Selatan"
"0064SLSRT","M3","","24100000","24","X","SLS","Solo Selatan"
"0065BYLRT","M3","0146","250000","10","X","BYL","Boyolali"
"0065BYLRT","M3","0146N","40000","24","X","BYL","Boyolali"
"0065KRART","MFB","","500000","10","X","KRA","Karanganyar"
"0065SRGRT","60","181","1000000","10","X","SRG","Sragen"
"0066BYLRT","ET","","500000","25","X","BYL","Boyolali"
"0066SKHRT","ET","","500000","25","X","SKH","Sukoharjo"
"0066SKHRT","MFB","0233","700000","10","X","SKH","Sukoharjo"
"0066SLSRT","60","185","800000","25","X","SLS","Solo Selatan"
"0066SLSRT","M3","0146","500000","10","X","SLS","Solo Selatan"
"0066SLSRT","M3","0146N","40000","24","X","SLS","Solo Selatan"
"0066SLSRT","M3","502","300000","10","X","SLS","Solo Selatan"
"0066SLSRT","M3","502N","40000","24","X","SLS","Solo Selatan"
"0066SRGRT","ET","341","600000","25","X","SRG","Sragen"
"0067KRART","60","0","1200000","10","X","KRA","Karanganyar"
"0067KRART","ET","","500000","25","X","KRA","Karanganyar"
"0067KRART","MFB","078","1000000","24","X","KRA","Karanganyar"
"0067SLSSM","60","199","5000000","14","X","SLS","Solo Selatan"
"0067SLSSM","63","jF19","210000000","14","X","SLS","Solo Selatan"
"0067SLSSM","63","jF19","210000000","14","X","SLS","Solo Selatan"
"0067SLSSM","ET","340","20000000","14","X","SLS","Solo Selatan"
"0067SLSSM","ET","340","20000000","14","X","SLS","Solo Selatan"
"0067SLSSM","M3","184","44700000","14","X","SLS","Solo Selatan"
"0067SLSSM","M3","184","44700000","14","X","SLS","Solo Selatan"
"0067SLSSM","M6","102","90000000","14","X","SLS","Solo Selatan"
"0067SLSSM","M6","102","90000000","14","X","SLS","Solo Selatan"
"0067SLSSM","MFB","0359","67000000","14","X","SLS","Solo Selatan"
"0067SLSSM","MFB","0359","67000000","14","X","SLS","Solo Selatan"
"0067SLSSM","MFB","0360","45000000","14","X","SLS","Solo Selatan"
"0067SLSSM","MFB","0360","45000000","14","X","SLS","Solo Selatan"
"0067SLSSM","MFB","0365","60000000","14","X","SLS","Solo Selatan"
"0067SLSSM","MFB","0365","60000000","14","X","SLS","Solo Selatan"
"0067SLSSM","MFB","0370","45000000","14","X","SLS","Solo Selatan"
"0067SLSSM","MFB","0370","45000000","14","X","SLS","Solo Selatan"
"0068SLSSM","ET","342","50000000","1","X","SLS","Solo Selatan"
"0068SLSSM","M3","184","4700000","1","X","SLS","Solo Selatan"
"0068SLSSM","M3","256","500000","10","X","SLS","Solo Selatan"
"0068SLSSM","MFB","0359","3000000","1","X","SLS","Solo Selatan"
"0068SLSSM","MFB","0360","1000000","1","X","SLS","Solo Selatan"
"0068SLSSM","MFB","0366","2500000","1","X","SLS","Solo Selatan"
"0068SLSSM","MFB","0370","9500000","1","X","SLS","Solo Selatan"
"0068SRGRT","60","181","5000000","24","X","SRG","Sragen"
"0068SRGRT","63","jf08","15000000","10","X","SRG","Sragen"
"0068SRGRT","ET","","1000000","25","X","SRG","Sragen"
"0068SRGRT","M3","067","40200000","25","X","SRG","Sragen"
"0068SRGRT","M6","086","6000000","28","X","SRG","Sragen"
"0069BYLRT","63","jf05","500000","10","X","BYL","Boyolali"
"0069SLURT","63","jF11","1000000","24","X","SLU","Solo Utara"
"0069SRGRT","ET","","500000","25","X","SRG","Sragen"
"0070BYLRT","63","jf16","2300000","24","X","BYL","Boyolali"
"0070BYLRT","ET","","500000","25","X","BYL","Boyolali"
"0070BYLRT","M3","189","5600000","10","X","BYL","Boyolali"
"0070KRART","ET","","700000","25","X","KRA","Karanganyar"
"0071KRART","ET","","500000","25","X","KRA","Karanganyar"
"0071SLURT","63","jF12","500000","10","X","SLU","Solo Utara"
"0072KRART","ET","","500000","25","X","KRA","Karanganyar"
"0073BYLRT","M3","0146","500000","10","","BYL","Boyolali"
"0073BYLRT","M3","0146N","40000","24","","BYL","Boyolali"
"0073KRART","M3","502","300000","10","X","KRA","Karanganyar"
"0073KRART","M3","502N","40000","24","X","KRA","Karanganyar"
"0073SRGRT","63","jF10","9576525","10","X","SRG","Sragen"
"0073SRGRT","ET","","500000","25","X","SRG","Sragen"
"0073SRGRT","M6","093","21000000","24","X","SRG","Sragen"
"0074GMLRT","63","jF08","500000","10","x","GML","Gemolong"
"0074KRART","60","","500000","24","X","KRA","Karanganyar"
"0074KRART","63","JF02","1300000","10","X","KRA","Karanganyar"
"0074KRART","ET","341","500000","25","X","KRA","Karanganyar"
"0074KRART","M3","","500000","10","X","KRA","Karanganyar"
"0074KRART","M6","070","500000","24","X","KRA","Karanganyar"
"0074SLURT","ET","","500000","25","X","SLU","Solo Utara"
"0075BYLMM","63","JF05","4563458","24","X","BYL","Boyolali"
"0075BYLMM","ET","343","2000000","24","X","BYL","Boyolali"
"0075BYLMM","M6","7003","700000","24","X","BYL","Boyolali"
"0075BYLMM","MFB","0233","500000","24","X","BYL","Boyolali"
"0075BYLMM","MFB","175","7700000","24","X","BYL","Boyolali"
"0076GMLRT","ET","","500000","25","X","GML","Gemolong"
"0076KRART","63","jf15","500000","24","X","KRA","Karanganyar"
"0076KRART","ET","","500000","25","X","KRA","Karanganyar"
"0076SLSRT","ET","","500000","25","X","SLS","Solo Selatan"
"0076SLSRT","M3","0146","5400000","10","","SLS","Solo Selatan"
"0076SLSRT","M3","0146N","40000","24","","SLS","Solo Selatan"
"0076SRGRT","ET","341","1400000","25","X","SRG","Sragen"
"0077KRART","ET","","500000","25","X","KRA","Karanganyar"
"0077SKHSW","60","","5000000","10","X","SKH","Sukoharjo"
"0078SLURT","60","180","1400000","24","X","SLU","Solo Utara"
"0078SLURT","63","JF02","500000","10","X","SLU","Solo Utara"
"0078SRGMM","63","","12000000","14","X","SRG","Sragen"
"0078SRGMM","ET","","2000000","25","X","SRG","Sragen"
"0078SRGMM","M3","","5000000","14","X","SRG","Sragen"
"0078SRGMM","M6","","2000000","14","X","SRG","Sragen"
"0078SRGMM","MFB","","500000","24","X","SRG","Sragen"
"0079BYLRT","63","jf05","500000","24","X","BYL","Boyolali"
"0079KRART","ET","","700000","25","X","KRA","Karanganyar"
"0079KRART","M3","502","300000","10","X","KRA","Karanganyar"
"0079KRART","M3","502N","40000","24","X","KRA","Karanganyar"
"0079SKHSM","ET","","40000000","25","X","SKH","Sukoharjo"
"0079SKHSM","M3","0001","500000","10","X","SKH","Sukoharjo"
"0080GMLRT","63","jf08","696208","24","X","GML","Gemolong"
"0080GMLRT","M3","0146","500000","10","X","GML","Gemolong"
"0080GMLRT","M3","0146N","40000","24","X","GML","Gemolong"
"0080SKHSM","ET","","75000000","25","X","SKH","Sukoharjo"
"0080SLSRT","ET","0001","27200000","25","X","SLS","Solo Selatan"
"0080SRGRT","MFB","0380","750000","25","X","SRG","Sragen"
"0080SRGRT","MFB","078","4350000","25","X","SRG","Sragen"
"0081BYLRT","60","179","1650000","25","X","BYL","Boyolali"
"0081BYLRT","MFB","175","900000","24","X","BYL","Boyolali"
"0081SLSRT","63","jF07","1300000","24","X","SLS","Solo Selatan"
"0081SLURT","60","180","1500000","10","X","SLU","Solo Utara"
"0081SLURT","63","jf03","1000000","24","X","SLU","Solo Utara"
"0081SLURT","MFB","0380","1000000","24","X","SLU","Solo Utara"
"0081SLURT","MFB","078","1200000","24","X","SLU","Solo Utara"
"0081SLUSM","63","jF19","215000000","14","X","SLU","Solo Utara"
"0081SLUSM","63","jF19","215000000","14","X","SLU","Solo Utara"
"0081SLUSM","ET","342","94000000","28","X","SLU","Solo Utara"
"0081SLUSM","ET","342","94000000","28","X","SLU","Solo Utara"
"0081SLUSM","M3","184","59000000","14","X","SLU","Solo Utara"
"0081SLUSM","M3","184","59000000","14","X","SLU","Solo Utara"
"0081SLUSM","M6","102","57200000","14","X","SLU","Solo Utara"
"0081SLUSM","M6","102","57200000","14","X","SLU","Solo Utara"
"0081SLUSM","MFB","0359","83500000","14","X","SLU","Solo Utara"
"0081SLUSM","MFB","0359","83500000","31","X","SLU","Solo Utara"
"0081SLUSM","MFB","0360","33000000","14","X","SLU","Solo Utara"
"0081SLUSM","MFB","0360","33000000","14","X","SLU","Solo Utara"
"0081SLUSM","MFB","0365","50000000","14","X","SLU","Solo Utara"
"0081SLUSM","MFB","0365","50000000","14","X","SLU","Solo Utara"
"0081SLUSM","MFB","0370","33000000","14","X","SLU","Solo Utara"
"0081SLUSM","MFB","0370","33000000","14","X","SLU","Solo Utara"
"0082BYLRT","60","","900000","25","X","BYL","Boyolali"
"0082BYLRT","63","","500000","10","X","BYL","Boyolali"
"0082GMLRT","63","JF14","500000","10","X","GML","Gemolong"
"0082KRART","ET","","600000","25","X","KRA","Karanganyar"
"0083BYLRT","MFB","0233","500000","10","X","BYL","Boyolali"
"0083KRART","60","180","700000","25","X","KRA","Karanganyar"
"0083KRART","63","JF15","1601417","10","X","KRA","Karanganyar"
"0083KRART","ET","","500000","25","X","KRA","Karanganyar"
"0083KRART","M3","174","600000","10","X","KRA","Karanganyar"
"0083KRART","MFB","","500000","25","X","KRA","Karanganyar"
"0085BYLRT","63","jF11","500000","24","X","BYL","Boyolali"
"0085GMLRT","M3","0146","500000","10","X","GML","Gemolong"
"0085GMLRT","M3","0146N","40000","24","X","GML","Gemolong"
"0085SLURT","60","185","1850000","25","X","SLU","Solo Utara"
"0085SLURT","MFB","0380","800000","25","X","SLU","Solo Utara"
"0085SLURT","MFB","078","1900000","25","X","SLU","Solo Utara"
"0086BYLRT","MFB","0359","500000","24","X","BYL","Boyolali"
"0086BYLRT","MFB","0365","500000","24","X","BYL","Boyolali"
"0086BYLRT","MFB","E001","500000","24","X","BYL","Boyolali"
"0086GMLRT","M3","0146","500000","10","","GML","Gemolong"
"0086GMLRT","M3","0146N","40000","24","","GML","Gemolong"
"0086KRART","63","jF09","1000000","24","X","KRA","Karanganyar"
"0087KRART","60","","500000","10","X","KRA","Karanganyar"
"0087KRART","ET","","1.25","25","X","KRA","Karanganyar"
"0087SLSRT","60","179","1550000","24","X","SLS","Solo Selatan"
"0088KRART","60","","1000000","10","X","KRA","Karanganyar"
"0088KRART","63","","500000","10","X","KRA","Karanganyar"
"0088KRART","ET","","600000","25","X","KRA","Karanganyar"
"0088KRART","M3","174","300000","10","X","KRA","Karanganyar"
"0089KRART","ET","","500000","25","X","KRA","Karanganyar"
"008SLSRT","ET","343","2500000","25","X","SLS","Solo Selatan"
"0090GMLRT","ET","","500000","25","X","GML","Gemolong"
"0090SKHAP","63","jF02","1500000","24","X","SKH","Sukoharjo"
"0090SLSRT","63","","1.25","10","X","SLS","Solo Selatan"
"0090SLSRT","M3","190","600000","24","X","SLS","Solo Selatan"
"0090SLURT","60","178","500000","24","X","SLU","Solo Utara"
"0090SLURT","63","jf03","713997","10","X","SLU","Solo Utara"
"0091GMLRT","60","178","1100000","24","X","GML","Gemolong"
"0091GMLRT","63","","500000","24","X","GML","Gemolong"
"0091GMLRT","ET","","500000","24","X","GML","Gemolong"
"0091SRGRT","60","181","3100000","24","X","SRG","Sragen"
"0091SRGRT","63","JF08","5345074","24","X","SRG","Sragen"
"0091SRGRT","M3","0146","5000000","10","X","SRG","Sragen"
"0091SRGRT","M3","0146N","40000","24","X","SRG","Sragen"
"0091SRGRT","MFB","502","1750000","10","X","SRG","Sragen"
"0092BYLRT","ET","","500000","25","X","BYL","Boyolali"
"0092GMLRT","M3","0146","500000","10","X","GML","Gemolong"
"0092GMLRT","M3","0146N","40000","24","X","GML","Gemolong"
"0092KRART","ET","","600000","25","X","KRA","Karanganyar"
"0092SLURT","60","178","1100000","24","X","SLU","Solo Utara"
"0092SLURT","ET","","500000","24","X","SLU","Solo Utara"
"0092SLURT","M3","190","600000","24","X","SLU","Solo Utara"
"0093KRART","63","","400000","10","X","KRA","Karanganyar"
"0093KRART","ET","341","500000","24","X","KRA","Karanganyar"
"0093KRART","M3","","1000000","10","X","KRA","Karanganyar"
"0093KRART","M6","086","1100000","24","X","KRA","Karanganyar"
"0093KRART","MFB","078","1700000","24","X","KRA","Karanganyar"
"0093SLSRT","60","178","450000","24","X","SLS","Solo Selatan"
"0094GMLRT","M3","189","1200000","10","X","GML","Gemolong"
"0094KRAAP","63","JF11","603208","24","X","KRA","Karanganyar"
"0094KRAAP","ET","","500000","25","X","KRA","Karanganyar"
"0095BYLRT","63","jf15","500000","24","X","BYL","Boyolali"
"0095BYLRT","ET","343","500000","24","X","BYL","Boyolali"
"0095BYLRT","M6","7003","500000","10","X","BYL","Boyolali"
"0095BYLRT","MFB","175","700000","24","X","BYL","Boyolali"
"0095SRGRT","ET","","500000","25","X","SRG","Sragen"
"0096SLURT","60","178","550000","24","X","SLU","Solo Utara"
"0096SLURT","63","jF16","500000","24","X","SLU","Solo Utara"
"0096SLURT","M3","190","1800000","24","X","SLU","Solo Utara"
"0096SRGRT","60","181","4450000","25","X","SRG","Sragen"
"0096SRGRT","63","jF17","2240467","10","X","SRG","Sragen"
"0096SRGRT","M3","067","10000000","24","X","SRG","Sragen"
"0096SRGRT","MFB","0112","1950000","24","X","SRG","Sragen"
"0097KRART","ET","341","650000","25","X","KRA","Karanganyar"
"0097SRGRT","63","jf16","687600","24","X","SRG","Sragen"
"0097SRGRT","M3","0146","250000","25","X","SRG","Sragen"
"0097SRGRT","M3","0146N","40000","24","X","SRG","Sragen"
"0100SRGRT","60","181","500000","24","X","SRG","Sragen"
"0100SRGRT","63","JF10","600000","24","X","SRG","Sragen"
"0100SRGRT","M3","","1000000","24","X","SRG","Sragen"
"0101SLSRT","60","179","3300000","10","X","SLS","Solo Selatan"
"0101SLSRT","63","jf11","874850","24","X","SLS","Solo Selatan"
"0101SLSRT","M3","190","1000000","10","X","SLS","Solo Selatan"
"0101SLURT","63","jF15","500000","24","X","SLU","Solo Utara"
"0101SLURT","ET","","500000","25","X","SLU","Solo Utara"
"0101SLURT","M3","","1100000","10","X","SLU","Solo Utara"
"0101SLURT","MFB","0233","2000000","10","X","SLU","Solo Utara"
"0102KRART","ET","","500000","25","X","KRA","Karanganyar"
"0102KRART","M3","502","300000","10","X","KRA","Karanganyar"
"0102KRART","M3","502N","40000","24","X","KRA","Karanganyar"
"0102SLURT","63","jf15","500000","24","X","SLU","Solo Utara"
"0102SRGRT","63","jf14","2400000","24","X","SRG","Sragen"
"0103KRART","60","185","700000","24","X","KRA","Karanganyar"
"0103KRART","MFB","078","1500000","24","X","KRA","Karanganyar"
"0103SRGRT","60","","100000","10","X","SRG","Sragen"
"0103SRGRT","63","JF08","5136358","10","X","SRG","Sragen"
"0103SRGRT","ET","341","500000","24","X","SRG","Sragen"
"0103SRGRT","M3","189","2000000","10","X","SRG","Sragen"
"0103SRGRT","M6","086","2450000","24","X","SRG","Sragen"
"0103SRGRT","MFB","0112","9500000","25","X","SRG","Sragen"
"0103SRGRT","MFB","189","500000","25","X","SRG","Sragen"
"0104KRART","60","185","500000","10","x","KRA","Karanganyar"
"0104KRART","M3","502","300000","10","X","KRA","Karanganyar"
"0104KRART","M3","502N","40000","24","X","KRA","Karanganyar"
"0104SLURT","60","179","2900000","10","X","SLU","Solo Utara"
"0104SLURT","63","jF02","500000","24","X","SLU","Solo Utara"
"0104SLURT","MFB","0233","2500000","10","X","SLU","Solo Utara"
"0106BYLRT","M3","067","116600000","21","X","BYL","Boyolali"
"0107SLSRT","60","","100000","10","X","SLS","Solo Selatan"
"0107SLSRT","MFB","0233","1000000","25","X","SLS","Solo Selatan"
"0108KRART","60","185","1300000","24","X","KRA","Karanganyar"
"0108KRART","M6","7003","500000","10","X","KRA","Karanganyar"
"0108KRART","MFB","175","700000","24","X","KRA","Karanganyar"
"0108KRART","MFB","185","800000","24","X","KRA","Karanganyar"
"0108SLSRT","MFB","0233","500000","10","X","SLS","Solo Selatan"
"0108SRGRT","63","","500000","10","X","SRG","Sragen"
"0108SRGRT","ET","","500000","25","X","SRG","Sragen"
"0109SLURT","M3","","500000","10","X","SLU","Solo Utara"
"0110SLURT","63","jF09","1000000","10","X","SLU","Solo Utara"
"0110SLURT","ET","","500000","25","X","SLU","Solo Utara"
"0111BYLRT","60","179","1100000","24","X","BYL","Boyolali"
"0111BYLRT","63","jf11","500000","24","X","BYL","Boyolali"
"0111SKHRT","60","178","500000","24","X","SKH","Sukoharjo"
"0111SKHRT","63","jf01","500000","24","X","SKH","Sukoharjo"
"0111SKHRT","M3","0146","500000","10","X","SKH","Sukoharjo"
"0111SKHRT","M3","0146N","40000","24","X","SKH","Sukoharjo"
"0111SLUSW","M3","502","300000","10","X","SLU","Solo Utara"
"0111SLUSW","M3","502N","40000","24","X","SLU","Solo Utara"
"0112KRART","63","jF05","1430750","24","X","KRA","Karanganyar"
"0113BYLRT","60","179","1050000","24","X","BYL","Boyolali"
"0113SLUMM","ET","","800000","25","X","SLU","Solo Utara"
"0113SRGRT","ET","","500000","25","X","SRG","Sragen"
"0115SRGRT","ET","","500000","25","X","SRG","Sragen"
"0116SLSRT","60","180","1400000","24","X","SLS","Solo Selatan"
"0116SLSRT","M3","190","700000","24","X","SLS","Solo Selatan"
"0116SRGRT","63","JF17","500000","10","X","SRG","Sragen"
"0116SRGRT","ET","","500000","25","X","SRG","Sragen"
"0116SRGRT","MFB","0181","500000","10","X","SRG","Sragen"
"0117SRGRT","60","181","850000","10","X","SRG","Sragen"
"0117SRGRT","M3","0146","500000","10","X","SRG","Sragen"
"0117SRGRT","M3","0146N","40000","24","X","SRG","Sragen"
"0118SKHRT","60","","500000","10","X","SKH","Sukoharjo"
"0118SKHRT","63","","1750250","10","X","SKH","Sukoharjo"
"0118SKHRT","ET","341","500000","24","X","SKH","Sukoharjo"
"0118SLUSW","MFB","0380","4000000","10","X","SLU","Solo Utara"
"0119BYLRT","ET","343","1000000","25","X","BYL","Boyolali"
"0120KRART","ET","","500000","25","X","KRA","Karanganyar"
"0120SRGRT","63","jf14","500000","24","X","SRG","Sragen"
"0120SRGRT","M3","067","600000","24","X","SRG","Sragen"
"0121KRART","ET","","500000","25","X","KRA","Karanganyar"
"0121SLURT","63","jf11","617347","24","X","SLU","Solo Utara"
"0121SRGMM","ET","","1.25","25","X","SRG","Sragen"
"0121SRGRT","60","","500000","10","X","SRG","Sragen"
"0121SRGRT","MFB","0181","500000","10","X","SRG","Sragen"
"0122SRGRT","MFB","0181","500000","10","X","SRG","Sragen"
"01230SLURT","63","jF11","553483","24","X","SLU","Solo Utara"
"0123BYLRT","63","jF07","600000","10","X","BYL","Boyolali"
"0123BYLRT","ET","","500000","25","X","BYL","Boyolali"
"0123BYLRT","MFB","0233","1300000","10","X","BYL","Boyolali"
"0123SRGRT","63","jf14","500000","24","X","SRG","Sragen"
"0124SLSRT","ET","","500000","25","X","SLS","Solo Selatan"
"0124SLSRT","MFB","0233","800000","25","X","SLS","Solo Selatan"
"0124SLSRT","MFB","078","500000","25","X","SLS","Solo Selatan"
"0124SLURT","60","179","800000","25","X","SLU","Solo Utara"
"0124SLURT","63","jF15","500000","24","X","SLU","Solo Utara"
"0124SLURT","M3","","600000","10","X","SLU","Solo Utara"
"0124SLURT","MFB","175","500000","24","X","SLU","Solo Utara"
"0124SRGRT","M3","0146","500000","10","","SRG","Sragen"
"0124SRGRT","M3","0146N","40000","24","","SRG","Sragen"
"0125BYLRT","ET","","500000","25","X","BYL","Boyolali"
"0125SKHSM","60","188","12500000","30","X","SKH","Sukoharjo"
"0125SKHSM","63","JF19","120000000","30","X","SKH","Sukoharjo"
"0125SKHSM","ET","342","6000000","24","X","SKH","Sukoharjo"
"0125SKHSM","M3","035","30000000","30","X","SKH","Sukoharjo"
"0125SKHSM","MFB","0366","21500000","30","X","SKH","Sukoharjo"
"0125SKHSM","MFB","0370","10000000","30","X","SKH","Sukoharjo"
"0125SKHSM","MFB","069","62500000","30","X","SKH","Sukoharjo"
"0125SKHSM","MFB","E001","500000","30","X","SKH","Sukoharjo"
"0125SLSAP","ET","","500000","25","X","SLS","Solo Selatan"
"0126SLURT","M3","0146","200000","10","","SLU","Solo Utara"
"0126SLURT","M3","0146N","40000","24","","SLU","Solo Utara"
"0127BYLRT","ET","","500000","25","X","BYL","Boyolali"
"0127SRGRT","60","","1.25","10","X","SRG","Sragen"
"0128KRAMM","ET","","500000","25","X","KRA","Karanganyar"
"0128KRART","63","","500000","10","X","KRA","Karanganyar"
"0128KRART","M3","174","600000","10","X","KRA","Karanganyar"
"0128SLSRT","63","jf16","100000","1","","SLS","Solo Selatan"
"0130SKHRT","63","jF07","1000000","10","X","SKH","Sukoharjo"
"0130SRGRT","ET","341","500000","25","X","SRG","Sragen"
"0130SRGRT","M3","067","750000","24","X","SRG","Sragen"
"0130SRGRT","M6","070","1000000","24","X","SRG","Sragen"
"0130SRGRT","MFB","0112","850000","24","X","SRG","Sragen"
"0131SRGRT","ET","","500000","25","X","SRG","Sragen"
"0133SLURT","M3","502","300000","10","X","SLU","Solo Utara"
"0133SLURT","M3","502N","40000","24","X","SLU","Solo Utara"
"0135KRART","ET","","500000","25","X","KRA","Karanganyar"
"0136BYLRT","60","","1200000","10","X","BYL","Boyolali"
"0136KRART","MFB","1109","500000","10","","KRA","Karanganyar"
"0136SLSRT","ET","","2550000","25","X","SLS","Solo Selatan"
"0137KRART","ET","","500000","25","X","KRA","Karanganyar"
"0137SLURT","MFB","0233","500000","10","X","SLU","Solo Utara"
"0138BYLMM","ET","","500000","25","X","BYL","Boyolali"
"0138BYLMM","MFB","0233","550000","10","X","BYL","Boyolali"
"0138SKHRT","63","jF12","600000","24","X","SKH","Sukoharjo"
"0138SKHRT","ET","","500000","25","X","SKH","Sukoharjo"
"0138SKHRT","MFB","0233","500000","10","X","SKH","Sukoharjo"
"0139SKHRT","ET","","500000","25","X","SKH","Sukoharjo"
"0140BYLRT","63","JF11","1600000","10","X","BYL","Boyolali"
"0140BYLRT","M6","7003","1800000","10","X","BYL","Boyolali"
"0140KRART","ET","","500000","25","X","KRA","Karanganyar"
"0140SKHRT","ET","","500000","25","","SKH","Sukoharjo"
"0141KRART","ET","","500000","25","X","KRA","Karanganyar"
"0141SLURT","60","","500000","10","X","SLU","Solo Utara"
"0141SLURT","ET","","500000","25","X","SLU","Solo Utara"
"0141SRGRT","ET","","500000","25","X","SRG","Sragen"
"0142KTSRT","60","193","8000000","24","X","KTS","Kartosuro"
"0142KTSRT","ET","","500000","25","X","KTS","Kartosuro"
"0142KTSRT","M3","0146","700000","10","X","KTS","Kartosuro"
"0142KTSRT","M3","0146N","40000","24","X","KTS","Kartosuro"
"0142KTSRT","MFB","0233","9500000","25","X","KTS","Kartosuro"
"0142KTSRT","MFB","175","3450000","24","X","KTS","Kartosuro"
"0143BYLRT","ET","","500000","25","X","BYL","Boyolali"
"0143KRAMM","60","193","5300000","24","X","KRA","Karanganyar"
"0143KRAMM","ET","","1000000","25","X","KRA","Karanganyar"
"0143KRAMM","MFB","","800000","10","X","KRA","Karanganyar"
"0143SLURT","63","jF16","7200000","24","X","SLU","Solo Utara"
"0144BYLRT","60","179","1500000","24","X","BYL","Boyolali"
"0144BYLRT","63","jF15","654825","24","X","BYL","Boyolali"
"0144KRAMM","63","jF09","8867658","10","X","KRA","Karanganyar"
"0144KRAMM","ET","","500000","25","X","KRA","Karanganyar"
"0144KRAMM","M3","174","2000000","10","X","KRA","Karanganyar"
"0144KRAMM","M6","7003","3500000","24","X","KRA","Karanganyar"
"0144KRAMM","MFB","078","6250000","10","X","KRA","Karanganyar"
"0144KRAMM","MFB","1109","4400000","10","X","KRA","Karanganyar"
"0144SKHAP","63","jf03","500000","10","X","SKH","Sukoharjo"
"0146KRAMM","63","jF09","695433","24","X","KRA","Karanganyar"
"0146KRAMM","MFB","078","2600000","24","X","KRA","Karanganyar"
"0146KRART","63","jf15","400000","24","X","KRA","Karanganyar"
"0146KRART","ET","341","1000000","24","X","KRA","Karanganyar"
"0146KRART","M6","7003","1500000","24","X","KRA","Karanganyar"
"0146SLURT","60","180","8000000","24","X","SKH","Sukoharjo"
"0146SLURT","M3","","600000","10","X","SKH","Sukoharjo"
"0146SLURT","MFB","0380","8000000","24","X","SKH","Sukoharjo"
"0146SLURT","MFB","175","8000000","24","X","SKH","Sukoharjo"
"0146SRGRT","ET","343","500000","25","X","SRG","Sragen"
"0147SLSRT","60","193","2900000","24","X","SLS","Solo Selatan"
"0147SLSRT","63","jF16","1834475","10","X","SLS","Solo Selatan"
"0148SLSSW","MFB","0233","10000000","25","X","SLS","Solo Selatan"
"0148SLSSW","MFB","078","9000000","24","X","SLS","Solo Selatan"
"0148SRGRT","60","","500000","10","X","SRG","Sragen"
"0148SRGRT","ET","","500000","25","X","SRG","Sragen"
"0149bylrt","60","178","2350000","24","X","BYL","Boyolali"
"0149KRART","ET","341","10000000","24","X","KRA","Karanganyar"
"0151SRGRT","63","JF10","14000000","10","X","SRG","Sragen"
"0152KRART","ET","","500000","25","X","KRA","Karanganyar"
"0153BYLRT","MFB","0362","4300000","10","X","BYL","Boyolali"
"0154BYLRT","ET","","500000","25","X","BYL","Boyolali"
"0154SLSRT","60","179","2000000","24","X","SLS","Solo Selatan"
"0154SLSRT","63","jF01","4096933","10","X","SLS","Solo Selatan"
"0154SLSRT","M3","190","500000","24","X","SLS","Solo Selatan"
"0155BYLRT","M3","0146","1100000","10","X","BYL","Boyolali"
"0155SLSRT","M3","0146","250000","10","X","SLS","Solo Selatan"
"0155SLSRT","M3","0146N","40000","24","X","SLS","Solo Selatan"
"0155slurt","ET","","500000","25","X","SLU","Solo Utara"
"0156BYLRT","M3","0146","300000","10","X","BYL","Boyolali"
"0156BYLRT","M3","0146N","40000","24","X","BYL","Boyolali"
"0157SLURT","63","jF09","500000","10","","SLU","Solo Utara"
"0158KRART","60","178","250000","1","X","KRA","Karanganyar"
"0158KRART","63","jf18","1394367","24","X","KRA","Karanganyar"
"0158KRART","ET","","500000","24","X","KRA","Karanganyar"
"0158KRART","M6","070","1100000","10","X","KRA","Karanganyar"
"0158KRART","MFB","078","6300000","24","X","KRA","Karanganyar"
"0158SLURT","60","178","900000","24","X","SLU","Solo Utara"
"0158SLURT","63","jf03","500000","24","X","SLU","Solo Utara"
"0158SLURT","M3","190","1500000","24","X","SLU","Solo Utara"
"0159KRART","60","180","3500000","24","X","KRA","Karanganyar"
"0159KRART","ET","","1.25","25","X","KRA","Karanganyar"
"0159KRART","M3","","1500000","10","X","KRA","Karanganyar"
"0159KTSRT","ET","","500000","25","X","KTS","Kartosuro"
"0159KTSRT","M3","067","18000000","10","X","KTS","Kartosuro"
"0160BYLRT","ET","343","650000","24","X","BYL","Boyolali"
"0160SLURT","ET","","500000","24","X","SLU","Solo Utara"
"0161BYLRT","ET","","500000","25","X","BYL","Boyolali"
"0161KRART","63","JF09","500000","24","X","KRA","Karanganyar"
"0161KRART","ET","","500000","25","X","KRA","Karanganyar"
"0162SLURT","M3","067","40000000","10","X","SLU","Solo Utara"
"0164KRART","ET","","500000","25","X","KRA","Karanganyar"
"0168SLSRT","60","178","700000","25","X","SLS","Solo Selatan"
"0168SLSRT","63","JF09","500000","10","X","SLS","Solo Selatan"
"0169BYLRT","60","179","500000","24","X","BYL","Boyolali"
"0169BYLRT","63","jF05","500000","24","X","BYL","Boyolali"
"0169KRART","ET","","1.25","25","X","KRA","Karanganyar"
"0169SLSRT","60","178","500000","24","X","SLS","Solo Selatan"
"0169SLSRT","63","JF09","500000","10","X","SLS","Solo Selatan"
"0169SLSRT","M3","0146","500000","10","X","SLS","Solo Selatan"
"0169SLSRT","M3","0146N","40000","24","X","SLS","Solo Selatan"
"0169SRGRT","60","","1600000","10","X","SRG","Sragen"
"0169SRGRT","M3","067","2650000","24","X","SRG","Sragen"
"0172BYLRT","60","178","1500000","24","X","BYL","Boyolali"
"0172BYLRT","63","jf09","500000","24","X","BYL","Boyolali"
"0172KRART","ET","","1000000","25","X","KRA","Karanganyar"
"0173SRGRT","63","","500000","10","X","SRG","Sragen"
"0173SRGRT","M3","190","500000","10","X","SRG","Sragen"
"0174BYLSM","60","199","13000000","30","X","BYL","Boyolali"
"0174BYLSM","63","jF19","93000000","30","X","BYL","Boyolali"
"0174BYLSM","ET","340","5000000","24","X","BYL","Boyolali"
"0174BYLSM","M3","184","35000000","30","X","BYL","Boyolali"
"0174BYLSM","MFB","0359","120000000","30","X","BYL","Boyolali"
"0174BYLSM","MFB","0360","17000000","30","X","BYL","Boyolali"
"0174BYLSM","MFB","0365","34200000","30","X","BYL","Boyolali"
"0174BYLSM","MFB","0370","20000000","30","X","BYL","Boyolali"
"0174BYLSM","MFB","2302","17000000","30","X","BYL","Boyolali"
"0174BYLSM","MFB","E001","500000","30","X","BYL","Boyolali"
"0174KRART","ET","","1.25","25","X","KRA","Karanganyar"
"0175KRART","63","JF16","600000","24","X","KRA","Karanganyar"
"0175KRART","ET","","500000","25","X","KRA","Karanganyar"
"0175SLURT","60","179","1450000","10","X","SLU","Solo Utara"
"0175SLURT","M3","190","500000","24","X","SLU","Solo Utara"
"0175SLURT","MFB","0380","500000","25","X","SLU","Solo Utara"
"0175SLURT","MFB","078","850000","25","X","SLU","Solo Utara"
"0176BYLMM","60","179","700000","10","X","BYL","Boyolali"
"0176BYLMM","63","jf18","12200000","10","X","BYL","Boyolali"
"0176BYLMM","M6","7003","5000000","21","X","BYL","Boyolali"
"0176BYLMM","MFB","0233","1000000","24","X","BYL","Boyolali"
"0176BYLMM","MFB","175","11600000","24","X","BYL","Boyolali"
"0176KRART","60","180","1200000","24","X","KRA","Karanganyar"
"0176KRART","63","jF16","500000","24","X","KRA","Karanganyar"
"0176KRART","M3","174","1200000","10","X","KRA","Karanganyar"
"0176SLSRT","M3","190","500000","10","X","SLS","Solo Selatan"
"0179BYLRT","M6","7003","500000","24","X","BYL","Boyolali"
"0179KRART","60","180","3200000","24","X","KRA","Karanganyar"
"0179KRART","63","jF15","1673085","24","X","KRA","Karanganyar"
"0179KRART","ET","341","2050000","25","X","KRA","Karanganyar"
"0179KRART","M3","174","5300000","10","X","KRA","Karanganyar"
"0179KRART","M6","070","900000","10","X","KRA","Karanganyar"
"0179KRART","MFB","","2500000","10","X","KRA","Karanganyar"
"0179SLSMM","M3","184","2200000","24","X","SLS","Solo Selatan"
"0179SLSMM","M6","7003","1200000","24","X","SLS","Solo Selatan"
"0179SLSMM","MFB","0364","500000","10","X","SLS","Solo Selatan"
"0179SRGRT","63","jF17","810892","10","X","SRG","Sragen"
"0180SLUMM","ET","340","1600000","25","X","SLU","Solo Utara"
"0181KRART","60","180","500000","24","X","KRA","Karanganyar"
"0181KRART","63","jF09","500000","24","X","KRA","Karanganyar"
"0184BYLRT","MFB","0233","2800000","10","X","BYL","Boyolali"
"0185slsrt","60","178","1450000","24","X","SLS","Solo Selatan"
"0185slsrt","63","jf16","1006363","10","X","SLS","Solo Selatan"
"0185slsrt","ET","","500000","25","X","SLS","Solo Selatan"
"0185slsrt","M3","","500000","10","X","SLS","Solo Selatan"
"0187KRART","60","180","500000","24","X","KRA","Karanganyar"
"0187KRART","63","JF16","500000","24","X","KRA","Karanganyar"
"0187KRART","M3","174","850000","24","X","KRA","Karanganyar"
"0187SLSRT","ET","340","7100000","10","X","SLS","Solo Selatan"
"0187SLURT","ET","","1000000","25","X","SLU","Solo Utara"
"0188BYLRT","63","jF03","500000","10","X","BYL","Boyolali"
"0188BYLRT","M3","","500000","10","X","BYL","Boyolali"
"0189GMLMM","63","jf08","590742","24","X","GML","Gemolong"
"0189GMLMM","ET","","500000","25","X","GML","Gemolong"
"0189SKHMM","63","jf18","5375950","10","X","SKH","Sukoharjo"
"0189SKHMM","ET","342","1300000","10","X","SKH","Sukoharjo"
"0189SKHMM","M3","184","1300000","10","X","SKH","Sukoharjo"
"0189SKHMM","M6","","2500000","10","X","SKH","Sukoharjo"
"0189SKHMM","MFB","0359","5000000","10","X","SKH","Sukoharjo"
"0189SKHMM","MFB","0360","3000000","10","X","SKH","Sukoharjo"
"0189SKHMM","MFB","0365","5000000","10","X","SKH","Sukoharjo"
"0189SKHMM","MFB","0370","1000000","10","X","SKH","Sukoharjo"
"0189SKHMM","MFB","E001","5000000","10","X","SKH","Sukoharjo"
"0189SLURT","60","","500000","10","X","SLU","Solo Utara"
"0189SLURT","MFB","0233","500000","10","X","SLU","Solo Utara"
"0190SKHRT","63","jF15","10000000","10","X","SKH","Sukoharjo"
"0190SKHRT","ET","341","600000","25","X","SKH","Sukoharjo"
"0190SKHRT","M3","174","2300000","10","X","SKH","Sukoharjo"
"0190SKHRT","M6","7003","1500000","10","X","SKH","Sukoharjo"
"0190SKHRT","MFB","078","5500000","10","X","SKH","Sukoharjo"
"0190SKHRT","MFB","1109","500000","10","X","SKH","Sukoharjo"
"0190SRGRT","60","181","3500000","10","X","SRG","Sragen"
"0190SRGRT","63","jF17","1100000","10","X","SRG","Sragen"
"0190SRGRT","ET","","500000","25","X","SRG","Sragen"
"0190SRGRT","M3","067","1500000","24","X","SRG","Sragen"
"0190SRGRT","M6","070","500000","25","X","SRG","Sragen"
"0190SRGRT","MFB","0112","800000","24","X","SRG","Sragen"
"0191SLSRT","60","","500000","10","X","SLS","Solo Selatan"
"0191SLSRT","ET","","500000","25","X","SLS","Solo Selatan"
"0192SLSSM","60","188","15000000","14","X","SLS","Solo Selatan"
"0192SLSSM","63","JF18","190000000","14","X","SLS","Solo Selatan"
"0192SLSSM","ET","340","10000000","28","X","SLS","Solo Selatan"
"0192SLSSM","M3","035","40000000","14","X","SLS","Solo Selatan"
"0192SLSSM","M6","093","53000000","14","X","SLS","Solo Selatan"
"0192SLSSM","MFB","0366","17500000","14","X","SLS","Solo Selatan"
"0192SLSSM","MFB","0370","30000000","14","X","SLS","Solo Selatan"
"0192SLSSM","MFB","069","93000000","14","X","SLS","Solo Selatan"
"0192SLSSM","MFB","E001","500000","14","X","SLS","Solo Selatan"
"0193SLSSM","60","188","850000","10","X","SLS","Solo Selatan"
"0193SLSSM","63","JF09","26000000","10","X","SLS","Solo Selatan"
"0193SLSSM","ET","342","7000000","21","X","SLS","Solo Selatan"
"0193SLSSM","M3","035","3000000","10","X","SLS","Solo Selatan"
"0193SLSSM","M6","093","8900000","10","X","SLS","Solo Selatan"
"0193SLSSM","MFB","0366","5000000","10","X","SLS","Solo Selatan"
"0193SLSSM","MFB","069","13000000","10","X","SLS","Solo Selatan"
"0193SLSSM","MFB","E001","500000","10","X","SLS","Solo Selatan"
"0193SLURT","M3","","300000","10","X","SLU","Solo Utara"
"0193SLURT","M3","N","40000","24","X","SLU","Solo Utara"
"0193SRGRT","ET","017","45000000","24","X","SRG","Sragen"
"0194KRART","60","185","550000","24","X","KRA","Karanganyar"
"0194KRART","63","jF07","751450","24","X","KRA","Karanganyar"
"0194KRART","M3","174","1300000","10","X","KRA","Karanganyar"
"0195srgrt","63","","858148","10","X","SRG","Sragen"
"0196BYLRT","63","jF13","850000","10","X","BYL","Boyolali"
"0197KRART","ET","","500000","25","X","KRA","Karanganyar"
"0197KRART","M3","502","300000","10","X","KRA","Karanganyar"
"0197KRART","M3","502N","40000","24","X","KRA","Karanganyar"
"0198SLSRT","60","179","400000","24","X","SLS","Solo Selatan"
"0199KRART","ET","341","3650000","24","X","KRA","Karanganyar"
"0200BYLRT","ET","","500000","25","X","BYL","Boyolali"
"0200KRART","63","jF09","13000000","24","X","KRA","Karanganyar"
"0200KRART","ET","","1000000","25","X","KRA","Karanganyar"
"0200KRART","M6","093","4300000","24","X","KRA","Karanganyar"
"0200SRGRT","60","193","5500000","10","X","SRG","Sragen"
"0200SRGRT","63","jf14","3000000","10","X","SRG","Sragen"
"0200SRGRT","ET","","500000","25","X","SRG","Sragen"
"0200SRGRT","M3","067","17800000","10","X","SRG","Sragen"
"0200SRGRT","M6","086","2500000","24","X","SRG","Sragen"
"0201SRGRT","M3","189","650000","10","X","SRG","Sragen"
"0203SKHRT","63","","6000000","10","X","SKH","Sukoharjo"
"0203SKHRT","ET","","500000","25","X","SKH","Sukoharjo"
"0204SKHRT","60","185","3100000","24","X","SKH","Sukoharjo"
"0204SKHRT","63","","1000000","10","X","SKH","Sukoharjo"
"0204SKHRT","ET","342","700000","24","X","SKH","Sukoharjo"
"0204SKHRT","M3","184","5800000","10","X","SKH","Sukoharjo"
"0204SKHRT","M6","102","6600000","24","X","SKH","Sukoharjo"
"0204SKHRT","MFB","0365","10000000","24","X","SKH","Sukoharjo"
"0204SLURT","ET","","500000","25","X","SLU","Solo Utara"
"0205KRART","60","","8800000","10","X","KRA","Karanganyar"
"0205KRART","63","","300000","10","X","KRA","Karanganyar"
"0205KRART","ET","","500000","25","X","KRA","Karanganyar"
"0205KRART","M6","","5000000","10","X","KRA","Karanganyar"
"0206KRART","M3","502","300000","10","X","KRA","Karanganyar"
"0206KRART","M3","502N","40000","24","X","KRA","Karanganyar"
"0206KRART","MFB","078","650000","25","X","KRA","Karanganyar"
"0206SLURT","M3","","300000","10","X","SLU","Solo Utara"
"0209BYLRT","MFB","0233","1850000","25","X","BYL","Boyolali"
"0209SLURT","60","178","500000","24","X","KRA","Karanganyar"
"0209SLURT","63","JF02","800000","24","X","KRA","Karanganyar"
"0209SRGRT","M3","0146","500000","10","","SRG","Sragen"
"0209SRGRT","M3","0146N","40000","24","","SRG","Sragen"
"0210SRGAP","60","180","500000","25","X","SRG","Sragen"
"0210SRGAP","63","jf12","800000","10","X","SRG","Sragen"
"0210SRGAP","ET","341","500000","24","X","SRG","Sragen"
"0210SRGAP","M3","174","300000","24","X","SRG","Sragen"
"0210SRGAP","M6","086","1600000","24","X","SRG","Sragen"
"0210SRGAP","MFB","078","300000","25","X","SRG","Sragen"
"0212KRART","63","JF14","944467","24","X","KRA","Karanganyar"
"0212KRART","ET","341","500000","25","X","KRA","Karanganyar"
"0212KRART","M3","189","700000","10","X","KRA","Karanganyar"
"0212SKHRT","ET","","500000","25","X","SKH","Sukoharjo"
"0212SKHRT","MFB","","500000","10","X","SKH","Sukoharjo"
"0213KRART","60","181","700000","24","X","KRA","Karanganyar"
"0213KRART","63","JF14","500000","24","X","KRA","Karanganyar"
"0213KRART","M3","067","1000000","10","X","KRA","Karanganyar"
"0214BYLRT","ET","343","700000","25","X","BYL","Boyolali"
"0214SLSSM","60","199","6000000","10","X","SLS","Solo Selatan"
"0214SLSSM","63","JF19","60000000","10","X","SLS","Solo Selatan"
"0214SLSSM","ET","340","15000000","25","X","SLS","Solo Selatan"
"0214SLSSM","M3","184","9700000","21","X","SLS","Solo Selatan"
"0214SLSSM","M6","102","3500000","21","X","SLS","Solo Selatan"
"0214SLSSM","MFB","0359","26000000","21","X","SLS","Solo Selatan"
"0214SLSSM","MFB","0360","12000000","28","X","SLS","Solo Selatan"
"0214SLSSM","MFB","0365","12000000","28","X","SLS","Solo Selatan"
"0214SLSSM","MFB","0370","12000000","28","X","SLS","Solo Selatan"
"0214SLSSM","MFB","E001","500000","28","X","SLS","Solo Selatan"
"0217BYLRT","63","jf05","500000","10","X","BYL","Boyolali"
"0217BYLRT","ET","343","500000","25","X","BYL","Boyolali"
"0217BYLRT","M6","7003","400000","10","X","BYL","Boyolali"
"0217BYLRT","MFB","175","500000","24","X","BYL","Boyolali"
"0217SLURT","63","jF09","700000","24","X","SLU","Solo Utara"
"0218SLURT","M3","502","300000","10","X","SLU","Solo Utara"
"0218SLURT","M3","502N","40000","24","X","SLU","Solo Utara"
"0221BYLRT","63","","500000","10","X","BYL","Boyolali"
"0221BYLRT","M3","","500000","10","X","BYL","Boyolali"
"0221SLSMM","63","jF02","1300000","24","X","SLS","Solo Selatan"
"0221SLSMM","M6","7003","1000000","24","X","SLS","Solo Selatan"
"0221SLSMM","MFB","0233","3000000","10","X","SLS","Solo Selatan"
"0221SLURT","60","178","3500000","24","X","SLU","Solo Utara"
"0221SLURT","M3","190","2000000","24","X","SLU","Solo Utara"
"0224SLURT","63","","500000","10","X","SLU","Solo Utara"
"0224SRGRT","60","","100000","10","X","SRG","Sragen"
"0224SRGRT","63","jF14","1500000","24","X","SRG","Sragen"
"0224SRGRT","MFB","0181","500000","25","X","SRG","Sragen"
"0224SRGRT","MFB","189","500000","25","X","SRG","Sragen"
"0225KRART","60","180","2600000","24","X","KRA","Karanganyar"
"0225KRART","63","jF05","6000000","24","X","KRA","Karanganyar"
"0225KRART","ET","","500000","25","X","KRA","Karanganyar"
"0225KRART","M3","174","1900000","10","X","KRA","Karanganyar"
"0225SRGRT","60","181","2200000","10","X","SRG","Sragen"
"0225SRGRT","63","jF14","700000","24","X","SRG","Sragen"
"0225SRGRT","M3","","1100000","10","X","SRG","Sragen"
"0225SRGRT","MFB","","500000","25","X","SRG","Sragen"
"0225SRGRT","MFB","0112","1350000","25","X","SRG","Sragen"
"0225SRGRT","MFB","0181","4500000","25","X","SRG","Sragen"
"0226KRART","ET","","1.25","25","X","KRA","Karanganyar"
"0227SRGRT","60","","500000","10","X","SRG","Sragen"
"0227SRGRT","63","jf14","11000000","10","X","SRG","Sragen"
"0227SRGRT","ET","","500000","25","X","SRG","Sragen"
"0227SRGRT","M3","067","10800000","24","X","SRG","Sragen"
"0227SRGRT","M6","086","3000000","24","X","SRG","Sragen"
"0227SRGRT","MFB","0112","8200000","24","X","SRG","Sragen"
"0227SRGRT","MFB","502","500000","24","X","SRG","Sragen"
"0229BYLRT","60","179","950000","24","X","BYL","Boyolali"
"0229BYLRT","63","jF09","500000","10","X","BYL","Boyolali"
"0230SRGRT","60","185","900000","24","X","SRG","Sragen"
"0230SRGRT","63","JF08","800000","24","X","SRG","Sragen"
"0230SRGRT","M3","189","2500000","10","X","SRG","Sragen"
"0231SKHMM","ET","","500000","25","X","SKH","Sukoharjo"
"0232SLURT","M3","0146","2000000","10","X","SLU","Solo Utara"
"0232SLURT","M3","0146N","40000","24","X","SLU","Solo Utara"
"0232SLURT","M3","502","300000","10","X","SLU","Solo Utara"
"0232SLURT","M3","502N","40000","24","X","SLU","Solo Utara"
"0233BYLRT","M3","0146","250000","10","X","BYL","Boyolali"
"0233BYLRT","M3","0146N","40000","24","X","BYL","Boyolali"
"0234BYLRT","MFB","0233","500000","10","X","BYL","Boyolali"
"0236BYLAP","60","0","300000","10","X","BYL","Boyolali"
"0236BYLAP","63","JF07","500000","10","X","BYL","Boyolali"
"0236SKHRT","ET","","500000","25","X","SKH","Sukoharjo"
"0236SKHRT","M3","502","300000","10","X","SKH","Sukoharjo"
"0236SKHRT","M3","502N","40000","24","X","SKH","Sukoharjo"
"0236SLUKO","MFB","0","500000","10","X","SLU","Solo Utara"
"0237GMLRT","60","181","1100000","24","X","GML","Gemolong"
"0237GMLRT","63","jF17","1592883","10","X","GML","Gemolong"
"0237GMLRT","ET","","650000","25","X","GML","Gemolong"
"0237GMLRT","M3","067","3000000","24","X","GML","Gemolong"
"0237SRGRT","63","jf14","600000","24","X","SRG","Sragen"
"0238BYLRT","63","jF03","500000","10","X","BYL","Boyolali"
"0239SRGRT","ET","","500000","25","X","SRG","Sragen"
"0240KRART","60","180","2600000","10","X","KRA","Karanganyar"
"0240KRART","63","JF16","1646150","24","X","KRA","Karanganyar"
"0240KRART","ET","","500000","25","X","KRA","Karanganyar"
"0240KRART","M3","174","1700000","10","X","KRA","Karanganyar"
"0240SLURT","ET","343","1300000","24","X","SLU","Solo Utara"
"0241BYLRT","60","0","800000","25","X","BYL","Boyolali"
"0241KRART","ET","","500000","25","X","KRA","Karanganyar"
"0241SLSRT","ET","0","700000","25","X","SLS","Solo Selatan"
"0242KRART","60","180","500000","25","X","KRA","Karanganyar"
"0242KRART","63","jF16","500000","24","X","KRA","Karanganyar"
"0242KRART","ET","","500000","25","X","KRA","Karanganyar"
"0242KRART","M3","174","500000","10","X","KRA","Karanganyar"
"0242SKHRT","M3","0146","500000","10","","SKH","Sukoharjo"
"0242SKHRT","M3","0146N","40000","24","","SKH","Sukoharjo"
"0244SRGRT","MFB","502","200000","10","","SRG","Sragen"
"0245BYLRT","60","179","4900000","24","X","BYL","Boyolali"
"0245BYLRT","63","jf15","1598250","24","X","BYL","Boyolali"
"0245BYLRT","ET","343","500000","24","X","BYL","Boyolali"
"0245BYLRT","MFB","0233","500000","10","X","BYL","Boyolali"
"0245SRGRT","M3","189","1100000","10","X","SRG","Sragen"
"0246BYLRT","ET","","500000","25","X","BYL","Boyolali"
"0246BYLRT","M3","0146","500000","10","X","BYL","Boyolali"
"0246BYLRT","M3","0146N","40000","24","X","BYL","Boyolali"
"0246KRART","ET","","500000","25","X","KRA","Karanganyar"
"0246SRGRT","M3","189","1650000","10","X","SRG","Sragen"
"0246SRGRT","MFB","502","300000","10","X","SRG","Sragen"
"0247KRART","M3","502","300000","10","X","KRA","Karanganyar"
"0247KRART","M3","502N","40000","24","X","KRA","Karanganyar"
"0247SLSRT","60","180","2500000","10","X","SLS","Solo Selatan"
"0247SLSRT","63","jf16","500000","24","X","SLS","Solo Selatan"
"0247SLSRT","ET","","500000","25","X","SLS","Solo Selatan"
"0247SLSRT","M3","174","650000","10","X","SLS","Solo Selatan"
"0247SRGRT","MFB","502","200000","10","","SRG","Sragen"
"0248BYLRT","ET","343","900000","25","X","BYL","Boyolali"
"0248KRART","ET","","500000","25","X","KRA","Karanganyar"
"0248KRART","M3","0146","300000","10","","KRA","Karanganyar"
"0248KRART","M3","0146N","40000","24","","KRA","Karanganyar"
"0248SRGRT","60","181","1500000","24","X","SRG","Sragen"
"0248SRGRT","63","jF08","1721475","10","X","SRG","Sragen"
"0248SRGRT","M3","189","3900000","10","X","SRG","Sragen"
"0248SRGRT","MFB","189","300000","10","X","SRG","Sragen"
"0249BYLRT","ET","","500000","25","X","BYL","Boyolali"
"0249KRART","M3","0146","500000","10","X","KRA","Karanganyar"
"0249KRART","M3","0146N","40000","24","X","KRA","Karanganyar"
"0249SLURT","60","193","12000000","24","X","SLU","Solo Utara"
"0249SLURT","M3","190","6500000","24","X","SLU","Solo Utara"
"0249SRGRT","M3","","300000","10","X","SRG","Sragen"
"0249SRGRT","M3","189N","40000","24","X","SRG","Sragen"
"0254KRART","63","JF16","500000","10","X","KRA","Karanganyar"
"0254SLSRT","63","jF07","1541125","24","X","SLS","Solo Selatan"
"0255KRART","63","jF11","700000","24","X","KRA","Karanganyar"
"0255SRGRT","63","jF08","2700000","24","X","SRG","Sragen"
"0256SLSRT","ET","343","500000","24","","SLS","Solo Selatan"
"0256SLUSM","ET","340","10000000","35","X","SLU","Solo Utara"
"0256SLUSM","M3","184","10000000","30","X","SLU","Solo Utara"
"0256SLUSM","M6","093","8500000","30","X","SLU","Solo Utara"
"0256SLUSM","MFB","0365","13500000","30","X","SLU","Solo Utara"
"0259SLURT","MFB","0233","500000","10","X","SLU","Solo Utara"
"0261KTSRT","ET","341","1200000","25","X","KTS","Kartosuro"
"0261SLSKO","MFB","0364","500000","10","X","SLS","Solo Selatan"
"0261SRGRT","MFB","502","500000","10","X","SRG","Sragen"
"0262KRART","ET","","500000","25","X","KRA","Karanganyar"
"0262SLSRT","60","","500000","10","X","SLS","Solo Selatan"
"0262SLSRT","ET","","500000","25","X","SLS","Solo Selatan"
"0262SLUAP","ET","","500000","25","X","SLU","Solo Utara"
"0264BYLRT","M3","","300000","10","X","BYL","Boyolali"
"0264BYLRT","M3","190N","40000","24","X","BYL","Boyolali"
"0264KRART","ET","","500000","25","X","KRA","Karanganyar"
"0264SLSRT","60","193","2800000","10","X","SLS","Solo Selatan"
"0264SLSRT","63","jF01","3437933","10","X","SLS","Solo Selatan"
"0264SLSRT","ET","341","700000","25","X","SLS","Solo Selatan"
"0264SLSRT","M3","190","1450000","10","X","SLS","Solo Selatan"
"0264SLSRT","M6","7003","1500000","10","X","SLS","Solo Selatan"
"0264SLSRT","MFB","0233","4000000","25","X","SLS","Solo Selatan"
"0264SLSRT","MFB","175","3000000","10","X","SLS","Solo Selatan"
"0264SLURT","MFB","0233","700000","10","X","SLU","Solo Utara"
"0265SKHRT","60","180","500000","24","X","SKH","Sukoharjo"
"0265SKHRT","63","jf07","500000","24","X","SKH","Sukoharjo"
"0265SKHRT","MFB","078","1900000","24","X","SKH","Sukoharjo"
"0265SLSRT","ET","","600000","25","X","SLS","Solo Selatan"
"0266KTSRT","ET","","500000","25","X","KTS","Kartosuro"
"0266SLURT","60","179","500000","24","X","SLU","Solo Utara"
"0266SLURT","M3","190","300000","10","X","SLU","Solo Utara"
"0267KTSRT","ET","341","7750000","24","X","KTS","Kartosuro"
"0269SLUKO","60","178","750000","24","X","SLU","Solo Utara"
"0269SLUKO","63","JF01","2516847","10","X","SLU","Solo Utara"
"0269SLUKO","ET","340","500000","10","X","SLU","Solo Utara"
"0269SLUKO","M3","190","1000000","24","X","SLU","Solo Utara"
"0269SLUKO","M6","7003","800000","24","X","SLU","Solo Utara"
"0269SLUKO","MFB","175","500000","24","X","SLU","Solo Utara"
"0269SRGRT","63","jf17","500000","10","X","SRG","Sragen"
"0269SRGRT","ET","341","1200000","25","X","SRG","Sragen"
"0270BYLRT","63","","1000000","10","X","BYL","Boyolali"
"0271SLURT","M3","190","800000","10","X","SLU","Solo Utara"
"0272SLSRT","ET","341","10000000","24","X","SLS","Solo Selatan"
"0272SLURT","60","0001","500000","10","X","SLU","Solo Utara"
"0273SKHMM","60","180","1500000","10","X","SKH","Sukoharjo"
"0273SKHMM","63","jF18","4921950","10","X","SKH","Sukoharjo"
"0273SKHMM","ET","341","500000","25","X","SKH","Sukoharjo"
"0273SKHMM","M3","174","1000000","10","X","SKH","Sukoharjo"
"0273SKHMM","M6","7003","2450000","24","X","SKH","Sukoharjo"
"0273SKHMM","MFB","078","2800000","25","X","SKH","Sukoharjo"
"0273SLURT","63","jF16","700000","10","X","SLU","Solo Utara"
"0273SLURT","M3","190","2000000","25","X","SLU","Solo Utara"
"0274BYLRT","60","179","2450000","10","X","BYL","Boyolali"
"0274BYLRT","MFB","190","1000000","10","X","BYL","Boyolali"
"0274SKHMM","ET","","500000","25","X","SKH","Sukoharjo"
"0274SKHMM","MFB","1109","500000","10","X","SKH","Sukoharjo"
"0274SLURT","60","178","350000","25","X","SLU","Solo Utara"
"0274SLURT","63","jf16","768487","24","X","SLU","Solo Utara"
"0274SRGRT","63","","500000","10","X","SRG","Sragen"
"0275SRGRT","60","181","500000","24","X","SRG","Sragen"
"0275SRGRT","63","jF17","500000","24","X","SRG","Sragen"
"0276SLURT","63","jF09","950000","24","X","SLU","Solo Utara"
"0276SRGRT","63","","500000","10","X","SRG","Sragen"
"0277KRART","60","180","900000","24","X","KRA","Karanganyar"
"0277SKHSM","60","188MT","500000","10","","SKH","Sukoharjo"
"0278SKHRT","63","jf01","500000","10","X","SKH","Sukoharjo"
"0278SLURT","63","jf11","500000","24","X","SLU","Solo Utara"
"0278SLURT","M3","190","500000","10","x","SLU","Solo Utara"
"0280SRGRT","63","jF17","580842","24","X","SRG","Sragen"
"0280SRGRT","ET","","500000","25","X","SRG","Sragen"
"0282SKHRT","M3","","300000","10","X","SKH","Sukoharjo"
"0282SKHRT","M3","","40000","24","X","SKH","Sukoharjo"
"0283SRGRT","M3","","300000","10","X","SRG","Sragen"
"0283SRGRT","M3","","40000","24","X","SRG","Sragen"
"0284SLSRT","63","jF15","500000","10","X","SLS","Solo Selatan"
"0284SLURT","63","jF16","500000","24","X","SLU","Solo Utara"
"0284SRGRT","M6","","500000","10","","SRG","Sragen"
"0286SLSRT","63","jF02","4700000","24","X","SLS","Solo Selatan"
"0287KRASW","60","180","3300000","10","X","KRA","Karanganyar"
"0287KRASW","63","jF15","5600000","24","X","KRA","Karanganyar"
"0287KRASW","ET","","1200000","25","X","KRA","Karanganyar"
"0287KRASW","M3","067","7000000","10","X","KRA","Karanganyar"
"0289KTSSW","MFB","0233","50000000","10","X","SKH","Sukoharjo"
"0289SLSRT","M3","190","300000","24","X","SLS","Solo Selatan"
"0289SRGRT","63","JF08","500000","10","X","SRG","Sragen"
"0289SRGRT","ET","","500000","25","X","SRG","Sragen"
"0289SRGRT","MFB","0181","500000","25","X","SRG","Sragen"
"0290KRART","ET","","500000","25","X","KRA","Karanganyar"
"0290SLURT","M6","102","500000000","24","X","SLU","Solo Utara"
"0291kramm","ET","","500000","25","X","KRA","Karanganyar"
"0291kramm","MFB","1109","500000","10","x","KRA","Karanganyar"
"0291SRGRT","ET","","500000","25","X","SRG","Sragen"
"0292SLSRT","60","178","1000000","24","X","SLS","Solo Selatan"
"0292SRGRT","60","","100000","10","X","SRG","Sragen"
"0292SRGRT","63","jF10","655201","24","X","SRG","Sragen"
"0292SRGRT","ET","","500000","25","X","SRG","Sragen"
"0292SRGRT","M3","189","850000","10","X","SRG","Sragen"
"0292SRGRT","MFB","502","400000","10","X","SRG","Sragen"
"0293BYLMM","63","jF03","1100000","24","X","BYL","Boyolali"
"0293BYLMM","ET","","2000000","25","X","BYL","Boyolali"
"0293BYLMM","MFB","0233","800000","10","X","BYL","Boyolali"
"0293SRGRT","63","jF10","1012350","24","X","SRG","Sragen"
"0294SRGRT","ET","","500000","25","X","SRG","Sragen"
"0296SRGRT","ET","","500000","25","X","SRG","Sragen"
"0298SRGRT","60","181","1500000","24","X","SRG","Sragen"
"0298SRGRT","63","jf17","500000","24","X","SRG","Sragen"
"0298SRGRT","ET","","500000","25","X","SRG","Sragen"
"0298SRGRT","M3","","1150000","10","X","SRG","Sragen"
"0301SLSRT","ET","","500000","25","X","SLS","Solo Selatan"
"0301SLSRT","M3","0146","150000","10","","SLS","Solo Selatan"
"0301SLSRT","M3","0146N","40000","24","","SLS","Solo Selatan"
"0302SLUAP","ET","","500000","25","X","SLU","Solo Utara"
"0302SLURT","60","","500000","25","X","SLU","Solo Utara"
"0302SLURT","63","jF12","1100000","10","X","SLU","Solo Utara"
"0302SLURT","ET","","500000","25","X","SLU","Solo Utara"
"0302SLURT","M3","190","1500000","10","X","SLU","Solo Utara"
"0302SLURT","MFB","0233","9050000","25","X","SLU","Solo Utara"
"0304SLURT","ET","343","2000000","25","X","SLU","Solo Utara"
"0305BYLRT","M3","","500000","10","X","BYL","Boyolali"
"0305KRART","63","jf07","500000","24","X","KRA","Karanganyar"
"0306SKHRT","M3","502","300000","10","X","SKH","Sukoharjo"
"0306SKHRT","M3","502N","40000","24","X","SKH","Sukoharjo"
"0306SRGRT","ET","","500000","25","X","SRG","Sragen"
"0307SKHRT","60","193","6200000","10","X","SKH","Sukoharjo"
"0307SKHRT","63","jf15","800000","24","X","SKH","Sukoharjo"
"0307SRGRT","60","","100000","10","X","SRG","Sragen"
"0307SRGRT","ET","","500000","25","X","SRG","Sragen"
"0307SRGRT","MFB","0181","500000","10","X","SRG","Sragen"
"0308SLURT","60","193","10000000","24","X","SLU","Solo Utara"
"0308SLURT","63","JF01","2100000","24","X","SLU","Solo Utara"
"0308SLURT","ET","343","3050000","24","X","SLU","Solo Utara"
"0308SLURT","M3","190","9500000","24","X","SLU","Solo Utara"
"0309SLSSW","63","jF23","10000","10","X","SLS","Solo Selatan"
"0311SLURT","ET","343","1000000","24","X","SLU","Solo Utara"
"0312KTSRT","MFB","0233","1.25","10","X","KTS","Kartosuro"
"0313SRGRT","60","181","1950000","25","X","SRG","Sragen"
"0313SRGRT","ET","","500000","25","X","SRG","Sragen"
"0313SRGRT","MFB","0112","1400000","25","X","SRG","Sragen"
"0313SRGRT","MFB","0181","500000","25","X","SRG","Sragen"
"0314KTSRT","ET","","500000","25","X","KTS","Kartosuro"
"0314SLURT","ET","","1250000","25","X","SLU","Solo Utara"
"0314SRGRT","ET","","500000","25","X","SRG","Sragen"
"0315SRGRT","ET","","500000","25","X","SRG","Sragen"
"0315SRGRT","M3","0146","500000","10","","SRG","Sragen"
"0315SRGRT","M3","0146N","40000","24","","SRG","Sragen"
"0316SLSRT","63","jf07","500000","10","x","SLS","Solo Selatan"
"0316SRGRT","ET","","500000","25","X","SRG","Sragen"
"0317KTSRT","ET","341","3000000","24","X","KTS","Kartosuro"
"0317SLSRT","60","180","500000","24","X","SLS","Solo Selatan"
"0317SLSRT","63","jF07","500000","10","x","SLS","Solo Selatan"
"0317SRGRT","ET","","500000","25","X","SRG","Sragen"
"0317SRGRT","MFB","502","300000","10","","SRG","Sragen"
"0318KRART","ET","","500000","25","X","KRA","Karanganyar"
"0318KTSRT","MFB","0","500000","10","X","KTS","Kartosuro"
"0318SLSRT","M3","0146","500000","10","","SLS","Solo Selatan"
"0318SLSRT","M3","0146N","40000","24","","SLS","Solo Selatan"
"0319KTSRT","ET","","500000","25","X","KTS","Kartosuro"
"0319SLSRT","63","jF02","2666400","24","X","SLS","Solo Selatan"
"0319SLSRT","M6","070","3500000","24","X","SLS","Solo Selatan"
"0320KRART","63","JF11","500000","24","X","KRA","Karanganyar"
"0320KTSRT","ET","","500000","25","X","KTS","Kartosuro"
"0320SLURT","60","179","1500000","24","X","SLU","Solo Utara"
"0320SLURT","M3","","500000","10","X","SLU","Solo Utara"
"0321KTSRT","MFB","0233","500000","10","X","KTS","Kartosuro"
"0321SLSRT","M3","190","1400000","1","X","SLS","Solo Selatan"
"03224SRGRT","63","jF17","900000","10","X","SRG","Sragen"
"0322BYLRT","MFB","0233","500000","10","X","BYL","Boyolali"
"0322KRART","ET","","500000","25","X","KRA","Karanganyar"
"0322KTSRT","MFB","0233","1.25","10","X","KTS","Kartosuro"
"0323SLSRT","60","179","1000000","24","X","SLS","Solo Selatan"
"0323SLSRT","63","jf18","680363","24","X","SLS","Solo Selatan"
"0323SLSRT","M3","","400000","10","X","SLS","Solo Selatan"
"0323SLURT","60","185","1150000","24","X","SLU","Solo Utara"
"0324KRART","M3","502","300000","10","X","KRA","Karanganyar"
"0324KRART","M3","502N","40000","24","X","KRA","Karanganyar"
"0324KTSRT","ET","","500000","25","X","KTS","Kartosuro"
"0325SLURT","60","193","4000000","10","X","SLU","Solo Utara"
"0325SLURT","63","jF20","35000000","10","X","SLU","Solo Utara"
"0325SLURT","ET","340","1000000","24","X","SLU","Solo Utara"
"0325SLURT","M3","184","12000000","10","X","SLU","Solo Utara"
"0325SLURT","M6","7003","12000000","24","X","SLU","Solo Utara"
"0325SLURT","MFB","0359","21000000","24","X","SLU","Solo Utara"
"0325SLURT","MFB","0365","10000000","10","X","SLU","Solo Utara"
"0325SLURT","MFB","E001","500000","10","X","SLU","Solo Utara"
"0326BYLRT","MFB","0233","500000","10","X","BYL","Boyolali"
"0326KTSRT","63","jf07","500000","10","X","KTS","Kartosuro"
"0326KTSRT","ET","","500000","25","X","KTS","Kartosuro"
"0328KRART","60","178","500000","24","X","KRA","Karanganyar"
"0328KRART","M3","174","1750000","10","X","KRA","Karanganyar"
"0328SLURT","60","180","1200000","24","X","SLU","Solo Utara"
"0328SLURT","63","jF02","700000","24","X","SLU","Solo Utara"
"0328SLURT","M3","174","400000","10","X","SLU","Solo Utara"
"0329SLSRT","ET","","400000","25","X","SLS","Solo Selatan"
"0330BYLRT","MFB","0233","600000","10","X","BYL","Boyolali"
"0330KRART","60","180","1500000","24","X","KRA","Karanganyar"
"0330KRART","63","JF15","983100","10","X","KRA","Karanganyar"
"0330KRART","ET","","500000","25","X","KRA","Karanganyar"
"0330KRART","M3","174","5700000","10","X","KRA","Karanganyar"
"0330SLSRT","60","179","500000","25","X","SLS","Solo Selatan"
"0330SLSRT","63","JF03","700000","24","X","SLS","Solo Selatan"
"0330SLSRT","M3","190","400000","24","X","SLS","Solo Selatan"
"0330SLSRT","M6","070","1500000","10","X","SLS","Solo Selatan"
"0331WNGRT","60","180","500000","10","X","KRA","Karanganyar"
"0331WNGRT","63","JF11","614692","24","X","KRA","Karanganyar"
"0331WNGRT","ET","","1000000","24","X","KRA","Karanganyar"
"0331WNGRT","M6","7003","500000","10","X","KRA","Karanganyar"
"0334KRART","60","180","500000","24","X","KRA","Karanganyar"
"0334KRART","63","JF02","523850","24","X","KRA","Karanganyar"
"0334KRART","M3","174","1300000","10","X","KRA","Karanganyar"
"0334KRART","M6","7003","2000000","10","X","KRA","Karanganyar"
"0334SRGRT","60","178","750000","24","X","SRG","Sragen"
"0334SRGRT","ET","","500000","25","X","SRG","Sragen"
"0335BYLRT","60","178","500000","24","X","BYL","Boyolali"
"0335BYLRT","M3","","500000","10","X","BYL","Boyolali"
"0335BYLRT","MFB","0233","500000","10","X","BYL","Boyolali"
"0335SLSRT","60","179","500000","24","X","SLS","Solo Selatan"
"0336SKHRT","60","180","1150000","10","X","SKH","Sukoharjo"
"0336SKHRT","63","jF07","1500000","10","X","SKH","Sukoharjo"
"0336SKHRT","M3","174","1050000","25","X","SKH","Sukoharjo"
"0336SKHRT","MFB","078","2500000","10","X","SKH","Sukoharjo"
"0337KRART","ET","","1000000","25","X","KRA","Karanganyar"
"0337SLURT","63","jF02","700000","24","X","SLU","Solo Utara"
"0337SLURT","ET","","500000","25","X","SLU","Solo Utara"
"0339SKHRT","60","185","2350000","24","X","SKH","Sukoharjo"
"0339SKHRT","M3","190","800000","10","X","SKH","Sukoharjo"
"0339SKHRT","MFB","0233","1000000","10","X","SKH","Sukoharjo"
"0339SRGRT","63","jf17","500000","10","X","SRG","Sragen"
"0340BYLRT","63","","500000","10","X","BYL","Boyolali"
"0340SLSRT","60","","500000","10","X","SLS","Solo Selatan"
"0340SRGRT","ET","341","4500000","24","X","SRG","Sragen"
"0343BYLRT","M3","0","500000","10","X","BYL","Boyolali"
"0343KRART","63","JF16","500000","24","X","KRA","Karanganyar"
"0343KRART","M3","174","500000","10","X","KRA","Karanganyar"
"0343SLURT","M3","0146","2000000","10","","SLU","Solo Utara"
"0343SLURT","M3","0146N","40000","24","","SLU","Solo Utara"
"0343SLURT","M3","502","300000","10","X","SLU","Solo Utara"
"0343SLURT","M3","502N","40000","24","X","SLU","Solo Utara"
"0344SRGRT","ET","","500000","25","X","SRG","Sragen"
"0345SLSRT","63","","734976","10","X","SLS","Solo Selatan"
"0346SKHRT","60","185","500000","24","X","SKH","Sukoharjo"
"0346SRGRT","ET","","500000","25","X","SRG","Sragen"
"0350KRART","60","180","1600000","24","X","KRA","Karanganyar"
"0350KRART","63","jF02","1750000","10","X","KRA","Karanganyar"
"0350KRART","ET","341","200000","25","X","KRA","Karanganyar"
"0350KRART","M3","174","4300000","10","X","KRA","Karanganyar"
"0350KRART","M6","086","1150000","24","X","KRA","Karanganyar"
"0350KRART","MFB","078","500000","24","X","KRA","Karanganyar"
"0350SLSRT","MFB","175","1450000","24","X","SLS","Solo Selatan"
"0350SRGRT","M3","0146","500000","10","","SRG","Sragen"
"0350SRGRT","M3","0146N","40000","24","","SRG","Sragen"
"0351BYLRT","60","","500000","25","X","BYL","Boyolali"
"0351BYLRT","63","jf01","1500000","24","X","BYL","Boyolali"
"0351BYLRT","MFB","0233","500000","25","X","BYL","Boyolali"
"0351SLSRT","ET","","500000","25","X","SKH","Sukoharjo"
"0352SRGRT","ET","","500000","25","X","SRG","Sragen"
"0352SRGRT","M3","067","5600000","24","X","SRG","Sragen"
"0353BYLRT","60","179","650000","24","X","BYL","Boyolali"
"0353BYLRT","63","jF13","1000000","10","X","BYL","Boyolali"
"0353SRGRT","M3","067","2100000","24","X","SRG","Sragen"
"0354KRART","M3","174","900000","10","X","KRA","Karanganyar"
"0355BYLRT","63","jF01","1500000","24","X","BYL","Boyolali"
"0355KRART","ET","","500000","25","X","KRA","Karanganyar"
"0355SLURT","MFB","078","7300000","25","X","SLU","Solo Utara"
"0356KRART","60","180","1300000","24","X","KRA","Karanganyar"
"0356KRART","M3","174","8000000","10","X","KRA","Karanganyar"
"0356SLURT","ET","","1300000","25","X","SLU","Solo Utara"
"0358KRART","ET","","500000","25","X","KRA","Karanganyar"
"0359KRART","63","","500000","10","X","KRA","Karanganyar"
"0359KRART","ET","","500000","25","X","KRA","Karanganyar"
"0359KRART","MFB","0233","600000","10","X","KRA","Karanganyar"
"0359SLURT","60","178","800000","24","X","SLU","Solo Utara"
"0359SLURT","MFB","078","550000","25","X","SLU","Solo Utara"
"0360KRART","ET","","500000","25","X","KRA","Karanganyar"
"0361BYLRT","60","179","1800000","24","X","BYL","Boyolali"
"0361BYLRT","63","jF07","600000","10","X","BYL","Boyolali"
"0361BYLRT","MFB","175","1000000","25","X","BYL","Boyolali"
"0361SLSRT","60","180","800000","10","X","SLS","Solo Selatan"
"0361SLSRT","63","","500000","10","X","SLS","Solo Selatan"
"0362BYLRT","60","178","950000","25","X","BYL","Boyolali"
"0362BYLRT","M6","7003","2000000","10","X","BYL","Boyolali"
"0362BYLRT","MFB","0233","5000000","25","X","BYL","Boyolali"
"0362BYLRT","MFB","175","500000","10","X","BYL","Boyolali"
"0362KTSRT","ET","341","800000","25","X","KTS","Kartosuro"
"0362SKHRT","63","jf01","1100000","10","X","SKH","Sukoharjo"
"0362SRGMM","60","185","2000000","10","X","SRG","Sragen"
"0362SRGMM","63","jF17","3123267","24","X","SRG","Sragen"
"0362SRGMM","ET","341","700000","24","X","SRG","Sragen"
"0362SRGMM","M3","190","2600000","10","X","SRG","Sragen"
"0362SRGMM","M6","086","500000","10","X","SRG","Sragen"
"0362SRGMM","MFB","0112","1600000","24","X","SRG","Sragen"
"0362SRGMM","MFB","1100","500000","24","X","SRG","Sragen"
"0363SLSRT","63","JF03","500000","10","X","SLS","Solo Selatan"
"0364SRGRT","63","jF17","750000","24","X","SRG","Sragen"
"0366KRART","ET","","500000","25","X","KRA","Karanganyar"
"0366SLSRT","60","","500000","10","X","SLS","Solo Selatan"
"0366SLSRT","63","jF11","600000","10","X","SLS","Solo Selatan"
"0366SLSRT","ET","0001","500000","10","X","SLS","Solo Selatan"
"0366SLSRT","MFB","0233","500000","10","X","SLS","Solo Selatan"
"0369BYLRT","ET","343","500000","25","X","BYL","Boyolali"
"0369KRART","60","181","600000","25","X","KRA","Karanganyar"
"0369KRART","ET","","500000","25","X","KRA","Karanganyar"
"0369KRART","M3","189","700000","10","X","KRA","Karanganyar"
"0369KRART","M6","086","1200000","24","X","KRA","Karanganyar"
"0369KRART","MFB","0112","1000000","25","X","KRA","Karanganyar"
"0371BYLRT","M3","","300000","10","X","BYL","Boyolali"
"0371KRART","63","JF12","500000","10","X","KRA","Karanganyar"
"0371SLSRT","M3","","10750000","10","X","SLS","Solo Selatan"
"0371SLSRT","M3","N","40000","24","X","SLS","Solo Selatan"
"0373BYLRT","63","jf11","500000","24","X","BYL","Boyolali"
"0373BYLRT","ET","","500000","25","X","BYL","Boyolali"
"0375BYLRT","60","179","1850000","24","X","BYL","Boyolali"
"0375BYLRT","MFB","175","1200000","24","X","BYL","Boyolali"
"0376SLURT","M3","","500000","10","X","SLU","Solo Utara"
"0376SLURT","MFB","0233","1.25","25","X","SLU","Solo Utara"
"0386SLURT","63","jf09","1000000","24","X","BYL","Boyolali"
"0386SLURT","M6","7003","600000","10","X","BYL","Boyolali"
"0388SLURT","60","179","2750000","10","X","SLU","Solo Utara"
"0388SLURT","M3","190","3500000","10","X","SLU","Solo Utara"
"0389BYLRT","MFB","0233","500000","10","X","BYL","Boyolali"
"0389KRART","63","jF10","1200000","10","X","KRA","Karanganyar"
"0389KRART","MFB","502","500000","10","X","KRA","Karanganyar"
"0391SRGMM","ET","","1.25","25","X","SRG","Sragen"
"0391SRGMM","M3","067","83500000","25","X","SRG","Sragen"
"0392SLSRT","M3","0146","2000000","10","","SLS","Solo Selatan"
"0392SLSRT","M3","0146N","40000","24","","SLS","Solo Selatan"
"0393KRART","60","180","700000","24","X","KRA","Karanganyar"
"0393KRART","ET","","500000","25","X","KRA","Karanganyar"
"0393KRART","MFB","","500000","10","X","KRA","Karanganyar"
"0394KRART","60","178","1100000","24","X","KRA","Karanganyar"
"0394KRART","63","jF11","1000000","24","X","KRA","Karanganyar"
"0394KRART","M3","174","1200000","10","X","KRA","Karanganyar"
"0394KRART","M6","070","800000","24","X","KRA","Karanganyar"
"0394KRART","MFB","078","500000","24","X","KRA","Karanganyar"
"0395KRART","60","0","500000","10","X","KRA","Karanganyar"
"0396BYLRT","60","0","500000","10","X","BYL","Boyolali"
"0396BYLRT","MFB","0233","1800000","10","X","BYL","Boyolali"
"0396SLUMM","63","","500000","24","X","SLU","Solo Utara"
"0396SLUMM","MFB","0233","500000","10","X","SLU","Solo Utara"
"0396SLURT","63","JF11","500000","24","X","SLU","Solo Utara"
"0398KRART","ET","","500000","25","X","KRA","Karanganyar"
"0400SLSRT","60","179","2500000","24","X","SLS","Solo Selatan"
"0400SLSRT","M3","0146","1000000","10","X","SLS","Solo Selatan"
"0400SLSRT","M3","0146N","40000","24","X","SLS","Solo Selatan"
"0402SKHRT","M3","502","300000","10","X","SKH","Sukoharjo"
"0402SKHRT","M3","502N","40000","24","X","SKH","Sukoharjo"
"0403BYLRT","60","179","3900000","25","X","BYL","Boyolali"
"0403BYLRT","63","jF05","834167","24","X","BYL","Boyolali"
"0403BYLRT","MFB","0233","1000000","25","X","BYL","Boyolali"
"0403BYLRT","MFB","175","1500000","24","X","BYL","Boyolali"
"0403SLURT","63","jF05","1000000","24","X","SLU","Solo Utara"
"0403SLURT","M3","0146","300000","10","X","SLU","Solo Utara"
"0403SLURT","M3","0146N","40000","24","X","SLU","Solo Utara"
"0404SRGRT","60","","500000","10","X","SRG","Sragen"
"0404SRGRT","63","","500000","10","X","SRG","Sragen"
"0405BYLRT","MFB","0233","1600000","10","X","BYL","Boyolali"
"0408KRART","ET","","500000","25","X","KRA","Karanganyar"
"0409KRART","ET","","500000","25","X","KRA","Karanganyar"
"0409KRART","M3","174","1050000","10","X","KRA","Karanganyar"
"0409SLSRT","60","180","1350000","10","X","SLS","Solo Selatan"
"0409SLSRT","M3","190","1100000","24","X","SLS","Solo Selatan"
"0411BYLRT","60","179","1650000","24","X","BYL","Boyolali"
"0411BYLRT","63","jF05","2573333","10","X","BYL","Boyolali"
"0411BYLRT","M6","7003","900000","10","X","BYL","Boyolali"
"0411KRART","60","178","1400000","24","X","KRA","Karanganyar"
"0411KRART","63","jF11","700000","24","X","KRA","Karanganyar"
"0411KRART","ET","","500000","25","X","KRA","Karanganyar"
"0411KRART","M3","174","800000","10","X","KRA","Karanganyar"
"0411SRGRT","MFB","0181","500000","10","X","SRG","Sragen"
"0411SRGSW","MFB","0181","500000","10","X","SRG","Sragen"
"0412SLSRT","60","178","1200000","24","X","SLS","Solo Selatan"
"0417KTSRT","60","185","2400000","24","X","KTS","Kartosuro"
"0417KTSRT","63","jF01","2426250","10","X","KTS","Kartosuro"
"0417KTSRT","M6","070","800000","24","X","KTS","Kartosuro"
"0419SLURT","ET","343","600000","24","X","SLU","Solo Utara"
"0420SRGRT","63","","500000","10","X","SRG","Sragen"
"0421SLSRT","60","179","9500000","24","X","SLS","Solo Selatan"
"0421SLSRT","M3","190","900000","10","X","SLS","Solo Selatan"
"0425BYLRT","ET","343","1000000","24","X","BYL","Boyolali"
"0429SKHRT","MFB","0359","11200000","10","X","SKH","Sukoharjo"
"0429SKHRT","MFB","E001","500000","10","X","SKH","Sukoharjo"
"0430KRART","60","180","6500000","24","X","KRA","Karanganyar"
"0430KRART","63","JF15","3292100","24","X","KRA","Karanganyar"
"0430KRART","M3","174","40000000","10","X","KRA","Karanganyar"
"0430SRGRT","63","JF14","4109458","24","X","SRG","Sragen"
"0430SRGRT","ET","","500000","24","X","SRG","Sragen"
"0430SRGRT","M3","035","1050000","24","X","SRG","Sragen"
"0430SRGRT","M6","093","3000000","24","X","SRG","Sragen"
"0430SRGRT","MFB","","3500000","10","X","SRG","Sragen"
"0430SRGRT","MFB","E001","500000","10","x","SRG","Sragen"
"0431SRGRT","M3","","300000","10","X","SRG","Sragen"
"0431SRGRT","M3","N","40000","24","X","SRG","Sragen"
"0432SRGRT","63","jF08","1000000","24","X","SRG","Sragen"
"0437SLURT","60","0001","200000","25","X","SLU","Solo Utara"
"0437SLURT","63","0001","500000","10","X","SLU","Solo Utara"
"0437SLURT","ET","0001","500000","10","X","SLU","Solo Utara"
"0437SLURT","M3","0001","500000","10","X","SLU","Solo Utara"
"0437SLURT","M3","0001N","40000","24","X","SLU","Solo Utara"
"0437SLURT","MFB","0001","500000","10","X","SLU","Solo Utara"
"0438BYLRT","M3","","300000","10","X","BYL","Boyolali"
"0438KRART","60","0","500000","25","X","KRA","Karanganyar"
"0440BYLRT","M3","","300000","10","X","BYL","Boyolali"
"0443BYLRT","M3","","300000","10","X","BYL","Boyolali"
"0446KRAMM","63","jF08","3200000","21","X","KRA","Karanganyar"
"0446KRAMM","ET","","1000000","21","X","KRA","Karanganyar"
"0446KRAMM","M3","067","28600000","24","X","KRA","Karanganyar"
"0446KRAMM","MFB","0113","101300000","21","X","KRA","Karanganyar"
"0446SLURT","60","193","55000000","10","X","SLU","Solo Utara"
"0446SLURT","M3","067","14100000","10","X","SLU","Solo Utara"
"0447KRART","63","JF09","851117","10","X","KRA","Karanganyar"
"0447KRART","M3","174","500000","10","X","KRA","Karanganyar"
"0447KRART","M6","7003","2000000","10","X","KRA","Karanganyar"
"0447KRART","MFB","078","500000","24","X","KRA","Karanganyar"
"0447slsrt","60","","600000","24","X","SLS","Solo Selatan"
"0447slsrt","ET","343","500000","25","X","SLS","Solo Selatan"
"0448KRART","60","180","10000000","24","X","KRA","Karanganyar"
"0448KRART","M3","174","1050000","10","X","KRA","Karanganyar"
"0448KRART","MFB","078","2950000","24","X","KRA","Karanganyar"
"0448SRGRT","60","181","6400000","25","X","SRG","Sragen"
"0448SRGRT","63","JF14","4354300","24","X","SRG","Sragen"
"0448SRGRT","ET","","500000","25","X","SRG","Sragen"
"0448SRGRT","M3","067","9300000","24","X","SRG","Sragen"
"0448SRGRT","M6","086","2200000","24","X","SRG","Sragen"
"0448SRGRT","MFB","0112","2900000","24","X","SRG","Sragen"
"0448SRGRT","MFB","189","500000","25","X","SRG","Sragen"
"0448SRGRT","MFB","502","500000","25","X","SRG","Sragen"
"0450KRART","60","185","1350000","10","X","KRA","Karanganyar"
"0450KRART","63","jF03","1500000","24","X","KRA","Karanganyar"
"0450SLURT","60","","700000","10","X","SLU","Solo Utara"
"0450SLURT","MFB","0233","500000","10","X","SLU","Solo Utara"
"0451KRART","60","180","5000000","10","X","KRA","Karanganyar"
"0451KRART","63","jF02","1400000","10","X","KRA","Karanganyar"
"0451KRART","M3","174","1600000","10","X","KRA","Karanganyar"
"0451KRART","M6","070","500000","24","X","KRA","Karanganyar"
"0451KRART","MFB","0380","500000","24","X","KRA","Karanganyar"
"0451KRART","MFB","078","1450000","24","X","KRA","Karanganyar"
"0455KRART","M3","502","300000","10","X","KRA","Karanganyar"
"0455KRART","M3","502N","40000","24","X","KRA","Karanganyar"
"0456GMLRT","60","181","2000000","10","X","GML","Gemolong"
"0456SLURT","60","","500000","10","X","SLU","Solo Utara"
"0456SLURT","ET","","500000","25","X","SLU","Solo Utara"
"0457KRART","60","180","500000","24","X","KRA","Karanganyar"
"0457KRART","63","JF15","500000","10","X","KRA","Karanganyar"
"0457KRART","ET","","500000","25","X","KRA","Karanganyar"
"0457KRART","M3","174","2850000","10","X","KRA","Karanganyar"
"0457SLURT","M3","190","500000","10","X","SLU","Solo Utara"
"0457SLURT","MFB","0233","500000","10","X","SLU","Solo Utara"
"0458BYLRT","ET","","500000","25","X","BYL","Boyolali"
"0458BYLRT","MFB","0233","500000","10","X","BYL","Boyolali"
"0458SLSRT","MFB","0233","1.25","10","X","SLS","Solo Selatan"
"0460KRART","ET","","500000","25","X","KRA","Karanganyar"
"0460KRART","M3","502","300000","10","X","KRA","Karanganyar"
"0460KRART","M3","502N","40000","24","X","KRA","Karanganyar"
"0462BYLRT","60","179","500000","24","X","BYL","Boyolali"
"0462BYLRT","63","jf05","500000","24","X","BYL","Boyolali"
"0462BYLRT","ET","343","500000","24","X","BYL","Boyolali"
"0462SRGRT","63","jF17","4279367","10","X","SRG","Sragen"
"0462SRGRT","M6","086","3900000","24","X","SRG","Sragen"
"0466SLURT","60","179","2000000","24","X","SLU","Solo Utara"
"0466SLURT","MFB","0380","1000000","24","X","SLU","Solo Utara"
"0466SLURT","MFB","078","1250000","24","X","SLU","Solo Utara"
"0467KRART","60","178","700000","25","X","KRA","Karanganyar"
"0467KRART","ET","","500000","25","X","KRA","Karanganyar"
"0467KRART","M3","","1000000","10","X","KRA","Karanganyar"
"0468SLSSW","60","193","20000000","24","X","SLS","Solo Selatan"
"0468SLSSW","MFB","0380","5000000","25","X","SLS","Solo Selatan"
"0468SLSSW","MFB","078","46500000","24","X","SLS","Solo Selatan"
"0469KRART","ET","","500000","25","X","KRA","Karanganyar"
"0469SKHRT","M3","502","300000","10","X","SKH","Sukoharjo"
"0469SKHRT","M3","502N","40000","24","X","SKH","Sukoharjo"
"0469SLSRT","M3","0146","2300000","10","X","SLS","Solo Selatan"
"0469SLSRT","M3","0146N","40000","24","X","SLS","Solo Selatan"
"0469SLSRT","MFB","0001","1000000","10","X","SLS","Solo Selatan"
"0470KRART","M3","174","1000000","24","X","KRA","Karanganyar"
"0474KRART","M3","","300000","10","X","KRA","Karanganyar"
"0475KRART","ET","","500000","24","X","KRA","Karanganyar"
"0475KRART","ET","","500000","24","X","KRA","Karanganyar"
"0475SLURT","MFB","0233","600000","10","X","SLU","Solo Utara"
"0476KRART","63","","500000","10","X","KRA","Karanganyar"
"0476KRART","ET","","500000","25","X","KRA","Karanganyar"
"0477KRART","ET","","500000","25","X","KRA","Karanganyar"
"0478BYLRT","60","193","6900000","24","X","BYL","Boyolali"
"0478BYLRT","MFB","0233","1000000","24","X","BYL","Boyolali"
"0478BYLRT","MFB","175","2200000","24","X","BYL","Boyolali"
"0479BYLRT","63","JF12","1100000","24","X","BYL","Boyolali"
"0479BYLRT","MFB","0233","2500000","10","X","BYL","Boyolali"
"0481KRART","63","","500000","10","X","KRA","Karanganyar"
"0481SLSRT","63","jF02","1800000","10","X","SLS","Solo Selatan"
"0481SLSRT","MFB","0364","500000","25","X","SLS","Solo Selatan"
"0481SLURT","63","jF02","900000","24","X","SLU","Solo Utara"
"0482SLURT","ET","","500000","25","X","SLU","Solo Utara"
"0482SLURT","M3","190","11600000","10","X","SLU","Solo Utara"
"0484KRART","ET","","500000","25","X","KRA","Karanganyar"
"0485SLURT","63","jF09","300000","24","X","SLU","Solo Utara"
"0486BYLRT","M3","","300000","10","X","BYL","Boyolali"
"0487KRART","63","","500000","10","X","KRA","Karanganyar"
"0488SLURT","63","jF09","900000","24","X","SLU","Solo Utara"
"0490SLURT","63","jF11","500000","24","X","SLU","Solo Utara"
"0490SLUWS","60","","3700000","10","X","SLU","Solo Utara"
"0495KRART","60","","100000","10","X","KRA","Karanganyar"
"0496SRGRT","M3","189","1350000","10","X","SRG","Sragen"
"0499BYLRT","MFB","0233","2400000","25","X","BYL","Boyolali"
"0499SLURT","63","jF04","500000","10","X","SLU","Solo Utara"
"0504BYLRT","63","jF01","500000","10","X","BYL","Boyolali"
"0504SKHRT","ET","","500000","25","X","SKH","Sukoharjo"
"0508KRART","ET","","500000","25","X","KRA","Karanganyar"
"0508SLURT","63","","500000","10","X","SLU","Solo Utara"
"0509SLUMM","ET","","500000","25","X","SLU","Solo Utara"
"0510SLURT","60","178","2100000","10","X","SLU","Solo Utara"
"0510SLURT","ET","","500000","25","X","SLU","Solo Utara"
"0511SRGRT","M3","190","500000","10","X","SRG","Sragen"
"0512SLSRT","60","178","600000","24","X","SLS","Solo Selatan"
"0513KRART","ET","","500000","25","X","KRA","Karanganyar"
"0513SLURT","MFB","0001","11000000","25","X","SLU","Solo Utara"
"0514SRGRT","ET","","900000","25","X","SRG","Sragen"
"0516SRGRT","60","181","800000","24","X","SRG","Sragen"
"0516SRGRT","63","jf14","1718870","24","X","SRG","Sragen"
"0516SRGRT","M3","067","4400000","10","X","SRG","Sragen"
"0517SLURT","ET","343","500000","25","X","SLU","Solo Utara"
"0518KRART","ET","","2000000","25","X","KRA","Karanganyar"
"0518KRART","MFB","189","500000","10","X","KRA","Karanganyar"
"0518SRGRT","ET","","500000","25","X","SRG","Sragen"
"0519KRART","60","","2000000","25","X","KRA","Karanganyar"
"0519KRART","63","","1500000","10","X","KRA","Karanganyar"
"0519KRART","M3","","4400000","10","X","KRA","Karanganyar"
"0519KRART","MFB","","700000","25","X","KRA","Karanganyar"
"0519KRART","MFB","189","2300000","25","X","KRA","Karanganyar"
"0519SLSRT","63","","500000","24","X","SLS","Solo Selatan"
"0520KRART","ET","","500000","25","","KRA","Karanganyar"
"0520KRART","M6","","1000000","10","","KRA","Karanganyar"
"0525SRGRT","63","JF14","500000","24","X","SRG","Sragen"
"0525SRGRT","M3","067","2500000","24","X","SRG","Sragen"
"0525SRGRT","MFB","0112","2750000","25","X","SRG","Sragen"
"0526BYLMM","60","199","8000000","28","X","BYL","Boyolali"
"0526BYLMM","63","jF19","84800000","28","X","BYL","Boyolali"
"0526BYLMM","ET","340","1500000","24","X","BYL","Boyolali"
"0526BYLMM","M3","184","20000000","28","X","BYL","Boyolali"
"0526BYLMM","MFB","0359","78000000","28","X","BYL","Boyolali"
"0526BYLMM","MFB","0360","21000000","28","X","BYL","Boyolali"
"0526BYLMM","MFB","0365","30000000","28","X","BYL","Boyolali"
"0526BYLMM","MFB","0370","30000000","28","X","BYL","Boyolali"
"0526BYLMM","MFB","E001","500000","28","X","BYL","Boyolali"
"0526krart","ET","","500000","25","X","KRA","Karanganyar"
"0529SLURT","63","jf03","2300000","10","X","SLU","Solo Utara"
"0529SLURT","ET","341","9500000","24","X","SLU","Solo Utara"
"0530SLURT","MFB","0364","500000","10","X","SLU","Solo Utara"
"0530SRGRT","63","jf08","500000","10","X","SRG","Sragen"
"0531KRART","ET","","500000","25","X","KRA","Karanganyar"
"0531KRART","M3","0146","800000","10","X","KRA","Karanganyar"
"0531KRART","M3","0146N","40000","24","X","KRA","Karanganyar"
"0531SRGRT","63","jf08","2184325","24","X","SRG","Sragen"
"0531SRGRT","M3","190","2650000","24","X","SRG","Sragen"
"0531SRGRT","MFB","0112","4300000","24","X","SRG","Sragen"
"0532BYLRT","60","193","4600000","24","X","BYL","Boyolali"
"0532BYLRT","MFB","0233","9000000","10","X","BYL","Boyolali"
"0532KRART","63","jF11","1900000","24","X","KRA","Karanganyar"
"0532SLSRT","ET","343","650000","24","X","SLS","Solo Selatan"
"0534SRGRT","60","181","5400000","24","X","SRG","Sragen"
"0534SRGRT","63","JF14","12000000","24","X","SRG","Sragen"
"0534SRGRT","M3","067","8500000","10","X","SRG","Sragen"
"0534SRGRT","M6","070","5100000","24","X","SRG","Sragen"
"0534SRGRT","MFB","0112","4000000","24","X","SRG","Sragen"
"0535SRGRT","63","JF14","550000","24","X","SRG","Sragen"
"0536SLURT","60","179","5950000","24","X","SLU","Solo Utara"
"0536SLURT","ET","","500000","25","X","SLU","Solo Utara"
"0536SLURT","MFB","0233","500000","10","X","SLU","Solo Utara"
"0537BYLMM","ET","","1.25","25","X","BYL","Boyolali"
"0538BYLRT","M3","0146","2000000","10","","BYL","Boyolali"
"0538BYLRT","M3","0146N","40000","24","","BYL","Boyolali"
"0538SLURT","M3","190","500000","10","X","SLU","Solo Utara"
"0540BYLRT","63","jF03","600000","24","X","BYL","Boyolali"
"0540KRART","60","180","2300000","24","X","KRA","Karanganyar"
"0540KRART","ET","","500000","25","X","KRA","Karanganyar"
"0540KRART","M3","174","1500000","10","X","KRA","Karanganyar"
"0541SRGRT","60","","2300000","10","X","SRG","Sragen"
"0542KRART","60","","500000","10","X","KRA","Karanganyar"
"0543SLSRT","60","180","550000","24","X","SLS","Solo Selatan"
"0543SLSRT","63","jF07","500000","10","X","SLS","Solo Selatan"
"0543SLSRT","M3","190","300000","24","X","SLS","Solo Selatan"
"0545SLSRT","60","180","1600000","24","X","SLS","Solo Selatan"
"0545SRGRT","MFB","502","300000","10","","SRG","Sragen"
"0546SLSRT","MFB","0233","600000","10","X","SLS","Solo Selatan"
"0547KRART","60","180","1400000","24","X","KRA","Karanganyar"
"0547KRART","ET","","10000000","25","X","KRA","Karanganyar"
"0548KRART","60","180","500000","24","X","KRA","Karanganyar"
"0548KRART","63","JF16","700000","24","X","KRA","Karanganyar"
"0548KRART","ET","","500000","25","X","KRA","Karanganyar"
"0548KRART","M3","174","3650000","10","X","KRA","Karanganyar"
"0549BYLRT","60","179","1000000","25","X","BYL","Boyolali"
"0549BYLRT","63","jF05","700000","24","X","BYL","Boyolali"
"0549SRGRT","MFB","0112","3100000","10","X","SRG","Sragen"
"0550KRART","ET","","500000","25","X","KRA","Karanganyar"
"0550KRART","M3","067","1750000","10","X","KRA","Karanganyar"
"0550SKHMM","MFB","0233","1000000","10","X","SKH","Sukoharjo"
"0552KTSSM","60","199","12000000","10","X","KTS","Kartosuro"
"0552KTSSM","63","JF19","209000000","21","X","KTS","Kartosuro"
"0552KTSSM","ET","342","30000000","25","X","KTS","Kartosuro"
"0552KTSSM","M3","184","30000000","30","X","KTS","Kartosuro"
"0552KTSSM","M6","093","24000000","21","X","KTS","Kartosuro"
"0552KTSSM","MFB","0359","70000000","28","X","KTS","Kartosuro"
"0552KTSSM","MFB","0360","30000000","21","X","KTS","Kartosuro"
"0552KTSSM","MFB","0365","330000000","21","X","KTS","Kartosuro"
"0552KTSSM","MFB","0370","30000000","21","X","KTS","Kartosuro"
"0552KTSSM","MFB","E001","500000","21","X","KTS","Kartosuro"
"0557SLSSM","ET","","1700000","25","X","SLS","Solo Selatan"
"0557SLSSM","M3","0001","500000","24","X","SLS","Solo Selatan"
"0559SLSRT","ET","","5500000","24","X","SLS","Solo Selatan"
"0561SLUAP","ET","","500000","25","X","SLU","Solo Utara"
"0562krart","60","","500000","24","X","KRA","Karanganyar"
"0562krart","M3","502","300000","10","X","KRA","Karanganyar"
"0562krart","M3","502N","40000","24","X","KRA","Karanganyar"
"0562KTSRT","ET","","500000","25","X","KTS","Kartosuro"
"0563SLSAP","63","jF07","500000","10","X","SLS","Solo Selatan"
"0563SRGWS","63","jf14","650000","10","X","SRG","Sragen"
"0564GMLRT","ET","","500000","25","X","GML","Gemolong"
"0564SLSMM","60","","500000","10","X","SLS","Solo Selatan"
"0566BYLSW","60","179","2900000","24","X","BYL","Boyolali"
"0566KRART","MFB","0","2000000","10","X","KRA","Karanganyar"
"0568KTSRT","63","","1000000","10","X","KTS","Kartosuro"
"0568SRGSM","60","188","12000000","30","X","SRG","Sragen"
"0568SRGSM","63","jF18","160000000","30","X","SRG","Sragen"
"0568SRGSM","ET","342","1700000","24","X","SRG","Sragen"
"0568SRGSM","M3","035","81000000","30","X","SRG","Sragen"
"0568SRGSM","MFB","0366","15000000","30","X","SRG","Sragen"
"0568SRGSM","MFB","0370","20000000","30","X","SRG","Sragen"
"0568SRGSM","MFB","069","82000000","30","X","SRG","Sragen"
"0568SRGSM","MFB","E001","500000","30","X","SRG","Sragen"
"0569SKHRT","MFB","0","8400000","10","X","SKH","Sukoharjo"
"0569SLURT","60","180","1000000","24","X","SLU","Solo Utara"
"0569SRGMM","60","181","1000000","24","X","SRG","Sragen"
"0569SRGMM","63","JF10","9000000","10","X","SRG","Sragen"
"0569SRGMM","ET","341","850000","25","X","SRG","Sragen"
"0569SRGMM","M3","067","3500000","24","X","SRG","Sragen"
"0569SRGMM","M6","086","3800000","10","X","SRG","Sragen"
"0569SRGMM","MFB","0112","12100000","10","X","SRG","Sragen"
"0569SRGMM","MFB","1100","900000","10","X","SRG","Sragen"
"0569SRGMM","MFB","189","500000","10","X","SRG","Sragen"
"0570SLSSW","60","193","15000000","24","X","SLS","Solo Selatan"
"0570SLSSW","ET","","2000000","24","X","SLS","Solo Selatan"
"0570SLSSW","MFB","078","13100000","24","X","SLS","Solo Selatan"
"0570SLURT","63","jF07","1500000","24","X","SLU","Solo Utara"
"0570SLURT","ET","343","700000","24","X","SLU","Solo Utara"
"0571KTSRT","ET","","500000","25","X","KTS","Kartosuro"
"0571KTSRT","M3","067","17000000","10","X","KTS","Kartosuro"
"0573KRART","ET","341","1000000","24","X","KRA","Karanganyar"
"0573SLURT","63","","500000","10","X","SLU","Solo Utara"
"0574SLURT","60","179","3200000","10","X","SLU","Solo Utara"
"0574SLURT","M3","190","950000","24","X","SLU","Solo Utara"
"0576BYLRT","60","179","650000","25","X","BYL","Boyolali"
"0576BYLRT","MFB","0233","600000","25","X","BYL","Boyolali"
"0576BYLRT","MFB","175","1150000","25","X","BYL","Boyolali"
"0581KRART","63","jF02","826053","24","X","KRA","Karanganyar"
"0581SRGRT","M6","","500000","10","","SRG","Sragen"
"0582KRART","60","180","1500000","24","X","KRA","Karanganyar"
"0582KRART","M3","174","500000","10","X","KRA","Karanganyar"
"0583SLURT","63","jf16","1070267","10","X","SLU","Solo Utara"
"0583SRGRT","60","181","600000","10","X","SRG","Sragen"
"0583SRGRT","63","","500000","10","X","SRG","Sragen"
"0583SRGRT","M3","067","2050000","10","X","SRG","Sragen"
"0583SRGRT","M6","086","500000","10","X","SRG","Sragen"
"0583SRGRT","MFB","0181","300000","10","X","SRG","Sragen"
"0584SLSRT","ET","0001","32000000","24","","SLS","Solo Selatan"
"0586SLURT","63","JF02","4300000","10","X","SLU","Solo Utara"
"0586SLURT","ET","","500000","25","X","SLU","Solo Utara"
"0586SRGRT","ET","341","600000","25","X","SRG","Sragen"
"0591BYLRT","ET","","500000","25","X","BYL","Boyolali"
"0591KRART","ET","","500000","25","X","KRA","Karanganyar"
"0591SLSRT","60","178","650000","24","X","SLS","Solo Selatan"
"0592BYLRT","60","178","650000","24","X","BYL","Boyolali"
"0592BYLRT","63","JF11","651367","24","X","BYL","Boyolali"
"0592BYLRT","M6","7003","500000","24","X","BYL","Boyolali"
"0592BYLRT","MFB","175","500000","24","X","BYL","Boyolali"
"0592SKHRT","60","177","500000","10","X","SKH","Sukoharjo"
"0592SKHRT","MFB","0362","500000","10","X","SKH","Sukoharjo"
"0592SKHRT","MFB","2307","500000","10","","SKH","Sukoharjo"
"0593SLURT","60","179","750000","24","X","SLU","Solo Utara"
"0593SLURT","M3","190","600000","24","X","SLU","Solo Utara"
"0595SLURT","M3","0146","1.25","10","X","SLU","Solo Utara"
"0595SLURT","M3","0146N","40000","24","X","SLU","Solo Utara"
"0596KRART","ET","","500000","25","X","KRA","Karanganyar"
"0596SLSRT","63","jF18","500000","24","X","SLS","Solo Selatan"
"0596SRGRT","63","jF08","500000","24","X","SRG","Sragen"
"0597SLURT","60","185","500000","24","x","SLU","Solo Utara"
"0597SLURT","ET","","500000","25","X","SLU","Solo Utara"
"0597SLURT","MFB","0233","1000000","25","X","SLU","Solo Utara"
"0598SLSRT","ET","","600000","24","X","SLS","Solo Selatan"
"0599BYLRT","63","jF07","500000","24","X","BYL","Boyolali"
"0601KRART","ET","","1.25","25","X","KRA","Karanganyar"
"0601KRART","MFB","078","2700000","25","X","KRA","Karanganyar"
"0602BYLRT","60","179","1350000","24","X","BYL","Boyolali"
"0602BYLRT","63","jF07","2000000","24","X","BYL","Boyolali"
"0602KRART","ET","","500000","25","X","KRA","Karanganyar"
"0603BYLRT","60","179","1600000","24","X","BYL","Boyolali"
"0603BYLRT","63","jF01","500000","24","X","BYL","Boyolali"
"0603BYLRT","ET","","500000","25","X","BYL","Boyolali"
"0603BYLRT","M6","","500000","25","X","BYL","Boyolali"
"0603KRART","M6","","500000","10","X","KRA","Karanganyar"
"0605SLSRT","60","","750000","10","X","SLS","Solo Selatan"
"0606SLSSW","60","179","1800000","24","X","SLS","Solo Selatan"
"0606SRGRT","63","jF08","500000","24","X","SRG","Sragen"
"0611SLURT","60","178","3500000","10","X","SLU","Solo Utara"
"0611SLURT","63","jf02","1135025","24","X","SLU","Solo Utara"
"0611SLURT","M3","190NN","40000","24","X","SLU","Solo Utara"
"0619SLSRT","63","JF12","657167","24","X","SLS","Solo Selatan"
"0619SLSRT","M3","190","3900000","10","X","SLS","Solo Selatan"
"0620SRGRT","60","185","2600000","10","X","SRG","Sragen"
"0620SRGRT","63","jf08","1300000","24","X","SRG","Sragen"
"0621SKHRT","ET","341","15000000","25","X","SKH","Sukoharjo"
"0621SLSRT","ET","","500000","25","X","SLS","Solo Selatan"
"0623SRGRT","ET","341","1700000","24","X","SRG","Sragen"
"0625SLSRT","ET","","500000","25","X","SLS","Solo Selatan"
"0625SLURT","60","193","4500000","24","X","SLU","Solo Utara"
"0625SLURT","M3","190","1750000","24","X","SLU","Solo Utara"
"0625SLURT","M6","070","1400000","24","X","SLU","Solo Utara"
"0625SLURT","MFB","0233","2500000","10","X","SLU","Solo Utara"
"0626SRGRT","M3","0146","300000","10","X","SRG","Sragen"
"0626SRGRT","M3","0146N","40000","24","X","SRG","Sragen"
"0629SKHRT","ET","","5000000","25","X","SKH","Sukoharjo"
"0632SLURT","60","178","500000","24","X","SLU","Solo Utara"
"0632SLURT","63","jF03","1000000","24","X","SLU","Solo Utara"
"0632SLURT","M3","190","1700000","10","X","SLU","Solo Utara"
"0633SLSRT","60","178","2000000","24","X","SLS","Solo Selatan"
"0633SLSRT","63","jF16","1000000","24","X","SLS","Solo Selatan"
"0633SLSRT","ET","","500000","25","X","SLS","Solo Selatan"
"0633SLSRT","M3","190","1000000","24","X","SLS","Solo Selatan"
"0634SRGRT","ET","","500000","25","X","SRG","Sragen"
"0635SLSSM","ET","","25000000","25","X","SLS","Solo Selatan"
"0637BYLRT","63","JF11","500000","10","X","BYL","Boyolali"
"0641KRART","60","180","1300000","24","X","KRA","Karanganyar"
"0641KRART","63","JF15","500000","10","X","KRA","Karanganyar"
"0641KRART","ET","","500000","25","X","KRA","Karanganyar"
"0641KRART","M3","502","300000","10","X","KRA","Karanganyar"
"0641KRART","M3","502N","40000","24","X","KRA","Karanganyar"
"06425KRART","63","jF11","500000","10","X","KRA","Karanganyar"
"0645SLSRT","60","180","1000000","24","X","SLS","Solo Selatan"
"0645SLSRT","MFB","0380","800000","24","X","SLS","Solo Selatan"
"0645SLSRT","MFB","078","1100000","10","X","SLS","Solo Selatan"
"0648SLSRT","63","","500000","10","X","SLS","Solo Selatan"
"0650BYLRT","60","","1750000","10","X","BYL","Boyolali"
"0651BYLRT","60","","500000","10","X","BYL","Boyolali"
"0651BYLRT","ET","","500000","25","X","BYL","Boyolali"
"0651KRAAP","ET","","500000","25","X","KRA","Karanganyar"
"0651SLURT","60","178","1500000","24","X","SLU","Solo Utara"
"0651SLURT","63","jf07","765557","24","X","SLU","Solo Utara"
"0651SLURT","M6","045","500000","10","X","SLU","Solo Utara"
"0652BYLRT","63","jF07","1372792","24","X","BYL","Boyolali"
"0653BYLRT","63","jF05","1800000","24","X","BYL","Boyolali"
"0653KRART","60","180","500000","24","X","KRA","Karanganyar"
"0653KRART","63","jf15","1141283","10","X","KRA","Karanganyar"
"0653KRART","ET","","1300000","25","X","KRA","Karanganyar"
"0653KRART","M3","174","800000","10","X","KRA","Karanganyar"
"0653KRART","M6","7003","600000","24","X","KRA","Karanganyar"
"0653KRART","MFB","078","10000000","24","X","KRA","Karanganyar"
"0653KRART","MFB","1109","500000","24","X","KRA","Karanganyar"
"0655SRGRT","63","jf08","1150676","24","X","SRG","Sragen"
"0657KRART","60","180","1100000","10","X","KRA","Karanganyar"
"0657KRART","63","jF02","1000000","24","X","KRA","Karanganyar"
"0657KRART","M3","174","3050000","10","X","KRA","Karanganyar"
"0658SKHRT","63","jF12","1800000","24","X","SKH","Sukoharjo"
"0658SLSRT","60","180","1100000","24","X","SLS","Solo Selatan"
"0658SLSRT","63","JF03","800000","24","X","SLS","Solo Selatan"
"0658SLSRT","ET","","500000","25","X","SLS","Solo Selatan"
"0658SLSRT","M3","190","500000","24","X","SLS","Solo Selatan"
"0659SLURT","60","180","1250000","24","X","SLU","Solo Utara"
"0659SLURT","63","jF02","6486117","10","X","SLU","Solo Utara"
"0659SLURT","ET","341","1000000","24","X","SLU","Solo Utara"
"0659SLURT","M3","174","1000000","10","X","SLU","Solo Utara"
"0659SLURT","MFB","078","1600000","10","X","SLU","Solo Utara"
"0659SLURT","MFB","1109","4500000","10","X","SLU","Solo Utara"
"0660SKHRT","60","180","500000","24","X","SKH","Sukoharjo"
"0660SKHRT","63","jf16","500000","24","X","SKH","Sukoharjo"
"0660SKHRT","ET","","500000","25","X","SKH","Sukoharjo"
"0660SKHRT","M3","0146","300000","10","X","SKH","Sukoharjo"
"0660SKHRT","M3","0146N","40000","24","X","SKH","Sukoharjo"
"0661SLSRT","63","","500000","10","X","SLS","Solo Selatan"
"0661SLSRT","M3","190","500000","24","X","SLS","Solo Selatan"
"0662SLSRT","63","jf11","2000000","24","X","SLS","Solo Selatan"
"0662SLSRT","ET","","500000","25","X","SLS","Solo Selatan"
"0662SLSRT","M6","070","900000","24","X","SLS","Solo Selatan"
"0666SLURT","60","179","900000","24","X","SLU","Solo Utara"
"0666SLURT","63","jf15","600000","24","X","SLU","Solo Utara"
"0666SLURT","ET","","500000","25","X","SLU","Solo Utara"
"0666SLURT","M3","190","500000","10","X","SLU","Solo Utara"
"0666SLURT","M6","7003","500000","24","X","SLU","Solo Utara"
"0667BYLRT","ET","","500000","25","X","BYL","Boyolali"
"0670BYLRT","60","179","800000","24","X","BYL","Boyolali"
"0670BYLRT","63","","1796734","10","X","BYL","Boyolali"
"0670BYLRT","MFB","0233","700000","10","X","BYL","Boyolali"
"0670SRGRT","60","181","5000000","24","X","SRG","Sragen"
"0670SRGRT","63","JF08","700000","24","X","SRG","Sragen"
"0672SLURT","60","178","500000","25","X","SLU","Solo Utara"
"0672SLURT","63","jF03","1600000","24","X","SLU","Solo Utara"
"0672SLURT","M3","","500000","10","X","SLU","Solo Utara"
"0672SLURT","M6","070","800000","10","X","SLU","Solo Utara"
"0673SKHRT","ET","","650000","25","X","SKH","Sukoharjo"
"0675KRART","60","180","700000","24","X","KRA","Karanganyar"
"0675KRART","M6","7003","500000","10","X","KRA","Karanganyar"
"0675KRART","MFB","078","1900000","24","X","KRA","Karanganyar"
"0675SRGRT","63","JF14","1000000","24","X","SRG","Sragen"
"0677KRART","60","185","600000","24","X","KRA","Karanganyar"
"0677KRART","63","jf07","528288","24","X","KRA","Karanganyar"
"0679BYLRT","M3","0146","900000","10","X","BYL","Boyolali"
"0679BYLRT","M3","0146N","40000","24","X","BYL","Boyolali"
"0681SLURT","ET","","500000","25","X","SLU","Solo Utara"
"0681SLURT","MFB","0233","500000","25","X","SLU","Solo Utara"
"0682SRGRT","MFB","502","350000","10","","SRG","Sragen"
"0684KRART","M3","502","300000","10","X","KRA","Karanganyar"
"0684KRART","M3","502N","40000","24","X","KRA","Karanganyar"
"0684KTSRT","60","179","1500000","24","X","KTS","Kartosuro"
"0684KTSRT","63","jF13","500000","10","X","KTS","Kartosuro"
"0684SKHRT","60","178","2200000","24","X","SKH","Sukoharjo"
"0684SKHRT","63","jF02","500000","10","X","SKH","Sukoharjo"
"0684SKHRT","MFB","175","500000","25","X","SKH","Sukoharjo"
"0685SRGRT","M3","067","2500000","24","X","SRG","Sragen"
"0686SLURT","63","jF07","500000","24","X","SLU","Solo Utara"
"0686SLURT","ET","","500000","25","X","SLU","Solo Utara"
"0686SLURT","MFB","0233","500000","10","X","SLU","Solo Utara"
"0687SRGRT","60","181","1150000","10","X","SRG","Sragen"
"0688KRART","60","181","3150000","25","X","KRA","Karanganyar"
"0688KRART","ET","","500000","25","X","KRA","Karanganyar"
"0688KRART","MFB","0112","3800000","24","X","KRA","Karanganyar"
"0688KRART","MFB","1100","500000","24","X","KRA","Karanganyar"
"0689slurt","60","178","2400000","10","X","SLU","Solo Utara"
"0690KRART","63","jF15","1190700","10","X","KRA","Karanganyar"
"0690KRART","ET","","500000","24","X","KRA","Karanganyar"
"0690KRART","M3","174","500000","10","X","KRA","Karanganyar"
"0690KRART","M6","070","600000","24","X","KRA","Karanganyar"
"0692SLURT","63","JF02","500000","24","X","SLU","Solo Utara"
"0693KRAAP","ET","","500000","25","X","KRA","Karanganyar"
"0694SLSRT","ET","","500000","25","X","SLS","Solo Selatan"
"0695KRART","63","JF15","500000","24","X","KRA","Karanganyar"
"0695KRART","ET","","1.25","25","X","KRA","Karanganyar"
"0695SLURT","63","","500000","10","X","SLU","Solo Utara"
"0695SRGMM","63","x","1800000","10","X","SRG","Sragen"
"0695SRGMM","M3","","2200000","10","X","SRG","Sragen"
"0695SRGMM","MFB","","500000","10","X","SRG","Sragen"
"0696BYLRT","MFB","0233","500000","25","X","BYL","Boyolali"
"0697SLSRT","M3","0001","40500000","10","X","SLS","Solo Selatan"
"0697SRGRT","60","181","2100000","10","X","SRG","Sragen"
"0697SRGRT","63","JF08","911313","24","X","SRG","Sragen"
"0697SRGRT","M3","190","1350000","24","X","SRG","Sragen"
"0697SRGRT","M6","086","500000","10","X","SRG","Sragen"
"0698SLSRT","60","179","4300000","24","X","SLS","Solo Selatan"
"0698SLSRT","63","JF03","1381575","24","X","SLS","Solo Selatan"
"0698SLSRT","M3","190","2800000","24","X","SLS","Solo Selatan"
"0699SRGRT","63","JF14","650000","24","X","SRG","Sragen"
"0699SRGRT","ET","","500000","25","X","SRG","Sragen"
"0699SRGRT","M3","067","500000","24","X","SRG","Sragen"
"0702SRGRT","60","","500000","25","X","SRG","Sragen"
"0702SRGRT","63","jf14","500000","10","x","SRG","Sragen"
"0702SRGRT","M3","067","1200000","24","X","SRG","Sragen"
"0702SRGRT","MFB","0112","1700000","25","X","SRG","Sragen"
"0703SLSRT","60","","1000000","25","X","SLS","Solo Selatan"
"0703SLSRT","63","JF12","800000","24","X","SLS","Solo Selatan"
"0703SLSRT","ET","","5000000","25","X","SLS","Solo Selatan"
"0703SLSRT","MFB","017","1000000","25","X","SLS","Solo Selatan"
"0703SLSRT","MFB","0366","5000000","25","X","SLS","Solo Selatan"
"0703SLSRT","MFB","078","1800000","25","X","SLS","Solo Selatan"
"0703SLURT","60","179","2400000","10","X","SLU","Solo Utara"
"0703SLURT","63","jf09","500000","24","X","SLU","Solo Utara"
"0703SLURT","M3","190","4500000","24","X","SLU","Solo Utara"
"0705KTSRT","63","jf07","500000","24","X","KTS","Kartosuro"
"0706SRGRT","60","","500000","25","X","SRG","Sragen"
"0708KRART","63","jF15","500000","24","X","KRA","Karanganyar"
"0708KRART","ET","","800000","25","X","KRA","Karanganyar"
"0708SLSRT","M6","070","500000","10","X","SLS","Solo Selatan"
"0708SLSRT","MFB","175","500000","24","X","SLS","Solo Selatan"
"0708SRGRT","60","185","2000000","24","X","SRG","Sragen"
"0708SRGRT","63","JF10","3400000","10","X","SRG","Sragen"
"0708SRGRT","ET","341","500000","25","X","SRG","Sragen"
"0708SRGRT","M3","067","2900000","24","X","SRG","Sragen"
"0708SRGRT","MFB","0112","3350000","10","X","SRG","Sragen"
"0710KRART","ET","","500000","25","X","KRA","Karanganyar"
"0711KRART","60","185","1800000","10","X","KRA","Karanganyar"
"0712KRART","ET","","500000","25","X","KRA","Karanganyar"
"0712KRART","M3","","300000","10","X","KRA","Karanganyar"
"0714SLSSW","60","193","10850000","10","X","SKH","Sukoharjo"
"0714SLSSW","MFB","0380","3000000","10","X","SKH","Sukoharjo"
"0714SLSSW","MFB","078","5500000","10","X","SKH","Sukoharjo"
"0715KTSSW","63","jf12","2815600","10","X","KTS","Kartosuro"
"0716SRGRT","60","","1.25","10","X","SRG","Sragen"
"0716SRGRT","63","jF08","11000000","24","X","SRG","Sragen"
"0717SRGRT","60","181","6000000","25","X","SRG","Sragen"
"0717SRGRT","MFB","0112","3100000","24","X","SRG","Sragen"
"0721KRART","ET","","500000","25","X","KRA","Karanganyar"
"0725BYLRT","60","179","500000","24","X","BYL","Boyolali"
"0725BYLRT","ET","343","500000","24","X","BYL","Boyolali"
"0725BYLRT","M6","7003","500000","10","X","BYL","Boyolali"
"0730SLURT","M3","","500000","10","X","SLU","Solo Utara"
"0732BYLRT","60","","500000","10","X","BYL","Boyolali"
"0732KRART","60","","500000","24","X","KRA","Karanganyar"
"0732KRART","63","jF03","1538758","10","X","KRA","Karanganyar"
"0732KRART","M3","174","500000","10","X","KRA","Karanganyar"
"0732KRART","M6","7003","1100000","24","X","KRA","Karanganyar"
"0732KRART","MFB","078","1650000","24","X","KRA","Karanganyar"
"0732KRART","MFB","1109","500000","24","X","KRA","Karanganyar"
"0732SKHRT","60","178","500000","25","X","SKH","Sukoharjo"
"0732SKHRT","63","jF02","500000","24","X","SKH","Sukoharjo"
"0732SLSRT","63","jF11","500000","24","X","SLS","Solo Selatan"
"0733KRART","63","JF02","500000","10","X","KRA","Karanganyar"
"0733KRART","ET","341","500000","25","X","KRA","Karanganyar"
"0733KRART","MFB","078","500000","25","X","KRA","Karanganyar"
"0736SLSRT","M3","190","1300000","24","X","SLS","Solo Selatan"
"0736SLSRT","MFB","0233","2300000","25","X","SLS","Solo Selatan"
"0736SLSRT","MFB","175","4850000","24","X","SLS","Solo Selatan"
"0737SLURT","ET","343","500000","24","X","SLU","Solo Utara"
"0738BYLRT","60","","1.25","25","X","BYL","Boyolali"
"0738BYLRT","M3","","1.25","10","X","BYL","Boyolali"
"0738BYLRT","MFB","","1.25","25","X","BYL","Boyolali"
"0740SRGSW","M3","190","43100000","24","X","SRG","Sragen"
"0741KRART","60","0","500000","25","X","KRA","Karanganyar"
"0742SKHRT","60","177","1000000","10","X","SKH","Sukoharjo"
"0742SKHRT","MFB","2307","500000","10","X","SKH","Sukoharjo"
"0743BYLRT","60","179","600000","25","X","BYL","Boyolali"
"0743BYLRT","MFB","0233","700000","25","X","BYL","Boyolali"
"0744KRART","60","181","2100000","24","X","KRA","Karanganyar"
"0744KRART","M3","189","4300000","10","X","KRA","Karanganyar"
"0744KRART","M6","086","1200000","24","X","KRA","Karanganyar"
"0744KRART","MFB","0112","3000000","24","X","KRA","Karanganyar"
"0744SLURT","63","jF16","1500000","24","X","SLU","Solo Utara"
"0745SLURT","63","","1200000","10","X","SLU","Solo Utara"
"0745SRGSW","60","0","500000","0","X","SRG","Sragen"
"0745SRGSW","M6","093","5500000","24","X","SRG","Sragen"
"0747BYLRT","60","179","900000","24","X","BYL","Boyolali"
"0747BYLRT","MFB","0233","750000","24","X","BYL","Boyolali"
"0747BYLRT","MFB","175","2200000","24","X","BYL","Boyolali"
"0747BYLSW","M3","067","30000000","24","X","BYL","Boyolali"
"0747KRART","ET","","500000","25","X","KRA","Karanganyar"
"0747SRGRT","ET","","500000","24","X","SRG","Sragen"
"0748BYLRT","60","178","1700000","24","X","BYL","Boyolali"
"0748SLURT","ET","343","2000000","24","X","SLU","Solo Utara"
"0748SRGRT","MFB","0181","500000","10","X","SRG","Sragen"
"0749KRART","60","","100000","10","X","KRA","Karanganyar"
"0749KRART","63","JF16","800000","10","X","KRA","Karanganyar"
"0749KRART","ET","","500000","25","X","KRA","Karanganyar"
"0749KRART","M3","","2300000","10","X","KRA","Karanganyar"
"0749SLURT","60","","500000","10","X","SLU","Solo Utara"
"0749SLURT","ET","","500000","25","X","SLU","Solo Utara"
"0749SLURT","MFB","0233","700000","10","X","SLU","Solo Utara"
"0751SLSRT","63","","1710004","10","X","SLS","Solo Selatan"
"0756SRGRT","ET","341","4500000","24","X","SRG","Sragen"
"0757KRART","ET","","500000","25","X","KRA","Karanganyar"
"0758KRART","60","","100000","10","X","KRA","Karanganyar"
"0758SRGRT","60","0","1100000","10","X","SRG","Sragen"
"0758SRGRT","63","jF14","500000","24","X","SRG","Sragen"
"0758SRGRT","M3","067","1150000","24","X","SRG","Sragen"
"0761BYLRT","MFB","0233","500000","10","X","BYL","Boyolali"
"0761SLUSW","MFB","078","2300000","25","X","SLU","Solo Utara"
"0762SKHRT","M3","0146","250000","10","X","SKH","Sukoharjo"
"0762SKHRT","M3","0146N","40000","24","X","SKH","Sukoharjo"
"0763SLSRT","ET","341","550000","24","X","SLS","Solo Selatan"
"0765BYLRT","60","179","2900000","24","X","BYL","Boyolali"
"0765BYLRT","63","jf05","1500000","10","X","BYL","Boyolali"
"0765BYLRT","ET","","500000","25","X","BYL","Boyolali"
"0768KRART","ET","","500000","25","X","KRA","Karanganyar"
"0769BYLRT","MFB","0233","700000","10","X","BYL","Boyolali"
"0769KRART","ET","","500000","25","X","KRA","Karanganyar"
"0770SLSRT","M3","0146","6500000","10","","SLS","Solo Selatan"
"0770SLSRT","M3","0146N","40000","24","","SLS","Solo Selatan"
"0771SLSRT","60","178","500000","24","X","SLS","Solo Selatan"
"0771SLSRT","63","","4390392","24","X","SLS","Solo Selatan"
"0771SLSRT","ET","","500000","25","X","SLS","Solo Selatan"
"0771SLSRT","MFB","0364","500000","10","X","SLS","Solo Selatan"
"0772SLSRT","60","178","1500000","25","X","SLS","Solo Selatan"
"0772SLSRT","63","JF09","5031563","10","X","SLS","Solo Selatan"
"0772SLSRT","ET","340","700000","24","X","SLS","Solo Selatan"
"0772SLSRT","M3","190","850000","24","X","SLS","Solo Selatan"
"0772SLSRT","M6","093","2000000","24","X","SLS","Solo Selatan"
"0772SLSRT","MFB","078","3000000","25","X","SLS","Solo Selatan"
"0777BYLRT","ET","","500000","25","X","BYL","Boyolali"
"0780KRART","ET","","500000","25","X","KRA","Karanganyar"
"0780SLSSW","63","JF12","7581872","10","X","SLS","Solo Selatan"
"0780SLSSW","M3","","300000","10","X","SLS","Solo Selatan"
"0780SLSSW","M3","N","40000","24","X","SLS","Solo Selatan"
"0780SLSSW","MFB","","500000","10","X","SLS","Solo Selatan"
"0780SRGRT","M3","0146","500000","10","","SRG","Sragen"
"0780SRGRT","M3","0146N","40000","24","","SRG","Sragen"
"0782SRGRT","63","","500000","10","X","SRG","Sragen"
"0783SRGRT","60","181","1900000","10","X","SRG","Sragen"
"0783SRGRT","63","jf08","2900000","10","X","SRG","Sragen"
"0783SRGRT","M3","190","1600000","10","X","SRG","Sragen"
"0783SRGRT","M6","086","500000","24","X","SRG","Sragen"
"0783SRGRT","MFB","0112","850000","10","X","SRG","Sragen"
"0783SRGRT","MFB","0181","500000","10","X","SRG","Sragen"
"0783SRGRT","MFB","1100","500000","10","X","SRG","Sragen"
"0784SRGRT","MFB","0181","200000","10","X","SRG","Sragen"
"0786KRART","60","185","500000","24","X","KRA","Karanganyar"
"0786KRART","63","jf07","1326967","24","X","KRA","Karanganyar"
"0786KRART","M3","174","6000000","10","X","KRA","Karanganyar"
"0786KRART","MFB","070","500000","24","X","KRA","Karanganyar"
"0786KRART","MFB","078","1550000","25","X","KRA","Karanganyar"
"0788KRART","63","JF15","500000","10","X","KRA","Karanganyar"
"0788KRART","MFB","0380","1000000","25","X","KRA","Karanganyar"
"0789BYLRT","63","jF15","1000000","24","X","BYL","Boyolali"
"0789KTSRT","63","jF01","17000000","24","X","KTS","Kartosuro"
"0790SLSKO","63","jf02","6134183","24","X","SLS","Solo Selatan"
"0790SLSKO","MFB","0366","500000","25","X","SLS","Solo Selatan"
"0790SLSKO","MFB","078","500000","25","X","SLS","Solo Selatan"
"0791KRAKO","ET","","1.25","25","X","KRA","Karanganyar"
"0792KRAKO","63","","500000","10","X","KRA","Karanganyar"
"0792KRAKO","MFB","0364","500000","10","X","KRA","Karanganyar"
"0794SLSKO","ET","","500000","25","X","SLS","Solo Selatan"
"0794SLUKO","63","","500000","10","X","SLU","Solo Utara"
"0796SLUKO","60","199","500000","10","X","SLU","Solo Utara"
"0799BYLRT","63","jF03","500000","24","X","BYL","Boyolali"
"0799SRGRT","ET","","500000","25","X","SRG","Sragen"
"0800BYLRT","63","","1500000","10","X","BYL","Boyolali"
"0802BYLRT","60","178","1950000","10","X","BYL","Boyolali"
"0802BYLRT","63","jF03","500000","24","X","BYL","Boyolali"
"0802BYLRT","M6","7003","500000","10","X","BYL","Boyolali"
"0802KTSKO","63","jF11","2700000","24","X","KTS","Kartosuro"
"0804SLUKO","60","","500000","10","X","SLU","Solo Utara"
"0804SLUKO","63","","629161","10","X","SLU","Solo Utara"
"0804SLUKO","ET","","1.25","24","X","SLU","Solo Utara"
"0804SLUKO","M6","070","1000000","10","X","SLU","Solo Utara"
"0804SLUKO","MFB","0364","1.25","10","X","SLU","Solo Utara"
"0805SLSRT","63","jF01","1969325","10","X","SLS","Solo Selatan"
"0805SLSRT","M3","","500000","10","X","SLS","Solo Selatan"
"0805SLSRT","M6","7003","600000","10","X","SLS","Solo Selatan"
"0805SLUKO","ET","","500000","25","X","SLU","Solo Utara"
"0805SLUKO","MFB","0364","500000","25","X","SLU","Solo Utara"
"0806SLUKO","63","jF05","500000","24","X","SLU","Solo Utara"
"0806SLUKO","ET","","500000","25","X","SLU","Solo Utara"
"0807SLUKO","M3","067","500000","24","X","SLU","Solo Utara"
"0807SLUKO","MFB","0364","2000000","25","X","SLU","Solo Utara"
"0807SLUKO","MFB","0366","1500000","24","X","SLU","Solo Utara"
"0808SLUKO","MFB","0364","1000000","10","X","SLU","Solo Utara"
"0809SLUKO","63","","500000","10","X","SLU","Solo Utara"
"0810SRGRT","60","181","500000","24","X","SRG","Sragen"
"0810SRGRT","M3","","300000","10","X","SRG","Sragen"
"0810SRGRT","M6","","700000","24","X","SRG","Sragen"
"0811SRGRT","63","jF08","500000","24","X","SRG","Sragen"
"0811SRGRT","MFB","0181","500000","25","X","SRG","Sragen"
"0812SLSKO","ET","","500000","25","X","SLS","Solo Selatan"
"0812SRGRT","M3","0146","3000000","10","X","SRG","Sragen"
"0812SRGRT","M3","0146N","40000","24","X","SRG","Sragen"
"0814SLURT","63","jf02","500000","24","X","SLU","Solo Utara"
"0815SLURT","ET","","500000","25","X","SLU","Solo Utara"
"0816SLURT","ET","","500000","25","X","SLU","Solo Utara"
"0816SRGRT","60","185","500000","24","X","SRG","Sragen"
"0816SRGRT","63","jf14","500000","24","X","SRG","Sragen"
"0817BYLRT","60","0","500000","10","X","BYL","Boyolali"
"0817BYLRT","ET","","1000000","25","X","BYL","Boyolali"
"0817BYLRT","MFB","0233","5000000","10","X","BYL","Boyolali"
"0817SLURT","ET","342","1500000","24","X","SLU","Solo Utara"
"0819BYLRT","60","179","6500000","24","X","BYL","Boyolali"
"0819BYLRT","63","jF15","8850000","24","X","BYL","Boyolali"
"0819BYLRT","M3","067","55000000","21","X","BYL","Boyolali"
"0819BYLRT","M6","7003","1800000","10","X","BYL","Boyolali"
"0819BYLRT","MFB","175","7600000","10","X","BYL","Boyolali"
"0820BYLRT","60","179","1000000","24","X","BYL","Boyolali"
"0820SLSRT","63","jF02","6000000","24","X","SLS","Solo Selatan"
"0821KRART","60","181","1050000","25","X","KRA","Karanganyar"
"0821KRART","M3","067","3800000","24","X","KRA","Karanganyar"
"0821KRART","MFB","","8500000","10","X","KRA","Karanganyar"
"0821SLSRT","63","jF02","300000","10","X","SLS","Solo Selatan"
"0821SLSRT","ET","","1.25","25","X","SLS","Solo Selatan"
"0821SRGMM","60","","500000","10","X","SRG","Sragen"
"0821SRGMM","ET","","500000","25","X","SRG","Sragen"
"0824SRGRT","ET","341","500000","24","X","SRG","Sragen"
"0826SLSRT","M3","190","500000","10","X","SLS","Solo Selatan"
"0826SLURT","ET","","500000","25","X","SLU","Solo Utara"
"0829SLURT","60","193","3050000","24","X","SLU","Solo Utara"
"0829SLURT","63","JF09","1509715","10","X","SLU","Solo Utara"
"0829SLURT","M3","190","1100000","24","X","SLU","Solo Utara"
"0829SLURT","MFB","0380","2000000","10","X","SLU","Solo Utara"
"0831SLSRT","63","jF12","500000","24","X","SLS","Solo Selatan"
"0834KRAKO","60","","500000","10","X","KRA","Karanganyar"
"0834KRAKO","ET","","500000","25","X","KRA","Karanganyar"
"0836SLSRT","63","jF18","500000","24","X","SLS","Solo Selatan"
"0836SLSRT","ET","","500000","25","X","SLS","Solo Selatan"
"0839BYLRT","ET","","500000","25","X","BYL","Boyolali"
"0839SLURT","ET","","500000","25","X","SLU","Solo Utara"
"0841BYLRT","60","179","4000000","24","X","BYL","Boyolali"
"0842SGRT","60","181","1300000","24","X","SRG","Sragen"
"0842SGRT","63","jf14","8000000","10","X","SRG","Sragen"
"0842SGRT","M3","067","6000000","24","X","SRG","Sragen"
"0842SGRT","MFB","502","300000","10","X","SRG","Sragen"
"0842SRGRT","60","jF12","1300000","10","X","SRG","Sragen"
"0842SRGRT","M3","0146","500000","10","X","SRG","Sragen"
"0842SRGRT","M3","0146N","40000","24","X","SRG","Sragen"
"0843KRART","60","","100000","10","X","KRA","Karanganyar"
"0843KRART","ET","","500000","25","X","KRA","Karanganyar"
"0843KRART","M3","","2500000","10","X","KRA","Karanganyar"
"0843KRART","M6","","2500000","10","X","KRA","Karanganyar"
"0844BYLRT","ET","","500000","25","X","BYL","Boyolali"
"0844BYLRT","MFB","","500000","10","X","BYL","Boyolali"
"0844GMLRT","MFB","175","6600000","24","X","GML","Gemolong"
"0846KTSSM","60","188","46000000","14","X","KTS","Kartosuro"
"0846KTSSM","63","JF20","300000000","14","X","KTS","Kartosuro"
"0846KTSSM","ET","342","37000000","30","X","KTS","Kartosuro"
"0846KTSSM","M3","035","150000000","14","X","KTS","Kartosuro"
"0846KTSSM","M6","102","75000000","14","X","KTS","Kartosuro"
"0846KTSSM","MFB","0366","20000000","14","X","KTS","Kartosuro"
"0846KTSSM","MFB","0370","51000000","14","X","KTS","Kartosuro"
"0846KTSSM","MFB","069","40000000","14","X","KTS","Kartosuro"
"0846SLURT","ET","","500000","25","X","SLU","Solo Utara"
"0847SLSRT","ET","","500000","25","X","SLS","Solo Selatan"
"0849SLURT","ET","","500000","25","X","SLU","Solo Utara"
"0855BYLRT","ET","","800000","25","X","BYL","Boyolali"
"0855SLSRT","60","","500000","10","X","SLS","Solo Selatan"
"0855SLSRT","ET","","500000","25","X","SLS","Solo Selatan"
"0856SLSRT","63","","500000","10","X","SLS","Solo Selatan"
"0856SRGRT","63","JF14","1572758","10","X","SRG","Sragen"
"0861SLURT","ET","343","500000","24","","SLU","Solo Utara"
"0861SRGRT","ET","","500000","25","X","SRG","Sragen"
"0862KRART","ET","","500000","25","X","KRA","Karanganyar"
"0862KRART","M3","174","800000","10","X","KRA","Karanganyar"
"0862SRGRT","60","180","2400000","24","X","SRG","Sragen"
"0862SRGRT","63","jf12","2610225","10","X","SRG","Sragen"
"0862SRGRT","ET","","500000","24","X","SRG","Sragen"
"0862SRGRT","M3","174","2100000","10","X","SRG","Sragen"
"0862SRGRT","M6","070","1700000","10","X","SRG","Sragen"
"0862SRGRT","MFB","078","3200000","10","X","SRG","Sragen"
"0863SLSRT","60","193","1200000","24","X","SLS","Solo Selatan"
"0863SLSRT","MFB","1109","500000","10","","SLS","Solo Selatan"
"0865SRGRT","ET","","500000","25","X","SRG","Sragen"
"0866SRGSM","63","JF20","19000000","10","X","SRG","Sragen"
"0866SRGSM","ET","342","1000000","24","X","SRG","Sragen"
"0866SRGSM","M3","035","1700000","10","X","SRG","Sragen"
"0866SRGSM","MFB","0366","1073786","10","X","SRG","Sragen"
"0866SRGSM","MFB","0370","1.25","10","X","SRG","Sragen"
"0866SRGSM","MFB","069","1500000","10","X","SRG","Sragen"
"0866SRGSM","MFB","E001","500000","10","X","SRG","Sragen"
"0868GMLMM","ET","","1.25","25","X","GML","Gemolong"
"0868GMLMM","MFB","","1.25","10","X","GML","Gemolong"
"0869KRART","ET","","500000","25","X","KRA","Karanganyar"
"0869KTSRT","ET","","5000000","25","X","KTS","Kartosuro"
"0869SLURT","ET","","500000","25","X","SLU","Solo Utara"
"0870BYLRT","63","jf05","500000","24","X","BYL","Boyolali"
"0871SRGRT","60","","700000","10","X","SRG","Sragen"
"0871SRGRT","63","jF17","7179533","10","X","SRG","Sragen"
"0872BYLRT","63","jF15","500000","24","X","BYL","Boyolali"
"0874SRGRT","MFB","0","2500000","10","X","SRG","Sragen"
"0875KRART","ET","","500000","25","X","KRA","Karanganyar"
"0876SRGRT","63","jF02","6059642","10","X","SRG","Sragen"
"0876SRGRT","ET","341","500000","10","X","SRG","Sragen"
"0876SRGRT","M3","174","1300000","10","X","SRG","Sragen"
"0876SRGRT","M6","086","2200000","24","X","SRG","Sragen"
"0876SRGRT","MFB","078","8500000","10","X","SRG","Sragen"
"0876SRGRT","MFB","1109","500000","10","X","SRG","Sragen"
"0877SLSRT","60","178","800000","25","X","SLS","Solo Selatan"
"0877SLSRT","63","jF05","500000","24","X","SLS","Solo Selatan"
"0877SLSRT","M3","0146","150000","10","X","SLS","Solo Selatan"
"0877SLSRT","M3","0146N","40000","24","X","SLS","Solo Selatan"
"0877SRGRT","MFB","0181","500000","10","X","SRG","Sragen"
"0878SRGRT","MFB","","1650000","10","X","SRG","Sragen"
"0879SLURT","ET","343","1350000","24","X","SLU","Solo Utara"
"0879SRGRT","ET","","500000","25","X","SRG","Sragen"
"0880BYLSW","60","181","7500000","24","X","BYL","Boyolali"
"0880BYLSW","63","jF16","3200000","24","X","BYL","Boyolali"
"0880BYLSW","ET","","500000","25","X","BYL","Boyolali"
"0880BYLSW","M3","067","25000000","10","X","BYL","Boyolali"
"0880BYLSW","MFB","0112","12200000","10","X","BYL","Boyolali"
"0880BYLSW","MFB","1100","500000","10","X","BYL","Boyolali"
"0880SRGRT","ET","","1.25","25","X","SRG","Sragen"
"0881BYLSW","60","181","2650000","24","X","BYL","Boyolali"
"0881BYLSW","63","JF11","3046758","24","X","BYL","Boyolali"
"0881BYLSW","M3","189","3350000","10","X","BYL","Boyolali"
"0881BYLSW","M6","070","1000000","24","X","BYL","Boyolali"
"0881BYLSW","MFB","0112","13000000","24","X","BYL","Boyolali"
"0881BYLSW","MFB","1100","500000","10","X","BYL","Boyolali"
"0881KRART","ET","","500000","25","X","KRA","Karanganyar"
"0881SRGRT","63","jf08","2847647","24","X","SRG","Sragen"
"0883BYLRT","60","179","2800000","24","X","BYL","Boyolali"
"0883BYLRT","63","jF07","500000","24","X","BYL","Boyolali"
"0883SRGMM","63","JF08","5633558","24","X","SRG","Sragen"
"0883SRGMM","M6","086","1600000","24","X","SRG","Sragen"
"0884BYLRT","M3","","300000","10","X","BYL","Boyolali"
"0884BYLRT","M3","190N","40000","24","X","BYL","Boyolali"
"0885SLSRT","63","","800000","10","X","SLS","Solo Selatan"
"0889SKHRT","63","jF03","600000","24","X","SKH","Sukoharjo"
"0889SKHRT","ET","341","750000","24","X","SKH","Sukoharjo"
"0889SKHRT","M6","070","500000","24","X","SKH","Sukoharjo"
"0889SRGRT","ET","","500000","25","X","SRG","Sragen"
"0890BYLRT","ET","","600000","25","X","BYL","Boyolali"
"0890BYLRT","MFB","0233","6000000","10","X","BYL","Boyolali"
"0892BYLRT","60","","2200000","10","X","BYL","Boyolali"
"0892BYLRT","63","JF09","16000000","10","X","BYL","Boyolali"
"0892BYLRT","ET","340","500000","24","X","BYL","Boyolali"
"0892BYLRT","M3","184","10000000","10","X","BYL","Boyolali"
"0892BYLRT","M6","093","5000000","21","X","BYL","Boyolali"
"0892BYLRT","MFB","0359","20000000","10","X","BYL","Boyolali"
"0892BYLRT","MFB","0360","3100000","10","X","BYL","Boyolali"
"0892BYLRT","MFB","0365","3100000","10","X","BYL","Boyolali"
"0892BYLRT","MFB","0370","1000000","10","X","BYL","Boyolali"
"0892BYLRT","MFB","E001","500000","10","x","BYL","Boyolali"
"0892KRART","63","jF09","1292250","10","X","KRA","Karanganyar"
"0892KRART","M3","067","5000000","10","X","KRA","Karanganyar"
"0893BYLRT","ET","","700000","25","X","BYL","Boyolali"
"0893BYLRT","M3","0146","500000","10","X","BYL","Boyolali"
"0893BYLRT","M3","0146N","40000","24","X","BYL","Boyolali"
"0893SLURT","63","jF11","500000","24","X","SLU","Solo Utara"
"0894SKHRT","63","jF07","500000","10","X","SKH","Sukoharjo"
"0896krart","60","","500000","25","X","KRA","Karanganyar"
"0896krart","63","JF15","1100000","24","X","KRA","Karanganyar"
"0896SKHRT","ET","","500000","25","X","SKH","Sukoharjo"
"0897KRART","M3","","500000","10","X","KRA","Karanganyar"
"0897SRGRT","M3","0146","6800000","10","X","SRG","Sragen"
"0897SRGRT","M3","0146N","40000","24","X","SRG","Sragen"
"0899BYLRT","60","179","500000","24","X","BYL","Boyolali"
"0899BYLRT","63","jf15","500000","10","X","BYL","Boyolali"
"0900SRGRT","ET","","500000","25","X","SRG","Sragen"
"0902SKHRT","ET","","600000","25","X","SKH","Sukoharjo"
"0902SKHRT","M3","190","500000","10","X","SKH","Sukoharjo"
"0903GMLSM","60","188","500000","14","X","GML","Gemolong"
"0903GMLSM","63","JF20","50500000","14","X","GML","Gemolong"
"0903GMLSM","ET","342","2200000","24","X","GML","Gemolong"
"0903GMLSM","M3","035","32000000","14","X","GML","Gemolong"
"0903GMLSM","M6","102","11200000","14","X","GML","Gemolong"
"0903GMLSM","MFB","0366","20000000","14","X","GML","Gemolong"
"0903GMLSM","MFB","0370","5000000","14","X","GML","Gemolong"
"0903GMLSM","MFB","069","32000000","14","X","GML","Gemolong"
"0903GMLSM","MFB","E001","500000","14","X","GML","Gemolong"
"0903SLSRT","63","jF05","500000","10","X","SLS","Solo Selatan"
"0904KRASM","60","188","6000000","10","X","KRA","Karanganyar"
"0904KRASM","63","JF19","231000000","14","X","KRA","Karanganyar"
"0904KRASM","ET","342","30000000","28","X","KRA","Karanganyar"
"0904KRASM","M3","035","61000000","14","X","KRA","Karanganyar"
"0904KRASM","M6","093","80000000","14","X","KRA","Karanganyar"
"0904KRASM","MFB","0366","60000000","14","X","KRA","Karanganyar"
"0904KRASM","MFB","0370","22000000","14","X","KRA","Karanganyar"
"0904KRASM","MFB","069","103500000","14","X","KRA","Karanganyar"
"0904KRASM","MFB","E001","500000","14","X","KRA","Karanganyar"
"0904SKHRT","60","180","800000","24","X","SKH","Sukoharjo"
"0904SKHRT","63","jf01","4200000","10","X","SKH","Sukoharjo"
"0904SKHRT","M3","174","2150000","10","X","SKH","Sukoharjo"
"0904SKHRT","M6","070","1200000","10","X","SKH","Sukoharjo"
"0904SKHRT","MFB","078","1100000","24","X","SKH","Sukoharjo"
"0904SRGRT","M3","0146","500000","10","","SRG","Sragen"
"0904SRGRT","M3","0146N","40000","24","","SRG","Sragen"
"0905SLUSM","60","188","9850000","14","X","SLU","Solo Utara"
"0905SLUSM","63","JF20","50000000","14","X","SLU","Solo Utara"
"0905SLUSM","ET","340","10000000","24","X","SLU","Solo Utara"
"0905SLUSM","M3","035","16000000","14","X","SLU","Solo Utara"
"0905SLUSM","M6","093","20000000","14","X","SLU","Solo Utara"
"0905SLUSM","MFB","0366","10000000","14","X","SLU","Solo Utara"
"0905SLUSM","MFB","0370","5000000","14","X","SLU","Solo Utara"
"0905SLUSM","MFB","069","22000000","14","X","SLU","Solo Utara"
"0905SLUSM","MFB","E001","500000","14","X","SLU","Solo Utara"
"0907KRART","M3","502","300000","10","X","KRA","Karanganyar"
"0907KRART","M3","502N","40000","24","X","KRA","Karanganyar"
"0908BYLRT","60","0","500000","10","X","BYL","Boyolali"
"0908KRART","M6","7003","500000","24","x","KRA","Karanganyar"
"0908KTSMT","ET","017","5000000","25","X","KTS","Kartosuro"
"0909BYLRT","63","","500000","10","X","BYL","Boyolali"
"0909BYLRT","ET","","600000","25","X","BYL","Boyolali"
"0909SRGSM","60","188","7000000","14","X","SRG","Sragen"
"0909SRGSM","63","JF18","290000000","14","X","SRG","Sragen"
"0909SRGSM","ET","342","5000000","14","X","SRG","Sragen"
"0909SRGSM","M3","035","160600000","14","X","SRG","Sragen"
"0909SRGSM","M6","093","12000000","14","X","SRG","Sragen"
"0909SRGSM","MFB","0370","30000000","14","X","SRG","Sragen"
"0909SRGSM","MFB","069","172500000","14","X","SRG","Sragen"
"0909SRGSM","MFB","E001","500000","14","x","SRG","Sragen"
"0910KTSRT","63","jF01","500000","24","X","KTS","Kartosuro"
"0913KRART","60","180","850000","25","X","KRA","Karanganyar"
"0913KRART","63","jf15","7200000","10","X","KRA","Karanganyar"
"0913KRART","ET","341","750000","24","X","KRA","Karanganyar"
"0913KRART","M3","174","1650000","10","X","KRA","Karanganyar"
"0913KRART","M6","7003","1500000","24","X","KRA","Karanganyar"
"0913KRART","MFB","078","12000000","25","X","KRA","Karanganyar"
"0913SRGRT","ET","","500000","25","","SRG","Sragen"
"0913SRGRT","M6","","500000","10","","SRG","Sragen"
"0914BYLRT","60","181","700000","24","X","BYL","Boyolali"
"0914BYLRT","M3","","1000000","10","X","BYL","Boyolali"
"0914KRART","63","JF11","3900000","24","X","KRA","Karanganyar"
"0914KRART","ET","","500000","25","X","KRA","Karanganyar"
"0915KRART","M3","0146","250000","10","X","KRA","Karanganyar"
"0915KRART","M3","0146N","40000","24","X","KRA","Karanganyar"
"0916KRART","ET","","500000","25","X","KRA","Karanganyar"
"0917BYLRT","60","179","1100000","10","X","BYL","Boyolali"
"0917BYLRT","63","jF07","2598442","24","X","BYL","Boyolali"
"0917BYLRT","ET","343","500000","24","X","BYL","Boyolali"
"0917BYLRT","M6","7003","700000","24","X","BYL","Boyolali"
"0917BYLRT","MFB","175","3200000","10","X","BYL","Boyolali"
"0917SLUMM","60","180","500000","24","X","SLU","Solo Utara"
"0917SLUMM","63","JF09","7000000","10","X","SLU","Solo Utara"
"0917SLUMM","M6","070","2000000","24","X","SLU","Solo Utara"
"0917SLUMM","MFB","0364","500000","25","X","SLU","Solo Utara"
"0917SLUMM","MFB","078","1000000","25","X","SLU","Solo Utara"
"0918KRART","ET","","500000","25","","KRA","Karanganyar"
"0918KRART","M6","","500000","10","","KRA","Karanganyar"
"0919SRGRT","63","JF12","900000","10","X","SRG","Sragen"
"0920BYLRT","63","jF01","2378758","24","X","BYL","Boyolali"
"0920BYLRT","M6","7003","600000","24","X","BYL","Boyolali"
"0920BYLRT","MFB","175","750000","10","X","BYL","Boyolali"
"0922KRART","63","jF14","500000","10","X","KRA","Karanganyar"
"0922KRART","ET","","500000","25","X","KRA","Karanganyar"
"0922KRART","M3","174","500000","10","X","KRA","Karanganyar"
"0922KRART","MFB","078","1600000","25","X","KRA","Karanganyar"
"0922KRART","MFB","1109","1200000","24","X","KRA","Karanganyar"
"0922SLURT","ET","343","500000","25","X","SLU","Solo Utara"
"0923BYLRT","60","179","1600000","10","X","BYL","Boyolali"
"0923BYLRT","63","JF15","7904458","10","X","BYL","Boyolali"
"0923BYLRT","ET","","700000","25","X","BYL","Boyolali"
"0924KRART","63","JF09","700000","24","X","KRA","Karanganyar"
"0924KRART","M3","174","1500000","10","X","KRA","Karanganyar"
"0924SRGRT","60","181","8500000","10","X","SRG","Sragen"
"0924SRGRT","63","jF14","6454267","24","X","SRG","Sragen"
"0924SRGRT","ET","","500000","25","X","SRG","Sragen"
"0924SRGRT","M3","067","87000000","21","X","SRG","Sragen"
"0930KRART","60","180","2250000","25","X","KRA","Karanganyar"
"0930KRART","M3","174","1450000","10","X","KRA","Karanganyar"
"0930KRART","M6","7003","1700000","24","X","KRA","Karanganyar"
"0930KRART","MFB","078","10500000","10","X","KRA","Karanganyar"
"0930SLSHI","60","180","27500000","10","X","SLS","Solo Selatan"
"0930SLSHI","63","jF19","115000000","21","X","SLS","Solo Selatan"
"0930SLSHI","ET","342","17250000","45","X","SLS","Solo Selatan"
"0930SLSHI","M3","184","265000000","30","X","SLS","Solo Selatan"
"0930SLSHI","M6","093","10000000","30","X","SLS","Solo Selatan"
"0930SLSHI","MFB","0366","65000000","10","X","SLS","Solo Selatan"
"0931BYLMM","MFB","0233","5000000","25","X","BYL","Boyolali"
"0937BYLRT","63","jF09","500000","10","X","BYL","Boyolali"
"0938SLURT","60","","500000","10","X","SLU","Solo Utara"
"0938SLURT","ET","","500000","25","X","SLU","Solo Utara"
"0938SLURT","MFB","0233","700000","10","X","SLU","Solo Utara"
"0942SRGSW","MFB","0181","300000","10","","SRG","Sragen"
"0943SLURT","60","185","1800000","24","X","SLU","Solo Utara"
"0943SLURT","63","jF02","1500000","10","X","SLU","Solo Utara"
"0943SLURT","M3","190","1500000","24","X","SLU","Solo Utara"
"0943SLURT","M6","7003","1400000","10","X","SLU","Solo Utara"
"0945GMLRT","60","188","500000","10","X","GML","Gemolong"
"0945GMLRT","ET","0001","500000","25","X","GML","Gemolong"
"0946SRGRT","ET","","500000","25","X","SRG","Sragen"
"0948BYLRT","60","179","1500000","25","X","BYL","Boyolali"
"0948BYLRT","MFB","0233","3050000","25","X","BYL","Boyolali"
"0948BYLRT","MFB","175","500000","25","X","BYL","Boyolali"
"0948SLURT","M3","067","500000","1","X","SLU","Solo Utara"
"0952KRART","60","180","1600000","24","X","KRA","Karanganyar"
"0952KRART","M3","174","800000","10","X","KRA","Karanganyar"
"0955BYLRT","63","JF11","1000000","10","X","BYL","Boyolali"
"0955BYLRT","M6","","500000","10","X","BYL","Boyolali"
"0955BYLRT","MFB","0233","1800000","10","X","BYL","Boyolali"
"0956KRART","60","","500000","25","X","KRA","Karanganyar"
"0958BYLRT","ET","","5000000","25","X","BYL","Boyolali"
"0958SKHRT","M3","502","300000","10","X","SKH","Sukoharjo"
"0958SKHRT","M3","502N","40000","24","X","SKH","Sukoharjo"
"0959KTSRT","MFB","175","2300000","24","X","KTS","Kartosuro"
"0961KRART","63","JF09","500000","1","X","KRA","Karanganyar"
"0962SRGRT","63","","600000","10","X","SRG","Sragen"
"0963SLURT","63","jf09","1150000","24","X","SLU","Solo Utara"
"0963SLURT","M6","7003","500000","24","X","SLU","Solo Utara"
"0964SLSRT","60","180","1750000","25","X","SLS","Solo Selatan"
"0964SLSRT","MFB","0380","1.25","25","X","SLS","Solo Selatan"
"0964SLSRT","MFB","078","500000","25","X","SLS","Solo Selatan"
"0965SLSRT","60","199","2000000","10","X","SLS","Solo Selatan"
"0965SLSRT","ET","","1700000","25","X","SLS","Solo Selatan"
"0967SLSRT","63","jF03","950000","24","X","SLS","Solo Selatan"
"0967SLSRT","M6","7003","700000","10","X","SLS","Solo Selatan"
"0969SLSRT","M3","190","4550000","24","X","SLS","Solo Selatan"
"0969SLSRT","MFB","1109","500000","10","X","SLS","Solo Selatan"
"0969SLURT","63","","799953","10","X","SLU","Solo Utara"
"0971SLSRT","ET","343","500000","24","","SLS","Solo Selatan"
"0972SLSHI","ET","","130000000","45","X","SLS","Solo Selatan"
"0973BYLRT","ET","343","4950000","24","X","BYL","Boyolali"
"0973SKHHI","ET","342","100000000","45","X","SKH","Sukoharjo"
"0973SKHHI","M3","256","500000","10","X","SKH","Sukoharjo"
"0973SKHHI","MFB","0366","63000000","45","X","SKH","Sukoharjo"
"0973SLSHI","ET","342","5000000","45","X","SLS","Solo Selatan"
"0973SLSHI","M3","256","500000","45","X","SLS","Solo Selatan"
"0973SLSHI","MFB","0366","111000000","45","X","SLS","Solo Selatan"
"0974SKHRT","63","jF07","800000","24","X","SKH","Sukoharjo"
"0974SKHRT","ET","","500000","25","X","SKH","Sukoharjo"
"0974SKHRT","M6","7003","500000","10","X","SKH","Sukoharjo"
"0974SKHRT","MFB","078","300000","24","X","SKH","Sukoharjo"
"0975BYLRT","MFB","0233","2250000","25","X","BYL","Boyolali"
"0975BYLRT","MFB","175","3000000","25","X","BYL","Boyolali"
"0979BYLRT","M3","0146","300000","10","","BYL","Boyolali"
"0979BYLRT","M3","0146N","40000","24","","BYL","Boyolali"
"0979KRART","63","jF16","1000000","10","X","KRA","Karanganyar"
"0979KRART","ET","341","500000","24","X","KRA","Karanganyar"
"0979SRGRT","63","jF08","500000","24","X","SRG","Sragen"
"0980KRART","63","jF16","700000","24","X","KRA","Karanganyar"
"0981BYLRT","ET","","500000","25","X","BYL","Boyolali"
"0981KRART","60","","100000","10","X","KRA","Karanganyar"
"0981KRART","MFB","0181","500000","10","X","KRA","Karanganyar"
"0981SKHRT","60","199","500000","10","","SKH","Sukoharjo"
"0985SLURT","M3","0146","400000","10","X","SLU","Solo Utara"
"0985SLURT","M3","0146N","40000","24","X","SLU","Solo Utara"
"0985SLURT","MFB","","500000","10","X","SLU","Solo Utara"
"0986BYLMM","ET","","500000","25","X","BYL","Boyolali"
"0986SLURT","60","0001","500000","25","X","SLU","Solo Utara"
"0986SLURT","63","0001","500000","24","X","SLU","Solo Utara"
"0986SLURT","ET","0001","500000","25","X","SLU","Solo Utara"
"0986SLURT","M3","0001","2600000","10","X","SLU","Solo Utara"
"0986SLURT","MFB","0001","1500000","25","X","SLU","Solo Utara"
"0987SKHRT","ET","343","3600000","25","X","SKH","Sukoharjo"
"0987SLURT","ET","","500000","25","X","SLU","Solo Utara"
"0987SRGRT","63","","705325","10","X","SRG","Sragen"
"0987SRGT","63","jF17","500000","24","X","SRG","Sragen"
"0988SLSRT","63","JF01","500000","24","X","SLS","Solo Selatan"
"0990SLSRT","ET","","500000","25","X","SLS","Solo Selatan"
"0990SLURT","60","179","600000","24","X","SLU","Solo Utara"
"0990SLURT","M3","190","500000","24","X","SLU","Solo Utara"
"0991BYLRT","63","jF16","800000","24","X","BYL","Boyolali"
"0991BYLRT","ET","","900000","25","X","BYL","Boyolali"
"0992BYLRT","63","jF07","1000000","24","X","BYL","Boyolali"
"0994SRGRT","60","181","1200000","25","X","SRG","Sragen"
"0994SRGRT","63","JF08","5230367","10","X","SRG","Sragen"
"0994SRGRT","ET","341","500000","25","X","SRG","Sragen"
"0994SRGRT","M3","190","1850000","24","X","SRG","Sragen"
"0994SRGRT","M6","086","1500000","24","X","SRG","Sragen"
"0994SRGRT","MFB","0112","2800000","10","X","SRG","Sragen"
"0994SRGRT","MFB","1100","500000","10","X","SRG","Sragen"
"0997SLSRT","60","178","1000000","24","X","SLS","Solo Selatan"
"0997SLSRT","63","JF12","1000000","24","X","SLS","Solo Selatan"
"0997SLSRT","M6","7003","500000","10","X","SLS","Solo Selatan"
"1000BYLRT","63","JF01","500000","24","X","BYL","Boyolali"
"1001JGKRT","M6","","200000000","1","X","SLS","Solo Selatan"
"1003KTSRT","ET","341","8000000","24","X","KTS","Kartosuro"
"1004KRART","63","jF16","500000","24","X","KRA","Karanganyar"
"1004KRART","MFB","078","500000","24","X","KRA","Karanganyar"
"1005KRART","60","180","900000","24","X","KRA","Karanganyar"
"1005KRART","63","jF02","1669296","10","X","KRA","Karanganyar"
"1005KRART","M3","174","1600000","10","X","KRA","Karanganyar"
"1005KRART","M6","7003","500000","10","X","KRA","Karanganyar"
"1006SRGMM","60","185","1500000","10","X","SRG","Sragen"
"1009BYLRT","60","178","2050000","24","X","BYL","Boyolali"
"1009BYLRT","63","jF12","1799383","10","X","BYL","Boyolali"
"1009BYLRT","M3","0146","300000","10","X","BYL","Boyolali"
"1009BYLRT","M3","0146N","40000","24","X","BYL","Boyolali"
"1010KRART","60","180","500000","24","X","KRA","Karanganyar"
"1010KRART","63","jf01","700000","24","X","KRA","Karanganyar"
"1010KRART","M3","174","1200000","10","X","KRA","Karanganyar"
"1010SLURT","60","180","3000000","24","X","SLU","Solo Utara"
"1010SLURT","63","JF12","1792508","10","X","SLU","Solo Utara"
"1010SLURT","M3","174","3000000","10","X","SLU","Solo Utara"
"1010SLURT","M6","086","1700000","24","X","SLU","Solo Utara"
"1012KRART","63","jf07","500000","10","X","KRA","Karanganyar"
"1013SLSRT","63","jF12","500000","24","X","SLS","Solo Selatan"
"1013SLSRT","ET","","500000","25","X","SLS","Solo Selatan"
"1013SRGRT","60","","500000","10","X","SRG","Sragen"
"1021KRASM","60","188","20000000","30","X","KRA","Karanganyar"
"1021KRASM","63","JF20","204000000","30","X","KRA","Karanganyar"
"1021KRASM","ET","342","5000000","24","X","KRA","Karanganyar"
"1021KRASM","M3","035","100000000","24","X","KRA","Karanganyar"
"1021KRASM","MFB","0370","30000000","30","X","KRA","Karanganyar"
"1021KRASM","MFB","069","121000000","30","X","KRA","Karanganyar"
"1021KRASM","MFB","E001","500000","30","X","KRA","Karanganyar"
"1022SKHSM","60","188","18000000","30","X","SKH","Sukoharjo"
"1022SKHSM","63","jf20","128000000","30","X","SKH","Sukoharjo"
"1022SKHSM","63","jF20","500000","30","X","SKH","Sukoharjo"
"1022SKHSM","ET","340","5000000","24","X","SKH","Sukoharjo"
"1022SKHSM","M3","035","75000000","30","X","SKH","Sukoharjo"
"1022SKHSM","MFB","0366","38000000","30","X","SKH","Sukoharjo"
"1022SKHSM","MFB","0370","15000000","30","X","SKH","Sukoharjo"
"1022SKHSM","MFB","069","107000000","30","X","SKH","Sukoharjo"
"1022SKHSM","MFB","E001","500000","30","X","SKH","Sukoharjo"
"1023KRART","63","jf02","600000","24","X","KRA","Karanganyar"
"1023KRART","ET","","500000","25","X","KRA","Karanganyar"
"1024BYLRT","60","","500000","10","X","BYL","Boyolali"
"1024KRART","63","jF09","500000","24","X","KRA","Karanganyar"
"1025BYLRT","M3","0146","150000","10","X","BYL","Boyolali"
"1025BYLRT","M3","0146N","40000","24","X","BYL","Boyolali"
"1025KRART","ET","","500000","25","X","KRA","Karanganyar"
"1025SKHSM","ET","","10000000","30","X","SKH","Sukoharjo"
"1025SKHSM","MFB","0366","10000000","30","X","SKH","Sukoharjo"
"1025SRGRT","63","jF14","800000","24","X","SRG","Sragen"
"1025SRGRT","MFB","0181","500000","10","X","SRG","Sragen"
"1026KRART","60","178","3700000","10","X","KRA","Karanganyar"
"1026KRART","M3","174","800000","10","X","KRA","Karanganyar"
"1026KRART","M6","070","500000","24","X","KRA","Karanganyar"
"1026KRART","MFB","0380","1000000","24","X","KRA","Karanganyar"
"1026KRART","MFB","1109","500000","24","x","KRA","Karanganyar"
"1028BYLMM","63","jf05","16000000","10","X","BYL","Boyolali"
"1028BYLMM","ET","340","500000","24","X","BYL","Boyolali"
"1028BYLMM","M3","184","13500000","10","X","BYL","Boyolali"
"1028BYLMM","M6","093","9300000","21","X","BYL","Boyolali"
"1028BYLMM","MFB","0359","31000000","10","X","BYL","Boyolali"
"1028BYLMM","MFB","0360","7000000","10","X","BYL","Boyolali"
"1028BYLMM","MFB","0365","10000000","10","X","BYL","Boyolali"
"1028BYLMM","MFB","0370","5000000","10","X","BYL","Boyolali"
"1028BYLMM","MFB","E001","500000","10","X","BYL","Boyolali"
"1030SLURT","ET","343","2000000","24","X","SLU","Solo Utara"
"1031KRART","ET","","500000","25","X","KRA","Karanganyar"
"1032SLSRT","ET","341","250000","25","X","SLS","Solo Selatan"
"1033SLUSW","63","jF02","6921050","24","X","SLU","Solo Utara"
"1034SLSSW","63","JF12","6850699","24","X","SLS","Solo Selatan"
"1034SLSSW","ET","017","2500000","10","X","SLS","Solo Selatan"
"1035SLSSW","M6","","40000000","60","X","SLS","Solo Selatan"
"1038GMLRT","60","188","500000","10","X","GML","Gemolong"
"1038GMLRT","63","jf05","6690292","24","X","GML","Gemolong"
"1038GMLRT","M3","035","7850000","10","X","GML","Gemolong"
"1038GMLRT","M6","086","2800000","10","X","GML","Gemolong"
"1038GMLRT","MFB","0366","800000","10","X","GML","Gemolong"
"1038GMLRT","MFB","0370","850000","10","X","GML","Gemolong"
"1038GMLRT","MFB","069","500000","10","X","GML","Gemolong"
"1038GMLRT","MFB","E001","500000","10","X","GML","Gemolong"
"1039GMLRT","63","jF08","3300000","24","X","GML","Gemolong"
"1040KRART","63","jF09","500000","10","x","KRA","Karanganyar"
"1041SLSRT","63","jf05","5000000","1","X","SLS","Solo Selatan"
"1042KRART","63","jF11","500000","24","X","KRA","Karanganyar"
"1042SRGRT","60","","500000","10","X","SRG","Sragen"
"1042SRGRT","63","jF14","25500000","24","X","SRG","Sragen"
"1042SRGRT","ET","341","7500000","24","X","SRG","Sragen"
"1044SLSRT","60","178","600000","10","X","SLS","Solo Selatan"
"1044SLSRT","63","jF16","900000","10","X","SLS","Solo Selatan"
"1044SLSRT","MFB","0364","500000","10","X","SLS","Solo Selatan"
"1046BYLRT","60","199","500000","10","X","BYL","Boyolali"
"1046BYLRT","63","jF15","612617","24","X","BYL","Boyolali"
"1046BYLRT","ET","","750000","25","X","BYL","Boyolali"
"1046BYLRT","M3","","800000","10","X","BYL","Boyolali"
"1046BYLRT","M6","","600000","25","X","BYL","Boyolali"
"1046BYLRT","MFB","","1000000","10","X","BYL","Boyolali"
"1046SLSRT","ET","","500000","25","X","SLS","Solo Selatan"
"1046SLURT","63","jF02","1421058","24","X","SLU","Solo Utara"
"1046SLURT","ET","343","550000","24","X","SLU","Solo Utara"
"1046SLURT","M6","070","600000","24","X","SLU","Solo Utara"
"1046SLURT","M6","7003","600000","24","X","SLU","Solo Utara"
"1046SLURT","MFB","0364","500000","25","X","SLU","Solo Utara"
"1049BYLRT","60","179","1050000","24","X","BYL","Boyolali"
"1049BYLRT","63","jF05","1315458","10","X","BYL","Boyolali"
"1049BYLRT","M6","7003","600000","24","X","BYL","Boyolali"
"1051SLSRT","ET","341","800000","24","X","SLS","Solo Selatan"
"1051SLURT","60","","500000","10","X","SLU","Solo Utara"
"1051SLURT","ET","","2000000","25","X","SLU","Solo Utara"
"1051SLURT","MFB","0364","700000","10","X","SLU","Solo Utara"
"1052SKHRT","ET","341","500000","24","X","SKH","Sukoharjo"
"1054KRAMM","ET","","500000","25","X","KRA","Karanganyar"
"1054SRGRT","63","jf08","1000000","10","X","SRG","Sragen"
"1055KRAMM","63","jF18","13000000","10","X","KRA","Karanganyar"
"1055KRAMM","ET","342","1300000","25","X","KRA","Karanganyar"
"1055KRAMM","M3","035","4500000","10","X","KRA","Karanganyar"
"1055KRAMM","M6","093","8000000","24","X","KRA","Karanganyar"
"1055KRAMM","MFB","069","5300000","10","X","KRA","Karanganyar"
"1055KRAMM","MFB","E001","500000","10","x","KRA","Karanganyar"
"1056KRART","60","180","5000000","10","X","KRA","Karanganyar"
"1056KRART","63","jF02","3000000","10","X","KRA","Karanganyar"
"1056KRART","M3","174","5750000","10","X","KRA","Karanganyar"
"1056KRART","M6","086","5100000","24","X","KRA","Karanganyar"
"1056KRART","MFB","078","13000000","10","X","KRA","Karanganyar"
"1056KRART","MFB","1109","500000","10","X","KRA","Karanganyar"
"1056SLURT","63","jF09","1500000","10","X","SLU","Solo Utara"
"1056SLURT","ET","","500000","25","X","SLU","Solo Utara"
"1056SLURT","MFB","0233","1000000","25","X","SLU","Solo Utara"
"1058SLSRT","63","jf11","400000","24","X","SLS","Solo Selatan"
"1059KRART","ET","","500000","25","X","KRA","Karanganyar"
"1059SKHRT","60","193","10800000","24","X","SKH","Sukoharjo"
"1059SKHRT","63","jf12","1200000","24","X","SKH","Sukoharjo"
"1059SKHRT","M3","190","5200000","10","X","SKH","Sukoharjo"
"1059SKHRT","MFB","190","500000","10","X","SKH","Sukoharjo"
"1063SLSRT","60","193","4500000","24","X","SLS","Solo Selatan"
"1063SLSRT","63","JF07","3200000","24","X","SLS","Solo Selatan"
"1063SLSRT","M3","190","2500000","24","X","SLS","Solo Selatan"
"1063srgrt","63","","2714567","10","X","SRG","Sragen"
"1065BYLRT","ET","","1.25","25","X","BYL","Boyolali"
"1065SLURT","60","179","1800000","25","X","SLU","Solo Utara"
"1065SLURT","63","jf11","4400000","24","X","SLU","Solo Utara"
"1065SLURT","M3","190","4000000","10","X","SLU","Solo Utara"
"1065SLURT","MFB","0380","600000","25","X","SLU","Solo Utara"
"1066SLURT","60","193","2800000","10","X","SLU","Solo Utara"
"1066SLURT","M3","","500000","10","X","SLU","Solo Utara"
"1068SLURT","63","jF02","800000","24","X","SLU","Solo Utara"
"1068SLURT","MFB","0233","500000","25","X","SLU","Solo Utara"
"1071KRART","63","jF02","100000","24","X","KRA","Karanganyar"
"1072SLURT","60","178","950000","25","X","SLU","Solo Utara"
"1072SLURT","63","jf16","530067","24","X","SLU","Solo Utara"
"1072SLURT","M3","0146","200000","10","X","SLU","Solo Utara"
"1072SLURT","M3","0146N","40000","24","X","SLU","Solo Utara"
"1073BYLRT","63","jF15","1800000","24","X","BYL","Boyolali"
"1073BYLRT","M6","7003","1000000","10","X","BYL","Boyolali"
"1074KTSRT","60","","500000","10","X","KTS","Kartosuro"
"1074KTSRT","ET","","500000","25","X","KTS","Kartosuro"
"1075KRART","63","JF11","800000","24","X","KRA","Karanganyar"
"1075KRART","M6","7003","500000","10","X","KRA","Karanganyar"
"1075KTSRT","ET","","500000","25","X","KTS","Kartosuro"
"1075KTSRT","M3","0146","250000","10","X","KTS","Kartosuro"
"1075KTSRT","M3","0146N","40000","24","X","KTS","Kartosuro"
"1075SLSRT","ET","343","500000","24","X","SLS","Solo Selatan"
"1075SLSRT","M3","035","900000","24","X","SLS","Solo Selatan"
"1076BYLRT","63","JF11","567633","24","X","BYL","Boyolali"
"1076BYLRT","M6","7003","500000","24","X","BYL","Boyolali"
"1077SLSRT","MFB","0233","500000","10","X","SLS","Solo Selatan"
"1078SLSRT","MFB","0233","500000","10","X","SLS","Solo Selatan"
"1079KRART","ET","","500000","25","X","KRA","Karanganyar"
"1079KTSRT","ET","","500000","25","X","KTS","Kartosuro"
"1080KTSRT","MFB","0233","1.25","10","X","KTS","Kartosuro"
"1081BYLRT","63","jF12","300000","24","X","BYL","Boyolali"
"1081SLSRT","ET","343","500000","24","","SLS","Solo Selatan"
"1082KTSRT","MFB","0233","500000","10","X","KTS","Kartosuro"
"1082SLSRT","ET","341","2500000","24","X","SLS","Solo Selatan"
"1085SLSRT","ET","343","500000","25","X","SLS","Solo Selatan"
"1086SKHRT","60","178","500000","25","X","SKH","Sukoharjo"
"1086SKHRT","63","jf15","2224450","10","X","SKH","Sukoharjo"
"1086SKHRT","ET","342","1000000","24","X","SKH","Sukoharjo"
"1086SKHRT","M3","174","800000","10","X","SKH","Sukoharjo"
"1086SKHRT","M6","7003","600000","24","X","SKH","Sukoharjo"
"1086SKHRT","MFB","078","350000","25","X","SKH","Sukoharjo"
"1086SLURT","MFB","0364","500000","24","X","SLU","Solo Utara"
"1086SLURT","MFB","0366","2900000","24","X","SLU","Solo Utara"
"1087BYLRT","M3","0146","500000","10","X","BYL","Boyolali"
"1087BYLRT","M3","0146N","40000","24","X","BYL","Boyolali"
"1089KRART","ET","","500000","25","X","KRA","Karanganyar"
"1090BYLRT","63","jf03","10700000","24","X","BYL","Boyolali"
"1090BYLRT","ET","343","2300000","24","X","BYL","Boyolali"
"1092BYLRT","63","JF11","1200000","24","X","BYL","Boyolali"
"1093KRART","60","180","1550000","24","X","KRA","Karanganyar"
"1093KRART","63","JF16","2219633","10","X","KRA","Karanganyar"
"1093KRART","ET","","500000","24","X","KRA","Karanganyar"
"1093KRART","M3","174","5400000","10","X","KRA","Karanganyar"
"1093KRART","M6","070","800000","10","X","KRA","Karanganyar"
"1093KRART","MFB","078","800000","24","X","KRA","Karanganyar"
"1094SLURT","63","jF11","500000","24","X","SLU","Solo Utara"
"1095KRART","ET","","500000","25","X","KRA","Karanganyar"
"1095SLSRT","60","185","1250000","24","X","SLS","Solo Selatan"
"1095SLSRT","M3","190","800000","10","X","SLS","Solo Selatan"
"1096SRGRT","60","181","2800000","24","X","SRG","Sragen"
"1096SRGRT","63","","1000000","10","X","SRG","Sragen"
"1096SRGRT","ET","","1.25","24","X","SRG","Sragen"
"1096SRGRT","M3","067","1950000","24","X","SRG","Sragen"
"1096SRGRT","M6","086","1600000","24","X","SRG","Sragen"
"1096SRGRT","MFB","0112","9200000","24","X","SRG","Sragen"
"1096SRGRT","MFB","1100","500000","24","X","SRG","Sragen"
"1098KRART","ET","","500000","25","X","KRA","Karanganyar"
"1098SLSRT","60","178","1000000","25","X","SLS","Solo Selatan"
"1098SLSRT","M3","190","500000","24","X","SLS","Solo Selatan"
"1098SLSRT","MFB","0233","500000","25","X","SLS","Solo Selatan"
"1098SLSRT","MFB","175","850000","24","X","SLS","Solo Selatan"
"1099BYLRT","63","","500000","10","X","BYL","Boyolali"
"1099BYLRT","ET","","750000","25","X","BYL","Boyolali"
"1101BYLRT","63","jF13","600000","10","X","BYL","Boyolali"
"1101BYLRT","ET","","500000","25","X","BYL","Boyolali"
"1101BYLRT","M3","","600000","10","X","BYL","Boyolali"
"1101BYLRT","M6","7003","1000000","24","X","BYL","Boyolali"
"1101SRGRT","M3","067","9700000","1","X","SRG","Sragen"
"1101SRGRT","M6","086","1500000","10","X","SRG","Sragen"
"1102GMLRT","60","181","3100000","24","X","GML","Gemolong"
"1102GMLRT","63","jF08","5442058","24","X","GML","Gemolong"
"1103BYLRT","63","jF05","500000","24","X","BYL","Boyolali"
"1103SLSRT","60","178","600000","24","X","SLS","Solo Selatan"
"1103SLSRT","63","jF05","500000","10","X","SLS","Solo Selatan"
"1103SRGRT","60","0","500000","10","X","SRG","Sragen"
"1103SRGRT","63","jF10","1000000","10","X","SRG","Sragen"
"1103SRGRT","MFB","502","300000","10","X","SRG","Sragen"
"1105BYLRT","63","JF16","1000000","24","X","BYL","Boyolali"
"1106SLURT","MFB","078","850000","25","X","SLU","Solo Utara"
"1108BYLRT","M3","0146","250000","10","","BYL","Boyolali"
"1108BYLRT","M3","0146N","40000","24","","BYL","Boyolali"
"1111BYLRT","MFB","0233","700000","10","X","BYL","Boyolali"
"1111KRART","ET","","500000","25","X","KRA","Karanganyar"
"1111KRART","MFB","","500000","10","X","KRA","Karanganyar"
"1111SLURT","63","0001","100000","10","X","SLU","Solo Utara"
"1111SLURT","M3","0001","200000","10","X","SLU","Solo Utara"
"1111SLURT","M6","0001","150000","10","X","SLU","Solo Utara"
"1111SLURT","MFB","0001","200000","10","X","SLU","Solo Utara"
"1112KRART","ET","341","600000","25","X","KRA","Karanganyar"
"1114SLSRT","60","178","2800000","10","X","SLS","Solo Selatan"
"1114SLSRT","ET","","500000","25","X","SLS","Solo Selatan"
"1114SLSRT","M3","502","300000","10","X","SLS","Solo Selatan"
"1114SLSRT","M3","502N","40000","24","X","SLS","Solo Selatan"
"1114SLSRT","MFB","0233","500000","10","X","SLS","Solo Selatan"
"1115SLSRT","63","jf13","1000000","10","","SLS","Solo Selatan"
"1115SLURT","ET","","500000","25","X","SLU","Solo Utara"
"1115SLURT","MFB","0233","1000000","25","X","SLU","Solo Utara"
"1116SRGRT","63","JF10","650000","24","X","SRG","Sragen"
"1121KRART","ET","","500000","25","X","KRA","Karanganyar"
"1121KTSRT","ET","","1500000","25","X","KTS","Kartosuro"
"1121KTSRT","MFB","0233","500000","10","X","KTS","Kartosuro"
"1121SRGRT","MFB","0181","1400000","10","X","SRG","Sragen"
"1122BYLRT","60","178","850000","24","X","BYL","Boyolali"
"1122BYLRT","M3","","500000","10","X","BYL","Boyolali"
"1122KRART","ET","","500000","25","X","KRA","Karanganyar"
"1122SRGRT","63","","500000","10","X","SRG","Sragen"
"1125SLSRT","ET","343","500000","24","","SLS","Solo Selatan"
"1129BYLRT","60","","500000","10","X","BYL","Boyolali"
"1129BYLRT","63","jF01","500000","10","X","BYL","Boyolali"
"1129BYLRT","ET","343","500000","25","X","BYL","Boyolali"
"1129KRART","60","180","500000","25","X","KRA","Karanganyar"
"1129KRART","MFB","078","450000","25","X","KRA","Karanganyar"
"1131BYLRT","60","0","600000","10","X","BYL","Boyolali"
"1131BYLRT","63","jf05","700000","24","X","BYL","Boyolali"
"1140SRGRT","ET","","500000","25","X","SRG","Sragen"
"1142SRGRT","60","193","2200000","10","X","SRG","Sragen"
"1142SRGRT","63","jF14","5036733","10","X","SRG","Sragen"
"1142SRGRT","ET","341","500000","24","X","SRG","Sragen"
"1142SRGRT","M3","067","7300000","10","X","SRG","Sragen"
"1142SRGRT","M6","086","1500000","24","X","SRG","Sragen"
"1142SRGRT","MFB","0112","3600000","10","X","SRG","Sragen"
"1142SRGRT","MFB","1100","500000","10","X","SRG","Sragen"
"1142SRGRT","MFB","189","500000","10","X","SRG","Sragen"
"1144SLURT","MFB","2331","500000","25","X","SLU","Solo Utara"
"1145KRART","ET","","500000","25","X","KRA","Karanganyar"
"1145SKHRT","63","JF02","500000","10","X","SKH","Sukoharjo"
"1145SRGRT","60","181","700000","24","X","SRG","Sragen"
"1146SLURT","M3","","500000","10","X","SLU","Solo Utara"
"1147SRGRT","ET","341","700000","25","X","SRG","Sragen"
"1148KRART","63","jF12","1770100","24","X","KRA","Karanganyar"
"1148KRART","ET","","500000","25","X","KRA","Karanganyar"
"1148KRART","M3","0146","500000","10","X","KRA","Karanganyar"
"1148KRART","M3","0146N","40000","24","X","KRA","Karanganyar"
"1149KRART","ET","","500000","25","X","KRA","Karanganyar"
"1149KRART","MFB","078","900000","25","X","KRA","Karanganyar"
"1149SLSRT","63","jF12","4700000","24","X","SLS","Solo Selatan"
"1153KRART","60","180","1300000","24","X","KRA","Karanganyar"
"1153KRART","63","jf02","500000","10","X","KRA","Karanganyar"
"1153KRART","M3","174","1200000","10","X","KRA","Karanganyar"
"1153KRART","MFB","078","5500000","10","X","KRA","Karanganyar"
"1153KRART","MFB","1109","4200000","10","X","KRA","Karanganyar"
"1155BYLRT","60","193","15000000","10","X","BYL","Boyolali"
"1155BYLRT","63","jf09","9600000","24","X","BYL","Boyolali"
"1155BYLRT","M6","7003","500000","10","X","BYL","Boyolali"
"1155BYLRT","MFB","175","9500000","24","X","BYL","Boyolali"
"1155KRART","63","JF09","1500000","24","X","KRA","Karanganyar"
"1159SLSRT","63","jF03","500000","10","X","SLS","Solo Selatan"
"1159SRGRT","60","188","1900000","10","X","SRG","Sragen"
"1159SRGRT","63","jf08","6655500","10","X","SRG","Sragen"
"1159SRGRT","M3","035","8600000","24","X","SRG","Sragen"
"1159SRGRT","M6","093","10000000","24","X","SRG","Sragen"
"1159SRGRT","MFB","069","600000","24","X","SRG","Sragen"
"1159SRGRT","MFB","E001","500000","24","X","SRG","Sragen"
"1160BYLRT","60","178","1050000","24","X","BYL","Boyolali"
"1160BYLRT","63","jF12","1100000","24","X","BYL","Boyolali"
"1160SLSRT","63","jf12","2200000","24","X","SLS","Solo Selatan"
"1161SKHRT","ET","341","2500000","24","X","SKH","Sukoharjo"
"1162SLURT","63","","500000","24","X","SLU","Solo Utara"
"1162SRGRT","M6","","750000","10","","SRG","Sragen"
"1163SLURT","63","jF02","500000","24","X","SLU","Solo Utara"
"1163SLURT","ET","","500000","25","X","SLU","Solo Utara"
"1163SLURT","MFB","0233","2000000","10","X","SLU","Solo Utara"
"1164SRGRT","ET","341","600000","25","X","SRG","Sragen"
"1170SLSRT","M3","190","750000","24","X","SLS","Solo Selatan"
"1171BYLRT","63","","500000","10","X","BYL","Boyolali"
"1171SLURT","ET","343","3500000","25","X","SLU","Solo Utara"
"1174SRGRT","60","181","1100000","10","X","SRG","Sragen"
"1174SRGRT","M3","067","6250000","24","X","SRG","Sragen"
"1174SRGRT","M6","086","1800000","24","X","SRG","Sragen"
"1174SRGRT","MFB","0112","16000000","10","X","SRG","Sragen"
"1174SRGRT","MFB","0181","700000","10","X","SRG","Sragen"
"1176SRGSW","60","181","8000000","24","X","SRG","Sragen"
"1176SRGSW","MFB","0181","2700000","10","X","SRG","Sragen"
"1177BYLRT","60","199","500000","10","X","BYL","Boyolali"
"1177BYLRT","63","jF03","500000","10","X","BYL","Boyolali"
"1177BYLRT","ET","340","500000","10","x","BYL","Boyolali"
"1177SLURT","60","","500000","10","X","SLU","Solo Utara"
"1181BYLMM","60","199","2500000","10","X","BYL","Boyolali"
"1181BYLMM","63","jF03","4618625","24","X","BYL","Boyolali"
"1181BYLMM","ET","340","2000000","24","X","BYL","Boyolali"
"1181BYLMM","M3","184","1500000","10","X","BYL","Boyolali"
"1181BYLMM","M6","102","1200000","10","X","BYL","Boyolali"
"1181BYLMM","MFB","0359","5800000","10","X","BYL","Boyolali"
"1181BYLMM","MFB","E001","500000","10","x","BYL","Boyolali"
"1182BYLRT","63","jf05","600000","24","X","BYL","Boyolali"
"1182BYLRT","M6","","600000","10","X","BYL","Boyolali"
"1182SLSMM","63","jf01","3100000","10","X","SLS","Solo Selatan"
"1182SLSMM","ET","342","1100000","24","X","SLS","Solo Selatan"
"1182SLSMM","M6","7003","800000","10","X","SLS","Solo Selatan"
"1182SLSMM","MFB","0233","500000","10","X","SLS","Solo Selatan"
"1182SLSMM","MFB","0359","600000","10","X","SLS","Solo Selatan"
"1182SLSMM","MFB","E001","500000","10","X","SLS","Solo Selatan"
"1190SLURT","M3","502","300000","10","X","SLU","Solo Utara"
"1190SLURT","M3","502N","40000","24","X","SLU","Solo Utara"
"1191SLURT","M3","502","300000","10","X","SLU","Solo Utara"
"1191SLURT","M3","502N","40000","24","X","SLU","Solo Utara"
"1191SRGRT","63","jf08","2000000","24","X","SRG","Sragen"
"1195SRGAP","MFB","1100","500000","24","x","SRG","Sragen"
"1196GMLRT","60","","1.25","25","X","GML","Gemolong"
"1196GMLRT","MFB","502","300000","25","X","GML","Gemolong"
"1199BYLRT","60","179","1250000","10","X","BYL","Boyolali"
"1199BYLRT","63","jf11","702733","10","X","BYL","Boyolali"
"1199SKHRT","M3","190","500000","10","X","SKH","Sukoharjo"
"1199SRGRT","63","jF08","1152575","10","X","SRG","Sragen"
"1199SRGRT","ET","","500000","25","X","SRG","Sragen"
"1199SRGRT","M3","","300000","10","X","SRG","Sragen"
"1199SRGRT","MFB","0181","500000","25","X","SRG","Sragen"
"1200GMLRT","ET","","500000","25","X","GML","Gemolong"
"1200GMLRT","MFB","0112","9300000","24","X","GML","Gemolong"
"1201KRART","ET","","500000","25","X","KRA","Karanganyar"
"1201SLSRT","MFB","0364","750000","10","X","SLS","Solo Selatan"
"1201SLSRT","MFB","0366","500000","10","","SLS","Solo Selatan"
"1201SLURT","60","0001","100000","10","X","SLU","Solo Utara"
"1201SLURT","63","0001","500000","24","X","SLU","Solo Utara"
"1201SLURT","ET","0001","500000","10","X","SLU","Solo Utara"
"1201SLURT","M3","0001","500000","24","X","SLU","Solo Utara"
"1201SLURT","MFB","0001","200000","10","X","SLU","Solo Utara"
"1202SLURT","63","JF02","700000","24","X","SLU","Solo Utara"
"1202SRGRT","60","","1000000","10","X","SRG","Sragen"
"1202SRGRT","63","JF10","1023625","10","X","SRG","Sragen"
"1202SRGRT","ET","","500000","25","X","SRG","Sragen"
"1203SLURT","60","179","650000","24","X","SLU","Solo Utara"
"1203SLURT","M3","0146","500000","10","X","SLU","Solo Utara"
"1203SLURT","M3","0146N","40000","24","X","SLU","Solo Utara"
"1204KRART","ET","","500000","25","X","KRA","Karanganyar"
"1204KRART","M6","","500000","25","X","KRA","Karanganyar"
"1204SLURT","60","185","600000","24","X","SLU","Solo Utara"
"1207KRART","ET","","500000","25","X","KRA","Karanganyar"
"1211BYLRT","60","179","3700000","25","X","BYL","Boyolali"
"1211BYLRT","ET","","500000","25","X","BYL","Boyolali"
"1211BYLRT","MFB","0233","1500000","25","X","BYL","Boyolali"
"1211BYLRT","MFB","175","1850000","10","X","BYL","Boyolali"
"1211SLSRT","63","098","500000","10","","SLS","Solo Selatan"
"1211SRGRT","60","185","700000","1","X","SRG","Sragen"
"1211SRGRT","63","jf10","750000","1","X","SRG","Sragen"
"1212BYLRT","63","","500000","10","X","BYL","Boyolali"
"1217KTSRT","60","","500000","10","X","KTS","Kartosuro"
"1217KTSRT","ET","","500000","25","X","KTS","Kartosuro"
"1217KTSRT","MFB","190","200000","10","X","KTS","Kartosuro"
"1218KRASW","63","jF02","1400000","24","X","KRA","Karanganyar"
"1218KRASW","ET","341","1000000","25","X","KRA","Karanganyar"
"1218KRASW","M3","174","1100000","10","X","KRA","Karanganyar"
"1218KRASW","MFB","078","1350000","25","X","KRA","Karanganyar"
"1220KRART","60","180","1200000","24","X","KRA","Karanganyar"
"1220KRART","M6","7003","500000","24","X","KRA","Karanganyar"
"1223KRART","60","","500000","25","X","KRA","Karanganyar"
"1223KRART","63","","500000","10","X","KRA","Karanganyar"
"1226SLSRT","60","178","500000","24","X","SLS","Solo Selatan"
"1226SLSRT","63","JF16","500000","24","X","SLS","Solo Selatan"
"1226SLSRT","M3","190","500000","24","X","SLS","Solo Selatan"
"1230BYLRT","60","199","1000000","10","X","BYL","Boyolali"
"1230BYLRT","63","jF03","5673050","24","X","BYL","Boyolali"
"1230BYLRT","M3","184","1650000","10","X","BYL","Boyolali"
"1230BYLRT","MFB","0359","1300000","10","X","BYL","Boyolali"
"1230BYLRT","MFB","0365","2500000","10","X","BYL","Boyolali"
"1230BYLRT","MFB","E001","500000","10","X","BYL","Boyolali"
"1230SLUKO","ET","","500000","25","X","SLU","Solo Utara"
"1230SLUKO","MFB","","500000","10","X","SLU","Solo Utara"
"1231SRGRT","M3","","13000000","10","X","SRG","Sragen"
"1231SRGRT","M3","N","40000","24","X","SRG","Sragen"
"1232SRGRT","60","181","2450000","10","X","SRG","Sragen"
"1232SRGRT","MFB","0112","7200000","25","X","SRG","Sragen"
"1234SLURT","M3","172","10000000","10","X","SLU","Solo Utara"
"1235KRART","63","jF07","1150708","24","X","KRA","Karanganyar"
"1235SLSRT","63","","500000","10","X","SLS","Solo Selatan"
"1235SRGRT","M3","","600000","10","X","SRG","Sragen"
"1236KRART","60","180","500000","24","X","KRA","Karanganyar"
"1236SKHRT","60","199","2500000","10","X","SKH","Sukoharjo"
"1236SKHRT","63","jF16","2500000","24","X","SKH","Sukoharjo"
"1236SKHRT","ET","","500000","25","X","SKH","Sukoharjo"
"1236SKHRT","M6","","700000","25","X","SKH","Sukoharjo"
"1236SRGMM","ET","","500000","25","","SRG","Sragen"
"1236SRGMM","M6","","500000","10","","SRG","Sragen"
"1241SLSRT","63","JF13","750000","10","X","SLS","Solo Selatan"
"1241SRGRT","60","180","650000","25","X","SRG","Sragen"
"1241SRGRT","63","jF02","1200000","10","X","SRG","Sragen"
"1241SRGRT","M3","174","950000","10","X","SRG","Sragen"
"1241SRGRT","M6","070","700000","10","X","SRG","Sragen"
"1241SRGRT","MFB","078","4000000","25","X","SRG","Sragen"
"1244BYLRT","63","JF15","500000","24","X","BYL","Boyolali"
"1245BYLRT","63","JF11","500000","24","X","BYL","Boyolali"
"1245BYLRT","M6","7003","500000","24","X","BYL","Boyolali"
"1245KRART","63","","1000000","10","X","KRA","Karanganyar"
"1246KRART","63","","500000","10","X","KRA","Karanganyar"
"1246KRART","ET","","500000","25","X","KRA","Karanganyar"
"1246SLURT","63","jF03","4200000","24","X","SLU","Solo Utara"
"1246SLURT","M3","067","500000","1","X","SLU","Solo Utara"
"1247KRART","ET","","500000","25","X","KRA","Karanganyar"
"1248SLSRT","ET","","1600000","25","X","SLS","Solo Selatan"
"1248SRGMM","60","181","700000","24","X","SRG","Sragen"
"1248SRGMM","63","JF14","8764708","24","X","SRG","Sragen"
"1248SRGMM","ET","341","500000","24","X","SRG","Sragen"
"1248SRGMM","M3","067","1800000","24","X","SRG","Sragen"
"1248SRGMM","M6","086","1600000","24","X","SRG","Sragen"
"1248SRGMM","MFB","0112","9000000","24","X","SRG","Sragen"
"1248SRGMM","MFB","0181","200000","24","X","SRG","Sragen"
"1248SRGMM","MFB","1100","500000","24","X","SRG","Sragen"
"1252KRART","60","178","1300000","24","X","KRA","Karanganyar"
"1252KRART","63","jF05","900000","24","X","KRA","Karanganyar"
"1252KRART","ET","","2.5","24","X","KRA","Karanganyar"
"1252KRART","M6","070","650000","24","X","KRA","Karanganyar"
"1252KRART","MFB","078","500000","24","X","KRA","Karanganyar"
"1252SLSRT","63","","500000","24","X","SLS","Solo Selatan"
"1252SLURT","63","jF09","500000","10","X","SLU","Solo Utara"
"1253BYLRT","ET","","500000","25","X","BYL","Boyolali"
"1253SKHRT","60","199","500000","10","X","SKH","Sukoharjo"
"1253SKHRT","63","jf02","10800000","10","X","SKH","Sukoharjo"
"1253SKHRT","ET","342","600000","24","X","SKH","Sukoharjo"
"1253SKHRT","M3","184","1500000","10","X","SKH","Sukoharjo"
"1253SKHRT","M6","7003","1800000","10","X","SKH","Sukoharjo"
"1253SKHRT","MFB","0359","10000000","10","X","SKH","Sukoharjo"
"1253SKHRT","MFB","0365","9650000","10","X","SKH","Sukoharjo"
"1253SKHRT","MFB","E001","500000","10","X","SKH","Sukoharjo"
"1254KRART","60","185","500000","24","X","KRA","Karanganyar"
"1254KTSRT","M6","","1500000","28","X","KTS","Kartosuro"
"1254SLSRRT","63","","1970350","10","X","SLS","Solo Selatan"
"1254SLSRRT","M6","","500000","10","X","SLS","Solo Selatan"
"1254SLURT","63","jF12","69600000","24","X","SLU","Solo Utara"
"1254SLURT","ET","","10250000","25","X","SLU","Solo Utara"
"1254SRGRT","63","jF17","1200000","24","X","SRG","Sragen"
"1254SRGRT","MFB","0181","500000","25","X","SRG","Sragen"
"1255KRART","60","180","600000","10","X","KRA","Karanganyar"
"1255KRART","ET","341","500000","24","X","KRA","Karanganyar"
"1255KRART","M3","174","1100000","10","X","KRA","Karanganyar"
"1255KRART","MFB","078","850000","24","X","KRA","Karanganyar"
"1255KRART","MFB","1109","500000","24","X","KRA","Karanganyar"
"1256KRART","60","180","700000","10","X","KRA","Karanganyar"
"1256KRART","63","JF15","850000","24","X","KRA","Karanganyar"
"1256KRART","M3","174","1750000","10","X","KRA","Karanganyar"
"1256KRART","M6","070","500000","24","X","KRA","Karanganyar"
"1256KRART","MFB","078","800000","24","X","KRA","Karanganyar"
"1256KRART","MFB","1109","500000","24","X","KRA","Karanganyar"
"1256SLSRT","63","jF16","2200000","10","X","SLS","Solo Selatan"
"1256SLSRT","M3","190","1700000","24","X","SLS","Solo Selatan"
"1256SLSRT","M6","7003","2600000","24","X","SLS","Solo Selatan"
"1256SLSRT","MFB","0233","500000","25","X","SLS","Solo Selatan"
"1256SLSRT","MFB","175","1500000","25","X","SLS","Solo Selatan"
"1256SLURT","M3","","6000000","10","X","SLU","Solo Utara"
"1256SLURT","M3","0146","10500000","10","X","SLU","Solo Utara"
"1256SLURT","M3","0146N","40000","24","X","SLU","Solo Utara"
"1256SLURT","M3","N","40000","24","X","SLU","Solo Utara"
"1256SLURT","MFB","","750000","10","X","SLU","Solo Utara"
"1259SLSMM","60","199","500000","10","X","SLS","Solo Selatan"
"1259SLSMM","63","jf18","2252582","24","X","SLS","Solo Selatan"
"1259SLSMM","ET","342","1500000","10","X","SLS","Solo Selatan"
"1259SLSMM","M3","184","2000000","24","X","SLS","Solo Selatan"
"1259SLSMM","M6","070","2000000","24","X","SLS","Solo Selatan"
"1259SLSMM","MFB","0365","1000000","24","X","SLS","Solo Selatan"
"1259SLURT","60","180","500000","25","X","SLU","Solo Utara"
"1259SLURT","MFB","078","300000","25","X","SLU","Solo Utara"
"1261SRGRT","63","jf14","1500000","24","X","SRG","Sragen"
"1262SLURT","60","111","6000000","30","X","SLU","Solo Utara"
"1262SLURT","ET","0001","500000","24","X","SLU","Solo Utara"
"1264SRGRT","63","jf08","1550442","24","X","SRG","Sragen"
"1266KRART","60","180","500000","24","X","KRA","Karanganyar"
"1266KRART","63","JF12","700000","24","X","KRA","Karanganyar"
"1266KRART","ET","341","500000","24","x","KRA","Karanganyar"
"1266KRART","M3","174","500000","10","X","KRA","Karanganyar"
"1266KRART","MFB","078","500000","24","X","KRA","Karanganyar"
"1266SRGMM","63","jF17","709517","24","X","SRG","Sragen"
"1267SLURT","ET","343","800000","24","X","SLU","Solo Utara"
"1268KTSRT","MFB","0233","700000","10","X","KTS","Kartosuro"
"1270SLSMM","63","JF03","1227021","24","X","SLS","Solo Selatan"
"1270SLSMM","ET","343","500000","24","X","SLS","Solo Selatan"
"1273BYLRT","63","jf15","500000","24","X","BYL","Boyolali"
"1276BYLRT","60","179","700000","25","X","BYL","Boyolali"
"1276BYLRT","MFB","175","8500000","25","X","BYL","Boyolali"
"1277SRGRT","63","jF14","500000","24","X","SRG","Sragen"
"1278SKHRT","M6","7003","700000","10","X","SKH","Sukoharjo"
"1278SLSRT","ET","","500000","10","X","SLS","Solo Selatan"
"1278SRGRT","M3","","300000","10","X","SRG","Sragen"
"1278SRGRT","M3","0146","17500000","10","X","SRG","Sragen"
"1278SRGRT","M3","0146N","40000","24","X","SRG","Sragen"
"1278SRGRT","M3","N","40000","24","X","SRG","Sragen"
"1279SLURT","60","179","4000000","25","X","SLU","Solo Utara"
"1279SLURT","M3","190","1000000","10","X","SLU","Solo Utara"
"1279SLURT","MFB","175","1300000","25","X","SLU","Solo Utara"
"1280SLSRT","63","jF16","500000","24","X","SLS","Solo Selatan"
"1280SLSRT","MFB","0380","500000","25","X","SLS","Solo Selatan"
"1281SLSRT","60","178","500000","24","X","SLS","Solo Selatan"
"1281SLSRT","63","jf16","1200000","24","X","SLS","Solo Selatan"
"1281SLSRT","ET","343","500000","25","X","SLS","Solo Selatan"
"1283SKHRT","60","180","600000","24","X","SKH","Sukoharjo"
"1283SKHRT","63","jF09","4000000","10","X","SKH","Sukoharjo"
"1283SKHRT","M3","174","550000","10","X","SKH","Sukoharjo"
"1283SKHRT","M6","7003","750000","10","X","SKH","Sukoharjo"
"1283SKHRT","MFB","078","500000","24","X","SKH","Sukoharjo"
"1285BYLRT","60","179","5800000","24","X","BYL","Boyolali"
"1285BYLRT","63","jF09","600000","24","X","BYL","Boyolali"
"1285BYLRT","MFB","0233","500000","10","X","BYL","Boyolali"
"1286SRGMM","60","181","13400000","24","X","SRG","Sragen"
"1286SRGMM","63","jF14","3925633","24","X","SRG","Sragen"
"1286SRGMM","ET","341","600000","25","X","SRG","Sragen"
"1286SRGMM","M3","067","3750000","10","X","SRG","Sragen"
"1286SRGMM","M6","","1700000","25","X","SRG","Sragen"
"1286SRGMM","MFB","0112","17500000","25","X","SRG","Sragen"
"1286SRGMM","MFB","0181","500000","25","X","SRG","Sragen"
"1286SRGMM","MFB","1109","500000","24","X","SRG","Sragen"
"1288SLSRT","60","179","1900000","10","X","SLS","Solo Selatan"
"1288SLSRT","63","jf09","1349150","10","X","SLS","Solo Selatan"
"1288SLSRT","M6","7003","1500000","10","X","SLS","Solo Selatan"
"1292SLSRT","63","jF16","500000","24","X","SLS","Solo Selatan"
"1292SRGRT","M3","067","1000000","24","X","SRG","Sragen"
"1292SRGSW","60","","1.25","10","X","SRG","Sragen"
"1292SRGSW","63","JF10","2800000","24","X","SRG","Sragen"
"1292SRGSW","ET","","500000","25","X","SRG","Sragen"
"1292SRGSW","M3","067","15500000","24","X","SRG","Sragen"
"1293KRART","63","jF16","500000","24","X","KRA","Karanganyar"
"1294KRART","60","181","3000000","25","X","KRA","Karanganyar"
"1294KRART","63","JF10","1699533","24","X","KRA","Karanganyar"
"1294KRART","ET","","500000","25","X","KRA","Karanganyar"
"1294KRART","M3","067","11500000","24","X","KRA","Karanganyar"
"1294KRART","MFB","0112","2100000","24","X","KRA","Karanganyar"
"1294KRART","MFB","0181","1000000","25","X","KRA","Karanganyar"
"1295KRART","63","JF10","1756817","24","X","KRA","Karanganyar"
"1295KRART","ET","","500000","25","X","KRA","Karanganyar"
"1295KRART","MFB","0181","500000","10","X","KRA","Karanganyar"
"1296SLURT","63","jf18","7187378","24","X","SLU","Solo Utara"
"1296SLURT","ET","","500000","25","X","SLU","Solo Utara"
"1298SLSRT","63","JF03","600000","24","X","SLS","Solo Selatan"
"1300BYLRT","60","179","850000","24","X","BYL","Boyolali"
"1300BYLRT","63","JF11","700000","24","X","BYL","Boyolali"
"1300BYLRT","MFB","0233","500000","10","X","BYL","Boyolali"
"1300KTSRT","ET","341","3000000","24","X","KTS","Kartosuro"
"1301BYLRT","60","178","500000","24","X","BYL","Boyolali"
"1301BYLRT","63","jF16","500000","24","X","BYL","Boyolali"
"1302BYLRT","63","jf11","500000","24","X","BYL","Boyolali"
"1302BYLRT","M3","190","2500000","24","X","BYL","Boyolali"
"1302BYLRT","M6","7003","800000","24","X","BYL","Boyolali"
"1302BYLRT","MFB","0233","550000","24","X","BYL","Boyolali"
"1302GMLRT","63","jf05","1800000","24","X","GML","Gemolong"
"1304KRART","60","180","800000","25","X","KRA","Karanganyar"
"1304KRART","63","jF02","4350800","10","X","KRA","Karanganyar"
"1304KRART","ET","341","600000","25","X","KRA","Karanganyar"
"1304KRART","M3","174","950000","10","X","KRA","Karanganyar"
"1304KRART","M6","086","1800000","10","X","KRA","Karanganyar"
"1304KRART","MFB","078","3000000","25","X","KRA","Karanganyar"
"1306SLSRT","60","193","10000000","10","X","SLS","Solo Selatan"
"1306SLSRT","M3","067","500000","10","X","SLS","Solo Selatan"
"1307KRART","M3","","500000","24","X","KRA","Karanganyar"
"1307SLSRT","63","jf05","751517","10","X","SLS","Solo Selatan"
"1307SLURT","63","JF11","500000","10","X","SLU","Solo Utara"
"1308KRAMM","M3","035","30000000","21","X","KRA","Karanganyar"
"1308KRAMM","M6","093","5000000","24","X","KRA","Karanganyar"
"1308KRAMM","MFB","0366","10000000","21","X","KRA","Karanganyar"
"1308KRAMM","MFB","069","27900000","21","X","KRA","Karanganyar"
"1308KRAMM","MFB","E001","500000","10","X","KRA","Karanganyar"
"1308SRGAP","60","185","500000","24","X","SRG","Sragen"
"1308SRGAP","63","jF10","3940717","10","X","SRG","Sragen"
"1308SRGAP","ET","341","500000","24","X","SRG","Sragen"
"1308SRGAP","M3","190","3200000","24","X","SRG","Sragen"
"1308SRGAP","MFB","0112","500000","10","X","SRG","Sragen"
"1308SRGAP","MFB","1100","500000","10","X","SRG","Sragen"
"1309BYLRT","60","178","1800000","24","X","BYL","Boyolali"
"1309BYLRT","63","jf03","700000","24","X","BYL","Boyolali"
"1309BYLRT","M6","7003","500000","24","X","BYL","Boyolali"
"1309BYLRT","MFB","175","850000","24","X","BYL","Boyolali"
"1309KRAMM","60","188","500000","14","X","KRA","Karanganyar"
"1309KRAMM","63","jf07","23000000","14","X","KRA","Karanganyar"
"1309KRAMM","M3","174","15350000","14","X","KRA","Karanganyar"
"1309KRAMM","M6","070","3700000","14","X","KRA","Karanganyar"
"1309KRAMM","MFB","0380","7250000","14","X","KRA","Karanganyar"
"1309KRAMM","MFB","078","6750000","14","X","KRA","Karanganyar"
"1310KRAMM","63","jF15","16500000","24","X","KRA","Karanganyar"
"1310KRAMM","M3","035","20000000","21","X","KRA","Karanganyar"
"1310KRAMM","M6","093","5000000","21","X","KRA","Karanganyar"
"1310KRAMM","MFB","069","8000000","21","X","KRA","Karanganyar"
"1310KRAMM","MFB","E001","500000","10","x","KRA","Karanganyar"
"1318SKHRT","60","180","700000","24","X","SKH","Sukoharjo"
"1318SKHRT","63","JF09","1600000","10","X","SKH","Sukoharjo"
"1318SKHRT","ET","341","1000000","25","X","SKH","Sukoharjo"
"1318SKHRT","M3","174","2500000","10","X","SKH","Sukoharjo"
"1318SKHRT","M6","","2200000","10","X","SKH","Sukoharjo"
"1319BYLRT","63","JF05","8315367","10","X","BYL","Boyolali"
"1319BYLRT","ET","343","500000","24","X","BYL","Boyolali"
"1319BYLRT","M6","7003","1700000","25","X","BYL","Boyolali"
"1319BYLRT","MFB","175","5600000","24","X","BYL","Boyolali"
"1323SLURT","MFB","175","1200000","24","X","KTS","Kartosuro"
"1325BYLRT","M3","","300000","10","X","BYL","Boyolali"
"1325KRAMM","ET","342","1800000","24","X","KRA","Karanganyar"
"1325KRAMM","M3","174","1500000","24","X","KRA","Karanganyar"
"1325KRAMM","M6","7003","1500000","24","X","KRA","Karanganyar"
"1325KRAMM","MFB","069","350000","24","X","KRA","Karanganyar"
"1325KRAMM","MFB","E001","500000","10","x","KRA","Karanganyar"
"1326BYLRT","M6","7003","500000","24","X","BYL","Boyolali"
"1326KRART","ET","","1.25","25","X","KRA","Karanganyar"
"1326SLURT","63","JF12","1182242","10","X","SLU","Solo Utara"
"1329BYLMM","60","0","1.25","24","X","BYL","Boyolali"
"1329BYLMM","63","jf05","27600000","24","X","BYL","Boyolali"
"1329BYLMM","ET","343","1550000","24","X","BYL","Boyolali"
"1329BYLMM","M6","7003","1700000","24","X","BYL","Boyolali"
"1329BYLMM","MFB","175","1900000","24","X","BYL","Boyolali"
"1329KRART","60","","500000","10","X","KRA","Karanganyar"
"1329KRART","63","JF16","5000000","24","X","KRA","Karanganyar"
"1329KRART","ET","","500000","24","X","KRA","Karanganyar"
"1329KRART","M3","174","6500000","10","X","KRA","Karanganyar"
"1329KRART","M6","070","5500000","24","X","KRA","Karanganyar"
"1329KRART","MFB","078","8000000","10","X","KRA","Karanganyar"
"1331BYLMM","60","199","500000","24","X","BYL","Boyolali"
"1331BYLMM","63","jF09","1247825","10","X","BYL","Boyolali"
"1331BYLMM","ET","","2000000","24","X","BYL","Boyolali"
"1331BYLMM","M3","184","650000","24","X","BYL","Boyolali"
"1331BYLMM","MFB","","1.25","10","X","BYL","Boyolali"
"1331BYLMM","MFB","0360","7500000","10","X","BYL","Boyolali"
"1331BYLMM","MFB","0365","3000000","10","X","BYL","Boyolali"
"1331BYLMM","MFB","0370","1500000","10","X","BYL","Boyolali"
"1331BYLRT","ET","","500000","25","X","BYL","Boyolali"
"1333BYLRT","ET","","500000","25","X","BYL","Boyolali"
"1333SLURT","63","0001","500000","25","X","SLU","Solo Utara"
"1333SLURT","M3","0001","100000","10","X","SLU","Solo Utara"
"1333SLURT","M3","0001N","40000","24","X","SLU","Solo Utara"
"1333SLURT","M6","0001","500000","25","X","SLU","Solo Utara"
"1333SLURT","MFB","0001","600000","25","X","SLU","Solo Utara"
"1336GMLRT","ET","341","1100000","24","X","GML","Gemolong"
"1337BYLRT","ET","","600000","25","X","BYL","Boyolali"
"1337BYLRT","M3","","600000","10","X","BYL","Boyolali"
"1338BYLRT","ET","343","500000","24","","BYL","Boyolali"
"1339SLURT","ET","343","500000","24","","SLU","Solo Utara"
"1343BYLRT","63","jF01","2200000","10","X","BYL","Boyolali"
"1343BYLRT","M6","7003","1500000","24","X","BYL","Boyolali"
"1343BYLRT","MFB","175","3500000","10","X","BYL","Boyolali"
"1344BYLRT","60","181","2500000","24","X","BYL","Boyolali"
"1344BYLRT","63","jF16","1816333","10","X","BYL","Boyolali"
"1344BYLRT","M3","189","4300000","10","X","BYL","Boyolali"
"1344BYLRT","M6","070","1200000","24","X","BYL","Boyolali"
"1344BYLRT","MFB","0112","12200000","24","X","BYL","Boyolali"
"1344SRGRT","63","JF08","3544859","24","X","SRG","Sragen"
"1344SRGRT","M3","190","3700000","24","X","SRG","Sragen"
"1345KRART","63","","500000","10","X","KRA","Karanganyar"
"1345KTSRT","63","jF15","1996969","24","X","KTS","Kartosuro"
"1345KTSRT","M3","","500000","24","X","KTS","Kartosuro"
"1345SLSRT","ET","343","500000","24","X","SLS","Solo Selatan"
"1345SRGRT","60","181","500000","24","X","SRG","Sragen"
"1345SRGRT","M3","","1500000","10","X","SRG","Sragen"
"1346SRGRT","60","181","2300000","10","X","SRG","Sragen"
"1346SRGRT","63","JF17","1600000","10","X","SRG","Sragen"
"1346SRGRT","M3","067","3800000","10","X","SRG","Sragen"
"1346SRGRT","M6","086","900000","24","X","SRG","Sragen"
"1346SRGRT","MFB","0112","4300000","10","X","SRG","Sragen"
"1346SRGRT","MFB","1100","500000","10","X","SRG","Sragen"
"1347KRART","60","178","1650000","24","X","KRA","Karanganyar"
"1347KRART","63","jF12","2900000","24","X","KRA","Karanganyar"
"1347KRART","ET","341","500000","24","X","KRA","Karanganyar"
"1347KRART","M3","174","3000000","10","X","KRA","Karanganyar"
"1347KRART","M6","070","1000000","24","X","KRA","Karanganyar"
"1347KRART","MFB","078","7550000","24","X","KRA","Karanganyar"
"1350KTSRT","M3","x","500000","10","X","KTS","Kartosuro"
"1350SRGRT","63","jf05","2773150","24","X","SRG","Sragen"
"1353SRGRT","60","181","2000000","24","X","SRG","Sragen"
"1353SRGRT","63","jF17","1500000","24","X","SRG","Sragen"
"1353SRGRT","M3","067","2000000","24","X","SRG","Sragen"
"1354BYLRT","63","jf11","500000","24","X","BYL","Boyolali"
"1354SLSRT","63","jF05","1000000","24","X","SLS","Solo Selatan"
"1355SLURT","63","JF11","622155","24","X","SLU","Solo Utara"
"1361SLURT","ET","","700000","25","X","SLU","Solo Utara"
"1362KRART","63","","1.25","10","X","KRA","Karanganyar"
"1365GMLRT","63","JF10","1476958","24","X","GML","Gemolong"
"1365SLSRT","63","jF16","500000","24","X","SLS","Solo Selatan"
"1366SKHRT","63","jF01","500000","10","x","SKH","Sukoharjo"
"1366SLSRT","63","jF12","2500000","24","X","SLS","Solo Selatan"
"1366SLSRT","M6","093","7000000","24","X","SLS","Solo Selatan"
"1367KTSRT","63","jF18","500000","24","x","KTS","Kartosuro"
"1368BYLRT","63","JF11","3960117","10","X","BYL","Boyolali"
"1368SRGMM","60","","100000","10","X","SRG","Sragen"
"1368SRGMM","63","JF08","7974283","24","X","SRG","Sragen"
"1368SRGMM","ET","341","500000","24","X","SRG","Sragen"
"1368SRGMM","M3","190","16800000","24","X","SRG","Sragen"
"1368SRGMM","M6","086","2000000","24","X","SRG","Sragen"
"1368SRGMM","MFB","0112","1100000","24","X","SRG","Sragen"
"1368SRGMM","MFB","1100","550000","10","X","SRG","Sragen"
"1368SRGMM","MFB","189","500000","24","X","SRG","Sragen"
"1368SRGMM","MFB","2306","1000000","24","X","SRG","Sragen"
"1369SLSRT","M6","070","3500000","24","X","SLS","Solo Selatan"
"1374KRRT","63","jf05","3000000","10","X","KRA","Karanganyar"
"1375KRART","60","180","550000","24","X","KRA","Karanganyar"
"1375KRART","ET","","500000","25","X","KRA","Karanganyar"
"1375SKHMM","63","jf20","38500000","10","X","SKH","Sukoharjo"
"1375SKHMM","ET","340","5000000","25","X","SKH","Sukoharjo"
"1375SKHMM","M3","035","3900000","10","X","SKH","Sukoharjo"
"1375SKHMM","MFB","0366","8700000","10","X","SKH","Sukoharjo"
"1375SKHMM","MFB","0370","10000000","10","X","SKH","Sukoharjo"
"1375SKHMM","MFB","069","8000000","10","X","SKH","Sukoharjo"
"1375SKHMM","MFB","E001","500000","10","X","SKH","Sukoharjo"
"1379BYLRT","60","179","800000","24","X","BYL","Boyolali"
"1379BYLRT","63","jF01","500000","24","X","BYL","Boyolali"
"1379BYLRT","ET","","500000","25","X","BYL","Boyolali"
"1379BYLRT","M3","0146","5500000","10","X","BYL","Boyolali"
"1379BYLRT","M3","0146N","40000","24","X","BYL","Boyolali"
"1379slsrt","63","jf16","1500000","24","X","SLS","Solo Selatan"
"1380BYLRT","M6","7003","500000","24","X","BYL","Boyolali"
"1380BYLRT","MFB","175","800000","24","X","BYL","Boyolali"
"1381KRAMM","60","193","2600000","24","X","KRA","Karanganyar"
"1381KRAMM","63","jF09","4822850","10","X","KRA","Karanganyar"
"1381KRAMM","ET","342","1250000","24","X","KRA","Karanganyar"
"1381KRAMM","M3","035","800000","24","X","KRA","Karanganyar"
"1381KRAMM","M6","070","1500000","24","X","KRA","Karanganyar"
"1381KRAMM","MFB","078","2900000","24","X","KRA","Karanganyar"
"1388SLURT","M3","502","300000","10","X","SLU","Solo Utara"
"1388SLURT","M3","502N","40000","24","X","SLU","Solo Utara"
"1391SRGRT","ET","","600000","24","X","SRG","Sragen"
"1392BYLRT","60","178","550000","24","X","BYL","Boyolali"
"1392BYLRT","63","jF01","500000","10","x","BYL","Boyolali"
"1394BYLRT","60","179","2150000","10","X","BYL","Boyolali"
"1394BYLRT","63","jF07","500000","10","X","BYL","Boyolali"
"1394BYLRT","MFB","175","900000","24","X","BYL","Boyolali"
"1394SRGRT","ET","","500000","25","X","SRG","Sragen"
"1397SLURT","M6","044","6000000","10","X","SLU","Solo Utara"
"1400SLSRT","60","179","500000","24","X","SLS","Solo Selatan"
"1400SLSRT","M3","","500000","10","X","SLS","Solo Selatan"
"1401SLURT","63","JF01","500000","24","X","SLU","Solo Utara"
"1404KTSRT","63","JF02","500000","24","X","KTS","Kartosuro"
"1405SRGMM","63","JF14","3904525","10","X","SRG","Sragen"
"1405SRGMM","ET","341","500000","24","X","SRG","Sragen"
"1405SRGMM","M3","067","8500000","10","X","SRG","Sragen"
"1405SRGMM","M6","086","2000000","10","X","SRG","Sragen"
"1405SRGMM","MFB","0112","9750000","10","X","SRG","Sragen"
"1405SRGMM","MFB","0181","1000000","10","X","SRG","Sragen"
"1405SRGMM","MFB","1100","500000","10","X","SRG","Sragen"
"1405SRGMM","MFB","502","500000","10","X","SRG","Sragen"
"1406SLSRT","ET","343","500000","25","X","SLS","Solo Selatan"
"1409BYLRT","63","jF15","500000","24","X","BYL","Boyolali"
"1409SKHRT","60","","500000","10","X","SKH","Sukoharjo"
"1409SKHRT","63","jF01","500000","24","X","SKH","Sukoharjo"
"1409SKHRT","ET","","500000","25","X","SKH","Sukoharjo"
"1411SRGRT","63","jf17","1271102","24","X","SRG","Sragen"
"1412SRGRT","ET","341","550000","24","X","SRG","Sragen"
"1413BYLRT","MFB","0233","500000","10","X","BYL","Boyolali"
"1419SRGRT","ET","","500000","25","X","SRG","Sragen"
"1419SRGRT","MFB","0181","500000","10","X","SRG","Sragen"
"1419SRGRT","MFB","0366","500000","10","x","SRG","Sragen"
"1421SLURT","60","","500000","10","X","SLU","Solo Utara"
"1421SLURT","MFB","","500000","10","X","SLU","Solo Utara"
"1421SRGRT","63","JF08","606250","24","X","SRG","Sragen"
"1422KRART","60","178","700000","24","X","KRA","Karanganyar"
"1422KRART","63","jf02","3700000","24","X","KRA","Karanganyar"
"1422KRART","M3","190","1400000","24","X","KRA","Karanganyar"
"1422KRART","M6","070","900000","24","X","KRA","Karanganyar"
"1422KRART","MFB","175","2700000","24","X","KRA","Karanganyar"
"1422KTSRT","MFB","0233","500000","10","X","KTS","Kartosuro"
"1422SKHRT","60","185","1350000","24","X","SKH","Sukoharjo"
"1422SRGMM","63","JF12","2100000","24","X","SRG","Sragen"
"1422SRGMM","M6","093","1600000","10","X","SRG","Sragen"
"1423SRGMM","63","jF12","4733675","24","X","SRG","Sragen"
"1423SRGMM","M3","174","10000000","24","X","SRG","Sragen"
"1423SRGMM","M6","093","5400000","21","X","SRG","Sragen"
"1423SRGMM","MFB","078","18350000","24","X","SRG","Sragen"
"1424KRSMM","ET","","1500000","25","X","KRA","Karanganyar"
"1425GMLRT","ET","","900000","25","X","GML","Gemolong"
"1425KRART","60","180","500000","24","X","KRA","Karanganyar"
"1425KRART","63","jf05","500000","24","X","KRA","Karanganyar"
"1425KRART","ET","","500000","25","X","KRA","Karanganyar"
"1425KRART","M3","174","930000","10","X","KRA","Karanganyar"
"1427SRGRT","MFB","1100","500000","10","","SRG","Sragen"
"1427SRGRT","MFB","502","300000","10","X","SRG","Sragen"
"1429SLSRT","60","178","500000","24","X","SLS","Solo Selatan"
"1429SLSRT","63","jf09","500000","24","X","SLS","Solo Selatan"
"1429SLSRT","ET","","500000","25","X","SLS","Solo Selatan"
"1431SRGRT","63","jf08","600000","24","X","SRG","Sragen"
"1432BYLRT","M3","","500000","10","X","BYL","Boyolali"
"1432KRART","60","178","4500000","24","X","KRA","Karanganyar"
"1432KRART","MFB","0380","2000000","10","X","KRA","Karanganyar"
"1432KRART","MFB","078","3850000","10","X","KRA","Karanganyar"
"1433SLSKO","MFB","0364","900000","10","X","SLS","Solo Selatan"
"1435BYLRT","60","179","1300000","25","X","BYL","Boyolali"
"1435BYLRT","63","jF09","524727","24","X","BYL","Boyolali"
"1435BYLRT","MFB","0233","500000","25","X","BYL","Boyolali"
"1435BYLRT","MFB","175","800000","25","X","BYL","Boyolali"
"1435SKHRT","60","167","50000","3","X","SKH","Sukoharjo"
"1436BYLRT","60","179","750000","25","X","BYL","Boyolali"
"1436BYLRT","MFB","0233","500000","25","X","BYL","Boyolali"
"1436SLSKO","63","jF16","1000000","24","X","SLS","Solo Selatan"
"1436SLSKO","ET","342","700000","10","X","SLS","Solo Selatan"
"1436SLSKO","M3","190","600000","24","X","SLS","Solo Selatan"
"1437BYLRT","60","179","1000000","24","X","BYL","Boyolali"
"1437BYLRT","63","jF15","771750","24","X","BYL","Boyolali"
"1437BYLRT","M6","7003","500000","10","X","BYL","Boyolali"
"1438SLSKO","63","jf11","500000","10","X","SLS","Solo Selatan"
"1438SLSKO","M6","7003","700000","10","X","SLS","Solo Selatan"
"1438SLSKO","MFB","0364","1100000","10","X","SLS","Solo Selatan"
"1438SLURT","ET","","500000","25","X","SLU","Solo Utara"
"1438SLURT","MFB","0233","500000","10","X","SLU","Solo Utara"
"1439BYLRT","MFB","0233","1.25","10","X","BYL","Boyolali"
"1442KRART","M3","174","2900000","10","X","KRA","Karanganyar"
"1443KRAAP","63","","500000","10","X","KRA","Karanganyar"
"1444SRGRT","60","","500000","10","X","SRG","Sragen"
"1444SRGRT","ET","","500000","25","X","SRG","Sragen"
"1444SRGRT","MFB","0181","500000","10","X","SRG","Sragen"
"1445KRART","63","","500000","10","X","KRA","Karanganyar"
"1446SLSRT","MFB","0233","500000","10","X","SLS","Solo Selatan"
"1447BYLRT","63","jF01","2000000","10","X","BYL","Boyolali"
"1448SRGRT","60","181","2900000","24","X","SRG","Sragen"
"1448SRGRT","63","jf14","3048267","10","X","SRG","Sragen"
"1448SRGRT","M3","067","32000000","10","X","SRG","Sragen"
"1449SRGRT","ET","","500000","25","X","SRG","Sragen"
"1450slssw","60","","30000000","10","X","SKH","Sukoharjo"
"1450slssw","ET","","2000000","25","X","SKH","Sukoharjo"
"1450slssw","MFB","","20000000","10","X","SKH","Sukoharjo"
"1450slssw","MFB","0380","10000000","25","X","SKH","Sukoharjo"
"1450SLURT","63","jF16","800000","24","X","SLU","Solo Utara"
"1451BYLRT","60","","150000","0","X","BYL","Boyolali"
"1451BYLRT","63","JF11","500000","24","X","BYL","Boyolali"
"1451BYLRT","ET","343","3500000","25","X","BYL","Boyolali"
"1451BYLRT","M3","","500000","24","X","BYL","Boyolali"
"1451BYLRT","MFB","0112","1900000","25","X","BYL","Boyolali"
"1451GMLRT","60","181","1500000","24","X","GML","Gemolong"
"1451GMLRT","63","jF08","1487592","24","X","GML","Gemolong"
"1451GMLRT","ET","","500000","25","X","GML","Gemolong"
"1451GMLRT","M3","189","2600000","10","X","GML","Gemolong"
"1452BYLMM","60","179","1500000","25","x","BYL","Boyolali"
"1452BYLMM","MFB","0233","2500000","25","X","BYL","Boyolali"
"1452BYLMM","MFB","175","1650000","25","X","BYL","Boyolali"
"1455BYLMM","63","jf09","500000","10","","BYL","Boyolali"
"1455BYLMM","ET","","500000","25","X","BYL","Boyolali"
"1455SLSRT","63","jf15","1371156","24","X","SLS","Solo Selatan"
"1455SLSRT","M6","7003","500000","10","X","SLS","Solo Selatan"
"1455SLSRT","MFB","175","2000000","25","X","SLS","Solo Selatan"
"1455SLURT","60","178","500000","25","X","SLU","Solo Utara"
"1455SLURT","63","jF16","500000","24","X","SLU","Solo Utara"
"1458SRGRT","63","jF10","500000","24","X","SRG","Sragen"
"1459BYLRT","63","jF15","1200000","24","X","BYL","Boyolali"
"1459BYLRT","M6","7003","500000","24","X","BYL","Boyolali"
"1459BYLRT","MFB","175","11700000","24","X","BYL","Boyolali"
"1459SLURT","63","jf05","1000000","10","X","SLU","Solo Utara"
"1459SRGRT","63","jF10","500000","24","X","SRG","Sragen"
"1460BYLRT","60","178","800000","10","X","BYL","Boyolali"
"1461BYLRT","60","179","3500000","25","X","BYL","Boyolali"
"1461KTSMM","63","jF02","27500000","10","X","KTS","Kartosuro"
"1461KTSMM","ET","341","2000000","25","X","KTS","Kartosuro"
"1461KTSMM","M3","184","7000000","10","X","KTS","Kartosuro"
"1461KTSMM","MFB","0359","24500000","10","X","KTS","Kartosuro"
"1461KTSMM","MFB","0365","10600000","10","X","KTS","Kartosuro"
"1461KTSMM","MFB","0380","500000","10","X","KTS","Kartosuro"
"1461KTSMM","MFB","E001","500000","10","x","KTS","Kartosuro"
"1461SLURT","60","179","5500000","24","X","SLU","Solo Utara"
"1461SRGMM","60","185","1450000","24","X","SRG","Sragen"
"1461SRGMM","63","JF08","6200000","24","X","SRG","Sragen"
"1461SRGMM","M3","067","7750000","24","X","SRG","Sragen"
"1461SRGMM","M6","070","2000000","24","X","SRG","Sragen"
"1461SRGMM","MFB","0112","5500000","24","X","SRG","Sragen"
"1461SRGMM","MFB","1100","500000","24","X","SRG","Sragen"
"1462SLURT","60","178","500000","24","X","SLU","Solo Utara"
"1463KRAMM","60","180","500000","24","X","KRA","Karanganyar"
"1463KRAMM","63","jf16","3217950","10","X","KRA","Karanganyar"
"1463KRAMM","ET","","500000","25","X","KRA","Karanganyar"
"1463KRAMM","M6","070","5500000","24","X","KRA","Karanganyar"
"1463KRAMM","MFB","078","4250000","10","X","KRA","Karanganyar"
"1467SLURT","63","jf05","1800000","10","X","SLU","Solo Utara"
"1467SLURT","ET","","500000","25","X","SLU","Solo Utara"
"1467SLURT","M3","190","1500000","24","X","SLU","Solo Utara"
"1468SLURT","63","jF15","500000","10","X","SLU","Solo Utara"
"1471GMLMM","60","188","500000","10","X","GML","Gemolong"
"1471GMLMM","ET","","600000","25","X","GML","Gemolong"
"1472BYLRT","60","","700000","25","X","BYL","Boyolali"
"1475SKHRT","ET","341","1000000","1","x","SKH","Sukoharjo"
"1476GMLRT","63","jF09","5163789","10","X","KRA","Karanganyar"
"1476GMLRT","ET","341","1000000","25","X","KRA","Karanganyar"
"1476GMLRT","M6","070","1600000","24","X","KRA","Karanganyar"
"1477BYLRT","60","178","1500000","24","X","BYL","Boyolali"
"1477BYLRT","63","jF03","500000","24","X","BYL","Boyolali"
"1477KTSRT","63","jF11","500000","24","X","KTS","Kartosuro"
"1477SLURT","MFB","0","3000000","10","X","SLU","Solo Utara"
"1478SKHMM","63","jf15","1000000","10","X","SKH","Sukoharjo"
"1478SKHMM","M6","7003","500000","25","X","SKH","Sukoharjo"
"1478SKHMM","MFB","0366","500000","25","X","SKH","Sukoharjo"
"1478SKHMM","MFB","078","450000","25","X","SKH","Sukoharjo"
"1478SKHRT","M3","","500000","10","X","SKH","Sukoharjo"
"1478SKHRT","MFB","1109","500000","10","","SKH","Sukoharjo"
"1479SKHRT","60","180","500000","10","X","SKH","Sukoharjo"
"1479SKHRT","ET","341","500000","24","X","SKH","Sukoharjo"
"1479SKHRT","M3","174","1600000","10","X","SKH","Sukoharjo"
"1479SKHRT","M6","7003","800000","10","X","SKH","Sukoharjo"
"1479SKHRT","MFB","078","1450000","10","X","SKH","Sukoharjo"
"1479SLSRT","ET","","1000000","25","X","SLS","Solo Selatan"
"1482SLSRT","ET","","2500000","25","X","SLS","Solo Selatan"
"1483SLSRT","63","JF12","13900000","24","X","SLS","Solo Selatan"
"1483SLSRT","M6","102","65000000","24","X","SLS","Solo Selatan"
"1483SRGRT","60","185","800000","24","X","SRG","Sragen"
"1483SRGRT","63","jf08","953175","24","X","SRG","Sragen"
"1483SRGRT","M3","067","1600000","10","X","SRG","Sragen"
"1483SRGRT","M6","086","1100000","24","X","SRG","Sragen"
"1483SRGRT","MFB","0181","500000","10","X","SRG","Sragen"
"1484SRGRT","ET","","600000","25","","SRG","Sragen"
"1485BYLRT","60","185","3250000","24","X","BYL","Boyolali"
"1485BYLRT","M6","7003","1600000","24","X","BYL","Boyolali"
"1485BYLRT","MFB","175","2500000","24","X","BYL","Boyolali"
"1485KRART","ET","","500000","24","X","KRA","Karanganyar"
"1485SLURT","63","","500000","10","","SLU","Solo Utara"
"1486SLURT","MFB","0001","2000000","10","X","SLU","Solo Utara"
"1486SLUSW","60","193","8000000","10","X","SLU","Solo Utara"
"1486SLUSW","M3","067","5000000","10","X","SLU","Solo Utara"
"1490SLSRT","M3","502","300000","10","X","SLS","Solo Selatan"
"1490SLSRT","M3","502N","40000","24","X","SLS","Solo Selatan"
"1491BYLRT","MFB","","2000000","10","X","BYL","Boyolali"
"1491SLSRT","63","jf07","306288","24","X","SLS","Solo Selatan"
"1491SRGRT","ET","341","4000000","24","X","SRG","Sragen"
"1495SLSRT","ET","343","1500000","25","X","SLS","Solo Selatan"
"1496SLURT","63","jF02","800000","10","X","SLU","Solo Utara"
"1496SRGRT","63","","500000","10","X","SRG","Sragen"
"1496SRGRT","MFB","502","300000","25","X","SRG","Sragen"
"1497KRART","63","JF05","600000","10","X","KRA","Karanganyar"
"1497SLURT","60","","500000","10","X","SLU","Solo Utara"
"1498KRART","60","185","800000","24","X","KRA","Karanganyar"
"1498KRART","63","jf03","500000","10","X","KRA","Karanganyar"
"1498KRART","M3","174","1000000","10","X","KRA","Karanganyar"
"1499SLURT","60","193","10000000","24","X","SLU","Solo Utara"
"1499SLURT","M3","190","33000000","10","X","SLU","Solo Utara"
"1500SLURT","60","","50000","0","","SLU","Solo Utara"
"1500SLURT","60","185","500000","10","X","SLU","Solo Utara"
"1505SRGMM","60","185","3000000","25","X","SRG","Sragen"
"1505SRGMM","63","jf17","2067433","24","X","SRG","Sragen"
"1505SRGMM","M3","067","10900000","25","X","SRG","Sragen"
"1505SRGMM","MFB","0112","4950000","25","X","SRG","Sragen"
"1509KRART","60","181","500000","24","X","KRA","Karanganyar"
"1509KRART","63","JF16","650000","24","X","KRA","Karanganyar"
"1509KRART","ET","341","500000","24","X","KRA","Karanganyar"
"1509KRART","M3","189","500000","10","X","KRA","Karanganyar"
"1509KRART","M6","086","500000","10","X","KRA","Karanganyar"
"1509KRART","MFB","0112","500000","10","X","KRA","Karanganyar"
"1509KRART","MFB","1100","500000","10","X","KRA","Karanganyar"
"1509SLSRT","63","JF01","511168","10","X","SLS","Solo Selatan"
"1511SLSRT","60","","500000","10","X","SLS","Solo Selatan"
"1511SLSRT","63","jF05","500000","10","X","SLS","Solo Selatan"
"1512SLSSW","60","178","10000000","25","X","SLS","Solo Selatan"
"1512SLSSW","MFB","0380","10000000","25","X","SLS","Solo Selatan"
"1512SLSSW","MFB","078","8900000","24","X","SLS","Solo Selatan"
"1512SLSSW","MFB","2331","5000000","25","X","SLS","Solo Selatan"
"1514SLSRT","63","","500000","10","X","SLS","Solo Selatan"
"1515SLSRT","ET","","500000","25","X","SLS","Solo Selatan"
"1518SKHRT","ET","","500000","25","X","SKH","Sukoharjo"
"1519SLSRT","M3","","300000","10","X","SLS","Solo Selatan"
"1522KRART","ET","341","800000","25","X","KRA","Karanganyar"
"1522SLSRT","63","","500000","10","X","SLS","Solo Selatan"
"1522SLURT","ET","343","5100000","10","X","SLU","Solo Utara"
"1524KRART","63","jF07","2000000","24","X","KRA","Karanganyar"
"1524KRART","M3","174","950000","10","X","KRA","Karanganyar"
"1524SRGRT","MFB","0181","500000","10","X","SRG","Sragen"
"1526BYLRT","ET","343","2200000","24","X","BYL","Boyolali"
"1527BYLRT","60","178","2850000","24","X","BYL","Boyolali"
"1527GMLRT","60","178","1500000","24","X","GML","Gemolong"
"1527GMLRT","ET","","500000","25","X","GML","Gemolong"
"1527GMLRT","MFB","0112","2800000","25","X","GML","Gemolong"
"1527GMLRT","MFB","1100","500000","24","X","GML","Gemolong"
"1528BYLRT","63","jf01","5300000","24","X","BYL","Boyolali"
"1528BYLRT","M6","7003","9500000","24","X","BYL","Boyolali"
"1531SLURT","60","179","1700000","25","X","SLU","Solo Utara"
"1531SLURT","MFB","0233","300000","25","X","SLU","Solo Utara"
"1531SLURT","MFB","175","3500000","25","X","SLU","Solo Utara"
"1532KRART","ET","341","500000","25","X","KRA","Karanganyar"
"1532KRART","M6","","7700000","25","X","KRA","Karanganyar"
"1532KRART","MFB","1109","500000","10","X","KRA","Karanganyar"
"1537SRGRT","63","jf08","600000","24","X","SRG","Sragen"
"1537SRGRT","M6","086","2500000","24","X","SRG","Sragen"
"1541KRART","60","180","500000","25","X","KRA","Karanganyar"
"1541KRART","63","jf02","1195392","24","X","KRA","Karanganyar"
"1541KRART","M3","174","550000","10","X","KRA","Karanganyar"
"1541KRART","M6","7003","800000","10","X","KRA","Karanganyar"
"1541KRART","MFB","078","650000","25","X","KRA","Karanganyar"
"1541KRART","MFB","1109","500000","10","X","KRA","Karanganyar"
"1542KRART","ET","","500000","25","X","KRA","Karanganyar"
"1542SLUSM","ET","340","13000000","35","X","SLU","Solo Utara"
"1542SLUSM","M3","184","9500000","24","X","SLU","Solo Utara"
"1542SLUSM","M6","093","10000000","21","X","SLU","Solo Utara"
"1542SLUSM","MFB","0366","20000000","30","X","SLU","Solo Utara"
"1542SRGRT","60","181","1500000","24","X","SRG","Sragen"
"1542SRGRT","63","jF10","2500000","24","X","SRG","Sragen"
"1542SRGRT","ET","341","600000","24","X","SRG","Sragen"
"1542SRGRT","M3","067","3250000","24","X","SRG","Sragen"
"1542SRGRT","M6","086","2500000","10","X","SRG","Sragen"
"1542SRGRT","MFB","0181","500000","10","X","SRG","Sragen"
"1543SLSRT","M3","0001","1500000","1","x","SLU","Solo Utara"
"1544BYLMM","63","","1000000","10","X","BYL","Boyolali"
"1544BYLMM","ET","343","500000","25","X","BYL","Boyolali"
"1544SLSRT","MFB","098","500000","25","","SLS","Solo Selatan"
"1545SLSRT","MFB","098","500000","0","","SLS","Solo Selatan"
"1546BYLRT","63","","500000","10","X","BYL","Boyolali"
"1546KRART","M3","189","1600000","10","X","KRA","Karanganyar"
"1546KRART","M6","086","500000","24","X","KRA","Karanganyar"
"1546KRART","MFB","0112","600000","10","X","KRA","Karanganyar"
"1546KTSRT","60","179","1000000","24","X","KTS","Kartosuro"
"1546SLSRT","MFB","098","500000","0","","SLS","Solo Selatan"
"1546SRGRT","MFB","0181","500000","10","X","SRG","Sragen"
"1547KRART","60","181","600000","24","X","KRA","Karanganyar"
"1547KRART","63","jF12","2278158","24","X","KRA","Karanganyar"
"1547KRART","M3","","300000","24","X","KRA","Karanganyar"
"1547KRART","MFB","0112","2750000","24","X","KRA","Karanganyar"
"1547SLSRT","MFB","098","2500000","1","","SLS","Solo Selatan"
"1547SRGRT","60","181","1100000","24","X","SRG","Sragen"
"1548KRART","60","","500000","25","X","KRA","Karanganyar"
"1548SLSRT","M3","190","200000","10","X","SLS","Solo Selatan"
"1548SRGRT","60","181","1750000","24","X","SRG","Sragen"
"1548SRGRT","MFB","0112","900000","24","X","SRG","Sragen"
"1548SRGRT","MFB","1100","500000","24","X","SRG","Sragen"
"1549SLSRT","MFB","098","500000","1","","SLS","Solo Selatan"
"1549SLURT","ET","343","500000","25","X","SLU","Solo Utara"
"1550GMLRT","60","178","1500000","24","X","GML","Gemolong"
"1550GMLRT","63","jf02","5100000","24","X","GML","Gemolong"
"1550GMLRT","M3","035","4500000","24","X","GML","Gemolong"
"1550GMLRT","M6","086","1000000","24","X","GML","Gemolong"
"1550GMLRT","MFB","0366","10000000","24","X","GML","Gemolong"
"1550GMLRT","MFB","069","3500000","10","X","GML","Gemolong"
"1550GMLRT","MFB","E001","500000","10","X","GML","Gemolong"
"1551BYLRT","60","178","2500000","25","X","BYL","Boyolali"
"1551BYLRT","63","jF07","651300","10","X","BYL","Boyolali"
"1551BYLRT","M6","7003","900000","10","X","BYL","Boyolali"
"1551BYLRT","MFB","175","750000","25","X","BYL","Boyolali"
"1553KRART","63","jF01","500000","24","","KRA","Karanganyar"
"1553SRGRT","60","185","4400000","10","X","SRG","Sragen"
"1553SRGRT","M3","190","4900000","24","X","SRG","Sragen"
"1553SRGRT","M6","086","1300000","24","X","SRG","Sragen"
"1553SRGRT","MFB","0112","8000000","10","X","SRG","Sragen"
"1553SRGRT","MFB","0181","1000000","25","X","SRG","Sragen"
"1554BYLRT","60","178","650000","24","X","BYL","Boyolali"
"1554BYLRT","63","JF11","1145467","10","X","BYL","Boyolali"
"1554BYLRT","ET","","500000","25","X","BYL","Boyolali"
"1554BYLRT","M3","190","2500000","10","X","BYL","Boyolali"
"1554KRART","M3","","500000","10","X","KRA","Karanganyar"
"1555BYLRT","M3","","300000","10","X","BYL","Boyolali"
"1555KRART","63","JF01","500000","24","X","KRA","Karanganyar"
"1556BYLRT","60","178","1000000","24","X","BYL","Boyolali"
"1556BYLRT","63","JF11","600000","24","X","BYL","Boyolali"
"1556BYLRT","M3","","800000","10","X","BYL","Boyolali"
"1556BYLRT","M6","7003","500000","10","X","BYL","Boyolali"
"1556SLURT","ET","","500000","25","X","SLU","Solo Utara"
"1556SLURT","MFB","0233","1000000","10","X","SLU","Solo Utara"
"1556SLURT","MFB","0364","800000","10","X","SLU","Solo Utara"
"1556SRGRT","60","181","900000","10","X","SRG","Sragen"
"1556SRGRT","MFB","0112","1100000","10","X","SRG","Sragen"
"1556SRGRT","MFB","0181","500000","10","X","SRG","Sragen"
"1556SRGRT","MFB","1100","500000","10","X","SRG","Sragen"
"1557BYLRT","60","178","3100000","25","X","BYL","Boyolali"
"1557BYLRT","63","JF11","1100000","10","X","BYL","Boyolali"
"1558SLURT","MFB","0233","7000000","25","X","SLU","Solo Utara"
"1561BYLRT","60","199","700000","24","X","BYL","Boyolali"
"1561BYLRT","63","jF09","1282325","24","X","BYL","Boyolali"
"1561BYLRT","ET","340","500000","24","X","BYL","Boyolali"
"1561BYLRT","M3","184","500000","24","X","BYL","Boyolali"
"1561BYLRT","MFB","0359","600000","24","X","BYL","Boyolali"
"1561BYLRT","MFB","E001","500000","24","X","BYL","Boyolali"
"1561SKHRT","ET","","500000","25","X","SKH","Sukoharjo"
"1561SRGRT","60","185","700000","24","X","SRG","Sragen"
"1561SRGRT","63","jF14","2600000","10","X","SRG","Sragen"
"1561SRGRT","M3","190","1800000","24","X","SRG","Sragen"
"1562KRART","M6","070","500000","24","X","KRA","Karanganyar"
"1562KTSRT","63","jF01","600000","10","X","KTS","Kartosuro"
"1563SKHRT","63","jf01","700000","24","X","SKH","Sukoharjo"
"1563SLURT","M3","067","8500000","10","X","SLU","Solo Utara"
"1564BYLRT","60","179","600000","25","X","BYL","Boyolali"
"1564BYLRT","63","jF09","500000","24","X","BYL","Boyolali"
"1564BYLRT","MFB","0233","500000","25","X","BYL","Boyolali"
"1564BYLRT","MFB","175","500000","24","X","BYL","Boyolali"
"1564SRGRT","60","","500000","10","X","SRG","Sragen"
"1564SRGRT","MFB","0181","500000","10","X","SRG","Sragen"
"1565SRGRT","63","","500000","10","X","SRG","Sragen"
"1566KTSRT","ET","341","1100000","24","X","KTS","Kartosuro"
"1566SRGRT","ET","341","7500000","25","X","SRG","Sragen"
"1567BYLRT","63","jF16","1000000","25","X","BYL","Boyolali"
"1567SLSRT","ET","","800000","25","X","SLS","Solo Selatan"
"1568SKHRT","ET","","500000","25","X","SKH","Sukoharjo"
"1568SRGRT","60","185","2650000","24","X","SRG","Sragen"
"1569GMLRT","60","181","1300000","24","X","GML","Gemolong"
"1569GMLRT","63","jf08","1694668","24","X","GML","Gemolong"
"1569GMLRT","ET","","500000","25","X","GML","Gemolong"
"1569GMLRT","M3","067","2500000","24","X","GML","Gemolong"
"1569SLSRT","ET","343","2300000","24","X","SLS","Solo Selatan"
"1573KRART","63","jF05","500000","10","X","KRA","Karanganyar"
"1574KRART","63","","934859","10","X","KRA","Karanganyar"
"1574KRART","MFB","2332","500000","10","X","KRA","Karanganyar"
"1574SLURT","63","JF09","2445217","10","X","SLU","Solo Utara"
"1574SRGRT","ET","341","4500000","24","X","SRG","Sragen"
"1575BYLRT","ET","","500000","25","X","BYL","Boyolali"
"1575SRGRT","ET","341","700000","25","X","SRG","Sragen"
"1576BYLRT","63","jf01","1800000","10","X","BYL","Boyolali"
"1576BYLRT","M6","","500000","10","X","BYL","Boyolali"
"1576SLURT","MFB","0","6000000","10","X","SLU","Solo Utara"
"1578KRART","63","","700000","10","X","KRA","Karanganyar"
"1578KRART","M6","070","1500000","24","X","KRA","Karanganyar"
"1582bylrt","60","","500000","10","X","BYL","Boyolali"
"1582bylrt","63","","500000","10","X","BYL","Boyolali"
"1582bylrt","ET","341","500000","25","X","BYL","Boyolali"
"1582bylrt","M3","","500000","10","X","BYL","Boyolali"
"1582bylrt","MFB","","500000","10","X","BYL","Boyolali"
"1582KRAMM","ET","","1.25","25","X","KRA","Karanganyar"
"1583KRAMM","63","JF19","15800000","10","X","KRA","Karanganyar"
"1583KRAMM","M3","035","8000000","10","X","KRA","Karanganyar"
"1583KRAMM","M6","093","1800000","24","X","KRA","Karanganyar"
"1583KRAMM","MFB","E001","500000","28","X","KRA","Karanganyar"
"1584BYLRT","60","","150000","0","X","BYL","Boyolali"
"1584BYLRT","63","jF16","800000","24","X","BYL","Boyolali"
"1584BYLRT","ET","","500000","25","X","BYL","Boyolali"
"1584BYLRT","M3","189","4500000","10","X","BYL","Boyolali"
"1584KRAMM","ET","","1.25","25","X","KRA","Karanganyar"
"1585SKHMM","M3","190","500000","10","X","SKH","Sukoharjo"
"1585SKHMM","M6","7003","600000","10","X","SKH","Sukoharjo"
"1585SLSRT","63","JF02","500000","24","X","SLS","Solo Selatan"
"1587BYLRT","60","179","1500000","24","X","BYL","Boyolali"
"1587BYLRT","63","jf15","13500000","10","X","BYL","Boyolali"
"1587BYLRT","M6","7003","2000000","21","X","BYL","Boyolali"
"1587BYLRT","MFB","0233","600000","10","X","BYL","Boyolali"
"1587BYLRT","MFB","175","26000000","10","X","BYL","Boyolali"
"1587SKHRT","ET","","500000","25","X","SKH","Sukoharjo"
"1587SKHRT","M3","0001","700000","25","X","SKH","Sukoharjo"
"1587SLURT","ET","343","4700000","25","X","SLU","Solo Utara"
"1588BYLRT","63","jf01","500000","24","X","BYL","Boyolali"
"1588BYLRT","ET","","500000","25","X","BYL","Boyolali"
"1589KRART","63","JF11","500000","24","X","KRA","Karanganyar"
"1589KRART","M3","174","500000","10","X","KRA","Karanganyar"
"1589KRART","MFB","078","500000","24","X","KRA","Karanganyar"
"1589KRART","MFB","1109","500000","24","X","KRA","Karanganyar"
"1590SLURT","63","jf09","600000","24","X","SLU","Solo Utara"
"1590SLURT","ET","","500000","25","X","SLU","Solo Utara"
"1590SLURT","M3","","300000","10","X","SLU","Solo Utara"
"1594SLURT","60","179","4500000","24","X","SLU","Solo Utara"
"1596BYLRT","63","jF07","1284410","24","X","BYL","Boyolali"
"1596BYLRT","M3","","1900000","10","X","BYL","Boyolali"
"1596BYLRT","MFB","0233","500000","10","X","BYL","Boyolali"
"1599SRGRT","60","193","40000000","24","X","SRG","Sragen"
"1599SRGRT","M3","067","25000000","10","X","SRG","Sragen"
"1601SLSRT","63","jf03","500000","24","x","SLS","Solo Selatan"
"1606KRART","ET","","500000","25","X","KRA","Karanganyar"
"1606KRART","M3","","500000","10","X","KRA","Karanganyar"
"1606KRART","M6","7003","800000","10","X","KRA","Karanganyar"
"1606KRART","MFB","175","600000","24","X","KRA","Karanganyar"
"1606KTSRT","ET","","2000000","24","X","KTS","Kartosuro"
"1607KRART","63","jf03","600000","24","X","KRA","Karanganyar"
"1607KTSRT","ET","340","800000","24","X","KTS","Kartosuro"
"1607KTSRT","M3","184","500000","24","X","KTS","Kartosuro"
"1607SLURT","60","180","1500000","24","X","SLU","Solo Utara"
"1607SLURT","63","jf07","9695681","24","X","SLU","Solo Utara"
"1608BYLRT","ET","","500000","25","X","BYL","Boyolali"
"1608KRART","60","","1.25","10","X","KRA","Karanganyar"
"1608KRART","63","jF15","1200000","24","X","KRA","Karanganyar"
"1608KRART","M3","174","7700000","10","X","KRA","Karanganyar"
"1608KRART","M6","070","700000","24","X","KRA","Karanganyar"
"1610SRGRT","60","0","700000","10","X","SRG","Sragen"
"1611SLSRT","MFB","0233","500000","10","X","SLS","Solo Selatan"
"1613SLSRT","ET","343","500000","24","","SLS","Solo Selatan"
"1614KRART","63","jF15","600000","10","X","KRA","Karanganyar"
"1614SLURT","60","185","3950000","24","X","SLU","Solo Utara"
"1614SLUSW","MFB","0380","5000000","25","X","SLU","Solo Utara"
"1614SLUSW","MFB","2331","1000000","25","X","SLU","Solo Utara"
"1617KRART","ET","341","8900000","24","X","KRA","Karanganyar"
"1618KRART","ET","","500000","25","X","KRA","Karanganyar"
"1621SKHRT","ET","","750000","25","X","SKH","Sukoharjo"
"1622SRGRT","M3","","300000","10","X","SRG","Sragen"
"1622SRGRT","M3","","40000","24","X","SRG","Sragen"
"1623SRGRT","60","","500000","10","X","SRG","Sragen"
"1623SRGRT","M3","","850000","10","X","SRG","Sragen"
"1623SRGRT","MFB","0112","2200000","24","X","SRG","Sragen"
"1623SRGRT","MFB","0181","500000","24","X","SRG","Sragen"
"1624SLSRT","63","jF05","692858","24","X","SLS","Solo Selatan"
"1624SLSRT","M3","190","600000","24","X","SLS","Solo Selatan"
"1624SLSRT","MFB","0366","500000","24","X","SLS","Solo Selatan"
"1624SLSRT","MFB","078","800000","25","X","SLS","Solo Selatan"
"1625SLSRT","M3","190","500000","24","X","SLS","Solo Selatan"
"1626SRGRT","60","","1.25","10","X","SRG","Sragen"
"1626SRGRT","63","JF14","40900000","10","X","SRG","Sragen"
"1626SRGRT","M6","","13000000","25","X","SRG","Sragen"
"1628SLURT","M3","190","29000000","24","X","SLU","Solo Utara"
"1628SLURT","MFB","0365","15000000","10","X","SLU","Solo Utara"
"1628SRGRT","63","jF17","500000","24","X","SRG","Sragen"
"1628SRGRT","M3","184","3800000","24","X","SRG","Sragen"
"1630KTSRT","ET","341","3900000","24","X","KTS","Kartosuro"
"1631BYRT","MFB","087","3200000","10","X","BYL","Boyolali"
"1632KRART","MFB","0001","3500000","10","X","KRA","Karanganyar"
"1632SRGSW","60","180","12500000","24","X","SRG","Sragen"
"1632SRGSW","MFB","078","8500000","24","X","SRG","Sragen"
"1633KRART","ET","","300000","25","X","KRA","Karanganyar"
"1637BYLMM","60","181","900000","10","X","BYL","Boyolali"
"1637BYLMM","63","jf01","2222017","24","X","BYL","Boyolali"
"1637BYLMM","ET","","700000","25","X","BYL","Boyolali"
"1637BYLMM","M3","","3200000","10","X","BYL","Boyolali"
"1637BYLMM","M6","","3000000","10","X","BYL","Boyolali"
"1637BYLMM","MFB","0112","6600000","24","X","BYL","Boyolali"
"1637BYLMM","MFB","0181","500000","24","X","BYL","Boyolali"
"1637BYLRT","ET","","500000","25","X","BYL","Boyolali"
"1638KRART","60","193","1850000","10","X","KRA","Karanganyar"
"1638KRART","63","jf05","4000000","10","X","KRA","Karanganyar"
"1638KRART","M3","174","4800000","10","X","KRA","Karanganyar"
"1638KRART","M6","7003","600000","24","X","KRA","Karanganyar"
"1638KRART","MFB","078","600000","25","X","KRA","Karanganyar"
"1638SKHRT","ET","","500000","25","X","SKH","Sukoharjo"
"1639SKHRT","63","jF07","2600000","10","X","SKH","Sukoharjo"
"1641BYLRT","ET","","500000","25","X","BYL","Boyolali"
"1641SKHAP","63","jf11","500000","24","X","SKH","Sukoharjo"
"1642SLSRT","M3","0146","4000000","10","X","SLS","Solo Selatan"
"1642SLSRT","M3","0146N","40000","24","X","SLS","Solo Selatan"
"1645BYLRT","60","179","3500000","24","X","BYL","Boyolali"
"1645BYLRT","63","jf01","500000","10","X","BYL","Boyolali"
"1645BYLRT","MFB","0233","2150000","25","X","BYL","Boyolali"
"1645BYLRT","MFB","175","5300000","25","X","BYL","Boyolali"
"1646SRGSW","60","","8000000","10","X","SRG","Sragen"
"1646SRGSW","MFB","0112","12100000","10","X","SRG","Sragen"
"1647KLTRT","M3","","1000000","10","X","KRA","Karanganyar"
"1647SRGRT","63","jf08","500000","10","X","SRG","Sragen"
"1648SKHRT","M3","","500000","10","X","SKH","Sukoharjo"
"1649KRART","ET","","900000","25","X","KRA","Karanganyar"
"1649SRGRT","63","jf14","2336442","10","X","SRG","Sragen"
"1649SRGRT","MFB","0181","500000","25","X","SRG","Sragen"
"1652BYLRT","60","179","2000000","10","X","BYL","Boyolali"
"1652BYLRT","63","jF05","1000000","24","X","BYL","Boyolali"
"1652BYLRT","MFB","175","700000","24","X","BYL","Boyolali"
"1652KRART","63","","1194404","10","X","KRA","Karanganyar"
"1652SKHRT","ET","","500000","25","X","SKH","Sukoharjo"
"1652SRGRT","60","181","600000","24","X","SRG","Sragen"
"1652SRGRT","63","jF14","4083158","10","X","SRG","Sragen"
"1652SRGRT","ET","341","500000","25","X","SRG","Sragen"
"1652SRGRT","M3","067","5500000","24","X","SRG","Sragen"
"1652SRGRT","M6","086","1000000","24","X","SRG","Sragen"
"1652SRGRT","MFB","0112","700000","24","X","SRG","Sragen"
"1652SRGRT","MFB","0181","500000","24","X","SRG","Sragen"
"1653KRART","ET","","500000","25","X","KRA","Karanganyar"
"1653SKHRT","MFB","0233","3150000","25","X","SKH","Sukoharjo"
"1653SRGRT","60","181","1600000","24","X","SRG","Sragen"
"1653SRGSW","60","193","7850000","24","1","SRG","Sragen"
"1653SRGSW","M3","067","38500000","24","X","SRG","Sragen"
"1653SRGSW","MFB","0112","24300000","10","X","SRG","Sragen"
"1654SLURT","MFB","0","7500000","10","X","SLU","Solo Utara"
"1655KRASM","ET","342","13500000","25","X","KRA","Karanganyar"
"1655KRASM","M3","184","6000000","30","X","KRA","Karanganyar"
"1655KRASM","M6","102","10000000","30","X","KRA","Karanganyar"
"1655KRASM","MFB","0365","12200000","30","X","KRA","Karanganyar"
"1655SLURT","60","179","1900000","24","X","SLU","Solo Utara"
"1655SLURT","63","JF02","700000","24","X","SLU","Solo Utara"
"1655SLURT","M3","190","1200000","24","X","SLU","Solo Utara"
"1655SLURT","M6","7003","900000","24","X","SLU","Solo Utara"
"1656SRGRT","60","181","2500000","10","X","SRG","Sragen"
"1656SRGRT","63","jf14","5179642","10","X","SRG","Sragen"
"1656SRGRT","ET","","500000","25","X","SRG","Sragen"
"1656SRGRT","M3","067","12000000","24","X","SRG","Sragen"
"1656SRGRT","M6","086","4000000","24","X","SRG","Sragen"
"1656SRGRT","MFB","0112","9800000","10","X","SRG","Sragen"
"1656SRGRT","MFB","1100","600000","10","X","SRG","Sragen"
"1658KRART","60","180","1150000","10","X","KRA","Karanganyar"
"1658KRART","ET","","500000","25","X","KRA","Karanganyar"
"1658KRART","M3","174","850000","10","X","KRA","Karanganyar"
"1658SLURT","ET","","500000","25","X","SLU","Solo Utara"
"1659KRART","ET","","500000","25","X","BYL","Boyolali"
"1659KRART","MFB","0181","1000000","10","X","BYL","Boyolali"
"1663BYLRT","MFB","0233","1.25","10","X","BYL","Boyolali"
"1666BYLRT","ET","343","800000","24","X","BYL","Boyolali"
"1667SLURT","ET","343","500000","24","","SLU","Solo Utara"
"1668BYLRT","60","179","3050000","25","X","BYL","Boyolali"
"1668BYLRT","MFB","175","2000000","24","X","BYL","Boyolali"
"1669BYLRT","63","jF09","500000","24","X","BYL","Boyolali"
"1669SRGRT","60","185","1100000","24","X","SRG","Sragen"
"1669SRGRT","63","jf08","2558517","24","X","SRG","Sragen"
"1669SRGRT","M3","189","2700000","10","X","SRG","Sragen"
"1669SRGRT","M6","086","2400000","25","X","SRG","Sragen"
"1670BYLRT","63","","500000","10","X","BYL","Boyolali"
"1670GMLRT","60","181","900000","24","X","GML","Gemolong"
"1670GMLRT","ET","","500000","25","X","GML","Gemolong"
"1670GMLRT","MFB","0181","1500000","10","X","GML","Gemolong"
"1671SKHRT","ET","341","1600000","24","X","SKH","Sukoharjo"
"1671SLSRT","60","180","800000","24","X","SLS","Solo Selatan"
"1671SLSRT","63","JF07","1471200","24","X","SLS","Solo Selatan"
"1671SLSRT","M3","0146","500000","10","X","SLS","Solo Selatan"
"1671SLSRT","M3","0146N","40000","24","X","SLS","Solo Selatan"
"1672SRGRT","60","180","2050000","25","X","SRG","Sragen"
"1672SRGRT","MFB","0380","1000000","25","X","SRG","Sragen"
"1672SRGRT","MFB","078","2400000","25","X","SRG","Sragen"
"1674BYLRT","60","179","1000000","24","X","BYL","Boyolali"
"1674BYLRT","MFB","175","1150000","24","X","BYL","Boyolali"
"1674KRART","M3","502","300000","10","X","KRA","Karanganyar"
"1674KRART","M3","502N","40000","24","X","KRA","Karanganyar"
"1674SRGRT","63","jf17","700000","10","X","SRG","Sragen"
"1675KTSRT","60","179","1800000","24","X","KTS","Kartosuro"
"1675KTSRT","M3","190","800000","24","X","KTS","Kartosuro"
"1675SRGRT","63","jF14","500000","10","X","SRG","Sragen"
"1675SRGRT","MFB","0181","500000","10","X","SRG","Sragen"
"1676SLSRT","MFB","0233","13300000","10","X","SLS","Solo Selatan"
"1677BYLRT","63","jF15","700000","24","X","BYL","Boyolali"
"1680SKHRT","60","180","1000000","24","X","SKH","Sukoharjo"
"1680SKHRT","63","JF11","773400","24","X","SKH","Sukoharjo"
"1682KRART","60","180","500000","24","X","KRA","Karanganyar"
"1682KRART","63","jf15","2236950","10","X","KRA","Karanganyar"
"1682KRART","ET","","500000","25","X","KRA","Karanganyar"
"1682KRART","M6","7003","600000","10","X","KRA","Karanganyar"
"1684KRART","60","180","600000","24","X","KRA","Karanganyar"
"1684SLURT","60","179","2400000","24","X","SLS","Solo Selatan"
"1684SLURT","MFB","0233","1000000","24","X","SLS","Solo Selatan"
"1684SLURT","MFB","175","1350000","24","X","SLS","Solo Selatan"
"1684SRGRT","60","181","600000","25","X","SRG","Sragen"
"1685SLSRT","63","","500000","10","X","SLS","Solo Selatan"
"1685SRGRT","MFB","181","5000000","10","X","SRG","Sragen"
"1686SKHRT","M3","","3000000","10","X","SKH","Sukoharjo"
"1686SKHRT","M3","N","40000","24","X","SKH","Sukoharjo"
"1687SLURT","63","jF07","500000","24","X","SLU","Solo Utara"
"1687SLURT","ET","340","1150000","24","X","SLU","Solo Utara"
"1688SLURT","MFB","0233","850000","25","X","SLU","Solo Utara"
"1689SLSRT","60","178","1750000","10","X","SLS","Solo Selatan"
"1689SLURT","ET","","1000000","25","X","SLU","Solo Utara"
"1691SLURT","60","193","3700000","10","X","SLU","Solo Utara"
"1691SLURT","63","jf05","1350000","10","X","SLU","Solo Utara"
"1691SLURT","M3","190","2100000","24","X","SLU","Solo Utara"
"1692KRART","63","jf15","600000","10","X","KRA","Karanganyar"
"1692SLURT","ET","","500000","25","X","SLU","Solo Utara"
"1693KRART","ET","341","550000","25","X","KRA","Karanganyar"
"1694SRGRT","60","","500000","10","X","SRG","Sragen"
"1694SRGRT","ET","341","500000","25","X","SRG","Sragen"
"1695BYLRT","63","jF05","1400000","10","X","BYL","Boyolali"
"1695BYLRT","ET","","500000","25","X","BYL","Boyolali"
"1695KRART","ET","","500000","25","X","KRA","Karanganyar"
"1695KRART","MFB","","700000","25","X","KRA","Karanganyar"
"1695KRART","MFB","0380","500000","25","X","KRA","Karanganyar"
"1695SRGRT","ET","341","5800000","25","X","SRG","Sragen"
"1696SLURT","MFB","0233","500000","10","X","SLU","Solo Utara"
"1698SLSRT","63","JF12","1000000","24","X","SLS","Solo Selatan"
"1700BYLRT","ET","","500000","25","X","BYL","Boyolali"
"1702BYLRT","63","jF05","1248283","24","X","BYL","Boyolali"
"1702BYLRT","ET","","500000","25","X","BYL","Boyolali"
"1702BYLRT","M3","0146","650000","10","X","BYL","Boyolali"
"1702BYLRT","M3","0146N","40000","24","X","BYL","Boyolali"
"1703KTSRT","ET","","500000","25","X","KTS","Kartosuro"
"1703KTSRT","M3","0146","500000","1","x","KTS","Kartosuro"
"1703KTSRT","M3","0146N","40000","24","x","KTS","Kartosuro"
"1705KTSRT","ET","341","625000","24","X","KTS","Kartosuro"
"1708KRART","60","","100000","10","X","KRA","Karanganyar"
"1708KRART","M3","","500000","10","X","KRA","Karanganyar"
"1711KTSRT","MFB","0233","500000","10","X","KTS","Kartosuro"
"1714BYLRT","M3","","500000","10","X","BYL","Boyolali"
"1714SLURT","60","180","500000","10","X","SLU","Solo Utara"
"1715KRART","M3","0146","6500000","10","","KRA","Karanganyar"
"1715KRART","M3","0146N","40000","24","","KRA","Karanganyar"
"1717SKHRT","63","jf16","500000","24","X","SKH","Sukoharjo"
"1718SLSRT","60","179","1000000","24","X","SLS","Solo Selatan"
"1718SLSRT","63","jf18","500000","24","X","SLS","Solo Selatan"
"1719SLSRT","60","179","1200000","10","X","SLS","Solo Selatan"
"1719SLSRT","63","jf18","569294","24","X","SLS","Solo Selatan"
"1719SLSRT","M3","","500000","10","X","SLS","Solo Selatan"
"1723KRART","63","JF09","500000","24","X","KRA","Karanganyar"
"1723KRART","ET","","500000","24","X","KRA","Karanganyar"
"1723KRART","M6","7003","500000","24","X","KRA","Karanganyar"
"1723KRART","MFB","078","950000","24","X","KRA","Karanganyar"
"1724SRGRT","M3","189","1000000","24","X","SRG","Sragen"
"1725BYLRT","60","178","4750000","24","X","BYL","Boyolali"
"1725BYLRT","M3","190","800000","10","X","BYL","Boyolali"
"1725BYLRT","MFB","175","1500000","24","X","BYL","Boyolali"
"1725KRART","63","jF11","500000","10","X","KRA","Karanganyar"
"1725SLURT","63","0001","300000","10","X","SLU","Solo Utara"
"1725SLURT","ET","0001","100000","10","X","SLU","Solo Utara"
"1725SLURT","M3","0001","200000","10","X","SLU","Solo Utara"
"1725SLURT","M3","0001N","40000","24","X","SLU","Solo Utara"
"1725SLURT","MFB","0001","500000","10","X","SLU","Solo Utara"
"1726SLURT","M3","502","300000","10","X","SLU","Solo Utara"
"1726SLURT","M3","502N","40000","24","X","SLU","Solo Utara"
"1728BYLRT","63","JF11","802225","24","X","BYL","Boyolali"
"1728BYLRT","ET","","300000","10","X","BYL","Boyolali"
"1728KRART","60","185","800000","24","X","KRA","Karanganyar"
"1728KRART","M3","174","500000","10","X","KRA","Karanganyar"
"1729KRART","60","178","2600000","24","X","KRA","Karanganyar"
"1729KRART","63","jF01","1100000","10","X","KRA","Karanganyar"
"1729KTSRT","ET","","500000","25","X","KTS","Kartosuro"
"1729KTSRT","MFB","0233","1000000","25","X","KTS","Kartosuro"
"1729KTSRT","MFB","175","2350000","25","X","KTS","Kartosuro"
"1730BYLRT","63","JF11","1000000","10","X","BYL","Boyolali"
"1732BYLRT","60","179","2800000","24","X","BYL","Boyolali"
"1732BYLRT","M6","7003","500000","10","X","BYL","Boyolali"
"1732SLSRT","ET","","500000","25","X","SLS","Solo Selatan"
"1733KTSRT","ET","341","1050000","24","X","KTS","Kartosuro"
"1735KTSRT","ET","341","500000","50","X","KTS","Kartosuro"
"1736KRART","60","","500000","25","X","SRG","Sragen"
"1736KRART","M3","","2200000","10","X","SRG","Sragen"
"1738KTSRT","63","JF03","500000","24","X","KTS","Kartosuro"
"1740SLURT","63","jf07","1317302","10","X","SLU","Solo Utara"
"1740SLURT","ET","343","750000","24","X","SLU","Solo Utara"
"1740SLURT","M3","190","500000","10","X","SLU","Solo Utara"
"1740SLURT","M6","7003","2000000","10","X","SLU","Solo Utara"
"1742SRGRT","ET","","1800000","25","X","SRG","Sragen"
"1742SRGRT","M3","189","5600000","10","X","SRG","Sragen"
"1744SKHRT","60","177","500000","10","X","SKH","Sukoharjo"
"1744SKHRT","MFB","0362","600000","10","X","SKH","Sukoharjo"
"1745KRART","63","jf05","1435317","10","X","KRA","Karanganyar"
"1745KRART","MFB","078","500000","24","X","KRA","Karanganyar"
"1745SRGRT","MFB","502","500000","25","X","SRG","Sragen"
"1746KTSRT","ET","","500000","25","X","KTS","Kartosuro"
"1746SLSRT","63","jf12","500000","24","X","SLS","Solo Selatan"
"1747BYLRT","63","","2331833","10","X","BYL","Boyolali"
"1747KRART","60","178","550000","24","X","KRA","Karanganyar"
"1747KRART","63","jF02","1500000","10","X","KRA","Karanganyar"
"1747KRART","M6","070","600000","24","X","KRA","Karanganyar"
"1747KRART","MFB","175","3000000","24","X","KRA","Karanganyar"
"1747SLSRT","63","JF12","1100000","24","X","SLS","Solo Selatan"
"1747SRGRT","ET","","500000","25","X","SRG","Sragen"
"1748BYLRT","M3","","500000","10","X","BYL","Boyolali"
"1748SLSRT","63","","500000","10","X","SLS","Solo Selatan"
"1748SLSRT","MFB","","300000","25","X","SLS","Solo Selatan"
"1748SRGRT","60","180","800000","25","X","SRG","Sragen"
"1748SRGRT","MFB","0380","500000","25","X","SRG","Sragen"
"1748SRGRT","MFB","078","700000","25","X","SRG","Sragen"
"1749BYLRT","M3","","500000","10","X","BYL","Boyolali"
"1749SLSRT","63","jF11","2764317","24","X","SLS","Solo Selatan"
"1749SLSRT","M6","7003","1300000","10","X","SLS","Solo Selatan"
"1749SLSRT","MFB","0233","500000","10","X","SLS","Solo Selatan"
"1750BYLRT","63","jf11","2600000","10","X","BYL","Boyolali"
"1751BYLRT","ET","","500000","25","X","BYL","Boyolali"
"1752BYLRT","60","179","1000000","24","X","BYL","Boyolali"
"1752BYLRT","63","jf01","1000000","10","X","BYL","Boyolali"
"1752BYLRT","MFB","0233","500000","25","X","BYL","Boyolali"
"1753KRART","60","180","1500000","24","X","KRA","Karanganyar"
"1753KRART","63","JF02","832661","24","X","KRA","Karanganyar"
"1753KRART","M3","174","1600000","10","X","KRA","Karanganyar"
"1754SRGRT","60","","500000","10","X","SRG","Sragen"
"1754SRGRT","63","JF14","1597200","10","X","SRG","Sragen"
"1754SRGRT","MFB","","500000","10","X","SRG","Sragen"
"1754SRGRT","MFB","0181","500000","10","X","SRG","Sragen"
"1756BYLMM","63","JF11","8300000","10","X","BYL","Boyolali"
"1756BYLMM","M6","7003","3200000","24","X","BYL","Boyolali"
"1756BYLMM","MFB","175","3200000","24","X","BYL","Boyolali"
"1756BYLRT","60","179","1000000","24","X","BYL","Boyolali"
"1756BYLRT","63","jF15","1047500","24","X","BYL","Boyolali"
"1756BYLRT","M3","","3000000","10","X","BYL","Boyolali"
"1756SKHRT","ET","341","5500000","25","X","SKH","Sukoharjo"
"1756SLSRT","63","jF02","1079658","10","X","SLS","Solo Selatan"
"1756SLSRT","ET","","500000","25","X","SLS","Solo Selatan"
"1757SLSRT","63","jF16","500000","24","X","SLS","Solo Selatan"
"1757SLURT","63","jF11","21000000","24","X","SLU","Solo Utara"
"1758SRGRT","60","193","10000000","24","X","SRG","Sragen"
"1758SRGRT","MFB","0112","9200000","24","X","SRG","Sragen"
"1758SRGRT","MFB","0181","1000000","24","X","SRG","Sragen"
"1761BYLRT","60","181","6250000","10","X","BYL","Boyolali"
"1761BYLRT","63","jf01","2113750","24","X","BYL","Boyolali"
"1761BYLRT","ET","343","500000","24","x","BYL","Boyolali"
"1761BYLRT","M3","189","1500000","10","X","BYL","Boyolali"
"1761BYLRT","M6","070","1000000","24","X","BYL","Boyolali"
"1761BYLRT","MFB","1100","5400000","10","X","BYL","Boyolali"
"1761SKHRT","60","180","800000","25","X","SKH","Sukoharjo"
"1761SKHRT","63","jf01","1200000","10","X","SKH","Sukoharjo"
"1761SKHRT","ET","341","500000","25","X","SKH","Sukoharjo"
"1761SKHRT","M3","174","800000","10","X","SKH","Sukoharjo"
"1761SKHRT","M6","7003","2000000","24","X","SKH","Sukoharjo"
"1761SKHRT","MFB","078","1600000","25","X","SKH","Sukoharjo"
"1764KRART","ET","","500000","25","","KRA","Karanganyar"
"1764KRART","M6","","700000","10","","KRA","Karanganyar"
"1765KRART","60","180","600000","24","X","KRA","Karanganyar"
"1765KRART","63","jF02","2500000","10","X","KRA","Karanganyar"
"1765KRART","ET","","500000","25","X","KRA","Karanganyar"
"1765KRART","M3","174","2850000","10","X","KRA","Karanganyar"
"1765KRART","M6","7003","700000","10","X","KRA","Karanganyar"
"1765SLSRT","ET","0001","600000","25","X","SLS","Solo Selatan"
"1765SLSRT","MFB","0366","1700000","10","X","SLS","Solo Selatan"
"1768SLURT","MFB","0233","3250000","25","X","SLU","Solo Utara"
"1770BYLRT","60","179","1750000","24","X","BYL","Boyolali"
"1770BYLRT","63","jF12","2000000","10","X","BYL","Boyolali"
"1770BYLRT","M6","7003","900000","24","X","BYL","Boyolali"
"1770BYLRT","MFB","0233","500000","24","X","BYL","Boyolali"
"1770BYLRT","MFB","175","2200000","24","X","BYL","Boyolali"
"1775KRART","ET","","700000","25","X","KRA","Karanganyar"
"1775SLSRT","63","jf11","8400000","24","X","SLS","Solo Selatan"
"1775SLURT","ET","","500000","25","X","SLU","Solo Utara"
"1777BYLRT","63","","500000","10","X","BYL","Boyolali"
"1777krart","M3","0146N","40000","24","X","KRA","Karanganyar"
"1777SLURT","60","","500000","10","X","SLU","Solo Utara"
"1777SLURT","ET","","550000","25","X","SLU","Solo Utara"
"1784KRART","63","jF02","1000000","24","X","KRA","Karanganyar"
"1785KRART","60","193","7350000","24","X","KRA","Karanganyar"
"1785KRART","ET","","500000","25","X","KRA","Karanganyar"
"1785SLSRT","ET","343","2000000","24","X","SLS","Solo Selatan"
"1785SRGRT","63","jf10","500000","24","X","SRG","Sragen"
"1787KRART","63","jF11","1000000","24","X","KRA","Karanganyar"
"1787SLSRT","M3","0001","1000000","10","X","SLS","Solo Selatan"
"1787SLSRT","M3","0001N","40000","24","X","SLS","Solo Selatan"
"1788SLURT","M3","256","1500000","10","X","SLU","Solo Utara"
"1788SLURT","M3","257N","40000","24","X","SLU","Solo Utara"
"1788SLURT","M6","0001","100000","24","X","SLU","Solo Utara"
"1788SLURT","MFB","257","7000000","24","X","SLU","Solo Utara"
"1792KRART","60","180","3500000","25","X","KRA","Karanganyar"
"1792KRART","63","JF15","1380800","24","X","KRA","Karanganyar"
"1792KRART","ET","","500000","24","X","KRA","Karanganyar"
"1792KRART","M3","174","2300000","10","X","KRA","Karanganyar"
"1792KRART","MFB","078","1200000","25","X","KRA","Karanganyar"
"1793KRART","ET","","500000","25","X","KRA","Karanganyar"
"1796SLSMM","MFB","0233","2000000","10","X","SLS","Solo Selatan"
"1798SKHRT","60","193","30000000","10","X","SKH","Sukoharjo"
"1798SKHRT","MFB","078","24100000","25","X","SKH","Sukoharjo"
"1799KRART","M6","","500000","25","X","KRA","Karanganyar"
"1800BYLRT","ET","343","750000","24","X","BYL","Boyolali"
"1804SLSMM","M3","","900000","10","X","SLS","Solo Selatan"
"1804SLSMM","M6","","2200000","25","X","SLS","Solo Selatan"
"1804SLSMM","MFB","","1700000","10","X","SLS","Solo Selatan"
"1805SLSRT","60","180","2050000","10","X","SLS","Solo Selatan"
"1805SLSRT","63","JF05","1000000","10","X","SLS","Solo Selatan"
"1805SLSRT","M3","190","1000000","10","X","SLS","Solo Selatan"
"1815BYLRT","60","","100000","10","X","BYL","Boyolali"
"1816SLURT","60","180","1700000","24","X","SLU","Solo Utara"
"1816SLURT","M3","174","5300000","21","X","SLU","Solo Utara"
"1816SLURT","M6","070","900000","24","X","SLU","Solo Utara"
"1817SKHRT","ET","","600000","25","X","SKH","Sukoharjo"
"1825KRART","60","180","500000","24","X","KRA","Karanganyar"
"1825KRART","63","jf02","500000","24","X","KRA","Karanganyar"
"1825KRART","M3","174","300000","10","X","KRA","Karanganyar"
"1825KRART","MFB","078","750000","25","X","KRA","Karanganyar"
"1825KRART","MFB","1109","500000","24","X","KRA","Karanganyar"
"1826KTSSW","ET","","500000","25","X","KTS","Kartosuro"
"1826KTSSW","MFB","0233","3500000","10","X","KTS","Kartosuro"
"1826KTSSW","MFB","0380","9900000","25","X","KTS","Kartosuro"
"1827SLSRT","M3","067","1000000","24","X","SLS","Solo Selatan"
"1828SKHRT","ET","341","19500000","24","X","SKH","Sukoharjo"
"1829SLSRT","ET","343","500000","25","X","SLS","Solo Selatan"
"1830BYLRT","63","jf09","700000","24","X","BYL","Boyolali"
"1831BYLMM","63","","1631517","10","X","BYL","Boyolali"
"1833SRGRT","63","","500000","10","X","SRG","Sragen"
"1833SRGRT","MFB","0181","500000","10","X","SRG","Sragen"
"1835SLSRT","MFB","0233","900000","10","X","SLS","Solo Selatan"
"1836SLUMM","ET","","500000","25","X","SLU","Solo Utara"
"1840KRART","ET","","500000","25","X","KRA","Karanganyar"
"1840KRART","M6","070","300000","24","X","KRA","Karanganyar"
"1841KRART","60","180","900000","24","X","KRA","Karanganyar"
"1841KRART","63","JF11","647950","24","X","KRA","Karanganyar"
"1841KRART","M3","502","300000","10","X","KRA","Karanganyar"
"1841KRART","M3","502N","40000","24","X","KRA","Karanganyar"
"1842SLSRT","M3","","1350000","10","X","SLS","Solo Selatan"
"1842SLSRT","MFB","0366","5700000","24","X","SLS","Solo Selatan"
"1842SLSRT","MFB","078","1900000","25","X","SLS","Solo Selatan"
"1842SRGRT","60","185","2250000","24","X","SRG","Sragen"
"1844KRART","60","180","500000","25","X","KRA","Karanganyar"
"1844KRART","ET","","500000","25","X","KRA","Karanganyar"
"1844KRART","M6","","500000","10","X","KRA","Karanganyar"
"1844KRART","MFB","0380","500000","25","X","KRA","Karanganyar"
"1844KRART","MFB","078","500000","25","X","KRA","Karanganyar"
"1846BYLRT","ET","343","3100000","24","X","BYL","Boyolali"
"1847KRART","60","181","1000000","24","X","KRA","Karanganyar"
"1847SLSRT","MFB","0233","1000000","10","","SLS","Solo Selatan"
"1847SRGRT","60","181","500000","24","X","SRG","Sragen"
"1847SRGRT","M3","067","1500000","24","X","SRG","Sragen"
"1847SRGRT","M6","086","500000","24","X","SRG","Sragen"
"1847SRGRT","MFB","0112","500000","24","X","SRG","Sragen"
"1848KRART","63","jF12","500000","24","X","KRA","Karanganyar"
"1848SLURT","MFB","0233","500000","10","X","SLU","Solo Utara"
"1849KRART","60","","500000","25","X","KRA","Karanganyar"
"1849KRART","63","jF12","1300000","24","X","KRA","Karanganyar"
"1851BYLRT","ET","","7500000","25","X","BYL","Boyolali"
"1854srgrt","60","","11000000","10","X","SRG","Sragen"
"1855SKHRT","ET","341","3100000","25","X","SKH","Sukoharjo"
"1856SLURT","ET","","1800000","25","X","SLU","Solo Utara"
"1856SLURT","MFB","0233","1600000","10","X","SLU","Solo Utara"
"1857SRGRT","60","185","3800000","24","X","SRG","Sragen"
"1857SRGRT","MFB","0112","900000","25","X","SRG","Sragen"
"1858SRGRT","63","jf10","500000","24","X","SRG","Sragen"
"1860BYLRT","MFB","0233","4000000","10","X","BYL","Boyolali"
"1860SLUSW","M3","0146","15000000","10","X","SLU","Solo Utara"
"1860SLUSW","M3","0146N","40000","24","X","SLU","Solo Utara"
"1861KRART","ET","341","1500000","25","X","KRA","Karanganyar"
"1861SRGRT","63","JF08","500000","24","X","SRG","Sragen"
"1863SKHRT","60","180","700000","10","X","SKH","Sukoharjo"
"1863SKHRT","63","jf16","500000","24","X","SKH","Sukoharjo"
"1863SKHRT","ET","","500000","25","X","SKH","Sukoharjo"
"1863SKHRT","M3","174","500000","24","X","SKH","Sukoharjo"
"1863SLURT","60","","6000000","10","X","SLU","Solo Utara"
"1863SLURT","M3","0146","300000","10","X","SLU","Solo Utara"
"1863SLURT","M3","0146N","40000","24","X","SLU","Solo Utara"
"1864SLURT","60","179","900000","24","X","SLU","Solo Utara"
"1864SLURT","M3","0146","500000","10","X","SLU","Solo Utara"
"1864SLURT","M3","0146N","40000","24","X","SLU","Solo Utara"
"1864SRGRT","60","181","1350000","24","X","SRG","Sragen"
"1865SKHRT","ET","","750000","25","X","SKH","Sukoharjo"
"1865SKHRT","M3","","1000000","10","X","SKH","Sukoharjo"
"1867BYLRT","ET","343","1000000","24","X","BYL","Boyolali"
"1867SLSRT","63","jf16","1128279","24","X","SLS","Solo Selatan"
"1867SLURT","63","JF12","800000","10","X","SLU","Solo Utara"
"1867SLURT","ET","","500000","25","X","SLU","Solo Utara"
"1867SLURT","MFB","0233","1800000","25","X","SLU","Solo Utara"
"1869KRART","MFB","","1950000","25","X","KRA","Karanganyar"
"1869KRART","MFB","0380","500000","25","X","KRA","Karanganyar"
"1870SRGRT","60","181","10000000","24","X","SRG","Sragen"
"1870SRGRT","63","jf14","6335156","10","X","SRG","Sragen"
"1870SRGRT","ET","","500000","25","X","SRG","Sragen"
"1870SRGRT","M3","067","70000000","25","X","SRG","Sragen"
"1875KRART","M3","502","300000","10","X","KRA","Karanganyar"
"1875KRART","M3","502N","40000","24","X","KRA","Karanganyar"
"1875SLURT","ET","0","750000","25","X","SLU","Solo Utara"
"1876BYLRT","ET","","500000","25","X","BYL","Boyolali"
"1876KRART","63","jf03","2400000","10","X","KRA","Karanganyar"
"1876KRART","ET","341","500000","24","X","KRA","Karanganyar"
"1876KRART","M3","174","800000","10","X","KRA","Karanganyar"
"1876KRART","M6","7003","700000","10","X","KRA","Karanganyar"
"1876KRART","MFB","078","500000","10","X","KRA","Karanganyar"
"1879SLSRT","60","193","2900000","24","X","SLS","Solo Selatan"
"1879SLSRT","M3","190","800000","24","X","SLS","Solo Selatan"
"1879SLSRT","MFB","1109","500000","10","X","SLS","Solo Selatan"
"1884SLSRT","ET","341","3250000","25","X","SLS","Solo Selatan"
"1886KTSRT","60","","300000","10","X","KTS","Kartosuro"
"1886KTSRT","ET","","500000","25","X","KTS","Kartosuro"
"1886SKHRT","60","177","1.25","10","X","SKH","Sukoharjo"
"1886SKHRT","MFB","0362","500000","10","X","SKH","Sukoharjo"
"1886SKHRT","MFB","2307","500000","10","X","SKH","Sukoharjo"
"1891SLURT","ET","","500000","25","X","SLU","Solo Utara"
"1893SLURT","60","180","2000000","10","X","SLU","Solo Utara"
"1893SLURT","MFB","078","5000000","10","X","SLU","Solo Utara"
"1894SLSSW","MFB","0380","14600000","10","X","SLS","Solo Selatan"
"1895SLUSW","MFB","0380","8500000","10","X","SLU","Solo Utara"
"1896BYLRT","63","","500000","10","X","BYL","Boyolali"
"1896KRAKO","63","","500000","10","X","KRA","Karanganyar"
"1896KRART","ET","341","4800000","24","X","KRA","Karanganyar"
"1900SLSRT","63","jF05","2500000","24","X","SLS","Solo Selatan"
"1900SLSRT","ET","","500000","25","X","SLS","Solo Selatan"
"1900SRGRT","60","","500000","25","X","SRG","Sragen"
"1900SRGRT","63","jF17","1500000","10","X","SRG","Sragen"
"1900SRGRT","ET","","500000","25","X","SRG","Sragen"
"1901KTSRT","60","185","550000","24","X","KTS","Kartosuro"
"1906BYLRT","ET","","700000","25","X","BYL","Boyolali"
"1906BYLRT","MFB","0233","500000","10","X","BYL","Boyolali"
"1907SRGRT","60","185","1300000","10","X","SRG","Sragen"
"1907SRGRT","63","jf17","4787422","10","X","SRG","Sragen"
"1907SRGRT","ET","","4000000","24","X","SRG","Sragen"
"1907SRGRT","M3","067","5750000","10","X","SRG","Sragen"
"1907SRGRT","M6","","4000000","24","1","SRG","Sragen"
"1907SRGRT","MFB","0112","3100000","24","X","SRG","Sragen"
"1910BYLRT","60","185","2100000","24","X","BYL","Boyolali"
"1910BYLRT","63","","500000","10","X","BYL","Boyolali"
"1910BYLRT","MFB","0112","4500000","24","X","BYL","Boyolali"
"1910BYLRT","MFB","1100","500000","24","X","BYL","Boyolali"
"1913BYLRT","60","179","4800000","10","X","BYL","Boyolali"
"1913BYLRT","63","jF16","7958792","24","X","BYL","Boyolali"
"1913BYLRT","M3","067","2600000","10","X","BYL","Boyolali"
"1913BYLRT","M6","7003","1000000","10","X","BYL","Boyolali"
"1913BYLRT","MFB","0233","800000","25","X","BYL","Boyolali"
"1913BYLRT","MFB","0380","250000","25","X","BYL","Boyolali"
"1913BYLRT","MFB","175","20000000","10","X","BYL","Boyolali"
"1919KTSRT","63","JF03","500000","24","X","KTS","Kartosuro"
"1920SLSRT","60","179","2200000","10","X","SLS","Solo Selatan"
"1920SLSRT","63","jf02","1269041","24","X","SLS","Solo Selatan"
"1920SLSRT","M3","190","900000","24","X","SLS","Solo Selatan"
"1920SLSRT","M6","070","500000","10","X","SLS","Solo Selatan"
"1922SKHRT","ET","","500000","25","X","SKH","Sukoharjo"
"1923BYLMM","60","181","800000","24","X","BYL","Boyolali"
"1923BYLMM","63","jF16","951358","24","X","BYL","Boyolali"
"1923BYLMM","M3","189","800000","10","X","BYL","Boyolali"
"1923BYLMM","M6","070","3000000","24","X","BYL","Boyolali"
"1923BYLMM","MFB","0112","4950000","25","X","BYL","Boyolali"
"1924BYLRT","60","179","1500000","10","X","BYL","Boyolali"
"1924BYLRT","63","jf05","500000","24","X","BYL","Boyolali"
"1924KRART","63","jF09","500000","24","X","KRA","Karanganyar"
"1924KRART","MFB","078","700000","25","X","KRA","Karanganyar"
"1925KRART","60","","500000","25","X","KRA","Karanganyar"
"1925SLSRT","60","178","500000","24","X","SLS","Solo Selatan"
"1926SLURT","60","185","1100000","10","X","SLU","Solo Utara"
"1926SLURT","63","jF07","718231","10","X","SLU","Solo Utara"
"1926SLURT","MFB","0233","800000","10","X","SLU","Solo Utara"
"1929SLSRT","63","jF07","500000","10","x","SLS","Solo Selatan"
"1929SLSRT","ET","","500000","25","X","SLS","Solo Selatan"
"1929SRGRT","63","jf10","1543625","24","X","SRG","Sragen"
"1929SRGRT","MFB","0181","800000","10","X","SRG","Sragen"
"1932BYLRT","63","jF12","566292","24","X","BYL","Boyolali"
"1932BYLRT","ET","","500000","25","X","BYL","Boyolali"
"1933BYLRT","60","193","3200000","25","X","BYL","Boyolali"
"1934KRART","63","jF12","1200000","24","X","KRA","Karanganyar"
"1934KRART","M3","189","950000","10","X","KRA","Karanganyar"
"1934KRART","M6","070","500000","10","X","KRA","Karanganyar"
"1934KRART","MFB","","1000000","25","X","KRA","Karanganyar"
"1936SLURT","MFB","502","300000","10","X","SLU","Solo Utara"
"1937KRART","60","180","500000","25","X","KRA","Karanganyar"
"1937KRART","63","JF15","1289342","10","X","KRA","Karanganyar"
"1937KRART","M3","174","650000","10","X","KRA","Karanganyar"
"1937KRART","M6","7003","800000","24","X","KRA","Karanganyar"
"1937KRART","MFB","078","500000","24","X","KRA","Karanganyar"
"1938BYLRT","60","179","1000000","24","X","BYL","Boyolali"
"1938BYLRT","MFB","0233","800000","10","X","BYL","Boyolali"
"1938BYLRT","MFB","175","600000","10","X","BYL","Boyolali"
"1938SLSRT","60","179","800000","24","X","SLS","Solo Selatan"
"1938SLSRT","63","jf11","500000","24","X","SLS","Solo Selatan"
"1938SLSRT","MFB","0233","500000","10","X","SLS","Solo Selatan"
"1938SLSRT","MFB","175","900000","10","X","SLS","Solo Selatan"
"1942KRART","63","jF15","1112058","24","X","KRA","Karanganyar"
"1942KRART","M6","070","600000","24","X","KRA","Karanganyar"
"1942KRART","MFB","078","1500000","24","X","KRA","Karanganyar"
"1943SKHRT","MFB","0233","500000","10","X","SKH","Sukoharjo"
"1943SLURT","60","178","3000000","24","X","SLU","Solo Utara"
"1943SLURT","63","jF01","2400000","24","X","SLU","Solo Utara"
"1943SLURT","ET","","500000","25","X","SLU","Solo Utara"
"1943SLURT","M3","190","950000","24","X","SLU","Solo Utara"
"1943SLURT","MFB","175","600000","24","X","SLU","Solo Utara"
"1944SRGRT","MFB","0181","500000","10","X","SRG","Sragen"
"1945BYLRT","63","jF03","700000","24","X","BYL","Boyolali"
"1948BYLRT","M3","","500000","10","X","BYL","Boyolali"
"1950GMLRT","63","JF14","500000","10","X","GML","Gemolong"
"1950GMLRT","M3","0146","1200000","10","X","GML","Gemolong"
"1950GMLRT","M3","0146N","40000","24","X","GML","Gemolong"
"1951SRGRT","MFB","502","500000","10","X","SRG","Sragen"
"1959BYLRT","60","179","1750000","24","X","BYL","Boyolali"
"1959BYLRT","MFB","175","4000000","24","X","BYL","Boyolali"
"1961SRGRT","ET","341","550000","24","X","SRG","Sragen"
"1962KRART","63","jf09","2500000","24","X","KRA","Karanganyar"
"1965BYLRT","ET","","500000","25","X","BYL","Boyolali"
"1965BYLRT","MFB","0233","20000000","10","X","BYL","Boyolali"
"1965SRGRT","60","","500000","10","X","SRG","Sragen"
"1965SRGRT","63","jF17","500000","10","x","SRG","Sragen"
"1965SRGRT","MFB","502","300000","10","X","SRG","Sragen"
"1968srgrt","60","","12000000","10","X","SRG","Sragen"
"1970KRART","60","193","9800000","24","X","KRA","Karanganyar"
"1970KRART","63","jf09","3000000","10","X","KRA","Karanganyar"
"1970KRART","M3","174","5800000","10","X","KRA","Karanganyar"
"1971SLURT","63","","500000","10","X","SLU","Solo Utara"
"1971SLURT","M3","0146","5500000","10","X","SLU","Solo Utara"
"1971SLURT","M3","0146N","40000","24","X","SLU","Solo Utara"
"1974SRGRT","60","181","500000","10","X","SRG","Sragen"
"1974SRGRT","63","jf17","1000000","24","X","SRG","Sragen"
"1974SRGRT","M3","190","350000","24","X","SRG","Sragen"
"1974SRGRT","MFB","0181","1000000","10","X","SRG","Sragen"
"1975KRART","60","178","2450000","10","X","KRA","Karanganyar"
"1975KRART","63","JF16","2412775","10","X","KRA","Karanganyar"
"1975KRART","ET","","500000","25","X","KRA","Karanganyar"
"1975KRART","M3","035","500000","10","X","KRA","Karanganyar"
"1975SLURT","63","jF02","1000000","24","X","SLS","Solo Selatan"
"1976BYLRT","63","JF15","500000","10","X","BYL","Boyolali"
"1976KRART","ET","","500000","25","","KRA","Karanganyar"
"1976SKHRT","60","180","1900000","10","X","SKH","Sukoharjo"
"1976SKHRT","63","jF05","600000","10","X","SKH","Sukoharjo"
"1977SLURT","M3","0001","1800000","24","X","SLU","Solo Utara"
"1977SRGRT","60","185","1450000","24","X","SRG","Sragen"
"1977SRGRT","M3","067","500000","24","X","SRG","Sragen"
"1978SLSRT","63","JF11","500000","24","X","SLS","Solo Selatan"
"1982SKHRT","M3","","300000","10","X","SKH","Sukoharjo"
"1982SKHRT","M3","","40000","24","X","SKH","Sukoharjo"
"1982SRGRT","MFB","0181","500000","10","X","SRG","Sragen"
"1983SLURT","60","","500000","25","X","SLU","Solo Utara"
"1985SRGRT","63","jF17","500000","24","X","SRG","Sragen"
"1985SRGRT","ET","341","500000","24","X","SRG","Sragen"
"1985SRGRT","M6","086","500000","24","X","SRG","Sragen"
"1985SRGRT","MFB","0112","500000","24","X","SRG","Sragen"
"1986SLSRT","63","JF07","4150292","10","X","SLS","Solo Selatan"
"1986SLSRT","M6","070","700000","10","X","SLS","Solo Selatan"
"1986SLURT","MFB","0","3200000","10","X","SLU","Solo Utara"
"1987KRART","MFB","","500000","10","X","KRA","Karanganyar"
"1987KTSRT","ET","","500000","25","X","KTS","Kartosuro"
"1988KRART","M3","189","500000","24","","KRA","Karanganyar"
"1988KTSRT","ET","","500000","25","X","KTS","Kartosuro"
"1988KTSRT","MFB","0233","500000","10","X","KTS","Kartosuro"
"1989SLSRT","ET","","500000","24","X","SLS","Solo Selatan"
"1989SLSRT","M3","190","500000","10","X","SLS","Solo Selatan"
"1990SRGRT","ET","341","7000000","25","X","SRG","Sragen"
"1998SLURT","60","","500000","25","X","SLU","Solo Utara"
"1998SLURT","MFB","078","500000","25","X","SLU","Solo Utara"
"1998SRGRT","M3","0146","12000000","10","X","SRG","Sragen"
"1998SRGRT","M3","0146N","40000","24","X","SRG","Sragen"
"1999SLSRT","60","0001","300000","25","X","SLS","Solo Selatan"
"1999SLSRT","ET","0001","500000","10","X","SLS","Solo Selatan"
"1999SLSRT","M3","0001","300000","10","X","SLS","Solo Selatan"
"1999SLSRT","M3","0001N","40000","24","X","SLS","Solo Selatan"
"1999SLSRT","MFB","0001","1500000","25","X","SLS","Solo Selatan"
"1SLURT","MFB","0001","1000000","10","X","SLU","Solo Utara"
"2000BYLRT","60","179","800000","10","X","BYL","Boyolali"
"2000BYLRT","ET","","500000","24","X","BYL","Boyolali"
"2000BYLRT","M6","7003","2600000","24","X","BYL","Boyolali"
"2001JGKRT","M6","0001","150000000","10","X","SLU","Solo Utara"
"2001SLURT","63","jF09","100000","24","X","SLU","Solo Utara"
"2001SLURT","M3","0146","500000","10","X","SLU","Solo Utara"
"2001SLURT","M3","0146N","40000","24","X","SLU","Solo Utara"
"2003GMLRT","MFB","0181","500000","25","X","GML","Gemolong"
"2003SLSRT","63","","500000","10","X","SLS","Solo Selatan"
"2005SRGRT","63","","1521417","10","X","SRG","Sragen"
"2005SRGRT","M3","174","3500000","10","X","SRG","Sragen"
"2006GMLSW","ET","","1.25","25","X","GML","Gemolong"
"2006SLURT","M3","0001","4000000","10","X","SLU","Solo Utara"
"2006SLURT","M3","0001N","40000","24","X","SLU","Solo Utara"
"2007KTSRT","ET","","500000","25","X","KTS","Kartosuro"
"2009KTSRT","60","","500000","10","X","KTS","Kartosuro"
"2009KTSRT","ET","","800000","25","X","KTS","Kartosuro"
"2009SRGRT","ET","341","1700000","24","X","SRG","Sragen"
"2010GMLRT","ET","341","800000","24","X","GML","Gemolong"
"2010KRART","MFB","078","700000","24","X","KRA","Karanganyar"
"2010SLURT","M3","0001","2000000","24","X","SLU","Solo Utara"
"2011BYLRT","63","jf05","1300000","24","X","BYL","Boyolali"
"2011BYLRT","M3","189","2900000","10","X","BYL","Boyolali"
"2011GMLRT","63","JF03","729500","10","X","GML","Gemolong"
"2012GMLRT","63","jF10","1000000","1","X","GML","Gemolong"
"2012KRART","60","193","1900000","24","X","KRA","Karanganyar"
"2013SRGRT","63","jf08","500000","24","X","SRG","Sragen"
"2014GMLRT","ET","","500000","25","X","GML","Gemolong"
"2014SLURT","60","179","650000","24","X","SLU","Solo Utara"
"2014SLURT","63","jF02","500000","24","X","SLU","Solo Utara"
"2014SLURT","M3","190","800000","24","X","SLU","Solo Utara"
"2014SRGRT","63","jF10","500000","24","X","SRG","Sragen"
"2016GMLRT","ET","","700000","25","X","GML","Gemolong"
"2019KRART","60","","650000","10","X","KRA","Karanganyar"
"2019SLURT","ET","","1.25","25","X","SLU","Solo Utara"
"2020GMLRT","ET","","500000","25","X","GML","Gemolong"
"2020GMLRT","M3","","1400000","10","X","GML","Gemolong"
"2020KRART","M3","174","600000","10","X","KRA","Karanganyar"
"2020SLSRT","63","0001","500000","10","X","SLS","Solo Selatan"
"2020SLSRT","ET","0001","500000","25","X","SLS","Solo Selatan"
"2020SLSRT","M3","0001","500000","10","X","SLS","Solo Selatan"
"2020SLSRT","MFB","0001","500000","10","X","SLS","Solo Selatan"
"2020SLURT","60","193","9800000","24","X","SLU","Solo Utara"
"2020SLURT","63","jF11","1550000","24","X","SLU","Solo Utara"
"2021GMLRT","ET","","500000","25","X","GML","Gemolong"
"2021KRART","ET","","500000","25","X","KRA","Karanganyar"
"2021SKHRT","M3","","500000","10","X","SKH","Sukoharjo"
"2021SLURT","MFB","151","700000","10","X","SLU","Solo Utara"
"2022GMLRT","ET","","500000","25","X","GML","Gemolong"
"2022GMLRT","M3","0146","650000","10","X","GML","Gemolong"
"2022GMLRT","M3","0146N","40000","24","X","GML","Gemolong"
"2022GMLRT","MFB","502","700000","10","X","GML","Gemolong"
"2022KRASM","63","JF20","125000000","30","X","KRA","Karanganyar"
"2022KRASM","ET","342","3000000","24","X","KRA","Karanganyar"
"2022KRASM","M3","035","30000000","30","X","KRA","Karanganyar"
"2022KRASM","MFB","0370","10000000","30","X","KRA","Karanganyar"
"2022KRASM","MFB","069","58000000","30","X","KRA","Karanganyar"
"2022KRASM","MFB","E001","500000","30","X","KRA","Karanganyar"
"2022SLSRT","ET","","500000","25","","SLS","Solo Selatan"
"2022SLSRT","M6","","500000","10","","SLS","Solo Selatan"
"2023KTSRT","ET","343","500000","25","","KTS","Kartosuro"
"2023SRGRT","63","","500000","10","X","SRG","Sragen"
"2024SLSRT","ET","343","600000","24","X","SLS","Solo Selatan"
"2024SRGRT","60","","500000","25","X","SRG","Sragen"
"2024SRGRT","63","jf17","500000","24","X","SRG","Sragen"
"2024SRGRT","ET","","500000","25","X","SRG","Sragen"
"2024SRGRT","MFB","","500000","25","X","SRG","Sragen"
"2024SRGRT","MFB","0181","500000","25","X","SRG","Sragen"
"2025BYLRT","60","178","500000","24","X","BYL","Boyolali"
"2025KRART","63","jF09","1000000","24","X","KRA","Karanganyar"
"2025SRGRT","60","181","1150000","25","X","SRG","Sragen"
"2025SRGRT","63","jF17","1500000","10","X","SRG","Sragen"
"2025SRGRT","M3","067","2500000","24","X","SRG","Sragen"
"2025SRGRT","MFB","0112","800000","24","X","SRG","Sragen"
"2026SRGRT","60","181","3900000","24","X","SRG","Sragen"
"2026SRGRT","M3","067","6050000","10","X","SRG","Sragen"
"2026SRGRT","M6","086","1500000","24","X","SRG","Sragen"
"2027KRART","60","178","1550000","25","X","KRA","Karanganyar"
"2027KRART","63","jF09","2500000","10","X","KRA","Karanganyar"
"2027KRART","ET","","500000","25","X","KRA","Karanganyar"
"2027KRART","M3","174","550000","10","X","KRA","Karanganyar"
"2027KRART","M6","7003","500000","10","X","KRA","Karanganyar"
"2027KRART","MFB","078","600000","25","X","KRA","Karanganyar"
"2027KRART","MFB","1109","650000","24","X","KRA","Karanganyar"
"2028KRART","60","180","1050000","25","X","KRA","Karanganyar"
"2028SRGRT","63","jF17","2200000","24","X","SRG","Sragen"
"2028SRGRT","M3","067","1000000","10","X","SRG","Sragen"
"2029KTSRT","63","jf12","1300000","10","X","KTS","Kartosuro"
"2030KRART","63","","500000","10","X","KRA","Karanganyar"
"2030SRGRT","60","178","700000","24","X","SRG","Sragen"
"2031KRART","60","180","2350000","10","X","KRA","Karanganyar"
"2031KRART","63","jF12","1500000","10","x","KRA","Karanganyar"
"2031KRART","MFB","078","750000","10","X","KRA","Karanganyar"
"2031SLURT","63","jf02","300000","24","X","SLU","Solo Utara"
"2032SLSRT","63","","500000","24","X","SLS","Solo Selatan"
"2032SLSRT","ET","","550000","25","X","SLS","Solo Selatan"
"2032SLSRT","MFB","0233","800000","10","X","SLS","Solo Selatan"
"2032SRGRT","63","jf10","1100000","24","X","SRG","Sragen"
"2033SLURT","60","178","1000000","24","X","SLU","Solo Utara"
"2033SLURT","63","jF16","1513459","24","X","SLU","Solo Utara"
"2033SLURT","M3","190","750000","24","X","SLU","Solo Utara"
"2033SLURT","MFB","","700000","10","X","SLU","Solo Utara"
"2033SRGRT","63","","1790567","10","X","SRG","Sragen"
"2033SRGRT","ET","","300000","25","X","SRG","Sragen"
"2035BYLRT","63","","500000","10","X","BYL","Boyolali"
"2036BYLRT","60","0","500000","10","X","BYL","Boyolali"
"2036BYLRT","63","jF03","500000","10","X","BYL","Boyolali"
"2036KTSRT","60","179","12000000","24","X","KTS","Kartosuro"
"2036KTSRT","MFB","0001","9000000","10","X","KTS","Kartosuro"
"2036KTSRT","MFB","175","4200000","10","X","KTS","Kartosuro"
"2036SLURT","60","179","1.25","10","X","SLU","Solo Utara"
"2036SLURT","M3","190","1.25","24","X","SLU","Solo Utara"
"2036SLURT","MFB","0380","1.25","25","X","SLU","Solo Utara"
"2036SLURT","MFB","078","1.25","25","X","SLU","Solo Utara"
"2036SRGRT","60","185","600000","24","X","SRG","Sragen"
"2036SRGRT","63","jF17","1364167","24","X","SRG","Sragen"
"2036SRGRT","MFB","0112","950000","24","X","SRG","Sragen"
"2036SRGRT","MFB","189","300000","25","X","SRG","Sragen"
"2038BYLRT","ET","343","500000","25","X","BYL","Boyolali"
"2039KRART","63","jF22","1.25","10","X","KRA","Karanganyar"
"2039SLSRT","M3","0146","2000000","10","X","SLS","Solo Selatan"
"2039SLSRT","M3","0146N","40000","24","X","SLS","Solo Selatan"
"2039SRGMM","63","","5000000","10","X","SRG","Sragen"
"2039SRGMM","ET","","800000","24","X","SRG","Sragen"
"2039SRGMM","M3","","4700000","24","X","SRG","Sragen"
"2039SRGMM","MFB","","5000000","10","X","SRG","Sragen"
"2039SRGMM","MFB","","5000000","10","X","SRG","Sragen"
"2039SRGMM","MFB","","300000","10","X","SRG","Sragen"
"2040BYLRT","ET","","500000","25","X","BYL","Boyolali"
"2040KRART","60","-","1.25","1","X","KRA","Karanganyar"
"2040KRART","ET","","1.25","25","X","KRA","Karanganyar"
"2040SLURT","63","jF05","2000000","10","X","SLU","Solo Utara"
"2040SRGMM","60","181","1050000","10","X","SRG","Sragen"
"2040SRGMM","63","JF08","11000000","10","X","SRG","Sragen"
"2040SRGMM","ET","341","1000000","25","X","SRG","Sragen"
"2040SRGMM","M3","067","5000000","24","X","SRG","Sragen"
"2040SRGMM","M6","070","2800000","10","X","SRG","Sragen"
"2040SRGMM","MFB","0112","10200000","10","X","SRG","Sragen"
"2040SRGMM","MFB","1100","500000","10","X","SRG","Sragen"
"2040SRGMM","MFB","189","500000","10","X","SRG","Sragen"
"2040SRGRT","63","jF17","2200000","24","X","SRG","Sragen"
"2041BYLRT","63","jF07","500000","24","X","BYL","Boyolali"
"2041KRART","63","jf03","1076050","10","X","KRA","Karanganyar"
"2041SRGMM","63","","36800000","14","X","SRG","Sragen"
"2041SRGMM","ET","","1400000","24","X","SRG","Sragen"
"2041SRGMM","M3","","10000000","14","X","SRG","Sragen"
"2041SRGMM","M6","","4000000","14","X","SRG","Sragen"
"2041SRGMM","MFB","","1100000","24","X","SRG","Sragen"
"2042SLSMM","ET","","1.25","25","X","SLS","Solo Selatan"
"2044BYLRT","60","179","1500000","10","X","BYL","Boyolali"
"2044BYLRT","63","JF15","1500000","10","X","BYL","Boyolali"
"2044BYLRT","M6","7003","600000","24","X","BYL","Boyolali"
"2044KRART","M3","502","300000","10","X","KRA","Karanganyar"
"2044KRART","M3","502N","40000","24","X","KRA","Karanganyar"
"2044KRART","MFB","0380","1450000","25","X","KRA","Karanganyar"
"2044KRART","MFB","078","3650000","25","X","KRA","Karanganyar"
"2045BYLRT","60","178","2500000","24","X","BYL","Boyolali"
"2045BYLRT","63","jf03","800000","24","X","BYL","Boyolali"
"2045BYLRT","M6","7003","500000","10","X","BYL","Boyolali"
"2045BYLRT","MFB","175","500000","24","X","BYL","Boyolali"
"2046BYLRT","63","jf15","2002767","24","X","BYL","Boyolali"
"2046BYLRT","MFB","0233","1500000","24","X","BYL","Boyolali"
"2046BYLRT","MFB","175","5000000","24","X","BYL","Boyolali"
"2046SLSRT","63","jf07","500000","10","X","SLS","Solo Selatan"
"2046SLSRT","M3","0146","300000","10","X","SLS","Solo Selatan"
"2046SLSRT","M3","0146N","40000","24","X","SLS","Solo Selatan"
"2047KRART","60","0","500000","10","X","KRA","Karanganyar"
"2048SLRT","63","jF12","1400000","24","X","SLU","Solo Utara"
"2050SRGRT","60","181","5000000","10","X","SRG","Sragen"
"2050SRGRT","ET","","500000","25","X","SRG","Sragen"
"2050SRGRT","M3","190","5000000","24","X","SRG","Sragen"
"2051BYLRT","63","jF03","6547733","10","X","BYL","Boyolali"
"2051BYLRT","ET","","500000","25","X","BYL","Boyolali"
"2051BYLRT","MFB","190","500000","10","X","BYL","Boyolali"
"2051SLSRT","63","jf09","500000","24","X","SLS","Solo Selatan"
"2051SRGRT","M3","190","8500000","24","X","SRG","Sragen"
"2052KRART","63","","1000000","10","X","KRA","Karanganyar"
"2052SLURT","60","178","1700000","24","X","SLU","Solo Utara"
"2052SLURT","63","jF03","650000","24","X","SLU","Solo Utara"
"2052SLURT","M3","190","1500000","24","X","SLU","Solo Utara"
"2053KRART","63","JF15","900000","24","X","KRA","Karanganyar"
"2053KRART","ET","","500000","24","X","KRA","Karanganyar"
"2053KRART","M6","070","500000","24","X","KRA","Karanganyar"
"2053SRGRT","60","","1.25","10","X","SRG","Sragen"
"2054KRART","ET","","500000","25","X","KRA","Karanganyar"
"2055KRART","ET","341","500000","24","X","KRA","Karanganyar"
"2056BYLRT","MFB","0233","3900000","25","X","BYL","Boyolali"
"2056SRGRT","63","jF14","3200000","24","X","SRG","Sragen"
"2057srgrt","60","181","600000","10","X","SRG","Sragen"
"2057srgrt","63","jF14","1000000","24","X","SRG","Sragen"
"2058SKHRT","63","jF03","500000","10","x","SKH","Sukoharjo"
"2059KRART","60","180","500000","24","X","KRA","Karanganyar"
"2059KRART","63","JF02","1292650","24","X","KRA","Karanganyar"
"2059KRART","M3","174","5400000","10","X","KRA","Karanganyar"
"2060BYLRT","ET","","700000","25","X","BYL","Boyolali"
"2060KRART","60","180","500000","25","X","KRA","Karanganyar"
"2060KRART","MFB","078","600000","25","X","KRA","Karanganyar"
"2060SRGMM","60","","500000","10","X","SRG","Sragen"
"2061SRGMM","60","181","3500000","10","X","SRG","Sragen"
"2061SRGMM","63","jf14","16000000","10","X","SRG","Sragen"
"2061SRGMM","ET","341","700000","24","X","SRG","Sragen"
"2061SRGMM","M3","184","12900000","10","X","SRG","Sragen"
"2061SRGMM","M6","086","1900000","24","X","SRG","Sragen"
"2061SRGMM","MFB","0112","40800000","10","X","SRG","Sragen"
"2061SRGMM","MFB","189","300000","10","X","SRG","Sragen"
"2062KRART","60","180","2200000","10","X","KRA","Karanganyar"
"2062KRART","63","jF15","600000","24","X","KRA","Karanganyar"
"2062KRART","M3","","300000","10","X","KRA","Karanganyar"
"2062SLURT","M3","0001","1000000","25","X","SLU","Solo Utara"
"2062SLURT","M3","0001N","40000","24","X","SLU","Solo Utara"
"2064BYLRT","60","0","500000","10","X","BYL","Boyolali"
"2064BYLRT","ET","","500000","25","X","BYL","Boyolali"
"2064SLSRT","ET","","300000","25","X","SLS","Solo Selatan"
"2065SLSRT","63","jF03","1000000","24","X","SLS","Solo Selatan"
"2065SLSRT","M3","","500000","25","X","SLS","Solo Selatan"
"2065SLSRT","MFB","175","500000","25","X","SLS","Solo Selatan"
"2065SLURT","60","178","1100000","24","X","SLU","Solo Utara"
"2066SRGRT","ET","","500000","25","X","SRG","Sragen"
"2066SRGRT","MFB","0","500000","10","X","SRG","Sragen"
"2067SLURT","60","","500000","10","X","SLU","Solo Utara"
"2068SRGRT","63","","600000","10","X","SRG","Sragen"
"2073SRGRT","ET","","2000000","25","X","SRG","Sragen"
"2075SRGRT","63","jF17","3100000","10","X","SRG","Sragen"
"2075SRGRT","M3","067","750000","24","X","SRG","Sragen"
"2075SRGRT","MFB","0181","500000","10","X","SRG","Sragen"
"2076SLURT","MFB","190","1000000","10","X","SLU","Solo Utara"
"2077KRART","63","","500000","10","X","KRA","Karanganyar"
"2078SKHRT","MFB","0233","1000000","10","X","SKH","Sukoharjo"
"2078SRGRT","ET","","500000","25","X","SRG","Sragen"
"2079KTSRT","63","","400000","10","X","KTS","Kartosuro"
"2079KTSRT","MFB","0233","1100000","10","X","KTS","Kartosuro"
"2079SKHRT","60","180","4550000","25","X","SKH","Sukoharjo"
"2079SKHRT","MFB","0181","300000","25","X","SKH","Sukoharjo"
"2079SKHRT","MFB","0380","500000","25","X","SKH","Sukoharjo"
"2079SKHRT","MFB","078","7100000","25","X","SKH","Sukoharjo"
"2080SRGRT","MFB","0112","1400000","25","X","SRG","Sragen"
"2080SRGRT","MFB","0181","700000","25","X","SRG","Sragen"
"2082SRGRT","M3","0146","500000","10","","SRG","Sragen"
"2082SRGRT","M3","0146N","40000","24","","SRG","Sragen"
"2083SLSRT","60","0001","1000000","10","X","SLS","Solo Selatan"
"2083SLSRT","63","0001","1000000","10","X","SLS","Solo Selatan"
"2083SLSRT","ET","0001","2100000","28","X","SLS","Solo Selatan"
"2083SLSRT","M3","0001","2500000","10","X","SLS","Solo Selatan"
"2083SLSRT","M3","0001N","40000","24","X","SLS","Solo Selatan"
"2083SLSRT","MFB","0001","1000000","10","X","SLS","Solo Selatan"
"2084SRGRT","ET","","600000","25","X","SRG","Sragen"
"2085SKHRT","MFB","","1500000","10","X","SKH","Sukoharjo"
"2086BYLRT","M3","","300000","10","X","BYL","Boyolali"
"2086BYLRT","M3","190N","40000","24","X","BYL","Boyolali"
"2086KRART","63","","500000","10","X","KRA","Karanganyar"
"2086KRART","M3","","500000","10","X","KRA","Karanganyar"
"2086SRGRT","60","","800000","10","X","SRG","Sragen"
"2087KRART","ET","","500000","25","X","KRA","Karanganyar"
"2088SRGRT","63","jF17","1000000","24","X","SRG","Sragen"
"2088SRGRT","ET","341","500000","24","X","SRG","Sragen"
"2089KTSRT","MFB","0233","600000","10","X","KTS","Kartosuro"
"2090SRGRT","ET","","500000","25","X","SRG","Sragen"
"2093KRART","60","180","600000","25","X","KRA","Karanganyar"
"2093KRART","MFB","078","550000","25","X","KRA","Karanganyar"
"2095KRART","60","180","1700000","10","X","KRA","Karanganyar"
"2095SLSRT","63","","500000","10","X","SLS","Solo Selatan"
"2095SLSRT","ET","","500000","25","X","SLS","Solo Selatan"
"2095SLSRT","M3","0146","250000","10","X","SLS","Solo Selatan"
"2095SLSRT","M3","0146N","40000","24","X","SLS","Solo Selatan"
"2096SKHRT","63","jf15","500000","24","X","SKH","Sukoharjo"
"2096SKHRT","ET","341","500000","24","X","SKH","Sukoharjo"
"2096SKHRT","M6","070","50000","10","x","SKH","Sukoharjo"
"2096SKHRT","MFB","078","1700000","24","X","SKH","Sukoharjo"
"2097KRART","60","180","2350000","10","X","KRA","Karanganyar"
"2097KRART","MFB","078","1500000","24","X","KRA","Karanganyar"
"2098SRGRT","63","","2000000","10","X","SRG","Sragen"
"2098SRGRT","M3","174","8050000","25","X","SRG","Sragen"
"2098SRGRT","MFB","0380","3300000","25","X","SRG","Sragen"
"2098SRGRT","MFB","078","21000000","25","X","SRG","Sragen"
"2098SRGRT","MFB","1109","500000","24","X","SRG","Sragen"
"2099SKHRT","60","178","1100000","24","X","SKH","Sukoharjo"
"2099SKHRT","63","JF05","1600000","10","X","SKH","Sukoharjo"
"2099SKHRT","M3","190","850000","10","X","SKH","Sukoharjo"
"2099SKHRT","M6","7003","3500000","10","X","SKH","Sukoharjo"
"2099SKHRT","MFB","0233","800000","10","X","SKH","Sukoharjo"
"2099SLURT","63","jF09","500000","10","X","SLU","Solo Utara"
"2099SRGRT","63","jf17","500000","10","X","SRG","Sragen"
"2100KRART","60","","500000","25","X","KRA","Karanganyar"
"2100KRART","63","JF15","500000","24","X","KRA","Karanganyar"
"2100KRART","ET","","1.25","25","X","KRA","Karanganyar"
"2100KRART","M3","502","300000","10","X","KRA","Karanganyar"
"2100KRART","M3","502N","40000","24","X","KRA","Karanganyar"
"2100SRGMM","60","180","500000","24","X","SRG","Sragen"
"2100SRGMM","63","jF02","1200000","24","X","SRG","Sragen"
"2100SRGMM","ET","","500000","24","X","SRG","Sragen"
"2100SRGMM","M3","174","900000","24","X","SRG","Sragen"
"2100SRGMM","M6","086","950000","24","X","SRG","Sragen"
"2100SRGMM","MFB","078","3500000","24","X","SRG","Sragen"
"2100SRGRT","63","JF10","1920042","10","X","SRG","Sragen"
"2101KRART","ET","","500000","25","X","KRA","Karanganyar"
"2101SKHRT","63","JF09","500000","10","X","SKH","Sukoharjo"
"2102SRGRT","M3","190","500000","10","X","SRG","Sragen"
"2102SRGRT","MFB","0112","4800000","24","X","SRG","Sragen"
"2103SKHRT","60","179","500000","24","X","SKH","Sukoharjo"
"2104BYLRT","60","","100000","10","X","BYL","Boyolali"
"2104BYLRT","63","jf01","1000000","24","X","BYL","Boyolali"
"2104BYLRT","ET","343","500000","24","X","BYL","Boyolali"
"2104BYLRT","MFB","175","500000","24","X","BYL","Boyolali"
"2104SKHRT","M3","190","500000","10","X","SKH","Sukoharjo"
"2104SKHRT","M6","7003","600000","25","X","SKH","Sukoharjo"
"2104SKHRT","MFB","0233","500000","25","X","SKH","Sukoharjo"
"2104SKHRT","MFB","175","500000","25","X","SKH","Sukoharjo"
"2106SLSRT","ET","340","500000","24","x","SLS","Solo Selatan"
"2107SKHRT","63","jf15","884517","24","X","SKH","Sukoharjo"
"2107SKHRT","ET","","600000","24","X","SKH","Sukoharjo"
"2107SKHRT","M3","174","500000","10","X","SKH","Sukoharjo"
"2107SKHRT","M6","070","600000","10","X","SKH","Sukoharjo"
"2107SKHRT","MFB","078","600000","24","X","SKH","Sukoharjo"
"2108SLSRT","ET","340","3500000","24","X","SLS","Solo Selatan"
"2109KTSRT","ET","341","500000","50","X","KTS","Kartosuro"
"2110KRART","ET","341","500000","25","X","KRA","Karanganyar"
"2114BYLRT","MFB","0181","500000","25","X","BYL","Boyolali"
"2114SRGRT","63","","500000","10","X","SRG","Sragen"
"2115SRGRT","ET","341","500000","25","X","SRG","Sragen"
"2117SKHRT","63","jF13","500000","10","X","SKH","Sukoharjo"
"2117SKHRT","ET","341","800000","25","X","SKH","Sukoharjo"
"2117SRGRT","ET","017","40000000","24","X","SRG","Sragen"
"2118KRART","M3","174","1500000","10","X","KRA","Karanganyar"
"2120BYLRT","63","jF07","500000","24","X","BYL","Boyolali"
"2121BYLRT","M3","0146","500000","10","X","BYL","Boyolali"
"2121BYLRT","M3","0146N","40000","24","X","BYL","Boyolali"
"2121KRART","63","jF12","800000","24","X","KRA","Karanganyar"
"2121KRART","M3","174","2800000","10","X","KRA","Karanganyar"
"2121KRART","M6","086","500000","10","X","KRA","Karanganyar"
"2121KRART","MFB","078","2100000","25","X","KRA","Karanganyar"
"2121SRGMM","63","JF14","5529450","24","X","SRG","Sragen"
"2122KRART","ET","","500000","25","X","KRA","Karanganyar"
"2122KRART","M3","174","1300000","10","X","KRA","Karanganyar"
"2122SRGRT","60","","100000","0","X","SRG","Sragen"
"2122SRGRT","M3","189","850000","10","X","SRG","Sragen"
"2123SLSRT","60","179","700000","24","X","SLS","Solo Selatan"
"2123SLSRT","63","jF16","500000","10","x","SLS","Solo Selatan"
"2124KRART","60","180","1200000","24","X","KRA","Karanganyar"
"2124KRART","MFB","078","3700000","25","X","KRA","Karanganyar"
"2124KRART","MFB","1109","500000","24","X","KRA","Karanganyar"
"2124SRGMM","60","181","1000000","10","X","SRG","Sragen"
"2124SRGMM","63","JF10","1976133","10","X","SRG","Sragen"
"2124SRGMM","M3","067","1700000","10","X","SRG","Sragen"
"2124SRGMM","M6","086","700000","24","X","SRG","Sragen"
"2124SRGMM","MFB","0112","4500000","24","X","SRG","Sragen"
"2125KRART","63","jF02","500000","24","X","KRA","Karanganyar"
"2125KRART","ET","","500000","25","X","KRA","Karanganyar"
"2127BYLRT","60","178","500000","24","X","BYL","Boyolali"
"2127BYLRT","63","jf03","650000","24","X","BYL","Boyolali"
"2127KRART","63","","900000","10","X","KRA","Karanganyar"
"2127KRART","ET","","500000","25","X","KRA","Karanganyar"
"2128BYLRT","63","jF07","500000","10","X","BYL","Boyolali"
"2128KRART","63","","500000","10","X","KRA","Karanganyar"
"2128KRART","ET","","500000","25","X","KRA","Karanganyar"
"2128KRART","MFB","0380","500000","25","X","KRA","Karanganyar"
"2128KRART","MFB","078","1900000","25","X","KRA","Karanganyar"
"2131krart","ET","341","500000","25","X","KRA","Karanganyar"
"2132KRART","M3","502","300000","10","X","KRA","Karanganyar"
"2132KRART","M3","502N","40000","24","X","KRA","Karanganyar"
"2132SLURT","60","178","1000000","24","X","SLU","Solo Utara"
"2132SLURT","63","jF03","500000","24","X","SLU","Solo Utara"
"2132SRGRT","M3","067","1900000","24","X","SRG","Sragen"
"2132SRGRT","MFB","0181","1000000","10","X","SRG","Sragen"
"2133BYLRT","ET","","500000","25","X","BYL","Boyolali"
"2133BYLRT","MFB","0233","500000","10","X","BYL","Boyolali"
"2133SKHRT","63","JF09","1200000","24","X","SKH","Sukoharjo"
"2133SKHRT","M3","174","500000","10","X","SKH","Sukoharjo"
"2133SKHRT","M6","7003","600000","24","X","SKH","Sukoharjo"
"2133SLSRT","ET","","500000","25","X","SLS","Solo Selatan"
"2133SLSRT","MFB","098","600000","1","","SLS","Solo Selatan"
"2133SLURT","60","178","1500000","24","X","SLU","Solo Utara"
"2133SLURT","M3","","500000","10","X","SLU","Solo Utara"
"2133SLURT","MFB","0233","500000","10","X","SLU","Solo Utara"
"2133SRGRT","60","","100000","0","X","SRG","Sragen"
"2133SRGRT","M3","","300000","10","X","SRG","Sragen"
"2133SRGRT","MFB","0112","1500000","25","X","SRG","Sragen"
"2133SRGRT","MFB","0181","500000","25","X","SRG","Sragen"
"2134KRART","ET","342","500000","25","X","KRA","Karanganyar"
"2135KRART","MFB","078","500000","25","X","KRA","Karanganyar"
"2136KRART","M3","502","300000","10","X","KRA","Karanganyar"
"2136KRART","M3","502N","40000","24","X","KRA","Karanganyar"
"2136SRGRT","60","178","3500000","24","X","SRG","Sragen"
"2137BYLRT","ET","","500000","25","X","BYL","Boyolali"
"2137SLSRT","ET","343","500000","24","x","SLS","Solo Selatan"
"2139SRGRT","63","jF12","900000","24","X","SRG","Sragen"
"2140BYLRT","60","179","4150000","24","X","BYL","Boyolali"
"2140KRART","ET","","500000","25","X","KRA","Karanganyar"
"2141KRART","63","","500000","10","X","KRA","Karanganyar"
"2142KRART","M3","502","300000","10","X","KRA","Karanganyar"
"2142KRART","M3","502N","40000","24","X","KRA","Karanganyar"
"2143SLSRT","ET","","500000","25","X","SLS","Solo Selatan"
"2143SRGRT","60","181","1200000","24","X","SRG","Sragen"
"2143SRGRT","63","jf14","2871817","10","X","SRG","Sragen"
"2143SRGRT","ET","341","500000","24","X","SRG","Sragen"
"2143SRGRT","M3","190","4550000","24","X","SRG","Sragen"
"2143SRGRT","M6","086","1000000","24","X","SRG","Sragen"
"2143SRGRT","MFB","0112","9850000","24","X","SRG","Sragen"
"2143SRGRT","MFB","189","500000","24","X","SRG","Sragen"
"2144BYLRT","63","jF12","500000","24","X","BYL","Boyolali"
"2144BYLRT","M3","","600000","10","X","BYL","Boyolali"
"2144GMLRT","60","181","1900000","24","X","GML","Gemolong"
"2144GMLRT","ET","","500000","25","X","GML","Gemolong"
"2144GMLRT","M3","189","4150000","10","X","GML","Gemolong"
"2144SKHRT","M3","174","1200000","14","X","SKH","Sukoharjo"
"2145BYLRT","ET","343","500000","24","X","BYL","Boyolali"
"2147BYLAP","63","JF11","500000","24","X","BYL","Boyolali"
"2147BYLRT","63","","500000","10","X","BYL","Boyolali"
"2151TSRT","63","jf15","4636592","24","X","KTS","Kartosuro"
"2151TSRT","ET","340","1000000","25","X","KTS","Kartosuro"
"2153SLURT","ET","","500000","25","X","SLU","Solo Utara"
"2153SLURT","MFB","0181","3200000","10","X","SLU","Solo Utara"
"2153SLURT","MFB","0380","5000000","10","X","SLU","Solo Utara"
"2154SLSRT","MFB","0233","500000","10","X","SLS","Solo Selatan"
"2155SRGRT","60","","500000","10","X","SRG","Sragen"
"2155SRGRT","63","jf08","500000","24","X","SRG","Sragen"
"2156KRART","63","jf07","500000","10","X","KRA","Karanganyar"
"2156SLSRT","MFB","0233","6800000","25","X","SLS","Solo Selatan"
"2157KRART","63","jF15","1153967","10","X","KRA","Karanganyar"
"2157KRART","MFB","","5000000","25","X","KRA","Karanganyar"
"2157KTSRT","ET","","500000","25","X","KTS","Kartosuro"
"2157KTSRT","M3","","8000000","14","X","KTS","Kartosuro"
"2158BYLRT","60","179","900000","24","X","BYL","Boyolali"
"2158KRART","63","jF02","1960225","24","X","KRA","Karanganyar"
"2159SKHRT","63","jF09","3733642","10","X","SKH","Sukoharjo"
"2159SKHRT","ET","341","850000","24","X","SKH","Sukoharjo"
"2159SKHRT","M3","174","700000","10","X","SKH","Sukoharjo"
"2159SKHRT","M6","7003","1500000","10","X","SKH","Sukoharjo"
"2159SKHRT","MFB","078","5000000","10","X","SKH","Sukoharjo"
"2159SLURT","ET","341","1000000","25","X","SLU","Solo Utara"
"2159SLURT","M3","","1000000","10","X","SLU","Solo Utara"
"2160KRART","ET","","500000","25","X","KRA","Karanganyar"
"2160SLSRT","63","jF01","500000","24","X","SLS","Solo Selatan"
"2160SLSRT","M3","0146","200000","10","X","SLS","Solo Selatan"
"2160SLSRT","M3","0146N","40000","24","X","SLS","Solo Selatan"
"2160SLURT","60","193","4400000","10","X","SLU","Solo Utara"
"2160SLURT","63","jF07","3732319","10","X","SLU","Solo Utara"
"2160SLURT","M3","190","1500000","24","X","SLU","Solo Utara"
"2161KRART","ET","","500000","25","X","KRA","Karanganyar"
"2161KTSRT","ET","340","5200000","25","X","KTS","Kartosuro"
"2161SLURT","63","0001","500000","24","X","SLU","Solo Utara"
"2161SLURT","M3","0001","500000","24","X","SLU","Solo Utara"
"2161SLURT","M3","0001N","40000","24","X","SLU","Solo Utara"
"2161SLURT","MFB","0001","500000","10","X","SLU","Solo Utara"
"2162BYLRT","60","179","1100000","24","X","BYL","Boyolali"
"2162BYLRT","MFB","175","1300000","24","X","BYL","Boyolali"
"2162KRART","ET","","500000","25","X","KRA","Karanganyar"
"2163KRART","60","180","500000","24","X","KRA","Karanganyar"
"2163KRART","63","jf15","500000","24","X","KRA","Karanganyar"
"2163KRART","ET","","500000","25","X","KRA","Karanganyar"
"2163KRART","M3","174","1800000","10","X","KRA","Karanganyar"
"2164SLSRT","MFB","0233","3000000","10","X","SLS","Solo Selatan"
"2165KRART","ET","","500000","25","X","KRA","Karanganyar"
"2165KTSRT","60","179","1350000","24","X","KTS","Kartosuro"
"2165KTSRT","63","jF12","500000","24","X","KTS","Kartosuro"
"2165KTSRT","ET","","500000","25","X","KTS","Kartosuro"
"2165KTSRT","M3","190","500000","24","X","KTS","Kartosuro"
"2165SLURT","60","178","900000","24","X","SLU","Solo Utara"
"2165SLURT","63","jf07","2791588","10","X","SLU","Solo Utara"
"2166KTSRT","63","jf11","2300000","24","X","KTS","Kartosuro"
"2166SLSRT","ET","","500000","25","X","SLS","Solo Selatan"
"2166SRGRT","MFB","0181","300000","10","X","SRG","Sragen"
"2167SLSRT","ET","","500000","25","X","SLS","Solo Selatan"
"2167SLURT","63","jF09","1450680","10","X","SLU","Solo Utara"
"2168SLURT","ET","","800000","25","X","SLU","Solo Utara"
"2168SLURT","M6","070","3100000","10","X","SLU","Solo Utara"
"2169KTSRT","60","179","500000","24","X","KTS","Kartosuro"
"2169KTSRT","63","jF07","500000","24","X","KTS","Kartosuro"
"2169KTSRT","ET","","500000","25","X","KTS","Kartosuro"
"2169KTSRT","M3","190","1200000","24","X","KTS","Kartosuro"
"2170SLURT","ET","","2000000","25","X","SLU","Solo Utara"
"2170SLURT","M3","","300000","10","X","SLU","Solo Utara"
"2170SLURT","M3","N","40000","24","X","SLU","Solo Utara"
"2174SLSRT","63","jF07","1700000","10","X","SLS","Solo Selatan"
"2174SRGRT","M3","0146","200000","10","X","SRG","Sragen"
"2174SRGRT","M3","0146N","40000","24","X","SRG","Sragen"
"2175SLSRT","63","","500000","10","X","SLS","Solo Selatan"
"2175SLSRT","MFB","0364","500000","10","X","SLS","Solo Selatan"
"2176KTSRT","ET","","500000","25","X","KTS","Kartosuro"
"2176KTSRT","MFB","0233","1.25","10","X","KTS","Kartosuro"
"2176SLSRT","63","jf11","2700000","10","X","SLS","Solo Selatan"
"2176SRGRT","60","","500000","10","X","SRG","Sragen"
"2177KRART","ET","","500000","25","X","KRA","Karanganyar"
"2177KRART","MFB","0233","500000","10","X","KRA","Karanganyar"
"2177SLSLRT","ET","343","2250000","24","X","SLS","Solo Selatan"
"2177SLSRT","ET","343","500000","24","X","SLS","Solo Selatan"
"2177SLURT","ET","0001","5000000","25","X","SLU","Solo Utara"
"2177srgrt","63","jf14","1600000","10","X","SRG","Sragen"
"2177srgrt","ET","341","500000","25","X","SRG","Sragen"
"2177srgrt","M3","067","4900000","24","X","SRG","Sragen"
"2177srgrt","M6","086","1350000","25","X","SRG","Sragen"
"2177srgrt","MFB","0112","4900000","25","X","SRG","Sragen"
"2177srgrt","MFB","0181","500000","25","X","SRG","Sragen"
"2177srgrt","MFB","1100","500000","10","X","SRG","Sragen"
"2178SLSRT","63","jF07","500000","1","x","SLS","Solo Selatan"
"2178SLURT","63","","500000","10","X","SLU","Solo Utara"
"2179BYLRT","ET","343","700000","24","X","BYL","Boyolali"
"2179SRGRT","63","jF17","831338","24","X","SRG","Sragen"
"2180SRGMM","60","","500000","10","X","SRG","Sragen"
"2180SRGRT","63","jf17","1500000","10","X","SRG","Sragen"
"2182KTSRT","60","179","500000","10","X","KTS","Kartosuro"
"2182KTSRT","ET","","500000","25","X","KTS","Kartosuro"
"2182SLSRT","63","jF16","500000","10","X","SLS","Solo Selatan"
"2183SLSRT","ET","","500000","25","X","SLS","Solo Selatan"
"2183SLSRT","MFB","0364","1300000","25","X","SLS","Solo Selatan"
"2184KTSRT","63","","500000","10","X","KTS","Kartosuro"
"2184SLURT","ET","0001","6000000","25","X","SLU","Solo Utara"
"2185KTSRT","ET","","500000","25","X","KTS","Kartosuro"
"2185SKHRT","60","178","800000","25","X","SKH","Sukoharjo"
"2185SKHRT","63","jf01","3500000","24","X","SKH","Sukoharjo"
"2185SKHRT","ET","","500000","25","X","SKH","Sukoharjo"
"2185SKHRT","M3","190","1600000","24","X","SKH","Sukoharjo"
"2185SKHRT","M6","7003","1300000","24","X","SKH","Sukoharjo"
"2185SKHRT","MFB","175","6250000","24","X","SKH","Sukoharjo"
"2186SKHRT","63","jF15","1898589","24","X","SKH","Sukoharjo"
"2186SKHRT","M6","7003","1000000","24","X","SKH","Sukoharjo"
"2187KRART","MFB","078","3950000","24","X","KRA","Karanganyar"
"2188KRART","63","jf07","500000","24","X","KRA","Karanganyar"
"2188KRART","ET","","500000","25","X","KRA","Karanganyar"
"2188SKHRT","60","178","500000","24","X","SKH","Sukoharjo"
"2188SKHRT","63","jF01","1200000","10","X","SKH","Sukoharjo"
"2188SKHRT","M6","7003","700000","10","X","SKH","Sukoharjo"
"2188SKHRT","MFB","175","500000","25","X","SKH","Sukoharjo"
"2189BYLRT","60","179","600000","24","X","BYL","Boyolali"
"2189BYLRT","63","jF13","2000000","10","X","BYL","Boyolali"
"2189BYLRT","M3","190","3200000","24","X","BYL","Boyolali"
"2189BYLRT","MFB","0001","1500000","25","X","BYL","Boyolali"
"2189BYLRT","MFB","175","4000000","25","X","BYL","Boyolali"
"2190BYLRT","ET","","3750000","25","X","BYL","Boyolali"
"2192KRART","ET","","500000","25","X","KRA","Karanganyar"
"2193BYLRT","ET","343","500000","24","X","BYL","Boyolali"
"2193SKHRT","60","180","1500000","10","X","SKH","Sukoharjo"
"2193SKHRT","63","jF09","5700000","24","X","SKH","Sukoharjo"
"2193SKHRT","ET","341","600000","25","X","SKH","Sukoharjo"
"2193SKHRT","M3","174","8600000","10","X","SKH","Sukoharjo"
"2193SKHRT","M6","070","1200000","24","X","SKH","Sukoharjo"
"2193SKHRT","MFB","078","5000000","10","X","SKH","Sukoharjo"
"2193SRGRT","60","185","3450000","10","X","SRG","Sragen"
"2193SRGRT","63","jf08","4000000","10","X","SRG","Sragen"
"2193SRGRT","M3","190","2400000","24","X","SRG","Sragen"
"2193SRGRT","M6","086","1500000","24","X","SRG","Sragen"
"2193SRGRT","MFB","0112","900000","10","X","SRG","Sragen"
"2193SRGRT","MFB","0181","300000","10","X","SRG","Sragen"
"2193SRGRT","MFB","1109","500000","10","X","SRG","Sragen"
"2194BYLRT","60","179","500000","25","X","BYL","Boyolali"
"2194BYLRT","63","JF05","1000000","24","X","BYL","Boyolali"
"2194BYLRT","M6","7003","600000","24","X","BYL","Boyolali"
"2194BYLRT","MFB","175","5900000","24","X","BYL","Boyolali"
"2194SLURT","63","jF09","500000","24","X","SLU","Solo Utara"
"2195BYLRT","60","181","4700000","10","X","BYL","Boyolali"
"2195BYLRT","M3","189","6500000","10","X","BYL","Boyolali"
"2195BYLRT","MFB","0112","5000000","24","X","BYL","Boyolali"
"2195BYLRT","MFB","0181","3000000","24","X","BYL","Boyolali"
"2195KRART","63","jf03","500000","10","X","KRA","Karanganyar"
"2195KRART","M6","","500000","10","X","KRA","Karanganyar"
"2195KRART","MFB","0364","500000","10","X","KRA","Karanganyar"
"2195SKHRT","ET","","500000","25","","SKH","Sukoharjo"
"2195SRGRT","60","181","2700000","10","X","SRG","Sragen"
"2195SRGRT","ET","","500000","25","X","SRG","Sragen"
"2195SRGRT","M3","067","550000","10","X","SRG","Sragen"
"2195SRGRT","MFB","0112","4000000","24","X","SRG","Sragen"
"2195SRGRT","MFB","0181","1750000","24","X","SRG","Sragen"
"2195SRGRT","MFB","1100","500000","24","X","SRG","Sragen"
"2196KRART","60","","2000000","25","X","KRA","Karanganyar"
"2197BYLRT","ET","","500000","25","X","BYL","Boyolali"
"2197KRART","ET","","1000000","24","X","KRA","Karanganyar"
"2198KTSRT","MFB","0233","500000","10","","KTS","Kartosuro"
"2198SLSRT","ET","","1.25","25","X","SLS","Solo Selatan"
"2198SRGRT","ET","","300000","25","X","SRG","Sragen"
"2199BYLRT","ET","","500000","25","X","BYL","Boyolali"
"2199BYLRT","MFB","0233","500000","25","X","BYL","Boyolali"
"2199BYLSW","MFB","0233","2300000","10","X","BYL","Boyolali"
"2199SKHSW","60","178","2350000","10","X","SKH","Sukoharjo"
"2199SKHSW","63","jF09","1182200","24","X","SKH","Sukoharjo"
"2199SKHSW","M3","174","1000000","10","X","SKH","Sukoharjo"
"2199SKHSW","MFB","078","900000","25","X","SKH","Sukoharjo"
"2201SLSRT","60","179","500000","10","X","SLS","Solo Selatan"
"2202SRGRT","63","jf08","1000000","24","X","SRG","Sragen"
"2203BYLRT","MFB","0233","500000","10","X","BYL","Boyolali"
"2205SLURT","M3","0146","700000","10","","SLU","Solo Utara"
"2205SLURT","M3","0146N","40000","24","","SLU","Solo Utara"
"2208KRART","60","180","900000","24","X","KRA","Karanganyar"
"2208KRART","63","JF02","600000","24","X","KRA","Karanganyar"
"2208KRART","M3","174","500000","10","X","KRA","Karanganyar"
"2208KRART","MFB","078","500000","24","X","KRA","Karanganyar"
"2208SLURT","60","","500000","10","X","SLU","Solo Utara"
"2208SLURT","MFB","0233","500000","10","X","SLU","Solo Utara"
"2209BYLRT","ET","343","5200000","24","X","BYL","Boyolali"
"2210SLURT","63","jf09","828807","24","X","SLU","Solo Utara"
"2210SLURT","M3","190","500000","24","X","SLU","Solo Utara"
"2211KRART","60","180","500000","24","X","KRA","Karanganyar"
"2213SLURT","63","JF02","2300000","24","X","SLU","Solo Utara"
"2214SRGRT","63","JF12","800000","10","X","SRG","Sragen"
"2214SRGRT","M3","067","4850000","24","X","SRG","Sragen"
"2214SRGRT","M6","086","600000","24","X","SRG","Sragen"
"2214SRGRT","MFB","0112","500000","24","X","SRG","Sragen"
"2214SRGRT","MFB","1100","500000","24","X","SRG","Sragen"
"2215SLURT","ET","","500000","25","X","SLU","Solo Utara"
"2215SLURT","M3","0001","100000","10","","SLU","Solo Utara"
"2215SLURT","M3","0001N","40000","24","","SLU","Solo Utara"
"2215SRGRT","ET","341","1500000","25","x","SRG","Sragen"
"2223SLSRT","MFB","0","2100000","10","X","SLS","Solo Selatan"
"2225KRART","63","jf05","1000000","24","X","KRA","Karanganyar"
"2225SRGRT","60","185","2700000","10","X","SRG","Sragen"
"2225SRGRT","MFB","1100","500000","24","X","SRG","Sragen"
"2227SLURT","60","","850000","10","X","SLU","Solo Utara"
"2227SLURT","63","","1100000","10","X","SLU","Solo Utara"
"2227SLURT","M3","","500000","10","X","SLU","Solo Utara"
"2227SLURT","MFB","078","700000","24","X","SLU","Solo Utara"
"2229SLSRT","MFB","0233","600000","10","X","SLS","Solo Selatan"
"2231SRGRT","ET","341","550000","24","X","SRG","Sragen"
"2232SLURT","60","179","1600000","24","X","SLS","Solo Selatan"
"2232SLURT","MFB","175","1200000","25","X","SLS","Solo Selatan"
"2233KRART","63","jf03","500000","10","X","KRA","Karanganyar"
"2233SKHSW","ET","","500000","25","X","SKH","Sukoharjo"
"2233SKHSW","MFB","1109","300000","10","X","SKH","Sukoharjo"
"2233SRGRT","60","185","1200000","24","X","SRG","Sragen"
"2234KRART","63","jF18","1000000","24","X","KRA","Karanganyar"
"2234SLSRT","MFB","0233","3650000","10","X","SLS","Solo Selatan"
"2234SRGRT","60","185","1200000","10","X","SRG","Sragen"
"2235BYLRT","ET","343","1500000","24","X","BYL","Boyolali"
"2235SLURT","MFB","0233","500000","10","X","SLU","Solo Utara"
"2237SLSRT","63","JF03","500000","24","X","SLS","Solo Selatan"
"2239BYLRT","ET","","1500000","25","X","BYL","Boyolali"
"2239SRGRT","60","181","2400000","10","X","SRG","Sragen"
"2239SRGRT","M3","0146","1000000","10","X","SRG","Sragen"
"2239SRGRT","M3","0146N","40000","24","X","SRG","Sragen"
"2239SRGRT","MFB","0181","500000","10","X","SRG","Sragen"
"2240BYLRT","63","jF05","1000000","10","X","BYL","Boyolali"
"2240BYLRT","ET","","1000000","25","X","BYL","Boyolali"
"2240SRGRT","ET","341","500000","24","X","SRG","Sragen"
"2240SRGRT","MFB","0112","4600000","24","X","SRG","Sragen"
"2240SRGRT","MFB","1100","500000","10","X","SRG","Sragen"
"2244BYLRT","60","0","500000","25","X","BYL","Boyolali"
"2244BYLRT","ET","","2000000","25","X","BYL","Boyolali"
"2244SRGRT","60","181","1300000","25","X","SRG","Sragen"
"2244SRGRT","MFB","0112","1050000","25","X","SRG","Sragen"
"2245BYLAP","ET","","500000","25","X","BYL","Boyolali"
"2246BYLRT","ET","","1000000","25","X","BYL","Boyolali"
"2246SLSRT","M3","0146","2100000","10","","SLS","Solo Selatan"
"2246SLSRT","M3","0146N","40000","24","","SLS","Solo Selatan"
"2247KRART","60","180","1850000","24","X","KRA","Karanganyar"
"2247KRART","63","jF09","2312575","10","X","KRA","Karanganyar"
"2247KRART","ET","","500000","25","X","KRA","Karanganyar"
"2247KRART","M3","174","3350000","10","X","KRA","Karanganyar"
"2247KRART","M6","7003","1000000","24","X","KRA","Karanganyar"
"2247KRART","MFB","0380","200000","24","X","KRA","Karanganyar"
"2247KRART","MFB","078","800000","24","X","KRA","Karanganyar"
"2247SRGMM","MFB","0181","500000","10","X","SRG","Sragen"
"2248SKHRT","ET","","500000","25","X","SKH","Sukoharjo"
"2251BYLRT","ET","","1000000","25","X","BYL","Boyolali"
"2251SKHRT","60","177","600000","10","X","SKH","Sukoharjo"
"2251SLSRT","ET","","500000","25","X","SLS","Solo Selatan"
"2252BYLRT","ET","","500000","25","X","BYL","Boyolali"
"2252SLURT","60","179","1800000","10","X","SLU","Solo Utara"
"2252SLURT","63","jF03","1514850","10","X","SLU","Solo Utara"
"2255BYLRT","ET","","500000","25","X","BYL","Boyolali"
"2255KRART","M3","","300000","10","X","KRA","Karanganyar"
"2256SRGRT","60","181","2500000","10","X","SRG","Sragen"
"2256SRGRT","M3","189","1800000","10","X","SRG","Sragen"
"2256SRGRT","MFB","0112","2200000","24","X","SRG","Sragen"
"2256SRGRT","MFB","0181","1.25","24","X","SRG","Sragen"
"2256SRGRT","MFB","502","250000","24","X","SRG","Sragen"
"2257BYLRT","ET","","1000000","25","X","BYL","Boyolali"
"2257SKHRT","63","jF11","500000","10","X","SKH","Sukoharjo"
"2257SLSRT","ET","341","2350000","24","X","SLS","Solo Selatan"
"2258BYLRT","63","JF12","4360175","10","X","BYL","Boyolali"
"2258BYLRT","ET","","500000","25","X","BYL","Boyolali"
"2258KRART","63","jf07","337792","24","X","KRA","Karanganyar"
"2258SKHRT","63","","4315106","10","X","SKH","Sukoharjo"
"2258SRGRT","60","181","600000","25","X","SRG","Sragen"
"2258SRGRT","63","jf08","1200000","24","X","SRG","Sragen"
"2258SRGRT","ET","341","500000","24","X","SRG","Sragen"
"2258SRGRT","M3","067","500000","10","X","SRG","Sragen"
"2258SRGRT","M6","","2500000","10","X","SRG","Sragen"
"2258SRGRT","MFB","0112","2700000","25","X","SRG","Sragen"
"2259SLSRT","63","JF03","1000000","24","X","SLS","Solo Selatan"
"2260BYLRT","ET","","1500000","25","X","BYL","Boyolali"
"2260SLURT","MFB","0369","6000000","10","X","SLU","Solo Utara"
"2261KTSRT","ET","","2300000","24","X","KTS","Kartosuro"
"2262SLSRT","ET","343","1200000","24","X","SLS","Solo Selatan"
"2263KRART","ET","341","600000","24","X","KRA","Karanganyar"
"2264SLURT","63","","500000","10","X","SLU","Solo Utara"
"2266BYLRT","ET","343","1200000","24","X","BYL","Boyolali"
"2266SRGRT","60","178","1200000","24","X","SRG","Sragen"
"2266SRGRT","63","JF03","1200000","10","X","SRG","Sragen"
"2267KRART","63","jF05","500000","10","X","KRA","Karanganyar"
"2267KRART","ET","341","500000","25","X","KRA","Karanganyar"
"2267KRART","M3","174","500000","10","X","KRA","Karanganyar"
"2267KRART","M6","070","1000000","10","X","KRA","Karanganyar"
"2267KRART","MFB","078","2700000","25","X","KRA","Karanganyar"
"2267SLSRT","ET","343","800000","24","X","SLS","Solo Selatan"
"2268KRART","63","JF12","4706468","10","X","KRA","Karanganyar"
"2268KRART","M3","067","2500000","10","X","KRA","Karanganyar"
"2268KRART","M6","086","800000","10","X","KRA","Karanganyar"
"2268KRART","MFB","0112","1700000","10","X","KRA","Karanganyar"
"2268KRART","MFB","1100","500000","10","X","KRA","Karanganyar"
"2268SKHRT","60","","600000","10","X","SKH","Sukoharjo"
"2268SKHRT","M3","190","500000","10","X","SKH","Sukoharjo"
"2270SLURT","ET","341","1200000","24","X","SLU","Solo Utara"
"2271BYLRT","ET","","500000","25","X","BYL","Boyolali"
"2271SLSRT","ET","341","4550000","24","X","SLS","Solo Selatan"
"2274BYLRT","ET","","500000","25","X","BYL","Boyolali"
"2274BYLRT","MFB","0233","1000000","25","X","BYL","Boyolali"
"2274BYLRT","MFB","2304","3000000","25","X","BYL","Boyolali"
"2277KRART","60","180","1300000","24","X","KRA","Karanganyar"
"2278SKHRT","60","180","1500000","10","X","SKH","Sukoharjo"
"2278SKHRT","M3","174","950000","10","X","SKH","Sukoharjo"
"2279BYLRT","60","179","2200000","10","X","BYL","Boyolali"
"2279BYLRT","63","jf18","9379067","10","X","BYL","Boyolali"
"2279BYLRT","M6","7003","3200000","10","X","BYL","Boyolali"
"2279BYLRT","MFB","175","22750000","10","X","BYL","Boyolali"
"2279SLURT","ET","343","6500000","24","X","SLU","Solo Utara"
"2280BYLRT","M3","0146","950000","10","X","BYL","Boyolali"
"2280BYLRT","M3","0146N","40000","24","X","BYL","Boyolali"
"2281BYLRT","ET","","1.25","25","X","BYL","Boyolali"
"2281BYLRT","MFB","0233","3200000","10","X","BYL","Boyolali"
"2282BYLRT","ET","","1500000","25","X","BYL","Boyolali"
"2282SRGRT","60","181","1500000","25","X","SRG","Sragen"
"2282SRGRT","63","jf14","1700000","24","X","SRG","Sragen"
"2282SRGRT","M3","","1700000","10","X","SRG","Sragen"
"2282SRGRT","MFB","0112","5000000","25","X","SRG","Sragen"
"2284BYLRT","60","179","1050000","24","X","BYL","Boyolali"
"2284BYLRT","ET","","1500000","25","X","BYL","Boyolali"
"2291BYLRT","63","jf11","800000","24","X","BYL","Boyolali"
"2291BYLRT","MFB","","3750000","10","X","BYL","Boyolali"
"2292BYLRT","60","185","500000","24","X","BYL","Boyolali"
"2292BYLRT","63","JF01","500000","24","X","BYL","Boyolali"
"2292BYLRT","M3","189","600000","10","X","BYL","Boyolali"
"2292BYLRT","M6","070","500000","10","X","BYL","Boyolali"
"2292BYLRT","MFB","0112","2500000","24","X","BYL","Boyolali"
"2292BYLRT","MFB","1100","500000","24","X","BYL","Boyolali"
"2294SKHRT","63","jf03","600000","24","X","SKH","Sukoharjo"
"2297KRART","63","jf05","3500000","24","X","KRA","Karanganyar"
"2297KRART","ET","341","500000","24","X","KRA","Karanganyar"
"2297KRART","M3","502","300000","10","X","KRA","Karanganyar"
"2297KRART","M3","502N","40000","24","X","KRA","Karanganyar"
"2297KRART","M6","070","900000","24","X","KRA","Karanganyar"
"2297KRART","MFB","078","4200000","10","X","KRA","Karanganyar"
"2299SKHRT","ET","341","700000","24","X","SKH","Sukoharjo"
"2300SKHRT","63","jF03","500000","24","X","SKH","Sukoharjo"
"2300SRGRT","63","jF16","1100000","10","X","SRG","Sragen"
"2301BYLRT","60","179","700000","24","X","BYL","Boyolali"
"2301BYLRT","63","jF07","1400000","24","X","BYL","Boyolali"
"2301KRART","60","193","950000","24","X","KRA","Karanganyar"
"2301KRART","63","","1000000","10","X","KRA","Karanganyar"
"2301KRART","M3","174","500000","10","X","KRA","Karanganyar"
"2301SLSRT","M3","0146","250000","10","X","SLS","Solo Selatan"
"2301SLSRT","M3","0146N","40000","24","X","SLS","Solo Selatan"
"2304KRART","60","","500000","10","X","KRA","Karanganyar"
"2305BYLRT","60","179","2500000","10","X","BYL","Boyolali"
"2307BYLRT","63","","500000","10","X","BYL","Boyolali"
"2307BYLRT","MFB","0233","500000","10","X","BYL","Boyolali"
"2307SLURT","60","170","3700000","5","X","SLU","Solo Utara"
"2307SRGRT","63","","500000","10","X","SRG","Sragen"
"2308BYLRT","63","jF12","500000","24","X","BYL","Boyolali"
"2308KRART","63","jf05","1806578","24","X","KRA","Karanganyar"
"2308KRART","ET","341","500000","24","X","KRA","Karanganyar"
"2308KRART","M3","","500000","24","X","KRA","Karanganyar"
"2308KRART","M6","086","600000","25","X","KRA","Karanganyar"
"2308KRART","MFB","0112","2100000","10","X","KRA","Karanganyar"
"2308KRART","MFB","0366","850000","10","X","KRA","Karanganyar"
"2308KRART","MFB","069","5000000","10","X","KRA","Karanganyar"
"2308KRART","MFB","E001","500000","10","x","KRA","Karanganyar"
"2308SLSRT","63","jF02","3200000","24","X","SLS","Solo Selatan"
"2308SLSRT","M3","190","3000000","24","X","SLS","Solo Selatan"
"2311BYLRT","60","179","1750000","24","X","BYL","Boyolali"
"2311BYLRT","63","JF11","500000","24","X","BYL","Boyolali"
"2311KRART","60","180","500000","10","X","KRA","Karanganyar"
"2311KRART","63","","500000","10","X","KRA","Karanganyar"
"2311KRART","ET","341","500000","25","X","KRA","Karanganyar"
"2311SLURT","63","JF03","1000000","24","X","SLU","Solo Utara"
"2311SLURT","M6","","500000","10","X","SLU","Solo Utara"
"2313KLTRT","60","177","500000","10","","BYL","Boyolali"
"2314SRGMM","60","181","800000","10","X","SRG","Sragen"
"2314SRGMM","63","jF10","7471697","10","X","SRG","Sragen"
"2314SRGMM","ET","341","650000","24","X","SRG","Sragen"
"2314SRGMM","M3","190","1700000","24","X","SRG","Sragen"
"2314SRGMM","M6","086","1600000","10","X","SRG","Sragen"
"2314SRGMM","MFB","0112","10000000","10","X","SRG","Sragen"
"2314SRGMM","MFB","1100","500000","10","X","SRG","Sragen"
"2316SLSRT","63","","500000","10","X","SLS","Solo Selatan"
"2318SLURT","63","jF16","600000","24","X","SLU","Solo Utara"
"2319SRGRT","60","185","500000","25","X","SRG","Sragen"
"2319SRGRT","63","jf08","2600000","10","X","SRG","Sragen"
"2319SRGRT","M3","190","1250000","24","X","SRG","Sragen"
"2319SRGRT","M6","086","1200000","24","X","SRG","Sragen"
"2319SRGRT","MFB","0112","1250000","25","X","SRG","Sragen"
"2319SRGRT","MFB","0181","300000","25","X","SRG","Sragen"
"2319SRGRT","MFB","1100","500000","24","X","SRG","Sragen"
"2321KRART","ET","341","1600000","24","X","KRA","Karanganyar"
"2322SKHRT","63","jf03","1150000","24","X","SKH","Sukoharjo"
"2322SLSRT","ET","","500000","25","X","SLS","Solo Selatan"
"2322SRGRT","60","181","2000000","24","X","SRG","Sragen"
"2323KRART","63","jF18","4783692","24","X","KRA","Karanganyar"
"2323SRGRT","60","181","500000","10","x","SRG","Sragen"
"2323SRGRT","ET","341","300000","25","X","SRG","Sragen"
"2323SRGRT","M3","067","1450000","24","X","SRG","Sragen"
"2323SRGRT","M6","086","700000","24","X","SRG","Sragen"
"2323SRGRT","MFB","0112","1000000","10","X","SRG","Sragen"
"2323SRGRT","MFB","1100","500000","10","X","SRG","Sragen"
"2324SRGMM","63","jF08","8500000","24","X","SRG","Sragen"
"2324SRGMM","MFB","0112","3950000","25","X","SRG","Sragen"
"2326KTSRT","60","179","1900000","24","X","KTS","Kartosuro"
"2327SLURT","M3","190","3000000","24","X","SLU","Solo Utara"
"2329KRART","63","JF09","1500000","24","X","KRA","Karanganyar"
"2329KRART","M3","174","550000","10","X","KRA","Karanganyar"
"2330BYLRT","63","jf09","500000","10","","BYL","Boyolali"
"2330KRART","63","JF02","1100000","10","X","KRA","Karanganyar"
"2330KRART","M3","174","600000","10","X","KRA","Karanganyar"
"2332BYLRT","ET","","1.25","25","X","BYL","Boyolali"
"2332BYLRT","MFB","0233","500000","10","x","BYL","Boyolali"
"2333SKHRT","60","180","850000","10","X","SKH","Sukoharjo"
"2333SKHRT","63","jF07","2821292","24","X","SKH","Sukoharjo"
"2333SKHRT","M3","174","1100000","24","X","SKH","Sukoharjo"
"2333SKHRT","M6","7003","1000000","24","X","SKH","Sukoharjo"
"2333SKHRT","MFB","078","4250000","10","X","SKH","Sukoharjo"
"2334BYLRT","MFB","0233","1.25","10","X","BYL","Boyolali"
"2335BYLRT","63","jf03","500000","24","X","BYL","Boyolali"
"2335BYLRT","ET","","500000","25","X","BYL","Boyolali"
"2335SLURT","60","178","1800000","24","X","SLU","Solo Utara"
"2335SLURT","M3","190","800000","24","X","SLU","Solo Utara"
"2335SRGRT","63","jF17","598550","24","X","SRG","Sragen"
"2335SRGRT","MFB","0112","500000","10","X","SRG","Sragen"
"2336SLSRT","ET","341","550000","24","X","SLS","Solo Selatan"
"2336SRGRT","63","jF14","500000","10","X","SRG","Sragen"
"2337BYLRT","60","179","3000000","24","X","BYL","Boyolali"
"2337KTSRT","60","179","850000","25","X","KTS","Kartosuro"
"2337KTSRT","MFB","0233","800000","25","X","KTS","Kartosuro"
"2337KTSRT","MFB","175","1000000","24","X","KTS","Kartosuro"
"2337SRGRT","60","188","500000","10","X","SRG","Sragen"
"2337SRGRT","63","jF10","4410275","10","X","SRG","Sragen"
"2337SRGRT","ET","341","500000","24","X","SRG","Sragen"
"2337SRGRT","M3","035","6700000","10","X","SRG","Sragen"
"2337SRGRT","M6","093","1500000","10","X","SRG","Sragen"
"2337SRGRT","MFB","0366","6500000","10","X","SRG","Sragen"
"2337SRGRT","MFB","069","4000000","10","X","SRG","Sragen"
"2337SRGRT","MFB","E001","500000","10","x","SRG","Sragen"
"2337SRGSW","60","188","700000","10","X","SRG","Sragen"
"2338BYLRT","60","178","900000","24","X","BYL","Boyolali"
"2338BYLRT","63","JF11","2500000","24","X","BYL","Boyolali"
"2338BYLRT","M6","070","800000","10","X","BYL","Boyolali"
"2338SKHRT","60","185","2700000","24","X","SKH","Sukoharjo"
"2338SKHRT","M3","0146","500000","10","X","SKH","Sukoharjo"
"2338SKHRT","M3","0146N","40000","24","X","SKH","Sukoharjo"
"2338srgrt","63","","500000","10","X","SRG","Sragen"
"2338srgrt","M6","","550000","10","X","SRG","Sragen"
"2338srgrt","MFB","0181","500000","25","X","SRG","Sragen"
"2341SLSRT","60","","500000","10","X","SLS","Solo Selatan"
"2342SRGRT","M3","190","2300000","24","X","SRG","Sragen"
"2343BYLRT","60","178","1500000","24","X","BYL","Boyolali"
"2343BYLRT","63","jF09","500000","10","X","BYL","Boyolali"
"2343SLSRT","MFB","0364","500000","10","","SLS","Solo Selatan"
"2344BYLRT","63","JF11","500000","24","X","BYL","Boyolali"
"2344KRART","ET","343","500000","25","X","KRA","Karanganyar"
"2345BYLRT","63","jf05","1300000","24","X","BYL","Boyolali"
"2346SRGRT","63","JF10","1537617","10","X","SRG","Sragen"
"2346SRGRT","M3","067","1900000","24","X","SRG","Sragen"
"2346SRGRT","MFB","0112","3550000","24","X","SRG","Sragen"
"2347KTSRT","ET","340","500000","24","","KTS","Kartosuro"
"2347SLURT","63","jF16","500000","24","X","KTS","Kartosuro"
"2347SLURT","ET","340","500000","24","X","KTS","Kartosuro"
"2347SLURT","M3","190","500000","24","X","KTS","Kartosuro"
"2347SLURT","M6","7003","500000","10","X","KTS","Kartosuro"
"2347SRGRT","60","181","4100000","25","X","SRG","Sragen"
"2347SRGRT","MFB","0112","3050000","25","X","SRG","Sragen"
"2348BYLRT","63","JF01","500000","24","X","BYL","Boyolali"
"2350GMLRT","63","jf10","8500000","10","X","GML","Gemolong"
"2350GMLRT","ET","342","700000","24","X","GML","Gemolong"
"2350GMLRT","M3","184","6000000","24","X","GML","Gemolong"
"2350GMLRT","M6","086","3000000","24","X","GML","Gemolong"
"2350GMLRT","MFB","1100","2250000","24","X","GML","Gemolong"
"2350GMLRT","MFB","E001","500000","24","X","GML","Gemolong"
"2350KRART","ET","","500000","25","X","KRA","Karanganyar"
"2350KRART","M3","174","500000","10","X","KRA","Karanganyar"
"2350SLSRT","63","jF11","1000000","24","X","SLS","Solo Selatan"
"2350SRGRT","60","185","1950000","10","X","SRG","Sragen"
"2350SRGRT","63","jF17","500000","10","x","SRG","Sragen"
"2350SRGRT","ET","341","500000","24","X","SRG","Sragen"
"2350SRGRT","M3","190","2600000","24","X","SRG","Sragen"
"2350SRGRT","MFB","1100","1200000","24","X","SRG","Sragen"
"2354BYLRT","60","185","3500000","24","X","BYL","Boyolali"
"2355BYLRT","60","179","5300000","10","X","BYL","Boyolali"
"2355SRGRT","60","193","2500000","10","X","SRG","Sragen"
"2355SRGRT","63","jf08","1711425","10","X","SRG","Sragen"
"2355SRGRT","M3","067","5600000","24","X","SRG","Sragen"
"2355SRGRT","M6","086","3000000","10","X","SRG","Sragen"
"2356KTSRT","63","","500000","10","X","KTS","Kartosuro"
"2356SLSRT","60","178","3200000","24","X","SLS","Solo Selatan"
"2356SLSRT","63","JF16","500000","24","X","SLS","Solo Selatan"
"2357BYLRT","60","185","4200000","24","X","BYL","Boyolali"
"2357SLURT","M3","","300000","10","X","SLU","Solo Utara"
"2360BYLRT","ET","","500000","25","X","BYL","Boyolali"
"2360BYLRT","MFB","0233","700000","10","X","BYL","Boyolali"
"2361KTSRT","60","179","850000","24","X","KTS","Kartosuro"
"2361KTSRT","M3","190","800000","24","X","KTS","Kartosuro"
"2363SLSRT","M3","","500000","10","X","SLS","Solo Selatan"
"2365BYLRT","63","JF07","800000","10","X","BYL","Boyolali"
"2365BYLRT","ET","343","500000","24","X","BYL","Boyolali"
"2365BYLRT","M6","7003","1000000","24","X","BYL","Boyolali"
"2365BYLRT","MFB","175","800000","24","X","BYL","Boyolali"
"2365KRART","63","jF15","1000000","24","X","KRA","Karanganyar"
"2365SKHRT","63","jf15","1000000","24","X","SKH","Sukoharjo"
"2365SLSRT","63","","1000000","10","X","SLS","Solo Selatan"
"2366GMLRT","60","188","500000","10","X","GML","Gemolong"
"2366GMLRT","63","JF10","1918023","10","X","GML","Gemolong"
"2366GMLRT","ET","341","500000","24","X","GML","Gemolong"
"2366GMLRT","MFB","0366","500000","24","X","GML","Gemolong"
"2366GMLRT","MFB","E001","500000","24","x","GML","Gemolong"
"2366KRART","63","jF05","1000000","10","X","KRA","Karanganyar"
"2366KRART","M3","174","2500000","10","X","KRA","Karanganyar"
"2366SLSRT","63","jF05","850000","24","X","SLS","Solo Selatan"
"2367GMLRT","63","jf08","700000","24","X","GML","Gemolong"
"2367GMLRT","ET","341","500000","24","X","GML","Gemolong"
"2367GMLRT","M3","067","500000","24","X","GML","Gemolong"
"2367GMLRT","MFB","1100","500000","24","X","GML","Gemolong"
"2367KRART","63","","1000000","10","X","KRA","Karanganyar"
"2367KTSRT","MFB","0233","500000","10","","KTS","Kartosuro"
"2367SLSRT","63","JF03","500000","24","X","SLS","Solo Selatan"
"2367SRGRT","60","jF07","500000","10","X","SRG","Sragen"
"2368BYLRT","ET","343","1050000","24","X","BYL","Boyolali"
"2368SLURT","63","jf09","500000","24","X","SLU","Solo Utara"
"2369SKHRT","63","jF01","500000","24","X","SKH","Sukoharjo"
"2369SLURT","60","178","500000","24","X","SLU","Solo Utara"
"2369SLURT","63","jF16","500000","24","X","SLU","Solo Utara"
"2371KRART","60","178","1650000","10","X","KRA","Karanganyar"
"2371KRART","63","jF12","1100000","10","X","KRA","Karanganyar"
"2371KRART","M3","174","1600000","10","X","KRA","Karanganyar"
"2371KRART","M6","7003","1200000","24","X","KRA","Karanganyar"
"2371KRART","MFB","078","2300000","10","X","KRA","Karanganyar"
"2371KRART","MFB","1109","500000","10","X","KRA","Karanganyar"
"2374KRART","60","180","2050000","10","X","KRA","Karanganyar"
"2374KRART","63","jF07","9700000","10","X","KRA","Karanganyar"
"2374KRART","M3","174","6800000","10","X","KRA","Karanganyar"
"2374KRART","MFB","078","1500000","10","X","KRA","Karanganyar"
"2374SLSRT","ET","340","4500000","24","X","SLS","Solo Selatan"
"2374SRGRT","60","185","500000","24","X","SRG","Sragen"
"2374SRGRT","MFB","1100","500000","10","x","SRG","Sragen"
"2375KTSRT","63","jF07","500000","24","X","KTS","Kartosuro"
"2375KTSRT","MFB","0233","500000","10","X","KTS","Kartosuro"
"2377BYLRT","ET","","500000","25","X","BYL","Boyolali"
"2377BYLRT","MFB","0233","500000","25","X","BYL","Boyolali"
"2377SKHRT","60","180","2350000","10","1","SKH","Sukoharjo"
"2377SKHRT","63","jf15","1688100","24","1","SKH","Sukoharjo"
"2377SKHRT","M3","174","2750000","10","1","SKH","Sukoharjo"
"2377SLSRT","60","","500000","10","X","SLS","Solo Selatan"
"2377SRGRT","60","181","2100000","10","X","SRG","Sragen"
"2377SRGRT","63","JF08","14400000","10","X","SRG","Sragen"
"2377SRGRT","ET","341","750000","24","X","SRG","Sragen"
"2377SRGRT","M3","190","11000000","10","X","SRG","Sragen"
"2377SRGRT","M6","086","3000000","10","X","SRG","Sragen"
"2377SRGRT","MFB","0112","5000000","10","X","SRG","Sragen"
"2377SRGRT","MFB","1100","700000","10","X","SRG","Sragen"
"2377SRGRT","MFB","189","500000","10","X","SRG","Sragen"
"2377SRGRT","MFB","b7to2","500000","10","X","SRG","Sragen"
"2378SLSRT","63","jF16","500000","24","X","SLS","Solo Selatan"
"2383SRGRT","60","185","500000","24","X","SRG","Sragen"
"2383SRGRT","MFB","1100","500000","24","X","SRG","Sragen"
"2388BYLRT","ET","343","650000","24","X","KTS","Kartosuro"
"2388KRART","60","180","1500000","10","X","KRA","Karanganyar"
"2390SRGRT","63","jF14","500000","10","x","SRG","Sragen"
"2390SRGRT","MFB","0181","500000","10","X","SRG","Sragen"
"2393BYLRT","M3","","1300000","10","X","BYL","Boyolali"
"2393BYLRT","MFB","0233","750000","25","X","BYL","Boyolali"
"2393BYLRT","MFB","175","2800000","24","X","BYL","Boyolali"
"2393SRGRT","63","jF14","2385817","24","X","SRG","Sragen"
"2393SRGRT","M6","093","500000","10","X","SRG","Sragen"
"2394SRGRT","63","JF08","8307117","24","X","SRG","Sragen"
"2394SRGRT","M3","067","7600000","10","X","SRG","Sragen"
"2394SRGRT","M6","086","6300000","24","X","SRG","Sragen"
"2394SRGRT","MFB","0112","3600000","25","X","SRG","Sragen"
"2394SRGRT","MFB","1100","500000","10","X","SRG","Sragen"
"2395BYLRT","M3","","500000","10","X","BYL","Boyolali"
"2395BYLRT","MFB","0233","4200000","24","X","BYL","Boyolali"
"2395BYLRT","MFB","175","4000000","24","X","BYL","Boyolali"
"2396SLSRT","ET","","500000","25","X","SLS","Solo Selatan"
"2397SLSRT","60","178","500000","10","X","SLS","Solo Selatan"
"2397SLSRT","63","JF03","500000","24","X","SLS","Solo Selatan"
"2398SLSRT","60","185","300000","24","X","SLS","Solo Selatan"
"2398SLSRT","M3","190","600000","24","X","SLS","Solo Selatan"
"2398SRGRT","63","jf17","1800000","10","X","SRG","Sragen"
"2399KRART","ET","","700000","25","X","KRA","Karanganyar"
"2399SRGRT","ET","","500000","25","X","SRG","Sragen"
"2400KRART","63","JF11","1342650","24","X","KRA","Karanganyar"
"2400KRART","M3","174","500000","10","X","KRA","Karanganyar"
"2400KRART","M6","","500000","24","X","KRA","Karanganyar"
"2400KRART","MFB","078","700000","24","X","KRA","Karanganyar"
"2400KRART","MFB","1109","500000","24","X","KRA","Karanganyar"
"2400SLSRT","60","178","1500000","24","X","SLS","Solo Selatan"
"2400SLSRT","63","jf16","2059900","24","X","SLS","Solo Selatan"
"2401KRART","63","jF09","600000","24","X","KRA","Karanganyar"
"2401KRART","M3","174","500000","10","X","KRA","Karanganyar"
"2401KRART","M6","070","500000","10","X","KRA","Karanganyar"
"2401KRART","MFB","078","500000","10","X","KRA","Karanganyar"
"2401KRART","MFB","1109","500000","10","X","KRA","Karanganyar"
"2401SLSRT","63","","500000","10","X","SLS","Solo Selatan"
"2406BYLRT","60","181","1000000","10","X","BYL","Boyolali"
"2406BYLRT","63","jf16","2368100","10","X","BYL","Boyolali"
"2406BYLRT","M3","189","2500000","10","X","BYL","Boyolali"
"2406BYLRT","M6","070","700000","24","X","BYL","Boyolali"
"2406BYLRT","MFB","0112","6150000","24","X","BYL","Boyolali"
"2406BYLRT","MFB","0181","300000","24","X","BYL","Boyolali"
"2406BYLRT","MFB","1100","500000","24","X","BYL","Boyolali"
"2406SRGRT","M3","0146","2000000","10","X","SRG","Sragen"
"2406SRGRT","M3","0146N","40000","24","X","SRG","Sragen"
"2407BYLRT","63","JF12","1000000","24","X","BYL","Boyolali"
"2408BYLRT","63","jF03","500000","24","X","BYL","Boyolali"
"2408SRGRT","MFB","0181","1000000","10","X","SRG","Sragen"
"2409KRART","M3","","1100000","10","X","KRA","Karanganyar"
"2410SRGRT","60","","500000","10","X","SRG","Sragen"
"2410SRGRT","63","","600000","10","X","SRG","Sragen"
"2411KRART","60","","1.25","10","X","KRA","Karanganyar"
"2411KRART","MFB","","1.25","10","X","KRA","Karanganyar"
"2411SLSRT","60","","500000","10","X","SLS","Solo Selatan"
"2411SLSRT","63","jf02","932825","10","X","SLS","Solo Selatan"
"2411SLSRT","MFB","0233","700000","10","X","SLS","Solo Selatan"
"2411SRGAP","63","jF05","500000","1","X","SRG","Sragen"
"2411SRGMM","MFB","0","500000","10","X","SRG","Sragen"
"2411SRGRT","ET","","500000","25","X","SRG","Sragen"
"2412SLURT","M3","190","500000","24","X","SLU","Solo Utara"
"2412SLURT","M6","7003","800000","24","X","SLU","Solo Utara"
"2412SRGRT","MFB","0112","500000","24","X","SRG","Sragen"
"2413SRGRT","60","185","1650000","10","X","SRG","Sragen"
"2414KTSSM","ET","342","10000000","25","X","KTS","Kartosuro"
"2414KTSSM","M3","184","1500000","30","X","KTS","Kartosuro"
"2414KTSSM","M6","102","10000000","21","X","KTS","Kartosuro"
"2414KTSSM","MFB","0366","37000000","30","X","KTS","Kartosuro"
"2414SRGRT","63","jF05","800000","24","X","SRG","Sragen"
"2415bylrt","60","178","500000","24","X","BYL","Boyolali"
"2415bylrt","63","jF03","500000","24","X","BYL","Boyolali"
"2415SRGRT","60","181","2450000","10","X","SRG","Sragen"
"2415SRGRT","63","jf08","1000000","24","X","SRG","Sragen"
"2415SRGRT","M3","067","3350000","24","X","SRG","Sragen"
"2415SRGRT","MFB","0112","5800000","24","X","SRG","Sragen"
"2415SRGRT","MFB","189","300000","25","X","SRG","Sragen"
"2416KRART","ET","","1900000","25","X","KRA","Karanganyar"
"2417BYLRT","60","179","2100000","24","X","BYL","Boyolali"
"2417BYLRT","63","jF15","3500000","24","X","BYL","Boyolali"
"2417BYLRT","ET","343","500000","24","X","BYL","Boyolali"
"2417BYLRT","M6","7003","800000","24","X","BYL","Boyolali"
"2417BYLRT","MFB","175","750000","24","X","BYL","Boyolali"
"2417KRART","60","185","1000000","24","X","KRA","Karanganyar"
"2417KTSRT","63","jF01","3550000","24","X","KTS","Kartosuro"
"2417KTSRT","ET","340","1500000","24","X","KTS","Kartosuro"
"2417SLSRT","60","180","600000","24","X","SLS","Solo Selatan"
"2418BYLRT","63","jf11","600000","24","X","BYL","Boyolali"
"2418SKHRT","60","180","700000","24","X","SKH","Sukoharjo"
"2418SKHRT","63","jF09","859425","10","X","SKH","Sukoharjo"
"2418SKHRT","M3","174","500000","10","X","SKH","Sukoharjo"
"2418SKHRT","M6","7003","500000","10","X","SKH","Sukoharjo"
"2418SLSRT","MFB","","5100000","10","X","SLS","Solo Selatan"
"2419BYLRT","63","jF07","1326340","24","X","BYL","Boyolali"
"2419BYLRT","MFB","0233","15200000","25","X","BYL","Boyolali"
"2419KRART","60","180","700000","10","X","KRA","Karanganyar"
"2419KRART","63","JF15","1500000","10","X","KRA","Karanganyar"
"2419KRART","M3","174","500000","24","X","KRA","Karanganyar"
"2419KRART","MFB","078","4000000","24","X","KRA","Karanganyar"
"2422KRART","ET","","500000","24","X","KRA","Karanganyar"
"2422KRART","M6","070","500000","10","X","KRA","Karanganyar"
"2423KRART","63","jF02","2500000","10","X","KRA","Karanganyar"
"2423KRART","ET","341","750000","25","X","KRA","Karanganyar"
"2427SLURT","60","178","500000","25","X","SLU","Solo Utara"
"2427SLURT","63","jF03","3600000","24","X","SLU","Solo Utara"
"2427SLURT","M6","070","700000","24","X","SLU","Solo Utara"
"2427SLURT","MFB","175","650000","24","X","SLU","Solo Utara"
"2428BYLRT","60","179","2100000","24","X","BYL","Boyolali"
"2428BYLRT","63","jf09","676883","24","X","BYL","Boyolali"
"2428BYLRT","M3","0146","400000","10","X","BYL","Boyolali"
"2428BYLRT","M3","0146N","40000","24","X","BYL","Boyolali"
"2433KRART","60","181","1200000","25","X","KRA","Karanganyar"
"2433KRART","63","JF14","3157250","10","X","KRA","Karanganyar"
"2433KRART","ET","341","500000","24","X","KRA","Karanganyar"
"2433KRART","M3","189","8200000","10","X","KRA","Karanganyar"
"2433KRART","M6","086","1000000","24","X","KRA","Karanganyar"
"2433KRART","MFB","0112","1800000","25","X","KRA","Karanganyar"
"2433KRART","MFB","1100","500000","24","X","KRA","Karanganyar"
"2434KRART","M6","7003","500000","10","X","KRA","Karanganyar"
"2435KRART","60","185","500000","24","X","KRA","Karanganyar"
"2435KRART","63","jf07","500000","24","X","KRA","Karanganyar"
"2436KRART","63","jf07","500000","24","X","KRA","Karanganyar"
"2436SRGRT","60","185","750000","24","X","SRG","Sragen"
"2436SRGRT","63","JF08","2500000","10","X","SRG","Sragen"
"2436SRGRT","ET","341","500000","24","X","SRG","Sragen"
"2436SRGRT","M3","189","500000","10","X","SRG","Sragen"
"2436SRGRT","M6","070","600000","25","X","SRG","Sragen"
"2436SRGRT","MFB","0112","600000","10","X","SRG","Sragen"
"2436SRGRT","MFB","1100","500000","10","X","SRG","Sragen"
"2437BYLRT","MFB","0112","2750000","25","X","BYL","Boyolali"
"2437KRART","63","jf07","1700000","24","X","KRA","Karanganyar"
"2439KRART","63","jf03","500000","24","X","KRA","Karanganyar"
"2441BYLRT","63","JF11","500000","24","X","BYL","Boyolali"
"2441KTSRT","MFB","0233","3600000","10","X","KTS","Kartosuro"
"2441SLSRT","ET","","1400000","25","X","SLS","Solo Selatan"
"2444SRGRT","63","JF14","7044208","10","X","SRG","Sragen"
"2444SRGRT","MFB","1100","500000","10","x","SRG","Sragen"
"2445BYLRT","ET","","500000","25","X","BYL","Boyolali"
"2445KRART","63","jF11","1700000","24","X","KRA","Karanganyar"
"2445KRART","ET","341","500000","24","X","KRA","Karanganyar"
"2445KRART","M3","174","1150000","10","X","KRA","Karanganyar"
"2445KRART","M6","070","1200000","24","X","KRA","Karanganyar"
"2445KRART","MFB","078","4300000","25","X","KRA","Karanganyar"
"2445KRART","MFB","1100","500000","24","X","KRA","Karanganyar"
"2445KRART","MFB","1109","500000","24","X","KRA","Karanganyar"
"2446BYLRT","ET","","500000","25","X","BYL","Boyolali"
"2447BYLRT","60","185","2300000","24","X","BYL","Boyolali"
"2447SLURT","60","180","1500000","24","X","SLU","Solo Utara"
"2447SLURT","63","jF11","500000","10","X","SLU","Solo Utara"
"2448BYLRT","63","JF11","600000","24","X","BYL","Boyolali"
"2448BYLRT","ET","","500000","25","X","BYL","Boyolali"
"2448KRART","63","jf16","3269150","10","X","KRA","Karanganyar"
"2448KRART","ET","341","1200000","24","X","KRA","Karanganyar"
"2448KRART","M6","070","800000","24","X","KRA","Karanganyar"
"2448SRGRS","ET","342","5200000","30","X","SRG","Sragen"
"2448SRGRT","60","185","1000000","25","X","SRG","Sragen"
"2448SRGRT","ET","","500000","25","X","SRG","Sragen"
"2448SRGRT","MFB","0112","1300000","25","X","SRG","Sragen"
"2448SRGRT","MFB","1100","500000","24","X","SRG","Sragen"
"2448SRGRT","MFB","1109","500000","24","x","SRG","Sragen"
"2448SRGSM","ET","","1100000","25","X","SRG","Sragen"
"2449SKHRT","63","jf03","1000000","24","X","SKH","Sukoharjo"
"2449SKHRT","ET","341","500000","25","X","SKH","Sukoharjo"
"2449SKHRT","M3","174","800000","10","X","SKH","Sukoharjo"
"2449SKHRT","M6","7003","600000","24","X","SKH","Sukoharjo"
"2450KRART","60","181","1100000","10","X","KRA","Karanganyar"
"2450KRART","MFB","1100","500000","10","X","KRA","Karanganyar"
"2451KRART","60","180","500000","24","X","KRA","Karanganyar"
"2451SKHRT","M6","7003","500000","24","x","SKH","Sukoharjo"
"2452BYLRT","60","179","4050000","24","X","BYL","Boyolali"
"2452BYLRT","63","jF03","2000000","10","X","BYL","Boyolali"
"2452BYLRT","M3","","2200000","10","X","BYL","Boyolali"
"2452SLSRT","60","193","2900000","24","X","SLS","Solo Selatan"
"2452SLSRT","63","JF05","700000","24","X","SLS","Solo Selatan"
"2452SLSRT","M3","190","2400000","10","X","SLS","Solo Selatan"
"2452SRGRT","MFB","0112","500000","24","X","SRG","Sragen"
"2452SRGRT","MFB","1100","500000","24","X","SRG","Sragen"
"2454KRART","63","jF12","1300000","10","X","KRA","Karanganyar"
"2454SRGRT","63","","500000","10","X","SRG","Sragen"
"2455KRART","60","193","3600000","10","X","KRA","Karanganyar"
"2455KTSRT","63","jF01","3829926","24","X","KTS","Kartosuro"
"2455KTSRT","ET","340","550000","25","X","KTS","Kartosuro"
"2455KTSRT","M3","189","500000","10","X","KTS","Kartosuro"
"2455KTSRT","M6","070","800000","10","X","KTS","Kartosuro"
"2455KTSRT","MFB","175","500000","24","X","KTS","Kartosuro"
"2455SRGRT","ET","","500000","25","X","SRG","Sragen"
"2456SLSRT","MFB","0233","1500000","10","X","SLS","Solo Selatan"
"2457BYLRT","63","","500000","10","X","BYL","Boyolali"
"2457BYLRT","ET","340","500000","10","X","BYL","Boyolali"
"2457KRART","63","jf02","1205667","24","X","KTS","Kartosuro"
"2457KTSRT","63","jF16","800000","10","X","KTS","Kartosuro"
"2457KTSRT","ET","340","500000","24","X","KTS","Kartosuro"
"2457KTSRT","M3","190","500000","10","X","KTS","Kartosuro"
"2457KTSRT","M6","070","500000","24","X","KTS","Kartosuro"
"2457KTSRT","MFB","0365","500000","24","X","KTS","Kartosuro"
"2457KTSRT","MFB","175","500000","24","X","KTS","Kartosuro"
"2457SLSRT","60","179","1000000","24","X","SLS","Solo Selatan"
"2457SLSRT","63","jF01","800000","24","X","SLS","Solo Selatan"
"2457SRGRT","60","181","500000","24","X","SRG","Sragen"
"2458BYLRT","63","jF07","500000","10","X","BYL","Boyolali"
"2461BYLRT","63","jF07","1000000","24","X","BYL","Boyolali"
"2461SRGRT","63","jF17","500000","24","X","SRG","Sragen"
"2461SRGRT","MFB","0181","500000","10","X","SRG","Sragen"
"2462KRART","63","jF09","2312008","10","X","KRA","Karanganyar"
"2463BYLRT","ET","343","500000","25","","BYL","Boyolali"
"2464KRART","60","185","500000","24","X","KRA","Karanganyar"
"2464KRART","63","jf07","500000","24","X","KRA","Karanganyar"
"2465BYLRT","63","jF09","2200000","24","X","BYL","Boyolali"
"2466BYLRT","60","193","5000000","24","X","BYL","Boyolali"
"2466BYLRT","63","jF15","3500500","10","X","BYL","Boyolali"
"2466BYLRT","M3","067","7000000","10","X","BYL","Boyolali"
"2466BYLRT","MFB","175","1850000","24","X","BYL","Boyolali"
"2466BYLRT","MFB","190","800000","25","X","BYL","Boyolali"
"2466SKHRT","MFB","0233","700000","24","X","SKH","Sukoharjo"
"2466SKHRT","MFB","175","500000","24","","SKH","Sukoharjo"
"2467SLSRT","MFB","0364","500000","10","","SLS","Solo Selatan"
"2469BYLRT","63","jF09","800000","10","X","BYL","Boyolali"
"2470BYLRT","63","jF12","704183","10","X","BYL","Boyolali"
"2470KRART","MFB","175","1300000","10","X","KRA","Karanganyar"
"2471SLSMM","63","JF11","800000","24","X","SLS","Solo Selatan"
"2471SLSMM","ET","343","500000","24","X","SLS","Solo Selatan"
"2471SLSRT","M3","0146","500000","10","X","SLS","Solo Selatan"
"2471SLSRT","M3","0146N","40000","24","X","SLS","Solo Selatan"
"2471SRGRT","60","180","2750000","24","X","SRG","Sragen"
"2473SRGRT","M3","190","800000","1","X","SRG","Sragen"
"2474SRGRT","60","185","500000","25","X","SRG","Sragen"
"2474SRGRT","63","jf08","500000","24","X","SRG","Sragen"
"2474SRGRT","M3","190","500000","10","X","SRG","Sragen"
"2474SRGRT","M6","086","600000","10","X","SRG","Sragen"
"2474SRGRT","MFB","0112","750000","24","X","SRG","Sragen"
"2476SRGRT","ET","341","500000","1","x","SRG","Sragen"
"2477SLSKO","M3","190","500000","24","X","SLS","Solo Selatan"
"2477SLSKO","MFB","0364","500000","10","X","SLS","Solo Selatan"
"2477SLSKO","MFB","0366","5000000","10","X","SLS","Solo Selatan"
"2477SLURT","63","jf07","1061160","24","X","SLU","Solo Utara"
"2477SLURT","ET","340","500000","25","X","SLU","Solo Utara"
"2478BYLRT","63","jf04","633650","10","X","BYL","Boyolali"
"2478SLURT","MFB","0233","1400000","10","X","SLU","Solo Utara"
"2479KRART","63","jf16","1850000","24","X","KRA","Karanganyar"
"2479KRART","MFB","175","1700000","24","X","KRA","Karanganyar"
"2479SKHRT","ET","017","3000000","45","","SKH","Sukoharjo"
"2480SRGRT","63","","700000","24","X","SRG","Sragen"
"2481KRART","60","178","2650000","25","X","KRA","Karanganyar"
"2481KRART","MFB","0112","6600000","34","X","KRA","Karanganyar"
"2481KRART","MFB","0181","3600000","25","X","KRA","Karanganyar"
"2481KRART","MFB","1100","500000","24","X","KRA","Karanganyar"
"2483BYLRT","MFB","0233","500000","25","X","BYL","Boyolali"
"2485BYLRT","60","179","500000","25","X","BYL","Boyolali"
"2485BYLRT","63","JF12","1000000","24","X","BYL","Boyolali"
"2485BYLRT","M3","190","1200000","10","X","BYL","Boyolali"
"2485BYLRT","M6","7003","500000","24","X","BYL","Boyolali"
"2485BYLRT","MFB","175","500000","24","X","BYL","Boyolali"
"2485SRGRT","ET","341","500000","24","X","SRG","Sragen"
"2485SRGRT","M3","067","500000","24","X","SRG","Sragen"
"2485SRGRT","MFB","0112","550000","24","X","SRG","Sragen"
"2485SRGRT","MFB","0181","100000","25","X","SRG","Sragen"
"2487KTSRT","60","185","1600000","24","X","KTS","KARTOSURO"
"2487KTSRT","63","jf02","1400000","24","X","KTS","KARTOSURO"
"2487KTSRT","M3","189","1550000","10","X","KTS","KARTOSURO"
"2487KTSRT","M6","070","800000","24","X","KTS","KARTOSURO"
"2487KTSRT","MFB","175","500000","24","X","KTS","KARTOSURO"
"2488BYLRT","63","","600000","10","X","BYL","Boyolali"
"2488BYLRT","MFB","0233","500000","10","X","BYL","Boyolali"
"2488KRART","ET","341","500000","24","X","KRA","Karanganyar"
"2488KTSRT","63","JF13","500000","10","X","KTS","Kartosuro"
"2488KTSRT","MFB","0233","500000","25","X","KTS","Kartosuro"
"2488SLSRT","ET","341","950000","24","X","SLS","Solo Selatan"
"2490BYLRT","63","","1000000","10","X","BYL","Boyolali"
"2494BYLRT","ET","343","500000","24","x","BYL","Boyolali"
"2495BYLRT","60","185","750000","25","X","BYL","Boyolali"
"2495BYLRT","M3","189","900000","24","X","BYL","Boyolali"
"2495BYLRT","MFB","0112","800000","24","X","BYL","Boyolali"
"2495BYLRT","MFB","189","600000","25","X","BYL","Boyolali"
"2496BYLRT","63","jF12","800000","24","X","BYL","Boyolali"
"2499BYLRT","60","0","500000","10","X","BYL","Boyolali"
"2499KRART","ET","","1350000","25","X","KRA","Karanganyar"
"2499KRART","M6","","500000","10","X","KRA","Karanganyar"
"2499SKHRT","60","180","1900000","24","X","SKH","Sukoharjo"
"2499SKHRT","M3","174","4200000","10","X","SKH","Sukoharjo"
"2499SKHRT","M6","7003","1100000","24","X","SKH","Sukoharjo"
"2499SKHRT","MFB","078","5500000","24","X","SKH","Sukoharjo"
"2500KRART","63","jf05","500000","24","X","KRA","Karanganyar"
"2500SLSRT","ET","0001","500000","24","","SLS","Solo Selatan"
"2500SRGKO","60","180","500000","24","X","SRG","Sragen"
"2500SRGKO","63","jF12","500000","24","X","SRG","Sragen"
"2500SRGKO","ET","341","500000","24","X","SRG","Sragen"
"2500SRGKO","M3","174","500000","24","X","SRG","Sragen"
"2500SRGKO","M6","070","800000","24","X","SRG","Sragen"
"2500SRGRT","60","","100000","10","X","SRG","Sragen"
"2500SRGRT","63","","500000","10","X","SRG","Sragen"
"2501SKHRT","60","180","500000","24","X","SKH","Sukoharjo"
"2501SKHRT","63","jF07","500000","24","X","SKH","Sukoharjo"
"2501SKHRT","MFB","078","500000","24","X","SKH","Sukoharjo"
"2501SRGRT","60","181","2050000","10","X","SRG","Sragen"
"2502SRGRT","63","jf10","500000","10","x","SRG","Sragen"
"2502SRGRT","M3","190","500000","24","X","SRG","Sragen"
"2504SRGRT","60","193","6300000","10","X","SRG","Sragen"
"2504SRGRT","M3","067","3650000","24","X","SRG","Sragen"
"2505SLSRT","60","178","900000","24","X","SLS","Solo Selatan"
"2505SLSRT","63","jF15","500000","10","x","SLS","Solo Selatan"
"2505SLSRT","M3","174","550000","10","X","SLS","Solo Selatan"
"2505SLSRT","M6","7003","500000","24","X","SLS","Solo Selatan"
"2505SLSRT","MFB","078","2200000","24","X","SLS","Solo Selatan"
"2505SLSRT","MFB","1109","500000","24","X","SLS","Solo Selatan"
"2505SRGRT","63","JF14","1100000","10","X","SRG","Sragen"
"2505SRGRT","M3","067","600000","24","X","SRG","Sragen"
"2505SRGRT","M6","086","600000","24","X","SRG","Sragen"
"2505SRGRT","MFB","0112","550000","24","X","SRG","Sragen"
"2505SRGRT","MFB","1100","500000","24","X","SRG","Sragen"
"2509KRART","60","178","3250000","24","X","KRA","Karanganyar"
"2509KRART","63","jF12","1400000","24","X","KRA","Karanganyar"
"2509KRART","M3","174","2250000","10","X","KRA","Karanganyar"
"2509KRART","M6","","1300000","24","X","KRA","Karanganyar"
"2509KRART","MFB","078","1200000","24","X","KRA","Karanganyar"
"2510BYLRT","60","179","600000","24","X","BYL","Boyolali"
"2510SRGRT","60","185","500000","24","X","SRG","Sragen"
"2511BYLRT","ET","","500000","25","X","BYL","Boyolali"
"2511KRART","60","","100000","25","X","KRA","Karanganyar"
"2511KRART","ET","343","500000","25","X","KRA","Karanganyar"
"2511KRART","MFB","502","500000","25","X","KRA","Karanganyar"
"2511SRGRT","60","181","3050000","10","X","SRG","Sragen"
"2511SRGRT","63","JF10","7617350","10","X","SRG","Sragen"
"2511SRGRT","ET","341","1100000","24","X","SRG","Sragen"
"2511SRGRT","M3","067","12750000","10","X","SRG","Sragen"
"2511SRGRT","M6","086","2300000","10","X","SRG","Sragen"
"2511SRGRT","MFB","189","500000","25","X","SRG","Sragen"
"2512SRGRT","60","185","550000","24","X","SRG","Sragen"
"2513SRGRT","MFB","0181","500000","10","X","SRG","Sragen"
"2514BYLRT","63","jf09","504542","10","X","BYL","Boyolali"
"2514KRART","M3","","500000","10","X","KRA","Karanganyar"
"2514KTSRT","63","","500000","10","X","KTS","Kartosuro"
"2514SKHRT","63","jf07","800000","10","X","SKH","Sukoharjo"
"2514SLSRT","63","jF11","823042","24","X","SLS","Solo Selatan"
"2514SLSRT","MFB","","500000","25","X","SLS","Solo Selatan"
"2514SLURT","60","180","500000","10","X","SLU","Solo Utara"
"2514SLURT","63","JF01","1000000","24","X","SLU","Solo Utara"
"2514SLURT","M6","070","500000","24","X","SLU","Solo Utara"
"2514SRGRT","ET","","650000","25","X","SRG","Sragen"
"2515KRART","ET","","500000","25","X","KRA","Karanganyar"
"2515SRGRT","60","185","500000","24","","SRG","Sragen"
"2516SKHRT","63","jF15","1000000","24","X","SKH","Sukoharjo"
"2516SRGRT","60","","500000","10","X","SRG","Sragen"
"2517SLURT","60","178","800000","24","X","SLU","Solo Utara"
"2517SRGRT","63","jF08","1600000","10","X","SRG","Sragen"
"2518BYLRT","63","jF07","500000","24","X","BYL","Boyolali"
"2518BYLRT","MFB","0233","500000","10","X","BYL","Boyolali"
"2519BYLRT","60","178","500000","24","X","BYL","Boyolali"
"2519BYLRT","63","jF07","1400000","10","X","BYL","Boyolali"
"2519BYLRT","ET","343","500000","25","X","BYL","Boyolali"
"2519BYLRT","M6","7003","500000","24","X","BYL","Boyolali"
"2519BYLRT","MFB","175","600000","24","X","BYL","Boyolali"
"2519KRART","60","180","2150000","24","X","KRA","Karanganyar"
"2519KRART","M3","174","1450000","10","X","KRA","Karanganyar"
"2519SLSRT","M3","","500000","10","X","SLS","Solo Selatan"
"2520KTSRT","60","193","20000000","24","X","KTS","Kartosuro"
"2520KTSRT","M3","190","3450000","24","X","KTS","Kartosuro"
"2520KTSRT","MFB","175","17300000","24","X","KTS","Kartosuro"
"2520SKHRT","60","185","2950000","24","X","SKH","Sukoharjo"
"2520SKHRT","63","jF05","2000000","10","x","SKH","Sukoharjo"
"2520SKHRT","M6","7003","1400000","10","X","SKH","Sukoharjo"
"2521BYLRT","MFB","0233","500000","10","X","BYL","Boyolali"
"2522KRART","63","JF11","1100000","24","X","KRA","Karanganyar"
"2522KRART","ET","341","1050000","24","X","KRA","Karanganyar"
"2522SRGRT","60","181","1900000","10","X","SRG","Sragen"
"2522SRGRT","63","jF10","1465917","10","X","SRG","Sragen"
"2522SRGRT","M3","190","4000000","24","X","SRG","Sragen"
"2522SRGRT","M6","086","1000000","10","X","SRG","Sragen"
"2522SRGRT","MFB","0112","1650000","24","X","SRG","Sragen"
"2522SRGRT","MFB","1100","500000","24","X","SRG","Sragen"
"2522SRGRT","MFB","189","300000","24","X","SRG","Sragen"
"2523KTSRT","60","179","3550000","24","X","KTS","Kartosuro"
"2523SKHRT","M3","","1150000","10","X","SKH","Sukoharjo"
"2524KRART","60","180","1100000","24","X","KRA","Karanganyar"
"2525SLURT","60","","600000","10","X","SLU","Solo Utara"
"2525SLURT","63","jF09","500000","10","X","SLU","Solo Utara"
"2526SRGRT","60","181","1500000","10","X","SRG","Sragen"
"2526SRGRT","63","jF08","800000","24","X","SRG","Sragen"
"2526SRGRT","ET","","700000","25","X","SRG","Sragen"
"2527SRGRT","63","jF08","500000","10","X","SRG","Sragen"
"2528SKHRT","60","179","1600000","24","X","SKH","Sukoharjo"
"2528SKHRT","63","jf02","500000","10","X","SKH","Sukoharjo"
"2529BYLRT","60","0","500000","10","X","BYL","Boyolali"
"2529BYLRT","63","jF13","500000","10","X","BYL","Boyolali"
"2529BYLRT","MFB","","500000","10","X","BYL","Boyolali"
"2529KRART","ET","341","500000","25","X","KRA","Karanganyar"
"2529KRART","M3","174","300000","10","X","KRA","Karanganyar"
"2529KRART","M6","7003","500000","24","X","KRA","Karanganyar"
"2529KRART","MFB","0364","500000","10","X","KRA","Karanganyar"
"2530SKHRT","60","180","2500000","24","X","SKH","Sukoharjo"
"2530SKHRT","MFB","0364","600000","25","X","SKH","Sukoharjo"
"2530SKHRT","MFB","078","1250000","25","X","SKH","Sukoharjo"
"2532SKHRT","63","jF07","1100000","24","X","SKH","Sukoharjo"
"2533BYLRT","60","193","1500000","10","X","BYL","Boyolali"
"2533KRART","60","","500000","10","X","KRA","Karanganyar"
"2533KRART","63","JF16","1364600","10","X","KRA","Karanganyar"
"2533KRART","MFB","0233","1000000","10","X","KRA","Karanganyar"
"2533SKHRT","63","","700000","10","X","SKH","Sukoharjo"
"2533SLSRT","MFB","087","700000","10","X","SLS","Solo Selatan"
"2533SLURT","60","179","850000","24","X","SLU","Solo Utara"
"2534SKHRT","M6","7003","600000","10","X","SKH","Sukoharjo"
"2534SLURT","M3","190","3650000","10","X","SLU","Solo Utara"
"2535KRART","60","180","750000","24","X","KRA","Karanganyar"
"2535KRART","63","jF02","1500000","10","X","KRA","Karanganyar"
"2535KRART","ET","341","300000","25","X","KRA","Karanganyar"
"2535KRART","M3","174","500000","10","X","KRA","Karanganyar"
"2535KRART","M6","070","500000","10","x","KRA","Karanganyar"
"2535KRART","MFB","078","500000","10","X","KRA","Karanganyar"
"2535SLSRT","ET","017","1000000","24","X","SLS","Solo Selatan"
"2535SLURT","60","179","2900000","10","X","SLU","Solo Utara"
"2536KRART","60","179","3750000","24","X","KRA","Karanganyar"
"2536SKHSM","63","","19000000","30","X","SKH","Sukoharjo"
"2536SKHSM","M3","0001","500000","24","X","SKH","Sukoharjo"
"2536SLSRT","63","0001","1500000","24","X","SLS","Solo Selatan"
"2536SLURT","63","jF16","843597","24","X","SLU","Solo Utara"
"2536SRGRT","60","185","500000","10","X","SRG","Sragen"
"2536SRGRT","63","jF08","650000","24","X","SRG","Sragen"
"2536SRGRT","ET","342","500000","24","X","SRG","Sragen"
"2536SRGRT","M3","190","500000","24","X","SRG","Sragen"
"2536SRGRT","M6","086","500000","24","X","SRG","Sragen"
"2536SRGRT","MFB","0112","500000","24","X","SRG","Sragen"
"2536SRGRT","MFB","1100","500000","24","X","SRG","Sragen"
"2537SRGRT","60","185","1200000","24","X","SRG","Sragen"
"2538KRART","63","JF02","500000","10","X","KRA","Karanganyar"
"2540SKHRT","60","179","500000","24","X","SKH","Sukoharjo"
"2540SKHRT","63","jf01","1000000","10","X","SKH","Sukoharjo"
"2540SKHRT","ET","342","500000","10","X","SKH","Sukoharjo"
"2540SKHRT","M6","7003","500000","24","X","SKH","Sukoharjo"
"2540SKHRT","MFB","078","500000","24","X","SKH","Sukoharjo"
"2541BYLRT","63","","500000","10","X","BYL","Boyolali"
"2541KRAMM","60","185","500000","24","X","KRA","Karanganyar"
"2541KRAMM","63","jf03","2096650","10","X","KRA","Karanganyar"
"2541KRAMM","ET","341","500000","24","X","KRA","Karanganyar"
"2541KRAMM","M3","174","500000","24","X","KRA","Karanganyar"
"2541KRAMM","M6","7003","500000","24","X","KRA","Karanganyar"
"2541KRAMM","MFB","078","1200000","10","X","KRA","Karanganyar"
"2541KRART","63","jF05","500000","24","X","KRA","Karanganyar"
"2541KTSRT","ET","340","500000","24","","KTS","Kartosuro"
"2541SLSRT","ET","343","500000","24","X","SLS","Solo Selatan"
"2541SLSRT","M3","190","300000","24","X","SLS","Solo Selatan"
"2541SLSRT","M6","7003","500000","24","X","SLS","Solo Selatan"
"2541SLSRT","MFB","175","800000","24","X","SLS","Solo Selatan"
"2543SLURT","ET","0001","500000","10","X","SLU","Solo Utara"
"2543SLURT","M3","0001","500000","24","X","SLU","Solo Utara"
"2543SLURT","MFB","0001","500000","10","X","SLU","Solo Utara"
"2544BYLMM","63","JF11","5500000","24","X","BYL","Boyolali"
"2544BYLMM","ET","343","500000","25","X","BYL","Boyolali"
"2544BYLMM","M6","7003","1600000","24","X","BYL","Boyolali"
"2544BYLMM","MFB","175","6000000","24","X","BYL","Boyolali"
"2544BYLRT","63","","1500000","10","X","BYL","Boyolali"
"2544KRART","63","","500000","10","X","KRA","Karanganyar"
"2544KRART","MFB","0380","600000","25","X","KRA","Karanganyar"
"2544SLSRT","60","179","3300000","10","X","SLS","Solo Selatan"
"2544SLSRT","63","jF02","704300","10","X","SLS","Solo Selatan"
"2544SLSRT","ET","","500000","25","X","SLS","Solo Selatan"
"2544SLURT","60","180","600000","24","X","SLU","Solo Utara"
"2545BYLRT","63","jF01","500000","24","X","BYL","Boyolali"
"2545GMLRT","M3","189","8700000","10","X","GML","Gemolong"
"2545KRART","63","jF01","2679332","10","X","KRA","Karanganyar"
"2545KRART","MFB","0365","2900000","10","X","KRA","Karanganyar"
"2545SRGRT","63","JF14","7500000","24","X","SRG","Sragen"
"2546KRART","63","","1400000","10","X","KRA","Karanganyar"
"2546SKHRT","63","jf15","3200000","24","X","SKH","Sukoharjo"
"2547BYLRT","63","jF09","2220983","24","X","BYL","Boyolali"
"2547KRART","60","178","500000","24","","KRA","Karanganyar"
"2547SLSRT","60","180","500000","24","X","SLS","Solo Selatan"
"2548BYLRT","63","","500000","10","X","BYL","Boyolali"
"2548KRART","63","","500000","10","X","KRA","Karanganyar"
"2548SRGRT","63","","500000","10","X","SRG","Sragen"
"2549SRGRT","60","181","3000000","10","X","SRG","Sragen"
"2549SRGRT","63","jF17","2348700","10","X","SRG","Sragen"
"2549SRGRT","ET","341","500000","24","X","SRG","Sragen"
"2549SRGRT","M3","067","5600000","24","X","SRG","Sragen"
"2549SRGRT","M6","086","900000","24","X","SRG","Sragen"
"2549SRGRT","MFB","0112","9800000","10","X","SRG","Sragen"
"2549SRGRT","MFB","1100","500000","10","X","SRG","Sragen"
"2549SRGRT","MFB","502","500000","10","X","SRG","Sragen"
"2551BYLRT","60","179","600000","24","X","BYL","Boyolali"
"2551KRART","63","jF15","700000","24","X","KRA","Karanganyar"
"2551SLUSM","MFB","0001","1000000","10","X","SLU","Solo Utara"
"2551SRGRT","63","jf17","700000","24","X","SRG","Sragen"
"2552SRGRT","ET","","500000","24","X","SRG","Sragen"
"2552SRGRT","M3","067","4400000","10","X","SRG","Sragen"
"2552SRGRT","MFB","0112","1000000","10","X","SRG","Sragen"
"2553BYLRT","63","JF16","500000","24","X","BYL","Boyolali"
"2554BYLRT","63","jF01","500000","24","X","BYL","Boyolali"
"2554KRART","M6","070","500000","24","X","KRA","Karanganyar"
"2554KTSRT","ET","341","1150000","24","X","KTS","Kartosuro"
"2554SKHRT","63","jF20","15000000","10","X","SKH","Sukoharjo"
"2554SLURT","63","jF02","500000","10","X","SLU","Solo Utara"
"2555BYLRT","M3","0001","500000","10","X","BYL","Boyolali"
"2555BYLRT","MFB","0366","43900000","25","X","BYL","Boyolali"
"2555KRART","63","JF14","600000","24","X","KRA","Karanganyar"
"2555SLSRT","63","JF07","1000000","10","X","SLS","Solo Selatan"
"2555SRGRT","M6","","1800000","10","","SRG","Sragen"
"2556BYLRT","60","","500000","24","X","BYL","Boyolali"
"2556BYLRT","ET","","1.25","25","X","BYL","Boyolali"
"2556KRART","ET","","500000","25","X","KRA","Karanganyar"
"2556SKHRT","63","jf01","7887531","10","X","SKH","Sukoharjo"
"2556SLSRT","M3","0001","1000000","10","","SLS","Solo Selatan"
"2556SRGRT","60","181","500000","24","X","SRG","Sragen"
"2556SRGRT","63","JF14","1506681","10","X","SRG","Sragen"
"2556SRGRT","M3","067","2500000","24","X","SRG","Sragen"
"2556SRGRT","M6","070","1100000","10","X","SRG","Sragen"
"2556SRGRT","MFB","0112","2200000","10","X","SRG","Sragen"
"2556SRGRT","MFB","0181","500000","10","X","SRG","Sragen"
"2556SRGRT","MFB","1100","500000","10","X","SRG","Sragen"
"2557SKHRT","63","jf03","2901888","24","X","SKH","Sukoharjo"
"2557SRGMM","MFB","0181","500000","10","X","SRG","Sragen"
"2557SRGRT","60","185","5000000","10","X","SRG","Sragen"
"2557SRGRT","63","jf17","1200000","24","X","SRG","Sragen"
"2557SRGRT","ET","341","550000","24","X","SRG","Sragen"
"2557SRGRT","M3","190","1550000","24","X","SRG","Sragen"
"2557SRGRT","M6","086","500000","24","X","SRG","Sragen"
"2557SRGRT","MFB","0112","700000","10","X","SRG","Sragen"
"2557SRGRT","MFB","1100","500000","10","X","SRG","Sragen"
"2557SRGRT","MFB","1109","500000","10","X","SRG","Sragen"
"2558BYLRT","60","178","500000","24","X","BYL","Boyolali"
"2558BYLRT","63","jF01","800000","24","X","BYL","Boyolali"
"2558KRART","60","180","1900000","24","X","KRA","Karanganyar"
"2558KRART","63","jf05","500000","24","X","KRA","Karanganyar"
"2558SKHRT","60","179","500000","24","X","SKH","Sukoharjo"
"2558SKHRT","63","jF16","1000000","24","X","SKH","Sukoharjo"
"2558SLSRT","63","jF03","1500000","24","X","SLS","Solo Selatan"
"2558SRGRT","ET","","500000","25","X","SRG","Sragen"
"2560BYLRT","60","178","1250000","24","X","BYL","Boyolali"
"2560KRART","60","179","500000","10","X","KRA","Karanganyar"
"2560KRART","63","jF02","500000","10","x","KRA","Karanganyar"
"2560SKHRT","M3","0001","1000000","10","","SKH","Sukoharjo"
"2560SLSRT","60","178","500000","24","X","SLS","Solo Selatan"
"2560SRGRT","63","JF14","2000000","10","X","SRG","Sragen"
"2560SRGRT","MFB","0112","500000","10","X","SRG","Sragen"
"2561SRGRT","60","185","900000","24","X","SRG","Sragen"
"2562KRART","60","180","700000","10","X","KRA","Karanganyar"
"2562KRART","63","jf12","1950000","10","X","KRA","Karanganyar"
"2562KRART","M3","174","1800000","10","X","KRA","Karanganyar"
"2562KRART","MFB","078","700000","10","X","KRA","Karanganyar"
"2562KRART","MFB","1109","500000","10","X","KRA","Karanganyar"
"2563SLSRT","60","180","1250000","24","X","SLS","Solo Selatan"
"2563SRGRT","63","","900000","10","X","SRG","Sragen"
"2564SKHRT","63","","900000","10","X","SKH","Sukoharjo"
"2564SLSRT","63","jF01","600000","24","X","SLS","Solo Selatan"
"2564SLURT","MFB","0233","1.25","10","X","SLU","Solo Utara"
"2564SRGRT","60","180","1000000","24","X","SRG","Sragen"
"2564SRGRT","63","jF02","600000","24","X","SRG","Sragen"
"2564SRGRT","M3","174","2800000","10","X","SRG","Sragen"
"2564SRGRT","M6","086","500000","24","X","SRG","Sragen"
"2564SRGRT","MFB","078","800000","25","X","SRG","Sragen"
"2565BYLMM","63","jF05","2500000","24","X","BYL","Boyolali"
"2566BYLRT","60","179","700000","24","X","BYL","Boyolali"
"2566BYLRT","ET","","500000","24","X","BYL","Boyolali"
"2566BYLRT","M3","0146","500000","10","X","BYL","Boyolali"
"2566BYLRT","M3","0146N","40000","24","X","BYL","Boyolali"
"2566SLSRT","60","179","500000","24","X","SLS","Solo Selatan"
"2566SLSRT","63","jf01","725567","24","X","SLS","Solo Selatan"
"2566SLSRT","ET","341","500000","25","X","SLS","Solo Selatan"
"2566SLSRT","M3","","500000","10","X","SLS","Solo Selatan"
"2567KRART","MFB","078","3500000","25","X","KRA","Karanganyar"
"2567SLURT","M3","067","1000000","24","X","SLU","Solo Utara"
"2568SLSRT","M3","190","500000","10","X","SLS","Solo Selatan"
"2570KRART","60","178","500000","24","","KRA","Karanganyar"
"2570SLURT","63","0001","200000","10","X","SLU","Solo Utara"
"2570SLURT","M3","0001","200000","10","X","SLU","Solo Utara"
"2570SLURT","MFB","0001","200000","24","X","SLU","Solo Utara"
"2571KRART","M3","","2500000","10","X","KRA","Karanganyar"
"2572SRGRT","63","JF12","1200000","10","X","SRG","Sragen"
"2572SRGRT","M3","067","4550000","10","X","SRG","Sragen"
"2572SRGRT","M6","086","800000","10","X","SRG","Sragen"
"2572SRGRT","MFB","0112","1300000","25","X","SRG","Sragen"
"2574KRART","60","180","1450000","24","X","KRA","Karanganyar"
"2574SLSRT","M3","0001","500000","10","X","SLS","Solo Selatan"
"2574SLSRT","M3","0001N","40000","24","X","SLS","Solo Selatan"
"2574SRGRT","60","181","2500000","24","X","SRG","Sragen"
"2574SRGRT","ET","341","500000","24","x","SRG","Sragen"
"2574SRGRT","M6","086","1200000","24","X","SRG","Sragen"
"2574SRGRT","MFB","1100","500000","24","X","SRG","Sragen"
"2575SLSRT","63","","500000","10","X","SLS","Solo Selatan"
"2577BYLMM","ET","","800000","24","X","BYL","Boyolali"
"2577KRART","63","jF07","6742008","24","X","KRA","Karanganyar"
"2577KRART","ET","341","750000","25","X","KRA","Karanganyar"
"2577KRART","M3","174","1200000","10","X","KRA","Karanganyar"
"2577KRART","M6","7003","2000000","24","X","KRA","Karanganyar"
"2577KRART","MFB","0380","500000","25","X","KRA","Karanganyar"
"2577KRART","MFB","078","5050000","25","X","KRA","Karanganyar"
"2577SLSRT","MFB","0233","550000","10","X","SLS","Solo Selatan"
"2578KRART","60","180","500000","24","X","KRA","Karanganyar"
"2578SKHRT","60","178","2400000","24","X","SKH","Sukoharjo"
"2578SKHRT","63","jF04","500000","10","X","SKH","Sukoharjo"
"2578SKHRT","M3","","500000","10","X","SKH","Sukoharjo"
"2578SLURT","63","JF11","500000","24","X","SLU","Solo Utara"
"2578SRGRT","63","","1000000","10","X","SRG","Sragen"
"2579SRGRT","ET","341","500000","24","X","SRG","Sragen"
"2580BYLRT","63","JF01","500000","10","","BYL","Boyolali"
"2581BYLRT","63","jF01","500000","10","","BYL","Boyolali"
"2581SKHRT","63","jf03","644353","24","X","SKH","Sukoharjo"
"2584BYLRT","63","jF05","1200000","24","X","BYL","Boyolali"
"2584SRGRT","63","jF08","500000","10","X","SRG","Sragen"
"2585KRART","60","179","2650000","24","X","KRA","Karanganyar"
"2585KRART","63","jf02","3000000","10","X","KRA","Karanganyar"
"2585KRART","ET","343","500000","24","X","KRA","Karanganyar"
"2585KRART","M3","189","2800000","10","X","KRA","Karanganyar"
"2585KRART","M6","7003","1300000","10","X","KRA","Karanganyar"
"2585KRART","MFB","0233","500000","24","X","KRA","Karanganyar"
"2585KRART","MFB","175","4300000","24","X","KRA","Karanganyar"
"2585SKHRT","60","0","500000","25","X","SKH","Sukoharjo"
"2585SRGRT","60","178","700000","24","X","SRG","Sragen"
"2585SRGRT","63","jf07","500000","24","X","SRG","Sragen"
"2586SRGRT","63","","500000","10","X","SRG","Sragen"
"2587BYLRT","60","178","500000","24","X","BYL","Boyolali"
"2588BYLRT","M3","","1000000","10","X","BYL","Boyolali"
"2588SLURT","M3","190","500000","24","X","SLU","Solo Utara"
"2588SRGRT","63","jf17","602850","24","X","SRG","Sragen"
"2588SRGRT","ET","","500000","25","X","SRG","Sragen"
"2589SLURT","ET","","500000","25","X","SLU","Solo Utara"
"2590KRART","60","","500000","10","X","KRA","Karanganyar"
"2590KRART","63","","500000","10","X","KRA","Karanganyar"
"2591SKHAP","63","jf02","500000","24","X","SKH","Sukoharjo"
"2592SKHRT","63","jf16","700000","24","X","SKH","Sukoharjo"
"2592SLSRT","63","jF11","2700000","24","X","SLS","Solo Selatan"
"2592SLSRT","M6","070","2500000","24","X","SLS","Solo Selatan"
"2593SLSRT","ET","","500000","25","X","SLS","Solo Selatan"
"2596SLURT","M3","190","3200000","24","X","SLU","Solo Utara"
"2597BYLRT","63","jF01","500000","10","X","BYL","Boyolali"
"2597BYLRT","M6","7003","500000","24","X","BYL","Boyolali"
"2597SRGRT","60","185","700000","24","X","SRG","Sragen"
"2598KTSRT","63","jF07","800000","24","X","SKH","Sukoharjo"
"2598SLURT","60","","500000","24","X","SLU","Solo Utara"
"2598SLURT","63","JF11","600000","10","X","SLU","Solo Utara"
"2598SRGRT","60","181","6600000","10","X","SRG","Sragen"
"2599BYLRT","ET","","500000","25","X","BYL","Boyolali"
"2599SLSRT","63","jF02","500000","10","X","SLS","Solo Selatan"
"2599SLSRT","MFB","0233","500000","10","X","SLS","Solo Selatan"
"2600SRGRT","63","","500000","10","X","SRG","Sragen"
"2601KTSRT","60","185","2200000","24","X","KTS","Kartosuro"
"2601SKHRT","63","jF07","900000","24","X","SKH","Sukoharjo"
"2601SKHRT","M6","7003","500000","10","X","SKH","Sukoharjo"
"2601SLSRT","60","214","2500000","3","X","SLS","Solo Selatan"
"2601SLURT","63","jf02","700000","24","X","SLU","Solo Utara"
"2601SRGRT","60","185","500000","24","X","SRG","Sragen"
"2602SRGRT","60","185","1600000","24","X","SRG","Sragen"
"2605SLURT","ET","343","550000","24","X","SLU","Solo Utara"
"2605SRGRT","ET","","1100000","24","X","SRG","Sragen"
"2607SLSRT","60","178","300000","24","X","SLS","Solo Selatan"
"2607SLSRT","63","jf03","1800000","10","X","SLS","Solo Selatan"
"2607SLSRT","M6","070","500000","24","X","SLS","Solo Selatan"
"2607SLSRT","MFB","0364","1.25","10","X","SLS","Solo Selatan"
"2607SRGRT","MFB","0181","500000","10","X","SRG","Sragen"
"2611SRGRT","60","188","900000","10","X","SRG","Sragen"
"2611SRGRT","63","jF08","1330267","24","X","SRG","Sragen"
"2611SRGRT","ET","","900000","25","X","SRG","Sragen"
"2611SRGRT","M3","035","1500000","24","X","SRG","Sragen"
"2611SRGRT","M6","","1000000","25","X","SRG","Sragen"
"2611SRGRT","MFB","0112","8800000","25","X","SRG","Sragen"
"2611SRGRT","MFB","E001","500000","24","x","SRG","Sragen"
"2613BYLRT","60","179","1300000","25","X","BYL","Boyolali"
"2613BYLRT","ET","","500000","25","X","BYL","Boyolali"
"2613BYLRT","M3","0146","700000","10","X","BYL","Boyolali"
"2613BYLRT","M3","0146N","40000","24","X","BYL","Boyolali"
"2613BYLRT","MFB","175","550000","24","X","BYL","Boyolali"
"2613SRGRT","ET","","500000","25","X","SRG","Sragen"
"2614BYLRT","60","179","3100000","25","X","BYL","Boyolali"
"2614BYLRT","63","jF15","6685675","10","X","BYL","Boyolali"
"2614BYLRT","M3","067","6200000","21","X","BYL","Boyolali"
"2614BYLRT","M6","7003","5450000","25","X","BYL","Boyolali"
"2614BYLRT","MFB","0233","1000000","25","X","BYL","Boyolali"
"2614BYLRT","MFB","175","17000000","25","X","BYL","Boyolali"
"2614SRGRT","M6","086","500000","10","X","SRG","Sragen"
"2614SRGRT","MFB","0181","500000","10","X","SRG","Sragen"
"2615SRGRT","60","181","6800000","25","X","SRG","Sragen"
"2615SRGRT","M3","067","1300000","24","X","SRG","Sragen"
"2615SRGRT","MFB","0112","5100000","24","X","SRG","Sragen"
"2615SRGRT","MFB","0181","800000","25","X","SRG","Sragen"
"2615SRGRT","MFB","1100","500000","24","X","SRG","Sragen"
"2617BYLRT","60","178","1400000","24","X","BYL","Boyolali"
"2617BYLRT","63","jF05","2626627","10","X","BYL","Boyolali"
"2617BYLRT","ET","343","500000","25","X","BYL","Boyolali"
"2617BYLRT","M3","","4500000","10","X","BYL","Boyolali"
"2617BYLRT","M6","7003","3000000","25","X","BYL","Boyolali"
"2617SLSRT","60","180","3200000","24","X","SLS","Solo Selatan"
"2617SLSRT","63","","500000","10","X","SLS","Solo Selatan"
"2619KRART","60","178","2250000","25","X","KRA","Karanganyar"
"2619KRART","M3","035","500000","10","X","KRA","Karanganyar"
"2619KRART","MFB","0112","3100000","24","X","KRA","Karanganyar"
"2619KRART","MFB","1100","500000","24","X","KRA","Karanganyar"
"2626SRGRT","63","jF08","1322675","10","X","SRG","Sragen"
"2626SRGRT","M3","067","1100000","10","X","SRG","Sragen"
"2626SRGRT","M6","086","700000","24","X","SRG","Sragen"
"2626SRGRT","MFB","0181","500000","24","X","SRG","Sragen"
"2627BYLMM","60","179","500000","24","X","BYL","Boyolali"
"2627BYLMM","63","jF15","1800000","24","X","BYL","Boyolali"
"2627BYLMM","M6","7003","500000","10","X","BYL","Boyolali"
"2627BYLMM","MFB","0233","500000","25","X","BYL","Boyolali"
"2627SRGRT","ET","341","3500000","25","X","SRG","Sragen"
"2628SRGRT","60","181","5000000","25","X","SRG","Sragen"
"2628SRGRT","63","JF08","500000","24","X","SRG","Sragen"
"2628SRGRT","ET","","500000","25","X","SRG","Sragen"
"2628SRGRT","MFB","0112","9000000","24","X","SRG","Sragen"
"2628SRGRT","MFB","1100","500000","24","X","SRG","Sragen"
"2629SLSRT","ET","","500000","25","X","SLS","Solo Selatan"
"2629SLSRT","MFB","0233","500000","10","X","SLS","Solo Selatan"
"2629SRGRT","63","jF11","500000","24","X","SRG","Sragen"
"2631KRART","ET","341","500000","24","X","KRA","Karanganyar"
"2633BYLRT","MFB","0233","1500000","25","X","BYL","Boyolali"
"2633KRART","63","","500000","10","X","KRA","Karanganyar"
"2633KTSRT","60","193","14450000","24","X","KTS","Kartosuro"
"2633SKHMM","60","199","500000","25","X","SKH","Sukoharjo"
"2633SKHMM","ET","","500000","25","X","SKH","Sukoharjo"
"2633SRGRT","ET","","1000000","25","X","SRG","Sragen"
"2633SRGRT","MFB","0181","500000","10","X","SRG","Sragen"
"2634BYLRT","ET","343","650000","24","X","BYL","Boyolali"
"2634KRART","ET","","500000","25","X","KRA","Karanganyar"
"2634KRART","MFB","","22000000","10","1","KRA","Karanganyar"
"2635BYLRT","MFB","0233","500000","10","","BYL","Boyolali"
"2635SRGRT","M3","0146","2000000","10","","SRG","Sragen"
"2635SRGRT","M3","0146N","40000","24","","SRG","Sragen"
"2636KRART","60","178","1300000","10","X","KRA","Karanganyar"
"2636KRART","ET","342","600000","24","X","KRA","Karanganyar"
"2636KRART","M6","086","1100000","24","X","KRA","Karanganyar"
"2636SRGRT","60","185","500000","25","X","SRG","Sragen"
"2636SRGRT","63","jF17","500000","24","X","SRG","Sragen"
"2637BYLRT","60","178","700000","25","X","BYL","Boyolali"
"2637BYLRT","63","jf05","2854275","10","X","BYL","Boyolali"
"2637BYLRT","M6","7003","700000","24","X","BYL","Boyolali"
"2637BYLRT","MFB","175","500000","24","X","BYL","Boyolali"
"2637KRART","63","jf16","2500000","24","X","KRA","Karanganyar"
"2637SRGRT","63","jF08","2516600","24","X","SRG","Sragen"
"2637SRGRT","ET","341","650000","25","X","SRG","Sragen"
"2637SRGRT","M3","067","1050000","24","X","SRG","Sragen"
"2637SRGRT","MFB","0112","3900000","24","X","SRG","Sragen"
"2637SRGRT","MFB","0181","500000","24","X","SRG","Sragen"
"2638GMLRT","M3","189","7100000","10","X","GML","Gemolong"
"2638KRART","ET","","400000","25","X","KRA","Karanganyar"
"2638SKHRT","63","jF05","800000","24","X","SKH","Sukoharjo"
"2638SLSRT","M3","190","500000","10","X","SLS","Solo Selatan"
"2638SRGRT","MFB","502","300000","10","","SRG","Sragen"
"2639BYLRT","ET","343","500000","25","X","BYL","Boyolali"
"2639KRART","63","jF03","2718600","10","X","KRA","Karanganyar"
"2639KRART","ET","340","500000","24","X","KRA","Karanganyar"
"2639KRART","M3","189","500000","24","X","KRA","Karanganyar"
"2639KRART","M6","7003","700000","10","X","KRA","Karanganyar"
"2639KRART","MFB","0233","2000000","25","X","KRA","Karanganyar"
"2639KRART","MFB","175","2500000","25","X","KRA","Karanganyar"
"2639SLSRT","ET","","500000","25","X","SLS","Solo Selatan"
"2639SLSRT","MFB","0","4700000","10","X","SLS","Solo Selatan"
"2640KRART","60","178","2150000","24","X","KRA","Karanganyar"
"2640KRART","63","jf05","1500000","24","X","KRA","Karanganyar"
"2640SLSRT","M3","","500000","10","X","SLS","Solo Selatan"
"2641KRART","ET","341","2000000","24","X","KRA","Karanganyar"
"2642SLSRT","60","179","500000","24","x","SLS","Solo Selatan"
"2642SLSRT","M3","190","500000","24","X","SLS","Solo Selatan"
"2644KRART","M6","086","500000","10","X","KRA","Karanganyar"
"2644SKHRT","60","185","1900000","24","X","SKH","Sukoharjo"
"2644SKHRT","M3","190","500000","10","X","SKH","Sukoharjo"
"2644SKHRT","MFB","175","950000","24","X","SKH","Sukoharjo"
"2644SLSSW","MFB","0233","7600000","25","X","SLS","Solo Selatan"
"2644SRGRT","63","jF08","3090667","10","X","SRG","Sragen"
"2644SRGRT","ET","341","800000","25","X","SRG","Sragen"
"2644SRGRT","M6","086","1500000","24","X","SRG","Sragen"
"2644SRGRT","MFB","0112","500000","24","X","SRG","Sragen"
"2645BYLRT","60","199","600000","10","X","BYL","Boyolali"
"2645BYLRT","M3","184","500000","24","X","BYL","Boyolali"
"2645BYLRT","MFB","","700000","10","X","BYL","Boyolali"
"2645BYLRT","MFB","0360","500000","10","X","BYL","Boyolali"
"2645SRGRT","63","","500000","10","X","SRG","Sragen"
"2646SRGRT","ET","","1200000","25","X","SRG","Sragen"
"2647BYLRT","60","178","500000","24","X","BYL","Boyolali"
"2647SKHRT","M3","190","500000","10","X","SKH","Sukoharjo"
"2647SKHRT","MFB","175","500000","25","X","SKH","Sukoharjo"
"2647SRGRT","60","185","1000000","25","X","SRG","Sragen"
"2647SRGRT","63","jf08","1993158","10","X","SRG","Sragen"
"2647SRGRT","ET","341","500000","24","X","SRG","Sragen"
"2647SRGRT","M3","190","3500000","24","X","SRG","Sragen"
"2647SRGRT","M6","086","1000000","10","X","SRG","Sragen"
"2647SRGRT","MFB","0112","3900000","10","X","SRG","Sragen"
"2647SRGRT","MFB","1100","6500000","10","X","SRG","Sragen"
"2647SRGRT","MFB","189","500000","25","X","SRG","Sragen"
"2648KRART","ET","341","3200000","24","X","KRA","Karanganyar"
"2648KTSRT","60","","1.25","10","X","KTS","Kartosuro"
"2648KTSRT","63","JF12","573400","24","X","KTS","Kartosuro"
"2648SLSRT","60","179","1300000","24","X","SLS","Solo Selatan"
"2648SRGRT","63","JF10","1000000","24","X","SRG","Sragen"
"2650BYLRT","MFB","0112","500000","24","X","BYL","Boyolali"
"2650BYLRT","MFB","1100","500000","24","X","BYL","Boyolali"
"2650SRGRT","63","jf14","1800000","10","X","SRG","Sragen"
"2650SRGRT","M3","190","2500000","24","X","SRG","Sragen"
"2651KRART","ET","","500000","25","X","KRA","Karanganyar"
"2651SKHRT","MFB","087","1.25","10","X","SKH","Sukoharjo"
"2651SRGRT","M3","","500000","10","X","SRG","Sragen"
"2652KRART","M3","174","450000","10","X","KRA","Karanganyar"
"2653SLURT","MFB","0233","2900000","10","X","SLU","Solo Utara"
"2654SKHRT","60","180","1300000","24","X","SKH","Sukoharjo"
"2654SLURT","M3","190","1100000","10","X","SLU","Solo Utara"
"2655BYLRT","60","179","2000000","24","X","BYL","Boyolali"
"2655BYLRT","MFB","0233","1000000","25","X","BYL","Boyolali"
"2655BYLRT","MFB","175","4350000","24","X","BYL","Boyolali"
"2655KRAAP","M6","7003","500000","24","X","KRA","Karanganyar"
"2655SLSRT","63","jF07","500000","24","X","SLS","Solo Selatan"
"2656SKHRT","63","jf09","1400000","10","X","SKH","Sukoharjo"
"2656SKHRT","M3","502","300000","10","X","SKH","Sukoharjo"
"2656SKHRT","M3","502N","40000","24","X","SKH","Sukoharjo"
"2656SKHRT","M6","7003","600000","24","X","SKH","Sukoharjo"
"2656SLSRT","M3","","500000","10","X","SLS","Solo Selatan"
"2656SLURT","60","185","500000","24","x","SLU","Solo Utara"
"2656SLURT","63","JF11","1236779","24","X","SLU","Solo Utara"
"2656SLURT","M3","","500000","10","X","SLU","Solo Utara"
"2656SRGRT","ET","","400000","25","X","SRG","Sragen"
"2657BYLRT","ET","","600000","25","X","BYL","Boyolali"
"2658KRART","63","jf07","600000","10","X","KRA","Karanganyar"
"2658KRART","M3","174","500000","10","X","KRA","Karanganyar"
"2658SLSRT","63","jF02","1000000","10","X","SLS","Solo Selatan"
"2659BYLRT","63","jF11","600000","24","X","BYL","Boyolali"
"2659BYLRT","ET","343","500000","25","X","BYL","Boyolali"
"2659BYLRT","M3","","600000","10","X","BYL","Boyolali"
"2659BYLRT","M6","7003","600000","24","X","BYL","Boyolali"
"2659BYLRT","MFB","0233","500000","25","X","BYL","Boyolali"
"2659BYLRT","MFB","175","1000000","25","X","BYL","Boyolali"
"2659KRART","60","180","1100000","24","X","KRA","Karanganyar"
"2659KRART","M6","7003","1000000","24","X","KRA","Karanganyar"
"2659SLSRT","60","179","800000","10","X","SLS","Solo Selatan"
"2659SLSRT","M3","0146","300000","10","X","SLS","Solo Selatan"
"2659SLSRT","M3","0146N","40000","24","X","SLS","Solo Selatan"
"2660BYLRT","60","179","2600000","24","X","BYL","Boyolali"
"2660BYLRT","M3","0146","900000","10","X","BYL","Boyolali"
"2660BYLRT","M3","0146N","40000","24","X","BYL","Boyolali"
"2660SLSRT","ET","","750000","25","X","SLS","Solo Selatan"
"2661KTSRT","MFB","","10000000","10","X","KTS","Kartosuro"
"2661SRGRT","ET","","500000","25","X","SRG","Sragen"
"2663BYLRT","63","jF01","500000","10","","BYL","Boyolali"
"2664SKHRT","M3","0146","500000","10","X","SKH","Sukoharjo"
"2664SKHRT","M3","0146N","40000","24","X","SKH","Sukoharjo"
"2664SRGRT","60","","500000","10","X","SRG","Sragen"
"2665BYLRT","M6","7003","600000","10","X","BYL","Boyolali"
"2665BYLRT","MFB","0233","500000","10","X","BYL","Boyolali"
"2665KTSRT","63","JF13","500000","10","","KTS","Kartosuro"
"2665SKHRT","63","jF07","15000000","24","X","SKH","Sukoharjo"
"2665SLSRT","63","jf02","500000","24","X","SLS","Solo Selatan"
"2665SLSRT","MFB","0233","500000","10","X","SLS","Solo Selatan"
"2665SRGRT","63","JF08","1800000","10","X","SRG","Sragen"
"2665SRGRT","MFB","0112","500000","10","X","SRG","Sragen"
"2665SRGRT","MFB","0181","500000","24","X","SRG","Sragen"
"2666SKHRT","ET","","550000","24","X","SKH","Sukoharjo"
"2666SLSRT","63","jF05","500000","10","x","SLS","Solo Selatan"
"2666SLSRT","ET","","500000","25","X","SLS","Solo Selatan"
"2667KTSRT","63","jF13","500000","10","","KTS","Kartosuro"
"2667SRGRT","60","185","300000","24","X","SRG","Sragen"
"2668KTSRT","63","jF13","500000","10","","KTS","Kartosuro"
"2668SLSRT","ET","","500000","25","X","SLS","Solo Selatan"
"2669KRART","60","180","500000","24","X","KRA","Karanganyar"
"2669KRART","M6","7003","650000","24","X","KRA","Karanganyar"
"2669SRGRT","ET","342","500000","25","X","SRG","Sragen"
"2669SRGRT","M3","189","600000","24","X","SRG","Sragen"
"2669SRGRT","M6","086","1200000","10","X","SRG","Sragen"
"2669SRGRT","MFB","0112","650000","25","X","SRG","Sragen"
"2670SKHRT","63","JF15","500000","24","X","SKH","Sukoharjo"
"2672KRART","60","180","2600000","24","X","KRA","Karanganyar"
"2677KRART","63","JF14","600000","24","X","KRA","Karanganyar"
"2677SKHRT","60","","500000","10","X","SKH","Sukoharjo"
"2677SRGRT","63","JF08","1000000","24","X","SRG","Sragen"
"2678SLSRT","M3","","500000","10","X","SLS","Solo Selatan"
"2678SRGRT","60","","500000","10","X","SRG","Sragen"
"2679KRART","ET","341","2000000","24","X","KRA","Karanganyar"
"2679SLSRT","60","178","700000","24","X","SLS","Solo Selatan"
"2680BYLRT","63","jF01","2500000","24","X","BYL","Boyolali"
"2681SRGRT","MFB","0181","500000","10","X","SRG","Sragen"
"2685BYLRT","63","jF05","1500000","10","x","BYL","Boyolali"
"2685KRART","ET","","400000","25","X","KRA","Karanganyar"
"2685SLSMM","60","","500000","10","X","SLS","Solo Selatan"
"2685SLSRT","63","jF02","500000","10","X","SLS","Solo Selatan"
"2688BYLRT","60","179","1600000","10","X","BYL","Boyolali"
"2688BYLRT","MFB","175","1200000","24","X","BYL","Boyolali"
"2688KTSRT","63","jF11","500000","24","X","KTS","Kartosuro"
"2688KTSRT","ET","340","500000","25","X","KTS","Kartosuro"
"2688SKHRT","63","JF15","500000","10","X","SKH","Sukoharjo"
"2689KRART","60","185","600000","24","X","KRA","Karanganyar"
"2689KRART","63","jf03","600000","24","X","KRA","Karanganyar"
"2689KRART","M3","174","500000","10","X","KRA","Karanganyar"
"2689KRART","M6","7003","500000","10","X","KRA","Karanganyar"
"2689SLURT","63","JF04","500000","10","","SLU","Solo Utara"
"2690BYLRT","63","jf15","500000","24","X","BYL","Boyolali"
"2690BYLRT","M6","7003","500000","10","X","BYL","Boyolali"
"2690BYLRT","MFB","175","300000","24","X","BYL","Boyolali"
"2690KRART","60","180","800000","24","X","KRA","Karanganyar"
"2690KRART","ET","","500000","24","X","KRA","Karanganyar"
"2690KRART","MFB","0380","1000000","24","X","KRA","Karanganyar"
"2690KRART","MFB","078","5500000","24","X","KRA","Karanganyar"
"2690SLSRT","63","","500000","10","X","SLS","Solo Selatan"
"2691SLURT","60","188MT","1.25","10","X","SLU","Solo Utara"
"2691SLURT","ET","","500000","24","X","SLU","Solo Utara"
"2691SLURT","M6","","500000","25","X","SLU","Solo Utara"
"2692SLURT","60","0001","500000","10","X","SLU","Solo Utara"
"2692SLURT","63","0001","500000","24","X","SLU","Solo Utara"
"2692SLURT","ET","0001","500000","24","X","SLU","Solo Utara"
"2692SLURT","M3","0001","500000","24","X","SLU","Solo Utara"
"2692SLURT","MFB","0001","500000","24","X","SLU","Solo Utara"
"2694BYLRT","MFB","0233","500000","10","X","BYL","Boyolali"
"2694SRGRT","60","181","950000","24","X","SRG","Sragen"
"2695BYLRT","63","jf15","350000","24","X","BYL","Boyolali"
"2695BYLRT","ET","","800000","25","X","BYL","Boyolali"
"2695BYLRT","MFB","0233","800000","10","X","BYL","Boyolali"
"2695KTSRT","M3","","500000","10","X","KTS","Kartosuro"
"2695SLSRT","60","178","3150000","25","X","SLS","Solo Selatan"
"2695SLSRT","63","JF12","2000000","10","X","SLS","Solo Selatan"
"2695SLSRT","M3","190","1050000","24","X","SLS","Solo Selatan"
"2695SRGRT","ET","341","500000","25","X","SRG","Sragen"
"2696SRGRT","63","","1016539","10","X","SRG","Sragen"
"2697KRART","ET","341","550000","24","X","KRA","Karanganyar"
"2697SKHRT","60","173","3700000","5","X","SKH","Sukoharjo"
"2697SLSRT","63","jF16","500000","24","X","SLS","Solo Selatan"
"2697SRGRT","MFB","0181","500000","10","X","SRG","Sragen"
"2698BYLRT","63","jF07","512800","10","X","BYL","Boyolali"
"2698BYLRT","ET","","500000","25","X","BYL","Boyolali"
"2698BYLRT","MFB","0233","600000","10","X","BYL","Boyolali"
"2698KRART","60","180","950000","24","X","KRA","Karanganyar"
"2698KRART","63","","500000","24","X","KRA","Karanganyar"
"2698KRART","M3","174","600000","10","X","KRA","Karanganyar"
"2698KRART","MFB","0380","500000","10","X","KRA","Karanganyar"
"2699KRART","ET","","500000","25","X","KRA","Karanganyar"
"2699KRASW","MFB","0233","4300000","10","X","KRA","Karanganyar"
"2699KTSKO","MFB","0233","500000","10","","KTS","Kartosuro"
"2699SRGRT","ET","","500000","25","X","SRG","Sragen"
"2699SRGRT","MFB","0181","500000","10","X","SRG","Sragen"
"2700BYLRT","60","179","600000","10","X","BYL","Boyolali"
"2700BYLRT","63","jF01","1000000","10","X","BYL","Boyolali"
"2700BYLRT","M3","067","15600000","10","X","BYL","Boyolali"
"2700KRART","60","180","500000","10","","KRA","Karanganyar"
"2700SKHRT","63","jf03","800000","24","X","SKH","Sukoharjo"
"2700SRGRT","60","185","500000","24","X","SRG","Sragen"
"2700SRGRT","63","jF08","600000","24","X","SRG","Sragen"
"2701SRGRT","63","jf17","1000000","10","X","SRG","Sragen"
"2703SLSRT","63","jF16","500000","24","X","SLS","Solo Selatan"
"2708SRGRT","63","jf14","500000","10","X","SRG","Sragen"
"2709SRGRT","60","185","1100000","24","X","SRG","Sragen"
"2709SRGRT","63","jF17","800000","24","X","SRG","Sragen"
"2709SRGRT","ET","341","500000","24","X","SRG","Sragen"
"2709SRGRT","M3","","600000","10","X","SRG","Sragen"
"2710SRGRT","60","185","1100000","10","X","SRG","Sragen"
"2710SRGRT","63","jF10","500000","10","X","SRG","Sragen"
"2710SRGRT","M3","190","500000","10","X","SRG","Sragen"
"2711BYLRT","60","179","1150000","24","X","BYL","Boyolali"
"2711BYLRT","MFB","0233","1750000","25","X","BYL","Boyolali"
"2711BYLRT","MFB","175","1500000","24","X","BYL","Boyolali"
"2711SLSRT","60","179","1650000","10","X","SLS","Solo Selatan"
"2711SLSRT","ET","","500000","24","X","SLS","Solo Selatan"
"2711SLSRT","M3","190","800000","10","X","SLS","Solo Selatan"
"2711SLSRT","M6","7003","1000000","10","X","SLS","Solo Selatan"
"2711SLSRT","MFB","175","2850000","10","X","SLS","Solo Selatan"
"2712SLSRT","ET","","500000","25","X","SLS","Solo Selatan"
"2714SLSRT","63","jf16","1000000","24","X","SLS","Solo Selatan"
"2714SLSRT","ET","343","300000","24","X","SLS","Solo Selatan"
"2715KRART","ET","341","500000","24","X","KRA","Karanganyar"
"2717BYLRT","63","jf11","500000","10","X","BYL","Boyolali"
"2717KRART","63","jf05","1800000","24","X","KRA","Karanganyar"
"2717KRART","ET","341","500000","24","X","KRA","Karanganyar"
"2717KRART","M6","070","500000","24","X","KRA","Karanganyar"
"2719KRART","63","","500000","10","X","KRA","Karanganyar"
"2719SRGMM","60","","500000","10","X","SRG","Sragen"
"2719SRGMM","63","JF14","500000","10","x","SRG","Sragen"
"2719SRGMM","MFB","0181","500000","10","X","SRG","Sragen"
"2728SKHRT","ET","341","6000000","25","X","SKH","Sukoharjo"
"2730BYLRT","60","178","2800000","10","X","BYL","Boyolali"
"2730BYLRT","63","jF07","2751233","10","X","BYL","Boyolali"
"2730BYLRT","M3","0146","500000","25","X","BYL","Boyolali"
"2730krart","60","","4800000","10","X","KRA","Karanganyar"
"2733SLSRT","60","178","2500000","24","X","SLS","Solo Selatan"
"2736SRGRT","60","181","2700000","10","X","SRG","Sragen"
"2736SRGRT","63","jf08","4500000","10","X","SRG","Sragen"
"2736SRGRT","ET","","500000","24","X","SRG","Sragen"
"2736SRGRT","M3","067","5600000","24","X","SRG","Sragen"
"2736SRGRT","M6","086","800000","24","X","SRG","Sragen"
"2736SRGRT","MFB","0112","950000","10","X","SRG","Sragen"
"2739KRART","63","jF12","765659","10","X","KRA","Karanganyar"
"2741BYLRT","MFB","0233","1500000","25","X","BYL","Boyolali"
"2741SRGRT","60","181","1800000","24","X","SRG","Sragen"
"2744BYLMM","M3","190","1700000","10","X","BYL","Boyolali"
"2744BYLMM","M6","7003","1500000","10","X","BYL","Boyolali"
"2744BYLMM","MFB","175","750000","24","X","BYL","Boyolali"
"2744SRGRT","60","185","300000","24","X","SRG","Sragen"
"2745KRART","60","180","3500000","24","X","KRA","Karanganyar"
"2747KTSRT","63","jF11","500000","24","X","KTS","Kartosuro"
"2747KTSRT","ET","341","500000","25","X","KTS","Kartosuro"
"2748BYLRT","63","jf14","650000","24","X","BYL","Boyolali"
"2748SRGRT","M3","","800000","10","X","SRG","Sragen"
"2749BYLRT","60","181","1000000","24","X","BYL","Boyolali"
"2749SKHRT","MFB","0233","500000","25","X","SKH","Sukoharjo"
"2749SRGRT","ET","","750000","25","X","SRG","Sragen"
"2755KRART","60","","500000","10","X","KRA","Karanganyar"
"2755SRGRT","60","","200000","10","X","SRG","Sragen"
"2755SRGRT","M3","067","500000","24","X","SRG","Sragen"
"2755SRGRT","MFB","0112","500000","25","X","SRG","Sragen"
"2755SRGRT","MFB","0181","500000","25","X","SRG","Sragen"
"2758BYLRT","60","206","3000000","3","X","BYL","Boyolali"
"2758KRART","60","185","700000","24","X","KRA","Karanganyar"
"2758KRART","63","jf07","3600000","10","X","KRA","Karanganyar"
"2758KRART","ET","341","500000","24","X","KRA","Karanganyar"
"2758KRART","M3","174","1000000","10","X","KRA","Karanganyar"
"2758KRART","M6","7003","1000000","24","X","KRA","Karanganyar"
"2758KRART","MFB","078","650000","24","X","KRA","Karanganyar"
"2758SLSRT","63","jf02","500000","10","X","SLS","Solo Selatan"
"2759SKHRT","60","207","2700000","3","X","SKH","Sukoharjo"
"2763SLURT","60","0001","18000000","30","X","SLU","Solo Utara"
"2764KRART","60","","100000","10","X","KRA","Karanganyar"
"2764SKHRT","ET","","1000000","25","X","SKH","Sukoharjo"
"2765BYLRT","ET","343","600000","24","X","BYL","Boyolali"
"2766KRART","M3","","1350000","10","X","KRA","Karanganyar"
"2766SKHRT","63","jF15","1100000","10","X","SKH","Sukoharjo"
"2766SKHRT","ET","","500000","25","X","SKH","Sukoharjo"
"2766SKHRT","MFB","078","500000","25","X","SKH","Sukoharjo"
"2766SLSRT","60","179","2000000","24","X","SLS","Solo Selatan"
"2766SLSRT","63","","500000","10","X","SLS","Solo Selatan"
"2767KRART","60","0","500000","10","X","KRA","Karanganyar"
"2767KRART","M3","0146","600000","10","X","KRA","Karanganyar"
"2767KRART","M3","0146N","40000","24","X","KRA","Karanganyar"
"2767SLSRT","60","185","700000","24","X","SLS","Solo Selatan"
"2767SLURT","ET","343","600000","24","X","SLU","Solo Utara"
"2768SLSRT","63","jF09","1800000","24","X","SLS","Solo Selatan"
"2768SLSRT","M3","190","700000","24","X","SLS","Solo Selatan"
"2768SRGRT","60","181","800000","24","X","SRG","Sragen"
"2768SRGRT","63","jF10","500000","10","X","SRG","Sragen"
"2768SRGRT","M3","190","1000000","24","X","SRG","Sragen"
"2768SRGRT","M6","086","500000","10","X","SRG","Sragen"
"2768SRGRT","MFB","0181","300000","10","X","SRG","Sragen"
"2769BYLRT","63","jF03","1300000","24","X","BYL","Boyolali"
"2769SLSRT","60","178","500000","24","X","SLS","Solo Selatan"
"2769SLSRT","63","jf11","592115","24","X","SLS","Solo Selatan"
"2769SLSRT","M3","190","450000","24","X","SLS","Solo Selatan"
"2769SLSRT","M6","070","500000","24","X","SLS","Solo Selatan"
"2769SLSRT","MFB","175","500000","24","X","SLS","Solo Selatan"
"2769SLURT","ET","","2000000","25","X","SLU","Solo Utara"
"2770SRGRT","M3","","8500000","10","X","SRG","Sragen"
"2771KRART","ET","","500000","25","X","KRA","Karanganyar"
"2771SLURT","63","0001","100000","10","X","SLU","Solo Utara"
"2771SLURT","M3","0001","100000","10","X","SLU","Solo Utara"
"2771SLURT","M6","0001","100000","10","X","SLU","Solo Utara"
"2771SRGRT","M6","070","2000000","24","X","SRG","Sragen"
"2771SRGRT","MFB","0181","1500000","10","X","SRG","Sragen"
"2773KRART","60","0","500000","25","X","KRA","Karanganyar"
"2774SKHRT","60","179","2150000","10","X","SKH","Sukoharjo"
"2774SKHRT","63","jf15","1400000","10","X","SKH","Sukoharjo"
"2774SKHRT","M3","190","500000","10","X","SKH","Sukoharjo"
"2774SKHRT","M6","7003","800000","24","X","SKH","Sukoharjo"
"2774SKHRT","MFB","0233","1000000","25","X","SKH","Sukoharjo"
"2774SKHRT","MFB","175","3250000","25","X","SKH","Sukoharjo"
"2774SLSRT","63","jF16","1008463","24","X","SLS","Solo Selatan"
"2774SRGRT","63","jF14","35000000","24","X","SRG","Sragen"
"2775KRART","63","jF11","15000000","24","X","KRA","Karanganyar"
"2775SRGRT","60","193","30000000","10","X","SRG","Sragen"
"2775SRGRT","MFB","0112","17500000","24","X","SRG","Sragen"
"2777BYLRT","60","178","1000000","10","X","BYL","Boyolali"
"2777BYLRT","63","jF12","500000","24","X","BYL","Boyolali"
"2777BYLRT","M6","7003","500000","10","X","BYL","Boyolali"
"2777BYLRT","MFB","175","800000","24","X","BYL","Boyolali"
"2778BYLRT","63","JF18","700000","24","X","BYL","Boyolali"
"2778KRART","60","193","2550000","24","X","KRA","Karanganyar"
"2778KRART","63","jF15","600000","24","X","KRA","Karanganyar"
"2778KRART","M3","174","500000","10","X","KRA","Karanganyar"
"2778KRART","M6","070","500000","24","X","KRA","Karanganyar"
"2778KRART","MFB","078","500000","24","X","KRA","Karanganyar"
"2780SRGRT","60","","100000","0","X","SRG","Sragen"
"2781BYLRT","60","179","850000","24","X","BYL","Boyolali"
"2781BYLRT","63","jF15","1333425","10","X","BYL","Boyolali"
"2781BYLRT","MFB","175","1100000","10","X","BYL","Boyolali"
"2781SKHRT","ET","341","1200000","24","X","SKH","Sukoharjo"
"2781SLSRT","63","jF02","2239625","24","X","SLS","Solo Selatan"
"2781SRGRT","63","jf17","1000000","24","X","SRG","Sragen"
"2784KRART","ET","341","2100000","24","X","KRA","Karanganyar"
"2784SLSRT","63","JF01","500000","10","X","SLS","Solo Selatan"
"2784SLUSM","63","jf20","8500000","14","X","SLU","Solo Utara"
"2784SLUSM","ET","","1000000","14","X","SLU","Solo Utara"
"2784SLUSM","M3","035","1700000","24","X","SLU","Solo Utara"
"2784SLUSM","M6","093","15000000","14","X","SLU","Solo Utara"
"2784SLUSM","MFB","0366","1000000","14","X","SLU","Solo Utara"
"2784SLUSM","MFB","0370","1000000","14","X","SLU","Solo Utara"
"2784SLUSM","MFB","069","1400000","14","X","SLU","Solo Utara"
"2784SLUSM","MFB","E001","500000","14","x","SLU","Solo Utara"
"2784SRGRT","60","","1000000","10","X","SRG","Sragen"
"2784SRGRT","63","JF14","1000000","24","X","SRG","Sragen"
"2787KRART","60","181","800000","10","X","KRA","Karanganyar"
"2787KRART","63","jf17","1620500","10","X","KRA","Karanganyar"
"2787KRART","ET","341","500000","24","X","KRA","Karanganyar"
"2787KRART","M3","067","1900000","10","X","KRA","Karanganyar"
"2787KRART","M6","086","600000","24","X","KRA","Karanganyar"
"2787KRART","MFB","0112","2100000","10","X","KRA","Karanganyar"
"2787KRART","MFB","1100","6500000","10","X","KRA","Karanganyar"
"2787SLSRT","MFB","2332","500000","10","X","SLS","Solo Selatan"
"2788SKHRT","63","JF15","500000","24","X","SKH","Sukoharjo"
"2789KRART","63","jF02","1262967","24","X","KRA","Karanganyar"
"2789SKHRT","63","","500000","10","X","SKH","Sukoharjo"
"2789SKHRT","ET","","1000000","25","X","SKH","Sukoharjo"
"2790BYLRT","ET","343","500000","24","","BYL","Boyolali"
"2790KRART","63","jf02","7400000","24","X","GML","Gemolong"
"2790KRART","M6","070","1100000","24","X","GML","Gemolong"
"2790KRART","MFB","0233","500000","25","X","GML","Gemolong"
"2790KRART","MFB","175","4000000","24","X","GML","Gemolong"
"2791SLSRT","ET","343","600000","25","X","SLS","Solo Selatan"
"2793BYLRT","60","179","500000","1","x","BYL","Boyolali"
"2794BYLRT","60","178","500000","24","X","BYL","Boyolali"
"2794BYLRT","63","jF01","694750","10","X","BYL","Boyolali"
"2794BYLRT","ET","","550000","25","X","BYL","Boyolali"
"2796KRART","60","181","500000","24","X","KRA","Karanganyar"
"2796KRART","63","jf02","3715896","24","X","KRA","Karanganyar"
"2796KRART","M3","189","750000","10","X","KRA","Karanganyar"
"2796KRART","M6","070","1100000","24","X","KRA","Karanganyar"
"2796KRART","MFB","0112","4100000","24","X","KRA","Karanganyar"
"2797SKHRT","60","180","500000","24","X","SKH","Sukoharjo"
"2797SKHRT","M3","174","500000","10","X","SKH","Sukoharjo"
"2797SKHRT","MFB","","300000","10","X","SKH","Sukoharjo"
"2797SRGRT","60","181","4850000","24","X","SRG","Sragen"
"2797SRGRT","M3","189","5800000","10","X","SRG","Sragen"
"2797SRGRT","MFB","0112","2300000","24","X","SRG","Sragen"
"2797SRGRT","MFB","1100","400000","10","X","SRG","Sragen"
"2798BYLRT","63","","500000","10","X","BYL","Boyolali"
"2798BYLRT","63","jF11","500000","10","X","BYL","Boyolali"
"2798KRART","ET","343","550000","24","X","KRA","Karanganyar"
"2798KRART","M6","070","800000","10","X","KRA","Karanganyar"
"2798KRART","MFB","0233","1200000","25","X","KRA","Karanganyar"
"2798KRART","MFB","175","700000","24","X","KRA","Karanganyar"
"2798SKHRT","63","jF07","1154711","24","X","SKH","Sukoharjo"
"2798SLURT","MFB","0001","500000","10","","SLS","Solo Selatan"
"2798SRGRT","63","","400000","10","X","SRG","Sragen"
"2799BYLRT","ET","343","3000000","24","X","BYL","Boyolali"
"2799SLURT","M3","","800000","10","X","SLU","Solo Utara"
"2799SRGRT","60","181","1200000","24","X","SRG","Sragen"
"2799SRGRT","M3","067","2250000","24","X","SRG","Sragen"
"2800SKHRT","63","jF03","500000","24","X","SKH","Sukoharjo"
"2800SKHRT","M6","070","500000","25","X","SKH","Sukoharjo"
"2800SKHRT","MFB","0380","500000","10","X","SKH","Sukoharjo"
"2800SLSRT","60","180","700000","24","X","SLS","Solo Selatan"
"2800SLSRT","M3","190","1000000","24","X","SLS","Solo Selatan"
"2800SRGRT","60","","500000","10","X","SRG","Sragen"
"2800SRGRT","ET","341","500000","25","X","SRG","Sragen"
"2801BYLRT","ET","","500000","25","X","BYL","Boyolali"
"2801SLSRT","60","205","3700000","24","X","SLS","Solo Selatan"
"2802SLSRT","60","210","3700000","10","X","SLS","Solo Selatan"
"2803SLSRT","63","JF03","1500000","24","X","SLS","Solo Selatan"
"2805SRGRT","60","178","1800000","25","X","SRG","Sragen"
"2805SRGRT","63","JF10","7857658","10","X","SRG","Sragen"
"2805SRGRT","ET","","500000","24","X","SRG","Sragen"
"2805SRGRT","M6","086","2500000","24","X","SRG","Sragen"
"2807KRART","63","jF12","500000","24","X","KRA","Karanganyar"
"2808KRART","ET","","500000","25","X","KRA","Karanganyar"
"2811SLSRT","63","jF15","5500000","24","X","SLS","Solo Selatan"
"2811SLSRT","ET","341","500000","24","X","SLS","Solo Selatan"
"2811SLSRT","M6","070","1000000","10","X","SLS","Solo Selatan"
"2811SLSRT","MFB","0233","500000","25","X","SLS","Solo Selatan"
"2811SLSRT","MFB","175","1000000","24","X","SLS","Solo Selatan"
"2813SKHRT","60","180","500000","24","X","SKH","Sukoharjo"
"2813SKHRT","MFB","0380","800000","24","X","SKH","Sukoharjo"
"2813SKHRT","MFB","078","700000","24","X","SKH","Sukoharjo"
"2813SKHRT","MFB","1109","700000","24","X","SKH","Sukoharjo"
"2816SKHRT","M3","","13500000","10","X","SKH","Sukoharjo"
"2816SRGRT","ET","","500000","25","X","SRG","Sragen"
"2817KRART","63","jf02","3000000","24","X","KRA","Karanganyar"
"2818BYLRT","M3","","500000","10","X","BYL","Boyolali"
"2819SRGRT","ET","","500000","25","X","SRG","Sragen"
"2820SLSSW","MFB","175","2300000","24","X","SLS","Solo Selatan"
"2824KRART","60","178","500000","25","X","KTS","Kartosuro"
"2824KRART","M6","7003","600000","10","X","KTS","Kartosuro"
"2825SRGRT","60","181","3200000","10","X","SRG","Sragen"
"2825SRGRT","MFB","0181","300000","10","X","SRG","Sragen"
"2825SRGRT","MFB","1100","500000","10","X","SRG","Sragen"
"2827BYLRT","60","193","6700000","10","X","BYL","Boyolali"
"2827SRGRT","63","jf14","1100000","24","X","SRG","Sragen"
"2827SRGRT","M6","","700000","10","X","SRG","Sragen"
"2829SLURT","63","jf16","700000","24","X","SLU","Solo Utara"
"2829SLURT","M6","7003","500000","24","X","SLU","Solo Utara"
"2834SLSRT","60","180","2500000","24","X","SLS","Solo Selatan"
"2834SRGRT","63","JF08","500000","24","X","SRG","Sragen"
"2834SRGRT","M3","067","500000","10","X","SRG","Sragen"
"2834SRGRT","MFB","","500000","10","X","SRG","Sragen"
"2836BYLRT","60","0","750000","10","X","BYL","Boyolali"
"2837KRART","ET","341","1000000","24","X","KRA","Karanganyar"
"2837SRGRT","60","193","7000000","24","X","SRG","Sragen"
"2837SRGRT","ET","","500000","25","X","SRG","Sragen"
"2837SRGRT","MFB","0181","2000000","10","X","SRG","Sragen"
"2838SKHRT","60","180","700000","24","X","SKH","Sukoharjo"
"2838SKHRT","63","jF07","1300000","10","X","SKH","Sukoharjo"
"2838SKHRT","ET","341","800000","25","X","SKH","Sukoharjo"
"2838SKHRT","M3","174","400000","10","X","SKH","Sukoharjo"
"2838SKHRT","MFB","078","1300000","24","X","SKH","Sukoharjo"
"2838SKHRT","MFB","1109","500000","24","X","SKH","Sukoharjo"
"2838SRGRT","ET","","250000","25","X","SRG","Sragen"
"2838SRGRT","M3","190","700000","1","X","SRG","Sragen"
"2839KRART","ET","341","3500000","25","X","KRA","Karanganyar"
"2841SRGRT","60","181","500000","24","X","SRG","Sragen"
"2842SLSRT","60","180","3300000","24","X","SLS","Solo Selatan"
"2843BYLRT","60","178","2700000","10","X","BYL","Boyolali"
"2843BYLRT","M6","7003","900000","10","X","BYL","Boyolali"
"2844BYLRT","ET","","700000","25","X","BYL","Boyolali"
"2844KRART","ET","","300000","25","X","KRA","Karanganyar"
"2844KRART","M6","7003","500000","10","X","KRA","Karanganyar"
"2844KRART","MFB","1109","500000","10","X","KRA","Karanganyar"
"2845SRGRT","63","","500000","10","X","SRG","Sragen"
"2846KRART","ET","341","500000","24","X","KRA","Karanganyar"
"2846SLSRT","60","180","1800000","24","X","SLS","Solo Selatan"
"2847BYLRT","ET","","600000","25","X","BYL","Boyolali"
"2848KRART","63","jf02","900000","24","X","KRA","Karanganyar"
"2848KRART","M3","190","500000","24","X","KRA","Karanganyar"
"2848KRART","MFB","0233","1000000","25","X","KRA","Karanganyar"
"2848KRART","MFB","175","1000000","25","X","KRA","Karanganyar"
"2849SLSRT","MFB","","3600000","10","X","SLS","Solo Selatan"
"2852BYLRT","MFB","0233","500000","10","X","BYL","Boyolali"
"2853KTSRT","M3","","500000","10","X","KTS","Kartosuro"
"2854SRGRT","MFB","0181","500000","10","X","SRG","Sragen"
"2855SLSRT","MFB","0233","1250000","10","X","SLS","Solo Selatan"
"2855SRGRT","60","","5250000","25","X","SRG","Sragen"
"2855SRGRT","63","","500000","10","X","SRG","Sragen"
"2855SRGRT","M3","190","1350000","24","X","SRG","Sragen"
"2857BYLRT","60","179","700000","25","X","BYL","Boyolali"
"2857BYLRT","MFB","0233","600000","25","X","BYL","Boyolali"
"2857BYLRT","MFB","175","1200000","25","X","BYL","Boyolali"
"2857KRART","ET","","500000","25","","KRA","Karanganyar"
"2857KTSRT","ET","341","500000","25","X","KTS","Kartosuro"
"2857SKHRT","MFB","0380","800000","25","X","SKH","Sukoharjo"
"2857SKHRT","MFB","078","1200000","25","X","SKH","Sukoharjo"
"2857SRGRT","ET","","500000","24","X","SRG","Sragen"
"2858SRGRT","60","181","2600000","24","X","SRG","Sragen"
"2858SRGRT","63","jf08","10000000","10","X","SRG","Sragen"
"2858SRGRT","M3","190","21200000","10","X","SRG","Sragen"
"2858SRGRT","M6","086","6000000","24","X","SRG","Sragen"
"2858SRGRT","MFB","0112","25300000","10","X","SRG","Sragen"
"2858SRGRT","MFB","0181","4000000","10","X","SRG","Sragen"
"2858SRGRT","MFB","1100","500000","10","X","SRG","Sragen"
"2859BYLRT","ET","","500000","24","X","BYL","Boyolali"
"2859BYLRT","M3","","500000","10","X","BYL","Boyolali"
"2859BYLRT","M6","","500000","10","X","BYL","Boyolali"
"2859SLSRT","ET","340","2500000","25","X","SLS","Solo Selatan"
"2863SLURT","ET","343","1100000","24","X","SLU","Solo Utara"
"2864KTSRT","60","","500000","10","X","KTS","Kartosuro"
"2864KTSRT","63","jF11","500000","24","X","KTS","Kartosuro"
"2864KTSRT","ET","340","500000","24","X","KTS","Kartosuro"
"2864SLURT","ET","","500000","25","X","SLU","Solo Utara"
"2865KTSRT","60","179","2600000","24","X","KTS","Kartosuro"
"2865SLURT","ET","340","7350000","24","X","SLU","Solo Utara"
"2866KRART","ET","","500000","25","X","KRA","Karanganyar"
"2866KRART","MFB","0233","800000","10","X","KRA","Karanganyar"
"2866KTSRT","M3","","500000","10","X","KTS","Kartosuro"
"2866SLSRT","63","jf16","500000","24","X","SLS","Solo Selatan"
"2866SRGRT","60","181","4000000","10","X","SRG","Sragen"
"2867KRART","60","","1300000","10","X","KRA","Karanganyar"
"2867KRART","M3","","1300000","10","X","KRA","Karanganyar"
"2868SRGRT","60","185","500000","24","X","SRG","Sragen"
"2868SRGRT","63","JF08","800000","24","X","SRG","Sragen"
"2868SRGRT","M3","189","1350000","24","X","SRG","Sragen"
"2868SRGRT","M6","070","700000","24","X","SRG","Sragen"
"2868SRGRT","MFB","0112","3650000","24","X","SRG","Sragen"
"2868SRGRT","MFB","502","300000","24","X","SRG","Sragen"
"2869KRART","60","185","800000","24","X","KRA","Karanganyar"
"2869SRGRT","63","","500000","10","X","SRG","Sragen"
"2869SRGRT","ET","","500000","25","X","SRG","Sragen"
"2870SRGRT","60","193","4600000","10","X","SRG","Sragen"
"2870SRGRT","M3","067","2450000","10","X","SRG","Sragen"
"2870SRGRT","MFB","0112","21000000","10","X","SRG","Sragen"
"2870SRGRT","MFB","1100","500000","10","x","SRG","Sragen"
"2871SLURT","60","193","5000000","24","X","SLU","Solo Utara"
"2871SLURT","M6","070","500000","10","X","SLU","Solo Utara"
"2871SLURT","MFB","0233","500000","25","X","SLU","Solo Utara"
"2871SLURT","MFB","175","2450000","24","X","SLU","Solo Utara"
"2871SRGRT","60","","2400000","10","X","SRG","Sragen"
"2871SRGRT","M3","067","2350000","10","X","SRG","Sragen"
"2872SLURT","63","","1600000","10","X","SLU","Solo Utara"
"2872SLURT","ET","343","900000","25","X","SLU","Solo Utara"
"2874KRART","63","JF02","2700000","24","X","KRA","Karanganyar"
"2874KRART","M3","174","1000000","10","X","KRA","Karanganyar"
"2874KRART","M6","093","1850000","24","X","KRA","Karanganyar"
"2874KRART","MFB","078","500000","24","X","KRA","Karanganyar"
"2874SKHRT","60","180","750000","24","X","SKH","Sukoharjo"
"2874SKHRT","63","jF05","500000","10","X","SKH","Sukoharjo"
"2874SKHRT","ET","","500000","25","X","SKH","Sukoharjo"
"2874SLURT","60","0001","500000","10","X","SLU","Solo Utara"
"2874SLURT","M3","0001","500000","10","X","SLU","Solo Utara"
"2874SLURT","M3","0001N","40000","24","X","SLU","Solo Utara"
"2874SLURT","MFB","0001","1000000","10","X","SLU","Solo Utara"
"2874SRGRT","63","jF12","1200000","24","X","SRG","Sragen"
"2874SRGRT","ET","341","500000","24","X","SRG","Sragen"
"2874SRGRT","M3","174","650000","10","X","SRG","Sragen"
"2874SRGRT","M6","086","500000","24","X","SRG","Sragen"
"2874SRGRT","MFB","078","500000","24","X","SRG","Sragen"
"2875BYLRT","63","jF11","1000000","24","X","BYL","Boyolali"
"2875SLSRT","ET","340","4800000","24","X","SLS","Solo Selatan"
"2875SLURT","MFB","078","10600000","10","X","SLU","Solo Utara"
"2876KRART","60","","300000","10","X","KRA","Karanganyar"
"2876SLSRT","ET","","700000","25","X","SLS","Solo Selatan"
"2877KTSRT","60","179","1200000","24","X","KTS","Kartosuro"
"2877KTSRT","M3","190","1500000","24","X","KTS","Kartosuro"
"2877SLSRT","M3","256","500000","10","X","SLS","Solo Selatan"
"2878SLSRT","60","179","1600000","24","X","SLS","Solo Selatan"
"2878SRGRT","MFB","1100","500000","1","X","SRG","Sragen"
"2879BYLRT","60","179","500000","24","X","BYL","Boyolali"
"2879KRART","60","","3000000","10","X","KRA","Karanganyar"
"2879KRART","MFB","","1150000","10","X","KRA","Karanganyar"
"2879KRART","MFB","0181","2700000","10","X","KRA","Karanganyar"
"2879SRGRT","60","180","550000","24","X","SRG","Sragen"
"2879SRGRT","M3","174","500000","10","X","SRG","Sragen"
"2879SRGRT","MFB","078","500000","10","X","SRG","Sragen"
"2880KRART","63","jF15","500000","24","X","KRA","Karanganyar"
"2881BYLRT","60","178","500000","24","","BYL","Boyolali"
"2881SLSRT","60","","500000","10","X","SLS","Solo Selatan"
"2881SLSRT","M3","0146","600000","10","X","SLS","Solo Selatan"
"2881SLSRT","M3","0146N","40000","24","X","SLS","Solo Selatan"
"2881SLSRT","MFB","0233","950000","10","X","SLS","Solo Selatan"
"2882SLSRT","63","","500000","10","X","SLS","Solo Selatan"
"2882SLSRT","MFB","0364","500000","10","X","SLS","Solo Selatan"
"2882SRGRT","M3","067","5000000","10","X","SRG","Sragen"
"2883SLSRT","M3","190","850000","24","X","SLS","Solo Selatan"
"2884BYLRT","63","jF01","500000","10","x","BYL","Boyolali"
"2884BYLRT","ET","","300000","25","X","BYL","Boyolali"
"2887BYLRT","60","185","4000000","24","X","BYL","Boyolali"
"2887BYLRT","M3","189","2500000","10","X","BYL","Boyolali"
"2887KRART","63","JF15","1141933","24","X","KRA","Karanganyar"
"2887SRGRT","63","jf08","2100000","10","X","SRG","Sragen"
"2887SRGRT","ET","","400000","25","X","SRG","Sragen"
"2887SRGRT","M3","067","1150000","24","X","SRG","Sragen"
"2887SRGRT","MFB","0112","500000","10","x","SRG","Sragen"
"2888BYLRT","63","jF16","600000","24","X","BYL","Boyolali"
"2888SLURT","60","0001","3000000","25","X","SLU","Solo Utara"
"2888SLURT","63","0001","10000000","10","X","SLU","Solo Utara"
"2888SLURT","ET","0001","2250000","25","X","SLU","Solo Utara"
"2888SLURT","M3","0001","2000000","10","X","SLU","Solo Utara"
"2888SLURT","M3","0001N","40000","24","X","SLU","Solo Utara"
"2888SLURT","M6","0001","500000","24","X","SLU","Solo Utara"
"2888SLURT","MFB","0001","5000000","25","X","SLU","Solo Utara"
"2890SLURT","60","179","1000000","24","X","SLU","Solo Utara"
"2891SLSRT","63","jf05","500000","10","X","SLS","Solo Selatan"
"2894BYLRT","63","jF07","500000","24","X","BYL","Boyolali"
"2896KRART","63","","500000","10","X","KRA","Karanganyar"
"2897SKHRT","63","jF12","500000","10","X","SKH","Sukoharjo"
"2897SRGRT","60","0","1.25","10","X","SRG","Sragen"
"2898SRGRT","60","178","600000","24","X","SRG","Sragen"
"2898SRGRT","MFB","0112","800000","24","X","SRG","Sragen"
"2900BYLRT","60","178","5000000","25","X","BYL","Boyolali"
"2900BYLRT","M6","7003","600000","10","X","BYL","Boyolali"
"2900BYLRT","MFB","175","1450000","24","X","BYL","Boyolali"
"2900BYLRT","MFB","190","500000","25","X","BYL","Boyolali"
"2901SRGRT","63","JF17","4400000","24","X","SRG","Sragen"
"2901SRGRT","M6","","2000000","25","X","SRG","Sragen"
"2904KTSRT","60","185","500000","24","X","KTS","Kartosuro"
"2904KTSRT","63","JF11","600000","24","X","KTS","Kartosuro"
"2904KTSRT","M6","070","1300000","10","X","KTS","Kartosuro"
"2904KTSRT","MFB","175","500000","24","X","KTS","Kartosuro"
"2904SRGRT","60","185","500000","24","X","SRG","Sragen"
"2905KTSRT","MFB","0233","500000","10","X","KTS","Kartosuro"
"2906KTSRT","M3","0146","500000","10","1","KTS","Kartosuro"
"2906KTSRT","M3","0146N","40000","24","1","KTS","Kartosuro"
"2910SLSRT","60","","41100000","10","X","SLS","Solo Selatan"
"2910SLSRT","MFB","0233","8000000","10","X","SLS","Solo Selatan"
"2911SKHRT","ET","341","1050000","24","X","SKH","Sukoharjo"
"2911SRGRT","63","jF17","500000","24","X","SRG","Sragen"
"2911SRGRT","ET","","500000","25","X","SRG","Sragen"
"2912SLSRT","ET","340","1000000","24","X","SLS","Solo Selatan"
"2912SLSRT","MFB","0233","500000","25","X","SLS","Solo Selatan"
"2913SKHRT","63","JF02","1450000","24","X","SKH","Sukoharjo"
"2913SKHRT","ET","341","500000","25","X","SKH","Sukoharjo"
"2914BYLMM","60","185","500000","24","X","BYL","Boyolali"
"2914BYLMM","63","JF11","750000","24","X","BYL","Boyolali"
"2914BYLMM","ET","343","600000","24","X","BYL","Boyolali"
"2914BYLMM","M3","","500000","24","X","BYL","Boyolali"
"2914BYLMM","M6","070","1600000","10","X","BYL","Boyolali"
"2915SKHRT","63","jF15","1500000","10","X","SKH","Sukoharjo"
"2915SLSRT","ET","","500000","25","X","SLS","Solo Selatan"
"2918KRART","60","","1.25","25","X","KRA","Karanganyar"
"2918KRART","63","jf05","2726833","24","X","KRA","Karanganyar"
"2918KRART","M3","174","1200000","10","X","KRA","Karanganyar"
"2918KRART","M6","070","750000","10","X","KRA","Karanganyar"
"2918KRART","MFB","078","500000","25","X","KRA","Karanganyar"
"2920KRART","63","jf02","500000","24","X","KRA","Karanganyar"
"2930SRGRT","63","jF16","500000","24","X","SRG","Sragen"
"2933KRART","63","jF16","2300000","10","X","KRA","Karanganyar"
"2933KRART","M3","189","850000","10","X","KRA","Karanganyar"
"2933KRART","M6","086","800000","24","X","KRA","Karanganyar"
"2933KRART","MFB","1100","500000","24","X","KRA","Karanganyar"
"2936SLSRT","60","180","1850000","24","X","SLS","Solo Selatan"
"2938KRART","MFB","502","500000","25","X","KRA","Karanganyar"
"2938SRGRT","63","","1000000","10","X","SRG","Sragen"
"2938SRGRT","MFB","0181","1000000","25","X","SRG","Sragen"
"2939SRGRT","ET","341","1200000","25","X","SRG","Sragen"
"2943BYLRT","60","179","3500000","24","X","BYL","Boyolali"
"2943BYLRT","63","jF13","1000000","10","X","BYL","Boyolali"
"2944BYLRT","ET","343","500000","24","X","BYL","Boyolali"
"2944KRAMM","MFB","0380","500000","25","X","KRA","Karanganyar"
"2944KTSRT","63","jf15","1662708","24","X","KTS","Kartosuro"
"2944SLSRT","ET","","500000","25","X","SLS","Solo Selatan"
"2944SLSRT","MFB","0364","500000","10","X","SLS","Solo Selatan"
"2944SRGRT","60","","700000","10","X","SRG","Sragen"
"2944SRGRT","ET","","500000","25","X","SRG","Sragen"
"2944SRGRT","M3","067","9000000","10","X","SRG","Sragen"
"2946BYLRT","63","jF05","4400000","10","X","BYL","Boyolali"
"2946BYLRT","M6","7003","2850000","24","X","BYL","Boyolali"
"2946BYLRT","MFB","175","3100000","24","X","BYL","Boyolali"
"2946SRGRT","60","185","2100000","24","X","SRG","Sragen"
"2946SRGRT","63","jF17","500000","24","X","SRG","Sragen"
"2946SRGRT","M3","067","3300000","10","X","SRG","Sragen"
"2946SRGRT","MFB","0112","7300000","25","X","SRG","Sragen"
"2946SRGRT","MFB","067","1000000","25","X","SRG","Sragen"
"2947BYLRT","60","0","500000","10","X","BYL","Boyolali"
"2950SLURT","ET","340","1500000","24","X","SLU","Solo Utara"
"2953SLSRT","60","179","500000","10","X","SLS","Solo Selatan"
"2953SLSRT","63","jF07","700000","10","X","SLS","Solo Selatan"
"2954BYLRT","60","178","500000","24","X","BYL","Boyolali"
"2954BYLRT","63","jF07","1050000","24","X","BYL","Boyolali"
"2954BYLRT","M6","7003","800000","24","X","BYL","Boyolali"
"2955BYLRT","M6","7003","500000","24","X","BYL","Boyolali"
"2955KRART","60","180","1600000","24","X","KRA","Karanganyar"
"2955KRART","63","jF02","9803967","10","X","KRA","Karanganyar"
"2955KRART","ET","341","1100000","25","X","KRA","Karanganyar"
"2955KRART","M3","174","5500000","10","X","KRA","Karanganyar"
"2955KRART","M6","7003","1500000","24","X","KRA","Karanganyar"
"2955KRART","MFB","0380","1000000","10","X","KRA","Karanganyar"
"2955KRART","MFB","078","1400000","10","X","KRA","Karanganyar"
"2955SLSKO","MFB","0233","500000","10","","SLS","Solo Selatan"
"2955SLSRT","60","180","900000","24","X","SLS","Solo Selatan"
"2955SLSRT","ET","","600000","25","X","SLS","Solo Selatan"
"2955SLURT","ET","","800000","25","X","SLU","Solo Utara"
"2955SLURT","M3","067","500000","10","X","SLU","Solo Utara"
"2956KRART","MFB","0364","500000","10","","KRA","Karanganyar"
"2957BYLRT","ET","","650000","24","X","BYL","Boyolali"
"2957SRGRT","63","JF08","500000","24","x","SRG","Sragen"
"2958BYLRT","63","jF07","1300000","24","X","BYL","Boyolali"
"2963KRART","60","180","500000","10","X","KRA","Karanganyar"
"2963KRART","63","jf02","3975000","10","X","KRA","Karanganyar"
"2963KRART","ET","341","1100000","24","X","KRA","Karanganyar"
"2963KRART","M3","174","1950000","10","X","KRA","Karanganyar"
"2963KRART","M6","7003","1000000","24","X","KRA","Karanganyar"
"2963KRART","MFB","078","4800000","10","X","KRA","Karanganyar"
"2963SRGRT","M3","","15000000","10","X","SRG","Sragen"
"2964SRGRT","63","jf07","500000","10","X","SRG","Sragen"
"2965KTSRT","M3","","500000","10","X","KTS","Kartosuro"
"2965SKHRT","63","jF01","500000","10","X","SKH","Sukoharjo"
"2965SKHRT","ET","341","850000","25","X","SKH","Sukoharjo"
"2965SLSRT","60","","1500000","25","X","SLS","Solo Selatan"
"2965SLSRT","MFB","0233","1200000","25","X","SLS","Solo Selatan"
"2965SLURT","60","166","3700000","5","X","SLU","Solo Utara"
"2965SRGRT","60","181","2100000","10","X","SRG","Sragen"
"2966GMLRT","60","178","1700000","24","X","GML","Gemolong"
"2966GMLRT","63","jf05","3511900","24","X","GML","Gemolong"
"2966GMLRT","M3","035","1600000","24","X","GML","Gemolong"
"2966KRART","ET","341","5000000","25","X","KRA","Karanganyar"
"2966SKHRT","63","","500000","10","X","SKH","Sukoharjo"
"2966SLSRT","ET","340","11500000","25","X","SLS","Solo Selatan"
"2966SLURT","ET","","500000","25","X","SLU","Solo Utara"
"2966SRGRT","60","181","500000","24","X","SRG","Sragen"
"2966SRGRT","M3","189","300000","10","X","SRG","Sragen"
"2967BYLRT","60","","500000","25","X","BYL","Boyolali"
"2967SRGRT","ET","341","500000","24","X","SRG","Sragen"
"2968SLSRT","ET","","500000","25","","SLS","Solo Selatan"
"2968SLURT","60","208","3700000","5","X","SLU","Solo Utara"
"2969BYLRT","60","193","6000000","24","X","BYL","Boyolali"
"2969SKHRT","63","jF02","500000","10","X","SKH","Sukoharjo"
"2970KRART","60","","500000","10","X","KRA","Karanganyar"
"2970SRGRT","60","185","500000","24","X","SRG","Sragen"
"2970SRGRT","MFB","1100","2100000","24","X","SRG","Sragen"
"2971SRGRT","ET","","300000","25","X","SRG","Sragen"
"2973KRART","63","jF16","500000","10","X","KRA","Karanganyar"
"2973KRART","M3","174","1000000","10","X","KRA","Karanganyar"
"2973KRART","M6","070","600000","10","X","KRA","Karanganyar"
"2973KRART","MFB","078","2600000","24","X","KRA","Karanganyar"
"2973SKHRT","60","180","500000","24","X","SKH","Sukoharjo"
"2973SKHRT","M3","174","500000","10","X","SKH","Sukoharjo"
"2973SKHRT","MFB","078","700000","24","X","SKH","Sukoharjo"
"2974BYLRT","60","193","3200000","10","X","BYL","Boyolali"
"2974KRART","60","","500000","10","X","KRA","Karanganyar"
"2975KRART","63","jf05","1984700","10","X","KRA","Karanganyar"
"2975KRART","ET","","550000","24","X","KRA","Karanganyar"
"2975KRART","M6","070","700000","24","X","KRA","Karanganyar"
"2975KRART","MFB","078","500000","24","X","KRA","Karanganyar"
"2976KRART","60","180","500000","24","X","KRA","Karanganyar"
"2976KRART","63","jF05","500000","10","X","KRA","Karanganyar"
"2977BYLRT","63","jF16","700000","24","X","BYL","Boyolali"
"2977BYLRT","ET","","1.25","24","X","BYL","Boyolali"
"2977BYLRT","ET","","1.25","24","X","BYL","Boyolali"
"2977BYLRT","M6","","1.25","10","X","BYL","Boyolali"
"2977BYLRT","M6","","1.25","10","X","BYL","Boyolali"
"2977SRGRT","MFB","502","300000","10","","SRG","Sragen"
"2978BYLRT","63","jf09","500000","24","X","BYL","Boyolali"
"2978SLURT","63","jF03","1805600","24","X","SLU","Solo Utara"
"2978SRGRT","60","185","500000","24","X","SRG","Sragen"
"2979SRGRT","ET","017","49000000","24","X","SRG","Sragen"
"2980KRART","60","","500000","10","X","KRA","Karanganyar"
"2980KRART","63","JF16","500000","24","X","KRA","Karanganyar"
"2980SKHRT","60","","100000","0","X","SKH","Sukoharjo"
"2981KRART","60","","1.25","10","X","KRA","Karanganyar"
"2981KRART","63","JF03","1.25","10","X","KRA","Karanganyar"
"2981KRART","ET","","1.25","24","X","KRA","Karanganyar"
"2981KRART","M3","","1.25","10","X","KRA","Karanganyar"
"2981KRART","M6","","1.25","10","X","KRA","Karanganyar"
"2981KRART","MFB","","1.25","10","X","KRA","Karanganyar"
"2981SRGRT","63","jF08","500000","10","X","SRG","Sragen"
"2982SRGRT","60","181","3150000","24","X","SRG","Sragen"
"2982SRGRT","M3","189","1050000","10","X","SRG","Sragen"
"2984BYLRT","60","178","5600000","24","X","BYL","Boyolali"
"2984BYLRT","63","jF12","2108100","10","X","BYL","Boyolali"
"2984BYLRT","M6","7003","1100000","10","X","BYL","Boyolali"
"2984BYLRT","MFB","175","700000","24","X","BYL","Boyolali"
"2985BYLRT","60","199","500000","10","X","BYL","Boyolali"
"2985BYLRT","63","jf09","2710774","10","X","BYL","Boyolali"
"2985BYLRT","M3","","500000","24","X","BYL","Boyolali"
"2985BYLRT","M6","7003","500000","10","X","BYL","Boyolali"
"2985BYLRT","MFB","","1.25","10","X","BYL","Boyolali"
"2985BYLRT","MFB","0365","700000","10","X","BYL","Boyolali"
"2985KRART","60","180","1200000","10","X","KRA","Karanganyar"
"2985KRART","63","jf02","3007667","10","X","KRA","Karanganyar"
"2985KRART","M3","174","1000000","10","X","KRA","Karanganyar"
"2985KRART","M6","7003","1500000","10","X","KRA","Karanganyar"
"2985KRART","MFB","0380","500000","10","X","KRA","Karanganyar"
"2985KRART","MFB","078","7700000","10","X","KRA","Karanganyar"
"2986BYLRT","63","JF09","500000","10","X","BYL","Boyolali"
"2986KRART","60","188","500000","25","X","KRA","Karanganyar"
"2986KRART","ET","","500000","25","X","KRA","Karanganyar"
"2986KTSRT","60","193","10000000","10","X","KTS","Kartosuro"
"2986KTSRT","63","JF18","2700000","24","X","KTS","Kartosuro"
"2986SLURT","63","jf02","5000000","24","X","SLU","Solo Utara"
"2986SLURT","M6","070","5000000","24","X","SLU","Solo Utara"
"2986SRGRT","63","","500000","10","X","SRG","Sragen"
"2986SRGRT","MFB","502","300000","10","X","SRG","Sragen"
"2987SKHRT","60","185","500000","24","X","SKH","Sukoharjo"
"2988BYLRT","60","179","1450000","24","X","BYL","Boyolali"
"2988BYLRT","MFB","0233","700000","24","X","BYL","Boyolali"
"2988BYLRT","MFB","175","1400000","24","X","BYL","Boyolali"
"2988GMLRT","60","188","500000","10","X","GML","Gemolong"
"2988GMLRT","ET","342","700000","24","X","GML","Gemolong"
"2988GMLRT","M3","035","3000000","24","X","GML","Gemolong"
"2988GMLRT","M6","102","1300000","24","X","GML","Gemolong"
"2988GMLRT","MFB","069","2300000","10","X","GML","Gemolong"
"2988GMLRT","MFB","E001","500000","10","x","GML","Gemolong"
"2988KRART","60","180","1000000","24","X","KRA","Karanganyar"
"2988KTSRT","60","199","500000","10","X","KTS","Kartosuro"
"2988KTSRT","63","jf07","6000000","24","X","KTS","Kartosuro"
"2988KTSRT","ET","340","700000","24","X","KTS","Kartosuro"
"2988KTSRT","M6","7003","1600000","10","X","KTS","Kartosuro"
"2988KTSRT","MFB","0364","500000","25","X","KTS","Kartosuro"
"2988KTSRT","MFB","175","850000","24","X","KTS","Kartosuro"
"2988SLSRT","60","179","4500000","24","X","SLS","Solo Selatan"
"2988SRGRT","ET","","500000","25","X","SRG","Sragen"
"2988SRGRT","M3","067","1100000","24","X","SRG","Sragen"
"2989KRART","63","jF09","800000","24","X","KRA","Karanganyar"
"2989SLSRT","MFB","0364","500000","10","X","SLS","Solo Selatan"
"2989SRGRT","60","181","3500000","24","X","SRG","Sragen"
"2989SRGRT","63","jF17","1500000","24","X","SRG","Sragen"
"2989SRGRT","M3","067","900000","24","X","SRG","Sragen"
"2990SLSRT","63","JF12","543709","10","X","SLS","Solo Selatan"
"2990SLSRT","ET","340","600000","24","X","SLS","Solo Selatan"
"2990SLSRT","M6","070","500000","10","X","SLS","Solo Selatan"
"2990SLSRT","MFB","0233","500000","25","X","SLS","Solo Selatan"
"2993BYLRT","ET","343","500000","10","X","BYL","Boyolali"
"2993BYLRT","M6","7003","800000","25","X","BYL","Boyolali"
"2993SLURT","60","193","18500000","10","X","SLU","Solo Utara"
"2993SLURT","M3","067","19000000","10","X","SLU","Solo Utara"
"2994BYLRT","60","","100000","10","X","BYL","Boyolali"
"2994BYLRT","63","JF12","1000000","24","X","BYL","Boyolali"
"2994BYLRT","MFB","0233","500000","10","X","BYL","Boyolali"
"2994SLSRT","60","180","600000","25","X","SLS","Solo Selatan"
"2994SRGRT","60","","1000000","10","X","SRG","Sragen"
"2994SRGRT","63","JF14","2600000","24","X","SRG","Sragen"
"2994SRGRT","MFB","0181","300000","10","X","SRG","Sragen"
"2995BYLRT","60","179","1900000","10","X","BYL","Boyolali"
"2996SKHRT","ET","","500000","25","X","SKH","Sukoharjo"
"2996SRGRT","ET","341","1250000","24","X","SRG","Sragen"
"2997SRGRT","63","","500000","10","X","SRG","Sragen"
"2997SRGRT","ET","341","500000","25","X","SRG","Sragen"
"2998BYLRT","63","jF07","1000000","24","X","BYL","Boyolali"
"2998SKHRT","M3","0146","1000000","10","","SKH","Sukoharjo"
"2998SKHRT","M3","0146N","40000","24","","SKH","Sukoharjo"
"2998SRGRT","60","178","650000","24","X","SRG","Sragen"
"2998SRGRT","63","jF17","1600000","10","X","SRG","Sragen"
"2998SRGRT","ET","342","500000","24","X","SRG","Sragen"
"3000KRART","M3","","300000","10","X","KRA","Karanganyar"
"3000KRART","M3","","40000","24","X","KRA","Karanganyar"
"3001SKHRT","60","212","1750000","10","","SKH","Sukoharjo"
"3003SLURT","60","213","1750000","10","","SLU","Solo Utara"
"3003SRGRT","63","jF10","1462308","24","X","SRG","Sragen"
"3003SRGRT","M3","067","800000","24","X","SRG","Sragen"
"3003SRGRT","M6","086","900000","10","X","SRG","Sragen"
"3003SRGRT","MFB","0112","650000","24","X","SRG","Sragen"
"3005SRGRT","60","180","1550000","24","X","SRG","Sragen"
"3005SRGRT","63","jF02","600000","24","X","SRG","Sragen"
"3005SRGRT","M3","174","2500000","10","X","SRG","Sragen"
"3005SRGRT","M6","086","1100000","24","X","SRG","Sragen"
"3005SRGRT","MFB","078","500000","24","X","SRG","Sragen"
"3006SLURT","63","jF11","500000","10","X","SLU","Solo Utara"
"3008SLSRT","MFB","0364","500000","10","","SLS","Solo Selatan"
"3009SRGRT","M3","","10000000","10","X","SRG","Sragen"
"3009SRGRT","M3","N","40000","24","X","SRG","Sragen"
"3011BYLRT","60","179","1200000","24","X","BYL","Boyolali"
"3011KTSRT","ET","341","3000000","25","X","KTS","Kartosuro"
"3011SRGRT","60","181","2000000","10","X","SRG","Sragen"
"3011SRGRT","63","jf17","1000000","24","X","SRG","Sragen"
"3011SRGRT","M3","190","2450000","24","X","SRG","Sragen"
"3011SRGRT","MFB","1100","500000","24","X","SRG","Sragen"
"3012BYLRT","63","jF13","500000","10","","BYL","Boyolali"
"3012SRGRT","63","JF10","2500000","24","X","SRG","Sragen"
"3013SRGRT","63","JF10","500000","10","X","SRG","Sragen"
"3015srgrt","63","","500000","10","X","SRG","Sragen"
"3017BYLRT","60","","100000","10","X","BYL","Boyolali"
"3017KRART","63","jF12","2215950","24","X","KRA","Karanganyar"
"3017KRART","MFB","0112","1000000","10","X","KRA","Karanganyar"
"3019KRART","63","jF15","500000","24","X","KRA","Karanganyar"
"3019SRGRT","60","181","1950000","24","X","SRG","Sragen"
"3019SRGRT","MFB","0112","3550000","24","X","SRG","Sragen"
"3019SRGRT","MFB","1100","500000","24","X","SRG","Sragen"
"3020KRART","63","jF12","2970090","10","X","KRA","Karanganyar"
"3021KRAAP","63","JF08","1400000","10","X","KRA","Karanganyar"
"3021KRAAP","ET","","500000","25","X","KRA","Karanganyar"
"3021KRAAP","M3","189","1100000","10","X","KRA","Karanganyar"
"3021KRAAP","M6","086","750000","24","X","KRA","Karanganyar"
"3021KRAAP","MFB","0112","3200000","10","X","KRA","Karanganyar"
"3021KRAAP","MFB","0181","500000","10","X","KRA","Karanganyar"
"3021KRAAP","MFB","1100","500000","10","X","KRA","Karanganyar"
"3021KRART","63","jF09","2800000","24","X","KRA","Karanganyar"
"3021SLSRT","63","","810000","10","X","SLS","Solo Selatan"
"3022BYLRT","60","","1000000","10","X","BYL","Boyolali"
"3022KRART","60","","500000","24","X","KRA","Karanganyar"
"3022KRART","63","jf03","2352067","24","X","KRA","Karanganyar"
"3022KRART","M3","174","700000","24","X","KRA","Karanganyar"
"3022KRART","M6","7003","1900000","24","X","KRA","Karanganyar"
"3022KRART","MFB","078","2500000","24","X","KRA","Karanganyar"
"3022KTSRT","63","","1500000","10","X","KTS","Kartosuro"
"3023SKHRT","60","","500000","10","X","SKH","Sukoharjo"
"3023SKHRT","63","","600000","10","X","SKH","Sukoharjo"
"3023SKHRT","ET","341","900000","24","X","SKH","Sukoharjo"
"3023SRGRT","63","","500000","10","X","SRG","Sragen"
"3025BYLRT","63","jF09","1300000","24","X","BYL","Boyolali"
"3025SLSRT","63","jf02","1200000","24","X","SLS","Solo Selatan"
"3025SRGRT","60","","1000000","10","X","SRG","Sragen"
"3025SRGRT","63","jF14","600000","10","X","SRG","Sragen"
"3025SRGRT","M3","","900000","10","X","SRG","Sragen"
"3025SRGRT","MFB","0181","500000","10","X","SRG","Sragen"
"3026SKHRT","60","180","1500000","24","X","SKH","Sukoharjo"
"3027SRGRT","M3","","5200000","10","X","SRG","Sragen"
"3027SRGRT","MFB","0112","3950000","25","X","SRG","Sragen"
"3029KRART","60","181","1500000","24","X","KRA","Karanganyar"
"3029KRART","63","jF12","1964850","10","X","KRA","Karanganyar"
"3029KRART","M3","189","3450000","10","X","KRA","Karanganyar"
"3029KRART","M6","086","750000","10","X","KRA","Karanganyar"
"3029KRART","MFB","0112","5200000","10","X","KRA","Karanganyar"
"3029KRART","MFB","1100","500000","10","X","KRA","Karanganyar"
"3030KTSRT","63","JF15","500000","24","X","KTS","Kartosuro"
"3030SRGRT","63","jF17","700000","10","X","SRG","Sragen"
"3031KTSRT","63","jF11","1076577","10","X","KTS","Kartosuro"
"3031SLURT","63","jF03","1000000","10","X","SLU","Solo Utara"
"3032SKHRT","63","","1600000","10","X","SKH","Sukoharjo"
"3032SLSRT","63","JF17","800000","24","X","SLS","Solo Selatan"
"3033SLSRT","63","jF13","500000","10","X","SLS","Solo Selatan"
"3033SLURT","63","","19000000","10","X","SLU","Solo Utara"
"3034SLURT","63","jf07","500000","24","X","SLU","Solo Utara"
"3035KRART","63","","500000","10","X","KRA","Karanganyar"
"3036BYLRT","63","jF09","2588825","24","X","BYL","Boyolali"
"3036BYLRT","M6","7003","500000","25","X","BYL","Boyolali"
"3036BYLRT","MFB","0233","500000","25","X","BYL","Boyolali"
"3036BYLRT","MFB","175","500000","24","X","BYL","Boyolali"
"3036KTSRT","63","jF11","6707042","24","X","KTS","Kartosuro"
"3036KTSRT","ET","340","1800000","24","X","KTS","Kartosuro"
"3036KTSRT","M3","189","1600000","10","X","KTS","Kartosuro"
"3036KTSRT","M6","070","1600000","24","X","KTS","Kartosuro"
"3036KTSRT","MFB","175","1950000","25","X","KTS","Kartosuro"
"3036SRGRT","60","181","1900000","24","X","SRG","Sragen"
"3036SRGRT","M3","189","2400000","10","X","SRG","Sragen"
"3037BYLRT","63","jF12","302525","24","X","BYL","Boyolali"
"3038BYLRT","63","jF09","1300000","24","X","BYL","Boyolali"
"3039BYLRT","63","jF01","400000","10","X","BYL","Boyolali"
"3039SRGRT","63","jF17","500000","24","X","SRG","Sragen"
"3041KRART","60","0","500000","10","X","KRA","Karanganyar"
"3041SLSRT","63","jF02","1000000","10","X","SLS","Solo Selatan"
"3041SLSRT","MFB","0233","500000","10","X","SLS","Solo Selatan"
"3042SLSRT","63","","500000","10","X","SLS","Solo Selatan"
"3044SLSRT","ET","343","500000","24","x","SLS","Solo Selatan"
"3044SLSRT","M6","7003","500000","10","X","SLS","Solo Selatan"
"3044SLSRT","MFB","0233","500000","25","X","SLS","Solo Selatan"
"3044SRGRT","63","jf14","500000","24","X","SRG","Sragen"
"3049KRART","63","jF03","800000","10","X","KRA","Karanganyar"
"3049KRART","M6","070","500000","24","X","KRA","Karanganyar"
"3051KRART","60","178","500000","10","x","KRA","Karanganyar"
"3051KRART","63","jf16","850000","24","X","KRA","Karanganyar"
"3051KRART","M6","070","900000","24","X","KRA","Karanganyar"
"3051KRART","MFB","175","500000","24","X","KRA","Karanganyar"
"3055BYLRT","60","178","500000","24","X","BYL","Boyolali"
"3055SLSRT","60","180","500000","24","X","SLS","Solo Selatan"
"3056BYLRT","60","178","500000","24","X","BYL","Boyolali"
"3056krart","60","178","500000","24","","KRA","Karanganyar"
"3056krart","M3","502","300000","10","X","KRA","Karanganyar"
"3056krart","M3","502N","40000","24","X","KRA","Karanganyar"
"3060BYLRT","63","JF11","3783650","10","X","BYL","Boyolali"
"3060BYLRT","M6","7003","800000","24","X","BYL","Boyolali"
"3060BYLRT","MFB","175","5800000","10","X","BYL","Boyolali"
"3060SRGRT","60","181","1500000","10","X","SRG","Sragen"
"3060SRGRT","63","jf17","11000000","10","X","SRG","Sragen"
"3060SRGRT","ET","341","500000","25","X","SRG","Sragen"
"3060SRGRT","M3","067","3300000","24","X","SRG","Sragen"
"3060SRGRT","M6","070","2800000","24","X","SRG","Sragen"
"3060SRGRT","MFB","0112","4100000","10","X","SRG","Sragen"
"3060SRGRT","MFB","1100","500000","10","X","SRG","Sragen"
"3060SRGRT","MFB","189","300000","25","X","SRG","Sragen"
"3064BYLRT","63","jF16","700000","10","X","BYL","Boyolali"
"3064BYLRT","M6","7003","500000","24","X","BYL","Boyolali"
"3064SLURT","MFB","0233","2000000","10","X","SLU","Solo Utara"
"3067BYLRT","60","178","500000","24","X","BYL","Boyolali"
"3067BYLRT","63","jF16","1000000","10","X","BYL","Boyolali"
"3067BYLRT","M3","190","500000","24","X","BYL","Boyolali"
"3067BYLRT","M6","7003","500000","24","X","BYL","Boyolali"
"3067BYLRT","MFB","175","1050000","10","X","BYL","Boyolali"
"3069KRART","63","jf15","300000","10","X","KRA","Karanganyar"
"3069SLSRT","ET","343","500000","25","X","SLS","Solo Selatan"
"3070BYLRT","63","","500000","10","X","BYL","Boyolali"
"3073BYLRT","60","179","3050000","25","X","BYL","Boyolali"
"3073BYLRT","MFB","175","4250000","24","X","BYL","Boyolali"
"3073KRART","63","JF14","6998875","10","X","KRA","Karanganyar"
"3073KRART","M3","067","9200000","24","X","KRA","Karanganyar"
"3073KRART","M6","070","1500000","24","X","KRA","Karanganyar"
"3073KRART","MFB","0112","3200000","10","X","KRA","Karanganyar"
"3073KRART","MFB","1100","500000","10","X","KRA","Karanganyar"
"3073KRART","MFB","189","800000","25","X","KRA","Karanganyar"
"3074BYLRT","63","","1000000","10","X","BYL","Boyolali"
"3074SRGRT","60","","500000","10","X","SRG","Sragen"
"3075bylrt","63","","500000","10","X","BYL","Boyolali"
"3076BYLRT","60","178","500000","10","x","BYL","Boyolali"
"3076BYLRT","63","JF11","1000000","10","X","BYL","Boyolali"
"3076SLUSM","ET","340","10000000","21","X","SLU","Solo Utara"
"3076SLUSM","M3","184","5000000","21","X","SLU","Solo Utara"
"3076SLUSM","M6","093","12000000","21","X","SLU","Solo Utara"
"3076SLUSM","MFB","0365","15500000","21","X","SLU","Solo Utara"
"3077KRART","63","jF02","2068858","10","X","KRA","Karanganyar"
"3077KRART","ET","","500000","25","X","KRA","Karanganyar"
"3077KRART","M3","174","2000000","10","X","KRA","Karanganyar"
"3077KRART","M6","086","600000","10","X","KRA","Karanganyar"
"3077KRART","MFB","078","1050000","10","X","KRA","Karanganyar"
"3077KRART","MFB","1109","500000","10","X","KRA","Karanganyar"
"3077SLSRT","63","jF07","1500000","10","X","SLS","Solo Selatan"
"3078BYLRT","63","JF11","500000","24","X","BYL","Boyolali"
"3078SRGRT","ET","341","850000","24","X","SRG","Sragen"
"3079SLSRT","63","jf16","500000","24","X","SLS","Solo Selatan"
"3079SLSRT","M3","190","500000","10","X","SLS","Solo Selatan"
"3080SRGRT","60","185","8100000","24","X","SRG","Sragen"
"3080SRGRT","MFB","0112","7800000","24","X","SRG","Sragen"
"3081KRART","60","","500000","24","X","KRA","Karanganyar"
"3081KRART","M3","174","600000","10","X","KRA","Karanganyar"
"3081SKHRT","ET","341","550000","25","X","SKH","Sukoharjo"
"3082SLSRT","63","JF12","2179820","10","X","SLS","Solo Selatan"
"3082SLSRT","ET","342","850000","24","X","SLS","Solo Selatan"
"3082SLSRT","M3","035","500000","24","X","SLS","Solo Selatan"
"3082SLSRT","M6","070","3100000","10","X","SLS","Solo Selatan"
"3082SLSRT","MFB","078","900000","25","X","SLS","Solo Selatan"
"3083KRART","63","jF07","4823258","10","X","KRA","Karanganyar"
"3083KRART","M3","174","2950000","10","X","KRA","Karanganyar"
"3083KRART","M6","7003","1500000","24","X","KRA","Karanganyar"
"3083KRART","MFB","078","800000","10","X","KRA","Karanganyar"
"3083srgrt","60","181","15650000","10","X","SRG","Sragen"
"3083srgrt","M3","067","25000000","10","X","SRG","Sragen"
"3083srgrt","M6","070","600000","24","X","SRG","Sragen"
"3083srgrt","MFB","0112","3900000","10","X","SRG","Sragen"
"3083srgrt","MFB","1100","500000","10","X","SRG","Sragen"
"3083srgrt","MFB","502","300000","10","X","SRG","Sragen"
"3084BYLRT","63","jF07","1000000","24","X","BYL","Boyolali"
"3084SLSRT","60","094","4000000","10","X","SLS","Solo Selatan"
"3086SLURT","60","198","3700000","5","X","SLU","Solo Utara"
"3087SRGRT","60","181","900000","25","X","SRG","Sragen"
"3087SRGRT","63","jf08","1000000","24","X","SRG","Sragen"
"3087SRGRT","M3","067","700000","10","X","SRG","Sragen"
"3088SRGRT","60","181","800000","24","X","SRG","Sragen"
"3088SRGRT","63","jF17","500000","24","X","SRG","Sragen"
"3088SRGRT","M3","","300000","24","X","SRG","Sragen"
"3089SLSRT","60","178","1200000","24","X","SLS","Solo Selatan"
"3089SLSRT","MFB","1109","9250000","24","X","SLS","Solo Selatan"
"3089SLURT","63","jF07","500000","24","X","SLU","Solo Utara"
"3089SRGRT","63","jF17","700000","24","X","SRG","Sragen"
"3091SRGRT","63","jF17","1700000","24","X","SRG","Sragen"
"3092KRART","60","180","550000","25","X","KRA","Karanganyar"
"3092KRART","63","jF02","1435983","10","X","KRA","Karanganyar"
"3092KRART","M3","174","7200000","10","X","KRA","Karanganyar"
"3092KRART","M6","7003","600000","10","X","KRA","Karanganyar"
"3092KRART","MFB","078","650000","25","X","KRA","Karanganyar"
"3093SRGRT","M3","0146","1800000","10","X","SRG","Sragen"
"3093SRGRT","M3","0146N","40000","24","X","SRG","Sragen"
"3094BYLRT","M3","0146","500000","10","X","BYL","Boyolali"
"3094BYLRT","M3","0146N","40000","24","X","BYL","Boyolali"
"3094KRART","60","","1.25","10","X","KRA","Karanganyar"
"3094SRGRT","63","jf17","500000","10","X","SRG","Sragen"
"3096BYLRT","63","jf05","600000","24","X","BYL","Boyolali"
"3096BYLRT","M3","0146","500000","10","X","BYL","Boyolali"
"3096BYLRT","M3","0146N","40000","24","X","BYL","Boyolali"
"3097BYLRT","63","jF01","500000","24","X","BYL","Boyolali"
"3097KRART","63","jf07","500000","24","X","KRA","Karanganyar"
"3097SKHRT","60","180","2800000","24","X","SKH","Sukoharjo"
"3097SKHRT","63","JF09","500000","24","X","SKH","Sukoharjo"
"3097SLSRT","MFB","0360","3500000","10","X","SLS","Solo Selatan"
"3097SLSRT","MFB","0370","4600000","10","X","SLS","Solo Selatan"
"3097SRGRT","60","178","500000","24","X","SRG","Sragen"
"3097SRGRT","63","jf05","500000","24","X","SRG","Sragen"
"3098KRART","60","178","550000","10","X","KRA","Karanganyar"
"3098KRART","63","JF16","1200000","24","X","KRA","Karanganyar"
"3098KRART","M6","070","1000000","24","X","KRA","Karanganyar"
"3098KRART","MFB","175","700000","24","X","KRA","Karanganyar"
"3098SRGRT","M3","190","7200000","24","X","SRG","Sragen"
"3098SRGRT","M6","086","700000","24","X","SRG","Sragen"
"3098SRGRT","MFB","0112","6850000","10","X","SRG","Sragen"
"3098SRGRT","MFB","1100","500000","10","X","SRG","Sragen"
"3099SLSRT","ET","341","500000","25","X","SLS","Solo Selatan"
"3099SRGRT","M3","0146","2000000","10","X","SRG","Sragen"
"3099SRGRT","M3","0146N","40000","24","X","SRG","Sragen"
"3100SKHRT","63","","16200000","24","X","SKH","Sukoharjo"
"3100SRGRT","63","","1000000","10","X","SRG","Sragen"
"3101BYLRT","63","","1058100","10","X","BYL","Boyolali"
"3101KRART","63","JF16","1700000","10","X","KRA","Karanganyar"
"3101SKHRT","63","","1000000","10","X","SKH","Sukoharjo"
"3101SLURT","ET","343","1100000","25","X","SLU","Solo Utara"
"3101SRGRT","63","jF17","2129042","24","X","SRG","Sragen"
"3102BYLRT","63","jF13","300000","10","X","BYL","Boyolali"
"3102SLURT","63","JF01","1245877","24","X","SLU","Solo Utara"
"3102SRGRT","60","185","500000","10","X","SRG","Sragen"
"3102SRGRT","63","JF10","1370658","24","X","SRG","Sragen"
"3103BYLRT","63","JF11","398892","24","X","BYL","Boyolali"
"3103SRGRT","63","jF10","783375","24","X","SRG","Sragen"
"3104KRART","MFB","078","500000","25","X","KRA","Karanganyar"
"3104SKHRT","63","jF02","500000","24","X","SKH","Sukoharjo"
"3104SRGRT","63","jF10","725975","24","X","SRG","Sragen"
"3106SLURT","MFB","0001","230000000","10","X","SLU","Solo Utara"
"3107SRGRT","60","181","2500000","24","X","SRG","Sragen"
"3107SRGRT","63","jF10","1354235","10","X","SRG","Sragen"
"3107SRGRT","M3","067","5000000","24","X","SRG","Sragen"
"3107SRGRT","M6","086","700000","24","X","SRG","Sragen"
"3107SRGRT","MFB","0112","900000","24","X","SRG","Sragen"
"3107SRGRT","MFB","1100","500000","24","X","SRG","Sragen"
"3108BYLRT","60","178","1600000","10","X","BYL","Boyolali"
"3109BYLRT","60","185","1500000","24","X","BYL","Boyolali"
"3109SKHRT","63","","500000","10","X","SKH","Sukoharjo"
"3109SRGRT","M3","0146","3000000","10","X","SRG","Sragen"
"3109SRGRT","M3","0146N","40000","24","X","SRG","Sragen"
"3110BYLRT","63","JF04","500000","10","","BYL","Boyolali"
"3112KRART","ET","","500000","25","X","KRA","Karanganyar"
"3112SRGRT","M3","","300000","10","X","SRG","Sragen"
"3112SRGRT","M3","","40000","24","X","SRG","Sragen"
"3114KRART","60","179","10000000","24","X","KRA","Karanganyar"
"3117SRGRT","M3","190","700000","24","X","SRG","Sragen"
"3118SRGRT","60","178","700000","10","X","SRG","Sragen"
"3118SRGRT","63","JF10","2100000","24","X","SRG","Sragen"
"3118SRGRT","M3","067","2200000","10","X","SRG","Sragen"
"3118SRGRT","MFB","0112","8200000","10","X","SRG","Sragen"
"3118SRGRT","MFB","1100","500000","10","X","SRG","Sragen"
"3119BYLRT","60","179","1650000","24","X","BYL","Boyolali"
"3119BYLRT","63","jF15","1500000","10","X","BYL","Boyolali"
"3119BYLRT","M3","190","1450000","25","X","BYL","Boyolali"
"3119BYLRT","M6","7003","1100000","10","X","BYL","Boyolali"
"3119BYLRT","MFB","175","1100000","24","X","BYL","Boyolali"
"3119KRART","63","jf15","500000","10","X","KRA","Karanganyar"
"3120BYLRT","63","JF11","500000","10","X","BYL","Boyolali"
"3120SLURT","60","178","500000","24","X","SLU","Solo Utara"
"3120SLURT","63","jf11","2224510","24","X","SLU","Solo Utara"
"3122BYLRT","M3","","300000","10","X","BYL","Boyolali"
"3122KRART","60","180","900000","24","X","KRA","Karanganyar"
"3122KRART","63","JF02","1550000","10","X","KRA","Karanganyar"
"3122KRART","ET","341","1200000","25","X","KRA","Karanganyar"
"3122KRART","M3","174","6000000","24","X","KRA","Karanganyar"
"3122KRART","M6","7003","2200000","24","X","KRA","Karanganyar"
"3122KRART","MFB","078","4200000","10","X","KRA","Karanganyar"
"3122SRGRT","60","","5500000","10","X","SRG","Sragen"
"3123SLSRT","63","","1700000","10","X","SLS","Solo Selatan"
"3124KRART","60","180","2700000","24","X","KRA","Karanganyar"
"3124SLURT","63","","6478493","24","X","SLU","Solo Utara"
"3124SRGRT","60","185","500000","24","X","SRG","Sragen"
"3124SRGRT","63","JF07","500000","10","X","SRG","Sragen"
"3128SRGRT","63","JF10","728999","24","X","SRG","Sragen"
"3129BYLRT","63","JF15","500000","10","X","BYL","Boyolali"
"3131SLURT","60","0001","100000","10","X","SLU","Solo Utara"
"3131SLURT","M3","0001","100000","10","X","SLU","Solo Utara"
"3131SLURT","M3","0001N","40000","24","X","SLU","Solo Utara"
"3131SLURT","MFB","0001","500000","10","X","SLU","Solo Utara"
"3132SLSRT","60","179","800000","24","X","SLS","Solo Selatan"
"3133KRART","60","180","700000","24","X","KRA","Karanganyar"
"3133KRART","M3","174","1900000","10","X","KRA","Karanganyar"
"3133KRART","MFB","078","700000","24","X","KRA","Karanganyar"
"3133KRART","MFB","1109","500000","24","X","KRA","Karanganyar"
"3136KRART","60","185","800000","24","X","KRA","Karanganyar"
"3136SRGRT","60","181","7100000","24","X","SRG","Sragen"
"3136SRGRT","63","JF10","26500000","10","X","SRG","Sragen"
"3136SRGRT","M3","067","14650000","10","X","SRG","Sragen"
"3136SRGRT","M6","093","12000000","10","X","SRG","Sragen"
"3136SRGRT","MFB","0112","10400000","10","X","SRG","Sragen"
"3136SRGRT","MFB","1100","2500000","10","X","SRG","Sragen"
"3138SLSRT","60","179","850000","24","X","SLS","Solo Selatan"
"3138SLSRT","63","","779650","10","X","SLS","Solo Selatan"
"3138SLSRT","M3","190","800000","10","X","SLS","Solo Selatan"
"3145BYLRT","MFB","0233","900000","10","X","BYL","Boyolali"
"3146KRART","63","jf03","867758","24","X","KRA","Karanganyar"
"3147BYLRT","60","179","1200000","24","X","BYL","Boyolali"
"3147BYLRT","63","","500000","10","X","BYL","Boyolali"
"3147SKHRT","60","178","1200000","24","X","SKH","Sukoharjo"
"3147SLURT","60","0001","1200000","10","X","SLU","Solo Utara"
"3148BYLRT","60","178","500000","24","X","BYL","Boyolali"
"3148KRART","60","178","2500000","1","X","KRA","Karanganyar"
"3148KRART","63","JF09","4300000","24","X","KRA","Karanganyar"
"3148KRART","M3","184","1500000","1","X","KRA","Karanganyar"
"3148KRART","M6","070","800000","1","X","KRA","Karanganyar"
"3151SRGRT","63","JF10","1000000","24","X","SRG","Sragen"
"3152SLSRM","M3","0001","500000","10","X","SLS","Solo Selatan"
"3156BYLRT","60","0","500000","10","X","BYL","Boyolali"
"3156BYLRT","ET","","500000","25","X","BYL","Boyolali"
"3158SRGRT","63","jF08","700000","10","X","SRG","Sragen"
"3161KRART","60","180","500000","10","x","KRA","Karanganyar"
"3161SLURT","63","JF16","4369482","10","X","SLU","Solo Utara"
"3164KRART","60","180","1400000","10","X","KRA","Karanganyar"
"3164KRART","63","jf07","8254400","10","X","KRA","Karanganyar"
"3164KRART","M3","174","2000000","10","X","KRA","Karanganyar"
"3164KRART","M6","7003","1500000","10","X","KRA","Karanganyar"
"3164KRART","MFB","078","5000000","10","X","KRA","Karanganyar"
"3164KRART","MFB","1109","500000","10","X","KRA","Karanganyar"
"3164SLURT","60","0001","500000","10","X","SLU","Solo Utara"
"3164SLURT","63","0001","100000","24","X","SLU","Solo Utara"
"3164SLURT","ET","0001","100000","10","X","SLU","Solo Utara"
"3164SLURT","M3","0001","500000","24","X","SLU","Solo Utara"
"3164SLURT","M6","0001","500000","24","X","SLU","Solo Utara"
"3164SLURT","MFB","0001","500000","24","X","SLU","Solo Utara"
"3164SRGRT","M3","0146","400000","10","X","SRG","Sragen"
"3164SRGRT","M3","0146N","40000","24","X","SRG","Sragen"
"3165BYLRT","63","jF07","4804901","24","X","BYL","Boyolali"
"3165BYLRT","ET","343","500000","24","X","BYL","Boyolali"
"3165BYLRT","M6","7003","1500000","10","X","BYL","Boyolali"
"3165BYLRT","MFB","0233","500000","25","X","BYL","Boyolali"
"3165BYLRT","MFB","175","10000000","10","X","BYL","Boyolali"
"3165KTSRT","ET","","500000","25","X","KTS","Kartosuro"
"3165KTSRT","M3","0146","650000","10","","KTS","Kartosuro"
"3165KTSRT","M3","0146N","40000","24","","KTS","Kartosuro"
"3165SRGRT","60","0","500000","10","X","SRG","Sragen"
"3165SRGRT","63","jF08","500000","10","X","SRG","Sragen"
"3165SRGRT","MFB","0181","500000","10","X","SRG","Sragen"
"3167KRART","60","","1.25","24","X","KRA","Karanganyar"
"3167KRART","63","","1.25","10","X","KRA","Karanganyar"
"3167KRART","M3","","1.25","10","X","KRA","Karanganyar"
"3167KRART","M6","","1.25","10","X","KRA","Karanganyar"
"3167KRART","MFB","","1.25","10","X","KRA","Karanganyar"
"3167KRART","MFB","","1.25","10","X","KRA","Karanganyar"
"3167SRGRT","60","","1100000","10","X","SRG","Sragen"
"3167SRGRT","M3","190","500000","24","X","SRG","Sragen"
"3167SRGRT","MFB","0112","750000","24","X","SRG","Sragen"
"3169SRGRT","63","jF16","2100000","10","X","SRG","Sragen"
"3171BYLRT","M3","","500000","10","X","BYL","Boyolali"
"3171SRGRT","63","jF03","500000","10","X","SRG","Sragen"
"3171SRGRT","M6","070","700000","24","X","SRG","Sragen"
"3173SLURT","60","0001","700000","10","X","SLU","Solo Utara"
"3173SLURT","63","0001","300000","10","X","SLU","Solo Utara"
"3173SLURT","ET","0001","500000","10","X","SLU","Solo Utara"
"3173SLURT","M3","0001","100000","10","X","SLU","Solo Utara"
"3173SLURT","M6","0001","300000","10","X","SLU","Solo Utara"
"3173SLURT","MFB","0001","300000","10","X","SLU","Solo Utara"
"3173SRGRT","63","jF10","4682170","10","X","SRG","Sragen"
"3174GMLRT","63","jf10","800000","10","X","GML","Gemolong"
"3174GMLRT","MFB","0112","500000","25","X","GML","Gemolong"
"3174SLSRT","M3","190","500000","24","X","SLS","Solo Selatan"
"3176SRGRT","63","jF08","500000","24","X","SRG","Sragen"
"3177BYLRT","63","","500000","10","X","BYL","Boyolali"
"3177SLSRT","60","178","700000","24","X","SLS","Solo Selatan"
"3177SLSRT","63","jf16","1038301","24","X","SLS","Solo Selatan"
"3177SRGRT","63","jF14","500000","24","X","SRG","Sragen"
"3180BYLRT","60","178","500000","24","X","BYL","Boyolali"
"3180BYLRT","63","JF11","1206992","24","X","BYL","Boyolali"
"3180BYLRT","ET","343","500000","25","X","BYL","Boyolali"
"3180BYLRT","M3","190","800000","10","X","BYL","Boyolali"
"3180BYLRT","M6","7003","500000","10","X","BYL","Boyolali"
"3180BYLRT","MFB","175","600000","25","X","BYL","Boyolali"
"3181SLSRT","63","jf07","2096242","10","X","SLS","Solo Selatan"
"3184SRGRT","M3","067","900000","24","X","SRG","Sragen"
"3187KRART","M3","189","1050000","10","X","KRA","Karanganyar"
"3188KRART","M3","0146","600000","10","X","KRA","Karanganyar"
"3188KRART","M3","0146N","40000","24","X","KRA","Karanganyar"
"3188SRGRT","63","jF08","500000","24","X","SRG","Sragen"
"3188SRGRT","M3","067","500000","10","X","SRG","Sragen"
"3188SRGRT","M6","086","500000","24","X","SRG","Sragen"
"3190KRART","60","","500000","10","X","KRA","Karanganyar"
"3190SLSRT","M3","0001","500000","10","X","SLS","Solo Selatan"
"3190SLSRT","M3","0001N","40000","24","X","SLS","Solo Selatan"
"3196KRART","60","178","500000","24","X","KRA","Karanganyar"
"3196KRART","63","jF09","600000","24","X","KRA","Karanganyar"
"3197BYLRT","63","jf15","1000000","24","X","BYL","Boyolali"
"3197SLSRT","60","178","2550000","24","X","SLS","Solo Selatan"
"3197SLURT","63","JF12","4210384","24","X","SLU","Solo Utara"
"3198BYLRT","63","jF11","500000","24","X","BYL","Boyolali"
"3199SLURT","M3","","300000","10","X","SLU","Solo Utara"
"3200BYLRT","M6","","500000","10","X","BYL","Boyolali"
"3200SLSRT","63","","500000","10","X","SLS","Solo Selatan"
"3200SLURT","ET","343","800000","24","X","SLU","Solo Utara"
"3200SRGRT","63","","900000","10","X","SRG","Sragen"
"3201BYLRT","63","","351518","10","X","BYL","Boyolali"
"3201GMLRT","60","","500000","10","X","GML","Gemolong"
"3201KRART","63","","500000","10","X","KRA","Karanganyar"
"3201SLURT","63","","1000000","10","X","SLU","Solo Utara"
"3202BYLRT","60","179","900000","24","X","BYL","Boyolali"
"3202BYLRT","63","jF15","500000","24","X","BYL","Boyolali"
"3204SKHRT","63","jf01","500000","10","X","SKH","Sukoharjo"
"3204SRGRT","M3","","500000","10","X","SRG","Sragen"
"3205SKHRT","63","jF01","500000","24","X","SKH","Sukoharjo"
"3205SLSRT","60","185","1300000","24","X","SLS","Solo Selatan"
"3205SLSRT","M3","0146","300000","10","X","SLS","Solo Selatan"
"3205SLSRT","M3","0146N","40000","24","X","SLS","Solo Selatan"
"3205SLSRT","M3","502","300000","10","X","SLS","Solo Selatan"
"3205SLSRT","M3","502N","40000","24","X","SLS","Solo Selatan"
"3206KRART","60","","1100000","24","X","KRA","Karanganyar"
"3206SKHRT","63","jF01","500000","24","X","SKH","Sukoharjo"
"3206SRGRT","63","jF10","500000","24","X","SRG","Sragen"
"3207srgrt","60","181","1200000","24","X","SRG","Sragen"
"3207srgrt","63","","500000","10","X","SRG","Sragen"
"3208SKHRT","63","jf01","1600000","24","X","SKH","Sukoharjo"
"3208SRGRT","60","188","500000","10","X","SRG","Sragen"
"3208SRGRT","ET","","500000","25","X","SRG","Sragen"
"3209SKHRT","63","jF01","1150000","24","X","SKH","Sukoharjo"
"3210SKHRT","63","jf01","1500000","24","X","SKH","Sukoharjo"
"3210SLSRT","63","jF16","500000","24","X","SLS","Solo Selatan"
"3211SKHRT","63","jF01","500000","24","x","SKH","Sukoharjo"
"3212SRGRT","60","","600000","10","X","SRG","Sragen"
"3213SLURT","MFB","","250000","10","X","SLU","Solo Utara"
"3214SKHRT","63","jF05","6100000","24","X","SKH","Sukoharjo"
"3215BYLRT","ET","340","500000","24","X","BYL","Boyolali"
"3215BYLRT","MFB","0359","500000","10","X","BYL","Boyolali"
"3215BYLRT","MFB","0365","500000","10","X","BYL","Boyolali"
"3215BYLRT","MFB","E001","500000","10","X","BYL","Boyolali"
"3216BYLRT","63","jF03","2040042","10","X","BYL","Boyolali"
"3216BYLRT","ET","343","500000","24","X","BYL","Boyolali"
"3216BYLRT","M6","7003","800000","10","X","BYL","Boyolali"
"3216BYLRT","MFB","175","2000000","10","X","BYL","Boyolali"
"3220KRART","60","","700000","25","X","KRA","Karanganyar"
"3220KRART","63","","2070077","10","X","KRA","Karanganyar"
"3220KRART","M3","","500000","10","X","KRA","Karanganyar"
"3221SLURT","63","jf07","1100000","10","X","SLU","Solo Utara"
"3221SRGRT","60","185","500000","10","X","SRG","Sragen"
"3221SRGRT","63","jF17","900000","24","X","SRG","Sragen"
"3222BYLRT","63","jF09","500000","10","X","BYL","Boyolali"
"3222KRART","60","179","12700000","24","X","KRA","Karanganyar"
"3222KRART","63","","500000","10","X","KRA","Karanganyar"
"3222SLURT","60","0001","200000","10","X","SLU","Solo Utara"
"3222SLURT","63","0001","300000","24","X","SLU","Solo Utara"
"3222SLURT","ET","0001","500000","10","X","SLU","Solo Utara"
"3222SLURT","M3","0001","500000","10","X","SLU","Solo Utara"
"3222SLURT","M6","0001","150000","24","X","SLU","Solo Utara"
"3222SLURT","MFB","0001","300000","10","X","SLU","Solo Utara"
"3223SLSRT","63","jF23","55000000","7","X","SLS","Solo Selatan"
"3223SRGRT","63","jF08","500000","10","X","SRG","Sragen"
"3224BYLRT","60","178","500000","1","x","BYL","Boyolali"
"3224KRART","60","185","1700000","24","X","KRA","Karanganyar"
"3225SLSRT","63","jF23","15000000","1","X","SLS","Solo Selatan"
"3226SRGRT","63","jF10","1000000","10","X","SRG","Sragen"
"3227bylrt","63","","402563","10","X","BYL","Boyolali"
"3227SLSRT","MFB","078","950000","25","X","SLS","Solo Selatan"
"3228SLSRT","MFB","2332","500000","25","X","SLS","Solo Selatan"
"3229BYLRT","63","JF12","1549409","10","X","BYL","Boyolali"
"3229KRART","63","jF15","1562175","10","X","KRA","Karanganyar"
"3229KRART","M6","070","800000","24","X","KRA","Karanganyar"
"3233BYLRT","63","jf05","7500000","10","X","BYL","Boyolali"
"3233BYLRT","ET","343","500000","24","X","BYL","Boyolali"
"3233BYLRT","M6","7003","1400000","24","X","BYL","Boyolali"
"3233BYLRT","MFB","175","1300000","10","X","BYL","Boyolali"
"3233SLSRT","ET","","1800000","24","X","SLS","Solo Selatan"
"3233SRGRT","M3","0146","14500000","14","X","SRG","Sragen"
"3233SRGRT","M3","0146N","40000","24","X","SRG","Sragen"
"3235SLSRT","63","0001","500000","10","X","SLS","Solo Selatan"
"3235SLSRT","M3","0001","1200000","24","X","SLS","Solo Selatan"
"3235SLSRT","MFB","0001","1000000","10","X","SLS","Solo Selatan"
"3239KRART","63","","500000","10","X","KRA","Karanganyar"
"3247BYLRT","60","179","700000","24","X","BYL","Boyolali"
"3247BYLRT","63","jF15","3250000","24","X","BYL","Boyolali"
"3247BYLRT","M6","7003","500000","10","X","BYL","Boyolali"
"3247SRGRT","63","jF10","1682477","24","X","SRG","Sragen"
"3249SRGRT","63","jf01","500000","24","X","SRG","Sragen"
"3249SRGRT","M3","","500000","10","X","SRG","Sragen"
"3250SRGRT","63","jF08","5841700","24","X","SRG","Sragen"
"3251BYLRT","60","178","9000000","24","X","BYL","Boyolali"
"3251BYLRT","63","jf03","2800000","10","X","BYL","Boyolali"
"3251BYLRT","M6","7003","500000","24","X","BYL","Boyolali"
"3251BYLRT","MFB","175","1500000","24","X","BYL","Boyolali"
"3251SLSRT","63","JF16","7000000","24","X","SLS","Solo Selatan"
"3252BYLRT","ET","","500000","25","X","BYL","Boyolali"
"3252SRGRT","60","","500000","10","X","SRG","Sragen"
"3254KTSRT","63","","250000","10","X","KTS","Kartosuro"
"3254SLURT","63","jF01","4227311","10","X","SLU","Solo Utara"
"3255KTSRT","60","185","5650000","24","X","KTS","Kartosuro"
"3256BYLRT","M3","","500000","10","X","BYL","Boyolali"
"3256KRART","M3","","500000","10","X","KRA","Karanganyar"
"3256SKHRT","M3","0146","250000","10","","SKH","Sukoharjo"
"3256SKHRT","M3","0146N","40000","24","","SKH","Sukoharjo"
"3256SKHRT","M3","502","300000","10","X","SKH","Sukoharjo"
"3256SKHRT","M3","502N","40000","24","X","SKH","Sukoharjo"
"3256SRGRT","63","","500000","10","X","SRG","Sragen"
"3257BYLRT","63","jF03","3100000","10","X","BYL","Boyolali"
"3257SRGRT","60","185","500000","24","X","SRG","Sragen"
"3257SRGRT","63","jF17","700000","24","X","SRG","Sragen"
"3257SRGRT","MFB","0112","500000","24","X","SRG","Sragen"
"3257SRGRT","MFB","1100","500000","10","X","SRG","Sragen"
"3258BYLRT","63","","500000","10","X","BYL","Boyolali"
"3258GMLRT","60","","800000","10","X","GML","Gemolong"
"3258GMLRT","M3","189","500000","10","X","GML","Gemolong"
"3258KRART","ET","","300000","25","X","KRA","Karanganyar"
"3258SLSRT","60","178","2200000","24","X","SLS","Solo Selatan"
"3258SLURT","63","jF11","781175","24","X","SLU","Solo Utara"
"3258SRGRT","63","jF17","1800000","24","X","SRG","Sragen"
"3260SRGRT","63","jF08","500000","24","X","SRG","Sragen"
"3261BYLRT","ET","","500000","25","X","BYL","Boyolali"
"3261SKHRT","60","185","1100000","25","X","SKH","Sukoharjo"
"3261SKHRT","M3","190","800000","10","X","SKH","Sukoharjo"
"3261SKHRT","MFB","0233","500000","25","X","SKH","Sukoharjo"
"3261SKHRT","MFB","175","500000","24","X","SKH","Sukoharjo"
"3261SLSRT","63","","8000000","10","X","SLS","Solo Selatan"
"3262BYLRT","63","jf15","900000","24","X","BYL","Boyolali"
"3262SRGRT","M3","189","4500000","24","X","SRG","Sragen"
"3264SRGRT","63","JF17","500000","24","X","SRG","Sragen"
"3265BYLRT","63","jF09","500000","24","X","BYL","Boyolali"
"3265SKHRT","60","185","1100000","10","X","SKH","Sukoharjo"
"3265SRGRT","60","181","600000","25","X","SRG","Sragen"
"3265SRGRT","63","jF10","3507225","10","X","SRG","Sragen"
"3265SRGRT","ET","341","500000","25","X","SRG","Sragen"
"3265SRGRT","M3","067","1300000","24","X","SRG","Sragen"
"3265SRGRT","M6","086","2600000","24","X","SRG","Sragen"
"3265SRGRT","MFB","0112","2750000","25","X","SRG","Sragen"
"3266SLSRT","60","179","500000","25","X","SLS","Solo Selatan"
"3267KRART","60","180","500000","24","X","KRA","Karanganyar"
"3267KRART","63","jf07","2099292","10","X","KRA","Karanganyar"
"3267KRART","M3","174","1000000","10","X","KRA","Karanganyar"
"3267KRART","M6","7003","500000","10","X","KRA","Karanganyar"
"3267SLURT","60","178","500000","24","X","SLU","Solo Utara"
"3267SLURT","63","jF05","831661","24","X","SLU","Solo Utara"
"3267SRGRT","ET","","500000","25","X","SRG","Sragen"
"3268BYLRT","63","","600000","10","X","BYL","Boyolali"
"3268SRGRT","63","JF10","8700000","24","X","SRG","Sragen"
"3269SKHRT","63","","800000","10","X","SKH","Sukoharjo"
"3270KRART","M3","0146","800000","10","X","KRA","Karanganyar"
"3270KRART","M3","0146N","40000","24","X","KRA","Karanganyar"
"3280SRGRT","60","181","2700000","10","X","SRG","Sragen"
"3280SRGRT","63","jF08","2000000","10","X","SRG","Sragen"
"3280SRGRT","M3","067","2000000","24","X","SRG","Sragen"
"3280SRGRT","M6","","500000","10","X","SRG","Sragen"
"3280SRGRT","MFB","0112","1300000","24","X","SRG","Sragen"
"3281SRGRT","60","181","2500000","10","X","SRG","Sragen"
"3281SRGRT","M3","067","1900000","10","X","SRG","Sragen"
"3285BYLRT","M3","0146","250000","10","X","BYL","Boyolali"
"3285BYLRT","M3","0146N","40000","24","X","BYL","Boyolali"
"3285SKHRT","63","","1000000","10","X","SKH","Sukoharjo"
"3285SRGKO","60","185","1000000","24","X","SRG","Sragen"
"3285SRGKO","63","jF10","1400000","24","X","SRG","Sragen"
"3285SRGKO","ET","342","500000","25","X","SRG","Sragen"
"3285SRGKO","M3","189","2600000","10","X","SRG","Sragen"
"3285SRGKO","M6","086","1000000","10","X","SRG","Sragen"
"3285SRGKO","MFB","0112","1400000","24","X","SRG","Sragen"
"3285SRGRT","60","193","9500000","10","X","SRG","Sragen"
"3285SRGRT","M3","067","4650000","24","X","SRG","Sragen"
"3286SLSRT","M3","","6500000","10","X","SLS","Solo Selatan"
"3287KTSRT","63","jF12","500000","10","X","KTS","Kartosuro"
"3287SLSRT","M3","0001","1900000","1","X","SLS","Solo Selatan"
"3288GMLRT","M3","0146","1800000","10","X","GML","Gemolong"
"3288GMLRT","M3","0146N","40000","24","X","GML","Gemolong"
"3288KRASM","60","193","470000000","30","X","KRA","Karanganyar"
"3288KRASM","ET","017","31000000","30","X","KRA","Karanganyar"
"3288KRASM","M3","035","850000000","30","X","KRA","Karanganyar"
"3288KRASM","M6","093","170000000","30","X","KRA","Karanganyar"
"3288KRASM","MFB","0366","600000000","30","X","KRA","Karanganyar"
"3288KRASM","MFB","069","700000000","30","X","KRA","Karanganyar"
"3289BYLSM","60","193","30000000","30","X","BYL","Boyolali"
"3289BYLSM","M3","184","1600000","30","X","BYL","Boyolali"
"3289KRART","63","jF15","575192","10","X","KRA","Karanganyar"
"3290BYLRT","63","jf01","500000","24","X","BYL","Boyolali"
"3290KRART","63","JF02","600000","24","X","KRA","Karanganyar"
"3290SRGRT","60","","1600000","24","X","SRG","Sragen"
"3290SRGRT","63","jF17","3491852","24","X","SRG","Sragen"
"3290SRGRT","ET","341","500000","24","X","SRG","Sragen"
"3290SRGRT","M3","189","2850000","10","X","SRG","Sragen"
"3290SRGRT","M6","070","500000","24","X","SRG","Sragen"
"3290SRGRT","MFB","0112","7300000","24","X","SRG","Sragen"
"3291BYLRT","63","jF09","1600000","10","X","BYL","Boyolali"
"3292BYLRT","63","jF09","1100000","24","X","BYL","Boyolali"
"3293SKHRT","63","jf02","500000","10","X","SKH","Sukoharjo"
"3294BYLRT","63","JF11","300000","24","X","BYL","Boyolali"
"3294SKHRT","63","jf03","500000","24","X","SKH","Sukoharjo"
"3294SLSRT","MFB","0364","500000","10","X","SLS","Solo Selatan"
"3296SLSRT","60","178","500000","24","X","SLS","Solo Selatan"
"3298BYLRT","ET","","800000","25","X","BYL","Boyolali"
"3299BYLRT","60","181","300000","10","X","BYL","Boyolali"
"3299BYLRT","63","jf01","981833","24","X","BYL","Boyolali"
"3299BYLRT","M3","","1800000","10","X","BYL","Boyolali"
"3299KTSRT","60","179","900000","10","X","KTS","Kartosuro"
"3299KTSRT","MFB","175","500000","24","X","KTS","Kartosuro"
"3299SLSRT","M3","190","4450000","24","X","SLS","Solo Selatan"
"3299SLURT","63","jF16","500000","10","X","SLU","Solo Utara"
"3300SKHRT","ET","","500000","24","X","SKH","Sukoharjo"
"3300SRGRT","ET","341","600000","24","X","SRG","Sragen"
"3301BYLRT","63","","1000000","10","X","BYL","Boyolali"
"3301SRGRT","ET","","500000","10","X","SRG","Sragen"
"3302BYLRT","63","jF15","528683","24","X","BYL","Boyolali"
"3302KRART","63","JF12","1000000","24","X","KRA","Karanganyar"
"3302SKHRT","63","","500000","10","X","SKH","Sukoharjo"
"3303BYLRT","60","178","700000","24","X","BYL","Boyolali"
"3303BYLRT","63","jF16","558983","24","X","BYL","Boyolali"
"3303SKHRT","63","jF15","1000000","24","X","SKH","Sukoharjo"
"3303SRGRT","63","jF17","500000","24","X","SRG","Sragen"
"3304SKHRT","63","","1000000","10","X","SKH","Sukoharjo"
"3305KTSRT","63","jF07","553153","24","X","KTS","Kartosuro"
"3306BYLRT","63","jF12","1000000","24","X","BYL","Boyolali"
"3306KRART","63","JF09","1100000","10","X","KRA","Karanganyar"
"3306KTSRT","63","","2400000","10","X","KTS","Kartosuro"
"3307BYLRT","60","178","1350000","10","X","BYL","Boyolali"
"3307BYLRT","63","jF12","6045600","10","X","BYL","Boyolali"
"3307BYLRT","M6","7003","1100000","10","X","BYL","Boyolali"
"3307BYLRT","MFB","175","1350000","10","X","BYL","Boyolali"
"3307KRART","M3","189","800000","24","X","KRA","Karanganyar"
"3308BYLRT","63","","900000","10","X","BYL","Boyolali"
"3308KRART","ET","341","1000000","25","X","KRA","Karanganyar"
"3309BYLRT","63","jf01","600000","24","X","BYL","Boyolali"
"3309SKHRT","63","jf16","1000000","24","X","SKH","Sukoharjo"
"3309SRGRT","MFB","0112","600000","10","X","SRG","Sragen"
"3309SRGRT","MFB","1100","500000","10","x","SRG","Sragen"
"3310BYLRT","60","178","500000","24","X","BYL","Boyolali"
"3310BYLRT","63","jF16","900000","24","X","BYL","Boyolali"
"3312BYLRT","63","jF16","2200000","10","X","BYL","Boyolali"
"3314SLSRT","60","","500000","24","X","SLS","Solo Selatan"
"3320BYLRT","63","jf09","500000","10","X","BYL","Boyolali"
"3320SLURT","63","jF02","1000000","24","X","SLU","Solo Utara"
"3321BYLRT","63","jf05","1200000","24","X","BYL","Boyolali"
"3321KRART","63","jF01","500000","24","X","KRA","Karanganyar"
"3321SRGRT","63","","500000","10","X","SRG","Sragen"
"3321SRGRT","MFB","502","550000","10","X","SRG","Sragen"
"3322BYLRT","63","jf09","500000","10","X","BYL","Boyolali"
"3322KRART","ET","341","500000","24","X","KRA","Karanganyar"
"3322KRART","M3","174","500000","24","X","KRA","Karanganyar"
"3322KRART","MFB","","1000000","10","X","KRA","Karanganyar"
"3323BYLRT","60","179","500000","10","X","BYL","Boyolali"
"3323BYLRT","63","jf09","1000000","24","X","BYL","Boyolali"
"3324BYLRT","63","jF15","635283","10","X","BYL","Boyolali"
"3324BYLRT","MFB","175","500000","10","X","BYL","Boyolali"
"3324KRART","63","jF07","500000","24","X","KRA","Karanganyar"
"3325BYLRT","63","jf01","1700000","10","X","BYL","Boyolali"
"3325SKHRT","63","jf01","1924158","10","X","SKH","Sukoharjo"
"3326BYLRT","63","jF12","1000000","10","X","BYL","Boyolali"
"3326SLSRT","63","","2431400","24","X","SLS","Solo Selatan"
"3327SRGRT","63","","500000","10","X","SRG","Sragen"
"3328SKHRT","63","jF13","500000","10","X","SKH","Sukoharjo"
"3329BYLRT","63","jF15","1089004","24","X","BYL","Boyolali"
"3330KRART","63","JF14","1500000","10","X","KRA","Karanganyar"
"3330SLSRT","63","jF11","1000000","24","X","SLS","Solo Selatan"
"3330SRGRT","63","","500000","10","X","SRG","Sragen"
"3331SKHRT","63","","500000","10","X","SKH","Sukoharjo"
"3332SKHRT","63","jf01","1300000","24","X","SKH","Sukoharjo"
"3332SLSRT","ET","342","700000","24","X","SLS","Solo Selatan"
"3333BYLRT","63","jf11","400000","10","X","BYL","Boyolali"
"3333BYLRT","ET","343","500000","24","X","BYL","Boyolali"
"3333BYLRT","M6","7003","500000","10","X","BYL","Boyolali"
"3333BYLRT","MFB","175","500000","10","X","BYL","Boyolali"
"3333SLSRT","M3","190","2000000","24","X","SLS","Solo Selatan"
"3334BYLRT","63","jf11","500000","24","X","BYL","Boyolali"
"3335BYLRT","ET","343","850000","24","X","BYL","Boyolali"
"3335SRGRT","63","","500000","10","X","SRG","Sragen"
"3336KTSRT","63","jF11","1000000","10","X","KTS","Kartosuro"
"3336SKHRT","63","jf01","500000","10","x","SKH","Sukoharjo"
"3337KTSRT","63","","1000000","10","X","KTS","Kartosuro"
"3337SKHRT","63","jf16","500000","24","x","SKH","Sukoharjo"
"3338KTSRT","63","jf05","100000","10","x","KTS","Kartosuro"
"3339SLURT","63","0","500000","10","X","SLU","Solo Utara"
"3340BYLRT","63","jF16","4200000","10","X","BYL","Boyolali"
"3340BYLRT","M6","7003","900000","24","X","BYL","Boyolali"
"3340SRGRT","63","jF08","650000","24","X","SRG","Sragen"
"3341BYLRT","60","179","1400000","24","X","BYL","Boyolali"
"3341BYLRT","63","jf15","600000","10","X","BYL","Boyolali"
"3341SRGRT","63","","500000","10","X","SRG","Sragen"
"3344SLSRT","63","0001","100000","10","X","SLS","Solo Selatan"
"3344SLSRT","M3","0001","500000","24","X","SLS","Solo Selatan"
"3347SKHRT","60","180","500000","24","X","SKH","Sukoharjo"
"3347SKHRT","63","jF15","800000","24","X","SKH","Sukoharjo"
"3347SKHRT","M3","","500000","10","X","SKH","Sukoharjo"
"3347SKHRT","M6","7003","500000","10","X","SKH","Sukoharjo"
"3347SKHRT","MFB","078","500000","24","X","SKH","Sukoharjo"
"3348KRART","63","","500000","10","X","KRA","Karanganyar"
"3348SRGRT","63","","797219","10","X","SRG","Sragen"
"3349KRART","63","","100000","10","X","KRA","Karanganyar"
"3350BYLRT","63","","900000","10","X","BYL","Boyolali"
"3350KRART","63","jF02","1902950","10","X","KRA","Karanganyar"
"3350SRGRT","63","JF10","500000","24","X","SRG","Sragen"
"3351BYLRT","63","jF03","600000","10","X","BYL","Boyolali"
"3352BYLRT","63","JF12","500000","24","X","BYL","Boyolali"
"3352SRGRT","63","JF08","1500000","24","X","SRG","Sragen"
"3352SRGRT","M3","","800000","24","X","SRG","Sragen"
"3352SRGRT","M6","070","500000","24","X","SRG","Sragen"
"3352SRGRT","MFB","0112","800000","25","X","SRG","Sragen"
"3353KRART","ET","","500000","25","X","KRA","Karanganyar"
"3353KRART","MFB","078","500000","25","X","KRA","Karanganyar"
"3354SKHRT","63","jf16","1200000","10","X","SKH","Sukoharjo"
"3354SLSRT","63","jF01","500000","10","X","SLS","Solo Selatan"
"3355SLSRT","60","0001","500000","10","X","SLS","Solo Selatan"
"3355SLSRT","63","0001","500000","24","X","SLS","Solo Selatan"
"3355SLSRT","ET","0001","500000","24","X","SLS","Solo Selatan"
"3355SLSRT","MFB","0001","500000","10","X","SLS","Solo Selatan"
"3356KRART","60","181","800000","10","X","KRA","Karanganyar"
"3356SKHRT","63","","500000","10","X","SKH","Sukoharjo"
"3356SKHRT","M6","","1400000","25","X","SKH","Sukoharjo"
"3356SRGRT","63","","1077550","10","X","SRG","Sragen"
"3357KRART","63","","1500000","10","X","KRA","Karanganyar"
"3358KRART","63","","500000","10","X","KRA","Karanganyar"
"3358SLSRT","63","JF07","500000","24","X","SLS","Solo Selatan"
"3358SRGRT","63","jF08","500000","24","X","SRG","Sragen"
"3359SKHRT","63","jf15","1036333","24","X","SKH","Sukoharjo"
"3359SRGRT","63","JF14","700000","10","X","SRG","Sragen"
"3360SRGRT","63","","500000","10","X","SRG","Sragen"
"3360SRGSW","M3","067","3000000","10","X","SRG","Sragen"
"3362KRART","63","JF12","2000000","24","X","KRA","Karanganyar"
"3362SKHRT","60","178","1000000","10","X","SKH","Sukoharjo"
"3362SKHRT","M3","190","850000","10","X","SKH","Sukoharjo"
"3362SLURT","M3","190","500000","24","X","SLU","Solo Utara"
"3363KRART","63","","500000","10","X","KRA","Karanganyar"
"3363sluRT","63","","2700000","10","X","SLU","Solo Utara"
"3363SRGRT","60","185","600000","24","X","SRG","Sragen"
"3363SRGRT","63","JF14","750000","24","X","SRG","Sragen"
"3364BYLRT","63","","500000","10","X","BYL","Boyolali"
"3364SLSRT","MFB","0181","6500000","10","X","SLS","Solo Selatan"
"3364SRGRT","63","jf14","12300000","24","X","SRG","Sragen"
"3365SLSRT","63","jf07","500000","24","X","SLS","Solo Selatan"
"3365SRGRT","60","181","4700000","24","X","SRG","Sragen"
"3366KRAMM","63","","12500000","24","X","KRA","Karanganyar"
"3366KRAMM","MFB","","1350000","24","X","KRA","Karanganyar"
"3368BYLRT","63","JF05","500000","24","X","BYL","Boyolali"
"3368SRGRT","63","jF10","700000","24","X","SRG","Sragen"
"3369BYLRT","63","jF16","1929387","24","X","BYL","Boyolali"
"3369SKHRT","63","jf11","500000","10","X","SKH","Sukoharjo"
"3370SRGRT","63","jf17","1000000","24","X","SRG","Sragen"
"3370SRGRT","ET","","500000","24","X","SRG","Sragen"
"3371SRGRT","63","JF14","1500000","24","X","SRG","Sragen"
"3371SRGRT","ET","341","500000","24","X","SRG","Sragen"
"3371SRGRT","MFB","1100","500000","10","x","SRG","Sragen"
"3375SRGRT","M3","","500000","10","X","SRG","Sragen"
"3377SRGRT","63","jf14","10800000","10","X","SRG","Sragen"
"3377SRGRT","ET","342","5000000","25","X","SRG","Sragen"
"3377SRGRT","M3","035","31000000","24","X","SRG","Sragen"
"3377SRGRT","M6","093","5000000","14","X","SRG","Sragen"
"3377SRGRT","MFB","0370","5000000","24","X","SRG","Sragen"
"3377SRGRT","MFB","069","7000000","24","X","SRG","Sragen"
"3377SRGRT","MFB","E001","500000","24","X","SRG","Sragen"
"3379SLURT","ET","343","600000","25","X","SLU","Solo Utara"
"3380BYLRT","63","JF15","500000","24","X","BYL","Boyolali"
"3380KRART","ET","341","1600000","25","X","KRA","Karanganyar"
"3381BYLRT","63","jF07","1000000","24","X","BYL","Boyolali"
"3381KRART","63","JF12","1792325","10","X","KRA","Karanganyar"
"3381KRART","M6","","800000","10","X","KRA","Karanganyar"
"3385BYLRT","60","181","1500000","24","X","BYL","Boyolali"
"3385SRGRT","63","jf14","1000000","10","X","SRG","Sragen"
"3387KRART","63","jf15","1000000","24","X","KRA","Karanganyar"
"3389KRART","60","180","1650000","10","X","KRA","Karanganyar"
"3389KRART","63","jF11","6000000","10","X","KRA","Karanganyar"
"3389KRART","ET","341","500000","24","X","KRA","Karanganyar"
"3389KRART","M3","174","1400000","10","X","KRA","Karanganyar"
"3389KRART","M6","7003","1800000","24","X","KRA","Karanganyar"
"3389KRART","MFB","078","8200000","10","X","KRA","Karanganyar"
"3390BYLRT","63","JF15","500000","10","X","BYL","Boyolali"
"3390SKHRT","63","jf15","1000000","10","X","SKH","Sukoharjo"
"3393SRGRT","60","178","950000","25","X","SRG","Sragen"
"3397BYLRT","63","JF11","650000","24","X","BYL","Boyolali"
"3398KRART","63","","1616786","10","X","KRA","Karanganyar"
"3400KRART","63","jf03","1000000","24","X","KRA","Karanganyar"
"3400KRART","MFB","078","500000","24","X","KRA","Karanganyar"
"3401SKHRT","63","jf03","500000","10","X","SKH","Sukoharjo"
"3403BYLRT","63","jf09","500000","24","X","BYL","Boyolali"
"3404BYLRT","63","jF01","500000","24","X","BYL","Boyolali"
"3404KRART","63","jf16","500000","24","X","KRA","Karanganyar"
"3405BYLRT","63","","500000","10","X","BYL","Boyolali"
"3405SRGRT","63","jF14","500000","10","X","SRG","Sragen"
"3408KRART","60","181","500000","24","X","KRA","Karanganyar"
"3408SRGRT","MFB","502","300000","10","X","SRG","Sragen"
"3409SLURT","M3","0146","500000","10","","SLU","Solo Utara"
"3409SLURT","M3","0146N","40000","24","","SLU","Solo Utara"
"3411BYLRT","M6","","500000","10","X","BYL","Boyolali"
"3411SLSRT","ET","","500000","25","X","SLS","Solo Selatan"
"3412KRART","63","","500000","10","X","KRA","Karanganyar"
"3412KRART","M3","189","4000000","10","X","KRA","Karanganyar"
"3412KRART","M6","7003","500000","10","X","KRA","Karanganyar"
"3412SLSRT","ET","","3500000","25","X","SLS","Solo Selatan"
"3415KRART","60","178","700000","10","X","KRA","Karanganyar"
"3415KRART","63","jF11","4865017","10","X","KRA","Karanganyar"
"3415KRART","M3","174","1800000","10","X","KRA","Karanganyar"
"3415KRART","M6","070","550000","24","X","KRA","Karanganyar"
"3415KRART","MFB","078","500000","24","X","KRA","Karanganyar"
"3415SKHRT","63","JF15","500000","10","x","SKH","Sukoharjo"
"3415SLURT","M3","","500000","10","X","SLU","Solo Utara"
"3416SRGRT","63","jf14","500000","24","X","SRG","Sragen"
"3417BYLRT","M3","","500000","10","X","BYL","Boyolali"
"3417KKRART","63","JF15","3750722","10","X","KRA","Karanganyar"
"3418BYLRT","M3","0146","800000","10","","BYL","Boyolali"
"3418BYLRT","M3","0146N","40000","24","","BYL","Boyolali"
"3418SRGRT","60","185","650000","24","X","SRG","Sragen"
"3418SRGRT","63","jF10","700000","10","X","SRG","Sragen"
"3418SRGRT","ET","341","500000","24","X","SRG","Sragen"
"3418SRGRT","M3","190","700000","10","X","SRG","Sragen"
"3418SRGRT","M6","086","500000","24","X","SRG","Sragen"
"3418SRGRT","MFB","1100","500000","24","X","SRG","Sragen"
"3419SKHRT","60","178","3100000","24","X","SKH","Sukoharjo"
"3419SKHRT","M3","174","1500000","10","X","SKH","Sukoharjo"
"3419SRGRT","M3","0146","2000000","10","X","SRG","Sragen"
"3419SRGRT","M3","0146N","40000","24","X","SRG","Sragen"
"3422SRGRT","60","181","1000000","24","X","SRG","Sragen"
"3423KRART","60","","500000","10","X","KRA","Karanganyar"
"3423KRART","63","jf03","1100000","10","X","KRA","Karanganyar"
"3423KRART","M3","174","500000","10","X","KRA","Karanganyar"
"3423KRART","M6","7003","500000","24","X","KRA","Karanganyar"
"3423KRART","MFB","078","1000000","24","X","KRA","Karanganyar"
"3425BYLRT","63","","500000","10","X","BYL","Boyolali"
"3425SLSRT","63","JF09","1.25","10","X","SLS","Solo Selatan"
"3425SRGRT","60","180","3050000","10","X","SRG","Sragen"
"3425SRGRT","M3","174","1450000","10","X","SRG","Sragen"
"3425SRGRT","MFB","078","1100000","10","X","SRG","Sragen"
"3426BYLRT","63","jF09","500000","24","X","BYL","Boyolali"
"3430SLSRT","ET","340","6000000","10","X","SLS","Solo Selatan"
"3431KRART","ET","340","2400000","24","X","KRA","Karanganyar"
"3432KRART","63","jF15","1000000","10","X","KRA","Karanganyar"
"3433SKHRT","60","180","4000000","10","X","SKH","Sukoharjo"
"3433SKHRT","MFB","078","3100000","10","X","SKH","Sukoharjo"
"3437KRART","60","181","1350000","10","X","KRA","Karanganyar"
"3437KRART","63","JF14","3863417","10","X","KRA","Karanganyar"
"3437KRART","M3","189","2300000","10","X","KRA","Karanganyar"
"3437KRART","M6","086","1000000","24","X","KRA","Karanganyar"
"3437KRART","MFB","0112","1200000","24","X","KRA","Karanganyar"
"3437KRART","MFB","0181","200000","24","X","KRA","Karanganyar"
"3437SRGRT","60","181","950000","25","X","SRG","Sragen"
"3437SRGRT","63","jf17","2935438","10","X","SRG","Sragen"
"3437SRGRT","ET","","500000","10","X","SRG","Sragen"
"3437SRGRT","M3","067","2300000","24","X","SRG","Sragen"
"3437SRGRT","M6","086","1500000","24","X","SRG","Sragen"
"3437SRGRT","MFB","0112","10000000","24","X","SRG","Sragen"
"3438SRGRT","63","JF14","800000","24","X","SRG","Sragen"
"3438SRGRT","M3","190","500000","10","X","SRG","Sragen"
"3439KRART","60","180","200000","24","X","KRA","Karanganyar"
"3439KRART","63","JF16","500000","24","X","KRA","Karanganyar"
"3439KRART","M3","174","500000","10","X","KRA","Karanganyar"
"3439KRART","M6","070","800000","24","X","KRA","Karanganyar"
"3439KRART","MFB","078","800000","24","X","KRA","Karanganyar"
"3439KRART","MFB","1109","500000","24","X","KRA","Karanganyar"
"3443srgrt","63","JF14","500000","24","X","SRG","Sragen"
"3443srgrt","M3","067","1400000","24","X","SRG","Sragen"
"3443srgrt","M6","070","1500000","10","X","SRG","Sragen"
"3444KRART","60","180","550000","24","X","KRA","Karanganyar"
"3444SLSRT","63","jF02","1200000","10","X","SLU","Solo Utara"
"3444SLSRT","M3","190","500000","10","X","SLU","Solo Utara"
"3445KRART","63","jf03","600000","24","X","KRA","Karanganyar"
"3445KRART","M3","189","500000","10","X","KRA","Karanganyar"
"3445KRART","MFB","175","500000","24","X","KRA","Karanganyar"
"3447BYLRT","M3","0146","900000","10","X","BYL","Boyolali"
"3447BYLRT","M3","0146N","40000","24","X","BYL","Boyolali"
"3449KRART","60","180","500000","10","x","KRA","Karanganyar"
"3449KRART","63","jf02","500000","24","X","KRA","Karanganyar"
"3449KRART","M3","174","500000","10","X","KRA","Karanganyar"
"3450BYLRT","63","jF09","500000","10","X","BYL","Boyolali"
"3450KRART","63","jf07","700000","24","X","KRA","Karanganyar"
"3451BYLRT","63","jF05","1000000","24","X","BYL","Boyolali"
"3451KRART","63","JF15","800000","24","X","KRA","Karanganyar"
"3451KRART","M6","070","2500000","24","X","KRA","Karanganyar"
"3451SKHRT","63","jF01","500000","10","X","SKH","Sukoharjo"
"3451SKHRT","ET","","300000","25","X","SKH","Sukoharjo"
"3454SRGRT","60","","1.25","25","X","SRG","Sragen"
"3455SRGRT","60","178","1000000","25","X","SRG","Sragen"
"3455SRGRT","MFB","0112","850000","24","X","SRG","Sragen"
"3455SRGRT","MFB","1100","500000","24","X","SRG","Sragen"
"3456BYLRT","60","178","950000","24","X","BYL","Boyolali"
"3456SLSRT","63","jF02","3000000","10","X","SLS","Solo Selatan"
"3456SLSRT","M3","190","500000","10","X","SLS","Solo Selatan"
"3456SLSRT","M6","070","1100000","10","X","SLS","Solo Selatan"
"3456SLSRT","MFB","","650000","10","X","SLS","Solo Selatan"
"3456SRGRT","63","jf10","1500000","24","X","SRG","Sragen"
"3457KRART","63","jf02","800000","24","X","KRA","Karanganyar"
"3457KRART","M6","","500000","10","X","KRA","Karanganyar"
"3457SLSRT","63","jF02","500000","10","X","SLS","Solo Selatan"
"3460KRART","63","","500000","10","X","KRA","Karanganyar"
"3461bylrt","60","199","500000","10","X","BYL","Boyolali"
"3461KRART","63","","500000","10","X","KRA","Karanganyar"
"3461KTSRT","63","jF11","500000","24","X","KTS","Kartosuro"
"3461KTSRT","M3","190","2000000","10","X","KTS","Kartosuro"
"3461KTSRT","M6","7003","500000","10","X","KTS","Kartosuro"
"3462SRGRT","63","jf17","1500000","24","X","SRG","Sragen"
"3463SRGRT","ET","341","1500000","24","X","SRG","Sragen"
"3464KRART","60","178","2350000","24","X","KRA","Karanganyar"
"3464KRART","63","jf02","3500000","24","X","KRA","Karanganyar"
"3464KRART","M6","070","1100000","24","X","KRA","Karanganyar"
"3464KRART","MFB","175","2000000","24","X","KRA","Karanganyar"
"3464KTSRT","60","179","4800000","10","X","KTS","Kartosuro"
"3464KTSRT","63","jF15","500000","10","X","KTS","Kartosuro"
"3464KTSRT","M3","190","500000","10","X","KTS","Kartosuro"
"3464SKHRT","63","","300000","10","X","SKH","Sukoharjo"
"3465BYLRT","63","","520233","10","X","BYL","Boyolali"
"3465BYLRT","M6","7003","500000","24","X","BYL","Boyolali"
"3465SLSRT","ET","","2000000","10","X","SLS","Solo Selatan"
"3465SLSRT","MFB","0233","2000000","10","X","SLS","Solo Selatan"
"3465SRGRT","60","181","1050000","10","X","SRG","Sragen"
"3465SRGRT","63","jf14","7250967","10","X","SRG","Sragen"
"3465SRGRT","ET","","500000","24","X","SRG","Sragen"
"3465SRGRT","M3","067","3600000","10","X","SRG","Sragen"
"3465SRGRT","M6","086","1850000","24","X","SRG","Sragen"
"3465SRGRT","MFB","0112","9700000","10","X","SRG","Sragen"
"3465SRGRT","MFB","1100","500000","10","X","SRG","Sragen"
"3466KRART","63","","1500000","10","X","KRA","Karanganyar"
"3466KRART","M3","189","2600000","10","X","KRA","Karanganyar"
"3466KRART","MFB","0181","300000","10","X","KRA","Karanganyar"
"3466SLSRT","60","193","2500000","24","X","SLS","Solo Selatan"
"3466SLSRT","63","jF05","7000000","10","X","SLS","Solo Selatan"
"3466SLSRT","ET","342","1000000","24","X","SLS","Solo Selatan"
"3466SLSRT","M3","190","2850000","10","X","SLS","Solo Selatan"
"3466SLSRT","M6","070","700000","24","X","SLS","Solo Selatan"
"3466SLSRT","MFB","175","1200000","24","X","SLS","Solo Selatan"
"3466SRGRT","M3","0146","3500000","10","","SRG","Sragen"
"3466SRGRT","M3","0146N","40000","24","","SRG","Sragen"
"3467SRGRT","60","181","1600000","24","X","SRG","Sragen"
"3467SRGRT","M3","190","2500000","10","X","SRG","Sragen"
"3468SLSRT","60","178","2500000","24","X","SLS","Solo Selatan"
"3469KRART","63","jf05","6552567","10","X","KRA","Karanganyar"
"3469KRART","ET","","500000","24","X","KRA","Karanganyar"
"3469KRART","M6","070","1550000","24","X","KRA","Karanganyar"
"3469SLSRT","M6","102","28200000","24","X","SLS","Solo Selatan"
"3470BYLRT","60","178","550000","24","X","BYL","Boyolali"
"3470BYLRT","63","jF05","2327375","10","X","BYL","Boyolali"
"3470BYLRT","M6","7003","1700000","24","X","BYL","Boyolali"
"3470BYLRT","MFB","175","3000000","24","X","BYL","Boyolali"
"3471BYLRT","60","178","1500000","24","X","BYL","Boyolali"
"3471KRART","63","jF09","3312292","10","X","KRA","Karanganyar"
"3471KRART","M3","174","1250000","10","X","KRA","Karanganyar"
"3471KRART","M6","070","1500000","24","X","KRA","Karanganyar"
"3471KRART","MFB","078","3800000","25","X","KRA","Karanganyar"
"3471KRART","MFB","1109","500000","24","X","KRA","Karanganyar"
"3472SRGRT","63","JF14","500000","24","X","SRG","Sragen"
"3475BYLRT","63","JF11","500000","24","1","BYL","Boyolali"
"3476KRART","60","185","500000","24","X","KRA","Karanganyar"
"3476KRART","63","jf07","800000","10","X","KRA","Karanganyar"
"3476KRART","M6","7003","500000","24","X","KRA","Karanganyar"
"3477BYLRT","63","JF11","2100000","10","X","BYL","Boyolali"
"3477BYLRT","M3","190","800000","10","X","BYL","Boyolali"
"3477BYLRT","MFB","175","2900000","10","X","BYL","Boyolali"
"3477KRART","60","185","800000","10","X","KRA","Karanganyar"
"3477KRART","63","jf03","3595433","10","X","KRA","Karanganyar"
"3477KTSRT","63","jF15","600000","24","X","KTS","Kartosuro"
"3477SKHRT","ET","341","600000","24","X","SKH","Sukoharjo"
"3477SLSRT","M6","070","500000","10","x","SLS","Solo Selatan"
"3477SLURT","63","JF01","1214567","24","X","SLU","Solo Utara"
"3478SLSRT","63","jf09","591087","24","X","SLS","Solo Selatan"
"3479BYLRT","60","181","1050000","24","X","BYL","Boyolali"
"3479BYLRT","M3","189","1250000","10","X","BYL","Boyolali"
"3485BYLRT","63","","2000000","10","X","BYL","Boyolali"
"3485SRGRT","63","JF08","800000","24","X","SRG","Sragen"
"3486SKHRT","63","jF17","1000000","24","X","SKH","Sukoharjo"
"3488SLSRT","M3","","500000","10","X","SLS","Solo Selatan"
"3488SRGRT","60","181","700000","10","X","SRG","Sragen"
"3489SRGRT","63","","554663","10","X","SRG","Sragen"
"3490SRGRT","60","181","500000","24","X","SRG","Sragen"
"3490SRGRT","63","jf14","1442425","10","X","SRG","Sragen"
"3491SLURT","MFB","1109","500000","10","X","SLU","Solo Utara"
"3495SRGRT","63","jF10","1588492","10","X","SRG","Sragen"
"3496KRART","63","","500000","10","X","KRA","Karanganyar"
"3496SKHRT","ET","","500000","25","X","SKH","Sukoharjo"
"3496SRGRT","60","185","550000","24","X","SRG","Sragen"
"3496SRGRT","63","jF10","535603","10","X","SRG","Sragen"
"3496SRGRT","MFB","502","250000","10","X","SRG","Sragen"
"3499BYLRT","63","","1.25","10","X","BYL","Boyolali"
"3499KRART","M3","0146","300000","10","","KRA","Karanganyar"
"3499KRART","M3","0146N","40000","24","","KRA","Karanganyar"
"3499SLURT","60","193","10100000","24","X","SLU","Solo Utara"
"3500BYLRT","60","178","500000","24","","BYL","Boyolali"
"3500KRART","63","jf05","900000","24","X","KRA","Karanganyar"
"3500SLURT","MFB","257","6000000","10","X","SLU","Solo Utara"
"3501BYLRT","63","jf01","1015766","10","X","BYL","Boyolali"
"3501BYLRT","MFB","1100","2750000","10","X","BYL","Boyolali"
"3502BYLRT","63","jF16","1600000","10","X","BYL","Boyolali"
"3503SRGRT","63","jf17","500000","24","X","SRG","Sragen"
"3506BYLRT","63","","1.25","10","X","BYL","Boyolali"
"3510KRART","60","185","500000","24","X","KRA","Karanganyar"
"3510SLSRT","M3","0001","1000000","10","","SLS","Solo Selatan"
"3511KTSRT","60","185","24200000","24","X","KTS","Kartosuro"
"3514BYLAP","63","jF15","500000","24","X","BYL","Boyolali"
"3514BYLRT","63","jf05","800000","24","X","BYL","Boyolali"
"3514BYLRT","MFB","175","500000","24","X","BYL","Boyolali"
"3515KRART","MFB","0370","500000","10","X","KRA","Karanganyar"
"3515SLSRT","MFB","0318","800000","10","X","SLS","Solo Selatan"
"3515SLSRT","MFB","0366","500000","10","X","SLS","Solo Selatan"
"3517SRGRT","63","jf14","1000000","24","X","SRG","Sragen"
"3518BYLRT","63","jf01","500000","10","X","BYL","Boyolali"
"3518BYLRT","M6","7003","500000","24","X","BYL","Boyolali"
"3518SRGRT","60","185","300000","24","X","SRG","Sragen"
"3518SRGRT","63","JF10","600000","10","X","SRG","Sragen"
"3521BYLRT","60","","1500000","10","X","BYL","Boyolali"
"3521BYLRT","M3","","500000","10","X","BYL","Boyolali"
"3521SKHRT","M3","190","600000","10","X","SKH","Sukoharjo"
"3521SLSRT","63","jf07","2000000","10","X","SLS","Solo Selatan"
"3522KRART","63","jF02","500000","10","X","KRA","Karanganyar"
"3522SKHRT","60","178","500000","24","X","SKH","Sukoharjo"
"3522SKHRT","63","","1000000","10","X","SKH","Sukoharjo"
"3523KRART","60","178","500000","24","","KRA","Karanganyar"
"3523SKHRT","M3","0146","500000","10","","SKH","Sukoharjo"
"3523SKHRT","M3","0146N","40000","24","","SKH","Sukoharjo"
"3525SKHRT","ET","","500000","25","X","SKH","Sukoharjo"
"3525SLURT","63","JF04","500000","10","","SLU","Solo Utara"
"3525SLURT","ET","","500000","25","X","SLU","Solo Utara"
"3525SRGRT","63","jF10","1034125","24","X","SRG","Sragen"
"3528BYLRT","60","179","6050000","24","X","BYL","Boyolali"
"3528SRGRT","63","jf17","500000","24","X","SRG","Sragen"
"3528SRGRT","M3","190","500000","10","X","SRG","Sragen"
"3529SRGRT","63","jf17","500000","24","X","SRG","Sragen"
"3530SRGRT","MFB","0112","500000","1","x","SRG","Sragen"
"3531SRGRT","60","185","500000","24","X","SRG","Sragen"
"3531SRGRT","63","jF14","500000","24","X","SRG","Sragen"
"3531SRGRT","M6","086","500000","24","X","SRG","Sragen"
"3532SLURT","60","178","10000000","10","X","SLU","Solo Utara"
"3532SRGRT","60","185","1100000","10","X","SRG","Sragen"
"3532SRGRT","63","jF14","1050000","10","X","SRG","Sragen"
"3532SRGRT","M3","067","1200000","10","X","SRG","Sragen"
"3532SRGRT","M6","086","1550000","10","X","SRG","Sragen"
"3532SRGRT","MFB","0112","500000","10","X","SRG","Sragen"
"3532SRGRT","MFB","1100","3000000","10","X","SRG","Sragen"
"3533KRART","M3","174","1500000","10","X","KRA","Karanganyar"
"3539KRART","63","jf01","500000","24","X","KRA","Karanganyar"
"3540SRGRT","60","188","500000","10","X","SRG","Sragen"
"3541BYLRT","63","jF16","915033","24","X","BYL","Boyolali"
"3544BYLRT","63","jf15","2017383","24","X","BYL","Boyolali"
"3544BYLRT","M6","7003","700000","24","X","BYL","Boyolali"
"3544BYLRT","MFB","175","500000","24","X","BYL","Boyolali"
"3544KRART","ET","","500000","25","X","KRA","Karanganyar"
"3546slsrt","60","178","500000","25","x","SLS","Solo Selatan"
"3546slsrt","63","jF16","900000","24","X","SLS","Solo Selatan"
"3546slsrt","M6","070","500000","24","X","SLS","Solo Selatan"
"3546slsrt","MFB","078","500000","25","X","SLS","Solo Selatan"
"3546slsrt","MFB","1109","500000","24","X","SLS","Solo Selatan"
"3547SLSRT","63","JF03","500000","10","X","SLS","Solo Selatan"
"3547SLSRT","M3","0146","500000","10","X","SLS","Solo Selatan"
"3548SRGRT","63","JF10","600000","24","X","SRG","Sragen"
"3550KRART","M3","0001","1000000","10","","KRA","Karanganyar"
"3551SLURT","60","185","500000","24","X","SLU","Solo Utara"
"3552SRGRT","60","","1.25","10","X","SRG","Sragen"
"3552SRGRT","ET","0001","500000","24","X","SRG","Sragen"
"3552SRGRT","MFB","502","500000","10","X","SRG","Sragen"
"3554KRART","M3","0146","800000","10","X","KRA","Karanganyar"
"3554KRART","M3","0146N","40000","24","X","KRA","Karanganyar"
"3554SLURT","63","jF03","1500000","24","X","SLU","Solo Utara"
"3555SLSRT","60","215","3700000","10","X","SLS","Solo Selatan"
"3555SRGRT","63","jf02","1700000","24","X","SRG","Sragen"
"3556SLURT","60","178","500000","24","","SLU","Solo Utara"
"3556SRGRT","60","185","2250000","10","X","SRG","Sragen"
"3557BYLRT","ET","","500000","25","X","BYL","Boyolali"
"3557BYLRT","M3","0146","500000","10","X","BYL","Boyolali"
"3557BYLRT","M3","0146N","40000","24","X","BYL","Boyolali"
"3558BYLRT","ET","","500000","25","X","BYL","Boyolali"
"3558SRGRT","ET","","500000","25","X","SRG","Sragen"
"3560BYLRT","60","179","500000","24","X","BYL","Boyolali"
"3561KRART","63","jF16","3115258","10","X","KRA","Karanganyar"
"3561SRGRT","60","","600000","24","X","SRG","Sragen"
"3561SRGRT","63","jF10","1543000","10","X","SRG","Sragen"
"3564KRART","MFB","175","2400000","24","X","KRA","Karanganyar"
"3564SRGRT","60","185","600000","24","X","SRG","Sragen"
"3565BYLRT","60","179","1400000","24","X","BYL","Boyolali"
"3565SRGRT","63","","500000","10","X","SRG","Sragen"
"3566BYLRT","60","178","1100000","25","X","BYL","Boyolali"
"3566BYLRT","63","JF11","802217","24","X","BYL","Boyolali"
"3566BYLRT","M6","7003","500000","24","X","BYL","Boyolali"
"3566BYLRT","MFB","175","500000","10","X","BYL","Boyolali"
"3566SKHRT","63","","1000000","10","X","SKH","Sukoharjo"
"3566SRGRT","MFB","0181","500000","25","X","SRG","Sragen"
"3567SRGRT","M3","","2500000","10","X","SRG","Sragen"
"3567SRGRT","MFB","0112","600000","25","X","SRG","Sragen"
"3567SRGRT","MFB","0181","500000","25","X","SRG","Sragen"
"3568KRART","63","jF12","1566096","24","X","KRA","Karanganyar"
"3569KRART","63","jf07","537800","24","X","KRA","Karanganyar"
"3569SLSRT","M3","067","1050000","24","X","SLS","Solo Selatan"
"3572KRART","63","JF09","9518875","10","X","KRA","Karanganyar"
"3572KRART","M3","174","750000","10","X","KRA","Karanganyar"
"3572KRART","M6","7003","1800000","10","X","KRA","Karanganyar"
"3572KRART","MFB","078","2650000","10","X","KRA","Karanganyar"
"3573BYLRT","63","jF09","1000000","24","X","BYL","Boyolali"
"3573KRART","63","JF11","700000","10","X","KRA","Karanganyar"
"3575BYLRT","ET","","1000000","25","X","BYL","Boyolali"
"3576KRART","60","180","800000","24","X","KRA","Karanganyar"
"3576KRART","63","JF15","1115339","24","X","KRA","Karanganyar"
"3576KRART","M3","174","3000000","24","X","KRA","Karanganyar"
"3576KRART","M6","070","500000","24","x","KRA","Karanganyar"
"3576KRART","MFB","078","5000000","24","X","KRA","Karanganyar"
"3576KRART","MFB","1109","500000","24","X","KRA","Karanganyar"
"3577BYLRT","ET","343","1500000","24","X","BYL","Boyolali"
"3577SKHRT","M3","0146","800000","10","","SKH","Sukoharjo"
"3577SKHRT","M3","0146N","40000","24","","SKH","Sukoharjo"
"3577SLSRT","MFB","","2500000","10","X","SLS","Solo Selatan"
"3577SRGRT","63","jf08","500000","24","X","SRG","Sragen"
"3577SRGRT","M6","086","1500000","24","X","SRG","Sragen"
"3577SRGRT","MFB","0112","500000","24","X","SRG","Sragen"
"3578BYLMM","60","179","800000","24","X","BYL","Boyolali"
"3578BYLMM","63","JF04","500000","10","X","BYL","Boyolali"
"3578BYLMM","ET","343","1500000","25","X","BYL","Boyolali"
"3578BYLMM","M6","7003","1000000","24","X","BYL","Boyolali"
"3578SKHRT","63","","6981800","10","X","SKH","Sukoharjo"
"3578SKHRT","ET","341","600000","24","X","SKH","Sukoharjo"
"3578SLURT","60","185","500000","24","X","SLU","Solo Utara"
"3578SRGRT","60","181","2600000","24","X","SRG","Sragen"
"3579BYLRT","ET","343","3600000","24","X","BYL","Boyolali"
"3580BYLRT","60","181","1850000","10","X","BYL","Boyolali"
"3580BYLRT","63","jF16","4000000","10","X","BYL","Boyolali"
"3580BYLRT","M6","7003","900000","24","X","BYL","Boyolali"
"3580BYLRT","MFB","0112","8500000","10","X","BYL","Boyolali"
"3580BYLRT","MFB","1100","6500000","10","X","BYL","Boyolali"
"3580SLSRT","63","","500000","10","X","SLS","Solo Selatan"
"3581BYLRT","63","JF09","750786","24","X","BYL","Boyolali"
"3581SLSRT","63","jF07","500000","24","X","SLS","Solo Selatan"
"3582SLSAP","63","jF16","700000","24","X","SLS","Solo Selatan"
"3582SLSRT","63","jf18","500000","24","X","SLS","Solo Selatan"
"3583SLSRT","63","jF02","1000000","24","X","SLS","Solo Selatan"
"3584KRART","63","jF09","2000000","24","X","KRA","Karanganyar"
"3584SKHRT","63","JF02","400000","24","X","SKH","Sukoharjo"
"3584SLSRT","63","","500000","24","X","SLS","Solo Selatan"
"3584SRGRT","60","","500000","10","X","SRG","Sragen"
"3584SRGRT","63","JF08","500000","24","X","SRG","Sragen"
"3586SLSRT","63","jF11","500000","10","X","SLS","Solo Selatan"
"3587BYLRT","63","","500000","10","X","BYL","Boyolali"
"3587KRART","63","JF16","800000","24","X","KRA","Karanganyar"
"3587SKHRT","63","jf01","1000000","10","X","SKH","Sukoharjo"
"3588BYLRT","63","","500000","10","X","BYL","Boyolali"
"3588BYLRT","MFB","0233","500000","25","X","BYL","Boyolali"
"3588KRART","63","jF09","618725","24","X","KRA","Karanganyar"
"3588SLSRT","ET","343","500000","24","X","SLS","Solo Selatan"
"3588SRGRT","63","jF08","700000","24","X","SRG","Sragen"
"3588SRGRT","M3","067","600000","24","X","SRG","Sragen"
"3589KRART","63","","500000","10","X","KRA","Karanganyar"
"3589SKHRT","60","179","50000","10","x","SKH","Sukoharjo"
"3589SKHRT","63","jf01","1900000","10","X","SKH","Sukoharjo"
"3589SLSRT","63","jF11","500000","24","X","SLS","Solo Selatan"
"3589SRGRT","63","JF10","1000000","10","X","SRG","Sragen"
"3590SRGRT","63","jF08","4800000","24","X","SRG","Sragen"
"3592KRART","ET","341","500000","24","X","KRA","Karanganyar"
"3597SLSRT","63","jf09","800000","24","X","SLS","Solo Selatan"
"3597SLSRT","M3","","500000","10","X","SLS","Solo Selatan"
"3597SLSRT","M6","7003","900000","24","X","SLS","Solo Selatan"
"3598SLSRT","63","","500000","10","X","SLS","Solo Selatan"
"3599SLSRT","MFB","0001","500000","10","","SLS","Solo Selatan"
"3599SRGRT","60","181","700000","24","X","SRG","Sragen"
"3599SRGRT","63","jF14","3475383","24","X","SRG","Sragen"
"3599SRGRT","ET","341","500000","24","X","SRG","Sragen"
"3599SRGRT","M3","067","1300000","24","X","SRG","Sragen"
"3599SRGRT","M6","086","2000000","24","X","SRG","Sragen"
"3599SRGRT","MFB","0112","3900000","24","X","SRG","Sragen"
"3599SRGRT","MFB","0181","500000","24","X","SRG","Sragen"
"3599SRGRT","MFB","1100","500000","24","X","SRG","Sragen"
"3599SRGRT","MFB","189","500000","24","X","SRG","Sragen"
"3600BYLRT","60","178","1000000","24","X","BYL","Boyolali"
"3600KRART","63","","9700000","10","X","KRA","Karanganyar"
"3600KTSRT","63","jF07","500000","24","X","KTS","Kartosuro"
"3600SLURT","MFB","0001","1000000","10","","SLU","Solo Utara"
"3600SRGRT","60","185","1450000","24","X","SRG","Sragen"
"3601KTSRT","63","","500000","10","X","KTS","Kartosuro"
"3601SRGRT","60","185","1000000","24","X","SRG","Sragen"
"3602BYLRT","63","","500000","24","X","BYL","Boyolali"
"3604SKHRT","63","jf03","500000","24","X","SKH","Sukoharjo"
"3605KRART","63","","1000000","10","X","KRA","Karanganyar"
"3605SLURT","63","jf02","500000","24","X","SLU","Solo Utara"
"3606BYLRT","60","179","500000","24","X","BYL","Boyolali"
"3606BYLRT","63","jf15","1000000","24","X","BYL","Boyolali"
"3606BYLRT","ET","343","500000","24","X","BYL","Boyolali"
"3606BYLRT","M6","7003","500000","10","X","BYL","Boyolali"
"3606BYLRT","MFB","175","500000","24","X","BYL","Boyolali"
"3607SRGRT","ET","341","500000","25","X","SRG","Sragen"
"3608SRGRT","63","JF10","684267","10","X","SRG","Sragen"
"3609KRART","63","jF16","500000","24","X","KRA","Karanganyar"
"3611KRART","ET","","1800000","25","X","KRA","Karanganyar"
"3613BYLRT","60","178","500000","24","X","BYL","Boyolali"
"3613BYLRT","63","JF18","700000","10","X","BYL","Boyolali"
"3614BYLRT","63","jF18","500000","24","X","BYL","Boyolali"
"3614SRGRT","63","","500000","24","X","SRG","Sragen"
"3617SLSRT","63","jF02","1000000","24","X","SLS","Solo Selatan"
"3617SRGRT","63","","500000","10","X","SRG","Sragen"
"3620SLSRT","M3","0001","500000","24","","SLS","Solo Selatan"
"3620SLSRT","MFB","","1000000","1","X","SLS","Solo Selatan"
"3621BYLRT","M3","","500000","10","X","BYL","Boyolali"
"3621KRART","63","jF09","8333233","10","X","KRA","Karanganyar"
"3621KRART","ET","341","1000000","24","X","KRA","Karanganyar"
"3621KRART","M6","070","600000","24","X","KRA","Karanganyar"
"3622KRART","60","","500000","10","X","KRA","Karanganyar"
"3622KRART","63","","500000","10","X","KRA","Karanganyar"
"3622KTSRT","60","185","500000","24","X","KTS","Kartosuro"
"3622SKHRT","60","185","500000","24","X","SKH","Sukoharjo"
"3622SKHRT","63","jf01","700000","10","X","SKH","Sukoharjo"
"3622SKHRT","M3","190","500000","10","X","SKH","Sukoharjo"
"3622SKHRT","M6","7003","500000","10","X","SKH","Sukoharjo"
"3622SKHRT","MFB","175","500000","24","X","SKH","Sukoharjo"
"3622SLSRT","60","178","1850000","24","X","SLS","Solo Selatan"
"3622SRGRT","60","181","1700000","10","X","SRG","Sragen"
"3622SRGRT","63","JF10","1534550","10","X","SRG","Sragen"
"3622SRGRT","ET","341","500000","24","X","SRG","Sragen"
"3622SRGRT","M3","067","2500000","10","X","SRG","Sragen"
"3622SRGRT","M6","086","1500000","24","X","SRG","Sragen"
"3622SRGRT","MFB","0112","5200000","24","X","SRG","Sragen"
"3622SRGRT","MFB","189","500000","24","X","SRG","Sragen"
"3622SRGRT","MFB","502","500000","24","X","SRG","Sragen"
"3623KTSRT","63","jf12","600000","24","X","KTS","Kartosuro"
"3623SKHRT","63","jf07","1532853","24","X","SKH","Sukoharjo"
"3624BYLRT","63","","1000000","10","X","BYL","Boyolali"
"3624KTSRT","63","jF13","500000","10","","KTS","Kartosuro"
"3625BYLRT","ET","343","800000","25","X","BYL","Boyolali"
"3625KRART","M3","0146","650000","10","X","KRA","Karanganyar"
"3625KRART","M3","0146N","40000","24","X","KRA","Karanganyar"
"3625SKHRT","63","jf15","3700000","10","X","SKH","Sukoharjo"
"3625SKHRT","M3","184","500000","24","X","SKH","Sukoharjo"
"3625SKHRT","M6","102","4500000","24","X","SKH","Sukoharjo"
"3625SKHRT","MFB","0359","1100000","10","X","SKH","Sukoharjo"
"3625SKHRT","MFB","0360","700000","10","X","SKH","Sukoharjo"
"3625SKHRT","MFB","0365","650000","10","X","SKH","Sukoharjo"
"3625SKHRT","MFB","0370","500000","10","X","SKH","Sukoharjo"
"3625SKHRT","MFB","E001","500000","10","x","SKH","Sukoharjo"
"3625SLURT","60","180","750000","10","X","SLU","Solo Utara"
"3625SLURT","63","JF12","11000000","10","X","SLU","Solo Utara"
"3625SLURT","ET","340","2100000","25","X","SLU","Solo Utara"
"3625SLURT","M3","035","900000","10","X","SLU","Solo Utara"
"3625SLURT","M6","093","3200000","24","X","SLU","Solo Utara"
"3625SLURT","MFB","0366","700000","10","X","SLU","Solo Utara"
"3625SLURT","MFB","069","1000000","10","X","SLU","Solo Utara"
"3625SLURT","MFB","E001","500000","10","X","SLU","Solo Utara"
"3626SLSRT","M3","196CIC","1900000","10","X","SLS","Solo Selatan"
"3627KRART","60","180","4600000","10","X","KRA","Karanganyar"
"3627SLSRT","M3","194CIC","1000000","10","X","SLS","Solo Selatan"
"3627SRGRT","63","jf08","1324040","24","X","SRG","Sragen"
"3628KRART","63","JF09","4100000","10","X","KRA","Karanganyar"
"3629BYLRT","M3","","800000","10","X","BYL","Boyolali"
"3629BYLRT","M6","7003","500000","10","X","BYL","Boyolali"
"3629KRART","ET","341","2100000","24","X","KRA","Karanganyar"
"3629SLSRT","M3","","1000000","10","X","SLS","Solo Selatan"
"3629SLURT","ET","","1.25","25","X","SLU","Solo Utara"
"3629SRGRT","60","185","700000","25","X","SRG","Sragen"
"3629SRGRT","ET","341","500000","25","X","SRG","Sragen"
"3633KTSSM","60","0001","10000000","24","X","KTS","Kartosuro"
"3633SLSRT","63","","500000","10","X","SLS","Solo Selatan"
"3633SLSRT","ET","","2500000","25","X","SLS","Solo Selatan"
"3635BYLRT","M3","","500000","10","X","BYL","Boyolali"
"3635KRART","63","jF11","500000","10","X","KRA","Karanganyar"
"3635KTSRT","63","","800000","10","X","KTS","Kartosuro"
"3635SLSRT","60","178","2200000","24","X","SLS","Solo Selatan"
"3635SLSRT","MFB","175","500000","24","x","SLS","Solo Selatan"
"3636SRGRT","60","181","500000","10","X","SRG","Sragen"
"3636SRGRT","M3","067","2550000","24","X","SRG","Sragen"
"3637KRART","MFB","078","500000","25","X","KRA","Karanganyar"
"3639KRART","63","jf18","500000","24","X","KRA","Karanganyar"
"3639KRART","M6","7003","500000","24","X","KRA","Karanganyar"
"3640SLUSM","63","0001","10500000","24","X","SLU","Solo Utara"
"3640SRGRT","M3","jF08","800000","10","X","SRG","Sragen"
"3641KRART","63","jF11","2500000","10","X","KRA","Karanganyar"
"3641SLURT","63","JF22","500000","10","","SLU","Solo Utara"
"3641SRGRT","60","","800000","10","X","SRG","Sragen"
"3641SRGRT","63","jf08","1497283","24","X","SRG","Sragen"
"3641SRGRT","M3","067","600000","10","X","SRG","Sragen"
"3641SRGRT","M6","086","750000","24","X","SRG","Sragen"
"3642SLURT","ET","343","500000","25","X","SLU","Solo Utara"
"3644BYLRT","M3","0146","250000","10","X","BYL","Boyolali"
"3644BYLRT","M3","0146N","40000","24","X","BYL","Boyolali"
"3644KRART","63","jf12","500000","24","X","KRA","Karanganyar"
"3644KRART","ET","","500000","24","X","KRA","Karanganyar"
"3645SRGRT","63","jf16","816725","24","X","SRG","Sragen"
"3647SKHRT","63","jF16","1000000","24","X","SKH","Sukoharjo"
"3648BYLRT","M3","0146","250000","10","X","BYL","Boyolali"
"3648BYLRT","M3","0146N","40000","24","X","BYL","Boyolali"
"3648GMLRT","63","JF14","3763284","10","X","GML","Gemolong"
"3648GMLRT","ET","","500000","24","X","GML","Gemolong"
"3648GMLRT","M3","184","8400000","10","X","GML","Gemolong"
"3648GMLRT","M6","086","2400000","24","X","GML","Gemolong"
"3648GMLRT","MFB","0112","9650000","10","X","GML","Gemolong"
"3648GMLRT","MFB","1100","900000","10","X","GML","Gemolong"
"3648KRART","60","178","1150000","10","X","KRA","Karanganyar"
"3649KRART","ET","341","2150000","24","X","KRA","Karanganyar"
"3649SKHRT","60","180","1150000","24","X","SKH","Sukoharjo"
"3649SKHRT","63","jf09","2489442","10","X","SKH","Sukoharjo"
"3649SKHRT","M3","174","500000","10","X","SKH","Sukoharjo"
"3649SKHRT","M6","7003","1400000","10","X","SKH","Sukoharjo"
"3650SKHRT","ET","341","500000","24","X","SKH","Sukoharjo"
"3650SLURT","M6","7003","500000","10","","SLU","Solo Utara"
"3650SRGRT","60","181","500000","10","X","SRG","Sragen"
"3650SRGRT","M3","067","1650000","10","X","SRG","Sragen"
"3651SLURT","MFB","175","500000","24","","SLU","Solo Utara"
"3652SKHRT","ET","341","550000","25","X","SKH","Sukoharjo"
"3652SLURT","60","179","5300000","24","X","SLU","Solo Utara"
"3653SKHRT","ET","341","550000","25","X","SKH","Sukoharjo"
"3654BYLRT","63","jF09","874217","10","X","BYL","Boyolali"
"3654SLSRT","63","jF05","3579389","24","X","SLS","Solo Selatan"
"3654SLURT","60","185","950000","24","X","SLU","Solo Utara"
"3654SRGRT","63","jF14","1600000","10","X","SRG","Sragen"
"3654SRGRT","MFB","1100","500000","10","X","SRG","Sragen"
"3655SLSRT","M3","190","300000","10","X","SLS","Solo Selatan"
"3655SLSRT","M6","7003","1000000","24","X","SLS","Solo Selatan"
"3655SLSRT","MFB","0233","500000","24","X","SLS","Solo Selatan"
"3655SLURT","ET","343","500000","24","","SLU","Solo Utara"
"3655SRGRT","ET","341","800000","24","X","SRG","Sragen"
"3656KRART","63","jf02","6266800","10","X","KRA","Karanganyar"
"3656KRART","ET","","3000000","24","X","KRA","Karanganyar"
"3656KRART","M3","184","1000000","24","X","KRA","Karanganyar"
"3656KRART","M6","","500000","24","X","KRA","Karanganyar"
"3656KRART","MFB","0360","1350000","10","X","KRA","Karanganyar"
"3656KRART","MFB","0370","1300000","10","X","KRA","Karanganyar"
"3656SRGRT","63","jF10","388175","10","X","SRG","Sragen"
"3657KRART","MFB","0181","2500000","10","X","KRA","Karanganyar"
"3657SKHRT","60","180","600000","24","X","SKH","Sukoharjo"
"3657SKHRT","63","jf02","1900000","24","X","SKH","Sukoharjo"
"3657SKHRT","ET","341","550000","24","X","SKH","Sukoharjo"
"3657SKHRT","M3","174","1200000","10","X","SKH","Sukoharjo"
"3657SKHRT","M6","070","800000","24","X","SKH","Sukoharjo"
"3657SKHRT","MFB","078","500000","25","X","SKH","Sukoharjo"
"3657SRGRT","60","185","700000","25","X","SRG","Sragen"
"3657SRGRT","63","jF14","1857075","10","X","SRG","Sragen"
"3657SRGRT","ET","341","500000","25","X","SRG","Sragen"
"3657SRGRT","M3","067","600000","10","X","SRG","Sragen"
"3657SRGRT","M6","086","850000","24","X","SRG","Sragen"
"3657SRGRT","MFB","0112","950000","25","X","SRG","Sragen"
"3657SRGRT","MFB","1100","500000","10","X","SRG","Sragen"
"3658SLURT","60","195","2500000","5","X","SLU","Solo Utara"
"3659KTSRT","63","jF07","1200000","24","X","KTS","Kartosuro"
"3659KTSRT","M3","190","600000","24","X","KTS","Kartosuro"
"3659SKHRT","60","199","500000","25","X","SKH","Sukoharjo"
"3659SKHRT","ET","","2000000","25","X","SKH","Sukoharjo"
"3661BYLRT","63","","600000","24","X","BYL","Boyolali"
"3661SRGRT","63","jF17","794650","24","X","SRG","Sragen"
"3662SLURT","63","JF04","1500000","10","X","SLU","Solo Utara"
"3663SRGRT","60","185","500000","24","X","SRG","Sragen"
"3664KTSRT","60","179","550000","24","X","KTS","Kartosuro"
"3664SLSRT","63","jf03","15100000","24","X","SLS","Solo Selatan"
"3664SLSRT","M6","070","12400000","10","X","SLS","Solo Selatan"
"3664SRGRT","ET","341","1250000","24","X","SRG","Sragen"
"3665BYLRT","63","jF19","26500000","10","X","BYL","Boyolali"
"3665KRART","M3","0146","3500000","10","X","KRA","Karanganyar"
"3665KRART","M3","0146N","40000","24","X","KRA","Karanganyar"
"3665KRART","M3","502","300000","10","X","KRA","Karanganyar"
"3665KRART","M3","502N","40000","24","X","KRA","Karanganyar"
"3665KTSRT","63","","500000","10","X","KTS","Kartosuro"
"3665SKHRT","63","jf03","500000","24","X","SKH","Sukoharjo"
"3665SLSRT","63","JF11","500000","24","X","SLS","Solo Selatan"
"3665SLURT","63","","500000","10","X","SLU","Solo Utara"
"3665SRGRT","60","","500000","10","X","SRG","Sragen"
"3666GMLRT","63","JF14","500000","24","X","GML","Gemolong"
"3666SLSRT","63","","1500000","24","X","SLS","Solo Selatan"
"3666SLURT","60","0001","500000","10","X","SLU","Solo Utara"
"3666SLURT","63","0001","100000","24","X","SLU","Solo Utara"
"3666SLURT","ET","0001","500000","10","X","SLU","Solo Utara"
"3666SLURT","M3","0001","3200000","10","X","SLU","Solo Utara"
"3666SLURT","M3","0001N","40000","24","X","SLU","Solo Utara"
"3666SLURT","M6","0001","500000","10","X","SLU","Solo Utara"
"3666SLURT","MFB","0001","1800000","24","X","SLU","Solo Utara"
"3667KTSRT","60","185","500000","24","X","KTS","Kartosuro"
"3667SKHRT","63","jf01","1200000","24","X","SKH","Sukoharjo"
"3667SLSRT","63","jF02","500000","10","X","SLS","Solo Selatan"
"3667SLSRT","ET","341","600000","25","X","SLS","Solo Selatan"
"3668SKHRT","63","jf01","500000","24","X","SKH","Sukoharjo"
"3669BYLRT","63","jF05","250000","24","X","BYL","Boyolali"
"3669KRART","63","","500000","10","X","KRA","Karanganyar"
"3669SKHRT","63","jf11","1300000","24","X","SKH","Sukoharjo"
"3669SLSRT","60","185","900000","24","X","SLS","Solo Selatan"
"3669SLURT","63","JF16","500000","24","X","SLU","Solo Utara"
"3669SRGRT","63","jf08","1813473","24","X","SRG","Sragen"
"3669SRGRT","M3","067","450000","24","X","SRG","Sragen"
"3670KRART","M3","","600000","10","X","KRA","Karanganyar"
"3673SRGRT","60","181","1000000","10","X","SRG","Sragen"
"3673SRGRT","63","jF10","3421950","24","X","SRG","Sragen"
"3673SRGRT","M6","086","1300000","10","X","SRG","Sragen"
"3673SRGRT","MFB","0112","1000000","10","X","SRG","Sragen"
"3674KRART","ET","","1300000","25","X","KRA","Karanganyar"
"3677BYLRT","60","179","500000","25","X","BYL","Boyolali"
"3677BYLRT","63","jF13","500000","10","X","BYL","Boyolali"
"3677KRART","63","jF09","2564083","10","X","KRA","Karanganyar"
"3677SKHSM","63","jF12","56300000","14","X","SKH","Sukoharjo"
"3677SKHSM","ET","342","2400000","14","X","SKH","Sukoharjo"
"3677SKHSM","M3","184","16000000","14","X","SKH","Sukoharjo"
"3677SKHSM","M6","102","14700000","14","X","SKH","Sukoharjo"
"3677SKHSM","MFB","0359","32100000","14","X","SKH","Sukoharjo"
"3677SKHSM","MFB","0360","10000000","14","X","SKH","Sukoharjo"
"3677SKHSM","MFB","0365","15000000","14","X","SKH","Sukoharjo"
"3677SKHSM","MFB","0370","8000000","14","X","SKH","Sukoharjo"
"3677SKHSM","MFB","0380","5000000","14","X","SKH","Sukoharjo"
"3677SKHSM","MFB","E001","500000","14","X","SKH","Sukoharjo"
"3677SLURT","M3","046","300000","10","X","SLU","Solo Utara"
"3677SLURT","M3","046N","40000","24","X","SLU","Solo Utara"
"3677SRGRT","ET","343","1500000","25","X","SRG","Sragen"
"3678KRART","60","178","500000","24","X","KRA","Karanganyar"
"3678KRART","63","JF16","1300000","10","X","KRA","Karanganyar"
"3678KRART","ET","342","500000","24","X","KRA","Karanganyar"
"3678KRART","M6","086","500000","24","X","KRA","Karanganyar"
"3678KRART","MFB","0112","500000","10","X","KRA","Karanganyar"
"3678KRART","MFB","0366","500000","10","X","KRA","Karanganyar"
"3678SRGRT","63","jf17","700000","24","X","SRG","Sragen"
"3678SRGRT","M3","190","1950000","24","X","SRG","Sragen"
"3680SRGRT","60","181","1700000","10","X","SRG","Sragen"
"3680SRGRT","ET","341","500000","25","X","SRG","Sragen"
"3680SRGRT","M6","086","1200000","24","X","SRG","Sragen"
"3680SRGRT","MFB","0112","19200000","24","X","SRG","Sragen"
"3680SRGRT","MFB","0181","500000","24","X","SRG","Sragen"
"3680SRGRT","MFB","1100","500000","24","X","SRG","Sragen"
"3681BYLRT","M3","","500000","10","X","BYL","Boyolali"
"3682SKHRT","60","179","1050000","24","X","SKH","Sukoharjo"
"3682SKHRT","63","JF01","600000","24","X","SKH","Sukoharjo"
"3685GMLRT","60","","500000","10","X","GML","Gemolong"
"3685GMLRT","MFB","","500000","10","X","GML","Gemolong"
"3686KRART","M3","0146","800000","10","X","KRA","Karanganyar"
"3686KRART","M3","0146N","40000","24","X","KRA","Karanganyar"
"3687KRART","63","","500000","10","X","KRA","Karanganyar"
"3687KRART","ET","","500000","25","X","KRA","Karanganyar"
"3687SRGRT","60","185","1400000","10","X","SRG","Sragen"
"3687SRGRT","63","jf08","1500000","10","X","SRG","Sragen"
"3687SRGRT","ET","341","550000","24","X","SRG","Sragen"
"3687SRGRT","M3","067","2800000","10","X","SRG","Sragen"
"3687SRGRT","M6","086","800000","24","X","SRG","Sragen"
"3687SRGRT","MFB","0112","700000","10","X","SRG","Sragen"
"3687SRGRT","MFB","1100","5000000","10","X","SRG","Sragen"
"3687SRGRT","MFB","189","300000","10","X","SRG","Sragen"
"3688KRART","63","jF03","500000","24","X","KRA","Karanganyar"
"3688SKHRT","63","jF13","500000","10","","SKH","Sukoharjo"
"3688SRGRT","63","","500000","10","X","SRG","Sragen"
"3689KRART","63","jf07","4467492","24","X","KRA","Karanganyar"
"3689KRART","M6","7003","800000","24","X","KRA","Karanganyar"
"3689KRART","MFB","078","600000","24","X","KRA","Karanganyar"
"3689SLSRT","63","jF16","500000","24","X","SLS","Solo Selatan"
"3689SLSRT","M3","190","500000","24","X","SLS","Solo Selatan"
"3689SRGRT","60","185","500000","24","X","SRG","Sragen"
"3690BYLRT","63","jF12","1000000","10","X","BYL","Boyolali"
"3690KRART","63","JF15","2554408","24","X","KRA","Karanganyar"
"3690KRART","M6","070","1800000","24","X","KRA","Karanganyar"
"3690SRGRT","60","","200000","0","X","SRG","Sragen"
"3691BYLRT","63","","1000000","10","X","BYL","Boyolali"
"3691SKHRT","60","178","500000","24","X","SKH","Sukoharjo"
"3691SKHRT","63","jF05","2000000","10","X","SKH","Sukoharjo"
"3691SLSRT","M3","190","600000","24","X","SLS","Solo Selatan"
"3691SRGRT","60","181","500000","24","X","SRG","Sragen"
"3692SKHRT","M3","","500000","10","X","SKH","Sukoharjo"
"3692SKHRT","M3","","40000","24","X","SKH","Sukoharjo"
"3692SLSKO","63","","3500000","24","X","SLS","Solo Selatan"
"3692SLSRT","ET","","500000","24","X","SLS","Solo Selatan"
"3692SLSRT","M3","190","300000","24","X","SLS","Solo Selatan"
"3692SLURT","ET","341","3200000","24","X","SLU","Solo Utara"
"3692SLURT","M3","190","2750000","1","X","SLU","Solo Utara"
"3692SRGRT","M3","0146","2000000","10","X","SRG","Sragen"
"3692SRGRT","M3","0146N","40000","24","X","SRG","Sragen"
"3694KRART","60","","500000","10","X","KRA","Karanganyar"
"3694SKHRT","60","178","700000","24","X","SKH","Sukoharjo"
"3694SKHRT","63","jF12","800000","24","X","SKH","Sukoharjo"
"3694SKHRT","M3","","500000","10","X","SKH","Sukoharjo"
"3694SRGRT","60","","500000","10","X","SRG","Sragen"
"3694SRGRT","63","","532967","10","X","SRG","Sragen"
"3694SRGRT","MFB","0181","500000","10","X","SRG","Sragen"
"36955SLSRT","MFB","0001","500000","10","","SLS","Solo Selatan"
"3695KRART","MFB","","1100000","25","X","KRA","Karanganyar"
"3695SLSRT","M3","0146","500000","10","X","SLS","Solo Selatan"
"3695SLSRT","M3","0146N","40000","24","X","SLS","Solo Selatan"
"3695SRGRT","ET","","500000","25","X","SRG","Sragen"
"3695SRGRT","MFB","0181","500000","10","","SRG","Sragen"
"3696KRART","60","0001","100000","10","","KRA","Karanganyar"
"3696SLSRT","60","169","3700000","5","X","SLS","Solo Selatan"
"3696SRGRT","ET","","500000","25","X","SRG","Sragen"
"3697KRART","63","","500000","10","X","KRA","Karanganyar"
"3697SLSRT","60","199","1500000","10","X","SLS","Solo Selatan"
"3697SLSRT","ET","342","800000","24","X","SLS","Solo Selatan"
"3697SLSRT","M3","184","1400000","10","X","SLS","Solo Selatan"
"3697SLSRT","M6","7003","1800000","24","X","SLS","Solo Selatan"
"3697SLSRT","MFB","0359","10000000","10","X","SLS","Solo Selatan"
"3697SLSRT","MFB","0365","4500000","10","X","SLS","Solo Selatan"
"3697SLSRT","MFB","E001","500000","10","X","SLS","Solo Selatan"
"3697SLURT","60","188","500000","24","X","SLU","Solo Utara"
"3697SLURT","63","jF07","6637605","24","X","SLU","Solo Utara"
"3697SLURT","ET","340","1400000","24","X","SLU","Solo Utara"
"3697SLURT","M3","184","750000","24","X","SLU","Solo Utara"
"3697SLURT","MFB","0359","9100000","24","X","SLU","Solo Utara"
"3697SLURT","MFB","E001","500000","24","x","SLU","Solo Utara"
"3698KRART","M3","189","2300000","10","X","KRA","Karanganyar"
"3698SKHRT","60","","1000000","10","X","SKH","Sukoharjo"
"3699KRART","60","180","1000000","10","X","KRA","Karanganyar"
"3699SKHRT","60","180","1350000","24","X","SKH","Sukoharjo"
"3699SKHRT","63","jF09","2518302","10","X","SKH","Sukoharjo"
"3699SKHRT","M3","174","1800000","10","X","SKH","Sukoharjo"
"3699SLSRT","60","185","1300000","24","X","SLS","Solo Selatan"
"3699srgrt","63","","825839","10","X","SRG","Sragen"
"3700BYLRT","60","0","500000","10","X","BYL","Boyolali"
"3700KRART","60","180","2350000","10","X","KRA","Karanganyar"
"3700KRART","63","jf05","1000000","24","X","KRA","Karanganyar"
"3700KRART","M3","174","2450000","10","X","KRA","Karanganyar"
"3700KRART","MFB","078","1200000","10","X","KRA","Karanganyar"
"3700KTSRT","60","185","1000000","24","X","KTS","Kartosuro"
"3700SLSRT","ET","","500000","24","X","SLS","Solo Selatan"
"3700SLURT","63","","500000","10","X","SLU","Solo Utara"
"3701KRART","60","181","200000","24","X","KRA","Karanganyar"
"3701KRART","63","JF14","1200000","24","X","KRA","Karanganyar"
"3701KRART","M3","189","500000","10","X","KRA","Karanganyar"
"3701KRART","M6","086","500000","24","X","KRA","Karanganyar"
"3701KRART","MFB","0112","500000","24","X","KRA","Karanganyar"
"3701KRART","MFB","1100","500000","24","X","KRA","Karanganyar"
"3701SLSRT","60","185","8000000","24","X","SLS","Solo Selatan"
"3701SLSRT","63","jF07","500000","24","X","SLS","Solo Selatan"
"3702SRGRT","60","193","42000000","10","X","SRG","Sragen"
"3703SRGRT","60","181","900000","24","X","SRG","Sragen"
"3704KRART","60","181","700000","10","X","KRA","Karanganyar"
"3704KRART","63","jF16","4417950","10","X","KRA","Karanganyar"
"3704KRART","ET","341","500000","24","X","KRA","Karanganyar"
"3704KRART","M3","067","2600000","10","X","KRA","Karanganyar"
"3704KRART","M6","086","1500000","10","X","KRA","Karanganyar"
"3704KRART","MFB","0112","7350000","24","X","KRA","Karanganyar"
"3704KRART","MFB","1100","500000","24","X","KRA","Karanganyar"
"3704KRART","MFB","502","300000","24","X","KRA","Karanganyar"
"3705SRGRT","60","185","1050000","24","X","SRG","Sragen"
"3706KRART","60","178","1550000","10","X","KRA","Karanganyar"
"3706KRART","M3","174","850000","10","X","KRA","Karanganyar"
"3707BYLRT","60","179","500000","24","X","BYL","Boyolali"
"3707KRART","63","JF15","500000","10","X","KRA","Karanganyar"
"3707SRGRT","60","185","700000","24","X","SRG","Sragen"
"3707SRGRT","63","jf08","1045758","24","X","SRG","Sragen"
"3707SRGRT","ET","341","500000","24","X","SRG","Sragen"
"3707SRGRT","M3","067","1000000","24","X","SRG","Sragen"
"3707SRGRT","M6","086","800000","24","X","SRG","Sragen"
"3707SRGRT","MFB","0112","2250000","10","X","SRG","Sragen"
"3707SRGRT","MFB","1100","500000","24","X","SRG","Sragen"
"3708BYLRT","M3","0146","300000","10","X","BYL","Boyolali"
"3708BYLRT","M3","0146N","40000","24","X","BYL","Boyolali"
"3709SKHRT","60","179","2550000","10","X","SKH","Sukoharjo"
"3709SKHRT","63","jF01","700000","24","X","SKH","Sukoharjo"
"3710BYLRT","63","jF07","600000","10","X","BYL","Boyolali"
"3711KRART","MFB","0380","500000","10","X","KRA","Karanganyar"
"3711KRART","MFB","078","1800000","10","X","KRA","Karanganyar"
"3711SLSRT","60","180","1750000","25","X","SLS","Solo Selatan"
"3711SLSRT","ET","","500000","25","X","SLS","Solo Selatan"
"3711SLSRT","MFB","0380","500000","25","X","SLS","Solo Selatan"
"3711SLSRT","MFB","078","700000","25","X","SLS","Solo Selatan"
"3711SRGRT","60","181","2000000","25","X","SRG","Sragen"
"3711SRGRT","63","JF08","2959275","10","X","SRG","Sragen"
"3711SRGRT","ET","341","500000","25","X","SRG","Sragen"
"3711SRGRT","M3","067","7600000","24","X","SRG","Sragen"
"3711SRGRT","M6","086","1300000","24","X","SRG","Sragen"
"3711SRGRT","MFB","0112","4000000","25","X","SRG","Sragen"
"3711SRGRT","MFB","1100","500000","24","X","SRG","Sragen"
"3711SRGRT","MFB","502","300000","25","X","SRG","Sragen"
"3714SLSRT","63","jF13","500000","10","","SLS","Solo Selatan"
"3716SLSRT","60","179","950000","25","X","SLS","Solo Selatan"
"3717SKHRT","60","180","3500000","10","X","SKH","Sukoharjo"
"3717SKHRT","63","jf09","6154392","10","X","SKH","Sukoharjo"
"3717SKHRT","M3","174","3450000","10","X","SKH","Sukoharjo"
"3717SKHRT","M6","7003","1000000","24","X","SKH","Sukoharjo"
"3717SKHRT","MFB","0380","500000","25","X","SKH","Sukoharjo"
"3717SKHRT","MFB","078","800000","25","X","SKH","Sukoharjo"
"3719SRGRT","60","","500000","10","X","SRG","Sragen"
"3719SRGRT","63","","500000","10","X","SRG","Sragen"
"3719SRGRT","MFB","502","250000","10","X","SRG","Sragen"
"3720KRART","60","185","800000","24","X","KRA","Karanganyar"
"3721KRART","M3","0146","800000","10","X","KRA","Karanganyar"
"3721KRART","M3","0146N","40000","24","X","KRA","Karanganyar"
"3725KRART","60","180","550000","24","X","KRA","Karanganyar"
"3725KRART","M3","174","1000000","24","X","KRA","Karanganyar"
"3725KRART","MFB","0380","500000","10","X","KRA","Karanganyar"
"3725KRART","MFB","078","1000000","10","X","KRA","Karanganyar"
"3729KRART","M3","0146","1000000","10","","KRA","Karanganyar"
"3729KRART","M3","0146N","40000","24","","KRA","Karanganyar"
"3733KTSRT","63","jF11","2917551","24","X","KTS","Kartosuro"
"3733KTSRT","ET","341","600000","25","X","KTS","Kartosuro"
"3733KTSRT","M3","190","600000","10","X","KTS","Kartosuro"
"3733KTSRT","M6","7003","3500000","24","X","KTS","Kartosuro"
"3733KTSRT","MFB","175","600000","24","X","KTS","Kartosuro"
"3733SLURT","M3","0001","300000","24","X","SLU","Solo Utara"
"3733SLURT","M3","0001N","40000","24","X","SLU","Solo Utara"
"3733SLURT","MFB","0001","300000","10","X","SLU","Solo Utara"
"3733SRGRT","M3","0146","6000000","10","X","SRG","Sragen"
"3733SRGRT","M3","0146N","40000","24","X","SRG","Sragen"
"3734BYLRT","60","179","900000","24","X","BYL","Boyolali"
"3734BYLRT","63","jF13","500000","10","X","BYL","Boyolali"
"3737SKHRT","60","199","500000","10","X","SKH","Sukoharjo"
"3737SKHRT","ET","","500000","24","X","SKH","Sukoharjo"
"3737SLSRT","60","193","13200000","24","X","SLS","Solo Selatan"
"3737SLSRT","63","jF09","500000","10","X","SLS","Solo Selatan"
"3737SRGRT","60","181","500000","24","X","SRG","Sragen"
"3741SLSRT","60","185","1350000","24","X","SLS","Solo Selatan"
"3741SRGRT","63","","500000","10","X","SRG","Sragen"
"3744BYLRT","ET","","300000","25","X","BYL","Boyolali"
"3744KRART","63","","500000","10","X","KRA","Karanganyar"
"3744SLSRT","63","jF16","500000","24","X","SLS","Solo Selatan"
"3745BYLRT","63","JF15","500000","10","X","BYL","Boyolali"
"3745KRART","60","","800000","25","X","KRA","Karanganyar"
"3745KRART","63","jF09","3230483","10","X","KRA","Karanganyar"
"3745KRART","ET","341","700000","24","X","KRA","Karanganyar"
"3745KRART","M3","174","1150000","10","X","KRA","Karanganyar"
"3745KRART","M6","070","800000","24","X","KRA","Karanganyar"
"3745KRART","MFB","078","3000000","24","X","KRA","Karanganyar"
"3745SRGRT","63","jf08","500000","24","X","SRG","Sragen"
"3746KRART","60","185","900000","1","X","KRA","Karanganyar"
"3746SRGRT","63","jF17","500000","10","x","SRG","Sragen"
"3747BYLRT","63","JF11","500000","24","X","BYL","Boyolali"
"3747SLURT","M3","0146","21000000","10","X","SLU","Solo Utara"
"3747SLURT","M3","0146N","40000","24","X","SLU","Solo Utara"
"3748SKHRT","60","180","500000","24","X","SKH","Sukoharjo"
"3748SKHRT","63","jf01","500000","10","X","SKH","Sukoharjo"
"3748SKHRT","M3","174","400000","10","X","SKH","Sukoharjo"
"3749SLSRT","63","jF16","965353","24","X","SLS","Solo Selatan"
"3750SRGRT","60","181","1300000","10","X","SRG","Sragen"
"3750SRGRT","63","jf08","2400000","10","X","SRG","Sragen"
"3750SRGRT","ET","","500000","24","X","SRG","Sragen"
"3750SRGRT","M3","067","12000000","24","X","SRG","Sragen"
"3752SLURT","MFB","175","1100000","24","X","SLU","Solo Utara"
"3754SRGRT","ET","0001","500000","24","X","SRG","Sragen"
"3758BYLRT","63","jF15","1000000","24","X","BYL","Boyolali"
"3758SLSRT","63","jf16","500000","24","X","SLS","Solo Selatan"
"3758SRGRT","60","185","500000","25","X","SRG","Sragen"
"3758SRGRT","63","jf08","1152825","10","X","SRG","Sragen"
"3758SRGRT","ET","341","500000","25","X","SRG","Sragen"
"3758SRGRT","M3","190","800000","24","X","SRG","Sragen"
"3758SRGRT","M6","086","600000","24","X","SRG","Sragen"
"3760BYLRT","60","178","4800000","24","X","BYL","Boyolali"
"3760SLSRT","ET","343","500000","25","X","SLS","Solo Selatan"
"3760SRGRT","60","185","500000","24","","SRG","Sragen"
"3764BYLRT","63","jf16","9715750","24","X","BYL","Boyolali"
"3764BYLRT","M3","189","2500000","10","X","BYL","Boyolali"
"3764BYLRT","M6","070","2700000","24","X","BYL","Boyolali"
"3764BYLRT","MFB","0112","4100000","10","X","BYL","Boyolali"
"3764KTSRT","63","","100000","1","X","KTS","Kartosuro"
"3764SLSRT","60","185","800000","24","X","SLS","Solo Selatan"
"3764SLSRT","M3","190","1450000","24","X","SLS","Solo Selatan"
"3765BYLRT","63","jF09","500000","10","X","BYL","Boyolali"
"3765SLSRT","60","178","1100000","25","X","SLS","Solo Selatan"
"3765SLSRT","63","jF02","650000","24","X","SLS","Solo Selatan"
"3766BYLRT","60","179","1250000","25","X","BYL","Boyolali"
"3766BYLRT","63","jF07","500000","24","X","BYL","Boyolali"
"3766SKHRT","60","180","3500000","24","X","SKH","Sukoharjo"
"3766SKHRT","63","jf03","600000","10","X","SKH","Sukoharjo"
"3766SKHRT","M3","174","1700000","10","X","SKH","Sukoharjo"
"3766SLSRT","M3","0146","500000","10","X","SLS","Solo Selatan"
"3766SLSRT","M3","0146N","40000","24","X","SLS","Solo Selatan"
"3767BYLRT","63","jF01","500000","24","X","BYL","Boyolali"
"3768BYLRT","63","jF03","800000","24","X","BYL","Boyolali"
"3769SKHRT","63","jf01","500000","24","X","SKH","Sukoharjo"
"3769SKHRT","M3","","300000","10","X","SKH","Sukoharjo"
"3770BYLRT","60","181","5600000","24","X","BYL","Boyolali"
"3771KRART","60","178","500000","24","X","KRA","Karanganyar"
"3771KRART","63","jf02","500000","10","X","KRA","Karanganyar"
"3771SRGRT","60","","500000","10","X","SRG","Sragen"
"3774BYLRT","63","JF12","10000000","10","X","BYL","Boyolali"
"3774KRART","63","jf16","700000","24","X","KRA","Karanganyar"
"3774KRART","ET","341","500000","24","X","KRA","Karanganyar"
"3774SLURT","M3","0146","500000","10","X","SLU","Solo Utara"
"3774SLURT","M3","0146N","40000","24","X","SLU","Solo Utara"
"3775SRGRT","63","JF08","500000","24","X","SRG","Sragen"
"3776SLSRT","M3","0146","1350000","10","X","SLS","Solo Selatan"
"3776SLSRT","M3","0146N","40000","24","X","SLS","Solo Selatan"
"3777SKHRT","63","jF07","500000","24","X","SKH","Sukoharjo"
"3777SKHRT","M6","070","500000","10","X","SKH","Sukoharjo"
"3778SKHRT","60","179","1100000","24","X","SKH","Sukoharjo"
"3778SKHRT","63","JF16","800000","10","X","SKH","Sukoharjo"
"3778SRGRT","60","185","1000000","24","X","SRG","Sragen"
"3780KRART","60","193","5000000","10","X","KRA","Karanganyar"
"3780SLSRT","63","","500000","24","X","SLS","Solo Selatan"
"3780SRGRT","60","181","1250000","24","X","SRG","Sragen"
"3781SLSRT","M3","190","500000","10","X","SLS","Solo Selatan"
"3782BYLRT","63","jF03","1900000","10","X","BYL","Boyolali"
"3782BYLRT","M3","190","700000","10","X","BYL","Boyolali"
"3782BYLRT","M6","7003","500000","24","X","BYL","Boyolali"
"3782BYLRT","MFB","175","1100000","10","X","BYL","Boyolali"
"3782KRART","63","jf07","500000","24","X","KRA","Karanganyar"
"3782KRART","MFB","","300000","10","X","KRA","Karanganyar"
"3784SLSRT","63","JF03","5300000","24","X","SLS","Solo Selatan"
"3784SRGRT","63","jf17","3250567","24","X","SRG","Sragen"
"3784SRGRT","M3","190","1600000","24","X","SRG","Sragen"
"3784SRGRT","MFB","0112","500000","24","X","SRG","Sragen"
"3785SRGRT","60","181","3000000","10","X","SRG","Sragen"
"3785SRGRT","63","JF14","6400000","24","X","SRG","Sragen"
"3785SRGRT","M3","067","14000000","24","X","SRG","Sragen"
"3786SRGRT","63","jF10","500000","10","X","SRG","Sragen"
"3788SRGRT","60","181","8600000","10","X","SRG","Sragen"
"3789KRART","63","jf03","500000","24","X","KRA","Karanganyar"
"3789SLSRT","M3","0146","1500000","10","","SLS","Solo Selatan"
"3789SLSRT","M3","0146N","40000","24","","SLS","Solo Selatan"
"3789SRGRT","M3","189","600000","10","X","SRG","Sragen"
"3790KRART","63","jF09","800000","24","X","KRA","Karanganyar"
"3790KRART","M6","070","500000","24","X","KRA","Karanganyar"
"3790SKHRT","M6","7003","1000000","10","X","SKH","Sukoharjo"
"3790SKHRT","MFB","175","850000","24","X","SKH","Sukoharjo"
"3790SRGRT","60","","2250000","10","X","SRG","Sragen"
"3790SRGRT","MFB","0112","1500000","25","X","SRG","Sragen"
"3791SLSRT","M3","190","600000","24","X","SLS","Solo Selatan"
"3796SLSRT","M3","0146","20000000","10","X","SLS","Solo Selatan"
"3796SLSRT","M3","0146N","40000","24","X","SLS","Solo Selatan"
"3796SRGRT","63","","527467","10","X","SRG","Sragen"
"3797SKHRT","63","jF02","7000000","24","X","SKH","Sukoharjo"
"3797SKHRT","M6","102","5000000","24","X","SKH","Sukoharjo"
"3797SLURT","ET","343","1200000","24","X","SLU","Solo Utara"
"3799BYLRT","60","","100000","10","X","BYL","Boyolali"
"3800BYLRT","63","jF09","600000","10","X","BYL","Boyolali"
"3800BYLRT","ET","343","500000","24","X","BYL","Boyolali"
"3800BYLRT","M3","184","500000","24","X","BYL","Boyolali"
"3800BYLRT","MFB","0359","500000","25","X","BYL","Boyolali"
"3800BYLRT","MFB","E001","500000","24","x","BYL","Boyolali"
"3800SRGRT","60","","600000","25","X","SRG","Sragen"
"3800SRGRT","63","jf17","1800000","24","X","SRG","Sragen"
"3800SRGRT","ET","","500000","25","X","SRG","Sragen"
"3800SRGRT","M3","190","550000","24","X","SRG","Sragen"
"3800SRGRT","M6","070","1200000","24","X","SRG","Sragen"
"3800SRGRT","MFB","0112","500000","25","X","SRG","Sragen"
"3800SRGRT","MFB","1100","500000","24","X","SRG","Sragen"
"3801BYLRT","63","jF01","500000","24","X","BYL","Boyolali"
"3801KRART","60","180","2300000","24","X","KRA","Karanganyar"
"3801KRART","MFB","0380","1000000","10","X","KRA","Karanganyar"
"3801KRART","MFB","078","2000000","10","X","KRA","Karanganyar"
"3802SRGRT","63","JF10","2055417","24","X","SRG","Sragen"
"3805KRART","ET","341","500000","24","X","KRA","Karanganyar"
"3805SRGRT","M3","0146","4000000","10","","SRG","Sragen"
"3805SRGRT","M3","0146N","40000","24","","SRG","Sragen"
"3806BYLRT","63","JF11","600000","10","X","BYL","Boyolali"
"3806SRGRT","60","185","650000","24","X","SRG","Sragen"
"3807SKHRT","ET","341","2500000","24","X","SKH","Sukoharjo"
"3808KRART","60","180","600000","25","X","KRA","Karanganyar"
"3808KRART","63","jF02","2868533","10","X","KRA","Karanganyar"
"3808KRART","ET","341","500000","24","X","KRA","Karanganyar"
"3808KRART","M3","174","800000","10","X","KRA","Karanganyar"
"3808KRART","M6","086","1700000","10","X","KRA","Karanganyar"
"3808KRART","MFB","078","1250000","25","X","KRA","Karanganyar"
"3810SRGRT","63","jF17","1500000","10","X","SRG","Sragen"
"3812KRART","60","185","500000","24","X","KRA","Karanganyar"
"3812KRART","63","jf07","927850","24","X","KRA","Karanganyar"
"3816SLSRT","63","","500000","10","X","SLS","Solo Selatan"
"3817BYLRT","M3","","500000","10","X","BYL","Boyolali"
"3817KRART","60","","1000000","25","X","KRA","Karanganyar"
"3818BYLRT","60","179","550000","24","X","BYL","Boyolali"
"3820KRART","60","180","500000","10","X","KRA","Karanganyar"
"3820KRART","M3","0146","500000","10","X","KRA","Karanganyar"
"3820KRART","M3","0146N","40000","24","X","KRA","Karanganyar"
"3822BYLRT","60","185","1000000","24","X","BYL","Boyolali"
"3822BYLRT","63","jf16","1000000","24","X","BYL","Boyolali"
"3822BYLRT","MFB","0181","1000000","10","X","BYL","Boyolali"
"3822SKHRT","M6","7003","500000","24","X","SKH","Sukoharjo"
"3822SRGRT","60","181","4500000","10","X","SRG","Sragen"
"3822SRGRT","M3","067","900000","24","X","SRG","Sragen"
"3823SLURT","MFB","0233","600000","10","X","SLU","Solo Utara"
"3825SLSRT","63","","500000","10","X","SLS","Solo Selatan"
"3825SLSRT","M3","502","300000","10","X","SLS","Solo Selatan"
"3825SLSRT","M3","502N","40000","24","X","SLS","Solo Selatan"
"3825SRGRT","ET","341","1000000","24","X","SRG","Sragen"
"3827SKHRT","M3","","500000","10","X","SKH","Sukoharjo"
"3827SLSRT","60","179","800000","24","X","SLS","Solo Selatan"
"3827SRGRT","63","jF08","100000","24","x","SRG","Sragen"
"3829KRART","60","180","500000","24","X","KRA","Karanganyar"
"3830SLSRT","63","","500000","10","X","SLS","Solo Selatan"
"3830SLSRT","M3","","300000","10","X","SLS","Solo Selatan"
"3833SRGRT","60","181","3500000","24","X","SRG","Sragen"
"3833SRGRT","63","jF08","2200000","10","X","SRG","Sragen"
"3838SRGRT","63","jf15","500000","10","X","SRG","Sragen"
"3842KRART","M3","0146","800000","10","X","KRA","Karanganyar"
"3842KRART","M3","0146N","40000","24","X","KRA","Karanganyar"
"3844SLSRT","60","180","850000","24","X","SLS","Solo Selatan"
"3845BYLRT","60","199","1.25","10","X","BYL","Boyolali"
"3845BYLRT","63","jF09","1.25","10","X","BYL","Boyolali"
"3845SLURT","MFB","0001","1000000","10","","SLU","Solo Utara"
"3846SRGRT","63","","1100000","10","X","SRG","Sragen"
"3849KRART","63","jF12","600000","24","X","KRA","Karanganyar"
"3850BYLRT","63","JF12","500000","24","","BYL","Boyolali"
"3850KRART","MFB","1109","500000","24","","KRA","Karanganyar"
"3855KRART","60","184","500000","10","X","KRA","Karanganyar"
"3855KRART","ET","","500000","25","X","KRA","Karanganyar"
"3855SLSRT","63","jF03","500000","10","X","SLS","Solo Selatan"
"3855SLURT","MFB","0001","3000000","10","X","SLU","Solo Utara"
"3855SRGRT","60","","500000","10","X","SRG","Sragen"
"3857KTSRT","63","jF11","500000","24","X","KTS","Kartosuro"
"3857KTSRT","M6","7003","500000","10","X","KTS","Kartosuro"
"3858SRGRT","63","jf14","1171625","24","X","SRG","Sragen"
"3859KTSRT","63","jF15","6000000","24","X","KTS","Kartosuro"
"3865BYLRT","M3","0146","700000","10","X","BYL","Boyolali"
"3865BYLRT","M3","0146N","40000","24","X","BYL","Boyolali"
"3865SRGRT","63","jF08","500000","24","X","SRG","Sragen"
"3866SLURT","MFB","0001","500000","10","","SLU","Solo Utara"
"3867BYLRT","60","178","1500000","25","X","BYL","Boyolali"
"3867BYLRT","63","JF11","800000","24","X","BYL","Boyolali"
"3867BYLRT","M3","","1350000","10","X","BYL","Boyolali"
"3867BYLRT","M6","7003","600000","10","X","BYL","Boyolali"
"3867BYLRT","MFB","175","2500000","24","X","BYL","Boyolali"
"3867skhrt","63","jF07","1073600","10","X","SKH","Sukoharjo"
"3867skhrt","MFB","","500000","10","X","SKH","Sukoharjo"
"3870SLSSM","ET","342","10000000","21","X","SLS","Solo Selatan"
"3870SLSSM","ET","342","10000000","21","X","SLS","Solo Selatan"
"3870SLSSM","M3","184","10000000","24","X","SLS","Solo Selatan"
"3870SLSSM","M3","184","10000000","24","X","SLS","Solo Selatan"
"3870SLSSM","M6","102","10000000","21","X","SLS","Solo Selatan"
"3870SLSSM","M6","102","10000000","21","X","SLS","Solo Selatan"
"3870SLSSM","MFB","0366","20000000","21","X","SLS","Solo Selatan"
"3871BYLSM","ET","340","10000000","25","X","BYL","Boyolali"
"3871BYLSM","M3","184","5000000","21","X","BYL","Boyolali"
"3871BYLSM","M6","102","10000000","21","X","BYL","Boyolali"
"3871BYLSM","MFB","0365","20000000","21","X","BYL","Boyolali"
"3872SLSRT","60","","500000","24","X","SLS","Solo Selatan"
"3872SLSRT","63","jF05","800000","24","X","SLS","Solo Selatan"
"3872SLSRT","M3","","500000","24","X","SLS","Solo Selatan"
"3872SLSRT","M6","070","500000","24","X","SLS","Solo Selatan"
"3872SLSRT","MFB","","500000","10","X","SLS","Solo Selatan"
"3872SLSRT","MFB","078","600000","24","X","SLS","Solo Selatan"
"3872SLSSM","ET","342","10000000","21","X","SLS","Solo Selatan"
"3872SLSSM","M3","184","10000000","21","x","SLS","Solo Selatan"
"3872SLSSM","M6","093","10000000","21","X","SLS","Solo Selatan"
"3872SLSSM","MFB","0366","10000000","21","X","SLS","Solo Selatan"
"3874SLSRT","MFB","175","2000000","25","X","SLS","Solo Selatan"
"3874SLURT","MFB","0001","5300000","10","X","SLU","Solo Utara"
"3875SLSRT","M3","0146","500000","10","X","SLS","Solo Selatan"
"3875SLSRT","M3","0146N","40000","24","X","SLS","Solo Selatan"
"3875SRGRT","MFB","0001","500000","10","","SRG","Sragen"
"3876BYLRT","M3","0146","500000","10","X","BYL","Boyolali"
"3876BYLRT","M3","0146N","40000","24","X","BYL","Boyolali"
"3876SKHRT","60","180","1000000","10","X","SKH","Sukoharjo"
"3876SKHRT","63","jf11","700000","24","X","SKH","Sukoharjo"
"3876SKHRT","M3","174","500000","24","X","SKH","Sukoharjo"
"3877KRART","60","","500000","25","X","KRA","Karanganyar"
"3877KRART","63","JF12","650175","10","X","KRA","Karanganyar"
"3877KRART","M3","189","600000","25","X","KRA","Karanganyar"
"3877KRART","M6","","800000","10","X","KRA","Karanganyar"
"3877KTSRT","63","jF11","500000","24","X","KTS","Kartosuro"
"3877SLSRT","M3","0146","1100000","10","X","SLS","Solo Selatan"
"3877SLSRT","M3","0146N","40000","24","X","SLS","Solo Selatan"
"3879SKHRT","M3","0146","500000","10","X","SKH","Sukoharjo"
"3879SKHRT","M3","0146N","40000","24","X","SKH","Sukoharjo"
"3879SKHRT","M3","502","300000","10","X","SKH","Sukoharjo"
"3879SKHRT","M3","502N","40000","24","X","SKH","Sukoharjo"
"3880SLSRT","60","179","3300000","24","X","SLS","Solo Selatan"
"3880SLSRT","63","JF03","1600000","24","X","SLS","Solo Selatan"
"3884SRGRT","60","-","1.25","10","X","SRG","Sragen"
"3885KTSRT","MFB","175","700000","25","X","KTS","Kartosuro"
"3888SKHRT","60","185","3050000","10","X","SKH","Sukoharjo"
"3888SRGRT","M3","184","1000000","24","X","SRG","Sragen"
"3888SRGRT","MFB","0112","1600000","24","X","SRG","Sragen"
"3895SLSRT","60","180","500000","10","","SLS","Solo Selatan"
"3895SRGRT","63","jF17","500000","10","X","SRG","Sragen"
"3895SRGRT","MFB","502","300000","10","X","SRG","Sragen"
"3896SKHRT","M3","","500000","10","X","SKH","Sukoharjo"
"3897SLSRT","63","JF03","900000","24","X","SLS","Solo Selatan"
"3897SLSRT","M6","070","500000","10","X","SLS","Solo Selatan"
"3897SRGRT","63","jF08","500000","24","X","SRG","Sragen"
"3898KRART","63","","500000","10","X","KRA","Karanganyar"
"3898SKHRT","M3","0146","500000","10","","SKH","Sukoharjo"
"3898SKHRT","M3","0146N","40000","24","","SKH","Sukoharjo"
"3898SLSRT","M3","0146","4000000","10","X","SLS","Solo Selatan"
"3898SLSRT","M3","0146N","40000","24","X","SLS","Solo Selatan"
"3898SRGRT","M3","189","2800000","10","X","SRG","Sragen"
"3899KRART","63","","500000","10","X","KRA","Karanganyar"
"3900SKHRT","60","180","500000","24","X","SKH","Sukoharjo"
"3900SLSRT","60","178","4500000","24","X","SLS","Solo Selatan"
"3900SLSRT","63","jF07","2700000","10","X","SLS","Solo Selatan"
"3900SLSRT","M3","035","1100000","24","X","SLS","Solo Selatan"
"3900SLSRT","MFB","078","800000","24","X","SLS","Solo Selatan"
"3900SRGRT","60","185","500000","24","X","SRG","Sragen"
"3901BYLRT","63","JF07","600000","24","X","BYL","Boyolali"
"3901KRART","60","180","500000","24","X","KRA","Karanganyar"
"3901KRART","63","jF02","1339967","10","X","KRA","Karanganyar"
"3901KRART","ET","341","1400000","25","X","KRA","Karanganyar"
"3901KRART","M6","7003","500000","24","X","KRA","Karanganyar"
"3901SKHRT","63","jf01","3721918","10","X","SKH","Sukoharjo"
"3901SKHRT","MFB","078","500000","10","X","SKH","Sukoharjo"
"3901SRGRT","60","185","3400000","10","X","SRG","Sragen"
"3901SRGRT","63","jF10","2400000","24","X","SRG","Sragen"
"3901SRGRT","ET","341","1150000","24","X","SRG","Sragen"
"3901SRGRT","M6","086","850000","24","X","SRG","Sragen"
"3904SLSRT","63","jf02","500000","24","X","SLS","Solo Selatan"
"3904SLSRT","MFB","0364","500000","10","X","SLS","Solo Selatan"
"3905KRART","60","180","1500000","24","X","KRA","Karanganyar"
"3905KRART","M3","174","500000","10","X","KRA","Karanganyar"
"3906SKHAP","60","0","500000","10","X","SKH","Sukoharjo"
"3907KRART","60","180","1050000","24","X","KRA","Karanganyar"
"3910KRART","60","178","950000","24","X","KRA","Karanganyar"
"3910SRGRT","63","jF10","3807250","24","X","SRG","Sragen"
"3911BYLRT","63","","1000000","10","X","BYL","Boyolali"
"3911SLSRT","M6","7003","400000","24","X","SLS","Solo Selatan"
"3913SKHRT","63","","500000","10","X","SKH","Sukoharjo"
"3913SLURT","M3","502","300000","10","X","SLU","Solo Utara"
"3913SLURT","M3","502N","40000","24","X","SLU","Solo Utara"
"3913SRGRT","ET","JF10","1100000","25","X","SRG","Sragen"
"3914SKHRT","63","jF03","500000","24","X","SKH","Sukoharjo"
"3915KRART","ET","341","600000","24","X","KRA","Karanganyar"
"3915KRART","MFB","1100","500000","24","X","KRA","Karanganyar"
"3915SRGRT","63","jF17","1296350","10","X","SRG","Sragen"
"3919SLSRT","MFB","502","300000","10","X","SLS","Solo Selatan"
"3921SLSRT","63","","500000","10","X","SLS","Solo Selatan"
"3921SLSRT","ET","","500000","25","X","SLS","Solo Selatan"
"3921SLSRT","MFB","0364","500000","10","X","SLS","Solo Selatan"
"3921SRGRT","63","jF10","600000","24","X","SRG","Sragen"
"3922SLSRT","ET","0001","500000","25","X","SLS","Solo Selatan"
"3922SRGRT","60","181","600000","24","X","SRG","Sragen"
"3922SRGRT","M3","067","700000","24","X","SRG","Sragen"
"3923SRGRT","60","","500000","10","X","SRG","Sragen"
"3932SRGRT","63","jF08","500000","24","X","SRG","Sragen"
"3934BYLRT","M3","0146","400000","10","X","BYL","Boyolali"
"3934BYLRT","M3","0146N","40000","24","X","BYL","Boyolali"
"3936SLSRT","63","jf16","1100000","24","X","SLS","Solo Selatan"
"3941KRART","63","jF12","812167","10","X","KRA","Karanganyar"
"3941KRART","M6","086","1400000","24","X","KRA","Karanganyar"
"3941KRART","MFB","0112","8000000","10","X","KRA","Karanganyar"
"3941KRART","MFB","0181","500000","10","X","KRA","Karanganyar"
"3941KRART","MFB","1100","500000","10","X","KRA","Karanganyar"
"3944BYLRT","60","179","1000000","24","X","BYL","Boyolali"
"3944KRART","60","180","2000000","10","X","KRA","Karanganyar"
"3944KRART","M3","174","650000","10","X","KRA","Karanganyar"
"3944SRGRT","63","jF17","800000","10","X","SRG","Sragen"
"3944SRGRT","M3","067","500000","24","X","SRG","Sragen"
"3944SRGRT","MFB","0112","800000","25","X","SRG","Sragen"
"3945SRGRT","60","","800000","10","X","SRG","Sragen"
"3945SRGRT","63","JF10","952708","10","X","SRG","Sragen"
"3946bylrt","M3","0146","150000","10","X","BYL","Boyolali"
"3946bylrt","M3","0146N","40000","24","X","BYL","Boyolali"
"3947SLSRT","63","jF03","500000","10","X","SLS","Solo Selatan"
"3947SRGRT","M3","190","900000","24","X","SRG","Sragen"
"3948SRGRT","M3","0146","3500000","10","X","SRG","Sragen"
"3948SRGRT","M3","0146N","40000","24","X","SRG","Sragen"
"3949KRART","60","180","700000","10","X","KRA","Karanganyar"
"3951SRGRT","60","185","2050000","24","X","SRG","Sragen"
"3954SRGRT","63","JF14","334667","24","X","SRG","Sragen"
"3955BYLRT","60","179","400000","24","X","BYL","Boyolali"
"3955BYLRT","63","jF11","500000","24","X","BYL","Boyolali"
"3955BYLRT","M6","7003","500000","24","X","BYL","Boyolali"
"3955KRART","63","jF15","800000","10","X","KRA","Karanganyar"
"3955KRART","M6","070","800000","24","X","KRA","Karanganyar"
"3955SLSKO","63","jF02","800000","24","X","SLS","Solo Selatan"
"3955SLSKO","M3","035","500000","10","X","SLS","Solo Selatan"
"3955SRGRT","60","181","2500000","24","X","SRG","Sragen"
"3955SRGRT","63","jf10","800000","24","X","SRG","Sragen"
"3955SRGRT","M3","190","2500000","24","X","SRG","Sragen"
"3955SRGRT","M6","086","1600000","24","X","SRG","Sragen"
"3955SRGRT","MFB","0112","1600000","24","X","SRG","Sragen"
"3955SRGRT","MFB","0181","200000","24","X","SRG","Sragen"
"3955SRGRT","MFB","189","100000","24","X","SRG","Sragen"
"3956KRART","60","180","750000","24","X","KRA","Karanganyar"
"3956KRART","63","JF16","1200000","24","X","KRA","Karanganyar"
"3956KRART","ET","341","500000","24","X","KRA","Karanganyar"
"3956KRART","M3","174","1300000","10","X","KRA","Karanganyar"
"3956KRART","MFB","078","1050000","25","X","KRA","Karanganyar"
"3956KRART","MFB","1109","500000","24","X","KRA","Karanganyar"
"3957BYLRT","60","199","500000","10","X","BYL","Boyolali"
"3957BYLRT","63","jF15","500000","10","X","BYL","Boyolali"
"3957SKHRT","63","jF11","5800000","24","X","SKH","Sukoharjo"
"3957SKHRT","M6","102","16000000","24","X","SKH","Sukoharjo"
"3958SLSRT","ET","","1500000","25","X","SLS","Solo Selatan"
"3959SRGRT","63","","500000","10","X","SRG","Sragen"
"3960SLURT","MFB","0233","14000000","10","X","SLU","Solo Utara"
"3960SRGRT","60","181","500000","10","X","SRG","Sragen"
"3960SRGRT","63","","17781717","10","X","SRG","Sragen"
"3960SRGRT","ET","341","750000","24","X","SRG","Sragen"
"3960SRGRT","M6","086","5000000","24","X","SRG","Sragen"
"3960SRGRT","MFB","0112","6800000","25","X","SRG","Sragen"
"3963SLURT","MFB","0001","1000000","10","","SLU","Solo Utara"
"3964BYLRT","60","178","4800000","24","X","BYL","Boyolali"
"3964BYLRT","63","jF09","1900000","24","X","BYL","Boyolali"
"3964BYLRT","M6","7003","500000","24","X","BYL","Boyolali"
"3964KRART","M3","0146","6000000","10","X","KRA","Karanganyar"
"3964KRART","M3","0146N","40000","24","X","KRA","Karanganyar"
"3966KRART","ET","341","1650000","25","X","KRA","Karanganyar"
"3966KTSRT","60","179","1750000","25","X","KTS","Kartosuro"
"3966KTSRT","MFB","175","900000","25","X","KTS","Kartosuro"
"3966SLSRT","60","0001","500000","10","X","SLS","Solo Selatan"
"3966SLSRT","MFB","0001","500000","10","","SLS","Solo Selatan"
"3966SRGRT","63","jf08","700000","24","X","SRG","Sragen"
"3967BYLRT","60","179","2050000","10","X","BYL","Boyolali"
"3967SRGRT","60","178","800000","24","X","SRG","Sragen"
"3967SRGRT","63","","500000","10","X","SRG","Sragen"
"3967SRGRT","ET","341","500000","24","X","SRG","Sragen"
"3967SRGRT","MFB","1100","500000","10","X","SRG","Sragen"
"3968SLSRT","M3","0146","500000","10","","SLS","Solo Selatan"
"3968SLSRT","M3","0146N","40000","24","","SLS","Solo Selatan"
"3969BYLRT","M3","0146","300000","10","X","BYL","Boyolali"
"3969BYLRT","M3","0146N","40000","24","X","BYL","Boyolali"
"3969SLSRT","60","178","300000","24","X","SLS","Solo Selatan"
"3969SLSRT","M3","0146","1500000","10","X","SLS","Solo Selatan"
"3969SLSRT","M3","0146N","40000","24","X","SLS","Solo Selatan"
"3969SRGRT","M3","190","9100000","24","X","SRG","Sragen"
"3971SRGRT","60","181","1500000","24","X","SRG","Sragen"
"3971SRGRT","M3","0146","2000000","10","X","SRG","Sragen"
"3971SRGRT","M3","0146N","40000","24","X","SRG","Sragen"
"3972KRART","63","","500000","10","X","KRA","Karanganyar"
"3972SRGRT","M3","0146","6000000","10","X","SRG","Sragen"
"3972SRGRT","M3","0146N","40000","24","X","SRG","Sragen"
"3974BYLRT","60","178","850000","25","X","BYL","Boyolali"
"3974KRART","MFB","","1000000","10","X","KRA","Karanganyar"
"3974SLSRT","63","JF09","500000","24","X","SLS","Solo Selatan"
"3974SRGRT","60","185","550000","24","X","SRG","Sragen"
"3975SLSRT","ET","340","800000","24","X","SLS","Solo Selatan"
"3976BYLRT","60","178","1000000","24","X","BYL","Boyolali"
"3976BYLRT","63","jF16","700000","24","X","BYL","Boyolali"
"3976KRART","60","0","500000","25","X","KRA","Karanganyar"
"3976SLSRT","MFB","0364","500000","10","X","SLS","Solo Selatan"
"3976SRGMM","60","188","500000","10","X","SRG","Sragen"
"3976SRGMM","63","jF08","4022358","24","X","SRG","Sragen"
"3976SRGMM","ET","342","850000","25","X","SRG","Sragen"
"3976SRGMM","M3","035","1950000","24","X","SRG","Sragen"
"3976SRGMM","M6","086","1100000","24","X","SRG","Sragen"
"3976SRGMM","MFB","0366","1000000","10","X","SRG","Sragen"
"3976SRGMM","MFB","0370","500000","10","X","SRG","Sragen"
"3976SRGMM","MFB","069","3500000","10","X","SRG","Sragen"
"3976SRGMM","MFB","E001","500000","10","X","SRG","Sragen"
"3977BYLRT","63","jF05","800000","10","X","BYL","Boyolali"
"3977KRART","M3","0146","3000000","10","","KRA","Karanganyar"
"3977KRART","M3","0146N","40000","24","","KRA","Karanganyar"
"3977SLSRT","M3","0001","2500000","10","X","SLS","Solo Selatan"
"3977SLSRT","M3","0001N","40000","24","X","SLS","Solo Selatan"
"3977SRGRT","ET","341","800000","25","X","SRG","Sragen"
"3978SRGRT","63","","1000000","10","X","SRG","Sragen"
"3980KRART","63","","500000","10","X","KRA","Karanganyar"
"3980SRGRT","60","","500000","10","X","SRG","Sragen"
"3985GMLRT","63","JF10","2237267","24","X","GML","Gemolong"
"3985GMLRT","ET","","500000","24","X","GML","Gemolong"
"3985GMLRT","M3","035","3000000","24","X","GML","Gemolong"
"3985GMLRT","M6","","1500000","25","X","GML","Gemolong"
"3985GMLRT","MFB","035","500000","24","X","GML","Gemolong"
"3985GMLRT","MFB","0370","500000","24","X","GML","Gemolong"
"3985GMLRT","MFB","069","1600000","24","X","GML","Gemolong"
"3985GMLRT","MFB","502","500000","24","X","GML","Gemolong"
"3985GMLRT","MFB","E001","500000","24","x","GML","Gemolong"
"3985SLSRT","63","jF02","1000000","24","X","SLS","Solo Selatan"
"3985SLSRT","ET","343","500000","24","X","SLS","Solo Selatan"
"3985SLSRT","M3","190","500000","10","X","SLS","Solo Selatan"
"3985SRGRT","M3","","900000","10","X","SRG","Sragen"
"3985SRGRT","MFB","","500000","25","X","SRG","Sragen"
"3987KRART","60","178","1050000","10","X","KRA","Karanganyar"
"3987KRART","63","JF16","600000","24","X","KRA","Karanganyar"
"3987KRART","M6","7003","1500000","10","X","KRA","Karanganyar"
"3988BYLMM","60","185","500000","24","X","BYL","Boyolali"
"3988BYLMM","63","jf15","1960683","24","X","BYL","Boyolali"
"3988BYLMM","ET","340","300000","24","X","BYL","Boyolali"
"3988BYLMM","M3","184","1000000","24","X","BYL","Boyolali"
"3988BYLMM","M6","7003","800000","10","X","BYL","Boyolali"
"3988BYLMM","MFB","0359","500000","10","X","BYL","Boyolali"
"3988BYLMM","MFB","0365","500000","10","X","BYL","Boyolali"
"3988BYLMM","MFB","175","800000","10","X","BYL","Boyolali"
"3988BYLMM","MFB","E001","500000","10","X","BYL","Boyolali"
"3988SKHRT","60","180","500000","24","X","SKH","Sukoharjo"
"3988SKHRT","ET","","500000","25","X","SKH","Sukoharjo"
"3988SKHRT","M3","","500000","10","X","SKH","Sukoharjo"
"3988SKHRT","M6","7003","1000000","24","X","SKH","Sukoharjo"
"3988SLURT","MFB","0001","700000","10","X","SLU","Solo Utara"
"3988SRGRT","63","","992533","10","X","SRG","Sragen"
"3989KTSRT","60","179","7600000","24","X","KTS","Kartosuro"
"3989SLURT","60","199","5000000","10","X","SLU","Solo Utara"
"3989SLURT","63","jf15","7674967","24","X","SLU","Solo Utara"
"3989SLURT","M3","184","6500000","24","X","SLU","Solo Utara"
"3989SLURT","MFB","0359","23200000","10","X","SLU","Solo Utara"
"3989SLURT","MFB","0360","4250000","10","X","SLU","Solo Utara"
"3989SLURT","MFB","0365","2000000","10","X","SLU","Solo Utara"
"3989SLURT","MFB","0370","1800000","10","X","SLU","Solo Utara"
"3989SLURT","MFB","E001","500000","10","X","SLU","Solo Utara"
"3991BYLRT","60","179","800000","24","X","BYL","Boyolali"
"3991BYLRT","MFB","175","600000","24","X","BYL","Boyolali"
"3992GMLRT","63","JF10","2700000","24","X","GML","Gemolong"
"3992SRGRT","60","181","1500000","24","X","SRG","Sragen"
"3996SKHRS","ET","","500000","25","X","SKH","Sukoharjo"
"3996SLSRT","60","179","900000","24","X","SLS","Solo Selatan"
"3996SLSRT","63","","500000","10","X","SLS","Solo Selatan"
"3996SLSRT","ET","341","500000","24","X","SLS","Solo Selatan"
"3996SLSRT","M3","190","500000","24","X","SLS","Solo Selatan"
"3996SLSRT","MFB","175","500000","24","X","SLS","Solo Selatan"
"3997BYLRT","M3","0146","800000","10","X","BYL","Boyolali"
"3997BYLRT","M3","0146N","40000","24","X","BYL","Boyolali"
"3997SRGRT","60","185","2400000","10","X","SRG","Sragen"
"3997SRGRT","MFB","0112","500000","10","x","SRG","Sragen"
"3998SRGRT","60","181","4100000","25","X","SRG","Sragen"
"3998SRGRT","M3","067","5400000","24","X","SRG","Sragen"
"3998SRGRT","MFB","0112","8500000","24","X","SRG","Sragen"
"3999BYLRT","60","181","2700000","24","X","BYL","Boyolali"
"3999KRART","M3","190","500000","10","X","KRA","Karanganyar"
"3999KRART","M6","7003","900000","10","X","KRA","Karanganyar"
"3999KRART","MFB","175","900000","24","X","KRA","Karanganyar"
"3999SRGRT","63","jF14","1000000","24","X","SRG","Sragen"
"40001KRART","63","JF03","2000000","24","X","KRA","Karanganyar"
"40001KRART","ET","341","2000000","24","X","KRA","Karanganyar"
"4000KRART","M3","174","500000","10","X","KRA","Karanganyar"
"4000KRART","M6","7003","650000","10","X","KRA","Karanganyar"
"4000KRART","MFB","078","500000","10","X","KRA","Karanganyar"
"4000KRART","MFB","1109","500000","10","X","KRA","Karanganyar"
"4000SLURT","ET","343","700000","24","X","SLU","Solo Utara"
"4000SRGRT","63","jF10","1500000","10","X","SRG","Sragen"
"4001GMLRT","ET","341","500000","24","X","GML","Gemolong"
"4001KRART","63","jF12","3500000","10","X","KRA","Karanganyar"
"4001SRGRT","M3","0146","3000000","10","","SRG","Sragen"
"4001SRGRT","M3","0146N","40000","24","","SRG","Sragen"
"4004SLURT","60","0001","1000000","10","X","SLU","Solo Utara"
"4004SLURT","63","0001","500000","10","X","SLU","Solo Utara"
"4004SLURT","ET","0001","3000000","24","X","SLU","Solo Utara"
"4004SLURT","M3","0001","2000000","10","X","SLU","Solo Utara"
"4004SLURT","M3","0001N","40000","24","X","SLU","Solo Utara"
"4004SLURT","MFB","0001","2500000","10","X","SLU","Solo Utara"
"4009SKHRT","M3","0001","500000","24","X","SKH","Sukoharjo"
"4010SRGRT","63","jf08","1300000","24","X","SRG","Sragen"
"4012SKHRT","63","jF09","1100000","24","X","SKH","Sukoharjo"
"4013srgrt","60","","500000","10","X","SRG","Sragen"
"4014SRGRT","60","","500000","25","X","SRG","Sragen"
"4019SKHRT","63","jF02","600000","24","X","SKH","Sukoharjo"
"4023SRGRT","MFB","0112","750000","25","X","SRG","Sragen"
"4023SRGRT","MFB","1100","500000","24","X","SRG","Sragen"
"4024KTSRT","M3","","300000","10","X","KTS","Kartosuro"
"4024SRGRT","63","jF14","500000","24","X","SRG","Sragen"
"4024SRGRT","ET","341","500000","24","X","SRG","Sragen"
"4024SRGRT","M6","086","500000","24","X","SRG","Sragen"
"4024SRGRT","MFB","0112","550000","24","X","SRG","Sragen"
"4025BYLRT","60","179","1500000","10","X","BYL","Boyolali"
"4025KRART","63","JF16","800000","24","X","KRA","Karanganyar"
"4025SKHRT","63","jf01","500000","1","X","SKH","Sukoharjo"
"4025SRGRT","63","","500000","10","X","SRG","Sragen"
"4026BYLRT","60","179","500000","10","X","BYL","Boyolali"
"4026BYLRT","M3","0146","500000","10","X","BYL","Boyolali"
"4026BYLRT","M3","0146N","40000","24","X","BYL","Boyolali"
"4026KRART","63","","2100000","24","X","KRA","Karanganyar"
"4026SRGRT","63","JF14","3500000","24","X","SRG","Sragen"
"4027KRART","60","180","600000","10","X","KRA","Karanganyar"
"4027KRART","63","jF02","8261675","10","X","KRA","Karanganyar"
"4027KRART","M3","174","1000000","10","X","KRA","Karanganyar"
"4027KRART","M6","7003","1600000","10","X","KRA","Karanganyar"
"4027KRART","MFB","078","900000","10","X","KRA","Karanganyar"
"4028SRGRT","60","185","900000","10","X","SRG","Sragen"
"4028SRGRT","63","jF10","3100000","10","X","SRG","Sragen"
"4028SRGRT","M3","067","4300000","10","X","SRG","Sragen"
"4028SRGRT","M6","086","500000","10","X","SRG","Sragen"
"4028SRGRT","MFB","0112","11400000","10","X","SRG","Sragen"
"4028SRGRT","MFB","1100","500000","10","X","SRG","Sragen"
"4029BYLRT","ET","","1.25","25","X","BYL","Boyolali"
"4031SLSRT","M3","502","300000","10","X","SLS","Solo Selatan"
"4031SLSRT","M3","502N","40000","24","X","SLS","Solo Selatan"
"4033BYLRT","ET","","500000","25","X","BYL","Boyolali"
"4033BYLRT","MFB","0233","1950000","25","X","BYL","Boyolali"
"4034BYLRT","60","178","1800000","24","X","BYL","Boyolali"
"4034BYLRT","63","jF07","500000","24","X","BYL","Boyolali"
"4039SRGRT","ET","341","6000000","24","X","SRG","Sragen"
"4050KRART","MFB","1109","200000","24","X","KRA","Karanganyar"
"4055KRART","M3","","300000","10","X","KRA","Karanganyar"
"4059KRART","ET","","300000","25","X","KRA","Karanganyar"
"4060SRGRT","60","181","4500000","10","X","SRG","Sragen"
"4060SRGRT","63","jf14","1500000","10","X","SRG","Sragen"
"4060SRGRT","ET","","500000","24","X","SRG","Sragen"
"4060SRGRT","M3","067","3800000","10","X","SRG","Sragen"
"4060SRGRT","M6","086","600000","24","X","SRG","Sragen"
"4060SRGRT","MFB","0112","3100000","10","X","SRG","Sragen"
"4060SRGRT","MFB","1100","500000","10","X","SRG","Sragen"
"4062SRGRT","63","jF17","1000000","24","x","SRG","Sragen"
"4063SKHRT","63","jF03","1160893","24","X","SKH","Sukoharjo"
"4065SKHRT","63","jF03","2300000","24","X","SKH","Sukoharjo"
"4068SLSRT","M3","184","500000","24","X","SLS","Solo Selatan"
"4071KTSRT","M6","070","500000","10","X","KTS","Kartosuro"
"4076SRGRT","60","","100000","0","X","SRG","Sragen"
"4076SRGRT","63","JF17","500000","24","X","SRG","Sragen"
"4076SRGRT","ET","343","500000","25","X","SRG","Sragen"
"4077KRART","63","","1600000","10","X","KRA","Karanganyar"
"4077KRART","M3","174","2000000","10","X","KRA","Karanganyar"
"4077KRART","M6","7003","1700000","10","X","KRA","Karanganyar"
"4080SRGRT","60","181","4200000","25","X","SRG","Sragen"
"4080SRGRT","63","jF10","500000","24","X","SRG","Sragen"
"4080SRGRT","M3","067","1900000","24","X","SRG","Sragen"
"4080SRGRT","MFB","0112","3000000","25","X","SRG","Sragen"
"4088KRART","60","185","5750000","24","X","KRA","Karanganyar"
"4088KRART","63","jf07","14200000","10","X","KRA","Karanganyar"
"4088KRART","M3","174","48500000","10","1","KRA","Karanganyar"
"4088KRART","M6","070","2800000","24","1","KRA","Karanganyar"
"4088SKHRT","63","jf07","5277817","24","X","SKH","Sukoharjo"
"4088SKHRT","ET","341","500000","24","X","SKH","Sukoharjo"
"4088SKHRT","M6","7003","800000","24","X","SKH","Sukoharjo"
"4089SRGRT","ET","341","500000","25","X","SRG","Sragen"
"4094SRGRT","60","185","500000","24","X","SRG","Sragen"
"4094SRGRT","63","jF10","999692","24","X","SRG","Sragen"
"4094SRGRT","M3","190","600000","24","X","SRG","Sragen"
"4094SRGRT","M6","086","1500000","10","X","SRG","Sragen"
"4094SRGRT","MFB","0112","900000","25","X","SRG","Sragen"
"4099SRGRT","60","188","500000","10","X","SRG","Sragen"
"4099SRGRT","63","","700000","10","X","SRG","Sragen"
"4099SRGRT","MFB","0181","500000","10","X","SRG","Sragen"
"4099SRGRT","MFB","0364","850000","10","X","SRG","Sragen"
"4100SLURT","60","178","500000","24","X","SLU","Solo Utara"
"4100SLURT","63","","500000","10","X","SLU","Solo Utara"
"4101BYLRT","63","jF04","500000","10","","BYL","Boyolali"
"4103SLURT","60","178","500000","24","X","SLU","Solo Utara"
"4105SLSRT","ET","","500000","25","X","SLS","Solo Selatan"
"4108BYLRT","60","178","1150000","24","X","BYL","Boyolali"
"4108BYLRT","63","JF01","1200000","24","X","BYL","Boyolali"
"4108BYLRT","M6","7003","500000","24","X","BYL","Boyolali"
"4108BYLRT","MFB","175","1700000","24","X","BYL","Boyolali"
"4109BYLRT","60","185","2550000","10","X","BYL","Boyolali"
"4109BYLRT","63","jF18","600000","10","X","BYL","Boyolali"
"4110SRGRT","63","jF14","1200000","10","X","SRG","Sragen"
"4110SRGRT","ET","","500000","24","X","SRG","Sragen"
"4110SRGRT","M6","086","500000","24","X","SRG","Sragen"
"4110SRGRT","MFB","0112","500000","24","X","SRG","Sragen"
"4110SRGRT","MFB","1100","500000","24","X","SRG","Sragen"
"4111KRART","63","jF03","500000","24","X","KRA","Karanganyar"
"4111SLURT","60","185","1450000","24","X","SLU","Solo Utara"
"4111SRGRT","60","181","6200000","10","X","SRG","Sragen"
"4111SRGRT","63","JF14","2800000","24","X","SRG","Sragen"
"4111SRGRT","M3","189","7950000","10","X","SRG","Sragen"
"4111SRGRT","M6","086","1500000","10","X","SRG","Sragen"
"4112KRART","60","","800000","25","X","KRA","Karanganyar"
"4112SLURT","ET","342","500000","24","X","SLU","Solo Utara"
"4112SRGRT","63","jF12","1000000","10","X","SRG","Sragen"
"4113KTSRT","63","jF07","1000000","24","X","KTS","Kartosuro"
"4114SLURT","63","jF01","4200000","10","X","SLU","Solo Utara"
"4114SLURT","ET","342","2200000","24","X","SLU","Solo Utara"
"4114SLURT","M3","190","900000","24","X","SLU","Solo Utara"
"4114SLURT","MFB","0366","500000","24","X","SLU","Solo Utara"
"4114SLURT","MFB","0370","1200000","24","X","SLU","Solo Utara"
"4114SLURT","MFB","E001","500000","24","X","SLU","Solo Utara"
"4115KRART","63","JF16","1065900","24","X","KRA","Karanganyar"
"4115KRART","M6","070","500000","10","X","KRA","Karanganyar"
"4115SRGRT","63","JF10","2050000","24","X","SRG","Sragen"
"4115SRGRT","M3","189","500000","10","X","SRG","Sragen"
"4116KRART","ET","","950000","25","X","KRA","Karanganyar"
"4116SRGRT","63","jf01","1300000","24","X","SRG","Sragen"
"4117SKHRT","ET","","650000","25","X","SKH","Sukoharjo"
"4117SRGRT","60","178","500000","24","X","SRG","Sragen"
"4117SRGRT","63","JF10","1200000","24","X","SRG","Sragen"
"4117SRGRT","ET","342","500000","24","X","SRG","Sragen"
"4117SRGRT","M3","184","600000","24","X","SRG","Sragen"
"4117SRGRT","M6","086","500000","10","X","SRG","Sragen"
"4117SRGRT","MFB","1100","500000","24","X","SRG","Sragen"
"4120BYLRT","60","179","1100000","24","X","BYL","Boyolali"
"4121BYLRT","60","178","700000","10","X","BYL","Boyolali"
"4121BYLRT","63","jF14","500000","10","x","BYL","Boyolali"
"4121SLSRT","63","","500000","10","X","SLS","Solo Selatan"
"4122KRART","ET","","500000","25","X","KRA","Karanganyar"
"4122KRART","MFB","0233","2800000","10","X","KRA","Karanganyar"
"4122SKHMM","ET","342","500000","24","X","SKH","Sukoharjo"
"4122SKHRT","63","jf15","650000","24","X","SKH","Sukoharjo"
"4122SKHRT","ET","","500000","25","X","SKH","Sukoharjo"
"4122SLSRT","ET","341","5000000","25","X","SLS","Solo Selatan"
"4122SLURT","MFB","0223","1.25","10","X","SLU","Solo Utara"
"4122SRGRT","60","181","600000","24","X","SRG","Sragen"
"4122SRGRT","63","jF17","1565650","10","X","SRG","Sragen"
"4122SRGRT","ET","341","500000","24","X","SRG","Sragen"
"4122SRGRT","MFB","0112","1900000","24","X","SRG","Sragen"
"4123BYLRT","60","179","500000","10","X","BYL","Boyolali"
"4123KRART","M3","174","900000","10","X","KRA","Karanganyar"
"4124SLSRT","60","178","600000","24","X","SLS","Solo Selatan"
"4124SLSRT","M3","0146","250000","10","X","SLS","Solo Selatan"
"4124SLSRT","M3","0146N","40000","24","X","SLS","Solo Selatan"
"4127BYLRT","63","","500000","10","X","BYL","Boyolali"
"4127SLURT","63","JF03","1658569","24","X","SLU","Solo Utara"
"4127SRGRT","63","","1000000","10","X","SRG","Sragen"
"4128SKHRT","63","jf15","500000","10","X","SKH","Sukoharjo"
"4128SLSRT","MFB","502","300000","10","","SLS","Solo Selatan"
"4128SRGRT","60","","500000","10","X","SRG","Sragen"
"4130BYLRT","63","JF07","1000000","24","X","BYL","Boyolali"
"4131SLSRT","63","jf02","300000","10","X","SLS","Solo Selatan"
"4132SRGRT","60","178","500000","24","X","SRG","Sragen"
"4132SRGRT","63","JF08","500000","24","X","SRG","Sragen"
"4133BYLRT","63","jF03","500000","10","X","BYL","Boyolali"
"4133BYLRT","MFB","0233","500000","10","X","BYL","Boyolali"
"4133KRART","ET","","500000","25","X","KRA","Karanganyar"
"4133KRART","MFB","0364","600000","10","X","KRA","Karanganyar"
"4133SLSRT","ET","","300000","25","X","SLS","Solo Selatan"
"4133SRGRT","ET","","300000","25","X","SRG","Sragen"
"4133SRGRT","M3","0146","750000","10","X","SRG","Sragen"
"4133SRGRT","M3","0146N","40000","24","X","SRG","Sragen"
"4134BYLRT","MFB","0233","1000000","10","X","BYL","Boyolali"
"4134SLURT","M6","044","7500000","10","X","SLU","Solo Utara"
"4141SKHRT","M3","","500000","10","X","SKH","Sukoharjo"
"4142BYLRT","60","","500000","10","X","BYL","Boyolali"
"4143SLSRT","60","179","1650000","24","X","SLS","Solo Selatan"
"4143SLSRT","63","jf11","2629100","24","X","SLS","Solo Selatan"
"4143SLSRT","M3","190","600000","24","X","SLS","Solo Selatan"
"4143SRGRT","63","","500000","10","X","SRG","Sragen"
"4144BYLRT","63","","500000","10","X","BYL","Boyolali"
"4144KRART","63","jF04","1101092","10","X","KRA","Karanganyar"
"4144SLSRT","MFB","","8550000","10","X","SLS","Solo Selatan"
"4144SLURT","63","JF03","1000000","10","X","SLU","Solo Utara"
"4145BYLRT","63","jf07","500000","24","X","BYL","Boyolali"
"4145KRAMM","60","","500000","10","X","KRA","Karanganyar"
"4145KRAMM","ET","","500000","25","X","KRA","Karanganyar"
"4145KRART","63","","500000","10","X","KRA","Karanganyar"
"4145SKHRT","60","178","500000","10","x","SKH","Sukoharjo"
"4145SKHRT","63","jF03","500000","10","X","SKH","Sukoharjo"
"4146BYLRT","63","","500000","10","X","BYL","Boyolali"
"4146SKHRT","63","","23847951","10","X","SKH","Sukoharjo"
"4147BYLRT","63","jf03","1300000","24","X","BYL","Boyolali"
"4148GMLRT","60","","500000","10","X","GML","Gemolong"
"4148SRGRT","ET","","500000","25","X","SRG","Sragen"
"4150SLSRT","M3","190","500000","24","X","SLS","Solo Selatan"
"4150SRGRT","60","185","950000","24","X","SRG","Sragen"
"4150SRGRT","63","jf08","3500000","10","X","SRG","Sragen"
"4150SRGRT","ET","341","1200000","24","X","SRG","Sragen"
"4150SRGRT","M3","190","850000","24","X","SRG","Sragen"
"4150SRGRT","M6","086","2100000","10","X","SRG","Sragen"
"4150SRGRT","MFB","","1700000","24","X","SRG","Sragen"
"4150SRGRT","MFB","1100","500000","24","X","SRG","Sragen"
"4151KRART","60","185","3200000","24","X","KRA","Karanganyar"
"4151KRART","63","jF15","3000000","10","X","KRA","Karanganyar"
"4151KRART","M6","070","700000","24","X","KRA","Karanganyar"
"4151KRART","MFB","0359","6500000","24","X","KRA","Karanganyar"
"4151KRART","MFB","E001","500000","24","x","KRA","Karanganyar"
"4151SLURT","MFB","001","100000","10","","SLU","Solo Utara"
"4151SRGRT","63","jf17","500000","24","X","SRG","Sragen"
"4151SRGRT","ET","342","500000","24","X","SRG","Sragen"
"4152BYLRT","ET","","500000","25","X","BYL","Boyolali"
"4152SKHRT","60","180","500000","10","x","SKH","Sukoharjo"
"4152SLSRT","M3","0146","500000","10","","SLS","Solo Selatan"
"4152SLSRT","M3","0146N","40000","24","","SLS","Solo Selatan"
"4153SLURT","63","JF03","5000000","10","X","SLU","Solo Utara"
"4154SKHRT","60","180","700000","10","X","SKH","Sukoharjo"
"4154SKHRT","63","jF07","800000","10","X","SKH","Sukoharjo"
"4154SLURT","M3","190","500000","24","X","SLU","Solo Utara"
"4155BYLRT","63","","500000","10","X","BYL","Boyolali"
"4155KRART","63","jf02","2200000","10","X","KRA","Karanganyar"
"4155SLSRT","M3","","500000","10","X","SLS","Solo Selatan"
"4155SLURT","63","jF02","1164000","10","X","SLU","Solo Utara"
"4156GMLKO","63","jf16","1300000","24","X","GML","Gemolong"
"4156SKHRT","63","jF05","1000000","24","X","SKH","Sukoharjo"
"4156SLSRT","60","178","500000","24","X","SLS","Solo Selatan"
"4156SLURT","M3","0146","9000000","10","X","SLU","Solo Utara"
"4156SLURT","M3","0146N","40000","24","X","SLU","Solo Utara"
"4157BYLRT","60","178","1100000","10","X","BYL","Boyolali"
"4157BYLRT","63","jF15","1600000","24","X","BYL","Boyolali"
"4157BYLRT","M6","7003","500000","10","X","BYL","Boyolali"
"4157BYLRT","MFB","175","600000","24","X","BYL","Boyolali"
"4157KRART","63","","500000","10","X","KRA","Karanganyar"
"4157KTSRT","63","jF07","2500000","24","X","KTS","Kartosuro"
"4157SKHRT","63","","588665","24","X","SKH","Sukoharjo"
"4157SLSRT","63","jF03","1100000","24","X","SLS","Solo Selatan"
"4157SLURT","63","jF11","700000","24","X","SLU","Solo Utara"
"4158BYLRT","63","","1874894","10","X","BYL","Boyolali"
"4158KRART","M3","502","300000","10","X","KRA","Karanganyar"
"4158KRART","M3","502N","40000","24","X","KRA","Karanganyar"
"4158KTSRT","63","jF16","1200000","24","X","KTS","Kartosuro"
"4159BYLRT","63","","1000000","24","X","BYL","Boyolali"
"4162SLSRT","M3","0146","600000","10","X","SLS","Solo Selatan"
"4162SLSRT","M3","0146N","40000","24","X","SLS","Solo Selatan"
"4163BYLRT","M3","0146","500000","10","","BYL","Boyolali"
"4163BYLRT","M3","0146N","40000","24","","BYL","Boyolali"
"4163SLURT","60","180","500000","24","X","SLU","Solo Utara"
"4163SLURT","63","jF02","3491037","24","X","SLU","Solo Utara"
"4163SLURT","ET","340","1300000","24","X","SLU","Solo Utara"
"4163SLURT","M3","035","500000","24","X","SLU","Solo Utara"
"4163SLURT","M6","093","1000000","10","X","SLU","Solo Utara"
"4163SLURT","MFB","0366","500000","24","X","SLU","Solo Utara"
"4163SLURT","MFB","069","500000","24","X","SLU","Solo Utara"
"4163SLURT","MFB","E001","500000","10","X","SLU","Solo Utara"
"4165BYLRT","63","jF12","600000","24","X","BYL","Boyolali"
"4165SLSRT","ET","017","2500000","25","X","SLS","Solo Selatan"
"4165SRGRT","63","jf14","500000","10","x","SRG","Sragen"
"4165SRGRT","M3","067","3000000","24","X","SRG","Sragen"
"4166BYLRT","MFB","0233","600000","10","X","BYL","Boyolali"
"4166GMLRT","60","181","8500000","24","X","GML","Gemolong"
"4166SKHRT","ET","","300000","25","X","SKH","Sukoharjo"
"4166SLURT","ET","","500000","25","X","SLU","Solo Utara"
"4166SLURT","MFB","0233","650000","10","X","SLU","Solo Utara"
"4167BYLRT","63","","500000","10","X","BYL","Boyolali"
"4168BYLRT","63","jF09","1500000","10","X","BYL","Boyolali"
"4169BYLRT","63","","1337683","10","X","BYL","Boyolali"
"4171BYLRT","63","","500000","10","X","BYL","Boyolali"
"4171KRART","63","jf05","1100000","10","X","KRA","Karanganyar"
"4171SKHRT","63","jF07","1800000","10","X","SKH","Sukoharjo"
"4171SKHRT","M3","174","5800000","10","X","SKH","Sukoharjo"
"4171SLSRT","63","JF01","500000","10","X","SLS","Solo Selatan"
"4171SRGRT","60","185","500000","24","X","SRG","Sragen"
"4171SRGRT","63","jF17","600000","24","X","SRG","Sragen"
"4172SLSRT","60","179","5000000","10","x","SLS","Solo Selatan"
"4172SLSRT","63","jF01","500000","24","X","SLS","Solo Selatan"
"4172SLSRT","M3","","500000","10","X","SLS","Solo Selatan"
"4173BYLRT","M3","","600000","10","X","BYL","Boyolali"
"4173SLURT","63","jF03","500000","24","X","SLU","Solo Utara"
"4173SRGRT","60","181","4200000","24","X","SRG","Sragen"
"4174BYLRT","63","","500000","10","X","BYL","Boyolali"
"4174SLSRT","60","","500000","10","X","SLS","Solo Selatan"
"4174SLURT","ET","","1000000","24","X","SLU","Solo Utara"
"4174SRGRT","63","jf05","700000","10","X","SRG","Sragen"
"4175SLURT","63","jf09","1498577","24","X","SLU","Solo Utara"
"4176BYLRT","60","185","2350000","10","X","BYL","Boyolali"
"4176SLURT","63","jF09","3337795","10","X","SLU","Solo Utara"
"4177BYLRT","MFB","0233","1300000","10","X","BYL","Boyolali"
"4177KRART","63","","1000000","10","X","KRA","Karanganyar"
"4177KTSRT","60","179","500000","24","X","KTS","Kartosuro"
"4177skhrt","ET","","500000","25","X","SKH","Sukoharjo"
"4177SLURT","63","jf01","500000","24","X","SLU","Solo Utara"
"4177SRGRT","ET","","500000","25","X","SRG","Sragen"
"4177SRGRT","MFB","0112","22600000","21","X","SRG","Sragen"
"4178KRART","60","185","900000","24","X","KRA","Karanganyar"
"4178SLSRT","M3","067","3100000","10","X","SLS","Solo Selatan"
"4178SRGAP","63","jF13","1000000","10","","SRG","Sragen"
"4178SRGRT","60","181","500000","25","X","SRG","Sragen"
"4178SRGRT","63","jf17","2912275","10","X","SRG","Sragen"
"4178SRGRT","M3","067","1000000","24","X","SRG","Sragen"
"4178SRGRT","M6","086","600000","24","X","SRG","Sragen"
"4178SRGRT","MFB","0112","7200000","10","X","SRG","Sragen"
"4178SRGRT","MFB","0181","500000","10","X","SRG","Sragen"
"4179KRART","ET","341","500000","25","X","KRA","Karanganyar"
"4179SKHRT","63","jF13","500000","10","","SKH","Sukoharjo"
"4180KRART","ET","341","500000","24","X","KRA","Karanganyar"
"4181BYLRT","60","179","500000","24","X","BYL","Boyolali"
"4181BYLRT","MFB","175","500000","24","X","BYL","Boyolali"
"4181SRGRT","M3","067","1000000","24","X","SRG","Sragen"
"4187SLSRT","M3","","500000","10","X","SLS","Solo Selatan"
"4188KRART","63","","500000","10","X","KRA","Karanganyar"
"4188SKHRT","60","180","1800000","10","X","SKH","Sukoharjo"
"4188SKHRT","63","jF15","1000000","10","X","SKH","Sukoharjo"
"4188SKHRT","M6","7003","500000","24","X","SKH","Sukoharjo"
"4188SKHRT","MFB","078","600000","24","X","SKH","Sukoharjo"
"4188SRGRT","ET","","300000","25","X","SRG","Sragen"
"4189KRART","63","jf05","1131075","24","X","KRA","Karanganyar"
"4189KRART","MFB","0112","500000","10","X","KRA","Karanganyar"
"4190KRART","63","","500000","10","X","KRA","Karanganyar"
"4192KRART","60","180","500000","10","X","KRA","Karanganyar"
"4192KRART","63","JF11","1000000","24","X","KRA","Karanganyar"
"4192KRART","ET","","500000","24","X","KRA","Karanganyar"
"4192KRART","M3","174","500000","24","X","KRA","Karanganyar"
"4192KRART","M6","7003","700000","24","X","KRA","Karanganyar"
"4192KRART","MFB","078","600000","24","X","KRA","Karanganyar"
"4192KRART","MFB","1109","500000","24","X","KRA","Karanganyar"
"4195SRGRT","60","x","500000","10","X","SRG","Sragen"
"4196SRGRT","60","","500000","10","X","SRG","Sragen"
"4196SRGRT","M3","190","500000","24","X","SRG","Sragen"
"4197BYLRT","60","178","750000","10","X","BYL","Boyolali"
"4197BYLRT","63","jf07","2000000","10","X","BYL","Boyolali"
"4197BYLRT","M6","7003","500000","24","X","BYL","Boyolali"
"4197BYLRT","MFB","175","800000","10","X","BYL","Boyolali"
"4197KRART","63","JF16","850000","10","X","KRA","Karanganyar"
"4197KRART","ET","341","500000","24","X","KRA","Karanganyar"
"4198KRART","63","JF11","500000","24","X","KRA","Karanganyar"
"4198KRART","MFB","1109","500000","10","X","KRA","Karanganyar"
"4199BYLRT","63","jF07","2900000","10","X","BYL","Boyolali"
"4199KRAMM","60","181","500000","24","X","KRA","Karanganyar"
"4199KRAMM","M3","189","1250000","10","X","KRA","Karanganyar"
"4199KRAMM","M6","086","2000000","24","X","KRA","Karanganyar"
"4199KRAMM","MFB","0112","2000000","24","X","KRA","Karanganyar"
"4199KRART","ET","","500000","25","X","KRA","Karanganyar"
"4199SKHRT","ET","017","10500000","25","X","SKH","Sukoharjo"
"4199SRGRT","63","jf17","1000000","24","X","SRG","Sragen"
"4200BYLRT","63","jF04","500000","10","X","BYL","Boyolali"
"4200KRART","63","JF12","800000","24","X","KRA","Karanganyar"
"4200KRART","M3","189","500000","10","X","KRA","Karanganyar"
"4201BYLRT","63","","1000000","10","X","BYL","Boyolali"
"4201KTSRT","63","","1000000","10","X","KTS","Kartosuro"
"4201SKHRT","60","179","5000000","24","X","SKH","Sukoharjo"
"4201SKHRT","63","jf01","2100000","10","X","SKH","Sukoharjo"
"4201SLURT","63","jF01","1000000","10","X","SLU","Solo Utara"
"4202BYLRT","63","","1000000","10","X","BYL","Boyolali"
"4202KRART","63","JF16","1000000","24","X","KRA","Karanganyar"
"4202SRGRT","63","","1500000","10","X","SRG","Sragen"
"4202SRGRT","ET","341","500000","24","X","SRG","Sragen"
"4203SKHRT","63","jf01","2100000","10","X","SKH","Sukoharjo"
"4203SLSRT","63","JF11","2500000","10","X","SLS","Solo Selatan"
"4203SRGRT","63","","795550","10","X","SRG","Sragen"
"4204slurt","63","","1000000","10","X","SLU","Solo Utara"
"4204SRGRT","ET","","500000","24","X","SRG","Sragen"
"4204SRGRT","M3","067","500000","10","X","SRG","Sragen"
"4204SRGRT","M6","086","700000","24","X","SRG","Sragen"
"4204SRGRT","MFB","0112","500000","10","X","SRG","Sragen"
"4204SRGRT","MFB","1100","500000","10","X","SRG","Sragen"
"4205BYLRT","63","","800000","10","X","BYL","Boyolali"
"4205SKHRT","60","178","500000","1","X","SKH","Sukoharjo"
"4206SLSRT","63","","1000000","10","X","SLS","Solo Selatan"
"4206SLSRT","M3","067","500000","24","X","SLS","Solo Selatan"
"4209KRART","63","jF11","1000000","24","X","KRA","Karanganyar"
"4209KTSRT","63","","1000000","10","X","KTS","Kartosuro"
"4210BYLRT","60","179","2800000","24","X","BYL","Boyolali"
"4210BYLRT","63","jF15","1750000","24","X","BYL","Boyolali"
"4210BYLRT","M3","190","650000","10","X","BYL","Boyolali"
"4210BYLRT","M6","7003","800000","24","X","BYL","Boyolali"
"4210BYLRT","MFB","175","4500000","10","X","BYL","Boyolali"
"4210KRART","M3","0146","250000","10","X","KRA","Karanganyar"
"4210KRART","M3","0146N","40000","24","X","KRA","Karanganyar"
"4210KTSRT","63","","1000000","10","X","KTS","Kartosuro"
"4210SRGRT","60","185","1100000","24","X","SRG","Sragen"
"4210SRGRT","63","jf08","4500000","10","X","SRG","Sragen"
"4210SRGRT","ET","341","600000","10","X","SRG","Sragen"
"4210SRGRT","M3","067","500000","10","X","SRG","Sragen"
"4210SRGRT","M6","086","500000","24","X","SRG","Sragen"
"4210SRGRT","MFB","0112","500000","24","x","SRG","Sragen"
"4210SRGRT","MFB","1100","500000","24","X","SRG","Sragen"
"4211KRART","MFB","2332","500000","10","","KRA","Karanganyar"
"4211KTSRT","63","jF15","1000000","10","X","KTS","Kartosuro"
"4211SLSRT","63","jf11","500000","24","X","SLS","Solo Selatan"
"4211SLURT","M3","190","8500000","24","X","SLU","Solo Utara"
"4212KRART","63","jF07","1000000","24","X","KRA","Karanganyar"
"4212KTSRT","63","jf02","1000000","24","X","KTS","Kartosuro"
"4212KTSRT","M3","189","500000","10","X","KTS","Kartosuro"
"4212KTSRT","M6","070","5000000","10","X","KTS","Kartosuro"
"4212SLURT","63","jf11","2130437","24","X","BYL","Boyolali"
"4213BYLRT","60","179","2600000","10","X","BYL","Boyolali"
"4213SKHRT","MFB","2332","2100000","10","X","SKH","Sukoharjo"
"4214SRGRT","60","185","1500000","10","X","SRG","Sragen"
"4214SRGRT","MFB","1100","500000","10","x","SRG","Sragen"
"4215KRART","63","jF07","1000000","24","X","KRA","Karanganyar"
"4215KTSRT","63","jf01","1000000","24","X","KTS","Kartosuro"
"4215KTSRT","ET","340","500000","10","X","KTS","Kartosuro"
"4215SRGRT","63","jF10","1100000","24","X","SRG","Sragen"
"4216BYLRT","63","JF12","1150000","24","X","BYL","Boyolali"
"4217KRART","63","","1000000","10","X","KRA","Karanganyar"
"4218krart","63","jF16","1000000","24","X","KRA","Karanganyar"
"4219BYLRT","63","","1000000","10","X","BYL","Boyolali"
"4219KRART","63","jf02","1000000","24","X","KRA","Karanganyar"
"4219SRGRT","63","jF14","1000000","24","X","SRG","Sragen"
"4220SRGRT","63","jf17","1000000","24","X","SRG","Sragen"
"4221KRART","63","jF12","1000000","10","X","KRA","Karanganyar"
"4221SKHRT","63","jf16","1000000","10","X","SKH","Sukoharjo"
"4221SRGRT","60","185","1000000","10","X","SRG","Sragen"
"4222KRART","63","jF12","1700000","24","X","KRA","Karanganyar"
"4223KRART","63","jF12","1500000","24","X","KRA","Karanganyar"
"4223SKHRT","63","jf09","1000000","24","X","SKH","Sukoharjo"
"4223SRGRT","MFB","0181","500000","10","X","SRG","Sragen"
"4224KRART","60","180","500000","24","X","KRA","Karanganyar"
"4224KRART","63","jf02","1200000","24","X","KRA","Karanganyar"
"4224KRART","ET","341","500000","24","X","KRA","Karanganyar"
"4224KRART","M6","7003","500000","10","X","KRA","Karanganyar"
"4224KRART","MFB","078","500000","24","X","KRA","Karanganyar"
"4225BYLRT","63","","1000000","10","X","BYL","Boyolali"
"4225KRART","63","","500000","10","X","KRA","Karanganyar"
"4225KTSRT","ET","341","900000","24","X","KTS","Kartosuro"
"4225SRGRT","60","185","500000","24","X","SRG","Sragen"
"4226BYLRT","63","jF15","500000","24","X","BYL","Boyolali"
"4226SRGRT","60","181","1100000","24","X","SRG","Sragen"
"4226SRGRT","63","","1000000","10","X","SRG","Sragen"
"4227KRART","63","jF02","500000","24","X","KRA","Karanganyar"
"4227KRART","M3","174","800000","24","X","KRA","Karanganyar"
"4227KRART","M6","7003","500000","10","X","KRA","Karanganyar"
"4227KRART","MFB","078","800000","25","X","KRA","Karanganyar"
"4227SKHRT","ET","341","800000","24","X","SKH","Sukoharjo"
"4227SLURT","MFB","078","500000","10","x","SLU","Solo Utara"
"4228BYLRT","60","178","650000","24","X","BYL","Boyolali"
"4228BYLRT","M3","","500000","10","X","BYL","Boyolali"
"4228BYLRT","M6","7003","1100000","10","X","BYL","Boyolali"
"4228BYLRT","MFB","0233","3000000","10","X","BYL","Boyolali"
"4228BYLRT","MFB","175","2050000","10","X","BYL","Boyolali"
"4228BYLRT","MFB","190","500000","10","X","BYL","Boyolali"
"4228SLSRT","63","jF16","1000000","10","X","SLS","Solo Selatan"
"4229BYLRT","63","jf15","1000000","10","X","BYL","Boyolali"
"4230BYLRT","63","JF07","1000000","10","X","BYL","Boyolali"
"4230KRART","63","jf02","500000","24","X","KRA","Karanganyar"
"4230SRGRT","63","","1000000","10","X","SRG","Sragen"
"4231BYLRT","63","jf15","1000000","10","X","BYL","Boyolali"
"4233KRART","63","jF12","500000","1","X","KRA","Karanganyar"
"4233SLURT","63","jF01","3200000","24","X","SLU","Solo Utara"
"4233SLURT","MFB","0366","550000","24","X","SLU","Solo Utara"
"4234KRART","60","185","2550000","24","X","KRA","Karanganyar"
"4234KRART","63","jf02","1200000","24","X","KRA","Karanganyar"
"4235KRART","MFB","","5000000","24","X","KRA","Karanganyar"
"4236SRGRT","63","","1000000","10","X","SRG","Sragen"
"4238BYLRT","63","jF01","1000000","24","X","BYL","Boyolali"
"4239BYLRT","60","178","500000","24","X","BYL","Boyolali"
"4239BYLRT","63","jf03","1000000","10","X","BYL","Boyolali"
"4239KRART","63","jf02","1000000","24","X","KRA","Karanganyar"
"4239SRGRT","63","jF01","1000000","24","X","SRG","Sragen"
"4240SKHRT","63","","1000000","10","X","SKH","Sukoharjo"
"4241KRART","M6","","900000","10","X","KRA","Karanganyar"
"4241SKHRT","60","185","2800000","10","X","SKH","Sukoharjo"
"4241SKHRT","M3","190","500000","24","X","SKH","Sukoharjo"
"4241SKHRT","MFB","175","1000000","24","X","SKH","Sukoharjo"
"4241SLURT","60","178","1500000","24","X","SLU","Solo Utara"
"4241SRGRT","63","jF05","500000","24","X","SRG","Sragen"
"4242KRART","60","","500000","10","X","KRA","Karanganyar"
"4242SLSRT","MFB","0001","500000","10","","SLS","Solo Selatan"
"4244BYLRT","60","178","500000","24","X","BYL","Boyolali"
"4244BYLRT","63","JF11","3044183","10","X","BYL","Boyolali"
"4244BYLRT","M6","7003","600000","10","X","BYL","Boyolali"
"4244BYLRT","MFB","175","850000","24","X","BYL","Boyolali"
"4244KRART","63","JF16","700000","10","X","KRA","Karanganyar"
"4245SRGRT","63","jf08","6117133","24","X","SRG","Sragen"
"4246KRART","63","jF11","700000","10","X","KRA","Karanganyar"
"4247SLSRT","MFB","2332","500000","10","X","SLS","Solo Selatan"
"4248SLSRT","63","","1000000","10","X","SLS","Solo Selatan"
"4249KRART","60","178","500000","10","","KRA","Karanganyar"
"4250KRART","60","178","550000","10","X","KRA","Karanganyar"
"4250SLURT","60","185","8700000","10","X","SLU","Solo Utara"
"4250SLURT","M3","190","78300000","24","X","SLU","Solo Utara"
"4250SRGRT","60","185","500000","24","X","SRG","Sragen"
"4250SRGRT","MFB","","500000","10","X","SRG","Sragen"
"4251SLSRT","60","180","2000000","10","X","SLS","Solo Selatan"
"4254KRART","63","jF11","3500000","10","X","KRA","Karanganyar"
"4254SLSRT","60","180","700000","24","X","SLS","Solo Selatan"
"4255BYLRT","63","jf01","900000","10","X","BYL","Boyolali"
"4255KTSRT","63","jF07","1000000","24","X","KTS","Kartosuro"
"4255SRGRT","63","jf10","3400000","10","X","SRG","Sragen"
"4256KRART","63","","500000","10","X","KRA","Karanganyar"
"4256KTSRT","63","","1000000","10","X","KTS","Kartosuro"
"4256SKHRT","63","jF15","1000000","24","X","SKH","Sukoharjo"
"4256SLSRT","63","","1000000","10","X","SLS","Solo Selatan"
"4256SRGRT","60","181","4700000","24","X","SRG","Sragen"
"4257KRART","M3","189","700000","24","X","KRA","Karanganyar"
"4257SKHRT","MFB","2332","800000","10","X","SKH","Sukoharjo"
"4257SLSRT","MFB","2332","850000","10","X","SLS","Solo Selatan"
"4257SLURT","ET","0001","400000","10","X","SLU","Solo Utara"
"4257SLURT","MFB","0001","300000","10","X","SLU","Solo Utara"
"4258SKHRT","63","jf03","1000000","24","X","SKH","Sukoharjo"
"4258SRGRT","60","181","1450000","24","X","SRG","Sragen"
"4258SRGRT","63","jf12","11000000","10","X","SRG","Sragen"
"4258SRGRT","M3","067","8250000","24","X","SRG","Sragen"
"4258SRGRT","M6","093","2800000","10","X","SRG","Sragen"
"4258SRGRT","MFB","0112","10750000","10","X","SRG","Sragen"
"4258SRGRT","MFB","1100","500000","10","X","SRG","Sragen"
"4259KRART","63","JF15","1000000","24","X","KRA","Karanganyar"
"4259SLSRT","63","jF02","1600000","10","X","SLS","Solo Selatan"
"4259SRGRT","60","","500000","10","X","SRG","Sragen"
"4259SRGRT","63","JF08","1000000","10","X","SRG","Sragen"
"4259SRGRT","MFB","0112","500000","10","X","SRG","Sragen"
"4260BYLRT","63","JF12","1000000","10","X","BYL","Boyolali"
"4260BYLRT","M6","070","500000","10","X","BYL","Boyolali"
"4260SRGRT","M3","0146","21000000","10","X","SRG","Sragen"
"4260SRGRT","M3","0146N","40000","24","X","SRG","Sragen"
"4261BYLRT","63","jF03","1000000","24","X","BYL","Boyolali"
"4262BYLRT","63","JF12","1000000","10","X","BYL","Boyolali"
"4263SLURT","ET","","500000","25","X","SLU","Solo Utara"
"4266SRGRT","60","181","2200000","10","X","SRG","Sragen"
"4269BYLRT","63","JF12","1050000","24","X","BYL","Boyolali"
"4270BYLRT","ET","343","500000","25","X","BYL","Boyolali"
"4270BYLRT","M6","7003","700000","25","X","BYL","Boyolali"
"4271KRART","MFB","2331","500000","10","X","KRA","Karanganyar"
"4271KRART","MFB","2332","1650000","10","X","KRA","Karanganyar"
"4274SLSKO","M3","035","500000","10","X","SLS","Solo Selatan"
"4277BYLRT","60","179","1250000","24","X","BYL","Boyolali"
"4277KRART","60","0","700000","10","X","KRA","Karanganyar"
"4277KRART","ET","","500000","25","X","KRA","Karanganyar"
"4278KRART","60","188MT","500000","10","X","KRA","Karanganyar"
"4278SKHRT","ET","341","2600000","24","X","SKH","Sukoharjo"
"4278SRGRT","63","jF10","600000","24","X","SRG","Sragen"
"4280SRGRT","63","jF10","1350000","24","X","SRG","Sragen"
"4281SKHRT","63","jf16","1000000","24","X","SKH","Sukoharjo"
"4281SLSRT","63","JF07","1500000","24","X","SLS","Solo Selatan"
"4282SLSRT","63","jf16","1000000","24","X","SLS","Solo Selatan"
"4283KRART","M3","","500000","10","X","KRA","Karanganyar"
"4285SKHRT","63","jf01","1000000","24","X","SKH","Sukoharjo"
"4286SRGRT","MFB","0112","500000","24","X","SRG","Sragen"
"4286SRGRT","MFB","1100","500000","24","X","SRG","Sragen"
"4288bylrt","63","","500000","10","X","BYL","Boyolali"
"4301KRART","63","jf02","500000","24","X","KRA","Karanganyar"
"4301SKHRT","63","jF02","1000000","24","X","SKH","Sukoharjo"
"4301SRGRT","M3","1100","500000","10","X","SRG","Sragen"
"4301SRGRT","MFB","502","300000","10","X","SRG","Sragen"
"4302KRART","63","JF09","800000","24","X","KRA","Karanganyar"
"4302KRART","M6","7003","500000","24","X","KRA","Karanganyar"
"4305KRAAP","63","jf03","500000","10","X","KRA","Karanganyar"
"4310BYLRT","63","jF11","1937900","24","X","BYL","Boyolali"
"4310BYLRT","MFB","175","1500000","24","X","BYL","Boyolali"
"4310SRGRT","60","","500000","10","X","SRG","Sragen"
"4310SRGRT","63","jf14","700000","10","X","SRG","Sragen"
"4310SRGRT","M3","189","700000","10","X","SRG","Sragen"
"4311BYLRT","63","jF05","800000","24","X","BYL","Boyolali"
"4311SLSRT","60","178","800000","24","X","SLS","Solo Selatan"
"4312KRART","63","jF16","500000","24","X","KRA","Karanganyar"
"4312KRART","ET","341","500000","24","x","KRA","Karanganyar"
"4312KRART","M3","174","500000","10","X","KRA","Karanganyar"
"4312KRART","MFB","078","400000","25","X","KRA","Karanganyar"
"4315BYLRT","63","jF12","500000","24","X","BYL","Boyolali"
"4315KRART","63","jf02","1000000","24","X","KRA","Karanganyar"
"4315KRART","M6","070","1000000","24","X","KRA","Karanganyar"
"4315SRGRT","60","181","2000000","24","X","SRG","Sragen"
"4319SRGRT","63","jf17","1600000","10","X","SRG","Sragen"
"4321SRGKO","63","jF12","1000000","10","X","SRG","Sragen"
"4321SRGKO","M6","070","500000","24","X","SRG","Sragen"
"4322BYLRT","60","185","1650000","24","X","BYL","Boyolali"
"4322KRART","63","jF03","5600000","10","X","KRA","Karanganyar"
"4322SRGRT","M3","184","4000000","24","X","SRG","Sragen"
"4328BYLRT","63","jf01","500000","24","X","BYL","Boyolali"
"4328KRART","M3","0146","800000","10","","KRA","Karanganyar"
"4328KRART","M3","0146N","40000","24","","KRA","Karanganyar"
"4328SKHRT","63","jF03","500000","24","X","SKH","Sukoharjo"
"4329BYLRT","63","","500000","10","X","BYL","Boyolali"
"4331BYLRT","63","jF18","1000000","24","X","BYL","Boyolali"
"4331KRART","60","180","500000","10","X","KRA","Karanganyar"
"4333KRART","60","","1000000","24","X","KRA","Karanganyar"
"4333KRART","MFB","078","500000","24","X","KRA","Karanganyar"
"4333KRART","MFB","1109","500000","24","X","KRA","Karanganyar"
"4333SLURT","60","178","1400000","24","X","SLU","Solo Utara"
"4334SLURT","ET","343","1300000","24","X","SLU","Solo Utara"
"4335skhrt","60","178","3750000","10","X","SKH","Sukoharjo"
"4335slurt","60","178","2500000","24","X","SLU","Solo Utara"
"4341KRART","63","jF12","2000000","24","X","KRA","Karanganyar"
"4341KRART","ET","342","600000","25","X","KRA","Karanganyar"
"4341KRART","M3","174","950000","10","X","KRA","Karanganyar"
"4341KRART","M6","7003","1500000","24","X","KRA","Karanganyar"
"4341KRART","MFB","078","900000","10","X","KRA","Karanganyar"
"4342KRART","63","jF12","1400000","24","X","KRA","Karanganyar"
"4342KRART","ET","342","700000","24","X","KRA","Karanganyar"
"4342KRART","M3","174","500000","10","X","KRA","Karanganyar"
"4342KRART","M6","070","700000","24","X","KRA","Karanganyar"
"4342KRART","MFB","078","1000000","24","X","KRA","Karanganyar"
"4342KRART","MFB","1109","500000","24","X","KRA","Karanganyar"
"4350KRART","63","jf02","1600000","24","X","KRA","Karanganyar"
"4350SLURT","M3","190","1350000","10","X","SLU","Solo Utara"
"4350SRGRT","60","181","500000","24","","SRG","Sragen"
"4351SLSRT","63","jf07","1500000","24","X","SLS","Solo Selatan"
"4352SLSRT","63","jF07","2000000","24","X","SLS","Solo Selatan"
"4355BYLRT","63","jf18","700000","24","X","BYL","Boyolali"
"4357BYLRT","63","jF07","5500000","10","X","BYL","Boyolali"
"4357BYLRT","ET","343","500000","24","X","BYL","Boyolali"
"4357BYLRT","M6","7003","600000","10","1","BYL","Boyolali"
"4357BYLRT","MFB","175","1600000","10","X","BYL","Boyolali"
"4358BYLRT","63","","500000","10","X","BYL","Boyolali"
"4358KRART","63","jF01","500000","10","x","KRA","Karanganyar"
"4358SRGRT","63","jF08","1000000","24","X","SRG","Sragen"
"4359BYLRT","63","jF07","1578933","10","X","BYL","Boyolali"
"4360KRART","60","180","500000","24","X","KRA","Karanganyar"
"4360KRART","63","JF11","700000","10","X","KRA","Karanganyar"
"4360KRART","ET","341","500000","24","X","KRA","Karanganyar"
"4360KRART","M3","174","550000","10","X","KRA","Karanganyar"
"4360KRART","M6","7003","500000","24","X","KRA","Karanganyar"
"4360KRART","MFB","078","1200000","24","X","KRA","Karanganyar"
"4362BYLRT","MFB","175","2000000","24","X","BYL","Boyolali"
"4362SRGRT","63","jF10","1350000","10","X","SRG","Sragen"
"4364SLURT","63","jf16","500000","24","X","SLU","Solo Utara"
"4365BYLRT","60","179","1200000","25","X","BYL","Boyolali"
"4365BYLRT","M6","7003","2000000","10","X","BYL","Boyolali"
"4365BYLRT","MFB","0233","500000","25","X","BYL","Boyolali"
"4365BYLRT","MFB","175","12250000","24","X","BYL","Boyolali"
"4365BYLRT","MFB","190","750000","25","X","BYL","Boyolali"
"4365KRART","60","180","1250000","10","X","KRA","Karanganyar"
"4365KRART","63","jF01","1800000","10","X","KRA","Karanganyar"
"4365KRART","MFB","1109","500000","10","X","KRA","Karanganyar"
"4365KTSRT","MFB","0366","2100000","1","X","KTS","Kartosuro"
"4365SRGRT","60","185","850000","24","X","SRG","Sragen"
"4366SKHRT","ET","","400000","25","X","SKH","Sukoharjo"
"4366SRGRT","60","185","850000","24","X","SRG","Sragen"
"4366SRGRT","63","jf14","650000","10","X","SRG","Sragen"
"4367KRART","60","185","5000000","24","X","KRA","Karanganyar"
"4368SRGRT","63","jf10","1000000","24","X","SRG","Sragen"
"4369SRGRT","63","jf14","1084155","24","X","SRG","Sragen"
"4370SKHRT","63","jf02","500000","10","X","SKH","Sukoharjo"
"4377KRART","63","jF01","500000","24","X","KRA","Karanganyar"
"4380KRART","63","JF09","1100000","24","X","KRA","Karanganyar"
"4380KRART","ET","341","500000","24","X","KRA","Karanganyar"
"4380KRART","M3","174","500000","10","X","KRA","Karanganyar"
"4380KRART","M6","7003","1100000","24","X","KRA","Karanganyar"
"4380KRART","MFB","078","800000","24","X","KRA","Karanganyar"
"4388BYLRT","M6","7003","800000","24","X","BYL","Boyolali"
"4388BYLRT","MFB","175","4300000","10","X","BYL","Boyolali"
"4395SKHRT","60","179","600000","10","X","SKH","Sukoharjo"
"4395SKHRT","63","","1200000","10","X","SKH","Sukoharjo"
"4396BYLRT","63","jf05","500000","24","X","BYL","Boyolali"
"4399GMLRT","60","178","600000","24","X","GML","Gemolong"
"4399SRGRT","ET","341","500000","25","X","SRG","Sragen"
"4401SRGRT","ET","","500000","24","X","SRG","Sragen"
"4402SRGRT","ET","341","1000000","10","X","SRG","Sragen"
"4403BYLRT","MFB","1100","500000","10","x","BYL","Boyolali"
"4405SKHRT","63","","1000000","10","X","SKH","Sukoharjo"
"4411BYLRT","63","jF01","1400000","10","X","BYL","Boyolali"
"4411SRGRT","60","181","750000","24","X","SRG","Sragen"
"4412SRGRT","M3","190","500000","10","X","SRG","Sragen"
"4413SLSRT","ET","343","700000","24","X","SLS","Solo Selatan"
"4413SLURT","63","jF05","1400000","24","X","SLU","Solo Utara"
"4413SRGRT","60","185","600000","10","X","SRG","Sragen"
"4413SRGRT","63","jf17","900000","10","X","SRG","Sragen"
"4413SRGRT","ET","341","500000","24","X","SRG","Sragen"
"4413SRGRT","M3","190","600000","24","X","SRG","Sragen"
"4413SRGRT","MFB","0112","500000","10","X","SRG","Sragen"
"4413SRGRT","MFB","1100","500000","10","X","SRG","Sragen"
"4414SLSRT","ET","341","1500000","28","X","SLS","Solo Selatan"
"4414SRGRT","M3","067","500000","24","X","SRG","Sragen"
"4415SRGRT","M3","067","500000","24","X","SRG","Sragen"
"4416BYLRT","63","jF05","500000","24","X","BYL","Boyolali"
"4416SRGRT","M3","190","500000","24","X","SRG","Sragen"
"4421KRART","63","jF07","600000","24","X","KRA","Karanganyar"
"4421SKHRT","60","185","550000","24","X","SKH","Sukoharjo"
"4421SRGRT","60","185","900000","24","X","SRG","Sragen"
"4421SRGRT","63","JF10","3500000","10","X","SRG","Sragen"
"4421SRGRT","M3","067","800000","24","X","SRG","Sragen"
"4421SRGRT","MFB","0112","1600000","10","X","SRG","Sragen"
"4421SRGRT","MFB","1100","500000","10","X","SRG","Sragen"
"4422SKHRT","ET","342","3000000","45","X","SKH","Sukoharjo"
"4422SLSSM","MFB","0001","500000","10","x","SLS","Solo Selatan"
"4422SRGRT","60","185","3250000","10","X","SRG","Sragen"
"4422SRGRT","M3","067","1500000","24","X","SRG","Sragen"
"4424BYLRT","63","jf15","500000","24","X","BYL","Boyolali"
"4424SLSRT","63","","500000","10","X","SLS","Solo Selatan"
"4424SLSRT","ET","341","2250000","24","X","SLS","Solo Selatan"
"4432BYLRT","M3","","500000","10","X","BYL","Boyolali"
"4433SRGRT","60","185","800000","10","X","SRG","Sragen"
"4440KRART","60","179","3350000","24","X","KRA","Karanganyar"
"4441BYLRT","63","jF03","1100000","24","X","BYL","Boyolali"
"4441KRART","M3","174","7500000","10","X","KRA","Karanganyar"
"4442BYLRT","60","178","2000000","24","X","BYL","Boyolali"
"4444SRGRT","63","jF10","500000","24","X","SRG","Sragen"
"4449SRGRT","63","JF14","9300000","24","X","SRG","Sragen"
"4450GMLRT","ET","","500000","24","X","GML","Gemolong"
"4450SKHRT","M3","190","500000","10","","SKH","Sukoharjo"
"4450SLSRT","60","178","500000","24","X","SLS","Solo Selatan"
"4450SLURT","ET","","500000","25","","SLU","Solo Utara"
"4451SLSKO","63","jf05","1000000","24","X","SLS","Solo Selatan"
"4451SLSKO","ET","341","500000","24","X","SLS","Solo Selatan"
"4451SLSKO","M3","067","500000","24","X","SLS","Solo Selatan"
"4452SLSRT","M3","190","500000","24","X","SLS","Solo Selatan"
"4453SRGRT","M3","189","500000","10","X","SRG","Sragen"
"4455BYLRT","63","jf16","5500000","24","X","BYL","Boyolali"
"4455BYLRT","ET","341","500000","24","X","BYL","Boyolali"
"4455BYLRT","M3","035","1250000","24","X","BYL","Boyolali"
"4455BYLRT","MFB","0366","800000","10","X","BYL","Boyolali"
"4455BYLRT","MFB","069","650000","10","X","BYL","Boyolali"
"4455BYLRT","MFB","E001","500000","10","x","BYL","Boyolali"
"4455SLSRT","M3","190","5000000","10","X","SLS","Solo Selatan"
"4455SRGRT","ET","341","900000","24","X","SRG","Sragen"
"4456KRART","ET","","500000","25","","KRA","Karanganyar"
"4456SLSRT","M3","190","500000","24","X","SLS","Solo Selatan"
"4456SRGRT","ET","341","500000","24","X","SRG","Sragen"
"4457SKHRT","60","178","1200000","10","X","SKH","Sukoharjo"
"4459SRGRT","60","178","1100000","24","X","SRG","Sragen"
"4459SRGRT","63","jf10","900000","24","X","SRG","Sragen"
"4459SRGRT","M3","184","3000000","24","X","SRG","Sragen"
"4459SRGRT","MFB","0112","500000","24","X","SRG","Sragen"
"4460SLSRT","63","jf12","500000","24","X","SLS","Solo Selatan"
"4464BYLRT","63","jF09","1000000","24","X","BYL","Boyolali"
"4464BYLRT","M6","7003","500000","10","X","BYL","Boyolali"
"4464BYLRT","MFB","175","500000","24","X","BYL","Boyolali"
"4465KRART","ET","341","500000","24","X","KRA","Karanganyar"
"4465SRGRT","60","185","2300000","24","X","BYL","Boyolali"
"4466KRART","M3","174","500000","10","X","KRA","Karanganyar"
"4470BYLRT","63","jF03","5500000","10","X","BYL","Boyolali"
"4470BYLRT","ET","340","500000","24","x","BYL","Boyolali"
"4470BYLRT","M6","","500000","10","X","BYL","Boyolali"
"4470BYLRT","MFB","175","1000000","10","X","BYL","Boyolali"
"4471SRGRT","60","181","10100000","24","X","SRG","Sragen"
"4471SRGRT","63","JF08","3200000","24","X","SRG","Sragen"
"4471SRGRT","M3","184","4050000","24","X","SRG","Sragen"
"4474KRART","60","181","500000","10","X","KRA","Karanganyar"
"4474KRART","63","jF17","500000","10","X","KRA","Karanganyar"
"4474KRART","ET","341","500000","25","X","KRA","Karanganyar"
"4474KRART","M3","067","500000","10","X","KRA","Karanganyar"
"4474KRART","MFB","0112","500000","24","X","KRA","Karanganyar"
"4474KRART","MFB","1100","500000","24","X","KRA","Karanganyar"
"4474SLURT","63","JF16","800000","24","X","SLU","Solo Utara"
"4477KTSRT","63","jF17","500000","10","X","KTS","Kartosuro"
"4478BYLRT","60","185","500000","24","X","BYL","Boyolali"
"4478SRGRT","63","jF14","500000","24","X","SRG","Sragen"
"4478SRGRT","ET","","500000","25","X","SRG","Sragen"
"4478SRGRT","M3","067","1000000","10","X","SRG","Sragen"
"4478SRGRT","MFB","0181","500000","10","X","SRG","Sragen"
"4481SLSRT","M3","067","600000","24","X","SLS","Solo Selatan"
"4487SLURT","60","0","500000","10","X","SLU","Solo Utara"
"4487SLURT","63","JF01","500000","24","X","SLU","Solo Utara"
"4499GMLRT","63","jf05","500000","10","X","GML","Gemolong"
"4500BYLRT","60","","100000","10","X","BYL","Boyolali"
"4500KTSRT","63","JF13","500000","10","","KTS","Kartosuro"
"4500SRGRT","60","185","600000","24","X","SRG","Sragen"
"4500SRGRT","63","JF02","1700000","24","X","SRG","Sragen"
"4501BYLRT","60","","1000000","10","X","BYL","Boyolali"
"4501BYLRT","ET","","500000","25","X","BYL","Boyolali"
"4501BYLRT","M3","184","500000","10","X","BYL","Boyolali"
"4501SLSRT","60","180","500000","24","x","SLS","Solo Selatan"
"4501SLSRT","M3","190","500000","24","X","SLS","Solo Selatan"
"4502KRART","60","185","500000","1","x","KRA","Karanganyar"
"4502KRART","63","","1200000","10","X","KRA","Karanganyar"
"4503KRART","63","jF13","1000000","10","","KRA","Karanganyar"
"4504KRART","60","178","1200000","10","X","KRA","Karanganyar"
"4504KRART","63","jF18","1500000","10","X","KRA","Karanganyar"
"4504KRART","M6","7003","600000","10","X","KRA","Karanganyar"
"4505BYLRT","60","178","2900000","10","X","BYL","Boyolali"
"4505KRART","60","","3600000","10","X","KRA","Karanganyar"
"4505KRART","MFB","078","5200000","24","X","KRA","Karanganyar"
"4506BYLRT","63","jf09","500000","10","X","BYL","Boyolali"
"4509SLSRT","M6","7003","500000","10","X","SLS","Solo Selatan"
"4509SLSRT","MFB","175","500000","10","X","SLS","Solo Selatan"
"4510SLSRT","M3","","500000","10","X","SLS","Solo Selatan"
"4510SLSSM","M3","0001","500000","1","","SLS","Solo Selatan"
"4511KTSRT","60","179","2500000","10","X","KTS","Kartosuro"
"4511KTSRT","63","jF11","3800000","24","X","KTS","Kartosuro"
"4511KTSRT","ET","340","750000","24","X","KTS","Kartosuro"
"4511KTSRT","M3","190","2250000","10","X","KTS","Kartosuro"
"4511KTSRT","M6","7003","800000","25","X","KTS","Kartosuro"
"4511KTSRT","MFB","175","500000","24","X","KTS","Kartosuro"
"4511SLSRT","M3","x","500000","24","X","SLS","Solo Selatan"
"4511SLURT","M3","0001","800000","10","X","SLU","Solo Utara"
"4512BYLRT","60","178","550000","24","X","BYL","Boyolali"
"4512KTSRT","60","179","3600000","10","X","KTS","Kartosuro"
"4512KTSRT","M3","190","500000","24","X","KTS","Kartosuro"
"4512SKHRT","63","","2173678","10","X","SKH","Sukoharjo"
"4512slurt","63","","500000","10","X","SLU","Solo Utara"
"4512SRGRT","M3","067","1200000","24","X","SRG","Sragen"
"4513BYLRT","63","","500000","10","X","BYL","Boyolali"
"4513KTSRT","63","jf12","2300000","10","X","KTS","Kartosuro"
"4513SRGRT","M3","189","900000","10","X","SRG","Sragen"
"4514KTSRT","M3","","500000","10","X","KTS","Kartosuro"
"4514SKHRT","63","jF07","1200000","24","X","SKH","Sukoharjo"
"4514SKHRT","M3","174","650000","10","X","SKH","Sukoharjo"
"4515SLSRT","ET","340","2000000","24","X","SLS","Solo Selatan"
"4515SLURT","60","185","1450000","10","X","SLU","Solo Utara"
"4515SLURT","63","jF11","2300000","10","X","SLU","Solo Utara"
"4516BYLRT","63","jF07","3000000","24","X","BYL","Boyolali"
"4516SRGRT","63","JF10","1561900","10","X","SRG","Sragen"
"4516SRGRT","ET","341","500000","24","X","SRG","Sragen"
"4516SRGRT","M3","067","500000","24","X","SRG","Sragen"
"4517KRART","63","","1000000","10","X","KRA","Karanganyar"
"4517SLSRT","63","jF03","500000","10","X","SLS","Solo Selatan"
"4517SRGRT","63","JF10","1900000","24","X","SRG","Sragen"
"4517SRGRT","ET","341","800000","24","X","SRG","Sragen"
"4518BYLRT","63","jF07","500000","24","X","BYL","Boyolali"
"4518SLSRT","63","JF03","720300","24","X","SLS","Solo Selatan"
"4518SRGRT","60","181","850000","10","X","SRG","Sragen"
"4518SRGRT","63","jF14","1700000","10","X","SRG","Sragen"
"4518SRGRT","M3","067","750000","24","X","SRG","Sragen"
"4518SRGRT","M6","086","700000","24","X","SRG","Sragen"
"4518SRGRT","MFB","0112","500000","25","X","SRG","Sragen"
"4520SLSRT","60","180","500000","1","X","SLS","Solo Selatan"
"4520SLSRT","63","jf05","2000000","24","X","SLS","Solo Selatan"
"4521BYLRT","60","178","1600000","24","X","BYL","Boyolali"
"4521BYLRT","63","jF09","600000","24","X","BYL","Boyolali"
"4521BYLRT","M6","7003","500000","24","X","BYL","Boyolali"
"4521SRGRT","MFB","189","500000","10","","SRG","Sragen"
"4522SKHRT","M3","174","950000","10","X","SKH","Sukoharjo"
"4522SLURT","63","jF02","1000000","24","X","SLU","Solo Utara"
"4523BYLRT","63","JF01","500000","24","","BYL","Boyolali"
"4523SLSRT","60","180","500000","24","x","SLS","Solo Selatan"
"4523SLSRT","63","jF11","900000","10","X","SLS","Solo Selatan"
"4523SLSRT","M3","174","500000","10","X","SLS","Solo Selatan"
"4523SLSRT","MFB","078","2000000","24","X","SLS","Solo Selatan"
"4526KTSRT","M3","067","700000","1","X","KTS","Kartosuro"
"4528BYLRT","60","178","500000","24","","BYL","Boyolali"
"4528SKHRT","M3","502","300000","10","X","SKH","Sukoharjo"
"4528SKHRT","M3","502N","40000","24","X","SKH","Sukoharjo"
"4528SLSRT","60","180","1700000","10","X","SLS","Solo Selatan"
"4528SRGRT","ET","","300000","25","X","SRG","Sragen"
"4528SRGRT","MFB","502","300000","10","X","SRG","Sragen"
"4529BYLRT","63","","1000000","10","X","BYL","Boyolali"
"4529BYLRT","M3","","600000","10","X","BYL","Boyolali"
"4529SRGRT","MFB","502","500000","10","x","SRG","Sragen"
"4530SLURT","63","jF02","1800000","24","X","SLU","Solo Utara"
"4530SRGRT","MFB","502","500000","10","x","SRG","Sragen"
"4532BYLRT","M3","","500000","10","X","BYL","Boyolali"
"4532SRGRT","60","181","1800000","24","X","SRG","Sragen"
"4533GMLRT","ET","342","3100000","24","X","SRG","Sragen"
"4533KTSRT","M3","","300000","10","X","KTS","Kartosuro"
"4533KTSRT","M3","","40000","24","X","KTS","Kartosuro"
"4536KRART","63","jF12","1144531","24","X","KRA","Karanganyar"
"4537KRART","63","","1000000","10","X","KRA","Karanganyar"
"4537SLSRT","63","jF07","442175","24","X","SLS","Solo Selatan"
"4537SLSRT","ET","340","500000","24","X","SLS","Solo Selatan"
"4539KRART","60","178","500000","10","x","SLS","Solo Selatan"
"4541BYLRT","63","jF07","500000","10","X","BYL","Boyolali"
"4541KRART","60","178","750000","10","X","KRA","Karanganyar"
"4541SLSRT","63","JF23","9000000","10","X","SLS","Solo Selatan"
"4541SLURT","60","180","500000","24","X","SLU","Solo Utara"
"4541SLURT","MFB","0366","600000","10","X","SLU","Solo Utara"
"4541SLURT","MFB","069","1300000","10","X","SLU","Solo Utara"
"4541SLURT","MFB","E001","500000","10","x","SLU","Solo Utara"
"4541SRGRT","63","jF17","2000000","24","X","SRG","Sragen"
"4542BYLRT","63","","2600000","10","X","BYL","Boyolali"
"4543SLSRT","63","","500000","10","X","SLS","Solo Selatan"
"4543SLSRT","M3","067","500000","25","X","SLS","Solo Selatan"
"4544slsrt","63","","500000","10","X","SLS","Solo Selatan"
"4544slsrt","M3","067","600000","24","X","SLS","Solo Selatan"
"4544SRGRT","63","JF08","2600000","24","X","SRG","Sragen"
"4544SRGRT","M6","086","1300000","24","X","SRG","Sragen"
"4544SRGRT","MFB","1100","500000","10","X","SRG","Sragen"
"4545GMLRT","M3","189","25000000","10","X","GML","Gemolong"
"4545KRART","63","JF07","624392","24","X","KRA","Karanganyar"
"4545SLSRT","60","179","500000","24","X","SLS","Solo Selatan"
"4545SLSRT","M3","190","500000","10","X","SLS","Solo Selatan"
"4547BYLRT","63","jF05","500000","24","","BYL","Boyolali"
"4550SKHRT","63","JF01","500000","24","X","SKH","Sukoharjo"
"4550SLSRT","63","JF11","500000","24","X","SLS","Solo Selatan"
"4551BYLRT","63","","1500000","10","X","BYL","Boyolali"
"4551KRART","63","jF03","650000","24","X","KRA","Karanganyar"
"4551KRART","MFB","1109","500000","10","X","KRA","Karanganyar"
"4551SLSRT","M3","502","300000","10","X","SLS","Solo Selatan"
"4551SLSRT","M3","502N","40000","24","X","SLS","Solo Selatan"
"4551SRGRT","ET","341","1800000","24","X","SRG","Sragen"
"4552SLSRT","M3","502","300000","10","X","SLS","Solo Selatan"
"4552SLSRT","M3","502N","40000","24","X","SLS","Solo Selatan"
"4553SLSRT","60","179","3500000","10","X","SLS","Solo Selatan"
"4553SLURT","63","jF03","550000","24","X","SLU","Solo Utara"
"4554BYLRT","60","179","1550000","10","X","BYL","Boyolali"
"4554BYLRT","63","jf11","1450000","10","X","BYL","Boyolali"
"4554BYLRT","M6","7003","500000","24","X","BYL","Boyolali"
"4554BYLRT","MFB","175","600000","10","X","BYL","Boyolali"
"4555BYLRT","M3","","500000","10","X","BYL","Boyolali"
"4555KRART","63","JF12","1000000","24","X","KRA","Karanganyar"
"4555KRART","M6","086","500000","10","x","KRA","Karanganyar"
"4555KRART","MFB","1100","500000","10","X","KRA","Karanganyar"
"4555SLSRT","63","","3500000","10","X","SLS","Solo Selatan"
"4555SRGRT","63","jF10","2500000","10","X","SRG","Sragen"
"4555SRGRT","M3","189","550000","10","X","SRG","Sragen"
"4555SRGRT","MFB","0112","500000","24","X","SRG","Sragen"
"4555SRGRT","MFB","1100","500000","24","X","SRG","Sragen"
"4556BYLRT","60","179","600000","24","X","BYL","Boyolali"
"4556BYLRT","63","jF03","2100000","10","X","BYL","Boyolali"
"4556SLSRT","ET","343","500000","24","X","SLS","Solo Selatan"
"4557BYLRT","60","193","7500000","24","X","BYL","Boyolali"
"4557SRGRT","63","jf08","500000","24","X","SRG","Sragen"
"4558KRART","63","jF16","500000","10","X","KRA","Karanganyar"
"4558SLSRT","63","jf12","20000000","24","X","SLS","Solo Selatan"
"4559BYLRT","63","jF07","500000","24","X","BYL","Boyolali"
"4560BYLRT","60","178","500000","24","X","BYL","Boyolali"
"4560GMLRT","63","jf08","500000","24","X","GML","Gemolong"
"4560GMLRT","M3","067","1700000","10","X","GML","Gemolong"
"4560SRGRT","63","jf14","500000","10","X","SRG","Sragen"
"4561KRART","63","jf11","600000","10","X","KRA","Karanganyar"
"4561KRART","M3","174","500000","10","X","KRA","Karanganyar"
"4561SKHRT","M3","","900000","10","X","SKH","Sukoharjo"
"4561SKHRT","M3","N","40000","24","X","SKH","Sukoharjo"
"4561SLURT","ET","341","1250000","24","X","SLU","Solo Utara"
"4561SRGRT","60","185","1100000","24","X","SRG","Sragen"
"4561SRGRT","63","jF17","1800000","10","X","SRG","Sragen"
"4561SRGRT","M3","067","8800000","24","X","SRG","Sragen"
"4561SRGRT","M6","070","500000","10","X","SRG","Sragen"
"4561SRGRT","MFB","0112","500000","24","X","SRG","Sragen"
"4563BYLRT","M3","","300000","10","X","BYL","Boyolali"
"4563BYLRT","M3","","40000","24","X","BYL","Boyolali"
"4563KRART","M3","174","650000","10","X","KRA","Karanganyar"
"4563KRART","M6","7003","500000","10","X","KRA","Karanganyar"
"4563KRART","MFB","","500000","24","X","KRA","Karanganyar"
"4564SRGRT","60","185","500000","24","X","SRG","Sragen"
"4565KRART","63","","526019","10","X","KRA","Karanganyar"
"4565KRART","ET","341","500000","24","X","KRA","Karanganyar"
"4565SLSRT","60","179","700000","24","X","SLS","Solo Selatan"
"4565SLURT","M3","0001","100000","10","x","SLU","Solo Utara"
"4565SLURT","MFB","0001","500000","10","X","SLU","Solo Utara"
"4565SRGRT","ET","341","500000","24","X","SRG","Sragen"
"4565SRGRT","M3","190","2600000","24","X","SRG","Sragen"
"4565SRGRT","M6","086","500000","10","X","SRG","Sragen"
"4566BYLRT","63","jf05","500000","24","X","BYL","Boyolali"
"4566KRART","ET","341","500000","24","X","KRA","Karanganyar"
"4566SLSRT","60","178","2250000","24","X","SLS","Solo Selatan"
"4566SLSRT","ET","342","600000","24","X","SLS","Solo Selatan"
"4566SLSRT","M3","190","10000000","24","X","SLS","Solo Selatan"
"4566SRGRT","ET","341","1150000","24","X","SRG","Sragen"
"4567SLSRT","M3","","500000","10","X","SLS","Solo Selatan"
"4567SRGRT","60","","500000","10","X","SRG","Sragen"
"4567SRGRT","63","jF10","500000","24","X","SRG","Sragen"
"4568KRART","60","180","500000","24","x","KRA","Karanganyar"
"4568SLSRT","M3","190","500000","10","X","SLS","Solo Selatan"
"4569KRART","63","","500000","10","X","KRA","Karanganyar"
"4569SLURT","63","jF12","1800000","10","X","SLU","Solo Utara"
"4569SLURT","ET","343","500000","24","X","SLU","Solo Utara"
"4569SLURT","M3","190","500000","24","x","SLU","Solo Utara"
"4569SLURT","M6","070","2000000","24","X","SLU","Solo Utara"
"4571KRART","60","180","600000","24","X","KRA","Karanganyar"
"4571KRART","63","jf07","700000","24","X","KRA","Karanganyar"
"4571KRART","M3","174","2050000","1","X","KRA","Karanganyar"
"4571SLURT","63","JF09","500000","24","X","SLU","Solo Utara"
"4571SRGRT","60","185","900000","24","X","SRG","Sragen"
"4573SLSRT","63","jF05","3900000","10","X","SLS","Solo Selatan"
"4573SLSRT","ET","342","1750000","24","X","SLS","Solo Selatan"
"4573SLSRT","M3","035","500000","10","X","SLS","Solo Selatan"
"4573SLSRT","M6","070","2000000","10","X","SLS","Solo Selatan"
"4573SLSRT","MFB","078","1900000","10","X","SLS","Solo Selatan"
"4573SRGRT","60","185","4000000","10","X","SRG","Sragen"
"4573SRGRT","63","jf10","1200000","10","X","SRG","Sragen"
"4573SRGRT","M3","190","3200000","24","X","SRG","Sragen"
"4574SKHRT","63","jf01","3019140","24","X","BYL","Boyolali"
"4574SLSRT","M3","035","1100000","10","X","SLS","Solo Selatan"
"4576SLSRT","60","178","500000","24","X","SLS","Solo Selatan"
"4576SLSRT","63","JF11","900000","24","X","SLS","Solo Selatan"
"4576SLSRT","ET","340","500000","24","X","SLS","Solo Selatan"
"4576SLSRT","MFB","2332","500000","10","X","SLS","Solo Selatan"
"4577BYLRT","60","179","1300000","10","X","BYL","Boyolali"
"4577BYLRT","63","jf07","1000000","24","X","BYL","Boyolali"
"4577SLSRT","60","168","3700000","5","X","SLS","Solo Selatan"
"4577SRGRT","60","185","1550000","25","X","SRG","Sragen"
"4577SRGRT","63","JF10","500000","10","X","SRG","Sragen"
"4578BYLRT","63","jF11","500000","24","X","BYL","Boyolali"
"4578BYLRT","M6","7003","500000","24","X","BYL","Boyolali"
"4578KRART","63","JF01","1000000","10","X","KRA","Karanganyar"
"4578SKHRT","M3","035","500000","10","x","SLU","Solo Utara"
"4578SLURT","M3","","35000000","10","X","SLU","Solo Utara"
"4578SRGRT","60","185","900000","24","X","SRG","Sragen"
"4578SRGRT","63","JF14","500000","24","X","SRG","Sragen"
"4579KRART","M3","184","6100000","24","X","KRA","Karanganyar"
"4579SRGRT","63","jF14","500000","24","X","SRG","Sragen"
"4580KRART","63","","1200000","10","X","KRA","Karanganyar"
"4581BYLRT","ET","343","500000","25","X","BYL","Boyolali"
"4581KRART","63","","504433","10","X","KRA","Karanganyar"
"4581SLSRT","63","jF03","500000","10","X","SLS","Solo Selatan"
"4581SLSRTJLYOSODIPUR","63","JF03","500000","10","X","SLS","Solo Selatan"
"4583BYLRT","63","jF01","500000","24","X","BYL","Boyolali"
"4584SLSRT","ET","343","1200000","24","X","SLS","Solo Selatan"
"4584SLURT","M3","","500000","10","X","SLU","Solo Utara"
"4586SLSRT","63","jf07","1596933","24","X","SLS","Solo Selatan"
"4586SRGRT","63","jf10","1461292","24","X","SRG","Sragen"
"4587BYLRT","63","JF11","5000000","24","X","BYL","Boyolali"
"4587SRGRT","60","185","500000","24","X","SRG","Sragen"
"4587SRGRT","63","JF10","2220142","24","X","SRG","Sragen"
"4587SRGRT","M3","189","1700000","10","X","SRG","Sragen"
"4587SRGRT","M6","086","950000","24","X","SRG","Sragen"
"4587SRGRT","MFB","0112","750000","24","X","SRG","Sragen"
"4588BYLRT","MFB","175","500000","24","X","BYL","Boyolali"
"4588SRGRT","60","185","8500000","10","X","SRG","Sragen"
"4589KRART","63","jf02","1150000","24","X","KRA","Karanganyar"
"4589KRART","ET","","500000","25","X","KRA","Karanganyar"
"4589KRART","M3","189","500000","10","X","KRA","Karanganyar"
"4589KRART","M6","070","500000","24","X","KRA","Karanganyar"
"4590BYLRT","ET","343","3000000","24","X","BYL","Boyolali"
"4590KRART","M3","","500000","10","X","KRA","Karanganyar"
"4593SKHRT","MFB","078","5100000","24","X","SKH","Sukoharjo"
"4593SRGRT","63","jF17","500000","24","X","SRG","Sragen"
"4595BYLRT","60","181","500000","10","X","BYL","Boyolali"
"4597KRART","63","jf03","1760008","24","X","KRA","Karanganyar"
"4597SRGRT","60","185","500000","24","X","SRG","Sragen"
"4597SRGRT","63","jf14","700000","24","X","SRG","Sragen"
"4598SLURT","60","185","750000","24","X","SLU","Solo Utara"
"4598SLURT","63","jF03","500000","10","X","SLU","Solo Utara"
"4599SLSRT","ET","342","300000","10","X","SLS","Solo Selatan"
"4599SLSRT","M3","jf05","300000","10","X","SLS","Solo Selatan"
"4599SLSRT","M6","070","500000","10","X","SLS","Solo Selatan"
"4599SRGRT","63","jF08","500000","24","X","SRG","Sragen"
"4600SKHRT","ET","340","650000","24","X","SKH","Sukoharjo"
"4600SLSRT","M3","","500000","10","X","SLS","Solo Selatan"
"4600SRGRT","60","178","950000","24","X","SRG","Sragen"
"4601KRART","60","180","900000","10","X","KRA","Karanganyar"
"4601KRART","63","jF09","5500000","10","X","KRA","Karanganyar"
"4601KRART","M3","174","500000","10","X","KRA","Karanganyar"
"4601KRART","M6","7003","2000000","24","X","KRA","Karanganyar"
"4601KRART","MFB","078","1000000","24","X","KRA","Karanganyar"
"4602BYLRT","63","","500000","24","X","BYL","Boyolali"
"4602KRART","63","jF15","500000","24","X","KRA","Karanganyar"
"4602SRGRT","ET","341","500000","24","X","SRG","Sragen"
"4603SRGRT","ET","341","500000","24","X","SRG","Sragen"
"4604SRGRT","60","181","1200000","24","X","SRG","Sragen"
"4605KRART","63","jF01","500000","10","","KRA","Karanganyar"
"4608KRART","60","178","550000","24","X","KRA","Karanganyar"
"4608KRART","63","jf18","1541951","24","X","KRA","Karanganyar"
"4608KRART","M6","070","600000","24","X","KRA","Karanganyar"
"4608KRART","MFB","175","450000","24","X","KRA","Karanganyar"
"4608SKHRT","60","178","1200000","10","X","SKH","Sukoharjo"
"4608SKHRT","M3","190","500000","10","X","SKH","Sukoharjo"
"4610BLYRT","60","178","1050000","24","X","BYL","Boyolali"
"4611KRAMM","63","jF05","5500000","10","X","KRA","Karanganyar"
"4611KRAMM","ET","341","600000","24","X","KRA","Karanganyar"
"4611KRAMM","M3","","900000","10","X","KRA","Karanganyar"
"4611KRAMM","M6","070","1300000","10","X","KRA","Karanganyar"
"4611KRAMM","MFB","E001","500000","10","x","KRA","Karanganyar"
"4611SRGRT","60","","1800000","10","X","SRG","Sragen"
"4611SRGRT","ET","","500000","24","X","SRG","Sragen"
"4611SRGRT","M3","067","800000","10","X","SRG","Sragen"
"4612BYLRT","63","","500000","10","X","BYL","Boyolali"
"4612BYLRT","ET","","500000","24","X","BYL","Boyolali"
"4613BYLRT","63","","500000","10","X","BYL","Boyolali"
"4614BYLRT","M3","190","500000","10","","BYL","Boyolali"
"4614KRART","60","180","850000","24","X","KRA","Karanganyar"
"4614KRART","MFB","078","1400000","10","X","KRA","Karanganyar"
"4614SRGRT","60","181","1500000","24","X","SRG","Sragen"
"4614SRGRT","63","JF14","4227375","10","X","SRG","Sragen"
"4614SRGRT","M3","067","5500000","10","X","SRG","Sragen"
"4614SRGRT","M6","070","2500000","24","X","SRG","Sragen"
"4614SRGRT","MFB","0112","5000000","10","X","SRG","Sragen"
"4614SRGRT","MFB","1100","500000","10","X","SRG","Sragen"
"4615KRART","60","180","1300000","24","X","KRA","Karanganyar"
"4615KTSRT","60","179","500000","10","X","KTS","Kartosuro"
"4616SRGRT","M3","","1300000","10","X","SRG","Sragen"
"4620SRGRT","63","jf14","600000","24","X","SRG","Sragen"
"4620SRGRT","ET","","500000","24","X","SRG","Sragen"
"4622BYLRT","63","JF12","1000000","10","X","BYL","Boyolali"
"4622KRART","63","","500000","10","X","KRA","Karanganyar"
"4622SRGRT","60","","1.25","10","X","SRG","Sragen"
"4623SRGRT","60","185","700000","24","X","SRG","Sragen"
"4627SKHRT","63","","1.25","10","X","SKH","Sukoharjo"
"4631SRGRT","ET","341","800000","24","X","SRG","Sragen"
"4633BYLRT","63","JF07","700000","24","X","BYL","Boyolali"
"4633SLSRT","63","jF07","1900000","10","X","SLS","Solo Selatan"
"4633SLSRT","ET","342","600000","25","X","SLS","Solo Selatan"
"4633SLSRT","M6","070","500000","24","X","SLS","Solo Selatan"
"4633SLSRT","MFB","078","600000","10","X","SLS","Solo Selatan"
"4633SLURT","ET","","1.25","25","X","SLU","Solo Utara"
"4641KRART","60","","500000","10","X","KRA","Karanganyar"
"4650KRART","60","180","1550000","24","X","KRA","Karanganyar"
"4650SKHRT","ET","341","10000000","24","X","SKH","Sukoharjo"
"4650SLSRT","60","180","500000","24","","SLS","Solo Selatan"
"4650SRGRT","60","185","950000","24","X","SRG","Sragen"
"4650SRGRT","63","jF17","4700000","10","X","SRG","Sragen"
"4650SRGRT","M3","067","1600000","24","X","SRG","Sragen"
"4650SRGRT","M6","070","1150000","24","X","SRG","Sragen"
"4650SRGRT","MFB","0112","750000","24","X","SRG","Sragen"
"4650SRGRT","MFB","1100","500000","24","X","SRG","Sragen"
"4651SRGRT","63","jF08","4500000","24","X","SRG","Sragen"
"4651SRGRT","ET","","500000","24","X","SRG","Sragen"
"4651SRGRT","M3","189","500000","10","X","SRG","Sragen"
"4651SRGRT","M6","086","1200000","10","X","SRG","Sragen"
"4653SLSRT","63","jF05","4500000","24","X","SLS","Solo Selatan"
"4655BYLRT","60","178","3300000","10","X","BYL","Boyolali"
"4655BYLRT","63","jF07","1000000","10","X","BYL","Boyolali"
"4656BYLRT","63","jF09","800000","24","X","BYL","Boyolali"
"4656BYLRT","M6","7003","400000","24","X","BYL","Boyolali"
"4656KRART","60","185","500000","25","X","KRA","Karanganyar"
"4656KRART","63","jf03","3286067","24","X","KRA","Karanganyar"
"4656KRART","ET","341","500000","25","X","KRA","Karanganyar"
"4656KRART","M3","174","1050000","10","X","KRA","Karanganyar"
"4656KRART","M6","070","800000","24","X","KRA","Karanganyar"
"4656KRART","MFB","078","2800000","25","X","KRA","Karanganyar"
"4656SLSRT","60","","100000","10","X","SLS","Solo Selatan"
"4657KRART","63","jF11","500000","24","X","KRA","Karanganyar"
"4658SLSRT","63","jF16","500000","24","X","SLS","Solo Selatan"
"4661KRART","60","180","1300000","24","X","KRA","Karanganyar"
"4661KRART","63","JF15","1000000","10","X","KRA","Karanganyar"
"4661KRART","M3","174","2300000","10","X","KRA","Karanganyar"
"4663KRART","63","jF05","1300000","24","X","KRA","Karanganyar"
"4665SKHRT","63","jF16","600000","24","X","SKH","Sukoharjo"
"4666SKHRT","63","jf11","800000","24","X","SKH","Sukoharjo"
"4667BYLRT","M3","","500000","10","X","BYL","Boyolali"
"4668KRART","63","jF05","500000","24","X","KRA","Karanganyar"
"4671SLURT","60","178","1050000","24","X","SLU","Solo Utara"
"4671SLURT","63","JF03","2500000","10","X","SLU","Solo Utara"
"4671SLURT","ET","340","500000","24","X","SLU","Solo Utara"
"4671SLURT","M3","184","2000000","10","X","SLU","Solo Utara"
"4671SLURT","M6","7003","600000","10","X","SLU","Solo Utara"
"4671SLURT","MFB","0359","9000000","10","X","SLU","Solo Utara"
"4671SLURT","MFB","0365","600000","10","X","SLU","Solo Utara"
"4671SLURT","MFB","0370","550000","10","X","SLU","Solo Utara"
"4671SLURT","MFB","E001","500000","10","X","SLU","Solo Utara"
"4677BYLRT","63","jF15","500000","24","X","BYL","Boyolali"
"4677KRART","63","JF02","500000","24","X","KRA","Karanganyar"
"4677SRGRT","ET","","500000","24","X","SRG","Sragen"
"4678BYLRT","60","","1500000","10","X","BYL","Boyolali"
"4679SLSRT","60","178","500000","24","X","SLS","Solo Selatan"
"4679SLSRT","63","jF09","500000","24","X","SLS","Solo Selatan"
"4680BYLRT","63","JF05","600000","10","X","BYL","Boyolali"
"4680BYLRT","ET","343","500000","24","X","BYL","Boyolali"
"4680BYLRT","MFB","175","1900000","10","X","BYL","Boyolali"
"4680KRART","63","jF07","500000","10","x","KRA","Karanganyar"
"4680SRGRT","MFB","0112","500000","10","X","SRG","Sragen"
"4680SRGRT","MFB","1100","500000","10","X","SRG","Sragen"
"4681SLURT","60","178","5900000","22","X","SLU","Solo Utara"
"4681SLURT","MFB","0233","2200000","25","X","SLU","Solo Utara"
"4681SLURT","MFB","175","3000000","24","X","SLU","Solo Utara"
"4682KRART","60","0","3300000","10","X","KRA","Karanganyar"
"4684SRGRT","60","185","500000","10","X","SRG","Sragen"
"4684SRGRT","63","JF08","1200000","24","X","SRG","Sragen"
"4684SRGRT","MFB","0112","500000","24","X","SRG","Sragen"
"4685SRGRT","ET","341","1100000","25","X","SRG","Sragen"
"4687KRART","60","180","500000","10","x","KRA","Karanganyar"
"4688BYLRT","63","jF15","500000","24","X","BYL","Boyolali"
"4688KRART","ET","341","1050000","24","X","KRA","Karanganyar"
"4689SLSRT","63","JF03","1806375","24","X","SLS","Solo Selatan"
"4690KRART","60","181","600000","24","X","KRA","Karanganyar"
"4690KRART","63","JF16","600000","10","X","KRA","Karanganyar"
"4690KRART","ET","341","500000","24","X","KRA","Karanganyar"
"4690KRART","M3","189","500000","10","X","KRA","Karanganyar"
"4690KRART","M6","086","500000","24","X","KRA","Karanganyar"
"4690KRART","MFB","0112","5450000","10","X","KRA","Karanganyar"
"4690KRART","MFB","1100","500000","10","X","KRA","Karanganyar"
"4690SRGRT","63","jF08","500000","24","X","SRG","Sragen"
"4690SRGRT","M3","067","500000","24","X","SRG","Sragen"
"4690SRGRT","MFB","0112","500000","24","X","SRG","Sragen"
"4691BYLRT","63","jF03","1979015","10","X","BYL","Boyolali"
"4693SLSRT","60","180","550000","24","X","SLS","Solo Selatan"
"4693SLSRT","63","jf02","800000","24","X","SLS","Solo Selatan"
"4693SLSRT","M3","190","2400000","24","X","SLS","Solo Selatan"
"4696BYLRT","M6","7003","500000","24","X","BYL","Boyolali"
"4697SLSRT","MFB","2332","500000","10","","SLS","Solo Selatan"
"4698BYLRT","60","179","2400000","10","X","BYL","Boyolali"
"4698BYLRT","M3","","3000000","10","X","BYL","Boyolali"
"4698BYLRT","M6","7003","3600000","24","X","BYL","Boyolali"
"4698BYLRT","MFB","175","10000000","10","X","BYL","Boyolali"
"4698KRART","63","jf05","1000000","24","X","KRA","Karanganyar"
"4698SKHRT","63","jF12","500000","10","X","SKH","Sukoharjo"
"4698SKHRT","M6","070","500000","24","X","SKH","Sukoharjo"
"4698SLSRT","63","jF02","500000","10","X","SLS","Solo Selatan"
"4699BYLRT","60","185","1600000","24","X","BYL","Boyolali"
"4699KTSRT","63","jF12","650867","10","X","KTS","Kartosuro"
"4699KTSRT","M3","190","500000","24","X","KTS","Kartosuro"
"4699KTSRT","M6","7003","900000","24","X","KTS","Kartosuro"
"4699KTSRT","MFB","175","300000","24","X","KTS","Kartosuro"
"4699SLURT","63","","1632587","10","X","SLU","Solo Utara"
"4699SLURT","M6","7003","1500000","25","X","SLU","Solo Utara"
"4700SLSRT","60","180","500000","10","X","SLS","Solo Selatan"
"4700SLSRT","M3","","500000","10","X","SLS","Solo Selatan"
"4700SRGRT","60","181","2150000","10","X","SRG","Sragen"
"4701SLSRT","M3","502","300000","10","X","SLS","Solo Selatan"
"4701SLSRT","M3","502N","40000","24","X","SLS","Solo Selatan"
"4702KRART","63","jf03","800000","10","X","KRA","Karanganyar"
"4702KRART","ET","","700000","25","X","KRA","Karanganyar"
"4702KRART","MFB","","600000","10","X","KRA","Karanganyar"
"4702KRART","MFB","","750000","10","X","KRA","Karanganyar"
"4702KRART","MFB","0360","750000","10","X","KRA","Karanganyar"
"4702KRART","MFB","0370","1300000","10","X","KRA","Karanganyar"
"4705BYLRT","60","178","1200000","24","X","BYL","Boyolali"
"4705BYLRT","63","JF12","500000","24","X","BYL","Boyolali"
"4705BYLRT","M6","7003","500000","24","X","BYL","Boyolali"
"4705BYLRT","MFB","175","550000","24","X","BYL","Boyolali"
"4706SRGRT","63","","500000","10","X","SRG","Sragen"
"4706SRGRT","ET","341","500000","25","X","SRG","Sragen"
"4708SLURT","60","185","6350000","10","X","SLU","Solo Utara"
"4709BYLRT","60","179","2300000","10","X","BYL","Boyolali"
"4709BYLRT","MFB","175","1150000","10","X","BYL","Boyolali"
"4709SRGRT","63","","3000000","10","X","SRG","Sragen"
"4710KRART","60","180","1050000","24","X","KRA","Karanganyar"
"4713SKHRT","63","","500000","10","X","SKH","Sukoharjo"
"4714SKHRT","M3","190","4350000","10","X","SKH","Sukoharjo"
"4714SLURT","60","180","2300000","24","X","SLU","Solo Utara"
"4714SRGRT","63","jf08","1100000","24","X","SRG","Sragen"
"4714SRGRT","ET","342","500000","24","X","SRG","Sragen"
"4714SRGRT","M3","184","500000","10","X","SRG","Sragen"
"4715BYLRT","60","178","5000000","24","X","BYL","Boyolali"
"4715BYLRT","63","jF07","7400000","24","X","BYL","Boyolali"
"4715SKHRT","ET","341","650000","24","X","SKH","Sukoharjo"
"4716KRART","60","","100000","0","X","KRA","Karanganyar"
"4717KRART","60","179","1900000","10","X","KRA","Karanganyar"
"4717SKHRT","63","jf02","500000","24","X","SKH","Sukoharjo"
"4717SLURT","60","185","1150000","24","X","SLU","Solo Utara"
"4717SRGRT","60","185","1850000","10","X","SRG","Sragen"
"4717SRGRT","63","JF08","1300000","24","X","SRG","Sragen"
"4717SRGRT","M3","067","2550000","10","X","SRG","Sragen"
"4717SRGRT","MFB","502","400000","10","X","SRG","Sragen"
"4718BYLRT","63","","500000","10","X","BYL","Boyolali"
"4719BYLRT","60","179","1450000","10","X","BYL","Boyolali"
"4719KRART","60","","500000","10","X","KRA","Karanganyar"
"4719KRART","63","jf07","500000","24","X","KRA","Karanganyar"
"4719SRGRT","63","JF08","500000","24","X","SRG","Sragen"
"4720SRGRT","M3","067","500000","10","X","SRG","Sragen"
"4721KTSRT","63","jF07","300000","24","X","KTS","Kartosuro"
"4725KRART","63","jF02","684000","10","X","KRA","Karanganyar"
"4725SRGRT","60","181","1550000","24","X","SRG","Sragen"
"4726KRART","63","jf03","500000","10","X","KRA","Karanganyar"
"4728KRART","60","180","500000","24","X","KRA","Karanganyar"
"4728SKHRT","63","","500000","10","X","SKH","Sukoharjo"
"4729SKHRT","63","","500000","10","X","SKH","Sukoharjo"
"4731SKHRT","63","jF13","700000","10","X","SKH","Sukoharjo"
"4732SKHRT","M3","190","1150000","10","X","SKH","Sukoharjo"
"4733SKHRT","63","jF12","800000","10","X","SKH","Sukoharjo"
"4733SLURT","60","179","1550000","24","X","SLU","Solo Utara"
"4741BYLRT","60","179","500000","24","X","BYL","Boyolali"
"4741BYLRT","63","jF16","600000","24","X","BYL","Boyolali"
"4741BYLRT","M6","7003","500000","24","X","BYL","Boyolali"
"4741BYLRT","MFB","0233","1300000","24","X","BYL","Boyolali"
"4741BYLRT","MFB","175","4500000","24","X","BYL","Boyolali"
"4741SKHRT","M3","","500000","10","X","SKH","Sukoharjo"
"4741SLSRT","60","193","12000000","10","X","SLS","Solo Selatan"
"4741SLSRT","M3","190","850000","24","X","SLS","Solo Selatan"
"4746KRART","63","jf07","500000","24","X","KRA","Karanganyar"
"4747BYLRT","60","0001","100000","10","X","BYL","Boyolali"
"4747BYLRT","M3","IT01","100000","10","X","BYL","Boyolali"
"4747BYLRT","M3","IT01N","40000","24","X","BYL","Boyolali"
"4752GMLRT","M3","035","500000","24","X","GML","Gemolong"
"4752SRGRT","M3","","300000","10","X","SRG","Sragen"
"4752SRGRT","M3","","40000","24","X","SRG","Sragen"
"4753GMLRT","M3","035","500000","24","X","GML","Gemolong"
"4754SLURT","M3","190","500000","24","X","SLU","Solo Utara"
"4755BYLRT","63","JF01","500000","24","X","BYL","Boyolali"
"4755BYLRT","M3","067","15600000","10","X","BYL","Boyolali"
"4757SRGRT","M3","067","800000","10","X","SRG","Sragen"
"4757SRGRT","MFB","1100","500000","10","X","SRG","Sragen"
"4758BYLRT","63","","500000","10","X","BYL","Boyolali"
"4758SLSRT","M6","070","600000","24","X","SLS","Solo Selatan"
"4758SRGRT","60","181","1850000","24","X","SRG","Sragen"
"4762GMLRT","M3","067","500000","10","X","GML","Gemolong"
"4762SRGRT","63","jF14","2900000","24","X","SRG","Sragen"
"4762SRGRT","ET","341","500000","24","X","SRG","Sragen"
"4762SRGRT","M3","067","1000000","24","X","SRG","Sragen"
"4762SRGRT","MFB","0112","1400000","24","X","SRG","Sragen"
"4763SRGRT","M3","190","750000","24","X","SRG","Sragen"
"4766SRGRT","60","181","3000000","24","X","SRG","Sragen"
"4766SRGRT","M3","067","500000","10","X","SRG","Sragen"
"4767BYLRT","60","181","1450000","24","X","BYL","Boyolali"
"4767SRGRT","60","185","500000","24","X","SRG","Sragen"
"4767SRGRT","63","jF10","500000","10","x","SRG","Sragen"
"4767SRGRT","ET","341","500000","25","X","SRG","Sragen"
"4768SRGRT","M3","035","500000","24","X","SRG","Sragen"
"4769KTSRT","60","179","2150000","24","X","KTS","Kartosuro"
"4771BYLRT","60","179","1000000","24","X","BYL","Boyolali"
"4771BYLRT","63","JF07","1500000","24","X","BYL","Boyolali"
"4771BYLRT","MFB","0370","950000","24","X","BYL","Boyolali"
"4772KRART","60","180","500000","24","X","KRA","Karanganyar"
"4772KRART","MFB","1109","500000","10","X","KRA","Karanganyar"
"4775BYLRT","ET","343","1200000","24","X","BYL","Boyolali"
"4775SLSRT","M3","502","300000","10","X","SLS","Solo Selatan"
"4775SLSRT","M3","502N","40000","24","X","SLS","Solo Selatan"
"4776BYLRT","ET","343","750000","24","X","BYL","Boyolali"
"4777KTSRT","60","185","1050000","24","X","SRG","Sragen"
"4777KTSRT","63","JF14","4500000","10","X","SRG","Sragen"
"4777KTSRT","ET","341","500000","24","X","SRG","Sragen"
"4777KTSRT","M3","067","700000","10","X","SRG","Sragen"
"4777KTSRT","M6","086","2000000","10","X","SRG","Sragen"
"4777KTSRT","MFB","0112","700000","10","X","SRG","Sragen"
"4777KTSRT","MFB","1100","4200000","10","X","SRG","Sragen"
"4777SLURT","MFB","0001","500000","10","","SLU","Solo Utara"
"4778BYLRT","M6","7003","2800000","10","X","BYL","Boyolali"
"4778SRGRT","63","jF10","500000","24","X","SRG","Sragen"
"4781SLSRT","63","JF12","1000000","24","X","SLS","Solo Selatan"
"4782SLSRT","ET","340","500000","24","X","SLS","Solo Selatan"
"4784RART","63","","500000","10","X","KRA","Karanganyar"
"4785KRART","M3","","300000","10","X","KRA","Karanganyar"
"4785SLSRT","M3","190","500000","24","X","SLS","Solo Selatan"
"4785SRGRT","60","185","500000","24","X","SRG","Sragen"
"4787SRGRT","63","JF10","500000","24","X","SRG","Sragen"
"4788KRART","M3","","6500000","10","X","KRA","Karanganyar"
"4788KRART","MFB","","2400000","10","X","KRA","Karanganyar"
"4788SLSRT","M3","190","500000","24","X","SLS","Solo Selatan"
"4788SRGRT","60","185","700000","24","X","SRG","Sragen"
"4789KRART","63","jf16","1000000","24","X","SRG","Sragen"
"4789SLSRT","63","jF12","4400000","10","X","SLS","Solo Selatan"
"4789SRGRT","63","jf08","500000","10","x","SRG","Sragen"
"4789SRGRT","M3","189","500000","10","X","SRG","Sragen"
"4790BYLRT","60","179","550000","24","X","BYL","Boyolali"
"4790BYLRT","63","jf11","1000000","10","X","BYL","Boyolali"
"4790BYLRT","M6","7003","1000000","24","X","BYL","Boyolali"
"4790BYLRT","MFB","175","1000000","24","X","BYL","Boyolali"
"4791BYLRT","63","JF05","500000","24","X","BYL","Boyolali"
"4792BYLRT","63","jF05","500000","24","X","BYL","Boyolali"
"4792BYLRT","M6","7003","500000","10","X","BYL","Boyolali"
"4793BYLRT","63","jf11","500000","24","X","BYL","Boyolali"
"4795SRGRT","60","185","1100000","24","X","SRG","Sragen"
"4796GMLRT","M3","046","300000","10","X","GML","Gemolong"
"4796GMLRT","M3","046N","40000","24","X","GML","Gemolong"
"4797BYLRT","MFB","175","500000","24","X","BYL","Boyolali"
"4798BYLRT","63","JF03","800000","10","X","BYL","Boyolali"
"4798BYLRT","M3","","500000","10","X","BYL","Boyolali"
"4798SRGRT","60","185","500000","10","X","SRG","Sragen"
"4798SRGRT","63","jF17","2300000","10","X","SRG","Sragen"
"4798SRGRT","ET","341","500000","24","X","SRG","Sragen"
"4798SRGRT","M3","067","1200000","10","X","SRG","Sragen"
"4798SRGRT","M6","086","600000","24","X","SRG","Sragen"
"4798SRGRT","MFB","0112","5350000","10","X","SRG","Sragen"
"4798SRGRT","MFB","1100","500000","10","X","SRG","Sragen"
"4799SLSRT","ET","","400000","25","X","SLS","Solo Selatan"
"4800BYLRT","60","178","500000","24","X","BYL","Boyolali"
"4800BYLRT","63","JF11","1100000","10","X","BYL","Boyolali"
"4800BYLRT","ET","343","500000","24","X","BYL","Boyolali"
"4800BYLRT","M6","7003","500000","10","X","BYL","Boyolali"
"4800BYLRT","MFB","175","500000","24","X","BYL","Boyolali"
"4800KRART","M6","7003","700000","24","X","KRA","Karanganyar"
"4801BYLRT","63","jF03","500000","10","X","BYL","Boyolali"
"4801KRART","M3","","500000","10","X","KRA","Karanganyar"
"4806SRGRT","ET","","650000","25","X","SRG","Sragen"
"4813BYLRT","63","jf01","500000","24","X","BYL","Boyolali"
"4814SLSRT","MFB","1109","500000","10","","SLS","Solo Selatan"
"4819SRGRT","63","jf10","700000","24","X","SRG","Sragen"
"4822bylrt","60","179","4600000","24","X","BYL","Boyolali"
"4822bylrt","63","jf12","2203500","10","X","BYL","Boyolali"
"4830SLSRT","63","","500000","10","X","SLS","Solo Selatan"
"4836SRGRT","M3","","300000","10","X","SRG","Sragen"
"4836SRGRT","M3","","40000","24","X","SRG","Sragen"
"4839BYLRT","63","jF09","500000","10","X","BYL","Boyolali"
"4841SRGRT","M3","190","3950000","24","X","SRG","Sragen"
"4851SLSRT","60","179","1300000","10","X","SLS","Solo Selatan"
"4851SLSRT","M3","0146","600000","10","X","SLS","Solo Selatan"
"4851SLSRT","M3","0146N","40000","24","X","SLS","Solo Selatan"
"4855SKHRT","60","179","1300000","10","X","SKH","Sukoharjo"
"4857BYLRT","M6","7003","500000","10","X","BYL","Boyolali"
"4857BYLRT","MFB","175","900000","24","X","BYL","Boyolali"
"4857SLSRT","63","","500000","10","X","SLS","Solo Selatan"
"4863KRART","63","","1.25","10","X","KRA","Karanganyar"
"4869SLSRT","63","JF01","900000","24","X","SLS","Solo Selatan"
"4869SLSRT","M3","190","1150000","24","X","SLS","Solo Selatan"
"4871BYLRT","63","jF05","500000","24","X","BYL","Boyolali"
"4871SRGRT","60","","600000","10","X","SRG","Sragen"
"4872SKHRT","60","178","1500000","24","X","SKH","Sukoharjo"
"4872SLURT","60","185","2200000","24","X","SLU","Solo Utara"
"4873BYLRT","63","jF01","800000","10","X","BYL","Boyolali"
"4874KRART","M3","174","600000","10","X","KRA","Karanganyar"
"4874KTSRT","60","179","500000","10","X","KTS","Kartosuro"
"4877KRART","60","180","500000","24","X","KRA","Karanganyar"
"4877KRART","63","jF09","3200000","24","X","KRA","Karanganyar"
"4877KRART","M3","174","800000","10","X","KRA","Karanganyar"
"4877KRART","M6","070","1100000","24","X","KRA","Karanganyar"
"4877KRART","MFB","078","3150000","24","X","KRA","Karanganyar"
"4877KRART","MFB","178","600000","24","X","KRA","Karanganyar"
"4877SKHRT","ET","341","500000","24","X","SKH","Sukoharjo"
"4877SRGRT","ET","","500000","24","X","SRG","Sragen"
"4878BYLRT","63","jF15","1821000","10","X","BYL","Boyolali"
"4879BYLRT","60","185","3400000","24","X","BYL","Boyolali"
"4879BYLRT","63","jf01","2100000","10","X","BYL","Boyolali"
"4879BYLRT","M3","189","6700000","10","X","BYL","Boyolali"
"4880GMLRT","60","178","500000","24","X","GML","Gemolong"
"4884SLSRT","M3","067","500000","24","X","SLS","Solo Selatan"
"4884SRGRT","M3","067","500000","1","X","SRG","Sragen"
"4885SRGRT","60","185","500000","24","X","SRG","Sragen"
"4886KRART","60","178","3900000","24","X","KRA","Karanganyar"
"4886KRART","63","jF11","2200000","24","X","KRA","Karanganyar"
"4886KRART","M3","","4500000","10","X","KRA","Karanganyar"
"4887SLURT","M3","190","1400000","24","X","SLU","Solo Utara"
"4887SLURT","MFB","078","500000","24","X","SLU","Solo Utara"
"4888SLURT","60","179","250000","1","X","SLU","Solo Utara"
"4889KRART","63","","1000000","10","X","KRA","Karanganyar"
"4889SLSRT","M3","184","1100000","24","X","SLS","Solo Selatan"
"4889SLURT","63","jF05","600000","10","X","SLU","Solo Utara"
"4889SRGRT","60","185","500000","24","X","SRG","Sragen"
"4890SLSRT","M3","190","900000","24","X","SLS","Solo Selatan"
"4891BYLRT","M3","0001","500000","10","X","BYL","Boyolali"
"4891SKHRT","M3","256","500000","10","X","SKH","Sukoharjo"
"4892BYLRT","60","179","700000","10","X","BYL","Boyolali"
"4892BYLRT","63","JF15","5500000","10","X","BYL","Boyolali"
"4892SKHRT","M3","256","500000","1","X","SKH","Sukoharjo"
"4892SLSRT","60","180","500000","24","X","SLS","Solo Selatan"
"4893SKHRT","M3","256","500000","10","X","SKH","Sukoharjo"
"4893SLSRT","M3","190","1150000","14","X","SLS","Solo Selatan"
"4893SLURT","M3","190","800000","1","X","SLU","Solo Utara"
"4894KRART","63","jF16","1000000","1","X","KRA","Karanganyar"
"4894SLSRT","M3","190","500000","1","X","SLS","Solo Selatan"
"4894SLURT","M3","190","1000000","1","X","SLU","Solo Utara"
"4895KRART","63","jf05","703492","24","X","KRA","Karanganyar"
"4895KRART","MFB","0112","500000","24","X","KRA","Karanganyar"
"4895KTSRT","M3","256","500000","10","X","KTS","Kartosuro"
"4895SLSRT","M3","190","500000","24","X","SLS","Solo Selatan"
"4895SLURT","M3","256","500000","0","X","SLU","Solo Utara"
"4896SLSRT","M3","256","500000","10","X","SLS","Solo Selatan"
"4896SLURT","M3","256","500000","10","X","SLU","Solo Utara"
"4897KRART","M6","","400000","10","X","KRA","Karanganyar"
"4897SLSRT","M3","256","500000","10","X","SLS","Solo Selatan"
"4897SLURT","60","178","500000","24","X","SLU","Solo Utara"
"4898KRART","60","178","500000","10","x","KRA","Karanganyar"
"4898SLSRT","M3","184","600000","1","X","SLS","Solo Selatan"
"4898SRGRT","63","jF10","256504","24","X","SRG","Sragen"
"4899SLSRT","60","178","1500000","10","X","SLS","Solo Selatan"
"4900BYLRT","ET","343","950000","24","X","BYL","Boyolali"
"4900SRGRT","60","181","500000","24","X","SRG","Sragen"
"4901KTSRT","M3","256","500000","10","X","KTS","Kartosuro"
"4901SRGRT","60","181","500000","24","X","SRG","Sragen"
"4902SRGRT","60","181","750000","24","X","SRG","Sragen"
"4902SRGRT","MFB","0112","550000","24","X","SRG","Sragen"
"4903KRART","ET","341","500000","24","X","KRA","Karanganyar"
"4903SLSRT","M3","0001","500000","24","X","SLS","Solo Selatan"
"4904KRART","MFB","1109","500000","10","X","KRA","Karanganyar"
"4906SRGRT","MFB","1100","500000","10","X","SRG","Sragen"
"4910SLURT","M3","067","700000","10","X","SLU","Solo Utara"
"4911SRGRT","60","181","800000","10","X","SRG","Sragen"
"4911SRGRT","M3","067","1100000","24","X","SRG","Sragen"
"4912SLSRT","M3","067","500000","10","X","SLS","Solo Selatan"
"4912SRGRT","M3","067","500000","1","X","SRG","Sragen"
"4913SLSRT","M3","067","1000000","24","X","SLS","Solo Selatan"
"4917BYLRT","ET","343","1200000","24","X","BYL","Boyolali"
"4918BYLRT","60","199","500000","10","X","BYL","Boyolali"
"4918BYLRT","ET","340","500000","24","X","BYL","Boyolali"
"4924KRART","63","","500000","10","X","KRA","Karanganyar"
"4928SLURT","M3","067","500000","24","X","SLU","Solo Utara"
"4936SRGRT","60","181","2500000","24","X","SRG","Sragen"
"4941BYLRT","M3","190","700000","24","X","BYL","Boyolali"
"4941BYLRT","M6","070","1050000","24","X","BYL","Boyolali"
"4956SSLSRT","M3","067","800000","24","X","SLS","Solo Selatan"
"4958SKHRT","63","jf01","3219758","10","X","SKH","Sukoharjo"
"4958SKHRT","ET","341","500000","25","X","SKH","Sukoharjo"
"4958SKHRT","M3","174","600000","10","X","SKH","Sukoharjo"
"4958SKHRT","M6","7003","1800000","24","X","SKH","Sukoharjo"
"4963SKHRT","ET","0001","500000","25","X","SKH","Sukoharjo"
"4966KRART","60","185","750000","24","X","KRA","Karanganyar"
"4966SLSRT","60","179","550000","24","X","SLS","Solo Selatan"
"4966SRGRT","63","jF10","1160808","24","X","SRG","Sragen"
"4966SRGRT","M6","086","500000","24","x","SRG","Sragen"
"4966SRGRT","MFB","0112","5000000","25","X","SRG","Sragen"
"4966SRGRT","MFB","1100","500000","24","X","SRG","Sragen"
"4970SRGRT","63","JF14","500000","24","X","SRG","Sragen"
"4970SRGRT","M3","189","500000","10","X","SRG","Sragen"
"4971KRART","60","","500000","10","X","KRA","Karanganyar"
"4971KRART","63","jf07","500000","24","X","KRA","Karanganyar"
"4971KTSRT","M3","190","1450000","10","X","KTS","Kartosuro"
"4971KTSRT","M6","070","1500000","10","X","KTS","Kartosuro"
"4971KTSRT","MFB","175","500000","24","X","KTS","Kartosuro"
"4971SRGRT","60","178","900000","24","X","SRG","Sragen"
"4972KRART","63","","500000","24","X","KRA","Karanganyar"
"4972KRART","M3","","500000","24","X","KRA","Karanganyar"
"4972SRGRT","60","181","4450000","10","X","SRG","Sragen"
"4973BYLRT","60","179","500000","24","X","BYL","Boyolali"
"4973SLURT","60","179","3000000","24","X","SLU","Solo Utara"
"4974BYLRT","63","jF12","1350000","24","X","BYL","Boyolali"
"4974BYLRT","M6","7003","500000","24","X","BYL","Boyolali"
"4974BYLRT","MFB","175","500000","24","X","BYL","Boyolali"
"4976BYLRT","63","JF15","1968432","24","X","BYL","Boyolali"
"4976BYLRT","ET","343","500000","24","X","BYL","Boyolali"
"4976BYLRT","M6","7003","1500000","24","X","BYL","Boyolali"
"4976BYLRT","MFB","175","4900000","24","X","BYL","Boyolali"
"4976SLSRT","63","","1200000","10","X","SLS","Solo Selatan"
"4977BYLRT","63","jf01","1100000","10","X","BYL","Boyolali"
"4978KRART","63","","500000","10","X","KRA","Karanganyar"
"4978SKHRT","MFB","078","500000","24","","SKH","Sukoharjo"
"4981KRART","M3","256","500000","10","X","KRA","Karanganyar"
"4981SLSRT","M3","256","500000","10","X","SLS","Solo Selatan"
"4982SLSRT","M3","190","500000","24","X","SLS","Solo Selatan"
"4983SLSRT","M3","256","1000000","10","X","SLS","Solo Selatan"
"4983SRGRT","M3","067","12000000","24","X","SRG","Sragen"
"4983SRGRT","MFB","0112","3400000","25","X","SRG","Sragen"
"4983SRGRT","MFB","502","1500000","25","X","SRG","Sragen"
"4984SLSRT","M3","190","500000","24","X","SLS","Solo Selatan"
"4985KTSRT","M3","256","1000000","24","X","KTS","Kartosuro"
"4985SRGRT","60","185","1200000","10","X","SRG","Sragen"
"4985SRGRT","63","","500000","10","X","SRG","Sragen"
"4985SRGRT","M3","190","600000","10","X","SRG","Sragen"
"4986BYLRT","60","0","1.25","25","X","BYL","Boyolali"
"4986SLSRT","M3","256","500000","10","X","SLS","Solo Selatan"
"4987BYLRT","63","jf01","800000","24","X","BYL","Boyolali"
"4987BYLRT","ET","340","1950000","24","X","BYL","Boyolali"
"4987BYLRT","M6","7003","1200000","24","X","BYL","Boyolali"
"4987KRART","60","180","500000","24","X","KRA","Karanganyar"
"4987SLSRT","M3","256","1000000","10","X","SLS","Solo Selatan"
"4987SRGRT","63","jF08","500000","10","X","SRG","Sragen"
"4988KRART","60","181","500000","24","X","KRA","Karanganyar"
"4988KRART","63","jF12","671725","10","X","KRA","Karanganyar"
"4988SLSRT","63","JF01","100000","24","X","SLS","Solo Selatan"
"4988SLSRT","ET","","800000","25","X","SLS","Solo Selatan"
"4988SLSRT","M3","035","500000","10","X","SLS","Solo Selatan"
"4988SLSRT","MFB","2332","500000","10","X","SLS","Solo Selatan"
"4988SLURT","M3","1706","13000000","28","X","SLU","Solo Utara"
"4988SLURT","M3","1706N","40000","24","X","SLU","Solo Utara"
"4989SRGRT","63","jF14","900000","24","X","SRG","Sragen"
"4993SKHRT","60","178","600000","24","X","SKH","Sukoharjo"
"4993SKHRT","M3","190","750000","10","X","SKH","Sukoharjo"
"4993SKHRT","MFB","175","700000","24","X","SKH","Sukoharjo"
"4996KRART","M3","502","300000","10","X","KRA","Karanganyar"
"4996KRART","M3","502N","40000","24","X","KRA","Karanganyar"
"5000SRGRT","ET","","500000","24","X","SRG","Sragen"
"5001BYLRT","63","jf03","500000","10","X","BYL","Boyolali"
"5001KTSRT","63","jf15","1000000","10","X","KTS","Kartosuro"
"5001SLUMM","ET","","500000","25","X","SLU","Solo Utara"
"5002SLURT","ET","343","500000","25","X","SLU","Solo Utara"
"5005SLURT","M3","190","1200000","24","X","SLU","Solo Utara"
"5007SLSRT","M3","067","500000","10","X","SLS","Solo Selatan"
"5008BYLRT","60","185","500000","24","X","BYL","Boyolali"
"5008BYLRT","63","JF11","2214317","10","X","BYL","Boyolali"
"5008BYLRT","ET","343","500000","25","X","BYL","Boyolali"
"5008BYLRT","M3","189","1100000","10","X","BYL","Boyolali"
"5008BYLRT","M6","070","1100000","24","X","BYL","Boyolali"
"5008BYLRT","MFB","0112","3000000","10","X","BYL","Boyolali"
"5008BYLRT","MFB","1100","500000","10","X","BYL","Boyolali"
"5008BYLRT","MFB","189","500000","10","X","BYL","Boyolali"
"5008BYLRT","MFB","502","300000","10","X","BYL","Boyolali"
"5008SLSRT","M3","067","500000","24","X","SLS","Solo Selatan"
"5008SRGRT","60","181","1600000","24","X","SRG","Sragen"
"5009SLSRT","M3","067","500000","24","X","SLS","Solo Selatan"
"50101SLSRT","M3","067","600000","24","X","SLS","Solo Selatan"
"5010SLSRT","M3","190","700000","10","X","SLS","Solo Selatan"
"5011BYLRT","60","185","900000","24","X","BYL","Boyolali"
"5011BYLRT","63","jf05","5101633","10","X","BYL","Boyolali"
"5011BYLRT","M3","189","2950000","10","X","BYL","Boyolali"
"5011BYLRT","M6","070","2000000","24","X","BYL","Boyolali"
"5011BYLRT","MFB","0112","6700000","10","X","BYL","Boyolali"
"5011BYLRT","MFB","1100","500000","10","X","BYL","Boyolali"
"5012SLSHO","M3","067","2500000","24","X","SLS","Solo Selatan"
"5012SLSRM","M3","067","500000","24","X","SLS","Solo Selatan"
"5012SRGRT","M3","067","500000","1","X","SRG","Sragen"
"5013BYLRT","60","179","500000","10","X","BYL","Boyolali"
"5013BYLRT","MFB","175","500000","24","X","BYL","Boyolali"
"5013SLSHO","M3","035","500000","24","X","SLS","Solo Selatan"
"5013SLSRM","M3","190","500000","24","X","SLS","Solo Selatan"
"5013SRGRT","M3","256","500000","24","X","SRG","Sragen"
"5016SLSRM","M3","067","500000","10","X","SLS","Solo Selatan"
"5017SLSRT","M3","067","500000","1","X","SLS","Solo Selatan"
"5022SLSRT","M3","067","600000","24","X","SLS","Solo Selatan"
"5024SLSAP","M3","184","1000000","10","X","SRG","Sragen"
"5024SLSRT","M3","190","900000","10","X","SLS","Solo Selatan"
"5025SLSRT","M3","190","600000","10","X","SLS","Solo Selatan"
"5026SLSRT","M3","190","1100000","24","X","SLS","Solo Selatan"
"5026SRGRT","63","","500000","10","X","SRG","Sragen"
"5027SLSRT","M3","0001","500000","24","X","SLS","Solo Selatan"
"5028SLSRT","M3","035","1200000","10","X","SLS","Solo Selatan"
"5028SRGRT","63","","500000","10","X","SRG","Sragen"
"5029SLSRT","M3","067","800000","10","X","SLS","Solo Selatan"
"5030SLSRT","63","jF03","500000","10","X","SLS","Solo Selatan"
"5030SLSRT","M3","067","1500000","24","X","SLS","Solo Selatan"
"5031SLSRT","63","JF08","1000000","24","X","SLS","Solo Selatan"
"5031SLSRT","M3","189","500000","10","X","SLS","Solo Selatan"
"5031SLSRT","M6","086","500000","10","X","SLS","Solo Selatan"
"5031SLSRT","MFB","0112","500000","10","X","SLS","Solo Selatan"
"5031SLSRT","MFB","1100","500000","10","X","SLS","Solo Selatan"
"5032SKHRT","M3","0001","500000","10","X","SKH","Sukoharjo"
"5032SLSRT","M3","256","500000","10","X","SLS","Solo Selatan"
"5032SLURT","M3","190","700000","24","X","SLU","Solo Utara"
"5033BYLRT","MFB","0233","5700000","10","X","BYL","Boyolali"
"5033KTSRT","M3","256","500000","10","X","KTS","Kartosuro"
"5033SLSRT","M3","067","700000","10","X","SLS","Solo Selatan"
"5034KRART","M3","256","500000","10","X","KRA","Karanganyar"
"5034SLSRT","M3","184","1000000","10","X","SLS","Solo Selatan"
"5035SLSRT","M3","256","500000","10","X","SLS","Solo Selatan"
"5036KTSRT","M3","256","500000","24","X","KTS","Kartosuro"
"5036SLSRT","M3","0001","500000","10","X","SLS","Solo Selatan"
"5036SRGRT","63","JF14","500000","10","X","SRG","Sragen"
"5036SRGRT","ET","","200000","25","X","SRG","Sragen"
"5037SLSRT","M3","190","800000","10","X","SLS","Solo Selatan"
"5038SLSRT","M3","190","500000","10","X","SLS","Solo Selatan"
"5038SRGRT","MFB","1100","500000","24","X","SRG","Sragen"
"5039SLSRT","M3","190","500000","24","X","SLS","Solo Selatan"
"5040SLSRT","M3","184","1200000","24","X","BYL","Boyolali"
"5041SLSAP","M3","035","700000","24","X","SLS","Solo Selatan"
"5041SLSRM","M3","035","700000","24","X","SLS","Solo Selatan"
"5041SRGRT","63","jf17","1500000","10","X","SRG","Sragen"
"5041SRGRT","ET","341","500000","10","X","SRG","Sragen"
"5041SRGRT","M3","190","700000","10","X","SRG","Sragen"
"5041SRGRT","M6","086","1000000","24","X","SRG","Sragen"
"5041SRGRT","MFB","0112","500000","10","X","SRG","Sragen"
"5041SRGRT","MFB","1100","3000000","10","X","SRG","Sragen"
"5042SLSRM","M3","035","500000","24","X","SLS","Solo Selatan"
"5043SLSKT","M3","035","500000","1","X","SLS","Solo Selatan"
"5043SLSRM","M3","189","500000","1","x","SLS","Solo Selatan"
"5044SLSRM","M3","190","500000","24","X","SLS","Solo Selatan"
"5045SLSRM","M3","190","500000","1","X","SLS","Solo Selatan"
"5046SLSRM","M3","190","500000","1","X","SLS","Solo Selatan"
"5046SRGRT","M3","035","500000","24","X","SRG","Sragen"
"5047SLSRM","M3","184","900000","1","X","SLS","Solo Selatan"
"5048SLSKT","M3","190","500000","1","X","SLS","Solo Selatan"
"5049SLSRM","M3","190","1700000","1","X","SLS","Solo Selatan"
"5049SRGRM","M3","067","5000000","10","X","SRG","Sragen"
"5051KRART","ET","341","550000","24","X","KRA","Karanganyar"
"5051SLSRM","M3","035","750000","10","X","SLS","Solo Selatan"
"5052KRART","63","jF11","500000","1","X","KRA","Karanganyar"
"5052SLSHO","M3","035","500000","24","X","SLS","Solo Selatan"
"5052SLSRM","M3","190","900000","1","X","SLS","Solo Selatan"
"5053KRART","63","jF12","500000","1","X","KRA","Karanganyar"
"5053SKHRT","60","178","500000","10","x","SKH","Sukoharjo"
"5053SLSHO","M3","190","500000","24","X","SLS","Solo Selatan"
"5053SLURT","ET","343","500000","1","X","SLU","Solo Utara"
"5054SKHRM","M3","0001","500000","24","X","SKH","Sukoharjo"
"5056SKHRM","M3","190","500000","24","X","SKH","Sukoharjo"
"5056SLSHO","M3","067","500000","24","X","SLS","Solo Selatan"
"5056SRGRT","63","","500000","10","X","SRG","Sragen"
"5056SRGRT","M3","067","500000","24","X","SRG","Sragen"
"5056SRGRT","M6","086","1000000","24","X","SRG","Sragen"
"5056SRGRT","MFB","","300000","10","X","SRG","Sragen"
"5057SLSRM","M3","190","1100000","10","X","SLS","Solo Selatan"
"5057SLSRT","M3","035","2000000","10","X","SLS","Solo Selatan"
"5058SLSRM","M3","067","1200000","1","X","SLS","Solo Selatan"
"5058SLSRT","M3","067","1100000","1","X","SLS","Solo Selatan"
"5059SLSHO","M3","067","500000","24","X","SLS","Solo Selatan"
"5059SLSRM","M3","184","800000","24","X","SLS","Solo Selatan"
"5059SLSRT","M3","184","500000","1","X","SLS","Solo Selatan"
"5060KTSRM","M3","190","600000","1","X","KTS","Kartosuro"
"5060SLSRM","M3","0001","3500000","1","X","SLS","Solo Selatan"
"5060SLSRT","M3","256","500000","24","X","SLS","Solo Selatan"
"5061KTSRM","M3","035","1000000","1","X","KTS","Kartosuro"
"5062SKHRM","M3","0001","500000","24","X","SKH","Sukoharjo"
"5062SLSRM","M3","190","500000","24","X","SLS","Solo Selatan"
"5062SLSRT","M3","256","50000","10","X","SLS","Solo Selatan"
"5063SLSKT","M3","067","800000","24","X","SLS","Solo Selatan"
"5063SLSRM","M3","067","800000","1","X","SLS","Solo Selatan"
"5063SLSRT","M3","189","700000","1","X","SLS","Solo Selatan"
"5064SLSRM","M3","184","500000","1","X","SLS","Solo Selatan"
"5065SLSRT","M3","035","500000","1","X","SLS","Solo Selatan"
"5066SLSRT","M3","035","3100000","1","X","SLS","Solo Selatan"
"5067SLSRM","M3","184","2500000","10","X","SLS","Solo Selatan"
"5067SLSRT","M3","067","500000","10","X","SLS","Solo Selatan"
"5067SLURT","ET","343","500000","24","X","SLU","Solo Utara"
"5068SLSRT","M3","035","950000","1","X","SLS","Solo Selatan"
"5069KRART","63","jF12","500000","10","X","KRA","Karanganyar"
"5069SLSRM","M3","190","1300000","10","X","SLS","Solo Selatan"
"5069SLSRT","M3","035","900000","1","X","SLS","Solo Selatan"
"5070SLSRM","M3","035","1600000","1","X","SLS","Solo Selatan"
"5071SLSRM","M3","035","500000","24","X","SLS","Solo Selatan"
"5071SLURM","M3","190","500000","24","X","SLU","Solo Utara"
"5072SKHRT","63","jF01","1000000","24","X","SKH","Sukoharjo"
"5072SLSRM","M3","190","500000","24","X","SLS","Solo Selatan"
"5073SRGAP","63","JF10","500000","24","X","SRG","Sragen"
"5074SKHRM","M3","0001","500000","10","X","SKH","Sukoharjo"
"5074SLSRT","M3","035","500000","24","X","SLS","Solo Selatan"
"5074SRGRT","M3","190","500000","24","x","SRG","Sragen"
"5075SLSRT","M3","067","1000000","24","X","SLS","Solo Selatan"
"5076SLSRT","M3","256","500000","24","X","SLS","Solo Selatan"
"5077KRART","60","178","850000","24","X","KRA","Karanganyar"
"5078SLSRT","M3","0001","500000","24","X","SLS","Solo Selatan"
"5079SLSRT","M3","184","700000","10","X","SLS","Solo Selatan"
"5081SLSRT","M3","067","500000","24","X","SLS","Solo Selatan"
"5081SRGRT","M3","067","500000","24","X","SRG","Sragen"
"5082SLSRT","M3","190","900000","24","X","SLS","Solo Selatan"
"5083SLSRT","M3","190","500000","24","X","SLS","Solo Selatan"
"5083SLURT","M3","035","500000","1","X","SLU","Solo Utara"
"5084SLSRT","M3","256","500000","10","X","SLS","Solo Selatan"
"5085SLSRT","M3","067","700000","1","X","SLS","Solo Selatan"
"5086KRART","63","jf03","37000000","1","X","KRA","Karanganyar"
"5086SLSRT","M3","0001","500000","10","X","SLS","Solo Selatan"
"5087SLSRT","M3","190","600000","24","X","SLS","Solo Selatan"
"5090SLSRT","M3","0001","500000","24","X","SLS","Solo Selatan"
"5091SLSRT","M3","067","500000","24","X","SLS","Solo Selatan"
"5092SLSRT","M3","067","500000","24","X","SLS","Solo Selatan"
"5093KRARM","M3","0001","500000","24","X","KRA","Karanganyar"
"5093SLSRM","M3","256","500000","10","X","SLS","Solo Selatan"
"5093SLSRT","M3","035","500000","10","X","SLS","Solo Selatan"
"5094SLSRM","M3","035","500000","24","X","SLS","Solo Selatan"
"5094SLSRT","M3","067","500000","24","X","SLS","Solo Selatan"
"5095SLSHO","M3","067","5000000","24","X","SLS","Solo Selatan"
"5095SLSRT","M3","035","500000","24","X","SLS","Solo Selatan"
"5096SLSRM","M3","184","500000","1","X","SLS","Solo Selatan"
"5096SLSRT","M3","184","500000","10","X","SLS","Solo Selatan"
"5097SLSRT","M3","067","500000","24","X","SLS","Solo Selatan"
"5098SLSRT","M3","035","1100000","1","X","SLS","Solo Selatan"
"5098SRGRT","ET","341","500000","25","X","SRG","Sragen"
"5099SLSRT","M3","190","500000","24","X","SLS","Solo Selatan"
"5100KRART","63","JF15","601417","24","X","KRA","Karanganyar"
"5100SLSSM","MFB","0001","56200000","10","X","SLS","Solo Selatan"
"5101SLSRT","M3","067","500000","24","X","SLS","Solo Selatan"
"5102KRART","63","JF12","6000000","10","X","KRA","Karanganyar"
"5102KRART","M6","086","700000","10","X","KRA","Karanganyar"
"5102KTSRM","M3","035","500000","1","X","KTS","Kartosuro"
"5102SLSRT","M3","190","500000","24","X","SLS","Solo Selatan"
"5102SRGRT","M3","067","500000","10","x","SRG","Sragen"
"5103SLSKO","M3","190","500000","1","x","SLS","Solo Selatan"
"5103SLSRM","M3","190","500000","24","X","SLS","Solo Selatan"
"5103SLSRT","M3","190","500000","1","X","SLS","Solo Selatan"
"5104SLSRM","M3","035","500000","24","X","SLS","Solo Selatan"
"5104SLSRT","M3","184","700000","24","X","SLS","Solo Selatan"
"5105SLSRT","M3","067","500000","24","X","SLS","Solo Selatan"
"5106SLSHO","M3","067","500000","24","X","SLS","Solo Selatan"
"5106SLSRM","M3","184","500000","24","X","SLS","Solo Selatan"
"5107SLSRT","M3","184","3500000","24","X","SLS","Solo Selatan"
"5108SLSRT","M3","067","600000","1","X","SLS","Solo Selatan"
"5109SLSRT","60","180","500000","10","X","SLS","Solo Selatan"
"5109SLSRT","MFB","078","500000","24","X","SLS","Solo Selatan"
"5109SLURT","M3","190","500000","24","X","SLS","Solo Selatan"
"5109SRGRT","M3","067","500000","1","X","SRG","Sragen"
"5110KRART","63","jf07","500000","24","X","KRA","Karanganyar"
"5110SLSRT","M3","190","5000000","1","X","SLS","Solo Selatan"
"5110SRGRT","M3","190","550000","24","X","SRG","Sragen"
"5111SKHRT","60","180","3850000","10","X","SKH","Sukoharjo"
"5111SKHRT","63","jf03","2100000","24","X","SKH","Sukoharjo"
"5111SKHRT","M3","174","1550000","10","X","SKH","Sukoharjo"
"5111SKHRT","MFB","078","600000","10","X","SKH","Sukoharjo"
"5111SLSRT","M3","184","500000","24","X","SLS","Solo Selatan"
"5111SLURT","ET","0001","1500000","10","X","SLU","Solo Utara"
"5112BYLRT","60","179","500000","24","X","BYL","Boyolali"
"5112KRART","M3","190","500000","24","x","KRA","Karanganyar"
"5112KRART","M6","070","1400000","10","X","KRA","Karanganyar"
"5112SKHRT","M3","0001","500000","24","X","SKH","Sukoharjo"
"5112SLSKT","M3","067","700000","24","X","SLS","Solo Selatan"
"5112SLSRM","M3","190","500000","10","X","SLS","Solo Selatan"
"5112SLSRT","M3","067","500000","24","X","SLS","Solo Selatan"
"5112SLURT","60","178","8500000","25","X","SLU","Solo Utara"
"5112SLURT","MFB","0","1000000","25","X","SLU","Solo Utara"
"5112SRGRT","63","jf14","1000000","10","X","SRG","Sragen"
"5112SRGRT","M3","067","700000","10","X","SRG","Sragen"
"5112SRGRT","M6","086","500000","24","X","SRG","Sragen"
"51134SLLRT","M3","067","500000","10","X","SLS","Solo Selatan"
"5113ALARM","M3","0001","11500000","10","X","SLS","Solo Selatan"
"5113BYLRT","M3","0001","500000","10","X","BYL","Boyolali"
"5113KRART","ET","341","500000","1","X","KRA","Karanganyar"
"5113SKHRT","ET","341","500000","24","X","SKH","Sukoharjo"
"5113SLSRM","M3","190","500000","24","X","SLS","Solo Selatan"
"5113SLSRT","M3","184","500000","24","X","SLS","Solo Selatan"
"5113SLURT","60","178","600000","1","X","SLS","Solo Selatan"
"5113SRGSM","M3","067","500000","10","X","SRG","Sragen"
"5114BYLRT","63","","500000","10","X","BYL","Boyolali"
"5114SKHRT","ET","341","500000","1","x","SKH","Sukoharjo"
"5114SLSRM","M3","184","500000","24","X","SLS","Solo Selatan"
"5114SLSRT","ET","341","1050000","24","X","SLS","Solo Selatan"
"5114SRGRT","63","jF12","3000000","24","X","SRG","Sragen"
"5114SRGRT","MFB","1100","500000","24","X","SRG","Sragen"
"5115BYLRT","63","","800000","10","X","BYL","Boyolali"
"5115KRART","63","jF11","500000","1","X","KRA","Karanganyar"
"5115SLSRM","M3","035","500000","10","X","SLS","Solo Selatan"
"5115SLSRT","M3","190","500000","10","x","SLS","Solo Selatan"
"5116BYLRT","ET","343","500000","24","x","BYL","Boyolali"
"5116GMLRT","M3","035","500000","10","X","GML","Gemolong"
"5116GMLRT","MFB","0366","500000","10","X","GML","Gemolong"
"5116GMLRT","MFB","069","600000","10","X","GML","Gemolong"
"5116GMLRT","MFB","E001","500000","10","X","GML","Gemolong"
"5116KRART","63","jf09","500000","1","X","KRA","Karanganyar"
"5116KTSRT","ET","340","500000","24","X","KTS","Kartosuro"
"5116KTSRT","M3","184","2500000","24","X","KTS","Kartosuro"
"5116SKHRT","63","JF11","500000","24","x","SKH","Sukoharjo"
"5116SLSKT","M3","067","500000","24","X","SLS","Solo Selatan"
"5116SLSRM","M3","256","500000","10","X","SLS","Solo Selatan"
"5116SLSRT","M3","190","1500000","24","X","SLS","Solo Selatan"
"5116SLURT","63","jf03","600000","10","X","SLU","Solo Utara"
"5116SRGRT","63","JF08","7000000","10","X","SRG","Sragen"
"5116SRGRT","MFB","0112","500000","10","X","SRG","Sragen"
"5117KRART","ET","","500000","1","X","KRA","Karanganyar"
"5117SLSRM","M3","256","500000","10","X","SLS","Solo Selatan"
"5117SLSRT","M3","190","500000","24","X","SLS","Solo Selatan"
"5117SRGRT","60","185","800000","24","X","SRG","Sragen"
"5118KTSRT","ET","341","3000000","24","X","KTS","Kartosuro"
"5118SKHRM","M3","256","500000","10","X","SKH","Sukoharjo"
"5118SLSRM","M3","256","500000","10","X","SLS","Solo Selatan"
"5118SRGRT","M3","","700000","24","X","SRG","Sragen"
"5119GMLRT","M3","067","1200000","24","X","GML","Gemolong"
"5119KRARM","M3","256","500000","10","X","KRA","Karanganyar"
"5119KTSRM","M3","256","500000","10","X","KTS","Kartosuro"
"5119SKHRM","M3","256","500000","10","X","SKH","Sukoharjo"
"5119SLRM","M3","0001","500000","24","X","SLS","Solo Selatan"
"5119SLSHO","M3","067","500000","1","x","SLS","Solo Selatan"
"5119SLSRM","M3","067","500000","1","x","SLS","Solo Selatan"
"5119SLSRT","M3","190","500000","10","X","SLS","Solo Selatan"
"5119SLURT","60","178","500000","1","x","SLU","Solo Utara"
"5119SLURT","63","JF03","1100000","24","X","SLU","Solo Utara"
"5119SRGRM","M3","067","500000","10","X","SRG","Sragen"
"5119SRGRT","63","jF11","3000000","1","x","SRG","Sragen"
"5120KRARM","M3","256","500000","10","X","KRA","Karanganyar"
"5120SKHRT","60","185","1400000","1","X","SKH","Sukoharjo"
"5120SLSRM","M3","190","1600000","10","X","SLS","Solo Selatan"
"5120SLSRT","M3","184","700000","24","X","SLS","Solo Selatan"
"5120SLURT","M3","0001","1700000","24","X","SLU","Solo Utara"
"5121KRARM","M3","035","600000","10","X","KRA","Karanganyar"
"5121SLSRM","M3","035","1100000","10","X","SLS","Solo Selatan"
"5121SLSRT","63","","500000","24","X","SLS","Solo Selatan"
"5122BYLRT","60","179","900000","24","X","BYL","Boyolali"
"5122SLSRM","M3","035","1200000","10","X","SLS","Solo Selatan"
"5123KRARM","M3","256","50000","10","X","KRA","Karanganyar"
"5123KRART","ET","","500000","25","X","KRA","Karanganyar"
"5124KRART","60","185","500000","10","x","KRA","Karanganyar"
"5124SRGRT","M6","086","25000000","24","X","SRG","Sragen"
"5126BYLRT","M3","0001","500000","10","x","BYL","Boyolali"
"5126SKHRT","63","","16200000","1","X","SKH","Sukoharjo"
"5127SRGRT","63","JF10","500000","10","X","SRG","Sragen"
"5128SLURT","M3","190","500000","24","X","SLU","Solo Utara"
"5128SRGRT","63","","1500000","10","X","SRG","Sragen"
"5129SKHRT","60","180","1100000","1","X","SKH","Sukoharjo"
"5129SLSRM","M3","067","500000","10","X","SLS","Solo Selatan"
"5129SLSRT","M3","256","500000","24","X","SKH","Sukoharjo"
"5129SRGRT","M3","0001","500000","10","X","SRG","Sragen"
"5130BYLRT","60","178","1100000","24","X","BYL","Boyolali"
"5130KRART","ET","341","1000000","1","x","KRA","Karanganyar"
"5130SLSRM","M3","0001","500000","10","x","SLS","Solo Selatan"
"5130SLSRT","M3","035","500000","24","X","SLS","Solo Selatan"
"5130SRGRM","M3","067","500000","10","x","SRG","Sragen"
"5130SRGRT","60","181","4000000","10","X","SRG","Sragen"
"5130SRGRT","63","jf14","1500000","10","X","SRG","Sragen"
"5130SRGRT","M3","190","2300000","10","X","SRG","Sragen"
"5130SRGRT","MFB","0112","1800000","10","X","SRG","Sragen"
"5130SRGRT","MFB","1100","500000","10","X","SRG","Sragen"
"5131SLSRT","M3","035","500000","1","X","SLS","Solo Selatan"
"5132BYLRT","63","jF07","1000000","1","X","BYL","Boyolali"
"5132SKHRT","63","JF03","500000","1","x","SKH","Sukoharjo"
"5132Slsrt","M3","067","1800000","24","X","SLS","Solo Selatan"
"5132SRGRT","60","181","500000","1","x","SRG","Sragen"
"5134SKHRT","63","jf03","1832525","24","X","SKH","Sukoharjo"
"5134SLSRT","M3","067","500000","24","X","SLS","Solo Selatan"
"5134SLSRT","MFB","0366","500000","1","x","SLS","Solo Selatan"
"5134SRGRT","63","jf14","1000000","24","X","SRG","Sragen"
"5135SLSRT","M3","190","500000","24","X","SLS","Solo Selatan"
"5136BYLRT","60","179","2600000","24","X","BYL","Boyolali"
"5136BYLRT","63","jF03","500000","10","X","BYL","Boyolali"
"5136BYLRT","M3","0146","1800000","10","X","BYL","Boyolali"
"5136BYLRT","M3","0146N","40000","24","X","BYL","Boyolali"
"5136KRART","M6","7003","11500000","1","X","KRA","Karanganyar"
"5136SLURT","63","jF03","700000","1","X","SLU","Solo Utara"
"5136SRGRT","63","jf10","2000000","1","X","SRG","Sragen"
"5137BYLRT","M3","","500000","10","X","BYL","Boyolali"
"5137SLSRT","M3","067","500000","24","X","SLS","Solo Selatan"
"5137SRGRM","M3","067","500000","10","x","SRG","Sragen"
"5138SLSRT","M3","0001","500000","10","x","SLS","Solo Selatan"
"5138SRGRM","M3","0001","500000","10","x","SRG","Sragen"
"5138SRGRT","60","185","500000","1","x","SRG","Sragen"
"5139KRART","60","185","1300000","10","X","KRA","Karanganyar"
"5139SLSRT","M3","184","500000","24","X","SLS","Solo Selatan"
"5139SLURT","60","180","500000","10","x","SLU","Solo Utara"
"5139SRGRT","60","185","500000","1","x","SRG","Sragen"
"5140KRART","ET","341","800000","1","X","KRA","Karanganyar"
"5140SLSHO","M3","067","500000","1","X","SLS","Solo Selatan"
"5141KRART","63","jf07","2350000","24","X","KRA","Karanganyar"
"5141KRART","M3","174","4900000","10","X","KRA","Karanganyar"
"5141SLSRT","M3","190","500000","24","X","SLS","Solo Selatan"
"5141SLURT","60","179","700000","10","X","SLU","Solo Utara"
"5142KRART","63","JF15","500000","24","X","KRA","Karanganyar"
"5142KTSRT","ET","340","500000","24","X","KTS","Kartosuro"
"5142SRGRT","60","185","1100000","10","X","SRG","Sragen"
"5142SRGRT","63","jf14","3000000","10","X","SRG","Sragen"
"5142SRGRT","ET","341","500000","25","X","SRG","Sragen"
"5142SRGRT","M3","190","650000","10","X","SRG","Sragen"
"5142SRGRT","MFB","0112","500000","10","X","SRG","Sragen"
"5142SRGRT","MFB","1100","500000","10","X","SRG","Sragen"
"5143SLSRT","M3","0001","500000","10","x","SLS","Solo Selatan"
"5144BYLRT","63","jF05","600000","10","X","BYL","Boyolali"
"5144KRART","63","jf07","1000000","24","X","KRA","Karanganyar"
"5144SLURT","63","jF02","500000","10","X","SLU","Solo Utara"
"5144SRGRT","63","","1116575","24","X","SRG","Sragen"
"5144SRGRT","M3","","1500000","20","X","SRG","Sragen"
"5144SRGRT","M6","086","1500000","24","X","SRG","Sragen"
"5145SLSRT","M3","190","500000","24","X","SLS","Solo Selatan"
"5146BYLRT","60","185","500000","1","X","BYL","Boyolali"
"5146KTSRT","M3","190","86000000","10","X","KTS","Kartosuro"
"5146SLSRT","M3","067","500000","10","X","SLS","Solo Selatan"
"5147BYLRT","60","185","500000","10","X","BYL","Boyolali"
"5147KRAKO","63","jF11","4317158","24","X","KRA","Karanganyar"
"5147KRART","63","jF09","500000","1","x","KRA","Karanganyar"
"5147SLSRT","M3","190","500000","24","X","SLS","Solo Selatan"
"5147SRGRT","63","jf17","500000","10","X","SRG","Sragen"
"5148KTSRT","M3","190","500000","1","x","KTS","Kartosuro"
"5148SLSRT","63","jF02","13000000","24","X","SLS","Solo Selatan"
"5149SLSRT","M3","184","500000","24","X","SLS","Solo Selatan"
"5150KRART","63","jF05","6600000","24","X","KRA","Karanganyar"
"5150SLSRT","M3","067","500000","24","X","SLS","Solo Selatan"
"5150SRGRT","M3","035","500000","1","X","SRG","Sragen"
"5150SRGRT","MFB","0366","500000","1","X","SRG","Sragen"
"5151SLSRT","M3","067","500000","24","X","SLS","Solo Selatan"
"5153SLSRT","M3","0001","500000","24","X","SLS","Solo Selatan"
"5154SKHRT","ET","340","500000","24","X","SLS","Solo Selatan"
"5154SKHRT","MFB","0364","500000","10","X","SLS","Solo Selatan"
"5154SLSRT","M3","184","500000","24","X","SLS","Solo Selatan"
"5155SLSRT","M3","190","500000","24","X","SLS","Solo Selatan"
"51564SLSRT","M6","093","6200000","25","X","SLS","Solo Selatan"
"5156SKHRT","ET","341","1050000","24","X","SKH","Sukoharjo"
"5156SLSRT","ET","","600000","1","X","SLS","Solo Selatan"
"5156SLURT","M3","190","500000","1","x","SLU","Solo Utara"
"5156SRGRT","60","185","500000","24","X","SRG","Sragen"
"5157SLSRT","60","178","500000","1","X","SLS","Solo Selatan"
"5158SRGRT","60","185","800000","24","X","SRG","Sragen"
"5159SLSRT","M3","190","500000","1","X","SLS","Solo Selatan"
"5160BYLRT","60","178","1000000","24","X","BYL","Boyolali"
"5160BYLRT","63","jf05","700000","24","X","BYL","Boyolali"
"5160KRART","ET","341","500000","1","x","KRA","Karanganyar"
"5160SLSRT","M3","184","500000","24","X","SLS","Solo Selatan"
"5160SLURT","63","JF03","5000000","1","X","SLU","Solo Utara"
"5161KRART","ET","341","500000","1","x","KRA","Karanganyar"
"5161KTSRT","60","185","500000","24","x","KTS","Kartosuro"
"5161SLSKT","M3","067","500000","1","X","SLS","Solo Selatan"
"5161SLSRT","ET","343","600000","1","X","SLS","Solo Selatan"
"5161SLURT","63","","500000","1","X","SLU","Solo Utara"
"5161SRGRM","M3","256","500000","10","X","SRG","Sragen"
"5161SRGRT","60","178","500000","10","X","SRG","Sragen"
"5161SRGRT","MFB","0112","500000","24","X","SRG","Sragen"
"5161SRGRT","MFB","1100","500000","24","x","SRG","Sragen"
"5162GMLRT","ET","341","500000","1","X","GML","Gemolong"
"5162KRART","63","","700000","1","X","KRA","Karanganyar"
"5162KTSRT","ET","340","2800000","1","X","KTS","Kartosuro"
"5162SLSRM","M3","190","500000","1","X","SLS","Solo Selatan"
"5162SLURT","M3","067","500000","1","X","SLU","Solo Utara"
"5162SRGRM","M3","067","500000","10","x","SRG","Sragen"
"5163SLSRM","M3","184","500000","1","X","SLS","Solo Selatan"
"5163SLSRT","M3","256","500000","10","X","SLS","Solo Selatan"
"5163SLURT","ET","341","500000","24","x","SLU","Solo Utara"
"5163SRGRM","M3","067","500000","10","x","SRG","Sragen"
"5164BYLRT","ET","343","2100000","1","X","BYL","Boyolali"
"5164KRART","ET","341","500000","1","X","KRA","Karanganyar"
"5164KTSRT","ET","340","500000","1","x","KTS","Kartosuro"
"5164SKHRT","60","178","500000","1","x","SKH","Sukoharjo"
"5164SLSRT","M3","190","500000","10","x","SLS","Solo Selatan"
"5164SLURT","ET","017","5300000","10","x","SLU","Solo Utara"
"5164SRGRT","60","181","500000","1","x","SRG","Sragen"
"5165SRGRM","M3","067","500000","10","x","SRG","Sragen"
"5166KRART","60","180","3450000","25","X","KRA","Karanganyar"
"5167KRART","60","178","500000","1","x","KRA","Karanganyar"
"5168BYLRT","63","jF07","500000","10","x","BYL","Boyolali"
"5168KRART","60","178","500000","1","x","KRA","Karanganyar"
"5168SKHRT","60","180","500000","10","x","SKH","Sukoharjo"
"5169BYLRT","63","jF16","1000000","1","X","BYL","Boyolali"
"5169SLSHO","M3","067","500000","10","x","SLS","Solo Selatan"
"5169SRGRT","60","185","700000","1","X","SRG","Sragen"
"5170KRART","60","178","500000","1","x","KRA","Karanganyar"
"5170SLSRT","M3","067","500000","24","X","SLS","Solo Selatan"
"5171BYLRT","63","jF03","900000","1","X","BYL","Boyolali"
"5171KRART","63","jf03","1000000","10","X","KRA","Karanganyar"
"5171KTSRT","M3","190","500000","10","x","KTS","Kartosuro"
"5172SKHRT","ET","341","500000","1","x","SKH","Sukoharjo"
"5172SLSRT","M3","190","600000","1","X","SLS","Solo Selatan"
"5173KRART","M3","256","500000","10","X","KRA","Karanganyar"
"5174SKHRT","60","179","9500000","24","X","SKH","Sukoharjo"
"5174SKHRT","63","JF12","5490073","10","X","SKH","Sukoharjo"
"5174SKHRT","ET","341","2200000","25","X","SKH","Sukoharjo"
"5174SKHRT","M6","7003","500000","10","X","SKH","Sukoharjo"
"5174SLSRT","M3","067","500000","1","X","SLS","Solo Selatan"
"5174SRGRT","MFB","0112","500000","10","x","SRG","Sragen"
"5175BYLRT","63","JF03","500000","1","x","BYL","Boyolali"
"5176KRART","60","185","500000","1","X","KRA","Karanganyar"
"5177SLURT","M3","1705","6600000","10","X","SLU","Solo Utara"
"5177SLURT","M3","1705N","40000","24","X","SLU","Solo Utara"
"5178KRART","M6","070","500000","10","X","KRA","Karanganyar"
"5178SLURT","M3","256","20000000","7","X","SLU","Solo Utara"
"5179SKHRT","63","0001","1000000","10","x","SKH","Sukoharjo"
"5179SLSRT","60","185","500000","1","x","SLS","Solo Selatan"
"5180BYLRT","63","jF07","900000","1","X","BYL","Boyolali"
"5180SLSRT","M3","035","500000","1","X","SRG","Sragen"
"5180SRGRT","M3","067","500000","1","X","SRG","Sragen"
"5181SLSRT","M3","190","500000","10","x","SLS","Solo Selatan"
"5186SLSRT","60","185","700000","24","X","SLS","Solo Selatan"
"5186SLSRT","M3","190","500000","1","X","SLS","Solo Selatan"
"5187SKHRT","60","180","500000","10","x","SKH","Sukoharjo"
"5190SLSRT","M3","0001","500000","1","X","SLS","Solo Selatan"
"5191SRGRT","63","jf10","500000","24","X","SRG","Sragen"
"5192BYLRT","63","JF07","6800000","1","X","BYL","Boyolali"
"5192SLSRT","M3","190","1300000","10","X","SLS","Solo Selatan"
"5193BYLRT","63","jf01","4000000","10","X","BYL","Boyolali"
"5193KRART","MFB","","25000000","24","X","KRA","Karanganyar"
"5194SLSRT","M3","0001","500000","10","x","SLS","Solo Selatan"
"5196SLSSW","63","jF09","10000000","1","X","SLS","Solo Selatan"
"5196SLSSW","M6","102","28000000","1","X","SLS","Solo Selatan"
"5196SRGRT","63","jF17","600000","1","X","SRG","Sragen"
"5197KRART","63","JF09","1600000","1","X","KRA","Karanganyar"
"5197KTSRT","60","179","750000","10","X","KTS","Kartosuro"
"5197SLSRT","63","jF03","500000","1","x","SLS","Solo Selatan"
"5200SKHRT","MFB","0001","500000","10","","SKH","Sukoharjo"
"5201BYLRT","60","178","700000","10","X","BYL","Boyolali"
"5201KRART","63","jF09","500000","1","x","KRA","Karanganyar"
"5201KTSRT","ET","341","500000","25","X","KTS","Kartosuro"
"5201SLSRM","M3","256","500000","10","X","SLS","Solo Selatan"
"5201SLURT","M3","256","500000","10","X","SLU","Solo Utara"
"5201SRGRT","M3","190","500000","1","x","SRG","Sragen"
"5202KRART","60","179","650000","10","X","KRA","Karanganyar"
"5202SLSRT","M3","190","550000","1","X","SLS","Solo Selatan"
"5202SLSWS","60","193","30000000","10","X","SLS","Solo Selatan"
"5202SLSWS","M3","190","27600000","10","X","SLS","Solo Selatan"
"5202SLURT","M3","256","500000","10","X","SLU","Solo Utara"
"5203BYLMM","60","178","850000","24","X","BYL","Boyolali"
"5203BYLMM","63","jF01","1613408","10","X","BYL","Boyolali"
"5203BYLMM","ET","343","500000","25","X","BYL","Boyolali"
"5203BYLMM","M6","7003","800000","10","X","BYL","Boyolali"
"5203BYLMM","MFB","175","500000","24","X","BYL","Boyolali"
"5203SKHRT","M3","256","500000","10","X","SKH","Sukoharjo"
"5203SLSRT","MFB","0366","500000","1","X","SLS","Solo Selatan"
"5203SLURT","63","jF03","500000","1","x","SLU","Solo Utara"
"5204GMLRT","63","jf08","500000","24","X","GML","Gemolong"
"5204SRGRT","63","jF14","600000","1","X","SRG","Sragen"
"5205SRGRT","63","jf10","8000000","10","X","SRG","Sragen"
"5205SRGRT","ET","342","750000","10","X","SRG","Sragen"
"5205SRGRT","M3","035","37500000","10","X","SRG","Sragen"
"5205SRGRT","MFB","0112","500000","10","x","SRG","Sragen"
"5205SRGRT","MFB","1100","600000","10","X","SRG","Sragen"
"5206KRART","M3","067","25000000","1","X","KRA","Karanganyar"
"5206SLSRT","M3","035","7000000","1","X","SLS","Solo Selatan"
"5206SRGRT","ET","341","1000000","24","X","SRG","Sragen"
"5207BYLRT","60","178","2250000","1","X","BYL","Boyolali"
"5209BYLRT","60","179","500000","1","x","BYL","Boyolali"
"5209SLSRT","60","185","500000","1","x","SLS","Solo Selatan"
"5210SRGRT","60","","1800000","25","X","KRA","Karanganyar"
"5210SRGRT","63","jf08","300000","10","X","KRA","Karanganyar"
"5210SRGRT","MFB","","2700000","25","X","KRA","Karanganyar"
"5211SKHRT","63","jf15","697373","24","X","SKH","Sukoharjo"
"5211SKHRT","M6","070","300000","10","X","SKH","Sukoharjo"
"5211SRGRT","63","","500000","10","X","SRG","Sragen"
"5212SKHRT","63","JF01","500000","1","X","SKH","Sukoharjo"
"5212SKHRT","ET","","500000","1","X","SKH","Sukoharjo"
"5213SKHRT","ET","341","500000","24","X","SKH","Sukoharjo"
"5213SRGRT","63","jF17","500000","1","X","SRG","Sragen"
"5214SLURT","63","JF11","300000","10","X","SLU","Solo Utara"
"5216KRART","63","jF09","600000","1","X","KRA","Karanganyar"
"5216SKHRT","63","jF07","500000","10","X","SKH","Sukoharjo"
"5216SRGRT","63","jf10","1500000","1","X","SRG","Sragen"
"5217SRGRT","63","JF17","500000","1","X","SRG","Sragen"
"5218SKHRT","60","180","500000","1","x","SKH","Sukoharjo"
"5218SRGRT","MFB","1100","500000","1","x","SRG","Sragen"
"52198SLSRT","M3","190","9000000","1","X","SLS","Solo Selatan"
"5219KRART","M3","190","900000","1","X","KRA","Karanganyar"
"5219SKHRT","63","jf01","500000","1","x","SKH","Sukoharjo"
"5219SRGRT","63","jF08","500000","1","x","SRG","Sragen"
"5220KRART","63","jF09","1500000","1","X","KRA","Karanganyar"
"5222KTSRT","ET","341","500000","25","X","KTS","Kartosuro"
"5224SLSRT","M3","0001","500000","10","X","SLS","Solo Selatan"
"5224SRGRT","M3","0001","500000","10","x","SRG","Sragen"
"5226KRART","MFB","1100","500000","1","x","KRA","Karanganyar"
"5227BYLRT","ET","","600000","24","X","BYL","Boyolali"
"5227SLSRT","60","179","900000","1","X","SLS","Solo Selatan"
"5228KRART","63","jF10","2500000","1","X","KRA","Karanganyar"
"5228KRART","M3","067","500000","1","x","KRA","Karanganyar"
"5229KRART","ET","341","500000","1","x","KRA","Karanganyar"
"5229SLSRT","ET","341","500000","1","X","SLS","Solo Selatan"
"5231SRGRT","63","jF14","500000","1","x","SRG","Sragen"
"5232KRART","63","jF02","500000","10","x","KRA","Karanganyar"
"5233BYLRT","60","179","2000000","10","X","BYL","Boyolali"
"5233BYLRT","63","JF01","27000000","10","X","BYL","Boyolali"
"5233BYLRT","ET","340","1050000","25","X","BYL","Boyolali"
"5233BYLRT","M6","7003","4700000","10","X","BYL","Boyolali"
"5233BYLRT","MFB","0233","500000","10","X","BYL","Boyolali"
"5233BYLRT","MFB","175","13600000","10","X","BYL","Boyolali"
"5233KRART","60","178","500000","1","x","KRA","Karanganyar"
"5233SKHRT","60","180","4650000","24","X","SKH","Sukoharjo"
"5233SKHRT","ET","","500000","25","X","SKH","Sukoharjo"
"5233SKHRT","MFB","078","6100000","25","X","SKH","Sukoharjo"
"5233SLUMM","63","jF16","500000","24","X","SLU","Solo Utara"
"5233SLUMM","M6","070","700000","24","X","SLU","Solo Utara"
"5233SLUMM","MFB","078","3850000","24","X","SLU","Solo Utara"
"5234BYLRT","60","178","6800000","25","X","BYL","Boyolali"
"5236SRGRT","M3","0146","2000000","10","","SRG","Sragen"
"5236SRGRT","M3","0146N","40000","24","","SRG","Sragen"
"5239SLSRT","ET","340","500000","1","X","SLS","Solo Selatan"
"5239SRGRT","63","jF17","500000","1","X","SRG","Sragen"
"5239SRGRT","MFB","0112","500000","1","x","SRG","Sragen"
"5241SLSRT","M3","190","500000","1","X","SLS","Solo Selatan"
"5241SLURT","63","jF01","500000","1","x","SLS","Solo Selatan"
"5241SRGRT","M3","035","500000","1","X","SRG","Sragen"
"5242SLSRT","M3","190","500000","1","X","SLS","Solo Selatan"
"5244KRART","MFB","0380","15000000","10","X","KRA","Karanganyar"
"5244SLURT","ET","","500000","25","X","SLU","Solo Utara"
"5244SLURT","MFB","0364","500000","10","X","SLU","Solo Utara"
"5244SRGRT","60","181","2700000","10","X","SRG","Sragen"
"5246SKHRT","60","180","500000","1","x","SKH","Sukoharjo"
"5246SRGRT","ET","341","2000000","1","X","SRG","Sragen"
"5248KTSRT","63","jF07","600000","24","X","KTS","Kartosuro"
"5249SRGRT","63","jf17","500000","1","x","SRG","Sragen"
"5252SKHSM","60","199","1500000","14","X","SKH","Sukoharjo"
"5252SKHSM","63","jF09","49500000","10","X","SKH","Sukoharjo"
"5252SKHSM","ET","342","10500000","14","X","SKH","Sukoharjo"
"5252SKHSM","M3","184","7200000","14","X","SKH","Sukoharjo"
"5252SKHSM","M6","102","15000000","14","X","SKH","Sukoharjo"
"5252SKHSM","MFB","0359","8500000","14","X","SKH","Sukoharjo"
"5252SKHSM","MFB","0360","7600000","10","X","SKH","Sukoharjo"
"5252SKHSM","MFB","0365","13000000","10","X","SKH","Sukoharjo"
"5252SKHSM","MFB","0370","9000000","10","X","SKH","Sukoharjo"
"5252SKHSM","MFB","E001","500000","10","x","SKH","Sukoharjo"
"5252SRGRT","M3","067","700000","24","X","SRG","Sragen"
"5261KRART","63","jF01","600000","1","X","KRA","Karanganyar"
"5261SKHRT","60","185","1000000","1","X","SKH","Sukoharjo"
"5261SLURT","M3","256","500000","10","X","SLU","Solo Utara"
"5261SRGRT","63","jf17","500000","1","x","SRG","Sragen"
"5262KRART","60","178","600000","1","X","KRA","Karanganyar"
"5262KTSRT","60","185","500000","1","x","KTS","Kartosuro"
"5263KRART","ET","341","500000","1","x","KRA","Karanganyar"
"5263KTSRT","63","jF11","600000","10","X","KTS","Kartosuro"
"5263SLUSW","60","193","17500000","10","X","SLU","Solo Utara"
"5263SLUSW","ET","","2100000","25","X","SLU","Solo Utara"
"5263SLUSW","M3","067","130000000","25","X","SLU","Solo Utara"
"5263SLUSW","MFB","0380","500000","24","X","SLU","Solo Utara"
"5263SLUSW","MFB","067","3500000","10","X","SLU","Solo Utara"
"5263SLUSW","MFB","078","55000000","10","X","SLU","Solo Utara"
"5264KTSRT","63","","500000","10","X","KTS","Kartosuro"
"5264SLSRT","M3","190","500000","1","X","SLS","Solo Selatan"
"5266BYLRT","ET","343","600000","1","X","BYL","Boyolali"
"5266KRART","63","JF12","1000000","24","X","KRA","Karanganyar"
"5266KRART","M6","086","700000","25","X","KRA","Karanganyar"
"5266KRART","MFB","0181","500000","10","X","KRA","Karanganyar"
"5266SLSSW","MFB","0233","26000000","10","X","SLS","Solo Selatan"
"5267BYLRT","63","jF16","2600000","10","X","BYL","Boyolali"
"5267BYLRT","M6","7003","500000","10","X","BYL","Boyolali"
"5267BYLRT","MFB","0112","500000","10","X","BYL","Boyolali"
"5267BYLRT","MFB","1100","500000","10","X","BYL","Boyolali"
"5267SLURT","60","178","500000","1","x","SLU","Solo Utara"
"5269KRART","ET","341","500000","1","x","KRA","Karanganyar"
"5269SLURT","M6","0001","200000","10","X","SLU","Solo Utara"
"5270KRART","60","185","900000","1","X","KRA","Karanganyar"
"5270KTSRT","M3","0146","6000000","1","","KTS","Kartosuro"
"5270KTSRT","M3","0146N","40000","24","","KTS","Kartosuro"
"5271KRART","ET","341","500000","25","X","KRA","Karanganyar"
"5271SLURT","M3","256","500000","10","X","SLU","Solo Utara"
"5272SRGRT","M3","184","5500000","10","X","SRG","Sragen"
"5273KRART","ET","341","500000","1","x","KRA","Karanganyar"
"5273SLURT","60","179","500000","1","x","SLU","Solo Utara"
"5277SLSRT","63","jF16","500000","10","X","SLS","Solo Selatan"
"5277SLSRT","MFB","0366","500000","10","X","SLS","Solo Selatan"
"5277SLURT","60","185","500000","1","x","SLU","Solo Utara"
"5277SRGRT","ET","341","500000","1","x","SRG","Sragen"
"5278SKHRT","ET","341","1000000","25","x","SKH","Sukoharjo"
"5279SLURT","60","178","500000","1","x","SLU","Solo Utara"
"5288SRGRT","60","178","2250000","25","X","SRG","Sragen"
"5288SRGRT","63","JF10","900000","24","X","SRG","Sragen"
"5288SRGRT","ET","342","500000","24","X","SRG","Sragen"
"5288SRGRT","M3","189","750000","10","X","SRG","Sragen"
"5288SRGRT","M6","086","1200000","24","X","SRG","Sragen"
"5288SRGRT","MFB","0112","3800000","25","X","SRG","Sragen"
"5289SRGRT","63","JF10","800000","24","X","SRG","Sragen"
"5289SRGRT","MFB","1100","500000","10","X","SRG","Sragen"
"5295KRART","63","JF07","5300000","1","X","KRA","Karanganyar"
"5295SRGRT","63","JF14","500000","10","X","SRG","Sragen"
"5295SRGRT","M6","086","600000","24","X","SRG","Sragen"
"5299SRGRT","60","","1300000","10","X","SRG","Sragen"
"5299SRGRT","63","jF10","600000","24","X","SRG","Sragen"
"5301SLURT","ET","340","500000","24","X","SLU","Solo Utara"
"5302SLSRT","M3","190","500000","1","x","SLS","Solo Selatan"
"5303SLSRT","M3","184","500000","1","X","SLS","Solo Selatan"
"5304KTSRT","60","178","5500000","1","X","SLU","Solo Utara"
"5304SLSRT","60","185","500000","1","x","SLS","Solo Selatan"
"5306SKHRT","MFB","0323","1000000","10","X","SKH","Sukoharjo"
"5306SLSRT","60","185","500000","1","x","SLS","Solo Selatan"
"5306SRGRT","60","181","500000","24","X","SRG","Sragen"
"5306SRGRT","ET","341","500000","24","X","SRG","Sragen"
"5306SRGRT","MFB","1100","500000","10","X","SRG","Sragen"
"5309SLSRT","M3","184","600000","1","X","SLS","Solo Selatan"
"5312KRART","M3","","300000","10","X","KRA","Karanganyar"
"5312KRART","M3","","40000","24","X","KRA","Karanganyar"
"5312SRGRT","63","jf08","3200000","10","X","SRG","Sragen"
"5312SRGRT","ET","341","500000","24","X","SRG","Sragen"
"5312SRGRT","MFB","0112","1050000","10","X","SRG","Sragen"
"5312SRGRT","MFB","1100","1100000","10","X","SRG","Sragen"
"5322SLSRT","M3","190","500000","1","X","SLS","Solo Selatan"
"5334BYLRT","MFB","0233","4550000","10","X","BYL","Boyolali"
"5341SLSRT","63","jf09","1900000","24","X","SLS","Solo Selatan"
"5341SLSRT","ET","343","1400000","25","X","SLS","Solo Selatan"
"5343BYLRT","60","179","1400000","1","X","BYL","Boyolali"
"5344KRART","63","jf01","1500000","24","X","SKH","Sukoharjo"
"5366BYLRT","63","jF09","500000","1","x","BYL","Boyolali"
"5367BYLRT","63","jF01","2500000","1","X","BYL","Boyolali"
"5373SRGRT","M3","189","500000","10","X","SRG","Sragen"
"5373SRGRT","MFB","0112","1500000","24","X","SRG","Sragen"
"5375SLSRT","M3","190","850000","10","X","SLS","Solo Selatan"
"5377SLSMM","63","","1500000","10","X","SLS","Solo Selatan"
"5377SLSMM","ET","","1500000","25","X","SLS","Solo Selatan"
"5377SLSMM","M6","","1000000","25","X","SLS","Solo Selatan"
"5377SLSRT","60","180","1500000","24","X","SLS","Solo Selatan"
"5377SLSRT","63","JF07","1000000","24","X","SLS","Solo Selatan"
"5377SRGRT","60","193","10000000","10","X","SRG","Sragen"
"5399SLSRT","63","jf11","1000000","24","X","SLS","Solo Selatan"
"5399SRGRT","M3","0146","6000000","1","","SRG","Sragen"
"5399SRGRT","M3","0146N","40000","24","","SRG","Sragen"
"5400BYLRT","MFB","0233","1300000","10","X","BYL","Boyolali"
"5400KRART","63","jF09","2314444","24","X","KRA","Karanganyar"
"5400SKHRT","63","jF05","5000000","10","X","SKH","Sukoharjo"
"5400SKHRT","ET","341","800000","25","X","SKH","Sukoharjo"
"5400SKHRT","M6","7003","1000000","24","X","SKH","Sukoharjo"
"5400SKHRT","MFB","0359","1000000","10","X","SKH","Sukoharjo"
"5400SKHRT","MFB","0365","1000000","10","X","SKH","Sukoharjo"
"5400SKHRT","MFB","E001","500000","10","X","SKH","Sukoharjo"
"5400SRGRT","63","jf08","5482258","10","X","SRG","Sragen"
"5400SRGRT","M6","086","650000","24","X","SRG","Sragen"
"5400SRGRT","MFB","0112","1200000","10","X","SRG","Sragen"
"5400SRGRT","MFB","1100","500000","10","X","SRG","Sragen"
"5400SRGRT","MFB","502","500000","10","X","SRG","Sragen"
"5401SLSRT","M3","190","750000","24","X","SLS","Solo Selatan"
"5402SLSRT","M3","190","600000","24","X","SLS","Solo Selatan"
"5403SLSRT","M3","190","1400000","24","X","SLS","Solo Selatan"
"5407KRART","63","JF08","500000","24","X","KRA","Karanganyar"
"5407KRART","ET","341","500000","24","X","KRA","Karanganyar"
"5407KRART","M6","086","700000","24","X","KRA","Karanganyar"
"5411KRART","63","","500000","10","X","KRA","Karanganyar"
"5411SKHRT","60","178","1500000","10","X","SKH","Sukoharjo"
"5411SKHRT","ET","","500000","25","X","SKH","Sukoharjo"
"5411SLURT","60","0001","1000000","10","X","SLU","Solo Utara"
"5411SLURT","63","0001","1700000","10","X","SLU","Solo Utara"
"5411SLURT","ET","0001","5000000","10","X","SLU","Solo Utara"
"5411SLURT","M3","0001","2000000","10","X","SLU","Solo Utara"
"5411SLURT","M3","0001N","40000","24","X","SLU","Solo Utara"
"5411SLURT","MFB","0001","4000000","10","X","SLU","Solo Utara"
"5411SRGRT","63","","500000","10","X","SRG","Sragen"
"5412BYLRT","MFB","0233","500000","10","X","BYL","Boyolali"
"5412KRART","63","jf18","11300000","10","X","KRA","Karanganyar"
"5412SRGRT","63","jf08","718626","24","X","SRG","Sragen"
"5414KRART","63","jF12","1100000","24","X","KRA","Karanganyar"
"5414SKHRT","63","","500000","10","X","SKH","Sukoharjo"
"5414SRGRT","60","181","3400000","24","X","SRG","Sragen"
"5416BYLRT","63","jF15","1800000","24","X","BYL","Boyolali"
"5416BYLRT","M6","7003","1100000","25","X","BYL","Boyolali"
"5416KRART","60","178","500000","10","x","KRA","Karanganyar"
"5417BYLRT","63","jf15","500000","24","X","BYL","Boyolali"
"5417BYLRT","M6","7003","2500000","25","X","BYL","Boyolali"
"5417KRART","63","jF02","500000","24","X","KRA","Karanganyar"
"5417SKHRT","60","180","2500000","24","X","SKH","Sukoharjo"
"5417SKHRT","M3","","500000","10","X","SKH","Sukoharjo"
"5417SKHRT","MFB","078","1550000","24","X","SKH","Sukoharjo"
"5417SLSRT","63","jf07","500000","24","X","SLS","Solo Selatan"
"5417SRGRT","63","jF08","1000000","24","X","SRG","Sragen"
"5418BYLRT","63","","500000","10","X","BYL","Boyolali"
"5418SRGRT","63","jf14","15000000","24","X","SRG","Sragen"
"5420BYLRT","ET","","500000","25","X","BYL","Boyolali"
"5420BYLRT","MFB","0233","1300000","10","X","BYL","Boyolali"
"5421SRGRT","60","185","600000","1","X","SRG","Sragen"
"5422KRART","63","jF09","9500000","24","X","KRA","Karanganyar"
"5422KRART","ET","341","1250000","25","X","KRA","Karanganyar"
"5422KRART","M6","070","5000000","24","X","KRA","Karanganyar"
"5422KRART","MFB","078","2300000","25","X","KRA","Karanganyar"
"5422KRART","MFB","1109","500000","24","X","KRA","Karanganyar"
"5422SKHRT","63","jF09","1137185","24","X","SKH","Sukoharjo"
"5424KRART","60","178","500000","24","X","KRA","Karanganyar"
"5424KRART","63","jF11","1100000","24","X","KRA","Karanganyar"
"5424KRART","ET","341","500000","24","X","KRA","Karanganyar"
"5424KRART","M6","070","700000","24","X","KRA","Karanganyar"
"5425BYLRT","63","jF09","1000000","10","X","BYL","Boyolali"
"5426BYLRT","63","jf15","500000","10","X","BYL","Boyolali"
"5426BYLRT","MFB","175","500000","24","X","BYL","Boyolali"
"5426SRGRT","63","jF14","500000","1","x","SRG","Sragen"
"5427BYLRT","63","jF09","500000","10","X","BYL","Boyolali"
"5431BYLRT","60","179","6300000","10","X","BYL","Boyolali"
"5431BYLRT","63","JF05","35500000","10","X","BYL","Boyolali"
"5431BYLRT","M6","7003","12000000","10","X","BYL","Boyolali"
"5431BYLRT","MFB","175","22700000","10","X","BYL","Boyolali"
"5433SRGRT","63","jf08","2300000","10","X","SRG","Sragen"
"5433SRGRT","M3","067","600000","10","X","SRG","Sragen"
"5434SKHRT","60","180","500000","24","X","SKH","Sukoharjo"
"5434SKHRT","63","jF07","1000000","10","X","SKH","Sukoharjo"
"5434SKHRT","M3","174","600000","10","X","SKH","Sukoharjo"
"5434SKHRT","M6","7003","500000","24","X","SKH","Sukoharjo"
"5434SKHRT","MFB","078","650000","10","X","SKH","Sukoharjo"
"5434SKHRT","MFB","1109","500000","10","X","SKH","Sukoharjo"
"5439KRART","M6","7003","700000","10","X","KRA","Karanganyar"
"5440SRGRT","63","jF08","600000","1","X","SRG","Sragen"
"5441BYLRT","63","jF03","500000","24","X","BYL","Boyolali"
"5441KRART","63","JF09","1349417","24","X","KRA","Karanganyar"
"5441SKHRT","63","jF03","1000000","24","X","SKH","Sukoharjo"
"5441SRGRT","63","","500000","10","X","SRG","Sragen"
"5442SRGRT","63","jf02","800000","10","X","KRA","Karanganyar"
"5443SRGRT","60","181","800000","24","X","SRG","Sragen"
"5444SLSRT","63","JF03","700000","10","X","SLU","Solo Utara"
"5447SRGRT","60","181","1100000","24","X","SRG","Sragen"
"5451BYLRT","63","jF09","500000","10","X","BYL","Boyolali"
"5451KRART","63","JF09","984054","24","X","KRA","Karanganyar"
"5451SLSRT","63","jf12","500000","24","X","SLS","Solo Selatan"
"5454BYLRT","63","jF09","900000","10","X","BYL","Boyolali"
"5460SLSRT","60","180","500000","1","x","SLS","Solo Selatan"
"5463srgrt","63","jF14","700000","24","X","SRG","Sragen"
"5463srgrt","M6","","500000","10","X","SRG","Sragen"
"5464SLSRT","MFB","2332","500000","10","X","SLS","Solo Selatan"
"5464SRGRT","63","jf14","3106833","10","X","SRG","Sragen"
"5465BYLRT","60","178","500000","1","X","BYL","Boyolali"
"5466KRART","63","JF08","550000","24","X","KRA","Karanganyar"
"5466KRART","M3","","500000","10","X","KRA","Karanganyar"
"5466KRART","M6","086","500000","10","X","KRA","Karanganyar"
"5466KRART","MFB","0112","600000","24","X","KRA","Karanganyar"
"5466KRART","MFB","1100","500000","24","X","KRA","Karanganyar"
"5466KTSRT","60","199","1000000","10","X","KTS","Kartosuro"
"5466KTSRT","63","JF09","5460133","24","X","KTS","Kartosuro"
"5466KTSRT","ET","340","650000","24","X","KTS","Kartosuro"
"5466KTSRT","M3","190","2200000","10","X","KTS","Kartosuro"
"5466KTSRT","M6","093","3500000","24","X","KTS","Kartosuro"
"5466KTSRT","MFB","0359","2500000","25","X","KTS","Kartosuro"
"5466KTSRT","MFB","0365","5000000","10","X","KTS","Kartosuro"
"5466SKHRT","60","178","1200000","24","X","SKH","Sukoharjo"
"5466SLSRT","ET","342","4000000","25","X","SLS","Solo Selatan"
"5466SLURT","ET","","500000","25","X","SLU","Solo Utara"
"5466SRGRT","MFB","1100","500000","10","X","SRG","Sragen"
"5467SLSRT","60","178","1200000","24","X","SLS","Solo Selatan"
"5467SLSRT","M3","","800000","10","X","SLS","Solo Selatan"
"5467YLRT","60","178","5200000","24","X","BYL","Boyolali"
"5467YLRT","63","jf07","17000000","24","X","BYL","Boyolali"
"5469SLSRT","63","","1572205","10","X","SLS","Solo Selatan"
"5469SLSRT","ET","340","1500000","25","X","SLS","Solo Selatan"
"5471SKHRT","60","185","500000","24","X","SKH","Sukoharjo"
"5471SKHRT","63","jF15","500000","24","X","SKH","Sukoharjo"
"5471SKHRT","ET","340","700000","24","X","SKH","Sukoharjo"
"5471SKHRT","M3","190","800000","10","X","SKH","Sukoharjo"
"5471SKHRT","M6","7003","500000","24","X","SKH","Sukoharjo"
"5471SRGRT","60","181","600000","24","X","SRG","Sragen"
"5471SRGRT","63","jf14","1535325","10","X","SRG","Sragen"
"5471SRGRT","M3","067","750000","24","X","SRG","Sragen"
"5472BYLRT","63","jF07","500000","24","X","BYL","Boyolali"
"5473BYLRT","63","jF12","500000","24","X","BYL","Boyolali"
"5476BYLRT","60","185","10800000","24","X","BYL","Boyolali"
"5476BYLRT","MFB","0181","1500000","24","X","BYL","Boyolali"
"5476BYLRT","MFB","1100","13000000","24","X","BYL","Boyolali"
"5476BYLRT","MFB","2331","1000000","24","X","BYL","Boyolali"
"5477KRART","M6","070","500000","24","X","KRA","Karanganyar"
"5477KTSRT","63","jF11","500000","10","X","KTS","Kartosuro"
"5477SLURT","60","193","15100000","21","X","SLU","Solo Utara"
"5477SLURT","M3","067","32200000","28","X","SLU","Solo Utara"
"5477SLURT","MFB","0380","15000000","28","X","SLU","Solo Utara"
"5477SLURT","MFB","078","113400000","28","X","SLU","Solo Utara"
"5477SRGRT","MFB","0112","750000","10","X","SRG","Sragen"
"5477SRGRT","MFB","0181","500000","25","X","SRG","Sragen"
"5478BYLRT","63","","500000","10","X","BYL","Boyolali"
"5478BYLRT","63","jf05","650000","24","X","BYL","Boyolali"
"5478BYLRT","ET","","500000","24","X","BYL","Boyolali"
"5493SLSRT","MFB","2332","500000","10","X","SLS","Solo Selatan"
"5499SRGRT","60","181","1100000","10","X","SRG","Sragen"
"5499SRGRT","63","jF08","3086175","10","X","SRG","Sragen"
"5499SRGRT","ET","341","500000","24","X","SRG","Sragen"
"5499SRGRT","M3","067","1900000","10","X","SRG","Sragen"
"5499SRGRT","M6","086","1000000","24","X","SRG","Sragen"
"5499SRGRT","MFB","0112","850000","25","X","SRG","Sragen"
"5499SRGRT","MFB","1100","500000","24","X","SRG","Sragen"
"5499SRGRT","MFB","1109","500000","24","X","SRG","Sragen"
"5501KRART","60","178","500000","24","X","KRA","Karanganyar"
"5501SLSRT","63","jf16","800000","24","X","SLS","Solo Selatan"
"5501SLSRT","ET","341","550000","24","X","SLS","Solo Selatan"
"5501SLSRT","M3","190","850000","10","X","SLS","Solo Selatan"
"5502BYLRT","63","jF01","500000","24","X","BYL","Boyolali"
"5504BYLRT","60","199","500000","10","X","BYL","Boyolali"
"5504BYLRT","63","","500000","10","X","BYL","Boyolali"
"5504BYLRT","ET","","1400000","25","X","BYL","Boyolali"
"5506BYLRT","63","jF14","500000","10","X","BYL","Boyolali"
"5511SLSRT","ET","341","500000","25","X","SLS","Solo Selatan"
"5514BYLRT","63","jF01","700000","24","X","BYL","Boyolali"
"5514BYLRT","ET","","500000","25","X","BYL","Boyolali"
"5514BYLRT","M3","189","500000","24","X","BYL","Boyolali"
"5514SLURT","ET","","300000","25","X","SLU","Solo Utara"
"5515KRART","60","180","650000","25","X","KRA","Karanganyar"
"5515KRART","63","JF15","1500000","10","X","KRA","Karanganyar"
"5515KRART","ET","341","500000","24","X","KRA","Karanganyar"
"5515KRART","M3","174","850000","10","X","KRA","Karanganyar"
"5515KRART","M6","7003","500000","24","X","KRA","Karanganyar"
"5515KRART","MFB","078","500000","10","X","KRA","Karanganyar"
"5516SKHRT","ET","340","500000","1","x","SKH","Sukoharjo"
"5517BYLRT","63","JF18","500000","24","X","BYL","Boyolali"
"5517BYLRT","ET","","500000","25","X","BYL","Boyolali"
"5517BYLRT","M3","","400000","10","X","BYL","Boyolali"
"5523BYLRT","63","jf03","500000","24","X","BYL","Boyolali"
"5523SLSRT","63","jF03","500000","24","X","SLS","Solo Selatan"
"5527SRGRT","63","jf02","1500000","24","X","SRG","Sragen"
"5528BYLRT","63","jf05","500000","24","X","BYL","Boyolali"
"5532BYLRT","63","jF05","3500000","10","X","BYL","Boyolali"
"5533SKHRT","60","","1650000","24","X","SKH","Sukoharjo"
"5533SKHRT","63","jF09","3700000","10","X","SKH","Sukoharjo"
"5533SRGRT","63","","1200000","10","X","SRG","Sragen"
"5533SRGRT","ET","","700000","25","X","SRG","Sragen"
"5533SRGRT","MFB","1100","500000","1","X","SRG","Sragen"
"5534KRART","63","jF07","500000","24","X","KRA","Karanganyar"
"5534SLSRT","63","jf07","1000000","10","X","SLS","Solo Selatan"
"5536KTSRT","ET","341","600000","25","1","KTS","Kartosuro"
"5536skhrt","63","","500000","10","X","KTS","Kartosuro"
"5541BYLRT","63","jf05","500000","24","X","BYL","Boyolali"
"5541BYLRT","MFB","0233","500000","25","X","BYL","Boyolali"
"5541BYLRT","MFB","175","1500000","25","X","BYL","Boyolali"
"5552SRGRT","63","JF08","600000","24","X","SRG","Sragen"
"5553SLURT","60","185","800000","24","X","SLU","Solo Utara"
"5553SLURT","63","jf16","777287","24","X","SLU","Solo Utara"
"5553SLURT","M3","190","500000","24","X","SLU","Solo Utara"
"5555BYLRT","63","jF07","7000000","10","X","BYL","Boyolali"
"5556BYLRT","63","jF07","900000","24","X","BYL","Boyolali"
"5556SLURT","63","jF03","700000","24","X","SLU","Solo Utara"
"5556SLURT","ET","343","500000","24","X","SLU","Solo Utara"
"5556SLURT","M3","","500000","10","X","SLU","Solo Utara"
"5556SLURT","M6","7003","1600000","24","X","SLU","Solo Utara"
"5557BYLRT","M3","","500000","10","X","BYL","Boyolali"
"5561KRART","63","jF16","1000000","1","x","KRA","Karanganyar"
"5562BYLRT","63","jf18","500000","24","X","BYL","Boyolali"
"5562SRGRT","63","jF14","500000","10","X","SRG","Sragen"
"5563GMLRT","63","jF08","500000","24","X","GML","Gemolong"
"5563GMLRT","ET","341","500000","24","X","GML","Gemolong"
"5563GMLRT","MFB","1100","500000","24","X","GML","Gemolong"
"5563SKHRT","63","jf01","700000","24","X","KTS","Kartosuro"
"5567KRART","63","","500000","10","X","KRA","Karanganyar"
"5568SLSRT","63","jF16","850000","24","X","SLS","Solo Selatan"
"5577KRART","63","jf02","900000","24","X","KRA","Karanganyar"
"5578SRGRT","63","jF10","1350000","10","X","SRG","Sragen"
"5582BYLRT","63","JF12","600000","10","X","BYL","Boyolali"
"5582SLSRT","63","jF05","600000","10","X","SLS","Solo Selatan"
"5588SRGRT","63","jf17","900000","24","X","SRG","Sragen"
"5593BYLRT","63","jF07","500000","24","X","BYL","Boyolali"
"5607SLSRT","63","jf03","500000","24","X","SLS","Solo Selatan"
"5607SLSRT","ET","343","500000","25","X","SLS","Solo Selatan"
"5607SLSRT","M3","190","500000","24","X","SLS","Solo Selatan"
"5607SLSRT","MFB","175","500000","24","X","SLS","Solo Selatan"
"5607SLSRT","MFB","502","300000","25","X","SLS","Solo Selatan"
"5617BYLRT","63","jF09","1000000","24","X","BYL","Boyolali"
"5621SLSRT","M3","0146","5000000","10","X","SLS","Solo Selatan"
"5621SLSRT","M3","0146N","40000","24","X","SLS","Solo Selatan"
"5622BYLRT","ET","340","800000","24","X","BYL","Boyolali"
"5622KRART","63","jF03","700000","24","X","KRA","Karanganyar"
"5622SRGRT","63","JF08","800000","10","X","SRG","Sragen"
"5628BYLRT","63","JF05","500000","24","X","BYL","Boyolali"
"5631BYLRT","M3","067","3100000","1","X","BYL","Boyolali"
"5631KRART","63","jf16","700000","24","X","KRA","Karanganyar"
"5631SLURT","63","JF01","500000","10","X","SLU","Solo Utara"
"5633GMLRT","ET","341","1850000","24","X","GML","Gemolong"
"5633SLSRT","63","jf05","600000","24","X","SKH","Sukoharjo"
"5633SRGRT","60","185","1950000","10","X","SRG","Sragen"
"5633SRGRT","63","JF08","2900000","10","X","SRG","Sragen"
"5633SRGRT","M3","067","3200000","24","X","SRG","Sragen"
"5633SRGRT","M6","070","1000000","24","X","SRG","Sragen"
"5634SLURT","MFB","175","8500000","24","X","SLU","Solo Utara"
"5641SKHRT","63","jF03","800000","24","X","SKH","Sukoharjo"
"5642SRGRT","M3","","700000","24","X","SRG","Sragen"
"5644BYLRT","60","179","850000","24","X","BYL","Boyolali"
"5644KRART","M3","","500000","10","X","KRA","Karanganyar"
"5644KRART","M6","","500000","10","X","KRA","Karanganyar"
"5666KRART","63","jF09","827775","10","X","KRA","Karanganyar"
"5672SRGRT","60","181","3300000","24","X","SRG","Sragen"
"5672SRGRT","M3","067","19000000","10","X","SRG","Sragen"
"5673KTSRT","MFB","2332","500000","10","X","KTS","Kartosuro"
"5674KTSRT","63","jF11","850000","24","X","KTS","Kartosuro"
"5674KTSRT","MFB","2332","500000","10","X","KTS","Kartosuro"
"5676KRART","63","jf17","1668067","10","X","KRA","Karanganyar"
"5677BYLRT","60","178","650000","10","X","BYL","Boyolali"
"5677SLSRT","MFB","2332","500000","10","","SLS","Solo Selatan"
"5678SLSRT","MFB","2332","500000","10","","SLS","Solo Selatan"
"5678SRGRT","63","","500000","10","X","SRG","Sragen"
"5679SLSRT","MFB","2332","500000","10","","SLS","Solo Selatan"
"5682BYLRT","63","jF01","1000000","24","X","BYL","Boyolali"
"5686SRGRT","60","","700000","10","X","SRG","Sragen"
"5686SRGRT","63","jF10","4240750","24","X","SRG","Sragen"
"5686SRGRT","ET","341","500000","24","X","SRG","Sragen"
"5686SRGRT","M3","189","550000","10","X","SRG","Sragen"
"5686SRGRT","M6","086","1400000","24","X","SRG","Sragen"
"5686SRGRT","MFB","0112","1500000","24","X","SRG","Sragen"
"5686SRGRT","MFB","1100","250000","24","X","SRG","Sragen"
"5687BYLRT","63","jf05","1100000","10","X","BYL","Boyolali"
"5688BYLRT","63","JF15","1600000","10","X","BYL","Boyolali"
"5688BYLRT","MFB","175","600000","10","X","BYL","Boyolali"
"5693SKHRT","MFB","2332","500000","10","X","SKH","Sukoharjo"
"5699BYLRT","60","178","1500000","24","X","BYL","Boyolali"
"5699BYLRT","63","jF03","500000","24","X","BYL","Boyolali"
"5699KRART","63","jF05","1000000","24","X","KRA","Karanganyar"
"5699SLSRT","60","180","600000","25","X","SLS","Solo Selatan"
"5699SLSRT","63","jf09","5633679","10","X","SLS","Solo Selatan"
"5699SLSRT","ET","342","4000000","28","X","SLS","Solo Selatan"
"5699SLSRT","M3","174","3500000","10","X","SLS","Solo Selatan"
"5699SLSRT","M6","7003","1700000","10","X","SLS","Solo Selatan"
"5699SLSRT","MFB","078","600000","25","X","SLS","Solo Selatan"
"5699SLSRT","MFB","1109","500000","10","X","SLS","Solo Selatan"
"5699SRGRT","60","181","2400000","10","X","SRG","Sragen"
"5699SRGRT","ET","","350000","25","X","SRG","Sragen"
"5701KRART","63","jF05","500000","10","X","KRA","Karanganyar"
"5711BYLRT","60","185","500000","24","X","BYL","Boyolali"
"5712BYLRT","63","jF11","1750000","10","X","BYL","Boyolali"
"5712BYLRT","M3","189","2450000","10","X","BYL","Boyolali"
"5712BYLRT","M6","070","1000000","24","X","BYL","Boyolali"
"5712SLSRT","ET","340","500000","1","x","SLS","Solo Selatan"
"5713BYLRT","63","jf05","500000","24","x","BYL","Boyolali"
"5716SKHRT","63","jF07","500000","10","x","SKH","Sukoharjo"
"5717KRART","63","","2600000","10","X","KRA","Karanganyar"
"5717SRGRT","63","jF14","3100000","10","X","SRG","Sragen"
"5718KRART","63","jF16","1600000","24","X","KRA","Karanganyar"
"5718SRGRT","63","JF14","32100000","30","1","SRG","Sragen"
"5719BYLRT","60","181","700000","10","X","BYL","Boyolali"
"5719BYLRT","63","jF01","500000","10","X","BYL","Boyolali"
"5719SLURT","60","217","1000000","24","X","SLU","Solo Utara"
"5722KRART","60","185","500000","1","x","KRA","Karanganyar"
"5724SLURT","MFB","0001","100000","10","","SLU","Solo Utara"
"5733BYLRT","60","179","8150000","24","X","BYL","Boyolali"
"5733BYLRT","63","jF03","5272183","10","X","BYL","Boyolali"
"5733BYLRT","M3","","800000","10","X","BYL","Boyolali"
"5733KRART","MFB","","500000","10","X","KRA","Karanganyar"
"5733SLSRT","M3","067","97000000","25","X","SLS","Solo Selatan"
"5733SRGRT","63","JF10","800000","1","X","SRG","Sragen"
"5738SLSRT","MFB","2332","500000","10","","SLS","Solo Selatan"
"5739SLSRT","60","178","500000","24","X","SLS","Solo Selatan"
"5741SRGRT","60","185","700000","24","X","SRG","Sragen"
"5741SRGRT","63","jF10","1728483","10","X","SRG","Sragen"
"5741SRGRT","M3","190","1900000","24","X","SRG","Sragen"
"5741SRGRT","M6","086","1700000","24","X","SRG","Sragen"
"5741SRGRT","MFB","0112","2500000","24","X","SRG","Sragen"
"5741SRGRT","MFB","1100","500000","10","X","SRG","Sragen"
"5744BYLRT","MFB","175","3000000","25","X","BYL","Boyolali"
"5744SKHRT","60","180","750000","24","X","SKH","Sukoharjo"
"5744SKHRT","63","jf01","500000","10","X","SKH","Sukoharjo"
"5744SRGRT","60","181","1850000","24","X","SRG","Sragen"
"5745KTSRT","63","jF16","100000","24","X","KTS","Kartosuro"
"5745KTSRT","ET","","550000","50","X","KTS","Kartosuro"
"5745KTSRT","M3","","700000","24","X","KTS","Kartosuro"
"5745KTSRT","M6","","1500000","10","X","KTS","Kartosuro"
"5748SLURT","60","0001","600000","10","X","SLU","Solo Utara"
"5748SLURT","63","0001","500000","10","X","SLU","Solo Utara"
"5748SLURT","ET","0001","500000","10","X","SLU","Solo Utara"
"5748SLURT","M3","0001","250000","24","X","SLU","Solo Utara"
"5748SLURT","MFB","0001","200000","10","X","SLU","Solo Utara"
"5749KRART","63","jf16","580625","24","X","KRA","Karanganyar"
"5755SRGRT","60","181","4350000","25","X","SRG","Sragen"
"5755SRGRT","M3","","1450000","24","X","SRG","Sragen"
"5755SRGRT","MFB","0112","5850000","24","X","SRG","Sragen"
"5764SLSRT","60","193","4400000","24","X","SLS","Solo Selatan"
"5764SLSRT","63","JF03","1000000","24","X","SLS","Solo Selatan"
"5764SLSRT","M3","190","800000","24","X","SLS","Solo Selatan"
"5764SLSRT","M6","7003","500000","10","X","SLS","Solo Selatan"
"5766KRART","60","7001","500000","10","X","KRA","Karanganyar"
"5766KRART","63","JF16","1695833","24","X","KRA","Karanganyar"
"5766SLURT","60","0001","500000","10","X","SLU","Solo Utara"
"5766SLURT","63","0001","500000","10","X","SLU","Solo Utara"
"5766SLURT","M3","0001","500000","10","X","SLU","Solo Utara"
"5766SLURT","M6","0001","100000","10","X","SLU","Solo Utara"
"5766SLURT","MFB","0001","500000","10","X","SLU","Solo Utara"
"5774SLSRT","60","185","3100000","24","X","SLS","Solo Selatan"
"5774SRGRT","63","JF14","1472465","10","X","SRG","Sragen"
"5774SRGRT","M3","","500000","10","X","SRG","Sragen"
"5774SRGRT","M6","086","800000","24","X","SRG","Sragen"
"5781SLURT","ET","","750000","25","X","SLU","Solo Utara"
"5784KRART","63","JF15","1800000","24","X","KRA","Karanganyar"
"5784SRGRT","60","185","1450000","24","X","SRG","Sragen"
"5788BYLRT","63","JF11","500000","24","X","BYL","Boyolali"
"5788SRGRT","60","178","5300000","10","X","SRG","Sragen"
"5788SRGRT","63","jf16","2500000","10","X","SRG","Sragen"
"5788SRGRT","M3","189","54100000","1","X","SRG","Sragen"
"5788SRGRT","M6","086","600000","24","X","SRG","Sragen"
"5788SRGRT","MFB","0112","1750000","24","X","SRG","Sragen"
"5796BYLRT","63","jf07","500000","24","X","BYL","Boyolali"
"5797SRGRT","63","jF10","500000","24","X","SRG","Sragen"
"5799KRART","60","180","1500000","24","X","KRA","Karanganyar"
"5799KRART","M3","174","800000","24","X","KRA","Karanganyar"
"5799KRART","MFB","","500000","10","X","KRA","Karanganyar"
"5799SLURT","M6","","1200000","25","X","SLU","Solo Utara"
"5800KRART","MFB","2332","500000","10","X","KRA","Karanganyar"
"5800SLURT","MFB","0001","500000","10","","SLU","Solo Utara"
"5811KRART","63","jF16","600000","10","X","KRA","Karanganyar"
"5812BYLRT","63","jF05","1000000","24","X","BYL","Boyolali"
"5812SLSRT","M3","184","800000","24","X","SLS","Solo Selatan"
"5818SRGRT","MFB","1100","500000","24","x","SRG","Sragen"
"5820BYLRT","60","178","1300000","25","X","BYL","Boyolali"
"5820BYLRT","63","jF12","2950000","10","X","BYL","Boyolali"
"5820BYLRT","M6","7003","1200000","10","X","BYL","Boyolali"
"5820BYLRT","MFB","175","800000","10","X","BYL","Boyolali"
"5821SKHRT","60","180","950000","10","X","SKH","Sukoharjo"
"5821SKHRT","63","","1000000","10","X","SKH","Sukoharjo"
"5822SLSRT","63","jf07","500000","10","X","SLS","Solo Selatan"
"5822SLURT","60","193","5100000","24","X","SLU","Solo Utara"
"5822SLURT","63","jf11","6500000","24","X","SLU","Solo Utara"
"5822SLURT","M3","190","6200000","24","X","SLU","Solo Utara"
"5822SLURT","MFB","078","13500000","25","X","SLU","Solo Utara"
"5823srgrt","63","","500000","10","X","SRG","Sragen"
"5826SLSRT","63","jf07","500000","10","X","SLS","Solo Selatan"
"5829SKHRT","60","180","500000","24","X","SKH","Sukoharjo"
"5829SKHRT","M3","174","650000","10","X","SKH","Sukoharjo"
"5837SRGRT","63","jf14","500000","24","X","SRG","Sragen"
"5837SRGRT","M3","067","500000","24","X","SRG","Sragen"
"5837SRGRT","MFB","0112","500000","24","X","SRG","Sragen"
"5842SLURT","63","JF09","500000","10","X","SLU","Solo Utara"
"5862SLURT","63","jF18","600000","24","X","KRA","Karanganyar"
"5863KRART","63","jF09","500000","10","x","KRA","Karanganyar"
"5866SKHRT","63","jF16","500000","24","X","SKH","Sukoharjo"
"5866SRGRT","M6","086","700000","25","X","SRG","Sragen"
"5866SRGRT","MFB","0112","3600000","25","X","SRG","Sragen"
"5866SRGRT","MFB","1100","500000","25","X","SRG","Sragen"
"5867SLSRT","63","jF03","800000","24","X","SLS","Solo Selatan"
"5874KRART","63","jf16","1300000","10","X","KRA","Karanganyar"
"5874KRART","M6","070","700000","24","X","KRA","Karanganyar"
"5874KRART","MFB","078","600000","10","X","KRA","Karanganyar"
"5875SLSRT","63","jF15","300000","10","X","SLS","Solo Selatan"
"5876SLSRT","M3","","500000","10","X","SLS","Solo Selatan"
"5877SKHRT","63","jf01","3500000","1","X","SKH","Sukoharjo"
"5877SKHRT","M3","190","1900000","10","X","SKH","Sukoharjo"
"5877SKHRT","M6","7003","1800000","10","X","SKH","Sukoharjo"
"5877SKHRT","MFB","175","1100000","24","X","SKH","Sukoharjo"
"5882SLURT","MFB","0001","500000","10","X","SLU","Solo Utara"
"5889SRGRT","60","181","2150000","10","X","SRG","Sragen"
"5889SRGRT","63","jF10","1500000","10","X","SRG","Sragen"
"5889SRGRT","M3","190","1800000","10","X","SRG","Sragen"
"5889SRGRT","M6","086","800000","24","X","SRG","Sragen"
"5889SRGRT","MFB","0112","500000","25","X","SRG","Sragen"
"5889SRGRT","MFB","1100","500000","10","X","SRG","Sragen"
"5893KRART","60","180","500000","10","X","KRA","Karanganyar"
"5893KRART","63","JF15","500000","10","X","KRA","Karanganyar"
"5893KRART","M3","174","500000","10","X","KRA","Karanganyar"
"5893KRART","MFB","078","500000","24","X","KRA","Karanganyar"
"5896SLSRT","60","178","500000","24","X","SLU","Solo Utara"
"5897KRART","60","180","1950000","25","X","KRA","Karanganyar"
"5897KRART","63","jF02","1700000","10","X","KRA","Karanganyar"
"5897KRART","M3","174","3400000","10","X","KRA","Karanganyar"
"5897KRART","M6","086","800000","24","X","KRA","Karanganyar"
"5897KRART","MFB","078","3500000","25","X","KRA","Karanganyar"
"5899SLSRT","MFB","2332","500000","10","","SLS","Solo Selatan"
"5903KRART","63","JF02","800000","24","X","KRA","Karanganyar"
"5903KRART","M6","070","500000","10","X","KRA","Karanganyar"
"5916SLSRT","63","jf18","500000","24","X","SLS","Solo Selatan"
"5917SRGRT","MFB","0112","500000","10","X","SRG","Sragen"
"5933BYLRT","60","tUTUP","1.25","24","X","BYL","Boyolali"
"5933BYLRT","63","","1.25","10","X","BYL","Boyolali"
"5933BYLRT","M3","","1.25","24","X","BYL","Boyolali"
"5933BYLRT","M6","","1.25","24","X","BYL","Boyolali"
"5933BYLRT","MFB","0112","750000","24","X","BYL","Boyolali"
"5933KTSRT","63","jF15","1000000","24","X","KTS","Kartosuro"
"5933KTSRT","ET","340","500000","24","X","KTS","Kartosuro"
"5937KTSRT","60","179","3900000","10","X","KTS","Kartosuro"
"5937KTSRT","M3","","1000000","10","X","KTS","Kartosuro"
"5944BYLRT","63","jF05","500000","24","X","BYL","Boyolali"
"5944SRGRT","60","185","2500000","10","X","SRG","Sragen"
"5955SRGRT","63","jf17","500000","24","X","SRG","Sragen"
"5959SRGRT","63","jf10","500000","10","X","SRG","Sragen"
"5961KRART","63","","2700000","10","X","KRA","Karanganyar"
"5967KRART","60","178","3750000","10","X","KRA","Karanganyar"
"5967KRART","M3","174","2500000","10","X","KRA","Karanganyar"
"5967KRART","MFB","078","6500000","25","X","KRA","Karanganyar"
"5967KRART","MFB","1109","4100000","24","X","KRA","Karanganyar"
"5968KRART","M6","7003","500000","10","X","KRA","Karanganyar"
"5970SRGRT","63","jf02","1700000","24","X","SRG","Sragen"
"5970SRGRT","M3","","1000000","24","X","SRG","Sragen"
"5970SRGRT","M6","070","1500000","10","X","SRG","Sragen"
"5970SRGRT","MFB","0112","2000000","24","X","SRG","Sragen"
"5970SRGRT","MFB","1100","500000","24","X","SRG","Sragen"
"5971SRGRT","60","185","2850000","10","X","SRG","Sragen"
"5971SRGRT","63","jF14","5667385","10","X","SRG","Sragen"
"5971SRGRT","M3","067","2450000","10","X","SRG","Sragen"
"5971SRGRT","M6","086","1500000","10","X","SRG","Sragen"
"5971SRGRT","MFB","0110","500000","24","X","SRG","Sragen"
"5971SRGRT","MFB","0112","3500000","24","X","SRG","Sragen"
"5971SRGRT","MFB","1100","500000","24","X","SRG","Sragen"
"5973BYLRT","60","178","1500000","10","X","BYL","Boyolali"
"5974KRART","63","jf15","500000","24","","KRA","Karanganyar"
"5976BYLRT","60","179","800000","24","X","BYL","Boyolali"
"5977BYLRT","63","jF18","2766350","24","X","BYL","Boyolali"
"5977BYLRT","ET","343","500000","24","X","BYL","Boyolali"
"5977BYLRT","M6","7003","1900000","24","X","BYL","Boyolali"
"5977BYLRT","MFB","175","7700000","24","X","BYL","Boyolali"
"5977BYLRT","MFB","189","500000","24","X","BYL","Boyolali"
"5977KRART","63","","500000","10","X","KRA","Karanganyar"
"5977SLSRT","60","179","700000","24","X","SLS","Solo Selatan"
"5977SLSRT","63","jF13","500000","10","X","SLS","Solo Selatan"
"5977SRGRT","60","185","2850000","10","X","SRG","Sragen"
"5977SRGRT","63","jf14","1500000","10","X","SRG","Sragen"
"5977SRGRT","M3","067","3600000","10","X","SRG","Sragen"
"5977SRGRT","M6","086","800000","24","X","SRG","Sragen"
"5977SRGRT","MFB","0112","1400000","24","X","SRG","Sragen"
"5978KRART","60","180","1300000","10","X","KRA","Karanganyar"
"5978KRART","63","JF16","933308","10","X","KRA","Karanganyar"
"5978KRART","M3","174","1000000","10","X","KRA","Karanganyar"
"5978KRART","M6","070","500000","24","X","KRA","Karanganyar"
"5978KRART","MFB","078","750000","25","X","KRA","Karanganyar"
"5978SRGRT","60","181","1000000","10","X","SRG","Sragen"
"5987BYLRT","M3","","12000000","10","X","BYL","Boyolali"
"5988SLSRT","ET","343","1050000","24","X","SLS","Solo Selatan"
"5996SLSRT","M3","067","4000000","1","X","SLS","Solo Selatan"
"5999SLSRT","63","jF23","35000000","10","X","SLS","Solo Selatan"
"6000BYLRT","63","jF05","800000","24","X","BYL","Boyolali"
"6000BYLRT","MFB","175","300000","24","X","BYL","Boyolali"
"6000KTSRT","63","jF01","300000","10","X","KTS","Kartosuro"
"6000SLURT","ET","","800000","25","X","SLU","Solo Utara"
"6001GMLRT","M3","189","800000","10","X","GML","Gemolong"
"6001SLSRT","M3","035","500000","24","X","SLS","Solo Selatan"
"6002GMLRT","M3","067","500000","24","X","GML","Gemolong"
"6002SLURT","60","201","2700000","3","","SLU","Solo Utara"
"6005SLURT","M3","184","600000","24","X","SLU","Solo Utara"
"6006SLSRT","M3","190","500000","10","X","SLS","Solo Selatan"
"6008SRGRT","M3","190","500000","10","X","SRG","Sragen"
"6009SLSRT","M3","190","900000","24","X","SLS","Solo Selatan"
"6010SRGRT","M3","190","500000","10","X","SRG","Sragen"
"6012SRGRT","M3","035","1700000","10","X","SRG","Sragen"
"6013SRGKO","M3","190","500000","24","X","SRG","Sragen"
"6015BYLRT","60","-","500000","10","X","BYL","Boyolali"
"6015BYLRT","ET","","500000","25","X","BYL","Boyolali"
"6015BYLRT","MFB","0233","900000","10","X","BYL","Boyolali"
"6015SLSRT","M3","067","500000","10","X","SLS","Solo Selatan"
"6020KRART","63","jf16","500000","24","X","KRA","Karanganyar"
"6025KRART","63","jF18","500000","24","X","KRA","Karanganyar"
"6033SRGRT","ET","","300000","25","X","SRG","Sragen"
"6038SRGRT","60","185","800000","10","X","SRG","Sragen"
"6038SRGRT","63","jF17","1000000","24","X","SRG","Sragen"
"6039SRGRT","63","jF14","3295758","24","X","SRG","Sragen"
"6039SRGRT","MFB","0112","1200000","10","X","SRG","Sragen"
"6039SRGRT","MFB","1100","500000","10","X","SRG","Sragen"
"6052KRART","63","JF09","1000000","10","X","SKH","Sukoharjo"
"6053KRART","63","JF09","500000","24","X","SKH","Sukoharjo"
"6054KRART","63","jf02","500000","10","X","SKH","Sukoharjo"
"6074KRART","MFB","501","500000","10","X","KRA","Karanganyar"
"6100KRART","60","185","700000","10","X","KRA","Karanganyar"
"6100KRART","63","jf07","9989692","10","X","KRA","Karanganyar"
"6100KRART","ET","341","500000","25","X","KRA","Karanganyar"
"6100KRART","MFB","0380","500000","10","X","KRA","Karanganyar"
"6100KRART","MFB","078","1500000","10","X","KRA","Karanganyar"
"6100KRART","MFB","1109","500000","10","X","KRA","Karanganyar"
"6100SLSRT","M3","0146","2500000","10","X","SLS","Solo Selatan"
"6100SLSRT","M3","0146N","40000","24","X","SLS","Solo Selatan"
"6100SLURT","60","178","950000","24","X","SLU","Solo Utara"
"6100SLURT","MFB","0233","700000","10","X","SLU","Solo Utara"
"6101KRASM","63","JF23","124000000","28","1","KRA","Karanganyar"
"6101SLSRT","MFB","0233","2350000","10","X","SLS","Solo Selatan"
"6101SRGRT","60","","500000","1","X","SRG","Sragen"
"6101SRGRT","63","jf17","500000","24","X","SRG","Sragen"
"6101SRGRT","ET","341","500000","25","X","SRG","Sragen"
"6101SRGRT","M3","","500000","24","X","SRG","Sragen"
"6101SRGRT","M6","070","1250000","24","X","SRG","Sragen"
"6101SRGRT","MFB","","500000","24","X","SRG","Sragen"
"6101SRGRT","MFB","0112","500000","24","X","SRG","Sragen"
"6103SRGRT","M3","","300000","10","X","SRG","Sragen"
"6103SRGRT","M6","","400000","10","X","SRG","Sragen"
"6103SRGRT","MFB","","500000","25","X","SRG","Sragen"
"6105KRART","M3","189","1250000","10","X","KRA","Karanganyar"
"6105KRART","MFB","0112","600000","25","X","KRA","Karanganyar"
"6108SRGRT","ET","","500000","24","X","SRG","Sragen"
"6108SRGRT","M3","184","1850000","24","X","SRG","Sragen"
"6108SRGRT","MFB","0112","8100000","10","X","SRG","Sragen"
"6112SLSRT","60","180","1000000","24","X","SLS","Solo Selatan"
"6113SLURT","ET","340","500000","24","X","SLU","Solo Utara"
"6114SRGRT","ET","341","5000000","24","X","SRG","Sragen"
"6124SRGRT","M3","0146","2000000","10","X","SRG","Sragen"
"6124SRGRT","M3","0146N","40000","24","X","SRG","Sragen"
"6125GMLRT","63","jF17","500000","10","x","GML","Gemolong"
"6126GMLRT","63","jF17","1000000","1","X","GML","Gemolong"
"6132SLSRT","63","jF01","500000","10","X","SLS","Solo Selatan"
"6133SRGRT","ET","0001","32500000","24","X","SRG","Sragen"
"6146BYLRT","63","JF05","500000","24","X","BYL","Boyolali"
"6152KRART","63","","1.25","10","X","KRA","Karanganyar"
"6152KRART","MFB","","1700000","25","X","KRA","Karanganyar"
"6153BYLRT","63","jF01","500000","1","x","BYL","Boyolali"
"6156BYLRT","63","jf01","2183883","10","X","BYL","Boyolali"
"6163SLSRT","M3","184","500000","10","x","SLS","Solo Selatan"
"6165SLURT","60","193","15000000","24","X","SLU","Solo Utara"
"6165SLURT","MFB","0380","8500000","10","X","SLU","Solo Utara"
"6165SLURT","MFB","078","24000000","24","X","SLU","Solo Utara"
"6166SRGRT","60","185","1100000","10","X","SRG","Sragen"
"6166SRGRT","63","jf01","2200000","24","X","SRG","Sragen"
"6166SRGRT","M3","189","800000","10","X","SRG","Sragen"
"6166SRGRT","M6","070","500000","24","X","SRG","Sragen"
"6166SRGRT","MFB","0112","500000","10","X","SRG","Sragen"
"6166SRGRT","MFB","1100","500000","10","X","SRG","Sragen"
"6182SLSRT","63","","500000","10","X","SLS","Solo Selatan"
"6182SLSRT","M3","190","500000","10","X","SLS","Solo Selatan"
"6185SLSRT","60","185","500000","25","X","SLS","Solo Selatan"
"6185SLSRT","M3","190","300000","24","X","SLS","Solo Selatan"
"6186SLSRT","60","185","600000","25","X","SLS","Solo Selatan"
"6188SLSRT","M3","0146","1500000","10","X","SLS","Solo Selatan"
"6188SLSRT","M3","0146N","40000","24","X","SLS","Solo Selatan"
"6190SLSRT","60","","500000","24","X","SLS","Solo Selatan"
"6190SLSRT","63","jf16","500000","24","X","SLS","Solo Selatan"
"6222SLSRT","63","JF03","2900000","24","X","SLS","Solo Selatan"
"6229SLSRT","63","jF03","500000","10","X","SLS","Solo Selatan"
"6230SLSRT","M3","","700000","10","X","SLS","Solo Selatan"
"6233SLSRT","60","","15000000","10","X","SLS","Solo Selatan"
"6233SLSRT","M3","","31000000","10","X","SLS","Solo Selatan"
"6233SLSRT","MFB","175","5000000","25","X","SLS","Solo Selatan"
"6245BYLRT","63","jF05","1000000","24","X","BYL","Boyolali"
"6245KTSRT","63","","500000","10","X","KTS","Kartosuro"
"6245KTSRT","M6","070","500000","10","x","KTS","Kartosuro"
"6246BYLRT","63","JF11","650000","24","X","BYL","Boyolali"
"6247BYLRT","63","","500000","10","X","BYL","Boyolali"
"6254SKHRT","63","jf15","500000","10","X","SLS","Solo Selatan"
"6255SKHRT","63","jf07","3347850","24","X","SKH","Sukoharjo"
"6255SKHRT","ET","341","500000","24","x","SKH","Sukoharjo"
"6255SKHRT","M6","7003","1800000","24","X","SKH","Sukoharjo"
"6271SLSRT","60","178","1100000","10","X","SLS","Solo Selatan"
"6271SLSRT","63","jf16","1000000","24","X","SLS","Solo Selatan"
"6273BYLRT","63","jF09","750000","24","X","BYL","Boyolali"
"6276SLSRT","M3","190","1000000","24","X","SLS","Solo Selatan"
"6277SLSRT","M3","","500000","10","X","SLS","Solo Selatan"
"6279SLSRT","63","JF16","500000","24","x","SLS","Solo Selatan"
"6285SRGRT","63","","500000","10","X","GML","Gemolong"
"6288SLSRT","63","jF07","1500000","10","X","SLS","Solo Selatan"
"6288SLSRT","MFB","078","500000","10","X","SLS","Solo Selatan"
"6289SLSRT","63","jf15","1100000","24","X","SLS","Solo Selatan"
"6300KRAMM","60","","100000","10","X","KRA","Karanganyar"
"6300KRAMM","63","jF12","4429483","10","X","KRA","Karanganyar"
"6300KRAMM","M3","189","4750000","10","X","KRA","Karanganyar"
"6300KRAMM","M6","086","1500000","24","X","KRA","Karanganyar"
"6300KRAMM","MFB","0112","650000","10","X","KRA","Karanganyar"
"6300KRAMM","MFB","1100","500000","10","X","KRA","Karanganyar"
"6300SLURT","ET","","1000000","25","X","SLU","Solo Utara"
"6300SRGMM","60","","500000","10","X","SRG","Sragen"
"6300SRGMM","ET","","500000","25","X","SRG","Sragen"
"6300SRGMM","M6","086","3200000","24","X","SRG","Sragen"
"6300SRGMM","MFB","0112","500000","24","X","SRG","Sragen"
"6300SRGMM","MFB","0181","500000","24","X","SRG","Sragen"
"6300SRGRT","60","181","1350000","24","X","SRG","Sragen"
"6300SRGRT","63","jF10","2114675","10","X","SRG","Sragen"
"6300SRGRT","ET","","500000","24","X","SRG","Sragen"
"6300SRGRT","M3","190","3200000","24","X","SRG","Sragen"
"6300SRGRT","M6","086","650000","24","X","SRG","Sragen"
"6300SRGRT","MFB","0112","750000","10","X","SRG","Sragen"
"6300SRGRT","MFB","0181","500000","24","X","SRG","Sragen"
"6305SRGRT","63","jf14","2300000","24","X","SRG","Sragen"
"6305SRGRT","M3","067","9500000","24","X","SRG","Sragen"
"6305SRGRT","M6","093","1000000","10","X","SRG","Sragen"
"6305SRGRT","MFB","0112","13000000","10","X","SRG","Sragen"
"6305SRGRT","MFB","502","500000","10","X","SRG","Sragen"
"6309SLURT","ET","","500000","25","X","SLU","Solo Utara"
"6309SRGRT","63","jF14","434850","10","X","SRG","Sragen"
"6309SRGRT","MFB","0181","500000","25","X","SRG","Sragen"
"6312KTSRT","63","jf07","500000","10","x","SKH","Sukoharjo"
"6322SRGRT","60","185","1400000","24","X","SRG","Sragen"
"6322SRGRT","63","jF08","1047433","24","X","SRG","Sragen"
"6324BYLRT","63","jf16","500000","10","X","BYL","Boyolali"
"6324SLSRT","63","jF16","500000","24","X","SLS","Solo Selatan"
"6327BYLRT","60","185","1100000","10","X","BYL","Boyolali"
"6327BYLRT","63","jF05","1450000","10","X","BYL","Boyolali"
"6327BYLRT","M3","189","9300000","10","X","BYL","Boyolali"
"6327BYLRT","M6","070","750000","24","X","BYL","Boyolali"
"6327BYLRT","MFB","0112","1250000","25","X","BYL","Boyolali"
"6332KTSRT","63","jF01","500000","24","X","KTS","Kartosuro"
"6336SLURT","ET","343","500000","24","X","SLU","Solo Utara"
"6336SRGRT","63","","500000","10","X","SRG","Sragen"
"6337BYLRT","ET","343","600000","25","X","BYL","Boyolali"
"6339SLURT","60","179","1300000","24","X","SLU","Solo Utara"
"6339SLURT","63","jF09","550000","24","X","SLU","Solo Utara"
"6344BYLRT","60","185","4200000","25","X","BYL","Boyolali"
"6344BYLRT","63","jF11","4000000","10","X","BYL","Boyolali"
"6344BYLRT","M3","189","15950000","10","X","BYL","Boyolali"
"6344BYLRT","M6","070","2800000","24","X","BYL","Boyolali"
"6344BYLRT","MFB","0112","2200000","25","X","BYL","Boyolali"
"6344SLURT","60","","500000","10","X","SLU","Solo Utara"
"6344SLURT","MFB","0233","500000","10","X","SLU","Solo Utara"
"6352BYLRT","63","jf05","1100000","10","X","BYL","Boyolali"
"6352BYLRT","M6","070","600000","24","X","BYL","Boyolali"
"6352BYLRT","MFB","0112","500000","24","X","BYL","Boyolali"
"6358SRGRT","60","181","1950000","24","X","SRG","Sragen"
"6358SRGRT","M3","067","1400000","10","X","SRG","Sragen"
"6358SRGRT","MFB","0112","1500000","25","X","SRG","Sragen"
"6358SRGRT","MFB","0181","700000","25","X","SRG","Sragen"
"6377SKHRT","63","jf01","5383133","10","X","SKH","Sukoharjo"
"6377SKHRT","M6","7003","1500000","10","X","SKH","Sukoharjo"
"6377SKHRT","MFB","175","900000","10","X","SKH","Sukoharjo"
"6385KRART","63","jF07","700000","24","X","KRA","Karanganyar"
"6385KRART","M3","174","550000","10","X","KRA","Karanganyar"
"6390SKHRT","ET","","500000","25","X","SKH","Sukoharjo"
"6400SRGRT","63","jf12","1000000","24","X","SRG","Sragen"
"6400SRGRT","ET","341","500000","10","X","SRG","Sragen"
"6403SLSRT","M3","190","700000","1","X","SLS","Solo Selatan"
"6417SRGRT","63","jF17","3200000","24","X","SRG","Sragen"
"6417SRGRT","ET","341","500000","24","X","SRG","Sragen"
"6417SRGRT","M3","190","500000","10","X","SRG","Sragen"
"6418SRGRT","ET","","1.25","25","X","SRG","Sragen"
"6419SRGRT","60","181","500000","24","X","SRG","Sragen"
"6421SRGRT","ET","","500000","25","X","SRG","Sragen"
"6422SRGRT","60","185","4100000","25","X","SRG","Sragen"
"6422SRGRT","MFB","0181","500000","25","X","SRG","Sragen"
"6423SRGRT","60","","950000","10","X","SRG","Sragen"
"6423SRGRT","63","JF10","2000000","10","X","SRG","Sragen"
"6423SRGRT","ET","","500000","25","X","SRG","Sragen"
"6423SRGRT","M3","067","2900000","10","X","SRG","Sragen"
"6423SRGRT","MFB","502","500000","10","X","SRG","Sragen"
"6424KRART","MFB","078","600000","24","X","KRA","Karanganyar"
"6431SRGRT","63","JF08","1018717","24","X","SRG","Sragen"
"6431SRGRT","M3","189","1250000","24","X","SRG","Sragen"
"6431SRGRT","M6","070","1050000","24","X","SRG","Sragen"
"6431SRGRT","MFB","0112","1850000","25","X","SRG","Sragen"
"6431SRGRT","MFB","0181","500000","25","X","SRG","Sragen"
"6433SKHRT","M3","502","300000","10","X","SKH","Sukoharjo"
"6433SKHRT","M3","502N","40000","24","X","SKH","Sukoharjo"
"6433SKHRT","MFB","0380","500000","10","X","SKH","Sukoharjo"
"6434BYLRT","ET","343","1500000","25","X","BYL","Boyolali"
"6434SRGRT","63","x","500000","10","X","SRG","Sragen"
"6435SLURT","M3","190","1400000","24","X","SLU","Solo Utara"
"6439SLSRT","ET","341","700000","24","X","SLS","Solo Selatan"
"6441SRGRT","M6","","500000","10","","SRG","Sragen"
"6442SRGRT","60","","500000","10","X","SRG","Sragen"
"6444SRGRT","MFB","0380","1.25","10","X","SRG","Sragen"
"6445SKHRT","60","180","500000","24","X","SKH","Sukoharjo"
"6445SKHRT","63","jF07","500000","24","X","SKH","Sukoharjo"
"6447SRGRT","60","185","550000","24","X","SRG","Sragen"
"6447SRGRT","63","jF17","698300","10","X","SRG","Sragen"
"6453SLSRT","ET","","500000","25","","SLS","Solo Selatan"
"6453SRGRT","60","","500000","10","X","SRG","Sragen"
"6453SRGRT","63","","500000","10","X","SRG","Sragen"
"6456SRGRT","60","","500000","10","X","SRG","Sragen"
"6456SRGRT","63","jf14","606692","24","X","SRG","Sragen"
"6458BYLRT","63","JF12","5000000","24","X","BYL","Boyolali"
"6458SLSRT","60","","500000","10","X","SLS","Solo Selatan"
"6458SLSRT","63","JF09","1600000","24","X","SLS","Solo Selatan"
"6458SLSRT","M6","070","7000000","24","X","SLS","Solo Selatan"
"6459SRGRT","60","","500000","10","X","SRG","Sragen"
"6463SLSRT","63","JF12","500000","24","X","SLS","Solo Selatan"
"6467SLSRT","ET","","800000","25","X","SLS","Solo Selatan"
"6468KRART","63","jf03","500000","24","X","KRA","Karanganyar"
"6471KRART","60","181","500000","10","X","KRA","Karanganyar"
"6471KRART","63","jF12","500000","24","X","KRA","Karanganyar"
"6471KRART","ET","341","500000","24","X","KRA","Karanganyar"
"6471KRART","M3","189","500000","24","X","KRA","Karanganyar"
"6471KRART","MFB","0112","1150000","24","X","KRA","Karanganyar"
"6471KRART","MFB","1100","500000","24","X","KRA","Karanganyar"
"6471SRGRT","60","181","4000000","10","X","SRG","Sragen"
"6471SRGRT","MFB","0112","4600000","10","X","SRG","Sragen"
"6471SRGRT","MFB","0181","1500000","10","X","SRG","Sragen"
"6471SRGRT","MFB","1100","500000","10","X","SRG","Sragen"
"6474SRGRT","60","193","3800000","10","X","SRG","Sragen"
"6474SRGRT","MFB","0112","4550000","24","X","SRG","Sragen"
"6475SLSRT","60","","500000","10","X","SLS","Solo Selatan"
"6475SLSRT","M3","190","1250000","24","X","SLS","Solo Selatan"
"6475SLURT","60","179","1550000","24","X","SLU","Solo Utara"
"6475SRGRT","ET","","500000","25","X","SRG","Sragen"
"6477KRART","60","180","500000","10","X","KRA","Karanganyar"
"6477KRART","63","","500000","10","X","KRA","Karanganyar"
"6477KRART","ET","","500000","25","X","KRA","Karanganyar"
"6477KRART","M3","174","600000","10","X","KRA","Karanganyar"
"6477KRART","MFB","078","1000000","24","X","KRA","Karanganyar"
"6477SKHRT","63","jF15","300000","24","X","SKH","Sukoharjo"
"6480SLSRT","ET","343","500000","24","X","SLS","Solo Selatan"
"6482SLSRT","ET","","800000","25","X","SLS","Solo Selatan"
"6483SLSRT","MFB","0233","500000","10","X","SLS","Solo Selatan"
"6485SLURT","63","JF11","300000","10","X","SLU","Solo Utara"
"6489SLSRT","M3","190","600000","24","X","SLS","Solo Selatan"
"6491SLSRT","63","jf12","1200000","24","X","SLS","Solo Selatan"
"6491SLSRT","M3","190","1500000","24","X","SLS","Solo Selatan"
"6491SLSRT","M6","070","5000000","24","X","SLS","Solo Selatan"
"6493SLSRT","60","179","800000","25","X","SLS","Solo Selatan"
"6493SLSRT","M3","","500000","10","X","SLS","Solo Selatan"
"6493SLSRT","MFB","0233","1000000","25","X","SLS","Solo Selatan"
"6493SLSRT","MFB","175","2000000","25","X","SLS","Solo Selatan"
"6499SKHRT","63","jF07","1300000","10","X","SRG","Sragen"
"6499SRGRT","63","JF08","500000","10","X","SRG","Sragen"
"6499SRGRT","M3","189","800000","24","X","SRG","Sragen"
"6499SRGRT","MFB","0181","500000","10","X","SRG","Sragen"
"6500BYLRT","63","jF15","500000","24","X","BYL","Boyolali"
"6505SLURT","M3","502","300000","10","X","SLU","Solo Utara"
"6505SLURT","M3","502N","40000","24","X","SLU","Solo Utara"
"6506SLURT","63","jf16","500000","24","X","SLU","Solo Utara"
"6511SLURT","60","","500000","25","X","SLU","Solo Utara"
"6511SLURT","MFB","0233","850000","25","X","SLU","Solo Utara"
"6515SLSRT","M3","0146","150000","10","","SLS","Solo Selatan"
"6515SLSRT","M3","0146N","40000","24","","SLS","Solo Selatan"
"6518SLSRT","60","180","200000","24","X","SLS","Solo Selatan"
"6519SLSRT","60","180","600000","24","X","SLS","Solo Selatan"
"6519SLSRT","ET","","500000","25","X","SLS","Solo Selatan"
"6521BYLRT","63","jF07","1300000","24","X","BYL","Boyolali"
"6522KRART","63","","500000","10","X","KRA","Karanganyar"
"6522SRGRT","63","jF08","600000","10","X","SRG","Sragen"
"6523SLSRT","ET","343","1100000","24","X","SLS","Solo Selatan"
"6523SLURT","60","180","500000","24","X","SLU","Solo Utara"
"6523SLURT","63","jf11","1000000","10","X","SLU","Solo Utara"
"6523SRGRT","63","JF10","2800000","10","X","GML","Gemolong"
"6524GMLRT","63","jf08","500000","10","X","GML","Gemolong"
"6524KRART","63","jF05","1000000","24","X","KRA","Karanganyar"
"6524KTSRT","63","jF05","1200000","24","X","KTS","Kartosuro"
"6524SKHRT","63","jf03","1200000","24","X","SKH","Sukoharjo"
"6524SLURT","63","","800000","10","X","SLU","Solo Utara"
"6524SRGRT","63","jF14","500000","10","X","SRG","Sragen"
"6524SRGRT","M3","190","500000","10","X","SRG","Sragen"
"6525KTSRT","60","178","500000","24","X","KTS","Kartosuro"
"6525KTSRT","63","jf01","500000","10","X","KTS","Kartosuro"
"6525SLURT","63","jF12","600000","24","X","SLU","Solo Utara"
"6526SLURT","63","jF05","500000","10","X","SLU","Solo Utara"
"6527KRART","63","","500000","10","X","KRA","Karanganyar"
"6527SKHRT","63","jf15","500000","24","X","SKH","Sukoharjo"
"6527SLURT","63","jf02","500000","24","X","KRA","Karanganyar"
"6527SRGRT","60","","500000","25","X","SRG","Sragen"
"6528BYLRT","63","jF03","900000","24","X","BYL","Boyolali"
"6528krart","63","","500000","10","X","KRA","Karanganyar"
"6528SRGRT","63","jF17","800000","24","X","SRG","Sragen"
"6528SRGRT","M3","190","1300000","24","X","SRG","Sragen"
"6528SRGRT","MFB","1100","500000","10","X","SRG","Sragen"
"6529KRART","63","JF08","600000","24","X","KRA","Karanganyar"
"6529SKHRT","63","jf15","500000","24","X","SKH","Sukoharjo"
"6530KRART","63","","500000","10","X","SRG","Sragen"
"6530SKHRT","60","180","500000","24","X","SKH","Sukoharjo"
"6530SKHRT","63","jf05","500000","24","X","SKH","Sukoharjo"
"6530SKHRT","MFB","078","500000","10","X","SKH","Sukoharjo"
"6531SLURT","63","JF12","500000","24","X","SLU","Solo Utara"
"6533SLSRT","ET","","1.25","25","X","SLS","Solo Selatan"
"6537SKHRT","60","193","4600000","10","X","KRA","Karanganyar"
"6537SKHRT","ET","","500000","24","X","KRA","Karanganyar"
"6537SKHRT","M3","174","1400000","10","X","KRA","Karanganyar"
"6537SKHRT","MFB","0380","800000","24","X","KRA","Karanganyar"
"6537SKHRT","MFB","078","500000","24","X","KRA","Karanganyar"
"6537SLSRT","M3","190","500000","10","X","SLS","Solo Selatan"
"6538SLURT","63","jF07","500000","24","X","SLU","Solo Utara"
"6538SRGRT","M3","067","900000","1","X","SRG","Sragen"
"6539BYLRT","ET","","1500000","25","X","BYL","Boyolali"
"6539KTSRT","60","","300000","0","X","KTS","Kartosuro"
"6539KTSRT","MFB","0233","500000","25","X","KTS","Kartosuro"
"6544KTSRT","63","jf01","1600000","24","X","KTS","Kartosuro"
"6544KTSRT","ET","341","500000","50","X","KTS","Kartosuro"
"6544SRGRT","63","JF10","600000","24","X","GML","Gemolong"
"6545SLSRT","ET","","500000","25","X","SLS","Solo Selatan"
"6546SLSRT","ET","341","750000","25","X","SLS","Solo Selatan"
"6547SLURT","ET","","750000","25","X","SLU","Solo Utara"
"6549SLSRT","ET","","1550000","25","X","SLS","Solo Selatan"
"6550KTSRT","ET","","500000","25","X","KTS","Kartosuro"
"6551KTSRT","ET","","500000","25","X","KTS","Kartosuro"
"6552SLSRT","63","jF01","500000","24","X","SLS","Solo Selatan"
"6552SLSRT","M3","","500000","10","X","SLS","Solo Selatan"
"6553BYLRT","63","JF11","2000000","24","X","BYL","Boyolali"
"6553BYLRT","ET","","500000","25","X","BYL","Boyolali"
"6553BYLRT","M3","190","600000","10","X","BYL","Boyolali"
"6554BYLRT","63","","300000","10","X","BYL","Boyolali"
"6554SLSRT","63","jf16","1500000","24","X","SLS","Solo Selatan"
"6554SLSRT","M6","070","2500000","24","X","SLS","Solo Selatan"
"6555SLSRT","60","178","500000","24","X","SLS","Solo Selatan"
"6555SLSRT","63","JF16","500000","10","X","SLS","Solo Selatan"
"6557BYLRT","ET","","500000","25","X","BYL","Boyolali"
"6558SRGRT","63","jf12","2100000","24","X","SRG","Sragen"
"6560SRGRT","ET","","1500000","25","X","SRG","Sragen"
"6561BYLRT","ET","","500000","25","X","BYL","Boyolali"
"6561SLURT","ET","343","550000","24","X","SLU","Solo Utara"
"6561SRGRT","ET","0001","500000","25","X","SRG","Sragen"
"6563BYLRT","ET","","1500000","25","X","BYL","Boyolali"
"6563SLURT","ET","340","1500000","25","X","SLU","Solo Utara"
"6564BYLRT","ET","","6000000","25","X","BYL","Boyolali"
"6564BYLRT","M6","070","1500000","10","X","BYL","Boyolali"
"6565GMLRT","63","JF10","500000","24","X","SRG","Sragen"
"6567gmlrt","60","181","500000","10","X","GML","Gemolong"
"6567SLSRT","MFB","0233","500000","10","X","SLS","Solo Selatan"
"6567SRGRT","63","JF08","1990742","24","X","SRG","Sragen"
"6567SRGRT","ET","","500000","25","X","SRG","Sragen"
"6567SRGRT","M3","190","1050000","24","X","SRG","Sragen"
"6568SLSRT","ET","","500000","25","X","SLS","Solo Selatan"
"6572KRART","63","jF09","500000","10","X","KRA","Karanganyar"
"6572SLSRT","60","181","2850000","10","X","BYL","Boyolali"
"6572SLSRT","63","jF16","8554636","10","X","BYL","Boyolali"
"6572SLSRT","M3","189","2950000","10","X","BYL","Boyolali"
"6572SLSRT","M6","7003","2000000","24","X","BYL","Boyolali"
"6572SLSRT","MFB","0112","19300000","10","X","BYL","Boyolali"
"6572SLSRT","MFB","1100","600000","10","X","BYL","Boyolali"
"6572SLSRT","MFB","189","300000","24","X","BYL","Boyolali"
"6573SLURT","60","180","500000","24","X","SLU","Solo Utara"
"6573SRGRT","ET","341","1000000","25","X","SRG","Sragen"
"6574BYLRT","63","jF12","946025","24","X","BYL","Boyolali"
"6575GMLRT","63","JF14","500000","10","X","GML","Gemolong"
"6576SKHRT","60","180","1000000","10","X","SKH","Sukoharjo"
"6576SKHRT","63","jF05","1000000","24","X","SKH","Sukoharjo"
"6576SKHRT","M3","0146","250000","10","X","SKH","Sukoharjo"
"6576SKHRT","M3","0146N","40000","24","X","SKH","Sukoharjo"
"6577SLSRT","ET","341","500000","24","X","SLS","Solo Selatan"
"6578SLSRT","63","jF13","1.25","10","X","SLS","Solo Selatan"
"6578SRGRT","60","","500000","10","X","SRG","Sragen"
"6578SRGRT","63","jf17","1453638","10","X","SRG","Sragen"
"6578SRGRT","ET","","500000","25","X","SRG","Sragen"
"6579SRGRT","60","181","850000","24","X","SRG","Sragen"
"6579SRGRT","63","jF10","1343933","24","X","SRG","Sragen"
"6579SRGRT","ET","","500000","24","X","SRG","Sragen"
"6579SRGRT","M3","067","2700000","24","X","SRG","Sragen"
"6579SRGRT","M6","086","1750000","24","X","SRG","Sragen"
"6580SKHRT","60","180","1450000","24","X","SKH","Sukoharjo"
"6580SKHRT","63","","800000","10","X","SKH","Sukoharjo"
"6581SKHRT","60","","2000000","25","X","SKH","Sukoharjo"
"6581SKHRT","M3","190","1000000","10","X","SKH","Sukoharjo"
"6581SRGRT","63","JF08","971067","24","X","SRG","Sragen"
"6581SRGRT","M6","086","500000","24","X","SRG","Sragen"
"6582GMLRT","63","JF14","3600000","24","X","GML","Gemolong"
"6582KTSRT","63","jf01","900000","24","X","KTS","Kartosuro"
"6582RGRT","63","JF08","800000","24","X","GML","Gemolong"
"6582SLURT","ET","","500000","25","X","SLU","Solo Utara"
"6582SLURT","M3","502","300000","10","X","SLU","Solo Utara"
"6582SLURT","M3","502N","40000","24","X","SLU","Solo Utara"
"6583SRGRT","ET","","500000","24","X","SRG","Sragen"
"6584GMLRT","63","JF10","1300000","24","X","GML","Gemolong"
"6584KRART","60","181","2550000","25","X","KRA","Karanganyar"
"6584KRART","63","jF12","6885358","10","X","KRA","Karanganyar"
"6584KRART","ET","341","550000","24","X","KRA","Karanganyar"
"6584KRART","M3","189","7500000","10","X","KRA","Karanganyar"
"6584KRART","M6","086","2600000","10","X","KRA","Karanganyar"
"6584SRGRT","60","","100000","10","1","SRG","Sragen"
"6584SRGRT","63","jF10","500000","10","X","SRG","Sragen"
"6584SRGRT","ET","","500000","25","X","SRG","Sragen"
"6584SRGRT","MFB","","1000000","25","X","SRG","Sragen"
"6585GMLRT","ET","","800000","25","X","GML","Gemolong"
"6585SKHRT","MFB","0380","800000","10","X","SKH","Sukoharjo"
"6586SRGRT","60","","800000","10","X","SRG","Sragen"
"6586SRGRT","63","","1.25","10","X","SRG","Sragen"
"6586SRGRT","ET","","500000","25","X","SRG","Sragen"
"6586SRGRT","MFB","0181","500000","10","X","SRG","Sragen"
"6587BYLRT","ET","343","1500000","25","X","BYL","Boyolali"
"6589SKHRT","ET","","500000","25","X","SKH","Sukoharjo"
"6589SKRT","MFB","0233","8600000","10","X","SKH","Sukoharjo"
"6589SKRT","MFB","2309","5000000","10","","SKH","Sukoharjo"
"6589SLSRT","ET","","500000","25","X","SLS","Solo Selatan"
"6589SLURT","63","JF03","500000","24","X","SLU","Solo Utara"
"6589SLURT","ET","343","500000","24","X","SLU","Solo Utara"
"6590SLURT","ET","341","1350000","24","X","SLU","Solo Utara"
"6590SRGRT","60","181","500000","24","X","SRG","Sragen"
"6590SRGRT","63","JF08","500000","24","X","SRG","Sragen"
"6590SRGRT","ET","","500000","25","X","SRG","Sragen"
"6590SRGRT","M3","189","2400000","10","X","SRG","Sragen"
"6592SRGRT","60","181","6300000","24","X","SRG","Sragen"
"6592SRGRT","MFB","0112","850000","25","X","SRG","Sragen"
"6594SLURT","ET","341","750000","24","X","SLU","Solo Utara"
"6595BYLRT","60","179","2350000","10","X","BYL","Boyolali"
"6595BYLRT","ET","","500000","24","X","BYL","Boyolali"
"6595BYLRT","MFB","175","1300000","24","X","BYL","Boyolali"
"6595GMLRT","60","181","1300000","25","X","GML","Gemolong"
"6595GMLRT","M3","0146","500000","10","X","GML","Gemolong"
"6595GMLRT","M3","046","300000","10","X","GML","Gemolong"
"6595GMLRT","M3","046N","40000","24","X","GML","Gemolong"
"6595SKHRT","ET","","500000","25","X","SKH","Sukoharjo"
"6596GMLRT","63","jF17","1000000","10","X","GML","Gemolong"
"6596GMLRT","ET","","900000","25","X","GML","Gemolong"
"6596GMLRT","M3","067","4800000","24","X","GML","Gemolong"
"6597SRGRT","63","jF17","1300000","10","X","SRG","Sragen"
"6597SRGRT","M6","","500000","10","X","SRG","Sragen"
"6598GMLRT","60","178","4650000","10","X","GML","Gemolong"
"6598GMLRT","63","jf05","1600000","10","X","GML","Gemolong"
"6598SLSRT","ET","341","2100000","25","X","SLS","Solo Selatan"
"6598SLURT","63","jf07","1124331","24","X","SLU","Solo Utara"
"6598SLURT","M6","7003","600000","24","X","SLU","Solo Utara"
"6599GMLRT","ET","","500000","25","X","GML","Gemolong"
"6599SLURT","63","","1000000","10","X","SLU","Solo Utara"
"6601GMLRT","63","JF08","918533","24","X","GML","Gemolong"
"6601GMLRT","ET","","500000","25","X","GML","Gemolong"
"6601GMLRT","M3","067","1000000","24","X","GML","Gemolong"
"6601SLSRT","63","jF18","600000","24","X","SLS","Solo Selatan"
"6601SRGRT","60","185","4950000","24","X","SRG","Sragen"
"6601SRGRT","63","jf08","500000","10","X","SRG","Sragen"
"6601SRGRT","M3","067","44200000","25","X","SRG","Sragen"
"6602KRART","63","jf12","2000000","24","X","KRA","Karanganyar"
"6602KRART","ET","341","2500000","24","X","KRA","Karanganyar"
"6604SKHRT","63","jF09","2300000","24","X","SKH","Sukoharjo"
"6604SLURT","60","","500000","10","X","SLU","Solo Utara"
"6604SLURT","63","jF03","1308701","24","X","SLU","Solo Utara"
"6604SLURT","ET","","500000","25","X","SLU","Solo Utara"
"6604SLURT","M6","070","800000","24","X","SLU","Solo Utara"
"6605SLSRT","63","jf09","900000","10","X","SLS","Solo Selatan"
"6605SLSRT","ET","","1.25","25","X","SLS","Solo Selatan"
"6606SKHRT","MFB","0233","500000","10","X","SKH","Sukoharjo"
"6608KRART","ET","","2500000","25","X","KRA","Karanganyar"
"6608SRGRT","63","JF10","800000","10","X","SRG","Sragen"
"6609KRART","60","180","5000000","24","X","KRA","Karanganyar"
"6609KRART","ET","","500000","25","X","KRA","Karanganyar"
"6609KRART","M3","174","5500000","10","X","KRA","Karanganyar"
"6609KRART","MFB","0380","500000","25","X","KRA","Karanganyar"
"6609KRART","MFB","078","5000000","25","X","KRA","Karanganyar"
"6609SLURT","60","179","500000","10","X","SLU","Solo Utara"
"6609SLURT","63","jF11","2500000","10","X","SLU","Solo Utara"
"6610BYLRT","ET","","500000","25","X","BYL","Boyolali"
"6610BYLRT","MFB","0233","1200000","10","X","BYL","Boyolali"
"6610KRART","63","jF15","600000","24","X","KRA","Karanganyar"
"6611SLSRT","ET","343","800000","24","X","SLS","Solo Selatan"
"6612SLURT","60","193","8400000","10","X","SLU","Solo Utara"
"6612SLURT","63","jF16","700000","24","X","SLU","Solo Utara"
"6612SLURT","M3","190","600000","24","X","SLU","Solo Utara"
"6612SLURT","MFB","0380","500000","10","X","SLU","Solo Utara"
"6612SLURT","MFB","078","2000000","10","X","SLU","Solo Utara"
"6612SRGRT","60","","500000","10","X","SRG","Sragen"
"6612SRGRT","63","JF14","4600000","10","X","SRG","Sragen"
"6612SRGRT","ET","","500000","25","X","SRG","Sragen"
"6612SRGRT","M3","067","600000","24","X","SRG","Sragen"
"6612SRGRT","MFB","0112","3000000","10","X","SRG","Sragen"
"6612SRGRT","MFB","1100","500000","10","X","SRG","Sragen"
"6613KRART","60","180","950000","25","X","KRA","Karanganyar"
"6613KRART","MFB","078","1550000","25","X","KRA","Karanganyar"
"6614SLURT","60","178","1000000","24","X","SLU","Solo Utara"
"6614SLURT","63","jf16","1500000","10","X","SLU","Solo Utara"
"6614SRGRT","63","jF01","500000","24","X","SRG","Sragen"
"6618BYLRT","ET","343","500000","24","","BYL","Boyolali"
"6618Slurt","60","","10900000","10","X","SLU","Solo Utara"
"6618Slurt","M3","067","8700000","10","X","SLU","Solo Utara"
"6618Slurt","MFB","0380","7000000","10","X","SLU","Solo Utara"
"6618Slurt","MFB","078","4700000","10","X","SLU","Solo Utara"
"6624KRART","63","jF11","1000000","24","X","KRA","Karanganyar"
"6624SLSRT","ET","","500000","25","X","SLS","Solo Selatan"
"6624SRGRT","60","","500000","10","X","SRG","Sragen"
"6624SRGRT","ET","","500000","25","X","SRG","Sragen"
"6624SRGRT","M3","067","500000","10","X","SRG","Sragen"
"6625BYLRT","ET","343","500000","25","X","BYL","Boyolali"
"6626BYLRT","60","185","700000","24","X","BYL","Boyolali"
"6626BYLRT","63","jf01","700000","24","X","BYL","Boyolali"
"6626BYLRT","ET","","1.25","25","X","BYL","Boyolali"
"6626BYLRT","M3","189","700000","10","X","BYL","Boyolali"
"6626BYLRT","M6","070","500000","24","X","BYL","Boyolali"
"6626SLSRT","ET","341","2700000","24","X","SLS","Solo Selatan"
"6627KTSRT","63","jF01","500000","24","X","KTS","Kartosuro"
"6627SRGRT","ET","","500000","25","X","SRG","Sragen"
"6629SRGRT","ET","341","500000","25","X","SRG","Sragen"
"6630SLURT","60","193","5900000","10","X","SLU","Solo Utara"
"6630SLURT","M3","190","1800000","24","X","SLU","Solo Utara"
"6630SRGRT","63","jF08","3350000","24","X","SRG","Sragen"
"6631BYLRT","63","jf14","1000000","10","X","BYL","Boyolali"
"6631SRGRT","63","JF10","500000","24","X","SRG","Sragen"
"6632BYLRT","63","jF05","500000","10","x","BYL","Boyolali"
"6632KRART","63","jF16","500000","24","X","KRA","Karanganyar"
"6632SLSRT","63","jf12","500000","24","X","SLS","Solo Selatan"
"6636SRGRT","63","jF08","500000","10","X","SRG","Sragen"
"6638SRGRT","M3","","500000","10","X","SRG","Sragen"
"6647SLURT","ET","","500000","25","X","SLU","Solo Utara"
"6649SRGRT","63","","500000","10","X","SRG","Sragen"
"6651BYLRT","63","jF03","2000000","24","X","BYL","Boyolali"
"6653BYLRT","63","jF03","1400000","10","X","BYL","Boyolali"
"6654BYLRT","63","jf15","500000","24","X","BYL","Boyolali"
"6657SLURT","ET","343","1350000","24","X","SLU","Solo Utara"
"6662SLSRT","M3","035","500000","24","X","SLS","Solo Selatan"
"6663BYLRT","ET","","500000","25","X","BYL","Boyolali"
"6665SLURT","MFB","0364","1500000","25","X","SLU","Solo Utara"
"6665SLURT","MFB","0366","900000","25","X","SLU","Solo Utara"
"6665SLURT","MFB","078","1300000","25","X","SLU","Solo Utara"
"6669SRGRT","60","181","2500000","24","X","SRG","Sragen"
"6669SRGRT","63","JF08","1858200","24","X","SRG","Sragen"
"6669SRGRT","M3","190","5000000","24","X","SRG","Sragen"
"6670BYLRT","63","jf01","1000000","24","X","BYL","Boyolali"
"6677BYLRT","60","185","800000","24","X","BYL","Boyolali"
"6677BYLRT","63","jf05","3130358","10","X","BYL","Boyolali"
"6677BYLRT","ET","","500000","25","X","BYL","Boyolali"
"6677BYLRT","M3","189","3800000","10","X","BYL","Boyolali"
"6677BYLRT","M6","070","6600000","24","X","BYL","Boyolali"
"6677BYLRT","MFB","0112","2500000","10","X","BYL","Boyolali"
"6677SLURT","ET","","500000","25","X","KRA","Karanganyar"
"6677SLURT","MFB","0233","1.25","10","X","KRA","Karanganyar"
"6678SLURT","MFB","0233","500000","10","","SLU","Solo Utara"
"6680SLURT","63","JF02","3800000","10","X","SLU","Solo Utara"
"6680SLURT","M3","184","2900000","10","X","SLU","Solo Utara"
"6680SLURT","M6","093","1850000","10","X","SLU","Solo Utara"
"6680SLURT","MFB","0359","7500000","10","X","SLU","Solo Utara"
"6680SLURT","MFB","0365","1000000","10","X","SLU","Solo Utara"
"6680SLURT","MFB","0370","1000000","10","X","SLU","Solo Utara"
"6680SLURT","MFB","E001","500000","10","x","SLU","Solo Utara"
"6681BYLRT","M3","","500000","10","X","BYL","Boyolali"
"6681SLURT","MFB","0001","1000000","10","X","SLU","Solo Utara"
"6682BYLRT","63","jF03","1000000","10","X","BYL","Boyolali"
"6682SRGRT","63","","500000","10","X","SRG","Sragen"
"6683SLURT","63","098","4600000","24","X","SLU","Solo Utara"
"6683SLURT","MFB","098","3000000","25","X","SLU","Solo Utara"
"6685BYLRT","63","jf01","500000","24","X","BYL","Boyolali"
"6685SLURT","63","JF12","600000","10","X","SLU","Solo Utara"
"6687BYLRT","63","JF05","500000","24","X","BYL","Boyolali"
"6687KRART","63","","500000","10","X","KRA","Karanganyar"
"6689SRGRT","60","","500000","10","X","SRG","Sragen"
"6689SRGRT","63","","600000","10","X","SRG","Sragen"
"6689SRGRT","ET","","500000","25","X","SRG","Sragen"
"6694KRART","63","","5000000","10","X","KRA","Karanganyar"
"6696KRART","ET","","500000","25","X","KRA","Karanganyar"
"6696SLURT","60","0001","500000","24","X","SLU","Solo Utara"
"6696SLURT","63","0001","100000","24","X","SLU","Solo Utara"
"6696SLURT","M3","0001","1500000","10","X","SLU","Solo Utara"
"6696SLURT","M3","0001N","40000","24","X","SLU","Solo Utara"
"6696SLURT","M6","0001","100000","24","X","SLU","Solo Utara"
"6696SLURT","MFB","0001","2000000","10","X","SLU","Solo Utara"
"6696SRGRT","ET","341","3900000","25","X","SRG","Sragen"
"6697KRART","60","0","1.25","10","X","KRA","Karanganyar"
"6697KRART","ET","","500000","25","X","KRA","Karanganyar"
"6699KRART","ET","","500000","25","X","KRA","Karanganyar"
"6699SLURT","ET","341","750000","25","X","SLU","Solo Utara"
"6700SRGRT","60","193","8000000","10","X","SRG","Sragen"
"6700SRGRT","63","JF10","2000000","10","X","SRG","Sragen"
"6700SRGRT","ET","","3350000","24","X","SRG","Sragen"
"6700SRGRT","M3","067","18900000","24","X","SRG","Sragen"
"6700SRGRT","M6","086","800000","10","X","SRG","Sragen"
"6700SRGRT","MFB","0112","16000000","10","X","SRG","Sragen"
"6700SRGRT","MFB","1100","1000000","10","X","SRG","Sragen"
"6712SLSRT","63","JF11","500000","24","X","SLS","Solo Selatan"
"6712SLSRT","ET","343","500000","24","X","SLS","Solo Selatan"
"6712SLSRT","MFB","0364","550000","10","X","SLS","Solo Selatan"
"6715SLURT","MFB","0233","500000","10","X","SLU","Solo Utara"
"6718SKHRT","60","177","600000","10","X","SKH","Sukoharjo"
"6718SKHRT","63","jf01","5468842","10","X","SKH","Sukoharjo"
"6718SKHRT","ET","","500000","24","X","SKH","Sukoharjo"
"6718SKHRT","MFB","0362","3800000","10","X","SKH","Sukoharjo"
"6718SKHRT","MFB","2307","2000000","10","X","SKH","Sukoharjo"
"6742SRGRT","63","jF17","600000","24","X","SRG","Sragen"
"6744SLSRT","60","178","1000000","24","X","SLS","Solo Selatan"
"6744SLSRT","63","jf01","500000","10","X","SLS","Solo Selatan"
"6744SRGRT","ET","341","200000","25","X","SRG","Sragen"
"6751KRART","63","jf16","500000","24","X","KRA","Karanganyar"
"6755SRGRT","63","","500000","10","X","GML","Gemolong"
"6785BYLRT","63","jF11","600000","24","X","BYL","Boyolali"
"6785KRART","M3","","300000","10","X","KRA","Karanganyar"
"6785KRART","M3","","40000","24","X","KRA","Karanganyar"
"6785SLURT","60","179","1600000","24","X","SLU","Solo Utara"
"6785SLURT","63","jF16","4000000","24","X","SLU","Solo Utara"
"6787SLSRT","MFB","0380","800000","25","X","SLS","Solo Selatan"
"6796KRART","ET","","500000","25","X","KRA","Karanganyar"
"6799SLSRT","MFB","0365","3200000","10","X","SLS","Solo Selatan"
"6803SRGRT","M3","","300000","10","X","SRG","Sragen"
"6803SRGRT","M3","189N","40000","24","X","SRG","Sragen"
"6806SRGRT","M3","","1800000","10","X","SRG","Sragen"
"6809KRART","63","JF11","500000","24","X","KRA","Karanganyar"
"6812KRART","63","jf05","600000","24","X","KRA","Karanganyar"
"6812KRART","M3","","300000","10","X","KRA","Karanganyar"
"6814KRART","M3","","40000","24","X","KRA","Karanganyar"
"6814KRART","M3","","300000","10","X","KRA","Karanganyar"
"6816KRART","ET","","500000","25","X","KRA","Karanganyar"
"6816SLURT","60","193","5000000","24","X","SLU","Solo Utara"
"6816SLURT","MFB","078","1000000","24","X","SLU","Solo Utara"
"6816SRGRT","60","","500000","24","X","SRG","Sragen"
"6816SRGRT","63","jF02","500000","24","X","SRG","Sragen"
"6816SRGRT","ET","341","500000","25","X","SRG","Sragen"
"6816SRGRT","M6","086","500000","10","X","SRG","Sragen"
"6818SRGRT","60","185","900000","25","X","SRG","Sragen"
"6818SRGRT","63","JF14","500000","10","X","SRG","Sragen"
"6818SRGRT","ET","","500000","25","X","SRG","Sragen"
"6818SRGRT","M3","189","1100000","10","X","SRG","Sragen"
"6818SRGRT","MFB","0181","500000","25","X","SRG","Sragen"
"6820SRGRT","63","jf08","528533","10","X","SRG","Sragen"
"6822BYLRT","63","","5100000","1","X","BYL","Boyolali"
"6824KRART","63","","500000","10","X","KRA","Karanganyar"
"6824KRART","M3","174","1300000","10","X","KRA","Karanganyar"
"6826KRART","60","0","1500000","10","X","KRA","Karanganyar"
"6826KRART","ET","","500000","25","X","KRA","Karanganyar"
"6830KRART","63","jF15","400000","24","X","KRA","Karanganyar"
"6830KRART","ET","","500000","25","X","KRA","Karanganyar"
"6830KRART","M3","174","1300000","10","X","KRA","Karanganyar"
"6833KRART","ET","","500000","25","X","KRA","Karanganyar"
"6836KRART","ET","","500000","25","X","KRA","Karanganyar"
"6837KRART","ET","","500000","25","X","KRA","Karanganyar"
"6838SRGRT","60","181","2100000","24","X","SRG","Sragen"
"6838SRGRT","63","jF14","650000","24","X","SRG","Sragen"
"6838SRGRT","M3","067","1200000","10","X","SRG","Sragen"
"6838SRGRT","MFB","502","300000","10","X","SRG","Sragen"
"6840KRART","ET","","500000","25","X","KRA","Karanganyar"
"6842KRART","60","","500000","10","X","KRA","Karanganyar"
"6842KRART","63","JF16","500000","24","X","KRA","Karanganyar"
"6842SRGRT","63","jf17","2500000","10","X","SRG","Sragen"
"6842SRGRT","M3","190","600000","24","X","SRG","Sragen"
"6842SRGRT","M6","070","1500000","24","X","SRG","Sragen"
"6842SRGRT","MFB","0112","900000","24","X","SRG","Sragen"
"6842SRGRT","MFB","0181","500000","25","X","SRG","Sragen"
"6845KRART","60","180","1100000","24","X","KRA","Karanganyar"
"6845KRART","ET","","500000","25","X","KRA","Karanganyar"
"6846KRART","60","","500000","24","X","KRA","Karanganyar"
"6846KRART","ET","","500000","24","X","KRA","Karanganyar"
"6847KRART","60","","500000","10","X","KRA","Karanganyar"
"6848SRGRT","63","","500000","10","X","SRG","Sragen"
"6848SRGRT","M3","0146","4500000","10","X","SRG","Sragen"
"6848SRGRT","M3","0146N","40000","24","X","SRG","Sragen"
"6852KRART","60","0","1000000","10","X","KRA","Karanganyar"
"6852KRART","ET","","500000","25","X","KRA","Karanganyar"
"6852KTSRT","63","","800000","10","X","KTS","Kartosuro"
"6852SLURT","63","jF03","500000","24","X","SLU","Solo Utara"
"6853KRART","M3","502","300000","10","X","KRA","Karanganyar"
"6853KRART","M3","502N","40000","24","X","KRA","Karanganyar"
"6853SLSRT","63","jF09","1800000","10","X","SLS","Solo Selatan"
"6853SLSRT","ET","341","500000","24","X","SLS","Solo Selatan"
"6853SLSRT","MFB","078","600000","24","X","SLS","Solo Selatan"
"6854SLSRT","63","jf01","600000","24","X","KTS","Kartosuro"
"6854SLURT","63","jf02","500000","24","X","SLU","Solo Utara"
"6855SLSRT","63","","500000","10","X","SLS","Solo Selatan"
"6855SLURT","63","jf02","1150000","24","X","SLU","Solo Utara"
"6858BYLRT","60","185","3000000","10","X","BYL","Boyolali"
"6858BYLRT","63","jf01","500000","24","x","BYL","Boyolali"
"6860KRART","M3","502","300000","10","X","KRA","Karanganyar"
"6860KRART","M3","502N","40000","24","X","KRA","Karanganyar"
"6861SRGRT","MFB","502","200000","10","","SRG","Sragen"
"6863KRART","ET","","800000","25","X","KRA","Karanganyar"
"6864KRART","ET","","500000","25","","KRA","Karanganyar"
"6864KRART","M6","","1000000","10","","KRA","Karanganyar"
"6866SRGRT","60","181","1400000","24","X","SRG","Sragen"
"6868SRGRT","M3","","300000","10","X","SRG","Sragen"
"6868SRGRT","M3","189N","40000","24","X","SRG","Sragen"
"6869KRART","63","jF15","500000","10","X","KRA","Karanganyar"
"6869SRGRT","ET","","500000","25","X","SRG","Sragen"
"6869SRGRT","M3","","600000","10","X","SRG","Sragen"
"6874SRGRT","60","","1400000","10","X","SRG","Sragen"
"6875BYLRT","63","jF15","1600000","24","X","BYL","Boyolali"
"6880SRGRT","M3","067","2050000","10","X","SRG","Sragen"
"6889SRGRT","63","JF10","800000","24","X","SRG","Sragen"
"6899BYLRT","63","jF12","500000","1","x","BYL","Boyolali"
"6899KRART","63","JF11","800000","24","X","KRA","Karanganyar"
"6911SLURT","63","jF18","2088858","24","X","SLU","Solo Utara"
"6913SKHRT","60","180","2400000","24","X","SKH","Sukoharjo"
"6913SKHRT","63","jf01","2400000","24","X","SKH","Sukoharjo"
"6913SKHRT","M3","174","2400000","10","X","SKH","Sukoharjo"
"6922SRGRT","63","","500000","24","X","SRG","Sragen"
"6930SRGRT","60","181","700000","24","X","SRG","Sragen"
"6930SRGRT","63","jF08","700000","10","X","SRG","Sragen"
"6930SRGRT","M3","067","1150000","24","X","SRG","Sragen"
"6930SRGRT","M6","086","500000","24","X","SRG","Sragen"
"6932SRGRT","60","0","3000000","10","X","SRG","Sragen"
"6933SRGRT","60","181","9700000","25","X","SRG","Sragen"
"6933SRGRT","MFB","0112","8600000","24","X","SRG","Sragen"
"6933SRGRT","MFB","0181","1000000","25","X","SRG","Sragen"
"6934SRGRT","MFB","0181","500000","25","X","SRG","Sragen"
"6977SRGRT","ET","341","800000","25","X","SRG","Sragen"
"6978KRART","63","jf02","5000000","10","X","KRA","Karanganyar"
"6992SRGRT","63","jF08","500000","1","x","SRG","Sragen"
"6993SRGRT","63","jF08","500000","1","x","SRG","Sragen"
"7001SRGRT","60","181","2000000","24","X","SRG","Sragen"
"7001SRGRT","63","","1000000","10","X","SRG","Sragen"
"7001SRGRT","M3","189","1050000","10","X","SRG","Sragen"
"7003SLSRT","60","178","500000","24","X","SLS","Solo Selatan"
"7004SLSRT","63","jF05","500000","10","X","SLS","Solo Selatan"
"7004SLSRT","M3","0146","2000000","10","X","SLS","Solo Selatan"
"7004SLSRT","M3","0146N","40000","24","X","SLS","Solo Selatan"
"7006SLSRT","60","","500000","10","X","SLS","Solo Selatan"
"7006SLSRT","63","jF05","500000","24","X","SLS","Solo Selatan"
"7012SKHRT","63","jF15","500000","24","X","SKH","Sukoharjo"
"7012SKHRT","M3","174","2000000","10","X","SKH","Sukoharjo"
"7012SKHRT","M6","070","500000","24","X","SKH","Sukoharjo"
"7012SKHRT","M6","7003","500000","24","X","SKH","Sukoharjo"
"7013BYLRT","60","","700000","10","X","BYL","Boyolali"
"7016BYLRT","63","jF07","800000","24","X","BYL","Boyolali"
"7022KRART","63","","500000","10","X","KRA","Karanganyar"
"7024KRART","63","JF17","500000","24","X","KRA","Karanganyar"
"7025SLURT","MFB","0364","500000","10","","SLU","Solo Utara"
"7044KRART","63","jf12","2500000","10","X","KRA","Karanganyar"
"7044KRART","M3","174","3400000","10","X","KRA","Karanganyar"
"7047SLSRT","63","jf16","500000","24","X","SLS","Solo Selatan"
"7072BYLRT","60","185","500000","24","X","BYL","Boyolali"
"7072BYLRT","63","jf01","1200000","10","X","BYL","Boyolali"
"7076SRGRT","63","jF14","500000","24","X","SRG","Sragen"
"7083SLSRT","63","","1000000","10","X","SLS","Solo Selatan"
"7110KRART","M6","7003","800000","10","X","KRA","Karanganyar"
"7111SRGRT","63","jF14","500000","24","","SRG","Sragen"
"7112KRART","63","JF15","1000000","24","X","KRA","Karanganyar"
"7112SRGRT","ET","","300000","25","X","SRG","Sragen"
"7113SRGRT","63","","1000000","10","X","SRG","Sragen"
"7147BYLRT","63","jF01","1031275","10","X","BYL","Boyolali"
"7149KRART","ET","341","10000000","25","X","KRA","Karanganyar"
"7205SLSRT","ET","343","700000","24","X","SLS","Solo Selatan"
"7205SLURT","60","","2700000","10","X","SLU","Solo Utara"
"7411BYLRT","ET","","1.25","25","X","BYL","Boyolali"
"7451SRGRT","63","jF14","500000","24","X","SRG","Sragen"
"7455SRGRT","M6","7003","6000000","10","X","SKH","Sukoharjo"
"7512SLSRT","63","jF01","500000","24","x","SLS","Solo Selatan"
"7533BYLRT","63","","500000","10","X","BYL","Boyolali"
"7591BYLRT","63","jF12","1000000","24","X","BYL","Boyolali"
"7599BYLRT","63","jF03","650000","24","X","BYL","Boyolali"
"7641SRGRT","63","jF11","500000","24","X","SRG","Sragen"
"7688KTSRT","63","jF03","700000","24","X","KTS","Kartosuro"
"7712SRGRT","63","jF17","559475","24","X","SRG","Sragen"
"7723SRGRT","63","jF10","600000","10","X","SRG","Sragen"
"7723SRGRT","M3","190","500000","24","X","SRG","Sragen"
"7723SRGRT","MFB","1100","500000","24","X","SRG","Sragen"
"7724SRGRT","63","jF14","500000","24","x","SRG","Sragen"
"7735SRGRT","60","181","550000","24","X","SRG","Sragen"
"7752KRART","63","JF10","500000","24","X","KRA","Karanganyar"
"7756KRART","63","JF15","500000","24","X","KRA","Karanganyar"
"7759SRGRT","63","jF17","4000000","10","X","SRG","Sragen"
"7759SRGRT","ET","341","500000","24","X","SRG","Sragen"
"7759SRGRT","M3","067","3900000","10","X","SRG","Sragen"
"7759SRGRT","M6","086","700000","10","X","SRG","Sragen"
"7759SRGRT","MFB","0112","1000000","10","X","SRG","Sragen"
"7759SRGRT","MFB","1100","500000","10","X","SRG","Sragen"
"7765SRGRT","63","","500000","10","X","SRG","Sragen"
"7786KRART","63","","3200000","10","X","KRA","Karanganyar"
"7786KRART","ET","341","1150000","24","X","KRA","Karanganyar"
"7786KRART","M3","","500000","10","X","KRA","Karanganyar"
"7792BYLRT","63","jF01","1000000","10","x","BYL","Boyolali"
"7796BYLRT","63","","500000","10","X","BYL","Boyolali"
"7809SKHRT","63","jF03","500000","24","X","SKH","Sukoharjo"
"7815KRART","63","jF05","500000","24","X","KRA","Karanganyar"
"7816KRART","63","jf09","1000000","10","X","KRA","Karanganyar"
"7822SLSRT","63","jF18","700000","24","X","SLS","Solo Selatan"
"7824SKHRT","M3","256","500000","10","X","SKH","Sukoharjo"
"7825SRGRT","60","185","700000","10","X","SRG","Sragen"
"7825SRGRT","63","jF08","2100000","10","X","SRG","Sragen"
"7825SRGRT","M3","190","1250000","10","X","SRG","Sragen"
"7825SRGRT","M6","086","1000000","24","X","SRG","Sragen"
"7825SRGRT","MFB","0112","3300000","10","X","SRG","Sragen"
"7825SRGRT","MFB","1100","500000","10","X","SRG","Sragen"
"7831BYLRT","63","jF01","500000","1","x","BYL","Boyolali"
"7837SKHRT","MFB","0233","800000","10","X","SKH","Sukoharjo"
"7847BYLRT","63","jF07","500000","24","X","BYL","Boyolali"
"7847BYLRT","MFB","0233","500000","10","X","BYL","Boyolali"
"7850SRGRT","60","181","600000","24","X","SRG","Sragen"
"7850SRGRT","M3","067","15000000","24","X","SRG","Sragen"
"7850SRGRT","M6","086","700000","24","X","SRG","Sragen"
"7850SRGRT","MFB","0112","6400000","24","X","SRG","Sragen"
"7853SLURT","63","JF02","8317032","10","X","SLU","Solo Utara"
"7853SLURT","M3","184","3700000","10","X","SLU","Solo Utara"
"7853SLURT","M6","093","10000000","21","X","SLU","Solo Utara"
"7853SLURT","MFB","0359","9500000","10","X","SLU","Solo Utara"
"7853SLURT","MFB","0360","500000","10","X","SLU","Solo Utara"
"7853SLURT","MFB","0365","3850000","10","X","SLU","Solo Utara"
"7853SLURT","MFB","0370","1000000","10","X","SLU","Solo Utara"
"7853SLURT","MFB","E001","500000","10","x","SLU","Solo Utara"
"7877SLURT","ET","343","700000","24","X","SLU","Solo Utara"
"7885BYLRT","63","jF16","1000000","24","X","BYL","Boyolali"
"7885BYLRT","M6","7003","500000","10","X","BYL","Boyolali"
"7886BYLRT","63","jF16","800000","24","X","BYL","Boyolali"
"7887BYLRT","63","jF12","2150000","10","X","BYL","Boyolali"
"7887SKHRT","ET","341","1100000","25","X","SKH","Sukoharjo"
"7888SKHRT","ET","017","1000000","25","X","SKH","Sukoharjo"
"7889BYLRT","63","jF01","2100000","24","X","BYL","Boyolali"
"7894SLURT","60","178","5800000","10","X","SLU","Solo Utara"
"7894SLURT","63","jF03","500000","10","X","SLU","Solo Utara"
"7894SLURT","M3","","4900000","10","X","SLU","Solo Utara"
"7945SRGRT","60","185","2000000","10","X","SRG","Sragen"
"7945SRGRT","63","jf17","1800000","10","X","SRG","Sragen"
"7945SRGRT","MFB","0112","500000","24","X","SRG","Sragen"
"7945SRGRT","MFB","1100","600000","24","X","SRG","Sragen"
"7964SLURT","ET","","500000","25","X","SLU","Solo Utara"
"7966SLSRT","ET","343","550000","50","X","SLS","Solo Selatan"
"8005KTSRT","63","jF12","800000","10","X","KTS","Kartosuro"
"8102KRART","60","180","2050000","10","X","KRA","Karanganyar"
"8102KRART","M3","174","5650000","10","X","KRA","Karanganyar"
"8122KRART","60","185","600000","24","X","KRA","Karanganyar"
"8122KRART","63","jf03","2323175","10","X","KRA","Karanganyar"
"8122KRART","ET","","500000","24","X","KRA","Karanganyar"
"8122KRART","M3","174","1050000","10","X","KRA","Karanganyar"
"8122KRART","M6","070","600000","10","X","KRA","Karanganyar"
"8122KRART","MFB","078","1300000","10","X","KRA","Karanganyar"
"8133KRART","63","jf01","1471217","10","X","KRA","Karanganyar"
"8133KRART","M3","","1500000","24","X","KRA","Karanganyar"
"8133KRART","M6","070","500000","10","X","KRA","Karanganyar"
"8133KRART","MFB","078","950000","24","X","KRA","Karanganyar"
"8136SKHRT","MFB","078","1000000","25","X","SKH","Sukoharjo"
"8145KRART","60","180","500000","24","X","KRA","Karanganyar"
"8145KRART","63","jF07","1000000","24","X","KRA","Karanganyar"
"8145KRART","M3","174","500000","10","X","KRA","Karanganyar"
"8152SRGRT","63","jf10","500000","24","X","SRG","Sragen"
"8152SRGRT","M3","189","1200000","10","X","SRG","Sragen"
"8164SRGRT","63","JF10","2000000","10","X","SRG","Sragen"
"8175SKHRT","63","jF05","1200000","24","X","SKH","Sukoharjo"
"8231SRGRT","63","jf10","500000","24","X","SRG","Sragen"
"8311SRGRT","63","jf14","600000","10","X","SRG","Sragen"
"8312SRGRT","63","jf14","500000","24","X","SRG","Sragen"
"8317SRGRT","63","jF10","500000","24","X","SRG","Sragen"
"8412SLURT","63","jF03","500000","10","X","SLU","Solo Utara"
"8422BYLRT","63","jf07","500000","10","X","BYL","Boyolali"
"8422BYLRT","ET","343","300000","24","X","BYL","Boyolali"
"8472SKHRT","63","jf01","300000","10","X","SKH","Sukoharjo"
"8501SLURT","63","jf16","500000","24","X","SLU","Solo Utara"
"8516SLURT","63","","500000","10","X","SLU","Solo Utara"
"8521GMLRT","63","jF17","500000","24","X","GML","Gemolong"
"8521KRART","63","jf03","1100000","24","X","KRA","Karanganyar"
"8521KRART","M3","189","500000","10","X","KRA","Karanganyar"
"8521SLURT","63","JF03","500000","24","X","SLU","Solo Utara"
"8521SRGRT","60","181","500000","24","X","SRG","Sragen"
"8521SRGRT","63","JF10","1600000","10","X","SRG","Sragen"
"8521SRGRT","M3","067","500000","24","X","SRG","Sragen"
"8521SRGRT","M6","086","500000","24","X","SRG","Sragen"
"8521SRGRT","MFB","0112","500000","24","X","SRG","Sragen"
"8522GMLRT","63","jF17","500000","24","X","GML","Gemolong"
"8522KRART","63","","800000","10","X","KRA","Karanganyar"
"8522SLSRT","63","jF01","500000","10","X","SLS","Solo Selatan"
"8522SLURT","63","jf16","6000000","24","X","SLU","Solo Utara"
"8522SRGRT","63","","500000","10","X","SRG","Sragen"
"8523GMLRT","63","jF17","700000","24","X","GML","Gemolong"
"8523KRART","63","jF05","1500000","10","X","KRA","Karanganyar"
"8523KRART","MFB","0112","600000","24","X","KRA","Karanganyar"
"8523SKHRT","63","jF01","500000","24","X","SKH","Sukoharjo"
"8523SLSRT","63","JF01","500000","24","X","SLU","Solo Utara"
"8523SLURT","63","","650000","10","X","SLU","Solo Utara"
"8523SRGRT","63","jF08","500000","24","X","SRG","Sragen"
"8524BYLRT","63","JF12","700000","24","X","BYL","Boyolali"
"8524KRART","63","jf02","500000","24","X","KTS","Kartosuro"
"8524SLURT","63","","500000","10","X","SLU","Solo Utara"
"8526SRGRT","63","jF10","1100000","24","X","SRG","Sragen"
"8532KRART","63","jf05","500000","24","X","KRA","Karanganyar"
"8532KRART","MFB","0112","500000","24","X","KRA","Karanganyar"
"8532SLURT","ET","341","500000","1","x","SLU","Solo Utara"
"8533SRGRT","63","jF10","4000000","24","X","SRG","Sragen"
"8536BYLRT","63","jf11","500000","24","X","BYL","Boyolali"
"8542KRART","63","jF17","650000","24","X","KRA","Karanganyar"
"8544KRART","63","jF01","500000","24","X","KRA","Karanganyar"
"8545KRART","63","","500000","10","X","KRA","Karanganyar"
"8552bylrt","63","","1600000","10","X","BYL","Boyolali"
"8561KTSRT","63","jF05","300000","24","X","KTS","Kartosuro"
"8562GMLRT","63","JF10","500000","10","X","GML","Gemolong"
"8562KRART","63","","500000","10","X","SRG","Sragen"
"8562KTSRT","63","jF02","500000","10","X","KTS","Kartosuro"
"8562SKHRT","63","jF09","1850000","10","X","SKH","Sukoharjo"
"8562SKHRT","ET","342","500000","24","X","SKH","Sukoharjo"
"8562SKHRT","M3","174","500000","10","X","SKH","Sukoharjo"
"8562SKHRT","M6","070","1000000","24","X","SKH","Sukoharjo"
"8562SRGRT","63","jf08","500000","24","X","GML","Gemolong"
"8563BYLRT","63","jF07","500000","24","X","BYL","Boyolali"
"8563GMLRT","63","jf08","500000","24","X","GML","Gemolong"
"8563KRART","63","jF09","700000","24","X","KRA","Karanganyar"
"8563SLSRT","63","","500000","10","X","SLS","Solo Selatan"
"8563SLURT","63","JF11","500000","10","X","SLU","Solo Utara"
"8563SRGRT","60","185","500000","10","X","SRG","Sragen"
"8563SRGRT","63","jf17","1300000","24","X","SRG","Sragen"
"8566BYLRT","63","jF15","600000","24","X","BYL","Boyolali"
"8566KRART","63","JF15","600000","10","X","KRA","Karanganyar"
"8566KTSRT","63","jF05","1000000","24","X","KTS","Kartosuro"
"8566SRGRT","63","jF14","700000","24","X","SRG","Sragen"
"8567SRGRT","63","jF10","800000","24","X","SRG","Sragen"
"8569KRART","63","jF05","2150000","24","X","KRA","Karanganyar"
"8569SRGRT","63","jF17","600000","24","X","SRG","Sragen"
"8569SRGRT","ET","","500000","24","X","SRG","Sragen"
"8569SRGRT","M3","067","1000000","10","X","SRG","Sragen"
"8569SRGRT","MFB","1100","6500000","24","X","SRG","Sragen"
"8577KRART","63","JF15","500000","10","X","KRA","Karanganyar"
"8596KRART","63","jF05","500000","24","X","KRA","Karanganyar"
"8596SRGRT","63","jF17","800000","24","X","SRG","Sragen"
"8596SRGRT","ET","342","800000","24","X","SRG","Sragen"
"8599BYLRT","63","JF12","4600000","10","X","BYL","Boyolali"
"8599BYLRT","M6","7003","900000","10","X","BYL","Boyolali"
"8599SLURT","63","JF01","800000","10","X","SLU","Solo Utara"
"8599SLURT","ET","342","500000","10","X","SLU","Solo Utara"
"8611SRGRT","60","181","1400000","10","X","SRG","Sragen"
"8611SRGRT","63","JF14","2900000","10","X","SRG","Sragen"
"8611SRGRT","M3","067","2500000","10","X","SRG","Sragen"
"8611SRGRT","M6","086","800000","10","X","SRG","Sragen"
"8621BYLRT","63","jF07","900000","24","X","BYL","Boyolali"
"8621KRART","63","jF11","500000","24","X","KRA","Karanganyar"
"8622KRART","63","jF09","600000","24","X","KRA","Karanganyar"
"8623BYLRT","63","JF12","600000","24","X","BYL","Boyolali"
"8624BYLRT","63","JF05","500000","24","X","BYL","Boyolali"
"8624SLSRT","60","178","500000","10","x","KTS","Kartosuro"
"8624SLSRT","63","jF05","500000","24","X","KTS","Kartosuro"
"8624SLURT","63","jf05","3000000","24","X","SLU","Solo Utara"
"8631SLSRT","63","jF01","500000","24","X","SLS","Solo Selatan"
"8631SRGRT","63","jF17","500000","24","X","SRG","Sragen"
"8632KTSRT","63","jF11","500000","24","X","KTS","Kartosuro"
"8632SRGRT","63","JF10","500000","10","X","SRG","Sragen"
"8633BYLRT","63","jF15","3000000","10","X","BYL","Boyolali"
"8633GMLRT","63","jf17","500000","24","X","SRG","Sragen"
"8633SLSRT","60","178","500000","24","x","SLS","Solo Selatan"
"8633SLSRT","63","jf16","500000","24","X","SLS","Solo Selatan"
"8633SRGRT","63","jF12","1800000","10","X","KRA","Karanganyar"
"8634KRART","63","JF16","500000","24","X","KRA","Karanganyar"
"8634SLSRT","63","JF03","1500000","24","X","SLS","Solo Selatan"
"8634SLSRT","ET","343","500000","24","X","SLS","Solo Selatan"
"8634SLSRT","M3","067","600000","10","X","SLS","Solo Selatan"
"8635KTSRT","63","jF12","2000000","24","X","KTS","Kartosuro"
"8653KRART","63","jf05","1900000","10","X","KRA","Karanganyar"
"8653KRART","M6","070","500000","10","x","KRA","Karanganyar"
"8653SLURT","63","jF03","500000","10","x","KTS","Kartosuro"
"8655SLSRT","ET","341","650000","25","X","SLS","Solo Selatan"
"8655SRGRT","60","","800000","10","X","SRG","Sragen"
"8655SRGRT","63","jF17","1108337","10","X","SRG","Sragen"
"8655SRGRT","MFB","0181","500000","10","X","SRG","Sragen"
"8674GMLRT","MFB","502","500000","10","","SRG","Sragen"
"8704SLSRT","ET","343","500000","24","x","SLS","Solo Selatan"
"8716BYLRT","63","jF01","500000","24","X","BYL","Boyolali"
"8718BYLRT","60","178","500000","24","X","BYL","Boyolali"
"8718BYLRT","63","jF05","800000","24","X","BYL","Boyolali"
"8721KRART","63","JF14","500000","10","X","KRA","Karanganyar"
"8745BYLRT","63","jF05","500000","24","X","BYL","Boyolali"
"8751SRGRT","63","JF10","500000","10","X","SRG","Sragen"
"8752SRGRT","63","JF17","700000","10","X","SRG","Sragen"
"8753KRART","63","jf02","1500000","10","X","KRA","Karanganyar"
"8754KRART","63","jF07","1500000","10","X","KRA","Karanganyar"
"8762SLSRT","63","jF07","3500000","24","X","SLS","Solo Selatan"
"8766BYLRT","63","JF12","1100000","10","X","BYL","Boyolali"
"8790SRGRT","60","178","500000","24","X","SRG","Sragen"
"8790SRGRT","63","jf17","500000","24","X","SRG","Sragen"
"8821BYLRT","63","JF11","500000","10","X","BYL","Boyolali"
"8823SLSRT","63","jF03","500000","24","X","SLS","Solo Selatan"
"8825SLSRT","ET","341","500000","25","X","SLS","Solo Selatan"
"8826BYLRT","63","jf01","600000","24","X","BYL","Boyolali"
"8832KRART","63","jf07","500000","24","X","KRA","Karanganyar"
"8852BYLRT","63","jF01","900000","24","X","BYL","Boyolali"
"8852SRGRT","63","JF10","600000","24","X","GML","Gemolong"
"8852SRGRT","M3","184","500000","10","X","GML","Gemolong"
"8856GMLRT","63","jf02","500000","24","X","KRA","Karanganyar"
"8856KRART","63","","500000","10","X","KRA","Karanganyar"
"8856KTSRT","63","jf07","500000","24","x","KTS","Kartosuro"
"8856SRGRT","63","JF08","500000","24","X","SRG","Sragen"
"8857BYLRT","63","jf12","1000000","10","X","BYL","Boyolali"
"8857BYLRT","M6","7003","800000","10","X","BYL","Boyolali"
"8857KRART","63","jF07","1000000","1","x","KRA","Karanganyar"
"8857SRGRT","63","","500000","10","X","SRG","Sragen"
"8861KRART","63","JF15","600000","10","X","KRA","Karanganyar"
"8862KRART","63","jF02","2500000","24","X","KRA","Karanganyar"
"8862SKHRT","63","jF16","500000","24","X","SKH","Sukoharjo"
"8862srgrt","63","","500000","10","X","SRG","Sragen"
"8863SRGRT","63","jf05","500000","24","X","GML","Gemolong"
"8865KTSRT","63","JF03","850000","24","X","KTS","Kartosuro"
"8865KTSRT","ET","340","500000","24","X","KTS","Kartosuro"
"8865KTSRT","M3","184","500000","24","X","KTS","Kartosuro"
"8865KTSRT","MFB","0359","500000","24","X","KTS","Kartosuro"
"8865KTSRT","MFB","0365","500000","24","X","KTS","Kartosuro"
"8865KTSRT","MFB","0370","500000","24","X","KTS","Kartosuro"
"8865KTSRT","MFB","R001","500000","24","X","KTS","Kartosuro"
"8884SRGRT","63","jF14","500000","24","X","SRG","Sragen"
"8885KRART","63","","500000","10","X","KRA","Karanganyar"
"8885SRGRT","63","JF08","750000","10","X","SRG","Sragen"
"8886SRGRT","63","","500000","10","X","SRG","Sragen"
"8893SLSRT","63","jf01","700000","24","X","SLS","Solo Selatan"
"8933BYLRT","63","jF01","500000","24","X","BYL","Boyolali"
"8962KRART","60","180","500000","10","X","KRA","Karanganyar"
"8962KRART","63","jf02","1500000","10","X","KRA","Karanganyar"
"8962KRART","MFB","078","800000","10","X","KRA","Karanganyar"
"8966SRGRT","63","jf10","500000","24","X","SRG","Sragen"
"8975BYLRT","63","jF09","800000","24","X","BYL","Boyolali"
"8977SLSRT","63","jF03","500000","10","X","SLS","Solo Selatan"
"8977SLSRT","ET","341","3950000","24","X","SLS","Solo Selatan"
"8992SLURT","63","JF02","800000","24","X","KTS","Kartosuro"
"9003BYLRT","60","179","1000000","24","X","BYL","Boyolali"
"9003BYLRT","63","jf15","500000","24","X","BYL","Boyolali"
"9003BYLRT","MFB","175","700000","24","X","BYL","Boyolali"
"9004BYLRT","63","jF15","500000","24","X","BYL","Boyolali"
"9005SLURT","60","0","850000","10","X","SLS","Solo Selatan"
"9005SLURT","63","jf03","852751","10","X","SLS","Solo Selatan"
"9005SLURT","M3","190","500000","24","X","SLS","Solo Selatan"
"9007BYLRT","ET","343","500000","24","X","BYL","Boyolali"
"9007SLURT","60","193","16000000","24","X","SLU","Solo Utara"
"9013SLURT","M3","0146","300000","10","X","SLU","Solo Utara"
"9013SLURT","M3","0146N","40000","24","X","SLU","Solo Utara"
"9017BYLRT","63","jF01","500000","1","X","BYL","Boyolali"
"9019BYLRT","60","178","500000","24","X","BYL","Boyolali"
"9019BYLRT","M6","7003","500000","24","X","BYL","Boyolali"
"9019BYLRT","MFB","175","500000","24","X","BYL","Boyolali"
"9021BYLRT","63","JF12","1250000","10","X","BYL","Boyolali"
"9032BYLRT","60","179","1800000","24","X","BYL","Boyolali"
"9034BYLRT","MFB","175","500000","10","x","BYL","Boyolali"
"9035BYLRT","ET","","500000","25","X","BYL","Boyolali"
"9037SLURT","63","jF03","500000","24","X","SLU","Solo Utara"
"9042SLSRT","63","","500000","10","X","SLS","Solo Selatan"
"9043BYLRT","60","179","450000","24","X","BYL","Boyolali"
"9043BYLRT","MFB","0233","800000","25","X","BYL","Boyolali"
"9043SLURT","M3","502","300000","10","X","SLU","Solo Utara"
"9043SLURT","M3","502N","40000","24","X","SLU","Solo Utara"
"9044SLURT","ET","0001","500000","10","","SLU","Solo Utara"
"9044SLURT","MFB","0001","500000","10","X","SLU","Solo Utara"
"9046BYLRT","63","jF09","1000000","10","X","BYL","Boyolali"
"9086BYLRT","ET","","500000","25","X","BYL","Boyolali"
"9089BYLRT","63","","500000","10","X","BYL","Boyolali"
"9090SRGRT","63","JF10","1200000","24","X","SRG","Sragen"
"9102BYLRT","M3","","300000","10","X","BYL","Boyolali"
"9102BYLRT","M3","190N","40000","24","X","BYL","Boyolali"
"9103BYLRT","M3","","300000","10","X","BYL","Boyolali"
"9103BYLRT","M3","190N","40000","24","X","BYL","Boyolali"
"9106BYLRT","63","","1.25","10","X","BYL","Boyolali"
"9107BYLRT","M3","","300000","10","X","BYL","Boyolali"
"9107BYLRT","M3","","40000","24","X","BYL","Boyolali"
"9113BYLRT","M3","0146","400000","10","X","BYL","Boyolali"
"9113BYLRT","M3","0146N","40000","24","X","BYL","Boyolali"
"9116BYLRT","60","179","500000","25","X","BYL","Boyolali"
"9116BYLRT","63","jF15","500000","24","X","BYL","Boyolali"
"9116SRGRT","63","jF10","600000","10","1","SRG","Sragen"
"9119SLSRT","63","jf01","1500000","24","X","SLS","Solo Selatan"
"9122KRART","63","","500000","10","X","KRA","Karanganyar"
"9122KTSRT","63","jF01","500000","10","x","KTS","Kartosuro"
"9122SRGRT","63","","500000","10","X","SRG","Sragen"
"9125BYLRT","60","179","900000","24","X","BYL","Boyolali"
"9125BYLRT","63","JF09","700000","24","X","BYL","Boyolali"
"9125SLURT","63","jf03","500000","10","X","KRA","Karanganyar"
"9132SLURT","63","JF03","600000","24","X","SLU","Solo Utara"
"9133BYLRT","MFB","502","200000","10","","BYL","Boyolali"
"9138BYLRT","MFB","502","200000","10","","BYL","Boyolali"
"9152SLURT","63","","500000","10","X","SLU","Solo Utara"
"9154SKHRT","63","jF15","500000","24","X","SKH","Sukoharjo"
"9155SKHRT","63","jF15","500000","24","X","SKH","Sukoharjo"
"9155SRGRT","63","jF08","500000","24","x","SRG","Sragen"
"9157KRART","63","jf16","500000","10","X","KRA","Karanganyar"
"9157SRGRT","63","JF14","4000000","24","X","SRG","Sragen"
"9157SRGRT","MFB","1100","500000","24","X","SRG","Sragen"
"9162SRGRT","63","jf08","4000000","24","x","SRG","Sragen"
"9183BYLRT","63","jf03","500000","24","X","BYL","Boyolali"
"9187BYLRT","60","179","950000","24","X","BYL","Boyolali"
"9187BYLRT","MFB","0233","500000","10","X","BYL","Boyolali"
"9193BYLRT","M3","","300000","10","X","BYL","Boyolali"
"9193BYLRT","M3","","40000","24","X","BYL","Boyolali"
"9215krart","63","jF02","500000","10","X","KRA","Karanganyar"
"9215SRGRT","63","","500000","10","X","SRG","Sragen"
"9223KRART","63","JF16","600000","24","X","KRA","Karanganyar"
"9223SRGRT","63","jf08","1000000","24","X","SRG","Sragen"
"9233KRART","63","jf16","300000","10","X","KRA","Karanganyar"
"9235BYLRT","63","","500000","10","X","BYL","Boyolali"
"9245KRART","63","JF11","500000","24","X","KRA","Karanganyar"
"9246KRART","63","jf02","500000","24","X","KRA","Karanganyar"
"9246SLSRT","63","","500000","10","X","SLS","Solo Selatan"
"9251BYLRT","63","JF18","500000","24","X","BYL","Boyolali"
"9252BYLRT","63","jf09","600000","24","X","BYL","Boyolali"
"9255SLSRT","63","jF15","500000","24","X","SLS","Solo Selatan"
"9256SLSRT","63","","500000","10","X","SLS","Solo Selatan"
"9266BYLRT","63","","500000","10","X","BYL","Boyolali"
"9266KRART","63","jf16","500000","24","X","KRA","Karanganyar"
"9316SRGRT","63","","1000000","24","X","SRG","Sragen"
"9331SRGRT","63","jF08","1000000","24","X","SRG","Sragen"
"9344SLSRT","63","jF02","500000","10","X","SLS","Solo Selatan"
"9374BYLRT","63","jf16","800000","24","X","BYL","Boyolali"
"9375BYLRT","63","","300000","10","X","BYL","Boyolali"
"9378BYLRT","ET","343","500000","25","X","BYL","Boyolali"
"9468BYLRT","63","JF11","500000","10","X","BYL","Boyolali"
"9475SRGRT","63","jF17","500000","24","X","SRG","Sragen"
"9511BYLRT","63","jF12","500000","24","X","BYL","Boyolali"
"9521SLSRT","63","jf15","1500000","10","X","SKH","Sukoharjo"
"9521srgrt","60","181","550000","24","X","SRG","Sragen"
"9521srgrt","63","jf14","1200000","10","X","SRG","Sragen"
"9521srgrt","ET","341","500000","24","X","SRG","Sragen"
"9521srgrt","M3","067","5900000","10","X","SRG","Sragen"
"9521srgrt","M6","086","1000000","24","X","SRG","Sragen"
"9521srgrt","MFB","0112","500000","24","X","SRG","Sragen"
"9522BYLRT","63","jF03","500000","24","X","BYL","Boyolali"
"9522KRART","63","jF05","500000","10","X","KRA","Karanganyar"
"9522SKHRT","63","","500000","10","X","SLS","Solo Selatan"
"9522SRGRT","63","jF14","500000","24","X","GML","Gemolong"
"9523BYLRT","63","jf01","1400000","10","X","BYL","Boyolali"
"9523SKHRT","63","jF02","500000","10","X","SLS","Solo Selatan"
"9523SLURT","63","jF02","500000","10","X","SLS","Solo Selatan"
"9524BYLRT","63","jF09","500000","10","X","BYL","Boyolali"
"9524KRART","60","180","500000","24","X","KRA","Karanganyar"
"9524KRART","63","jf05","3500000","24","X","KRA","Karanganyar"
"9524KRART","M6","7003","500000","24","X","KRA","Karanganyar"
"9524SKHRT","63","jf02","500000","10","X","KRA","Karanganyar"
"9524SKHRT","ET","","1150000","25","X","KRA","Karanganyar"
"9525SKHRT","63","jF07","1300000","24","X","SKH","Sukoharjo"
"9525SKHRT","MFB","078","400000","25","X","SKH","Sukoharjo"
"9528SRGRT","63","JF10","500000","10","X","SRG","Sragen"
"9531SRGRT","63","","500000","10","X","SRG","Sragen"
"9532BYLRT","63","jF13","500000","10","","BYL","Boyolali"
"9532KRART","63","","500000","10","X","KRA","Karanganyar"
"9532SLSRT","63","jf09","1500000","10","x","SLS","Solo Selatan"
"9532SRGRT","63","jF10","500000","10","X","SRG","Sragen"
"9533BYLRT","63","jF13","500000","10","","BYL","Boyolali"
"9542SLURT","MFB","175","500000","24","X","SLU","Solo Utara"
"9544BYLRT","63","jF03","800000","24","X","BYL","Boyolali"
"9545BYLRT","63","jF07","500000","10","X","BYL","Boyolali"
"9556SRGRT","63","JF08","1200000","24","X","SRG","Sragen"
"9562BYLRT","63","jF15","500000","10","X","BYL","Boyolali"
"9562KRART","63","","500000","10","X","KRA","Karanganyar"
"9562KTSRT","63","jF02","2500000","10","X","KTS","Kartosuro"
"9562KTSRT","ET","340","500000","24","X","KTS","Kartosuro"
"9562KTSRT","M3","184","500000","24","X","KTS","Kartosuro"
"9562KTSRT","M6","070","500000","24","X","KTS","Kartosuro"
"9562KTSRT","MFB","0359","500000","24","X","KTS","Kartosuro"
"9562KTSRT","MFB","0365","900000","24","X","KTS","Kartosuro"
"9562KTSRT","MFB","E001","500000","24","X","KTS","Kartosuro"
"9562SRGRT","63","jf17","600000","24","X","GML","Gemolong"
"9563BYLRT","63","jF15","500000","24","X","BYL","Boyolali"
"9563KRART","63","jF05","500000","24","X","KRA","Karanganyar"
"9563KTSRT","63","jF05","600000","10","X","KTS","Kartosuro"
"9563SLSRT","63","jf16","300000","24","X","SLS","Solo Selatan"
"9563SRGRT","63","jF08","500000","10","X","SRG","Sragen"
"9566SRGRT","63","jf08","1000000","10","X","GML","Gemolong"
"9566SRGRT","M3","067","1450000","10","X","GML","Gemolong"
"9568BYLRT","63","jF05","600000","24","X","BYL","Boyolali"
"9571BYLRT","63","jF01","500000","1","x","BYL","Boyolali"
"9571SLURT","63","jF05","500000","24","X","SLU","Solo Utara"
"9581BYLRT","63","","500000","10","X","BYL","Boyolali"
"9581KTSRT","60","178","500000","24","X","BYL","Boyolali"
"9581KTSRT","63","jF18","1450000","10","X","BYL","Boyolali"
"9582BYLRT","63","jF16","1000000","24","X","BYL","Boyolali"
"9584BYLRT","63","jF15","1200000","24","X","BYL","Boyolali"
"9588KRART","63","jF15","500000","24","X","KRA","Karanganyar"
"9588SLSRT","63","JF03","500000","10","X","SLS","Solo Selatan"
"9598BYLRT","63","jF16","1000000","24","X","BYL","Boyolali"
"9611BYLRT","63","jF03","2800000","10","X","BYL","Boyolali"
"9611SLSRT","60","178","500000","1","X","SLS","Solo Selatan"
"9615BYLRT","ET","","500000","25","X","BYL","Boyolali"
"9621BYLRT","63","jF09","500000","24","X","BYL","Boyolali"
"9621KRART","63","","500000","10","X","KRA","Karanganyar"
"9621SRGRT","63","","500000","10","X","SRG","Sragen"
"9622KRART","63","JF08","18000000","10","X","KRA","Karanganyar"
"9622SLSRT","63","jF11","500000","24","X","SLS","Solo Selatan"
"9623SRGRT","63","jF10","1500000","24","X","SRG","Sragen"
"9624SLSRT","60","","500000","10","X","SLS","Solo Selatan"
"9624SLSRT","63","jf15","800000","10","X","SLS","Solo Selatan"
"9624SRGRT","63","JF14","750000","24","X","SRG","Sragen"
"9625SLSRT","63","jF05","700000","24","X","SLS","Solo Selatan"
"9625SRGRT","63","JF10","750000","10","X","SRG","Sragen"
"9626SRGRT","63","jf08","700000","24","X","SRG","Sragen"
"9633SLURT","60","178","500000","10","X","KRA","Karanganyar"
"9633SLURT","63","JF02","2000000","24","X","KRA","Karanganyar"
"9634KRART","63","jF05","1000000","24","X","KRA","Karanganyar"
"9634SRGRT","60","","500000","25","X","SRG","Sragen"
"9634SRGRT","ET","","500000","10","X","SRG","Sragen"
"9634SRGRT","MFB","0181","500000","25","X","SRG","Sragen"
"9634SRGRT","MFB","502","500000","25","X","SRG","Sragen"
"9652KRART","63","jF02","1700000","10","X","KRA","Karanganyar"
"9652KRART","ET","341","500000","25","X","KRA","Karanganyar"
"9652KRART","M6","070","1200000","10","X","KRA","Karanganyar"
"9652KTSRT","63","jf03","500000","10","X","BYL","Boyolali"
"9652SKHRT","63","jF05","800000","10","X","KTS","Kartosuro"
"9652SKHRT","ET","341","500000","24","X","KTS","Kartosuro"
"9652SKHRT","MFB","175","500000","24","X","KTS","Kartosuro"
"9653BYLRT","63","","500000","10","X","BYL","Boyolali"
"9655SLSRT","63","jf03","500000","24","X","SLS","Solo Selatan"
"9661BYLRT","63","jF05","1500000","24","X","BYL","Boyolali"
"9666SLURT","ET","343","550000","24","X","SLU","Solo Utara"
"9675SLURT","60","180","500000","24","X","SLU","Solo Utara"
"9675SLURT","63","JF01","5000000","10","X","SLU","Solo Utara"
"9675SLURT","ET","340","1500000","24","X","SLU","Solo Utara"
"9675SLURT","M3","035","600000","10","X","SLU","Solo Utara"
"9675SLURT","M6","093","2500000","24","X","SLU","Solo Utara"
"9675SLURT","MFB","0366","700000","10","X","SLU","Solo Utara"
"9675SLURT","MFB","069","700000","10","X","SLU","Solo Utara"
"9675SLURT","MFB","E001","500000","10","x","SLU","Solo Utara"
"9677KTSRT","63","jF02","500000","10","X","KTS","Kartosuro"
"9688SRGRT","M3","067","500000","1","x","SRG","Sragen"
"9689SRGRT","M3","067","600000","1","x","SLS","Solo Selatan"
"9690SLSRT","M3","067","500000","1","X","SLS","Solo Selatan"
"9712SRGRT","63","jF17","500000","24","X","SRG","Sragen"
"9715BYLRT","63","jF16","750000","10","X","BYL","Boyolali"
"9716BYLRT","63","jF15","500000","10","X","BYL","Boyolali"
"9725SLURT","M3","","500000","10","X","SLU","Solo Utara"
"9751KRART","63","jf02","500000","24","X","KRA","Karanganyar"
"9752KRART","63","jf01","500000","24","X","KRA","Karanganyar"
"9752SRGRT","63","JF10","500000","24","X","SRG","Sragen"
"9758KRART","63","jF05","500000","24","X","KRA","Karanganyar"
"9758KRART","MFB","0112","500000","24","X","KRA","Karanganyar"
"9769KRART","63","JF09","1000000","24","X","KRA","Karanganyar"
"9778SLURT","ET","0001","500000","10","X","SLU","Solo Utara"
"9778SLURT","M3","0001","700000","10","X","SLU","Solo Utara"
"9778SLURT","MFB","0001","1000000","10","X","SLU","Solo Utara"
"9785SLURT","63","JF01","500000","24","X","SLU","Solo Utara"
"9785SLURT","M3","184","900000","10","X","SLU","Solo Utara"
"9786SLURT","60","178","500000","10","X","SLS","Solo Selatan"
"9786SLURT","63","JF01","500000","24","X","SLS","Solo Selatan"
"9788KRART","63","","500000","10","X","KRA","Karanganyar"
"9788SLSRT","63","jf05","500000","24","X","SLS","Solo Selatan"
"9788SLSRT","ET","341","500000","24","X","SLS","Solo Selatan"
"9801SLSRT","ET","341","600000","50","X","SLS","Solo Selatan"
"9802SLSRT","M3","067","500000","10","x","SLS","Solo Selatan"
"9811SRGRT","63","jF08","2500000","24","X","SRG","Sragen"
"9811SRGRT","MFB","0112","500000","24","X","SRG","Sragen"
"9811SRGRT","MFB","1100","500000","24","X","SRG","Sragen"
"9821BYLRT","63","jf16","500000","24","X","BYL","Boyolali"
"9822SLSRT","63","jF18","500000","24","X","SLS","Solo Selatan"
"9822SLSRT","ET","341","500000","24","X","SLS","Solo Selatan"
"9830SLSRT","60","179","5100000","24","X","SLS","Solo Selatan"
"9830SLSRT","MFB","0233","600000","24","X","SLS","Solo Selatan"
"9830SLSRT","MFB","175","2000000","24","X","SLS","Solo Selatan"
"9831SLSRT","60","179","500000","10","","SLS","Solo Selatan"
"9840SLSRT","M3","0001","500000","10","X","SLS","Solo Selatan"
"9847SLSRT","63","","45500000","24","X","SLS","Solo Selatan"
"9847SLSRT","ET","","500000","25","X","SLS","Solo Selatan"
"9849SLSRT","ET","","500000","25","X","SLS","Solo Selatan"
"9851BYLRT","63","jF15","500000","10","X","BYL","Boyolali"
"9851BYLRT","MFB","175","1250000","24","X","BYL","Boyolali"
"9851SKHRT","63","JF09","300000","10","X","SKH","Sukoharjo"
"9851SRGRT","60","181","500000","24","X","SRG","Sragen"
"9851SRGRT","63","JF17","800000","10","X","SRG","Sragen"
"9851SRGRT","ET","","500000","24","X","SRG","Sragen"
"9851SRGRT","M3","067","700000","24","X","SRG","Sragen"
"9851SRGRT","M6","070","500000","24","X","SRG","Sragen"
"9851SRGRT","MFB","0112","750000","24","X","SRG","Sragen"
"9851SRGRT","MFB","1100","500000","10","X","SRG","Sragen"
"9852BYLRT","63","jF07","600000","24","X","BYL","Boyolali"
"9852SLURT","63","","500000","10","X","SLU","Solo Utara"
"9852SRGRT","63","jF08","500000","24","X","SRG","Sragen"
"9853SLURT","63","","500000","10","X","SLS","Solo Selatan"
"9853SRGRT","63","","500000","10","X","SRG","Sragen"
"9854BYLRT","63","","500000","10","X","BYL","Boyolali"
"9854KRART","63","","600000","10","X","KRA","Karanganyar"
"9854SRGRT","63","jF14","1200000","24","X","SRG","Sragen"
"9855KRART","63","","500000","10","X","KRA","Karanganyar"
"9856KRART","63","jF07","1100000","24","X","KRA","Karanganyar"
"9856KTSRT","63","jf01","1200000","10","X","KTS","Kartosuro"
"9856SRGRT","63","jF10","500000","24","X","SRG","Sragen"
"9857BYLRT","63","","500000","10","X","BYL","Boyolali"
"9858BYLRT","63","jF16","500000","24","X","BYL","Boyolali"
"9862KRART","63","jF15","500000","24","X","KRA","Karanganyar"
"9866SLSRT","60","178","10000000","24","X","SLS","Solo Selatan"
"9866SLSRT","M3","190","5000000","24","X","SLS","Solo Selatan"
"9884SLURT","60","0001","500000","10","X","SLU","Solo Utara"
"9884SLURT","63","0001","500000","24","X","SLU","Solo Utara"
"9884SLURT","ET","0001","500000","10","X","SLU","Solo Utara"
"9884SLURT","M3","0001","500000","24","X","SLU","Solo Utara"
"9884SLURT","M3","0001N","40000","24","X","SLU","Solo Utara"
"9884SLURT","M6","0001","500000","24","X","SLU","Solo Utara"
"9884SLURT","MFB","0001","500000","10","X","SLU","Solo Utara"
"9887SLURT","60","0001","700000","25","X","SLU","Solo Utara"
"9887SLURT","63","0001","300000","24","X","SLU","Solo Utara"
"9887SLURT","ET","0001","500000","10","X","SLU","Solo Utara"
"9887SLURT","M3","0001","500000","10","X","SLU","Solo Utara"
"9887SLURT","M3","0001N","40000","24","X","SLU","Solo Utara"
"9887SLURT","M6","0001","500000","24","X","SLU","Solo Utara"
"9887SLURT","MFB","0001","500000","25","X","SLU","Solo Utara"
"9893SLSRT","60","193","40000000","24","X","SLS","Solo Selatan"
"9893SLSRT","M3","067","100000000","10","X","SLS","Solo Selatan"
"9896SLSRT","63","jF01","500000","24","X","SLS","Solo Selatan"
"9896SLSRT","MFB","0233","500000","10","X","SLS","Solo Selatan"
"9910SLSRT","ET","","500000","25","X","SLS","Solo Selatan"
"9915BYLRT","63","jF16","850000","24","X","BYL","Boyolali"
"9920SLURT","60","180","2300000","24","X","SLU","Solo Utara"
"9920SLURT","63","jF03","1500000","24","X","SLU","Solo Utara"
"9921KRART","63","jf02","500000","24","X","KTS","Kartosuro"
"9921SRGRT","63","jf01","1000000","24","X","SRG","Sragen"
"9923slsrt","63","","3500000","10","X","SLS","Solo Selatan"
"9923SLURT","MFB","0","8000000","10","X","SLU","Solo Utara"
"9924SLURT","MFB","0","1.25","10","X","SLU","Solo Utara"
"9925KRART","63","JF16","500000","24","X","KRA","Karanganyar"
"9926SLURT","60","0001","2000000","10","X","SLU","Solo Utara"
"9926SLURT","63","0001","500000","10","X","SLU","Solo Utara"
"9926SLURT","ET","0001","1000000","25","X","SLU","Solo Utara"
"9926SLURT","M3","0001","1000000","10","X","SLU","Solo Utara"
"9926SLURT","M3","0001N","40000","24","X","SLU","Solo Utara"
"9926SLURT","MFB","0001","2000000","10","X","SLU","Solo Utara"
"9931SLSRT","MFB","0233","2900000","10","X","SLS","Solo Selatan"
"9931SRGRT","63","jF12","500000","24","X","SRG","Sragen"
"9933BYLRT","63","jf05","500000","24","X","BYL","Boyolali"
"9952BYLRT","63","jF15","500000","24","X","BYL","Boyolali"
"9952KRART","MFB","","550000","25","X","KRA","Karanganyar"
"9953KTSRT","63","jF12","500000","24","X","KTS","Kartosuro"
"9956SRGRT","63","","500000","10","X","SRG","Sragen"
"9962SRGRT","63","jf17","1000000","10","X","SRG","Sragen"
"9963BYLRT","63","JF09","1000000","24","X","BYL","Boyolali"
"9965BYLRT","63","","500000","24","X","BYL","Boyolali"
"9969SLSRT","ET","0001","100000","24","X","SLS","Solo Selatan"
"9969SLSRT","M3","0001","500000","24","X","SLS","Solo Selatan"
"9969SLSRT","MFB","0001","500000","10","X","SLS","Solo Selatan"
"9975KRART","63","","500000","10","X","KRA","Karanganyar"
"9976srgrt","63","JF08","2322992","24","X","SRG","Sragen"
"9976srgrt","M3","189","500000","10","X","SRG","Sragen"
"9976srgrt","M6","086","4000000","24","X","SRG","Sragen"
"9976srgrt","MFB","0112","500000","24","X","SRG","Sragen"
"9977KRART","M3","174","500000","10","X","KRA","Karanganyar"
"9978SRGRT","60","","500000","10","X","SRG","Sragen"
"9978SRGRT","63","","500000","10","X","SRG","Sragen"
"9982KRART","63","jf16","1000000","24","X","KRA","Karanganyar"
"9984GMLRT","63","jf17","600000","24","X","GML","Gemolong"
"9985SLSRT","63","jf07","500000","10","X","SLS","Solo Selatan"
"9989SLSRT","M6","0001","130000","10","X","SLU","Solo Utara"
"9991SLSRT","63","jF07","500000","10","X","SLS","Solo Selatan"
"9991SRGRT","63","JF10","700000","24","X","SRG","Sragen"
"9992SRGRT","63","","500000","10","X","SRG","Sragen"
"9997KRART","63","jf03","500000","24","X","KRA","Karanganyar"
"CASH","ET","","500000","25","X","SLS","Solo Selatan"
"CASH","MFB","","14000000","10","X","SLS","Solo Selatan"
