"kode_sku","nama","kode_principal","satuan","per_unit","nama_unit","harga_beli","harga_a","harga_b","harga_c","harga_d","harga_e","master_kode","nasional_kode","kode_dms","active"
"00023","BK/GARLIC BREAD CRACKERS 108GR 6X4BAG","MFB","PC","24","CT","3308.76","3636","3636","3636","3636","3636","00023","","00023","1"
"00023_BD","BK/GARLIC BREAD CRACKERS 108GR 6X4BAG","MFB","PC","24","CT","3308.76","3636","3636","3636","3636","3636","00023","","00023_BD","1"
"10006","BK/HAPPY HAPPY 700GR/6BUCKET","MFB","PC","6","CT","47154.38","51818","51818","51818","51818","51818","10006","","10006","1"
"10006_BD","BK/HAPPY HAPPY 700GR/6BUCKET","MFB","PC","6","CT","47154.38","51818","51818","51818","51818","51818","10006","","10006_BD","1"
"10007","BK/FAMILY ASSORTED 400GR 6BUCKET","MFB","PC","6","CT","26610.67","29242.5","29242.5","29242.5","29242.5","29242.5","10007","","10007","1"
"10030","WLK/MAJESTIC AVOCADO CHOCOLATE 70GR 10X3","MFB","PC","30","CT","2049.32","2252","2252","2252","2252","2252","10030","","","1"
"10030_BD","WLK/MAJESTIC AVOCADO CHOCOLATE 70GR 10X3","MFB","PC","30","CT","2049.32","2252","2252","2252","2252","2252","10030","","10030_BD","1"
"10030_BN","WLK/MAJESTIC AVOCADO CHOCOLATE 70GR 10X3","MFB","PC","30","CT","0","0","0","0","0","0","10030","","","1"
"10033","WLK/MAJESTIC CHOCOLATTE 70GR 10X3","MFB","PC","30","CT","2049.32","2252","2252","2252","2252","2252","10033","","","1"
"10033_BD","WLK/MAJESTIC CHOCOLATTE 70GR 10X3","MFB","PC","30","CT","2049.32","2252","2252","2252","2252","2252","10033","","10033_BD","1"
"10033_BN","WLK/MAJESTIC CHOCOLATTE 70GR 10X3","MFB","PC","30","CT","0","0","0","0","0","0","10033","","","1"
"10034","WLK/HOKAIDO MAJESTIC CHEESE 70GR 10X3","MFB","PC","30","CT","2049.32","2252","2252","2252","2252","2252","10034","","","1"
"10034_BD","WLK/HOKAIDO MAJESTIC CHEESE 70GR 10X3","MFB","PC","30","CT","2049.32","2252","2252","2252","2252","2252","10034","","10034_BD","1"
"10034_BN","WLK/HOKAIDO MAJESTIC CHEESE 70GR 10X3","MFB","PC","30","CT","0","0","0","0","0","0","10034","","","1"
"10035","WLK/WAFER CHEESE 252GR 6BUCKET","MFB","PC","6","CT","15580.26","17121.17","17121.17","17121.17","17121.17","17121.17","10035","","10035","1"
"10036","WLK/WAFER CHOCOLATE 252GR 6BUCKET","MFB","PC","6","CT","17951.57","19727","19727","19727","19727","19727","10036","","10036","1"
"10051","WLK/MAJESTIC THAI TEA 70GR 10X3","MFB","PC","30","CT","2049.32","2252","2252","2252","2252","2252","10051","","10051","1"
"10051_BD","WLK/MAJESTIC THAI TEA 70GR 10X3","MFB","PC","30","CT","2049.32","2252","2252","2252","2252","2252","10051","","10051_BD","1"
"10052","WLK/MAJESTIC DALGONA COFFEE 70GR 10X3","MFB","PC","30","CT","2049.32","2252","2252","2252","2252","2252","10052","","10052","1"
"10052_BD","WLK/MAJESTIC DALGONA COFFEE 70GR 10X3","MFB","PC","30","CT","2049.32","2252","2252","2252","2252","2252","10052","","10052_BD","1"
"1015577","MMSK TP ROTI 1000g","MFB","PC","6","CT","46931","59369","59369","59369","59369","59369","1015577","","","1"
"1015577_BD","MMSK TP ROTI 1000g","MFB","PC","6","CT","46931","59369","59369","59369","59369","59369","1015577","","1015577_BD","1"
"1015679","MMSK TP ROTI 500GR (X12EA)","MFB","PC","12","CT","26564","33604","33604","33604","33604","33604","1015679","","","1"
"1015679_BD","MMSK TP ROTI 500GR (X12EA)","MFB","PC","12","CT","26564","33604","33604","33604","33604","33604","1015679","","","1"
"1015881_BD","MMSK TP BAKWAN (R) 100GR (X120EA)","MFB","PC","120","CT","1748.18","2201.82","2201.82","2201.82","2201.82","2201.82","1015881","","","1"
"1015941_BD","MMSK TP BB KRISPI RCG 80GRX120EA","MFB","PC","120","CT","1640","2064.55","2064.55","2064.55","2064.55","2064.55","1015941","","","1"
"1015943_BD","MMSK TP PISANG GRG PANDAN RCG 80GRX120EA","MFB","PC","120","CT","1785.45","2247.27","2247.27","2247.27","2247.27","2247.27","1015943","","","1"
"1015944_BD","MMSK TP TEMPE GRG RCG 80GRX120EA","MFB","PC","120","CT","1624.55","2101.82","2101.82","2101.82","2101.82","2101.82","1015944","","","1"
"1015957_BD","MMSK TP BB KRISPI HOT RCG 80GRX120EA","MFB","PC","120","CT","1755.45","2210","2210","2210","2210","2210","1015957","","","1"
"1016835_BD","MMSK TP KRISPI KEJU 180GRX40EA","MFB","PC","40","CT","4120.91","5227.27","5227.27","5227.27","5227.27","5227.27","1016835","","","1"
"1016844_BD","MMSK TP KRISPI LADA HTM 180GRX40EA","MFB","PC","40","CT","4120.91","5227.27","5227.27","5227.27","5227.27","5227.27","1016844","","","1"
"1017196_BD","MMSK TP BAKWAN UDANG 180GR 40/CT","MFB","PC","40","CT","4120.45","5227.27","5227.27","5227.27","5227.27","5227.27","1017196","","","1"
"1017197_BD","MMSK TP BAKWAN JAGUNG 180 GR 40/CT","MFB","PC","40","CT","4120.45","5227.27","5227.27","5227.27","5227.27","5227.27","1017197","","","1"
"1017372","MMSK SAMBAL TERASI SCH 15GR X 300EA","MFB","PC","300","CT","1041.44","1390.09","1390.09","1390.09","1390.09","1390.09","1017372","","1017372","1"
"1017372_BD","MMSK SAMBAL TERASI SCH 15GR X 300EA","MFB","PC","300","CT","777.27","1098.18","1098.18","1098.18","1098.18","1098.18","1017372","","1017372_BD","1"
"1017795","MMSK TP MAIZENA 150GRX24EA","MFB","PC","24","CT","3662.73","4613.64","4613.64","4613.64","4613.64","4613.64","1017795","","","1"
"1017795_BD","MMSK TP MAIZENA 150GRX24EA","MFB","PC","24","CT","3662.73","4613.64","4613.64","4613.64","4613.64","4613.64","1017795","","","1"
"1017914","MMSK TP BB KRISPI RCG 35GRX200EA","MFB","PC","200","CT","1068","1351","1351","1351","1351","1351","1017914","","","1"
"1017914_BD","MMSK TP BB KRISPI RCG 35GRX200EA","MFB","PC","200","CT","1068","1351","1351","1351","1351","1351","1017914","","","1"
"1017915_BD","MMSK TP BB KRISPI 225GRX40EA","MFB","PC","40","CT","4125.45","5193.64","5193.64","5193.64","5193.64","5193.64","1017915","","","1"
"1017922_BD","MMSK TP PISANG GRG PANDAN 225GR","MFB","PC","40","CT","4369.19","5500.91","5500.91","5500.91","5500.91","5500.91","1017922","","1017922_BD","1"
"1018009","MMSK TP BAKWAN 1KGX10EA","MFB","PC","10","CT","16024","20270","20270","20270","20270","20270","1018009","","","1"
"1018009_BD","MMSK TP BAKWAN 1KGX10EA","MFB","PC","10","CT","16024","20270","20270","20270","20270","20270","1018009","","","1"
"1018013","BIO MIWON 200GR PREMIUM M(X80EA)","MFB","PC","80","CT","9218.01","11753.15","11753.15","11753.15","11753.15","11753.15","1018013","","","1"
"1018013_BD","BIO MIWON 200GR PREMIUM M(X80EA)","MFB","PC","80","CT","9218.01","11753.15","11753.15","11753.15","11753.15","11753.15","1018013","","","1"
"1018025","BIO MIWON 40GR PREMIUM M(X240EA)","MFB","PC","240","CT","2346.84","2992.79","2992.79","2992.79","2992.79","2992.79","1018025","","","1"
"1018025_BD","BIO MIWON 40GR PREMIUM M(X240EA)","MFB","PC","240","CT","2346.84","2992.79","2992.79","2992.79","2992.79","2992.79","1018025","","","1"
"1018061","MMSK PANCAKE MIX ORIGINAL 190GRX24EA","MFB","PC","24","CT","7159.09","9013.64","9013.64","9013.64","9013.64","9013.64","1018061","","","1"
"1018061_BD","MMSK PANCAKE MIX ORIGINAL 190GRX24EA","MFB","PC","24","CT","7159.09","9013.64","9013.64","9013.64","9013.64","9013.64","1018061","","","1"
"1018185","MMSK GIM 4.5GR P2 (X80EA) RUMPUT LAUT","MFB","PC","80","CT","4761","6203","6203","6203","6203","6203","1018185","","","1"
"1018185_BD","MMSK GIM 4.5GR P2 (X80EA) RUMPUT LAUT","MFB","PC","80","CT","4761","6203","6203","6203","6203","6203","1018185","","","1"
"1018261","MMSK GARAM REGULER250GR(x48EA)","MFB","PC","48","CT","1385","1745","1745","1745","1745","1745","1018261","","1018261","1"
"1018261_BD","MMSK GARAM REGULER250GR(x48EA)","MFB","PC","48","CT","1385","1745","1745","1745","1745","1745","1018261","","1018261_BD","1"
"1018357","MMSK BB KUAH BAKSO 8GRX720EA","MFB","PC","720","CT","287","362","362","362","362","362","1018357","","","1"
"1018357_BD","MMSK BB KUAH BAKSO 8GRX720EA","MFB","PC","720","CT","287","362","362","362","362","362","1018357","","","1"
"1018450","MMSK TP ROTI 10KG MIX","MFB","PC","1","CT","181744","229910","229910","229910","229910","229910","1018450","1018450","1018450","1"
"1018450_BD","MMSK TP ROTI 10KG MIX","MFB","PC","1","PC","162162.16","204504.5","204504.5","204504.5","204504.5","204504.5","1018450","","1018450_BD","1"
"1018516","Sunchang Gochujang 500g","MFB","PC","20","CT","33590.91","42363.64","42363.64","42363.64","42363.64","42363.64","1018516","","1018516","1"
"1018519","Gochujang 1kg (Indonesia)","MFB","PC","12","CT","64260","81364","81364","81364","81364","81364","1018519","","","1"
"1018739","MMSK BB KUAH BAKSO 250GX40EA","MFB","PC","40","CT","5967.27","7518.18","7518.18","7518.18","7518.18","7518.18","1018739","","","1"
"1018739_BD","MMSK BB KUAH BAKSO 250GX40EA","MFB","PC","40","CT","5967.27","7518.18","7518.18","7518.18","7518.18","7518.18","1018739","","","1"
"1019481_BD","MMSK TP PISANG GRG VANILA (RCG) 80GR (X1","MFB","PC","120","CT","1785.45","2247.27","2247.27","2247.27","2247.27","2247.27","1019481","","1019481_BD","1"
"1019535_BD","MMSK TP TEMPE GORENG (RCG) 30 GR (x200EA","MFB","PC","200","CT","749.09","943.64","943.64","943.64","943.64","943.64","1019535","","","1"
"1019555_BD","MMSK TP PISANG GRG VANILA 225GR","MFB","PC","40","CT","4369.19","5500.91","5500.91","5500.91","5500.91","5500.91","1019555","","1019555_BD","1"
"1019741","MMSK TP BB KRISPI 900GRX10EA","MFB","PC","10","CT","17662","22342","22342","22342","22342","22342","1019741","","","1"
"1019741_BD","MMSK TP BB KRISPI 900GRX10EA","MFB","PC","10","CT","17662","22342","22342","22342","22342","19200","1019741","","","1"
"1020171_BD","DELISAOS S TIRAM UDG&JMR 130ML (X24EA)","MFB","PC","24","CT","6556.36","8522.73","8522.73","8522.73","8522.73","8522.73","1020171","","","1"
"1020175","DELISAOS S TIRAM UDG&JMR 260ML (X12 EA)","MFB","PC","12","CT","12062.73","15681.82","15681.82","15681.82","15681.82","15681.82","1020175","","","1"
"1020175_BD","DELISAOS S TIRAM UDG&JMR 260ML (X12 EA)","MFB","PC","12","CT","12062.73","15681.82","15681.82","15681.82","15681.82","15681.82","1020175","","","1"
"1020176","DELISAOS HOT LAVA 160ML (X24 EA)","MFB","PC","24","CT","5985.58","7657.65","7657.65","7657.65","7657.65","7657.65","1020176","","","1"
"1020176_BD","DELISAOS HOT LAVA 130ML (X24 EA)","MFB","PC","24","CT","5985.58","7657.65","7657.65","7657.65","6818.18","7657.65","1020176","","","1"
"1020177","DELISAOS HOT LAVA 260ML (X12 EA)","MFB","PC","12","CT","9178.18","11931.82","11931.82","11931.82","11931.82","11931.82","1020177","","","1"
"1020177_BD","DELISAOS HOT LAVA 260ML (X12 EA)","MFB","PC","12","CT","9178.18","11931.82","11931.82","11931.82","11931.82","11931.82","1020177","","","1"
"1020178_BD","DELISAOS S TIRAM MANIS 130ML (X24 EA)","MFB","PC","24","CT","6556.36","8522.73","8522.73","8522.73","8522.73","8522.73","1020178","","","1"
"1020179","DELISAOS S TIRAM MANIS 260ML (X12 EA)","MFB","PC","12","CT","12062.73","15681.82","15681.82","15681.82","15681.82","15681.82","1020179","","","1"
"1020179_BD","DELISAOS S TIRAM MANIS 260ML (X12 EA)","MFB","PC","12","CT","12062.73","15681.82","15681.82","15681.82","15681.82","15681.82","1020179","","","1"
"1020190","MMSK MAYONAIS 100GR 40/CT","MFB","PC","40","CT","4745.45","6000","6000","6000","6000","6000","1020190","","","1"
"1020190_BD","MMSK MAYONAIS 100GR 40/CT","MFB","PC","40","CT","4745.45","6000","6000","6000","6000","6000","1020190","","","1"
"1020191","MMSK MAYONAIS 300GR (x12EA)","MFB","PC","12","CT","20837.83","26576.57","26576.57","26576.67","26576.57","26576.57","1020191","","","1"
"1020191_BD","MMSK MAYONAIS 300GR (x12EA)","MFB","PC","12","CT","20837.83","26576.57","26576.57","26576.67","26576.57","26576.57","1020191","","","1"
"1020193_BD","MMSK MAYONAIS 1KG (x8EA)","MFB","PC","8","CT","40173.87","51171.17","51171.17","51171.17","51171.17","51171.17","1020193","","1020193_BD","1"
"1020195_BD","MMSK CHEESY MAYONNAISE 100GR","MFB","PC","40","CT","4265.73","5545.45","5545.45","5545.45","5545.45","5545.45","1020195","","1020195_BD","1"
"1020196_BD","MMSK CHEESY MAYONNAISE 300GR (x12EA)","MFB","PC","12","CT","17098.18","22227.27","22227.27","22227.27","22227.27","22227.27","1020196","","","1"
"1020197","MMSK SALAD DRESSING SAUS MAYO 1KG (x8EA)","MFB","PC","8","CT","23087.38","29549.54","29549.54","29549.54","29549.54","29549.54","1020197","","1020197","1"
"1020197_BD","MMSK SALAD DRESSING SAUS MAYO 1KG (x8EA)","MFB","PC","8","CT","23087.38","29549.54","29549.54","29549.54","29549.54","29549.54","1020197","","1020197_BD","1"
"1020199","MMSK THOUSAND ISLAND DRESSING 300GR","MFB","PC","12","CT","15979.02","20772.73","20772.73","20772.73","20772.73","20772.73","1020199","","","1"
"1020199_BD","MMSK THOUSAND ISLAND DRESSING 300GR","MFB","PC","12","CT","15979.02","20772.73","20772.73","20772.73","20772.73","20772.73","1020199","","1020199_BD","1"
"1020277_BD","MMSK BON NORI 30 GR (X48 EA)","MFB","PC","48","CT","10262.12","12827.27","12827.27","12827.27","12827.27","12827.27","1020277","","","1"
"1020278_BD","MMSK BON NORI SPICY 30 GR (X48 EA)","MFB","PC","48","CT","10262.12","12827.27","12827.27","12827.27","12827.27","12827.27","1020278","","1020278_BD","1"
"1020288","MMSK GIM SPICY 4.5GR P2 (X80 EA)","MFB","PC","80","CT","4761.26","6203","6203","6203","6203","6203","1020288","","","1"
"1020288_BD","MMSK GIM SPICY 4.5GR P2 (X80 EA)","MFB","PC","80","CT","4761","6203","6203","6203","6203","6203","1020288","","","1"
"1020289","MMSK BOLOGNESE 315GR 24/CT","MFB","PC","24","CT","10625.22","13828.82","13828.82","13828.82","13828.82","13828.82","1020289","","","1"
"1020289_BD","MMSK BOLOGNESE 315GR 24/CT","MFB","PC","24","CT","10625.22","13828.82","13828.82","13828.82","13828.82","13828.82","1020289","","","1"
"1020290","DELISAOS NASI GRG TERI MEDAN 50GR","MFB","PC","48","CT","3496.36","4545.45","4545.45","4545.45","4545.45","4545.45","1020290","","1020290","1"
"1020290_BD","DELISAOS NASI GRG TERI MEDAN 50GR","MFB","PC","48","CT","3496.36","4545.45","4545.45","4545.45","4545.45","4545.45","1020290","","1020290_BD","1"
"1020292","MMSK ARRABIATA 315GR","MFB","PC","24","CT","10153.64","13200","13200","13200","13200","13200","1020292","","","1"
"1020292_BD","MMSK SPICY ARRABIATA 315GR","MFB","PC","24","CT","10153.64","13200","13200","13200","13200","13200","1020292","","1020292_BD","1"
"1020293","MMSK ROSE SPAGETTI 315GR","MFB","PC","24","CT","10153.64","13200","13200","13200","13200","13200","1020293","","","1"
"1020293_BD","MMSK ROSE SPAGETTI 315GR","MFB","PC","24","CT","10153.64","13200","13200","13200","13200","13200","1020293","","","1"
"1020294","DELISAOS RENDANG PADANG 50GR","MFB","PC","48","CT","3496.36","4545.45","4545.45","4545.45","4545.45","4545.45","1020294","","","1"
"1020294_BD","DELISAOS RENDANG PADANG 50GR","MFB","PC","48","CT","3496.36","4545.45","4545.45","4545.45","4545.45","4545.45","1020294","","","1"
"1020295","DELISAOS SOTO KUDUS 50GR","MFB","PC","48","CT","3496.36","4545.45","4545.45","4545.45","4545.45","4545.45","1020295","","1020295","1"
"1020295_BD","DELISAOS SOTO KUDUS 50GR","MFB","PC","48","CT","3496.36","4545.45","4545.45","4545.45","4545.45","4545.45","1020295","","1020295_BD","1"
"1020307","MIWON GARAM GURIH 250G (48EA)","MFB","PC","48","CT","4896.39","6126.12","6126.12","6126.12","6126.12","6126.12","1020307","","","1"
"1020307_BD","MIWON GARAM GURIH 250G (48EA)","MFB","PC","48","CT","4896.39","6126.12","6126.12","6126.12","6126.12","6126.12","1020307","","","1"
"1020314","MIWON GARAM GURIH 500G (x24EA)","MFB","PC","24","CT","9118.01","11711.71","11711.71","11711.71","11711.71","11711.71","1020314","","","1"
"1020314_BD","MIWON GARAM GURIH 500G (x24EA)","MFB","PC","24","CT","9118.01","11711.71","11711.71","11711.71","11711.71","11711.71","1020314","","","1"
"1020315","MIWON GARAM GURIH 300G (x40EA)","MFB","PC","40","CT","9667.56","12792.79","12792.79","12792.79","12792.79","12792.79","1020315","","","1"
"1020315_BD","MIWON GARAM GURIH 300G (x40EA)","MFB","PC","40","CT","7072.07","8908.1","8908.1","8908.1","8908.1","8908.1","1020315","","","1"
"1020316","MIWON GARAM GURIH 1KG (x12EA)","MFB","PC","12","CT","13600","17304.5","17304.5","17304.5","17304.5","17304.5","1020316","","","1"
"1020316_BD","MIWON GARAM GURIH 1KG (x12EA)","MFB","PC","12","CT","13600","17304.5","17304.5","17304.5","17304.5","17304.5","1020316","","","1"
"1020519","MMSK TP ROTI 200GR MIX 24/CT","MFB","PC","24","CT","9009","11396","11396","11396","11396","11396","1020519","","","1"
"1020519_BD","MMSK TP ROTI 200GR MIX 24/CT","MFB","PC","24","CT","8558.55","10930.63","10930.63","10930.63","10930.63","10930.63","1020519","","","1"
"1020520","MMSK GIM BBQ P2 4.5G (80X EA)","MFB","PC","80","CT","4761","6203","6203","6203","6203","6203","1020520","","","1"
"1020520_BD","MMSK GIM BBQ P2 4.5G (80X EA)","MFB","PC","80","CT","4761","6203","6203","6203","6203","6203","1020520","","","1"
"1020521","MMSK GIM SALTED EGG P2 4.5GR (x80EA)","MFB","PC","80","CT","4761","6203","6203","6203","6203","6203","1020521","","","1"
"1020521_BD","MMSK GIM SALTED EGG P2 4.5GR (x80EA)","MFB","PC","80","CT","4761","6203","6203","5743","6203","6203","1020521","","","1"
"1020607","MMSK TP ROTI 500GR MIX (x12EA)","MFB","PC","12","CT","20368","25766","25766","25766","25766","25766","1020607","","1020607","1"
"1020607_BD","MMSK TP ROTI 500GR MIX (x12EA)","MFB","PC","12","CT","18393.69","23498.19","23498.19","23498.19","23498.19","23498.19","1020607","","1020607_BD","1"
"1020672","MMSK TP ROTI 100GR MIX (x48EA)","MFB","PC","48","CT","5092","6441","6441","6441","6441","6441","1020672","","1020672","1"
"1020672_BD","MMSK TP ROTI 100GR MIX (x48EA)","MFB","PC","48","CT","5092","6441","6441","6441","6441","6441","1020672","","1020672_BD","1"
"1020921","DELISAOS HOT LAVA 1KG (x8EA)","MFB","PC","8","CT","24736","31266","31266","31266","31266","31266","1020921","","1020921","1"
"1020922","DELISAOS HOT LAVA 6,2KG","MFB","PC","3","CT","133536","172135","172135","172135","172135","172135","1020922","","","1"
"1020922_BD","DELISAOS HOT LAVA 6,2KG","MFB","PC","3","CT","110071.17","139639.63","139639.63","139639.63","139639.63","139639.63","1020922","","","1"
"1020967","MMSK BON NORI 60GR (X20EA)","MFB","PC","20","CT","16900","21181.82","21181.82","21181.82","21181.82","21181.82","1020967","","","1"
"1020967_BD","MMSK BON NORI 60GR (X20EA)","MFB","PC","20","CT","16900","21181.82","21181.82","21181.82","21181.82","21181.82","1020967","","1020967_BD","1"
"1020968","MMSK BON NORI SPICY 60 GR (X20 EA)","MFB","PC","20","CT","16900","21181.82","21181.82","21181.82","21181.82","21181.82","1020968","","","1"
"1020968_BD","MMSK BON NORI SPICY 60 GR (X20 EA)","MFB","PC","20","CT","16900","21181.82","21181.82","21181.82","21181.82","21181.82","1020968","","1020968_BD","1"
"1020969","MMSK TP BB ALA RESTO 900GR (x10EA)","MFB","PC","10","CT","13887","17568","17568","17568","17568","17568","1020969","","","1"
"1020969_BD","MMSK TP BB ALA RESTO 900GR (x10EA)","MFB","PC","10","CT","13887","17568","17568","16450.45","17568","17568","1020969","","","1"
"1021152","MMSK SUSHI NORI 20GR (X40 EA)","MFB","PC","40","CT","32635.13","42860","42860","42860","42860","42860","1021152","","","1"
"1021152_BD","MMSK SUSHI NORI 20GR (X40 EA)","MFB","PC","40","CT","24050","29909.09","29909.09","29909.09","29909.09","29909.09","1021152","","1021152_BD","1"
"1021298","MMSK HONEY MUSTARD 300GR (x12EA)","MFB","PC","12","CT","18356.36","23863.64","23863.64","23863.64","23863.64","23863.64","1021298","","","1"
"1021298_BD","MMSK HONEY MUSTARD 300GR (x12EA)","MFB","PC","12","CT","18356.36","23863.64","23863.64","23863.64","23863.64","23863.64","1021298","","1021298_BD","1"
"1021490_BD","HOT LAVA VOLCANO 130ML 24/CT","MFB","PC","24","CT","5900","7670.9","7670.9","7670.9","7670.9","7670.9","1021490","","","1"
"1021491","HOT LAVA VOLCANO 320ML (x12EA)","MFB","PC","12","CT","9833.64","12784.55","12784.55","12784.55","12784.55","12784.55","1021491","","","1"
"1021491_BD","HOT LAVA VOLCANO 260ML (x12EA)","MFB","PC","12","CT","9833.64","12784.55","12784.55","12784.55","12784.55","12784.55","1021491","","1021491_BD","1"
"1021635","Ofood BBQ Galbi sauce for beef 280g","MFB","PC","20","CT","17747.74","19819.81","19819.81","19819.81","19819.81","19819.81","1021635","","1021635","1"
"1021674","MMSK BB SERBAGUNA RS SAPI 1KG(10XEA)","MFB","PC","10","CT","19490.91","24559.09","24559.09","24559.09","24559.09","24559.09","1021674","","1021674","1"
"1021674_BD","MMSK BB SERBAGUNA RS SAPI 1KG(10XEA)","MFB","PC","10","CT","19490.91","24559.09","24559.09","24559.09","24559.09","24559.09","1021674","","1021674_BD","1"
"1021675","MMSK BB SERBAGUNA RS AYAM 1KG(X10EA)","MFB","PC","10","CT","19490.91","24559.09","24559.09","24559.09","24559.09","24559.09","1021675","","1021675","1"
"1021675_BD","MMSK BB SERBAGUNA RS AYAM 1KG(X10EA)","MFB","PC","10","CT","19490.91","24559.09","24559.09","24559.09","24559.09","24559.09","1021675","","1021675_BD","1"
"1021740","MMSK SALAD DRESSING HOT LAVA 300GR (X12EA)","MFB","PC","12","CT","17045.45","22159.09","22159.09","22159.09","22159.09","22159.09","1021740","","","1"
"1021740_BD","MMSK SALAD DRESSING HOT LAVA 300GR (X12EA)","MFB","PC","12","CT","17045.45","22159.09","22159.09","22159.09","22159.09","22159.09","1021740","","1021740_BD","1"
"1021741","MMSK SALAD DRESSING HOT LAVA 100GR (x40EA)","MFB","PC","40","CT","4755.45","6181.82","6181.82","6181.82","6181.82","6181.82","1021741","","1021741","1"
"1021741_BD","MMSK SALAD DRESSING HOT LAVA 100GR (x40EA)","MFB","PC","40","CT","4755.45","6181.82","6181.82","6181.82","6181.82","6181.82","1021741","","1021741_BD","1"
"1021790","MMSK SAUS SAMBAL PREMIUM 1KG (x12EA)","MFB","PC","12","CT","17257.27","22000","22000","22000","22000","22000","1021790","","1021790","1"
"1021790_BD","MMSK SAUS SAMBAL PREMIUM 1KG (x12EA)","MFB","PC","12","CT","17257.27","22000","22000","22000","22000","22000","1021790","","1021790_BD","1"
"1021818","MMSK TERASI DUO 6 gr (16 x 20 EA )","MFB","PC","320","CT","196","248","248","248","248","248","1021818","","1021818","1"
"1021856","MMSK SAUS SAMBAL ALA RESTO 1KG (x12EA)","MFB","PC","12","CT","9300.91","12090.91","12090.91","12090.91","12090.91","12090.91","1021856","","1021856","1"
"1021856_BD","MMSK SAUS SAMBAL ALA RESTO 1KG (x12EA)","MFB","PC","12","CT","9300.91","12090.91","12090.91","12090.91","12090.91","12090.91","1021856","","1021856_BD","1"
"1021907","MMSK SALAD DRESSING 150GR (x24EA)","MFB","PC","24","CT","5711.71","7522.52","7522.52","7522.52","7522.52","7522.52","1021907","","1021907","1"
"1021907_BD","MMSK SALAD DRESSING 150GR (x24EA)","MFB","PC","24","CT","5711.71","7522.52","7522.52","7522.52","7522.52","7522.52","1021907","","1021907_BD","1"
"1021969","MMSK THOUSAND ISLAND 100GR (X40EA)","MFB","PC","40","CT","4195.45","5454.55","5454.55","5454.55","5454.55","5454.55","1021969","","","1"
"1021969_BD","MMSK THOUSAND ISLAND 100GR (X40EA)","MFB","PC","40","CT","4195.45","5454.55","5454.55","5454.55","5454.55","5454.55","1021969","","1021969_BD","1"
"1021970","MMSK HONEY MUSTARD 100GR (X40EA)","MFB","PC","40","CT","5734.55","7454.55","7454.55","7454.55","7454.55","7454.55","1021970","","","1"
"1021970_BD","MMSK HONEY MUSTARD 100GR (X40EA)","MFB","PC","40","CT","5734.55","7454.55","7454.55","7454.55","7454.55","7454.55","1021970","","1021970_BD","1"
"1021971","MMSK WIJEN SANGRAI 100GR ROASTED SESAME","MFB","PC","40","CT","4755.45","6181.82","6181.82","6181.82","6181.82","6181.82","1021971","","","1"
"1021971_BD","MMSK WIJEN SANGRAI 100GR ROASTED SESAME","MFB","PC","40","CT","4755.45","6181.82","6181.82","6181.82","6181.82","6181.82","1021971","","1021971_BD","1"
"1021972","MMSK SAUS SAMBAL ALA RESTO 500GR (x24EA)","MFB","PC","24","CT","5104.55","6636.36","6636.36","6636.36","6636.36","6636.36","1021972","","1021972","1"
"1021972_BD","MMSK SAUS SAMBAL ALA RESTO 500GR (x24EA)","MFB","PC","24","CT","5104.55","6636.36","6636.36","6636.36","6636.36","6636.36","1021972","","1021972_BD","1"
"1021979","MMSK SAUS TOMAT ALA RESTO 500GR (X24EA)","MFB","PC","24","CT","4475.45","5818.18","5818.18","5818.18","5818.18","5818.18","1021979","","1021979","1"
"1021979_BD","MMSK SAUS TOMAT ALA RESTO 500GR (X24EA)","MFB","PC","24","CT","4475.45","5818.18","5818.18","5818.18","5818.18","5818.18","1021979","","1021979_BD","1"
"1022263","MMSK PUDDING MIX CHOCO TIRAMISU 136GR (x24)","MFB","PC","24","CT","8596.39","10991","10991","10991","10991","10991","1022263","","1022263","1"
"1022264","MMSK PUDDING MIX CHOCO TRUFFLE 145GR (X24)","MFB","CT","24","PC","8596.39","10991","10991","10991","10991","10991","1022264","","1022264","1"
"1022361","MMSK SAUS TOMAT PREMIUM 1KG (X12EA)","MFB","PC","12","CT","13146.36","16818.18","16818.18","16818.18","16818.18","16818.18","1022361","","1022361","1"
"1022361_BD","MMSK SAUS TOMAT PREMIUM 1KG (X12EA)","MFB","PC","12","CT","13146.36","16818.18","16818.18","16818.18","16818.18","16818.18","1022361","","1022361_BD","1"
"1022397","MIWON 5000M M(130GRx80EA)","MFB","PC","80","CT","3810.91","4929.09","4929.09","4929.09","4929.09","4929.09","1022397","","1022397","1"
"1022398","MIWON 1000M M(14GRx336EA)","MFB","PC","336","CT","732.73","981.82","981.82","981.82","981.82","981.82","1022398","","1022398","1"
"1022398_BD","MIWON 1000M M(20GRx336EA)","MFB","PC","336","CT","732.73","981.82","981.82","981.82","981.82","981.82","1022398","","1022398_BD","1"
"1022437","DELISAOS KECAP ASIN CAP RAJA 320G","MFB","PC","12","CT","9330.9","12136.36","12136.36","12136.36","12136.36","12136.36","1022437","","1022437","1"
"1022437_BD","DELISAOS KECAP ASIN CAP RAJA 320G","MFB","PC","12","CT","933.9","12136.36","12136.36","12136.36","12136.36","12136.36","1022437","","1022437_BD","1"
"1022459","MMSK GIM JAGUNG BAKAR P2 4.5G (80X EA)","MFB","PC","80","CT","4761","6203","6203","6203","6203","6203","1022459","","1022459","1"
"1022459_BD","MMSK GIM JAGUNG BAKAR P2 4.5G (80X EA)","MFB","PC","80","CT","4761","6203","6203","6203","6203","6203","1022459","","1022459_BD","1"
"1022467","MMSK DELISAOS SAUS TERIYAKI 130 ML (161GR X24EA)","MFB","PC","24","CT","5842.73","7772.73","7772.73","7772.73","7772.73","7772.73","1022467","","1022467","1"
"1022467_BD","MMSK DELISAOS SAUS TERIYAKI 130 ML (161GR X24EA)","MFB","PC","24","CT","5842.73","7772.73","7772.73","7772.73","7772.73","7772.73","1022467","","1022467_BD","1"
"1022468","MMSK DELISAOS SAUS TERIYAKI 260 ML (X12EA)","MFB","PC","12","CT","11320.72","15000","15000","15000","15000","15000","1022468","","1022468","1"
"1022468__BD","MMSK DELISAOS SAUS TERIYAKI 260 ML (X12EA)","MFB","PC","12","CT","0","0","0","0","0","0","1022468","","1022468__BD","1"
"1022468_BD","MMSK DELISAOS SAUS TERIYAKI 260 ML (X12EA)","MFB","PC","12","CT","11320.72","15000","15000","15000","15000","15000","1022468","","1022468_BD","1"
"1022469","MMSK DELISAOS SAUS BULGOGI 130 ML (161GR X24EA)","MFB","PC","24","CT","5842.73","7772.73","7772.73","7772.73","7772.73","7772.73","1022469","","1022469","1"
"1022469_BD","MMSK DELISAOS SAUS BULGOGI 130 ML (161GR X24EA)","MFB","PC","24","CT","5842.73","7772.73","7772.73","7772.73","7772.73","7772.73","1022469","","1022469_BD","1"
"1022470_BD","MMSK SAUS JAPCHAE ORIGINAL 100GR (X40EA)","MFB","PC","40","CT","5112.72","6818.18","6818.18","6818.18","6818.18","6818.18","1022470","","1022470_BD","1"
"1022481","MMSK DELISAOS SAUS BULGOGI 260 ML ( X12EA)","MFB","PC","12","CT","11320.72","15000","15000","15000","15000","15000","1022481","","1022481","1"
"1022481_BD","MMSK DELISAOS SAUS BULGOGI 260 ML ( X12EA)","MFB","PC","12","CT","11320.72","15000","15000","15000","15000","15000","1022481","","1022481_BD","1"
"1022483","MMSK DELISAOS SAUS TOPOKKI ORIGINAL 100 GR(X40EA)","MFB","PC","40","CT","5112.73","6818.18","6818.18","6818.18","6818.18","6818.18","1022483","","1022483","1"
"1022483_BD","MMSK DELISAOS SAUS TOPOKKI ORIGINAL 100 GR(X40EA)","MFB","PC","40","CT","5112.73","6818.18","6818.18","6818.18","6818.18","6818.18","1022483","","1022483_BD","1"
"1022484","MMSK DELISAOS SAUS TOPOKKI CREAMY 100 GR(X40EA)","MFB","PC","40","CT","5112.73","6818.18","6818.18","6818.18","6818.18","6818.18","1022484","","1022484","1"
"1022484_BD","MMSK DELISAOS SAUS TOPOKKI CREAMY 100 GR(X40EA)","MFB","PC","40","CT","5112.73","6818.18","6818.18","6818.18","6818.18","6818.18","1022484","","1022484_BD","1"
"1022485","MMSK DELISAOS SAUS TOPOKKI SPICY 100 GR(X40EA)","MFB","PC","40","CT","5112.73","6818.18","6818.18","6818.18","6818.18","6818.18","1022485","","1022485","1"
"1022485_BD","MMSK DELISAOS SAUS TOPOKKI SPICY 100 GR(X40EA)","MFB","PC","40","CT","5112.73","6818.18","6818.18","6818.18","6818.18","6818.18","1022485","","1022485_BD","1"
"1022500","MMSK TP BB ALA KENTUCKY 70G (x120 EA)","MFB","PC","120","CT","2101","2658","2658","2658","2658","2658","1022500","","1022500","1"
"1022500_BD","MMSK TP BB ALA KENTUCKY 70G (x120 EA)","MFB","PC","120","CT","1800.9","2297.29","2297.29","2297.29","2297.29","2297.29","1022500","","1022500_BD","1"
"1022501","MMSK TP BB ALA KENTUCKY 210G (x40 EA)","MFB","PC","40","CT","4700","5946","5946","5946","5946","5946","1022501","","1022501","1"
"1022501_BD","MMSK TP BB ALA KENTUCKY 210G (x40 EA)","MFB","PC","40","CT","4700","5946","5945","5945","5945","5946","1022501","","1022501_BD","1"
"1022530","DELISAOS HOT LAVA VOLCANO 1KG (X8EA)","MFB","PC","8","CT","29693","37608","37608","37608","37608","37608","1022530","","1022530","1"
"1022531","DELISAOS HOT LAVA VOLCANO 6.2KG (X3EA)","MFB","PC","3","CT","155013","198297","198297","198297","198297","198297","1022531","","1022531","1"
"1022711","MMSK RTC TOPOKKI ORIGINAL 134GR (x20 EA","MFB","PC","20","CT","12556.36","16227.27","16227.27","16227.27","16227.27","16227.27","1022711","","1022711","1"
"1022711_BD","MMSK RTC TOPOKKI ORIGINAL 134 GR (x20 EA","MFB","PC","20","CT","12556.36","16227.27","16227.27","16227.27","16227.27","16227.27","1022711","","1022711_BD","1"
"1022744","MMSK RTC TOPOKKI CREAMY 134GR X20","MFB","PC","20","CT","12556.36","16227.27","16227.27","16227.27","16227.27","16227.27","1022744","","1022744","1"
"1022744_BD","MMSK RTC TOPOKKI CREAMY 134GR X20","MFB","PC","20","CT","12556.36","16227.27","16227.27","16227.27","16227.27","16227.27","1022744","","1022744_BD","1"
"1022745","MMSK RTC JAPCHAE ORIGINAL 111gr (X20EA)","MFB","PC","20","CT","6403.64","8454.55","8454.55","8454.55","8454.55","8454.55","1022745","","1022745","1"
"1022745_BD","MMSK RTC JAPCHAE ORIGINAL 111gr (X20EA)","MFB","PC","20","CT","6403.64","8454.55","8454.55","8454.55","8454.55","8454.55","1022745","","1022745_BD","1"
"1022783","MMSK TP BB SERBAGUNA 70G (x120EA)","MFB","PC","120","CT","2101","2658","2658","2658","2658","2658","1022783","","1022783","1"
"1022783_BD","MMSK TP BB SERBAGUNA 70G (x120EA)","MFB","PC","120","CT","2101","2658","2658","2297","2658","2658","1022783","","1022783_BD","1"
"1022784","MMSK TP BB SERBAGUNA 210GR (x40EA)","MFB","PC","40","CT","4918.91","5405.4","5405.4","5405.4","5405.4","5405.4","1022784","","1022784","1"
"1022784_BD","MMSK TP BB SERBAGUNA 210GR (x40EA)","MFB","PC","40","CT","4918.91","5405.4","5405.4","5405.4","5405.4","5405.4","1022784","","1022784_BD","1"
"1022785","MMSK TP BB LADA HITAM 170G (x40EA)","MFB","PC","40","CT","5196.02","5709.91","5709.91","5709.91","5709.91","5709.91","1022785","","1022785","1"
"1022785_BD","MMSK TP BB LADA HITAM 170G (x40EA)","MFB","PC","40","CT","5196.02","5709.91","5709.91","5227.27","5709.91","5709.91","1022785","","1022785_BD","1"
"1022786","MMSK TP BB PEDAS 70G (x120EA)","MFB","PC","120","CT","2101","2658","2658","2658","2658","2658","1022786","","1022786","1"
"1022786_BD","MMSK TP BB PEDAS 70G (x120EA)","MFB","PC","120","CT","2101","2658","2658","2658","2658","2658","1022786","","1022786_BD","1"
"1022791","MMSK TP TEMPE GORENG 70GR(x120EA)","MFB","PC","120","CT","1624.55","2101.82","2101.82","2101.82","2101.82","2101.82","1022791","","1022791","1"
"1022791_BD","MMSK TP TEMPE GORENG 70GR(x120EA)","MFB","PC","120","CT","1624.55","2101.82","2101.82","2101.82","2101.82","2101.82","1022791","","1022791_BD","1"
"1022819","MMSK RTC TOPOKKI HOT SPICY 134GR X20","MFB","PC","20","CT","12556.36","16227.27","16227.27","16227.27","16227.27","16227.27","1022819","","1022819","1"
"1022819_BD","MMSK RTC TOPOKKI HOT SPICY 134GR X20","MFB","PC","20","CT","12556.36","16227.27","16227.27","16227.27","16227.27","16227.27","1022819","","1022819_BD","1"
"1022835","MMSK TP BB KEJU 170G (x40EA)","MFB","PC","40","CT","4428.82","5709.91","5709.91","5709.91","5709.91","5709.91","1022835","","1022835","1"
"1022835_BD","MMSK TP BB KEJU 170G (x40EA)","MFB","PC","40","CT","4428.82","5709.91","5709.91","5709.91","5709.91","5709.91","1022835","","1022835_BD","1"
"1022836","MMSK TP BAKWAN ORIGINAL 225G (x40EA)","MFB","PC","40","CT","4487","5676","5676","5676","5676","5676","1022836","","1022836","1"
"1022836_BD","MMSK TP BAKWAN ORIGINAL 225G (x40EA)","MFB","PC","40","CT","4487","5676","5676","5676","5676","5676","1022836","","1022836_BD","1"
"1022837","MMSK TP BAKWAN ORIGINAL 80G (x120EA)","MFB","PC","120","CT","2172","2748","2748","2748","2748","2748","1022837","","1022837","1"
"1022837_BD","MMSK TP BAKWAN ORIGINAL 80G (x120EA)","MFB","PC","120","CT","2172","2748","2748","2748","2748","2748","1022837","","1022837_BD","1"
"1022839","MMSK TP BAKWAN JAGUNG 170G (x40EA)","MFB","PC","40","CT","4558","5766","5766","5766","5766","5766","1022839","","1022839","1"
"1022839_BD","MMSK TP BAKWAN JAGUNG 170G (x40EA)","MFB","PC","40","CT","4558","5766","5766","5227","5766","5766","1022839","","1022839_BD","1"
"1022851","MMSK RTC JAPCHAE SPICY 111gr (X20EA)","MFB","PC","20","CT","6403.64","8454.55","8454.55","8454.55","8454.55","8454.55","1022851","","1022851","1"
"1022851_BD","MMSK RTC JAPCHAE SPICY 111gr (X20EA)","MFB","PC","20","CT","6403.64","8454.55","8454.55","8454.55","8454.55","8454.55","1022851","","1022851_BD","1"
"1022861","MMSK TP PISANG GRG PANDAN 70GR (x120EA)","MFB","PC","120","CT","2350","2973","2973","2973","2973","2973","1022861","","1022861","1"
"1022861_BD","MMSK TP PISANG GRG PANDAN 70GR (x120EA)","MFB","PC","120","CT","2350","2973","2973","2973","2973","2973","1022861","","1022861_BD","1"
"1022863","MMSK TP PISANG GRG PANDAN 210G (x40EA)","MFB","PC","40","CT","4985","6306","6306","6306","6306","6306","1022863","","1022863","1"
"1022863_BD","MMSK TP PISANG GRG PANDAN 210G (x40EA)","MFB","PC","40","CT","4369.09","5500.91","5500.91","5500.91","5500.91","5500.91","1022863","1022863","1022863_BD","1"
"1022871","MMSK TP PISANG GRG VANILA 210GR (x40EA)","MFB","PC","40","CT","5341","6757","6757","6757","6757","6757","1022871","","1022871","1"
"1022871_BD","MMSK TP PISANG GRG VANILA 210GR (x40EA)","MFB","PC","40","CT","4369.09","5500.91","5500.91","5500.91","5500.91","5500.91","1022871","","1022871_BD","1"
"1023300","DELISAOS SAUS TOPOKKI ORIGINAL 1KG","MFB","PC","8","CT","46014.54","66000","66000","66000","66000","66000","1023300","","1023300","1"
"1023301","DELISAOS SAUS TOPOKKI ORIGINAL HOT 1KG","MFB","PC","8","CT","46014.54","60000","60000","60000","60000","60000","1023301","","1023301","1"
"1023302","DELISAOS SAUS TOPOKKI ORIGINAL CREAMY 1KG","MFB","PC","8","CT","46014.54","60000","60000","60000","60000","60000","1023302","","1023302","1"
"1023389_BD","MMSK BON NORI BULGOGI 30GR-X48","MFB","PC","48","CT","10261.81","12827.27","12827.27","12827.27","12827.27","12827.27","1023389","1023389","1023389_BD","1"
"1023391","DELISAOS HOT LAVA 9 GR","MFB","PC","480","CT","419.09","568.18","568.18","568.18","568.18","568.18","1023391","","1023391","1"
"1023394","DELISAOS HOT LAVA VOLCANO 9 GR","MFB","PC","480","CT","454.54","613.63","613.63","613.63","613.63","613.63","1023394","","1023394","1"
"1023427_BD","MMSK BON NORI EXTRA PEDAS 30 GR (X48EA)","MFB","PC","48","CT","10261.81","12827.27","12827.27","12827.27","12827.27","12827.27","1023427","","1023427_BD","1"
"1023429_BD","MMSK BON NORI EBI 30 GR (X48 EA)","MFB","PC","48","CT","10261.81","12827.27","12827.27","12827.27","12827.27","12827.27","1023429","","1023429_BD","1"
"1023450","MMSK BON NORI 5 GR MT (X240 EA)","MFB","PC","240","CT","1620.91","2026.36","2026.36","2026.36","2026.36","2026.36","1023450","","1023450","1"
"1023450_BD","MMSK BON NORI 5 GR MT (X240 EA)","MFB","PC","240","CT","1620.91","2026.36","2026.36","2026.36","2026.36","2026.36","1023450","","1023450_BD","1"
"1023451","MMSK BON NORI SPICY 5 GR MT (X240 EA)","MFB","PC","240","CT","1620.91","2026.36","2026.36","2026.36","2026.36","2026.36","1023451","","1023451","1"
"1023451_BD","MMSK BON NORI SPICY 5 GR MT (X240 EA)","MFB","PC","240","CT","1620.91","2026.36","2026.36","2026.36","2026.36","2026.36","1023451","","1023451_BD","1"
"1023452","MMSK BON NORI BULGOGI 5 GR MT (X240 EA)","MFB","PC","240","CT","1620.91","2026.36","2026.36","2026.36","2026.36","2026.36","1023452","","1023452","1"
"1023452_BD","MMSK BON NORI BULGOGI 5 GR MT (X240 EA)","MFB","PC","240","CT","1620.91","2026.36","2026.36","2026.36","2026.36","2026.36","1023452","","1023452_BD","1"
"1023453","MMSK BON NORI EBI 5 GR MT (X240 EA)","MFB","PC","240","CT","1620.91","2026.36","2026.36","2026.36","2026.36","2026.36","1023453","","1023453","1"
"1023453_BD","MMSK BON NORI EBI 5 GR MT (X240 EA)","MFB","PC","240","CT","1620.91","2026.36","2026.36","2026.36","2026.36","2026.36","1023453","","1023453_BD","1"
"1023456","MMSK BON NORI EXTRA SPICY 5 GR MT (X240","MFB","PC","240","CT","1620.91","2026.36","2026.36","2026.36","2026.36","2026.36","1023456","","1023456","1"
"1023456_BD","MMSK BON NORI EXTRA SPICY 5 GR MT (X240","MFB","PC","240","CT","1620.91","2026.36","2026.36","2026.36","2026.36","2026.36","1023456","","1023456_BD","1"
"1023597","MMSK SUP KRIM DAGING SAPI LADA HITAM 55GR","MFB","PC","48","CT","5545.95","7882.88","7882.88","7882.88","7882.88","7882.88","1023597","","1023597","1"
"1023597_BD","MMSK SUP KRIM DAGING SAPI LADA HITAM 55GR","MFB","PC","48","CT","5545.95","7882.88","7882.88","7882.88","7882.88","7882.88","1023597","","1023597_BD","1"
"1023599","MMSK SUP KRIM SAYUR & BAWANG (PAK) 55 GR","MFB","PC","48","CT","5545.95","7882.88","7882.88","7882.88","7882.88","7882.88","1023599","","1023599","1"
"1023602","MMSK SUP KRIM INSTAN AYAM (DOS) 15 GR (x","MFB","PC","100","CT","1988.28","2612.61","2612.61","2612.61","2612.61","2612.61","1023602","","1023602","1"
"1023604","MMSK SUP KRIM INSTAN JAMUR (DOS) 15 GR (","MFB","PC","100","CT","1988.28","2612.61","2612.61","2612.61","2612.61","2612.61","1023604","","1023604","1"
"1023606","MMSK SUP KRIM INSTAN BEEF (DOS) 15 GR (x","MFB","PC","100","CT","1988.28","2612.61","2612.61","2612.61","2612.61","2612.61","1023606","","1023606","1"
"1023622","MMSK PANCAKE MIX CHOCONUT 160GR","MFB","PC","24","CT","7159.09","9013.63","9013.63","9013.63","9013.63","9013.63","1023622","","1023622","1"
"1023623","MMSK PANCAKE MIX BANANA 160GR","MFB","PC","24","CT","7159.09","9013.36","9013.36","9013.36","9013.36","9013.36","1023623","","1023623","1"
"1023635","MMSK SPECIAL PANCAKE MIX 3IN1 150GR","MFB","PC","24","CT","7159.09","9013.63","9013.63","9013.63","9013.63","9013.63","1023635","","1023635","1"
"1023721","MMSK TP BB AYAM GRG KOREA ORI 170GR (X40","MFB","PC","40","CT","5568.46","6818.01","6818.01","6818.01","6818.01","6818.01","1023721","","1023721","1"
"1023721_BD","MMSK TP BB AYAM GRG KOREA ORI 170GR (X40","MFB","PC","40","CT","5568.46","6818.01","6818.01","6818.01","6818.01","6818.01","1023721","","1023721_BD","1"
"1023722","MMSK TP BB AYAM GRG KOREA SPICY 170GR (X","MFB","PC","40","CT","5568.46","6818.01","6818.01","6818.01","6818.01","6818.01","1023722","","1023722","1"
"1023722_BD","MMSK TP BB AYAM GRG KOREA SPICY 170GR (X","MFB","PC","40","CT","5568.46","6818.01","6818.01","6818.01","6818.01","6818.01","1023722","","1023722_BD","1"
"1023723","MMSK TP BB AYAM GRG KOREA GARLIC 170GR (","MFB","PC","40","CT","5568.46","6818.01","6818.01","6818.01","6818.01","6818.01","1023723","","1023723","1"
"1023723_BD","MMSK TP BB AYAM GRG KOREA GARLIC 170GR (","MFB","PC","40","CT","5568.46","6818.01","6818.01","6818.01","6818.01","6818.01","1023723","","1023723_BD","1"
"1023805","MMSK DRESSING SAUS KEJU 300GR(X12EA)","MFB","PC","12","CT","17098.18","22227.27","22227.27","22227.27","22227.27","22227.27","1023805","","1023805","1"
"1023805_BD","MMSK DRESSING SAUS KEJU 300GR(X12EA)","MFB","PC","12","CT","17098.18","22227.27","22227.27","22227.27","22227.27","22227.27","1023805","1023805","1023805_BD","1"
"1023806","MMSK DRESSING SAUS KEJU 100GR(X40EA)","MFB","PC","40","CT","4265.45","5545.45","5545.45","5545.45","5545.45","5545.45","1023806","","1023806","1"
"1023806_BD","MMSK DRESSING SAUS KEJU 100GR(X40EA)","MFB","PC","40","CT","4265.45","5545.45","5545.45","5545.45","5545.45","5545.45","1023806","","1023806_BD","1"
"1023807","MMSK MAYONAIS P 100GR(X40EA)","MFB","PC","40","CT","5606.3","7207.2","7207.2","7207.2","7207.2","7207.2","1023807","","1023807","1"
"1023807_BD","MMSK MAYONAIS P 100GR(X40EA)","MFB","PC","40","CT","5606.3","7207.2","7207.2","7207.2","7207.2","7207.2","1023807","","1023807_BD","1"
"1024843","MMSK GIM P2 RENDANG PADANG 4,5GR (x80EA)","MFB","PC","80","CT","4761","6203","6203","6203","6203","6203","1024843","","1024843","1"
"1024843_BD","MMSK GIM P2 RENDANG PADANG 4,5GR (x80EA)","MFB","PC","80","CT","4761","6203","6203","6203","6203","6203","1024843","","1024843_BD","1"
"1024845","MMSK GIM P2 SOTO AYAM LAMONGAN 4.5GR (x8","MFB","PC","80","CT","4761","6203","6203","6203","6203","6203","1024845","","1024845","1"
"1024845_BD","MMSK GIM P2 SOTO AYAM LAMONGAN 4.5GR (x8","MFB","PC","80","CT","4761","6203","6203","6203","6203","6203","1024845","","1024845_BD","1"
"1024851","MMSK MIE HOT LAVA AYAM PEDAS 89 GR","MFB","PC","20","CT","5227.92","6756.75","6756.75","6756.75","6756.75","6756.75","1024851","","1024851","1"
"1024851_BD","MMSK MIE HOT LAVA AYAM PEDAS 89 GR","MFB","PC","20","CT","5227.92","6756.75","6756.75","6756.75","6756.75","6756.75","1024851","","1024851_BD","1"
"1024852","MMSK MIE HOT LAVA KEJU PEDAS 89GR","MFB","PC","20","CT","5227.92","6756.75","6756.75","6756.75","6756.75","6756.75","1024852","","1024852","1"
"1024852_BD","MMSK MIE HOT LAVA KEJU PEDAS 89GR","MFB","PC","20","CT","5227.92","6756.75","6756.75","6756.75","6756.75","6756.75","1024852","","1024852_BD","1"
"1025012","MIWON 1000M M(14GRx336EA)","MFB","PC","336","CT","721.62","954.95","954.95","954.95","954.95","954.95","1025012","","1025012","1"
"1025012_BD","MIWON 1000M M(14GRx336EA)","MFB","PC","336","CT","721.62","954.95","954.95","954.95","954.95","954.95","1025012_BD","","1025012_BD","1"
"1025049","DELISAOS HOT LAVA 160GR (X24EA)","MFB","PC","24","CT","5985.58","7657.65","7657.65","7657.65","7657.65","7657.65","1025049","","1025049","1"
"1025049_BD","DELISAOS HOT LAVA 160GR (X24EA)","MFB","PC","24","CT","5985.58","7657.65","7657.65","7657.65","7657.65","7657.65","1025049","","1025049_BD","1"
"1025050","DELISAOS HOT LAVA 320GR (X12EA)","MFB","PC","12","CT","10127.92","13333.33","13333.33","13333.33","13333.33","13333.33","1025050","","1025050","1"
"1025050_BD","DELISAOS HOT LAVA 320GR (X12EA)","MFB","PC","12","CT","10127.92","13333.33","13333.33","13333.33","13333.33","13333.33","1025050","","1025050_BD","1"
"1025053","DELISAOS HOT LAVA VOLCANO 160GR(X24EA)","MFB","PC","24","CT","5985.58","7747.74","7747.74","7747.74","7747.74","7747.74","1025053","","1025053","1"
"1025053_BD","DELISAOS HOT LAVA VOLCANO 160GR(X24EA)","MFB","PC","120","CT","0","0","0","0","0","0","1025053","","1025053_BD","1"
"1025054","DELISAOS HOT LAVA VOLCANO 310GR(X12EA)","MFB","PC","12","CT","10127.92","13333.33","13333.33","13333.33","13333.33","13333.33","1025054","","1025054","1"
"1025054_BD","DELISAOS HOT LAVA VOLCANO 310GR(X12EA)","MFB","PC","12","CT","10127.92","13333.33","13333.33","13333.33","13333.33","13333.33","1025054","","1025054_BD","1"
"1025055","DELISAOS S TIRAM UDG&JAMUR 160GR(X24EA)","MFB","PC","24","CT","6555.85","8522.52","8522.52","8522.52","8522.52","8522.52","1025055","","1025055","1"
"1025055_BD","DELISAOS S TIRAM UDG&JAMUR 160GR(X24EA)","MFB","PC","24","CT","6555.85","8522.52","8522.52","8522.52","8522.52","8522.52","1025055","","1025055_BD","1"
"1025056","DELISAOS S TIRAM UDG&JAMUR 320GR(X12EA)","MFB","PC","12","CT","12063.06","15681.98","15681.98","15681.98","15681.98","15681.98","1025056","","1025056","1"
"1025056_BD","DELISAOS S TIRAM UDG&JAMUR 320GR(X12EA)","MFB","PC","12","CT","12063.06","15681.98","15681.98","15681.98","15681.98","15681.98","1025056","","1025056_BD","1"
"1025057","DELISAOS S TIRAM MANIS 160GR(X24EA)","MFB","PC","24","CT","6555.85","8522.52","8522.52","8522.52","8522.52","8522.52","1025057","","1025057","1"
"1025057_BD","DELISAOS S TIRAM MANIS 160GR(X24EA)","MFB","PC","24","CT","6555.85","8522.52","8522.82","8522.52","8522.52","8522.52","1025057","","1025057_BD","1"
"1025058","DELISAOS S TIRAM MANIS 320GR (X12EA)","MFB","PC","12","CT","12063.06","15681.98","15681.98","15681.98","15681.98","15681.98","1025058","","1025058","1"
"1025058_BD","DELISAOS S TIRAM MANIS 320GR (X12EA)","MFB","PC","12","CT","12063.06","15681.98","15681.98","15681.98","15681.98","15681.98","1025058","","1025058_BD","1"
"1025059","DELISAOS SAUS TERIYAKI 160GR (X24EA)","MFB","PC","24","CT","5842.34","7772.97","7772.97","7772.97","7772.97","7772.97","1025059","","1025059","1"
"1025059_BD","DELISAOS SAUS TERIYAKI 160GR (X24EA)","MFB","PC","24","CT","5842.34","7772.97","7772.97","7772.97","7772.97","7772.97","1025059","","1025059_BD","1"
"1025060","DELISAOS SAUS TERIYAKI 320GR(X12EA)","MFB","PC","12","CT","11320.72","15000","15000","15000","15000","15000","1025060","","1025060","1"
"1025061","DELISAOS SAUS BULGOGI 160GR(X24EA)","MFB","PC","24","CT","5842.34","7772.97","7772.97","7772.97","7772.97","7772.97","1025061","","1025061","1"
"1025061_BD","DELISAOS SAUS BULGOGI 160GR(X24EA)","MFB","PC","24","CT","5842.34","7772.97","7772.97","7772.97","7772.97","7772.97","1025061","","1025061_BD","1"
"1025062","DELISAOS SAUS BULGOGI 320GR(X12EA)","MFB","PC","12","CT","11320.72","15000","15000","15000","15000","15000","1025062","","1025062","1"
"1025062_BD","DELISAOS SAUS BULGOGI 320GR(X12EA)","MFB","PC","12","CT","11320.72","15000","15000","15000","15000","15000","1025062","","1025062_BD","1"
"1025083","MMSK GIM BORI ORIGINAL 30GR (X48 EA)","MFB","PC","48","CT","8901.8","11636.93","11636.93","11636.93","11636.93","11636.93","1025083","","1025083","1"
"1025083_BD","MMSK GIM BORI ORIGINAL 30GR (X48 EA)","MFB","PC","48","CT","8901.8","11636.93","11636.93","11636.93","11636.93","11636.93","1025083","","1025083_BD","1"
"1025084","MMSK GIM BORI SPICY 30GR (X48EA)","MFB","PC","48","CT","8901.8","11636.93","11636.93","11636.93","11636.93","11636.93","1025084","","1025084","1"
"1025084_BD","MMSK GIM BORI SPICY 30GR (X48EA)","MFB","PC","48","CT","8901.8","11636.93","11636.93","11636.93","11636.93","11636.93","1025084","","1025084_BD","1"
"1025086","MMSK GIM BORI BULGOGI 30 GR (X48EA)","MFB","PC","48","CT","8901.8","11636.93","11636.93","11636.93","11636.93","11636.93","1025086","","1025086","1"
"1025086_BD","MMSK GIM BORI BULGOGI 30 GR (X48EA)","MFB","PC","48","CT","8901.8","11636.93","11636.93","11636.93","11636.93","11636.93","1025086","","1025086_BD","1"
"1025290","MMSK GIM BORI PEDAS MAX 30 GR (X48 EA)","MFB","PC","48","CT","8901.8","11636.93","11636.93","11636.93","11636.93","11636.93","1025290","","1025290","1"
"1025290_BD","MMSK GIM BORI PEDAS MAX 30 GR (X48 EA)","MFB","PC","48","CT","8901.8","11636.93","11636.93","11636.93","11636.93","11636.93","1025290","","1025290_BD","1"
"1025916","MAMASUKA SARDEN TOMAT 155GR (x 40EA)","MFB","PC","40","CT","7649.54","9909.9","9909.9","9909.9","9909.9","9909.9","1025916","","1025916","1"
"1025916_BD","MAMASUKA SARDEN TOMAT 155GR (x 40EA)","MFB","PC","40","CT","7649.54","9909.9","9909.9","9909.9","9909.9","9909.9","1025916","","1025916_BD","1"
"1025918","MAMASUKA SARDEN GOCHUJANG 155GR (x 40EA)","MFB","PC","40","CT","7649.54","9909.9","9909.9","9909.9","9909.9","9909.9","1025918","","1025918","1"
"1025918 _BD","MAMASUKA SARDEN GOCHUJANG 155GR (x 40EA)","MFB","PC","40","CT","7649.54","9909.9","9909.9","9909.9","9909.9","9909.9","1025918","","1025918 _BD","1"
"1025918_BD","MAMASUKA SARDEN GOCHUJANG 155GR (x 40EA)","MFB","PC","40","CT","7649.54","9909.9","9909.9","9909.9","9909.9","9909.9","1025918","","1025918_BD","1"
"1025924","MAMASUKA SARDEN JALAPENO 155GR (x 40EA)","MFB","PC","40","CT","7649.54","9909.9","9909.9","9909.9","9909.9","9909.9","1025924","","1025924","1"
"1025924_BD","MAMASUKA SARDEN JALAPENO 155GR (x 40EA)","MFB","PC","40","CT","7649.54","9909.9","9909.9","9909.9","9909.9","9909.9","1025924","","1025924_BD","1"
"1090024","BK/MALKIST OLEZZ CHOCO PARTY 10GR 20X6","MFB","PC","120","CT","348.53","383","383","383","383","383","1090024","","","1"
"1090024_BD","BK/MALKIST OLEZZ CHOCO PARTY 10GR 20X6","MFB","PC","120","CT","348.53","383","383","383","383","383","1090024","","1090024_BD","1"
"1090026","BK/MONTEGO DANISH BUTTER 227GR 12PC","MFB","PC","12","CT","24956.06","27424.25","27424.25","27424.25","27424.25","27424.25","1090026","","1090026","1"
"1100317","MIWON 1KG L(X12EA)","MFB","PC","12","CT","35861.26","45723.42","45723.42","45723.42","45723.42","45723.42","1100317","","","1"
"1100317_BD","MIWON 1KG L(X12EA)","MFB","PC","12","CT","35861.26","45723.42","45723.42","45723.42","45723.42","45723.42","1100317","","","1"
"1100320","MIWON 1KG M(x12EA)","MFB","PC","12","CT","35861.26","45723.42","45723.42","45723.42","45723.42","45723.42","1100320","","","1"
"1100320_BD","MIWON 1KG M(x12EA)","MFB","PC","12","CT","35861.26","45723.42","45723.42","45723.42","45723.42","45723.42","1100320","","","1"
"1100322","MIWON 500GR L (X24EA) POLOS","MFB","PC","24","CT","18608.1","23725.22","23725.22","23725.22","23725.22","23725.22","1100322","","","1"
"1100322_BD","MIWON 500GR L (X24EA) POLOS","MFB","PC","24","CT","18608.1","23725.22","23725.22","23725.22","23725.22","23725.22","1100322","","","1"
"1100324","MIWON 500GR M(x24EA) POLOS","MFB","PC","24","CT","18608.1","23725.22","23725.22","23725.22","23725.22","23725.22","1100324","","","1"
"1100324_BD","MIWON 500GR M(x24EA) POLOS","MFB","PC","24","CT","18608.1","23725.22","23725.22","23725.22","23725.22","23725.22","1100324","","","1"
"1100327","MIWON 250GR L (X80EA)","MFB","PC","80","CT","9384.68","11964.86","11964.86","11964.86","11964.86","11964.86","1100327","","","1"
"1100327_BD","MIWON 250GR L (X80EA)","MFB","PC","80","CT","9384.68","11964.86","11964.86","11964.86","11964.86","11964.86","1100327","","","1"
"1100329","MIWON 250GR M(x80EA)","MFB","PC","80","CT","9384.68","11964.86","11964.86","11964.86","11964.86","11964.86","1100329","","","1"
"1100329_BD","MIWON 250GR M(x80EA)","MFB","PC","80","CT","9384.68","11964.86","11964.86","11964.86","11964.86","11964.86","1100329","","","1"
"1100333_BD","MIWON 100GR L(X120EA)","MFB","PC","120","CT","3097.27","3900","3900","3900","3900","3900","1100333","","","1"
"1100334","MIWON 100GR L(X120EA)","MFB","PC","120","CT","3909.9","4984.68","4984.68","4984.68","4984.68","4984.68","1100334","","","1"
"1100334_BD","MIWON 100GR L(X120EA)","MFB","PC","120","CT","3909.9","4984.68","4984.68","4984.68","4984.68","4984.68","1100334","","","1"
"1100335","MIWON 100GR M(x120EA)","MFB","PC","120","CT","3909.9","4984.68","4984.68","4984.68","4984.68","4984.68","1100335","","","1"
"1100335_BD","MIWON 100GR M(x120EA)","MFB","PC","120","CT","3909.9","4984.68","4984.68","4984.68","4984.68","4984.68","1100335","","","1"
"1100338","MIWON 50GR L(X240EA)","MFB","PC","240","CT","2433.33","3102.7","3102.7","3102.7","3102.7","3102.7","1100338","","","1"
"1100338_BD","MIWON 50GR L(X240EA)","MFB","PC","240","CT","2433.33","3102.7","3102.7","3102.7","3102.7","3102.7","1100338","","","1"
"1100342_BD","MIWON 50GR M(x240EA)","MFB","PC","240","CT","2433.33","3102.7","3102.7","3102.7","3102.7","3102.7","1100342","","","1"
"1101182250","NS RTD JERUK MADU 24PX200ML","60","PC","24","CT","4895","5500","5500","5500","5500","5500","1101182250","","1101182250","1"
"1101182250_BD","NS RTD JERUK MADU 24PX200ML","60","PC","24","CT","4895","5500","5500","5500","5500","5500","1101182250","","1101182250_BD","1"
"1101272_BD","MMSK TP BAKWAN 250GR(x40EA)","MFB","PC","40","CT","4199.09","5286.36","5286.36","5286.36","5286.36","5286.36","1101272","","","1"
"1101277","MMSK TP BAKSO 32GR(x100EA)","MFB","PC","100","CT","1345.45","1709.09","1709.09","1709.09","1709.09","1709.09","1101277","","1101277","1"
"1101277_BD","MMSK TP BAKSO 32GR(x100EA)","MFB","PC","100","CT","1345.45","1709.09","1709.09","1709.09","1709.09","1709.09","1101277","","1101277_BD","1"
"1101291","MMSK SUP KRIM AYAM(PAK) 55GR(x48EA)","MFB","PC","48","CT","5545.95","7882.88","7882.88","7882.88","7882.88","7882.88","1101291","","","1"
"1101291_BD","MMSK SUP KRIM AYAM(PAK) 55GR(x48EA)","MFB","PC","48","CT","5545.95","7882.88","7882.88","7882.88","7882.88","7882.88","1101291","","","1"
"1101295","MMSK SUP KRIM JAGUNG(PAK) 55GR(x48EA)","MFB","PC","48","CT","5545.95","7882.88","7882.88","7882.88","7882.88","7882.88","1101295","","","1"
"1101295_BD","MMSK SUP KRIM JAGUNG(PAK) 55GR(x48EA)","MFB","PC","48","CT","5545.95","7882.88","7882.88","7882.88","7882.88","7882.88","1101295","","","1"
"1101297","MMSK SUP KRIM JAMUR(PAK) 55GR(x48EA)","MFB","PC","48","CT","5545.95","7882.88","7882.88","7882.88","7882.88","7882.88","1101297","","","1"
"1101297_BD","MMSK SUP KRIM JAMUR(PAK) 55GR(x48EA)","MFB","PC","48","CT","5545.95","7882.88","7882.88","7882.88","7882.88","7882.88","1101297","","","1"
"1101298","MIWON KOPI GINSENG(GST) 20GR(x360EA)","MFB","PC","360","CT","1688.28","2477.47","2477.47","2477.47","2477.47","2477.47","1101298","","","1"
"1101298_BD","MIWON KOPI GINSENG(GST) 20GR(x360EA)","MFB","PC","360","CT","1597.27","1987.27","1987.27","1987.27","1987.27","1987.27","1101298","","1101298_BD","1"
"1101309_BD","MMSK BB NASI GORENG(PAK) 20GR(x240EA)","MFB","PC","240","CT","1137.27","1431.82","1431.82","1431.82","1431.82","1431.82","1101309","","","1"
"1101310","MMSK BB OPOR(PAK) 16GR(x240EA)","MFB","PC","240","CT","1390.99","1751.35","1751.35","1751.35","1751.35","1751.35","1101310","","","1"
"1101310_BD","MMSK BB OPOR(PAK) 16GR(x240EA)","MFB","PC","240","CT","1390.99","1751.35","1751.35","1751.35","1751.35","1751.35","1101310","","","1"
"1101312","MMSK BB RENDANG(PAK) 25GR(x240EA)","MFB","PC","240","CT","1390.99","1751.35","1751.35","1751.35","1751.35","1751.35","1101312","","","1"
"1101312_BD","MMSK BB RENDANG(PAK) 25GR(x240EA)","MFB","PC","240","CT","1390.99","1751.35","1751.35","1751.35","1751.35","1751.35","1101312","","","1"
"1101314","MMSK BB AYAM GORENG(PAK) 35GR(x240EA)","MFB","PC","240","CT","1390.99","1751.35","1751.35","1751.35","1751.35","1751.35","1101314","","","1"
"1101314_BD","MMSK BB AYAM GORENG(PAK) 35GR(x240EA)","MFB","PC","240","CT","1390.99","1751.35","1751.35","1751.35","1751.35","1751.35","1101314","","","1"
"1101316","MMSK BB GULAI(PAK) 25GR(x240EA)","MFB","PC","240","CT","1390.99","1751.35","1751.35","1751.35","1751.35","1751.35","1101316","","","1"
"1101316_BD","MMSK BB GULAI(PAK) 25GR(x240EA)","MFB","PC","240","CT","1390.99","1751.35","1751.35","1751.35","1751.35","1751.35","1101316","","","1"
"1101318","MMSK BB SOTO AYAM(PAK) 20GR(x240EA)","MFB","PC","240","CT","1390.99","1751.35","1751.35","1751.35","1751.35","1751.35","1101318","","","1"
"1101318_BD","MMSK BB SOTO AYAM(PAK) 20GR(x240EA)","MFB","PC","240","CT","1395.5","1756.75","1756.75","1756.75","1756.75","1756.75","1101318","","","1"
"1101333","MMSK TERASI(JUANA) 90GR(x60EA)","MFB","PC","60","CT","2615.45","3308.18","3308.18","3308.18","3308.18","3308.18","1101333","","","1"
"1101333_BD","MMSK TERASI(JUANA) 90GR(x60EA)","MFB","PC","60","CT","2615.45","3308.18","3308.18","3308.18","3308.18","3308.18","1101333","","","1"
"1101335","MMSK TERASI 4GR (x640EA)","MFB","PC","640","CT","216.21","273.87","273.87","273.87","273.87","273.87","1101335","","1101335","1"
"1101335_BD","MMSK TERASI 4GR (x640EA)","MFB","PC","640","CT","216.21","273.87","273.87","273.87","273.87","273.87","1101335","","1101335_BD","1"
"1101338","MMSK BB KUAH BAKSO 100GR","MFB","PC","36","CT","3660","4608.18","4608.18","4608.18","4608.18","4608.18","1101338","","","1"
"1101338_BD","MMSK BB KUAH BAKSO 100GR","MFB","PC","36","CT","3660","4608.18","4608.18","4608.18","4608.18","4608.18","1101338","","","1"
"1101339","MMSK BB SOP 5GR(x360EA)","MFB","PC","360","CT","290.91","366.36","366.36","366.36","366.36","366.36","1101339","","","1"
"1101339_BD","MMSK BB SOP 5GR(x360EA)","MFB","PC","360","CT","290.91","366.36","366.36","366.36","366.36","366.36","1101339","","","1"
"1101371_BD","MIWON 1KG PLUS (x12EA)","MFB","PC","12","CT","36821.62","46284.68","46284.68","46284.68","46284.68","46284.68","1101371","","1101371_BD","1"
"1101504326_BD","NS JERUK EXTRA MANIS PLS 18PX40SX11G","60","PC","720","CT","828","930","930","930","930","930","1101504326","","","1"
"1101504451_BD","NS JERUK EXTRA MANIS PLS 16RX10SX11G","60","PC","160","CT","828","930","930","930","930","930","1101504451","","","1"
"1101504453_BD","NS JERUK EXTRA MANIS PLS 4PX40SX11G","60","PC","160","CT","956.75","1075","1075","1025","1075","1075","1101504453","","","1"
"1101505453_BD","NS JERUK NIPIS JAHE PLS 4PX40SX11G","60","PC","160","CT","912","1025","1025","1025","1025","1025","1101505453","","1101505453_BD","1"
"1101522326_BD","NS BLEWAH 18PX40SX11G","60","PC","720","CT","828","930","930","930","930","930","1101522326","","","1"
"1101522451_BD","NS BLEWAH 16RX10SX11G","60","PC","160","CT","912","1025","1025","1025","1025","1025","1101522451","","","1"
"1101522453","NS BLEWAH PLS 4PX40SX11G","60","PC","160","CT","1001.25","1125","1125","1125","1125","1125","1101522453","","","1"
"1101522453_BD","NS BLEWAH PLS 4PX40SX11G","60","PC","160","CT","1011.25","1125","1125","1075","1075","1125","1101522453","","","1"
"1101522453_BN","NS BLEWAH PLS 4PX40SX11G","60","PC","160","CT","0","0","0","0","0","0","1101522453","","","1"
"110152245403","NS BLEWAH PLS 4PX40SX11G (10S+1S)","60","PC","160","CT","956.75","1075","1075","1075","1075","1075","110152245403","","110152245403","1"
"110152245403_BD","NS BLEWAH PLS 4PX40SX11G (10S+1S)","60","PC","160","CT","956.75","1075","1075","1075","1075","1075","110152245403","","110152245403_BD","1"
"1101529453","NS ANGGUR PLS 4PX40SX11G","60","PC","160","CT","1001.25","1125","1125","1125","1125","1125","1101529453","","1101529453","1"
"110152945403","NS ANGGUR PLS 4PX40SX11G (10S+1S)","60","PC","160","CT","956.75","1075","1075","1075","1075","1075","110152945403","","110152945403","1"
"1101531327_BD","NS ORIENTAL LYCHEE","60","PC","720","CT","828","930","930","930","930","930","1101531327","","","1"
"1101531451_BD","NS ORIENTAL LYCHEE PLS 16RX10SX11G","60","PC","160","CT","828","930","930","930","930","930","1101531451","","","1"
"1101531453","NS LECI PLS 4PX40SX11G","60","PC","160","CT","1001.25","1125","1125","1125","1125","1125","1101531453","","","1"
"1101531453_BD","NS LECI PLS 4PX40SX11G","60","PC","160","CT","1011.25","1125","1125","1075","1075","1075","1101531453","","","1"
"1101534453","NS SWEET MANGO PLS 4PX40SX11G","60","PC","160","CT","1001.25","1125","1125","1125","1125","1125","1101534453","","1101534453","1"
"1101534453_BD","NS SWEET MANGO PLS 4PX40SX11G","60","PC","160","CT","956.75","1075","1075","1075","1075","1075","1101534453","","1101534453_BD","1"
"110153445403","NS SWEET MANGO PLS 4PX40SX11G 10SF1S","60","PC","160","CT","1001.25","1125","1125","1125","1125","1125","110190733503","","110153445403","1"
"1101538453","NS ANGGUR HIJAU PLS 4PX40SX11G","60","PC","160","CT","1001.25","1125","1125","1125","1125","1125","1101538453","1101538453","1101538453","1"
"1101538453_BD","NS ANGGUR HIJAU PLS 4PX40SX11G","60","PC","160","CT","1011.25","1125","1125","1075","1075","1075","1101538453","","1101538453_BD","1"
"1101538453_BN","NS ANGGUR HIJAU PLS 4PX40SX11G","60","PC","160","CT","0","0","0","0","0","0","1101538453","","1101538453_BN","1"
"1101547333_BD","NS WDANK SARI JAHE PLS 6PX40SX15GR","60","PC","240","CT","801","900","900","900","900","900","1101547333","","","1"
"1101553317_BD","NS WDANK SARABBA PLS 6PX20SX12GR","60","PC","120","CT","1335","1500","1500","1500","1500","1500","1101553317","","","1"
"1101558453","NS JERUK NIPIS PLS 4PX40SX11G","60","PC","160","CT","1011.25","1125","1125","1125","1125","1125","1101558453","","1101558453","1"
"1101558453_BD","NS JERUK NIPIS PLS 4PX40SX11G","60","PC","160","CT","956.75","1075","1075","1075","1075","1075","1101558453","","1101558453_BD","1"
"110155845403","NS JERUK NIPIS PLS 4PX40SX11G 10SF1S","60","PC","160","CT","1001.25","1125","1125","1125","1125","1125","110155845403","","110155845403","1"
"1101569326","NS JERUK PERAS PLS 18PX40SX14GR","60","PC","720","CT","1001.25","1125","1125","1125","1125","1125","1101569326","","","1"
"1101569326_BD","NS JERUK PERAS PLS 18PX40SX14GR","60","PC","720","CT","956.75","1075","1075","1125","1125","1075","1101569326","","","1"
"1101569326_BN","NS JERUK PERAS PLS 18PX40SX14GR","60","PC","720","CT","0","0","0","0","0","0","1101569326","","","1"
"110156933103","NS JERUK PERAS PLS 18PX40SX14GR (10S+1S)","60","PC","720","CT","1001.25","1125","1125","1125","1125","1125","110156933103","","110156933103","1"
"110156933103_BD","NS JERUK PERAS PLS 18PX40SX14GR (10S+1S)","60","PC","720","CT","956.75","1075","1075","1075","1075","1075","110156933103","","110156933103_BD","1"
"1101569393_BD","NS JERUK PERAS PLS 18PX40SX14G(10+1)","60","PC","720","CT","867.75","975","975","975","975","975","1101569393","","","1"
"1101572326_BD","NS JERUK JEJU PLS 18PX40SX14GR","60","PC","720","CT","828","930","930","930","930","930","1101572326","","","1"
"1101572451_BD","NS JERUK JEJU PLS 16RX10SX14G","60","PC","160","CT","828","930","930","930","930","930","1101572451","","","1"
"1101572453_BD","NS JERUK JEJU PLS 4PX40SX14G","60","PC","160","CT","912","1025","1025","1025","1025","1025","1101572453","","","1"
"1101572454","NS JERUK JEJU PLS 4PX40SX14G","60","PC","160","CT","1011.25","1125","1125","1125","1125","1125","1101572454","","1101572454","1"
"1101572454_BD","NS JERUK JEJU PLS 4PX40SX14G","60","PC","160","CT","1011.25","1125","1125","1075","1075","1125","1101572454","","1101572454_BD","1"
"1101580326_BD","NS KELAPA MUDA PLS 18PX40SX11GR","60","PC","720","CT","828","930","930","930","930","930","1101580326","","","1"
"1101580451_BD","NS KELAPA MUDA PLS 16RX10SX11GR","60","PC","160","CT","828","930","930","930","930","930","1101580451","","","1"
"1101580453","NS KELAPA MUDA PLS 4PX40SX11GR","60","PC","160","CT","1001.25","1125","1125","1125","1125","1125","1101580453","","","1"
"1101580453_BD","NS KELAPA MUDA PLS 4PX40SX11GR","60","PC","160","CT","956.75","1075","1075","1075","1075","1075","1101580453","","","1"
"1101588453","NS MILKY ORANGE PLS 4PX40SX11G","60","PC","160","CT","1001.25","1125","1125","1125","1125","1125","1101588453","","1101588453","1"
"110158845403","NS MILKY ORANGE PLS 4PX40SX11G 10SF1S","60","PC","160","CT","956.75","1075","1075","1075","1075","1075","110158845403","","110158845403","1"
"1101656318","LOKALATE KOPI BERONDONG 12RX10SX15G","60","PC","120","CT","1136.2","1276.64","1276.64","1276.64","1276.64","1276.64","1101656318","","","1"
"1101656318_BD","LOKALATE KOPI BERONDONG 12RX10SX15G","60","PC","120","CT","1136.2","1276.64","1276.64","1136","1136","1043.2","1101656318","","1101656318_BD","1"
"1101665317_BD","NS WDANK BAJIGUR PLS 6PX20SX15G","60","PC","120","CT","1335","1500","1500","1500","1500","1500","1101665317","","","1"
"1101665318","NS WDANK BAJIGUR PLS 12RX10SX15G","60","PC","120","CT","1424","1600","1600","1600","1600","1600","1101665318","","","1"
"1101665318_BD","NS WDANK BAJIGUR PLS 12RX10SX15G","60","PC","120","CT","1424","1600","1600","1600","1600","1600","1101665318","","","1"
"1101675318_BD","WDANK LOKALATE KOPI DURIAN 15G 12X10","60","PC","120","CT","1068","1200","1200","1200","1200","1200","1101675318","","","1"
"1101677318","NS WDANK BANDREK PLS 12RX10SX15G","60","PC","120","CT","1424","1600","1600","1600","1600","1600","1101677318","","","1"
"1101677318_BD","NS WDANK BANDREK PLS 12RX10SX15G","60","PC","120","CT","1424","1600","1600","1600","1600","1600","1101677318","","","1"
"1101681318","WDANK LOKALATE KOPI GULA AREN PLS 12RX10SX15G","60","PC","120","CT","1136.2","1276.64","1276.64","1276.64","1276.64","1276.64","1101681318","","","1"
"1101681318_BD","WDANK LOKALATE KOPI GULA AREN PLS 12RX10SX15G","60","PC","120","CT","1136.2","1276.64","1276.64","1043","1043","1276.64","1101681318","","","1"
"1101685318","LOKALATE KOPI ALPUKAT PLS 12RX10SX15G","60","PC","120","CT","1136.2","1276.64","1276.64","1276.64","1276.64","1276.64","1101685318","","","1"
"1101685318_BD","LOKALATE KOPI ALPUKAT PLS 12RX10SX15G","60","PC","120","CT","1136.2","1276.64","1276.64","1043","1043","1276.64","1101685318","","","1"
"1101685393_BD","LOKALATE KOPI ALPUKAT PLS 12RX10SX15G PROMO 10S+1S","60","PC","120","CT","1157","1300","1300","1300","1300","1300","1101685393","","","1"
"1101688317","NS WEDANK EMPON EMPON PLS 12RX10SX12G","60","PC","120","CT","1157","1300","1300","1300","1300","1300","1101688317","","","1"
"1101688317_BD","NS WEDANK EMPON EMPON PLS 12RX10SX12G","60","PC","120","CT","1157","1300","1300","1300","1300","1300","1101688317","","1101688317_BD","1"
"1101693318","LOKALATE KOPI TAPE KETAN PLS 12RX10SX15G","60","PC","120","CT","1136.2","1276.64","1276.64","1276.64","1276.64","1276.64","1101693318","","1101693318","1"
"1101693318_BD","LOKALATE KOPI TAPE KETAN PLS 12RX10SX15G","60","PC","120","CT","1136","1276.64","1276.64","1276.64","1276.64","1043.2","1101693318","","1101693318_BD","1"
"1101907335","NS FLORIDA ORANGE PLS 18PX40SX11G","60","PC","720","CT","1001.25","1125","1125","1125","1125","1125","1101907335","","1101907335","1"
"1101907335_BD","NS FLORIDA ORANGE PLS 18PX40SX11G","60","PC","720","CT","956.75","1075","1075","1075","1075","1075","1101907335","","1101907335_BD","1"
"110190733503","NS FLORIDA ORANGE PLS 18PX40SX11G 10SF1S","60","PC","720","CT","1001.25","1125","1125","1125","1125","1125","110190733503","","110190733503","1"
"1101909331","NS ASO PLS 14GX18PX40S","60","PC","720","CT","1001.25","1125","1125","1125","1125","1125","1101909331","","1101909331","1"
"1101909331_BD","NS ASO PLS 14GX18PX40S","60","PC","720","CT","1001.25","1125","1125","1125","1125","1125","1101909331","","1101909331_BD","1"
"110190933103","NS ASO PLS 18PX40SX14G (10S+1S)","60","PC","720","CT","1001.25","1125","1125","1125","1125","1125","110190933103","","110190933103","1"
"1101954453_BD","NS SEMANGKA PLS 4PX40SX13G","60","PC","160","CT","912","1025","1025","1025","1025","1025","1101954453","","","1"
"1101954454","NS SEMANGKA PLS 4PX40SX11G","60","PC","160","CT","1001.25","1125","1125","1125","1125","1125","1101954454","","1101954454","1"
"1101954454_BD","NS SEMANGKA PLS 4PX40SX11G","60","PC","160","CT","1001.25","1125","1125","1075","1075","1075","1101954454","","1101954454_BD","1"
"1101976331_BD","NS MARKISA PLS 18X40SX14G","60","PC","720","CT","827.7","930","930","930","930","930","1101976331","","","1"
"1101976451_BD","NS MARKISA PLS 16RX10SX14G","60","PC","160","CT","828","930","930","930","930","930","1101976451","","","1"
"1101976453_BD","NS MARKISA PLS 4PX40SX14G","60","PC","160","CT","912.25","1025","1025","1025","1025","1025","1101976453","","","1"
"1101976454","NS MARKISA PLS 4PX40SX11G","60","PC","160","CT","1001.25","1125","1125","1125","1125","1125","1101976454","","1101976454","1"
"1101976454_BD","NS MARKISA PLS 4PX40SX11G","60","PC","160","CT","956.75","1075","1075","1075","1075","1075","1101976454","","1101976454_BD","1"
"1101979451_BD","NS MADU KURMA PLS 16R10SX14G","60","PC","160","CT","827.7","930","930","1025","1025","930","1101979451","","","1"
"1101979453_BD","NS MADU KURMA PLS 4PX40SX14G","60","PC","160","CT","956.75","1075","1075","1075","1075","1075","1101979453","","","1"
"1101979454","NS MADU KURMA PLS 4PX40SX11G","60","PC","160","CT","1001.25","1125","1125","1125","1125","1125","1101979454","","1101979454","1"
"1101979454_BD","NS MADU KURMA PLS 4PX40SX11G","60","PC","160","CT","1001.25","1125","1125","1075","1075","1075","1101979454","","1101979454_BD","1"
"1101982451_BD","NS MADU JERUK PLS 16RX10SX14G","60","PC","160","CT","827.7","930","930","930","930","930","1101982451","","","1"
"1101982453_BD","NS MADU JERUK PLS 4PX40SX11G","60","PC","160","CT","956.75","1075","1075","1025","1025","1075","1101982453","","","1"
"1101982454","NS MADU JERUK PLS 4PX40SX11G","60","PC","160","CT","1001.25","1125","1125","1125","1125","1125","1101982454","","1101982454","1"
"1101982454_BD","NS MADU JERUK PLS 4PX40SX11G","60","PC","160","CT","956.75","1075","1075","1075","1075","1075","1101982454","","1101982454_BD","1"
"1101983453_BD","NS JERUK MAROKO PLS 4PX40SX14G","60","PC","160","CT","912","1025","1025","1025","1025","1025","1101983453","","","1"
"1101983454","NS JERUK MAROKO PLS 4PX40SX11G","60","PC","160","CT","1001.25","1125","1125","1125","1125","1125","1101983454","","1101983454","1"
"1101983454_BD","NS JERUK MAROKO PLS 4PX40SX11G","60","PC","160","CT","1001.25","1125","1125","1075","1075","1075","1101983454","","1101983454_BD","1"
"1101987453_BD","NS MANGGA GANDARIA PLS 4PX40SX14G","60","PC","160","CT","956.75","1075","1075","1025","1025","1075","1101987453","","","1"
"1101987454","NS MANGGA GANDARIA PLS 4PX40SX14G","60","PC","160","CT","1001.25","1125","1125","1125","1125","1125","1101987454","","1101987454","1"
"1101987454_BD","NS MANGGA GANDARIA PLS 4PX40SX114","60","PC","160","CT","1011.25","1125","1125","1075","1075","1125","1101987454","","1101987454_BD","1"
"1102070326_BD","NS LYCHEE TEA PLS 18PX40SX14GR","60","PC","720","CT","828","930","930","930","930","930","1102070326","","","1"
"1102070451_BD","NS LYCHEE TEA PLS 16RX10SX14G","60","PC","160","CT","828","930","930","930","930","930","1102070451","","","1"
"1102070453_BD","NS TEA LYCHEE TEA PLS 4PX40SX14G","60","PC","160","CT","912","1025","1025","1025","1025","1025","1102070453","","","1"
"1102070454","NS LYCHEE TEA PLS 4PX40S11G","60","PC","160","CT","1001.25","1125","1125","1125","1125","1125","1102070454","","1102070454","1"
"1102070454_BD","NS LYCHEE TEA PLS 4PX40S11G","60","PC","160","CT","956.75","1075","1075","1075","1075","1075","1102070454","","1102070454_BD","1"
"1102071326_BD","NS SWEET TEA PLS 18PX40SX14GR","60","PC","720","CT","828","930","930","930","930","930","1102071326","","","1"
"1102169","MMSK TEPUNG ROTI 100 Gr [x48]","MFB","PC","48","CT","5982","7568","7568","7568","7568","7568","1102169","","","1"
"1102169_BD","MMSK TEPUNG ROTI 100 Gr [x48]","MFB","PC","48","CT","5982","7568","7568","7568","7568","7568","1102169","","","1"
"1102170","MMSK TEPUNG ROTI 200 GR (x24)","MFB","PC","24","CT","10433","13198","13198","13198","13198","13198","1102170","","","1"
"1102170_BD","MMSK TEPUNG ROTI 200 GR (x24)","MFB","PC","24","CT","10433","13198","13198","13198","13198","13198","1102170","","","1"
"1102598453_BD","NS JUPE SEMANGKA CINCAU RUJAK PLS 4PX40S","60","PC","160","CT","828","930","930","930","930","930","1102598453","1102598453","1102598453_BD","1"
"1102611331_BD","NS LEMON TEA PLS 18PX40SX14G","60","PC","720","CT","828","930","930","930","930","930","1102611331","","","1"
"1102611451_BD","NS LEMON TEA PLS 16RX10SX14G","60","PC","160","CT","828","930","930","930","930","930","1102611451","","","1"
"1102611453_BD","NS TEA LEMON TEA PLS 4PX40SX14G","60","PC","160","CT","912","1025","1025","1025","1025","1025","1102611453","","","1"
"1102611454","NS LEMON TEA PLS 4PX40SX11G","60","PC","160","CT","1001.25","1125","1125","1125","1125","1125","1102611454","","1102611454","1"
"1102611454_BD","NS LEMON TEA PLS 4PX40SX11G","60","PC","160","CT","956.75","1075","1075","1075","1075","1075","1102611454","","1102611454_BD","1"
"11051504326_BD","NS JERUK EXTRA MANIS PLS 18PX40SX11G","60","PC","720","CT","828","930","930","930","930","930","1101504326","","","1"
"1105510","GIM BORI MAKARONI BBQ 135 GR","MFB","PC","16","CT","7001","9093","9093","9093","9093","9093","1105510","","1105510","1"
"1105510_BD","GIM BORI MAKARONI BBQ 135 GR","MFB","PC","16","CT","7001","9093","9093","9093","9093","9093","1105510","","1105510_BD","1"
"1105518","GIM BORI MAKARONI SPICY 135 GR","MFB","PC","16","CT","7001","9093","9093","9093","9093","9093","1105518","","1105518","1"
"1105518_BD","GIM BORI MAKARONI SPICY 135 GR","MFB","PC","16","CT","7001","9093","9093","9093","9093","9093","1105518","","1105518_BD","1"
"1105610","O'FOOD BEEF BBQ SAUCE - BULGOGI 280G","MFB","PC","20","CT","18870.27","24315.31","24315.31","24315.31","24315.31","24315.31","1105610","","1105610","1"
"1105646","Mamasuka Muffin Coklat 250gr","MFB","PC","24","CT","12536.03","16666.66","16666.66","16666.66","16666.66","16666.66","1105646","","1105646","1"
"1105647","MMSK MUFFIN BANANA 250g(x24ea)","MFB","PC","24","CT","10745.04","13693.69","13693.69","13693.69","13693.69","13693.69","1105647","","1105647","1"
"1105732","MMSK GIM PANGGANG GHOST PAPER 4.5G(80EA)","MFB","PC","80","CT","4761.26","6885","6885","6885","6885","6885","1105732","","1105732","1"
"1105732_BD","MMSK GIM PANGGANG GHOST PAPER 4.5G(80EA)","MFB","PC","80","CT","4461","6203","6203","6203","6203","6203","1105732","","1105732_BD","1"
"1106783","MMSK NORI SAKU ORIGINAL 2GR (X192 EA) (DOS)","MFB","PC","192","CT","1580.18","2088.28","2088.28","2088.28","2088.28","2088.28","1106783","","1106783","1"
"1106783_BD","MMSK NORI SAKU ORIGINAL 2GR (X192 EA) (DOS)","MFB","PC","192","CT","1580.18","2088.28","2088.28","2088.28","2088.28","2088.28","1106783","","1106783_BD","1"
"1106800","MMSK NORI SAKU BBQ 2GR (X192 EA) (DOS)","MFB","PC","192","CT","1580.18","2088.28","2088.28","2088.28","2088.28","2088.28","1106800","","1106800","1"
"1106800_BD","MMSK NORI SAKU BBQ 2GR (X192 EA) (DOS)","MFB","PC","192","CT","1580.18","2088.28","2088.28","2088.28","2088.28","2088.28","1106800","","1106800_BD","1"
"1106801","MMSK NORI SAKU SPICY 2GR (X192 EA) (DOS)","MFB","PC","192","CT","1580.18","2088.28","2088.28","2088.28","2088.28","2088.28","1106801","","1106801","1"
"1106801_BD","MMSK NORI SAKU SPICY 2g(x192 ea) (DOS)","MFB","PC","192","CT","1580.18","2088.28","2088.28","2088.28","2088.28","2088.28","1106801","","1106801_BD","1"
"1106942","SOUPY TOPOKKI 105GR (ROSE CARBONARA)","MFB","PC","20","CT","8784","11419","11419","11419","11419","11419","1106942","","1106942","1"
"1106943","SOUPY TOPOKKI 105GR (SPICY CHEESE)","MFB","PC","20","CT","8784","11419","11419","11419","11419","11419","1106943","","1106943","1"
"1106983","MMSK GIM 4.5GR P3 ORI","MFB","PC","120","CT","3174.09","4135.13","4135.13","4135.13","4135.13","4135.13","1106983","","1106983","1"
"1106983_BD","MMSK GIM 4.5GR P3 ORI","MFB","PC","120","CT","3174.09","4135.13","4135.13","4135.13","4135.13","4135.13","1106983","","1106983_BD","1"
"1106984","MMSK GIM 4.5GR P3 BBQ","MFB","PC","120","CT","3174.09","4135.13","4135.13","4135.13","4135.13","4135.13","1106984","","1106984","1"
"1106984_BD","MMSK GIM 4.5GR P3 BBQ","MFB","PC","120","CT","3174.09","4135.13","4135.13","4135.13","4135.13","4135.13","1106984","","1106984_BD","1"
"1107035","MMSK GIM BORI ORIGINAL 25GR (X48 EA)","MFB","PC","48","CT","8901.8","11636.93","11636.93","11636.93","11636.93","11636.93","1107035","","1107035","1"
"1107035_BD","MMSK GIM BORI ORIGINAL 25GR (X48 EA)","MFB","PC","48","CT","8901.8","11636.93","11636.93","11636.93","11636.93","11636.93","1107035","","1107035_BD","1"
"1107036","MMSK GIM BORI PEDAS MAX 25GR (X48EA)","MFB","PC","48","CT","8901.8","11636.93","11636.93","11636.93","11639.93","11636.93","1107036","","1107036","1"
"1107036_BD","MMSK GIM BORI PEDAS MAX 25GR (X48EA)","MFB","PC","48","CT","8901.8","11636.93","11636.93","11636.93","11636.93","11636.93","1107036","","1107036_BD","1"
"1107037","MMSK GIM BORI BULGOGI 25GR (X48EA)","MFB","PC","48","CT","8901.8","11636.93","11636.93","11636.93","11636.93","11636.93","1107037","","1107037","1"
"1107037_BD","MMSK GIM BORI BULGOGI 25GR (X48EA)","MFB","PC","48","CT","8901.8","11636.93","11636.93","11636.93","11636.93","11636.93","1107037","","1107037_BD","1"
"1107038","MMSK GIM BORI SPICY 25GR (X48EA","MFB","PC","48","CT","8901.8","11636.93","11636.93","11636.93","11636.93","11636.93","1107038","","1107038","1"
"1107222","MMSK BIG CRISPY 3g(x120ea)","MFB","PC","120","CT","2955.85","3840.54","3840.54","3840.54","3840.54","3840.54","1107222","","1107222","1"
"1107223","MMSK BIG GIM 3g(x120ea)","MFB","PC","120","CT","2898.19","3840.54","3840.54","3840.54","3840.54","3840.54","1107223","","1107223","1"
"1107250","MMSK BIG CRISPY SPICY 3g(x120ea)","MFB","PC","120","CT","2898.19","3840.54","3840.54","3840.54","3840.54","3840.54","1107250","","1107250","1"
"1107282","MMSK RTC TOPOKKI ORIGINAL 132GR (x20 EA","MFB","PC","20","CT","12556.36","16227.27","16227.27","16227.27","16227.27","16227.27","1107282","","1107282","1"
"1107282_BD","MMSK RTC TOPOKKI ORIGINAL 132GR (x20 EA","MFB","PC","20","CT","12556.36","16227.27","16227.27","16227.27","16227.27","16227.27","1107282","","1107282_BD","1"
"1107283","MMSK RTC TOPOKKI HOT SPICY 132GR X20","MFB","PC","20","CT","12556.36","16227.27","16227.27","16227.27","16227.27","16227.27","1107283","","1107283","1"
"1107283_BD","MMSK RTC TOPOKKI HOT SPICY 132GR X20","MFB","PC","20","CT","12556.36","16227.27","16227.27","16227.27","16227.27","16227.27","1107283","","1107283_BD","1"
"1107284","MMSK RTC TOPOKKI CREAMY 133GR X20","MFB","PC","20","CT","12556.36","16227.27","16227.27","16227.27","16227.27","16227.27","1107284","","1107284","1"
"1107284_BD","MMSK RTC TOPOKKI CREAMY 133GR X20","MFB","PC","20","CT","12556.36","16227.27","16227.27","16227.27","16227.27","16227.27","1107284","","1107284_BD","1"
"1107286","MMSK BIG GIM SPICY 3g(x120ea)","MFB","PC","120","CT","2898.19","3840.54","3840.54","3840.54","3840.54","3840.54","1107286","","1107286","1"
"132-WOWOP","NS JERUK MAROKO PLS 4PX40SX14G","60","PC","160","CT","0","0","0","0","0","0","132-WOWOP","","","1"
"1507001_BD","PRISTINE Water 1 X 24 X 330 ml","MFB","PC","24","CT","1257.71","1394.83","1394.83","1394.83","1394.83","1394.83","1507001","","","1"
"1507004_BD","PRISTINE Water 1 X 24 X 300+70 ml","MFB","PC","24","CT","1517.06","1685.63","1685.63","1685.63","1685.63","1685.63","1507004","","","1"
"1507005_BD","NEW PRISTINE Water 1 X 24 X 600 ml","MFB","PC","24","CT","2023.31","2248.13","2248.13","2248.13","2248.13","2248.13","1507005","","","1"
"1507007_BD","PRISTINE Water 1 X 24 X 400ml","MFB","PC","24","CT","1517.05","1685.62","1685.62","1685.62","1685.62","1685.62","1507007","","","1"
"1711001","Botol Hijau Lusinan  8 Gr/BI","M3","PK","100","BL","4023","4684.68","4505","4505","4684.68","4684.68","1711001","A0000001","","1"
"1711001_BD","Botol Hijau Lusinan  8 Gr/BI","M3","PK","100","BL","4023","4684.68","4505","4505","4684.68","4684.68","1711001","","","1"
"1711001_BN","Botol Hijau Lusinan  8 Gr/BI","M3","PC","100","BL","0","0","0","0","0","0","1711001","","","1"
"1711002_BD","Botol Hijau 40 Gr / TA","M3","PC","100","BL","1079.54","1455","1181.82","1181.82","1455","1455","1711002_BN","","","1"
"1711002_BN","Botol Hijau 40 Gr / TA","M3","PC","100","BL","0","0","0","0","0","0","1711002_BN","","","1"
"1711004_BD","Botol Biru 80 Gr/SB","M3","PC","50","BL","4450.45","5945.95","5225.23","5225.23","5945.95","5945.95","1711004","","","1"
"1711004_BN","Botol Biru 80 Gr/SB","M3","PC","50","CT","0","0","0","0","0","0","1711004","","","1"
"1711005_BD","Cap Botol Premium 100 Gr / BP 100","M3","PC","100","CT","5700","6727.27","6181.81","6181.81","6727.27","6727.27","1711005","","","1"
"1711007_BD","Teh Cap Botol Hijau Celup 5 / TCBH5","M3","PC","160","BL","647.72","818.18","704.54","704.54","818.18","818.18","1711007","","","1"
"1711008","Teh Cap Botol Hijau Celup 25 / TCBH25","M3","PC","50","BL","5221","6846.85","6036.03","6036.03","6846.85","6846.85","1711008","A0000120","","1"
"1711008_BD","Teh Cap Botol Hijau Celup 25 / TCBH25","M3","PC","50","CT","5221","6846.85","5856","5856","6846.85","6846.85","1711008","","","1"
"1711009","TEH CAP BOTOL HIJAU 25 ENV/TCBH25E","M3","PC","40","CT","6126.12","8108.1","6846.84","6846.84","8108.1","8108.1","1711009","A0000468","1711009","1"
"1711012_BD","BOTOL PREMIUM LUSINAN 8GR/BPL","M3","PC","100","CT","4318.18","0","0","0","0","0","1711012","","","1"
"1712002_BD","Poci Biru Lusinan/PBL","M3","PK","100","BL","1986.36","2227.27","2113.64","2113.64","2227.27","2227.27","1712002","","","1"
"1712003_BD","Poci Kuning Lusinan 8 gr/PKL","M3","PK","100","BL","4707.21","5855.86","5405.4","5405.4","5855.86","5855.86","1712003","","","1"
"1712004_BD","Poci Coklat 40 Gr/TPC","M3","PC","100","BL","4707.2","5855.86","5405.4","5405.4","5855.86","5855.86","1712004","","","1"
"1712005","Poci Biru 40 Gr/TPB","M3","PC","100","BL","2396.39","2792.79","2792.79","2792.79","2792.79","2702.7","1712005","A0000026","","1"
"1712005_BD","Poci Biru 40 Gr/TPB","M3","PC","100","BL","2396","2702.7","2702.7","2702.7","2702.7","2702.7","1712005","","","1"
"1712005_BN","Poci Biru 40 Gr/TPB","M3","PC","100","BL","0","0","0","0","0","0","1712005","","","1"
"1712006","Poci Kuning 40 Gr/TPK","M3","PC","100","BL","2396.39","2972.97","2792.79","2792.79","2972.97","2972.97","1712006","A0000038","","1"
"1712006_BD","Poci Kuning 40 Gr/TPK","M3","PC","100","BL","2396","2972.97","2702.7","2702.7","2972.97","2972.97","1712006","","","1"
"1712006_BN","Poci Kuning 40 Gr/TPK","M3","PC","100","BL","0","0","0","0","0","0","1712006","","","1"
"1712007","Poci Kuning 40 Gr/TPK MT","M3","PC","100","BL","2396.39","2972.97","2703","2703","2972.97","2972.97","1712007","A0000038","1712007","1"
"1712007_BD","Poci Kuning 40 Gr/TPK MT","M3","PC","100","BL","2396.39","2972.97","2703","2703","2972.97","2972.97","1712007","","","1"
"1712008","Poci Biru 80 Gr/TPBB","M3","PC","50","BL","4793","5585.58","5585.58","5585.58","5585.58","5585.58","1712008","A0000029","","1"
"1712008_BD","Poci Biru 80 Gr/TPBB","M3","PC","50","BL","4793","5405.41","5405.41","5405.41","5405.41","5405.41","1712008","","","1"
"1712009","Poci Hijau 40 gr/TPH 10","M3","PC","100","CT","2225.22","2612.61","2612.61","2612.61","2612.61","2612.61","1712009","A0000036","","1"
"1712009_BD","Poci Hijau 40 gr","M3","PC","100","CT","2225.22","2612.61","2432.43","2432","2621.61","2612.61","1712009","","","1"
"1712010_BD","Poci Coklat 40 Gr/TPC 200/CT","M3","PC","200","CT","1079.5","1363.63","1181.81","1181.81","1363.63","1363.63","1712010","","","1"
"1712011","Botol Biru 80 Gr/SB 100/CT","M3","PC","100","CT","4792.79","5945.95","5405.4","5405.4","5945.95","5945.95","1712011","A0000019","","1"
"1712011_BD","Botol Biru 80 Gr/SB 100/CT","M3","PC","100","CT","4793","5945.95","5405","5405.4","5945.95","5945.95","1712011","","","1"
"1712012","Botol Biru 40 Gr /SK 200/CT","M3","PC","200","CT","2396","2972.97","2792.79","2792.79","2972.97","2972.97","1712012","A0000021","","1"
"1712012_BD","Botol Biru 40 Gr /SK 200/CT","M3","PC","200","CT","2396","2972.97","2703","2703","2972.97","2972.97","1712012","","","1"
"1712013","Botol Hijau 40 Gr / TA APGT 200/CT","M3","PC","200","CT","2311","2792.79","2702.7","2702.7","2792.79","2792.79","1712013","A0000023","","1"
"1712013_BD","Botol Hijau 40 Gr / TA 200/CT","M3","PC","200","CT","2311","2792.79","2613","2613","2792.79","2792.79","1712013","","","1"
"1712069","ES TEH POCI SAKURA MATCHA LATTE 15BX10SCH","M3","PC","150","CT","1378.37","1666.66","1531.53","1531.53","1666.66","0","1712069","AP000009","1712069","1"
"1712069_BD","ES TEH POCI SAKURA MATCHA LATTE 15BX10SCH","M3","PC","150","CT","1378.37","1666.66","1531.53","1531.53","1666.66","1666.66","1712069","","1712069_BD","1"
"1712070","ES TEH POCI TEH KRAMPUL SELASIH","M3","PC","150","CT","1054.05","1261.26","1171.17","1171.17","1261.26","0","1712070","AP000003","1712070","1"
"1712070_BD","ES TEH POCI TEH KRAMPUL SELASIH","M3","PC","150","CT","1054.05","1261.26","1171.17","1171.17","1261.26","1261.26","1712070","","1712070_BD","1"
"1712169","ES TEH SAKURA MATCHA LATTE ( ISI 5)","M3","PC","240","CT","1441.44","1981.98","1666.66","1666.66","1981.98","1981.98","1712169","","1712169","1"
"1713001","Celup Green 25/TBG 25","M3","PC","100","CT","7702.7","11081.08","8558.56","8558.56","11081.08","11081.08","1713001","A0000094","","1"
"1713001_BD","Celup Green 25/TBG 25","M3","PC","100","CT","7702.7","11081.08","8558.56","8558.56","11081.08","11081.08","1713001","","","1"
"1713001_BN","Celup Green 25/TBG 25","M3","PC","100","CT","0","0","0","0","0","0","1713001","","","1"
"1713002","Celup Sosro Jasmine 25/TBJ 25","M3","PC","100","CT","5948.2","8468.47","6936.93","6936.93","8468.47","8468.47","1713002","A0000093","","1"
"1713002_BD","Celup Sosro Jasmine 25/TBJ 25","M3","PC","100","CT","5948.2","8468.47","6756.76","6756.76","8468.47","8468.47","1713002","","","1"
"1713002_BN","Celup Sosro Jasmine 25/TBJ 25","M3","PC","100","CT","0","0","0","0","0","0","1713002","","","1"
"1713004_BD","Sosro Super 100 Gr/SS 100","M3","PC","60","BL","3238.63","4090.9","3636.36","3636.36","4090.9","4090.9","1713004","","","1"
"1714001","Sadel Hijau 40 Gr/ TSDH","M3","PC","100","BL","2311","2612.61","2612.61","2612.61","2612.61","2612.61","1714001","A0000039","","1"
"1714001_BD","Sadel Hijau 40 Gr/ TSDH","M3","PC","100","BL","2311","2612.61","2612.61","2612.61","2612.61","2612.61","1714001","","","1"
"1714001_BN","Sadel Hijau 40 Gr/ TSDH","M3","PC","100","BL","0","0","0","0","0","0","1714001","","","1"
"1714002","Sadel Hijau 80 Gr/TSDHB","M3","PC","50","BL","4621.62","5225.23","5225.23","5225.23","5225.23","5225.23","1714002","A0000040","","1"
"1714002_BD","Sadel Hijau 80 Gr/TSDHB","M3","PC","50","BL","4621.62","5225.23","5225.23","5225.23","5225.23","5225.23","1714002","","","1"
"1714002_BN","Sadel Hijau 80 Gr/TSDHB","M3","PC","50","BL","0","0","0","0","0","0","1714002","","","1"
"1721001","Celup Sosro Black Tea 25 / TBB 25","M3","PC","100","CT","5948.2","8468.47","6756.76","6756.76","8468.47","8468.47","1721001","A0000088","","1"
"1721001_BD","Celup Sosro Black Tea 25 / TBB 25","M3","PC","100","CT","5948.2","8468.47","6756.76","6756.76","8468.47","8468.47","1721001","","","1"
"1721001_BN","Celup Sosro Black Tea 25 / TBB 25","M3","PC","100","CT","0","0","0","0","0","0","1721001","","1721001_BN","1"
"1721002_BD","Celup Sosro Sachet / TBB 5","M3","PC","160","CT","647.73","795.55","727.27","727.27","795.55","795.55","1721002","","","1"
"1721002_BN","Celup Sosro Sachet / TBB 5","M3","PC","160","CT","0","0","0","0","0","0","1721002","","","1"
"1721003","Celup Sosro 15 / TBB 15","M3","PC","100","CT","2353.6","2882.88","2612.61","2612.61","2882.88","2882.88","1721003","A0000087","","1"
"1721003_BD","Celup Sosro 15 / TBB 15","M3","PC","100","CT","2353.6","2882.88","2612.61","2612.61","2882.88","2882.88","1721003","","","1"
"1721003_BN","Celup Sosro 15 / TBB 15","M3","PC","100","CT","0","0","0","0","0","0","1721003","","","1"
"1721004","Celup Sosro 30/ TBB 30","M3","PC","100","CT","4279.28","5405.41","4684.68","4684.68","5405.41","5405.41","1721004","A0000089","","1"
"1721004_BD","Celup Sosro 30/ TBB 30","M3","PC","100","CT","4279.28","5405.41","4684.68","4684.68","5405.41","5405.41","1721004","","","1"
"1721004_BN","Celup Sosro 30/ TBB 30","M3","PC","100","CT","0","0","0","0","0","0","1721004","","","1"
"1721005","Celup Sosro 50 / TBB 50","M3","PC","50","CT","7189.18","8739","8108","8108","8739","8739","1721005","A0000090","","1"
"1721005_BD","Celup Sosro 50 / TBB 50","M3","PC","50","CT","7189","8739","8108","8108","8739","8739","1721005","","","1"
"1721005_BN","Celup Sosro 50 / TBB 50","M3","PC","50","CT","0","0","0","0","0","0","1721005","","","1"
"1721006","Celup Sosro 100 / TBB 100","M3","PC","36","CT","15405.41","18918.92","17117.12","17117.12","18918.92","18918.92","1721006","A0000091","","1"
"1721006_BD","Celup Sosro 100 / TBB 100","M3","PC","36","CT","15405.41","18918.92","17117.12","17117.12","18918.92","18918.92","1721006","","","1"
"1721006_BN","Celup Sosro 100 / TBB 100","M3","PC","36","CT","0","0","0","0","0","0","1721006","","","1"
"1721007_BD","Celup Sosro Sachet / TBB 5 200/CT","M3","PC","200","CT","647.73","795.45","727.27","727.27","795.45","795.45","1721007","","","1"
"1721008_BD","Celup Poci Wangi Teh Vanila 5/TBB 5PV","M3","PC","200","CT","813","807.06","750.75","750.75","807.06","807.06","1721008","","","1"
"1721009","TEH CAP BOTOL CELUP VINTAGE/TCBV","M3","PC","12","CT","46846.84","54054.05","49549.54","49549.54","54054.05","54054.05","1721009","A0000163","","1"
"1721009_BD","TEH CAP BOTOL CELUP VINTAGE/TCBV","M3","PC","12","CT","46846.84","54054.05","49549.54","49549.54","54054.05","54054.05","1721009","","1721009_BD","1"
"1721014","SOSRO CELUP TBB30 FOIL ENVELOPE FOODSERVICE","M3","PC","100","CT","10358","10945.94","10945.94","10945.94","10945.94","10945.94","1721014","","1721014","1"
"1722001","Poci seduh Vanila 50 Gr / PV 50","M3","PC","100","CT","2311","2882.88","2702.7","2702.7","2882.88","2882.88","1722001","A0000051","","1"
"1722001_BD","Poci seduh Vanila 50 Gr / PV 50","M3","PC","100","CT","2311","2882.88","2612.61","2612.61","2882.88","2882.88","1722001","","","1"
"1722001_BN","Poci seduh Vanila 50 Gr / PV 50","M3","PC","100","CT","0","0","0","0","0","0","1722001","","","1"
"1722002_BD","Poci Seduh Lemon 50 Gr /PL 50","M3","PC","100","CT","1727.27","2090.91","1909.1","1909.1","2090.91","2090.91","1722002","","","1"
"1722003_BD","Poci Seduh Rose 50 Gr /PR 50","M3","PC","100","CT","950","1181.82","1045.45","1045.45","1181.82","1181.82","1722003","","","1"
"1722004_BD","Poci Seduh Strawberry 50 Gr/ PS 50","M3","PC","100","CT","1727.27","2090.91","1909.1","1909.1","2090.91","2090.91","1722004","","","1"
"1722005_BD","Poci Seduh Apel 50 Gr / PA 50","M3","PC","100","CT","1727.27","2090.91","1919.1","1919.1","2090.91","2090.91","1722005","","","1"
"1722008","Poci Celup Wangi Teh Asli 25 / TBB25 P","M3","PC","50","CT","4108.11","5225.23","4594.59","4594.59","5225.23","5225.23","1722008","A0000095","","1"
"1722008_BD","Poci Celup Wangi Teh Asli 25 / TBB25 P","M3","PC","50","CT","4108.11","5225.23","4504.5","4504.5","5225.23","5225.23","1722008","","","1"
"1722008_BN","Poci Celup Wangi Teh Asli 25 / TBB25 P","M3","PC","50","CT","0","0","0","0","0","0","1722008","","","1"
"1722009","Poci Celup Vanila 25 / TBB25 PV","M3","PC","50","CT","4108.11","5225.23","4774.77","4774.77","5225.23","5225.23","1722009","A0000096","","1"
"1722009_BD","Poci Celup Vanila 25 / TBB25 PV","M3","PC","50","CT","4108.11","5225.23","4685","4685","5225.23","5225.23","1722009","","","1"
"1722009_BN","Poci Celup Vanila 25 / TBB25 PV","M3","PC","50","CT","0","0","0","0","0","0","1722009","","","1"
"1722010","Poci Celup Lemon 25 / TBB25 PL","M3","PC","50","CT","5306.31","6666.67","6126.13","6126.13","6666.67","6666.67","1722010","A0000106","","1"
"1722010_BD","Poci Celup Lemon 25 / TBB25 PL","M3","PC","50","CT","5306.31","6666.67","6126.13","6126.13","6666.67","6666.67","1722010","","","1"
"1722010_BN","Poci Celup Lemon 25 / TBB25 PL","M3","PC","50","CT","0","0","0","0","0","0","1722010","","","1"
"1722011_BD","Poci Celup Rose 25 / TBB25 PR","M3","PC","50","CT","2590.91","3000","2863.64","2863.64","3000","3000","1722011","","","1"
"1722012_BD","Poci Celup Strawbery 25 / TBB25PS","M3","PC","50","CT","2590.91","3000","2863.64","2863.64","3000","3000","1722012","","","1"
"1722013_BD","Poci Celup Apel 25 /TBB25PA","M3","PC","50","CT","2590.91","3000","2863.64","2863.64","3000","3000","1722013","","","1"
"1722018_BD","POCI HIJAU CELUP 25/TCPH 25","M3","PC","50","CT","4145.45","5091","4545.45","4545.45","5091","5091","1722018","","","1"
"1722021_BD","Poci Mas Gold  80Gr","M3","PC","60","CT","2763.64","3091","3000","3000","3091","3091","1722021","","","1"
"1722022","POCI MAS GOLD LUSINAN/PGL","M3","PC","100","BL","5563","6396.4","6306","6306","6396.4","6396.4","1722022","A0000133","","1"
"1722022_BD","POCI MAS GOLD LUSINAN/PGL","M3","PC","100","BL","5563","6396.4","6306","6306","6396.4","6396.4","1722022","","","1"
"1722023","Poci Mas Gold 40gr/TPG 10/bos","M3","PC","100","CT","2824.32","3333.33","3153","3153","3333.33","3333.33","1722023","A0000147","","1"
"1722023_BD","Poci Mas Gold 40gr/TPG 10/bos","M3","PC","100","CT","2824.32","3333.33","3153","3153","3333.33","3333.33","1722023","","","1"
"1722023_BN","Poci Mas Gold 40gr/TPG 10/bos","M3","PC","100","CT","0","0","0","0","0","0","1722023","","","1"
"1722024","Poci Mas Gold 80Gr TPGB 5/bos","M3","PC","50","CT","5649","6666.67","6306","6306","6666.67","6666.67","1722024","A0000137","","1"
"1722024_BD","Poci Mas Gold 80Gr TPGB 5/bos","M3","PC","50","CT","5649","6666.67","6306","6306","6666.67","6666.67","1722024","","","1"
"1722032","POCI KUNING LUSINAN 10GR/PKL","M3","PC","100","CT","5050","5855.86","5855.85","5855.85","5855.86","5855.86","1722032","A0000008","1722032","1"
"1722032_BD","POCI KUNING LUSINAN 10GR/PKL","M3","PC","100","CT","5050","5855.86","5766","5766","5855.86","5855.86","1722032","","1722032_BD","1"
"1722035_BD","TEH CAP POCI HIJAU CELUP 5/TPH5","M3","PC","200","CT","746.18","909.09","840.91","840.91","909.09","909.09","1722035","","","1"
"1722036_BD","TEH CAP POCI HIJAU CELUP 25/TCPH25","M3","PC","50","CT","4318.18","5272.73","5000","5000","5272.73","5272.73","1722036","","","1"
"1722037_BD","TEH CAP POCI POUCH SEDUH 30GR/TCPP30","M3","PC","60","CT","2159.09","3181.82","2727.27","2727.27","3181.82","3181.82","1722037","","","1"
"1722038_BD","Teh Cap Poci Jasmine 4 TCPJ 4B 6PC/PCK","M3","PC","24","CT","5492","6981.98","6156.16","6156.16","6981.98","6981.98","1722038","","","1"
"1722039_BD","Teh Celup Sosro 20 TCS20 6PC/PACK","M3","PC","24","CT","4208","5330.33","4804.8","4804.8","5330.33","5330.33","1722039","","1722039_BD","1"
"1722040_BD","Celup Sosro Sachet / TBB 4 240CT","M3","PC","240","CT","678","788.29","750.75","750.75","788.29","788.29","1722040","","","1"
"1722041_BD","TEH CAP POCI PREMIUM SACHET 4/TPP4","M3","PC","200","CT","683.71","807.06","750.75","750.75","807.06","807.06","1722041","","","1"
"1722049_BD","TEH CAP BOTOL HIJAU CELUP 4 TCBH4 /24pc","M3","PC","240","CT","677.55","882.13","750.75","750.75","882.13","882.13","1722049","","","1"
"1722050","TEH CAP POCI PREMIUM 25/TPP25","M3","PC","50","CT","5221","6847","6036.03","6036.03","6847","6847","1722050","A0000343","","1"
"1722050_BD","TEH CAP POCI PREMIUM 25/TPP25","M3","PC","50","CT","5221","6847","5856","5856","6847","6847","1722050","","","1"
"1722051","TEH CELUP SOSRO / TCS 25","M3","PC","50","CT","3851.35","5045.05","4324.32","4324.32","5045.05","5045.05","1722051","A0000157","","1"
"1722051_BD","TEH CELUP SOSRO / TCS 25","M3","PC","50","CT","3851.35","5045.05","4324.32","4324.32","5045.05","5045.05","1722051","","","1"
"1722052_BD","POCI PREMIUM SACHET 15 TPP15 12PC","M3","PC","120","CT","2610","3003","2882.88","2882.88","3003","3003","1722052","","","1"
"1722053","BOTOL SIGNATURE 25 / TCBS25 1PACK 5PC","M3","PC","20","CT","10337.84","12342.34","12342.34","12342.34","12342.34","12342.34","1722053","A0000395","1722053","1"
"1722053_BD","BOTOL SIGNATURE 25 / TCBS25 1PACK 5PC","M3","PC","20","CT","10337.84","12342.34","12342.34","12342.34","12342.34","12342.34","1722053","","1722053_BD","1"
"1722054","SOSRO CELUP 2IN1 5 8PCX6PACK TSC2B 5","M3","PC","48","CT","2950.45","3528.52","3528.52","3528.52","3528.52","3528.52","1722054","","1722054","1"
"1722055_BD","TEH CAP POCI PREMIUM SACHET 4B/TPP 4B","M3","PC","200","CT","684.68","810.81","765.76","765.76","810.81","810.81","1722055","","1722055_BD","1"
"1722056","TEH CELUP SOSRO 4/TBB 4B 240/CT","M3","PC","240","CT","599.1","765.76","720.72","720.72","765.76","765.76","1722056","A0000440","1722056","1"
"1722056_BD","TEH CELUP SOSRO 4/TBB 4B 240/CT","M3","PC","240","CT","599.1","765.76","720.72","720.72","765.76","765.76","1722056","","1722056_BD","1"
"1722057","TEH CAP BOTOL HIJAU CELUP 4/TCBH 4B 240/CT","M3","PC","240","CT","684.68","810.81","765.76","765.76","810.81","810.81","1722057","A0000441","1722057","1"
"1722057_BD","TEH CAP BOTOL HIJAU CELUP 4/TCBH 4B 240/CT","M3","PC","240","CT","684.68","810.81","765.76","765.76","810.81","810.81","1722057","","1722057_BD","1"
"1722058","TEH CELUP POCI VANILLA 15/TPCV15","M3","PC","50","CT","2567.56","3243.24","2882.88","2882.88","3243.24","3243.24","1722058","A0000434","1722058","1"
"1722058_BD","TEH CELUP POCI VANILLA 15/TPCV15","M3","PC","50","CT","2567.56","3243.24","2882.88","2882.88","3243.24","3243.24","1722058","","1722058_BD","1"
"1722059","TEH CAP POCI MELATI 15/ TPCM 15","M3","PC","50","CT","3166.66","3963.96","3603.6","3603.6","3963.96","3963.96","1722059","A0000426","1722059","1"
"1722059_BD","TEH CAP POCI MELATI 15/ TPCM 15","M3","PC","50","CT","3166.66","3963.96","3603.6","3603.6","3963.96","3963.96","1722059","","1722059_BD","1"
"1722060","TEH CAP POCI PREMIUM 4 BR/TPP 4BR 240/CT","M3","PC","240","CT","684.68","810.81","765.76","765.76","810.81","810.81","1722060","A0000446","1722060","1"
"1722060_BD","TEH CAP POCI PREMIUM 4 BR/TPP 4BR 240/CT","M3","PC","240","CT","684.68","810.81","765.76","765.76","810.81","810.81","1722060","","1722060_BD","1"
"1722061_BD","SADEL HIJAU 40GR SACHET TSDH SACHET","M3","PC","100","CT","2225.23","2612.61","2432.43","2432.43","2612.61","2612.61","1722061","","1722061_BD","1"
"1722062","POCI CELUP VANILLA 4B/TBB 4B PV 240/CT","M3","PC","240","CT","599.1","765.76","720.72","720.72","765.76","765.76","1722062","A0000442","1722062","1"
"1722062_BD","POCI CELUP VANILLA 4B/TBB 4B PV 240/CT","M3","PC","240","CT","599.1","765.76","720.72","720.72","765.76","765.76","1722062","","1722062_BD","1"
"1722063","TEH SOSRO CELUP HERITAGE JASMINE 25/TSCHJ25","M3","PC","20","CT","17387.38","20450.45","20450.45","20450.45","20450.45","20450.45","1722063","A0000422","1722063","1"
"1722063_BD","TEH SOSRO CELUP HERITAGE JASMINE 25/TSCHJ25","M3","PC","20","CT","17387.38","20450.45","20450.45","20450.45","20450.45","20450.45","1722063","","1722063_BD","1"
"1722064","TEH SOSRO HERITAGE GREEN 25/TSCHG 25","M3","PC","20","CT","19459.45","22972.97","22972.97","22972.97","22972.97","22972.97","1722064","A0000423","1722064","1"
"1722064_BD","TEH SOSRO HERITAGE GREEN 25/TSCHG 25","M3","PC","20","CT","19459.45","22972.97","22972.97","22972.97","22972.97","22972.97","1722064","","1722064_BD","1"
"1722065","TEH SOSRO HERITAGE BLACK 25/TSCHB 25","M3","PC","20","CT","16036.03","18828.82","18828.82","18828.82","18828.82","18828.82","1722065","A0000424","1722065","1"
"1722065_BD","TEH SOSRO HERITAGE BLACK 25/TSCHB 25","M3","PC","20","CT","16036.03","18828.82","18828.82","18828.82","18828.82","18828.82","1722065","","1722065_BD","1"
"1722066","TEH BOTOL CELUP MELATI 15/TBCM 15","M3","PC","50","CT","3243.24","3963.96","3603.6","3603.6","3963.96","3243.24","1722066","A0000435","1722066","1"
"1722066_BD","TEH BOTOL CELUP MELATI 15/TBCM 15","M3","PC","50","CT","3243.24","3963.96","3603.6","3603.6","3963.96","3963.96","1722066","A0000435","1722066_BD","1"
"1722068","ES TEH POCI TEH TARIK GULA AREN 15BSX10S/ETPGA","M3","PC","150","CT","1378.37","1666.66","1531.53","1531.53","1666.66","1666.66","1722068","AP000002","1722068","1"
"1722068_BD","ES TEH POCI TEH TARIK GULA AREN 15BSX10S/ETPGA","M3","PC","150","CT","1378.37","1666.66","1531.53","1531.53","1666.66","1666.66","1722068","","1722068_BD","1"
"1722069","ES TEH POCI PANDAN VANILLA SELASIH 15BSX10SC ETPPV","M3","PC","150","CT","1054.05","1261.26","1171.17","1171.17","1261.26","1261.26","1722069","AP000004","1722069","1"
"1722069_BD","ES TEH POCI PANDAN VANILLA SELASIH 15BSX10SC ETPPV","M3","PC","150","CT","1054.05","1261.26","1171.17","1171.17","1261.26","1261.26","1722069","","1722069_BD","1"
"1722070","Es Teh Poci Teh Tarik Gula Aren (isi 5pc)/ETPGA","M3","PK","48","CT","7207.2","8333.33","8333.33","8333.33","8333.33","8333.33","1722070","AP000002","1722070","1"
"1722071","Es Teh Poci Teh Pandan Van Selasih (isi 5)/ETPPV","M3","PK","48","CT","5457.95","6306.3","6306.3","6306.3","6306.3","6306.3","1722071","AP000006","1722071","1"
"1722071_BD","Es Teh Poci Teh Pandan Van Selasih (isi 5)/ETPPV","M3","PC","48","CT","5457.95","6306.3","6306.3","6306.3","6306.3","6306.3","1722071","","1722071_BD","1"
"1722072","POCI RACIK AROMA 160GR/RTKSA160","M3","PK","15","CT","22522.52","28828.82","25225.22","25225.22","28828.82","28828.82","1722072","A0000431","1722072","1"
"1722073","POCI RACIK ORI 160GR/RTKSO160","M3","PK","15","CT","19819.81","25225.22","21621.62","21621.62","25225.22","25225.22","1722073","A0000432","1722073","1"
"1722074","SOSRO CELUP 15 THUMBLER BANDED","M3","PC","50","CT","2403.6","2612.61","2612.61","2612.61","2612.61","2612.61","1722074","","1722074","1"
"1N00839454","NS JERUK (EX) MANIS PLS 4PX40SX11G","60","PC","160","CT","1001.25","1125","1125","1125","1125","1125","1N00839454","","1N00839454","1"
"1N00839454_BD","NS JERUK (EX) MANIS PLS 4PX40SX11G","60","PC","160","CT","1001.25","1125","1125","1125","1125","1125","1N00839454","","1N00839454_BD","1"
"1N0083945403","NS JERUK (EX) MANIS PLS 4PX40SX11G  10F1S","60","PC","160","CT","1001.25","1125","1125","1125","1125","1125","1N0083945403","","1N0083945403","1"
"1N00840454","NS MILKY PEACH PLS 4PX40SX11G","60","PC","160","CT","1001.25","1125","1125","1125","1125","1125","1N00840454","","1N00840454","1"
"1N00840454_BD","NS MILKY PEACH PLS 4PX40SX11G","60","PC","160","CT","1001.25","1125","1125","1125","1125","1125","1N00840454","","1N00840454_BD","1"
"1N00840454_BN","NS MILKY PEACH PLS 4PX40SX11G","60","PC","160","CT","0","0","0","0","0","0","1N00840454","","1N00840454_BN","1"
"1N00841454","NS MELON PLS 4PX40SX11G","60","PC","160","CT","1001.25","1125","1125","1125","1125","1125","1N00841454","","1N00841454","1"
"1N00841454_BD","NS MELON PLS 4PX40SX11G","60","PC","160","CT","1001.25","1125","1125","1125","1125","1125","1N00841454","","1N00841454_BD","1"
"1N01402250","NS RTD SQUEEZED ORANGE 24TPKX200ML","60","PC","24","CT","5251","5900","5900","5900","5900","5900","1N01402250","","1N01402250","1"
"1N01402250_BD","NS RTD SQUEEZED  ORANGE 24TPKX200ML","60","PC","24","CT","4251","5900","5900","5900","5900","5900","1N01402250","","1N01402250_BD","1"
"1N01603454","NS ORANGE TEA PLS 4PX40SX11G","60","PC","160","CT","1001.25","1125","1125","1125","1125","1125","1N01603454","","1N01603454","1"
"1N01603454_BD","NS ORANGE TEA PLS 4PX40SX11G","60","PC","160","CT","956.75","1075","1075","1075","1075","1075","1N01603454","","1N01603454_BD","1"
"1N01642454","NS APPLE TEA PLS 4PX40SX11G","60","PC","160","CT","1001.25","1125","1125","1125","1125","1125","1N01642454","","1N01642454","1"
"1N01643454","NS BLACKCURRANT TEA PLS 4PX40SX11G","60","PC","160","CT","1001.25","1125","1125","1125","1125","1125","1N01643454","","1N01643454","1"
"1N01643454_BD","NS BLACKCURRANT TEA PLS 4PX40SX11G","60","PC","160","CT","1001.25","1125","1125","1125","1125","1125","1N01643454","","1N01643454_BD","1"
"1N03301456","NS LESS BELIMBING PLS 4PX40SX6G","60","PC","160","CT","1001.25","1125","1125","1125","1125","1125","1N03301456","","1N03301456","1"
"1N03301456_BD","NS LESS BELIMBING PLS 4PX40SX6G","60","PC","160","CT","1011.25","1125","1125","1075","1075","1125","1N03301456","","1N03301456_BD","1"
"1N03302456","NS LESS SUGAR JERUK BALI PLS 4PX40SX6G","60","PC","160","CT","956.75","1075","1075","1075","1075","1075","1N03302456","","1N03302456","1"
"1N03303456","NS LESS SUGAR JERUK PONTIANAK PLS 4PX40SX6G","60","PC","160","CT","1011.25","1125","1125","1125","1125","1125","1N03303456","","1N03303456","1"
"1N03304456","NS LESS SUGAR JERUK SONKIT PLS 4PX40SX6G","60","PC","160","CT","1011.25","1125","1125","1125","1125","1125","1N03304456","","1N03304456","1"
"1NA0809005","NS WDANK SEREH JAHE NIPIS PLS 12RX10SX11G","60","PC","120","CT","1424","1600","1600","1600","1600","1600","1NA0809005","","1NA0809005","1"
"1NA0809005_BD","NS WDANK SEREH JAHE NIPIS PLS 12RX10SX11G","60","PC","120","CT","1424","1600","1600","1600","1600","1600","1NA0809005","","1NA0809005_BD","1"
"20017","BK DELLCIOUS KELAPA 110GR 3BALX10PK","MFB","PC","30","CT","2418.78","2658","2658","2658","2658","2658","20017","","","1"
"20017_BD","BK DELLCIOUS KELAPA 110GR 3BALX10PK","MFB","PC","30","CT","2418.78","2658","2658","2658","2658","2658","20017","","20017_BD","1"
"20017_BN","BK DELLCIOUS KELAPA 110GR 3BALX10PK","MFB","PC","30","CT","0","0","0","0","0","0","20017","","","1"
"20019","BK/MARIE SUSU MADU 100G 6X6","MFB","PC","36","CT","3225.95","3545","3545","3545","3545","3545","20019","","","1"
"20019_BD","BK/MARIE SUSU MADU 100G 6X6","MFB","PC","36","CT","3225.95","3545","3545","3545","3545","3545","20019","","20019_BD","1"
"20019_BN","BK/MARIE SUSU MADU 100G 6X6","MFB","PC","36","CT","0","0","0","0","0","0","20019","","","1"
"20023","WSK/MAJORICO STRAW YOGURT 120GR","MFB","PC","24","CT","8546.72","9392","9392","9392","9392","9392","20023","","20023","1"
"20023_BD","WSK/MAJORICO STRAW YOGURT 120GR","MFB","PC","24","CT","8546.72","9392","9392","9392","9392","9392","20023","","20023_BD","1"
"20023_BN","WSK/MAJORICO STRAW YOGURT 120GR","MFB","PC","24","CT","0","0","0","0","0","0","20023","","20023_BN","1"
"20024","WSK/MAJORICO CAPPUCINO 120GR/24PC","MFB","PC","24","CT","8546.72","9392","9392","9392","9392","9392","20024","","","1"
"20024_BD","WSK/MAJORICO CAPPUCINO 120GR/24PC","MFB","PC","24","CT","8546.72","9392","9392","9392","9392","9392","20024","","20024_BD","1"
"20024_BN","WSK/MAJORICO CAPPUCINO 120GR/24PC","MFB","PC","24","CT","0","0","0","0","0","0","20024","","","1"
"20025","WSK/MAJORICO WHITE CHOCOLATE 120GR 24PC","MFB","PC","24","CT","8546.72","9392","9392","9392","9392","9392","20025","","","1"
"20025_BN","WSK/MAJORICO WHITE CHOCOLATE 120GR 24PC","MFB","PC","24","CT","0","0","0","0","0","0","20025","","","1"
"20027","WSK/MAJORICO MATCHA 250GR 12BUCKET","MFB","PC","12","CT","18200","20000","20000","20000","20000","20000","20027","","20027","1"
"20028","WSK/MAJORICO CHOCOLATE 250GR 12BUCKET","MFB","PC","12","CT","15511.33","17045.42","17045.42","17045.42","17045.42","17045.42","20028","","20028","1"
"20029","WSK/MAJORICO VANILLA 250GR 12BUCKET","MFB","PC","12","CT","18200","20000","20000","20000","20000","20000","20029","","20029","1"
"20031","WSK/MAJORICO CHOCOLATE 120G SHOWBOX","MFB","PC","24","CT","3722.81","4091","4091","4091","4091","4091","20031","","","1"
"20031_BD","WSK/MAJORICO CHOCOLATE 120G SHOWBOX","MFB","PC","24","CT","3722.81","4091","4091","4091","4091","4091","20031","","20031_BD","1"
"20032","WSK/MAJORICO VANILLA 120G SHOWBOX","MFB","PC","24","CT","3689.14","4054","4054","4054","4054","4054","20032","","","1"
"20032_BD","WSK/MAJORICO VANILLA 120G SHOWBOX","MFB","PC","24","CT","3689.14","4054","4054","4054","4054","4054","20032","","20032_BD","1"
"20128","BK/MARIE SUSU MADU 12GR 20X6","MFB","PC","120","CT","348.53","383","383","383","383","383","20128","","","1"
"20128_BD","BK/MARIE SUSU MADU 12GR 20X6","MFB","PC","120","CT","348.53","383","383","383","383","383","20128","","20128_BD","1"
"20129","BK/MARIE SUSU MADU 8GR 20X6","MFB","PC","120","CT","348.53","383","383","383","383","383","20129","","20129","1"
"2021653","40GR LAVER KIMBOB","MFB","PC","40","CT","46171.17","60698.19","60698.19","60698.19","60698.19","60698.19","2021653","","","1"
"20239","BK ROSE CREAM CHOCOLATE 260GR","MFB","PC","10","CT","5533.71","6081","6081","6081","6081","6081","20239","","","1"
"20239_BD","BK ROSE CREAM CHOCOLATE 260GR","MFB","PC","10","CT","5533.71","6081","6081","6081","6081","6081","20239","","20239_BD","1"
"20239_BN","BK ROSE CREAM CHOCOLATE 260GR","MFB","PC","10","CT","0","0","0","0","0","0","20239","","","1"
"20242","BK ROSE CREAM PINEAPLE 260GR","MFB","PC","10","CT","5045.95","5545","5545","5545","5545","5545","20242","","","1"
"20242_BD","BK ROSE CREAM PINEAPLE 260GR","MFB","PC","10","CT","5045.95","5545","5545","5545","5545","5545","20242","","20242_BD","1"
"20242_BN","BK ROSE CREAM PINEAPLE 260GR","MFB","PC","10","CT","0","0","0","0","0","0","20242","","","1"
"20243","BK ROSE CREAM LEMON 260GR","MFB","PC","10","CT","5533.71","6081","6081","6081","6081","6081","20243","","","1"
"20243_BD","BK ROSE CREAM LEMON 260GR","MFB","PC","10","CT","5533.71","6081","6081","6081","6081","6081","20243","","20243_BD","1"
"20243_BN","BK ROSE CREAM LEMON 260GR","MFB","PC","10","CT","0","0","0","0","0","0","20243","","","1"
"20249","BK SUPER CREAM BON BON 200GRX3X7","MFB","PC","21","CT","4099.55","4505","4505","4505","4505","4505","20249","","","1"
"20249_BD","BK SUPER CREAM BON BON 200GRX3X7","MFB","PC","21","CT","4099.55","4505","4505","4505","4505","4505","20249","","","1"
"20249_BN","BK SUPER CREAM BON BON 200GRX3X7","MFB","PC","21","CT","0","0","0","0","0","0","20249","","","1"
"20250","BK SUPER CREAM STRAWBERRY 200GRX3X7","MFB","PC","21","CT","4099.55","4505","4505","4505","4505","4505","20250","","","1"
"20250_BD","BK SUPER CREAM STRAWBERRY 200GRX3X7","MFB","PC","21","CT","4099.55","4505","4505","4505","4505","4505","20250","","20250_BD","1"
"20250_BN","BK SUPER CREAM STRAWBERRY 200GRX3X7","MFB","PC","21","CT","0","0","0","0","0","0","20250","","","1"
"20251","BK SUPER CREAM PINEAPPLE 200GRX3X7","MFB","PC","21","CT","4099.55","4505","4505","4505","4505","4505","20251","","","1"
"20251_BD","BK SUPER CREAM PINEAPPLE 200GRX3X7","MFB","PC","21","CT","4099.55","4505","4505","4505","4505","4505","20251","","","1"
"20251_BN","BK SUPER CREAM PINEAPPLE 200GRX3X7","MFB","PC","21","CT","0","0","0","0","0","0","20251","","","1"
"20252","BK SUPER CREAM ORANGE 200GRX3X7","MFB","PC","21","CT","4099.55","4505","4505","4505","4505","4505","20252","","","1"
"20252_BD","BK SUPER CREAM ORANGE 200GRX3X7","MFB","PC","21","CT","4099.55","4505","4505","4505","4505","4505","20252","","","1"
"20252_BN","BK SUPER CREAM ORANGE 200GRX3X7","MFB","PC","21","CT","0","0","0","0","0","0","20252","","","1"
"20257","BK/REGI BANANA 24GR 10X6","MFB","PC","60","CT","661.57","727","727","727","727","727","20257","","","1"
"20257_BD","BK/REGI BANANA 24GR 10X6","MFB","PC","60","CT","661.57","727","727","727","727","727","20257","","20257_BD","1"
"20261","BK/ABC CHOCO CRACKERS 12GR 20X6","MFB","PC","120","CT","348.53","383","383","383","383","383","20261","","","1"
"20261_BD","BK/ABC CHOCO CRACKERS 12GR 20X6","MFB","PC","120","CT","348.53","383","383","383","383","383","20261","","20261_BD","1"
"20262","BK/RIMBA CHOCO CRACKERS 12GR 20X6","MFB","PC","120","CT","348.53","383","383","383","383","383","20262","","","1"
"20262_BD","BK/RIMBA CHOCO CRACKERS 12GR 20X6","MFB","PC","120","CT","348.53","383","383","383","383","383","20262","","20262_BD","1"
"20264","BK/UNIGOLD KELAPA 24GR 6X10","MFB","PC","60","CT","661.57","727","727","727","727","727","20264","","","1"
"20264_BD","BK/UNIGOLD KELAPA 24GR 6X10","MFB","PC","60","CT","661.57","727","727","727","727","727","20264","","20264_BD","1"
"2100229","MMSK MYK GRG KEDELAI 900ML 12/CT","MFB","PC","12","CT","44880","56545.45","56545.45","56545.45","56545.45","56545.45","2100229","","","1"
"2100230","MMSK MYK GRG JAGUNG 900ML 12/CT","MFB","PC","12","CT","51408","64727.27","64727.27","64727.27","64727.27","64727.27","2100230","","","1"
"2101453155_BD","HILO SCHOOL CHOCOLATE 12DX250G","60","PC","12","CT","34580","38000","38000","38000","38000","38000","2101453155","","2101453155_BD","1"
"2101454447_BD","HILO SCHOOL CHO PLS 12X10SX35G","60","PC","120","CT","2804","3150","3150","3150","3150","3150","2101454447","","","1"
"2101461","HILO TEEN RTD COKLAT 24PX200ML","60","PC","24","CT","5785","6500","6500","6500","6500","6500","2101461","","2101461","1"
"2101461_BD","HILO TEEN RTD COKLAT 24PX200ML","60","PC","24","CT","5785","6500","6500","6500","6500","6500","2101461","","2101461_BD","1"
"2101462447_BD","HILO ACTIVE BELGIAN CHOCOLATE PLS 12RX10SX30G","60","PC","120","CT","2225","2500","2500","2500","2500","2500","2101462447","","","1"
"2101463450","HILO CHO HAZELNUT PLS 15X10SX14GR","60","PC","150","CT","1424","1600","1600","1600","1600","1600","2101463450","","","1"
"2101463450_BD","HILO CHO HAZELNUT PLS 15X10SX14GR","60","PC","150","CT","1424","1600","1600","1600","1600","1350","2101463450","","","1"
"2101467_BD","HILO CHOCOLATE AVOCADO 24X200ML","60","PC","24","CT","5162","5800","5800","5800","5800","5800","2101467","","","1"
"2101477447","HILO SCHOOL COKELAT SUSU PLS 12RX10SX30G","60","PC","120","CT","2803.5","3150","3150","3150","3150","3150","2101477447","","2101477447","1"
"2101477447_BD","HILO SCHOOL COKELAT SUSU PLS 12RX10SX30G","60","PC","120","CT","2804","3150","3150","2800","3150","3150","2101477447","","2101477447_BD","1"
"2101481443","HILO SCHOOL CHOCO CANDY 8RX10SX8G","60","PC","80","CT","1780","2000","2000","2000","2000","2000","2101481443","","","1"
"2101481443_BD","HILO SCHOOL CHOCO CANDY 8RX10SX8G","60","PC","80","CT","1780","2000","2000","2000","2000","2000","2101481443","","","1"
"2101482446","HILO ACTIVE SUSU COKLAT BELGIAN PLS 12RX10SX25G","60","PC","120","CT","2803.5","3150","3150","3150","3150","3150","2101482446","","2101482446","1"
"2101482446_BD","HILO ACTIVE SUSU COKLAT BELGIAN PLS 12RX10SX25G","60","PC","120","CT","2804","3150","3150","3000","3150","3150","2101482446","","2101482446_BD","1"
"2101486155_BD","HILO SCHOOL VANILLA 12DX250G","60","PC","12","CT","34580","38000","38000","38000","38000","38000","2101486155","","2101486155_BD","1"
"2101492","HILO SCHOOL RTD COKLAT 24PX200ML","60","PC","24","CT","6052","6800","6800","6800","6800","6800","2101492","","2101492","1"
"2101651155_BD","HILO TEEN COKLAT 250G (12D)","60","PC","12","CT","36400","40000","40000","40000","40000","40000","2101651155","","2101651155_BD","1"
"2101684155_BD","HILO TEEN VANILLA 250G (12D)","60","PC","12","CT","36400","40000","40000","40000","40000","40000","2101684155","","2101684155_BD","1"
"2101808450","HILO CHOCOLATE TARO PLS 15RX10SX14G","60","PC","150","CT","1424","1600","1600","1600","1600","1600","2101808450","","","1"
"2101808450_BD","HILO CHOCOLATE TARO PLS 15RX10SX14G","60","PC","150","CT","1424","1600","1600","1600","1600","1600","2101808450","","","1"
"2101808450_BN","HILO CHOCOLATE TARO PLS 15RX10SX14G","60","PC","150","CT","0","0","0","0","0","0","2101808450","","","1"
"210180845003","HI LO DRINK CHOCOLATE TARO PLS 15RX10SX14G 10F1S","60","PC","150","CT","1424","1600","1600","1600","1600","1600","210180845003","","210180845003","1"
"2101809250","HILO RTD CHOCOLATE TARO 24PX200ML","60","PC","24","CT","5251","5900","5900","5900","5900","5900","2101809250","","2101809250","1"
"2101809250_BD","HILO RTD CHOCOLATE TARO 24PX200ML","60","PC","24","CT","5005","5500","5500","5500","5500","5500","2101809250","","2101809250_BD","1"
"2101813443","HILO ES TELER PLS 8RX10SX15G","60","PC","80","CT","1291","1450","1450","1450","1450","1450","2101813443","","","1"
"2101813443_BD","HILO ES TELER PLS 8RX10SX15G","60","PC","80","CT","1291","1450","1450","1450","1450","1450","2101813443","","2101813443_BD","1"
"2101813443_BN","HILO ES TELER PLS 8RX10SX15G","60","PC","80","CT","0","0","0","0","0","0","2101813443","","2101813443_BN","1"
"2101845443","HILO ES KETAN HITAM PLS 8RX10SX14G","60","PC","80","CT","1424","1600","1600","1600","1600","1600","2101845443","","","1"
"2101845443_BD","HILO ES KETAN HITAM PLS 8RX10SX14G","60","PC","80","CT","1424","1600","1600","1450","1450","1600","2101845443","","","1"
"2101847443","HILO THAI TEA PLS 8RX10SX15G","60","PC","80","CT","1424","1600","1600","1600","1600","1600","2101847443","","","1"
"2101847443_BD","HILO THAI TEA PLS 8RX10SX15G","60","PC","80","CT","1424","1600","1600","1600","1600","1600","2101847443","","","1"
"2101847443_BN","HILO THAI TEA PLS 8RX10SX15G","60","PC","80","CT","0","0","0","0","0","0","2101847443","","","1"
"2101852310_BD","HILO CHOCO HAZELNUT 18PX40SX14GR","60","PC","720","CT","890","1000","1000","1000","1000","1000","2101852310","","","1"
"2101852450","HILO CHOCOLATE PLS 15RX10SX14G","60","PC","150","CT","1424","1600","1600","1600","1600","1600","2101852450","","2101852450","1"
"210185245003","HI LO DRINK CHOCOLATE PLS 15RX10SX14G (10+1)","60","PC","150","CT","1424","1600","1600","1600","1600","1600","210185245003","","210185245003","1"
"2101865450","HILO WHITE CHOCO PLS 15RX10SX14G","60","PC","150","CT","1424","1600","1600","1600","1600","1600","2101865450","","2101865450","1"
"210186545003","HI LO DEINK WHITE CHOCOLATE PLS 15RX10SX14G (10F1)","60","PC","150","CT","1424","1600","1600","1600","1600","1600","210186545003","","210186545003","1"
"2102300447_BD","TS SANTAN PLS 12RX10SX20G","60","PC","120","CT","1824.5","2050","2050","2050","2050","2050","2102300447","","","1"
"2102900066","TS SWT DIABTX PLS 10PX80SX1.8G","60","PC","800","CT","589.63","662.5","662.5","662.5","662.5","662.5","2102900066","","2102900066","1"
"2102900066_BD","TS SWT DIABTX PLS 10PX80SX1.8G","60","PC","800","CT","589.63","662.5","662.5","662.5","662.5","662.5","2102900066","","2102900066_BD","1"
"2102900314","TS SWT DIABETIX PLS 10PX80SX2GR","60","PC","800","CT","556.25","625","625","625","625","625","2102900314","","","1"
"2102900314_B","TS SWT DIABETIX PLS 10PX80SX2GR","60","PC","800","CT","528.44","593.75","593.75","593.75","593.75","593.75","2102900314","","","1"
"2102900314_BD","TS SWT DIABETIX PLS 10PX80SX2GR","60","PC","800","CT","528.44","593.75","593.75","593.75","593.75","593.75","2102900314","","","1"
"2153000314","DIABETAMIL SWT PLS 10PX80SX1G","60","PC","800","CT","333.75","375","375","375","375","375","2153000314","","","1"
"2153000314_BD","DIABETAMIL SWT PLS 10PX80SX1G","60","PC","800","CT","311.5","350","350","350","350","350","2153000314","","","1"
"2153000314_BN","DIABETAMIL SWT PLS 10PX80SX1G","60","PC","800","CT","0","0","0","0","0","0","2153000314","","","1"
"215300031448","DIABETAMIL SWT PLS 10PX80SX1G FREE HANGER","60","PC","800","CT","333.75","375","375","375","375","375","215300031448","","215300031448","1"
"2HF0111003","HILO SCHOOL STRAWBERRY PLS 12RX10SX27G","60","PC","120","CT","2803.5","3150","3150","3150","3150","3150","2HF0111003","","2HF0111003","1"
"2HF0111003_BD","HILO SCHOOL STRAWBERRY PLS 12RX10X27G","60","PC","120","CT","2804","3150","3150","3150","3150","3150","2HF0111003","","2HF0111003_BD","1"
"2HF0111003_BN","HILO SCHOOL STRAWBERRY PLS 12RX10SX27G","60","PC","120","CT","0","0","0","0","0","0","2HF0111003","","2HF0111003_BN","1"
"2HF0115003","HILO SCHOOL VANILLA SUSU PLS 12RX10SX27G","60","PC","120","CT","2803.5","3150","3150","3150","3150","3150","2HF0115003","","2HF0115003","1"
"2HF0115003_BD","HILO SCHOOL VANILLA SUSU PLS 12RX10SX27G","60","PC","120","CT","2803.5","3150","3150","3150","3150","3150","2HF0115003","","2HF0115003_BD","1"
"2HF011500303","HI LO SCHOOL VANILLA SUSU PLS 12RX10SX27G (10F1)","60","PC","120","CT","2803.5","3150","3150","3150","3150","3150","2HF011500303","","2HF011500303","1"
"2HH0813443","HILO DRINK TEH TARIK PLS 8RX10SX15G","60","PC","80","CT","1424","1600","1600","1600","1600","1600","2HH0813443","","2HH0813443","1"
"2HH0816450","HI LO DRINK CHOCO MINT PLS 15RX10SX14G","60","PC","150","CT","1424","1600","1600","1600","1600","1600","2HH0816450","","2HH0816450","1"
"2HH0816450_BD","HI LO DRINK CHOCO MINT PLS 15RX10SX14G","60","PC","150","CT","1424","1600","1600","1450","1450","1450","2HH0816450","","2HH0816450_BD","1"
"2HH0817441","HILO DRINK CHOCO MALT 8RX10SX14G","60","PC","80","CT","1424","1600","1600","1600","1600","1600","2HH0817441","","2HH0817441","1"
"2HH0817441_BD","HILO DRINK CHOCO MALT 8RX10SX14G","60","PC","80","CT","1424","1600","1600","1450","1450","1600","2HH0817441","","2HH0817441_BD","1"
"2HH081744103","HILO DRINK CHOCO MALT PLS 8RX10SX14G (10SF1)","60","PC","80","CT","1424","1600","1600","1600","1600","1600","2HH081744103","","2HH081744103","1"
"2HH0819450","HILO DRINK CREAMY MARIE PLS 15X10X14G","60","PC","150","CT","1424","1600","1600","1600","1600","1600","2HH0819450","","2HH0819450","1"
"2HH0819450_BD","HILO DRINK CREAMY MARIE PLS 15X10X14G","60","PC","150","CT","1424","1600","1600","1600","1600","1600","2HH0819450","","2HH0819450_BD","1"
"2HJ0101446","HILO 3IN1 SUSU COKLAT BELGIA PLS 12RX10SX25G","60","PC","120","CT","2803.5","3150","3150","3150","3150","3150","2HJ0101446","","2HJ0101446","1"
"30069","BK KUKIS BUTTER 218GR 6PCX4BALL","MFB","PC","24","CT","4590.95","5045","5045","5045","5045","5045","30069","","","1"
"30069_BD","BK KUKIS BUTTER 218GR 6PCX4BALL","MFB","PC","24","CT","4590.95","5045","5045","5045","5045","5045","30069","","30069_BD","1"
"30069_BN","BK KUKIS BUTTER 218GR 6PCX4BALL","MFB","PC","24","CT","0","0","0","0","0","0","30069","","","1"
"30070","BK KUKIS COCONUT 218GRX6PCX4BALL","MFB","PC","24","CT","4590.95","5045","5045","5045","5045","5045","30070","","","1"
"30070_BD","BK KUKIS COCONUT 218GRX6PCX4BALL","MFB","PC","24","CT","4590.95","5045","5045","5045","5045","5045","30070","","30070_BD","1"
"30070_BN","BK KUKIS COCONUT 218GRX6PCX4BALL","MFB","PC","24","CT","0","0","0","0","0","0","30070","","","1"
"30083","BK/KUKIS KELAPA 56GR 10X6","MFB","PC","60","CT","1324.05","1455","1455","1455","1455","1455","30083","","","1"
"30083_BD","BK/KUKIS KELAPA 56GR 10X6","MFB","PC","60","CT","1324.05","1455","1455","1455","1455","1455","30083","","30083_BD","1"
"30084","BK/KUKIS BUTTER 56GR 10X6","MFB","PC","60","CT","1324.05","1455","1455","1455","1455","1455","30084","","","1"
"30084_BD","BK/KUKIS BUTTER 56GR 10X6","MFB","PC","60","CT","1324.05","1455","1455","1455","1455","1455","30084","","30084_BD","1"
"30085","BK/KUKIS SUSU VANILLA 56GR 10X6","MFB","PC","60","CT","1324.05","1455","1455","1455","1455","1455","30085","","","1"
"30085_BD","BK/KUKIS SUSU VANILLA 56GR 10X6","MFB","PC","60","CT","1324.05","1455","1455","1455","1455","1455","30085","","30085_BD","1"
"30086","BK/KUKIS MOCHACHINO 56GR 10X6","MFB","PC","60","CT","1324.05","1455","1455","1455","1455","1455","30086","","","1"
"30086_BD","BK/KUKIS MOCHACHINO 56GR 10X6","MFB","PC","60","CT","1324.05","1455","1455","1455","1455","1455","30086","","30086_BD","1"
"30087","BK KUKIS MOCHACHINO 218GRX6PCX4BAL","MFB","PC","24","CT","4590.95","5045","5045","5045","5045","5045","30087","","","1"
"30087_BD","BK KUKIS MOCHACHINO 218GRX6PCX4BAL","MFB","PC","24","CT","4590.95","5045","5045","5045","5045","5045","30087","","30087_BD","1"
"30087_BN","BK KUKIS MOCHACHINO 218GRX6PCX4BAL","MFB","PC","24","CT","0","0","0","0","0","0","30087","","","1"
"30088","BK KUKIS SUSU VANILLA 218GRX6PCX4BAL","MFB","PC","24","CT","4590.95","5045","5045","5045","5045","5045","30088","","","1"
"30088_BD","BK KUKIS SUSU VANILLA 218GRX6PCX4BAL","MFB","PC","24","CT","4590.95","5045","5045","5045","5045","5045","30088","","","1"
"30088_BN","BK KUKIS SUSU VANILLA 218GRX6PCX4BAL","MFB","PC","24","CT","0","0","0","0","0","0","30088","","","1"
"30099","BK/MONI CHOCO RING COOKIES 11.5GR 20X6","MFB","PC","120","CT","348.53","383","383","383","383","383","30099","","","1"
"30099_BD","BK/MONI CHOCO RING COOKIES 11.5GR 20X6","MFB","PC","120","CT","348.53","383","383","383","383","383","30099","","30099_BD","1"
"30100","BK/HELLO COOKIES 11.5GR 20X6","MFB","PC","120","CT","348.53","383","383","383","383","383","30100","","","1"
"30100_BD","BK/HELLO COOKIES 11.5GR 20X6","MFB","PC","120","CT","348.53","383","383","383","383","383","30100","","30100_BD","1"
"30103","BK/CHOCOLATE COOKIES 320GR 6BUCKET","MFB","PC","6","CT","19441.24","21364","21364","21364","21364","21364","30103","","30103","1"
"30104","BK/SUSU VANILLA COOKIES 320GR 6BUCKET","MFB","PC","6","CT","19441.24","21364","21364","21364","21364","21364","30104","","30104","1"
"30105","BK/KUKIS MAMAH 320GR 6BUCKET","MFB","PC","6","CT","19441.24","21364","21364","21364","21364","21364","30105","","30105","1"
"40007528","POLYTEX Sabut Spon Ekstra Kuat","63","PC","288","CT","4911.56","5253","5253","5253","5253","5253","40007528","40007528","40007528","1"
"40007528_BD","POLYTEX Sabut Spon Ekstra Kuat","63","PC","288","CT","4768.5","5100","5100","5100","5100","5100","40007528","40007528","40007528","1"
"40007529","CARRERA SPON SABUT MOBIL","63","PC","24","CT","11538","12340","12340","12340","12340","12340","40007529","40007529","40007529","1"
"40007529_BD","CARRERA SPON SABUT MOBIL","63","PC","24","CT","10659","11400","11400","11400","11400","11400","40007529","40007529","40007529","1"
"40007530","CARRERA SPON SERBA GUNA","63","PC","24","CT","7078","7570","7570","7570","7570","7570","40007530","40007530","40007530","1"
"40007530_BD","CARRERA SPON SERBA GUNA","63","PC","24","CT","6545","7000","7000","7000","7000","7000","40007530","40007530","40007530","1"
"40007531","HIT ELECTRIC EKONOMIS +LAMPU 4X12","63","PC","48","CT","8089.62","8652","8652","8652","8652","8652","40007531","40007531","40007531","1"
"40007531_BD","HIT ELECTRIC EKONOMIS +LAMPU 4X12","63","PC","48","CT","7854","8400","8400","8400","8400","8400","40007531","40007531","40007531","1"
"40007532_BD","HIT ELECTRIC ALAT  N-8 8X6","63","PC","48","CT","10881","11700","11700","11700","11700","11700","40007532","40007532","40007532","1"
"40007533_BD","HIT ELECTRIC ALAT TIKUS 8X6","63","PC","48","CT","12796.8","13760","13760","13760","13760","13760","40007533","40007533","40007533","1"
"40007538","HIT Non Stop Refill 45ml+AlatP","63","PC","72","CT","12249","13100","13100","13100","13100","13100","40007538","40007538","40007538","1"
"40007538_BD","HIT Non Stop Refill 45ml+AlatP","63","PC","72","CT","12249","13100","13100","13100","13100","13100","40007538","40007538","40007538","1"
"40007540","HIT Non Stop  Alat","63","PC","24","CT","9350","10000","10000","10000","10000","10000","40007540","40007540","40007540","1"
"40007540_BD","HIT Non Stop  Alat","63","PC","24","CT","9350","10000","10000","10000","10000","10000","40007540","40007540","40007540","1"
"40007543","Hit Non Stop Eko Set","63","PC","24","CT","14867","15900","15900","15900","15900","15900","40007543","40007543","40007543","1"
"40007543_BD","Hit Non Stop Eko Set","63","PC","24","CT","14867","15900","15900","15900","15900","15900","40007543","40007543","40007543","1"
"40007546","HIT Non Stop Fresh Set XPower","63","PC","24","CT","14493","15500","15500","15500","15500","15500","40007546","40007546","40007546","1"
"40007546_BD","HIT Non Stop Fresh Set XPower","63","PC","24","CT","14493","15500","15500","15500","15500","15500","40007546","40007546","40007546","1"
"40007556","HIT Mat  4s Hanger (864s)","63","PC","864","CT","673","720","720","720","720","720","40007556","40007556","40007556","1"
"40007556_BD","HIT Mat  4s Hanger (864s)","63","PC","864","CT","673","720","720","720","720","720","40007556","40007556","40007556","1"
"40007561","HIT MAT Classic 48`s + 12`s","63","PC","72","CT","10451.43","11178","11178","11178","11178","11178","40007561","40007561","40007561","1"
"40007561_BD","HIT MAT Classic 48`s + 12`s","63","PC","72","CT","9406","10060","10060","10060","10060","10060","40007561","40007561","40007561","1"
"40007562_BD","HIT MAT CLASSIC 18S+6S 24X6","63","PC","144","CT","4929","5300","5300","5300","5300","5300","40007562","40007562","40007562","1"
"40007565","HIT Mat Hgr 18s(16+2s) (RT)","63","PC","144","CT","4385","4690","4690","4690","4690","4690","40007565","40007565","40007565","1"
"40007565_BD","HIT Mat Hgr 18s(16+2s) (RT)","63","PC","144","CT","4385","4690","4690","4690","4690","4690","40007565","40007565","40007565","1"
"40007568","HIT Mat 18s Display Box (SM)","63","PC","144","CT","5322.49","5693","5693","5693","5693","5693","40007568","40007568","40007568","1"
"40007568_BD","HIT Mat 18s Display Box (SM)","63","PC","144","CT","4385","4690","4690","4690","4690","4690","40007568","40007568","40007568","1"
"40007571_BD","HIT MAT Floral 48`s + 12`s","63","PC","72","CT","9355.8","10060","10060","10060","10060","10060","40007571","40007571","40007571","1"
"40007572_BD","HIT MAT FLORAL 18S+6S 24X6","63","PC","144","CT","4929","5300","5300","5300","5300","5300","40007572","40007572","40007572","1"
"40007573","HIT Mat Classic 48`s +6`s","63","PC","72","CT","10451.43","11178","11178","11178","11178","11178","40007573","40007573","40007573","1"
"40007573_BD","HIT Mat Classic 48`s +6`s","63","PC","72","CT","9724","10400","10400","10400","10400","10400","40007573","40007573","40007573","1"
"40007575","HIT Magic Floral 3s Hgr","63","PC","576","CT","318","340","340","340","340","340","40007575","40007575","40007575","1"
"40007575_BD","HIT Magic Floral 3s Hgr","63","PC","576","CT","318","340","340","340","340","340","40007575","40007575","40007575","1"
"40007576","HIT Magic Fresh 3 sheet","63","PC","576","CT","318","340","340","340","340","340","40007576","40007576","40007576","1"
"40007576_BD","HIT Magic Fresh 3 sheet","63","PC","576","CT","318","340","340","340","340","340","40007576","40007576","40007576","1"
"40007577","HIT Magic Floral 12 sheet","63","PC","144","CT","1683","1800","1800","1800","1800","1800","40007577","40007577","40007577","1"
"40007577_BD","HIT Magic Floral 12 sheet","63","PC","144","CT","1683","1800","1800","1800","1800","1800","40007577","40007577","40007577","1"
"40007578","HIT Magic Fresh 12s Display Bo","63","PC","144","CT","1683","1800","1800","1800","1800","1800","40007578","40007578","40007578","1"
"40007578_BD","HIT Magic Fresh 12s Display Bo","63","PC","144","CT","1683","1800","1800","1800","1800","1800","40007578","40007578","40007578","1"
"40007582_BD","HIT MAT Floral 18`s  + 9`s","63","PC","144","CT","4929","5300","5300","5300","5300","5300","40007582","40007582","40007582","1"
"40007596","HIT POMPA PLASTIK BARU 10X12","63","PC","120","CT","14960","16000","16000","16000","16000","16000","40007596","40007596","40007596","1"
"40007596_BD","HIT POMPA PLASTIK BARU 10X12","63","PC","120","CT","14960","16000","16000","16000","16000","16000","40007596","40007596","40007596","1"
"40007598","SHOCK ANTI SUMBAT BOTOL 375 GR","63","PC","24","CT","26217.4","28040","28040","28040","28040","28040","40007598","40007598","40007598","1"
"40007598_BD","SHOCK ANTI SUMBAT BOTOL 375 GR","63","PC","24","CT","24591","26300","26300","26300","26300","26300","40007598","40007598","40007598","1"
"40007604","Stella Liquid (Dome) Lemon 70","63","PC","24","CT","15586","16670","16670","16670","16670","16670","40007604","40007604","40007604","1"
"40007604_BD","Stella Liquid (Dome) Lemon 70","63","PC","24","CT","15586","16670","16670","16670","16670","16670","40007604","40007604","40007604","1"
"40007605","Stella Liquid (Dome) Orange 70","63","PC","24","CT","15586","16670","16670","16670","16670","16670","40007605","40007605","40007605","1"
"40007605_BD","Stella Liquid (Dome) Orange 70","63","PC","24","CT","15586","16670","16670","16670","16670","16670","40007605","40007605","40007605","1"
"40007608","Stella Reffil Strawberry 50ml","63","PC","36","CT","8929","9550","9550","9550","9550","9550","40007608","40007608","40007608","1"
"40007608_BD","Stella Reffil Strawberry 50ml","63","PC","36","CT","8929","9550","9550","9550","9550","9550","40007608","40007608","40007608","1"
"40007609_BD","STELLA SKYLINE APPLE 70 ML 4X6","63","PC","24","CT","17326","18530","18530","18530","18530","18530","40007609","40007609","40007609","1"
"40007610_BD","STELLA SKYLINE DRAGON 70 ML 4X6","63","PC","24","CT","17232.9","18530","18530","18530","18530","18530","40007610","40007610","40007610","1"
"40007611_BD","STELLA SKYLINE  LEMON 70 ML 4X6","63","PC","24","CT","17232.9","18530","18530","18530","18530","18530","40007611","40007611","40007611","1"
"40007612_BD","STELLA SKYLINE ORIN 70 ML 4X6","63","PC","24","CT","17232.9","18530","18530","18530","18530","18530","40007612","40007612","40007612","1"
"40007626","Stella Reffil Orange 50 ml","63","PC","36","CT","8929.25","9550","9550","9550","9550","9550","40007626","40007626","40007626","1"
"40007626_BD","Stella Reffil Orange 50 ml","63","PC","36","CT","8929.25","9550","9550","9550","9550","9550","40007626","40007626","40007626","1"
"40007627","Stella Reffil Lemon 50 ml","63","PC","36","CT","8929.25","9550","9550","9550","9550","9550","40007627","40007627","40007627","1"
"40007627_BD","Stella Reffil Lemon 50 ml","63","PC","36","CT","8929.25","9550","9550","9550","9550","9550","40007627","40007627","40007627","1"
"40007628","Stella Reffil Dragon 50 ml","63","PC","36","CT","8929.25","9550","9550","9550","9550","9550","40007628","40007628","40007628","1"
"40007628_BD","Stella Reffil Dragon 50 ml","63","PC","36","CT","8929.25","9550","9550","9550","9550","9550","40007628","40007628","40007628","1"
"40007630","STELLA CAR PARFUME REFFIL MUSK","63","PC","48","CT","15586","16670","16670","16670","16670","16670","40007630","40007630","40007630","1"
"40007630_BD","STELLA CAR PARFUME REFFIL MUSK","63","PC","48","CT","15586","16670","16670","16670","16670","16670","40007630","40007630","40007630","1"
"40007631_BD","STELLA CARPARFUME REFFIL SHINE","63","PC","48","CT","15503.1","16670","16670","16670","16670","16670","40007631","40007631","40007631","1"
"40007632","SETLLA CARPARFUME REFF ENERGYC","63","PC","48","CT","15586","16670","16670","16670","16670","16670","40007632","40007632","40007632","1"
"40007632_BD","SETLLA CARPARFUME REFF ENERGYC","63","PC","48","CT","15586","16670","16670","16670","16670","16670","40007632","40007632","40007632","1"
"40007634","Stella Car Parfume Set Shine","63","PC","24","CT","27115","29000","29000","29000","29000","29000","40007634","40007634","40007634","1"
"40007634_BD","Stella Car Parfume Set Shine","63","PC","24","CT","27115","29000","29000","29000","29000","29000","40007634","40007634","40007634","1"
"40007635","Stella Car Parfume Set Energyc","63","PC","24","CT","27115","29000","29000","29000","29000","29000","40007635","40007635","40007635","1"
"40007635_BD","Stella Car Parfume Set Energyc","63","PC","24","CT","27115","29000","29000","29000","29000","29000","40007635","40007635","40007635","1"
"40007637","STE. Car Freshner 70gr energyc","63","PC","72","CT","7877.1","8470","8470","8470","8470","8470","40007637","40007637","40007637","1"
"40007637_BD","STE. Car Freshner 70gr energyc","63","PC","72","CT","7877.1","8470","8470","8470","8470","8470","40007637","40007637","40007637","1"
"40007638","Ste. Car Freshener 70gr Spirit","63","PC","72","CT","7919","8470","8470","8470","8470","8470","40007638","40007638","40007638","1"
"40007638_BD","Ste. Car Freshener 70gr Spirit","63","PC","72","CT","7919","8470","8470","8470","8470","8470","40007638","40007638","40007638","1"
"40007639","Ste. Car Freshener 70gr Power","63","PC","72","CT","7877.1","8470","8470","8470","8470","8470","40007639","40007639","40007639","1"
"40007639_BD","Ste. Car Freshener 70gr Power","63","PC","72","CT","7877.1","8470","8470","8470","8470","8470","40007639","40007639","40007639","1"
"40007640","STL.CAR PERFUME MUSK SET NEW","63","PC","24","CT","27115","29000","29000","29000","29000","29000","40007640","40007640","40007640","1"
"40007640_BD","STL.CAR PERFUME MUSK SET NEW","63","PC","24","CT","27115","29000","29000","29000","29000","29000","40007640","40007640","40007640","1"
"40007641","Stella CAR PERFUME ENERGYCSET","63","PC","24","CT","27115","29000","29000","29000","29000","29000","40007641","40007641","40007641","1"
"40007641_BD","Stella CAR PERFUME ENERGYCSET","63","PC","24","CT","27115","29000","29000","29000","29000","29000","40007641","40007641","40007641","1"
"40007642","Stella CAR PERFUME SHINE SET","63","PC","24","CT","27115","29000","29000","29000","29000","29000","40007642","40007642","40007642","1"
"40007642_BD","Stella CAR PERFUME SHINE SET","63","PC","24","CT","27115","29000","29000","29000","29000","29000","40007642","40007642","40007642","1"
"40007644","STE HONEYKISSTWINS7M-MUSKSHINE","63","PC","24","CT","18373","19650","19650","19650","19650","19650","40007644","40007644","40007644","1"
"40007644_BD","STE HONEYKISSTWINS7M-MUSKSHINE","63","PC","24","CT","18373","19650","19650","19650","19650","19650","40007644","40007644","40007644","1"
"40007645","STE HNYKISSTWINS7M-SHINE ENRGY","63","PC","24","CT","18373","19650","19650","19650","19650","19650","40007645","40007645","40007645","1"
"40007645_BD","STE HNYKISSTWINS7M-SHINE ENRGY","63","PC","24","CT","18373","19650","19650","19650","19650","19650","40007645","40007645","40007645","1"
"40007648","Stella All In One Orange 70gr","63","PC","72","CT","8322","8900","8900","8900","8900","8900","40007648","40007648","40007648","1"
"40007648_BD","Stella All In One Orange 70gr","63","PC","72","CT","8322","8900","8900","8900","8900","8900","40007648","40007648","40007648","1"
"40007651","Stella All InOne Bougenville70","63","PC","72","CT","8322","8900","8900","8900","8900","8900","40007651","40007651","40007651","1"
"40007651_BD","Stella All InOne Bougenville70","63","PC","72","CT","8322","8900","8900","8900","8900","8900","40007651","40007651","40007651","1"
"40007652","Stella All in One sensation 70","63","PC","72","CT","8322","8900","8900","8900","8900","8900","40007652","40007652","40007652","1"
"40007652_BD","Stella All in One sensation 70","63","PC","72","CT","8322","8900","8900","8900","8900","8900","40007652","40007652","40007652","1"
"40007653","Stella All In One70gr Lemon-BM","63","PC","72","CT","8322","8900","8900","8900","8900","8900","40007653","40007653","40007653","1"
"40007653_BD","Stella All In One70gr Lemon-BM","63","PC","72","CT","8322","8900","8900","8900","8900","8900","40007653","40007653","40007653","1"
"40007654","Stella All In One70g Orange-BM","63","PC","72","CT","8322","8900","8900","8900","8900","8900","40007654","40007654","40007654","1"
"40007654_BD","Stella All In One70g Orange-BM","63","PC","72","CT","8322","8900","8900","8900","8900","8900","40007654","40007654","40007654","1"
"40007655","STELLA BLOSSOM 60GR FRUITY","63","PC","36","CT","12884","13780","13780","13780","13780","13780","40007655","40007655","40007655","1"
"40007655_BD","STELLA BLOSSOM 60GR FRUITY","63","PC","36","CT","12884","13780","13780","13780","13780","13780","40007655","40007655","40007655","1"
"40007656","STELLA BLOSSOM 60GR FLORAL","63","PC","36","CT","12884","13780","13780","13780","13780","13780","40007656","40007656","40007656","1"
"40007656_BD","STELLA BLOSSOM 60GR FLORAL","63","PC","36","CT","12884","13780","13780","13780","13780","13780","40007656","40007656","40007656","1"
"40007658","Stella Aerosol Jasmine 250 ml","63","PC","12","CT","10556","11300","11300","11300","11300","11300","40007658","40007658","40007658","1"
"40007658_BD","Stella Aerosol Jasmine 250 ml","63","PC","12","CT","10556","11300","11300","11300","11300","11300","40007658","40007658","40007658","1"
"40007659","Stella A.Therapy 250ml Lemon","63","PC","12","CT","11201","11980","11980","11980","11980","11980","40007659","40007659","40007659","1"
"40007659_BD","Stella A.Therapy 250ml Lemon","63","PC","12","CT","11201","11980","11980","11980","11980","11980","40007659","40007659","40007659","1"
"40007660","Stella A.Therapy 250ml Rose","63","PC","12","CT","11201","11980","11980","11980","11980","11980","40007660","40007660","40007660","1"
"40007660_BD","Stella A.Therapy 250ml Rose","63","PC","12","CT","11201","11980","11980","11980","11980","11980","40007660","40007660","40007660","1"
"40007661","Stella Aerosol Apple 250 ml","63","PC","12","CT","11201","11980","11980","11980","11980","11980","40007661","40007661","40007661","1"
"40007661_BD","Stella Aerosol Apple 250 ml","63","PC","12","CT","11201","11980","11980","11980","11980","11980","40007661","40007661","40007661","1"
"40007662","Stella A.Therapy 250ml Orange","63","PC","12","CT","11201","11980","11980","11980","11980","11980","40007662","40007662","40007662","1"
"40007662_BD","Stella A.Therapy 250ml Orange","63","PC","12","CT","11201","11980","11980","11980","11980","11980","40007662","40007662","40007662","1"
"40007663","Stella Odour Neutralizer 250ml","63","PC","12","CT","17036","18220","18220","18220","18220","18220","40007663","40007663","40007663","1"
"40007663_BD","Stella Odour Neutralizer 250ml","63","PC","12","CT","17036","18220","18220","18220","18220","18220","40007663","40007663","40007663","1"
"40007665","STELLA A.THERAPY 400ML JASMINE","63","PC","12","CT","17952","19200","19200","19200","19200","19200","40007665","40007665","40007665","1"
"40007665_BD","STELLA A.THERAPY 400ML JASMINE","63","PC","12","CT","17952","19200","19200","19200","19200","19200","40007665","40007665","40007665","1"
"40007666","STELLA AEROSOL LEMON 400 ML","63","PC","12","CT","17952","19200","19200","19200","19200","19200","40007666","40007666","40007666","1"
"40007666_BD","STELLA AEROSOL LEMON 400 ML","63","PC","12","CT","17952","19200","19200","19200","19200","19200","40007666","40007666","40007666","1"
"40007667","STELLA A.THERAPY 400ML ROSE","63","PC","12","CT","17952","19200","19200","19200","19200","19200","40007667","40007667","40007667","1"
"40007667_BD","STELLA A.THERAPY 400ML ROSE","63","PC","12","CT","17952","19200","19200","19200","19200","19200","40007667","40007667","40007667","1"
"40007668","STELLA A THERAPY 400ML APPLE B","63","PC","12","CT","17952","19200","19200","19200","19200","19200","40007668","40007668","40007668","1"
"40007668_BD","STELLA A THERAPY 400ML APPLE B","63","PC","12","CT","17952","19200","19200","19200","19200","19200","40007668","40007668","40007668","1"
"40007669","STELLA AEROSOL ORANGE 400 ML","63","PC","12","CT","17952","19200","19200","19200","19200","19200","40007669","40007669","40007669","1"
"40007669_BD","STELLA AEROSOL ORANGE 400 ML","63","PC","12","CT","17952","19200","19200","19200","19200","19200","40007669","40007669","40007669","1"
"40007670","STELLA ODOUR NEUTRALIZER 400ML","63","PC","12","CT","17952","19200","19200","19200","19200","19200","40007670","40007670","40007670","1"
"40007670_BD","STELLA ODOUR NEUTRALIZER 400ML","63","PC","12","CT","17952","19200","19200","19200","19200","19200","40007670","40007670","40007670","1"
"40007682","STE AE PURE&FRESH 400MLB.TPP","63","PC","12","CT","17952","19200","19200","19200","19200","19200","40007682","40007682","40007682","1"
"40007682_BD","STE AE PURE&FRESH 400MLB.TPP","63","PC","12","CT","17952","19200","19200","19200","19200","19200","40007682","40007682","40007682","1"
"40007709","Stella MINI Matic (Alat)","63","PC","24","CT","44915","48038","48038","48038","48038","48038","40007709","40007709","40007709","1"
"40007709_BD","Stella MINI Matic (Alat)","63","PC","24","CT","44915","48038","48038","48038","48038","43750","40007709","40007709","40007709","1"
"40007710","Stella Matic","63","PC","12","CT","56399.2","60320","60320","60320","60320","60320","40007710","40007710","40007710","1"
"40007710_BD","Stella Matic","63","PC","12","CT","50733","54260","54260","54260","54260","54260","40007710","40007710","40007710","1"
"40007711_BD","STELLA MATICREFILL 225ML LEMON","63","PC","12","CT","26461","28300","28300","28300","28300","28300","40007711","40007711","40007711","1"
"40007712","STELLA MATICREFILL225ML ORANGE","63","PC","12","CT","26461","28300","28300","28300","28300","28300","40007712","40007712","40007712","1"
"40007712_BD","STELLA MATICREFILL225ML ORANGE","63","PC","12","CT","26461","28300","28300","28300","28300","28300","40007712","40007712","40007712","1"
"40007713","Stella Matic Ref.225ml W.Flowr","63","PC","12","CT","25245","27000","27000","27000","27000","27000","40007713","40007713","40007713","1"
"40007713_BD","Stella Matic Ref.225ml W.Flowr","63","PC","12","CT","25245","27000","27000","27000","27000","27000","40007713","40007713","40007713","1"
"40007714","STELLA MATIC REF.225ML-GREEN F","63","PC","12","CT","26461","28300","28300","28300","28300","28300","40007714","40007714","40007714","1"
"40007714_BD","STELLA MATIC REF.225ML-GREEN F","63","PC","12","CT","26461","28300","28300","28300","28300","28300","40007714","40007714","40007714","1"
"40007715_BD","Stella Matic Ref.225ml-S.Gardn","63","PC","12","CT","25110","27000","27000","27000","27000","27000","40007715","40007715","40007715","1"
"40007716_BD","StellaMINI MaticREF.40m-Eltion","63","PC","24","CT","19716","21200","21200","21200","21200","21200","40007716","40007716","40007716","1"
"40007717","STELLA MINI METIC RF 40ML G FANTASY GB","63","PC","24","CT","20851","22300","22300","22300","22300","22300","40007717","40007717","40007717","1"
"40007717_BD","STELLA MINI METIC RF 40ML G FANTASY GB","63","PC","24","CT","20851","22300","22300","22300","22300","22300","40007717","40007717","40007717","1"
"40007719","Stella Matic.REF 225ml LMN /SB","63","PC","12","CT","25245","27000","27000","27000","27000","27000","40007719","40007719","40007719","1"
"40007719_BD","Stella Matic.REF 225ml LMN /SB","63","PC","12","CT","25245","27000","27000","27000","27000","27000","40007719","40007719","40007719","1"
"40007720","Stella Matic.REF 225ml ORNG-SB","63","PC","12","CT","25245","27000","27000","27000","27000","27000","40007720","40007720","40007720","1"
"40007720_BD","Stella Matic.REF 225ml ORNG-SB","63","PC","12","CT","25245","27000","27000","27000","27000","27000","40007720","40007720","40007720","1"
"40007721_BD","STE MINI MATIC REF40ML-T BREEF","63","PC","24","CT","40687.5","43750","43750","43750","43750","43750","40007721","40007721","40007721","1"
"40007722","Stella Mini Matic Duo","63","PC","12","CT","55436.15","59290","59290","59290","59290","59290","40007722","40007722","40007722","1"
"40007722_BD","Stella Mini Matic Duo","63","PC","12","CT","55436.15","59290","59290","59290","59290","59290","40007722","40007722","40007722","1"
"40007723_BD","STE MINI MATIC REF40ML-T BREEF","63","PC","24","CT","18748.8","20160","20160","20160","20160","20160","40007723","40007723","40007723","1"
"40007724_BD","STE MINI MATIC REF40ML-B OCEAN","63","PC","24","CT","19716","21200","21200","21200","21200","21200","40007724","40007724","40007724","1"
"40007725_BD","STE MINI MATIC REF40ML-S DREAM","63","PC","24","CT","18748.8","20160","20160","20160","20160","20160","40007725","40007725","40007725","1"
"40007726_BD","STL MN MTC REF 40ML ELATION GB","63","PC","24","CT","19716","21200","21200","21200","21200","21200","40007726","40007726","40007726","1"
"40007727","STELLA MINI METIC RF 40ML G.FANTASY GB","63","PC","24","CT","19822","21200","21200","21200","21200","21200","40007727","40007727","40007727","1"
"40007727_BD","STELLA MINI METIC RF 40ML G.FANTASY GB","63","PC","24","CT","19822","21200","21200","21200","21200","21200","40007727","40007727","40007727","1"
"40007728","STL MN MTC REF 40ML T-BREEZ'GB","63","PC","24","CT","18850","20160","20160","20160","20160","20160","40007728","40007728","40007728","1"
"40007728_BD","STL MN MTC REF 40ML T-BREEZ'GB","63","PC","24","CT","18850","20160","20160","20160","20160","20160","40007728","40007728","40007728","1"
"40007729_BD","STL MN MTC REF 40ML B.OCEAN GB","63","PC","24","CT","19716","21200","21200","21200","21200","21200","40007729","40007729","40007729","1"
"40007730","STL MN MTC REF 40ML S.DREAM GB","63","PC","24","CT","18849.6","20160","20160","20160","20160","20160","40007730","40007730","40007730","1"
"40007730_BD","STL MN MTC REF 40ML S.DREAM GB","63","PC","24","CT","18849.6","20160","20160","20160","20160","20160","40007730","40007730","40007730","1"
"40007731","STE MTC REFF FRUIT FIESTA 225M","63","PC","12","CT","26461","28300","28300","28300","28300","28300","40007731","40007731","40007731","1"
"40007731_BD","STE MTC REFF FRUIT FIESTA 225M","63","PC","12","CT","26461","28300","28300","28300","28300","28300","40007731","40007731","40007731","1"
"40007732_BD","STE MTC REFF FRESH&CLEAN 225ML","63","PC","12","CT","25110","27000","27000","27000","27000","27000","40007732","40007732","40007732","1"
"40007733","STL MN.MATIC DUO FREE 2 REFILL","63","PC","12","CT","55436","59290","59290","59290","59290","59290","40007733","40007733","40007733","1"
"40007733_BD","STL MN.MATIC DUO FREE 2 REFILL","63","PC","12","CT","55436","59290","59290","59290","59290","59290","40007733","40007733","40007733","1"
"40007734","STELLA FINESSE JASMINE 20 GR 4X12","63","PC","48","CT","5236","5600","5600","5600","5600","5600","40007734","40007734","40007734","1"
"40007734_BD","STELLA FINESSE JASMINE 20 GR 4X12","63","PC","48","CT","5236","5600","5600","5600","5600","5600","40007734","40007734","40007734","1"
"40007735_BD","STELLA FINESSE LAVENDER 20 GR 4X12","63","PC","48","CT","5208","5600","5600","5600","5600","5600","40007735","40007735","40007735","1"
"40007736_BD","STELLA FINESSE ROSE 20 GR 4X12","63","PC","48","CT","5208","5600","5600","5600","5600","5600","40007736","40007736","40007736","1"
"40007737","STELLA FIN.BATHROOM70 FRESH GR","63","PC","72","CT","6919","7400","7400","7400","7400","7400","40007737","40007737","40007737","1"
"40007737_BD","STELLA FIN.BATHROOM70 FRESH GR","63","PC","72","CT","6919","7400","7400","7400","7400","7400","40007737","40007737","40007737","1"
"40007738","STELLA FIN,BATHROOM70G PASSRED","63","PC","72","CT","6919","7400","7400","7400","7400","7400","40007738","40007738","40007738","1"
"40007738_BD","STELLA FIN,BATHROOM70G PASSRED","63","PC","72","CT","6919","7400","7400","7400","7400","7400","40007738","40007738","40007738","1"
"40007739","STELLA FIN.BATHROOM70G COOL BL","63","PC","72","CT","6919","7400","7400","7400","7400","7400","40007739","40007739","40007739","1"
"40007739_BD","STELLA FIN.BATHROOM70G COOL BL","63","PC","72","CT","6919","7400","7400","7400","7400","7400","40007739","40007739","40007739","1"
"40007741","STL BATHROOM P.RED  70GR ""KC""","63","PC","72","CT","6919","7400","7400","7400","7400","7400","40007741","40007741","40007741","1"
"40007741_BD","STL BATHROOM P.RED  70GR ""KC""","63","PC","72","CT","6919","7400","7400","7400","7400","7400","40007741","40007741","40007741","1"
"40007742","STELLA AC FRESH LEMON 80GR","63","PC","72","CT","9070","9700","9700","9700","9700","9700","40007742","40007742","40007742","1"
"40007742_BD","STELLA AC FRESH LEMON 80GR","63","PC","72","CT","9070","9700","9700","9700","9700","9700","40007742","40007742","40007742","1"
"40007743","STELLA AC TROPICAL ORANGE 80GR","63","PC","72","CT","9070","9700","9700","9700","9700","9700","40007743","40007743","40007743","1"
"40007743_BD","STELLA AC TROPICAL ORANGE 80GR","63","PC","72","CT","9070","9700","9700","9700","9700","9700","40007743","40007743","40007743","1"
"40007827_BD","HIT ONE PUSH ORANGE 10 ML","63","PC","24","CT","18162.9","19530","19530","19530","19530","19530","40007827","40007827","40007827","1"
"40007828_BD","HIT ONE PUSH GTEA 10 ML","63","PC","24","CT","18162.9","19530","19530","19530","19530","19530","40007828","40007828","40007828","1"
"40007831_BD","HIT Aer Lemon 275ml Baru","63","PC","12","CT","13773","14730","14730","14730","14730","14730","40007831","40007831","40007831","1"
"40007835_BD","HIT Aer Lemon 750ml Baru","63","PC","12","CT","29237","31270","31270","31270","31270","31270","40007835","40007835","40007835","1"
"40007836_BD","HIT Aer Orange 750ml Baru","63","PC","12","CT","29237","31270","31270","31270","31270","31270","40007836","40007836","40007836","1"
"40007843_BD","HIT Aer Orange 400ml (G)","63","PC","12","CT","22721","24300","24300","24300","24300","24300","40007843","40007843","40007843","1"
"40007844_BD","HIT Aer Lemon 400ml (G)","63","PC","12","CT","18233","19490","19490","19490","19490","19490","40007844","40007844","40007844","1"
"40007847_BD","HIT Aerosol Lemon 275 ml + 15%","63","PC","12","CT","13773","14730","14730","14730","14730","14730","40007847","40007847","40007847","1"
"40007850_BD","HIT Aer Lemon 600ml Polos","63","PC","12","CT","28639","30630","30630","30630","30630","30630","40007850","40007850","40007850","1"
"40007852_BD","HIT Aer GTea 400ml (330+70)(N)","63","PC","12","CT","18223","19490","19490","19490","19490","19490","40007852","40007852","40007852","1"
"40007854_BD","HIT Aerosol Green Tea 750 ml","63","PC","12","CT","29237","31270","31270","31270","31270","31270","40007854","40007854","40007854","1"
"40007858_BD","HIT Aer Green Tea 600ml + 20%","63","PC","12","CT","28639","30630","30630","30630","30630","30630","40007858","40007858","40007858","1"
"40007859_BD","HIT Aer Orange 600 ml + 20%","63","PC","12","CT","32351","34600","34600","34600","34600","34600","40007859","40007859","40007859","1"
"40007865_BD","HIT Aer GTea 275ml (240+35)(N)","63","PC","12","CT","13773","14730","14730","14730","14730","14730","40007865","40007865","40007865","1"
"40007866_BD","HIT Aer Orange 275ml (240+35)D","63","PC","12","CT","12529","13400","13400","13400","13400","13400","40007866","40007866","40007866","1"
"40007867_BD","HIT Aerosol Lemon 275 ml","63","PC","12","CT","13773","14730","14730","14730","14730","14730","40007867","40007867","40007867","1"
"40007868","GAS WONDERFUEL 220GR","63","PC","12","CT","19168","20500","20500","20500","20500","20500","40007868","40007868","40007868","1"
"40007868_BD","GAS WONDERFUEL 220GR","63","PC","12","CT","19168","20500","20500","20500","20500","20500","40007868","40007868","40007868","1"
"40007897","MITU BABY SABUNMANDI BTL.200ML 6X6","63","PC","36","CT","12136","12980","12980","12980","12980","12980","40007897","40007897","40007897","1"
"40007897_BD","MITU BABY SABUNMANDI BTL.200ML 6X6","63","PC","36","CT","12136","12980","12980","12980","12980","12980","40007897","40007897","40007897","1"
"40007898","MITU BABY SABUNMANDI REFIL200ML 6X6","63","PC","36","CT","11407","12200","12200","12200","12200","12200","40007898","40007898","40007898","1"
"40007898_BD","MITU BABY SABUNMANDI REFIL200ML 6X6","63","PC","36","CT","11407","12200","12200","12200","12200","12200","40007898","40007898","40007898","1"
"40007899","Mitu B.SbnMandi 2in1 7ml(24x24","63","PC","576","CT","289.8","310","310","310","310","310","40007899","40007899","40007899","1"
"40007899_BD","Mitu B.SbnMandi 2in1 7ml(24x24","63","PC","576","CT","289.8","310","310","310","310","310","40007899","40007899","40007899","1"
"40007903","MT. BBYSBNMND 2IN1 REF 400ML","63","PC","12","CT","19635","21000","21000","21000","21000","21000","40007903","40007903","40007903","1"
"40007903_BD","MT. BBYSBNMND 2IN1 REF 400ML","63","PC","12","CT","19635","21000","21000","21000","21000","21000","40007903","40007903","40007903","1"
"40007912","Mitu Baby Powder Btl Blue 100g","63","PC","36","CT","5843.75","6250","6250","6250","6250","6250","40007912","40007912","40007912","1"
"40007912_BD","Mitu Baby Powder Btl Blue 100g","63","PC","36","CT","5610","6000","6000","6000","6000","6000","40007912","40007912","40007912","1"
"40007913","Mitu Baby pwd Btl Pink 200gr B","63","PC","36","CT","10238.25","10950","10950","10950","10950","10950","40007913","40007913","40007913","1"
"40007913_BD","Mitu Baby pwd Btl Pink 200gr B","63","PC","36","CT","9911","10600","10600","10600","10600","10600","40007913","40007913","40007913","1"
"40007914","Mitu Baby pwd Btl Blue 200gr B","63","PC","36","CT","10238.25","10950","10950","10950","10950","10950","40007914","40007914","40007914","1"
"40007914_BD","Mitu Baby pwd Btl Blue 200gr B","63","PC","36","CT","9911","10600","10600","10600","10600","10600","40007914","40007914","40007914","1"
"40007916","Mitu Baby Powder Bottle Pink 2","63","PC","36","CT","10285","11000","11000","11000","11000","11000","40007916","40007916","40007916","1"
"40007916_BD","Mitu Baby Powder Bottle Pink 2","63","PC","36","CT","9911","10600","10600","10600","10600","10600","40007916","40007916","40007916","1"
"40007918_BD","MITU BABY MILK BATH BTL 200ML","63","PC","36","CT","10006.8","10760","10760","10760","10760","10760","40007918","40007918","40007918","1"
"40007919_BD","MITU BABY MILK BATH REFF 200M","63","PC","36","CT","8556","9200","9200","9200","9200","9200","40007919","40007919","40007919","1"
"40007920_BD","MITU BABY MILK BATH REF 400M","63","PC","12","CT","19809","21300","21300","21300","21300","21300","40007920","40007920","40007920","1"
"40007924","MITU BABY COLOGNE GREEN 50ML","63","PC","48","CT","8695.5","9300","9300","9300","9300","9300","40007924","40007924","40007924","1"
"40007924_BD","MITU BABY COLOGNE GREEN 50ML","63","PC","48","CT","8695.5","9300","9300","9300","9300","9300","40007924","40007924","40007924","1"
"40007925","MITU BABY COLOGNE BTL 50M PINK","63","PC","48","CT","8695.5","9300","9300","9300","9300","9300","40007925","40007925","40007925","1"
"40007925_BD","MITU BABY COLOGNE BTL 50M PINK","63","PC","48","CT","8228","8800","8800","8800","8800","8800","40007925","40007925","40007925","1"
"40007926","MITU BABYCOLOGNE BTL100M GREEN","63","PC","48","CT","15428","16500","16500","16500","16500","16500","40007926","40007926","40007926","1"
"40007926_BD","MITU BABYCOLOGNE BTL100M GREEN","63","PC","48","CT","15428","16500","16500","16500","16500","16500","40007926","40007926","40007926","1"
"40007927","MITU BABY COLOGNE BTL 100 PINK","63","PC","48","CT","15428","16500","16500","16500","16500","16500","40007927","40007927","40007927","1"
"40007927_BD","MITU BABY COLOGNE BTL 100 PINK","63","PC","48","CT","15428","16500","16500","16500","16500","16500","40007927","40007927","40007927","1"
"40007949","WETTIES F.REF BTL60S A.SEPTIC+","63","PC","24","CT","10005","10700","10700","10700","10700","10700","40007949","40007949","40007949","1"
"40007949_BD","WETTIES F.REF BTL60S A.SEPTIC+","63","PC","24","CT","9537","10200","10200","10200","10200","10200","40007949","40007949","40007949","1"
"40007950","Mitu FineseTrav.Pack Facial10s","63","PC","144","CT","5012","5360","5360","5360","5360","5360","40007950","40007950","40007950","1"
"40007950_BD","Mitu FineseTrav.Pack Facial10s","63","PC","144","CT","5012","5360","5360","5360","5360","5360","40007950","40007950","40007950","1"
"40007951_BD","MIT SHIKADA TPACK10S-OIL SKIN 12X12","63","PC","144","CT","4984.8","5360","5360","5360","5360","5360","40007951","40007951","40007951","1"
"40007957","MITU BOTOL TISSUE BABY BLUE","63","PC","24","CT","11107.8","11880","11880","11880","11880","11880","40007957","40007957","40007957","1"
"40007957_BD","MITU BOTOL TISSUE BABY BLUE","63","PC","24","CT","11107.8","11880","11880","11880","11880","11880","40007957","40007957","40007957","1"
"40007959","MITU BOTOL TISSUE BABY PINK","63","PC","24","CT","11108","11880","11880","11880","11880","11880","40007959","40007959","40007959","1"
"40007959_BD","MITU BOTOL TISSUE BABY PINK","63","PC","24","CT","11108","11880","11880","11880","11880","11880","40007959","40007959","40007959","1"
"40007961_BD","MT TISSUE BTL60'SAntspticGREEN","63","PC","24","CT","12722.4","13680","13680","13680","13680","13680","40007961","40007961","40007961","1"
"40007962_BD","MITU REFFIL BABY PINK","63","PC","24","CT","10053.3","10810","10810","10810","10810","10810","40007962","40007962","40007962","1"
"40007963","MITU REFFIL BABY BLUE","63","PC","24","CT","10107","10810","10810","10810","10810","10810","40007963","40007963","40007963","1"
"40007963_BD","MITU REFFIL BABY BLUE","63","PC","24","CT","10107","10810","10810","10810","10810","10810","40007963","40007963","40007963","1"
"40007967","MITU ExtraThick Wipes50's PINK","63","PC","24","CT","11342","12130","12130","12130","12130","12130","40007967","40007967","40007967","1"
"40007967_BD","MITU ExtraThick Wipes50's PINK","63","PC","24","CT","11342","12130","12130","12130","12130","12130","40007967","40007967","40007967","1"
"40007971_BD","Mitu Ex.Thick50's Sensit+BDP","63","PC","24","CT","11913.3","12810","12810","12810","12810","12810","40007971","40007971","40007971","1"
"40007984","MITU REG 24'S PINK (STC 5900)","63","PC","36","CT","4675","5000","5000","5000","5000","5000","40007984","40007984","40007984","1"
"40007984_BD","MITU REG 24'S PINK (STC 5900)","63","PC","36","CT","4675","5000","5000","5000","5000","5000","40007984","40007984","40007984","1"
"40007988_BD","Mitu ExtraThick 50's Sensitive","63","PC","24","CT","11913.3","12810","12810","12810","12810","12810","40007988","40007988","40007988","1"
"40007991","MITU BABY REG. PINK 24`S","63","PC","36","CT","4675","5000","5000","5000","5000","5000","40007991","40007991","40007991","1"
"40007991_BD","MITU BABY REG. PINK 24`S","63","PC","36","CT","4675","5000","5000","5000","5000","5000","40007991","40007991","40007991","1"
"40007992","MITU BABY REG. BLUE 24S","63","PC","36","CT","4675","5000","5000","5000","5000","5000","40007992","40007992","40007992","1"
"40007992_BD","MITU BABY REG. BLUE 24S","63","PC","36","CT","4675","5000","5000","5000","5000","5000","40007992","40007992","40007992","1"
"40007998_BD","MITU BABY ET SENSITIVE50'S+BFR","63","PC","24","CT","11913.3","12810","12810","12810","12810","12810","40007998","40007998","40007998","1"
"40008004","MT BBY E.THICK WP50'S SNSTFPKT","63","PC","12","CT","22814","24400","24400","24400","24400","24400","40008004","40008004","40008004","1"
"40008004_BD","MT BBY E.THICK WP50'S SNSTFPKT","63","PC","12","CT","22814","24400","24400","24400","24400","24400","40008004","40008004","40008004","1"
"40008008_BD","MITU BABY ET SENSTIVE50S+FTOYS","63","PC","24","CT","11913.3","12810","12810","12810","12810","12810","40008008","40008008","40008008","1"
"40008011","Mitu Baby SoftCare Blue 24`s +","63","PC","24","CT","15540","16620","16620","16620","16620","16620","40008011","40008011","40008011","1"
"40008011_BD","Mitu Baby SoftCare Blue 24`s +","63","PC","24","CT","15540","16620","16620","16620","16620","16620","40008011","40008011","40008011","1"
"40008012","Mitu BoxSCare W24+6PINK+Mitu7m","63","PC","24","CT","15540","16620","16620","16620","16620","16620","40008012","40008012","40008012","1"
"40008012_BD","Mitu BoxSCare W24+6PINK+Mitu7m","63","PC","24","CT","15540","16620","16620","16620","16620","16620","40008012","40008012","40008012","1"
"40008015","Mitu Reguler 24'S-PINK+BB30gr","63","PC","36","CT","4675","5000","5000","5000","5000","5000","40008015","40008015","40008015","1"
"40008015_BD","Mitu Reguler 24'S-PINK+BB30gr","63","PC","36","CT","4675","5000","5000","5000","5000","5000","40008015","40008015","40008015","1"
"40008021","MITU ExtraThick Wipes50's BLUE","63","PC","24","CT","11342","12130","12130","12130","12130","12130","40008021","40008021","40008021","1"
"40008021_BD","MITU ExtraThick Wipes50's BLUE","63","PC","24","CT","11342","12130","12130","12130","12130","12130","40008021","40008021","40008021","1"
"40008024","Mitu BoxSCareWP24's Pink+Mt7ml","63","PC","24","CT","15540","16620","16620","16620","16620","16620","40008024","40008024","40008024","1"
"40008024_BD","Mitu BoxSCareWP24's Pink+Mt7ml","63","PC","24","CT","15540","16620","16620","16620","16620","16620","40008024","40008024","40008024","1"
"40008031","Mt REG.Wp 24+6's Sensitiv+BMB","63","PC","36","CT","6536","6990","6990","6990","6990","6990","40008031","40008031","40008031","1"
"40008031_BD","Mt REG.Wp 24+6's Sensitiv+BMB","63","PC","36","CT","6536","6990","6990","6990","6990","6990","40008031","40008031","40008031","1"
"40008032","Mitu Reg. 50'S Pink+TPB 10'S","63","PC","24","CT","9200","9840","9840","9840","9840","9840","40008032","40008032","40008032","1"
"40008032_BD","Mitu Reg. 50'S Pink+TPB 10'S","63","PC","24","CT","9200","9840","9840","9840","9840","9840","40008032","40008032","40008032","1"
"40008033","Mitu Reg. 50'S Blue+TP 10'S","63","PC","24","CT","9200","9840","9840","9840","9840","9840","40008033","40008033","40008033","1"
"40008033_BD","Mitu Reg. 50'S Blue+TP 10'S","63","PC","24","CT","9200","9840","9840","9840","9840","9840","40008033","40008033","40008033","1"
"40008034","MITU BABYT REG PINK50S BTPP10","63","PC","24","CT","9200","9840","9840","9840","9840","9840","40008034","40008034","40008034","1"
"40008034_BD","MITU BABYT REG PINK50S BTPP10","63","PC","24","CT","9200","9840","9840","9840","9840","9840","40008034","40008034","40008034","1"
"40008040","MT REG 50'S PINK (STC 9900)","63","PC","24","CT","9200","9840","9840","9840","9840","9840","40008040","40008040","40008040","1"
"40008040_BD","MT REG 50'S PINK (STC 9900)","63","PC","24","CT","9200","9840","9840","9840","9840","9840","40008040","40008040","40008040","1"
"40008041","MT REG 50'S BLUE (STC 9900)","63","PC","24","CT","9200","9840","9840","9840","9840","9840","40008041","40008041","40008041","1"
"40008041_BD","MT REG 50'S BLUE (STC 9900)","63","PC","24","CT","9200","9840","9840","9840","9840","9840","40008041","40008041","40008041","1"
"40008043","MITU BABY REG  PINK 50S","63","PC","24","CT","9200","9840","9840","9840","9840","9840","40008043","40008043","40008043","1"
"40008043_BD","MITU BABY REG  PINK 50S","63","PC","24","CT","9200","9840","9840","9840","9840","9840","40008043","40008043","40008043","1"
"40008044","MITU BABY REG. BLUE 50`S","63","PC","24","CT","9200","9840","9840","9840","9840","9840","40008044","40008044","40008044","1"
"40008044_BD","MITU BABY REG. BLUE 50`S","63","PC","24","CT","9200","9840","9840","9840","9840","9840","40008044","40008044","40008044","1"
"40008046","Mitu BabyReg50'S Blue(Pls)BMB","63","PC","24","CT","9200","9840","9840","9840","9840","9840","40008046","40008046","40008046","1"
"40008046_BD","Mitu BabyReg50'S Blue(Pls)BMB","63","PC","24","CT","9200","9840","9840","9840","9840","9840","40008046","40008046","40008046","1"
"40008048","Mitu Reg Pink 50'S + BWA 5'S","63","PC","24","CT","9200","9840","9840","9840","9840","9840","40008048","40008048","40008048","1"
"40008048_BD","Mitu Reg Pink 50'S + BWA 5'S","63","PC","24","CT","9200","9840","9840","9840","9840","9840","40008048","40008048","40008048","1"
"40008049","Mitu Reg.50's Blue+BWA'5S","63","PC","24","CT","9200","9840","9840","9840","9840","9840","40008049","40008049","40008049","1"
"40008049_BD","Mitu Reg.50's Blue+BWA'5S","63","PC","24","CT","9200","9840","9840","9840","9840","9840","40008049","40008049","40008049","1"
"40008050","MITU BOXSOFTCAREWP 24S PINK","63","PC","24","CT","15540","16620","16620","16620","16620","16620","40008050","40008050","40008050","1"
"40008050_BD","MITU BOXSOFTCAREWP 24S PINK","63","PC","24","CT","15540","16620","16620","16620","16620","16620","40008050","40008050","40008050","1"
"40008052","MITU BABY T REG SENSITIVE24+6S","63","PC","36","CT","6536","6990","6990","6990","6990","6990","40008052","40008052","40008052","1"
"40008052_BD","MITU BABY T REG SENSITIVE24+6S","63","PC","36","CT","6536","6990","6990","6990","6990","6990","40008052","40008052","40008052","1"
"40008053","MITU REG 24'S PINK (STC 4900)","63","PC","36","CT","4675","5000","5000","5000","5000","5000","40008053","40008053","40008053","1"
"40008053_BD","MITU REG 24'S PINK (STC 4900)","63","PC","36","CT","4675","5000","5000","5000","5000","5000","40008053","40008053","40008053","1"
"40008054","Mitu Reg24'S Blue (STC 4900)","63","PC","36","CT","4675","5000","5000","5000","5000","5000","40008054","40008054","40008054","1"
"40008054_BD","Mitu Reg24'S Blue (STC 4900)","63","PC","36","CT","4675","5000","5000","5000","5000","5000","40008054","40008054","40008054","1"
"40008058","MITU REG BLUE 50'S BND CLGN50M","63","PC","24","CT","9200","9840","9840","9840","9840","9840","40008058","40008058","40008058","1"
"40008058_BD","MITU REG BLUE 50'S BND CLGN50M","63","PC","24","CT","9200","9840","9840","9840","9840","9840","40008058","40008058","40008058","1"
"40008059","MITU REG50'SPINK B.CLGN G50M","63","PC","24","CT","9200","9840","9840","9840","9840","9840","40008059","40008059","40008059","1"
"40008059_BD","MITU REG50'SPINK B.CLGN G50M","63","PC","24","CT","9200","9840","9840","9840","9840","9840","40008059","40008059","40008059","1"
"40008060","MITU REG BLUE50'S BND MSBN2IN1","63","PC","24","CT","9200","9840","9840","9840","9840","9840","40008060","40008060","40008060","1"
"40008060_BD","MITU REG BLUE50'S BND MSBN2IN1","63","PC","24","CT","9200","9840","9840","9840","9840","9840","40008060","40008060","40008060","1"
"40008064","MITU BABY REG 24'SPINK+MB7ML","63","PC","36","CT","4675","5000","5000","5000","5000","5000","40008064","40008064","40008064","1"
"40008064_BD","MITU BABY REG 24'SPINK+MB7ML","63","PC","36","CT","4675","5000","5000","5000","5000","5000","40008064","40008064","40008064","1"
"40008065","MITU BABY REG 24'SBLUE+MB7ML","63","PC","36","CT","4675","5000","5000","5000","5000","5000","40008065","40008065","40008065","1"
"40008065_BD","MITU BABY REG 24'SBLUE+MB7ML","63","PC","36","CT","4675","5000","5000","5000","5000","5000","40008065","40008065","40008065","1"
"40008069","Mitu Kids Fancy Berry 10'S","63","PC","144","CT","4264","4560","4560","4560","4560","4560","40008069","40008069","40008069","1"
"40008069_BD","Mitu Kids Fancy Berry 10'S","63","PC","144","CT","4264","4560","4560","4560","4560","4560","40008069","40008069","40008069","1"
"40008073","Mitu WETTIES Trav.Pack Lemon","63","PC","144","CT","2852","3050","3050","3050","3050","3050","40008073","40008073","40008073","1"
"40008073_BD","Mitu WETTIES Trav.Pack Lemon","63","PC","144","CT","2852","3050","3050","3050","3050","3050","40008073","40008073","40008073","1"
"40008078","MITU T.PACK 10'S E.THICK PINK 12X12","63","PC","144","CT","2627.35","2810","2810","2810","2810","2810","40008078","40008078","40008078","1"
"40008078_BD","MITU T.PACK 10'S E.THICK PINK 12X12","63","PC","144","CT","2627.35","2810","2810","2810","2810","2810","40008078","40008078","40008078","1"
"40008079","Mitu Baby TP Sensitive 10`s","63","PC","144","CT","2814.35","3010","3010","3010","3010","3010","40008079","40008079","40008079","1"
"40008079_BD","Mitu Baby TP Sensitive 10`s","63","PC","144","CT","2814.35","3010","3010","3010","3010","3010","40008079","40008079","40008079","1"
"40008080","MITU Baby Aseptic Travel Pack","63","PC","144","CT","4301","4600","4600","4600","4600","4600","40008080","40008080","40008080","1"
"40008080_BD","MITU Baby Aseptic Travel Pack","63","PC","144","CT","4301","4600","4600","4600","4600","4600","40008080","40008080","40008080","1"
"40008081","MITU BABYT REG PINK 50'S BTA10","63","PC","24","CT","9200.4","9840","9840","9840","9840","9840","40008081","40008081","40008081","1"
"40008081_BD","MITU BABYT REG PINK 50'S BTA10","63","PC","24","CT","9200.4","9840","9840","9840","9840","9840","40008081","40008081","40008081","1"
"40008082","MITU BABYT REG BLUE 50'S BTA10","63","PC","24","CT","9200","9840","9840","9840","9840","9840","40008082","40008082","40008082","1"
"40008082_BD","MITU BABYT REG BLUE 50'S BTA10","63","PC","24","CT","9200","9840","9840","9840","9840","9840","40008082","40008082","40008082","1"
"40008084","MITU BABYT REG BLUE 50'S BTS10","63","PC","24","CT","9200","9840","9840","9840","9840","9840","40008084","40008084","40008084","1"
"40008084_BD","MITU BABYT REG BLUE 50'S BTS10","63","PC","24","CT","9200","9840","9840","9840","9840","9840","40008084","40008084","40008084","1"
"40008096_BD","MITU SHIKADA TP 30'S OILY SKIN 6X6","63","PC","36","CT","12694.5","13650","13650","13650","13650","13650","40008096","40008096","40008096","1"
"40008098","MITU T.PACK 10'S SNSTV BMB","63","PC","144","CT","2814","3010","3010","3010","3010","3010","40008098","40008098","40008098","1"
"40008098_BD","MITU T.PACK 10'S SNSTV BMB","63","PC","144","CT","2814","3010","3010","3010","3010","3010","40008098","40008098","40008098","1"
"40008104","MT WT PACK ASEPTIC 10S+ND 12X12","63","PC","144","CT","2870","3070","3070","3070","3070","3070","40008104","40008104","40008104","1"
"40008104_BD","MT WT PACK ASEPTIC 10S+ND 12X12","63","PC","144","CT","2712","2900","2900","2900","2900","2900","40008104","40008104","40008104","1"
"40008106","MT F.PACK LEMON 10'S ND 12X12","63","PC","144","CT","2712","2900","2900","2900","2900","2900","40008106","40008106","40008106","1"
"40008106_BD","MT F.PACK LEMON 10'S ND 12X12","63","PC","144","CT","2712","2900","2900","2900","2900","2900","40008106","40008106","40008106","1"
"40008107","MITU WETTIES F.PACKCOLOGNE ND10s 12X12","63","PC","144","CT","2758","2950","2950","2950","2950","2950","40008107","40008107","40008107","1"
"40008107_BD","MITU WETTIES F.PACKCOLOGNE ND10s 12X12","63","PC","144","CT","2618","2800","2800","2800","2800","2800","40008107","40008107","40008107","1"
"40008109","MT BABYT REG PINK50S BTPC10+5","63","PC","24","CT","9200.4","9840","9840","9840","9840","9840","40008109","40008109","40008109","1"
"40008109_BD","MT BABYT REG PINK50S BTPC10+5","63","PC","24","CT","9200.4","9840","9840","9840","9840","9840","40008109","40008109","40008109","1"
"40008111","MITU REG 50'S BLUE BFR","63","PC","24","CT","9200.4","9840","9840","9840","9840","9840","40008111","40008111","40008111","1"
"40008111_BD","MITU REG 50'S BLUE BFR","63","PC","24","CT","9200.4","9840","9840","9840","9840","9840","40008111","40008111","40008111","1"
"40008113","MITU REGULAR 24`S PINK ""RETAIL","63","PC","36","CT","4675","5000","5000","5000","5000","5000","40008113","40008113","40008113","1"
"40008113_BD","MITU REGULAR 24`S PINK ""RETAIL","63","PC","36","CT","4675","5000","5000","5000","5000","5000","40008113","40008113","40008113","1"
"40008116","Mitu Baby Single Sachet Reguler 10`","63","PC","72","CT","2927","3130","3130","3130","3130","3130","40008116","40008116","40008116","1"
"40008116_BD","Mitu Baby Single Sachet Reguler 10`","63","PC","72","CT","2927","3130","3130","3130","3130","3130","40008116","40008116","40008116","1"
"40008118","Mitu Baby Bag Paket","63","PC","12","CT","42169","45100","45100","45100","45100","45100","40008118","40008118","40008118","1"
"40008118_BD","Mitu Baby Bag Paket","63","PC","12","CT","42169","45100","45100","45100","45100","45100","40008118","40008118","40008118","1"
"40008119","Mitu Baby Mini Paket","63","PC","36","CT","18233","19500","19500","19500","19500","19500","40008119","40008119","40008119","1"
"40008119_BD","Mitu Baby Mini Paket","63","PC","36","CT","18233","19500","19500","19500","19500","19500","40008119","40008119","40008119","1"
"40008123","MITU BBY MINI PKT  NEW MIXING","63","PC","36","CT","15802","16900","16900","16900","16900","16900","40008123","40008123","40008123","1"
"40008123_BD","MITU BBY MINI PKT  NEW MIXING","63","PC","36","CT","15802","16900","16900","16900","16900","16900","40008123","40008123","40008123","1"
"40008126","MITU KIDS T.PACK 10S C.ORANGE","63","PC","144","CT","4264","4560","4560","4560","4560","4560","40008126","40008126","40008126","1"
"40008126_BD","MITU KIDS T.PACK 10S C.ORANGE","63","PC","144","CT","4264","4560","4560","4560","4560","4560","40008126","40008126","40008126","1"
"40008127","MITU KIDS BOTOL 20`S C.ORANGE","63","PC","72","CT","5451","5830","5830","5830","5830","5830","40008127","40008127","40008127","1"
"40008127_BD","MITU KIDS BOTOL 20`S C.ORANGE","63","PC","72","CT","5451","5830","5830","5830","5830","5830","40008127","40008127","40008127","1"
"40008128","MITU KIDS F BARRY BTL 20'S","63","PC","72","CT","5451","5830","5830","5830","5830","5830","40008128","40008128","40008128","1"
"40008128_BD","MITU KIDS F BARRY BTL 20'S","63","PC","72","CT","5451","5830","5830","5830","5830","5830","40008128","40008128","40008128","1"
"40008182","HIT Spray Liq Pouch 175ml Clsc","63","PC","24","CT","7667","8200","8200","8200","8200","8200","40008182","40008182","40008182","1"
"40008182_BD","HIT Spray Liq Pouch 175ml Clsc","63","PC","24","CT","7667","8200","8200","8200","8200","8200","40008182","40008182","40008182","1"
"40008183","HIT Spray Liq Pouch 360ml Clsc","63","PC","12","CT","16643","17800","17800","17800","17800","17800","40008183","40008183","40008183","1"
"40008183_BD","HIT Spray Liq Pouch 360ml Clsc","63","PC","12","CT","16643","17800","17800","17800","17800","17800","40008183","40008183","40008183","1"
"40008187","HIT Spray Liq Pouch 700ml Clsc","63","PC","12","CT","27302","29200","29200","29200","29200","29200","40008187","40008187","40008187","1"
"40008187_BD","HIT Spray Liq Pouch 700ml Clsc","63","PC","12","CT","27302","29200","29200","29200","29200","29200","40008187","40008187","40008187","1"
"40008190","HIT SPRY POUCH 700ML GREEN TEA","63","PC","12","CT","30930","33080","33080","33080","33080","33080","40008190","40008190","40008190","1"
"40008190_BD","HIT SPRY POUCH 700ML GREEN TEA","63","PC","12","CT","29452.5","31500","31500","31500","31500","31500","40008190","40008190","40008190","1"
"40008191","HIT SPRAY LIQ POUCHORANGE 360M","63","PC","12","CT","17971","19220","19220","19220","19220","19220","40008191","40008191","40008191","1"
"40008191_BD","HIT SPRAY LIQ POUCHORANGE 360M","63","PC","12","CT","16643","17800","17800","17800","17800","17800","40008191","40008191","40008191","1"
"40008192","HIT SPRAY LIQ POUCHORANGE 700M","63","PC","12","CT","29452.5","31500","31500","31500","31500","31500","40008192","40008192","40008192","1"
"40008192_BD","HIT SPRAY LIQ POUCHORANGE 700M","63","PC","12","CT","29452.5","31500","31500","31500","31500","31500","40008192","40008192","40008192","1"
"40008198_BD","FOGO LEMARI BREEZE 30 GR 6X12","63","PC","72","CT","5133","5490","5490","5490","5490","5490","40008198","40008198","40008198","1"
"40008199","FOGO LEMARI FLORAL 30 GR 6X12","63","PC","72","CT","6391","6835","6835","6835","6835","6835","40008199","40008199","40008199","1"
"40008199_BD","FOGO LEMARI FLORAL 30 GR 6X12","63","PC","72","CT","6082.17","6505","6505","6505","6505","6505","40008199","40008199","40008199","1"
"40008200","FOGO LEMARI FRESH 30 GR 6X12","63","PC","72","CT","6391","6835","6835","6835","6835","6835","40008200","40008200","40008200","1"
"40008200_BD","FOGO LEMARI FRESH 30 GR 6X12","63","PC","72","CT","5517","5900","5900","5900","5900","5900","40008200","40008200","40008200","1"
"40008202_BD","Fogo Laci Fresh 15 gr","63","PC","72","CT","2964","3170","3170","3170","3170","3170","40008202","40008202","40008202","1"
"40008203_BD","Fogo Laci Floral 15 gr","63","PC","72","CT","2964","3170","3170","3170","3170","3170","40008203","40008203","40008203","1"
"40008204","STL LEMARI BREEZE 30GR BFB5'S","63","PC","72","CT","4759","5090","5090","5090","5090","5090","40008204","40008204","40008204","1"
"40008204_BD","STL LEMARI BREEZE 30GR BFB5'S","63","PC","72","CT","4759","5090","5090","5090","5090","5090","40008204","40008204","40008204","1"
"40008205","STL LEMARI FLORAL 30GR BAS5'S","63","PC","72","CT","4759","5090","5090","5090","5090","5090","40008205","40008205","40008205","1"
"40008205_BD","STL LEMARI FLORAL 30GR BAS5'S","63","PC","72","CT","4759","5090","5090","5090","5090","5090","40008205","40008205","40008205","1"
"40008206","STL LEMARI FRESH 30GR BFB5'S","63","PC","72","CT","4759","5090","5090","5090","5090","5090","40008206","40008206","40008206","1"
"40008206_BD","STL LEMARI FRESH 30GR BFB5'S","63","PC","72","CT","4759","5090","5090","5090","5090","5090","40008206","40008206","40008206","1"
"40008207","STL LEMARI PRINCESS 30GRBAS5'S","63","PC","72","CT","4759","5090","5090","5090","5090","5090","40008207","40008207","40008207","1"
"40008207_BD","STL LEMARI PRINCESS 30GRBAS5'S","63","PC","72","CT","4759","5090","5090","5090","5090","5090","40008207","40008207","40008207","1"
"40008209_BD","FOGO Laci Floral 15 gr","63","PC","72","CT","2724.9","2930","2930","2930","2930","2930","40008209","40008209","40008209","1"
"40008216","AUTOSOL METAL POLISH  15 GR 12X12","63","PC","144","CT","9452.85","10110","10110","10110","10110","10110","40008216","40008216","40008216","1"
"40008216_BD","AUTOSOL METAL POLISH  15 GR 12X12","63","PC","144","CT","9130.28","9765","9765","9765","9765","9765","40008216","40008216","40008216","1"
"40008217","AUTOSOL METAL POLISH 50 GR 4X12","63","PC","48","CT","18391.45","19670","19670","19670","19670","19670","40008217","40008217","40008217","1"
"40008217_BD","AUTOSOL METAL POLISH 50 GR 4X12","63","PC","48","CT","18391.45","19670","19670","19670","19670","19670","40008217","40008217","40008217","1"
"40008229","PROCLIN JERIGEN 3.8LTR","63","PC","4","CT","39551","42300","42300","42300","42300","42300","40008229","40008229","40008229","1"
"40008229_BD","PROCLIN JERIGEN 3.8LTR","63","PC","4","CT","39551","42300","42300","42300","42300","42300","40008229","40008229","40008229","1"
"40008233","PROCLIN BOTOL 200ML","63","PC","48","CT","4301","4600","4600","4600","4600","4600","40008233","40008233","40008233","1"
"40008233_BD","PROCLIN BOTOL 200ML","63","PC","48","CT","4301","4600","4600","4600","4600","4600","40008233","40008233","40008233","1"
"40008235","PROCLIN BOTOL 200 ML RETAIL","63","PC","48","CT","2889","3090","3090","3090","3090","3090","40008235","40008235","40008235","1"
"40008235_BD","PROCLIN BOTOL 200 ML RETAIL","63","PC","48","CT","2889","3090","3090","3090","3090","3090","40008235","40008235","40008235","1"
"40008236","PROCLIN BTL.200ML MGC 3'S","63","PC","48","CT","2889","3090","3090","3090","3090","3090","40008236","40008236","40008236","1"
"40008236_BD","PROCLIN BTL.200ML MGC 3'S","63","PC","48","CT","2889","3090","3090","3090","3090","3090","40008236","40008236","40008236","1"
"40008237","PROCLIN BOTTLE 500ML","63","PC","24","CT","9163","9800","9800","9800","9800","9800","40008237","40008237","40008237","1"
"40008237_BD","PROCLIN BOTTLE 500ML","63","PC","24","CT","9163","9800","9800","9800","9800","9800","40008237","40008237","40008237","1"
"40008238","PROCLIN BOTTLE 1000ML","63","PC","12","CT","15193.75","16250","16250","16250","16250","16250","40008238","40008238","40008238","1"
"40008238_BD","PROCLIN BOTTLE 1000ML","63","PC","12","CT","15193.75","16250","16250","14300","14300","16250","40008238","40008238","40008238","1"
"40008247_BD","BIOSOL POUCH 400 ML","63","PC","12","CT","7480","8000","8000","8000","8000","8000","40008247","40008247","40008247","1"
"40008251","CARRERA DASHB.CLEANER BTL.175M","63","PC","12","CT","18298","19570","19570","19570","19570","19570","40008251","40008251","40008251","1"
"40008251_BD","CARRERA DASHB.CLEANER BTL.175M","63","PC","12","CT","17431","18643","18643","18643","18643","18643","40008251","40008251","40008251","1"
"40008255_BD","Carrera LiqPol&Wax Netral250ml","63","PC","12","CT","18042","19400","19400","19400","19400","19400","40008255","40008255","40008255","1"
"40008257_BD","Carrera Polish&Wax Neutral225g","63","PC","12","CT","20274","21800","21800","21800","21800","21800","40008257","40008257","40008257","1"
"40008262_BD","CARR POLISH&WAXNEUTRAL225G-BDS","63","PC","12","CT","20274","21800","21800","21800","21800","21800","40008262","40008262","40008262","1"
"40008266","CARRERA SHAMPOO MOBIL 800  ML","63","PC","12","CT","9902","10590","10590","10590","10590","10590","40008266","40008266","40008266","1"
"40008266_BD","CARRERA SHAMPOO MOBIL 800  ML","63","PC","12","CT","9438","10094","10094","10094","10094","10094","40008266","40008266","40008266","1"
"40008267","CARRERA SHAMPOO MOBIL 400 ML","63","PC","12","CT","6068","6490","6490","6490","6490","6490","40008267","40008267","40008267","1"
"40008267_BD","CARRERA SHAMPOO MOBIL 400 ML","63","PC","12","CT","5610","6000","6000","6000","6000","6000","40008267","40008267","40008267","1"
"40008273","CARRERA WASH& WAX REFILL 400ML","63","PC","12","CT","15119","16170","16170","16170","16170","16170","40008273","40008273","40008273","1"
"40008273_BD","CARRERA WASH& WAX REFILL 400ML","63","PC","12","CT","14399","15400","15400","15400","15400","15400","40008273","40008273","40008273","1"
"40008274_BD","Carrera Radiator Coolant 5 lt","63","PC","4","CT","44919","48300","48300","48300","48300","48300","40008274","40008274","40008274","1"
"40008275","CARRERA PENGKILAP BAN 200 ML","63","PC","48","CT","11931","12760","12760","12760","12760","12760","40008275","40008275","40008275","1"
"40008275_BD","CARRERA PENGKILAP BAN 200 ML","63","PC","48","CT","11364","12154","12154","12154","12154","12154","40008275","40008275","40008275","1"
"40008279","CARRERA XP-1000 PELUMAS 200ML","63","PC","12","CT","27807","29740","29740","29740","29740","29740","40008279","40008279","40008279","1"
"40008279_BD","CARRERA XP-1000 PELUMAS 200ML","63","PC","12","CT","26484","28325","28325","28325","28325","28325","40008279","40008279","40008279","1"
"40008280","CARRERA SPON MOTOR 24X6","63","PC","144","CT","2216","2370","2370","2370","2370","2370","40008280","40008280","40008280","1"
"40008280_BD","CARRERA SPON MOTOR 24X6","63","PC","144","CT","2057","2200","2200","2200","2200","2200","40008280","40008280","40008280","1"
"40008282_BD","CARRERA POLES MOTORSG 24`S 20G 6X24","63","PC","144","CT","818","880","880","880","880","880","40008282","40008282","40008282","1"
"40008284_BD","CAR POLESMTR SERBAGUN 20G 6'S","63","PC","144","CT","818.4","880","880","880","880","880","40008284","40008284","40008284","1"
"40008289_BD","CARRERA H.DEO BTL SHRINK 60 ML","63","PC","192","CT","3720","4000","4000","4000","4000","4000","40008289","40008289","40008289","1"
"40008320","KLINPAK ALUMINIUM FOIL 8X30","63","PC","12","CT","26274","28100","28100","28100","28100","28100","40008320","40008320","40008320","1"
"40008320_BD","KLINPAK ALUMINIUM FOIL","63","PC","12","CT","24310","26000","26000","26000","26000","26000","40008320","40008320","40008320","1"
"40008321","KLINPAK A FOIL REFILL REG. 8MX30","63","PC","24","CT","18924","20240","20240","20240","20240","20240","40008321","40008321","40008321","1"
"40008321_BD","KLINPAK A FOIL REFILL REG. 8MX","63","PC","24","CT","17485","18700","18700","18700","18700","18700","40008321","40008321","40008321","1"
"40008322","KLINPAK Aluminium Foil Jumbo","63","PC","12","CT","32884","35170","35170","35170","35170","35170","40008322","40008322","40008322","1"
"40008322_BD","KLINPAK Aluminium Foil Jumbo","63","PC","12","CT","30338","32500","32500","32500","32500","32500","40008322","40008322","40008322","1"
"40008323","KLINPAK Alum Foil Refil Jumbo 8x45","63","PC","24","CT","27311","29210","29210","29210","29210","29210","40008323","40008323","40008323","1"
"40008323_BD","KLINPAK Alum Foil Refil Jumbo","63","PC","24","CT","27311","29210","29210","29210","29210","29210","40008323","40008323","40008323","1"
"40008324","KLINPAK A Foil Big Roll 300mx4","63","PC","6","CT","460506","492520","492520","492520","492520","492520","40008324","40008324","40008324","1"
"40008324_BD","KLINPAK A Foil Big Roll 300mx4","63","PC","6","CT","460506","492520","492520","492520","492520","492520","40008324","40008324","40008324","1"
"40008325","KLINPAK CLING WRAP","63","PC","12","CT","20944","22400","22400","22400","22400","22400","40008325","40008325","40008325","1"
"40008325_BD","KLINPAK CLING WRAP","63","PC","12","CT","19355","20700","20700","20700","20700","20700","40008325","40008325","40008325","1"
"40008326","KLINPAK CLING WRAP REFILL","63","PC","24","CT","14680","15700","15700","15700","15700","15700","40008326","40008326","40008326","1"
"40008326_BD","KLINPAK CLING WRAP REFILL","63","PC","24","CT","13558","14500","14500","14500","14500","14500","40008326","40008326","40008326","1"
"40008327","KLINPAK CLING WRAP JUMBO","63","PC","12","CT","33370","35690","35690","35690","35690","35690","40008327","40008327","40008327","1"
"40008327_BD","KLINPAK CLING WRAP JUMBO","63","PC","12","CT","30885","33000","33000","33000","33000","33000","40008327","40008327","40008327","1"
"40008328","KLINPAK CLING WRAP REFILL JUMB","63","PC","24","CT","23871","25530","25530","25530","25530","25530","40008328","40008328","40008328","1"
"40008328_BD","KLINPAK CLING WRAP REFILL JUMB","63","PC","24","CT","22066","23600","23600","23600","23600","23600","40008328","40008328","40008328","1"
"40008330","KLINPAK CW Big Roll 500mx45cm","63","PC","6","CT","207318","221730","221730","221730","221730","221730","40008330","40008330","40008330","1"
"40008330_BD","KLINPAK CW Big Roll 500mx45cm","63","PC","6","CT","191582","204900","204900","204900","204900","204900","40008330","40008330","40008330","1"
"40008336","KLINPAK K Sampah Kecil 40x50","63","PC","24","CT","22421","23980","23980","23980","23980","23980","40008336","40008336","40008336","1"
"40008336_BD","KLINPAK K Sampah Kecil 40x50","63","PC","24","CT","21766.8","23280","23280","23280","23280","23280","40008336","40008336","40008336","1"
"40008337","KLINPAK K. SAMPAH SEDANG 60X80","63","PC","24","CT","21916","23440","23440","23440","23440","23440","40008337","40008337","40008337","1"
"40008337_BD","KLINPAK K. SAMPAH SEDANG 60X80","63","PC","24","CT","21280.6","22760","22760","22760","22760","22760","40008337","40008337","40008337","1"
"40008338","KLINPAK K. Sampah Besar 80x100","63","PC","24","CT","23225","24840","24840","24840","24840","24840","40008338","40008338","40008338","1"
"40008338_BD","KLINPAK K. Sampah Besar 80x100","63","PC","24","CT","21505","23000","23000","23000","23000","23000","40008338","40008338","40008338","1"
"40008339","KLINPAK K. SAMPAH EXT. 100X120","63","PC","24","CT","22216","23760","23760","23760","23760","23760","40008339","40008339","40008339","1"
"40008339_BD","KLINPAK K. SAMPAH EXT. 100X120","63","PC","24","CT","20570","22000","22000","22000","22000","22000","40008339","40008339","40008339","1"
"40008340","KLINPAK K Plastik Serbaguna","63","PC","24","CT","19018","20340","20340","20340","20340","20340","40008340","40008340","40008340","1"
"40008340_BD","KLINPAK K Plastik Serbaguna","63","PC","24","CT","17578","18800","18800","18800","18800","18800","40008340","40008340","40008340","1"
"40008341","KLINPAK C Wrap Ref Banded 2","63","PC","24","CT","13964.23","14935","14935","14935","14935","14935","40008341","40008341","40008341","1"
"40008341_BD","KLINPAK C Wrap Ref Banded 2","63","PC","24","CT","13558","14500","14500","14500","14500","14500","40008341","40008341","40008341","1"
"40008342","KLINPAK A Foil Box 2`s Makro","63","PC","12","CT","25039.3","26780","26780","26780","26780","26780","40008342","40008342","40008342","1"
"40008342_BD","KLINPAK A Foil Box 2`s Makro","63","PC","12","CT","24310","26000","26000","26000","26000","26000","40008342","40008342","40008342","1"
"40008343","KLINPAK A Foil Ref Banded 2","63","PC","24","CT","18009.04","19261","19261","19261","19261","19261","40008343","40008343","40008343","1"
"40008343_BD","KLINPAK A Foil Ref Banded 2","63","PC","24","CT","17485","18700","18700","18700","18700","18700","40008343","40008343","40008343","1"
"40008356","KLINPAK Cling Wrap + 20%","63","PC","12","CT","19935.14","21321","21321","21321","21321","21321","40008356","40008356","40008356","1"
"40008356_BD","KLINPAK Cling Wrap + 20%","63","PC","12","CT","17859","19100","19100","19100","19100","19100","40008356","40008356","40008356","1"
"40008357","KLINPAK CWrap Box+20% Banded 2","63","PC","12","CT","19935.14","21321","21321","21321","21321","21321","40008357","40008357","40008357","1"
"40008357_BD","KLINPAK CWrap Box+20% Banded 2","63","PC","12","CT","17859","19100","19100","19100","19100","19100","40008357","40008357","40008357","1"
"40008358","KLINPAK A Foil BigRoll 300mx30","63","PC","6","CT","259967","278040","278040","278040","278040","278040","40008358","40008358","40008358","1"
"40008358_BD","KLINPAK A Foil BigRoll 300mx30","63","PC","6","CT","259967","278040","278040","278040","278040","278040","40008358","40008358","40008358","1"
"40008380","LEM TUBE CAPGAJAH 100ML 12X12","63","PC","144","CT","13520","14460","14460","14460","14460","14460","40008380","40008380","40008380","1"
"40008380_BD","LEM TUBE CAPGAJAH 100ML 12X12","63","PC","144","CT","13001.18","13905","13905","13905","13905","13905","40008380","40008380","40008380","1"
"40008387","LEM Lalat CapGajah Stick 12s New","63","PC","72","CT","7396","7910","7910","7910","7910","7910","40008387","40008387","40008387","1"
"40008387_BD","LEM Lalat CapGajah Stick 12s New","63","PC","72","CT","7126.57","7622","7622","7622","7622","7400","40008387","40008387","40008387","1"
"40008390","LEM LALAT KERTAS CAPGAJAH 3S 10X12","63","PC","120","CT","4600","4920","4920","4920","4920","4920","40008390","40008390","40008390","1"
"40008390_BD","LEM LALAT KERTAS CAPGAJAH 3S 10X12","63","PC","120","CT","4301","4600","4600","4600","4600","4600","40008390","40008390","40008390","1"
"40008437","Kilap Sabut Nylon Banded 12","63","PC","576","CT","1141","1220","1220","1220","1220","1220","40008437","40008437","40008437","1"
"40008437_BD","Kilap Sabut Nylon Banded 12","63","PC","576","CT","1141","1220","1220","1220","1220","1220","40008437","40008437","40008437","1"
"40008448_BD","POLYTEX Sabut Nilon","63","PC","576","CT","2139","2300","2300","2300","2300","2300","40008448","40008448","40008448","1"
"40008451","POLYTEX Sabut Nilon Extra Kuat","63","PC","576","CT","2936","3140","3140","3140","3140","3140","40008451","40008451","40008451","1"
"40008451_BD","POLYTEX Sabut Nilon Extra Kuat","63","PC","576","CT","2936","3140","3140","3140","3140","3140","40008451","40008451","40008451","1"
"40008458_BD","SUSEMI Sabut Polos (Isi 12)","63","PC","576","CT","1000","1070","1070","1070","1070","1070","40008458","40008458","40008458","1"
"40008462_BD","POLYTEX SELULOSA EKSTRA KUAT 6X12","63","PC","72","CT","11439","12300","12300","12300","12300","12300","40008462","40008462","40008462","1"
"40008463","POLYTEX Double scourer","63","PC","72","CT","3749","4010","4010","4010","4010","4010","40008463","40008463","40008463","1"
"40008463_BD","POLYTEX Double scourer","63","PC","72","CT","3749","4010","4010","4010","4010","4010","40008463","40008463","40008463","1"
"40008469","POLYTEX Sabut Spon Anti Gores","63","PC","288","CT","5585.69","5974","5974","5974","5974","5974","40008469","40008469","40008469","1"
"40008469_BD","POLYTEX Sabut Spon Anti Gores","63","PC","288","CT","5143","5500","5500","5500","5500","5500","40008469","40008469","40008469","1"
"40008470","POLYTEX SABUT SPON 24X12","63","PC","288","CT","2166.86","2318","2318","2318","2318","2318","40008470","40008470","40008470","1"
"40008470_BD","POLYTEX SABUT SPON 24X12","63","PC","288","CT","2166.86","2318","2318","2318","2318","2318","40008470","40008470","40008470","1"
"40008472","POLYTEX SPON SERBAGUNA 24X6","63","PC","144","CT","2022.41","2163","2163","2163","2163","2163","40008472","40008472","40008472","1"
"40008472_BD","POLYTEX SPON SERBAGUNA 24X6","63","PC","144","CT","2022.41","2163","2163","2163","2163","2163","40008472","40008472","40008472","1"
"40008481","POLYTEX Net Spon Multi Purpose","63","PC","72","CT","6741.35","7210","7210","7210","72100","7210","40008481","40008481","40008481","1"
"40008481_BD","POLYTEX Net Spon Multi Purpose","63","PC","72","CT","6545","7000","7000","7000","7000","7000","40008481","40008481","40008481","1"
"40008487","SUSEMI SABUT SPON 24X12","63","PC","288","CT","1122","1200","1200","1200","1200","1200","40008487","40008487","40008487","1"
"40008487_BD","SUSEMI SABUT SPON 24X12","63","PC","288","CT","1029","1100","1100","1100","1100","1100","40008487","40008487","40008487","1"
"40008495","SUSEMI Sabut Stainless ""New""","63","PC","432","CT","963","1030","1030","1030","1030","1030","40008495","40008495","40008495","1"
"40008495_BD","SUSEMI Sabut Stainless ""New""","63","PC","432","CT","963","1030","1030","1030","1030","1030","40008495","40008495","40008495","1"
"40008502","SUSEMI SABUT STAINLESS HGR 36X12","63","PC","432","CT","1234","1320","1320","1320","1320","1320","40008502","40008502","40008502","1"
"40008502_BD","SUSEMI SABUT STAINLESS HGR 36X12","63","PC","432","CT","1206.15","1290","1290","1290","1290","1290","40008502","40008502","40008502","1"
"40008507","POLYTEX Kain Spon","63","PC","72","CT","15428","16500","16500","16500","16500","16500","40008507","40008507","40008507","1"
"40008507_BD","POLYTEX Kain Spon","63","PC","72","CT","15428","16500","16500","16500","16500","16500","40008507","40008507","40008507","1"
"40008508_BD","POLYTEX Kain Penyerap","63","PC","72","CT","10602","11400","11400","11400","11400","11400","40008508","40008508","40008508","1"
"40008509_BD","POLYTEX Spon Penyerap","63","PC","72","CT","10044","10800","10800","10800","10800","10800","40008509","40008509","40008509","1"
"40008510","POLYTEX Kitchen Towel","63","PC","72","CT","7639","8170","8170","8170","8170","8170","40008510","40008510","40008510","1"
"40008510_BD","POLYTEX Kitchen Towel","63","PC","72","CT","7639","8170","8170","8170","8170","8170","40008510","40008510","40008510","1"
"40008511","STL BATHROOM F.GREEN 70GR""KC""","63","PC","72","CT","6919","7400","7400","7400","7400","7400","40008511","40008511","40008511","1"
"40008511_BD","STL BATHROOM F.GREEN 70GR""KC""","63","PC","72","CT","6919","7400","7400","7400","7400","7400","40008511","40008511","40008511","1"
"40008512","STL BATHROOM C.BLUE 70GR KC","63","PC","72","CT","6919","7400","7400","7400","7400","7400","40008512","40008512","40008512","1"
"40008512_BD","STL BATHROOM C.BLUE 70GR KC","63","PC","72","CT","6919","7400","7400","7400","7400","7400","40008512","40008512","40008512","1"
"40008523","SUSEMI Sabut Polos (Isi 12)","63","PC","576","CT","1122","1200","1200","1200","1200","1200","40008523","40008523","40008523","1"
"40008523_BD","SUSEMI Sabut Polos (Isi 12)","63","PC","576","CT","1029","1100","1100","1100","1100","1100","40008523","40008523","40008523","1"
"40008524","POLYTEX Stainless Steel 20g","63","PC","72","CT","4526.34","4841","4841","4841","4841","4841","40008524","40008524","40008524","1"
"40008524_BD","POLYTEX Stainless Steel 20g","63","PC","72","CT","3927","4200","4200","4200","4200","4200","40008524","40008524","40008524","1"
"40008529","POLYTEX STAINLESS12.5G PAPAN12 6X12","63","PC","72","CT","1781.64","1906","1906","1906","1906","1906","40008529","40008529","40008529","1"
"40008529_BD","POLYTEX STAINLESS12.5G PAPAN12 6X12","63","PC","72","CT","1636","1750","1750","1750","1750","1750","40008529","40008529","40008529","1"
"40008545_BD","GAS WONDERFUEL 220 GR (crt)","63","PC","12","CT","19168","20500","20500","20500","20500","20500","40008545","40008545","40008545","1"
"40008547","Stella AIO 70gr Orange (Crt)","63","PC","72","CT","8322","8900","8900","8900","8900","8900","40008547","40008547","40008547","1"
"40008547_BD","Stella AIO 70gr Orange (Crt)","63","PC","72","CT","8322","8900","8900","8900","8900","8900","40008547","40008547","40008547","1"
"40008550","Ste. AIO 70gr Bougenvile (Crt)","63","PC","72","CT","8322","8900","8900","8900","8900","8900","40008550","40008550","40008550","1"
"40008550_BD","Ste. AIO 70gr Bougenvile (Crt)","63","PC","72","CT","8322","8900","8900","8900","8900","8900","40008550","40008550","40008550","1"
"40008551","Stella AIO 70gr Sensation(Crt)","63","PC","72","CT","8322","8900","8900","8900","8900","8900","40008551","40008551","40008551","1"
"40008551_BD","Stella AIO 70gr Sensation(Crt)","63","PC","72","CT","8322","8900","8900","8900","8900","8900","40008551","40008551","40008551","1"
"40008567","POLYTEX STAINLESS STEEL 12.5G 6X12","63","PC","72","CT","3466.98","3708","3708","3708","3708","3708","40008567","40008567","40008567","1"
"40008567_BD","POLYTEX STAINLESS STEEL 12.5G 6X12","63","PC","72","CT","3207","3430","3430","3430","3430","3430","40008567","40008567","40008567","1"
"40008650","Mitu BabyPowderPink 200gr+100%","63","PC","36","CT","10285","11000","11000","11000","11000","11000","40008650","40008650","40008650","1"
"40008650_BD","Mitu BabyPowderPink 200gr+100%","63","PC","36","CT","9911","10600","10600","10600","10600","10600","40008650","40008650","40008650","1"
"40008656","Mitu BabyPowderBlue 100gr+100%","63","PC","36","CT","5843.75","6250","6250","6250","6250","6250","40008656","40008656","40008656","1"
"40008656_BD","Mitu BabyPowderBlue 100gr+100%","63","PC","36","CT","5610","6000","6000","6000","6000","6000","40008656","40008656","40008656","1"
"40008740","STELLA DAILY FRESHNESS RED KIS","63","PC","72","CT","11781","12600","12600","12600","12600","12600","40008740","40008740","40008740","1"
"40008740_BD","STELLA DAILY FRESHNESS RED KIS","63","PC","72","CT","11781","12600","12600","12600","12600","12600","40008740","40008740","40008740","1"
"40008741","STELLA DAILY FRESHNESS ORG BLO","63","PC","72","CT","11781","12600","12600","12600","12600","12600","40008741","40008741","40008741","1"
"40008741_BD","STELLA DAILY FRESHNESS ORG BLO","63","PC","72","CT","11781","12600","12600","12600","12600","12600","40008741","40008741","40008741","1"
"40008770","POLYTEX NLN X.KUAT+SP.SBGN-NCF","63","PC","192","CT","5697","6090","6090","6090","6090","6090","40008770","40008770","40008770","1"
"40008770_BD","POLYTEX NLN X.KUAT+SP.SBGN-NCF","63","PC","192","CT","5697","6090","6090","6090","6090","6090","40008770","40008770","40008770","1"
"40008813","CARRERA MOTOR CHAIN LUBE 110 M","63","PC","12","CT","18167","19430","19430","19430","19430","19430","40008813","40008813","40008813","1"
"40008813_BD","CARRERA MOTOR CHAIN LUBE 110 M","63","PC","12","CT","17298","18500","18500","18500","18500","18500","40008813","40008813","40008813","1"
"40008832","Mitu Baby Cologne Btl 50ml RCG","63","PC","144","CT","8695.5","9300","9300","9300","9300","9300","40008832","40008832","40008832","1"
"40008832_BD","Mitu Baby Cologne Btl 50ml RCG","63","PC","144","CT","5058.35","5410","5410","5410","5410","5410","40008832","40008832","40008832","1"
"40008951_BD","Hit One Push Green Tea 16+6ml","63","PC","24","CT","28820.7","30990","30990","30990","30990","30990","40008951","40008951","40008951","1"
"40009040","STELLA Mtc F&Clean 225ml+Magnt","63","PC","12","CT","25245","27000","27000","27000","27000","27000","40009040","40009040","40009040","1"
"40009040_BD","STELLA Mtc F&Clean 225ml+Magnt","63","PC","12","CT","25245","27000","27000","27000","27000","27000","40009040","40009040","40009040","1"
"40009049","Stella Dome Lemon 70ml+T.Dashb","63","PC","24","CT","15586","16670","16670","16670","16670","16670","40009049","40009049","40009049","1"
"40009049_BD","Stella Dome Lemon 70ml+T.Dashb","63","PC","24","CT","15586","16670","16670","16670","16670","16670","40009049","40009049","40009049","1"
"40009091_BD","Carrera Car Interior Wipes 10s","63","PC","36","CT","4882.5","5250","5250","5250","5250","5250","40009091","40009091","40009091","1"
"40009092_BD","CARRERA POLESMTRSG REFIL 100ML","63","PC","24","CT","6417","6900","6900","6900","6900","6900","40009092","40009092","40009092","1"
"40009093","CARRERA POLESMTR SG PUMP 100ML","63","PC","24","CT","10416","11140","11140","11140","11140","11140","40009093","40009093","40009093","1"
"40009093_BD","CARRERA POLESMTR SG PUMP 100ML","63","PC","24","CT","9919","10609","10609","10609","10609","10609","40009093","40009093","40009093","1"
"40009095","Mitu BabyETAseptic10s Buy1Get1","63","PC","144","CT","4301","4600","4600","4600","4600","4600","40009095","40009095","40009095","1"
"40009095_BD","Mitu BabyETAseptic10s Buy1Get1","63","PC","144","CT","4301","4600","4600","4600","4600","4600","40009095","40009095","40009095","1"
"40009106","MITU EXTRATHICK GPPINK 50-B1G1","63","PC","24","CT","9883","10570","10570","10570","10570","10570","40009106","40009106","40009106","1"
"40009106_BD","MITU EXTRATHICK GPPINK 50-B1G1","63","PC","24","CT","9883","10570","10570","10570","10570","10570","40009106","40009106","40009106","1"
"40009107","MITU EXTRATHICK GPBLUE 50-B1G1","63","PC","24","CT","9882.95","10570","10570","10570","10570","10570","40009107","40009107","40009107","1"
"40009107_BD","MITU EXTRATHICK GPBLUE 50-B1G1","63","PC","24","CT","9882.95","10570","10570","10570","10570","10570","40009107","40009107","40009107","1"
"40009121","MITU BabyReg Blue50`s+Stc7.900","63","PC","24","CT","9200.4","9840","9840","9840","9840","9840","40009121","40009121","40009121","1"
"40009121_BD","MITU BabyReg Blue50`s+Stc7.900","63","PC","24","CT","9200.4","9840","9840","9840","9840","9840","40009121","40009121","40009121","1"
"40009381","MITU BABY MINI PACK  BLUE 12X24","63","PC","288","CT","635.8","680","680","680","680","680","40009381","40009381","40009381","1"
"40009381_BD","MITU BABY MINI PACK  BLUE 12X24","63","PC","288","CT","635.8","680","680","680","680","680","40009381","40009381","40009381","1"
"40009382","MITU BABY MINI PACK  PINK 12X24","63","PC","288","CT","635.8","680","680","680","680","680","40009382","40009382","40009382","1"
"40009382_BD","MITU BABY MINI PACK  PINK 12X24","63","PC","288","CT","635.8","680","680","680","680","680","40009382","40009382","40009382","1"
"40009383","Mitu Baby Mini Pack  Antisepti","63","PC","288","CT","636","680","680","680","680","680","40009383","40009383","40009383","1"
"40009383_BD","Mitu Baby Mini Pack  Antisepti","63","PC","288","CT","636","680","680","680","680","680","40009383","40009383","40009383","1"
"40009685","Polytex Paket Heboh","63","PC","72","CT","5217","5580","5580","5580","5580","5580","40009685","40009685","40009685","1"
"40009685_BD","Polytex Paket Heboh","63","PC","72","CT","5217","5580","5580","5580","5580","5580","40009685","40009685","40009685","1"
"40009766_BD","MITU BABYMILKBATH BTL200ML(24)","63","PC","24","CT","14601","15700","15700","15700","15700","15700","40009766","40009766","40009766","1"
"40009767_BD","MITU BABYMILKBATH REF200ML(24)","63","PC","24","CT","12834","13800","13800","13800","13800","13800","40009767","40009767","40009767","1"
"40009859_BD","Mitu Baby Btl Aseptic 60s Oval","63","PC","24","CT","12722.4","13680","13680","13680","13680","13680","40009859","40009859","40009859","1"
"40009885","Stella Blossom Floral Gel150gr","63","PC","36","CT","15025","16070","16070","16070","16070","16070","40009885","40009885","40009885","1"
"40009885_BD","Stella Blossom Floral Gel150gr","63","PC","36","CT","15025","16070","16070","16070","16070","16070","40009885","40009885","40009885","1"
"40009886","Stella Blossom Fruity Gel150gr","63","PC","36","CT","15025","16070","16070","16070","16070","16070","40009886","40009886","40009886","1"
"40009886_BD","Stella Blossom Fruity Gel150gr","63","PC","36","CT","15025","16070","16070","16070","16070","16070","40009886","40009886","40009886","1"
"40009895","MITU BABY SHAMPOO BOTTLE 200ML 6X6","63","PC","36","CT","15194","17150","17150","17150","17150","17150","40009895","40009895","40009895","1"
"40009895_BD","MITU BABY SHAMPOO BOTTLE 200ML 6X6","63","PC","36","CT","14492.5","15500","15500","15500","15500","15500","40009895","40009895","40009895","1"
"40009897","MITU BABY SHAMPOO REFILL 400ML","63","PC","12","CT","18840.25","20150","20150","20150","20150","20150","40009897","40009897","40009897","1"
"40009897_BD","MITU BABY SHAMPOO REFILL 400ML","63","PC","12","CT","18840.25","20150","20150","20150","20150","20150","40009897","40009897","40009897","1"
"40009919","MITU BABY HAND & MOUTH 50S","63","PC","24","CT","11407","12200","12200","12200","12200","12200","40009919","40009919","40009919","1"
"40009919_BD","MITU BABY HAND & MOUTH 50S","63","PC","24","CT","11407","12200","12200","12200","12200","12200","40009919","40009919","40009919","1"
"40009997","CARRERA SHAMPOOMOTOR 24S 20ML","63","PC","144","CT","337","360","360","360","360","360","40009997","40009997","40009997","1"
"40009997_BD","CARRERA SHAMPOOMOTOR 24S 20ML","63","PC","144","CT","317.9","340","340","340","340","340","40009997","40009997","40009997","1"
"40010772","Stella Liq.Reff Apple 50ml+20%","63","PC","36","CT","8929.25","9550","9550","9550","9550","9550","40010772","40010772","40010772","1"
"40010772_BD","Stella Liq.Reff Apple 50ml+20%","63","PC","36","CT","8929.25","9550","9550","9550","9550","9550","40010772","40010772","40010772","1"
"40010773","Stella Liq.Reff Orange50ml+20%","63","PC","36","CT","8929","9550","9550","9550","9550","9550","40010773","40010773","40010773","1"
"40010773_BD","Stella Liq.Reff Orange50ml+20%","63","PC","36","CT","8929","9550","9550","9550","9550","9550","40010773","40010773","40010773","1"
"40010774","Stella Liq.Reff Lemon 50ml+20%","63","PC","36","CT","8929","9550","9550","9550","9550","9550","40010774","40010774","40010774","1"
"40010774_BD","Stella Liq.Reff Lemon 50ml+20%","63","PC","36","CT","8929","9550","9550","9550","9550","9550","40010774","40010774","40010774","1"
"40010775","Stella Liq.Reff Dragon50ml+20%","63","PC","36","CT","8929","9550","9550","9550","9550","9550","40010775","40010775","40010775","1"
"40010775_BD","Stella Liq.Reff Dragon50ml+20%","63","PC","36","CT","8929","9550","9550","9550","9550","9550","40010775","40010775","40010775","1"
"40011281","STELLA C&F BATHROOM SET","63","PC","24","CT","17709","18940","18940","18940","18940","18940","40011281","40011281","40011281","1"
"40011281_BD","STELLA C&F BATHROOM SET","63","PC","24","CT","17709","18940","18940","18940","18940","18940","40011281","40011281","40011281","1"
"40011282","Stella C&F Bthroom Ref C.AIR40","63","PC","24","CT","15820","16920","16920","16920","16920","16920","40011282","40011282","40011282","1"
"40011282_BD","Stella C&F Bthroom Ref C.AIR40","63","PC","24","CT","15820","16920","16920","16920","16920","16920","40011282","40011282","40011282","1"
"40011284","Stella C&F Bthroom Ref Fresh40","63","PC","24","CT","15820","16920","16920","16920","16920","16920","40011284","40011284","40011284","1"
"40011284_BD","Stella C&F Bthroom Ref Fresh40","63","PC","24","CT","15820","16920","16920","16920","16920","16920","40011284","40011284","40011284","1"
"40011479","Stella C&F Bthroom C.Air+Alat","63","PC","24","CT","15820","16920","16920","16920","16920","16920","40011479","40011479","40011479","1"
"40011479_BD","Stella C&F Bthroom C.Air+Alat","63","PC","24","CT","15820","16920","16920","16920","16920","16920","40011479","40011479","40011479","1"
"40011486","Stella Car Freshnr70 Spirit@18","63","PC","72","CT","7919","8470","8470","8470","8470","8470","40011486","40011486","40011486","1"
"40011486_BD","Stella Car Freshnr70 Spirit@18","63","PC","72","CT","7919","8470","8470","8470","8470","8470","40011486","40011486","40011486","1"
"40011487","Stella Car Freshnr70 Power@18","63","PC","72","CT","7919","8470","8470","8470","8470","8470","40011487","40011487","40011487","1"
"40011487_BD","Stella Car Freshnr70 Power@18","63","PC","72","CT","7919","8470","8470","8470","8470","8470","40011487","40011487","40011487","1"
"40011488","Stella AC Fresh Lemon 80gr@18","63","PC","72","CT","9070","9700","9700","9700","9700","9700","40011488","40011488","40011488","1"
"40011488_BD","Stella AC Fresh Lemon 80gr@18","63","PC","72","CT","9070","9700","9700","9700","9700","9700","40011488","40011488","40011488","1"
"40011499","Stella Car Freshnr70 Enrgyc@18","63","PC","72","CT","7919","8470","8470","8470","8470","8470","40011499","40011499","40011499","1"
"40011499_BD","Stella Car Freshnr70 Enrgyc@18","63","PC","72","CT","7919","8470","8470","8470","8470","8470","40011499","40011499","40011499","1"
"40011509","Stella AC Tropical Orange80@18","63","PC","72","CT","9070","9700","9700","9700","9700","9700","40011509","40011509","40011509","1"
"40011509_BD","Stella AC Tropical Orange80@18","63","PC","72","CT","9070","9700","9700","9700","9700","9700","40011509","40011509","40011509","1"
"40011510","Stella All In One Lemon 70g@18","63","PC","72","CT","8322","8900","8900","8900","8900","8900","40011510","40011510","40011510","1"
"40011510_BD","Stella All In One Lemon 70g@18","63","PC","72","CT","8322","8900","8900","8900","8900","8900","40011510","40011510","40011510","1"
"40011511","Stella All In One Orange70g@18","63","PC","72","CT","8322","8900","8900","8900","8900","8900","40011511","40011511","40011511","1"
"40011511_BD","Stella All In One Orange70g@18","63","PC","72","CT","8322","8900","8900","8900","8900","8900","40011511","40011511","40011511","1"
"40011512","Stella All In One Apple 70g@18","63","PC","72","CT","8322","8900","8900","8900","8900","8900","40011512","40011512","40011512","1"
"40011512_BD","Stella All In One Apple 70g@18","63","PC","72","CT","8322","8900","8900","8900","8900","8900","40011512","40011512","40011512","1"
"40011513","Stella All In One Jeruk 70g@18","63","PC","72","CT","8322","8900","8900","8900","8900","8900","40011513","40011513","40011513","1"
"40011513_BD","Stella All In One Jeruk 70g@18","63","PC","72","CT","8322","8900","8900","8900","8900","8900","40011513","40011513","40011513","1"
"40011514","Stella AIO Bougenville70@18","63","PC","72","CT","8322","8900","8900","8900","8900","8900","40011514","40011514","40011514","1"
"40011514_BD","Stella AIO Bougenville70@18","63","PC","72","CT","8322","8900","8900","8900","8900","8900","40011514","40011514","40011514","1"
"40011515","Stella AIO Sensation70g@18","63","PC","72","CT","8322","8900","8900","8900","8900","8900","40011515","40011515","40011515","1"
"40011515_BD","Stella AIO Sensation70g@18","63","PC","72","CT","8322","8900","8900","8900","8900","8900","40011515","40011515","40011515","1"
"40011516","Stella Fin.B.Room70g F.GREN@18","63","PC","72","CT","6919","7400","7400","7400","7400","7400","40011516","40011516","40011516","1"
"40011516_BD","Stella Fin.B.Room70g F.GREN@18","63","PC","72","CT","6919","7400","7400","7400","7400","7400","40011516","40011516","40011516","1"
"40011517","Stella Fin.B.Room70g C.BLUE@18","63","PC","72","CT","6919","7400","7400","7400","7400","7400","40011517","40011517","40011517","1"
"40011517_BD","Stella Fin.B.Room70g C.BLUE@18","63","PC","72","CT","6919","7400","7400","7400","7400","7400","40011517","40011517","40011517","1"
"40011518","Stella Fin.B.Room70g P.Red @18","63","PC","72","CT","6919","7400","7400","7400","7400","7400","40011518","40011518","40011518","1"
"40011518_BD","Stella Fin.B.Room70g P.Red @18","63","PC","72","CT","6919","7400","7400","7400","7400","7400","40011518","40011518","40011518","1"
"40011520","STE AIO 70gr Lemon(Crt) @18","63","PC","72","CT","8322","8900","8900","8900","8900","8900","40011520","40011520","40011520","1"
"40011520_BD","STE AIO 70gr Lemon(Crt) @18","63","PC","72","CT","8322","8900","8900","8900","8900","8900","40011520","40011520","40011520","1"
"40011521","STE AIO 70gr Orange(Crt) @18","63","PC","72","CT","8322","8900","8900","8900","8900","8900","40011521","40011521","40011521","1"
"40011521_BD","STE AIO 70gr Orange(Crt) @18","63","PC","72","CT","8322","8900","8900","8900","8900","8900","40011521","40011521","40011521","1"
"40011524","STE AIO 70gr Bougnvile(Crt)@18","63","PC","72","CT","8322","8900","8900","8900","8900","8900","40011524","40011524","40011524","1"
"40011524_BD","STE AIO 70gr Bougnvile(Crt)@18","63","PC","72","CT","8322","8900","8900","8900","8900","8900","40011524","40011524","40011524","1"
"40011525","STE AIO 70gr Sensation(Crt)@18","63","PC","72","CT","8322","8900","8900","8900","8900","8900","40011525","40011525","40011525","1"
"40011525_BD","STE AIO 70gr Sensation(Crt)@18","63","PC","72","CT","8322","8900","8900","8900","8900","8900","40011525","40011525","40011525","1"
"40011640","STELLA DAILY FRESHNESS P DREAM","63","PC","72","CT","11220","12000","12000","12000","12000","12000","40011640","40011640","40011640","1"
"40011640_BD","STELLA DAILY FRESHNESS P DREAM","63","PC","72","CT","11220","12000","12000","12000","12000","12000","40011640","40011640","40011640","1"
"40011641","STELLA DAILY INDOOR KISS","63","PC","72","CT","11220","12000","12000","12000","12000","12000","40011641","40011641","40011641","1"
"40011641_BD","STELLA DAILY INDOOR KISS","63","PC","72","CT","11220","12000","12000","12000","12000","12000","40011641","40011641","40011641","1"
"40011642","STELLA DAILY INDOOR BLOSSOM","63","PC","72","CT","11220","12000","12000","12000","12000","12000","40011642","40011642","40011642","1"
"40011642_BD","STELLA DAILY INDOOR BLOSSOM","63","PC","72","CT","11220","12000","12000","12000","12000","12000","40011642","40011642","40011642","1"
"40011643","STELLA DAILY INDOOR DREAM","63","PC","72","CT","12623","13500","13500","13500","13500","13500","40011643","40011643","40011643","1"
"40011643_BD","STELLA DAILY INDOOR DREAM","63","PC","72","CT","12623","13500","13500","13500","13500","13500","40011643","40011643","40011643","1"
"40011848","Mitu BabyPowderBlue 200gr+100%","63","PC","36","CT","10285","11000","11000","11000","11000","11000","40011848","40011848","40011848","1"
"40011848_BD","Mitu BabyPowderBlue 200gr+100%","63","PC","36","CT","9911","10600","10600","10600","10600","10600","40011848","40011848","40011848","1"
"40011869","Mitu BabyPowderPink 100gr+100%","63","PC","36","CT","5843.75","6250","6250","6250","6250","6250","40011869","40011869","40011869","1"
"40011869_BD","Mitu BabyPowderPink 100gr+100%","63","PC","36","CT","5610","6000","6000","6000","6000","6000","40011869","40011869","40011869","1"
"40011887","Stella Car Perfume Set Musk@6","63","PC","24","CT","27115","29000","29000","29000","29000","29000","40011887","40011887","40011887","1"
"40011887_BD","Stella Car Perfume Set Musk@6","63","PC","24","CT","27115","29000","29000","29000","29000","29000","40011887","40011887","40011887","1"
"40011888","Stella Car P'fumeSet Energyc@6","63","PC","24","CT","27115","29000","29000","29000","29000","29000","40011888","40011888","40011888","1"
"40011888_BD","Stella Car P'fumeSet Energyc@6","63","PC","24","CT","27115","29000","29000","29000","29000","29000","40011888","40011888","40011888","1"
"40011897","MITU BABY HAIR LOTION 100ML","63","PC","48","CT","12249","13100","13100","13100","13100","13100","40011897","40011897","40011897","1"
"40011897_BD","MITU BABY HAIR LOTION 100ML","63","PC","48","CT","12249","13100","13100","13100","13100","13100","40011897","40011897","40011897","1"
"40011929","Stella Car Perfume Set Shine@6","63","PC","24","CT","27115","29000","29000","29000","29000","29000","40011929","40011929","40011929","1"
"40011929_BD","Stella Car Perfume Set Shine@6","63","PC","24","CT","27115","29000","29000","29000","29000","29000","40011929","40011929","40011929","1"
"40011932_BD","HIT Aer Lily Blossom 600ml+20%","63","PC","12","CT","32351","34600","34600","34600","34600","34600","40011932","40011932","40011932","1"
"40011970_BD","Mitu ET Sensitive 50s+BAS 4`s","63","PC","24","CT","11913.3","12810","12810","12810","12810","12810","40011970","40011970","40011970","1"
"40012018","HIT LIQ POUCH GTEA EXTRA 360ML","63","PC","12","CT","17971","19220","19220","19220","19220","19220","40012018","40012018","40012018","1"
"40012018_BD","HIT LIQ POUCH GTEA EXTRA 360ML","63","PC","12","CT","17111","18300","18300","18300","18300","18300","40012018","40012018","40012018","1"
"40012318","Stella AerHypo 275ml BubbleGum","63","PC","12","CT","13604","14550","14550","14550","14550","14550","40012318","40012318","40012318","1"
"40012318_BD","Stella AerHypo 275ml BubbleGum","63","PC","12","CT","13604","14550","14550","14550","14550","14550","40012318","40012318","40012318","1"
"40012570","Stella Aer Hypo 275ml Floral","63","PC","12","CT","13604","14550","14550","14550","14550","14550","40012570","40012570","40012570","1"
"40012570_BD","Stella Aer Hypo 275ml Floral","63","PC","12","CT","13604","14550","14550","14550","14550","14550","40012570","40012570","40012570","1"
"40012681","Proclin WhiteCrystal Btl 180ml","63","PC","24","CT","7405","7920","7920","7920","7920","7920","40012681","40012681","40012681","1"
"40012681_BD","Proclin WhiteCrystal Btl 180ml","63","PC","24","CT","7405","7920","7920","7920","7920","7920","40012681","40012681","40012681","1"
"40012840","Mitu Wetties Btl ASeptic 90s","63","PC","24","CT","17045","18230","18230","18230","18230","18230","40012840","40012840","40012840","1"
"40012840_BD","Mitu Wetties Btl ASeptic 90s","63","PC","24","CT","14773","15800","15800","15800","15800","15800","40012840","40012840","40012840","1"
"40012841","Mitu Wetties Btl Lemon 90s","63","PC","24","CT","17045","18230","18230","18230","18230","18230","40012841","40012841","40012841","1"
"40012841_BD","Mitu Wetties Btl Lemon 90s","63","PC","24","CT","14773","15800","15800","15800","15800","15800","40012841","40012841","40012841","1"
"40012842","MITU WETTIES REF ASEPTIC 90S","63","PC","24","CT","14521","15530","15530","15530","15530","15530","40012842","40012842","40012842","1"
"40012842_BD","MITU WETTIES REF ASEPTIC 90S","63","PC","24","CT","12529","14050","14050","14050","14050","14050","40012842","40012842","40012842","1"
"40012843","MITU WETTIES REF LEMON 90S","63","PC","24","CT","14521","15530","15530","15530","15530","15530","40012843","40012843","40012843","1"
"40012843_BD","MITU WETTIES REF LEMON 90S","63","PC","24","CT","13697.75","14650","14650","14650","14650","14650","40012843","40012843","40012843","1"
"40012844_BD","Mitu Baby Sensitive C 50s","63","PC","24","CT","11913.3","12810","12810","12810","12810","12810","40012844","40012844","40012844","1"
"40012845","Mitu Baby Sensitive C 24s","63","PC","36","CT","6536","6990","6990","6990","6990","6990","40012845","40012845","40012845","1"
"40012845_BD","Mitu Baby Sensitive C 24s","63","PC","36","CT","6536","6990","6990","6990","6990","6990","40012845","40012845","40012845","1"
"40012848","HIT Non Stop Ref Fresh 2 Bln","63","PC","144","CT","16952","18130","18130","18130","18130","18130","40012848","40012848","40012848","1"
"40012848_BD","HIT Non Stop Ref Fresh 2 Bln","63","PC","144","CT","16952","18130","18130","18130","18130","18130","40012848","40012848","40012848","1"
"40012853","MITU BABY ANTISEPTIC H 50S","63","PC","24","CT","10668","11410","11410","11410","11410","11410","40012853","40012853","40012853","1"
"40012853_BD","MITU BABY ANTISEPTIC H 50S","63","PC","24","CT","10668","11410","11410","11410","11410","11410","40012853","40012853","40012853","1"
"40012854","MITU BABY ANTISEPTIC H 10SB1G1 12X12","63","PC","144","CT","4301","4600","4600","4600","4600","4600","40012854","40012854","40012854","1"
"40012854_BD","MITU BABY ANTISEPTIC H 10SB1G1 12X12","63","PC","144","CT","4301","4600","4600","4600","4600","4600","40012854","40012854","40012854","1"
"40012919","HIT Non Stop Ref GTea 2 Bln","63","PC","144","CT","16952","18130","18130","18130","18130","18130","40012919","40012919","40012919","1"
"40012919_BD","HIT Non Stop Ref GTea 2 Bln","63","PC","144","CT","16952","18130","18130","18130","18130","18130","40012919","40012919","40012919","1"
"40013263_BD","CARRERA POLES MOBIL TUBE 60GR","63","PC","48","CT","5859","6300","6300","6300","6300","6300","40013263","40013263","40013263","1"
"40013359","HIT NON STOP REF CLASSIC 1 BLN","63","PC","144","CT","12249","13100","13100","13100","13100","13100","40013359","40013359","40013359","1"
"40013359_BD","HIT NON STOP REF CLASSIC 1 BLN","63","PC","144","CT","12249","13100","13100","13100","13100","13100","40013359","40013359","40013359","1"
"40013360","HIT NON STOP REF FRESH 1 BLN","63","PC","144","CT","12249","13100","13100","13100","13100","13100","40013360","40013360","40013360","1"
"40013360_BD","HIT NON STOP REF FRESH 1 BLN","63","PC","144","CT","12249","13100","13100","13100","13100","13100","40013360","40013360","40013360","1"
"40013361","HIT NON STOP REF FLORAL 1 BLN","63","PC","144","CT","12249","13100","13100","13100","13100","13100","40013361","40013361","40013361","1"
"40013361_BD","HIT NON STOP REF FLORAL 1 BLN","63","PC","144","CT","12249","13100","13100","13100","13100","13100","40013361","40013361","40013361","1"
"40013380","PROCLIN WHITECRYSTAL BTL 400ML","63","PC","24","CT","13885","14850","14850","14850","14850","14850","40013380","40013380","40013380","1"
"40013380_BD","PROCLIN WHITECRYSTAL BTL 400ML","63","PC","24","CT","13885","14850","14850","14850","14850","14850","40013380","40013380","40013380","1"
"40013424_BD","PROCLIN LIQUID REGULAR 30ML","63","PC","144","CT","318","340","340","340","340","340","40013424","40013424","40013424","1"
"40013426","HIT NON STOP EKO - SET","63","PC","24","CT","14867","15900","15900","15900","15900","15900","40013426","40013426","40013426","1"
"40013426_BD","HIT NON STOP EKO - SET","63","PC","24","CT","14867","15900","15900","15900","15900","15900","40013426","40013426","40013426","1"
"40013627_BD","MITU BABY BTL ASEPTIC H 60S OVAL","63","PC","24","CT","12722.4","13680","13680","13680","13680","13680","40013627","40013627","40013627","1"
"40013669","MITU ET GP BLUE 50S B1G1 B. FT","63","PC","24","CT","9883","10570","10570","10570","10570","10570","40013669","40013669","40013669","1"
"40013669_BD","MITU ET GP BLUE 50S B1G1 B. FT","63","PC","24","CT","9883","10570","10570","10570","10570","10570","40013669","40013669","40013669","1"
"40013729","STELLA MATIC BOX SET","63","PC","12","CT","56399.2","60320","60320","60320","60320","60320","40013729","40013729","40013729","1"
"40013729_BD","STELLA MATIC BOX SET","63","PC","12","CT","54230","58000","58000","58000","58000","58000","40013729","40013729","40013729","1"
"40013749_BD","HIT AER POMEGRANATE 600ML","63","PC","12","CT","28639","30630","30630","30630","30630","30630","40013749","40013749","40013749","1"
"40013979","BIOSOL POUCH REGULAR 700ML","63","PC","12","CT","12436","13300","13300","13300","13300","13300","40013979","40013979","40013979","1"
"40013979_BD","BIOSOL POUCH REGULAR 700ML","63","PC","12","CT","12436","13300","13300","13300","13300","13300","40013979","40013979","40013979","1"
"40013984_BD","MITU BABY OIL BOTOL 100ML","63","PC","48","CT","10992.6","11820","11820","11820","11820","11820","40013984","40013984","40013984","1"
"40014144","MITU BABY POWDER PINK 50G+100%","63","PC","36","CT","3272.5","3500","3500","3500","3500","3500","40014144","40014144","40014144","1"
"40014144_BD","MITU BABY POWDER PINK 50G+100%","63","PC","36","CT","3272.5","3500","3500","3500","3500","3500","40014144","40014144","40014144","1"
"40014145","MITU BABY POWDER BLUE 50G+100%","63","PC","36","CT","3272.5","3500","3500","3500","3500","3500","40014145","40014145","40014145","1"
"40014145_BD","MITU BABY POWDER BLUE 50G+100%","63","PC","36","CT","3272.5","3500","3500","3500","3500","3500","40014145","40014145","40014145","1"
"40014293","STELLA DAILY FRESH G VANILLA","63","PC","72","CT","11220","12000","12000","12000","12000","12000","40014293","40014293","40014293","1"
"40014293_BD","STELLA DAILY FRESH G VANILLA","63","PC","72","CT","11220","12000","12000","11140","11140","12000","40014293","40014293","40014293","1"
"40014294","STELLA DAILY INDOOR VANILLA","63","PC","72","CT","11220","12000","12000","12000","12000","12000","40014294","40014294","40014294","1"
"40014294_BD","STELLA DAILY INDOOR VANILLA","63","PC","72","CT","11220","12000","12000","12000","12000","12000","40014294","40014294","40014294","1"
"40014296_BD","HIT MAGIC FLORAL  4+2S HGR","63","PC","576","CT","673","720","720","720","720","720","40014296","40014296","40014296","1"
"40014297","HIT MAGIC FRESH  4+2S HGR","63","PC","576","CT","673","720","720","720","720","720","40014297","40014297","40014297","1"
"40014297_BD","HIT MAGIC FRESH  4+2S HGR","63","PC","576","CT","673","720","720","720","720","720","40014297","40014297","40014297","1"
"40014369_BD","STELLA MTC REF225ML GF PKT EKO","63","PC","6","CT","43347.3","46610","46610","46610","46610","46610","40014369","40014369","40014369","1"
"40014370","BIOSOL SACHET 20 ML+5 ML","63","PC","144","CT","318","340","340","340","340","340","40014370","40014370","40014370","1"
"40014370_BD","BIOSOL SACHET 20 ML+5 ML","63","PC","144","CT","318","340","340","340","340","340","40014370","40014370","40014370","1"
"40014381_BD","Stella AER P.AIRCLEAN&PRO275ML","63","PC","12","CT","13531.5","14550","14550","14550","14550","14550","40014381","40014381","40014381","1"
"40014382_BD","Stella AER P.AIRFRESH&PRO275ML","63","PC","12","CT","13531.5","14550","14550","14550","14550","14550","40014382","40014382","40014382","1"
"40014583","MITU BABY MINI PACK ASEPTIC HA","63","PC","288","CT","636","680","680","680","680","680","40014583","40014583","40014583","1"
"40014583_BD","MITU BABY MINI PACK ASEPTIC HA","63","PC","288","CT","636","680","680","680","680","680","40014583","40014583","40014583","1"
"40014585","MITU BABY REGULAR F&C PINK 20S","63","PC","36","CT","3834","4100","4100","4100","4100","4100","40014585","40014585","40014585","1"
"40014585_BD","MITU BABY REGULAR F&C PINK 20S","63","PC","36","CT","3834","4100","4100","4100","4100","4100","40014585","40014585","40014585","1"
"40014586","MITU BABY REGULAR F&C BLUE 20S","63","PC","36","CT","3834","4100","4100","4100","4100","4100","40014586","40014586","40014586","1"
"40014586_BD","MITU BABY REGULAR F&C BLUE 20S","63","PC","36","CT","3834","4100","4100","4100","4100","4100","40014586","40014586","40014586","1"
"40014625","MITU BABY PWD BLUE100+100 KSOS","63","PC","36","CT","5843.75","6250","6250","6250","6250","6250","40014625","40014625","40014625","1"
"40014625_BD","MITU BABY PWD BLUE100+100 KSOS","63","PC","36","CT","5236","5600","5600","5600","5600","5600","40014625","40014625","40014625","1"
"40014711","STELLA DAILY FRESH G FRESH","63","PC","72","CT","11669","12480","12480","12480","12480","12480","40014711","40014711","40014711","1"
"40014711_BD","STELLA DAILY FRESH G FRESH","63","PC","72","CT","11220","12000","12000","12000","12000","12000","40014711","40014711","40014711","1"
"40014712","STELLA DAILY INDOOR FRESH","63","PC","72","CT","11220","12000","12000","12000","12000","12000","40014712","40014712","40014712","1"
"40014712_BD","STELLA DAILY INDOOR FRESH","63","PC","72","CT","11220","12000","12000","12000","12000","12000","40014712","40014712","40014712","1"
"40014723_BD","HIT AER LILY BLOSSOM 225ml","63","PC","12","CT","12529","13400","13400","13400","13400","13400","40014723","40014723","40014723","1"
"40014724_BD","HIT AER POME 225ML","63","PC","12","CT","11052","11820","11820","11820","11820","11820","40014724","40014724","40014724","1"
"40014839","Stella Aer Romance Paris 275ml","63","PC","12","CT","13604","14550","14550","14550","14550","14550","40014839","40014839","40014839","1"
"40014839_BD","Stella Aer Romance Paris 275ml","63","PC","12","CT","13604","14550","14550","14550","14550","14550","40014839","40014839","40014839","1"
"40014840_BD","Stella Aer Romance Hawai 275ml","63","PC","12","CT","13531.5","14550","14550","14550","14550","14550","40014840","40014840","40014840","1"
"40014842","HIT NS REF CLASSIC 1BLN 33ML","63","PC","144","CT","12249","13100","13100","13100","13100","13100","40014842","40014842","40014842","1"
"40014842_BD","HIT NS REF CLASSIC 1BLN 33ML","63","PC","144","CT","12249","13100","13100","13100","13100","13100","40014842","40014842","40014842","1"
"40014843","HIT NS REF FRESH 1BLN 33ML","63","PC","144","CT","12249","13100","13100","13100","13100","13100","40014843","40014843","40014843","1"
"40014843_BD","HIT NS REF FRESH 1BLN 33ML","63","PC","144","CT","12249","13100","13100","13100","13100","13100","40014843","40014843","40014843","1"
"40014844","HIT NS REF FLORAL 1BLN 33ML","63","PC","144","CT","12249","13100","13100","13100","13100","13100","40014844","40014844","40014844","1"
"40014844_BD","HIT NS REF FLORAL 1BLN 33ML","63","PC","144","CT","12249","13100","13100","13100","13100","13100","40014844","40014844","40014844","1"
"40014848_BD","STELLA MTC REF225ML OR PKT EKO","63","PC","6","CT","43347.3","46610","46610","46610","46610","46610","40014848","40014848","40014848","1"
"40014882","STELLA CAR PARF SET(CV) MUSK","63","PC","24","CT","27863","29800","29800","29800","29800","29800","40014882","40014882","40014882","1"
"40014882_BD","STELLA CAR PARF SET(CV) MUSK","63","PC","24","CT","27863","29800","29800","29800","29800","29800","40014882","40014882","40014882","1"
"40014883","STELLA CAR PARF SET(CV) SHINE","63","PC","24","CT","27863","29800","29800","29800","29800","29800","40014883","40014883","40014883","1"
"40014883_BD","STELLA CAR PARF SET(CV) SHINE","63","PC","24","CT","27863","29800","29800","29800","29800","29800","40014883","40014883","40014883","1"
"40014884_BD","STELLA CAR PARF SET(CV) ENERGY","63","PC","24","CT","26970","29000","29000","29000","29000","29000","40014884","40014884","40014884","1"
"40014885_BD","STELLA CAR PARF REF(CV) MUSK","63","PC","48","CT","15503.1","16670","16670","16670","16670","16670","40014885","40014885","40014885","1"
"40014886","STELLA CAR PARF REF(CV) SHINE","63","PC","48","CT","16147","17270","17270","17270","17270","17270","40014886","40014886","40014886","1"
"40014886_BD","STELLA CAR PARF REF(CV) SHINE","63","PC","48","CT","16147","17270","17270","17270","17270","17270","40014886","40014886","40014886","1"
"40014887","STELLA CAR PARF REF(CV) ENERGY","63","PC","48","CT","16147","17270","17270","17270","17270","17270","40014887","40014887","40014887","1"
"40014887_BD","STELLA CAR PARF REF(CV) ENERGY","63","PC","48","CT","16147","17270","17270","17270","17270","17270","40014887","40014887","40014887","1"
"40014892","FOGO LEMARI PAPER PRINCESS 12G 6x12","63","PC","72","CT","6391","6835","6835","6835","6835","6835","40014892","40014892","40014892","1"
"40014892_BD","FOGO LEMARI PAPER PRINCESS 12G 6x12","63","PC","72","CT","6391","6835","6835","6835","6835","6835","40014892","40014892","40014892","1"
"40014897","POLYTEX SABUT SPON EXTRA KUAT 48X6","63","PC","288","CT","4911.56","5253","5253","5253","5253","5253","40014897","40014897","40014897","1"
"40014897_BD","POLYTEX SABUT SPON EXTRA KUAT 48X6","63","PC","288","CT","4769","5100","5100","5100","5100","5100","40014897","40014897","40014897","1"
"40014898_BD","POLYTEX SABUT SPON ANTI GORES 48X6","63","PC","288","CT","5115","5500","5500","5500","5500","5500","40014898","40014898","40014898","1"
"40014919_BD","HIT ONE PUSH LILY BLOSM 10+2ML","63","PC","24","CT","18162.9","19530","19530","19530","19530","19530","40014919","40014919","40014919","1"
"40014989","CARRERA P`KILAP BAN FOAM  400ML","63","PC","12","CT","34380","36770","36770","36770","36770","36770","40014989","40014989","40014989","1"
"40014989_BD","CARRERA P`KILAP BAN FOAM  400ML","63","PC","12","CT","32744","35020","35020","35020","35020","35020","40014989","40014989","40014989","1"
"40015255_BD","HIT ONE PUSH ORG 16+3ML","63","PC","24","CT","28820.7","30990","30990","30990","30990","30990","40015255","40015255","40015255","1"
"40015289_BD","POLYTEX SPON PENYERAP","63","PC","72","CT","10044","10800","10800","10800","10800","10800","40015289","40015289","40015289","1"
"40015290","POLYTEX NET SPON MULTI PURPOSE 12X6","63","PC","72","CT","6741.35","7210","7210","7210","7210","7210","40015290","40015290","40015290","1"
"40015290_BD","POLYTEX NET SPON MULTI PURPOSE 12X6","63","PC","72","CT","6545","7000","7000","7000","7000","7000","40015290","40015290","40015290","1"
"40015298_BD","HIT MAGIC FLORAL 10S 6X24","63","PC","144","CT","1581","1700","1700","1700","1700","1700","40015298","40015298","40015298","1"
"40015331","MITU BABY T.PACK BLUE 10S B1G1","63","PC","144","CT","4095","4380","4380","4380","4380","4380","40015331","40015331","40015331","1"
"40015331_BD","MITU BABY T.PACK BLUE 10S B1G1","63","PC","144","CT","4095","4380","4380","4380","4380","4380","40015331","40015331","40015331","1"
"40015359","HIT MAGIC FRESH 10S 6X24","63","PC","144","CT","1777","1900","1900","1900","1900","1900","40015359","40015359","40015359","1"
"40015359_BD","HIT MAGIC FRESH 10S 6X24","63","PC","144","CT","1777","1900","1900","1900","1900","1900","40015359","40015359","40015359","1"
"40015433","MITU LAVY FEMININE TP10S BOGOF","63","PC","144","CT","7686","8220","8220","8220","8220","8220","40015433","40015433","40015433","1"
"40015433_BD","MITU LAVY FEMININE TP10S BOGOF","63","PC","144","CT","7686","8220","8220","8220","8220","8220","40015433","40015433","40015433","1"
"40015434","MITU BABY BOX PAKET","63","PC","12","CT","42169","45100","45100","45100","45100","45100","40015434","40015434","40015434","1"
"40015434_BD","MITU BABY BOX PAKET","63","PC","12","CT","42169","45100","45100","45100","45100","45100","40015434","40015434","40015434","1"
"40015496_BD","HIT AER LEMON 600ML(500+100ML)","63","PC","12","CT","28639","30630","30630","30630","30630","30630","40015496","40015496","40015496","1"
"40015497_BD","HIT AER POME 600ML (500+100ML)","63","PC","12","CT","28639","30630","30630","30630","30630","30630","40015497","40015497","40015497","1"
"40015731","Stella Mtc F.Fiesta 225ML+Btry","63","PC","12","CT","25245","27000","27000","27000","27000","27000","40015731","40015731","40015731","1"
"40015731_BD","Stella Mtc F.Fiesta 225ML+Btry","63","PC","12","CT","25245","27000","27000","27000","27000","27000","40015731","40015731","40015731","1"
"40015880_BD","HIT ONE PUSH GTEA 16+3ML","63","PC","24","CT","28820.7","30990","30990","30990","30990","30990","40015880","40015880","40015880","1"
"40015923_BD","HIT AER POMEGRANATE 500ML","63","PC","12","CT","19981","21370","21370","21370","21370","21370","40015923","40015923","40015923","1"
"40015973","HIT NS REF FLORAL 1BLN + ALAT","63","PC","72","CT","12249","13100","13100","13100","13100","13100","40015973","40015973","40015973","1"
"40015973_BD","HIT NS REF FLORAL 1BLN + ALAT","63","PC","72","CT","12249","13100","13100","13100","13100","13100","40015973","40015973","40015973","1"
"40016175_BD","HIT AER LILY B 225ml ""RETAIL""","63","PC","12","CT","12529","13400","13400","13400","13400","13400","40016175","40016175","40016175","1"
"40016265","MITU BABY REGULAR F&C PINK 40S","63","PC","36","CT","5788","6190","6190","6190","6190","6190","40016265","40016265","40016265","1"
"40016265_BD","MITU BABY REGULAR F&C PINK 40S","63","PC","36","CT","5788","6190","6190","6190","6190","6190","40016265","40016265","40016265","1"
"40016266","MITU BABY REGULAR F&C BLUE 40S","63","PC","36","CT","5788","6190","6190","6190","6190","6190","40016266","40016266","40016266","1"
"40016266_BD","MITU BABY REGULAR F&C BLUE 40S","63","PC","36","CT","5788","6190","6190","6190","6190","6190","40016266","40016266","40016266","1"
"40016503","MITU BABY SHAMPOO 200ML+HL 50","63","PC","36","CT","15194","17150","17150","17150","17150","17150","40016503","40016503","40016503","1"
"40016503_BD","MITU BABY SHAMPOO 200ML+HL 50","63","PC","36","CT","14493","15500","15500","15500","15500","15500","40016503","40016503","40016503","1"
"40016504","HIT LIQ POUCH CLS LILY B 175ML","63","PC","24","CT","8274.75","8850","8850","8850","8850","8850","40016504","40016504","40016504","1"
"40016504_BD","HIT LIQ POUCH CLS LILY B 175ML","63","PC","24","CT","7667","8200","8200","8200","8200","8200","40016504","40016504","40016504","1"
"40016505","HIT LIQ POUCH CLS LILY B 360ML","63","PC","12","CT","17971","19220","19220","19220","19220","19220","40016505","40016505","40016505","1"
"40016505_BD","HIT LIQ POUCH CLS LILY B 360ML","63","PC","12","CT","17111","18300","18300","18300","18300","18300","40016505","40016505","40016505","1"
"40016506","HIT LIQ POUCH CLS LILY B 700ML","63","PC","12","CT","29452.5","31500","31500","31500","31500","31500","40016506","40016506","40016506","1"
"40016506_BD","HIT LIQ POUCH CLS LILY B 700ML","63","PC","12","CT","29452.5","31500","31500","31500","31500","31500","40016506","40016506","40016506","1"
"40016947","PROCLIN W.CRYSTAL PCH 125+25ML","63","PC","24","CT","7433","7950","7950","7950","7950","7950","40016947","40016947","40016947","1"
"40016947_BD","PROCLIN W.CRYSTAL PCH 125+25ML","63","PC","24","CT","7433","7950","7950","7950","7950","7950","40016947","40016947","40016947","1"
"40016951","MITU BABY REG F&C PINK 20S SP 12X6","63","PC","72","CT","3833.5","4100","4100","4100","4100","4100","40016951","40016951","40016951","1"
"40016951_BD","MITU BABY REG F&C PINK 20S SP 12X6","63","PC","72","CT","3833.5","4100","4100","4100","4100","4100","40016951","40016951","40016951","1"
"40016952","MITU BABY REG F&C BLUE 20S SP 12X6","63","PC","72","CT","3833.5","4100","4100","4100","4100","4100","40016952","40016952","40016952","1"
"40016952_BD","MITU BABY REG F&C BLUE 20S SP 12X6","63","PC","72","CT","3833.5","4100","4100","4100","4100","4100","40016952","40016952","40016952","1"
"40016953","Stella Mtc Lemon 225ML+Btry","63","PC","12","CT","25245","27000","27000","27000","27000","27000","40016953","40016953","40016953","1"
"40016953_BD","Stella Mtc Lemon 225ML+Btry","63","PC","12","CT","25245","27000","27000","27000","27000","27000","40016953","40016953","40016953","1"
"40016954","STELLA MTC W FLOWER225ML+TTKAN","63","PC","12","CT","26461","28300","28300","28300","28300","28300","40016954","40016954","40016954","1"
"40016954_BD","STELLA MTC W FLOWER225ML+TTKAN","63","PC","12","CT","26461","28300","28300","28300","28300","28300","40016954","40016954","40016954","1"
"40016955_BD","STELLA MTC S.GARDEN225ML+TTKAN","63","PC","12","CT","25110","27000","27000","27000","27000","27000","40016955","40016955","40016955","1"
"40017179","Stella MTC GFANTASY225ML+TTKAN","63","PC","12","CT","25110","27000","27000","27000","27000","27000","40017179","40017179","40017179","1"
"40017179_BD","Stella MTC GFANTASY225ML+TTKAN","63","PC","12","CT","25110","27000","27000","27000","27000","27000","40017179","40017179","40017179","1"
"40017201","MITU GANTI POPOK WHITE50-B1G1","63","PC","24","CT","9883","10570","10570","10570","10570","10570","40017201","40017201","40017201","1"
"40017201_BD","MITU GANTI POPOK WHITE50-B1G1","63","PC","24","CT","9883","10570","10570","10570","10570","10570","40017201","40017201","40017201","1"
"40017202","MITU GANTI POPOK PURPLE50-B1G1","63","PC","24","CT","9883","10570","10570","10570","10570","10570","40017202","40017202","40017202","1"
"40017202_BD","MITU GANTI POPOK PURPLE50-B1G1","63","PC","24","CT","9883","10570","10570","10570","10570","10570","40017202","40017202","40017202","1"
"40017204","HIT MAT GREEN TEA 4S HGR","63","PC","864","CT","673","720","720","720","720","720","40017204","40017204","40017204","1"
"40017204_BD","HIT MAT GREEN TEA 4S HGR","63","PC","864","CT","673","720","720","720","720","720","40017204","40017204","40017204","1"
"40017205_BD","HIT MAT GREEN TEA 18+6S","63","PC","144","CT","4929","5300","5300","5300","5300","5300","40017205","40017205","40017205","1"
"40017243_BD","POLYTEX SELULOSA ANTIGORES  NE","63","PC","72","CT","9393","10100","10100","10100","10100","10100","40017243","40017243","40017243","1"
"40017244","POLYTEX PKT SBT SPON REG 2S","63","PC","120","CT","8089.62","8652","8652","8652","8652","8652","40017244","40017244","40017244","1"
"40017244_BD","POLYTEX PKT SBT SPON REG 2S","63","PC","120","CT","7854","8400","8400","8400","8400","8400","40017244","40017244","40017244","1"
"40017245","POLYTEX PKT SBT SPON EXKUAT 2S 20X6","63","PC","120","CT","9534.2","10197","10197","10197","10197","10197","40017245","40017245","40017245","1"
"40017245_BD","POLYTEX PKT SBT SPON EXKUAT 2S 20X6","63","PC","120","CT","9257","9900","9900","9900","9900","9900","40017245","40017245","40017245","1"
"40017246","POLYTEX PKT STAINLESS 20G 2S 8X6","63","PC","48","CT","9726.81","10403","10403","10403","10403","10403","40017246","40017246","40017246","1"
"40017246_BD","POLYTEX PKT STAINLESS 20G 2S 8X6","63","PC","48","CT","9726.81","10403","10403","10403","10403","10403","40017246","40017246","40017246","1"
"40017261","STELLA AEROSOL LEMON 140ML","63","PC","12","CT","7256","7760","7760","7760","7760","7760","40017261","40017261","40017261","1"
"40017261_BD","STELLA AEROSOL LEMON 140ML","63","PC","12","CT","7256","7760","7760","7760","7760","7760","40017261","40017261","40017261","1"
"40017262","STELLA AEROSOL ORANGE 140ML","63","PC","12","CT","8041","8600","8600","8600","8600","8600","40017262","40017262","40017262","1"
"40017262_BD","STELLA AEROSOL ORANGE 140ML","63","PC","12","CT","8041","8600","8600","8600","8600","8600","40017262","40017262","40017262","1"
"40017265","NYU CREME HC NATURAL BLACK","63","PC","24","CT","12529","13400","13400","13400","13400","13400","40017265","40017265","40017265","1"
"40017265_BD","NYU CREME HC NATURAL BLACK","63","PC","24","CT","12529","13400","13400","13400","13400","13400","40017265","40017265","40017265","1"
"40017266","NYU CREME HC NATURAL BROWN","63","PC","24","CT","12529","13400","13400","13400","13400","13400","40017266","40017266","40017266","1"
"40017266_BD","NYU CREME HC NATURAL BROWN","63","PC","24","CT","12529","13400","13400","13400","13400","13400","40017266","40017266","40017266","1"
"40017267","NYU CREME HC COPPERY BROWN","63","PC","24","CT","12529","13400","13400","13400","13400","13400","40017267","40017267","40017267","1"
"40017267_BD","NYU CREME HC COPPERY BROWN","63","PC","24","CT","12529","13400","13400","13400","13400","13400","40017267","40017267","40017267","1"
"40017268","NYU CREME HC CARAMEL","63","PC","24","CT","12529","13400","13400","13400","13400","13400","40017268","40017268","40017268","1"
"40017268_BD","NYU CREME HC CARAMEL","63","PC","24","CT","11594","12400","12400","12400","12400","12400","40017268","40017268","40017268","1"
"40017289","NYU CREME HC BURGUNDY","63","PC","24","CT","12529","13400","13400","13400","13400","13400","40017289","40017289","40017289","1"
"40017289_BD","NYU CREME HC BURGUNDY","63","PC","24","CT","11594","12400","12400","12400","12400","12400","40017289","40017289","40017289","1"
"40017409_BD","HIT AER LEMON 600(500+100ML)NL","63","PC","12","CT","28639","30630","30630","30630","30630","30630","40017409","40017409","40017409","1"
"40017605","HIT MAT EKO SET","63","PC","72","CT","8089.62","8652","8652","8652","8652","8652","40017605","40017605","40017605","1"
"40017605_BD","HIT MAT EKO SET","63","PC","72","CT","7854","8400","8400","8400","8400","8400","40017605","40017605","40017605","1"
"40017673","LEM TIKUS TRAP CAP GAJAH 70 GR 12X6","63","PC","72","CT","10538","11270.33","11270.33","11270.33","11270.33","11270.33","40017673","40017673","40017673","1"
"40017673_BD","LEM TIKUS TRAP CAP GAJAH 70 GR 12X6","63","PC","72","CT","10538","11270.33","11270.33","11270.33","11270.33","11270.33","40017673","40017673","40017673","1"
"40017738","HIT Magic Floral 4+2s Rejeki 3","63","PC","576","CT","673.2","720","720","720","720","720","40017738","40017738","40017738","1"
"40017738_BD","HIT Magic Floral 4+2s Rejeki 3","63","PC","576","CT","673.2","720","720","720","720","720","40017738","40017738","40017738","1"
"40017749","HIT Magic Fresh 4+2s Rejeki 3","63","PC","576","CT","673.2","720","720","720","720","720","40017749","40017749","40017749","1"
"40017749_BD","HIT Magic Fresh 4+2s Rejeki 3","63","PC","576","CT","673.2","720","720","720","720","720","40017749","40017749","40017749","1"
"40017834_BD","HIT AER LILY BLOSSOM 500ML[GT]","63","PC","12","CT","19980.95","21370","21370","21370","21370","21370","40017834","40017834","40017834","1"
"40017835_BD","HIT AER ORANGE 500ML [GT]","63","PC","12","CT","19981","21370","21370","21370","21370","21370","40017835","40017835","40017835","1"
"40017836_BD","HIT AER ORANGE 225ML","63","PC","12","CT","12529","13400","13400","13400","13400","13400","40017836","40017836","40017836","1"
"40017837_BD","HIT AER LEMON 225ML","63","PC","12","CT","11051.7","11820","11820","11820","11820","11820","40017837","40017837","40017837","1"
"40017838_BD","HIT AER GREEN TEA 225ML","63","PC","12","CT","11051.7","11820","11820","11820","11820","11820","40017838","40017838","40017838","1"
"40017841","MITU KIDS C.ORANGE 10`S BOGOF","63","PC","144","CT","4263.6","4560","4560","4560","4560","4560","40017841","40017841","40017841","1"
"40017841_BD","MITU KIDS C.ORANGE 10`S BOGOF","63","PC","144","CT","4263.6","4560","4560","4560","4560","4560","40017841","40017841","40017841","1"
"40017953_BD","HIT AER POME  225ML MP","63","PC","12","CT","11052","11820","11820","11820","11820","11820","40017953","40017953","40017953","1"
"40017954_BD","HIT AER LILY BLOSSOM 225ML MP","63","PC","12","CT","12529","13400","13400","13400","13400","13400","40017954","40017954","40017954","1"
"40017955_BD","HIT ONE PUSH LILY BLOSSOM 10ML","63","PC","24","CT","18162.9","19530","19530","19530","19530","19530","40017955","40017955","40017955","1"
"40018047","MITU BABY  T.PACK PINK 8S","63","PC","288","CT","1272","1360","1360","1360","1360","1360","40018047","40018047","40018047","1"
"40018047_BD","MITU BABY  T.PACK PINK 8S","63","PC","288","CT","1272","1360","1360","1360","1360","1360","40018047","40018047","40018047","1"
"40018048","MITU BABY T.PACK BLUE 8S","63","PC","288","CT","1272","1360","1360","1360","1360","1360","40018048","40018048","40018048","1"
"40018048_BD","MITU BABY T.PACK BLUE 8S","63","PC","288","CT","1272","1360","1360","1360","1360","1360","40018048","40018048","40018048","1"
"40018069","WETTIES T.PACK ANTISEPTIC 8S","63","PC","288","CT","1403","1500","1500","1500","1500","1500","40018069","40018069","40018069","1"
"40018069_BD","WETTIES T.PACK ANTISEPTIC 8S","63","PC","288","CT","1272","1360","1360","1360","1360","1360","40018069","40018069","40018069","1"
"40018072","HIT POMPA BND HIT LIQ LB 175ML","63","PC","120","CT","12005","12840","12840","12840","12840","12840","40018072","40018072","40018072","1"
"40018072_BD","HIT POMPA BND HIT LIQ LB 175ML","63","PC","120","CT","12005","12840","12840","12840","12840","12840","40018072","40018072","40018072","1"
"40018118","MITU MINI PAKET ZIPLOCK","63","PC","36","CT","18233","19500","19500","19500","19500","19500","40018118","40018118","40018118","1"
"40018118_BD","MITU MINI PAKET ZIPLOCK","63","PC","36","CT","18233","19500","19500","19500","19500","19500","40018118","40018118","40018118","1"
"40018353_BD","HIT AER POME 415+85ML","63","PC","12","CT","19981","21370","21370","21370","21370","21370","40018353","40018353","40018353","1"
"40018354","STELLA AEROSOL G.FANTASY  140M","63","PC","12","CT","7256","7760","7760","7760","7760","7760","40018354","40018354","40018354","1"
"40018354_BD","STELLA AEROSOL G.FANTASY  140M","63","PC","12","CT","7256","7760","7760","7760","7760","7760","40018354","40018354","40018354","1"
"40018417","STELLA DF GREEN HARMONY 6X12","63","PC","72","CT","10416","11140","11140","11140","11140","11140","40018417","40018417","40018417","1"
"40018417_BD","STELLA DF GREEN HARMONY 6X12","63","PC","72","CT","10416","11140","11140","11140","11140","11140","40018417","40018417","40018417","1"
"40018418","STELLA DF INDOORSANRIO HARMONY","63","PC","72","CT","10126","10830","10830","10830","10830","10830","40018418","40018418","40018418","1"
"40018418_BD","STELLA DF INDOORSANRIO HARMONY","63","PC","72","CT","10126","10830","10830","10830","10830","10830","40018418","40018418","40018418","1"
"40018468","STELLA POCKET BATHROOM PURPLE","63","PC","72","CT","6498.25","6950","6950","6950","6950","6950","40018468","40018468","40018468","1"
"40018468_BD","STELLA POCKET BATHROOM PURPLE","63","PC","72","CT","5610","6000","6000","6000","6000","6000","40018468","40018468","40018468","1"
"40018469","STELLA POCKET BATHROOM ORANGE","63","PC","72","CT","6498.25","6950","6950","6950","6950","6950","40018469","40018469","40018469","1"
"40018469_BD","STELLA POCKET BATHROOM ORANGE","63","PC","72","CT","5610","6000","6000","6000","6000","6000","40018469","40018469","40018469","1"
"40018470","STELLA POCKET BATHROOM GREEN","63","PC","72","CT","6498.25","6950","6950","6950","6950","6950","40018470","40018470","40018470","1"
"40018470_BD","STELLA POCKET BATHROOM GREEN","63","PC","72","CT","5610","6000","6000","6000","6000","6000","40018470","40018470","40018470","1"
"40018490","MITU RASH CREAM TUBE 50 GR","63","PC","36","CT","13380","14310","14310","14310","14310","14310","40018490","40018490","40018490","1"
"40018490_BD","MITU RASH CREAM TUBE 50 GR","63","PC","36","CT","13380","14310","14310","14310","14310","14310","40018490","40018490","40018490","1"
"40018633","SUSEMI SABUT STAINLESS 40 GR 6X12","63","PC","72","CT","4395","4700","4700","4700","4700","4700","40018633","40018633","40018633","1"
"40018633_BD","SUSEMI SABUT STAINLESS 40 GR 6X12","63","PC","72","CT","4319.7","4620","4620","4532","4532","4620","40018633","40018633","40018633","1"
"40018671_BD","HIT AER POME 500ML [GT]","63","PC","12","CT","19981","21370","21370","21370","21370","21370","40018671","40018671","40018671","1"
"40018712","HIT MAGIC LILYBLOSSOM 4+2S HGR 4X144","63","PC","576","CT","673","720","720","720","720","720","40018712","40018712","40018712","1"
"40018712_BD","HIT MAGIC LILYBLOSSOM 4+2S HGR 4X144","63","PC","576","CT","673","720","720","720","720","720","40018712","40018712","40018712","1"
"40018795","MITU GPBLUE50B1G1 BNS R-CREAM","63","PC","24","CT","9883","10570","10570","10570","10570","10570","40018795","40018795","40018795","1"
"40018795_BD","MITU GPBLUE50B1G1 BNS R-CREAM","63","PC","24","CT","9883","10570","10570","10570","10570","10570","40018795","40018795","40018795","1"
"40018983_BD","STELLA MTC REF PRM CAFFELAT225ML","63","PC","12","CT","26461","28300","28300","28300","28300","28300","40018983","40018983","40018983","1"
"40018984_BD","STELLA MTC REFPRMSWEETRBW225ML","63","PC","12","CT","26319","28300","28300","28300","28300","28300","40018984","40018984","40018984","1"
"40019061_BD","STELLA MTC D.ISLAND225ML+TTKAN","63","PC","12","CT","26319","28300","28300","28300","28300","28300","40019061","40019061","40019061","1"
"40019062","MITU SHIKADA DRY SKIN 20S","63","PC","72","CT","11902.55","12730","12730","12730","12730","12730","40019062","40019062","40019062","1"
"40019062_BD","MITU SHIKADA DRY SKIN 20S","63","PC","72","CT","11902.55","12730","12730","12730","12730","12730","40019062","40019062","40019062","1"
"40019063","MITU SHIKADA ACNE SKIN 20S","63","PC","72","CT","11902.55","12730","12730","12730","12730","12730","40019063","40019063","40019063","1"
"40019063_BD","MITU SHIKADA ACNE SKIN 20S","63","PC","72","CT","11902.55","12730","12730","12730","12730","12730","40019063","40019063","40019063","1"
"40019111","Stella Fun n`Fresh Happy Day","63","PC","144","CT","8415","9000","9000","9000","9000","9000","40019111","40019111","40019111","1"
"40019111_BD","Stella Fun n`Fresh Happy Day","63","PC","144","CT","8415","9000","9000","9000","9000","9000","40019111","40019111","40019111","1"
"40019112","Stella Fun n`Fresh Fruity&Fres","63","PC","144","CT","8415","9000","9000","9000","9000","9000","40019112","40019112","40019112","1"
"40019112_BD","Stella Fun n`Fresh Fruity&Fres","63","PC","144","CT","8415","9000","9000","9000","9000","9000","40019112","40019112","40019112","1"
"40019121_BD","HIT ONE PUSH GTEA 10ML (48)","63","PC","48","CT","19065","20500","20500","20500","20500","20500","40019121","40019121","40019121","1"
"40019122_BD","HIT ONE PUSH ORANGE 10ML (48)","63","PC","48","CT","19065","20500","20500","20500","20500","20500","40019122","40019122","40019122","1"
"40019123_BD","HIT ONE PUSH LILY B 10ML (48)","63","PC","48","CT","19065","20500","20500","20500","20500","20500","40019123","40019123","40019123","1"
"40019204","HIT NON STOP FRESH SET XP NEW","63","PC","24","CT","14493","15500","15500","15500","15500","15500","40019204","40019204","40019204","1"
"40019204_BD","HIT NON STOP FRESH SET XP NEW","63","PC","24","CT","14493","15500","15500","15500","15500","15500","40019204","40019204","40019204","1"
"40019319_BD","HIT MAGIC LILY BLOSSOM 10S 6X24","63","PC","144","CT","1581","1700","1700","1700","1700","1700","40019319","40019319","40019319","1"
"40019320","MITU BABY POWDER PINK 50G+75%","63","PC","36","CT","3273","3500","3500","3500","3500","3500","40019320","40019320","40019320","1"
"40019320_BD","MITU BABY POWDER PINK 50G+75%","63","PC","36","CT","3273","3500","3500","3500","3500","3500","40019320","40019320","40019320","1"
"40019321","MITU BABY POWDER BLUE 50G+75%","63","PC","36","CT","3273","3500","3500","3500","3500","3500","40019321","40019321","40019321","1"
"40019321_BD","MITU BABY POWDER BLUE 50G+75%","63","PC","36","CT","3273","3500","3500","3500","3500","3500","40019321","40019321","40019321","1"
"40019322","MITU BABY POWDER PINK 100G+75%","63","PC","36","CT","5843.75","6250","6250","6250","6250","6250","40019322","40019322","40019322","1"
"40019322_BD","MITU BABY POWDER PINK 100G+75%","63","PC","36","CT","5610","6000","6000","6000","6000","6000","40019322","40019322","40019322","1"
"40019323","MITU BABY POWDER BLUE 100G+75%","63","PC","36","CT","5843.75","6250","6250","6250","6250","6250","40019323","40019323","40019323","1"
"40019323_BD","MITU BABY POWDER BLUE 100G+75%","63","PC","36","CT","5610","6000","6000","6000","6000","6000","40019323","40019323","40019323","1"
"40019324","MITU BABY POWDER PINK 200G+75%","63","PC","36","CT","10285","11000","11000","11000","11000","11000","40019324","40019324","40019324","1"
"40019324_BD","MITU BABY POWDER PINK 200G+75%","63","PC","36","CT","9911","10600","10600","10600","10600","10600","40019324","40019324","40019324","1"
"40019325","MITU BABY POWDER BLUE 200G+75%","63","PC","36","CT","10285","11000","11000","11000","11000","11000","40019325","40019325","40019325","1"
"40019325_BD","MITU BABY POWDER BLUE 200G+75%","63","PC","36","CT","10285","11000","11000","11000","11000","11000","40019325","40019325","40019325","1"
"40019543","PROCLIN PENGHLNG NODA SCHT30ML 6X24","63","PC","144","CT","636","680","680","680","680","680","40019543","40019543","40019543","1"
"40019543_BD","PROCLIN PENGHLNG NODA SCHT30ML 6X24","63","PC","144","CT","636","680","680","680","680","680","40019543","40019543","40019543","1"
"40019544","PROCLIN PENGHLNG NODA BTL180ML","63","PC","24","CT","7405","7920","7920","7920","7920","7920","40019544","40019544","40019544","1"
"40019544_BD","PROCLIN PENGHLNG NODA BTL180ML","63","PC","24","CT","7405","7920","7920","7920","7920","7920","40019544","40019544","40019544","1"
"40019545","PROCLIN PENGHLNG NODA BTL400ML","63","PC","24","CT","13885","14850.45","14850.45","14850.45","14850.45","14850.45","40019545","40019545","40019545","1"
"40019545_BD","PROCLIN PENGHLNG NODA BTL400ML","63","PC","24","CT","13885","14850.45","14850.45","14850.45","14850.45","14850.45","40019545","40019545","40019545","1"
"40019546","PROCLIN PENGHLNGNODA PCH125+25","63","PC","24","CT","7433","7950","7950","7950","7950","7950","40019546","40019546","40019546","1"
"40019546_BD","PROCLIN PENGHLNGNODA PCH125+25","63","PC","24","CT","7153","7650","7650","7650","7650","7650","40019546","40019546","40019546","1"
"40019547","PROCLIN PENGHLNG NODA PCH400ML","63","PC","12","CT","17344","18550","18550","18550","18550","18550","40019547","40019547","40019547","1"
"40019547_BD","PROCLIN PENGHLNG NODA PCH400ML","63","PC","12","CT","17344","18550","18550","18550","18550","18550","40019547","40019547","40019547","1"
"40019590_BD","Biosol Sachet 20+5ml (12+1)","63","PC","144","CT","316.2","340","340","340","340","340","40019590","40019590","40019590","1"
"40019676_BD","Alfamart Car Freshner Jeruk70g","63","PC","72","CT","4544.91","4887","4887","4887","4887","4887","40019676","40019676","40019676","1"
"40019677_BD","Alfamart Car Freshner Apel 70g","63","PC","72","CT","4544.91","4887","4887","4887","4887","4887","40019677","40019677","40019677","1"
"40019678_BD","Alfamart Car Freshner Bunga70g","63","PC","72","CT","4544.91","4887","4887","4887","4887","4887","40019678","40019678","40019678","1"
"40019689_BD","Alfamart C.WrapRefill 30mx30cm","63","PC","24","CT","8012.88","8616","8616","8616","8616","8616","40019689","40019689","40019689","1"
"40019720","MITU BABY LIQUID POWDER 100GR 6X6","63","PC","36","CT","14339","15400","15400","15400","15400","15400","40019720","40019720","40019720","1"
"40019720_BD","MITU BABY LIQUID POWDER 100GR 6X6","63","PC","36","CT","14339","15400","15400","15400","15400","15400","40019720","40019720","40019720","1"
"40019861","STELLA MATIC BOXSET SP.EDITION","63","PC","12","CT","56399.2","60320","60320","60320","60320","60320","40019861","40019861","40019861","1"
"40019861_BD","STELLA MATIC BOXSET SP.EDITION","63","PC","12","CT","50733.1","54260","54260","54260","54260","54260","40019861","40019861","40019861","1"
"40019880_BD","HIT AEREXPERT S.FLWR 600ML+20%","63","PC","12","CT","32351","34600","34600","34600","34600","34600","40019880","40019880","40019880","1"
"40019881_BD","HIT AER EXPERT CTRUS 600ML+20%","63","PC","12","CT","32351","34600","34600","34600","34600","34600","40019881","40019881","40019881","1"
"40019884_BD","HIT AER EXPERT S.FLWR 415+85ML","63","PC","12","CT","22721","24300","24300","24300","24300","24300","40019884","40019884","40019884","1"
"40019885_BD","HIT AER EXPERT CITRUS 415+85ML","63","PC","12","CT","22721","24300","24300","24300","24300","24300","40019885","40019885","40019885","1"
"40019886_BD","HIT AER LILY BLOSSOM 415+85ML","63","PC","12","CT","19981","21370","21370","21370","21370","21370","40019886","40019886","40019886","1"
"40020021_BD","HIT AER ORANGE 415+85ML","63","PC","12","CT","22721","24300","24300","24300","24300","24300","40020021","40020021","40020021","1"
"40020022_BD","HIT AER GREEN TEA 415+85ML","63","PC","12","CT","19981","21370","21370","21370","21370","21370","40020022","40020022","40020022","1"
"40020023","Stella Daily R.Kiss Sp Edition","63","PC","72","CT","11781","12600","12600","12600","12600","12600","40020023","40020023","40020023","1"
"40020023_BD","Stella Daily R.Kiss Sp Edition","63","PC","72","CT","11781","12600","12600","12600","12600","12600","40020023","40020023","40020023","1"
"40020024","Stella Daily O.Blossom Edition","63","PC","72","CT","11781","12600","12600","12600","12600","12600","40020024","40020024","40020024","1"
"40020024_BD","Stella Daily O.Blossom Edition","63","PC","72","CT","11781","12600","12600","12600","12600","12600","40020024","40020024","40020024","1"
"40020026","Stella Daily G.Vanilla Edition","63","PC","72","CT","11220","12000","12000","12000","12000","12000","40020026","40020026","40020026","1"
"40020026_BD","Stella Daily G.Vanilla Edition","63","PC","72","CT","11220","12000","12000","12000","12000","12000","40020026","40020026","40020026","1"
"40020028","Stella Daily G.Harmony Edition","63","PC","72","CT","10416","11140","11140","11140","11140","11140","40020028","40020028","40020028","1"
"40020028_BD","Stella Daily G.Harmony Edition","63","PC","72","CT","10416","11140","11140","11140","11140","11140","40020028","40020028","40020028","1"
"40020109_BD","NYU SACHET NATURAL BLACK","63","PC","144","CT","7533","8100","8100","8100","8100","8100","40020109","40020109","40020109","1"
"40020110_BD","NYU SACHET NATURAL BROWN","63","PC","144","CT","7533","8100","8100","8100","8100","8100","40020110","40020110","40020110","1"
"40020111_BD","NYU SACHET BURGUNDY","63","PC","144","CT","7533","8100","8100","8100","8100","8100","40020111","40020111","40020111","1"
"40020112_BD","NYU SACHET COPPERY BROWN","63","PC","144","CT","7533","8100","8100","8100","8100","8100","40020112","40020112","40020112","1"
"40020113_BD","NYU SACHET CARAMEL","63","PC","144","CT","7533","8100","8100","8100","8100","8100","40020113","40020113","40020113","1"
"40020224","MITU BABY COL GREEN SPRAY100ML 8X6","63","PC","48","CT","13371","14300","14300","14300","14300","14300","40020224","40020224","40020224","1"
"40020224_BD","MITU BABY COL GREEN SPRAY100ML 8X6","63","PC","48","CT","13371","14300","14300","14300","14300","14300","40020224","40020224","40020224","1"
"40020394","MITU BABY PWD PINK 50GR+75% NP 6X6","63","PC","36","CT","3273","3500","3500","3500","3500","3500","40020394","40020394","40020394","1"
"40020394_BD","MITU BABY PWD PINK 50GR+75% NP 6X6","63","PC","36","CT","3273","3500","3500","3500","3500","3500","40020394","40020394","40020394","1"
"40020395","MITU BABY PWD BLUE 50GR+75% NP 6X6","63","PC","36","CT","3273","3500","3500","3500","3500","3500","40020395","40020395","40020395","1"
"40020395_BD","MITU BABY PWD BLUE 50GR+75% NP 6X6","63","PC","36","CT","3273","3500","3500","3500","3500","3500","40020395","40020395","40020395","1"
"40020396","MITU BABY PWD PINK100GR+75% NP","63","PC","36","CT","5843.75","6250","6250","6250","6250","6250","40020396","40020396","40020396","1"
"40020396_BD","MITU BABY PWD PINK100GR+75% NP","63","PC","36","CT","5610","6000","6000","6000","6000","6000","40020396","40020396","40020396","1"
"40020397","MITU BABY PWD BLUE100GR+75% NP","63","PC","36","CT","5843.75","6250","6250","6250","6250","6250","40020397","40020397","40020397","1"
"40020397_BD","MITU BABY PWD BLUE100GR+75% NP","63","PC","36","CT","5610","6000","6000","6000","6000","6000","40020397","40020397","40020397","1"
"40020398","MITU BABY PWD PINK200GR+75% NP 6X6","63","PC","36","CT","10285","11000","11000","11000","11000","11000","40020398","40020398","40020398","1"
"40020398_BD","MITU BABY PWD PINK200GR+75% NP 6X6","63","PC","36","CT","9911","10600","10600","10600","10600","10600","40020398","40020398","40020398","1"
"40020419","MITU BABY PWD BLUE200GR+75% NP","63","PC","36","CT","10285","11000","11000","11000","11000","11000","40020419","40020419","40020419","1"
"40020419_BD","MITU BABY PWD BLUE200GR+75% NP","63","PC","36","CT","9911","10600","10600","10600","10600","10600","40020419","40020419","40020419","1"
"40020425_BD","HIT AER LILY BLOSSOM 415+35ML","63","PC","12","CT","20009","21400","21400","21400","21400","21400","40020425","40020425","40020425","1"
"40020426_BD","HIT AER LILY BLOSSOM 600+75 ML","63","PC","12","CT","26319","28300","28300","28300","28300","28300","40020426","40020426","40020426","1"
"40020427_BD","HIT AER ORANGE 600 + 75 ML","63","PC","12","CT","26461","28300","28300","28300","28300","28300","40020427","40020427","40020427","1"
"40020644_BD","POLYTEX STAINLESS STEEL 20GR 6X12","63","PC","72","CT","3906","4200","4200","4200","4200","4200","40020644","40020644","40020644","1"
"40020677","NYU CREME HC BLUE BLACK (S)","63","PC","24","CT","12996.5","13900","13900","13900","13900","13900","40020677","40020677","40020677","1"
"40020677_BD","NYU CREME HC BLUE BLACK (S)","63","PC","24","CT","12062","12900","12900","12900","12900","12900","40020677","40020677","40020677","1"
"40020695","MITU BABY COL PINK SPRAY 100ML","63","PC","48","CT","13371","14300","14300","14300","14300","14300","40020695","40020695","40020695","1"
"40020695_BD","MITU BABY COL PINK SPRAY 100ML","63","PC","48","CT","13371","14300","14300","14300","14300","14300","40020695","40020695","40020695","1"
"40020719_BD","HIT ONE PUSH EXPERT ORANGE10ML","63","PC","48","CT","19065","20500","20500","20500","20500","20500","40020719","40020719","40020719","1"
"40020720_BD","HIT ONE PUSH EXPERT GTEA 10ML","63","PC","48","CT","19065","20500","20500","20500","20500","20500","40020720","40020720","40020720","1"
"40020721_BD","HIT ONE PUSH EXPERT LILY B10ML","63","PC","48","CT","19065","20500","20500","20500","20500","20500","40020721","40020721","40020721","1"
"40020846","HIT Non Stop Ref Fresh 45 Hari","63","PC","144","CT","16952","18130","18130","18130","18130","18130","40020846","40020846","40020846","1"
"40020846_BD","HIT Non Stop Ref Fresh 45 Hari","63","PC","144","CT","16952","18130","18130","18130","18130","18130","40020846","40020846","40020846","1"
"40020847","HIT Non Stop Ref GTea 45 Hari","63","PC","144","CT","16952","18130","18130","18130","18130","18130","40020847","40020847","40020847","1"
"40020847_BD","HIT Non Stop Ref GTea 45 Hari","63","PC","144","CT","16952","18130","18130","18130","18130","18130","40020847","40020847","40020847","1"
"40020848_BD","MITU BABY SENSITIVE 50S","63","PC","24","CT","11913.3","12810","12810","12810","12810","12810","40020848","40020848","40020848","1"
"40021795_BD","HIT AER EXPERT  S.FLOWER 225ML","63","PC","12","CT","12529","13400","13400","13400","13400","13400","40021795","40021795","40021795","1"
"40021796_BD","HIT AER EXPERT CITRUS 225ML","63","PC","12","CT","11687.5","12500","12500","12500","12500","12500","40021796","40021796","40021796","1"
"40023287","HIT ONEPUSH EXPERT CITRUS 10ML 4X12","63","PC","48","CT","19167.5","20500","20500","20500","20500","20500","40023287","40023287","40023287","1"
"40023287_BD","HIT ONEPUSH EXPERT CITRUS 10ML 4X12","63","PC","48","CT","19167.5","20500","20500","20500","20500","20500","40023287","40023287","40023287","1"
"40023333","NYU CREME HC NATURAL BLACK (S)","63","PC","24","CT","12996.5","13900","13900","13900","13900","13900","40023333","40023333","40023333","1"
"40023333_BD","NYU CREME HC NATURAL BLACK (S)","63","PC","24","CT","12996.5","13900","13900","13900","13900","13900","40023333","40023333","40023333","1"
"40023334","NYU CREME HC NATURAL BROWN (S)","63","PC","24","CT","12996.5","13900","13900","13900","13900","13900","40023334","40023334","40023334","1"
"40023334_BD","NYU CREME HC NATURAL BROWN (S)","63","PC","24","CT","12996.5","13900","13900","13900","13900","13900","40023334","40023334","40023334","1"
"40023335","NYU CREME HC BURGUNDY (S)","63","PC","24","CT","12996.5","13900","13900","13900","13900","13400","40023335","40023335","40023335","1"
"40023335_BD","NYU CREME HC BURGUNDY (S)","63","PC","24","CT","12996.5","13900","13900","13900","13900","13900","40023335","40023335","40023335","1"
"40023336","NYU CREME HC COPPERY BROWN (S)","63","PC","24","CT","12996.5","13900","13900","13900","13900","13900","40023336","40023336","40023336","1"
"40023336_BD","NYU CREME HC COPPERY BROWN (S)","63","PC","24","CT","12996","13900","13900","12000","12000","13900","40023336","40023336","40023336","1"
"40023337","NYU CREME HC CARAMEL (S)","63","PC","24","CT","12996.5","13900","13900","13900","13900","13900","40023337","40023337","40023337","1"
"40023337_BD","NYU CREME HC CARAMEL (S)","63","PC","24","CT","12996.5","13900","13900","12400","12400","13900","40023337","40023337","40023337","1"
"40023534_BD","HIT MAT CLASSIC 18+9S (NP)","63","PC","144","CT","4956","5300","5300","5300","5300","5300","40023534","40023534","40023534","1"
"40023555_BD","HIT MAT FLORAL 18+9s (NP)","63","PC","144","CT","4929","5300","5300","5300","5300","5300","40023555","40023555","40023555","1"
"40023556_BD","HIT MAT GREEN TEA 18+9S NP","63","PC","144","CT","4956","5300","5300","5300","5300","5300","40023556","40023556","40023556","1"
"40023557_BD","HIT MAT CLASSIC 48+6S NP","63","PC","72","CT","9724","10400","10400","10400","10400","10400","40023557","40023557","40023557","1"
"40023558","HIT MAT FLORAL 48+6s NP","63","PC","72","CT","10098","10800","10800","10800","10800","10800","40023558","40023558","40023558","1"
"40023558_BD","HIT MAT FLORAL 48+6s NP","63","PC","72","CT","9724","10400","10400","10400","10400","10400","40023558","40023558","40023558","1"
"40023559_BD","HIT MAT GREEN TEA 48+6s NP","63","PC","72","CT","9724","10400","10400","10400","10400","10400","40023559","40023559","40023559","1"
"40023586","MITU G.POPOK BLUE 50 B1G1 (P)","63","PC","24","CT","9883","10570","10570","10570","10570","10570","40023586","40023586","40023586","1"
"40023586_BD","MITU G.POPOK BLUE 50 B1G1 (P)","63","PC","24","CT","9883","10570","10570","10570","10570","10570","40023586","40023586","40023586","1"
"40023587","MITU G.POPOK WHITE 50 B1G1 (P)","63","PC","24","CT","9883","10570","10570","10570","10570","10570","40023587","40023587","40023587","1"
"40023587_BD","MITU G.POPOK WHITE 50 B1G1 (P)","63","PC","24","CT","9883","10570","10570","10570","10570","10570","40023587","40023587","40023587","1"
"40023588","MITU G.POPOK PURPLE 50 B1G1(P)","63","PC","24","CT","9883","10570","10570","10570","10570","10570","40023588","40023588","40023588","1"
"40023588_BD","MITU G.POPOK PURPLE 50 B1G1(P)","63","PC","24","CT","9883","10570","10570","10570","10570","10570","40023588","40023588","40023588","1"
"40023807","STELLA MTCREF APPLEFIESTA225ML","63","PC","12","CT","26461","28300","28300","28300","28300","28300","40023807","40023807","40023807","1"
"40023807_BD","STELLA MTCREF APPLEFIESTA225ML","63","PC","12","CT","26461","28300","28300","28300","28300","28300","40023807","40023807","40023807","1"
"40023905_BD","HIT AER LILY BLOSSOM 200ML","63","PC","12","CT","12903","13800","13800","13800","13800","13800","40023905","40023905","40023905","1"
"40023907_BD","HIT AER ORANGE 200ML","63","PC","12","CT","12903","13800","13800","13800","13800","13800","40023907","40023907","40023907","1"
"40023909_BD","HIT EXPERT CITRUS 600+20% +DF","63","PC","12","CT","32351","34600","34600","34600","34600","34600","40023909","40023909","40023909","1"
"40023910_BD","HIT EXPERT S.FLWR 600+20% +DF","63","PC","12","CT","32351","34600","34600","34600","34600","34600","40023910","40023910","40023910","1"
"40023911","HIT MAGIC FLORAL 4+2(12 BNS 1)","63","PC","576","CT","673","720","720","720","720","720","40023911","40023911","40023911","1"
"40023911_BD","Hit Magic Floral 4+2(12 bns 1)","63","PC","576","CT","673","720","720","720","720","720","40023911","40023911","40023911","1"
"40023912","Hit Magic Fresh 4+2 (12 bns 1)","63","PC","576","CT","673","720","720","720","720","720","40023912","40023912","40023912","1"
"40023912_BD","Hit Magic Fresh 4+2 (12 bns 1)","63","PC","576","CT","673","720","720","720","720","720","40023912","40023912","40023912","1"
"40023913","HIT MAGIC LILY BLOSSOM 4+2S. (12BNS1)","63","PC","576","CT","673.2","720","720","720","720","720","40023913","","40023913","1"
"40023913_BD","HIT MAGIC LILY BLOSSOM 4+2S. (12BNS1)","63","PC","576","CT","673.2","720","720","720","720","720","40023913","","40023913_BD","1"
"40023916","Stella Matic Set+Stella Pocket","63","PC","12","CT","56399.2","60320","60320","60320","60320","60320","40023916","40023916","40023916","1"
"40023916_BD","Stella Matic Set+Stella Pocket","63","PC","12","CT","50733","54260","54260","54260","54260","54260","40023916","40023916","40023916","1"
"40023917_BD","HIT AER ORANGE 415+35ML","63","PC","12","CT","20009","21400","21400","21400","21400","21400","40023917","40023917","40023917","1"
"40023936_BD","HIT ONE P.EXPERT GTEA 10ML NZ 4X12","63","PC","48","CT","19065","20500","20500","20500","20500","20500","40023936","40023936","40023936","1"
"40023937_BD","HIT ONE P.EXPERT ORANGE10ML NZ 4X12","63","PC","48","CT","19065","20500","20500","20500","20500","20500","40023937","40023937","40023937","1"
"40023938_BD","HIT ONE P.EXPERT LILY B10ML NZ","63","PC","48","CT","19065","20500","20500","20500","20500","20500","40023938","40023938","40023938","1"
"40023939","Stella Matic BoxSet Parfum’ist","63","PC","12","CT","76109","81400","81400","81400","81400","81400","40023939","40023939","40023939","1"
"40023939_BD","Stella Matic BoxSet Parfum’ist","63","PC","12","CT","76109","81400","81400","81400","81400","81400","40023939","40023939","40023939","1"
"40023958","MITU BABY COL PINK SPRAY 100ML 6X6","63","PC","48","CT","13371","14300","14300","14300","14300","14300","40023958","40023958","40023958","1"
"40023958_BD","MITU BABY COL PINK SPRAY 100ML 6X6","63","PC","48","CT","13371","14300","14300","14300","14300","14300","40023958","40023958","40023958","1"
"40024279_BD","HIT ONE P.EXPERT GTEA16+3ML NF","63","PC","48","CT","30225","32500","32500","32500","32500","32500","40024279","40024279","40024279","1"
"40024280","HIT ONE P.EXPERT ORNGE16+3ML N","63","PC","48","CT","30338","32500","32500","32500","32500","32500","40024280","40024280","40024280","1"
"40024280_BD","HIT ONE P.EXPERT ORNGE16+3ML N","63","PC","48","CT","30338","32500","32500","32500","32500","32500","40024280","40024280","40024280","1"
"40024295_BD","STELLA MTC SET PARFUM ISTHITAM","63","PC","12","CT","72195.9","77630","77630","77630","77630","77630","40024295","40024295","40024295","1"
"40024296_BD","STELLA MTC SET PARFUM ISTPUTIH","63","PC","12","CT","72195.9","77630","77630","77630","77630","77630","40024296","40024296","40024296","1"
"40024298","STELLA POCKETBATHROOM RED  @6 12X6","63","PC","72","CT","6124","6550","6550","6550","6550","6550","40024298","40024298","40024298","1"
"40024298_BD","STELLA POCKETBATHROOM RED  @6 12X6","63","PC","72","CT","7387","7900","7900","7900","7900","7900","40024298","40024298","40024298","1"
"40024299","STELLA POCKETBATHROOM BLUE @6 12X6","63","PC","72","CT","6124","6550","6550","6550","6550","6550","40024299","40024299","40024299","1"
"40024299_BD","STELLA POCKETBATHROOM BLUE @6 12X6","63","PC","72","CT","7387","7900","7900","7900","7900","7900","40024299","40024299","40024299","1"
"40024300_BD","HIT AER EXPERT BLOOMINGTEA 225","63","PC","12","CT","12529","13400","13400","13400","13400","13400","40024300","40024300","40024300","1"
"40024301_BD","HIT AER EXPERT B.TEA 415+85ML","63","PC","12","CT","22721","24300","24300","24300","24300","24300","40024301","40024301","40024301","1"
"40024302_BD","HIT AER EXPERT B.TEA 600+20%","63","PC","12","CT","32351","34600","34600","34600","34600","34600","40024302","40024302","40024302","1"
"40024303","STELLA MATIC BOX SET NEWSIZE","63","PC","12","CT","56399.2","60320","60320","60320","60320","56399.2","40024303","40024303","40024303","1"
"40024303 _BD","STELLA MATIC BOX SET NEWSIZE","63","PC","12","CT","0","0","0","0","0","0","40024303","","40024303 _BD","1"
"40024303_BD","STELLA MATIC BOX SET NEWSIZE","63","PC","12","CT","56339.2","60320","60320","60320","60320","60320","40024303","40024303","40024303","1"
"40024309","Stella Paket  Silaturahmi","63","PC","1","CT","99241","106140","106140","106140","106140","106140","40024309","40024309","40024309","1"
"40024309_BD","Stella Paket  Silaturahmi","63","PC","1","CT","99241","106140","106140","106140","106140","106140","40024309","40024309","40024309","1"
"40024481_BD","NYU SACHET NAT. BLACK RENCENG","63","PC","144","CT","7533","8100","8100","8100","8100","8100","40024481","40024481","40024481","1"
"40024482_BD","NYU SACHET NAT  BROWN RENCENG","63","PC","144","CT","7533","8100","8100","8100","8100","8100","40024482","40024482","40024482","1"
"40024483_BD","NYU SACHET BURGUNDY RENCENG","63","PC","144","CT","7533","8100","8100","8100","8100","8100","40024483","40024483","40024483","1"
"40024484_BD","NYU SACHET COPP BROWN RENCENG","63","PC","144","CT","7533","8100","8100","8100","8100","8100","40024484","40024484","40024484","1"
"40024515_BD","NYU SACHET CARAMEL RENCENG","63","PC","144","CT","7533","8100","8100","8100","8100","8100","40024515","40024515","40024515","1"
"40024702","STELLA AIO LEMON FRESH 42GR","63","PC","72","CT","8322","8900","8900","8900","8900","8900","40024702","40024702","40024702","1"
"40024702_BD","STELLA AIO LEMON FRESH 42GR","63","PC","72","CT","8322","8900","8900","8900","8900","8900","40024702","40024702","40024702","1"
"40024703","STELLA AIO ORANGE TWIST 42GR","63","PC","72","CT","8322","8900","8900","8900","8900","8900","40024703","40024703","40024703","1"
"40024703_BD","STELLA AIO ORANGE TWIST 42GR","63","PC","72","CT","8322","8900","8900","8900","8900","8900","40024703","40024703","40024703","1"
"40024704","STELLA AIO APPLE FIESTA 42GR","63","PC","72","CT","8322","8900","8900","8900","8900","8900","40024704","40024704","40024704","1"
"40024704_BD","STELLA AIO APPLE FIESTA 42GR","63","PC","72","CT","8322","8900","8900","8900","8900","8900","40024704","40024704","40024704","1"
"40024705_BD","STELLA AIO LIME CARNIVAL 42GR","63","PC","72","CT","8277","8900","8900","8900","8900","8900","40024705","40024705","40024705","1"
"40024706","STELLA AIO F.BOUGENVILLE 42GR","63","PC","72","CT","8322","8900","8900","8900","8900","8900","40024706","40024706","40024706","1"
"40024706_BD","STELLA AIO F.BOUGENVILLE 42GR","63","PC","72","CT","8322","8900","8900","8900","8900","8900","40024706","40024706","40024706","1"
"40024707","STELLA AIO TROP.SENSATION 42GR","63","PC","72","CT","8322","8900","8900","8900","8900","8900","40024707","40024707","40024707","1"
"40024707_BD","STELLA AIO TROP.SENSATION 42GR","63","PC","72","CT","8322","8900","8900","8900","8900","8900","40024707","40024707","40024707","1"
"40024708_BD","STELLA BATHROOM F.GREEN 42GR 4X18","63","PC","72","CT","6882","7400","7400","7400","7400","7400","40024708","40024708","40024708","1"
"40024709","STELLA BATHROOM P.RED 42GR 4X18","63","PC","72","CT","6919","7400","7400","7400","7400","7400","40024709","40024709","40024709","1"
"40024709_BD","STELLA BATHROOM P.RED 42GR 4X18","63","PC","72","CT","6919","7400","7400","7400","7400","7400","40024709","40024709","40024709","1"
"40024710","STELLA BATHROOM C.BLUE 42GR 4X18","63","PC","72","CT","6919","7400","7400","7400","7400","7400","40024710","40024710","40024710","1"
"40024710_BD","STELLA BATHROOM C.BLUE 42GR 4X18","63","PC","72","CT","6919","7400","7400","7400","7400","7400","40024710","40024710","40024710","1"
"40024711","STELLA AC FRESHENER LEMON 42GR 4X18","63","PC","72","CT","9070","9700","9700","9700","9700","9700","40024711","40024711","40024711","1"
"40024711_BD","STELLA AC FRESHENER LEMON 42GR 4X18","63","PC","72","CT","9070","9700","9700","9700","9700","9700","40024711","40024711","40024711","1"
"40024712","STELLA AC FRESHENER ORANGE42GR 4X18","63","PC","72","CT","9070","9700","9700","9700","9700","9700","40024712","40024712","40024712","1"
"40024712_BD","STELLA AC FRESHENER ORANGE42GR 4X18","63","PC","72","CT","9070","9700","9700","9700","9700","9700","40024712","40024712","40024712","1"
"40024713_BD","STELLA CAR FRESH ENERGYC 42GR 4X18","63","PC","72","CT","7877.1","8470","8470","8470","8470","8470","40024713","40024713","40024713","1"
"40024714","STELLA CAR FRESH SPIRIT 42GR 4X18","63","PC","72","CT","7919","8470","8470","8470","8470","8470","40024714","40024714","40024714","1"
"40024714_BD","STELLA CAR FRESH SPIRIT 42GR 4X18","63","PC","72","CT","7919","8470","8470","8470","8470","8470","40024714","40024714","40024714","1"
"40024715_BD","STELLA CAR FRESH POWER 42GR 4X18","63","PC","72","CT","7877.1","8470","8470","8470","8470","8470","40024715","40024715","40024715","1"
"40024735","STELLA POCKETBATHROOM PURPLE@6 12X6","63","PC","72","CT","6124","6550","6550","6550","6550","6550","40024735","40024735","40024735","1"
"40024735_BD","STELLA POCKETBATHROOM PURPLE@6 12X6","63","PC","72","CT","7387","7900","7900","7900","7900","7900","40024735","40024735","40024735","1"
"40024736","STELLA POCKETBATHROOM ORANGE@6 12X6","63","PC","72","CT","6124","6550","6550","6550","6550","6550","40024736","40024736","40024736","1"
"40024736_BD","STELLA POCKETBATHROOM ORANGE@6 12X6","63","PC","72","CT","7387","7900","7900","7900","7900","7900","40024736","40024736","40024736","1"
"40024737","STELLA POCKETBATHROOM GREEN@6 12X6","63","PC","72","CT","6124","6550","6550","6550","6550","6550","40024737","40024737","40024737","1"
"40024737_BD","STELLA POCKETBATHROOM GREEN@6 12X6","63","PC","72","CT","7387","7900","7900","7900","7900","7900","40024737","40024737","40024737","1"
"40024738","HIT NON STOP XPRESS SET 4X6","63","PC","24","CT","14493","15500","15500","15500","15500","15500","40024738","40024738","40024738","1"
"40024738_BD","HIT NON STOP XPRESS SET 4X6","63","PC","24","CT","14493","15500","15500","15500","15500","15500","40024738","40024738","40024738","1"
"40024739","HIT NON STOP XP REF APPLE 45H 12X12","63","PC","144","CT","12249","13100","13100","13100","13100","13100","40024739","40024739","40024739","1"
"40024739_BD","HIT NON STOP XP REF APPLE 45H 12X12","63","PC","144","CT","12249","13100","13100","13100","13100","13100","40024739","40024739","40024739","1"
"40024792","STELLA FUN N FRESH CARAMELMACCHIATO","63","PC","144","CT","10005","10700","10700","10700","7500","10700","40024792","40024792","40024792","1"
"40024792_BD","STELLA FUN N FRESH CARAMELMACCHIATO","63","PC","144","CT","10005","10700","10700","10700","7500","10700","40024792","40024792","40024792","1"
"40024793_BD","STELLA FUN N FRESH JUICY  BERRIES","63","PC","144","CT","7728.3","8310","8310","8310","8310","8310","40024793","40024793","40024793","1"
"40024822","STELLA AEROSOL ORANGE 200 ML","63","PC","12","CT","14025","15000","15000","15000","15000","15000","40024822","40024822","40024822","1"
"40024822_BD","STELLA AEROSOL ORANGE 200 ML","63","PC","12","CT","14025","15000","15000","15000","15000","15000","40024822","40024822","40024822","1"
"40024823_BD","STELLA AEROSOL APPLE 200 ML","63","PC","12","CT","14025","15000","15000","15000","15000","15000","40024823","40024823","40024823","1"
"40024824_BD","STELLA AEROSOL ROSE 200 ML","63","PC","12","CT","11718","12600","12600","12600","12600","12600","40024824","40024824","40024824","1"
"40024875","STELLA AEROSOL LEMON 200 ML","63","PC","12","CT","14025","15000","15000","15000","15000","15000","40024875","40024875","40024875","1"
"40024875_BD","STELLA AEROSOL LEMON 200 ML","63","PC","12","CT","14025","15000","15000","15000","15000","15000","40024875","40024875","40024875","1"
"40024879_BD","Stella Daily Indoor Harmony","63","PC","72","CT","11160","12000","12000","12000","12000","12000","40024879","40024879","40024879","1"
"40024924_BD","STELLA CAR PARF TWIST P.C.PINK","63","PC","12","CT","39190.2","42140","42140","42140","42140","42140","40024924","40024924","40024924","1"
"40024925_BD","STELLA CAR PARF TWIST C.S.BLUE","63","PC","12","CT","39190.2","42140","42140","42140","42140","42140","40024925","40024925","40024925","1"
"40024926_BD","STELLA CAR PARF TWIST COCKTAIL","63","PC","12","CT","39190.2","42140","42140","42140","42140","42140","40024926","40024926","40024926","1"
"40024945_BD","HIT MAGIC EXPERT C. LILY 4S 4X144","63","PC","576","CT","1393","1490","1490","1490","1490","1490","40024945","40024945","40024945","1"
"40024946","HIT MAGIC EXPERT  F.BLOSSOM 4S 4X144","63","PC","576","CT","1393","1490","1490","1490","1490","1490","40024946","40024946","40024946","1"
"40024946_BD","HIT MAGIC EXPERT  F.BLOSSOM 4S 4X144","63","PC","576","CT","1393","1490","1490","1490","1490","1490","40024946","40024946","40024946","1"
"40024947","HIT MAGIC EXPERT CLILY 10S 6X6","63","PC","36","CT","3740","4000","4000","4000","4000","4000","40024947","40024947","40024947","1"
"40024947_BD","HIT MAGIC EXPERT CLILY 10S 6X6","63","PC","36","CT","3740","4000","4000","4000","4000","4000","40024947","40024947","40024947","1"
"40024948","HIT MAGIC EXPERT F.BLOSSOM 10S 6X6","63","PC","36","CT","3740","4000","4000","4000","4000","4000","40024948","40024948","40024948","1"
"40024948_BD","HIT MAGIC EXPERT F.BLOSSOM 10S 6X6","63","PC","36","CT","3740","4000","4000","4000","4000","4000","40024948","40024948","40024948","1"
"40024976","Mitu G.Popok Pink 50 B1G1(Bnd)","63","PC","24","CT","9883","10570","10570","10570","10570","10570","40024976","40024976","40024976","1"
"40024976_BD","Mitu G.Popok Pink 50 B1G1(Bnd)","63","PC","24","CT","9883","10570","10570","10570","10570","10570","40024976","40024976","40024976","1"
"40024977_BD","Mitu G.Popok Purple50 B1G1(Bnd","63","PC","24","CT","9883","10570","10570","10570","10570","10570","40024977","40024977","40024977","1"
"40024979","Mitu G.Popok Blue 50 B1G1(Bnd)","63","PC","24","CT","9883","10570","10570","10570","10570","10570","40024979","40024979","40024979","1"
"40024979_BD","Mitu G.Popok Blue 50 B1G1(Bnd)","63","PC","24","CT","9883","10570","10570","10570","10570","10570","40024979","40024979","40024979","1"
"40024980","Mitu G.Popok White50 B1G1(Bnd)","63","PC","24","CT","9883","10570","10570","10570","10570","10570","40024980","40024980","40024980","1"
"40024980_BD","Mitu G.Popok White50 B1G1(Bnd)","63","PC","24","CT","9883","10570","10570","10570","10570","10570","40024980","40024980","40024980","1"
"40025043_BD","STE MtcSet Parfum`ist S.Edition","63","PC","12","CT","72195.9","77630","77630","77630","77630","77630","40025043","40025043","40025043","1"
"40025174","HIT ANTI KECOA SPRAY 150 ML","63","PC","12","CT","13940.85","14910","14910","14910","14910","14910","40025174","40025174","40025174","1"
"40025174_BD","HIT ANTI KECOA SPRAY 150 ML","63","PC","12","CT","13940.85","14910","14910","14910","14910","14910","40025174","40025174","40025174","1"
"40025175_BD","HIT ANTI KECOA SPRAY 325 ML","63","PC","12","CT","19846.2","21340","21340","21340","21340","21340","40025175","40025175","40025175","1"
"40025177","PROCLIN PENGHLNG NODA  PCH800M","63","PC","12","CT","30014","32100","32100","32100","32100","32100","40025177","40025177","40025177","1"
"40025177_BD","PROCLIN PENGHLNG NODA  PCH800M","63","PC","12","CT","28546","30530","30530","30530","30530","30530","40025177","40025177","40025177","1"
"40025275","HIT NON STOP XP REF FRESH 45H 12X12","63","PC","144","CT","12249","13100","13100","13100","13100","13100","40025275","40025275","40025275","1"
"40025275_BD","HIT NON STOP XP REF FRESH 45H 12X12","63","PC","144","CT","12249","13100","13100","13100","13100","13100","40025275","40025275","40025275","1"
"40025912","PROCLIN PN AKSI PUTIH SACHET 25ML 2 6X24","63","PC","144","CT","669.6","720","720","720","720","720","40025912","40025912","40025912","1"
"40025912_BD","PROCLIN PN AKSI PUTIH SACHET 25ML 2 6X24","63","PC","144","CT","669.6","720","720","720","720","720","40025912","40025912","40025912","1"
"40025913","PROCLIN PN AKSI PUTIH POUCH 400ML","63","PC","12","CT","17344","18550","18550","18550","18550","18550","40025913","40025913","40025913","1"
"40025913_BD","PROCLIN PN AKSI PUTIH POUCH 400ML","63","PC","12","CT","17344","18550","18550","18550","18550","18550","40025913","40025913","40025913","1"
"40026239","HIT ANTI KECOA GEL 20GR","63","PC","12","CT","45909","49100","49100","49100","49100","49100","40026239","40026239","40026239","1"
"40026239_BD","HIT ANTI KECOA GEL 20GR","63","PC","12","CT","45909","49100","49100","49100","49100","49100","40026239","40026239","40026239","1"
"40026247","STELLA FUN N FRESH HAPPY DAY 12X12","63","PC","144","CT","8415","9000","9000","9000","7500","9000","40026247","40026247","40026247","1"
"40026247_BD","STELLA FUN N FRESH HAPPY DAY 12X12","63","PC","144","CT","8415","9000","9000","9000","7500","9000","40026247","40026247","40026247","1"
"40026248","STELLA FUN N FRESH FRUITY N FR","63","PC","144","CT","9257","9900","9900","9900","7500","9900","40026248","40026248","40026248","1"
"40026248_BD","STELLA FUN N FRESH FRUITY N FR","63","PC","144","CT","9257","9900","9900","9900","7500","9900","40026248","40026248","40026248","1"
"40026318","HIT MAT  CLASSIC 4`S HANGER (S","63","PC","864","CT","673","720","720","720","720","720","40026318","40026318","40026318","1"
"40026318_BD","HIT MAT  CLASSIC 4`S HANGER (S","63","PC","864","CT","673","720","720","720","720","720","40026318","40026318","40026318","1"
"40026319","HIT MAT CLASSIC 18`S +6`S (SP)","63","PC","144","CT","4956","5300","5300","5300","5300","5300","40026319","40026319","40026319","1"
"40026319_BD","HIT MAT CLASSIC 18`S +6`S (SP)","63","PC","144","CT","4956","5300","5300","5300","5300","5300","40026319","40026319","40026319","1"
"40026322","HIT MAT FLORAL 18S+6S SP","63","PC","144","CT","4956","5300","5300","5300","5300","5300","40026322","40026322","40026322","1"
"40026322_BD","HIT MAT FLORAL 18S+6S SP","63","PC","144","CT","4956","5300","5300","5300","5300","5300","40026322","40026322","40026322","1"
"40026323","HIT MAT GREEN TEA 4S HGR (SP) 6X144","63","PC","864","CT","673","720","720","720","720","720","40026323","40026323","40026323","1"
"40026323_BD","HIT MAT GREEN TEA 4S HGR (SP) 6X144","63","PC","864","CT","673","720","720","720","720","720","40026323","40026323","40026323","1"
"40026324","HIT MAT GREEN TEA 18+6S (SP) 24X6","63","PC","144","CT","4956","5300","5300","5300","5300","5300","40026324","40026324","40026324","1"
"40026324_BD","HIT MAT GREEN TEA 18+6S (SP) 24X6","63","PC","144","CT","4956","5300","5300","5300","5300","5300","40026324","40026324","40026324","1"
"40026335","HIT MAT CLASSIC 18+9`s (SP)","63","PC","144","CT","4956","5300","5300","5300","5300","5300","40026335","40026335","40026335","1"
"40026335_BD","HIT MAT CLASSIC 18+9`s (SP)","63","PC","144","CT","4956","5300","5300","5300","5300","5300","40026335","40026335","40026335","1"
"40026336_BD","HIT MAT FLORAL 18+9`s (SP)","63","PC","144","CT","4929","5300","5300","5300","5300","5300","40026336","40026336","40026336","1"
"40026337","HIT MAT GREEN TEA 18+9`s (SP)","63","PC","144","CT","5322.49","5693","5693","5693","5693","5693","40026337","40026337","40026337","1"
"40026337_BD","HIT MAT GREEN TEA 18+9`s (SP)","63","PC","144","CT","4956","5300","5300","5300","5300","5300","40026337","40026337","40026337","1"
"40026338","HIT MAT CLASSIC 48+6`s (SP)","63","PC","72","CT","10451.43","11178","11178","11178","11178","11178","40026338","40026338","40026338","1"
"40026338_BD","HIT MAT CLASSIC 48+6`s (SP)","63","PC","72","CT","9406","10060","10060","10060","10060","10060","40026338","40026338","40026338","1"
"40026339_BD","HIT MAT FLORAL 48+6s SP","63","PC","72","CT","9355.8","10060","10060","10060","10060","10060","40026339","40026339","40026339","1"
"40026340","HIT MAT GREEN TEA 48+6`S (SP)","63","PC","72","CT","10451.43","11178","11178","11178","11178","11178","40026340","40026340","40026340","1"
"40026340_BD","HIT MAT GREEN TEA 48+6`S (SP)","63","PC","72","CT","9406","10060","10060","10060","10060","10060","40026340","40026340","40026340","1"
"40026345","STELLA ALL IN ONE LEMON FRESH 4X18","63","PC","72","CT","8322","8900","8900","8900","8900","8900","40026345","40026345","40026345","1"
"40026345_BD","STELLA ALL IN ONE LEMON FRESH 4X18","63","PC","72","CT","8322","8900","8900","8900","8900","8900","40026345","40026345","40026345","1"
"40026346","STELLA ALL IN ONE ORANGE TWIST 4X18","63","PC","72","CT","8322","8900","8900","8900","8900","8900","40026346","40026346","40026346","1"
"40026346_BD","STELLA ALL IN ONE ORANGE TWIST 4X18","63","PC","72","CT","8322","8900","8900","8900","8900","8900","40026346","40026346","40026346","1"
"40026347","STELLA ALL IN ONE APPLE FIESTA 4X18","63","PC","72","CT","8322","8900","8900","8900","8900","8900","40026347","40026347","40026347","1"
"40026347_BD","STELLA ALL IN ONE APPLE FIESTA 4X18","63","PC","72","CT","8322","8900","8900","8900","8900","8900","40026347","40026347","40026347","1"
"40026348_BD","STELLA ALL IN ONE LIME CARNIVA 4X18","63","PC","72","CT","8277","8900","8900","8900","8900","8900","40026348","40026348","40026348","1"
"40026349_BD","STELLA ALL IN ONE TROP SENSATI 4X18","63","PC","72","CT","8277","8900","8900","8900","8900","8900","40026349","40026349","40026349","1"
"40026350_BD","STELLA ALL IN ONE F BOUGENVILL 4X18","63","PC","72","CT","8277","8900","8900","8900","8900","8900","40026350","40026350","40026350","1"
"40026351_BD","STELLA CAR FRESH ENERGYC 42NBO","63","PC","72","CT","7877.1","8470","8470","8470","8470","8470","40026351","40026351","40026351","1"
"40026352","STELLA CAR FRESH SPIRIT 42NBOX","63","PC","72","CT","7919","8470","8470","8470","8470","8470","40026352","40026352","40026352","1"
"40026352_BD","STELLA CAR FRESH SPIRIT 42NBOX","63","PC","72","CT","7919","8470","8470","8470","8470","8470","40026352","40026352","40026352","1"
"40026353_BD","STELLA CAR FRESH POWER 42NBOX","63","PC","72","CT","7877.1","8470","8470","8470","8470","8470","40026353","40026353","40026353","1"
"40026354","STELLA AC FRESHENER LEMON 42NB","63","PC","72","CT","9070","9700","9700","9700","9700","9700","40026354","40026354","40026354","1"
"40026354_BD","STELLA AC FRESHENER LEMON 42NB","63","PC","72","CT","9070","9700","9700","9700","9700","9700","40026354","40026354","40026354","1"
"40026355","STELLA AC FRESHENER ORANGE 42N","63","PC","72","CT","9070","9700","9700","9700","9700","9700","40026355","40026355","40026355","1"
"40026355_BD","STELLA AC FRESHENER ORANGE 42N","63","PC","72","CT","9070","9700","9700","9700","9700","9700","40026355","40026355","40026355","1"
"40026356","STELLA BATHROOM COOL BLUE 42NB","63","PC","72","CT","6919","7400","7400","7400","7400","7400","40026356","40026356","40026356","1"
"40026356_BD","STELLA BATHROOM COOL BLUE 42NB","63","PC","72","CT","6919","7400","7400","7400","7400","7400","40026356","40026356","40026356","1"
"40026357","STELLA BATHROOM PASSION RED 42","63","PC","72","CT","6919","7400","7400","7400","7400","7400","40026357","40026357","40026357","1"
"40026357_BD","STELLA BATHROOM PASSION RED 42","63","PC","72","CT","6919","7400","7400","7400","7400","7400","40026357","40026357","40026357","1"
"40026358_BD","STELLA BATHROOM FRESH GREEN 42","63","PC","72","CT","6882","7400","7400","7400","7400","7400","40026358","40026358","40026358","1"
"40026441_BD","PROCLIN PENGHILANG NODA SCH 25 M 6X24PC","63","PC","144","CT","636","680","680","680","680","680","40026441","40026441","40026441","1"
"40026556","STELLA POCKET MULTIPACK","63","PC","12","CT","20570","22000","22000","22000","22000","22000","40026556","40026556","40026556","1"
"40026556_BD","STELLA POCKET MULTIPACK","63","PC","12","CT","20570","22000","22000","22000","22000","22000","40026556","40026556","40026556","1"
"40026821_BD","HIT AER REGULAR LB MULTIPACK 600+75","63","PC","6","CT","54591","58700","58700","58700","58700","58700","40026821","40026821","40026821","1"
"40026842","Stella Matic Ref Green F 2x225ml  M","63","PC","6","CT","50023","53500","53500","53500","53500","53500","40026842","40026842","40026842","1"
"40026842_BD","Stella Matic Ref Green F 2x225ml  M","63","PC","6","CT","47592","50900","50900","50900","50900","50900","40026842","40026842","40026842","1"
"40026843","STELLA MATIC REF ORANGE T 2x225ML MTP","63","PC","6","CT","50023","53500","53500","53500","53500","53500","40026843","40026843","40026843","1"
"40026843_BD","STELLA MATIC REF ORANGE T 2x225ML MTP","63","PC","6","CT","47592","50900","50900","50900","50900","50900","40026843","40026843","40026843","1"
"40026844","Stella Matic Ref Caffe Latte 2x225m","63","PC","6","CT","50023","53500","53500","53500","53500","53500","40026844","40026844","40026844","1"
"40026844_BD","Stella Matic Ref Caffe Latte 2x225m","63","PC","6","CT","47592","50900","50900","50900","50900","50900","40026844","40026844","40026844","1"
"40026845","STELLA FABRIC SPRAY PINK PEONY 200+45 ML","63","PC","12","CT","18555.07","19845","19845","19845","19845","19845","40026845","40026845","40026845","1"
"40026845_BD","STELLA FABRIC SPRAY PINK PEONY 200+45 ML","63","PC","12","CT","18555.07","19845","19845","19845","19845","19845","40026845","40026845","40026845","1"
"40026846","STELLA FABRIC SPRAY COTTON BLOOM200+45ML","63","PC","12","CT","18555.07","19845","19845","19845","19845","19845","40026846","40026846","40026846","1"
"40026846_BD","STELLA FABRIC SPRAY COTTON BLOOM200+45ML","63","PC","12","CT","17672","18900","18900","18900","18900","18900","40026846","40026846","40026846","1"
"40027034_BD","HIT AEROSOL EXPERT SWEET FLOWER 200","63","PC","12","CT","11688","12500","12500","12500","12500","12500","40027034","40027034","40027034","1"
"40027065_BD","HIT AEROSOL EXPERT CITRUS 200ML","63","PC","12","CT","12369","13300","13300","13300","13300","13300","40027065","40027065","40027065","1"
"40027066_BD","HIT AEROSOL EXPERT BLOOMING TEA 200","63","PC","12","CT","11625","12500","12500","12500","12500","12500","40027066","40027066","40027066","1"
"40027067_BD","HIT AEROSOL EXPERT S.FLOWER 415+35ML","63","PC","12","CT","20009","21400","21400","21400","21400","21400","40027067","40027067","40027067","1"
"40027068_BD","HIT AEROSOL EXPERT CITRUS 415+35ML","63","PC","12","CT","19902","21400","21400","21400","21400","21400","40027068","40027068","40027068","1"
"40027069_BD","HIT AEROSOL EXPERT BLOOMING TEA 415+35ML","63","PC","12","CT","19902","21400","21400","21400","21400","21400","40027069","40027069","40027069","1"
"40027070_BD","HIT AEROSOL EXPERT SWEET FLOWER 600+75ML","63","PC","12","CT","26461","28300","28300","28300","28300","28300","40027070","40027070","40027070","1"
"40027071_BD","HIT AEROSOL EXPERT CITRUS 600+75ML","63","PC","12","CT","26461","28300","28300","28300","28300","28300","40027071","40027071","40027071","1"
"40027072_BD","HIT AEROSOL EXPERT BLOOMING TEA 600+75ML","63","PC","12","CT","26319","28300","28300","28300","28300","28300","40027072","40027072","40027072","1"
"40027227","MITU BABY WIPES AS REFRESHING 4S 12X24","63","PC","288","CT","636","680","680","680","680","680","40027227","40027227","40027227","1"
"40027227_BD","MITU BABY WIPES AS REFRESHING 4S 12X24","63","PC","288","CT","636","680","680","680","680","680","40027227","40027227","40027227","1"
"40027228","MITU BABY WIPES AS REFRESHING 10S B1G1 12X12","63","PC","144","CT","4301","4600","4600","4600","4600","4600","40027228","40027228","40027228","1"
"40027228_BD","MITU BABY WIPES AS REFRESHING 10S B1G1 12X12","63","PC","144","CT","4301","4600","4600","4600","4600","4600","40027228","40027228","40027228","1"
"40027229_BD","MITU BB WIPES AS REFRESHING 60S BTL 24/CT","63","PC","24","CT","12722.4","13680","13680","13680","13680","13680","40027229","40027229","40027229","1"
"40027230","MITU BABY WIPES F&C PINK CHERRY 4S 12X24","63","PC","288","CT","636","680","680","680","680","680","40027230","40027230","40027230","1"
"40027230_BD","MITU BABY WIPES F&C PINK CHERRY 4S 12X24","63","PC","288","CT","636","680","680","680","680","680","40027230","40027230","40027230","1"
"40027231","MITU BABY WIPES F&C BLUEBERRY 4S 12X24","63","PC","288","CT","636","680","680","680","680","680","40027231","40027231","40027231","1"
"40027231_BD","MITU BABY WIPES F&C BLUEBERRY 4S 12X24","63","PC","288","CT","636","680","680","680","680","680","40027231","40027231","40027231","1"
"40027232","MITU BB WIPES F&C PINK CHERRY 10S 144/CT","63","PC","144","CT","2627","2810","2810","2810","2810","2810","40027232","40027232","40027232","1"
"40027232_BD","MITU BB WIPES F&C PINK CHERRY 10S 144/CT","63","PC","144","CT","2627","2810","2810","2810","2810","2810","40027232","40027232","40027232","1"
"40027233","MITU BABY WIPES F&C BLUEBERRY 10S BOGOF","63","PC","144","CT","4095","4380","4380","4380","4380","4380","40027233","40027233","40027233","1"
"40027233_BD","MITU BABY WIPES F&C BLUEBERRY 10S BOGOF","63","PC","144","CT","4095","4380","4380","4380","4380","4380","40027233","40027233","40027233","1"
"40027234","MITU BABY WIPES F&C PINK CHERRY 20S 12X6","63","PC","72","CT","3834","4100","4100","4100","4100","4100","40027234","40027234","40027234","1"
"40027234_BD","MITU BABY WIPES F&C PINK CHERRY 20S 12X6","63","PC","72","CT","3834","4100","4100","4100","4100","4100","40027234","40027234","40027234","1"
"40027235","MITU BABY WIPES F&C BLUE BERRY 20S 12X6","63","PC","72","CT","3834","4100","4100","4100","4100","4100","40027235","40027235","40027235","1"
"40027235_BD","MITU BABY WIPES F&C BLUE BERRY 20S 12X6","63","PC","72","CT","3834","4100","4100","4100","4100","4100","40027235","40027235","40027235","1"
"40027236_BD","MITU BABY WIPES F&C PINK CHERRY 24S","63","PC","36","CT","4675","5000","5000","5000","5000","5000","40027236","40027236","40027236","1"
"40027237_BD","MITU BABY WIPES F&C BLUE BERRY 24S","63","PC","36","CT","4675","5000","5000","5000","5000","5000","40027237","40027237","40027237","1"
"40027238","MITU BABY WIPES F&C PINK CHERRY 50S","63","PC","24","CT","9200","9840","9840","9840","9840","9840","40027238","40027238","40027238","1"
"40027238_BD","MITU BABY WIPES F&C PINK CHERRY 50S","63","PC","24","CT","9200","9840","9840","9840","9840","9840","40027238","40027238","40027238","1"
"40027239","MITU BABY WIPES F&C BLUEBERRY 50S","63","PC","24","CT","9200","9840","9840","9840","9840","9840","40027239","40027239","40027239","1"
"40027239_BD","MITU BABY WIPES F&C BLUEBERRY 50S","63","PC","24","CT","9200","9840","9840","9840","9840","9840","40027239","40027239","40027239","1"
"40027240","MITU BABY WIPES F&C PINK CHERRY 60'S BT","63","PC","24","CT","13483","14420","14420","14420","14420","14420","40027240","40027240","40027240","1"
"40027240_BD","MITU BABY WIPES F&C PINK CHERRY 60'S BT","63","PC","24","CT","12249","13100","13100","13100","13100","13100","40027240","40027240","40027240","1"
"40027241","MITU BABY WIPES F&C BLUE BERRY 60'S BT","63","PC","24","CT","13483","14420","14420","14420","14420","14420","40027241","40027241","40027241","1"
"40027241_BD","MITU BABY WIPES F&C BLUE BERRY 60'S BT","63","PC","24","CT","12716","13600","13600","13600","13600","13600","40027241","40027241","40027241","1"
"40027242","MITU BABY WIPES F&C PINK CHERRY 60'S REF","63","PC","24","CT","11127","11900","11900","11900","11900","11900","40027242","40027242","40027242","1"
"40027242_BD","MITU BABY WIPES F&C PINK CHERRY 60'S REF","63","PC","24","CT","11127","11900","11900","11900","11900","11900","40027242","40027242","40027242","1"
"40027243","MITU BB WIPES F&C BLUE BERRY 60'S REF 24/CT","63","PC","24","CT","11127","11900","11900","11900","11900","11900","40027243","40027243","40027243","1"
"40027243_BD","MITU BB WIPES F&C BLUE BERRY 60'S REF 24/CT","63","PC","24","CT","11127","11900","11900","11900","11900","11900","40027243","40027243","40027243","1"
"40027244","MITU BABY WIPES GPP BLUE LILY 50S BOGOF","63","PC","24","CT","9883","10570","10570","10570","10570","10570","40027244","40027244","40027244","1"
"40027244_BD","MITU BABY WIPES GPP BLUE LILY 50S BOGOF","63","PC","24","CT","9883","10570","10570","10570","10570","10570","40027244","40027244","40027244","1"
"40027245","MITU BABY WIPES GPP PINK ROSE 50S BOGOF","63","PC","24","CT","9883","10570","10570","10570","10570","10570","40027245","40027245","40027245","1"
"40027245_BD","MITU BABY WIPES GPP PINK ROSE 50S BOGOF","63","PC","24","CT","9883","10570","10570","10570","10570","10570","40027245","40027245","40027245","1"
"40027246","MITU BABY WIPES GPP PURPLE FR 50S BOGOF","63","PC","24","CT","9883","10570","10570","10570","10570","10570","40027246","40027246","40027246","1"
"40027246_BD","MITU BABY WIPES GPP PURPLE FR 50S BOGOF","63","PC","24","CT","9883","10570","10570","10570","10570","10570","40027246","40027246","40027246","1"
"40027248","MITU BABY WIPES GPP WHITE VL 50S BOGOF","63","PC","24","CT","9883","10570","10570","10570","10570","10570","40027248","40027248","40027248","1"
"40027248_BD","MITU BABY WIPES GPP WHITE VL 50S BOGOF","63","PC","24","CT","9883","10570","10570","10570","10570","10570","40027248","40027248","40027248","1"
"40027283","NYU CREME HC CHERRY RED (S)","63","PC","24","CT","12996.5","13900","13900","13900","13900","13900","40027283","40027283","40027283","1"
"40027283_BD","NYU CREME HC CHERRY RED (S)","63","PC","24","CT","12996.5","13900","13900","11300","11300","13900","40027283","40027283","40027283","1"
"40027459_BD","HIT AE LB 3X200 ML BANDED PPN 12X25 ML","63","PC","4","CT","33155","35460","35460","35460","35460","35460","40027459","40027459","40027459","1"
"40027836","PROCLIN PPN SACHET 25ML (12+1) 6X24","63","PC","144","CT","673","720","720","720","720","720","40027836","40027836","40027836","1"
"40027836_BD","PROCLIN PPN SACHET 25ML (12+1) 6X24","63","PC","144","CT","673","720","720","720","720","720","40027836","40027836","40027836","1"
"40027837_BD","PROCLIN PN AKSI PUTIH SACHET 25ML (12+1) 6X24","63","PC","144","CT","669.6","720","720","720","720","720","40027837","40027837","40027837","1"
"40027839","Proclin PN 48x25ml Bnd Mgc Expert 6x4s","63","PC","3","CT","30518","32640","32640","32640","32640","32640","40027839","40027839","40027839","1"
"40027839_BD","Proclin PN 48x25ml Bnd Mgc Expert 6x4s","63","PC","3","CT","30518","32640","32640","32640","32640","32640","40027839","40027839","40027839","1"
"40027844_BD","Hit Aer Regular Orange Multipack600+75ml","63","PC","6","CT","54591","58700","58700","58700","58700","58700","40027844","40027844","40027844","1"
"40027882_BD","STELLA ALL IN ONE ORANGE TWIST 42GR(3+1)","63","PC","18","CT","29827","31900","31900","31900","31900","31900","40027882","40027882","40027882","1"
"40027883","MITU BABY SHAMPOO F&C ALOE 400ML REF","63","PC","12","CT","18840.25","20150","20150","20150","20150","20150","40027883","40027883","40027883","1"
"40027883_BD","MITU BABY SHAMPOO F&C ALOE 400ML REF","63","PC","12","CT","17485","18700","18700","18700","18700","18700","40027883","40027883","40027883","1"
"40027884","STELLA AEROSOL ORANGE 2x400ML MTP","63","PC","6","CT","38616","41300","41300","41300","41300","41300","40027884","40027884","40027884","1"
"40027884_BD","STELLA AEROSOL ORANGE 2x400ML MTP","63","PC","6","CT","36652","39200","39200","39200","39200","39200","40027884","40027884","40027884","1"
"40027953_BD","HIT Expert S.Flower 3x200ml + PPN12x25ml","63","PC","4","CT","33155","35460","35460","35460","35460","35460","40027953","40027953","40027953","1"
"40027989","MITU BABY SABUN 2IN1 F & C HONEY 200ML BTL","63","PC","36","CT","16690","17850","17850","17850","17850","17850","40027989","40027989","40027989","1"
"40027989_BD","MITU BABY SABUN 2IN1 F & C HONEY 200ML BTL","63","PC","36","CT","15895","17000","17000","17000","17000","15700","40027989","40027989","40027989","1"
"40027990","MITU BABY SABUN 2IN1 F & C HONEY 200ML REF","63","PC","36","CT","14380","15380","15380","15380","15380","15380","40027990","40027990","40027990","1"
"40027990_BD","MITU BABY SABUN 2IN1 F & C HONEY 200ML REF","63","PC","36","CT","13697.75","14650","14650","14650","14650","14650","40027990","40027990","40027990","1"
"40027991","MITU BABY SABUN 2IN1 F & C HONEY 400ML REF","63","PC","12","CT","23469","25100","25100","25100","25100","25100","40027991","40027991","40027991","1"
"40027991_BD","MITU BABY SABUN 2IN1 F & C HONEY 400ML REF","63","PC","12","CT","21038","22500","22500","22500","22500","22500","40027991","40027991","40027991","1"
"40027992_BD","MITU BABY MILK BATH F&C OAT 200ML BTL","63","PC","24","CT","15345","16500","16500","16500","16500","16500","40027992","40027992","40027992","1"
"40027993_BD","MITU BABY MILK BATH F&C OAT 200ML REF","63","PC","24","CT","13485","14500","14500","14500","14500","14500","40027993","40027993","40027993","1"
"40027994_BD","MITU BABY MILK BATH F&C OAT 400ML REF","63","PC","12","CT","20832","22400","22400","21300","22400","22400","40027994","40027994","40027994","1"
"40028012","MITU BABY COLOGNE F&C FRESH GREEN 100ML","63","PC","48","CT","17082","18270","18270","18270","18270","18270","40028012","40028012","40028012","1"
"40028012_BD","MITU BABY COLOGNE F&C FRESH GREEN 100ML","63","PC","48","CT","16269","17400","14700","17400","17400","17400","40028012","40028012","40028012","1"
"40028013","MITU BABY COLOGNE F&C SWEET PINK 100ML","63","PC","48","CT","17082","18270","18270","18270","18270","18270","40028013","40028013","40028013","1"
"40028013_BD","MITU BABY COLOGNE F&C SWEET PINK 100ML","63","PC","48","CT","17082","18270","18270","15750","15750","18270","40028013","40028013","40028013","1"
"40028065","MITU BABY SHAMPOO F&C ALOE 200ML BTL","63","PC","36","CT","16839","18010","18010","18010","18010","18010","40028065","40028065","40028065","1"
"40028065_BD","MITU BABY SHAMPOO F&C ALOE 200ML BTL","63","PC","36","CT","16035.25","17150","17150","17150","17150","16250","40028065","40028065","40028065","1"
"40028073_BD","MITU BABY OIL F&C OLIVE 95ML BTL","63","PC","48","CT","11532","12400","12400","12400","12400","12400","40028073","40028073","40028073","1"
"40028126","Polytex Sabut Spon Bnd Hit Mgc Expert 4s  24X12","63","PC","288","CT","2166.86","2318","2318","2318","2318","2318","40028126","40028126","40028126","1"
"40028126_BD","Polytex Sabut Spon Bnd Hit Mgc Expert 4s  24X12","63","PC","288","CT","1992","2130","2130","2130","2130","2130","40028126","40028126","40028126","1"
"40028137","MITU BABY HAIR LOTION F&C ALOE 100ML BTL","63","PC","48","CT","13548","14490","14490","14490","14490","14490","40028137","40028137","40028137","1"
"40028137_BD","MITU BABY HAIR LOTION F&C ALOE 100ML BTL","63","PC","48","CT","12903","13800","13800","13800","13800","13800","40028137","40028137","40028137","1"
"40028141","HIT XP REF FRESH 45H MULTIPACK 6X12","63","PC","72","CT","22188","23730","23730","23730","23730","23730","40028141","40028141","40028141","1"
"40028141_BD","HIT XP REF FRESH 45H MULTIPACK 6X12","63","PC","72","CT","22188","23730","23730","23730","23730","23730","40028141","40028141","40028141","1"
"40028142","STELLA FUN N FRESH HAPPY DAY MTP 1+1","63","PC","144","CT","11566","12370","12370","12370","12370","12370","40028142","40028142","40028142","1"
"40028142_BD","STELLA FUN N FRESH HAPPY DAY MTP 1+1","63","PC","144","CT","10706","11450","11450","11450","11450","11450","40028142","40028142","40028142","1"
"40028143","STELLA FUN N FRESH FRUITY NFRESH MTP 1+1 12X12","63","PC","144","CT","11566","12370","12370","12370","12370","12370","40028143","40028143","40028143","1"
"40028143_BD","STELLA FUN N FRESH FRUITY NFRESH MTP 1+1 12X12","63","PC","144","CT","10706","11450","11450","11450","11450","10700","40028143","40028143","40028143","1"
"40028144","STELLA FUN&FRESH C MACCHIATO MTP 1+1 12X12","63","PC","144","CT","11566","12370","12370","12370","12370","12370","40028144","40028144","40028144","1"
"40028144_BD","STELLA FUN&FRESH C MACCHIATO MTP 1+1 12X12","63","PC","144","CT","10706","11450","11450","11450","11450","11450","40028144","40028144","40028144","1"
"40028228","HIT NON STOP EKO SET +HIT REF FRESH 33ML","63","PC","24","CT","15727","16820","16820","16820","16820","16820","40028228","40028228","40028228","1"
"40028228_BD","HIT NON STOP EKO SET +HIT REF FRESH 33ML","63","PC","24","CT","15727","16820","16820","16820","16820","16820","40028228","40028228","40028228","1"
"40028230","HIT NS REF FRESH 1BLN 33ML MULTIPAC 6X12","63","PC","72","CT","17877","19120","19120","19120","19120","19120","40028230","40028230","40028230","1"
"40028230_BD","HIT NS REF FRESH 1BLN 33ML MULTIPAC 6X12","63","PC","72","CT","17877","19120","19120","19120","19120","19120","40028230","40028230","40028230","1"
"40028235","HIT XPRES SET +HIT XP REF APPLE45H 4x6","63","PC","24","CT","14493","15500","15500","15500","15500","15500","40028235","40028235","40028235","1"
"40028235_BD","HIT XPRES SET +HIT XP REF APPLE45H 4x6","63","PC","24","CT","14493","15500","15500","15500","15500","15500","40028235","40028235","40028235","1"
"40028236","LEM TIKUSTRAP CPGAJAH4X70G +PN AP12","63","PC","18","CT","51313","54880","54880","54880","54880","54880","40028236","40028236","40028236","1"
"40028236_BD","LEM TIKUSTRAP CPGAJAH4X70G +PN AP12","63","PC","18","CT","51313","54880","54880","54880","54880","54880","40028236","40028236","40028236","1"
"40028237_BD","GAS WONDERFUEL 4X220G","63","PC","3","CT","48396","51760","51760","51760","51760","51760","40028237","40028237","40028237","1"
"40028262_BD","HIT AE ORANGE 3X200ML FREE PPN 12X25ML","63","PC","4","CT","34782","37200","37200","37200","37200","37200","40028262","40028262","40028262","1"
"40028263","HIT LIQ LB 700ML BND HIT LIQ LB 175","63","PC","12","CT","29452.5","31500","31500","31500","31500","31500","40028263","40028263","40028263","1"
"40028263_BD","HIT LIQ LB 700ML BND HIT LIQ LB 175","63","PC","12","CT","29452.5","31500","31500","31500","31500","31500","40028263","40028263","40028263","1"
"40028268","MITU BABY POWDER F&C FLORAL 50GR+50%","63","PC","36","CT","3273","3500","3500","3500","3500","3500","40028268","40028268","40028268","1"
"40028268_BD","MITU BABY POWDER F&C FLORAL 50GR+50%","63","PC","36","CT","3273","3500","3500","3500","3500","3500","40028268","40028268","40028268","1"
"40028269","MITU BABY POWDER F&C CLASSIC 50GR+50%","63","PC","36","CT","3273","3500","3500","3500","3500","3500","40028269","40028269","40028269","1"
"40028269_BD","MITU BABY POWDER F&C CLASSIC 50GR+50%","63","PC","36","CT","3273","3500","3500","3500","3500","3500","40028269","40028269","40028269","1"
"40028270","MITU BABY POWDER F&C FLORAL 100GR+50%","63","PC","36","CT","5843.75","6250","6250","6250","6250","6250","40028270","40028270","40028270","1"
"40028270_BD","MITU BABY POWDER F&C FLORAL 100GR+50%","63","PC","36","CT","5843.75","6250","6250","6250","6250","6250","40028270","40028270","40028270","1"
"40028271","MITU BABY POWDER F&C CLASSIC 100GR+50%","63","PC","36","CT","5843.75","6250","6250","6250","6250","6250","40028271","40028271","40028271","1"
"40028271_BD","MITU BABY POWDER F&C CLASSIC 100GR+50%","63","PC","36","CT","5610","6000","6000","6000","6000","6000","40028271","40028271","40028271","1"
"40028272","MITU BABY POWDER F&C FLORAL 200GR+50%","63","PC","36","CT","10285","11000","11000","11000","11000","11000","40028272","40028272","40028272","1"
"40028272_BD","MITU BABY POWDER F&C FLORAL 200GR+50%","63","PC","36","CT","10285","11000","11000","11000","11000","11000","40028272","40028272","40028272","1"
"40028273","MITU BB PWD F&C CLASSIC 200GR+50% 36/CT","63","PC","36","CT","10285","11000","11000","11000","11000","11000","40028273","40028273","40028273","1"
"40028273_BD","MITU BB PWD F&C CLASSIC 200GR+50% 36/CT","63","PC","36","CT","9911","10600","10600","10600","10600","10600","40028273","40028273","40028273","1"
"40028274","MITU BABY COLOGNE F&C FRESH GREEN 50ML","63","PC","48","CT","9135","9770","9770","9770","9770","9770","40028274","40028274","40028274","1"
"40028274_BD","MITU BABY COLOGNE F&C FRESH GREEN 50ML","63","PC","48","CT","9135","9770","9770","9770","9770","9770","40028274","40028274","40028274","1"
"40028285","MITU BABY COLOGNE F&C SWEET PINK 50ML","63","PC","48","CT","9135","9770","9770","9770","9770","9770","40028285","40028285","40028285","1"
"40028285_BD","MITU BABY COLOGNE F&C SWEET PINK 50ML","63","PC","48","CT","8228","8800","8800","8800","8800","8800","40028285","40028285","40028285","1"
"40028383_BD","HIT AER GREEN FOREST 600+75ML","63","PC","12","CT","26319","28300","28300","28300","28300","28300","40028383","40028383","40028383","1"
"40028385_BD","Stella Matic Ref PrmPerfect Summer 225ml","63","PC","12","CT","26319","28300","28300","28300","28300","28300","40028385","40028385","40028385","1"
"40028392_BD","PROCLIN PEMUTIH LEMON SACHET 30Ml 12x12","63","PC","144","CT","316.2","340","340","340","340","340","40028392","40028392","40028392","1"
"40028405_BD","PERANGKAP MEKANIS CAP GAJAH 12/CT","63","PC","12","CT","27993","30100","30100","30100","30100","30100","40028405","40028405","40028405","1"
"40028406_BD","NYU Sachet Natural Black Renceng 6+1","63","PC","24","CT","45012","48400","48400","48400","48400","48400","40028406","40028406","40028406","1"
"40028407_BD","NYU Sachet Natural Brown Renceng 6+1","63","PC","24","CT","45012","48400","48400","48400","48400","48400","40028407","40028407","40028407","1"
"40028408_BD","NYU Sachet Burgundy Renceng 6+1","63","PC","24","CT","45012","48400","48400","48400","48400","48400","40028408","40028408","40028408","1"
"40028409_BD","NYU Sachet Coppery Brown Renceng 6+1","63","PC","24","CT","45012","48400","48400","48400","48400","48400","40028409","40028409","40028409","1"
"40028418_BD","STELLA ALL IN ONE APPLE FIESTA 42GR(3+1)","63","PC","18","CT","26133","28100","28100","28100","28100","28100","40028418","40028418","40028418","1"
"40028419","STELLA ALL IN ONE LEMON FRESH 42GR(3+1)","63","PC","18","CT","31416","33600","33600","33600","33600","33600","40028419","40028419","40028419","1"
"40028419_BD","STELLA ALL IN ONE LEMON FRESH 42GR(3+1)","63","PC","18","CT","31416","33600","33600","33600","33600","33600","40028419","40028419","40028419","1"
"40028464_BD","NYU Multipack Box","63","PC","4","CT","56916","61200","61200","61200","61200","61200","40028464","40028464","40028464","1"
"40028471_BD","HIT ONE P.EXPERT GREEN TEA 10ML B1G 4X6","63","PC","48","CT","19065","20500","20500","20500","20500","20500","40028471","40028471","40028471","1"
"40028472_BD","HIT ONE P.EXPERT ORANGE 10ML B1G1 4X6","63","PC","48","CT","19065","20500","20500","20500","20500","20500","40028472","40028472","40028472","1"
"40028473_BD","HIT ONE P.EXPERT LlLYBLOSSOM 10ML B 4X6","63","PC","48","CT","19065","20500","20500","20500","20500","20500","40028473","40028473","40028473","1"
"40028474","HIT ONE P.EXPERT CITRUS 10ML B1G1","63","PC","48","CT","19168","20500","20500","20500","20500","20500","40028474","40028474","40028474","1"
"40028474_BD","HIT ONE P.EXPERT CITRUS 10ML B1G1","63","PC","48","CT","19168","20500","20500","20500","20500","20500","40028474","40028474","40028474","1"
"40028482","NYU CREME NATURAL BLEACH","63","PC","24","CT","12996.5","13900","13900","13900","13900","13400","40028482","40028482","40028482","1"
"40028482_BD","NYU CREME NATURAL BLEACH","63","PC","24","CT","12996.5","13900","13900","13900","13900","13400","40028482","40028482","40028482","1"
"40028519","STELLA MINI MTC REF DREAM ISLAND 40ML","63","PC","24","CT","20851","22300","22300","22300","22300","22300","40028519","40028519","40028519","1"
"40028519_BD","STELLA MINI MTC REF DREAM ISLAND 40ML","63","PC","24","CT","20851","22300","22300","22300","22300","22300","40028519","40028519","40028519","1"
"40028520","STELLA MINI MATIC REF CAFFE LATTE 40 ML","63","PC","24","CT","20850.5","22300","22300","22300","22300","22300","40028520","40028520","40028520","1"
"40028520_BD","Stella Mini Mtc Ref Caffe Latte 40 ml","63","PC","24","CT","20664","22100","22100","22100","22100","22100","40028520","40028520","40028520","1"
"40028523_BD","HIT AER EXPERT CITRUS MTP 600+75ML 6/CT","63","PC","6","CT","54885","58700","58700","58700","58700","58700","40028523","40028523","40028523","1"
"40028545_BD","HIT AE EXPERT S.FLOWER MULTIPACK600+75ml","63","PC","6","CT","54591","58700","58700","58700","58700","58700","40028545","40028545","40028545","1"
"40028582_BD","KLINPAK ZIPBAG DOUBLE ZIP SMALL 20 x 28","63","PC","12","CT","18972","20400","20400","20400","20400","20400","40028582","40028582","40028582","1"
"40028603","KLINPAK ZIPBAG EASY SLIDER MEDIUM 27x28","63","PC","12","CT","30668","32800","32800","32800","32800","32800","40028603","40028603","40028603","1"
"40028603_BD","KLINPAK ZIPBAG EASY SLIDER MEDIUM 27x28","63","PC","12","CT","30668","32800","32800","32800","32800","32800","40028603","40028603","40028603","1"
"40028611","Stella Mini Matic Alat+Refill N G Fantasy","63","PC","24","CT","44915","48038","48038","48038","48038","48038","40028611","40028611","40028611","1"
"40028611_BD","Stella Mini Matic Alat+Refill N","63","PC","24","CT","44915","48038","48038","43750","43750","45750","40028611","40028611","40028611","1"
"40028656_BD","KLINPAK ZIPBAG DOUBLE ZIP LARGE 30 x 38","63","PC","12","CT","23622","25400","25400","25400","25400","25400","40028656","40028656","40028656","1"
"40028685_BD","STELLA FUN N FRESH SAKURA BLOSSOM 12X12","63","PC","144","CT","8370","9000","9000","9000","9000","9000","40028685","40028685","40028685","1"
"40028687","STELLA AEROSOL PRM JAPANESE SAKURA 200ML","63","PC","12","CT","14025","15000","15000","15000","15000","15000","40028687","40028687","40028687","1"
"40028687_BD","STELLA AEROSOL PRM JAPANESE SAKURA 200ML","63","PC","12","CT","14025","15000","15000","15000","15000","15000","40028687","40028687","40028687","1"
"40028688","STELLA AER PRMJAPANESE SAKURA 350+50ML","63","PC","12","CT","20383","21800","21800","21800","21800","21800","40028688","40028688","40028688","1"
"40028688_BD","STELLA AER PRMJAPANESE SAKURA 350+50ML","63","PC","12","CT","20383","21800","21800","21800","21800","21800","40028688","40028688","40028688","1"
"40028689","STE MTC REF PRM JAPANESE SAKURA 225ML","63","PC","12","CT","26461","28300","28300","28300","28300","28300","40028689","40028689","40028689","1"
"40028689_BD","STE MTC REF PRM JAPANESE SAKURA 225ML","63","PC","12","CT","26461","28300","28300","28300","28300","28300","40028689","40028689","40028689","1"
"40028693_BD","STELLA GT 3 ON 3  POCKET 3PCS+AIO 3PCS","63","PC","12","CT","37200","40000","40000","40000","40000","40000","40028693","40028693","40028693","1"
"40028835_BD","HIT AE REG GREENFOREST600+75ML MULTIPACK","63","PC","6","CT","54591","58700","58700","58700","58700","58700","40028835","40028835","40028835","1"
"40028891","HIT MAGIC EXPERT F BLOSSOM 10S 0.13FU","63","PC","36","CT","3740","4000","4000","4000","4000","4000","40028891","40028891","40028891","1"
"40028891_BD","HIT MAGIC EXPERT F BLOSSOM 10S 0.13FU","63","PC","36","CT","3740","4000","4000","4000","4000","4000","40028891","40028891","40028891","1"
"40028895","STELLA FUN N FRESH SAKURA BLOSSOM MTP1+1","63","PC","144","CT","11567","12371","12371","12371","12371","12371","40028895","40028895","40028895","1"
"40028895_BD","STELLA FUN N FRESH SAKURA BLOSSOM MTP1+1","63","PC","144","CT","10948.85","11710","11710","11710","11710","11710","40028895","40028895","40028895","1"
"40029074_BD","STELLA MULTIPACK AIO 1+1 36/CT","63","PC","36","CT","11718","12600","12600","12600","12600","12600","40029074","40029074","40029074","1"
"40029118_BD","POLYTEX MLT PACK 5SPON REG+5STLIS REG 24/CT","63","PC","24","CT","17670","19000","19000","19000","19000","19000","40029118","40029118","40029118","1"
"40029136","STELLA MTC REF APPLE FIESTA 2X225ML MTP","63","PC","6","CT","50023","53500","53500","53500","53500","53500","40029136","40029136","40029136","1"
"40029136_BD","STELLA MTC REF APPLE FIESTA 2X225ML MTP","63","PC","6","CT","47592","50900","50900","50900","50900","50900","40029136","40029136","40029136","1"
"40029138","STELLA AEROSOL APPLE 2X400ML MULTIPACK","63","PC","6","CT","38616","41300","41300","41300","41300","41300","40029138","40029138","40029138","1"
"40029138_BD","STELLA AEROSOL APPLE 2X400ML MULTIPACK","63","PC","6","CT","36652","39200","39200","39200","39200","39200","40029138","40029138","40029138","1"
"40029139_BD","STELLA MTC PARF RAMADHAN 12/CT","63","PC","12","CT","72195.9","77630","77630","77630","77630","77630","40029139","40029139","40029139","1"
"40029146","STE MTC REF PRM SECRET LAVENDER 225ML","63","PC","12","CT","26461","28300","28300","28300","28300","28300","40029146","40029146","40029146","1"
"40029146_BD","STE MTC REF PRM SECRET LAVENDER 225ML","63","PC","12","CT","26461","28300","28300","28300","28300","28300","40029146","40029146","40029146","1"
"40029148","STELLA AER SECRET LAVENDER 200ML RJV","63","PC","12","CT","14025","15000","15000","15000","15000","15000","40029148","","40029148","1"
"40029148_BD","STELLA AER SECRET LAVENDER 200ML RJV","63","PC","12","CT","14025","15000","15000","15000","15000","15000","40029148","","40029148_BD","1"
"40029198","STELLA DAILY INDOOR DREAM MTP 1+1","63","PC","72","CT","13277","14200","14200","14200","14200","14200","40029198","40029198","40029198","1"
"40029198_BD","STELLA DAILY INDOOR DREAM MTP 1+1","63","PC","72","CT","13277","14200","14200","14200","14200","14200","40029198","40029198","40029198","1"
"40029199","STELLA DAILY CAR ORANGE BLOSSOM MTP 1+1","63","PC","72","CT","13277","14200","14200","14200","14200","14200","40029199","40029199","40029199","1"
"40029199_BD","STELLA DAILY CAR ORANGE BLOSSOM MTP 1+1","63","PC","72","CT","13277","14200","14200","14200","14200","14200","40029199","40029199","40029199","1"
"40029200","STELLA DAILY CAR RED KISS MTP 1+1","63","PC","72","CT","13277","14200","14200","14200","14200","14200","40029200","40029200","40029200","1"
"40029200_BD","STELLA DAILY CAR RED KISS MTP 1+1","63","PC","72","CT","13277","14200","14200","14200","14200","14200","40029200","40029200","40029200","1"
"40029222","SANITER HAND SANITIZER GEL 50ML","63","PC","48","CT","7059","7550","7550","7550","7550","7550","40029222","40029222","40029222","1"
"40029222_BD","SANITER HAND SANITIZER GEL 50ML","63","PC","48","CT","7059","7550","7550","7550","7550","7550","40029222","40029222","40029222","1"
"40029223","SANITER HAND SANITIZER SPRAY 60ML 4X12","63","PC","48","CT","10584","11320","11320","11320","11320","11320","40029223","40029223","40029223","1"
"40029223_BD","SANITER HAND SANITIZER SPRAY 60ML 4X12","63","PC","48","CT","10584","11320","11320","11320","11320","11320","40029223","40029223","40029223","1"
"40029224_BD","SANITER AIR SANITIZER AEROSOL 200ML","63","PC","12","CT","18868","20180","20180","20180","20180","20180","40029224","40029224","40029224","1"
"40029249","Stella Mini Matic Set C Latte","63","PC","24","CT","44915","48038","48038","48038","48038","48038","40029249","40029249","40029249","1"
"40029249_BD","Stella Mini Matic Set C Latte","63","PC","24","CT","44915","48038","48038","48038","48038","45750","40029249","40029249","40029249","1"
"40029268_BD","HIT AER EXPERT PINK BLOSSOM 600+75ML","63","PC","12","CT","26461","28300","28300","28300","28300","28300","40029268","40029268","40029268","1"
"40029279","SANITER HAND SANITIZER PUMP GEL 250ML","63","PC","12","CT","17634","18860","18860","18860","18860","18860","40029279","40029279","40029279","1"
"40029279_BD","SANITER HAND SANITIZER PUMP GEL 250ML","63","PC","12","CT","17634","18860","18860","18860","18860","18860","40029279","40029279","40029279","1"
"40029380","SANITER HAND SANITIZER GEL 50ML 48/CT","63","PC","48","CT","7059","7550","7550","7550","7550","7550","40029380","40029380","40029380","1"
"40029380_BD","SANITER HAND SANITIZER GEL 50ML 48/CT","63","PC","48","CT","7059","7550","7550","7550","7550","7550","40029380","40029380","40029380","1"
"40029396","SANITER AIR SANITIZER AEROSOL 200ML 12/CT","63","PC","12","CT","18868","20180","20180","20180","20180","20180","40029396","40029396","40029396","1"
"40029396_BD","SANITER AIR SANITIZER AEROSOL 200ML 12/CT","63","PC","12","CT","18868","20180","20180","20180","20180","20180","40029396","40029396","40029396","1"
"40029397","SANITER AIR SANITIZER AEROSOL 200ML CTC","63","PC","12","CT","18868","20180","20180","20180","20180","20180","40029397","40029397","40029397","1"
"40029397_BD","SANITER AIR SANITIZER AEROSOL 200ML CTC","63","PC","12","CT","18868","20180","20180","20180","20180","20180","40029397","40029397","40029397","1"
"40029423","LEM TIKUS X-TRAP CAP GAJAH 60 GR","63","PC","72","CT","10538","11270.33","11270.33","11270.33","11270.33","11270.33","40029423","40029423","40029423","1"
"40029423_BD","LEM TIKUS X-TRAP CAP GAJAH 60 GR","63","PC","72","CT","10538","11270.33","11270.33","11270.33","11270.33","11270.33","40029423","40029423","40029423","1"
"40029451","SANITER HAND WASH REFILL POUCH 200ML","63","PC","36","CT","7555","8080","8080","8080","8080","8080","40029451","40029451","40029451","1"
"40029451_BD","SANITER HAND WASH REFILL POUCH 200ML","63","PC","36","CT","7555","8080","8080","8080","8080","8080","40029451","40029451","40029451","1"
"40029452","SANITER HAND WASH REFILL POUCH 400ML","63","PC","12","CT","11426","12220","12220","12220","12220","12220","40029452","40029452","40029452","1"
"40029452_BD","SANITER HAND WASH REFILL POUCH 400ML","63","PC","12","CT","11426","12220","12220","12220","12220","12220","40029452","40029452","40029452","1"
"40029453","SANITER AIR SURF SANITIZER AEROSOL 400ML","63","PC","12","CT","30191","32290","32290","32290","32290","32290","40029453","40029453","40029453","1"
"40029453_BD","SANITER AIR SURF SANITIZER AEROSOL 400ML","63","PC","12","CT","30191","32290","32290","32290","32290","32290","40029453","40029453","40029453","1"
"40029459","SANITER FABRIC DISINFECT BOTTLE 200+30ML","63","PC","12","CT","13932","14900","14900","14900","14900","14900","40029459","40029459","40029459","1"
"40029459_BD","SANITER FABRIC DISINFECT BOTTLE 200+30ML","63","PC","12","CT","13932","14900","14900","14900","14900","14900","40029459","40029459","40029459","1"
"40029460_BD","HIT M EXPERT 10JAM C.LILY 10S 0.13FU","63","PC","36","CT","3740","4000","4000","4000","4000","4000","40029460","40029460","40029460","1"
"40029461","HIT M EXPERT 10JAM F.BLOSSOM 4S 0.13FU","63","PC","120","CT","1590","1700","1700","1700","1700","1700","40029461","40029461","40029461","1"
"40029461_BD","HIT M EXPERT 10JAM F.BLOSSOM 4S 0.13FU","63","PC","120","CT","1590","1700","1700","1700","1700","1700","40029461","40029461","40029461","1"
"40029462_BD","HIT M EXPERT 10JAM C.LILY 4S 0.13FU","63","PC","120","CT","1590","1700","1700","1700","1700","1700","40029462","40029462","40029462","1"
"40029463_BD","HIT M EXPERT 10JAM F BLOSSOM 10S 0.13FU","63","PC","36","CT","3740","4000","4000","4000","4000","4000","40029463","40029463","40029463","1"
"40029488_BD","Stella AIO Caffe Latte 42 gr 4X18","63","PC","72","CT","8322","8900","8900","8900","8900","8900","40029488","40029488","40029488","1"
"40029489","Stella AIO Secret Lavender 42 gr 4X18","63","PC","72","CT","8322","8900","8900","8900","8900","8900","40029489","40029489","40029489","1"
"40029489_BD","Stella AIO Secret Lavender 42 gr 4X18","63","PC","72","CT","8322","8900","8900","8900","8900","8900","40029489","40029489","40029489","1"
"40029537","HIT MAGIC FLORAL  4+2S HGR 0.15FU 14X12X12","63","PC","576","CT","673","720","720","720","720","720","40029537","40029537","40029537","1"
"40029537_BD","HIT MAGIC FLORAL  4+2S HGR 0.15FU 14X12X12","63","PC","576","CT","673","720","720","720","720","720","40029537","40029537","40029537","1"
"40029539_BD","HIT MAGIC FLORAL 10S 0.15FU 6X24","63","PC","144","CT","1581","1700","1700","1700","1700","1700","40029539","40029539","40029539","1"
"40029544_BD","STELLA FF SECRET LAVENDER 12X12","63","PC","144","CT","8370","9000","9000","9000","9000","9000","40029544","40029544","40029544","1"
"40029555","STELLA FF SECRET LAVENDER MTP 1+1","63","PC","144","CT","8415","9000","9000","9000","9000","9000","40029555","40029555","40029555","1"
"40029555_BD","STELLA FF SECRET LAVENDER MTP 1+1","63","PC","144","CT","8415","9000","9000","9000","9000","9000","40029555","40029555","40029555","1"
"40029583","SANITER HAND SANITIZER PUMP GEL 230ML","63","PC","12","CT","17634","18860","18860","18860","18860","18860","40029583","40029583","40029583","1"
"40029583_BD","SANITER HAND SANITIZER PUMP GEL 230ML","63","PC","12","CT","17634","18860","18860","18860","18860","18860","40029583","40029583","40029583","1"
"40029590","SANITER PERSONAL WIPES SANITIZER 50S","63","PC","24","CT","6778.7","7250","7250","7250","7250","7250","40029590","40029590","40029590","1"
"40029590_BD","SANITER PERSONAL WIPES SANITIZER 50S","63","PC","24","CT","6007","6425","6425","6425","6425","6425","40029590","40029590","40029590","1"
"40029774","SANITER HAND WASH BOTTLE 250ML","63","PC","12","CT","10799","11550","11550","11550","11550","11550","40029774","40029774","40029774","1"
"40029774_BD","SANITER HAND WASH BOTTLE 250ML","63","PC","12","CT","10799","11550","11550","11550","11550","11550","40029774","40029774","40029774","1"
"40029829","STELLA MTC SET PARFUMIST SMART","63","PC","12","CT","76605","81930","81930","81930","81930","81930","40029829","40029829","40029829","1"
"40029829_BD","STELLA MTC SET PARFUMIST SMART","63","PC","12","CT","76605","81930","81930","81930","81930","81930","40029829","40029829","40029829","1"
"40029967","SANITER HAND SANITIZER GEL PCH 200ML","63","PC","24","CT","13193","14110","14110","14110","14110","14110","40029967","40029967","40029967","1"
"40029967_BD","SANITER HAND SANITIZER GEL PCH 200ML","63","PC","24","CT","13193","14110","14110","14110","14110","14110","40029967","40029967","40029967","1"
"40029986","STELLA AEROSOL ORANGE 140ML","63","PC","12","CT","8509","9100","9100","9100","9100","9100","40029986","40029986","40029986","1"
"40029986_BD","STELLA AEROSOL ORANGE 140ML","63","PC","12","CT","8509","9100","9100","9100","9100","9100","40029986","40029986","40029986","1"
"40029990","STELLA AEROSOL ORANGE 200 ML NC","63","PC","12","CT","14025","15000","15000","15000","15000","15000","40029990","40029990","40029990","1"
"40029990_BD","STELLA AEROSOL ORANGE 200 ML NC","63","PC","12","CT","14025","15000","15000","15000","15000","15000","40029990","40029990","40029990","1"
"40029991","STELLA AEROSOL APPLE 200 ML NC","63","PC","12","CT","14025","15000","15000","15000","15000","15000","40029991","40029991","40029991","1"
"40029991_BD","STELLA AEROSOL APPLE 200 ML NC","63","PC","12","CT","14025","15000","15000","15000","15000","15000","40029991","40029991","40029991","1"
"40029992_BD","STELLA AEROSOL ROSE 200 ML NC","63","PC","12","CT","11718","12600","12600","12600","12600","12600","40029992","40029992","40029992","1"
"40029993","STELLA AEROSOL LEMON 200 ML NC","63","PC","12","CT","14025","15000","15000","15000","15000","15000","40029993","40029993","40029993","1"
"40029993_BD","STELLA AEROSOL LEMON 200 ML NC","63","PC","12","CT","14025","15000","15000","15000","15000","15000","40029993","40029993","40029993","1"
"40029994","STELLA AEROSOL JAPANESE SAKURA 200ML NC","63","PC","12","CT","14025","15000","15000","15000","15000","15000","40029994","40029994","40029994","1"
"40029994_BD","STELLA AEROSOL JAPANESE SAKURA 200ML NC","63","PC","12","CT","14025","15000","15000","15000","15000","15000","40029994","40029994","40029994","1"
"40029996","STELLA AER CAFFE LATTE 200ML RJV","63","PC","12","CT","14025","15000","15000","15000","15000","15000","40029996","","40029996","1"
"40029996_BD","STELLA AER CAFFE LATTE 200ML RJV","63","PC","12","CT","14025","15000","15000","15000","15000","15000","40029996","","40029996_BD","1"
"40029997_BD","STELLA AEROSOL FLORAL JASMINE 400 ML NC","63","PC","12","CT","17856","19200","19200","19200","19200","19200","40029997","40029997","40029997","1"
"40029998","STELLA AEROSOL LEMON 400 ML NC","63","PC","12","CT","20383","21800","21800","21800","21800","21800","40029998","40029998","40029998","1"
"40029998_BD","STELLA AEROSOL LEMON 400 ML NC","63","PC","12","CT","20383","21800","21800","21800","21800","21800","40029998","40029998","40029998","1"
"40029999_BD","STELLA AEROSOL ROSE 400 ML NC","63","PC","12","CT","17856","19200","19200","19200","19200","19200","40029999","40029999","40029999","1"
"40030000","STELLA AEROSOL APPLE 400 ML NC","63","PC","12","CT","20383","21800","21800","21800","21800","21800","40030000","40030000","40030000","1"
"40030000_BD","STELLA AEROSOL APPLE 400 ML NC","63","PC","12","CT","20383","21800","21800","21800","21800","21800","40030000","40030000","40030000","1"
"40030001","STELLA AEROSOL ORANGE 400 ML NC","63","PC","12","CT","20383","21800","21800","21800","21800","21800","40030001","40030001","40030001","1"
"40030001_BD","STELLA AEROSOL ORANGE 400 ML NC","63","PC","12","CT","20383","21800","21800","21800","21800","21800","40030001","40030001","40030001","1"
"40030002_BD","STELLA AER ODOUR NEUTRALIZER 400ML NC","63","PC","12","CT","17856","19200","19200","19200","19200","19200","40030002","40030002","40030002","1"
"40030003","STELLA AER JAPANESE SAKURA 350+50ML NC","63","PC","12","CT","20383","21800","21800","21800","21800","21800","40030003","40030003","40030003","1"
"40030003_BD","STELLA AER JAPANESE SAKURA 350+50ML NC","63","PC","12","CT","20383","21800","21800","21800","21800","21800","40030003","40030003","40030003","1"
"40030004","STE AER PRM SECRET LAVENDER 350+50ML NC","63","PC","12","CT","20383","21800","21800","21800","21800","21800","40030004","40030004","40030004","1"
"40030004_BD","STE AER PRM SECRET LAVENDER 350+50ML NC","63","PC","12","CT","20383","21800","21800","21800","21800","21800","40030004","40030004","40030004","1"
"40030005_BD","STE AER PRM CAFFE LATTE 350+50 ML NC","63","PC","12","CT","20383","21800","21800","21800","21800","21800","40030005","40030005","40030005","1"
"40030006","STE AER ORANGE 400ML+STL SAKURA 140ML NC","63","PC","12","CT","17952","19200","19200","19200","19200","19200","40030006","40030006","40030006","1"
"40030006_BD","STE AER ORANGE 400ML+STL SAKURA 140ML NC","63","PC","12","CT","17952","19200","19200","19200","19200","19200","40030006","40030006","40030006","1"
"40030007","STELLA FRESH PROTECT FAB SPRAY CB 245ML","63","PC","12","CT","19481","20835","20835","20835","20835","20835","40030007","40030007","40030007","1"
"40030007_BD","STELLA FRESH PROTECT FAB SPRAY CB 245ML","63","PC","12","CT","16830","18000","18000","18000","18000","18000","40030007","40030007","40030007","1"
"40030008","STELLA FRESH PROTECT FAB SPRAY PP 245ML","63","PC","12","CT","19481","20835","20835","20835","20835","20835","40030008","40030008","40030008","1"
"40030008_BD","STELLA FRESH PROTECT FAB SPRAY PP 245ML","63","PC","12","CT","16830","18000","18000","18000","18000","18000","40030008","40030008","40030008","1"
"40030009","STELLA AER FRESH PROTECT F.FLORAL 300ML","63","PC","12","CT","25993","27800","27800","27800","27800","27800","40030009","40030009","40030009","1"
"40030009_BD","STELLA AER FRESH PROTECT F.FLORAL 300ML","63","PC","12","CT","25993","27800","27800","27800","27800","27800","40030009","40030009","40030009","1"
"40030010","STELLA AER FRESH PROTECT F CITRUS 300ML","63","PC","12","CT","25993","27800","27800","27800","27800","27800","40030010","40030010","40030010","1"
"40030010_BD","STELLA AER FRESH PROTECT F CITRUS 300ML","63","PC","12","CT","25993","27800","27800","27800","27800","27800","40030010","40030010","40030010","1"
"40030159_BD","HIT ONE P.EXPERT GREEN TEA 10ML ND B1G1 8x6","63","PC","48","CT","19065","20500","20500","20500","20500","20500","40030159","40030159","40030159","1"
"40030161_BD","HIT ONE P.EXPERT LlLYBLOSSOM ND 10MLB1G1 4X12","63","PC","48","CT","19065","20500","20500","20500","20500","20500","40030161","40030161","40030161","1"
"40030162_BD","HIT ONE P.EXPERT CITRUS 10ML ND B1G1 4X12","63","PC","48","CT","19065","20500","20500","20500","20500","20500","40030162","40030162","40030162","1"
"40030351","STELLA AEROSOL ORANGE 2x400ML MTP NC","63","PC","6","CT","38616","41300","41300","41300","41300","41300","40030351","40030351","40030351","1"
"40030351_BD","STELLA AEROSOL ORANGE 2x400ML MTP NC","63","PC","6","CT","36652","39200","39200","39200","39200","39200","40030351","40030351","40030351","1"
"40030395","SANITER ALL SURFACE BOTTLE SPRAY 450ML","63","PC","12","CT","13408","14340","14340","14340","14340","14340","40030395","40030395","40030395","1"
"40030395_BD","SANITER ALL SURFACE BOTTLE SPRAY 450ML","63","PC","12","CT","13408","14340","14340","14340","14340","14340","40030395","40030395","40030395","1"
"40030410","STELLA AEROSOL APPLE 2X400ML MTP NC","63","PC","6","CT","38616","41300","41300","41300","41300","41300","40030410","40030410","40030410","1"
"40030410_BD","STELLA AEROSOL APPLE 2X400ML MTP NC","63","PC","6","CT","36652","39200","39200","39200","39200","39200","40030410","40030410","40030410","1"
"40030573","STE MTC REF FRESH&PROTECT F.CITRUS 225ML","63","PC","12","CT","26461","28300","28300","28300","28300","28300","40030573","40030573","40030573","1"
"40030573_BD","STE MTC REF FRESH&PROTECT F.CITRUS 225ML","63","PC","12","CT","26461","28300","28300","28300","28300","28300","40030573","40030573","40030573","1"
"40030574_BD","STE MTC REF FRESH&PROTECT F.FLORAL 225ML","63","PC","12","CT","26319","28300","28300","28300","28300","28300","40030574","40030574","40030574","1"
"40030608","STELLA POCKET BATHROOM PURPLE OFF 12X6","63","PC","72","CT","6498.25","6950","6950","6950","6950","6950","40030608","40030608","40030608","1"
"40030608_BD","STELLA POCKET BATHROOM PURPLE OFF 12X6","63","PC","72","CT","5610","6000","6000","6000","6000","6000","40030608","40030608","40030608","1"
"40030609","STELLA POCKET BATHROOM ORANGE OFF 12X6","63","PC","72","CT","6498.25","6950","6950","6950","6950","6950","40030609","40030609","40030609","1"
"40030609_BD","STELLA POCKET BATHROOM ORANGE OFF 12X6","63","PC","72","CT","5610","6000","6000","6000","6000","6000","40030609","40030609","40030609","1"
"40030610","STELLA POCKET BATHROOM BLUE OFF 12X6","63","PC","72","CT","6498.25","6950","6950","6950","6950","6950","40030610","40030610","40030610","1"
"40030610_BD","STELLA POCKET BATHROOM BLUE OFF 12X6","63","PC","72","CT","5610","6000","6000","6000","6000","6000","40030610","40030610","40030610","1"
"40030611","STELLA POCKET BATHROOM GREEN OFF","63","PC","72","CT","6498.25","6950","6950","6950","6950","6950","40030611","40030611","40030611","1"
"40030611_BD","STELLA POCKET BATHROOM GREEN OFF","63","PC","72","CT","5610","6000","6000","6000","6000","6000","40030611","40030611","40030611","1"
"40030664","STELLA AIO C.LATTE MULTIPACK PROMO 3+1","63","PC","18","CT","31416","33600","33600","33600","33600","33600","40030664","40030664","40030664","1"
"40030664_BD","STELLA AIO C.LATTE MULTIPACK PROMO 3+1","63","PC","18","CT","26274","28100","28100","28100","28100","28100","40030664","40030664","40030664","1"
"40030672","STELLA MTC REF J SAKURA 2X225ML MTP","63","PC","6","CT","50023","53500","53500","53500","53500","53500","40030672","40030672","40030672","1"
"40030672_BD","STELLA MTC REF J SAKURA 2X225ML MTP","63","PC","6","CT","47592","50900","50900","50900","50900","50900","40030672","40030672","40030672","1"
"40030673","SANITER SURFACE MULTIPURPOSE WIPES 40s","63","PC","24","CT","13604","14550","14550","14550","14550","14550","40030673","40030673","40030673","1"
"40030673_BD","SANITER SURFACE MULTIPURPOSE WIPES 40s","63","PC","24","CT","13604","14550","14550","14550","14550","14550","40030673","40030673","40030673","1"
"40030674","SANITER SURFACE MULTIPURPOSE WIPES 20s","63","PC","36","CT","8499","9090","9090","9090","9090","9090","40030674","40030674","40030674","1"
"40030674_BD","SANITER SURFACE MULTIPURPOSE WIPES 20s","63","PC","36","CT","8499","9090","9090","9090","9090","9090","40030674","40030674","40030674","1"
"40030812","SANITER LIQUID HAND SANITIZER 3.5L","63","PC","4","CT","165682","177200","177200","177200","177200","177200","40030812","","40030812","1"
"40030812_BD","SANITER LIQUID HAND SANITIZER 3.5L","63","PC","4","CT","165682","177200","177200","177200","177200","177200","40030812","","40030812_BD","1"
"40031090","STELLA CLIP N TWIST AFTERSMOKE","63","PC","24","CT","20721","22161","22161","22161","22161","22161","40031090","40031090","40031090","1"
"40031090_BD","STELLA CLIP N TWIST AFTERSMOKE","63","PC","24","CT","19925.79","21311","21311","21311","21311","21311","40031090","40031090","40031090","1"
"40031091_BD","STELLA CLIP N TWIST PINK GUAVA","63","PC","24","CT","18823","20240","20240","20240","20240","20240","40031091","40031091","40031091","1"
"40031092","STELLA CLIP N TWIST AQUA MARINE","63","PC","24","CT","20721","22161","22161","22161","22161","22161","40031092","40031092","40031092","1"
"40031092_BD","STELLA CLIP N TWIST AQUA MARINE","63","PC","24","CT","18924","20240","20240","20240","20240","20240","40031092","40031092","40031092","1"
"40031134_BD","HIT MAGIC FLORAL  4+2S HGR 0.15FU TH","63","PC","576","CT","673","720","720","720","720","720","40031134","40031134","40031134","1"
"40031155_BD","HIT MAGIC FRESH 4+2S HGR 0.15FU TH","63","PC","576","CT","673","720","720","720","720","720","40031155","40031155","40031155","1"
"40031156_BD","HIT MAGIC LILYBLOSSOM 4+2S HGR 0.15FU TH","63","PC","576","CT","673","720","720","720","720","720","40031156","40031156","40031156","1"
"40031157","HIT MAGIC FLORAL 10`S 0.15FU TH","63","PC","144","CT","1777","1900","1900","1900","1900","1900","40031157","40031157","40031157","1"
"40031157_BD","HIT MAGIC FLORAL 10`S 0.15FU TH","63","PC","144","CT","1683","1800","1800","1800","1800","1800","40031157","40031157","40031157","1"
"40031158_BD","HIT MAGIC FRESH 10`S 0.15FU TH","63","PC","144","CT","1683","1800","1800","1800","1800","1800","40031158","","40031158_BD","1"
"40031159","HIT MAGIC LILY BLOSSOM 10`S 0.15FU TH","63","PC","144","CT","1851","1980","1980","1980","1980","1980","40031159","40031159","40031159","1"
"40031159_BD","HIT MAGIC LILY BLOSSOM 10`S 0.15FU TH","63","PC","144","CT","1683","1800","1800","1800","1800","1800","40031159","40031159","40031159","1"
"40031205_BD","SANITER BARSOAP ANTIB COOLFRESH 70gr    ","63","PC","144","CT","2325","2500","2500","2500","2500","2500","40031205","40031205","40031205","1"
"40031206_BD","SANITER BARSOAP ANTIB COOLFRESH 105GR","63","PC","96","CT","4185","4500","4500","4500","4500","4500","40031206","40031206","40031206","1"
"40031207_BD","SANITER BARSOAP ANTIB COOLFRESH 3X105","63","PC","32","CT","11838.9","12730","12730","12730","12730","12730","40031207","40031207","40031207","1"
"40031208","SANITER BARSOAP ANTIB LEMNFRESH 70GR","63","PC","144","CT","2338","2500","2500","2500","2500","2500","40031208","40031208","40031208","1"
"40031208_BD","SANITER BARSOAP ANTIB LEMNFRESH 70GR","63","PC","144","CT","2338","2500","2500","2500","2500","2500","40031208","40031208","40031208","1"
"40031209_BD","SANITER BARSOAP ANTIB LEMNFRESH 105GR  ","63","PC","96","CT","4185","4500","4500","4500","4500","4500","40031209","40031209","40031209","1"
"40031210","SANITER BARSOAP ANTIB LEMNFRESH 3X105","63","PC","32","CT","11903","12730","12730","12730","12730","12730","40031210","40031210","40031210","1"
"40031210_BD","SANITER BARSOAP ANTIB LEMNFRESH 3X105","63","PC","32","CT","11903","12730","12730","12730","12730","12730","40031210","40031210","40031210","1"
"40031211","SANITER BARSOAP ANTIB ENRGCLEAN 70GR","63","PC","144","CT","2338","2500","2500","2500","2500","2500","40031211","40031211","40031211","1"
"40031211_BD","SANITER BARSOAP ANTIB ENRGCLEAN 70GR","63","PC","144","CT","2338","2500","2500","2500","2500","2500","40031211","40031211","40031211","1"
"40031212_BD","SANITER BARSP HS ANTBCTR ENRGCLN 105GR","63","PC","96","CT","4185","4500","4500","4500","4500","4500","40031212","40031212","40031212","1"
"40031213_BD","SANITER BARSOAP ANTIB ENRGCLEAN 3X105","63","PC","32","CT","11838.9","12730","12730","12730","12730","12730","40031213","40031213","40031213","1"
"40031265","NYU HENNA SHAMPOO HC BURGUNDY","63","PC","18","CT","26180","28000","28000","28000","28000","28000","40031265","40031265","40031265","1"
"40031265_BD","NYU HENNA SHAMPOO HC BURGUNDY","63","PC","18","CT","26180","28000","28000","28000","28000","28000","40031265","40031265","40031265","1"
"40031266","NYU HENNA SHAMPOO HC NATURAL BLACK","63","PC","18","CT","26180","28000","28000","28000","28000","28000","40031266","40031266","40031266","1"
"40031266_BD","NYU HENNA SHAMPOO HC NATURAL BLACK","63","PC","18","CT","26180","28000","28000","28000","28000","28000","40031266","40031266","40031266","1"
"40031267","NYU HENNA SHAMPOO HC NATURAL BROWN","63","BX","18","CT","26180","28000","28000","28000","28000","28000","40031267","40031267","40031267","1"
"40031267_BD","NYU HENNA SHAMPOO HC NATURAL BROWN","63","BX","18","CT","26180","28000","28000","28000","28000","28000","40031267","40031267","40031267","1"
"40031291_BD","STL CLIP ON POCKET FLORAL LFG SET 14GR","63","PC","12","CT","16926","18200","18200","18200","18200","18200","40031291","40031291","40031291","1"
"40031292_BD","STL CLIP ON POCKET FLORAL LFG REF 14GR 12X6","63","PC","72","CT","12462","13400","13400","13400","13400","13400","40031292","40031292","40031292","1"
"40031293_BD","STL CLIP ON POCKET FRUITY EFI SET 14GR","63","PC","12","CT","16926","18200","18200","18200","18200","18200","40031293","40031293","40031293","1"
"40031294_BD","STL CLIP ON POCKET FRUIT EFI REF 14G 12X6","63","PC","72","CT","12462","13400","13400","13400","13400","13400","40031294","40031294","40031294","1"
"40031312_BD","HIT GREEN BODY SPRAY FLORAL BLOSSOM100ML 8X12","63","PC","96","CT","11848.2","12740","12740","12740","12740","12740","40031312","40031312","40031312","1"
"40031313_BD","HIT GREEN BODYSPRAY LIGHT SUNSHINE 100ML 8X12","63","PC","96","CT","11848.2","12740","12740","12740","12740","12740","40031313","40031313","40031313","1"
"40031328","SANITER AE EUCALYPTUS OIL 200ML","63","PC","12","CT","33978","36340","36340","36340","36340","36340","40031328","40031328","40031328","1"
"40031328_BD","SANITER AE EUCALYPTUS OIL 200ML","63","PC","12","CT","33978","36340","36340","36340","36340","36340","40031328","40031328","40031328","1"
"40031349","SANITER ECS P2L HW FRSCLN STRT KIT","63","PC","12","CT","7059","7550","7550","7550","7550","7550","40031349","40031349","40031349","1"
"40031349_BD","SANITER ECS P2L HW FRSCLN STRT KIT","63","PC","12","CT","7059","7550","7550","7550","7550","7550","40031349","40031349","40031349","1"
"40031350","SANITER ECS P2L HW FRESHCLN RFL 8x6","63","PC","48","CT","3525","3770","3770","3770","3770","3770","40031350","40031350","40031350","1"
"40031350_BD","SANITER ECS P2L HW FRESHCLN RFL 8x6","63","PC","48","CT","3525","3770","3770","3770","3770","3770","40031350","40031350","40031350","1"
"40031351_BD","SANITER ECS P2L HW FRSCLN RFLBOX 12X6","63","PC","72","CT","3506.1","3770","3770","3770","3770","3770","40031351","40031351","40031351","1"
"40031365_BD","SANITER ECS P2L HW NRSHCLN STRT KIT","63","PC","12","CT","7021.5","7550","7550","7550","7550","7550","40031365","40031365","40031365","1"
"40031366_BD","SANITER ECS P2L HW NOURISHINGCLN RFL 8X6","63","PC","48","CT","3506.1","3770","3770","3770","3770","3770","40031366","40031366","40031366","1"
"40031367_BD","SANITER ECS P2L HW NRSHCLN RFLBOX","63","PC","72","CT","3506.1","3770","3770","3770","3770","3770","40031367","40031367","40031367","1"
"40031371","MITU BABY WIPES AS BOGOF 45S XTRA","63","PC","24","CT","10668","11410","11410","11410","11410","11410","40031371","40031371","40031371","1"
"40031371_BD","MITU BABY WIPES AS BOGOF 45S XTRA","63","PC","24","CT","10668","11410","11410","11410","11410","11410","40031371","40031371","40031371","1"
"40031375_BD","HIT GREENFABRIC ROLL ON TUTTI FRUITI 8ML 8X12","63","PC","96","CT","11848.2","12740","12740","12740","12740","12740","40031375","40031375","40031375","1"
"40031382","POLYTEX LAP KAIN MICROFIBER","63","PC","72","CT","13193.79","14111","14111","14111","14111","14111","40031382","","40031382","1"
"40031382_BD","POLYTEX LAP KAIN MICROFIBER","63","PC","72","CT","12810","13700","13700","13700","13700","13700","40031382","","40031382_BD","1"
"40031383","POLYTEX LAP PENYERAP CHAMOIS","63","PC","72","CT","18700","20000","20000","20000","20000","20000","40031383","","40031383","1"
"40031383_BD","POLYTEX LAP PENYERAP CHAMOIS","63","PC","72","CT","18700","20000","20000","20000","20000","20000","40031383","","40031383_BD","1"
"40031384","POLYTEX SPON PENYERAP SERBAGUNA","63","PC","72","CT","10978.77","11742","11742","11742","11742","11742","40031384","","40031384","1"
"40031384_BD","POLYTEX SPON PENYERAP SERBAGUNA","63","PC","72","CT","10978.77","11742","11742","11742","11742","11742","40031384","","40031384_BD","1"
"40031385","POLYTEX STAINLESS STEEL REGULAR 12.5G 6X12","63","PC","72","CT","3534","3780","3780","3780","3780","3780","40031385","40031385","40031385","1"
"40031385_BD","POLYTEX STAINLESS STEEL REGULAR 12.5G 6X12","63","PC","72","CT","3466.98","3708","3708","3708","3708","3708","40031385","40031385","40031385","1"
"40031386","POLYTEX SBT SPON EXTRA BERSIH&THN LAMA","63","PC","288","CT","5021","5370","5370","5370","5370","5370","40031386","40031386","40031386","1"
"40031386_BD","POLYTEX SBT SPON EXTRA BERSIH&THN LAMA","63","PC","288","CT","4769","5100","5100","5100","5100","5100","40031386","40031386","40031386","1"
"40031387","POLYTEX SABUT SPON ANTI GORES ND","63","PC","288","CT","5694","6090","6090","6090","6090","6090","40031387","40031387","40031387","1"
"40031387_BD","POLYTEX SABUT SPON ANTI GORES ND","63","PC","288","CT","5423","5800","5800","5800","5800","5800","40031387","40031387","40031387","1"
"40031388","POLYTEX SABUT JARING ANTI GORES 12X6","63","PC","72","CT","6872","7350","7350","7350","7350","7350","40031388","40031388","40031388","1"
"40031388_BD","POLYTEX SABUT JARING ANTI GORES 12X6","63","PC","72","CT","6545","7000","7000","7000","7000","7000","40031388","40031388","40031388","1"
"40031389","POLYTEX SELULOSA EXTRA BERSIH& THN LAMA","63","PC","72","CT","11500.5","12300","12300","12300","12300","12300","40031389","","40031389","1"
"40031389_BD","POLYTEX SELULOSA EXTRA BERSIH& THN LAMA","63","PC","72","CT","11500.5","12300","12300","12300","12300","12300","40031389","","40031389_BD","1"
"40031390","POLYTEX SPON SERBAGUNA ND 24X6","63","PC","144","CT","2057","2200","2200","2200","2200","2200","40031390","40031390","40031390","1"
"40031390_BD","POLYTEX SPON SERBAGUNA ND 24X6","63","PC","144","CT","1963.5","2100","2100","2100","2100","2100","40031390","40031390","40031390","1"
"40031391","POLYTEX SS EXTRA BERSIH&TAHAN LAMA20GR2S 8X6","63","PC","48","CT","9726.81","10403","10403","10403","10403","10403","40031391","40031391","40031391","1"
"40031391_BD","POLYTEX SS EXTRA BERSIH&TAHAN LAMA20GR2S 8X6","63","PC","48","CT","9726.81","10403","10403","10403","10403","10403","40031391","40031391","40031391","1"
"40031392","POLYTEX SS EXTRA BERSIH&TAHAN LAMA 20GR 6X12","63","PC","72","CT","4619","4940","4940","4940","4940","4940","40031392","40031392","40031392","1"
"40031392_BD","POLYTEX SS EXTRA BERSIH&TAHAN LAMA 20GR 6X12","63","PC","72","CT","4395","4700","4700","4700","4700","4700","40031392","40031392","40031392","1"
"40031393","POLYTEX SBT HIJAU EXTRA BERSIH&THN LAMA","63","PC","576","CT","2263","2420","2420","2420","2420","2420","40031393","","40031393","1"
"40031394","POLYTEX SABUT SPON REGULAR 24X12","63","PC","288","CT","2292.06","2451","2451","2451","2451","2451","40031394","40031394","40031394","1"
"40031394_BD","POLYTEX SABUT SPON REGULAR 24X12","63","PC","288","CT","2292","2451","2451","2451","2451","2451","40031394","40031394","40031394","1"
"40031527_BD","STELLA F&P TRAVEL SPRAY FC 100ML 8X12","63","PC","96","CT","10853.1","11670","11670","11670","11670","11670","40031527","40031527","40031527","1"
"40031566","POLYTEX PKT SBT SPON REGULAR 2S ND 20X6","63","PC","120","CT","8089.62","8652","8652","8652","8652","8652","40031566","40031566","40031566","1"
"40031566_BD","POLYTEX PKT SBT SPON REGULAR 2S ND 20X6","63","PC","120","CT","8089.62","8652","8652","8652","8652","8652","40031566","40031566","40031566","1"
"40031567","POLYTEX PKT SBTSPON XTRABERSIH&THNLAMA2S","63","PC","120","CT","9534.2","10197","10197","10197","10197","10197","40031567","40031567","40031567","1"
"40031567_BD","POLYTEX PKT SBTSPON XTRABERSIH&THNLAMA2S","63","PC","120","CT","9257","9900","9900","9900","9900","9900","40031567","40031567","40031567","1"
"40031568","MITU BABY WIPES F&C PINK 40S BOGOF+EXTRA20","63","PC","24","CT","9883","10570","10570","10570","10570","10570","40031568","40031568","40031568","1"
"40031568_BD","MITU BABY WIPES F&C PINK 40S BOGOF+EXTRA20","63","PC","24","CT","9883","10570","10570","10570","10570","10570","40031568","40031568","40031568","1"
"40031569","MITU BABY WIPES F&C BLUE 40S BOGOF+EX20","63","PC","24","CT","9883","10570","10570","10570","10570","10570","40031569","40031569","40031569","1"
"40031569_BD","MITU BABY WIPES F&C BLUE 40S BOGOF+EX20","63","PC","24","CT","9883","10570","10570","10570","10570","10570","40031569","40031569","40031569","1"
"40031623","POLYTEX STAINLESS REG 12,5G PAPAN12S ND 6X12","63","PC","72","CT","1877.95","2009","2009","2009","2009","2009","40031623","40031623","40031623","1"
"40031623_BD","POLYTEX STAINLESS REG 12,5G PAPAN12S ND 6X12","63","PC","72","CT","1730","1850","1850","1750","1850","1850","40031623","40031623","40031623","1"
"40031783","SANITER HAND SPRAY SWEET BERRY 60ML 4X12","63","PC","48","CT","10584","11320","11320","11320","11320","11320","40031783","40031783","40031783","1"
"40031783_BD","SANITER HAND SPRAY SWEET BERRY 60ML 4X12","63","PC","48","CT","10584","11320","11320","11320","11320","11320","40031783","40031783","40031783","1"
"40031827","SANITER HW FRUITY CLEAN PCH 400","63","PC","12","CT","11426","12220","12220","12220","12220","12220","40031827","40031827","40031827","1"
"40031827_BD","SANITER HW FRUITY CLEAN PCH 400","63","PC","12","CT","11426","12220","12220","12220","12220","12220","40031827","40031827","40031827","1"
"40031915","MITU BABY WIPES AS BOGOF 45S XTRA OLD","63","PC","24","CT","10668","11410","11410","11410","11410","11410","40031915","40031915","40031915","1"
"40031915_BD","MITU BABY WIPES AS BOGOF 45S XTRA OLD","63","PC","24","CT","10668","11410","11410","11410","11410","11410","40031915","40031915","40031915","1"
"40031984","PROCLIN PENGHLNG NODA BTL180ML","63","PC","24","CT","7405","7920","7920","7920","7920","7920","40031984","40031984","40031984","1"
"40031984_BD","PROCLIN PENGHLNG NODA BTL180ML","63","PC","24","CT","7405","7920","7920","7920","7920","7920","40031984","40031984","40031984","1"
"40032015","PROCLIN PENGHLNG NODA PLUS BTL400ML","63","PC","24","CT","15895","17000","17000","17000","17000","17000","40032015","40032015","40032015","1"
"40032015_BD","PROCLIN PENGHLNG NODA PLUS BTL400ML","63","PC","24","CT","15895","17000","17000","17000","17000","17000","40032015","40032015","40032015","1"
"40032016","PROCLIN PENGHLNGNODA PLUS PCH125+25M","63","PC","24","CT","7433","7950","7950","7950","7950","7950","40032016","","40032016","1"
"40032016_BD","PROCLIN PENGHLNGNODA PLUS PCH125+25M","63","PC","24","CT","7153","7650","7650","7650","7650","7650","40032016","","40032016_BD","1"
"40032018","PROCLIN PENGHLNG NODA PLUS PCH800ML","63","PC","12","CT","30014","32100","32100","32100","32100","32100","40032018","40032018","40032018","1"
"40032018_BD","PROCLIN PENGHLNG NODA PLUS PCH800ML","63","PC","12","CT","28546","30530","30530","30530","30530","30530","40032018","40032018","40032018","1"
"40032019","PROCLIN PENGHILANG NODA PLUS SACHET 25M 6X24","63","PC","144","CT","673","720","720","720","720","720","40032019","40032019","40032019","1"
"40032019_BD","PROCLIN PENGHILANG NODA PLUS SACHET 25M 6X24","63","PC","144","CT","673","720","720","720","720","720","40032019","40032019","40032019","1"
"40032020","PROCLIN PPN PLUS SACHET 25ML (12+1) 6x24","63","PC","144","CT","673","720","720","720","720","720","40032020","40032020","40032020","1"
"40032020_BD","PROCLIN PPN PLUS SACHET 25ML (12+1) 6x24","63","PC","144","CT","673","720","720","720","720","720","40032020","40032020","40032020","1"
"40032837","SANITER AE200 FREE BARSOAP E CLEAN 70GR","63","PC","12","CT","18868","20180","20180","20180","20180","20180","40032837","40032837","40032837","1"
"40032837_BD","SANITER AE200 FREE BARSOAP E CLEAN 70GR","63","PC","12","CT","18868","20180","20180","20180","20180","20180","40032837","40032837","40032837","1"
"40032858_BD","HIT AE REG LB 675ml + HAE EXPRT SF 200ml","63","PC","12","CT","25575","27500","27500","27500","27500","27500","40032858","40032858","40032858","1"
"40033089","SANITER AE400ML FREE SOAP E CLEAN 105GR","63","PC","12","CT","30191","32290","32290","32290","32290","32290","40033089","40033089","40033089","1"
"40033089_BD","SANITER AE400ML FREE SOAP E CLEAN 105GR","63","PC","12","CT","30191","32290","32290","32290","32290","32290","40033089","40033089","40033089","1"
"40033172_BD","HIT ORANGE600ML FREE BARSOAP E.CLEAN70GR","63","PC","12","CT","26319","28300","28300","28300","28300","28300","40033172","40033172","40033172","1"
"40033215","NYU CREME HC FLAMING ORANGE S","63","PC","24","CT","12529","13400","13400","13400","13400","13400","40033215","40033215","40033215","1"
"40033215_BD","NYU CREME HC FLAMING ORANGE S","63","PC","24","CT","11594","12400","12400","12400","12400","12400","40033215","40033215","40033215","1"
"40033239_BD","STELLA CAR ENERGYC 42+13gr","63","PC","72","CT","7877.1","8470","8470","8470","8470","8470","40033239","40033239","40033239","1"
"40033240_BD","STELLA CAR SPIRIT 42+13gr 4x18","63","PC","72","CT","7877.1","8470","8470","8470","8470","8470","40033240","40033240","40033240","1"
"40033241_BD","STELLA CAR POWER 42+13gr","63","PC","72","CT","7877.1","8470","8470","8470","8470","8470","40033241","40033241","40033241","1"
"40033242_BD","STELLA AC LEMON 42+13gr","63","PC","72","CT","9021","9700","9700","9700","9700","9700","40033242","40033242","40033242","1"
"40033243_BD","STELLA AC ORANGE 42+13gr","63","PC","72","CT","9021","9700","9700","9700","9700","9700","40033243","40033243","40033243","1"
"40033244","STELLA BATHROOM BLUE 42+13gr","63","PC","72","CT","6919","7400","7400","7400","7400","7400","40033244","40033244","40033244","1"
"40033244_BD","STELLA BATHROOM BLUE 42+13gr","63","PC","72","CT","6919","7400","7400","7400","7400","7400","40033244","40033244","40033244","1"
"40033248","STELLA All in One LEMON 42+13gr 4X18","63","PC","72","CT","8322","8900","8900","8900","8900","8900","40033248","40033248","40033248","1"
"40033248_BD","STELLA All in One LEMON 42+13gr 4X18","63","PC","72","CT","8322","8900","8900","8900","8900","8900","40033248","40033248","40033248","1"
"40033249","STELLA All in One ORANGE 42+13gr 4X18","63","PC","72","CT","8322","8900","8900","8900","8900","8900","40033249","40033249","40033249","1"
"40033249_BD","STELLA All in One ORANGE 42+13gr 4X18","63","PC","72","CT","8322","8900","8900","8900","8900","8900","40033249","40033249","40033249","1"
"40033250","STELLA All in One APPLE 42+13gr 4X18","63","PC","72","CT","8322","8900","8900","8900","8900","8900","40033250","40033250","40033250","1"
"40033250_BD","STELLA All in One APPLE 42+13gr 4X18","63","PC","72","CT","8322","8900","8900","8900","8900","8900","40033250","40033250","40033250","1"
"40033252_BD","STELLA All in One LIME 42+13gr 4X18","63","PC","72","CT","8277","8900","8900","8900","8900","8900","40033252","40033252","40033252","1"
"40033253","STELLA All in One SENSATION 42+13gr 4X18","63","PC","72","CT","8322","8900","8900","8900","8900","8900","40033253","40033253","40033253","1"
"40033253_BD","STELLA All in One SENSATION 42+13gr 4X18","63","PC","72","CT","8322","8900","8900","8900","8900","8900","40033253","40033253","40033253","1"
"40033254","STELLA Ail in One BOUGENVILLE 42+13gr 4X18","63","PC","72","CT","8322","8900","8900","8900","8900","8900","40033254","40033254","40033254","1"
"40033254_BD","STELLA Ail in One BOUGENVILLE 42+13gr 4X18","63","PC","72","CT","8322","8900","8900","8900","8900","8900","40033254","40033254","40033254","1"
"40033265","STELLA All in One ORANGE 42+13gr (3+1)","63","PC","18","CT","31416","33600","33600","33600","33600","33600","40033265","40033265","40033265","1"
"40033265_BD","STELLA All in One ORANGE 42+13gr (3+1)","63","PC","18","CT","31416","33600","33600","33600","33600","33600","40033265","40033265","40033265","1"
"40033266","STELLA All in One LEMON 42+13gr (3+1)","63","PC","18","CT","31416","33600","33600","33600","33600","33600","40033266","40033266","40033266","1"
"40033266_BD","STELLA All in One LEMON 42+13gr (3+1)","63","PC","18","CT","31416","33600","33600","33600","33600","33600","40033266","40033266","40033266","1"
"40033267","STELLA All in One C.LATTE 42+13gr (3+1)","63","PC","18","CT","31416","33600","33600","33600","33600","33600","40033267","40033267","40033267","1"
"40033267_BD","STELLA All in One C.LATTE 42+13gr (3+1)","63","PC","18","CT","31416","33600","33600","33600","33600","33600","40033267","40033267","40033267","1"
"40033285","STELLA BATHROOM RED 42+13gr","63","PC","72","CT","6919","7400","7400","7400","7400","7400","40033285","40033285","40033285","1"
"40033285_BD","STELLA BATHROOM RED 42+13gr","63","PC","72","CT","6919","7400","7400","7400","7400","7400","40033285","40033285","40033285","1"
"40033286_BD","STELLA BATHROOM GREEN 42+13gr","63","PC","72","CT","6882","7400","7400","7400","7400","7400","40033286","40033286","40033286","1"
"40033311","STELLA All in One CAFE LATTE 42+13gr 4X18","63","PC","72","CT","8322","8900","8900","8900","8900","8900","40033311","40033311","40033311","1"
"40033311_BD","STELLA All in One CAF? LATTE 42+13gr 4X18","63","PC","72","CT","8322","8900","8900","8900","8900","8900","40033311","40033311","40033311","1"
"40033312","STELLA ALL IN ONE LAVENDER 4X18 42+13GR","63","PC","72","CT","8322","8900","8900","8900","8900","8900","40033312","40033312","40033312","1"
"40033312_BD","STELLA ALL IN ONE LAVENDER 4X18 42+13GR","63","PC","72","CT","8322","8900","8900","8900","8900","8900","40033312","40033312","40033312","1"
"40033665","HIT LILY 415+SANITER BARSOAP E.CLEAN70","63","PC","12","CT","20009","21400","21400","21400","21400","21400","40033665","40033665","40033665","1"
"40033665_BD","HIT LILY 415+SANITER BARSOAP E.CLEAN70","63","PC","12","CT","20009","21400","21400","21400","21400","21400","40033665","40033665","40033665","1"
"40033666","HIT ORANGE 415+SANITER BARSOAP E.CLEAN70","63","PC","12","CT","20009","21400","21400","21400","21400","21400","40033666","40033666","40033666","1"
"40033666_BD","HIT ORANGE 415+SANITER BARSOAP E.CLEAN70","63","PC","12","CT","20009","21400","21400","21400","21400","21400","40033666","40033666","40033666","1"
"40033709","STELLA POCKET BATHROOM F&P PURPLE","63","PC","72","CT","6498.25","6950","6950","6950","6950","6950","40033709","40033709","40033709","1"
"40033709_BD","STELLA POCKET BATHROOM F&P PURPLE","63","PC","72","CT","5610","6000","6000","6000","6000","6000","40033709","40033709","40033709","1"
"40033710","STELLA POCKET BATHROOM F&P ORANGE","63","PC","72","CT","6498.25","6950","6950","6950","6950","6950","40033710","40033710","40033710","1"
"40033710_BD","STELLA POCKET BATHROOM F&P ORANGE","63","PC","72","CT","6498.25","6950","6950","5600","5600","6550","40033710","40033710","40033710","1"
"40033711","STELLA POCKET BATHROOM F&P BLUE","63","PC","72","CT","6498.25","6950","6950","6950","6950","6950","40033711","40033711","40033711","1"
"40033711_BD","STELLA POCKET BATHROOM F&P BLUE","63","PC","72","CT","5610","6000","6000","6000","6000","6000","40033711","40033711","40033711","1"
"40033712","STELLA POCKET BATHROOM F&P GREEN 12X6","63","PC","72","CT","6498.25","6950","6950","6950","6950","6950","40033712","40033712","40033712","1"
"40033712_BD","STELLA POCKET BATHROOM F&P GREEN 12X6","63","PC","72","CT","6498.25","6950","6950","6950","6950","6950","40033712","40033712","40033712","1"
"40033713_BD","STELLA POCKET BATHROOM F&P RED","63","PC","72","CT","7347","7900","7900","7900","7900","7900","40033713","40033713","40033713","1"
"40033727","STE AER PRM WARM VERBENA 350+50 ML","63","PC","12","CT","20383","21800","21800","21800","21800","21800","40033727","40033727","40033727","1"
"40033727_BD","STE AER PRM WARM VERBENA 350+50 ML","63","PC","12","CT","20383","21800","21800","21800","21800","21800","40033727","40033727","40033727","1"
"40033728","STE AEROSOL PARFUMIST CANANGA LULLABY 350+50ML","63","PC","12","CT","20383","21800","21800","21800","21800","21800","40033728","40033728","40033728","1"
"40033728 _BD","STE AEROSOL PARFUMIST CANANGA LULLABY 350+50ML","63","PC","12","CT","20274","21800","21800","21800","21800","21800","40033728","","40033728 _BD","1"
"40033728_BD","STE AEROSOL PARFUMIST CANANGA LULLABY 350+50ML","63","PC","12","CT","20383","21800","21800","21800","21800","21800","40033728","40033728","40033728","1"
"40033729","STE MTC REF PRM WARM VERBENA 225 ML","63","PC","12","CT","26461","28300","28300","28300","28300","28300","40033729","40033729","40033729","1"
"40033729_BD","STE MTC REF PRM WARM VERBENA 225 ML","63","PC","12","CT","26461","28300","28300","28300","28300","28300","40033729","40033729","40033729","1"
"40033730","STELLA MATIC REFILL PARFUMIST CANANGA LULLABY 225M","63","PC","12","CT","26461","28300","28300","28300","28300","28300","40033730","40033730","40033730","1"
"40033730_BD","STELLA MATIC REFILL PARFUMIST CANANGA LULLABY 225M","63","PC","12","CT","26461","28300","28300","28300","28300","28300","40033730","40033730","40033730","1"
"40033798_BD","STELLA POCKET MULTIPACK F&P","63","PC","12","CT","20460","22000","22000","22000","22000","22000","40033798","40033798","40033798","1"
"40033799_BD","STELLA MULTIPACK GT 2 POCKET + 1 AIO","63","PC","24","CT","18600","20000","20000","20000","20000","20000","40033799","40033799","40033799","1"
"40034010","HIT LB600ML FREE BARSOAP E.CLEAN70GR","63","PC","12","CT","26461","28300","28300","28300","28300","28300","40034010","40034010","40034010","1"
"40034010_BD","HIT LB600ML FREE BARSOAP E.CLEAN70GR","63","PC","12","CT","26461","28300","28300","28300","28300","28300","40034010","40034010","40034010","1"
"40034355","LEM TIKUS X-TRAP CAPGAJAH 60GR MTP 5+1","63","PC","12","CT","64160","68620","68620","68620","68620","68620","40034355","40034355","40034355","1"
"40034355_BD","LEM TIKUS X-TRAP CAPGAJAH 60GR MTP 5+1","63","PC","12","CT","64160","68620","68620","68620","68620","68620","40034355","40034355","40034355","1"
"40034357","HIT AER ORANGE 600+75 ML MULTIPACK 5+1","63","PC","2","CT","161622","172900","172900","172900","172900","172900","40034357","40034357","40034357","1"
"40034357_BD","HIT AER ORANGE 600+75 ML MULTIPACK 5+1","63","PC","2","CT","161622","172900","172900","172900","172900","172900","40034357","40034357","40034357","1"
"40034358_BD","HIT AER ORANGE 200 ML MULTIPACK 5+1","63","PC","2","CT","62365","66700","66700","66700","66700","66700","40034358","40034358","40034358","1"
"40034471","STELLA MTC REF S LAVENDER 2X225ML MTP","63","PC","6","CT","50023","53500","53500","53500","53500","53500","40034471","40034471","40034471","1"
"40034471_BD","STELLA MTC REF S LAVENDER 2X225ML MTP","63","PC","6","CT","47592","50900","50900","50900","50900","50900","40034471","40034471","40034471","1"
"40034561","STELLA ALL IN ONE LAVENDER 42+13GR (3+1)","63","PC","18","CT","31416","33600","33600","33600","33600","33600","40034561","40034561","40034561","1"
"40034561_BD","STELLA ALL IN ONE LAVENDER 42+13GR (3+1)","63","PC","18","CT","29827","31900","31900","31900","31900","31900","40034561","40034561","40034561","1"
"40034699","HIT LB415 FREE SANITER L.FRESH70GR","63","PC","12","CT","20009","21400","21400","21400","21400","21400","40034699","40034699","40034699","1"
"40034699_BD","HIT LB415 FREE SANITER L.FRESH70GR","63","PC","12","CT","20009","21400","21400","21400","21400","21400","40034699","40034699","40034699","1"
"40034700","HIT ORANGE415 FREE SANITER L.FRESH70G","63","PC","12","CT","20009","21400","21400","21400","21400","21400","40034700","40034700","40034700","1"
"40034700_BD","HIT ORANGE415 FREE SANITER L.FRESH70G","63","PC","12","CT","20009","21400","21400","21400","21400","21400","40034700","40034700","40034700","1"
"40034704_BD","POLYTEX SABUT SPON REG PROMO 12+1 24x12","63","PC","288","CT","1980.9","2130","2130","2130","2130","2130","40034704","40034704","40034704","1"
"40034733","HIT ORANGE600 FREE SANITER COOLF70GR","63","PC","12","CT","25713","27500","27500","27500","27500","27500","40034733","40034733","40034733","1"
"40034733_BD","HIT ORANGE600 FREE SANITER COOLF70GR","63","PC","12","CT","25713","27500","27500","27500","27500","27500","40034733","40034733","40034733","1"
"40034742","HIT LB415 FREE SANITER COOLFRESH 70GR","63","PC","12","CT","20009","21400","21400","21400","21400","21400","40034742","40034742","40034742","1"
"40034742_BD","HIT LB415 FREE SANITER COOLFRESH 70GR","63","PC","12","CT","20009","21400","21400","21400","21400","21400","40034742","40034742","40034742","1"
"40034779","HIT NS REF CLASSIC 45HR 35ML","63","PC","144","CT","12249","13100","13100","13100","13100","13100","40034779","40034779","40034779","1"
"40034779_BD","HIT NS REF CLASSIC 45HR 35ML","63","PC","144","CT","12249","13100","13100","13100","13100","13100","40034779","40034779","40034779","1"
"40034780","HIT NS REF FRESH 45HR 35ML","63","PC","144","CT","12249","13100","13100","13100","13100","13100","40034780","40034780","40034780","1"
"40034780_BD","HIT NS REF FRESH 45HR 35ML","63","PC","144","CT","12249","13100","13100","13100","13100","13100","40034780","40034780","40034780","1"
"40034781","HIT NS REF FLORAL 45HR 35ML","63","PC","144","CT","12249","13100","13100","13100","13100","13100","40034781","40034781","40034781","1"
"40034781_BD","HIT NS REF FLORAL 45HR 35ML","63","PC","144","CT","12249","13100","13100","13100","13100","13100","40034781","40034781","40034781","1"
"40034802","SANITER PERS.WIPES FREE SOAP ECLEAN70GR","63","PC","24","CT","10678","11420","11420","11420","11420","11420","40034802","40034802","40034802","1"
"40034802_BD","SANITER PERS.WIPES FREE SOAP ECLEAN70GR","63","PC","24","CT","10678","11420","11420","11420","11420","11420","40034802","40034802","40034802","1"
"40034803","SANITER ALL SURFACE450ML FREE E.CLEAN70G","63","PC","12","CT","13408","14340","14340","14340","14340","14340","40034803","40034803","40034803","1"
"40034803_BD","SANITER ALL SURFACE450ML FREE E.CLEAN70G","63","PC","12","CT","13408","14340","14340","14340","14340","14340","40034803","40034803","40034803","1"
"40034830_BD","HIT AER EXPERT SWEET FLOWER 200ML NF","63","PC","12","CT","11625","12500","12500","12500","12500","12500","40034830","40034830","40034830","1"
"40034831_BD","HIT AER EXPERT CITRUS 200ML NF","63","PC","12","CT","11625","12500","12500","12500","12500","12500","40034831","40034831","40034831","1"
"40034832_BD","HIT AER EXPERT BLOOMING TEA 200ML NF","63","PC","12","CT","11625","12500","12500","12500","12500","12500","40034832","40034832","40034832","1"
"40034837","HIT NON STOP EKO ND - SET FRESH","63","PC","24","CT","14867","15900","15900","15900","15900","15900","40034837","40034837","40034837","1"
"40034837_BD","HIT NON STOP EKO ND - SET FRESH","63","PC","24","CT","14867","15900","15900","15900","15900","15900","40034837","40034837","40034837","1"
"40034855_BD","HIT AER EXPERT SWEET FLOWER 415+35ML NF","63","PC","12","CT","19902","21400","21400","21400","21400","21400","40034855","40034855","40034855","1"
"40034856_BD","HIT AER EXPERT CITRUS 415+35ML NF","63","PC","12","CT","19902","21400","21400","21400","21400","21400","40034856","40034856","40034856","1"
"40034857_BD","HIT AER EXPERT BLOOMING TEA 415+35ML NF","63","PC","12","CT","19902","21400","21400","21400","21400","21400","40034857","40034857","40034857","1"
"40034858_BD","HIT AER EXPERT PINK BLOSSOM 415+35ML NF","63","PC","12","CT","20009","21400","21400","21400","21400","21400","40034858","40034858","40034858","1"
"40034859_BD","HIT AER EXPERT CITRUS 600+75ML NF","63","PC","12","CT","26461","28300","28300","28300","28300","28300","40034859","40034859","40034859","1"
"40034860_BD","HIT AER EXPERT BLOOMING TEA 600+75ML NF","63","PC","12","CT","26319","28300","28300","28300","28300","28300","40034860","40034860","40034860","1"
"40034861_BD","HIT AER EXPERT PINK BLOSSOM 600+75ML NF","63","PC","12","CT","26460.5","28300","28300","28300","28300","28300","40034861","40034861","40034861","1"
"40034862_BD","HIT AER EXPERT CITRUS MTP 600+75ML NF","63","PC","6","CT","54591","58700","58700","58700","58700","58700","40034862","40034862","40034862","1"
"40034863_BD","HIT AER EXPERT S.FLOWER MTP 600+75ML NF","63","PC","6","CT","54591","58700","58700","58700","58700","58700","40034863","40034863","40034863","1"
"40034894","STELLA MIST DIFF LG SET","63","PC","6","CT","140718","150500","150500","150500","150500","150500","40034894","","40034894","1"
"40034915_BD","HIT ONE P.EXPERT ORANGE 10ML ND B1G1","63","PC","48","CT","19065","20500","20500","20500","20500","20500","40034915","40034915","40034915","1"
"40034916_BD","HIT ONE P.EXPERT GREEN TEA 10ML ND B1G1","63","PC","48","CT","19065","20500","20500","20500","20500","20500","40034916","40034916","40034916","1"
"40034917","STELLA MIST DIFF LG REFF","63","PC","12","CT","35437","37900","37900","37900","37900","37900","40034917","","40034917","1"
"40034921_BD","HIT AER EXPERT SWEET FLOWER 600+75ML NF","63","PC","12","CT","26461","28300","28300","28300","28300","28300","40034921","40034921","40034921","1"
"40035116_BD","HIT AER LILY BLOSSOM 200ML MULTIPACK 5+1","63","PC","2","CT","62365","66700","66700","66700","66700","66700","40035116","40035116","40035116","1"
"40035117_BD","HIT AER LILYBLOSSOM 600+75ML MULTIPK 5+1","63","PC","2","CT","160797","172900","172900","172900","172900","172900","40035117","40035117","40035117","1"
"40035417","LEM TIKUS GLUE TRAP CAP GAJAH 60GR","63","PC","72","CT","10538","11270.33","11270.33","11270.33","11270.33","11270.33","40035417","","40035417","1"
"40035417_BD","LEM TIKUS GLUE TRAP CAP GAJAH 60GR","63","PC","72","CT","10538","11270.33","11270.33","11270.33","11270.33","11270.33","40035417","","40035417_BD","1"
"40035474","SANITER PERSONAL WIPES SNTZR 50S FREE20","63","PC","24","CT","10678","11420","11420","11420","11420","11420","40035474","40035474","40035474","1"
"40035474_BD","SANITER PERSONAL WIPES SNTZR 50S FREE20","63","PC","24","CT","10678","11420","11420","11420","11420","11420","40035474","40035474","40035474","1"
"40035475","SANITER HANDWASH RFL PCH 400ML FREE200ML","63","PC","12","CT","11426","12220","12220","12220","12220","12220","40035475","40035475","40035475","1"
"40035475_BD","SANITER HANDWASH RFL PCH 400ML FREE200ML","63","PC","12","CT","11426","12220","12220","12220","12220","12220","40035475","40035475","40035475","1"
"40035625","HIT MAT CLASSIC 4S PROMO 12+1 ","63","PC","864","CT","673","720","720","720","720","720","40035625","40035625","40035625","1"
"40035625_BD","HIT MAT CLASSIC 4S PROMO 12+1 ","63","PC","864","CT","673","720","720","720","720","720","40035625","40035625","40035625","1"
"40035626","HIT MAT GREEN TEA 4S PROMO 12+1","63","PC","864","CT","673","720","720","720","720","720","40035626","40035626","40035626","1"
"40035626_BD","HIT MAT GREEN TEA 4S PROMO 12+1","63","PC","864","CT","673","720","720","720","720","720","40035626","40035626","40035626","1"
"40035627","HIT M Expert 10JAM C.LILY 4S+1s","63","PC","120","CT","1590","1700","1700","1700","1700","1700","40035627","40035627","40035627","1"
"40035627_BD","HIT M Expert 10JAM C.LILY 4S+1s","63","PC","120","CT","1590","1700","1700","1700","1700","1700","40035627","40035627","40035627","1"
"40035628","HIT M EXPERT 10JAM F.BLOSSOM 4S+1S","63","PC","120","CT","1590","1700","1700","1700","1700","1700","40035628","40035628","40035628","1"
"40035628_BD","HIT M EXPERT 10JAM F.BLOSSOM 4S+1S","63","PC","120","CT","1590","1700","1700","1700","1700","1700","40035628","40035628","40035628","1"
"40035629","POLYTEX STAINLESS 12,5G PAPAN PROMO 12+1","63","PC","72","CT","1877.95","2009","2009","2009","2009","2009","40035629","40035629","40035629","1"
"40035629_BD","POLYTEX STAINLESS 12,5G PAPAN PROMO 12+1","63","PC","72","CT","1877.95","2009","2009","2009","2009","1750","40035629","40035629","40035629","1"
"40035630_BD","BIOSOL SACHET 20 ML+5 ML PROMO 12+1","63","PC","144","CT","316.2","340","340","340","340","340","40035630","40035630","40035630","1"
"40035631","PROCLIN BLEACH SACHET 25ML","63","PC","144","CT","318","340","340","340","340","340","40035631","40035631","40035631","1"
"40035631_BD","PROCLIN BLEACH SACHET 25ML","63","PC","144","CT","318","340","340","340","340","340","40035631","40035631","40035631","1"
"40035632","PROCLIN BLEACH JERIGEN 3.5 L","63","PC","4","CT","51365","54935","54935","54935","54935","54935","40035632","40035632","40035632","1"
"40035632_BD","PROCLIN BLEACH JERIGEN 3.5 L","63","PC","4","CT","44866","47985","47985","47985","47985","47985","40035632","40035632","40035632","1"
"40035894_BD","HIT AER LILY BLOSSOM 180ML","63","PC","12","CT","8424","9010","9010","9010","9010","9010","40035894","40035894","40035894","1"
"40035898_BD","NYU HENNA SHAMPOO HC BURGUNDY","63","PC","72","CT","7901","8450","8450","7500","7500","8450","40035898","40035898","40035898","1"
"40035899_BD","NYU HENNA SHAMPOO HC NATURAL BLACK","63","PC","72","CT","7901","8450","8450","8450","8450","8450","40035899","40035899","40035899","1"
"40035900_BD","NYU HENNA SHAMPOO HC NATURAL BROWN","63","PC","72","CT","7901","8450","8450","7500","8450","8450","40035900","40035900","40035900","1"
"40035925_BD","HIT AER ORANGE 180ML","63","PC","12","CT","8424","9010","9010","9010","9010","9010","40035925","40035925","40035925","1"
"40035995","MITU BABY PAKET OVAL NEW","63","PC","12","CT","46339","49560","49560","49560","49560","49560","40035995","40035995","40035995","1"
"40035995_BD","MITU BABY PAKET OVAL NEW","63","PC","12","CT","44132","47200","47200","47200","47200","47200","40035995","40035995","40035995","1"
"40036201","STELLA REGULAR MATIC FESTIVE 2022","63","PC","12","CT","56399.2","60320","60320","60320","60320","60320","40036201","40036201","40036201","1"
"40036201_BD","STELLA REGULAR MATIC FESTIVE 2022","63","PC","12","CT","50733","54260","54260","54260","54260","54260","40036201","40036201","40036201","1"
"40036247","HIT GOODKNIGHT XPRESS SET","63","PC","24","CT","14493","15500","15500","15500","15500","15500","40036247","40036247","40036247","1"
"40036247_BD","HIT GOODKNIGHT XPRESS SET","63","PC","24","CT","14493","15500","15500","15500","15500","15500","40036247","40036247","40036247","1"
"40036248","HIT GOODKNIGHT XPRESS REF APPLE","63","PC","144","CT","12249","13100","13100","13100","13100","13100","40036248","40036248","40036248","1"
"40036248_BD","HIT GOODKNIGHT XPRESS REF APPLE","63","PC","144","CT","12249","13100","13100","13100","13100","13100","40036248","40036248","40036248","1"
"40036249","HIT GOODKNIGHT XPRESS REF FRESH","63","PC","144","CT","12249","13100","13100","13100","13100","13100","40036249","40036249","40036249","1"
"40036249_BD","HIT GOODKNIGHT XPRESS REF FRESH","63","PC","144","CT","12249","13100","13100","13100","13100","13100","40036249","40036249","40036249","1"
"40036707","HIT GOODKNIGHT NON-STOP SET + REF FRESH","63","PC","24","CT","14867","15900","15900","15900","15900","15900","40036707","40036707","40036707","1"
"40036707_BD","HIT GOODKNIGHT NON-STOP SET + REF FRESH","63","PC","24","CT","14867","15900","15900","15900","15900","15900","40036707","40036707","40036707","1"
"40036708","HIT GOODKNIGHT NON-STOP REF CLASSIC","63","PC","144","CT","12249","13100","13100","13100","13100","13100","40036708","40036708","40036708","1"
"40036708_BD","HIT GOODKNIGHT NON-STOP REF CLASSIC","63","PC","144","CT","12249","13100","13100","13100","13100","13100","40036708","40036708","40036708","1"
"40036709","HIT GOODKNIGHT NON-STOP REF  FRESH","63","PC","144","CT","12249","13100","13100","13100","13100","13100","40036709","40036709","40036709","1"
"40036709_BD","HIT GOODKNIGHT NON-STOP REF  FRESH","63","PC","144","CT","12249","13100","13100","13100","13100","13100","40036709","40036709","40036709","1"
"40036710_BD","HIT GOODKNIGHT NON-STOP REF  FLORAL","63","PC","144","CT","10323","11100","11100","11100","11100","11100","40036710","40036710","40036710","1"
"40037720","NYU CREME HC SACHET NATURAL BLACK 20GR","63","PC","144","CT","5077.05","5430","5430","5430","5430","5078","40037720","","40037720","1"
"40037720_BD","NYU CREME HC SACHET NATURAL BLACK 20GR","63","PC","144","CT","4748","5078","5078","5078","5078","5078","40037720","","40037720_BD","1"
"40037721","NYU CREME HC SACHET NATURAL BROWN 20GR","63","PC","144","CT","5077.05","5430","5430","5430","5430","5078","40037721","","40037721","1"
"40037721_BD","NYU CREME HC SACHET NATURAL BROWN 20GR","63","PC","144","CT","4748","5078","5078","5078","5078","5078","40037721","","40037721_BD","1"
"40037980_BD","HIT AER EXPERT CITRUS 600ML","63","PC","12","CT","27816","29750","29750","29750","29750","29750","40037980","","40037980_BD","1"
"40037981_BD","HIT AER GREEN FOREST 600ML NF","63","PC","12","CT","26319","28300","28300","28300","28300","28300","40037981","","40037981_BD","1"
"40037982_BD","HIT AER EXPERT PINK BLOSSOM 600ML","63","PC","12","CT","27816","29750","29750","29750","29750","29750","40037982","","40037982_BD","1"
"40037983_BD","HIT AER EXPERT SWEET FLOWER 400+25ML","63","PC","12","CT","19902","21400","21400","21400","21400","21400","40037983","","40037983_BD","1"
"40037984_BD","HIT AER EXPERT SWEET FLOWER 600ML","63","PC","12","CT","26319","28300","28300","28300","28300","28300","40037984","","40037984_BD","1"
"40038009_BD","HIT AER LILY BLOSSOM 180ML NF","63","PC","12","CT","8424","9010","9010","9010","9010","9010","40038009","","40038009_BD","1"
"40038010_BD","HIT AER LILY BLOSSOM 200ML NF","63","PC","12","CT","12903","13800","13800","13800","13800","13800","40038010","","40038010_BD","1"
"40038011_BD","HIT AER LILY BLOSSOM 400+25ML NF","63","PC","12","CT","21505","23000","23000","23000","23000","23000","40038011","","40038011_BD","1"
"40038012_BD","HIT AER LILY BLOSSOM 600ML NF","63","PC","12","CT","26319","28300","28300","28300","28300","28300","40038012","","40038012_BD","1"
"40038014_BD","HIT AER ORANGE 200ML NF","63","PC","12","CT","12903","13800","13800","13800","13800","13800","40038014","","40038014_BD","1"
"40038015_BD","HIT AER ORANGE 400+25ML NF","63","PC","12","CT","21505","23000","23000","23000","23000","23000","40038015","","40038015_BD","1"
"40038016_BD","HIT AER ORANGE 600ML NF","63","PC","12","CT","28564","30550","30550","30550","30550","30550","40038016","","40038016_BD","1"
"40038278","MITU BABY WIPES F&C BLOOMING CHERRY 30'S","63","PC","72","CT","3366","3600","3600","3600","3600","3600","40038278","","40038278","1"
"40038278_BD","MITU BABY WIPES F&C BLOOMING CHERRY 30'S","63","PC","72","CT","3366","3600","3600","3600","3600","3600","40038278","","40038278_BD","1"
"40039096","MITU BW F&C BLOOMING CHERRY 30S","63","PC","72","CT","3366","3600","3600","3600","3600","3600","40039096","","40039096","1"
"40039096_BD","MITU BW F&C BLOOMING CHERRY 30S","63","PC","72","CT","3366","3600","3600","3600","3600","3600","40039096","","40039096_BD","1"
"40039248","LEM TIKUS TRAP CAP GAJAH","63","PC","72","CT","11033","11800","11800","11800","11800","11800","40039248","","40039248","1"
"40039248_BD","LEM TIKUS TRAP CAP GAJAH","63","PC","72","CT","11033","11800","11800","11800","11800","11800","40039248","","40039248_BD","1"
"40039256_BD","MITU F&C 30S RENCENG","63","PC","72","CT","3366","3600","3600","3600","3600","3600","40039256","","40039256_BD","1"
"40039274","HIT AER LILY BLOSSOM 600ML","63","PC","12","CT","27115","29000","29000","29000","29000","29000","40039274","","40039274","1"
"40039274_BD","HIT AER LILY BLOSSOM 600ML","63","PC","12","CT","28564","30550","30550","30550","30550","31300","40039274","","40039274_BD","1"
"40039285","HIT AER ORANGE 600ML","63","PC","12","CT","27115","29000","29000","29000","29000","31300","40039285","","40039285","1"
"40039285_BD","HIT AER ORANGE 600ML","63","PC","12","CT","28564","30550","30550","30550","30550","30550","40039285","","40039285_BD","1"
"40039286","HIT AER FRESH CITRUS 600ML","63","PC","12","CT","27115","29000","29000","29000","29000","31300","40039286","","40039286","1"
"40039286_BD","HIT AER FRESH CITRUS 600ML","63","PC","12","CT","28564","30550","30550","30550","30550","31300","40039286","","40039286_BD","1"
"40039287","HIT AER PINK BLOSSOM 600ML","63","PC","12","CT","27115","29000","29000","29000","29000","31300","40039287","","40039287","1"
"40039287_BD","HIT AER PINK BLOSSOM 600ML","63","PC","12","CT","28564","30550","30550","30550","30550","31300","40039287","","40039287_BD","1"
"40039288","HIT AER LILY BLOSSOM 400ML","63","PC","12","CT","20429.75","21850","21850","21850","21850","23750","40039288","","40039288","1"
"40039288_BD","HIT AER LILY BLOSSOM 400ML","63","PC","12","CT","21505","23000","23000","23000","23000","23000","40039288","","40039288_BD","1"
"40039289","HIT AER ORANGE 400ML","63","PC","12","CT","20429.75","21850","21850","21850","21850","21850","40039289","","40039289","1"
"40039289_BD","HIT AER ORANGE 400ML","63","PC","12","CT","21505","23000","23000","23000","23000","23000","40039289","","40039289_BD","1"
"40039290","HIT AER FRESH CITRUS 400ML","63","PC","12","CT","20429.75","21850","21850","21850","21850","21850","40039290","","40039290","1"
"40039290_BD","HIT AER FRESH CITRUS 400ML","63","PC","12","CT","21505","23000","23000","23000","23000","23000","40039290","","40039290_BD","1"
"40039291","HIT AER PINK BLOSSOM 400ML","63","PC","12","CT","20429.75","21850","21850","21850","21850","21850","40039291","","40039291","1"
"40039291_BD","HIT AER PINK BLOSSOM 400ML","63","PC","12","CT","20429.75","21850","21850","21850","21850","21850","40039291","","40039291_BD","1"
"40039292_BD","HIT AER LILY BLOSSOM 200ML","63","PC","12","CT","12903","13800","13800","13800","13800","13800","40039292","","40039292_BD","1"
"40039293_BD","HIT AER ORANGE 200ML","63","PC","12","CT","12903","13800","13800","13800","13800","13800","40039293","","40039293_BD","1"
"40039294_BD","HIT AER LILY BLOSSOM 165ML","63","PC","12","CT","8424","9010","9010","9010","9010","9010","40039294","","40039294_BD","1"
"40039295_BD","HIT AER ORANGE 165ML","63","PC","12","CT","8424","9010","9010","9010","9010","9010","40039295","","40039295_BD","1"
"40039308","POLYTEX K SAMPAH M 60x80","63","PC","24","CT","12772","13660","13660","13660","13660","13660","40039308","","40039308","1"
"40039308_BD","POLYTEX K SAMPAH M 60x80","63","PC","24","CT","12519.65","13390","13390","13390","13390","13390","40039308","","40039308_BD","1"
"40039309","POLYTEX K SAMPAH L 80x100","63","PC","24","CT","16503","17650","17650","17650","17650","17650","40039309","","40039309","1"
"40039309_BD","POLYTEX K SAMPAH L 80x100","63","PC","24","CT","15708","16800","16800","16800","16800","16800","40039309","","40039309_BD","1"
"40039310","POLYTEX K SAMPAH XL 100x120","63","PC","24","CT","16503","17650","17650","17650","17650","17650","40039310","","40039310","1"
"40039310_BD","POLYTEX K SAMPAH XL 100x120","63","PC","24","CT","15708","16800","16800","16800","16800","16800","40039310","","40039310_BD","1"
"40039316_BD","HIT AER JAPANESE SAKURA 200ML","63","PC","12","CT","12903","13800","13800","13800","13800","13800","40039316","","40039316_BD","1"
"40039317","HIT AER JAPANESE SAKURA 400ML","63","PC","12","CT","20429.75","21850","21850","21850","21850","21850","40039317","","40039317","1"
"40039317_BD","HIT AER JAPANESE SAKURA 400ML","63","PC","12","CT","21505","23000","23000","23000","23000","23000","40039317","","40039317_BD","1"
"40039318","HIT AER JAPANESE SAKURA 600ML","63","PC","12","CT","27115","29000","29000","29000","29000","29000","40039318","","40039318","1"
"40039318_BD","HIT AER JAPANESE SAKURA 600ML","63","PC","12","CT","27115","29000","29000","29000","29000","29000","40039318","","40039318_BD","1"
"40039437","STELLA MATIC MIX SET CP FOC 2STE 12 POCKET","63","PC","12","CT","56399.2","60320","60320","60320","60320","60320","40039437","","40039437","1"
"40039440_BD","HIT AER LILY BLOSSOM 600ML SN","63","PC","12","CT","28412","30550","30550","30550","30550","30550","40039440","","40039440_BD","1"
"40039441_BD","HIT AER ORANGE 600ML SN","63","PC","12","CT","28564","30550","30550","30550","30550","30550","40039441","","40039441_BD","1"
"40039443_BD","HIT AER PINK BLOSSOM 600ML SN","63","PC","12","CT","28564","30550","30550","30550","30550","30550","40039443","","40039443_BD","1"
"40039465_BD","HIT AER LILY BLOSSOM 400ML SN   ","63","PC","12","CT","21505","23000","23000","23000","23000","23000","40039465","","40039465_BD","1"
"40039466","HIT AER ORANGE 400ML SN","63","PC","12","CT","20429.75","21850","21850","21850","21850","21850","40039466","","40039466","1"
"40039466_BD","HIT AER ORANGE 400ML SN","63","PC","12","CT","21505","23000","23000","23000","23000","23000","40039466","","40039466_BD","1"
"40039467_BD","HIT AER FRESH CITRUS 400ML SN  ","63","PC","12","CT","21505","23000","23000","23000","23000","23000","40039467","","40039467_BD","1"
"40039468 _BD","HIT AER PINK BLOSSOM 400ML SN","63","PC","12","CT","0","0","0","0","0","0","40039468","","40039468 _BD","1"
"40039468_BD","HIT AER PINK BLOSSOM 400ML SN","63","PC","12","CT","21505","23000","23000","23000","23000","23000","40039468","","40039468_BD","1"
"40039470_BD","HIT AER LILY BLOSSOM 200ML SN   ","63","PC","12","CT","12903","13800","13800","13800","13800","13800","40039470","","40039470_BD","1"
"40039471_BD","HIT AER ORANGE 200ML SN","63","PC","12","CT","12903","13800","13800","13800","13800","13800","40039471","","40039471_BD","1"
"40039472_BD","HIT AER JAPANESE SAKURA 200ML SN   ","63","PC","12","CT","12903","13800","13800","13800","13800","13800","40039472","","40039472_BD","1"
"40041771","PROCLIN PENGHILANG NODA 400ML SPOUT","63","PC","12","CT","17344","18550","18550","18550","18550","18550","40041771","","40041771","1"
"40041771_BD","PROCLIN PENGHILANG NODA 400ML SPOUT","63","PC","12","CT","17344","18550","18550","18550","18550","18550","40041771","","40041771_BD","1"
"40042087","STELLA ELECTRIC DEVICE SET CP","63","PC","24","CT","22066","23600","23600","23600","23600","23600","40042087","","40042087","1"
"40042087_BD","STELLA ELECTRIC DEVICE SET CP","63","PC","24","CT","22066","23600","23600","23600","23600","23600","40042087","","40042087_BD","1"
"40042095","STELLA ELEC REF LAVENDER BLOOM 25ML SP","63","PC","144","CT","12716","13600","13600","13600","13600","13600","40042095","","40042095","1"
"40042095_BD","STELLA ELEC REF LAVENDER BLOOM 25ML SP","63","PC","144","CT","12716","13600","13600","13600","13600","13600","40042095","","40042095_BD","1"
"40042096","STELLA ELEC REF JASMINE BREEZE 25ML SP","63","PC","144","CT","12716","13600","13600","13600","13600","13600","40042096","","40042096","1"
"40042096_BD","STELLA ELEC REF JASMINE BREEZE 25ML SP","63","PC","144","CT","12716","13600","13600","13600","13600","13600","40042096","","40042096_BD","1"
"40042167","PROCLIN PENGHILANG NODA PLUS SCH 25ML ND","63","PC","144","CT","673","720","720","720","720","720","40042167","","40042167","1"
"40042167_BD","PROCLIN PENGHILANG NODA PLUS SCH 25ML ND","63","PC","144","CT","673","720","720","720","720","720","40042167","","40042167_BD","1"
"40042168","PROCLIN PENGHILANG NODA PLUS PCH 150ML ND","63","PC","24","CT","7433","7950","7950","7950","7950","7950","40042168","","40042168","1"
"40042168_BD","PROCLIN PENGHILANG NODA PLUS PCH 150ML ND","63","PC","24","CT","7433","7950","7950","7950","7950","7950","40042168","","40042168_BD","1"
"40042169","PROCLIN PENGHILANG NODA PLUS PC 800ML ND","63","PC","12","CT","30014","32100","32100","32100","32100","32100","40042169","","40042169","1"
"40042169_BD","PROCLIN PENGHILANG NODA PLUS PC 800ML ND","63","PC","12","CT","30014","32100","32100","32100","32100","32100","40042169","","40042169_BD","1"
"40042844","SHOCK ANTI SUMBAT 350GR","63","PC","24","CT","27489","29400","29400","29400","29400","29400","40042844","","40042844","1"
"40042844_BD","SHOCK ANTI SUMBAT 350GR","63","PC","24","CT","27489","29400","29400","29400","29400","29400","40042844","","40042844_BD","1"
"40043130","HIT AEROSOL PINK BLOSSOM 150ML","63","PC","12","CT","8424","9009.9","9009.9","9009.9","9009.9","9009.9","40043130","","40043130","1"
"40043130_BD","HIT AEROSOL PINK BLOSSOM 150ML","63","PC","12","CT","8424","9009.9","9009.9","9009.9","9009.9","9009.9","40043130","","40043130_BD","1"
"40043133_BD","HIT AEROSOL LILY BLOSSOM 150ML","63","PC","12","CT","8379.12","9009.9","9009.9","9009.9","9009.9","9009.9","40043133","","40043133_BD","1"
"40043134_BD","HIT AER ORANGE 150ML","63","PC","12","CT","8424","9009.9","9009.9","9009.9","9009.9","9009.9","40043134","","40043134_BD","1"
"40043449","STELLA AER ORANGE 140ML RJV","63","PC","12","CT","8509","9100","9100","9100","9100","9100","40043449","","40043449","1"
"40043449_BD","STELLA AER ORANGE 140ML RJV","63","PC","12","CT","8509","9100","9100","9100","9100","9100","40043449","","40043449_BD","1"
"40043450","STELLA AER W.VERBENA 400ML RJV","63","PC","12","CT","20383","21800","21800","21800","21800","21800","40043450","","40043450","1"
"40043450_BD","STELLA AER W.VERBENA 400ML RJV","63","PC","12","CT","20383","21800","21800","21800","21800","21800","40043450","","40043450_BD","1"
"40043451","STELLA AER R.KENANGA 400ML RJV","63","PC","12","CT","20383","21800","21800","21800","21800","21800","40043451","","40043451","1"
"40043451_BD","STELLA AER R.KENANGA 400ML RJV","63","PC","12","CT","20383","21800","21800","21800","21800","21800","40043451","","40043451_BD","1"
"40043452","STELLA AER JAPANESE SAKURA 400ML RJV","63","PC","12","CT","20383","21800","21800","21800","21800","21800","40043452","","40043452","1"
"40043452_BD","STELLA AER JAPANESE SAKURA 400ML RJV","63","PC","12","CT","20383","21800","21800","21800","21800","21800","40043452","","40043452_BD","1"
"40043453","STELLA AER S LAVENDER 400ML RJV","63","PC","12","CT","20383","21800","21800","21800","21800","21800","40043453","","40043453","1"
"40043453_BD","STELLA AER S LAVENDER 400ML RJV","63","PC","12","CT","20383","21800","21800","21800","21800","21800","40043453","","40043453_BD","1"
"40043454","STELLA AER CAFFE LATTE 400ML RJV","63","PC","12","CT","20383","21800","21800","21800","21800","21800","40043454","","40043454","1"
"40043454_BD","STELLA AER CAFFE LATTE 400ML RJV","63","PC","12","CT","20383","21800","21800","21800","21800","21800","40043454","","40043454_BD","1"
"40043463","STELLA AER LEMON 400ML RJV","63","PC","12","CT","20383","21800","21800","21800","21800","21800","40043463","","40043463","1"
"40043463_BD","STELLA AER LEMON 400ML RJV","63","PC","12","CT","20383","21800","21800","21800","21800","21800","40043463","","40043463_BD","1"
"40043464","STELLA AER APPLE 400ML RJV","63","PC","12","CT","20383","21800","21800","21800","21800","21800","40043464","","40043464","1"
"40043464_BD","STELLA AER APPLE 400ML RJV","63","PC","12","CT","20383","21800","21800","21800","21800","21800","40043464","","40043464_BD","1"
"40043465","STELLA AER ORANGE 400ML RJV","63","PC","12","CT","20383","21800","21800","21800","21800","21800","40043465","","40043465","1"
"40043465_BD","STELLA AER ORANGE 400ML RJV","63","PC","12","CT","20383","21800","21800","21800","21800","21800","40043465","","40043465_BD","1"
"40043466","STELLA AER ORANGE 2X400ML MTP RJV","63","PC","6","CT","38616","41300","41300","41300","41300","41300","40043466","","40043466","1"
"40043466_BD","STELLA AER ORANGE 2X400ML MTP RJV","63","PC","6","CT","38616","41300","41300","41300","41300","41300","40043466","","40043466_BD","1"
"40043467","STELLA AER APPLE 2X400ML MTP RJV","63","PC","6","CT","38616","41300","41300","41300","41300","41300","40043467","","40043467","1"
"40043467_BD","STELLA AER APPLE 2X400ML MTP RJV","63","PC","6","CT","38616","41300","41300","41300","41300","41300","40043467","","40043467_BD","1"
"40043469","STELLA AER ORANGE 200ML RJV","63","PC","12","CT","14025","15000","15000","15000","15000","15000","40043469","","40043469","1"
"40043469_BD","STELLA AER ORANGE 200ML RJV","63","PC","12","CT","14025","15000","15000","15000","15000","15000","40043469","","40043469_BD","1"
"40043470","STELLA AER APPLE 200ML RJV","63","PC","12","CT","14025","15000","15000","15000","15000","15000","40043470","","40043470","1"
"40043470_BD","STELLA AER APPLE 200ML RJV","63","PC","12","CT","14025","15000","15000","15000","15000","15000","40043470","","40043470_BD","1"
"40043471","STELLA AER LEMON 200ML RJV","63","PC","12","CT","14025","15000","15000","15000","15000","15000","40043471","","40043471","1"
"40043471_BD","STELLA AER LEMON 200ML RJV","63","PC","12","CT","14025","15000","15000","15000","15000","15000","40043471","","40043471_BD","1"
"40043472","STELLA AER JAPANESE SAKURA 200ML RJV","63","PC","12","CT","14025","15000","15000","15000","15000","15000","40043472","","40043472","1"
"40043472_BD","STELLA AER JAPANESE SAKURA 200ML RJV","63","PC","12","CT","14025","15000","15000","15000","15000","15000","40043472","","40043472_BD","1"
"40043482","STELLA POCKET BATHROOM PURPLE RJV","63","PC","72","CT","6498.25","6950","6950","6950","6950","6950","40043482","","40043482","1"
"40043482_BD","STELLA POCKET BATHROOM PURPLE RJV","63","PC","72","CT","6124","6550","6550","6550","6550","6550","40043482","","40043482_BD","1"
"40043483","STELLA POCKET BATHROOM ORANGE RJV","63","PC","72","CT","6498.25","6950","6950","6950","6950","6950","40043483","","40043483","1"
"40043483_BD","STELLA POCKET BATHROOM ORANGE RJV","63","PC","72","CT","6498.25","6950","6950","6950","6950","6950","40043483","","40043483_BD","1"
"40043484","STELLA POCKET BATHROOM BLUE RJV","63","PC","72","CT","6498.25","6950","6950","6950","6950","6950","40043484","","40043484","1"
"40043484_BD","STELLA POCKET BATHROOM BLUE RJV","63","PC","72","CT","5844","6250","6250","6250","6250","6250","40043484","","40043484_BD","1"
"40043488","STELLA AIO ORANGE 42+13GR(3+1) MTP RJV","63","PC","18","CT","31416","33600","33600","33600","33600","33600","40043488","","40043488","1"
"40043488_BD","STELLA AIO ORANGE 42+13GR(3+1) MTP RJV","63","PC","18","CT","31416","33600","33600","31900","31900","33600","40043488","","40043488_BD","1"
"40043489","STELLA AIO LEMON 42+13GR(3+1)MTP RJV","63","PC","18","CT","31416","33600","33600","33600","33600","33600","40043489","","40043489","1"
"40043489_BD","STELLA AIO LEMON 42+13GR(3+1)MTP RJV","63","PC","18","CT","31416","33600","33600","33600","33600","33600","40043489","","40043489_BD","1"
"40043490","STELLA AIO C LATTE 42+13GR(3+1) MTP RJV","63","PC","18","CT","31416","33600","33600","33600","33600","33600","40043490","","40043490","1"
"40043490_BD","STELLA AIO C LATTE 42+13GR(3+1)MTP RJV","63","PC","18","CT","31416","33600","33600","33600","33600","33600","40043490","","40043490_BD","1"
"40043491","STELLA AIO LAVENDER 42+13GR(3+1)MTP RJV","63","PC","18","CT","31416","33600","33600","33600","33600","33600","40043491","","40043491","1"
"40043491_BD","STELLA AIO LAVENDER 42+13GR(3+1)MTP RJV","63","PC","18","CT","31416","33600","33600","33600","33600","33600","40043491","","40043491_BD","1"
"40043492","STELLA MTC REF GREEN FANTASY 225ML RJV","63","PC","12","CT","26461","28300","28300","28300","28300","28300","40043492","","40043492","1"
"40043492_BD","STELLA MTC REF GREEN FANTASY 225ML RJV","63","PC","12","CT","26461","28300","28300","28300","28300","28300","40043492","","40043492_BD","1"
"40043494","STELLA MTC REF APPLE FIESTA 225ML RJV","63","PC","12","CT","26461","28300","28300","28300","28300","28300","40043494","","40043494","1"
"40043494_BD","STELLA MTC REF APPLE FIESTA 225ML RJV","63","PC","12","CT","26461","28300","28300","28300","28300","28300","40043494","","40043494_BD","1"
"40043505","STELLA POCKET BATHROOM GREEN RJV","63","PC","72","CT","6498.25","6950","6950","6950","6950","6950","40043505","","40043505","1"
"40043505_BD","STELLA POCKET BATHROOM GREEN RJV","63","PC","72","CT","6498.25","6950","6950","6950","6950","6950","40043505","","40043505_BD","1"
"40043506","STELLA AIO LEMON 42+13GR RJV","63","PC","72","CT","8322","8900","8900","8900","8900","8900","40043506","","40043506","1"
"40043506_BD","STELLA AIO LEMON 42+13GR RJV","63","PC","72","CT","8322","8900","8900","8900","8900","8900","40043506","","40043506_BD","1"
"40043507","STELLA AIO ORANGE 42+13GR RJV","63","PC","72","CT","8322","8900","8900","8900","8900","8900","40043507","","40043507","1"
"40043507_BD","STELLA AIO ORANGE 42+13GR RJV","63","PC","72","CT","8322","8900","8900","8900","8900","8900","40043507","","40043507_BD","1"
"40043508","STELLA AIO APPLE 42+13GR RJV","63","PC","72","CT","8322","8900","8900","8900","8900","8900","40043508","","40043508","1"
"40043508_BD","STELLA AIO APPLE 42+13GR RJV","63","PC","72","CT","8322","8900","8900","8900","8900","8900","40043508","","40043508_BD","1"
"40043509","STELLA AIO C.LATTE 42+13GR RJV","63","PC","72","CT","8322","8900","8900","8900","8900","8900","40043509","","40043509","1"
"40043509_BD","STELLA AIO C.LATTE 42+13GR RJV","63","PC","72","CT","8322","8900","8900","8900","8900","8900","40043509","","40043509_BD","1"
"40043510","STELLA AIO LAVENDER 42+13GR RJV","63","PC","72","CT","8322","8900","8900","8900","8900","8900","40043510","","40043510","1"
"40043510_BD","STELLA AIO LAVENDER 42+13GR RJV","63","PC","72","CT","8322","8900","8900","8900","8900","8900","40043510","","40043510_BD","1"
"40043512","STELLA MTC REF LEMON 225ML RJV","63","PC","12","CT","26461","28300","28300","28300","28300","28300","40043512","","40043512","1"
"40043512_BD","STELLA MTC REF LEMON 225ML RJV","63","PC","12","CT","26461","28300","28300","28300","28300","28300","40043512","","40043512_BD","1"
"40043513","STELLA MTC REF ORANGE 225ML RJV","63","PC","12","CT","26461","28300","28300","28300","28300","28300","40043513","","40043513","1"
"40043513_BD","STELLA MTC REF ORANGE 225ML RJV","63","PC","12","CT","26461","28300","28300","28300","28300","28300","40043513","","40043513_BD","1"
"40043515","STELLA MTC REF S.LAVENDER 225ML RJV","63","PC","12","CT","26461","28300","28300","28300","28300","28300","40043515","","40043515","1"
"40043515_BD","STELLA MTC REF S.LAVENDER 225ML RJV","63","PC","12","CT","26461","28300","28300","28300","28300","28300","40043515","","40043515_BD","1"
"40043516","STELLA MTC REF W VERBENA 225ML RJV","63","PC","12","CT","26461","28300","28300","28300","28300","28300","40043516","","40043516","1"
"40043517","STELLA MTC REF R KENANGA 225ML RJV","63","PC","12","CT","26461","28300","28300","28300","28300","28300","40043517","","40043517","1"
"40043517_BD","STELLA MTC REF R KENANGA 225ML RJV","63","PC","12","CT","26461","28300","28300","28300","28300","28300","40043517","","40043517_BD","1"
"40043518_BD","STELLA MTC REF J.SAKURA 225ML RJV","63","PC","12","CT","26461","28300","28300","28300","28300","28300","40043518","","40043518_BD","1"
"40043519_BD","STELLA MTC REF W.FLOWER 225ML+TTKAN RJKV","63","PC","12","CT","26461","28300","28300","28300","28300","28300","40043519","","40043519_BD","1"
"40043520","STELLA MTC REF APPLE 2X225ML MTP RJV","63","PC","6","CT","50023","53500","53500","53500","53500","53500","40043520","","40043520","1"
"40043522","STELLA MTC REF G.FANTASY 2X225ML MTP RJV","63","PC","6","CT","50023","53500","53500","53500","53500","53500","40043522","","40043522","1"
"40043523","STELLA MTC REF ORANGE 2X225ML MTP RJV","63","PC","6","CT","50023","53500","53500","53500","53500","53500","40043523","","40043523","1"
"40043525","STELLA MTC REF S.LAVENDER 2X225ML MTP RJV","63","PC","6","CT","50023","53500","53500","53500","53500","53500","40043525","","40043525","1"
"40043525_BD","STELLA MTC REF S.LAVENDER 2X225 MTP RJV","63","PC","6","CT","47592","50900","50900","50900","50900","50900","40043525","","40043525_BD","1"
"40043531","MITU BABY WIPES ANTISEPTIC BOGOF 45S","63","PC","24","CT","10668","11410","11410","11410","11410","11410","40043531","","40043531","1"
"40043531_BD","MITU BABY WIPES ANTISEPTIC BOGOF","63","PC","24","CT","10668","11410","11410","11410","11410","11410","40043531","","40043531_BD","1"
"40043544_BD","HIT AER PINK BLOSSOM 200ML","63","PC","12","CT","12903","13800","13800","13800","13800","13800","40043544","","40043544_BD","1"
"40043770","HIT AER LILY BLOSSOM 750ML.","63","PC","12","CT","35191.53","37638","37638","37638","37638","37638","40043770","","40043770","1"
"40043770_BD","HIT AER LILY BLOSSOM 750ML","63","PC","12","CT","35191.53","37638","37638","37638","37638","37638","40043770","","40043770_BD","1"
"40043771","HIT AER ORANGE 750ML","63","PC","12","CT","35191.53","37638","37638","37638","37638","37638","40043771","","40043771","1"
"40043771_BD","HIT AER ORANGE 750ML","63","PC","12","CT","35191.53","37638","37638","37638","37638","37638","40043771","","40043771_BD","1"
"40043776","HIT PIRAMIDA CLASSY LILY 4S","63","PC","120","CT","1590","1700","1700","1700","1700","1700","40043776","","40043776","1"
"40043776_BD","HIT PIRAMIDA CLASSY LILY 4S","63","PC","120","CT","1590","1700","1700","1700","1700","1700","40043776","","40043776_BD","1"
"40043777","HIT PIRAMIDA FLORAL BLOSSOM 4S","63","PC","120","CT","1590","1700","1700","1700","1700","1700","40043777","","40043777","1"
"40043777_BD","HIT PIRAMIDA FLORAL BLOSSOM 4S","63","PC","120","CT","1590","1700","1700","1700","1700","1700","40043777","","40043777_BD","1"
"40043778","HIT PIRAMIDA CLASSY LILY 10S","63","PC","36","CT","4002","4280","4280","4280","4280","4280","40043778","","40043778","1"
"40043778_BD","HIT PIRAMIDA CLASSY LILY 10S","63","PC","36","CT","3740","4000","4000","4000","4000","4000","40043778","","40043778_BD","1"
"40043779","HIT PIRAMIDA FLORAL BLOSSOM 10S","63","PC","36","CT","4002","4280","4280","4280","4280","4280","40043779","","40043779","1"
"40043779_BD","HIT PIRAMIDA FLORAL BLOSSOM 10S","63","PC","36","CT","3740","4000","4000","4000","4000","4000","40043779","","40043779_BD","1"
"40043780","HIT MAGIC FLORAL 4+2S.","63","PC","576","CT","673","720","720","720","720","720","40043780","","40043780","1"
"40043780_BD","HIT MAGIC FLORAL 4+2S.","63","PC","576","CT","673","720","720","720","720","720","40043780","","40043780_BD","1"
"40043781","HIT MAGIC FRESH 4+2S","63","PC","576","CT","673","720","720","720","720","720","40043781","","40043781","1"
"40043781_BD","HIT MAGIC FRESH 4+2S","63","PC","576","CT","673","720","720","720","720","720","40043781","","40043781_BD","1"
"40043783","HIT MAGIC FRESH 10S.","63","PC","144","CT","1851","1980","1980","1980","1980","1980","40043783","","40043783","1"
"40043783_BD","HIT MAGIC FRESH 10S.","63","PC","144","CT","1776.5","1900","1900","1900","1900","1900","40043783","","40043783_BD","1"
"40043784","HIT MAGIC LILY BLOSSOM 4+2S.","63","PC","576","CT","673.2","720","720","720","720","720","40043784","","40043784","1"
"40043784_BD","HIT MAGIC LILY BLOSSOM 4+2S.","63","PC","576","CT","673.2","720","720","720","720","720","40043784","","40043784_BD","1"
"40044129","HIT AEROSOL PINK BLOSSOM 150ML NP","63","PC","24","CT","8845","9460","9460","9460","9460","9460","40044129","","40044129","1"
"40044130","HIT AEROSOL LILY BLOSSOM 150ML NP","63","PC","24","CT","8845","9460","9460","9460","9460","9460","40044130","","40044130","1"
"40044130_BD","HIT AEROSOL LILY BLOSSOM 150ML NP","63","PC","24","CT","8845","9460","9460","9460","9460","9460","40044130","","40044130_BD","1"
"40044131","HIT AEROSOL ORANGE 150ML NP","63","PC","24","CT","8845","9460","9460","9460","9460","9460","40044131","","40044131","1"
"40044131_BD","HIT AEROSOL ORANGE 150ML NP","63","PC","24","CT","8845","9460","9460","9460","9460","9460","40044131","","40044131_BD","1"
"40044140","STELLA FUN & FRESH HAPPY DAY","63","PC","144","CT","7293","7800","7800","7800","7800","7800","40044140","","40044140","1"
"40044140_BD","STELLA FUN & FRESH HAPPY DAY","63","PC","144","CT","7013","7500","7500","7500","7500","7500","40044140","","40044140_BD","1"
"40044141","STELLA FUN&FRESH FRUITY N FRESH","63","PC","144","CT","7293","7800","7800","7800","7800","7800","40044141","","40044141","1"
"40044141_BD","STELLA FUN&FRESH FRUITY N FRESH","63","PC","144","CT","7013","7500","7500","7500","7500","7500","40044141","","40044141_BD","1"
"40049586","POLYTEX SABUT STAINLESS 40GR","63","PC","72","CT","4237.42","4532","4532","4532","4532","4532","40049586","","40049586","1"
"40049586_BD","POLYTEX SABUT STAINLESS 40GR","63","PC","72","CT","4115.73","4378.44","4378.44","4378.44","4378.44","4378.44","40049586","","40049586_BD","1"
"40049588","KLINPAK ALUMUNIUM FOIL 5MX30CM","63","PC","12","CT","18204","19470","19470","19470","19470","19470","40049588","","40049588","1"
"40049588_BD","KLINPAK ALUMUNIUM FOIL 5MX30CM","63","PC","12","CT","17671.5","18900","18900","18900","18900","18900","40049588","","40049588_BD","1"
"40049639","HIT POMPA PLASTIK ND","63","PC","120","CT","15708","16800","16800","16800","16800","16800","40049639","","40049639","1"
"40049639_BD","HIT POMPA PLASTIK ND","63","PC","120","CT","14960","16000","16000","16000","16000","16000","40049639","","40049639_BD","1"
"40049640","HIT LIQUID LILY BLOSSOM 175ML ND","63","PC","24","CT","8686","9290","9290","9290","9290","9290","40049640","","40049640","1"
"40049640_BD","HIT LIQUID LILY BLOSSOM 175ML ND","63","PC","24","CT","7901","8450","8450","8450","8450","8450","40049640","","40049640_BD","1"
"40049641","HIT LIQUID ORANGE 700 ML ND","63","PC","12","CT","30930","33080","33080","33080","33080","33080","40049641","","40049641","1"
"40049642","HIT LIQUID LB 700ML BND HIT LB 175ML ND","63","PC","12","CT","30930","33080","33080","33080","33080","33080","40049642","","40049642","1"
"40049642_BD","HIT LIQUID LB 700ML BND HIT LB 175ML ND","63","PC","12","CT","29452.5","31500","31500","31500","31500","31500","40049642","","40049642_BD","1"
"40049644","HIT AER LILY BLOSSOM 180ML DF","63","PC","12","CT","13161.06","14076","14076","14076","14076","14076","40049644","","40049644","1"
"40049644_BD","HIT AER LILY BLOSSOM 180ML DF","63","PC","12","CT","13161.06","14075","14075","14075","14076","14076","40049644","","40049644_BD","1"
"40049655","HIT AER ORANGE 180ml DF","63","PC","12","CT","13161.06","14076","14076","14076","14076","14076","40049655","","40049655","1"
"40049655_BD","HIT AER ORANGE 180ml DF","63","PC","12","CT","12903","13800","13800","13800","13800","13800","40049655","","40049655_BD","1"
"40049656","HIT AER PINK BLOSSOM 180ml DF","63","PC","12","CT","13161.06","14076","14076","14076","14076","14076","40049656","","40049656","1"
"40049656_BD","HIT AER PINK BLOSSOM 180ml DF","63","PC","12","CT","13161.06","14076","14076","14076","14076","14076","40049656","","40049656_BD","1"
"40049657","HIT AER JAPANESE SAKURA 180ml DF","63","PC","12","CT","13161.06","14076","14076","14076","14076","14076","40049657","","40049657","1"
"40049657_BD","HIT AER JAPANESE SAKURA 180ml DF","63","PC","12","CT","13161.06","14076","14076","14076","14076","14076","40049657","","40049657_BD","1"
"40049678","MITU BABY WIPES F&C PINK 25S RENCENG.","63","PC","72","CT","3366","3600","3600","3600","3600","3600","40049678","","40049678","1"
"40049678_BD","MITU BABY WIPES F&C PINK 25S RENCENG.","63","PC","72","CT","3366","3600","3600","3600","3600","3600","40049678","","40049678_BD","1"
"40049679","MITU BABY WIPES F&C PINK 25S SINGLE","63","PC","72","CT","3366","3600","3600","3600","3600","3600","40049679","","40049679","1"
"40049679_BD","MITU BABY WIPES F&C PINK 25S SINGLE","63","PC","72","CT","4336","3600","3600","3600","3600","3600","40049679","","40049679_BD","1"
"40049680","MITU BABY WIPES F&C BLUE 25S SINGLE","63","PC","72","CT","3366","3600","3600","3600","3600","3600","40049680","","40049680","1"
"40049680_BD","MITU BABY WIPES F&C BLUE 25S SINGLE","63","PC","72","CT","3366","3600","3600","3600","3600","3600","40049680","","40049680_BD","1"
"40049686","STELLA DF CAR+INDOOR ROSE KISS MTP RJV","63","PC","72","CT","15044","16090","16090","16090","16090","16090","40049686","","40049686","1"
"40049686_BD","STELLA DF CAR+INDOOR ROSE KISS MTP RJV","63","PC","72","CT","13932","14900","14900","14900","14900","14900","40049686","","40049686_BD","1"
"40049687","STELLA DF CAR+INDOOR ORANGE SUNKIST MTP","63","PC","72","CT","15044.15","16090","16090","16090","16090","16090","40049687","","40049687","1"
"40049687_BD","STELLA DF CAR+INDOOR ORANGE SUNKIST MTP","63","PC","72","CT","13932","14900","14900","14900","14900","14200","40049687","","40049687_BD","1"
"40049688","STELLA DF CAR+INDOOR LILY DREAM MTP RJV","63","PC","72","CT","15044","16090","16090","16090","16090","16090","40049688","","40049688","1"
"40049688_BD","STELLA DF CAR+INDOOR LILY DREAM MTP RJV","63","PC","72","CT","13277","14200","14200","14200","14200","14200","40049688","","40049688_BD","1"
"40049689","STELLA DF CAR+INDOOR VANILLA TWIST MTP","63","PC","72","CT","15044","16090","16090","16090","16090","16090","40049689","","40049689","1"
"40049690","STELLA DF CAR+INDOOR ROSE KISS RJV","63","PC","72","CT","11668.8","12480","12480","12480","12480","12480","40049690","","40049690","1"
"40049690_BD","STELLA DF CAR+INDOOR ROSE KISS RJV","63","PC","72","CT","11220","12000","12000","12000","12000","12000","40049690","","40049690_BD","1"
"40049691","STELLA DF CAR+INDOOR ORANGE SUNKIST RJV","63","PC","72","CT","11668.8","12480","12480","12480","12480","12480","40049691","","40049691","1"
"40049691_BD","STELLA DF CAR+INDOOR ORANGE SUNKIST RJV","63","PC","72","CT","11220","12000","12000","12000","12000","12000","40049691","","40049691_BD","1"
"40049692","STELLA DF CAR+INDOOR LILY DREAM RJV","63","PC","72","CT","11668.8","12480","12480","12480","12480","12480","40049692","","40049692","1"
"40049692_BD","STELLA DF CAR+INDOOR LILY DREAM RJV","63","PC","72","CT","11220","12000","12000","12000","12000","12000","40049692","","40049692_BD","1"
"40049693","STELLA DF CAR+INDOOR VANILLA TWIST RJV","63","PC","72","CT","11668.8","12480","12480","12480","12480","12480","40049693","","40049693","1"
"40049693_BD","STELLA DF CAR+INDOOR VANILLA TWIST RJV","63","PC","72","CT","11220","12000","12000","12000","12000","12000","40049693","","40049693_BD","1"
"40049694","NYU HENNA SHAMPOO HAIR COLOR-BLUE BLACK-5 MIN","63","PC","72","CT","8177.51","8746","8746","8746","8746","8450","40049694","","40049694","1"
"40049694_BD","NYU HENNA SHAMPOO HAIR COLOR-BLUE BLACK-5 MIN","63","PC","72","CT","8177.51","8746","8746","8746","8746","8450","40049694","","40049694_BD","1"
"40049695","NYU CREME HAIR COLOR MP-N BLACK 2X30+30","63","PC","24","CT","18607","19900","19900","19900","19900","19900","40049695","","40049695","1"
"40049695_BD","NYU CREME HAIR COLOR MP-N BLACK 2X30+30","63","PC","24","CT","18607","19900","19900","19900","19900","19900","40049695","","40049695_BD","1"
"40049944","STELLA MTC REF B. JASMINE S 160ML RJV.","63","PC","12","CT","26461","28300","28300","28300","28300","28300","40049944","","40049944","1"
"40049944_BD","STELLA MTC REF B. JASMINE S 160ML RJV.","63","PC","12","CT","26461","28300","28300","28300","28300","28300","40049944","","40049944_BD","1"
"40049965","STELLA AER B JASMINE S 200ML RJV","63","PC","12","CT","14025","15000","15000","15000","15000","15000","40049965","","40049965","1"
"40049965_BD","STELLA AER B JASMINE S 200ML RJV","63","PC","12","CT","14025","15000","15000","15000","15000","15000","40049965","","40049965_BD","1"
"40049966","STELLA AER B JASMINE S 400ML RJV","63","PC","12","CT","20383","21800","21800","21800","21800","21800","40049966","","40049966","1"
"40049966_BD","STELLA AER B JASMINE S 400ML RJV","63","PC","12","CT","20383","21800","21800","21800","21800","21800","40049966","","40049966_BD","1"
"40049974","STELLA AIO BOUGENVILLE 42+13GR FOC PROCL","63","PC","72","CT","8322","8900","8900","8900","8900","8900","40049974","","40049974","1"
"40049974_BD","STELLA AIO BOUGENVILLE 42+13GR FOC PROCL","63","PC","72","CT","8322","8900","8900","8900","8900","8900","40049974","","40049974_BD","1"
"40049989_BD","STELLA AIO LEMON 42+13GR FOC PROCLINPN","63","PC","72","CT","8322","8900","8900","8900","8900","8900","40049989","","40049989_BD","1"
"40049990","STELLA AIO ORANGE 42+13GR FOC PROCLINPN","63","PC","72","CT","8322","8900","8900","8900","8900","8900","40049990","","40049990","1"
"40049990_BD","STELLA AIO ORANGE 42+13GR FOC PROCLINPN","63","PC","72","CT","8322","8900","8900","8900","8900","8900","40049990","","40049990_BD","1"
"40049991","STELLA AIO APPLE 42+13GR FOC PROCLINPN","63","PC","72","CT","8322","8900","8900","8900","8900","8900","40049991","","40049991","1"
"40049991_BD","STELLA AIO APPLE 42+13GR FOC PROCLINPN","63","PC","72","CT","8322","8900","8900","8900","8900","8900","40049991","","40049991_BD","1"
"40049992","STELLA AIO C.LATTE 42+13GR FOC PROCLINPN","63","PC","72","CT","8322","8900","8900","8900","8900","8900","40049992","","40049992","1"
"40049992_BD","STELLA AIO C.LATTE 42+13GR FOC PROCLINPN","63","PC","72","CT","8322","8900","8900","8900","8900","8900","40049992","","40049992_BD","1"
"40049993","STELLA AIO LVNDR 42+13GR FOC PROCLINPN","63","PC","72","CT","8322","8900","8900","8900","8900","8900","40049993","","40049993","1"
"40049994","HIT MAT GK REFILL 15S","63","PC","144","CT","2693","2880.18","2880.18","2880.18","2880.18","2880.18","40049994","","40049994","1"
"40049994_BD","HIT MAT GK REFILL 15S","63","PC","144","CT","2693","2880.18","2880.18","2880.18","2880.18","2880.18","40049994","","40049994_BD","1"
"40049995","STELLA AIO SENSATION 42+13GR FOC PROCLINPN","63","PC","72","CT","8322","8900","8900","8900","8900","8900","40049995","","40049995","1"
"40050005","HIT MAT GK NO DEVICE 6S.","63","PC","48","CT","4768.5","5100","5100","5100","5100","5100","40050005","","40050005","1"
"40050005_BD","HIT MAT GT NO DEVICE 6S.","63","PC","48","CT","4768.5","5100","5100","5100","5100","5100","40050005","","40050005_BD","1"
"40050006","HIT MAT GK DEVICE WITH CABLE 6S","63","PC","48","CT","8415","9000","9000","9000","9000","9000","40050006","","40050006","1"
"40050006_BD","HIT MAT GK DEVICE WITH CABLE 6S","63","PC","48","CT","8089.62","8652","8652","8652","8652","8652","40050006","","40050006_BD","1"
"40050027","STELLA MTC REF GREEN FANTASY 160ML RJV","63","PC","12","CT","26461","28300","28300","28300","28300","28300","40050027","","40050027","1"
"40050027_BD","STELLA MTC REF GREEN FANTASY 160ML RJV","63","PC","12","CT","26461","28300","28300","28300","28300","28300","40050027","","40050027_BD","1"
"40050028","STELLA MTC REF LEMON 160ML RJV","63","PC","12","CT","26461","28300","28300","28300","28300","28300","40050028","","40050028","1"
"40050028_BD","STELLA MTC REF LEMON 160ML RJV","63","PC","12","CT","26461","28300","28300","28300","28300","28300","40050028","","40050028_BD","1"
"40050029","STELLA MTC REF ORANGE 160ML RJVL","63","PC","12","CT","26461","28300","28300","28300","28300","28300","40050029","","40050029","1"
"40050029_BD","STELLA MTC REF ORANGE 160ML RJV","63","PC","12","CT","26461","28300","28300","28300","28300","28300","40050029","","40050029_BD","1"
"40050030","STELLA MTC REF C LATTE 160ML RJV","63","PC","12","CT","26461","28300","28300","28300","28300","28300","40050030","","40050030","1"
"40050030_BD","STELLA MTC REF C LATTE 160ML RJV","63","PC","12","CT","26461","28300","28300","28300","28300","28300","40050030","","40050030_BD","1"
"40050031","STELLA MTC REF APPLE 160ML RJV","63","PC","12","CT","26461","28300","28300","28300","28300","28300","40050031","","40050031","1"
"40050031_BD","STELLA MTC REF APPLE 160ML RJV","63","PC","12","CT","26460.5","28300","28300","28300","28300","28300","40050031","","40050031_BD","1"
"40050032","STELLA MTC REG S LAVENDER 160ML RJV","63","PC","12","CT","26461","28300","28300","28300","28300","28300","40050032","","40050032","1"
"40050032_BD","STELLA MTC REF S LAVENDER 160ML RJV","63","PC","12","CT","26460.5","28300","28300","28300","28300","28300","40050032","","40050032_BD","1"
"40050033","STELLA MTC REF W.VERBENA 160ML RJV","63","PC","12","CT","26461","28300","28300","28300","28300","28300","40050033","","40050033","1"
"40050033_BD","STELLA MTC REF W.VERBENA 160ML RJV","63","PC","12","CT","26460.5","28300","28300","28300","28300","28300","40050033","","40050033_BD","1"
"40050034","STELLA MTC REF R KENANGA 160ML RJV","63","PC","12","CT","26461","28300","28300","28300","28300","28300","40050034","","40050034","1"
"40050034_BD","STELLA MTC REF R KENANGA 160ML RJV","63","PC","12","CT","26461","28300","28300","28300","28300","28300","40050034","","40050034_BD","1"
"40050038","STELLA AIO B JASMINE 42+13GR RJV","63","PC","72","CT","8322","8900","8900","8900","8900","8900","40050038","","40050038","1"
"40050038_BD","STELLA AIO B JASMINE 42+13GR RJV","63","PC","72","CT","8322","8900","8900","8900","8900","8900","40050038","","40050038_BD","1"
"40050045","STELLA MTC REF J SAKURA 160ML RJV","63","PC","12","CT","26461","28300","28300","28300","28300","28300","40050045","","40050045","1"
"40050045_BD","STELLA MTC REF J SAKURA 160ML RJV","63","PC","12","CT","26461","28300","28300","28300","28300","28300","40050045","","40050045_BD","1"
"40050046","STELLA MTC REF W.FLOWER 160ML+TTKAN RJV","63","PC","12","CT","26460.5","28300","28300","28300","28300","28300","40050046","","40050046","1"
"40050046_BD","STELLA MTC REF W.FLOWER 160ML+TTKAN RJV","63","PC","12","CT","26460.5","28300","28300","28300","28300","28300","40050046","","40050046_BD","1"
"40050047","STELLA MTC REF APPLE 2X160ML MTP RJV","63","PC","6","CT","50023","53500","53500","53500","53500","53500","40050047","","40050047","1"
"40050047_BD","STELLA MTC REF APPLE 2X160ML MTP RJV","63","PC","6","CT","50023","53500","53500","53500","53500","53500","40050047","","40050047_BD","1"
"40050048","STELLA MTC REF J SAKURA 2X160ML MTP RJV","63","PC","6","CT","50023","53500","53500","53500","53500","53500","40050048","","40050048","1"
"40050048_BD","STELLA MTC REF J SAKURA 2X160ML MTP RJV","63","PC","6","CT","50023","53500","53500","53500","53500","53500","40050048","","40050048_BD","1"
"40050049","STELLA MTC REF G.FANTASY 2X160ML MTP RJV","63","PC","6","CT","50023","53500","53500","53500","53500","53500","40050049","","40050049","1"
"40050050","STELLA MRC REF ORANGE 2X160ML MTF","63","PC","6","CT","50023","53500","53500","53500","53500","53500","40050050","","40050050","1"
"40050050_BD","STELLA MRC REF ORANGE 2X160ML MTF","63","PC","6","CT","47592","50900","50900","50900","50900","50900","40050050","","40050050_BD","1"
"40050051","STELLA MTC REF C LATTE 2X160ML MTP RJV","63","PC","6","CT","50023","53500","53500","53500","53500","53500","40050051","","40050051","1"
"40050051_BD","STELLA MTC REF C LATTE 2X160ML MTP RJV","63","PC","6","CT","50023","53500","53500","53500","53500","50023","40050051","","40050051_BD","1"
"40050052","STELLA MTC REF S.LAVENDER 2X160 MTP RJV","63","PC","6","CT","50023","53500","53500","53500","53500","53500","40050052","","40050052","1"
"40050200","STELLA DF CAR+INDOOR AQUA FRESH RJV","63","PC","72","CT","11220","12000","12000","12000","12000","12000","40050200","","40050200","1"
"40050200_BD","STELLA DF CAR+INDOOR AQUA FRESH RJV","63","PC","72","CT","11220","12000","12000","12000","12000","12000","40050200","","40050200_BD","1"
"40050202","STELLA DF CAR+INDOOR MUSK AFTER S RJV","63","PC","72","CT","11668.8","12480","12480","12480","12480","12480","40050202","","40050202","1"
"40050202_BD","STELLA DF CAR+INDOOR MUSK AFTER S RJV","63","PC","72","CT","11220","12000","12000","12000","12000","12000","40050202","","40050202_BD","1"
"40050291","MITU BABY ESSENTIAL GIFT SET","63","PC","24","CT","43889","46940","46940","46940","46940","46940","40050291","","40050291","1"
"40050292","POLYTEX SABUT JARING 5K","63","PC","72","CT","2992","3200","3200","3200","3200","3200","40050292","","40050292","1"
"40050292_BD","POLYTEX SABUT JARING 5K","63","PC","72","CT","2992","3200","3200","3200","3200","3200","40050292","","40050292_BD","1"
"40050313","MITU BABY PREMIUM GIFT SET","63","PC","6","CT","80410","86000","86000","86000","86000","86000","40050313","","40050313","1"
"40050322","HIT AER LAVENDER BREEZE 600ML","63","PC","12","CT","27115","29000","29000","29000","29000","29000","40050322","","40050322","1"
"40050322_BD","HIT AER LAVENDER BREEZE 600ML","63","PC","12","CT","28564.25","30550","30550","30550","30550","30550","40050322","","40050322_BD","1"
"40050345","POLYTEX MTP SPON EXTRA BERSIH ISI 3","63","PC","80","CT","12669","13550","13550","13550","13550","13550","40050345","","40050345","1"
"40050345_BD","POLYTEX MTP SPON EXTRA BERSIH ISI 3","63","PC","80","CT","12061.5","12900","12900","12900","12900","12900","40050345","","40050345_BD","1"
"40050347","POLYTEX MTP SPON EXTRA BERSIH ISI 5","63","PC","48","CT","17681","18910","18910","18910","18910","18910","40050347","","40050347","1"
"40050347_BD","POLYTEX MTP SPON EXTRA BERSIH ISI 5","63","PC","48","CT","17334.9","18540","18540","18540","18540","18540","40050347","","40050347_BD","1"
"40050348","POLYTEX MTP SS 20GR EXTRA BERSIH ISI 3","63","PC","24","CT","11585","12390","12390","12390","12390","12390","40050348","","40050348","1"
"40050348_BD","POLYTEX MTP SS 20GR EXTRA BERSIH ISI 3","63","PC","24","CT","11033","11800","11800","11800","11800","11800","40050348","","40050348_BD","1"
"40050816","HIT AER LAVENDER BREEZE 400ML","63","PC","12","CT","20429.75","21850","21850","21850","21850","23750","40050816","","40050816","1"
"40050816_BD","HIT AER LAVENDER BREEZE 400ML","63","PC","12","CT","21505","23750","23750","23750","23750","23750","40050816","","40050816_BD","1"
"40050838","STELLA FUN&FRESH CARAMEL MACHIATO SP","63","PC","144","CT","7293","7800","7800","7800","7800","7800","40050838","","40050838","1"
"40050838_BD","STELLA FUN&FRESH CARAMEL MACHIATO SP","63","PC","144","CT","7013","7500","7500","7500","7500","7500","40050838","","40050838_BD","1"
"40050839","STELLA FUN&FRESH SAKURA BLOSSOM SP","63","PC","144","CT","7293","7800","7800","7800","7800","7800","40050839","","40050839","1"
"40050840","STELLA POCKET BATHROOM EXOTIC FRUIT","63","PC","72","CT","6498.25","6950","6950","6950","6950","6950","40050840","","40050840","1"
"40050840_BD","STELLA POCKET BATHROOM EXOTIC FRUIT","63","PC","72","CT","6124","6550","6550","6550","6550","6250","40050840","","40050840_BD","1"
"40050841","STELLA POCKET BATHROOM LUXURIOUS FLOWER","63","PC","72","CT","6498.25","6950","6950","6950","6950","6950","40050841","","40050841","1"
"40050841_BD","STELLA POCKET BATHROOM LUXURIOUS FLOWER","63","PC","72","CT","6498.25","6950","6950","6950","6950","6950","40050841","","40050841_BD","1"
"40056226","HIT MAT GK REFILL 30S (18+12S) GREEN TEA","63","PC","144","CT","5544.55","5930","5930","5930","5930","5930","40056226","","40056226","1"
"40056226_BD","HIT MAT GK REFILL 30S (18+12S) GREEN TEA","63","PC","144","CT","5544.55","5930","5930","5930","5930","5930","40056226","","40056226_BD","1"
"40056227","HIT MAT GK REFILL 30S (18+12S) CLASSIC.","63","PC","144","CT","5544.55","5930","5930","5930","5930","5930","40056227","","40056227","1"
"40056227_BD","HIT MAT GK REFILL 30S (18+12S) CLASSIC.","63","PC","144","CT","5544.55","5930","5930","5930","5930","5930","40056227","","40056227_BD","1"
"40056228","HIT MAT GK REFILL 60S (48+12S) GREEN TEA","63","PC","72","CT","10874.05","11630","11630","11630","11630","11630","40056228","","40056228","1"
"40056228_BD","HIT MAT GK REFILL 60S (48+12S) GREEN TEA","63","PC","72","CT","10874.05","11630","11630","11630","11630","11630","40056228","","40056228_BD","1"
"40056229","HIT MAT GK REFILL 60S (48+12S) CLASSIC","63","PC","72","CT","10874.05","11630","11630","11630","11630","11630","40056229","","40056229","1"
"40056229_BD","HIT MAT GK REFILL 60S (48+12S) CLASSIC","63","PC","72","CT","10874.05","11630","11630","11630","11630","11630","40056229","","40056229_BD","1"
"40056279","STELLA POCKET BATHROOM RJV-MTP 4PC","63","PK","18","CT","21598.5","23100","23100","23100","23100","23100","40056279","","40056279","1"
"40056279_BD","STELLA POCKET BATHROOM RJV-MTP 4PC","63","PK","18","CT","21598.5","23100","23100","23100","23100","23100","40056279","","40056279_BD","1"
"40056280","NYU CREME GOLDEN BROWN","63","PC","24","CT","12997","13900","13900","13900","13900","13900","40056280","","40056280","1"
"40056280_BD","NYU CREME GOLDEN BROWN","63","PC","24","CT","12997","13900","13900","13900","13900","13900","40056280","","40056280_BD","1"
"40056288","BIOSOL POUCH 400 ML BUY 1 GET 1","63","PC","6","CT","9070","9700","9700","9700","9700","9700","40056288","","40056288","1"
"40056288_BD","BIOSOL POUCH 400 ML BUY 1 GET 1","63","PC","6","CT","9070","9700","9700","9700","9700","9700","40056288","","40056288_BD","1"
"40056289","BIOSOL POUCH 700 ML BUY 1 GET 1","63","PC","6","CT","15082","16130","16130","16130","16130","16130","40056289","","40056289","1"
"40056289_BD","BIOSOL POUCH 700 ML BUY 1 GET 1","63","PC","6","CT","15082","16130","16130","16130","16130","16130","40056289","","40056289_BD","1"
"40056830","HIT ANTI KECOA GEL 20GR FB","63","PC","12","CT","48209","51560","51560","51560","51560","51560","40056830","","40056830","1"
"40057115","NYU HENNA SHAMPOO HC BURGUNDY-5MIN.","63","PC","72","CT","8177.51","8746","8746","8746","8746","8450","40057115","","40057115","1"
"40057115_BD","NYU HENNA SHAMPOO HC BURGUNDY-5MIN.","63","PC","72","CT","8177.51","8746","8746","8746","8746","8450","40057115","","40057115_BD","1"
"40057116","NYU HENNA SHAMPOO HC NAT BLACK-5MIN","63","PC","72","CT","8177.51","8746","8746","8746","8746","8746","40057116","","40057116","1"
"40057116_BD","NYU HENNA SHAMPOO HC NAT BLACK-5MIN","63","PC","72","CT","8177.51","8746","8746","8746","8746","8746","40057116","","40057116_BD","1"
"40057117","NYU HENNA SHAMPOO HC NAT BROWN-5 MIN.","63","PC","72","CT","8177.51","8746","8746","8746","8746","8746","40057117","","40057117","1"
"40057117_BD","NYU HENNA SHAMPOO HC NAT BROWN-5 MIN.","63","PC","72","CT","8177.51","8746","8746","8746","8746","8746","40057117","","40057117_BD","1"
"40057196","STELLA AIO MTP ORANGE FREE PROCLIN 150M","63","PC","18","CT","31416","33600","33600","33600","33600","33600","40057196","","40057196","1"
"40057196_BD","STELLA AIO MTP ORANGE FREE PROCLIN 150M","63","PC","18","CT","31416","33600","33600","33600","33600","33600","40057196","","40057196_BD","1"
"40057197","PROCLIN PN 400ML FREE POLYTEX EKS BERSIH","63","PC","12","CT","17344","18550","18550","18550","18550","18550","40057197","","40057197","1"
"40057198","HIT MAT GK REFILL 60(48+12S)PINK BLOSSOM","63","PC","72","CT","10874.05","11630","11630","11630","11630","11630","40057198","","40057198","1"
"40057198_BD","HIT MAT GK REFILL 60(48+12S)PINK BLOSSOM","63","PC","72","CT","10874.05","11630","11630","11630","11630","11630","40057198","","40057198_BD","1"
"40057199","HIT MATGK REFILL 30(18+12S) PINK BLOSSOM","63","PC","144","CT","5544.55","5930","5930","5930","5930","5930","40057199","","40057199","1"
"40057199_BD","HIT MATGK REFILL 30(18+12S) PINK BLOSSOM","63","PC","144","CT","5544.55","5930","5930","5930","5930","5930","40057199","","40057199_BD","1"
"40057200","HIT LV GOODKNIGHT XPRESS SET NP","63","PC","24","CT","14493","15500","15500","15500","15500","15500","40057200","","40057200","1"
"40057200_BD","HIT LV GOODKNIGHT XPRESS SET NP","63","PC","24","CT","14493","15500","15500","15500","15500","15500","40057200","","40057200_BD","1"
"40057201","HIT LV GOODKNIGHT XPRESS REF APPLE NP","63","PC","144","CT","12248.5","13100","13100","13100","13100","13100","40057201","","40057201","1"
"40057201_BD","HIT LV GOODKNIGHT XPRESS REF APPLE NP","63","PC","144","CT","12248.5","13100","13100","13100","13100","13100","40057201","","40057201_BD","1"
"40057203","HIT LV GOODNIGHT XPRESS REFILL FRESH NF","63","PC","144","CT","12249","13100","13100","13100","13100","13100","40057203","","40057203","1"
"40057203_BD","HIT LV GOODNIGHT XPRESS REFILL FRESH NF","63","PC","144","CT","12248","13100","13100","13100","13100","13100","40057203","","40057203_BD","1"
"40057312","STELLA AIO BJS FREE PROC PN SCH","63","PC","72","CT","8322","8900","8900","8900","8900","8900","40057312","","40057312","1"
"40057315","HIT LV XPRESS REF PINK BLOSSOM NP","63","PC","144","CT","12248.5","13100","13100","13100","13100","13100","40057315","","40057315","1"
"40057315_BD","HIT LV XPRESS REF PINK BLOSSOM NP","63","PC","144","CT","12248.5","13100","13100","13100","13100","13100","40057315","","40057315_BD","1"
"40057316","HIT LV GOODKNIGHT NON-STOP SET NF","63","PC","24","CT","14867","15900","15900","15900","15900","15900","40057316","","40057316","1"
"40057316_BD","HIT LV GOODKNIGHT NON-STOP SET NF","63","PC","24","CT","14867","15900","15900","15900","15900","15900","40057316","","40057316_BD","1"
"40057317","HIT LV GOODKNIGHT NONSTOP REFILL FRESH NP","63","PC","144","CT","12248.5","13100","13100","13100","13100","13100","40057317","","40057317","1"
"40057317_BD","HIT LV GOODKNIGHT NONSTOP REFILL FRESH NP","63","PC","144","CT","12248.5","13100","13100","13100","13100","13100","40057317","","40057317_BD","1"
"40057318","HIT LV GOODKNIGHT NONSTOP REF CLASSIC N","63","PC","144","CT","12249","13100","13100","13100","13100","13100","40057318","","40057318","1"
"40057318_BD","HIT LV GOODKNIGHT NONSTOP REF CLASSIC N","63","PC","144","CT","12249","13100","13100","13100","13100","13100","40057318","","40057318_BD","1"
"40057355","HIT AEROSOL LAVENDER BREEZE 750ML","63","PC","12","CT","35191.53","37638","37638","37638","37638","37638","40057355","","40057355","1"
"40057355_BD","HIT AEROSOL LAVENDER BREEZE 750ML","63","PC","12","CT","35191.53","37638","37638","37638","37638","37638","40057355","","40057355_BD","1"
"40057427","STELLA MATIC BOXSET B JASMINE S EDITION","63","PC","12","CT","56399.2","60320","60320","60320","60320","60320","40057427","","40057427","1"
"40057428","LEM TUBE CAP GAJAH 50ML","63","PC","144","CT","7489","8010","8010","8010","8010","8010","40057428","","40057428","1"
"40057428_BD","LEM TUBE CAP GAJAH 50ML","63","PC","144","CT","7200","7668","7668","7668","7668","7668","40057428","","40057428_BD","1"
"40057465","STELLA AER APPLE 350ML RJV","63","PC","12","CT","20383","21800","21800","21800","21800","21800","40057465","","40057465","1"
"40057465_BD","STELLA AER APPLE 350ML RJV","63","PC","12","CT","20383","21800","21800","21800","21800","21800","40057465","","40057465_BD","1"
"40057466","STELLA AER LEMON 350ML RJV","63","PC","12","CT","20383","21800","21800","21800","21800","21800","40057466","","40057466","1"
"40057466_BD","STELLA AER LEMON 350ML RJV","63","PC","12","CT","20383","21800","21800","21800","21800","21800","40057466","","40057466_BD","1"
"40057467","STELLA AER CAFFE LATTE 350ML RJV","63","PC","12","CT","20383","21800","21800","21800","21800","21800","40057467","","40057467","1"
"40057467_BD","STELLA AER CAFFE LATTE 350ML RJV","63","PC","12","CT","20383","21800","21800","21800","21800","21800","40057467","","40057467_BD","1"
"40057468","STELLA AER S.LAVENDER 350ML RJV","63","PC","12","CT","20383","21800","21800","21800","21800","21800","40057468","","40057468","1"
"40057468_BD","STELLA AER S.LAVENDER 350ML RJV","63","PC","12","CT","20383","21800","21800","21800","21800","21800","40057468","","40057468_BD","1"
"40057469","STELLA AER JAPANESE SAKURA 350ML RJV","63","PC","12","CT","20383","21800","21800","21800","21800","21800","40057469","","40057469","1"
"40057469_BD","STELLA AER JAPANESE SAKURA 350ML RJV","63","PC","12","CT","20383","21800","21800","21800","21800","21800","40057469","","40057469_BD","1"
"40057470","STELLA AER R.KENANGA 350ML RJV","63","PC","12","CT","20383","21800","21800","21800","21800","21800","40057470","","40057470","1"
"40057471","STELLA AER W.VERBENA 350ML RJV","63","PC","12","CT","20383","21800","21800","21800","21800","21800","40057471","","40057471","1"
"40057472","STELLA AER B.JASMINE S 350ML RJV","63","PC","12","CT","20383","21800","21800","21800","21800","21800","40057472","","40057472","1"
"40057472_BD","STELLA AER B.JASMINE S 350ML RJV","63","PC","12","CT","20383","21800","21800","21800","21800","21800","40057472","","40057472_BD","1"
"40057473","STELLA AER ORANGE 350ML RJV","63","PC","12","CT","20383","21800","21800","21800","21800","21800","40057473","","40057473","1"
"40057473_BD","STELLA AER ORANGE 350ML RJV","63","PC","12","CT","20383","21800","21800","21800","21800","21800","40057473","","40057473_BD","1"
"40057474","STELLA AER LEMON 175ML RJV","63","PC","12","CT","14025","15000","15000","15000","15000","15000","40057474","","40057474","1"
"40057474_BD","STELLA AER LEMON 175ML RJV","63","PC","12","CT","14025","15000","15000","15000","15000","15000","40057474","","40057474_BD","1"
"40057475","STELLA AER APPLE 175ML RJV","63","PC","12","CT","14025","15000","15000","15000","15000","15000","40057475","","40057475","1"
"40057475_BD","STELLA AER APPLE 175ML RJV","63","PC","12","CT","14025","15000","15000","15000","15000","15000","40057475","","40057475_BD","1"
"40057476","STELLA AER ORANGE 175ML RJV","63","PC","12","CT","14025","15000","15000","15000","15000","15000","40057476","","40057476","1"
"40057476_BD","STELLA AER ORANGE 175ML RJV","63","PC","12","CT","14025","15000","15000","15000","15000","15000","40057476","","40057476_BD","1"
"40057477","STELLA AER B.JASMINE S 175ML RJV","63","PC","12","CT","14025","15000","15000","15000","15000","15000","40057477","","40057477","1"
"40057477_BD","STELLA AER B.JASMINE S 175ML RJV","63","PC","12","CT","14025","15000","15000","15000","15000","15000","40057477","","40057477_BD","1"
"40057478","STELLA AER SECRET LAVENDER 175ML RJV","63","PC","12","CT","14025","15000","15000","15000","15000","15000","40057478","","40057478","1"
"40057478_BD","STELLA AER SECRET LAVENDER 175ML RJV","63","PC","12","CT","14025","15000","15000","15000","15000","15000","40057478","","40057478_BD","1"
"40057479","STELLA AER JAPANESE SAKURA 175ML RJV","63","PC","12","CT","14025","15000","15000","15000","15000","15000","40057479","","40057479","1"
"40057479_BD","STELLA AER JAPANESE SAKURA 175ML RJV","63","PC","12","CT","14025","15000","15000","15000","15000","15000","40057479","","40057479_BD","1"
"40057480","STELLA AER CAFFE LATTE 175ML RJV","63","PC","12","CT","14025","15000","15000","15000","15000","15000","40057480","","40057480","1"
"40057480_BD","STELLA AER CAFFE LATTE 175ML RJV","63","PC","12","CT","14025","15000","15000","15000","15000","15000","40057480","","40057480_BD","1"
"40057576","STELLA MATIC BOX SET+FREE AEROSOL 140ML","63","PC","12","CT","56399.2","60320","60320","60320","60320","60320","40057576","","40057576","1"
"40057598","HIT ANTI KECOA AEROSOL 150ML NP","63","PC","12","CT","14642","15660","15660","15660","15660","15660","40057598","","40057598","1"
"40057599","STELLA HANG N FLIP JASMINE FLOW 9ML","63","PC","24","CT","18110.01","19369","19369","19369","19369","19369","40057599","","40057599","1"
"40057600","STELLA HANG N FLIP AQUA REFLECTION 9ML","63","PC","24","CT","18110.01","19369","19369","19369","19369","19369","40057600","","40057600","1"
"40057615","POLYTEX SPON REGULER NEW","63","PC","288","CT","2292.06","2451","2451","2451","2451","2451","40057615","","40057615","1"
"40057615_BD","POLYTEX SPON REGULER NEW","63","PC","288","CT","2225.3","2380","2380","2380","2380","2380","40057615","","40057615_BD","1"
"40057616","STELLA AER APPLE 2X350ML MTP RJV","63","PC","6","CT","38616","41300","41300","41300","41300","41300","40057616","","40057616","1"
"40057617","STELLA AER ORANGE 2X350ML MTP RJV","63","PC","6","CT","38616","41300","41300","41300","41300","41300","40057617","","40057617","1"
"40057692","STELLA FUN & FRESH ICED SENSATION","63","PC","144","CT","7293","7800","7800","7800","7800","7800","40057692","","40057692","1"
"40057692_BD","STELLA FUN & FRESH ICED SENSATION","63","PC","144","CT","7013","7500","7500","7500","7500","7500","40057692","","40057692_BD","1"
"40057762","POLYTEX SPON REG JUM B2B PRO","63","PC","48","CT","6091.06","6438","6438","6438","6438","6438","40057762","","40057762","1"
"40057840","STELLA AER JEJU ORANGE 350ML","63","PC","12","CT","20383","21800","21800","21800","21800","21800","40057840","","40057840","1"
"40057840_BD","STELLA AER JEJU ORANGE 350ML","63","PC","12","CT","20383","21800","21800","21800","21800","21800","40057840","","40057840_BD","1"
"40057841","STELLA AER JEJU ORANGE 2X350ML MTP","63","PC","6","CT","38616","41300","41300","41300","41300","41300","40057841","","40057841","1"
"40057842","STELLA AER JEJU ORANGE 175ML.","63","PC","12","CT","14025","15000","15000","15000","15000","15000","40057842","","40057842","1"
"40057842_BD","STELLA AER JEJU ORANGE 175ML.","63","PC","12","CT","14025","15000","15000","15000","15000","15000","40057842","","40057842_BD","1"
"40057843","STELLA AER JEJU ORANGE 140ML.","63","PC","12","CT","8508.5","9100","9100","9100","9100","9100","40057843","","40057843","1"
"40057843_BD","STELLA AER JEJU ORANGE 140ML.","63","PC","12","CT","8508.5","9100","9100","9100","9100","9100","40057843","","40057843_BD","1"
"40057844","STELLA MTC REF JEJU ORANGE 160 ML","63","PC","12","CT","26461","28300","28300","28300","28300","28300","40057844","","40057844","1"
"40057844_BD","STELLA MTC REF JEJU ORANGE 160 ML","63","PC","12","CT","26461","28300","28300","28300","28300","28300","40057844","","40057844_BD","1"
"40057865","HIT AER PINK BLOSSOM 150ML 13.000","63","PC","24","CT","9257","9900","9900","9900","9900","9900","40057865","","40057865","1"
"40057865_BD","HIT AER PINK BLOSSOM 150ML 13.000","63","PC","24","CT","9257","9900","9900","9900","9900","9900","40057865","","40057865_BD","1"
"40057866","HIT AEROSOL LILY BLOSSOM 150ML 13.000","63","PC","24","CT","9257","9900","9900","9900","9900","9900","40057866","","40057866","1"
"40057866_BD","HIT AEROSOL LILY BLOSSOM 150ML 13.000","63","PC","24","CT","9257","9900","9900","9900","9900","9900","40057866","","40057866_BD","1"
"40057867","HIT AEROSOL ORANGE 150ML 13.000","63","PC","24","CT","9257","9900","9900","9900","9900","9900","40057867","","40057867","1"
"40057867_BD","HIT AEROSOL ORANGE 150ML 13.000","63","PC","24","CT","9257","9900","9900","9900","9900","9900","40057867","","40057867_BD","1"
"40057947","SANITER AEROSOL 200ML B2B PRO","63","PC","12","CT","20870","22321","22321","22321","22321","22321","40057947","","40057947","1"
"40058055","POLYTEX PKT SBTSPON EBTL 2S NEW","63","PC","120","CT","9715","10390","10390","10390","10390","10390","40058055","","40058055","1"
"40058056","POLYTEX PKT SBTSPON REG 2S NEW","63","PC","120","CT","8247","8820","8820","8820","8820","8820","40058056","","40058056","1"
"40058056_BD","POLYTEX PKT SBTSPON REG 2S NEW","63","PC","120","CT","8090","8652","8652","8652","8652","8652","40058056","","40058056_BD","1"
"40058057","POLYTEX SS EBTL 20GR 2S NEW","63","PC","48","CT","9921","10610","10610","10610","10610","10610","40058057","","40058057","1"
"40058057_BD","POLYTEX SS EBTL 20GR 2S NEW","63","PC","48","CT","9727","10403","10403","10403","10403","10403","40058057","","40058057_BD","1"
"40058075","STELLA MTC REF JEJU ORANGE 2X160ML MTP.","63","PC","6","CT","50023","53500","53500","53500","53500","53500","40058075","","40058075","1"
"40058076","STELLA AIO JEJU ORANGE 42+13GR","63","PC","72","CT","8322","8900","8900","8900","8900","8900","40058076","","40058076","1"
"40058076_BD","STELLA AIO JEJU ORANGE 42+13GR","63","PC","72","CT","8322","8900","8900","8900","8900","8900","40058076","","40058076_BD","1"
"40058077","STELLA AIO JEJU ORANGE 42+13GR (3+1)MTP","63","PC","18","CT","31416","33600","33600","33600","33600","33600","40058077","","40058077","1"
"40058077_BD","STELLA AIO JEJU ORANGE 42+13GR (3+1)MTP","63","PC","18","CT","31416","33600","33600","33600","33600","33600","40058077","","40058077_BD","1"
"40058248","BIOSOL HIT POWER L2L 500ML B2B PRO","63","PC","24","CT","41741","44463","44463","44463","44463","41741","40058248","","40058248","1"
"40058365","MITU BABY WIPES P&C BLUEBERRY 4S NS","63","PC","288","CT","636","710","710","710","710","680","40058365","","40058365","1"
"40058365_BD","MITU BABY WIPES P&C BLUEBERRY 4S NS","63","PC","288","CT","636","680","680","680","680","680","40058365","","40058365_BD","1"
"40058366","MITU BABY WIPES F&C PINK CHERRY 4’S NS","63","PC","288","CT","636","680","680","680","680","680","40058366","","40058366","1"
"40058366_BD","MITU BABY WIPES F&C PINK CHERRY 4’S NS","63","PC","288","CT","636","680","680","679","679","710","40058366","","40058366_BD","1"
"40058367","MITU BABY WIPES AS REFRESHING 4'S","63","PC","288","CT","636","680","680","680","680","0","40058367","","40058367","1"
"40058367_BD","MITU BABY WIPES AS REFRESHING 4'S","63","PC","288","CT","636","680","680","680","680","680","40058367","","40058367_BD","1"
"40058477","HIT AER COTTON POWDER 400ML.","63","PC","12","CT","20429.75","21850","21850","21850","21850","21850","40058477","","40058477","1"
"40058477_BD","HIT AER COTTON POWDER 400ML.","63","PC","12","CT","21505","23000","23000","23000","23000","23000","40058477","","40058477_BD","1"
"40058478","HIT AER COTTON POWDER 600ML","63","PC","12","CT","27115","29000","29000","29000","29000","29000","40058478","","40058478","1"
"40058478_BD","HIT AER COTTON POWDER 600ML","63","PC","12","CT","27115","29000","29000","29000","29000","29000","40058478","","40058478_BD","1"
"40058506","STELLA DF CAR+INDOOR ROSE MTP RJV REG","63","PC","72","CT","15044.15","16090","16090","16090","16090","16090","40058506","","40058506","1"
"40058506_BD","STELLA DF CAR+INDOOR ROSE MTP RJV REG","63","PC","72","CT","13277","14200","14200","14200","14200","14200","40058506","","40058506_BD","1"
"40058507","STELLA DF CAR+INDOOR ORANGE MTP RJV REG","63","PC","72","CT","15044.15","16090","16090","16090","16090","16090","40058507","","40058507","1"
"40058507_BD","STELLA DF CAR+INDOOR ORANGE MTP RJV REG","63","PC","72","CT","13277","14200","14200","14200","14200","14200","40058507","","40058507_BD","1"
"40058508","STELLA DF CAR+INDOOR LILY MTP RJC REG","63","PC","72","CT","15044.15","16090","16090","16090","16090","16090","40058508","","40058508","1"
"40058509","STELLA DF CAR+INDOOR VANILLA MTP RJV REG","63","PC","72","CT","15044","16090","16090","16090","16090","16090","40058509","","40058509","1"
"40058509_BD","STELLA DF CAR+INDOOR VANILLA MTP RJV REG","63","PC","72","CT","13932","14900","14900","14900","14900","14900","40058509","","40058509_BD","1"
"40058510","STELLA UP CAR+INDOOR ROSE RJV REG","63","PC","72","CT","11669","12480","12480","12480","12480","12480","40058510","","40058510","1"
"40058511","STELLA DF CAR+INDOOR ORANGE RJV REG","63","PC","72","CT","11668.8","12480","12480","12480","12480","12480","40058511","","40058511","1"
"40058511_BD","STELLA DF CAR+INDOOR ORANGE RJV REG","63","PC","72","CT","11220","12000","12000","12000","12000","12000","40058511","","40058511_BD","1"
"40058512","STELLA DF CAR+INDOOR LILY RJV REG","63","PC","72","CT","11668.8","12480","12480","12480","12480","12480","40058512","","40058512","1"
"40058513","STELLA DF CAR+INDOOR VANILLA RJV REG","63","PC","72","CT","11669","12480","12480","12480","12480","12480","40058513","","40058513","1"
"40058513_BD","STELLA DF CAR+INDOOR VANILLA RJV REG","63","PC","72","CT","11220","12000","12000","12000","12000","12000","40058513","","40058513_BD","1"
"40058514","STELLA DF CAR+INDOOR AQUA RJV REG.","63","PC","72","CT","11668.8","12480","12480","12480","12480","12480","40058514","","40058514","1"
"40058514_BD","STELLA DF CAR+INDOOR AQUA RJV REG.","63","PC","72","CT","11220","12000","12000","12000","12000","12000","40058514","","40058514_BD","1"
"40058722","NYU CREME CHERRY RED+BLEACH BUNDLE.","63","PC","24","CT","12529","13400","13400","13400","13400","13400","40058722","","40058722","1"
"40058722_BD","NYU CREME CHERRY RED+BLEACH BUNDLE.","63","PC","24","CT","12529","13400","13400","13400","13400","13400","40058722","","40058722_BD","1"
"40058723","NYU CREME BURGUNDY + BLEACH BUNDLE.","63","PC","24","CT","12529","13400","13400","13400","13400","13400","40058723","","40058723","1"
"40058724","NYU CREME CARAMEL + BLEACH BUNDLE.","63","PC","24","CT","12529","13400","13400","13400","13400","13400","40058724","","40058724","1"
"40058765","NYU CREME COPPERY BROWN + BLEACH BUNDLE.","63","PC","24","CT","12529","13400","13400","13400","13400","13400","40058765","","40058765","1"
"40058765_BD","NYU CREME COPPERY BROWN + BLEACH BUNDLE.","63","PC","24","CT","12529","13400","13400","13400","13400","13400","40058765","","40058765_BD","1"
"40058766","NYU CREME GOLDEN BROWN + BLEACH BUNDLE.","63","PC","24","CT","12529","13400","13400","13400","13400","13400","40058766","","40058766","1"
"40058766_BD","NYU CREME GOLDEN BROWN + BLEACH BUNDLE.","63","PC","24","CT","12061.5","12900","12900","12900","12900","12900","40058766","","40058766_BD","1"
"40058771","HIT MAT GK  NEW DEVICE WITH CABLE 6S CLASSIC","63","PC","48","CT","8415","9000","9000","9000","9000","9000","40058771","","40058771","1"
"40058771_BD","HIT MAT GK  NEW DEVICE WITH CABLE 6S CLASSIC","63","PC","48","CT","8415","9000","9000","9000","9000","9000","40058771","","40058771_BD","1"
"40058787","PROCLIN 400ML FREE STELLA POCKET","63","PC","12","CT","17344","18550","18550","18550","18550","18550","40058787","","40058787","1"
"40058788","PROCLIN 800ML FREE POLY EX BERSIH","63","PC","12","CT","30014","32100","32100","32100","32100","32100","40058788","","40058788","1"
"40058790","MITU BABY COLOGNE F&C GREEN 100ML BUNDLE","63","PC","48","CT","15428","16500","16500","16500","16500","16500","40058790","","40058790","1"
"40058791","MITU BABY COLOGNE PINK 100ML BUNDLE","63","PC","48","CT","15428","16500","16500","16500","16500","16500","40058791","","40058791","1"
"40058815","PROCLIN PN SACHET FREE POLYTEX SPONS RCG","63","PC","144","CT","673","720","720","720","720","720","40058815","","40058815","1"
"40058886","STELLA HANG N FLIP JASMINE FLOW 9+3ML","63","PC","24","CT","19017","20339","20339","20339","20339","20339","40058886","","40058886","1"
"40058886_BD","STELLA HANG N FLIP JASMINE FLOW 9+3ML","63","PC","24","CT","18110","19369","19369","19369","19369","19369","40058886","","40058886_BD","1"
"40058887","STELLA HANG N FLIP AQUA REFLECTION  9+3ML","63","PC","24","CT","19017","20339","20339","20339","20339","20339","40058887","","40058887","1"
"40058887_BD","STELLA HANG N FLIP AQUA REFLECTION  9+3ML","63","PC","24","CT","18110","19369","19369","19369","19369","19369","40058887","","40058887_BD","1"
"40058910","STELLA MATIC BOX SET+FREE AER. 140ML MIX","63","PC","12","CT","56399.2","60320","60320","60320","60320","60320","40058910","","40058910","1"
"40058910_BD","STELLA MATIC BOX SET+FREE AER. 140ML MIX","63","PC","12","CT","54230","58000","58000","58000","58000","58000","40058910","","40058910_BD","1"
"40059201","HIT GOODKNIGHT LV REF APPLE MTP","63","PC","144","CT","20637","22072","22072","22072","22072","22072","40059201","","40059201","1"
"40059201_BD","HIT GOODKNIGHT LV REF APPLE MTP","63","PC","144","CT","20637","22072","22072","22072","22072","22072","40059201","","40059201_BD","1"
"40059202","HIT GOODKNIGHT LV REF FRESH MTP","63","PC","144","CT","20637.32","22072","22072","22072","22072","22072","40059202","","40059202","1"
"40059202_BD","HIT GOODKNIGHT LV REF FRESH MTP","63","PC","144","CT","20637.32","22072","22072","22072","22072","22072","40059202","","40059202_BD","1"
"40059494","STELLA ELEC REF COMFORTING LAVENDER 25ML","63","PC","144","CT","12716","13600","13600","13600","13600","13600","40059494","","40059494","1"
"40059494_BD","STELLA ELEC REF COMFORTING LAVENDER 25ML","63","PC","144","CT","12716","13600","13600","13600","13600","13600","40059494","","40059494_BD","1"
"40059659","POLYTEX SPON REGULER NEW PROMO 12+1.","63","PC","288","CT","2292","2451","2451","2451","2451","2451","40059659","","40059659","1"
"40059815","STELLA ELEC REF LOVING JASMINE 25ML SP","63","PC","144","CT","12716","13600","13600","13600","13600","13600","40059815","","40059815","1"
"40059815_BD","STELLA ELEC REF LOVING JASMINE 25ML SP","63","PC","144","CT","12716","13600","13600","13600","13600","13600","40059815","","40059815_BD","1"
"40059816","STELLA ELECTRIC DEVICE SET CP 2.0","63","PC","24","CT","22066","23600","23600","23600","23600","23600","40059816","","40059816","1"
"40059819","NYU CREME ASH BLONDE","63","PC","24","CT","12996.5","13900","13900","13900","13900","13900","40059819","","40059819","1"
"40059819_BD","NYU CREME ASH BLONDE","63","PC","24","CT","12529","13400","13400","13400","13400","13400","40059819","","40059819_BD","1"
"40059909","STELLA AER JEJU ORANGE 175ML+25ML RJV.","63","PC","12","CT","14025","15000","15000","15000","15000","15000","40059909","","40059909","1"
"40059909_BD","STELLA AER JEJU ORANGE 175ML+25ML RJV.","63","PC","12","CT","14025","15000","15000","15000","15000","15000","40059909","","40059909_BD","1"
"40059910","STELLA AER LEMON  175+25ML RJV","63","PC","12","CT","14025","15000","15000","15000","15000","15000","40059910","","40059910","1"
"40059910_BD","STELLA AER LEMON  175+25ML RJV","63","PC","12","CT","14025","15000","15000","15000","15000","15000","40059910","","40059910_BD","1"
"40059911","STELLA AER APPLE 175+25ML RJV","63","PC","12","CT","14025","15000","15000","15000","15000","15000","40059911","","40059911","1"
"40059912","STELLA AER B JASMINE 175+25ML RJV","63","PC","12","CT","14025","15000","15000","15000","15000","15000","40059912","","40059912","1"
"40059912_BD","STELLA AER B JASMINE 175+25ML RJV","63","PC","12","CT","14025","15000","15000","15000","15000","15000","40059912","","40059912_BD","1"
"40059913","STELLA AER SECRET LAVENDER 175+25ML RJV","63","PC","12","CT","14025","15000","15000","15000","15000","0","40059913","","40059913","1"
"40059914","STELLA AER JAPANESE SAKURA 175+25ML RJV","63","PC","12","CT","14025","15000","15000","15000","15000","15000","40059914","","40059914","1"
"40059914_BD","STELLA AER JAPANESE SAKURA 175+25ML RJV","63","PC","12","CT","14025","15000","15000","15000","15000","15000","40059914","","40059914_BD","1"
"40059922","HIT AER LILY BLOSSOM 400+40ML EXTRA","63","PC","12","CT","20429.75","21850","21850","21850","21850","23750","40059922","","40059922","1"
"40059922_BD","HIT AER LILY BLOSSOM 400+40ML EXTRA","63","PC","12","CT","20429.75","21850","21850","21850","21850","21850","40059922","","40059922_BD","1"
"40059923","HIT AER ORANGE 400+40ML EXTRA","63","PC","12","CT","20429.75","21850","21850","21850","21850","21850","40059923","","40059923","1"
"40059924","HIT AER FRESH CITRUS 400ML+40ML","63","PC","12","CT","20429.75","21850","21850","21850","21850","21850","40059924","","40059924","1"
"40059924_BD","HIT AER FRESH CITRUS 400ML+40ML","63","PC","12","CT","20429.75","21850","21850","21850","21850","21850","40059924","","40059924_BD","1"
"40059925","STELLA AER CAFFE LATTE 175ML+25ML RJV","63","PC","12","CT","14025","15000","15000","15000","15000","15000","40059925","","40059925","1"
"40059925_BD","STELLA AER CAFFE LATTE 175ML+25ML RJV","63","PC","12","CT","14025","15000","15000","15000","15000","15000","40059925","","40059925_BD","1"
"40059926","STELLA AER RAJA AMPAT 175+25ML RJV","63","PC","12","CT","14025","15000","15000","15000","15000","15000","40059926","","40059926","1"
"40059926_BD","STELLA AER RAJA AMPAT 175+25ML RJV","63","PC","12","CT","14025","15000","15000","15000","15000","15000","40059926","","40059926_BD","1"
"40059927","STELLA AER APPLE S 350+50ML RJV","63","PC","12","CT","20383","21800","21800","21800","21800","21800","40059927","","40059927","1"
"40059927_BD","STELLA AER APPLE S 350+50ML RJV","63","PC","12","CT","20383","21800","21800","21800","21800","21800","40059927","","40059927_BD","1"
"40059928","STELLA AER LEMON S 350+50ML RJV","63","PC","12","CT","20383","21800","21800","21800","21800","0","40059928","","40059928","1"
"40059928_BD","STELLA AER LEMON S 350+50ML RJV","63","PC","12","CT","20383","21800","21800","21800","21800","0","40059928","","40059928_BD","1"
"40059929","STELLA AER CAFFE LATTE 350+50ML RJV","63","PC","12","CT","20383","21800","21800","21800","21800","0","40059929","","40059929","1"
"40059930","STELLA AER S LAVENDER 350ML+50ML RJV","63","PC","12","CT","20383","21800","21800","21800","21800","21800","40059930","","40059930","1"
"40059930_BD","STELLA AER S LAVENDER 350ML+50ML RJV","63","PC","12","CT","20383","21800","21800","21800","21800","21800","40059930","","40059930_BD","1"
"40059931","STELLA AER J SAKURA 350+50ML","63","PC","12","CT","20383","21800","21800","21800","21800","21800","40059931","","40059931","1"
"40059931_BD","STELLA AER J SAKURA 350+50ML","63","PC","12","CT","20383","21800","21800","21800","21800","21800","40059931","","40059931_BD","1"
"40059932","STELLA AER B KENANGA 350+50ML","63","PC","12","CT","20383","21800","21800","21800","21800","21800","40059932","","40059932","1"
"40059932_BD","STELLA AER B KENANGA 350+50ML","63","PC","12","CT","20383","21800","21800","21800","21800","21800","40059932","","40059932_BD","1"
"40059933","STELLA AER W VERBENA S 350+50ML RJV","63","PC","12","CT","20383","21800","21800","21800","21800","0","40059933","","40059933","1"
"40059934","STELLA AER B JASMINE S 350+50ML RJV","63","PC","12","CT","20383","21800","21800","21800","21800","21800","40059934","","40059934","1"
"40059934_BD","STELLA AER B JASMINE S 350+50ML RJV","63","PC","12","CT","20383","21800","21800","21800","21800","21800","40059934","","40059934_BD","1"
"40059935","STELLA AER JEJU ORANGE 350+50ML RJV","63","PC","12","CT","20383","21800","21800","21800","21800","21800","40059935","","40059935","1"
"40059935_BD","STELLA AER JEJU ORANGE 350+50ML RJV","63","PC","12","CT","20383","21800","21800","21800","21800","21800","40059935","","40059935_BD","1"
"40059936","STELLA AER APPLE 350ML+50ML MTP RJV","63","PC","6","CT","38616","41300","41300","41300","41300","41300","40059936","","40059936","1"
"40059937","STELLA AER JEJU ORANGE 350ML+50ML MTP RJV","63","PC","6","CT","38616","41300","41300","41300","41300","41300","40059937","","40059937","1"
"40059938","STELLA AER RAJA AMPAT 350ML+50ML RJV","63","PC","12","CT","20383","21800","21800","21800","21800","21800","40059938","","40059938","1"
"40059938_BD","STELLA AER RAJA AMPAT 350ML+50ML RJV","63","PC","12","CT","20383","21800","21800","21800","21800","21800","40059938","","40059938_BD","1"
"40059939","STELLA MTC REF W.VERBENA 160+65ML RJV","63","PC","12","CT","26460.5","28300","28300","28300","28300","26460.5","40059939","","40059939","1"
"40059940","STELLA MTC REF W FLOWER 160ML+65ML RJV","63","PC","12","CT","26461","28300","28300","28300","28300","28300","40059940","","40059940","1"
"40059940_BD","STELLA MTC REF W FLOWER 160ML+65ML RJV","63","PC","12","CT","26461","28300","28300","28300","28300","28300","40059940","","40059940_BD","1"
"40059941","STELLA MTC REF LAVENDER 160ML+65ML RJV","63","PC","12","CT","26461","28300","28300","28300","28300","28300","40059941","","40059941","1"
"40059941_BD","STELLA MTC REF LAVENDER 160ML+65ML RJV","63","PC","12","CT","26461","28300","28300","28300","28300","28300","40059941","","40059941_BD","1"
"40059942","STELLA MTC REF LAVENDER 160ML+65ML MTP RJV","63","PC","6","CT","50023","53500","53500","53500","53500","53500","40059942","","40059942","1"
"40059943","STELLA MTC REF B KENANGA 160ML+65ML RJV","63","PC","12","CT","26461","28300","28300","28300","28300","28300","40059943","","40059943","1"
"40059944","STELLA MTC REF LEMON 160ML+65ML RJV","63","PC","12","CT","26461","28300","28300","28300","28300","28300","40059944","","40059944","1"
"40059944_BD","STELLA MTC REF LEMON 160ML+65ML RJV","63","PC","12","CT","26461","28300","28300","28300","28300","28300","40059944","","40059944_BD","1"
"40059945","STELLA MTC REF J SAKURA 160ML+65ML RJV","63","PC","12","CT","26461","28300","28300","28300","28300","28300","40059945","","40059945","1"
"40059945_BD","STELLA MTC REF J SAKURA 160ML+65ML RJV","63","PC","12","CT","26461","28300","28300","28300","28300","28300","40059945","","40059945_BD","1"
"40059946","STELLA MTC REF J.SAKURA 160+65ML MTP RJV","63","PC","6","CT","50022.5","53500","53500","53500","53500","53500","40059946","","40059946","1"
"40059946_BD","STELLA MTC REF J.SAKURA 160+65ML MTP RJV","63","PC","6","CT","50022.5","53500","53500","53500","53500","53500","40059946","","40059946_BD","1"
"40059947","STELLA MTC REF G.FANTASY 160+65ML RJV","63","PC","12","CT","26460.5","28300","28300","28300","28300","28300","40059947","","40059947","1"
"40059947_BD","STELLA MTC REF G.FANTASY 160+65ML RJV","63","PC","12","CT","26460.5","28300","28300","28300","28300","28300","40059947","","40059947_BD","1"
"40059948","STELLA MTC REF G FANTASY 160ML+65ML MTP RJV","63","PC","6","CT","50023","53500","53500","53500","53500","53500","40059948","","40059948","1"
"40059949","STELLA MTC REF C LATTE 160ML+65ML RJV","63","PC","12","CT","26461","28300","28300","28300","28300","28300","40059949","","40059949","1"
"40059950","STELLA MTC REF C LATTE 160ML+65ML MTP RJV","63","PC","6","CT","50023","53500","53500","53500","53500","53500","40059950","","40059950","1"
"40059951","STELLA MTC REF B. JASMINE S 160M+65MLL RJV.","63","PC","12","CT","26461","28300","28300","28300","28300","28300","40059951","","40059951","1"
"40059951_BD","STELLA MTC REF B. JASMINE S 160M+65MLL RJV.","63","PC","12","CT","26461","28300","28300","28300","28300","28300","40059951","","40059951_BD","1"
"40059952","STELLA MTC REF APPLE 160ML+65ML MTP RJV","63","PC","6","CT","50023","53500","53500","53500","53500","53500","40059952","","40059952","1"
"40059953","STELLA MTC REF APPLE 160ML+65ML RJV","63","PC","12","CT","26461","28300","28300","28300","28300","28300","40059953","","40059953","1"
"40059953_BD","STELLA MTC REF APPLE 160ML+65ML RJV","63","PC","12","CT","26461","28300","28300","28300","28300","28300","40059953","","40059953_BD","1"
"40059954","STELLA MTC REF J ORANGE 160+65ML RJV","63","PC","12","CT","26460.5","28300","28300","28300","28300","28300","40059954","","40059954","1"
"40059955","STELLA MTC REF J.ORANGE 160+65ML MTP RJV","63","PC","6","CT","50022.5","53500","53500","53500","53500","53500","40059955","","40059955","1"
"40059956","STELLA MTC REF RAJA AMPAT 160ML+65ML RJV","63","PC","12","CT","26461","28300","28300","28300","28300","28300","40059956","","40059956","1"
"40059956_BD","STELLA MTC REF RAJA AMPAT 160ML+65ML RJV","63","PC","12","CT","26461","28300","28300","28300","28300","28300","40059956","","40059956_BD","1"
"40059995","LEM TIKUS TRAP CAP GAJAH 70 GR B2N NEW","63","PC","72","CT","11033","11800","11800","11800","11800","11800","40059995","","40059995","1"
"40059999","POLYTEX MTP SS 20GR EXTRA BERSIH ISI 3NEW","63","PC","24","CT","11585","12390","12390","12390","12390","12390","40059999","","40059999","1"
"40060005","HIT AER PINK BLOSSOM 400+40ML EXTRA","63","PC","12","CT","20429.75","21850","21850","21850","21850","21850","40060005","","40060005","1"
"40060006","HIT AER JAPANESE SAKURA 400ML+40ML","63","PC","12","CT","20429.75","21850","21850","21850","21850","21850","40060006","","40060006","1"
"40060007","HIT AER LAVENDER BREZER 400+40ML EXTRA","63","PC","12","CT","20429.75","21850","21850","21850","21850","23750","40060007","","40060007","1"
"40060008","HIT AER COTTON POWDER 400ML+40ML EXTRA","63","PC","12","CT","20429.75","21850","21850","21850","21850","21850","40060008","","40060008","1"
"40060008_BD","HIT AER COTTON POWDER 400ML+40ML EXTRA","63","PC","12","CT","20429.75","21850","21850","21850","21850","21850","40060008","","40060008_BD","1"
"40060009","HIT AER COTTON POWDER 600+50ML EXTRA","63","PC","12","CT","27115","29000","29000","29000","29000","29000","40060009","","40060009","1"
"40060009_BD","HIT AER COTTON POWDER 600+50ML EXTRA","63","PC","12","CT","27115","29000","29000","29000","29000","29000","40060009","","40060009_BD","1"
"40060010","HIT AER LVENDER BREZEE 600+50ML EXTRA","63","PC","12","CT","27115","29000","29000","29000","29000","29000","40060010","","40060010","1"
"40060010_BD","HIT AER LVENDER BREZEE 600+50ML EXTRA","63","PC","12","CT","27115","29000","29000","29000","29000","29000","40060010","","40060010_BD","1"
"40060011","HIT AER LILY BLOSSOM 600+50ML ESTRA","63","PC","12","CT","27115","29000","29000","29000","29000","31300","40060011","","40060011","1"
"40060011_BD","HIT AER LILY BLOSSOM 600+50ML ESTRA","63","PC","12","CT","27115","29000","29000","29000","29000","29000","40060011","","40060011_BD","1"
"40060012","HIT AER ORANGE 600+50ML EXTRA","63","PC","12","CT","27115","29000","29000","29000","29000","31300","40060012","","40060012","1"
"40060012_BD","HIT AER ORANGE 600+50ML EXTRA","63","PC","12","CT","27115","29000","29000","29000","29000","29000","40060012","","40060012_BD","1"
"40060013","HIT AER FRESH CITRUS 600+50ML EXTRA","63","PC","12","CT","27115","29000","29000","29000","29000","31300","40060013","","40060013","1"
"40060013_BD","HIT AER FRESH CITRUS 600+50ML EXTRA","63","PC","12","CT","27115","29000","29000","29000","29000","29000","40060013","","40060013_BD","1"
"40060014","HIT AER PINK BLOSSOM 600+50ML EXTRA","63","PC","12","CT","27115","29000","29000","29000","29000","31300","40060014","","40060014","1"
"40060014_BD","HIT AER PINK BLOSSOM 600+50ML EXTRA","63","PC","12","CT","27115","29000","29000","29000","29000","29000","40060014","","40060014_BD","1"
"40060015","HIT AER JAPANESE SAKURA 600+50ML EXTRA","63","PC","12","CT","27115","29000","29000","29000","29000","31300","40060015","","40060015","1"
"40060015_BD","HIT AER JAPANESE SAKURA 600+50ML EXTRA","63","PC","12","CT","27115","29000","29000","29000","29000","29000","40060015","","40060015_BD","1"
"40060016","HIT AER PINK BLOSSOM 150+25ML EXTRA","63","PC","24","CT","9257","9900","9900","9900","9900","9900","40060016","","40060016","1"
"40060017","HIT AER LILY BLOSSOM 150+25ML EXTRA","63","PC","24","CT","9257","9900","9900","9900","9900","9900","40060017","","40060017","1"
"40060017_BD","HIT AER LILY BLOSSOM 150+25ML EXTRA","63","PC","24","CT","9257","9900","9900","9900","9900","9900","40060017","","40060017_BD","1"
"40060018","HIT AER ORANGE 150+25ML EXTRA","63","PC","24","CT","9257","9900","9900","9900","9900","9900","40060018","","40060018","1"
"40060018_BD","HIT AER ORANGE 150+25ML EXTRA","63","PC","24","CT","9257","9900","9900","9900","9900","9900","40060018","","40060018_BD","1"
"40060019","HIT AER LILY BLOSSOM 180+30ML EXTRA","63","PC","12","CT","13161.06","14076","14076","14076","14076","14076","40060019","","40060019","1"
"40060019_BD","HIT AER LILY BLOSSOM 180+30ML EXTRA","63","PC","12","CT","13161.06","14076","14076","14076","14076","14076","40060019","","40060019_BD","1"
"40060020","HIT AER ORANGE 180+30ML EXTRA","63","PC","12","CT","13161.06","14076","14076","14076","14076","14076","40060020","","40060020","1"
"40060020_BD","HIT AER ORANGE 180+30ML EXTRA","63","PC","12","CT","13161.06","14076","14076","14076","14076","14076","40060020","","40060020_BD","1"
"40060021","HIT AER JAPANESE SAKURA 180+30ML","63","PC","12","CT","13161.06","14076","14076","14076","14076","14076","40060021","","40060021","1"
"40060021_BD","HIT AER JAPANESE SAKURA 180+30ML","63","PC","12","CT","13161.06","14076","14076","14076","14076","14076","40060021","","40060021_BD","1"
"40060053","HIT AER PINK BLOSSOM 180+30ML EXTRA","63","PC","12","CT","13161.06","14076","14076","14076","14076","14076","40060053","","40060053","1"
"40060053_BD","HIT AER PINK BLOSSOM 180+30ML EXTRA","63","PC","12","CT","13161.06","14076","14076","14076","14076","14076","40060053","","40060053_BD","1"
"40060133","STELLA SMART MTC BOX RJV 160ML EXTRA","63","PC","12","CT","76605","81929.73","81929.73","81929.73","81929.73","81929.73","40060133","","40060133","1"
"40060134","POLYTEX SS REG 12.5G PAPAN 12S NS","63","PC","72","CT","1877.95","2009","2009","2009","2009","2009","40060134","","40060134","1"
"40060134_BD","POLYTEX SS REG 12.5G PAPAN 12S NS","63","PC","72","CT","1877.95","2009","2009","2009","2009","2009","40060134","","40060134_BD","1"
"40060135","POLYTEX SABUT JARING ANTI GORES NS","63","PC","72","CT","6872","7350","7350","7350","7350","7350","40060135","","40060135","1"
"40060136","SUSEMI SABUT STAINLESS HGR 36X12","63","PC","432","CT","1234","1320","1320","1320","1320","1320","40060136","","40060136","1"
"40060136_BD","SUSEMI SABUT STAINLESS HGR 36X12","63","PC","432","CT","1234","1320","1320","1320","1320","1320","40060136","","40060136_BD","1"
"40060390","PROCLIN PENGHILANG NODA 400ML+50ML","63","PC","12","CT","17344","18550","18550","18550","18550","18550","40060390","","40060390","1"
"40060392","NYU CREME  SACHET NATURAL BLACK 20GR (PI)","63","PC","144","CT","5077.05","5430","5430","5430","5430","5430","40060392","","40060392","1"
"40060392_BD","NYU CREME  SACHET NATURAL BLACK 20GR (PI)","63","PC","144","CT","5077.05","5430","5430","5430","5430","5430","40060392","","40060392_BD","1"
"40060393","NYU CREME  SACHET NATURAL BROWN 20GR (PI)","63","PC","144","CT","5077.05","5430","5430","5430","5430","5430","40060393","","40060393","1"
"40060393_BD","NYU CREME  SACHET NATURAL BROWN 20GR (PI)","63","PC","144","CT","5077.05","5077.05","5077.05","5077.05","5077.05","5077.05","40060393","","40060393_BD","1"
"40060394","NYU CREME HC SACHET GOLDEN BROWN 20GR","63","PC","144","CT","5077.05","5430","5430","5430","5430","5430","40060394","","40060394","1"
"40060485","NYU CREME HC SACHET BLUE BLACK 20GR","63","PC","144","CT","5077.05","5430","5430","5430","5430","5430","40060485","","40060485","1"
"40060525","HIT AEROSOL COTTON POWDER 750ML","63","PC","12","CT","35191.53","37638","37638","37638","37638","37638","40060525","","40060525","1"
"40060525_BD","HIT AEROSOL COTTON POWDER 750ML","63","PC","12","CT","35191.53","37638","37638","37638","37638","37638","40060525","","40060525_BD","1"
"40060575","STELLA MATIC BOX SET + HANG N FLIP EXTRA","63","PC","12","CT","56399.2","60320","60320","60320","60320","60320","40060575","","40060575","1"
"40060607","STELLA MATIC SET + HANG N FLIP EXTRA","63","PC","12","CT","56399.2","60320","60320","60320","60320","60320","40060607","","40060607","1"
"40060758","STELLA MTC SET + MTC SET RAL RJV EXTRA","63","PC","12","CT","56399.2","60320","60320","60320","60320","60320","40060758","","40060758","1"
"40060793","HIT MAT GK DEVICE WITH CABLE 6S NF","63","PC","48","CT","8415","9000","9000","9000","9000","9000","40060793","","40060793","1"
"40060796","HIT MAT GK REFILL 60S+6s CLASSIC NP","63","PC","72","CT","10874.05","11630","11630","11630","11630","11630","40060796","","40060796","1"
"40060797","HIT MAT GK REFILL 30+3S CLASSIC NF","63","PC","144","CT","5544.55","5930","5930","5930","5930","5930","40060797","","40060797","1"
"40060798","HIT MAT GK REFILL 60S+6s GREEN TEA NP","63","PC","72","CT","10874.05","11630","11630","11630","11630","11630","40060798","","40060798","1"
"40060800","HIT MAT GK REFILL 30+3S GREEN TEA NP","63","PC","144","CT","5545","5930","5930","5930","5930","5930","40060800","","40060800","1"
"40061151","NYU CREME HC CHERRY RED (NF)","63","PC","24","CT","12997","13900","13900","13900","13900","13900","40061151","","40061151","1"
"40061766","STELLA AIO JEJU ORANGE 42+10GR RJV","63","PC","72","CT","8322","8900","8900","8900","8900","8900","40061766","","40061766","1"
"40061766_BD","STELLA AIO JEJU ORANGE 42+10GR RJV","63","PC","72","CT","8322","8900","8900","8900","8900","8900","40061766","","40061766_BD","1"
"40061767","STELLA AIO APPLE 42+10GR RJV","63","PC","72","CT","8322","8900","8900","8900","8900","8900","40061767","","40061767","1"
"40061767_BD","STELLA AIO APPLE 42+10GR RJV","63","PC","72","CT","8322","8900","8900","8900","8900","8900","40061767","","40061767_BD","1"
"40061768","STELLA AIO LAVENDER 42+10GR RJV","63","PC","72","CT","8322","8900","8900","8900","8900","8900","40061768","","40061768","1"
"40061768_BD","STELLA AIO LAVENDER 42+10GR RJV","63","PC","72","CT","8322","8900","8900","8900","8900","8900","40061768","","40061768_BD","1"
"40061769","STELLA AIO BALINESE JASMINE 42+10GR RJV","63","PC","72","CT","8322","8900","8900","8900","8900","8900","40061769","","40061769","1"
"40061769_BD","STELLA AIO BALINESE JASMINE 42+10GR RJV","63","PC","72","CT","8322","8900","8900","8900","8900","8900","40061769","","40061769_BD","1"
"40061770","STELLA AIO F.SENSATION 42+10GR RJV","63","PC","72","CT","8322","8900","8900","8900","8900","8900","40061770","","40061770","1"
"40061770_BD","STELLA AIO F.SENSATION 42+10GR RJV","63","PC","72","CT","8322","8900","8900","8900","8900","8900","40061770","","40061770_BD","1"
"40061771","STELLA AIO S.BOUGENVILLE 42+10GR RJV","63","PC","72","CT","8322","8900","8900","8900","8900","8900","40061771","","40061771","1"
"40061771_BD","STELLA AIO S.BOUGENVILLE 42+10GR RJV","63","PC","72","CT","8322","8900","8900","8900","8900","8900","40061771","","40061771_BD","1"
"40061772","STELLA AIO CAFE LATTE 42+10GR RJV","63","PC","72","CT","8322","8900","8900","8900","8900","8900","40061772","","40061772","1"
"40061774","STELLA AIO J ORANGE 42+10GR(3+1)MTP RJV","63","PC","18","CT","31416","33600","33600","33600","33600","33600","40061774","","40061774","1"
"40061775","STELLA AIO LAVENDER 42+10GR(3+1)MTP RJV","63","PC","18","CT","31416","33600","33600","33600","33600","33600","40061775","","40061775","1"
"40062315","STELLA MTC BOX B2B WARM VERBENA EXTRA","63","PC","12","CT","56399.2","60320","60320","60320","60320","56399.2","40062315","","40062315","1"
"40062316","HIT MAT GK REFILL 60+6S PINK BLOSSOM NF","63","PC","72","CT","10874.05","11630","11630","11630","11630","11630","40062316","","40062316","1"
"40062317","HIT MAT GK REFILL 30+3S PINK BLOSSOM NF","63","PC","144","CT","5544.55","5930","5930","5930","5930","5930","40062317","","40062317","1"
"40062940","HIT MAT GK REFILL 4S CLASSIC NF","63","PC","864","CT","673","720","720","720","720","720","40062940","","40062940","1"
"40062941","HIT MAT GK REFILL 4S GREEN TEA NF","63","PC","864","CT","673","720","720","720","720","720","40062941","","40062941","1"
"4201004_BD","MI-U JUICE ORANGE 350ML 24/CT","MFB","PC","24","CT","2545.45","3636.36","3636.36","3636.36","3636.36","3636.36","4201004","","","1"
"4301040_BD","SPONGE CRUNCH COKLAT 120GRX20","MFB","PC","20","CT","23068.18","32634.03","32634.03","32634.03","32634.03","32634.03","4301040","","","1"
"5201001_BD","RUMPUT LAUT ORIGINAL 20GR 45/CT","MFB","PC","45","CT","7727.27","9545.45","9545.45","9545.45","9545.45","9545.45","5201001","","","1"
"5201002_BD","RUMPUT LAUT SPICY 20GR 45/CT","MFB","PC","45","CT","7727.27","9545.45","9545.45","9545.45","9545.45","9545.45","5201002","","","1"
"5201003_BD","RUMPUT LAUT BARBEQUE 20GR 45/CT","MFB","PC","45","CT","7727.27","9545.45","9545.45","9545.45","9545.45","9545.45","5201003","","","1"
"5401001_BD","POKKA JASMINE GREEN TEA 24X300ML","MFB","PC","24","CT","4810.61","5227.27","5227.27","5227.27","5227.27","5227.27","5401001","","","1"
"5401002_BD","POKKA JASMINE GREEN TEA 24X500ML","MFB","PC","24","CT","4356.04","4734.84","4734.84","4734.84","4734.84","4734.84","5401002","","","1"
"5401005_BD","POKKA LEMON BLACK TEA BTL 350MLX24","MFB","PC","24","CT","2511.36","2811.62","2811.62","2811.62","2811.62","2811.62","5401005","","","1"
"5401005_BN","POKKA LEMON BLACK TEA BTL 350MLX24","MFB","PC","24","CT","2511.36","2811.62","2811.62","2811.62","2811.62","2811.62","5401005","","","1"
"5401006_BD","POKKA JASMINE GREENTEA 450MX24","MFB","PC","24","CT","3643.94","4080.75","4080.75","4080.75","4080.75","4080.75","5401006","","","1"
"5401007_BD","NATSBEE HONEY LEMON 450MLX24 BTL","MFB","PC","24","CT","4077.27","4432","4432","4432","4432","4432","5401007","","","1"
"5401008_BD","POKKA LYCHEE BLACK TEA BTL 350X24","MFB","PC","24","CT","2511.82","2811.62","2811.62","2811.62","2811.62","2811.62","5401008","","","1"
"5401009_BD","POKKA OLONG TEA LESS SUGAR 450ML","MFB","PC","24","CT","3643.94","3958.18","3958.18","3958.18","3958.18","3958.18","5401009","","","1"
"54680","GIMMICK JAKET NS U/ MDS","60","PC","1","PC","0","0","0","0","0","0","54680","","","1"
"54695","HANGER KUNING NS FIBER","60","PC","1","PC","0","0","0","0","0","0","54695","","","1"
"54700","HANGER BESI NS","60","PC","1","PC","0","0","0","0","0","0","54700","","","1"
"6301001_BD","WANGCHIPS 10PCX10PACK","MFB","PC","100","CT","636.36","727.27","727.27","727.27","727.27","727.27","6301001","","","1"
"6301002_BD","WANGCHIPS PLUS 10PCX10PACK","MFB","PC","100","CT","636.36","727.27","727.27","727.27","727.27","727.27","6301002","","","1"
"6301003_BD","HAHAMIE 10PCX10PACK","MFB","PC","100","CT","636.36","727.27","727.27","727.27","727.27","727.27","6301003","","","1"
"6401001_BD","BIUTILY 12X24pc","MFB","PC","288","CT","326.7","363","363","363","363","363","6401001","","","1"
"6401004_BD","DOLLAR CHOCO 6X200","MFB","PC","6","CT","30000.02","33333.36","33333.36","33333.36","33333.36","33333.36","6401004","","","1"
"6401005_BD","FRUITIMON 12X40","MFB","PC","480","CT","327.27","363.64","363.64","363.64","363.64","363.64","6401005","","","1"
"6401006_BD","HOP HOP CANDY 6X60","MFB","BG","6","CT","19772.73","21969.7","21969.7","21969.7","21969.7","21969.7","6401006","","","1"
"6401015_BD","PUSAN BG TATO TOPLES 6X200","MFB","TP","6","CT","23863","26515.15","26515.15","26515.15","26515.15","26515.15","6401015","","","1"
"6401019_BD","TRIO CANDY 12X45","MFB","TP","12","CT","11250","12500","12500","12500","12500","12500","6401019","","","1"
"6401022_BD","NINJA UMBRELLA CRISPY 12X50","MFB","JR","12","CT","15545.45","17272.73","17272.73","17272.73","17272.73","17272.73","6401022","","","1"
"6401025_BD","KATE EYE 20X40PC","MFB","PC","800","CT","306.82","340.91","340.91","340.91","340.91","340.91","6401025","","","1"
"6401026_BD","MARSHMALLOW ASS 20X20","MFB","PC","400","CT","296.59","329.55","329.55","329.55","329.55","329.55","6401026","","","1"
"6401030_BD","SWISS ROLL BOLU COKLAT BAG 8X20","MFB","PC","160","CT","628.97","698.86","698.86","698.86","698.86","698.86","6401030","","","1"
"6401031_BD","SWISS ROLL BOLU STRAWBERRY BAG 8X20","MFB","PC","160","CT","628.97","698.86","698.86","698.86","698.86","698.86","6401031","","","1"
"6401032_BD","SWISS ROLL BOLU PANDAN BAG 8X20","MFB","PC","160","CT","628.97","698.86","698.86","698.86","698.86","698.86","6401032","","","1"
"6401033_BD","ICE MARSHMALLOW ASSORTED 20X20","MFB","PC","400","CT","319.09","354.55","354.55","354.55","354.55","354.55","6401033","","","1"
"6401037","MINI SWIT CANDY 8X500GR","MFB","PC","8","CT","13800.0016","15681.82","15681.82","15681.82","15681.82","15681.82","6401037","","","1"
"6401037_BD","MINI SWIT CANDY 8X500GR","MFB","PC","8","CT","13800.0016","15681.82","15681.82","15681.82","15681.82","15681.82","6401037","","","1"
"6501001","BIS CRACK SNDW CHOCO CRM 8X12X36","MFB","PC","96","CT","1636.36","1818.17","1818.17","1818.17","1818.17","1818.17","6501001","BCHO36 DB","","1"
"6501001_BD","BIS CRACK SNDW CHOCO CRM 8X12X36","MFB","PC","96","CT","1636.36","1818.17","1818.17","1818.17","1818.17","1818.17","6501001","BCHO36 DB","","1"
"6501002","BIS CRACK SNDW VANILLA CRM 8X12X36","MFB","PC","96","CT","1636.36","1818.17","1818.17","1818.17","1818.17","1818.17","6501002","BVAN36 DB","","1"
"6501002_BD","BIS CRACK SNDW VANILLA CRM 8X12X36","MFB","PC","96","CT","1636.36","1818.17","1818.17","1818.17","1818.17","1818.17","6501002","BVAN36 DB","","1"
"6501003","BIS CRACK SNDW CHEESE CRM 8X12X36G","MFB","PC","96","CT","1636.36","1818.17","1818.17","1818.17","1818.17","1818.17","6501003","BCHE36 DB","","1"
"6501003_BD","BIS CRACK SNDW CHEESE CRM 8X12X36G","MFB","PC","96","CT","1636.36","1818.17","1818.17","1818.17","1818.17","1818.17","6501003","BCHE36 DB","","1"
"6501004","BIS CRACK SNDW CHOC CRM 108GR","MFB","PC","24","CT","4745.7","5273","5273","5273","5273","5273","6501004","BCHO108","","1"
"6501004_BD","BIS CRACK SNDW CHOC CRM 108GR","MFB","PC","24","CT","4745.7","5273","5273","5273","5273","5273","6501004","BCHO108","","1"
"6501005","BIS CRACK SNDW VANILLA CRM 108G","MFB","PC","24","CT","4745.7","5273","5273","5273","5273","5273","6501005","BVAN108","","1"
"6501005_BD","BIS CRACK SNDW VANILLA CRM 108G","MFB","PC","24","CT","4745.7","5273","5273","5273","5273","5273","6501005","BVAN108","","1"
"6501006","BIS CRACK SNDW CHEESE CRM 108GR","MFB","PC","24","CT","4745.7","5273","5273","5273","5273","5273","6501006","BCHE108","","1"
"6501006_BD","BIS CRACK SNDW CHEESE CRM 108GR","MFB","PC","24","CT","4745.7","5273","5273","5273","5273","5273","6501006","","","1"
"6501007","BIS CRACK SNDW CHOC TIN 324GR","MFB","PC","6","CT","25478.25","28309.16","28309.16","28309.16","28309.16","28309.16","6501007","BCHO324","","1"
"6501007_BD","BIS CRACK SNDW CHOC TIN 324GR","MFB","PC","6","CT","25478.25","28309.16","28309.16","28309.16","28309.16","28309.16","6501007","BCHO324","","1"
"6501008","MM SUSU KENTAL MANIS 116GR","MFB","PC","24","CT","4090.91","4545.46","4545.46","4545.46","4545.46","4545.46","6501008","MORI116","","1"
"6501008_BD","MM SUSU KENTAL MANIS 116GR","MFB","PC","24","CT","4090.91","4545.46","4545.46","4545.46","4545.46","4545.46","6501008","MORI116","","1"
"6501009","MM SUSU KENTAL MANIS 100GR","MFB","PC","24","CT","4090.91","4545.46","4545.46","4545.46","4545.46","4545.46","6501009","MORI100","","1"
"6501009_BD","MM SUSU KENTAL MANIS 100GR","MFB","PC","24","CT","4090.91","4545.46","4545.46","4545.46","4545.46","4545.46","6501009","MORI100","","1"
"6501010","MM KENTAL MANIS CHOC 100GR","MFB","PC","24","CT","4090.91","4545.45","4545.45","4545.45","4545.45","4545.45","6501010","MCHO100","","1"
"6501010_BD","MM KENTAL MANIS CHOC 100GR","MFB","PC","24","CT","4090.91","4545.45","4545.45","4545.45","4545.45","4545.45","6501010","MCHO100","","1"
"6501011","BIS CRACK SNDW CHOC CRM 6X20X18G","MFB","PC","120","CT","654.55","727.27","727.27","727.27","727.27","727.27","6501011","BCHO18 DB","","1"
"6501011_BD","BIS CRACK SNDW CHOC CRM 6X20X18G","MFB","PC","120","CT","654.55","727.27","727.27","727.27","727.27","727.27","6501011","BCHO18 DB","","1"
"6501012","BIS CRACK SNDW CHEESE CRM 6X20X18G","MFB","PC","120","CT","654.55","727.27","727.27","727.27","727.27","727.27","6501012","BCHE18 DB","","1"
"6501012_BD","BIS CRACK SNDW CHEESE CRM 6X20X18G","MFB","PC","120","CT","654.55","727.27","727.27","727.27","727.27","727.27","6501012","BCHE18 DB","","1"
"6501013","BIS CRACK SNDW CHOC CRM 12X10X18G HGR","MFB","PC","120","CT","654.55","727.27","727.27","727.27","727.27","727.27","6501013","BCHO18 HG","","1"
"6501013_BD","BIS CRACK SNDW CHOC CRM 12X10X18G HGR","MFB","PC","120","CT","654.55","727.27","727.27","727.27","727.27","727.27","6501013","BCHO18 HG","","1"
"6501014","BIS CRACK SNDW CHEESE CRM 12X10X18G HGR","MFB","PC","120","CT","654.55","727.27","727.27","727.27","727.27","727.27","6501014","BCHE18 HG","","1"
"6501014_BD","BIS CRACK SNDW CHEESE CRM 12X10X18G HGR","MFB","PC","120","CT","654.55","727.27","727.27","727.27","727.27","727.27","6501014","BCHE18 HG","","1"
"6501015","BISKIES CHOC POLYBAG 4X6X108GR","MFB","PC","24","CT","3927.6","4364","4364","4364","4364","4364","6501015","BCHO108 PB","","1"
"6501015_BD","BISKIES CHOC POLYBAG 4X6X108GR","MFB","PC","24","CT","3927.6","4364","4364","4364","4364","4364","6501015","BCHO108 PB","","1"
"6501016","BISKIES CHEESE POLYBAG 4X6X108G","MFB","PC","24","CT","3927.6","4364","4364","4364","4364","4364","6501016","BCHE108 PB","","1"
"6501016_BD","BISKIES CHEESE POLYBAG 4X6X108G","MFB","PC","24","CT","3927.6","4364","4364","4364","4364","4364","6501016","BCHE108 PB","","1"
"6501017","MM SUSU KENTAL MANIS 6X20X23G","MFB","PC","120","CT","654.55","727.27","727.27","727.27","727.27","727.27","6501017","MORI23 DB","","1"
"6501017_BD","MM SUSU KENTAL MANIS 6X20X23G","MFB","PC","120","CT","654.55","727.27","727.27","727.27","727.27","727.27","6501017","MORI23 DB","","1"
"6501018","MM SUSU KENTAL MANIS 6X20X20G","MFB","PC","120","CT","654.55","727.27","727.27","727.27","727.27","727.27","6501018","MORI20","","1"
"6501018_BD","MM SUSU KENTAL MANIS 6X20X20G","MFB","PC","120","CT","654.55","727.27","727.27","727.27","727.27","727.27","6501018","MORI20","","1"
"6501019","MM SUSU KENTAL MANIS CHOC 6X20X20G","MFB","PC","120","CT","654.55","727.27","727.27","727.27","727.27","727.27","6501019","MCHO020","","1"
"6501019_BD","MM SUSU KENTAL MANIS CHOC 6X20X20G","MFB","PC","120","CT","654.55","727.27","727.27","727.27","727.27","727.27","6501019","MCHO020","","1"
"6501020","MM SUSU KENTAL MANIS HGR 12X10X20G","MFB","PC","120","CT","654.55","727.27","727.27","727.27","727.27","727.27","6501020","MORI20 HG","","1"
"6501020_BD","MM SUSU KENTAL MANIS HGR 12X10X20G","MFB","PC","120","CT","654.55","727.27","727.27","727.27","727.27","727.27","6501020","MORI20 HG","","1"
"6501021","MM SUSU KENTAL MANIS CHOC HGR 12X10X20G","MFB","PC","120","CT","654.55","727.27","727.27","727.27","727.27","727.27","6501021","MCHO20 HG","","1"
"6501021_BD","MM SUSU KENTAL MANIS CHOC HGR 12X10X20G","MFB","PC","120","CT","654.55","727.27","727.27","727.27","727.27","727.27","6501021","MCHO20 HG","","1"
"6501022","MILKIES POLYBAG 4X6X116GR","MFB","PC","24","CT","3272.74","3636.37","3636.37","3636.37","3636.37","3636.37","6501022","MORI116 PB","","1"
"6501022_BD","MILKIES POLYBAG 4X6X116GR","MFB","PC","24","CT","3272.74","3636.37","3636.37","3636.37","3636.37","3636.37","6501022","MORI116 PB","","1"
"6501023","MILKIES POLYBAG 4X6X100GR","MFB","PC","24","CT","3272.74","3636.37","3636.37","3636.37","3636.37","3636.37","6501023","MORI100 PB","","1"
"6501023_BD","MILKIES POLYBAG 4X6X100GR","MFB","PC","24","CT","3272.74","3636.37","3636.37","3636.37","3636.37","3636.37","6501023","MORI100 PB","","1"
"6501024","MILKIES MALKIST","MFB","PC","120","CT","0","0","0","0","0","0","6501024","","","1"
"6501025","MILKIES MALKIS","MFB","PC","120","CT","0","0","0","0","0","0","6501025","","","1"
"6501026","BIS CRACK SDW COFFEE ECLAIR DBX 6X20X18G","MFB","PC","120","CT","654.55","727.27","727.27","727.27","727.27","727.27","6501026","","","1"
"6501026_BD","BIS CRACK SDW COFFEE ECLAIR DBX 6X20X18G","MFB","PC","120","CT","654.55","727.27","727.27","727.27","727.27","727.27","6501026","","","1"
"6501027","BIS CRACK SDW COFFEE ECLAIR HGR 12X10X18G","MFB","PC","120","CT","654.55","727.27","727.27","727.27","727.27","727.27","6501027","","","1"
"6501027_BD","BIS CRACK SDW COFFEE ECLAIR HGR 12X10X18G","MFB","PC","120","CT","654.55","727.27","727.27","727.27","727.27","727.27","6501027","","","1"
"6501028","BIS CRACK SDW BUBBLE GUM DBX 6X20X18G","MFB","PC","120","CT","654.55","727.27","727.27","727.27","727.27","727.27","6501028","","","1"
"6501028_BD","BIS CRACK SDW BUBBLE GUM DBX 6X20X18G","MFB","PC","120","CT","654.55","727.27","727.27","727.27","727.27","727.27","6501028","","","1"
"6501029","BIS CRACK SDW BUBBLE GUM HGR 12X10X18G","MFB","PC","120","CT","654.55","727.27","727.27","727.27","727.27","727.27","6501029","","","1"
"6501029_BD","BIS CRACK SDW BUBBLE GUM HGR 12X10X18G","MFB","PC","120","CT","654.55","727.27","727.27","727.27","727.27","727.27","6501029","","","1"
"6501030","BIS CRACK SDW COFFEE ECLAIR REG 24X108G","MFB","PC","24","CT","4745.45","5272.73","5272.73","5272.73","5272.73","5272.73","6501030","","","1"
"6501030_BD","BIS CRACK SDW COFFEE ECLAIR REG 24X108G","MFB","PC","24","CT","4745.45","5272.73","5272.73","5272.73","5272.73","5272.73","6501030","","","1"
"6501031","BIS CRACK SDW BUBBLE GUM REG 24X108G","MFB","PC","24","CT","4745.45","5272.73","5272.73","5272.73","5272.73","5272.73","6501031","","","1"
"6501031_BD","BIS CRACK SDW BUBBLE GUM REG 24X108G","MFB","PC","24","CT","4745.45","5272.73","5272.73","5272.73","5272.73","5272.73","6501031","","","1"
"6501032","BIS CRACK SDW PEANUT BUTTER DBX 6X20X18","MFB","PC","120","CT","654.55","727.27","727.27","727.27","727.27","727.27","6501032","","","1"
"6501032_BD","BIS CRACK SDW PEANUT BUTTER DBX 6X20X18","MFB","PC","120","CT","654.55","727.27","727.27","727.27","727.27","727.27","6501032","","","1"
"6501033","BIS CRACK SDW PEANUT BUTTER 24X108G","MFB","PC","24","CT","4745.45","5272.73","5272.73","5272.73","5272.73","5272.73","6501033","","","1"
"6501033_BD","BIS CRACK SDW PEANUT BUTTER 24X108G","MFB","PC","24","CT","4745.45","5272.73","5272.73","5272.73","5272.73","5272.73","6501033","","","1"
"6501034","BISK CRISPY CRACK JAGUNG BKR 24X179GR","MFB","PC","24","CT","6218.18","6909.09","6909.09","6909.09","6909.09","6909.09","6501034","","","1"
"6501034_BD","BISK CRISPY CRACK JAGUNG BKR 24X179GR","MFB","PC","24","CT","6218.18","6909.09","6909.09","6909.09","6909.09","6909.09","6501034","","","1"
"6501035","BISK CRISPY CRACK SMBL BALADO 24X179GR","MFB","PC","24","CT","6218.18","6909.09","6909.09","6909.09","6909.09","6909.09","6501035","","","1"
"6501035_BD","BISK CRISPY CRACK SMBL BALADO 24X179GR","MFB","PC","24","CT","6218.18","6909.09","6909.09","6909.09","6909.09","6909.09","6501035","","","1"
"6501036","BISK TIN SANDWICH CHOCOLATE 306G","MFB","PC","6","CT","25478.18","28309.09","28309.09","28309.09","28309.09","28309.09","6501036","","","1"
"6501036_BD","BISK TIN SANDWICH CHOCOLATE 306G","MFB","PC","6","CT","25478.18","28309.09","28309.09","28309.09","28309.09","28309.09","6501036","","","1"
"6601001_BD","MR.P KACANG ATOM ORI 22GR","MFB","PC","60","CT","636.36","727.27","727.27","727.27","727.27","727.27","6601001","","","1"
"6601002_BD","MR.P KACANG ATOM PEDAS 20GR","MFB","PC","60","CT","636.36","727.27","727.27","727.27","727.27","727.27","6601002","","","1"
"6601003_BD","MR.P PLUS BBQ 23GR","MFB","PC","60","CT","636.36","727.27","727.27","727.27","727.27","727.27","6601003","","","1"
"6601004_BD","MR.P PLUS ORIGINAL 23G","MFB","PC","60","CT","636.36","727.27","727.27","727.27","727.27","727.27","6601004","","","1"
"6601005_BD","MR.P PLUS BALADO 23GR","MFB","PC","60","CT","654.55","727.27","727.27","727.27","727.27","727.27","6601005","","","1"
"6601006_BD","MR.P PLUS PEDAS 23GR","MFB","PC","60","CT","636.36","727.27","727.27","727.27","727.27","727.27","6601006","","","1"
"6601007_BD","MR.P KACANG GARING ASIN 22GR","MFB","PC","60","CT","654.55","727.27","727.27","727.27","727.27","727.27","6601007","","","1"
"6601008_BD","MR.P KACANG MADU 5X6X80GR","MFB","PC","30","CT","8991.82","9990.91","9990.91","9990.91","9990.91","9990.91","6601008","","","1"
"6601009_BD","MR.P KACANG MADU 6X10X40GR","MFB","PC","60","CT","4495.91","4995.45","4995.45","4995.45","4995.45","4995.45","6601009","","","1"
"6601010_BD","MR.P KACANG SALUT GARLIC  5X6X80GR","MFB","PC","30","CT","8991.82","9990.91","9990.91","9990.91","9990.91","9990.91","6601010","","","1"
"6601011_BD","MR.P KACANG SALUT GARLIC 6X10X40GR","MFB","PC","60","CT","4495.91","4995.45","4995.45","4995.45","4995.45","4995.45","6601011","","","1"
"6601012_BD","MR.P KACANG ATOM PEDAS 4X10X100GR","MFB","PC","40","CT","6228.41","6920.45","6920.45","6920.45","6920.45","6920.45","6601012","","","1"
"6601013_BD","MR.P PANGGANG BALADO 6X10X40G","MFB","PC","60","CT","4495.91","4995.45","4995.45","4995.45","4995.45","4995.45","6601013","","","1"
"6601014_BD","MR.P PANGGANG BALADO 5X6X80GR","MFB","PC","30","CT","8991.82","9990.91","9990.91","9990.91","9990.91","9990.91","6601014","","","1"
"6601015_BD","MR.P KACAG KULIT 10X900GR","MFB","PC","10","CT","43789.09","48654.55","48654.55","48654.55","48654.55","48654.55","6601015","","","1"
"6601016_BD","MR.P KACANG ATOM ORI 5X8X130GR","MFB","PC","40","CT","7302.27","8113.64","8113.64","8113.64","8113.64","8113.64","6601016","","","1"
"6601017_BD","MR.P KACANG ATOM ORI 3X10X225GR","MFB","PC","30","CT","11890.91","13212.12","13212.12","13212.12","13212.12","13212.12","6601017","","","1"
"6601018_BD","MR.P METE ASIN 5X6X80GR","MFB","PC","30","CT","26290.91","29212.12","29212.12","29212.12","29212.12","29212.12","6601018","","","1"
"6601019_BD","MR.P METE BALADO 6X10X40GR","MFB","PC","60","CT","13145.45","14606.06","14606.06","14606.06","14606.06","14606.06","6601019","","","1"
"6601020_BD","MR.P METE BALADO 5X6X80GR","MFB","PC","30","CT","26290.91","29212.12","29212.12","29212.12","29212.12","29212.12","6601020","","","1"
"6601021_BD","MR.P MIX NUTS 5X6X80GR","MFB","PC","30","CT","16363.64","18181.82","18181.82","18181.82","18181.82","18181.82","6601021","","","1"
"6601022_BD","MR.P METE MADU 6X10X40GR","MFB","PC","60","CT","13145.45","14606.06","14606.06","14606.06","14606.06","14606.06","6601022","","","1"
"6601023_BD","MR.P METE MADU 5X6X80GR","MFB","PC","30","CT","26290.91","29212.12","29212.12","29212.12","29212.12","29212.12","6601023","","","1"
"6601024_BD","MR.P KACANG KULIT 450GR","MFB","PC","10","CT","25093.64","27881.82","27881.82","27881.82","27881.82","27881.82","6601024","","","1"
"6701001_BD","CHAMP SOSIS DAGING AYAM 6X24X23G","MFB","PC","144","CT","612.73","681.82","681.82","681.82","681.82","681.82","6701001","","","1"
"6701002_BD","CHAMP SOSIS DG SAPI BBQ 6X24X23G","MFB","PC","144","CT","612.73","681.82","681.82","681.82","681.82","681.82","6701002","","","1"
"6701004","FIESTA TEPUNG KREMES 4X10X80G","MFB","PC","40","CT","2181.82","2518.18","2431.82","2431.82","2518.18","2518.18","6701004","","","1"
"6701005","FIESTA TEPUNG AYAM GORENG 4X10X80G","MFB","PC","40","CT","1850","2136.36","2059.09","2059.09","2136.36","2136.36","6701005","","","1"
"6701006","FIESTA TEPUNG BAKWAN 4X10X80G","MFB","PC","40","CT","2054.55","2363.64","2290.91","2290.91","2363.64","2363.64","6701006","","","1"
"6701007","FIESTA TEPUNG TEMPE RENYAH 4X10X80G","MFB","PC","40","CT","2381.82","2727.27","2654.55","2654.55","2727.27","2727.27","6701007","","","1"
"6701008","FIESTA TEPUNG AYAM GR PEDAS 4X10X80G","MFB","PC","40","CT","2427.27","2781.82","2704.55","2704.55","2781.82","2781.82","6701008","","","1"
"6701008_BD","FIESTA TEPUNG AYAM GR PEDAS 4X10X80G","MFB","PC","40","CT","2427.27","2781.82","2704.55","2704.55","2781.82","2781.82","6701008","","","1"
"6801001","HN SWEAT 175MLX24","MFB","PC","24","CT","602.65","662.88","662.88","662.88","662.88","662.88","6801001","","","1"
"6801001_BD","HN SWEAT 175MLX24","MFB","PC","24","CT","602.65","662.88","662.88","662.88","662.88","662.88","6801001","","","1"
"6801001_BN","HN SWEAT 175MLX24","MFB","PC","24","CT","0","0","0","0","0","0","6801001","","","1"
"6801002","HANNOI ORANGGO 175MLX24","MFB","PC","24","CT","602.65","662.88","662.88","662.88","662.88","662.88","6801002","","","1"
"6801002_BD","HANNOI ORANGGO 175MLX24","MFB","PC","24","CT","602.65","662.88","662.88","662.88","662.88","662.88","6801002","","","1"
"6801002_BN","HANNOI ORANGGO 175MLX24","MFB","PC","24","CT","0","0","0","0","0","0","6801002","","","1"
"6801003","HANNOI TEH APEL 175MLX24","MFB","PC","24","CT","602.65","662.88","662.88","662.88","662.88","662.88","6801003","","","1"
"6801003_BD","HANNOI TEH APEL 175MLX24","MFB","PC","24","CT","602.65","662.88","662.88","662.88","662.88","662.88","6801003","","","1"
"6801003_BN","HANNOI TEH APEL 175MLX24","MFB","PC","24","CT","0","0","0","0","0","0","6801003","","","1"
"6801004","HANNOI TEH ANGGUR 175MLX24","MFB","PC","24","CT","602.65","662.88","662.88","662.88","662.88","662.88","6801004","","","1"
"6801004_BD","HANNOI TEH ANGGUR 175MLX24","MFB","PC","24","CT","602.65","662.88","662.88","662.88","662.88","662.88","6801004","","","1"
"6801004_BN","HANNOI TEH ANGGUR 175MLX24","MFB","PC","24","CT","0","0","0","0","0","0","6801004","","","1"
"70007","BK/CREAM CRACKERS BUTTER 262GR 6X3","MFB","PC","18","CT","5615.61","6171","6171","6171","6171","6171","70007","","","1"
"70007_BD","BK/CREAM CRACKERS BUTTER 262GR 6X3","MFB","PC","18","CT","5615.61","6171","6171","6171","6171","6171","70007","","70007_BD","1"
"70007_BN","BK/CREAM CRACKERS BUTTER 262GR 6X3","MFB","PC","18","CT","0","0","0","0","0","0","70007","","","1"
"70031","BK/MALKIST OLEZZ STRAWBERRY 100G 6X5","MFB","PC","30","CT","3888.43","4273","4273","4273","4273","4273","70031","","","1"
"70031_BD","BK/MALKIST OLEZZ STRAWBERRY 100G 6X5","MFB","PC","30","CT","3888.43","4273","4273","4273","4273","4273","70031","","70031_BD","1"
"70039","BK MALKIST SUSU 238GRX6PKX3BAL","MFB","PC","18","CT","4427.15","4865","4865","4865","4865","4865","70039","","","1"
"70039_BD","BK MALKIST SUSU 238GRX6PKX3BAL","MFB","PC","18","CT","4427.15","4865","4865","4865","4865","4865","70039","","70039_BD","1"
"70039_BN","BK MALKIST SUSU 238GRX6PKX3BAL","MFB","PC","18","CT","0","0","0","0","0","0","70039","","","1"
"70043","BK/MALKIST SUSU 12GR 6X20","MFB","PC","120","CT","348.53","383","383","383","383","383","70043","","","1"
"70043_BD","BK/MALKIST SUSU 12GR 6X20","MFB","PC","120","CT","348.53","383","383","383","383","383","70043","","70043_BD","1"
"70044","BK SEE HONG PUFF KELAPA 260GRX6PCX6BAL","MFB","PC","36","CT","5533.71","6081","6081","6081","6081","6081","70044","","","1"
"70044_BD","BK SEE HONG PUFF KELAPA 260GRX6PCX6BAL","MFB","PC","36","CT","5533.71","6081","6081","6081","6081","6081","70044","","70044_BD","1"
"70044_BN","BK SEE HONG PUFF KELAPA 260GRX6PCX6BAL","MFB","PC","36","CT","0","0","0","0","0","0","70044","","","1"
"73001","BUDY JAM COKLAT 150GR 36PC/CT","MFB","PC","36","CT","10208","12064","12064","12064","12064","12064","73001","","73001","1"
"73001_BD","BUDY JAM COKLAT 150GR 36PC/CT","MFB","PC","36","CT","9215.31","10908","10908","10908","10908","10908","73001","","73001_BD","1"
"73001_MT","BUDY JAM COKLAT 150GR 36PC/CT","MFB","PC","36","CT","9697.6","11210","11210","11210","11210","11210","73001_MT","","73001_MT","1"
"730010","BANANA MARSMALLOW 60GR 36PC/CT","MFB","PC","36","CT","6336.03","7500","7500","7500","7500","7500","730010","","730010","1"
"730010_BD","BANANA MARSMALLOW 60GR 36PC/CT","MFB","PC","36","CT","6336.03","7500","7500","7500","7500","7500","730010","","730010_BD","1"
"730010_MT","BANANA MARSMALLOW 60GR 36PC/CT","MFB","PC","36","CT","6336.03","7200","7200","7200","7200","7200","730010_MT","","730010_MT","1"
"730011","STRAWBERRY MARSMALLOW 60GR 36PC/CT","MFB","PC","36","CT","6336.03","7500","7500","7500","7500","7500","730011","","730011","1"
"730011_BD","STRAWBERRY MARSMALLOW 60GR 36PC/CT","MFB","PC","36","CT","6336.03","7500","7500","7500","7500","7500","730011","","730011_BD","1"
"730011_MT","STRAWBERRY MARSMALLOW 60GR 36PC/CT","MFB","PC","36","CT","6336.03","7200","7200","7200","7200","7200","730011_MT","","730011_MT","1"
"730012","BURGER MARSMALLOW 60GR 36PC/CT","MFB","PC","36","CT","6336.03","7500","7500","7500","7500","7500","730012","","730012","1"
"730012_BD","BURGER MARSMALLOW 60GR 36PC/CT","MFB","PC","36","CT","6336.03","7500","7500","7500","7500","7500","730012","","730012_BD","1"
"730012_MT","BURGER MARSMALLOW 60GR 36PC/CT","MFB","PC","36","CT","6336.03","7200","7200","7200","7200","7200","730012_MT","","730012_MT","1"
"730013","FLOWER MARSMALLOW 60GR 36PC/CT","MFB","PC","36","CT","6336.03","7500","7500","7500","7500","7500","730013","","730013","1"
"730013_BD","FLOWER MARSMALLOW 60GR 36PC/CT","MFB","PC","36","CT","6336.03","7500","7500","7500","7500","7500","730013","","730013_BD","1"
"730013_MT","FLOWER MARSMALLOW 60GR 36PC/CT","MFB","PC","36","CT","6336.03","7200","7200","7200","7200","7200","730013_MT","","730013_MT","1"
"730014","TWIST MALLOW 60GR 36PC/CT","MFB","PC","36","CT","6336.03","7500","7500","7500","7500","7500","730014","","730014","1"
"730014_BD","TWIST MALLOW 60GR 36PC/CT","MFB","PC","36","CT","6336.03","7500","7500","7500","7500","7500","730014","","730014_BD","1"
"730014_MT","TWIST MALLOW 60GR 36PC/CT","MFB","PC","36","CT","6336.03","7200","7200","7200","7200","7200","730014_MT","","730014_MT","1"
"730015","MALLOW PLAIN 60GR 36PC/CT","MFB","PC","36","CT","6336.03","7500","7500","7500","7500","7500","730015","","730015","1"
"730015_BD","MALLOW PLAIN 60GR 36PC/CT","MFB","PC","36","CT","6336.03","7500","7500","7500","7500","7500","730015","","730015_BD","1"
"730015_MT","MALLOW PLAIN 60GR 36PC/CT","MFB","PC","36","CT","6336.03","7200","7200","7200","7200","7200","730015_MT","","730015_MT","1"
"730016","WATERMELON MARSMALLOW 60GR 36PC/CT","MFB","PC","36","CT","6336.03","7500","7500","7500","7500","7500","730016","","730016","1"
"730016_BD","WATERMELON MARSMALLOW 60GR 36PC/CT","MFB","PC","36","CT","6336.03","7500","7500","7500","7500","7500","730016","","730016_BD","1"
"730016_MT","WATERMELON MARSMALLOW 60GR 36PC/CT","MFB","PC","36","CT","6336.03","7200","7200","7200","7200","7200","730016_MT","","730016_MT","1"
"730017","MINI MARSMALLOW 60GR 36PC/CT","MFB","PC","36","CT","6336.03","7500","7500","7500","7500","7500","730017","","730017","1"
"730017_BD","MINI MARSMALLOW 60GR 36PC/CT","MFB","PC","36","CT","6336.03","7500","7500","7500","7500","7500","730017","","730017_BD","1"
"730017_MT","MINI MARSMALLOW 60GR 36PC/CT","MFB","PC","36","CT","6336.03","7200","7200","7200","7200","7200","730017_MT","","730017_MT","1"
"730018","STRAWBERRY ICE CREAM 60GR 36PC/CT","MFB","PC","36","CT","6336.03","7500","7500","7500","7500","7500","730018","","730018","1"
"730018_BD","STRAWBERRY ICE CREAM 60GR 36PC/CT","MFB","PC","36","CT","6336.03","7500","7500","7500","7500","7500","730018","","730018_BD","1"
"730018_MT","STRAWBERRY ICE CREAM 60GR 36PC/CT","MFB","PC","36","CT","6336.03","7200","7200","7200","7200","7200","730018_MT","","730018_MT","1"
"730019","BLUEBERRY ICE CREAM 60GR 36PC/CT","MFB","PC","36","CT","6336.03","7500","7500","7500","7500","7500","730019","","730019","1"
"730019_BD","BLUEBERRY ICE CREAM 60GR 36PC/CT","MFB","PC","36","CT","6336.03","7500","7500","7500","7500","7500","730019","","730019_BD","1"
"730019_MT","BLUEBERRY ICE CREAM 60GR 36PC/CT","MFB","PC","36","CT","6336.03","7200","7200","7200","7200","7200","730019_MT","","730019_MT","1"
"73002","BUDY JAM CUP KACANG 120GR 36PC/CT","MFB","PC","36","CT","11193.69","13250","13250","13250","13250","13250","73002","","73002","1"
"73002_BD","BUDY JAM CUP KACANG 120GR 36PC/CT","MFB","PC","36","CT","11193.69","13250","13250","13250","13250","13250","73002","","73002_BD","1"
"73002_MT","BUDY JAM CUP KACANG 120GR 36PC/CT","MFB","PC","36","CT","11783.23","12910","12910","12910","12910","12719.81","73002_MT","","73002_MT","1"
"730020","GRAPE ICE CREAM 60GR 36PC/CT","MFB","PC","36","CT","6336.03","7500","7500","7500","7500","7500","730020","","730020","1"
"730020_MT","GRAPE ICE CREAM 60GR 36PC/CT","MFB","PC","36","CT","6336.03","7200","7200","7200","7200","7200","730020_MT","","730020_MT","1"
"730021","CHOCOLATE COIN STRIP 36GR 60PC/CT","MFB","PC","60","CT","8096.39","9583","9583","9583","9583","9583","730021","","730021","1"
"730021_MT","CHOCOLATE COIN STRIP 36GR 60PC/CT","MFB","PC","60","CT","8096.39","9200","9200","9200","9200","9200","730021_MT","","730021_MT","1"
"730022","CHOCOLATE BUNNY 36GR 60PC/CT","MFB","PC","60","CT","8096.39","9583","9583","9583","9583","9583","730022","","730022","1"
"730022_MT","CHOCOLATE BUNNY 36GR 60PC/CT","MFB","PC","60","CT","8096.39","9200","9200","9200","9200","9200","730022_MT","","730022_MT","1"
"730023","CHOCOLATE LOVE&LOLLI 30G 48PC/CT","MFB","PC","48","CT","8096.39","9583","9583","9583","9583","9583","730023","","730023","1"
"730023_MT","CHOCOLATE LOVE&LOLLI 30G 48PC/CT","MFB","PC","48","CT","8096.39","9200","9200","9200","9200","9200","730023_MT","","730023_MT","1"
"730024","VANILLA MATCHA 14GR 240PC/CT","MFB","PC","240","CT","1281.08","1516","1516","1516","1516","1516","730024","","730024","1"
"730024_MT","VANILLA MATCHA 14GR 240PC/CT","MFB","PC","240","CT","1281.08","1454.95","1454.95","1454.95","1454.95","1454.95","730024_MT","","730024_MT","1"
"730025","DUCKIE MARSMALLOW 14GR 240PC/CT","MFB","PC","240","CT","1281.08","1516","1516","1516","1516","1516","730025","","730025","1"
"730025_MT","DUCKIE MARSMALLOW 14GR 240PC/CT","MFB","PC","240","CT","1281.08","1454.95","1454.95","1454.95","1454.95","1454.95","730025_MT","","730025_MT","1"
"730026","FLOWER MARSMALLOW 14GR 240PC/CT","MFB","PC","240","CT","1281.08","1516","1516","1516","1516","1516","730026","","730026","1"
"730026_MT","FLOWER MARSMALLOW 14GR 240PC/CT","MFB","PC","240","CT","1281.08","1454.95","1454.95","1454.95","1454.95","1454.95","730026_MT","","730026_MT","1"
"730027","CAR MALLOW 14GR 240PC/CT","MFB","PC","240","CT","1281.08","1516","1516","1516","1516","1516","730027","","730027","1"
"730027_MT","CAR MALLOW 14GR 240PC/CT","MFB","PC","240","CT","1281.08","1454.95","1454.95","1454.95","1454.95","1454.95","730027_MT","","730027_MT","1"
"730028","MINI MARSHMALLOW 14GR 240PC/CT","MFB","PC","240","CT","1281.08","1516","1516","1516","1516","1516","730028","","730028","1"
"730028_MT","MINI MARSHMALLOW 14GR 240PC/CT","MFB","PC","240","CT","1281.08","1454.95","1454.95","1454.95","1454.95","1454.95","730028_MT","","730028_MT","1"
"730029","MALLOW PLAIN 200GR 24PC/CT","MFB","PC","24","CT","16800","19886","19886","19886","19886","19886","730029","","730029","1"
"730029_MT","MALLOW PLAIN 200GR 24PC/CT","MFB","PC","24","CT","16800","19090.99","19090.99","19090.99","19090.99","19090.99","730029_MT","","730029_MT","1"
"73003","BUDY JAM CUP STRAWBERRY 150GR 36PC/CT","MFB","PC","36","CT","8219.2","9713.6","9713.6","9713.6","9713.6","9716.3","73003","","73003","1"
"73003_BD","BUDY JAM CUP STRAWBERRY 150GR 36PC/CT","MFB","PC","36","CT","7415.31","8777","8777","8777","8777","8777","73003","","73003_BD","1"
"73003_MT","BUDY JAM CUP STRAWBERRY 150GR 36PC/CT","MFB","PC","36","CT","7805.6","7930","7930","7930","7930","9340","73003_MT","","73003_MT","1"
"730030","TWIST MALLOW 200GR 24PC/CT","MFB","PC","24","CT","16800","19886","19886","19886","19886","19886","730030","","730030","1"
"730030_MT","TWIST MALLOW 200GR 24PC/CT","MFB","PC","24","CT","16800","19090.99","19090.99","19090.99","19090.99","19090.99","730030_MT","","730030_MT","1"
"730031","VANILLA MATCHA 200GR 24PC/CT","MFB","PC","24","CT","16800","19886","19886","19886","19886","19886","730031","","730031","1"
"730031_MT","VANILLA MATCHA 200GR 24PC/CT","MFB","PC","24","CT","16800","19090.99","19090.99","19090.99","19090.99","19090.99","730031_MT","","730031_MT","1"
"730032","FLOWER MARSMALLOW 200GR 24PC/CT","MFB","PC","24","CT","16800","19886","19886","19886","19886","19886","730032","","730032","1"
"730032_MT","FLOWER MARSMALLOW 200GR 24PC/CT","MFB","PC","24","CT","16800","19090.99","19090.99","19090.99","19090.99","19090.99","730032_MT","","730032_MT","1"
"730033","CAR MALLOW 200GR 24PC/CT","MFB","PC","24","CT","16800","19886","19886","19886","19886","19886","730033","","730033","1"
"730033_MT","CAR MALLOW 200GR 24PC/CT","MFB","PC","24","CT","16800","19090.99","19090.99","19090.99","19090.99","19090.99","730033_MT","","730033_MT","1"
"730034","DUCKIE MARSMALLOW 200GR 24PC/CT","MFB","PC","24","CT","16800","19886","19886","19886","19886","19886","730034","","730034","1"
"730034_MT","DUCKIE MARSMALLOW 200GR 24PC/CT","MFB","PC","24","CT","16800","19090.99","19090.99","19090.99","19090.99","19090.99","730034_MT","","730034_MT","1"
"730035","MINI MARSHMALLOW 200GR 24PC/CT","MFB","PC","24","CT","16800","19886","19886","19886","19886","19886","730035","","730035","1"
"730035_MT","MINI MARSHMALLOW 200GR 24PC/CT","MFB","PC","24","CT","16800","19090.99","19090.99","19090.99","19090.99","19090.99","730035_MT","","730035_MT","1"
"730036","ALFAMIDI SELAI CUP COKLAT 36/CT","MFB","PC","36","CT","8096","9568","9568","9568","9568","9568","730036","","730036","1"
"730036_MT","ALFAMIDI SELAI CUP COKLAT 36/CT","MFB","PC","36","CT","8096","9568","9568","9568","9568","9568","730036_MT","","730036_MT","1"
"730037","ALFAMIDI SELAI CUP PINDEKAS 36/CT","MFB","PC","36","CT","12399.2","14653.6","14653.6","14653.6","14653.6","14653.6","730037","","730037","1"
"730037_MT","ALFAMIDI SELAI CUP PINDEKAS 36/CT","MFB","PC","36","CT","8096","12116","12116","12116","12116","12116","730037_MT","","730037_MT","1"
"730038","ALFAMIDI SELAI CUP STRAWBERRY 36/CT","MFB","PC","36","CT","5720","6760","6760","6760","6760","6760","730038","","730038","1"
"730038_MT","ALFAMIDI SELAI CUP STRAWBERRY 36/CT","MFB","PC","36","CT","5720","6760","6760","6760","6760","6760","730038_MT","","730038_MT","1"
"730039","CHOMP CHOMP ICE CREAM ASS 20BG/CT","MFB","BG","20","CT","7854.55","8648.64","8648.64","8648.64","8648.64","8648.64","730039","","730039","1"
"730039 _BD","CHOMP CHOMP ICE CREAM ASS 20BG/CT","MFB","PC","20","CT","7854.95","8648.64","8648.64","8648.64","8648.64","8648.64","730039","","730039 _BD","1"
"730039_MT","CHOMP CHOMP ICE CREAM ASS 20BG/CT","MFB","BG","20","CT","7854.95","8994.59","8994.59","8994.59","8994.59","8994.59","730039_MT","","730039_MT","1"
"73004","MY BUDDY 48PC/CT","MFB","PC","48","CT","18039.63","21354","21354","21354","21354","21354","73004","","73004","1"
"73004_MT","MY BUDDY 48PC/CT","MFB","PC","48","CT","18039.63","20500","20500","20500","20500","20500","73004_MT","","73004_MT","1"
"730040","BANANA MARSHMALLOW 36X60GR","MFB","PC","36","CT","6336.03","7200","7200","7200","7200","7200","730040","","730040","1"
"730040_MT","BUDY JAM CUP PINDEKAS 120GR 36PC/CT","MFB","PC","36","CT","11783.2","12910","12910","12910","12910","12910","730040_MT","","730040_MT","1"
"730041_MT","BUDY JAM PB STR 1KG  10/CT","MFB","PC","10","CT","33897.6","40550","40550","40550","40550","40550","730041_MT","","730041_MT","1"
"730042","MAINAN MEKANIK 361 48PC/CT","MFB","PC","48","CT","18040","20500","20500","20500","20500","20500","730042","","730042","1"
"730042_MT","MAINAN MEKANIK 361 48PC/CT","MFB","PC","48","CT","18040","20500","20500","20500","20500","20500","730042_MT","","730042_MT","1"
"730043","MAINAN MEKANIK 362 48/CT","MFB","PC","48","CT","18040","20500","20500","20500","20500","20500","730043","","730043","1"
"730043_MT","MAINAN MEKANIK 362 48/CT","MFB","PC","48","CT","18040","20500","20500","20500","20500","20500","730043","","730043_MT","1"
"730044","MAINAN MEKANIK 363 48/CT","MFB","PC","48","CT","18040","20500","20500","20500","20500","20500","730044","","730044","1"
"730044_MT","MAINAN MEKANIK 363 48/CT","MFB","PC","48","CT","18040","20500","20500","20500","20500","20500","730044_MT","","730044_MT","1"
"730045","MAINAN MEKANIK 364 48/CT","MFB","PC","48","CT","18040","20500","20500","20500","20500","20500","730045","","730045","1"
"730045_MT","MAINAN MEKANIK 364 48/CT","MFB","PC","48","CT","18040","20500","20500","20500","20500","20500","730045_MT","","730045_MT","1"
"730046","MALLOW PUFF RAISIN 12.5GRX6X20","MFB","PC","120","CT","1272.73","1499.09","1499.09","1499.09","1499.09","1499.09","730046","","730046","1"
"730046_MT","MAINAN MEKANIK 366 48/CT","MFB","PC","48","CT","18040","20500","20500","20500","20500","20500","730046_MT","","730046_MT","1"
"730047","MALLOW PUFF VANILLA 12.5GRX6X20","MFB","PC","120","CT","1272.73","1499.09","1499.09","1499.09","1499.09","1499.09","730047","","730047","1"
"730047_MT","MAINAN MEKANIK 366 48/CT","MFB","PC","48","CT","18040","20500","20500","20500","20500","20500","730047_MT","","730047_MT","1"
"730048","MALLOW PUFF STRAW 12.5GRX6X20","MFB","PC","120","CT","1120","1323.63","1323.63","1323.63","1323.63","1323.63","730048","","730048","1"
"730048_MT","MAINAN MEKANIK 380 48/CT","MFB","PC","48","CT","18040","20500","20500","20500","20500","20500","730048_MT","","730048_MT","1"
"730049","MALLOW PUFF PEACH PULP 12.5GRX6X20","MFB","PC","120","CT","1272.73","1499.09","1499.09","1499.09","1499.09","1499.09","730049","","730049","1"
"730049_MT","MAINAN MEKANIK 377 48/CT","MFB","PC","48","CT","18040","20500","20500","20500","20500","20500","730049_MT","","730049_MT","1"
"73005","HAPPY TOY 48PC/CT","MFB","PC","48","CT","18039.63","21354","21354","21354","21354","21354","73005","","73005","1"
"73005_MT","HAPPY TOY 48PC/CT","MFB","PC","48","CT","18039.63","20500","20500","20500","20500","20500","73005_MT","","73005_MT","1"
"730050","MALLOW PUFF BLUEBERRY 12.5GRX6X20","MFB","PC","120","CT","1272.73","1499.09","1499.09","1499.09","1499.09","1499.09","730050","","730050","1"
"730050_MT","TRIO MALLOW RAINBOW 24GR144/CT","MFB","PC","144","CT","2920.72","3319","3319","3319","3319","3319","730050_MT","","730050_MT","1"
"730051","MALLOW PUFF STRAW 12.5GX6X20","MFB","PC","120","CT","1272.73","1499.09","1499.09","1499.09","1499.09","1499.09","730051","","730051","1"
"730051_MT","MALLOW PUFF WITH STRABERY PULP 36/CT","MFB","PC","36","CT","6336.03","7200","7200","7200","7200","7200","730051_MT","","730051_MT","1"
"730052","VANILLA MATCHA MARSMALLOW 12GR","MFB","PC","100","CT","1216.22","1499.09","1499.09","1499.09","1499.09","1499.09","730052","","730052","1"
"730052_MT","MALLOW PUFF WITH PEACH PULP 36/CT","MFB","PC","36","CT","6336.03","7200","7200","7200","7200","7200","730052_MT","","730052_MT","1"
"730053","DUCKIE MARSMALLOW 12 GR 10BAGX10PC","MFB","PC","100","CT","1216.22","1499.09","1499.09","1499.09","1499.09","1499.09","730053","","730053","1"
"730053_BD","DUCKIE MARSMALLOW 12 GR 10BAGX10PC","MFB","PC","100","CT","1216.22","1499.09","1499.09","1499.09","1499.09","1499.09","730053","","730053_BD","1"
"730053_MT","MALLOW PUFF WITH BLUBERY 36/CT","MFB","PC","36","CT","6336.03","7200","7200","7200","7200","7200","730053_MT","","730053_MT","1"
"730054","MINI MARSHMALLOW 12G 10BAGX10PC","MFB","PC","100","CT","1216.22","1499.09","1499.09","1499.09","1499.09","1499.09","730054","","730054","1"
"730054_MT","MALLOW POP 18 GR 180 PC/CT","MFB","PC","180","CT","2920","3319","3319","3319","3319","3319","730054_MT","","730054_MT","1"
"730055","CAR MARSHMALLOW 12GR 10BAGX10PC","MFB","PC","100","CT","1216.22","1499.09","1499.09","1499.09","1499.09","1499.09","730055","","730055","1"
"730055_MT","FLOWER MASRHMALLOW 12GR 100 PC/CT","MFB","PC","100","CT","1070.27","1216.22","1216.22","1216.22","1216.22","1216.22","730055_MT","","730055_MT","1"
"730056","FLOWER MARSHMALLOW 12G 10BAGX10PC","MFB","PC","100","CT","1216.22","1499.09","1499.09","1499.09","1499.09","1499.09","730056","","730056","1"
"730056_BD","FLOWER MARSHMALLOW 12G 10BAGX10PC","MFB","PC","100","CT","1216.22","1499.09","1499.09","1499.09","1499.09","1499.09","730056","","730056_BD","1"
"730056_MT","MINI MALLOW 12 GR 100 PC/CT","MFB","PC","100","CT","1070.27","1216.22","1216.22","1216.22","1216.22","1216.22","730056_MT","","730056_MT","1"
"730057","MALLOW PUFF WITH RAISIN 12.5R","MFB","PC","120","CT","1272.97","1441.44","1441.44","1441.44","1441.44","1441.44","730057","","730057","1"
"730057_MT","DUCKIE MARSHMALLOW 12GR 100 PC/CT","MFB","PC","100","CT","1070.27","1216.22","1216.22","1216.22","1216.22","1216.22","730057_MT","","730057_MT","1"
"730058","MALLOW PUFF VANILLA 12.5GR","MFB","PC","120","CT","1272.97","1441.44","1441.44","1441.44","1441.44","1441.44","730058","","730058","1"
"730059","MALLOW PUFF STARWBERY PILP 12,5GR","MFB","PC","120","CT","1272.73","1499.09","1499.09","1499.09","1499.09","1499.09","730059","","730059","1"
"730059_MT","MAINAN MEKANIK TANGAN?SWEETFUN","MFB","PC","48","CT","18040","20500","20500","20500","20500","20500","730059_MT","","730059_MT","1"
"73006","VERY LONG STICK/TWISTER 55GR 60PC/CT","MFB","PC","60","CT","6336.03","7500","7500","7500","7500","7500","73006","","73006","1"
"73006_BD","VERY LONG STICK/TWISTER 55GR 60PC/CT","MFB","PC","60","CT","6336.03","7500","7500","7500","7500","7500","73006","","73006_BD","1"
"73006_MT","VERY LONG STICK/TWISTER 55GR 60PC/CT'","MFB","PC","60","CT","6336.03","7200","7200","7200","7200","7200","73006_MT","","73006_MT","1"
"730060","MALLOW PUFF WITH BLUEBERRY 12.5GR","MFB","PC","120","CT","1272.97","1441.44","1441.44","1441.44","1441.44","1441.44","730060","","730060","1"
"730060_MT","TWIST MALLOW 50GR","MFB","PC","36","CT","6336.03","7200","7200","7200","7200","7200","730060","","730060_MT","1"
"730061","MALLOW PUFF WITH BLUEBERRY 12.5G","MFB","PC","120","CT","1272.97","1441.44","1441.44","1441.44","1441.44","1441.44","730061","","730061","1"
"730061_MT","MALLOW PUFF WITH RAISIN","MFB","PC","36","CT","6336.03","7200","7200","7200","7200","7200","730061_MT","","730061_MT","1"
"730062_MT","MALLOW PUFF WITH VANILLA","MFB","PC","36","CT","6336.03","7200","7200","7200","7200","7200","730062_MT","","730062_MT","1"
"730063_MT","MALLOW PLAIN 50GR","MFB","PC","36","CT","6336.03","7200","7200","7200","7200","7200","730063_MT","","730063_MT","1"
"730064_MT","DUCKIE MARSMALLOW 50GR 36PC/CT","MFB","PC","36","CT","6336.03","7200","7200","7200","7200","7200","730064_MT","","730064_MT","1"
"730065_MT","BANANA MARSMALLOW 50GR 36PC/CT","MFB","PC","36","CT","6336.03","7200","7200","7200","7200","7200","730065_MT","","730065_MT","1"
"730066_MT","STRAWBERRY ICE CREAM 50GR 36PC/CT","MFB","PC","36","CT","6336.03","7200","7200","7200","7200","7200","730066_MT","","730066_MT","1"
"730067_MT","ICE CREAM GRAPE 50GR 36PC/CT","MFB","PC","36","CT","6336.03","7200","7200","7200","7200","7200","730067_MT","","730067_MT","1"
"730068_MT","MARSMALLOW VANILLA MATCHA 50GR 36PC/CT","MFB","PC","36","CT","6336.03","7200","7200","7200","7200","7200","730068_MT","","730068_MT","1"
"730069","PINK & WHITE MARSMALLOW 50GR","MFB","PC","36","CT","6336","7500","7500","7500","7500","7500","730069","","730069","1"
"730069_MT","PINK & WHITE MARSMALLOW 50GR","MFB","PC","36","CT","6336","7200","7200","7200","7200","7200","730069_MT","","730069_MT","1"
"73007","CAR MALLOW 60GR 36PC/CT","MFB","PC","36","CT","6336.03","7500","7500","7500","7500","7500","73007","","73007","1"
"73007_BD","CAR MALLOW 60GR 36PC/CT","MFB","PC","36","CT","6336.03","7500","7500","7500","7500","7500","73007","","73007_BD","1"
"73007_MT","CAR MALLOW 60GR 36PC/CT","MFB","PC","36","CT","6336.03","7200","7200","7200","7200","7200","73007_MT","","73007_MT","1"
"730070","RAINBOW MALLOW 200GR","MFB","PC","24","CT","16800.08","19854.64","19854.64","19854.64","19854.64","19854.64","730070","","730070","1"
"730070_MT","RAINBOW MALLOW 200GR","MFB","PC","24","CT","16800.08","19091","19091","19091","19091","19091","730070_MT","","730070_MT","1"
"730071","SANDWICH MARSHMALLOW 21GR","MFB","PC","144","CT","2920.72","3451.76","3451.76","3451.76","3451.76","3451.76","730071","","730071","1"
"730071_MT","SANDWICH MARSHMALLOW 21GR","MFB","PC","144","CT","2920.72","3319","3319","3319","3319","3319","730071_MT","","730071_MT","1"
"730072_MT","BURGER MARSMALLOW 50GR 36PC/CT","MFB","PC","36","CT","6336.03","7200","7200","7200","7200","7200","730072_MT","","730072_MT","1"
"730073_MT","MARSH VERY LONG STICK / TWISTER  50GR","MFB","PC","60","CT","6336.03","7200","7200","7200","7200","7200","730073_MT","","730073_MT","1"
"730074_MT","WHOOSS WHOSS MALLOW 50GR","MFB","PC","36","CT","6336","7200","7200","7200","7200","7200","730074_MT","","730074_MT","1"
"730075_MT","COLORFUL MALLOW 50GR","MFB","PC","36","CT","6336","7200","7200","7200","7200","7200","730075_MT","","730075_MT","1"
"730076_MT","TRIO MALLOW RAINBOW 21GR144/CT","MFB","PC","144","CT","2920.72","3319","3319","3319","3319","3319","730076_MT","","730076_MT","1"
"730077_MT","MALLOW POP 16 GR 180 PC/CT","MFB","PC","180","CT","2920","3319","3319","3319","3319","3319","730077_MT","","730077_MT","1"
"730079_MT","MALLOW WATERMELON SHAPE 60GR","MFB","PC","36","CT","6336","7200","7200","7200","7200","7200","730079_MT","","730079_MT","1"
"73008","DUCKIE MARSMALLOW 60GR 36PC/CT","MFB","PC","36","CT","6336.03","7500","7500","7500","7500","7500","73008","","73008","1"
"73008_BD","DUCKIE MARSMALLOW 60GR 36PC/CT","MFB","PC","36","CT","6336.03","7500","7500","7500","7500","7500","73008","","73008_BD","1"
"73008_MT","DUCKIE MARSMALLOW 60GR 36PC/CT","MFB","PC","36","CT","6336.03","7200","7200","7200","7200","7200","73008_MT","","73008_MT","1"
"73009","MARSMALLOW VANILLA MATCHA 60GR 36PC/CT","MFB","PC","36","CT","6336.03","7500","7500","7500","7500","7500","73009","","73009","1"
"73009_BD","MARSMALLOW VANILLA MATCHA 60GR 36PC/CT","MFB","PC","36","CT","6336.03","7500","7500","7500","7500","7500","73009","","73009_BD","1"
"73009_MT","MARSMALLOW VANILLA MATCHA 60GR 36PC/CT","MFB","PC","36","CT","6336.03","7200","7200","7200","7200","7200","73009_MT","","73009_MT","1"
"730090_MT","WATERMELON SHAPE MARSMELLOW 50GR NEWBAG","MFB","PC","36","CT","6336","7200","7200","7200","7200","7200","730090_MT","","730090_MT","1"
"730091_MT","COLORFUL MALLOW 50GR MALLOW UNICOR","MFB","PC","36","CT","6336","7200","7200","7200","7200","7200","730091_MT","","730091_MT","1"
"90004","BK/MONTEGO FUN DOUBLE CHOCO 17G 12X10","MFB","PC","120","CT","717.08","788","788","788","788","788","90004","","","1"
"90004_BD","BK/MONTEGO FUN DOUBLE CHOCO 17G 12X10","MFB","PC","120","CT","717.08","788","788","788","788","788","90004","","90004_BD","1"
"90004_BN","BK/MONTEGO FUN DOUBLE CHOCO 17G 12X10","MFB","PC","120","CT","0","0","0","0","0","0","90004","","","1"
"90024","BK/MONSTA CHOCOCHIP COOKIES 9GR 20X6","MFB","PC","120","CT","348.53","383","383","383","383","383","90024","","","1"
"90024_BD","BK/MONSTA CHOCOCHIP COOKIES 9GR 20X6","MFB","PC","120","CT","348.53","383","383","383","383","383","90024","","90024_BD","1"
"90025","BK/MALKIST OLEZZ CHEESE CHOCO 10GR 20X6","MFB","PC","120","CT","348.53","383","383","383","383","383","90025","","","1"
"90025_BD","BK/MALKIST OLEZZ CHEESE CHOCO 10GR 20X6","MFB","PC","120","CT","348.53","383","383","383","383","383","90025","","90025_BD","1"
"90026","BK/MALKIST OLEZZ CHOCO PARTY 100G 6X5","MFB","PC","30","CT","3888.43","4273","4273","4273","4273","4273","90026","","","1"
"90026_BD","BK/MALKIST OLEZZ CHOCO PARTY 100G 6X5","MFB","PC","30","CT","3888.43","4273","4273","4273","4273","4273","90026","","90026_BD","1"
"90027","BK/MALKIST OLEZZ CHEESE CHOCO 100G 6X5","MFB","PC","30","CT","3888.43","4273","4273","4273","4273","4273","90027","","","1"
"90027_BD","BK/MALKIST OLEZZ CHEESE CHOCO 100G 6X5","MFB","PC","30","CT","3888.43","4273","4273","4273","4273","4273","90027","","90027_BD","1"
"90029","BK SEE HONG PUFF CRACKERS 260GRX6PCX6BAL","MFB","PC","36","CT","5533.71","6081","6081","6081","6081","6081","90029","","","1"
"90029_BD","BK SEE HONG PUFF CRACKERS 260GRX6PCX6BAL","MFB","PC","36","CT","5533.71","6081","6081","6081","6081","6081","90029","","","1"
"90029_BN","BK SEE HONG PUFF CRACKERS 260GRX6PCX6BAL","MFB","PC","36","CT","0","0","0","0","0","0","90029","","","1"
"ADD1SM121","NS JERUK PERAS PLS 18PX40SX14GR","60","PC","720","CT","0","0","0","0","0","0","ADD1SM121","","ADD1SM121","1"
"ADV1101569326","NS JERUK PERAS PLS 18PX40SX14G","60","PC","720","CT","0","0","0","0","0","0","ADV1101569326","","ADV1101569326","1"
"AJPC001_BD","ALOE JELLY 70 GR PEACH 6'S X 12 PACK","MFB","PK","12","CT","5831","7086.36","6686","6686","7086.36","7086.36","AJPC001","","","1"
"AL2A008_BD","E91 AA-12 MAX BP-12 16PK","ET","PK","16","CT","53273","53273","53273","53273","53273","53273","AL2A008","","","1"
"AL2A009_BD","E91 AA-12 MAX BP-12 + PROMO16PK","ET","PK","16","CT","45282","45282","38490","38490","45282","45282","AL2A009","","","1"
"AL2A010_BD","E91 AA-12 MAX MP-12","ET","PK","48","CT","52182","60818.18","60818.18","60818.18","60818.18","60818.18","AL2A010","","","1"
"AL2A011","E91 AA-2 AF 216 PK","ET","PK","216","CT","9360","10909.09","10909.09","10909.09","10909.09","10909.09","AL2A011","","","1"
"AL2A011_BD","E91 AA-2 AF 216 PK","ET","PK","216","CT","9360","10909.09","10909.09","10909.09","10909.09","10909.09","AL2A011","","","1"
"AL2A012","E91 AA BP2 MAX / E301303601","ET","PK","216","CT","14609.19","17027","17027","17027","17027","17027","AL2A012","E300661800","","1"
"AL2A012_BD","E91 AA BP2 MAX / E301303601","ET","PK","216","CT","14609.19","17027","17027","17027","17027","17027","AL2A012","","","1"
"AL2A012R","E91 AA-2 MAX 216 PK REPACK","ET","PK","216","CT","9516.08","11091","11091","11091","11091","11091","AL2A012R","","","1"
"AL2A012R_BD","E91 AA-2 MAX 216 PK REPACK","ET","PK","216","CT","9516.08","11091","11091","11091","11091","11091","AL2A012R","","AL2A012R_BD","1"
"AL2A013_BD","E91 AA-2 MAX MAKRO 216 PK","ET","PK","216","CT","25505.77","29727","29727","29727","29727","29727","AL2A013","","","1"
"AL2A014_BD","E91 AA-2 MAX + PROMO 216 PK","ET","PK","216","CT","7960","9364","7960","7960","9364","9364","AL2A014","","","1"
"AL2A030","S91 BP2DC24CB432","ET","PC","216","CT","5849.84","6818","6818","6818","6818","6818","AL2A030","","","1"
"AL2A030_BD","S91 BP2DC24CB432","ET","PC","216","CT","5849.84","6818","6818","6818","6818","6818","AL2A030","","","1"
"AL3A026","E92 AAA-2 AF 216 PK","ET","PC","216","CT","9438","11000","11000","11000","11000","11000","AL3A026","","","1"
"AL3A026_BD","E92 AAA-2 AF 216 PK","ET","PC","216","CT","9438","11000","11000","11000","11000","11000","AL3A026","","","1"
"AL3A028","E92 AAA BP2 MAX / E301304101","ET","PK","216","CT","14609.19","17027","17027","17027","17027","17027","AL3A028","E301304101","","1"
"AL3A028_BD","E92 AAA-2MAX 216 PK","ET","PK","216","CT","14609.19","17027","17027","17027","17027","17027","AL3A028","","","1"
"AL3A028R","E92 AAA-2MAX 216 PK REPACK","ET","PK","216","CT","9516.08","11091","11091","11091","11091","11091","AL3A028R","","","1"
"AL3A031","E92 AAA BP4 MAX/E301304301","ET","PK","48","CT","27517.84","32072","32072","32072","32072","32072","AL3A031","E3300570600","","1"
"AL3A031_BD","E92 AAA-4MAX 48 PK","ET","PK","48","CT","27517.84","32072","32072","28174","28174","32072","AL3A031","","","1"
"AL3A031R","E92 AAA-4max 48 PK REPACK","ET","PK","48","CT","18018","21000","21000","21000","21000","21000","AL3A031R","","","1"
"AL3A032_BD","E92 AAA-4MAX PLUS 2 48 PK","ET","PK","48","CT","17628","20545.45","20545.45","20545.45","20545.45","20545.45","AL3A032","","","1"
"AL3A034","E92 AAA BP4+2 MAX/E303244900","ET","PK","96","CT","27517.84","32072","32072","32072","32072","32072","AL3A034","E303795400","","1"
"AL3A034_BD","E92 AAA-4MAX PLUS 2 96 PK","ET","PC","96","CT","27517.84","32072","32072","32072","32072","32072","AL3A034","","","1"
"AL3A034R_BD","E92 AAA-4MAX PLUS 2 96 PK REPACK","ET","PK","96","CT","18329.99","21363.63","21363.63","21363.63","21363.63","21363.63","AL3A034R","","AL3A034R_BD","1"
"AL4A015","E91 AA-4 MAX 48PK / E301303801","ET","PK","48","CT","27517.84","32072","32072","32072","32072","32072","AL4A015","E301303801","","1"
"AL4A015_BD","E91 AA-4 MAX 48PK","ET","PK","48","CT","27517.84","32072","32072","32072","32072","32072","AL4A015","","","1"
"AL4A015R_BD","E91 AA-4 MAX 48PK REPACK","ET","PK","48","CT","18018","21000","21000","21000","21000","21000","AL4A015R","","AL4A015R_BD","1"
"AL4A016_BD","E91 AA-4 MAX + PROMO 24PK","ET","PK","24","CT","15684","18455","15684","15684","18455","18455","AL4A016","","","1"
"AL4A017_BD","E91 AA-4 MAX PLUS 48PK","ET","PK","48","CT","17316","20181.82","20181.82","20181.82","20181.82","20181.82","AL4A017","","","1"
"AL4A018","E91 AA BP4+2 MAX / E303244800","ET","PK","96","CT","27517.84","32072","32072","32072","32072","32072","AL4A018","E303244800","","1"
"AL4A018_BD","E91 AA-4 MAX PLUS 2 96PK","ET","PK","96","CT","27517.84","32072","32072","32072","32072","32072","AL4A018","","","1"
"AL4A018R_BD","E91 AA-4 MAX PLUS 2 96PK REPACK","ET","PK","96","CT","17862","20818.18","20818.18","20818.18","20818.18","20818.18","AL4A018R","","AL4A018R_BD","1"
"AL6A018_BD","E91 AA-6 MAX 32PK","ET","PK","32","CT","23646","27819","23646","23646","27819","27819","AL6A018","","","1"
"AL6A019_BD","E91 AA-6 MAX + PROMO 32PK","ET","PK","32","CT","23646","27819","23646","23646","27819","27819","AL6A019","","","1"
"AL6A020","E91 AA BP6 MAX / E301303901","ET","PC","96","CT","33547.03","39099","39099","39099","39099","39099","AL6A020","E301303900","","1"
"AL6A020_BD","E91 AA BP6 MAX / E301303901","ET","PC","96","CT","33547.03","39099","39099","39099","39099","39099","AL6A020","","","1"
"AL6A020R","E91 MAX BP6 R576 DM REPACK","ET","PC","96","CT","21840.39","25455","25455","25455","25455","25455","AL6A020R","","","1"
"AL6A021","E92 AAA BP6 MAX / E301304401","ET","PC","96","CT","33160.54","38649","38649","38649","38649","38649","AL6A021","E301304400","","1"
"AL6A021_BD","E92 MAXBP6 R576 DM","ET","PC","96","CT","33160.54","38649","38649","38649","38649","38649","AL6A021","","","1"
"AL8A020_BD","E91 AA-8 MAX  24PK","ET","PK","24","CT","33769","39728","33769","33769","39728","39728","AL8A020","","","1"
"AL8A021_BD","E91 AA-8 MAX + PROMO 24PK","ET","PK","24","CT","33769","39728","33769","33769","39728","39728","AL8A021","","","1"
"AL8A022_BD","E91 AA 8 AF 48PK","ET","PK","48","CT","33769","39728","33769","33769","39728","39728","AL8A022","","","1"
"AL8A023_BD","E91/E92 AA 8 + RADIO 48PK","ET","PK","48","CT","33769","39728","33769","33769","39728","39728","AL8A023","","","1"
"AL8A024_BD","E91/E92 AA 8 FL 48PK","ET","PK","48","CT","33769","39728","33769","33769","39728","39728","AL8A024","","","1"
"AL91AA2","E91 AA BP2+1 MAX / E301303701","ET","PC","216","CT","16155.14","18829","18829","18829","18829","18829","AL91AA2","E300667400","","1"
"AL91AA2_BD","E91BP2+1 AA MAX","ET","PC","216","CT","16155.14","18829","18829","18829","18829","18829","AL91AA2","","","1"
"AL91AA2R_BD","E91BP2+1 AA MAX REPACK","ET","PC","216","CT","10686.39","12455","12455","12455","12455","12455","AL91AA2R","","AL91AA2R_BD","1"
"AL92AAA","E92 AAA BP2+1 MAX/E301304201","ET","PC","216","CT","16155.14","18829","18829","18829","18829","18829","AL92AAA","E301304201","","1"
"AL92AAA_BD","E92BP2+1 AAA MAX","ET","PC","216","CT","16155.14","18829","18829","17117","17117","18829","AL92AAA","","","1"
"AL92AAAR","E92BP2+1 AAA MAX REPACK","ET","PC","216","CT","10686.39","12455","12455","12455","12455","12455","AL92AAAR","","","1"
"AL92AAAR_BD","E92BP2+1 AAA MAX REPACK","ET","PC","216","CT","10686.39","12455","12455","12455","12455","12455","AL92AAAR","","AL92AAAR_BD","1"
"AL9V003","522 9V/446-0504","ET","PC","144","CT","28058.92","32703","32703","32703","32703","32703","AL9V003","446-0504","","1"
"AL9V003_BD","522 9V-1 144 PC","ET","PC","144","CT","28058.92","32703","32703","25091","25091","32703","AL9V003","","","1"
"ALBP001_BD","E91 BP2 AF SUPER ALK 216 PK","ET","PK","216","CT","6364","6364","6364","6364","6364","6364","ALBP001","","","1"
"ALBP002_BD","E92 BP2 AF SUPER ALK 216PK","ET","PK","216","CT","6364","6364","6364","6364","6364","6364","ALBP002","","","1"
"ALBP004_BD","e2x91 BP2 48PK","ET","PK","48","CT","25350","29545.45","29545.45","29545.45","29545.45","29545.45","ALBP004","","","1"
"ALBP005","e2x91 BP2 48 PK","ET","PK","48","CT","14000.84","16318","16318","16318","15227","16318","ALBP005","","","1"
"ALBP005_BD","e2x91 BP2 48 PK","ET","PK","48","CT","14000.84","16318","16318","16318","15227","16318","ALBP005","","","1"
"ALBP006_BD","e2x92 BP2 48 PK","ET","PK","48","CT","14000.84","16318","16318","16318","15227","16318","ALBP006","","","1"
"ALBP007","e2x92 BP4 48 PK","ET","PK","48","CT","20670.08","24091","24091","24091","24091","24091","ALBP007","","","1"
"ALBP007_BD","e2x92 BP4 48 PK","ET","PK","48","CT","20670.08","24091","24091","24091","24091","24091","ALBP007","","","1"
"ALBP022_BD","E91 AA 8 AF 48PK","ET","PK","48","CT","19546","19446","19546","19546","19446","19446","ALBP022","","","1"
"ALBP034_BD","E92 BP 4 AF 48  PK","ET","PK","48","CT","20478","24091","20478","20478","24091","24091","ALBP034","","","1"
"ALBP035_BD","E92 BP 2 48 PK","ET","PK","48","CT","10973","12910","10973","10973","12910","12910","ALBP035","","","1"
"ALC-036","E93 C BP2 MAX/179-8253","ET","PK","108","CT","51325.41","59820","59820","59820","59820","59820","ALC-036","179-8253","","1"
"ALC-036_BD","E93 C-2 108 PK","ET","PK","108","CT","51325.41","59820","59820","59820","59820","59820","ALC-036","","","1"
"ALCO025_BD","E91/E92 COMBO PACK 24PK","ET","PK","24","CT","15687","18455","15687","15687","18455","18455","ALCO025","","","1"
"ALD-038","E95 D BP2 MAX/180-0326","ET","PK","72","CT","62301.62","72613","72613","72613","72613","72613","ALD-038","180-0326","","1"
"ALD-038_BD","E95 D-2 72PK","ET","PK","72","CT","62301.62","72613","72613","72613","72613","72613","ALD-038","","","1"
"ALMF002","ALFAMART JELLY MIX FLOVOUR 16PCX24/CT","MFB","PC","24","CT","3711.21","4255","4255","4255","4255","4255","ALMF002","","","1"
"ALMF002_BD","ALFAMART JELLY MIX FLOVOUR 16PCX24/CT","MFB","PC","24","CT","3711.21","4255","4255","4255","4255","4255","ALMF002","","","1"
"ANTP","APRON NUTRISARI TEA PO 2","60","PC","1","PC","0","0","0","0","0","0","ANTP","","ANTP","1"
"APM02","APRON LOKALATE","60","PC","1","PC","0","0","0","0","0","0","APM02","","","1"
"APRON","APRON/CELEMEK MARKISA","60","PC","1","PC","0","0","0","0","0","0","APRON","","APRON","1"
"APRONHILO","APRON/CELEMEK HILO 2023","60","PC","1","PC","0","0","0","0","0","0","APRONHILO","","APRONHILO","1"
"APRONNS","APRON NS JERUK","60","PC","1","PC","0","0","0","0","0","0","APRON","","APRONNS","1"
"BBNG001_BD","BUMBU NASI GORENG 25GR X 6SCH X 20PAK","M3","PC","120","CT","904.55","1042.73","1042.73","1042.73","1042.73","1042.73","BBNG001","","","1"
"BCDC001","BELLA COMPOUND DARK CHOCOLATE BAG 6X1KG","MFB","PC","6","CT","44083.02","50356.14","50356.14","50356.14","50356.14","50356.14","BCDC001","","","1"
"BCDC001_BD","BELLA COMPOUND DARK CHOCOLATE BAG 6X1KG","MFB","PC","6","CT","44083.02","50356.14","50356.14","50356.14","50356.14","50356.14","BCDC001","","","1"
"BCDP001_BD","BELLA CHOCOLATE DRINK POUCH 5X1KG","MFB","PC","5","CT","47488","54245.38","54245.38","54245.38","54245.38","54245.38","BCDP001","","BCDP001","1"
"BCDR001","BELLA CHOC DRINK RENCENG 3X20X28GR","MFB","PC","60","CT","2032.65","2319.82","2319.82","2319.82","2319.82","2319.82","BCDR001","","","1"
"BCDR001_BD","BELLA CHOC DRINK RENCENG 3X20X28GR","MFB","PC","60","CT","1231","1406.15","1406.15","1406.15","1406.15","1406.15","BCDR001","","","1"
"BCDR002","BELLA CHOCOLATE DRINK 12X5X28GR","MFB","PC","60","CT","1325.67","1454.55","1454.55","1454.55","1454.55","1454.55","BCDR002","","","1"
"BCDR002_BD","BELLA CHOCOLATE DRINK 12X5X28GR","MFB","PC","60","CT","1325.67","1454.55","1454.55","1454.55","1454.55","1454.55","BCDR002","","","1"
"BCMG001","BELLA CHOCO MULTI GRAIN 6BX12PCX22GR","MFB","PC","72","CT","4960","5665","5665","5665","5665","5665","BCMG001","C301007010790","BCMG001","1"
"BCMG001_BD","BELLA CHOCO MULTI GRAIN 6BX12PCX22GR","MFB","PC","72","CT","4960","5665","5665","5665","5665","5665","BCMG001","","BCMG001_BD","1"
"BCPT001_BD","BELLA CHOCO PASTE 5KG","MFB","PC","2","CT","106364","118182","118182","118182","118182","118182","BCPT001","","","1"
"BCRB002_BD","BELLA CHOCOLATE RICE BAG 4X3KG","MFB","PC","4","CT","78862","90084.52","90084.52","90084.52","90084.52","90084.52","BCRB002","","","1"
"BCRS001","BELLA CHOCO RICE BAG SPECIAL GRADE 2X2X3KG","MFB","PC","4","CT","86284","98562.27","98562.27","98562.27","98562.27","98562.27","BCRS001","C.104005010126","","1"
"BCRS001_BD","BELLA CHOCO RICE BAG SPECIAL GRADE","MFB","PC","4","CT","86284","98562.27","98562.27","98562.27","98562.27","98562.27","BCRS001","","","1"
"BCWC001","BELLA COMPOUND WHITE CHO BAG 6X1KG","MFB","PC","6","CT","44083.02","50356.14","50356.14","50356.14","50356.14","50356.14","BCWC001","C.304002010086","BCWC001","1"
"BDCC001","BELLA DARK CHO COMPOUND 24X250GR","MFB","PC","24","CT","17399.55","19857.66","19857.66","19857.66","19857.66","19857.66","BDCC001","C.304002010076","","1"
"BDCC001_BD","BELLA DARK CHO COMPOUND 24X250GR","MFB","PC","24","CT","14473","16532","16532","16532","16532","16532","BDCC001","","","1"
"BDCC002_BD","BELLA DARK CHOCO COMPOUND 1 KG","MFB","PC","6","CT","30767.05","35145.27","35145.27","35145.27","35145.27","35145.27","BDCC002","","","1"
"BDCC003_BD","BELLA DARK CHOCO COMPOUND 250GR","MFB","PC","24","CT","11007.1","12300.85","12300.85","12300.85","12300.85","12300.85","BDCC003","","","1"
"BDCC004_BD","BELLA DARK COMPOUND 5KG","MFB","PC","4","CT","133323.86","152296.16","152296.16","152296.16","152296.16","152296.16","BDCC004","","","1"
"BEVT001","BE-EVAA1 VTMHS 2AA SW","ET","PC","144","CT","17861.84","20818","20818","20818","20818","20818","BEVT001","","","1"
"BEVT001_BD","BE-EVAA1 VTMHS 2AA SW","ET","PC","144","CT","17861.84","20818","20818","20818","20818","20818","BEVT001","","","1"
"BJCCKAP0001","COUNTRY CHOICE APPLE KOTAK 1L K12K","M3","PC","12","CT","15015.01","18768.76","16966.96","16966.96","18768.76","18768.76","BJCCKAP0001","","BJCCKAP0001","1"
"BJCCKAP0001_BD","COUNTRY CHOICE APPLE KOTAK 1L K12K","M3","PC","12","CT","15015.01","18768.76","16966.96","16966.96","18768.76","0","BJCCKAP0001","","BJCCKAP0001_BD","1"
"BJCCKAP0002","COUNTRY  CHOICE KOTAK  APPLE 1L K12","M3","PC","12","CT","15015.01","18768.76","16966.96","16966.96","18768.76","0","BJCCKAP0002","","BJCCKAP0002","1"
"BJCCKAP0002_BD","COUNTRY  CHOICE KOTAK  APPLE 1L K12","M3","PC","12","CT","15015.01","18768.76","16966.96","16966.96","18768.76","0","BJCCKAP0002","","BJCCKAP0002_BD","1"
"BJCCKAP2501","COUNTRYCHOICE KOTAK  APPLE 250ML","M3","PC","24","CT","3490.99","4466.96","3941.44","3941.44","4466.96","4466.96","BJCCKAP2501","BJCCKAP2501","BJCCKAP2501","1"
"BJCCKGD2501","COUNTRY CHOICE KOTAK FF 250ML GUARDIAN RED","M3","PC","24","CT","4185.43","5405.4","5105.1","5105.1","5405.4","0","BJCCKGD2501","BJCCKGD2501","BJCCKGD2501","1"
"BJCCKGD2501_BD","CHOICE KOTAK FF 250ML GUARDIAN RED","M3","PC","24","CT","4185.43","5405.4","5105.1","5105.1","5405.4","0","BJCCKGD2501","","BJCCKGD2501_BD","1"
"BJCCKGV2501","COUNTRYCHOICE KOTAK GUAVA 250ML","M3","PC","24","CT","3490.99","4466.96","3941.44","3941.44","4466.96","4466.96","BJCCKGV2501","BJCCKGV2501","BJCCKGV2501","1"
"BJCCKGV2501_BD","COUNTRYCHOICE KOTAK GUAVA 250ML","M3","PC","24","CT","3490.99","4466.96","3941.44","3941.44","4466.96","4466.96","BJCCKGV2501","","BJCCKGV2501_BD","1"
"BJCCKMN2501","COUNTRYCHOICE KOTAK MANGO 250ML","M3","PC","24","CT","3490.99","4466.96","3941.44","3941.44","4466.96","4466.96","BJCCKMN2501","BJCCKMN2501","BJCCKMN2501","1"
"BJCCKOR0001","COUNTRY CHOICE ORANGE KOTAL 1L 12K","M3","PC","12","CT","15015.01","18768.76","16966.96","16966.96","18768.76","18768.76","BJCCKOR0001","","BJCCKOR0001","1"
"BJCCKOR0002","COUNTRY CHOICE KOTAK  ORANGE 1L K12","M3","PC","12","CT","15015.01","18768.76","16966.96","16966.96","18768.76","0","BJCCKOR0002","BJCCKOR0002","BJCCKOR0002","1"
"BJCCKOR2501","COUNTRYCHOICE KOTAK ORANGE 250ML","M3","PC","24","CT","3490.99","4466.96","3941.44","3941.44","4466.96","4466.96","BJCCKOR2501","BJCCKOR2501","BJCCKOR2501","1"
"BJFTBAP0001","FRUITTEA BOTOL APPLE 235ML 24BT","M3","BT","24","KR","1482.73","1895.64","1801.8","1801.8","1895.64","1895.64","BJFTBAP0001","BJFTBAP0001","BJFTBAP0001","1"
"BJFTBAP0001_BD","FRUITTEA BOTOL APPLE 235ML 24BT","M3","BT","24","KR","1482.73","1895.64","1801.8","1801.8","1895.64","1895.64","BJFTBAP0001","","BJFTBAP0001_BD","1"
"BJFTBBC0001","FRUITTEA BTL BLACKCURRENT 235ML 24BT 24BT","M3","BT","24","KR","1482.73","1895.64","1801.8","1801.8","1895.64","1895.64","BJFTBBC0001","BJFTBBC0001","BJFTBBC0001","1"
"BJFTBBC0001_BD","FRUITTEA BTL BLACKCURRENT 235ML 24BT 24BT","M3","BT","24","KR","1482.73","1895.64","1801.8","1801.8","1895.64","1895.64","BJFTBBC0001","","BJFTBBC0001_BD","1"
"BJFTCAP2000","FRUITTEA CAN APPLE 318 ML K20 20BT","M3","PC","20","CT","3108.1","3963.96","3513.51","3513.51","3963.96","3963.96","BJFTCAP2000","BJFTCAP2000","BJFTCAP2000","1"
"BJFTCAP2000_BD","FRUITTEA CAN APPLE 318 ML K20 20BT","M3","PC","20","CT","3108.1","3963.96","3513.51","3513.51","3963.96","3963.96","BJFTCAP2000","","BJFTCAP2000_BD","1"
"BJFTCBC2000","FRUTTEA CAN BLACKCURRENT 318ML 20C","M3","PC","20","CT","3108.1","3963.96","3513.51","3513.51","3963.96","3963.96","BJFTCBC2000","BJFTCAP2000","BJFTCBC2000","1"
"BJFTEAP0005","FRUITTEA  PET APPLE 500ML","M3","PC","24","CT","3978.97","5067.56","4654.65","4654.65","5067.56","5067.56","BJFTEAP0005","BJFTEAP0005","BJFTEAP0005","1"
"BJFTEAP0005_BD","FRUITTEA  PET APPLE 500ML","M3","PC","24","CT","3978.97","5067.56","4466.96","4466.96","5067.56","5067.56","BJFTEAP0005","","BJFTEAP0005_BD","1"
"BJFTEAP3505","FRUITTEA PET APPLE 350ML 12BT","M3","PC","12","CT","2822.82","3219.66","3378.37","3378.37","3219.66","3219.66","BJFTEAP3505","BJFTEAP3505","BJFTEAP3505","1"
"BJFTEAP3505_BD","FRUITTEA PET APPLE 350ML 12BT","M3","PC","12","CT","2822.82","3219.66","3153.15","3153.15","3219.66","3219.66","BJFTEAP3505","","BJFTEAP3505_BD","1"
"BJFTEBC0005","FRUITTEA PET BLACKCURRENT 500ML 24BT","M3","BT","24","CT","3978.97","5067.56","4654.65","4654.65","5067.56","5067.56","BJFTEBC0005","BJFTEBC0005","BJFTEBC0005","1"
"BJFTEBC0005_BD","FRUITTEA PET BLACKCURRENT 500ML 24BT","M3","BT","24","CT","3978.97","5067.56","4466.96","4466.96","5067.56","5067.56","BJFTEBC0005","","BJFTEBC0005_BD","1"
"BJFTEBC0045","FRUITTEA PET CONCENTRAT BLACKCURRENT 500ML K24","M3","BT","12","CT","13363.36","14414.41","14414.41","14414.41","14414.41","14414.41","BJFTEBC0045","BJFTEBC0045","BJFTEBC0045","1"
"BJFTEBC3505","FRUITTEA PET BLACKCURENT 350ML","M3","PC","12","CT","2822.82","3219.69","3378.37","3378.37","3219.69","3219.69","BJFTEBC3505","BJFTEBC3505","BJFTEBC3505","1"
"BJFTEBC3505_BD","FRUITTEA PET BLACKCURENT 350ML","M3","PC","12","CT","2822.82","3219.69","3153.15","3153.15","3219.69","3219.69","BJFTEBC3505","","BJFTEBC3505_BD","1"
"BJFTEBC3506","FRUIT TEA  BLACKCURRENTPET350ML 12BT SHRINKS","M3","PC","12","CT","2822.82","3153.15","3219.66","3219.66","3153.15","0","BJFTEBC3506","BJFTEBC3506","BJFTEBC3506","1"
"BJFTEBW3501","FUITTEA PET BLEWAH 350ML 12BT SHRINK","M3","PC","12","CT","2822.82","3219.66","3378.15","3378.15","3219.66","3219.66","BJFTEBW3501","BJFTEBW3501","BJFTEBW3501","1"
"BJFTEBW3501_BD","FUITTEA PET BLEWAH 350ML 12BT SHRINK","M3","PC","12","CT","2822.82","3219.66","3153.15","3153.15","3219.66","3219.66","BJFTEBW3501","","BJFTEBW3501_BD","1"
"BJFTEFR3505","FRUITTEA PET FREEZE 350ML 12BT","M3","BT","12","CT","2822.82","3219.66","3378.37","3378.37","3219.66","3219.66","BJFTEFR3505","","BJFTEFR3505","1"
"BJFTEFR3505_BD","FRUITTEA PET FREEZE 350ML 12BT","M3","PC","12","CT","2822.82","3219.66","3153.15","3153.15","3219.66","3219.66","BJFTEFR3505","","BJFTEFR3505_BD","1"
"BJFTEFR5001","FUITTEA PET FREEZE 500ML 24BT","M3","BT","24","CT","3978.97","5067.56","4654.65","4654.65","5067.56","5067.56","BJFTEFR5001","BJFTEFR5001","BJFTEFR5001","1"
"BJFTEFR5001_BD","FUITTEA PET FREEZE 500ML 24BT","M3","BT","24","CT","3978.97","5067.56","4466.96","4466.96","5067.56","5067.56","BJFTEFR5001","","BJFTEFR5001_BD","1"
"BJFTELC0047","FRUITEA LEMON CONCENTRATE PET 500ML K12","M3","BT","12","CT","13363.36","14414.41","14414.41","14414.41","14414.41","14414.41","BJFTELC0047","","BJFTELC0047","1"
"BJFTELM3501","FRUITTEA PET LEMON 350ML 12BT","M3","BT","12","CT","2822.82","3219.66","3378.37","3378.37","3219.66","3219.66","BJFTELM3501","BJFTELM3501","BJFTELM3501","1"
"BJFTELM3505","FRUITTEA PET LEMON 350ML 12BT SHRINK","M3","BT","12","CT","2822.82","3219.66","3378.37","3378.37","3219.66","3219.66","BJFTELM3505","BJFTELM3505","BJFTELM3505","1"
"BJFTELM3505_BD","FRUITTEA PET LEMON 350ML 12BT","M3","BT","12","CT","2822.82","3219.66","3153.15","3153.15","3219.66","3219.66","BJFTELM3505","","BJFTELM3505_BD","1"
"BJFTEMK3505","FRUITTEA PET MARKISA 350ML 12BT","M3","BT","12","CT","2822.82","3219.66","3378.37","3378.37","3219.66","3219.66","BJFTEMK3505","BJFTEMK3505","BJFTEMK3505","1"
"BJFTEMK3505_BD","FRUITTEA PET MARKISA 350ML 12BT","M3","PC","12","CT","2822.82","3219.66","3153.15","3153.15","3219.66","3219.66","BJFTEMK3505","","BJFTEMK3505_BD","1"
"BJFTESB0005","FRUITTEA PET  STRAWBERRY 500ML 24BT","M3","BT","24","CT","3978.97","5067.56","4654.65","4654.65","5067.56","5067.56","BJFTESB0005","BJFTESB0005","BJFTESB0005","1"
"BJFTESB0005_BD","FRUITTEA PET  STRAWBERRY 500ML 24BT","M3","BT","24","CT","3978.97","5067.56","4466.96","4466.96","5067.56","5067.56","BJFTESB0005","","BJFTESB0005_BD","1"
"BJFTESB3501","RUITTEA PETSTRAWBERRY 350ML 12","M3","PC","12","CT","2822.82","3219.66","3153.15","3153.15","3219.66","3219.66","BJFTESB3501","","BJFTESB3501","1"
"BJFTESB3505","FRUITTEA PET STRAWBERRY 350ML 12BT","M3","BT","12","CT","2822.82","3219.66","3378.37","3378.37","3219.66","3219.66","BJFTESB3505","BJFTESB3505","BJFTESB3505","1"
"BJFTESB3505_BD","UITTEA PET STRAWBERRY 350ML 12BT","M3","PC","12","CT","2822.82","3219.66","3153.15","3153.15","3219.66","3219.66","BJFTESB3505","","BJFTESB3505_BD","1"
"BJFTESB3506","FRUITTEA PET STRAWBERRY 350ML 12BT SHRINK","M3","BT","12","CT","2822.82","3219.66","3378.37","3378.37","3219.66","3219.66","BJFTESB3506","BJFTESB3506","BJFTESB3506","1"
"BJFTESB3506_BD","FRUITTEA PET STRAWBERRY 350ML 12BT SHRINK","M3","BT","12","PC","2822.82","3219.66","3153.15","3153.15","3219.66","0","BJFTESB3506","","BJFTESB3506_BD","1"
"BJFTEXT0005","FRUITTEA PET X-TREAM 500ML 24BT","M3","BT","24","CT","3978.97","5067.56","4654.65","4654.65","5067.56","5067.56","BJFTEXT0005","BJFTEXT0005","BJFTEXT0005","1"
"BJFTEXT0005_BD","FRUITTEA PET X-TREAM 500ML 24BT","M3","BT","24","CT","3978.97","5067.56","4466.96","4466.96","5067.56","5067.56","BJFTEXT0005","","BJFTEXT0005_BD","1"
"BJFTGAP0001","FRUITTEA GENGGAM APPLE 200 ML K24 24BT","M3","PC","24","CT","1741.74","2233.48","1970.72","1970.72","2233.48","2233.48","BJFTGAP0001","BJFTGAP0001","BJFTGAP0001","1"
"BJFTGAP0001_BD","FRUITTEA GENGGAM APPLE 200 ML K24 24BT","M3","PC","24","CT","1741.74","2233.48","1970.72","1970.72","2233.48","2233.48","BJFTGAP0001","","BJFTGAP0001_BD","1"
"BJFTGBC0001","FRUITTEA GENGGAM BCURRENT 200ML K24","M3","PC","24","CT","1741.74","2233.48","1970.72","1970.72","2233.48","2233.48","BJFTGBC0001","BJFTGBC0001","BJFTGBC0001","1"
"BJFTGBC0001_BD","FRUITTEA GENGGAM BCURRENT 200ML K24","M3","PC","24","CT","1741.74","2233.48","1970.72","1970.72","2233.48","2233.48","BJFTGBC0001","","BJFTGBC0001_BD","1"
"BJFTGFR0001","FRUITTEA GENGGAM FREEZE 200ML K24","M3","PC","24","CT","1741.74","2233.48","1970.72","1970.72","2233.48","2233.48","BJFTGFR0001","BJFTGFR0001","BJFTGFR0001","1"
"BJFTGFR0001_BD","FRUITTEA GENGGAM FREEZE 200ML K24","M3","PC","24","CT","1741.74","2233.48","1970.72","1970.72","2233.48","2233.48","BJFTGFR0001","","BJFTGFR0001_BD","1"
"BJFTGSB0001","FRUITTEA GENGGAM STRAWBERRY  200ML K24","M3","PC","24","CT","1741.74","2233.48","1970.72","1970.72","2233.48","2233.48","BJFTGSB0001","BJFTGSB0001","BJFTGSB0001","1"
"BJFTGSB0001_BD","FRUITTEA GENGGAM STRAWBERRY  200ML K24","M3","PC","24","CT","1741.74","2233.48","1970.72","1970.72","2233.48","2233.48","BJFTGSB0001","","BJFTGSB0001_BD","1"
"BJFTKAP2001","FRUITTEA KOTAK APPLE  200ML 24PC","M3","PC","24","CT","1741.74","2233.48","2045.79","2045.79","2233.48","2233.48","BJFTKAP2001","","BJFTKAP2001","1"
"BJFTKAP2501","FRUITEA KOTAK  APPLE 250ML K24","M3","PC","24","CT","1933.18","2383.63","2252.25","2252.25","2383.63","2383.63","BJFTKAP2501","BJFTKAP2501","BJFTKAP2501","1"
"BJFTKAP2501_BD","FRUITEA KOTAK  APPLE 250ML K24","M3","PC","24","CT","1933.18","2383.63","2177.17","2177.17","2383.63","2383.63","BJFTKAP2501","","BJFTKAP2501_BD","1"
"BJFTKBC2001","FRUITTEA KOTAK BLACKCURRENT  200ML 24PC","M3","PC","24","CT","1741.74","2233.48","2045.79","2045.79","2233.48","2233.48","BJFTKBC2001","","BJFTKBC2001","1"
"BJFTKBC2001_BD","FRUITTEA KOTAK BLACKCURRENT  200ML 24PC","M3","PC","24","CT","1741.74","2233.48","1970.72","1970.72","2233.48","0","BJFTKBC2001","","BJFTKBC2001_BD","1"
"BJFTKBC2501","FRUITTEA KOTAK BLACKCURRENT 250 ML K24","M3","PC","24","CT","1933.18","2383.63","2252.25","2252.25","2383.63","2383.63","BJFTKBC2501","BJFTKBC2501","BJFTKBC2501","1"
"BJFTKBC2501_BD","FRUITTEA KOTAK BLACKCURRENT 250 ML K24","M3","PC","24","CT","1933.18","2383.63","2177.17","2177.17","2383.63","2383.63","BJFTKBC2501","","BJFTKBC2501_BD","1"
"BJFTKFR2001","FRUITTEA KOTAK FREEZE  200ML 24PC","M3","PC","24","CT","1741.74","2233.48","2045.79","2045.79","2233.48","2233.48","BJFTKFR2001","","BJFTKFR2001","1"
"BJFTKLM2501","FTK LM 250 ML K24","M3","PC","24","CT","1933.18","2383.63","2252.25","2252.25","2383.63","2383.63","BJFTKLM2501","BJFTKLM2501","BJFTKLM2501","1"
"BJFTKLM2501_BD","FTK LM 250 ML K24","M3","PC","24","CT","1933.18","2383.63","2177.17","2177.17","2383.63","0","BJFTKLM2501","","BJFTKLM2501_BD","1"
"BJFTKLM2502","FRUITEA KOTAK LEMON 250ML K24","M3","PC","24","CT","1933.18","2383.63","2252.25","2252.25","2383.63","0","BJFTKLM2502","BJFTKLM2502","BJFTKLM2502","1"
"BJFTKLM2502_BD","FRUITEA KOTAK LEMON 250ML K24","M3","PC","24","CT","1933.18","2383.63","2177.17","2177.17","2383.63","0","BJFTKLM2502","","BJFTKLM2502_BD","1"
"BJFTOAP2001","FRUITTEA POUCH APPLE 200ML K24","M3","PC","24","CT","1539.03","1764.26","1670.42","1670.42","1764.26","1764.26","BJFTOAP2001","BJFTOAP2001","BJFTOAP2001","1"
"BJFTOAP2001_BD","FRUITTEA POUCH APPLE 200ML K24","M3","PC","24","CT","1539.03","1764.26","1670.42","1670.42","1764.26","1764.26","BJFTOAP2001","","BJFTOAP2001_BD","1"
"BJFTOBC2001","FRUITTEA POUCH BLCURRENT 200ML K24","M3","PC","24","CT","1539.03","1764.26","1670.42","1670.42","1764.26","1764.26","BJFTOBC2001","BJFTOBC2001","BJFTOBC2001","1"
"BJFTOBC2001_BD","FRUITTEA POUCH BLCURRENT 200ML K24","M3","PC","24","CT","1539.03","1764.26","1670.42","1670.42","1764.26","1764.26","BJFTOBC2001","","BJFTOBC2001_BD","1"
"BJJTEOL3501","JOY TEA SOSRO OOLONG PET 350ML K12","M3","PC","12","CT","4542.04","5217.71","5105.1","5105.13","5217.71","4542.04","BJJTEOL3501","","BJJTEOL3501","1"
"BJPAB190001","PRIMA GALON 19 LITER","M3","GL","1","GL","11261.26","14864.86","14864.86","14864.86","14864.86","14864.86","BJPAB190001","","BJPAB190001","1"
"BJPAB190001_BD","PRIMA GALON 19 LITER","M3","GL","1","GL","11261.26","14864.86","14864.86","14864.86","14864.86","14864.86","BJPAB190001","","BJPAB190001_BD","1"
"BJPAB220001","PRIMA 220ML K20 BT","M3","BT","20","CT","800","990.99","968.46","968.46","990.99","990.99","BJPAB220001","","BJPAB220001","1"
"BJPAB220001_BD","PRIMA 220ML K20 BT","M3","PC","20","CT","800","990.99","900.9","900.9","990.99","990.99","BJPAB220001","","BJPAB220001_BD","1"
"BJPAB330065","PRIMA 330ML K24 SHORT NECK","M3","PC","24","CT","975.97","1295.04","1238.73","1238.73","1295.04","1295.04","BJPAB330065","BJPAB330065","BJPAB330065","1"
"BJPAB330065_BD","PRIMA 330ML K24 SHORT NECK","M3","PC","24","CT","975.97","1295.04","1144.89","1144.89","1295.04","1295.04","BJPAB330065","","BJPAB330065_BD","1"
"BJPAB330066","PRIMA 330ML K24 SHORT NECK","M3","PC","24","CT","975.97","1295.04","1238.73","1238.73","1295.04","0","BJPAB330066","","BJPAB330066","1"
"BJPAB600052","PRIMA 600ML K24 SHORT NECK","M3","PC","24","CT","1107.35","1407.65","1426.42","1426.42","1407.65","1407.65","BJPAB600052","BJPAB600052","BJPAB600052","1"
"BJPAB600052_BD","PRIMA 600ML K24 SHORT NECK","M3","PC","24","CT","1107.35","1407.65","1295.04","1295.04","1407.65","1407.65","BJPAB600052","","BJPAB600052_BD","1"
"BJPAH150003","PRIMA 1500 ML K12 SHORT NECK - HANGER","M3","PC","12","CT","2364.86","2965.46","3003","3003","2965.46","2965.46","BJPAH150003","BJPAH150003","BJPAH150003","1"
"BJPAH150003_BD","PRIMA 1500 ML K12 SHORT NECK - HANGER","M3","PC","12","CT","2364.86","2965.46","2740.24","2740.24","2965.46","2965.46","BJPAH150003","","BJPAH150003_BD","1"
"BJPAP220001","DPRIMA 220 ML K48","M3","PC","48","CT","365.99","459.83","459.83","459.83","459.83","459.83","BJPAP220001","BJPAP220001","BJPAP220001","1"
"BJPAP220001_BD","PRIMA 220 ML K48","M3","PC","48","CT","365.99","459.83","422.29","422.29","459.83","459.83","BJPAP220001","","BJPAP220001_BD","1"
"BJSTE390005","S TEE PET 390ML K12 HOTFILL","M3","BT","12","CT","1918.16","2651.5","2214.71","2214.71","2651.5","2651.5","BJSTE390005","BJSTE390005","BJSTE390005","1"
"BJSTE390005_BD","S TEE PET 390ML K12 HOTFILL","M3","BT","12","CT","1918.16","2651.5","2139.63","2139.63","2651.5","2651.5","BJSTE390005","","BJSTE390005_BD","1"
"BJSTK200001","S TEE KOTAK 200 ML K24","M3","BT","24","CT","1257.5","1726.72","1426.42","1426.42","1726.72","1726.72","BJSTK200001","BJSTK200001","BJSTK200001","1"
"BJSTK200001_BD","S TEE KOTAK 200 ML K24","M3","PC","24","CT","1257.5","1257.5","1426.42","1726","1726","1257.5","BJSTK200001","","BJSTK200001_BD","1"
"BJSTK200005","S TEE KOTAK 200ML K24 ROCKET CHICKEN","M3","PC","24","CT","1257.5","1367.49","1367.49","1367.49","1367.49","1367.49","BJSTK200005","","BJSTK200005","1"
"BJTBE350029","TBE 350 ML K12 ASEPTIC","M3","BT","12","CT","2822.82","3219.66","3378.37","3378.37","3219.66","3219.66","BJTBE350029","BJTBE350029","BJTBE350029","1"
"BJTBE350029_BD","TBE 350 ML K12 ASEPTIC","M3","PC","12","CT","2822.82","3219.66","3153.15","3153.15","3153.15","3219.66","BJTBE350029","","BJTBE350029_BD","1"
"BJTBE350033","TBE SOSRO PET 350ML ANTISEPTIC TAWAR 12K","M3","PC","12","CT","2822.82","3219.66","3378.37","3378.37","3219.66","3219.66","BJTBE350033","","BJTBE350033","1"
"BJTBE350033_BD","TBE SOSRO PET 350ML ANTISEPTIC TAWAR 12K","M3","PC","12","CT","2822.82","3219.66","3153.15","3153.15","3219.66","3219.66","BJTBE350033","","BJTBE350033_BD","1"
"BJTBE350034","TEH BOTOL PET 350ML ANTISEPTIC TAWAR K12","M3","BT","12","CT","2822.82","3219.66","3378.37","3378.37","3219.66","2822.82","BJTBE350034","","BJTBE350034","1"
"BJTBE350034_BD","TEH BOTOL PET 350ML ANTISEPTIC TAWAR K12","M3","PC","12","CT","2822.82","3219.66","3153.15","3153.15","3219.66","3219.66","BJTBE350034","","BJTBE350034_BD","1"
"BJTBE350037","TBE 350 ML K12 ASEPTIC LESS SUGAR","M3","PC","12","CT","2822.82","3219.66","3378.37","3378.37","3219.66","3219.66","BJTBE350037","","BJTBE350037","1"
"BJTBE350037_BD","TBE 350 ML K12 ASEPTIC LESS SUGAR","M3","PC","12","CT","2822.82","3219.66","3153.15","3153.15","3219.66","0","BJTBE350037","","BJTBE350037_BD","1"
"BJTBE350053","TEH BOTOL SOSRO PET 350ML K12 ASEPTIC","M3","PC","12","CT","2822.82","3219.66","3378.37","3378.37","3219.66","3219.66","BJTBE350053","BJTBE350053","BJTBE350053","1"
"BJTBE350053_BD","TEH BOTOL SOSRO PET 350ML K12 ASEPTIC","M3","PC","12","CT","2822.82","3219.66","3153.15","3153.15","3219.66","3219.66","BJTBE350053","","BJTBE350053_BD","1"
"BJTBE450001","TBE 450 ML K24","M3","BT","24","CT","3978.97","5067.56","4654.65","4654.65","5067.56","5067.56","BJTBE450001","BJTBE450001","BJTBE450001","1"
"BJTBE450001_BD","TBE 450 ML K24","M3","BT","24","CT","3978.97","5067.56","4466.96","4466.96","5067.56","5067.56","BJTBE450001","","BJTBE450001_BD","1"
"BJTBK1L0001","TEHBOTOL SOSRO KOTAK 1L 12PC","M3","PC","12","CT","6006","7507.5","6869.36","6869.36","7507.5","7507.5","BJTBK1L0001","","BJTBK1L0001","1"
"BJTBK1L0001_BD","TEHBOTOL SOSRO KOTAK 1L 12PC","M3","PC","12","CT","6006","7507.5","6869.36","6869.36","7507.5","7507.5","BJTBK1L0001","","BJTBK1L0001_BD","1"
"BJTBK200001","TEHBOTOL SOSRO KOTAK 200ML K24","M3","PC","24","CT","1741.74","2233.48","2045.79","2045.79","2233.48","2233.48","BJTBK200001","BJTBK200001","BJTBK200001","1"
"BJTBK200001_BD","TEHBOTOL SOSRO KOTAK 200ML K24","M3","PC","24","CT","1741.74","2233.48","1970.72","1970.72","2233.48","2233.48","BJTBK200001","","BJTBK200001_BD","1"
"BJTBK200017","TEHBOTOL SOSRO KOTAK 200ML 24PC PROGRAM","M3","PC","24","CT","1741.74","2233.48","2045.79","2045.79","2233.48","2233.48","BJTBK200017","","BJTBK200017","1"
"BJTBK250001","TEHBOTOL SOSRO KOTAK 250 ML K24","M3","PC","24","CT","1933.18","2383.63","2252.25","2252.25","2383.63","2383.63","BJTBK250001","BJTBK250001","BJTBK250001","1"
"BJTBK250001_BD","TEHBOTOL SOSRO KOTAK 250 ML K24","M3","PC","24","CT","1933.18","2383.63","2177.17","2177.17","2383.63","2383.63","BJTBK250001","BJTBK250001","BJTBK250001_BD","1"
"BJTBK250009","TEHBOTOL KOTAK SOSRO 250ML K24 HOKA HOKA BENTO","M3","PC","24","CT","1933.18","2383.63","2252.25","2252.25","2383.63","2383.63","BJTBK250009","","BJTBK250009","1"
"BJTBK250046","TEHBOTOL SOSRO KOTAK 250ML K24 LESS SUGAR","M3","PC","24","CT","1933.18","2383.63","2252.25","2252.25","2383.63","2383.63","BJTBK250046","","BJTBK250046","1"
"BJTBK250046_BD","TEHBOTOL SOSRO KOTAK 250ML K24 LESS SUGAR","M3","PC","24","CT","1933.18","2383.63","2177.17","2177.17","2383.63","0","BJTBK250046","","BJTBK250046_BD","1"
"BJTBK250047","TEH BOTOL SOSRO KOTAK 250ML LESS SUGAR  K24","M3","PC","24","CT","1933.18","2383.63","2252.25","2252.25","2383.63","2383.63","BJTBK250047","BJTBK250047","BJTBK250047","1"
"BJTBK250047_BD","TEH BOTOL SOSRO KOTAK 250ML LESS SUGAR  K24","M3","PC","24","CT","1933.18","2383.63","2177.17","2177.17","2383.63","2383.63","BJTBK250047","","BJTBK250047_BD","1"
"BJTBK300001","TEHBOTOL SOSRO KOTAK 300 ML K24","M3","PC","24","CT","2087.08","2608.85","2515.01","2515.01","2608.85","2608.85","BJTBK300001","BJTBK300001","BJTBK300001","1"
"BJTBK300001_BD","TEHBOTOL SOSRO KOTAK 300 ML K24","M3","PC","24","CT","2087.08","2608.85","2439.93","2439.93","2608.85","2608.85","BJTBK300001","","BJTBK300001_BD","1"
"BJTBK300003","TEH BOTOL SOSRO KOTAK 300ML K24 -PROGRAM","M3","PC","24","CT","2087.08","2608.85","2515.01","2515.01","2608.85","2608.85","BJTBK300003","BJTBK300003","BJTBK300003","1"
"BJTBS220001","TEH BOTOL SOSRO 220 ML","M3","BT","24","KR","1482.73","1895.64","1801.8","1801.8","1895.64","1895.64","BJTBS220001","BJTBS220001","BJTBS220001","1"
"BJTBS220001_BD","TEH BOTOL SOSRO 220 ML","M3","BT","24","KR","1482.73","1895.64","1801.8","1801.8","1895.64","0","BJTBS220001","","BJTBS220001_BD","1"
"BJTSB230002","TEBS BOTOL 230 ML 24BT","M3","BT","24","KR","1614.11","1989.48","1914.41","1914.41","1989.48","1989.48","BJTSB230002","BJTSB230002","BJTSB230002","1"
"BJTSB230002_BD","TEBS BOTOL 230 ML 24BT","M3","BT","24","KR","1614.11","1989.48","1914.41","1914.41","1989.48","1989.48","BJTSB230002","","BJTSB230002_BD","1"
"BJTSC330200","TEBS CAN 330 ML K20","M3","PC","20","BT","3243.24","4054.05","3828.82","3828.82","4054.05","4054.05","BJTSC330200","BJTSC330200","BJTSC330200","1"
"BJTSC330200_BD","TEBS CAN 330 ML K20","M3","PC","20","CT","3243.24","4054.05","3693.69","3693.69","4054.05","4054.05","BJTSC330200","","BJTSC330200_BD","1"
"BJTSE300003","TEBS PET MIX FRUIT 300ML K12","M3","PC","12","CT","2822.82","3378.37","3378.37","3378.37","3378.37","3378.37","BJTSE300003","BJTSE300003","BJTSE300003","1"
"BJTSE300003_BD","TEBS PET MIX FRUIT 300ML K12","M3","PC","12","CT","2822.82","3378.37","3153.15","3153.15","3378.37","3378.37","BJTSE300003","","BJTSE300003_BD","1"
"BJTSE300007","TEBS PETS LEMON LIME 300ML K12","M3","PC","12","CT","2822.82","3378.37","3378.37","3378.37","3378.37","3378.37","BJTSE300007","BJTSE300007","BJTSE300007","1"
"BJTSE300007_BD","TEBS PETS LEMON LIME 300ML K12","M3","PC","12","CT","2822.82","3378.37","3153.15","3378","3378.37","3378.37","BJTSE300007","","BJTSE300007_BD","1"
"BJTSE300013","TSE ZERO SPARKLING LC 300 ML K12","M3","BT","12","CT","2822.82","3378.37","3378.37","3378.37","3378.37","3378.37","BJTSE300013","BJTSE300013","BJTSE300013","1"
"BJTSE300013_BD","TSE ZERO SPARKLING LC 300 ML K12","M3","PC","12","CT","2822.82","3378.37","3153.15","3153.15","3378.37","3378.37","BJTSE300013","","BJTSE300013_BD","1"
"BJTSE500001","TEBS PET 500 ML K24","M3","PC","24","CT","4635.88","5780.78","5442.94","5442.94","5780.78","5780.78","BJTSE500001","BJTSE500001","BJTSE500001","1"
"BJTSE500001_BD","TEBS PET 500 ML K24","M3","PC","24","CT","4635.88","5780.78","5292.79","5292.79","5780.78","5780.78","BJTSE500001","","BJTSE500001_BD","1"
"BK-005","STARKE PREM DISP TWIN BLADE IN HANG CARD","ET","PC","576","CT","2314.95","4504.5","4504.5","4504.5","4504.5","4504.5","BK-005","","BK-005","1"
"BK-005_BD","STARKE PREM DISP TWIN BLADE IN HANG CARD","ET","PC","576","CT","2314.95","4504.5","4504.5","4504.5","4504.5","4504.5","BK-005","","BK-005_BD","1"
"BK-006","STARKE PREM TWIN BLADE PCH DISP RAZOR (3+2FREE)","ET","PK","320","CT","7409.91","13063.06","13063.06","13063.06","13063.06","13063.06","BK-006","","BK-006","1"
"BK-007","STARKE PREM DISP TWIN BLADE PCH LUBRA (BLACK)","ET","PK","320","CT","5585.58","9954.95","9954.95","9954.95","9954.95","9954.95","BK-007","","BK-007","1"
"BK-007_BD","STARKE PREM DISP TWIN BLADE PCH LUBRA (BLACK)","ET","PK","320","CT","5585.58","9954.95","9954.95","9954.95","9954.95","9954.95","BK-007","","BK-007_BD","1"
"BK-009","STARKE DISP IN HANG CARD CONFIDENCE LADIES","ET","PC","576","CT","2439.93","4504.5","4504.5","4504.5","4504.5","4504.5","BK-009","","BK-009","1"
"BK-010","STARKE TWIN BLADE PCH CONFI LADIES (3+2FREE)","ET","PK","320","CT","7409.91","13063.06","13063.06","13063.06","13063.06","13063.06","BK-010","","BK-010","1"
"BK-010_BD","STARKE TWIN BLADE PCH CONFI LADIES (3+2FREE)","ET","PK","320","CT","7409.91","13063.06","13063.06","13063.06","13063.06","13063.06","BK-010","","BK-010_BD","1"
"BK-011","SLICK STAINLESS STEEL DOUBLE EDGE BLADES","ET","HG","100","CT","21621.62","31531.53","31531.53","31531.53","31531.53","31531.53","BK-011","","BK-011","1"
"BK20B","BLS C.BADAK KNG B.KACA 20GR","MFB","PC","288","CT","7677.5","9200","8600","8600","9200","9200","BK20B","","BK20B","1"
"BK36G","BLS C.BADAK KNG B.KACA 36GR","MFB","PC","144","CT","13782.5","16400","15400","15400","16400","16400","BK36G","","BK36G","1"
"BKPAB190001","GALON","M3","GL","1","GL","31531.53","31531.53","31531.53","31531.53","31531.53","31531.53","BKPAB190001","","BKPAB190001","1"
"BKSM","BOTOL KECAP SEMAR","MFB","BT","1","BT","909.09","909.09","909.09","909.09","909.09","909.09","BKSM","","","1"
"BLBG001_BD","BELLA BIGGER BAG 12X10X24GR","MFB","PC","120","CT","604.5","669.5","669.5","669.5","669.5","669.5","BLBG001","","","1"
"BLCB001_BD","BELLA CRISPY BAR BOX 20 gr","MFB","PC","216","CT","355.09","526","393.27","393.27","526","526","BLCB001","","","1"
"BLCB002","BELLA CRISPY BAR BOX 20 gr 8 x24PC","MFB","PC","192","CT","355.09","526","393.27","393.27","526","526","BLCB002","","","1"
"BLCB002_BD","BELLA CRISPY BAR BOX 20 gr 8 x24PC","MFB","PC","192","CT","355.09","526","393.27","393.27","526","526","BLCB002","","","1"
"BLCB003_BD","BELLA CRISPY CEREAL  20 gr 8 x24PC","MFB","PC","192","CT","355.09","526","393.27","393.27","526","526","BLCB003","","","1"
"BLCB004_BD","BELLA MILK CHOCO BOX 20GR 12 X 24PC","MFB","PC","288","CT","591.81","655.45","655.45","655.45","655.45","655.45","BLCB004","","","1"
"BLCB006","BELLA CRISPY CEREAL  20 gr 6x24PC","MFB","PC","144","CT","657","750.44","750.44","750.44","750.44","750.44","BLCB006","C.103002010226","","1"
"BLCB006_BD","BELLA CRISPY CEREAL  20 gr 6x24PC","MFB","PC","144","CT","657","750.44","750.44","750.44","750.44","750.44","BLCB006","","","1"
"BLCB007","BELLA CRISPY CEREAL BX 12X24X10GR EXT 2PC","MFB","PC","288","CT","656.95","749.77","749.77","749.77","749.77","749.77","BLCB007","","BLCB007","1"
"BLCB007_BD","BELLA CRISPY CEREAL BX 12X24X12GR EXT 2PC","MFB","PC","288","CT","656.95","749.77","749.77","749.77","749.77","749.77","BLCB007","","BLCB007","1"
"BLCC002_BD","BELLA CHOCOLATE CHIPS BOX 24X150GR","MFB","PC","24","CT","8378","9569.98","9569.98","9569.98","9569.98","9569.98","BLCC002","","BLCC002","1"
"BLCJ001_BD","BELLA CRISPY JAR 20 gr","MFB","JR","6","CT","17755","19663.6","19663.6","19663.6","19663.6","19663.6","BLCJ001","","","1"
"BLCM001_BD","BELLA CHOC MEISES 90 gr","MFB","PC","120","CT","3144.88","3511.36","3511.36","3511.36","3511.36","3511.36","BLCM001","","","1"
"BLCM002","BELLA CHOC MEISES 225 gr 4 x 12 PC","MFB","PC","48","CT","13700.11","15635.59","15635.59","15635.59","15635.59","15635.59","BLCM002","C.104005010203","","1"
"BLCM002_BD","BELLA CHOC MEISES 225 gr","MFB","PC","48","CT","11627","13281","13281","13281","13281","13281","BLCM002","","","1"
"BLCM003_BD","BELLA MEISES JAR 150GRx48","MFB","PC","48","CT","3804.55","3545.45","3545.45","3545.45","3545.45","3545.45","BLCM003","","","1"
"BLCM004_BD","BELLA MEISES EKONOMI 3KG 4/CT","MFB","PC","4","CT","56618.18","64796.36","64796.36","64796.36","64796.36","64796.36","BLCM004","","","1"
"BLCM005_BD","BELLA CHOCHOLATE MEISES 3KG","MFB","PC","4","CT","53719.01","59090.91","59090.91","59090.91","59090.91","59090.91","BLCM005","","","1"
"BLCM006_BD","BELLA MEISES CHOCOLATE JAR 24X130G","MFB","PC","24","CT","7967.04","8903.46","8903.46","8903.46","8903.46","8903.46","BLCM006","","","1"
"BLCM007","BELLA CHO RICE SACHET 10X12X90GR","MFB","PC","120","CT","5854.05","6681.08","6681.08","6681.08","6681.08","6681.08","BLCM007","C.104005010202","","1"
"BLCM007_BD","BELLA CHO RICE SACHET 10X12X90GR","MFB","PC","120","CT","4960","5665","5665","5665","5665","5665","BLCM007","","","1"
"BLCP001","BELLA CRISPY CHO PREMIUM 6X12X50G","MFB","PC","72","CT","5854.05","6681.08","6681.08","6681.08","6681.08","6681.08","BLCP001","C.103002010219","","1"
"BLCP001_BD","BELLA CRISPY CHO PREMIUM 6X12X50G","MFB","PC","72","CT","4960","5665","5665","5665","5665","5665","BLCP001","","","1"
"BLCP002","BELLA CASHEW CHO PREMIUM 6X12X45G","MFB","PC","72","CT","5854.05","6681.08","6681.08","6681.08","6681.08","6681.08","BLCP002","C.103002010218","","1"
"BLCP002_BD","BELLA CASHEW CHO PREMIUM 6X12X50G","MFB","PC","72","CT","4960","5665","5665","5665","5665","5665","BLCP002","","","1"
"BLCP003","BELLA COOKIES&CREAM PREMIUM 6X12X50G","MFB","PC","72","CT","5854.05","6681.08","6681.08","6681.08","6681.08","6681.08","BLCP003","C.103002010217","","1"
"BLCP003_BD","BELLA COOKIES&CREAM PREMIUM 6X12X50G","MFB","PC","72","CT","5854.05","6681.08","6681.08","6681.08","6681.08","6681.08","BLCP003","","","1"
"BLCP004","BELLA CHOC COOKIES&CREAM 12X24X10GR","MFB","PC","288","CT","656.95","656.95","656.95","656.95","656.95","656.95","BLCP004","C.103002010227","","1"
"BLCP004_BD","BELLA CHOC COOKIES&CREAM 12X24X15GR","MFB","PC","288","CT","657","750.44","750.44","750.44","750.44","750.44","BLCP004","","","1"
"BLCP005","BELLA MILK CHOC PREMIUM 6X12X50GR BERHADIAH","MFB","PC","72","CT","4189","4784.99","4784.99","4784.99","4784.99","4784.99","BLCP005","C.103002010216","","1"
"BLCP005_BD","BELLA MILK CHOC PREMIUM 6X12X50GR BERHADIAH","MFB","PC","72","CT","4189","4784.99","4784.99","4784.99","4784.99","4784.99","BLCP005","","","1"
"BLLG001_BD","BELLA LONGER 22GR 6X24PC","MFB","PC","144","CT","659.45","730.36","730.36","730.36","730.36","730.36","BLLG001","","","1"
"BLMC001_BD","BELLA MILK COKLAT BOX 20gr","MFB","PC","216","CT","381.3","363.64","363.64","363.64","363.64","363.64","BLMC001","","","1"
"BLMC002_BD","BELLA MILK  BOX 16 gr 8 X 24PC","MFB","PC","192","CT","355.09","393.27","393.27","393.27","393.27","393.27","BLMC002","","","1"
"BLMJ001_BD","BELLA MILK JAR 24 gr","MFB","JR","6","CT","17500","18030","17500","17500","18030","18030","BLMJ001","","","1"
"BLMJ002_BD","BELLA MILK JAR SQUARE 6X50","MFB","PC","6","CT","17755","19663.63","19663.63","19663.63","19663.63","19663.63","BLMJ002","","","1"
"BLMW001","BELLA MESES WARNA 90 GR 4x30 pcs","MFB","PC","120","CT","3692.05","4217.43","4217.43","4217.43","4217.43","4217.43","BLMW001","","","1"
"BLMW001_BD","BELLA MESES WARNA 90 GR","MFB","PC","120","CT","3692.05","4217.43","4217.43","4217.43","4217.43","4217.43","BLMW001","","","1"
"BLMW002","BELLA MESES WARNA 225 GR 4x12 pcs","MFB","PC","48","CT","13700.11","15635.59","15635.59","15635.59","15635.59","15635.59","BLMW002","C.104005010205","","1"
"BLMW002_BD","BELLA MESES WARNA 225 GR","MFB","","48","","12460.19","14220.49","14220.49","13281","13281","14220.49","BLMW002","","","1"
"BLMW003","BELLA CHO RICE MIX COLOR SCH 10X12X90G","MFB","PC","120","CT","5854.05","6681.08","6681.08","6681.08","6681.08","6681.08","BLMW003","C.104005010204","","1"
"BLMW003_BD","BELLA CHO RICE MIX COLOR SCH 10X12X90G","MFB","PC","120","CT","4960","5665","5665","5665","5665","5665","BLMW003","","","1"
"BLPH001","BELLA PREMIUM HAZELNUT 6BX12PX45G","MFB","PC","72","CT","5854.05","6681.08","6681.08","6681.08","6681.08","6681.08","BLPH001","C103002010241","BLPH001","1"
"BLPH001_BD","BELLA PREMIUM HAZELNUT 6BX12PX45G","MFB","PC","72","CT","5854.05","6681.08","6681.08","6681.08","6681.08","6681.08","BLPH001","","BLPH001_BD","1"
"BLWB001_BD","BELLA WAFER BIG CKLT 25 gr","MFB","PC","120","CT","386.36","396","386.36","386.36","396","396","BLWB001","","","1"
"BLWB002_BD","BELLA WAFER BIG COK 25GR BANDED","MFB","PC","60","CT","792","792","792","792","792","792","BLWB002","","","1"
"BLWB003_BD","BELLA WAFER BIG TOPLES 6X50PCS","MFB","PC","6","CT","19090.9","19090.9","19090.9","19090.9","19090.9","19090.9","BLWB003","","","1"
"BLWB004_BD","BELLA WAFER BOX COKLAT 6x50PC","MFB","PC","300","CT","281.82","281.82","281.82","281.82","281.82","281.82","BLWB004","","","1"
"BLWB005","BELLA BIGGER CHOCOLATE JAR 6X36X18G","MFB","JR","6","CT","24367.5","27835.05","27835.05","27835.05","27835.05","27835.05","BLWB005","","","1"
"BLWB005_BD","BELLA BIGGER JAR 6X36PC","MFB","PC","6","CT","24367.5","27835.05","27835.05","27835.05","27835.05","27835.05","BLWB005","","","1"
"BLWB006_BD","BELLA BIGGER BOX 6X24PC","MFB","PC","144","CT","549.55","590.91","590.91","590.91","590.91","590.91","BLWB006","","","1"
"BLWB007_BD","BELLA BIGGER JAR 6X50PC","MFB","PC","6","CT","27477.27","29545.45","29545.45","29545.45","29545.45","29545.45","BLWB007","","","1"
"BLWB008_BD","BELLA WAFER BOX COKLAT 6X36","MFB","PC","216","CT","349.17","386.7","386.7","386.7","386.7","386.7","BLWB008","","","1"
"BLWC001","BELLA WAFER COKLAT 12 gr 20x10pc","MFB","PC","200","CT","349.17","386.7","386.7","386.7","386.7","386.7","BLWC001","","","1"
"BLWC001_BD","BELLA WAFER COKLAT 15 gr","MFB","PC","200","CT","349.17","386.7","386.7","386.7","386.7","386.7","BLWC001","","","1"
"BLWC002","BELLA WAFER BAG NEW CHO 12gr 10x20pc","MFB","PC","200","CT","356.42","397.95","397.95","397.95","397.95","397.95","BLWC002","","","1"
"BLWC002_BD","BELLA WAFER COKLAT 12 gr 10x20pc","MFB","PC","200","CT","356.42","397.95","397.95","397.95","397.95","397.95","BLWC002","","","1"
"BLWK001_BD","BELLA WAFER COCONUT 15 gr","MFB","PC","200","CT","259","272.72","259","259","272.72","272.72","BLWK001","","","1"
"BLWO001_BD","BELLA WAFER ORANGE 15 gr","MFB","PC","200","CT","259.09","272.72","259.09","259.09","272.72","272.72","BLWO001","","","1"
"BLWP001_BD","BELLA WAFER COCOPANDAN 15 gr","MFB","PC","200","CT","259.09","272.72","259.09","259.09","272.72","272.72","BLWP001","","","1"
"BLWS001_BD","BELLA WAFER STRAWBERRY 15 gr","MFB","PC","200","CT","359.31","397.95","397.95","397.95","397.95","397.95","BLWS001","","","1"
"BLYG001_BD","BELLA YOGHURT 12GR","MFB","PC","144","CT","491","725.68","725.68","725.68","725.68","725.68","BLYG001","","","1"
"BMCH001_BD","BELLA MALT CRUNCHY 6X1KG","MFB","PC","6","CT","43209.42","47877.48","47877.48","47877.48","47877.48","47877.48","BMCH001","","BMCH001","1"
"BMCH002","BELLA PREMIUM CRUNCHY MALT 6BX12PX45G","MFB","PC","72","CT","5854.05","6681.08","6681.08","6681.08","6681.08","6681.08","BMCH002","C103002010240","BMCH002","1"
"BMCH002_BD","BELLA PREMIUM CRUNCHY MALT 6BX12PX45G","MFB","PC","72","CT","5854.05","6681.08","6681.08","6681.08","6681.08","6681.08","BMCH002","","BMCH002_BD","1"
"BMCH003","BELLA SPREAD MALT CRUNCHY 12X300GR","MFB","PC","12","CT","25286.26","28858.56","28858.56","28858.56","28858.56","28858.56","BMCH003","","BMCH003","1"
"BMCH003_BD","BELLA SPREAD MALT CRUNCHY 12X300GR","MFB","PC","12","CT","21506","24566","24566","24566","24566","24566","BMCH003","","BMCH003_BD","1"
"BMSP001","BELLA MR.P SPREAD PEANUT 12X300GR","MFB","PC","12","CT","26383.9","30111.26","30111.26","30111.26","30111.26","30111.26","BMSP001","","BMSP001","1"
"BMSP001_BD","BELLA MR.P SPREAD PEANUT 12X300GR","MFB","PC","12","CT","24026.01","27420.27","27420.27","27420.27","27420.27","27420.27","BMSP001","","BMSP001_BD","1"
"BNBX","BONUS BOX TPCM 15","M3","PC","1","PC","0","0","0","0","0","0","BNBX","","BNBX","1"
"BNCK","BONUS CANGKIR","M3","PC","1","PC","0","0","0","0","0","0","BNCK","","","1"
"BNCP001","BONUS CONTAINER POCI","M3","PC","1","PC","0","0","0","0","0","0","BNCP001","","BNCP001","1"
"BNGL","GELAS  POCI","M3","PC","1","PC","0","0","0","0","0","0","BNGL","J0000005","","1"
"BNGL01","GELAS BELIMBING","M3","PC","1","PC","0","0","0","0","0","0","BNGL01","","","1"
"BNGL02","GELAS JUMBO","M3","PC","1","PC","0","0","0","0","0","0","BNGL02","","","1"
"BNGL03","GELAS JUICE","M3","PC","1","PC","0","0","0","0","0","0","BNGL03","","","1"
"BNGL04","GELAS CANGKIR","M3","PC","1","PC","0","0","0","0","0","0","BNGL04","","","1"
"BNGL05","GELAS MUG","M3","PC","1","PC","0","0","0","0","0","0","BNGL05","","","1"
"BNKHCM01","KAOS HILO CHOCOMINT","60","PC","1","PC","0","0","0","0","0","0","BNKHCM01","","BNKHCM01","1"
"BNLB","BONUS LUNCH BOX","MFB","PC","1","PC","0","0","0","0","0","0","BNLB","","BNLB","1"
"BNMELON","NS MELON PLS 4PX40SX11G","60","PC","160","CT","0","0","0","0","0","0","BNMELON","","BNMELON","1"
"BNPKL","GELAS POCI BN PKL","M3","PC","1","PC","0","0","0","0","0","0","BNPKL","","BNPKL","1"
"BNS130","BONUS KAOS KAKI HILO","60","PC","1","PC","0","0","0","0","0","0","BNS130","","BNS130","1"
"BNSK24193","NS BLEWAH PLS 4PX40SX11G","60","PC","160","CT","0","0","0","0","0","0","BNSK24193","","BNSK24193","1"
"BNSRG","SARUNG","60","PC","1","PC","0","0","0","0","0","0","BNSRG","","","1"
"BNTBG01","BN TOTE BAG NS","60","PC","1","PC","0","0","0","0","0","0","BNTBG01","","","1"
"BNTP001","BONUS TOPI LOKALATE","60","PC","1","PC","0","0","0","0","0","0","BNTP001","","BNTP001","1"
"BPHC001","BELLA MR.P Pre Honey Cashew 6BX12PCX45G","MFB","PC","72","CT","6423.2","7330.63","7330.63","7330.63","7330.63","7330.63","BPHC001","","BPHC001","1"
"BPHC001_BD","BELLA MR.P Pre Honey Cashew 6BX12PCX45G","MFB","PC","72","CT","6423.2","7330.63","7330.63","7330.63","7330.63","7330.63","BPHC001","","BPHC001_BD","1"
"BPSP001","BELLA MrP SPREAD PEANUT JAR 24X200G","MFB","PC","24","CT","19228.94","21945.5","21945.5","21945.5","21945.5","21945.5","BPSP001","C.304002010180","BPSP001","1"
"BREV001_BD","BR-EV3DI-VA-MHS","ET","PC","48","CT","28079.77","32727","32727","32727","32727","32727","BREV001","","","1"
"BSCB002","BELLA SPREAD CHESEWNUT BUCKET 2X5000GR","MFB","PC","2","CT","248514","283877.59","283877.59","283877.59","283877.59","283877.59","BSCB002","C.304002010107","BSCB002","1"
"BSCC001","BELLA SPREAD CHO JAR 12X330GR","MFB","PC","12","CT","25286.26","28858.56","28858.56","28858.56","28858.56","28858.56","BSCC001","C.304002010099","","1"
"BSCC001_BD","BELLA SPREAD CHO JAR 24/CT","MFB","PC","24","CT","23030.01","26283.55","26283.55","24566","24566","26283.55","BSCC001","","","1"
"BSCC002","BELLA SPREAD CASHEW CHOC 12X300GR","MFB","PC","12","CT","25286.26","28858.56","28858.56","28858.56","28858.56","28858.56","BSCC002","C.304002010127","","1"
"BSCC002_BD","BELLA SPREAD CASHEW CHOC 12X330GR","MFB","PC","12","CT","21506","25495","25495","25495","25495","25495","BSCC002","","BSCC002_BD","1"
"BSCC003","BELLA SPREAD TWIN CHOC HAZELNUT 300G","MFB","JR","12","CT","21506","24566","24566","24566","24566","24566","BSCC003","C.304002010128","","1"
"BSCC003_BD","BELLA SPREAD TWIN CHOC HAZENUT 330G","MFB","JR","12","CT","21506","24566","24566","24566","24566","24566","BSCC003","","","1"
"BSCC004","BELLA SPREAD TWIN CHOC CHEESE 300G","MFB","JR","12","CT","25286.26","28858.56","28858.56","28858.56","28858.56","28858.56","BSCC004","C.304002010143","BSCC004","1"
"BSCC004_BD","BELLA SPREAD TWIN CHOC CHEESE 330G","MFB","JR","12","CT","21506","24566","24566","24566","24566","24566","BSCC004","","BSCC004_BD","1"
"BSCE001","BELLA SPREAD CHOCHOLATE JAR 24X200G","MFB","PC","24","CT","17887.39","20414.41","20414.41","20414.41","20414.41","20414.41","BSCE001","C.304002010172","BSCE001","1"
"BSCE001_BD","BELLA SPREAD CHOCHOLATE JAR 24X200G","MFB","PC","24","CT","16261.26","18558.54","18558.54","18558.54","18558.54","18558.54","BSCE001","","BSCE001_BD","1"
"BSCH001","BELLA SPREAD CHOCO HAZELNUT SCH 12BX8PX30GR","MFB","PC","96","CT","2439.19","2783.78","2783.78","2783.78","2783.78","2783.78","BSCH001","C.104005010131","BSCH001","1"
"BSCH001_BD","BELLA SPREAD CHOCO HAZELNUT SCH 12BX8PX30GR","MFB","PC","96","CT","2236","2554","2554","2554","2554","2554","BSCH001","","BSCH001_BD","1"
"BSCH002","BELLA SPREAD CHO HAZEL JAR 12X300GR","MFB","PC","12","CT","25286.26","28858.56","28858.56","28858.56","28858.56","28858.56","BSCH002","","BSCH002","1"
"BSCH002_BD","BELLA SPREAD CHO HAZEL JAR 12X300GR","MFB","PC","12","CT","18700","21361.57","21361.57","21361.57","21361.57","21361.57","BSCH002","","BSCH002_BD","1"
"BSCH003","BELLA SPREAD CHO HAZELNUT JAR 24X200G","MFB","PC","24","CT","17887.39","20414.41","20414.41","20414.41","20414.41","20414.41","BSCH003","C.304002010179","BSCH003","1"
"BSCH003_BD","BELLA SPREAD CHO HAZELNUT JAR 24X200G","MFB","PC","24","CT","16261.26","18558.54","18558.54","18558.54","18558.54","18558.54","BSCH003","C.304002010179","BSCH003_BD","1"
"BSCN001","BELLA SPREAD CHASEWNUT JAR 12/CT","MFB","PC","12","CT","25286.26","28858.56","28858.56","28858.56","28858.56","28858.56","BSCN001","C.304002010075","","1"
"BSCN001_BD","BELLA SPREAD CHASEWNUT JAR 24/CT","MFB","PC","24","CT","21506","24566","24566","24566","24566","24566","BSCN001","","","1"
"BSCN002","BELLA SPREAD CHASEWNUT JAR 24X200G","MFB","PC","24","CT","17887.39","20414.41","20414.41","20414.41","20414.41","20414.41","BSCN002","C.304002010173","BSCN002","1"
"BSCN002_BD","BELLA SPREAD CHASEWNUT JAR 24X200G","MFB","PC","24","CT","16261.26","18558.54","18558.54","18558.54","18558.54","18558.54","BSCN002","","BSCN002_BD","1"
"BSCN003","BELLA SPREAD CHO CHASHEWNUT JAR 24X200G","MFB","PC","24","CT","17887.39","20414.41","20414.41","20414.41","20414.41","20414.41","BSCN003","C.304002010178","BSCN003","1"
"BSCN003_BD","BELLA SPREAD CHO CHASHEWNUT JAR 24X200G","MFB","PC","24","CT","16261.26","18558.54","18558.54","18558.54","18558.54","18558.54","BSCN003","C.304002010178","BSCN003_BD","1"
"BSCS001","BELLA SPREAD CHEESE JAR 12X300GR","MFB","PC","12","CT","25286.26","28858.56","28858.56","28858.56","28858.56","28858.56","BSCS001","C.304002010126","","1"
"BSCS001_BD","BELLA SPREAD CHEESE JAR 12X330GR","MFB","PC","12","CT","21506","25495","25495","25495","25495","24566","BSCS001","","","1"
"BSCS002","BELLA SPREAD CHEESE JAR 24X 200G","MFB","PC","24","CT","17887.39","20414.41","20414.41","20414.41","20414.41","20414.41","BSCS002","C.304002010175","BSCS002","1"
"BSCS002_BD","BELLA SPREAD CHEESE JAR 24X 200G","MFB","PC","24","CT","16261","18558.54","18558.54","18558.54","18558.54","18558.54","BSCS002","","BSCS002_BD","1"
"BSCT001","BELLA SPREAD TIRAMISU JAR 12X300GR","MFB","PC","12","CT","25286.26","28858.56","28858.56","28858.56","28858.56","28858.56","BSCT001","C.304002010098","","1"
"BSCT001_BD","BELLA SPREAD TIRAMISU JAR 24/CT","MFB","PC","12","CT","23030.01","26283.55","26283.55","24566","24566","26283.55","BSCT001","","","1"
"BSMC001","BELLA SPREAD MALT CRUN JAR 24 X200G","MFB","PC","24","CT","17887.39","20414.41","20414.41","20414.41","20414.41","20414.41","BSMC001","C.304002010176","BSMC001","1"
"BSMC001_BD","BELLA SPREAD MALT CRUN JAR 24 X200G","MFB","PC","24","CT","16261.26","18558.54","18558.54","18558.54","18558.54","18558.54","BSMC001","","BSMC001_BD","1"
"BSOC001","BELLA SPREAD CHO CHEESE JAR 24 X200G","MFB","PC","24","CT","17887.39","20414.41","20414.41","20414.41","20414.41","20414.41","BSOC001","C.304002010178","BSOC001","1"
"BSOC001_BD","BELLA SPREAD CHO CHEESE JAR 24 X200G","MFB","PC","24","CT","16261.26","18558.54","18558.54","18558.54","18558.54","18558.54","BSOC001","","BSOC001_BD","1"
"BSSC001","BELLA SPREAD CASHEWNUT SCH 12BX8PX30GR","MFB","PC","96","CT","2439.19","2783.78","2783.78","2783.78","2783.78","2783.78","BSSC001","C104005010130","BSSC001","1"
"BSSC001_BD","BELLA SPREAD CASHEWNUT SCH 12BX8PX30GR","MFB","PC","96","CT","2236","2554","2554","2554","2554","2554","BSSC001","","BSSC001_BD","1"
"BSTU001","BELLA SPREAD TIRAMISU JAR 24 X 200G","MFB","PC","24","CT","17887.39","20414.41","20414.41","20414.41","20414.41","20414.41","BSTU001","C.304002010174","BSTU001","1"
"BSTU001_BD","BELLA SPREAD TIRAMISU JAR 24 X 200G","MFB","PC","24","CT","16261.26","18558.54","18558.54","18558.54","18558.54","18558.54","BSTU001","","BSTU001_BD","1"
"BT","BOTOL TEH SOSRO","M3","BT","1","BT","450.45","450.45","450.45","450.45","450.45","450.45","BT","","BT","1"
"BTF","BOTOL FRUITEA","M3","BT","1","CT","450.45","450.45","450.45","450.45","450.45","450.45","BTF","","BTF","1"
"BTF_BD","BOTOL FRUITEA","M3","BT","1","CT","450.45","450.45","450.45","450.45","450.45","450.45","BTF","","BTF_BD","1"
"BTT","BOTOL TEBS","M3","BT","1","CT","450.45","450.45","450.45","450.45","450.45","450.45","BTT","","BTT","1"
"BU2A043_BD","1421 BULB 2.3 VOLT (2AA)-DZN","ET","LS","12","CT","18925","28636","24341","24341","28636","28636","BU2A043","","","1"
"BUDC042_BD","1405 BULB 3.6 VOLT BP1","ET","LS","384","CT","3786","5727","4869","4869","5727","5727","BUDC042","","","1"
"BWCC001","BELLA WHITE CHO COMPOUND 24X250GR","MFB","PC","24","CT","17399.55","19857.66","19857.66","19857.66","19857.66","20453.38","BWCC001","C.304002010071","","1"
"BWCC001_BD","BELLA WHITE CHO COMPOUND 24X250GR","MFB","PC","24","CT","16036.03","18094.59","18094.59","18094.59","18094.59","18094.59","BWCC001","","","1"
"BWCC002_BD","BELLA WHITE CHOCO COMPOUND 1KG","MFB","PC","6","CT","32613.07","36136.36","36136.36","36136.36","36136.36","36136.36","BWCC002","","","1"
"BWYG002_BD","BELLA WAFER YOGHURT BX 6X24X18G","MFB","PC","144","CT","649.94","725.68","725.68","725.68","725.68","725.68","BWYG002","","","1"
"C.301006BKS023","BHIMA KUACI SUSU 12X10X23G (EXTRA 1)","MFB","PC","120","CT","1219.6","1351.35","1351.35","1351.35","1351.35","1351.35","C.301006BKS023","","C-301006BKS023","1"
"C.301006PBK150","BHIMA ORI SUNFLOWER SEED 6X5X150G","MFB","PC","30","CT","10244.59","11351.35","11351.35","11351.35","11351.35","11351.35","C.301006PBK150","","C-301006PBK150","1"
"C.301006PBK150_BD","BHIMA ORI SUNFLOWER SEED 30X150GR","MFB","PC","30","CT","9756.75","10810.81","10810.81","10810.81","18810.81","18810.81","C.301006PBK150","","C-301006PBK150_BD","1"
"C301006100410","MR.P ATOM COATED PEANUTS ORI 40X130GR","MFB","PC","40","CT","8171.28","9054.05","9054.05","9054.05","9054.05","9054.05","C301006100410","","C301006100410","1"
"C301006100410_BD","MR.P ATOM COATED PEANUTS ORI 40X130GR","MFB","PC","40","CT","7622.46","8445.94","8445.94","8445","8445","8445.94","C301006100410","","C301006100410_BD","1"
"C301006100411","MR.P ATOM COATED PEANUTS ORI 30X225GR","MFB","PC","30","CT","13293.58","14729.73","14729.73","14729.73","14729.73","14729.73","C301006100411","","C301006100411","1"
"C301006100411_BD","MR.P ATOM COATED PEANUTS ORI 30X225GR","MFB","PC","30","CT","12407.34","13747.75","13747.75","13747.75","13747.75","13747.75","C301006100411","","C301006100411_BD","1"
"C301006100412","MR.P ATOM COATED PEANUTS CHILI 40X100GR","MFB","PC","40","CT","6972.02","7725.23","7725.23","7725.23","7725.23","7725.23","C301006100412","","C301006100412","1"
"C301006100412_BD","MR.P ATOM COATED PEANUTS CHILI 40X100GR","MFB","PC","40","CT","6504.51","7207.21","7207.21","7207.21","7207.21","7207.21","C301006100412","","C301006100412_BD","1"
"C301006100413","MR.P ATOM COATED PEANUTS CHILI 30X200GR","MFB","PC","30","CT","13496.84","14954.95","14954.95","14954.95","14954.95","14954.95","C301006100413","C301006100413","C301006100413","1"
"C301006100413_BD","MR.P ATOM COATED PEANUTS CHILI 30X200GR","MFB","PC","30","CT","12602.47","13963.96","13963.96","13963.96","13963.96","13963.96","C301006100413","C301006100413","C301006100413_BD","1"
"C301006100414","MR.P ROASTED CASHEW NUTS(LIGHTLY SALTED)6X40GR","MFB","PC","60","CT","14411.54","15968.47","15698.47","15698.47","15698.47","15698.47","C301006100414","","C301006100414","1"
"C301006100414_BD","MR.P ROASTED CASHEW NUTS(LIGHTLY SALTED)6X40GR","MFB","PC","30","CT","13716.38","15198.2","15198.2","15198.2","15198.2","15198.2","C301006100414","C301006100414","C301006100414_BD","1"
"C301006100415","MR.P ROASTED CASHEW NUTS(LIGHTLY SALTED)30X80GR","MFB","PC","30","CT","28823.09","31936.94","31936.94","31936.94","31936.94","31936.94","C301006100415","","C301006100415","1"
"C301006100415_BD","MR.P ROASTED CASHEW NUTS(LIGHTLY SALTED)30X80GR","MFB","PC","30","CT","27432.75","30396.4","30396.4","30396.4","30396.4","30396.4","C301006100415","C301006100415","C301006100415_BD","1"
"C301006100416","MR.P HONEY ROASTED CASHEW NUTS 60X40GR","MFB","PC","60","CT","14411.54","15968.47","15968.47","15968.47","15698.47","15698.47","C301006100416","","C301006100416","1"
"C301006100416_BD","MR.P HONEY ROASTED CASHEW NUTS 60X40GR","MFB","PC","60","CT","13716.38","15198.2","15198.2","15198.2","15198.2","15198.2","C301006100416","","C301006100416_BD","1"
"C301006100417","MR.P HONEY ROASTED CASHEW NUTS 30X80GR","MFB","PC","30","CT","28823.09","31936.94","31936.94","31936.94","31936.94","31936.94","C301006100417","","C301006100417","1"
"C301006100417_BD","MR.P HONEY ROASTED CASHEW NUTS 30X80GR","MFB","PC","30","CT","27432.75","30396.4","30396.4","30396.4","30396.4","30396.4","C301006100417","C301006100417","C301006100417_BD","1"
"C301006100418","MR.P CHILI ROASTED CASHEW NUTS 60X40GR","MFB","PC","60","CT","14411.54","15968.47","15968.47","15968.47","15968.47","15968.47","C301006100418","","C301006100418","1"
"C301006100418_BD","MR.P CHILI ROASTED CASHEW NUTS 60X40GR","MFB","PC","60","CT","13716.38","15198.2","15198.2","15198.2","15198.2","15198.2","C301006100418","","C301006100418_BD","1"
"C301006100419","CHILI ROASTED CASHEW NUTS 5X6X80GR","MFB","PC","30","CT","28823.08","31936.93","31936.93","31936.93","31936.93","31936.93","C301006100419","","C301006100419","1"
"C301006100419_BD","CHILI ROASTED CASHEW NUTS 5X6X80GR","MFB","PC","30","CT","27432.74","30396.39","30396.39","30396.39","30396.39","30396.39","C301006100419","","C301006100419_BD","1"
"C301006100421","MR.P HONEY ROASTED PEANUTS 30X80GR","MFB","PC","30","CT","9858.39","10923.43","10923.43","10923.43","10923.43","10923.43","C301006100421","","C301006100421","1"
"C301006100421_BD","MR.P HONEY ROASTED PEANUTS 30X80GR","MFB","PC","30","CT","9382.75","10396.4","10396.4","10396.4","10396.4","10396.4","C301006100421","","C301006100421_BD","1"
"C301006100422","MR.P CHILI ROASTED PEANUTS 30X80GR","MFB","PC","30","CT","9858.39","10923.43","10923.43","10923.43","10923.43","10923.43","C301006100422","","C301006100422","1"
"C301006100422_BD","MR.P CHILI ROASTED PEANUTS 30X80GR","MFB","PC","60","CT","9382.75","10923.43","10923.43","10923.43","10923.43","10923.43","C301006100422","","C301006100422_BD","1"
"C301006100423","MR.P HONEY ROASTED PEANUTS 60X40GR","MFB","PC","60","CT","4939.36","5472.97","5472.97","5472.97","5472.97","5472.97","C301006100423","","C301006100423","1"
"C301006100423_BD","MR.P HONEY ROASTED PEANUTS 60X40GR","MFB","PC","60","CT","4691.38","5198.2","5198.2","5198.2","5198.2","5198.2","C301006100423","","C301006100423_BD","1"
"C301006100424","MR.P CHILI ROASTED PEANUTS 60X40GR","MFB","PC","60","CT","4939.36","5472.97","5472.97","5472.97","5472.97","5472.97","C301006100424","","C301006100424","1"
"C301006100424_BD","MR.P CHILI ROASTED PEANUTS 60X40GR","MFB","PC","60","CT","4691.38","5198.2","5198.2","5198.2","5198.2","5198.2","C301006100424","","C301006100424_BD","1"
"C301006100425","MR.P ORI GARLIC PEANUTS 60X40GR","MFB","PC","60","CT","4939.36","5472.97","5472.97","5472.97","5472.97","5472.97","C301006100425","","C301006100425","1"
"C301006100425_BD","MR.P ORI GARLIC PEANUTS 60X40GR","MFB","PC","60","CT","4691.38","5198.2","5198.2","5198.2","5198.2","5198.2","C301006100425","","C301006100425_BD","1"
"C301006100426","MR.P MIX NUTS 30X80GR","MFB","PC","30","CT","17074.33","18918.92","18918.92","18918.92","18918.92","18918.92","C301006100426","","C301006100426","1"
"C301006100426_BD","MR.P MIX NUTS 30X80GR","MFB","PC","30","CT","16261.26","18018.02","18018.02","18018.02","18018.02","18018.02","C301006100426","C301006100426","C301006100426_BD","1"
"C301006100427","MR.P PREMIUM MIX NUTS 40X40GR","MFB","PC","40","CT","21444.54","23761.26","23761.26","23761.26","23761.26","23761.26","C301006100427","","C301006100427","1"
"C301006100428","MR.P PREMIUM MIX NUTS 20X130GR","MFB","PC","20","CT","53784.12","59594.6","59594.6","59594.6","59594.6","59594.6","C301006100428","","C301006100428","1"
"C301006100429","MR.P DRY ROASTED MACADAMIAS-SALT 40X40GR","MFB","PC","40","CT","24468.9","27112.36","27112.36","27112.36","27112.36","27112.36","C301006100429","","C301006100429","1"
"C301006100429_BD","MR.P DRY ROASTED MACADAMIAS-SALT 40X40GR","MFB","PC","40","CT","22237.28","24639.64","24639.64","24639.64","24639.64","24639.64","C301006100429","","C301006100429_BD","1"
"C301006100430","MR.P DRY ROASTED MACADAMIAS-SALT 20X100GR","MFB","PC","20","CT","60824.86","67395.97","67395.98","67395.97","67395.97","67395.97","C301006100430","","C301006100430","1"
"C301006100431","MR.P DRY ROASTED PITACHIOS-SALT 40X40GR","MFB","PC","40","CT","16200.29","17950.45","17950.45","17950.45","17950.45","17950.45","C301006100431","","C301006100431","1"
"C301006100432","MR.P DRY ROASTED PITACHIOS-SALTD 20X130GR","MFB","PC","20","CT","53499.41","59279.12","59279.12","59279.12","59279.12","59279.12","C301006100432","","C301006100432","1"
"C301006100433","MR.P DRY ROASTED ALMONDS-SALT 40X40GR","MFB","PC","40","CT","16769.42","18581.08","18581.08","18581.08","18581.08","18581.08","C301006100433","","C301006100433","1"
"C301006100434","MR.P DRY ROASTED ALMONDS-SALT 20X130GR","MFB","PC","20","CT","43621.01","48333.53","48333.53","48333.53","48333.53","48333.53","C301006100434","","C301006100434","1"
"C301006100435","MR.P MILK SUNFLOWER SEED 120X30GR","MFB","PC","120","CT","1144.79","1268.47","1268.47","1268.47","1268.47","1268.47","C301006100435","","C301006100435","1"
"C301006100435_BD","MR.P MILK SUNFLOWER SEED 120X30GR","MFB","PC","120","CT","1144.79","1268.47","1268.47","1268.47","1268.47","1268.47","C301006100435","C301006100435","C301006100435_BD","1"
"C301006100436","BHIMA KUACI ORIGINAL 12X10X23G (EXTRA 1)","MFB","PC","120","CT","1219.6","1351.35","1351.35","1351.35","1351.35","1351.35","C301006100436","","C301006100436","1"
"C301006100436_BD","MR.P ORI SUNFLOWER SEED 120X30GR","MFB","PC","120","CT","1144.79","1268.47","1268.47","1268.47","1268.47","1268.47","C301006100436","C301006100436","C301006100436_BD","1"
"C301006100437","BHIMA ORIGINAL SUNFLOWER SEED 6X6X70G","MFB","PC","36","CT","5467.85","6058.56","6058.56","6058.56","6058.56","6058.56","C301006100437","","C301006100437","1"
"C301006100437_BD","MR.P ORI SUNFLOWER SEED 36X70GR","MFB","PC","36","CT","5203.61","5765.77","5765.77","5765.77","5765.77","5765.77","C301006100437","","C301006100437_BD","1"
"C301006100438","MR.P ORI SUNFLOWER SEED 30X150GR","MFB","PC","30","CT","10244.59","11351.35","11351.35","11351.35","11351.35","11351.35","C301006100438","","C301006100438","1"
"C301006100438_BD","MR.P ORI SUNFLOWER SEED 30X150GR","MFB","PC","30","CT","10244.59","11351.35","11351.35","11351.35","11351.35","11351.35","C301006100438","","C301006100438_BD","1"
"C301006100439","MR.P CAFE LATTE SUNFLOWER SEED 36X70GR","MFB","PC","36","CT","5203.61","5765.77","5765.77","5765.77","5765.77","5765.77","C301006100439","","C301006100439","1"
"C301006100440","MR.P CAFE LATTE SUNFLOWER SEED 30X150GR","MFB","PC","30","CT","9756.76","10810.81","10810.81","10810.81","10810.81","10810.81","C301006100440","","C301006100440","1"
"C301006100441","MR.P SEA SALT SUNFLOWER SEED 36X70GR","MFB","PC","36","CT","5203.61","5765.77","5765.77","5765.77","5765.77","5765.77","C301006100441","","C301006100441","1"
"C301006100442","MR.P SEA SALT SUNFLOWER SEED 30X150GR","MFB","PC","30","CT","9756.76","10810.81","10810.81","10810.81","10810.81","10810.81","C301006100442","","C301006100442","1"
"C301006PAB013","MR.P PLUS AYAM BAWANG 1X10X13GR","MFB","BG","240","CT","581.33","644.14","644.14","644.14","644.14","644.14","C301006PAB013","","C301006PAB013","1"
"C301006PAB013_BD","MR.P PLUS AYAM BAWANG 1X10X13GR","MFB","BG","100","CT","5284.9","5855.85","5855.85","5855.85","5855.85","5855.85","C301006PAB013","","C301006PAB013_BD","1"
"C301006PAO033","MR.P ATOM COATED PANUT ORI 1X10X33G","MFB","PC","400","CT","1341.55","1486.49","1486.49","1486.49","1486.49","1486.49","C301006PAO033","C301006PAO033","C301006PAO033","1"
"C301006PAO033_BD","MR.P ATOM COATED PANUT ORI 1X10X33G","MFB","PC","400","CT","1219.59","1351.35","1351.35","1351.35","1351.35","1351.35","C301006PAO033","","C301006PAO033_BD","1"
"C301006PAP033","ATOM COATED PEANUTS CHILI 1X10X33G","MFB","PC","400","CT","1341.55","1486.49","1486.49","1486.49","1486.49","1486.49","C301006PAP033","C301006PAP033","C301006PAP033","1"
"C301006PAP033_BD","ATOM COATED PEANUTS CHILI 1X10X33G","MFB","PC","400","CT","1219.59","1351.35","1351.35","1351.35","1351.35","1351.35","C301006PAP033","","C301006PAP033_BD","1"
"C301006PRP013","MR.P PLUS PEDAS 1X10X13G","MFB","BG","240","CT","581.33","644.14","644.14","644.14","644.14","644.14","C301006PRP013","","C301006PRP013","1"
"C301006PRP013_BD","MR.P PLUS PEDAS 1X10X13G","MFB","BG","100","CT","5284.9","5855.85","5855.85","5855.85","5855.85","5855.85","C301006PRP013","","C301006PRP013_BD","1"
"C301006PSP013","MR.PLUS SAPI PANGGANG 1X10X13G","MFB","BG","240","CT","581.33","644.14","644.14","644.14","644.14","644.14","C301006PSP013","","C301006PSP013","1"
"C301006PSP013_BD","MR.PLUS SAPI PANGGANG 1X10X13G","MFB","BG","100","CT","5284.9","5855.85","5855.85","5855.85","5855.85","5855.85","C301006PSP013","","C301006PSP013_BD","1"
"CA1212B","1212 BP4 AAA HITAM / E301339201","ET","PC","216","CT","11749.45","13694","13694","13694","13694","13694","CA1212B","E301339201","","1"
"CA1212B_BD","1212 BP4 AAA HITAM / E301339201","ET","PC","216","CT","11749.19","13694","13694","13694","13694","13694","CA1212B","","","1"
"CA1212B_BN","1212 BP4 AAA","ET","PC","216","CT","0","0","0","0","0","0","CA1212B","","CA1212B_BN","1"
"CA1212BR_BD","1212 BP4 AAA REPACK","ET","PC","216","CT","8555.04","9970.91","9970.91","9970.91","9970.91","9970.91","CA1212BR","","CA1212BR_BD","1"
"CA2A046_BD","915 AA PJ SW 7","ET","PK","180","CT","5000","5000","4250","4250","5000","5000","CA2A046","","","1"
"CA2A047_BD","1015 AA-12 MERAH HD","ET","PK","192","CT","14664.07","17091","17091","17091","17091","17091","CA2A047","","","1"
"CA2A049_BD","1015 AA8 MERAH HD 30PK","ET","PK","30","CT","8964","10546","8964","8964","10546","10546","CA2A049","","","1"
"CA2A051_BD","1015 AA-8 MERAH KECIL PLUS 2","ET","PK","30","CT","10545","10545","8964","8964","10545","10545","CA2A051","","","1"
"CA2A052_BD","1015 SW10+2","ET","","48","","12170.45","14318","12170.45","12170.45","14318","14318","CA2A052","","","1"
"CA2A054","1015 AA BP20 MERAH KECIL/ E301359301","ET","PC","24","CT","37025.41","43153","43153","43153","43153","43153","CA2A054","E301359301","","1"
"CA2A054_BD","1015 AA BP20 MERAH KECIL/ E301359301","ET","PC","24","CT","37025.41","43153","43153","43153","43153","43153","CA2A054","","","1"
"CA2A054R","1015 BP 20 REPACK","ET","PC","24","CT","28418.52","33121.82","33121.82","33121.82","33121.82","33121.82","CA2A054R","","","1"
"CA2A059","1215 AA SW12 HITAM KECIL / E301020800","ET","PK","48","CT","29450.27","34324","34324","34324","34324","34324","CA2A059","E301020800","","1"
"CA2A059_BD","1215 AA SW12 HITAM KECIL / E301020800","ET","PK","48","CT","29450.27","34324","34324","34324","34324","34324","CA2A059","","","1"
"CA2A060","1215 AA SW4 HITAM KECIL/E301158100","ET","PK","144","CT","10357.84","12072","12072","12072","12072","12072","CA2A060","E301158100","","1"
"CA2A060_BD","1215 AA SW4 HITAM KECIL/E301158100","ET","PC","108","CT","10357.84","12072","12072","12072","12072","12072","CA2A060","","","1"
"CA2A061_BD","1215 AA-8 HITAM PLUS 2","ET","PC","42","CT","10574","16000","13600","13600","16000","16000","CA2A061","","","1"
"CA2A064_BD","915 AA PJ SW 7 180 PK","ET","PC","180","CT","4680.39","5455","5455","5455","5455","5455","CA2A064","","","1"
"CA2A065","1215 AA BP4 HITAM KECIL / E301345001","ET","PK","216","CT","10744.73","12523","12523","12523","12523","12523","CA2A065","E301345001","","1"
"CA2A065_BD","1215 AA BP4 HITAM KECIL / E301345001","ET","PK","216","CT","10744.32","12523","12523","12523","12523","12523","CA2A065","","","1"
"CA2A065_BN","1215 BP4 NEW","ET","PK","216","CT","0","0","0","0","0","0","CA2A065","","CA2A065_BN","1"
"CA2A066_BD","1215 BP8+4 HITAM","ET","PK","36","CT","11064.7","16818.18","14295.45","14295.45","16818.18","16818.18","CA2A066","","","1"
"CA2A067_BD","1215 BP 6 (4+2) 5 100","ET","PC","48","CT","7566","8818.18","8818.18","8818.18","8818.18","8818.18","CA2A067","","","1"
"CA2A068_BD","1215 AA BP4 7 100 O 864","ET","PC","216","CT","7643.92","8909","8909","8909","8909","8909","CA2A068","","","1"
"CA2A069","915 AA SW4 PERAK KECIL / E300654500","ET","PC","108","CT","6956.76","8108","8108","8108","8108","8108","CA2A069","E300654500","","1"
"CA2A069_BD","915 AA SW4 PERAK KECIL / E300654500","ET","PC","108","CT","6956.76","8108","8108","8108","8108","8108","CA2A069","","","1"
"CA2A070_BD","1215 BP4 PS2","ET","PC","56","CT","7566","8818.18","8818.18","8818.18","8818.18","8818.18","CA2A070","","","1"
"CA2A072","EVR GOLD A91 BP 2 ALK/E301405400","ET","PC","216","CT","8889.19","10360","10360","10360","10360","10360","CA2A072","E300265700","","1"
"CA2A072_BD","A91 AA BP2 EVEREADY GOLD","ET","PC","216","CT","8889.19","10360","10360","10360","10360","10360","CA2A072","","","1"
"CA2A072R_BD","A91 AA BP2 EVEREADY GOLD REPACK","ET","PC","216","CT","8012.16","9338.18","9338.18","9338.18","9338.18","9338.18","CA2A072R","","CA2A072R_BD","1"
"CA2A073","EVR GOLD A92 BP 2 ALK/E301304700","ET","PC","216","CT","8889.19","10360","10360","10360","10360","10360","CA2A073","E300458200","","1"
"CA2A073_BD","A92 AAA BP2 EVEREADY GOLD","ET","PC","216","CT","8889.19","10360","10360","10360","10360","10360","CA2A073","","","1"
"CA2A073R","A92 AAA BP2 EVEREADY GOLD REPACK","ET","PC","216","CT","8012.16","9338.18","9338.18","9338.18","9338.18","9338.18","CA2A073R","","","1"
"CA2A074","EVR GOLD A91 BP 4 ALK/E301405500","ET","PC","48","CT","16541.62","19279","19279","19279","19279","19279","CA2A074","E301304800","","1"
"CA2A074_BD","A92 BP4 EVEREADY GOLD","ET","PC","48","CT","16541.62","19279","19279","19279","19279","19279","CA2A074","","","1"
"CA2A080","EVR GOLD A92 BP 4 ALK/E301304800","ET","PC","48","CT","16541.62","19279","19279","19279","19279","19279","CA2A080","E301405500","","1"
"CA2A080_BD","A91 AA BP4 EVEREADY GOLD","ET","PC","48","CT","16541.62","19279","19279","19279","19279","19279","CA2A080","","","1"
"CA2A080R","A91 AA BP4 EVEREADY GOLD REPACK","ET","PC","48","CT","14898","17363.64","17363.64","17363.64","17363.64","17363.64","CA2A080R","","","1"
"CA3A001_BD","912 AAA SW 4 BIRU","ET","PC","250","CT","4368.08","5091","5091","5091","5091","5091","CA3A001","","","1"
"CA3A011_BD","912 AAA SW 4 BIRU","ET","PC","250","CT","4368.08","5091","5091","5091","5091","5091","CA3A001","","","1"
"CA3A045_BD","1012 AAA SW04","ET","PK","200","CT","5460","6363.64","6363.64","6363.64","6363.64","6363.64","CA3A045","","","1"
"CA3A068_BD","912 AAA-4 BIRU","ET","PK","216","CT","3823.25","4456","4456","4456","4456","4456","CA3A068","","","1"
"CA3A069_BD","912 SW 6 AAA BIRU","ET","PK","160","CT","5023.97","7636.36","6490.91","6490.91","7636.36","7636.36","CA3A069","","","1"
"CA3A077_BD","EVEREADY AAA 1212 500PK","ET","PK","500","CT","3704.84","4318","4318","4318","4318","4318","CA3A077","","","1"
"CA4A001_BD","915 AA 4 PERAK","ET","PC","108","CT","0","0","0","0","0","0","CA4A001","","","1"
"CA9V076","1222 9V SW1 HITAM KOTAK/778-1443","ET","PK","144","CT","11671.89","13604","13604","13604","13604","13604","CA9V076","778-1443","","1"
"CA9V076_BD","EVEREADY 1222-9V PW1 144PK","ET","PK","144","CT","11671.89","13604","13604","13604","13604","13604","CA9V076","","","1"
"CAB001_BD","915 AA 4 PJ","ET","LS","108","CT","9273","10909","9273","9273","10909","10909","CAB001","","","1"
"CABP401","1012 BP4 AAA MERAH/ E301339901","ET","PK","216","CT","8657.3","10090","10090","10090","10090","10090","CABP401","E301339901","","1"
"CABP401_BD","1012 BP4 AAA MERAH/ E301339901","ET","PK","216","CT","8657.3","10090","10090","10090","10090","10090","CABP401","","","1"
"CABP401R","P 1012 BP4 REPACK","ET","PK","216","CT","6259.5","7295.45","7295.45","7295.45","7295.45","7295.45","CABP401R","","","1"
"CABP402","1012 BP20 AAA MERAH/ E301359401","ET","PC","48","CT","36793.51","42883","42883","42883","42883","42883","CABP402","E301359401","","1"
"CABP402_BD","1012 BP20 AAA MERAH/ E301359401","ET","PC","48","CT","36793.51","42883","42883","42883","42883","42883","CABP402","","","1"
"CAC-054_BD","1035 C-2 MERAH SHD","ET","PK","24","CT","2043","3091","2628","2628","3091","3091","CAC-054","","","1"
"CAC-064","1235 C SW2 HITAM SEDANG / 778-2414","ET","PK","72","CT","11903.78","13874","13874","13874","13874","13874","CAC-064","778-2414","","1"
"CAC-064_BD","1235 C SW2 HITAM SEDANG / 778-2414","ET","PK","72","CT","11903.78","13874","13874","13874","13874","13874","CAC-064","","","1"
"CAD-056_BD","1050 D-2 MERAH HD","ET","PK","72","CT","9672.23","11273","11273","11273","11273","11273","CAD-056","","","1"
"CAD-057","11050 SW2 MERAH BESAR/ E301309300","ET","PC","96","CT","14145.41","16486","16486","16486","16486","16486","CAD-057","E301309300","","1"
"CAD-057_BD","11050 SW2 MERAH BESAR/ E301309300","ET","PC","96","CT","14145.41","16486","16486","16486","16486","16486","CAD-057","","","1"
"CAD-066_BD","1250 D-2 HITAM SHD","ET","PK","72","CT","14000.84","16318","16318","16318","16318","16318","CAD-066","","","1"
"CAD-066R","1250 D-2 HITAM SHD REPACK","ET","PK","72","CT","16024.32","18676.36","18676.36","18676.36","18676.36","18676.36","CAD-066R","","","1"
"CAD-067","950 D SW2 PERAK BESAR/E301158300","ET","PC","72","CT","12135.68","14144","14144","14144","14144","14144","CAD-067","E301158300","","1"
"CAD-067_BD","950 D SW2 PERAK BESAR/E301158300","ET","PC","72","CT","12135.68","14144","14144","14144","14144","14144","CAD-067","","","1"
"CAD-068","1250 D SW2 HITAM BESAR/ E301151900","ET","PK","96","CT","20406.49","23784","23784","23784","23784","23784","CAD-068","E301151900","","1"
"CAD-068_BD","1250 D SW2 HITAM BESAR/ E301151900","ET","PK","96","CT","20406.49","23784","23784","23784","23784","23784","CAD-068","","","1"
"CAD-069_BD","S91 MAX BP1X20 480DM","ET","PC","24","CT","58500.16","68182","68182","68182","68182","68182","CAD-069","","","1"
"CAD-075_BD","950 D-2 BIRU PJ","ET","PK","216","CT","2808.23","3273","3273","3273","3273","3273","CAD-075","","","1"
"CAFT067_BD","1715-4 EVEREADY FOTTO","ET","PC","108","CT","5849.84","6818","6818","6818","6818","6818","CAFT067","","","1"
"CAMP052_BD","1015 MERAH KCL MP-20/RCNG","ET","PK","24","CT","17423","26364","22410","22410","26364","26364","CAMP052","","","1"
"CAMP053_BD","1015 MERAH KCL MP-20/RCNG GOLD","ET","PK","240","CT","1893","2863","2435","2435","2863","2863","CAMP053","","","1"
"CAMP058_BD","1050 MERAH BSR MP-8/RCNG GOLD","ET","PK","240","CT","3000","3409","3000","3000","3409","3409","CAMP058","","","1"
"CAMP060_BD","1015 AA SW 04","ET","PC","108","CT","7729.73","9009","9009","9009","9009","9009","CAMP060","","","1"
"CAMP061","1015 AA BP4 MERAH KECIL / E301345301","ET","PK","216","CT","8271.12","9640","9640","9640","9640","9640","CAMP061","E300664900","","1"
"CAMP061_BD","1015 AA BP4 MERAH KECIL / E301345301","ET","PC","216","CT","8271.12","9640","9640","9640","9640","9640","CAMP061","","","1"
"CAMP063","EVR HD 1015 SW 4 085","ET","PC","144","CT","5186.61","6045","6045","6045","6045","6045","CAMP063","","","1"
"CAMP063_BD","EVR HD 1015 SW 4 085","ET","PC","144","CT","5186.61","6045","6045","6045","6045","6045","CAMP063","","CAMP063_BD","1"
"CAMP064","1015 AA SW4 MERAH KECIL/E303245000","ET","PC","144","CT","7729.73","9009","9009","9009","9009","9009","CAMP064","E301152400","","1"
"CAMP064_BD","1015 AA SW4 MERAH KECIL/E303245000","ET","PC","144","CT","7729.73","9009","9009","9009","9009","90009","CAMP064","","CAMP064_BD","1"
"CAPJ070_BD","915 PJ AA-16","ET","PK","54","CT","7650","9000","7650","7650","9000","9000","CAPJ070","","","1"
"CAPJ071_BD","915 PJ AA-8","ET","PK","180","CT","4250","5000","4250","4250","5000","5000","CAPJ071","","","1"
"CAPJ072_BD","915 AA PJ","ET","PK","324","CT","2782","3273","2782","2782","3273","3273","CAPJ072","","","1"
"CBH001","Container Botol Hybrid 3-4","M3","PC","100","CT","0","0","0","0","0","0","CBH001","","CBH001","1"
"CBH002","Container Botol Hybrid 3-3","M3","PC","100","CT","0","0","0","0","0","0","CBH002","","CBH002","1"
"CCBB001","CHOCHO BALLS BOX 6X20X20G","MFB","PC","120","CT","670.91","749.09","749.09","749.09","749.09","749.09","CCBB001","","","1"
"CCBB001_BD","CHOCHO BALLS BOX 6X20X20G","MFB","PC","120","CT","670.91","749.09","749.09","749.09","749.09","749.09","CCBB001","","","1"
"CCBF001","CHO CHO BUTTERFLY 6X12X30GR","MFB","PC","72","CT","3252.25","3711.71","3711.71","3711.71","3711.71","3711.71","CCBF001","","CCBF001","1"
"CCBF001_BD","CHO CHO BUTTERFLY 6X12X30GR","MFB","PC","72","CT","2845.72","3247.74","3247.74","3247.74","3247.74","3247.74","CCBF001","","CCBF001_BD","1"
"CCBL001_BD","CHO CHO BALL 12X10X20GR","MFB","PC","120","CT","634.1","702.27","702.27","702.27","702.27","702.27","CCBL001","","","1"
"CCBP001","CHO CHO BALLS POUCH 12BGX500GR","MFB","PC","12","CT","26424.55","30157.66","30157.66","30157.66","30157.66","30157.66","CCBP001","","CCBP001","1"
"CCCV001_BD","CHO CHO CREPES VANILLA BOX 24X50GR","MFB","PC","24","CT","1868.04","1868.04","1868.04","1868.04","1868.04","1868.04","CCCV001","","","1"
"CCCV002_BD","CHO CHO CREPES VANILLA SACHET 6X20","MFB","PC","120","CT","725.68","725.67","725.68","725.68","725.67","725.67","CCCV002","","","1"
"CCHD001","CHO CHO HAZELNUT DIP 4X6X25GR","MFB","PC","24","CT","5813.4","6634.68","6634.68","6634.68","6634.68","6634.68","CCHD001","","CCHD001","1"
"CCHD001_BD","CHO CHO HAZELNUT DIP 4X6X25GR","MFB","PC","24","CT","5284.9","6031.53","6031.53","6031.53","6031.53","6031.53","CCHD001","","CCHD001_BD","1"
"CCJG001","CHO CHO JOY GT 4X6X20G","MFB","PC","24","CT","5538.07","6326","6326","6326","6326","6326","CCJG001","","","1"
"CCJG001_BD","CHO CHO JOY GT 4X6X20G","MFB","PC","24","CT","5538.07","6326","6326","6326","6326","6326","CCJG001","","","1"
"CCJJ001","CHO CHO JOY JUMBO 2X6X50G","MFB","PC","12","CT","13578.15","15496.4","15496.4","15496.4","15496.4","15496.4","CCJJ001","","","1"
"CCJJ001_BD","CHO CHO JOY JUMBO 2X6X50G","MFB","PC","12","CT","13578.15","15496.4","15496.4","15496.4","15496.4","15496.4","CCJJ001","","","1"
"CCJM001","CHO CHO JOY MINI 4X12X20G","MFB","PC","48","CT","6829.73","7794.59","7794.59","7794.59","7794.59","7794.59","CCJM001","","","1"
"CCJM001_BD","CHO CHO JOY MINI 4X12X20G","MFB","PC","48","CT","6829.73","7794.59","7794.59","7794.59","7794.59","7794.59","CCJM001","","","1"
"CCJP001","CHO CHO JOY PACK 10X3X20GR","MFB","PC","30","CT","5538.07","6326","6326","6326","6326","6326","CCJP001","","","1"
"CCJP001_BD","CHO CHO JOY PACK 10X3X20GR","MFB","PC","30","CT","5538.07","6326","6326","6326","6326","6326","CCJP001","","","1"
"CCJS001","CHO CHOC JOY SUPER 2X6X30GR","MFB","PC","12","CT","11687.78","13338.96","13338.96","13338.96","13338.96","13338.96","CCJS001","","CCJS001","1"
"CCJS001_BD","CHO CHOC JOY SUPER 2X6X40GR","MFB","PC","12","CT","11687.78","13338.96","13338.96","13338.96","13338.96","13338.96","CCJS001","","CCJS001_BD","1"
"CCKB001","CHO CHO KU BAG 20X10","MFB","PC","200","CT","335.45","375","375","375","375","375","CCKB001","","","1"
"CCKB001_BD","CHO CHO KU BAG 20X10","MFB","PC","200","CT","335.45","375","375","375","375","375","CCKB001","","","1"
"CCKR001","CHOCHO KARAMELO BOX 12X12X20G","MFB","PC","144","CT","1300.9","1484.68","1484.68","1484.68","1484.68","1484.68","CCKR001","","CCKR001","1"
"CCKR001_BD","CHOCHO KARAMELO BOX 12X12X20G","MFB","PC","144","CT","1300.9","1484.68","1484.68","1484.68","1484.68","1484.68","CCKR001","","CCKR001_BD","1"
"CCLC001","CHOCHO LOLLIPOP CHOCOLATE 12X12X18G","MFB","PC","144","CT","1341.55","1531.08","1531.08","1531.08","1531.08","1531.08","CCLC001","","CCLC001","1"
"CCLC001_BD","CHOCHO LOLLIPOP CHOCOLATE 12X12X18G","MFB","PC","144","CT","1341.55","1531.08","1531.08","1531.08","1531.08","1531.08","CCLC001","","CCLC001_BD","1"
"CCLY001","CHO CHO LOLY 8X24X8G","MFB","PC","192","CT","656.95","749.77","749.77","749.77","749.77","749.77","CCLY001","","","1"
"CCLY001_BD","CHO CHO LOLY 8X24X8GR","MFB","PC","192","CT","657","750.44","750.44","750.44","750.44","750.44","CCLY001","","","1"
"CCLY002","CHO CHO LOLY STRAW 8X24X8G","MFB","PC","192","CT","656.95","749.77","749.77","749.77","749.77","749.77","CCLY002","C.101001010278","","1"
"CCLY002_BD","CHO CHO LOLY STRAW 8X24X8GR","MFB","PC","192","CT","657","750.44","750.44","750.44","750.44","750.44","CCLY002","","","1"
"CCMC001_BD","CHO CHO MILK CHOCOLATE WAFER BOX 6X24","MFB","PC","144","CT","335.45","375","375","375","375","375","CCMC001","","","1"
"CCMC002","CHO CHO MILK CHOCOLATE 12X12X20GR","MFB","PC","144","CT","1422.86","1623.87","1623.87","1623.87","1623.87","1623.87","CCMC002","C.103002010201","","1"
"CCMC002_BD","CHO CHO MILK CHOCOLATE 12X12X25GR","MFB","PC","144","CT","1422.86","1623.87","1623.87","1623.87","1623.87","1623.87","CCMC002","","","1"
"CCMM001","CHOCHO MILK CHOC MINI BX 24X24X8","MFB","PC","576","CT","328","375.22","375.22","375.22","375.22","375.22","CCMM001","C.101001010234","","1"
"CCMM001_BD","CHOCHO MILK CHOC MINI BX 24X24X8","MFB","PC","576","CT","328","375.22","375.22","375.22","375.22","375.22","CCMM001","","","1"
"CCMM002","CHOCHO MILK CHOC MINI BX 12X24X7","MFB","PC","288","CT","328.18","375","375","375","375","375","CCMM002","","","1"
"CCMM002_BD","CHOCHO MILK CHOC MINI BX 12X24X7","MFB","PC","288","CT","328.18","375","375","375","375","375","CCMM002","","","1"
"CCMM003","CHOCHO MILK WHITE MINI BX 24X24X7","MFB","PC","576","CT","328","375.22","375.22","375.22","375.22","375.22","CCMM003","C.101001010236","","1"
"CCMM003_BD","CHOCHO MILK WHITE MINI BX 24X24X7","MFB","PC","576","CT","328","375.22","375.22","375.22","375.22","375.22","CCMM003","","","1"
"CCMN002","CHO CHO MILK MINI JAR 12X24X8GR","MFB","PC","12","CT","8050.91","8989.09","8989.09","8989.09","8989.09","8989.09","CCMN002","","","1"
"CCMN002_BD","CHO CHO MILK MINI JAR 12X24","MFB","PC","12","CT","8050.91","8989.09","8989.09","8989.09","8989.09","8989.09","CCMN002","","","1"
"CCMR001","CHO CHO MEISES RENCENG 8X30X8GR EXT 1PC","MFB","PC","240","CT","308.15","351.68","351.68","351.68","351.68","351.68","CCMR001","C.104005010104","","1"
"CCMR001_BD","CHO CHO MEISES RENCENG 8X30X8GR EXT 1PC","MFB","PC","240","CT","308.15","352","352","352","352","352","CCMR001","","","1"
"CCMR002","CHO MEISES RENCENG MIX 8X30X7GR","MFB","PC","240","CT","308.15","351.68","351.68","351.68","351.68","351.68","CCMR002","C.104005010109","CCMR002","1"
"CCMR002_BD","CHO MEISES RENCENG MIX 8X30X7GR","MFB","PC","240","CT","308.15","352","352","352","352","352","CCMR002","","CCMR002","1"
"CCMT001","CHO CHO METEORA SMALL SCH 12X24X8GR","MFB","PC","288","CT","681.82","702.27","702.27","702.27","702.27","702.27","CCMT001","","","1"
"CCMT001_BD","CHO CHO METEORA SMALL SCH 12X24X8GR","MFB","PC","288","CT","681.82","702.27","702.27","702.27","702.27","702.27","CCMT001","","","1"
"CCMT002_BD","CHO CHO METEORA BIG SCH 6X12X45GR","MFB","PC","72","CT","2536.36","2809.1","2809.1","2809.1","2809.1","2809.1","CCMT002","","","1"
"CCMT003_BD","CHO CHO METEORA BOX 6X12X35GR","MFB","PC","72","CT","2935.22","3277.27","3277.27","3277.27","3277.27","3277.27","CCMT003","","","1"
"CCMT004","CHO CHO METEORA BAG 6X24X16GR","MFB","PC","144","CT","634.1","702.27","702.27","702.27","702.27","702.27","CCMT004","","","1"
"CCMT004_BD","CHO CHO METEORA BAG 6X24X16GR","MFB","PC","144","CT","634.1","702.27","702.27","702.27","702.27","702.27","CCMT004","","","1"
"CCMW001_BD","CHO CHO MAXI WHITE 12X24X20","MFB","PC","288","CT","634.08","702.27","702.27","702.27","702.27","702.27","CCMW001","","","1"
"CCNB001","CHO CHO CMPND NICEBAR 24X250GR","MFB","PC","24","CT","10732.43","12248.65","12248.65","12248.65","12248.65","12248.65","CCNB001","","CCNB001","1"
"CCNB001_BD","CHO CHO CMPND NICEBAR 24X250GR","MFB","PC","24","CT","9756.75","11135.13","11135.13","11135.13","11135.13","11135.13","CCNB001","","CCNB001_BD","1"
"CCPL001","CHOCOLATE PASTA LUNCH BX 12X40X12G","MFB","PC","480","CT","545.11","609.18","609.18","609.18","609.18","609.18","CCPL001","","","1"
"CCPL001_BD","CHOCOLATE PASTA LUNCH BX 12X40X12G","MFB","PC","480","CT","545.11","609.18","609.18","609.18","609.18","609.18","CCPL001","","","1"
"CCRJ001","CHOCHO CHOCOLATE RICE JAR 24X200G","MFB","PC","24","CT","9773.83","11154.62","11154.62","11154.62","11154.62","11154.62","CCRJ001","","","1"
"CCRJ001_BD","CHOCHO CHOCOLATE RICE JAR 24X200G","MFB","PC","24","CT","9773.83","11154.62","11154.62","11154.62","11154.62","11154.62","CCRJ001","","","1"
"CCRL001","CHO CHO WAFER STICK SINGLE","MFB","PC","144","CT","328.47","375.22","375.22","375.22","375.22","375.22","CCRL001","","","1"
"CCRL001_BD","CHO CHO CIGAR ROLL","MFB","PC","144","CT","328.47","375.22","375.22","375.22","375.22","375.22","CCRL001","","","1"
"CCSB001","CHO CHO SNACK CHOCLATE BAG 12X10X15G","MFB","PC","120","CT","1395.22","1545.95","1545.95","1545.95","1545.95","1545.95","CCSB001","","CCSB001","1"
"CCSB001_BD","CHO CHO SNACK CHOCLATE BAG 12X10X15G","MFB","PC","120","CT","1395.22","1545.95","1545.95","1545.95","1545.95","1545.95","CCSB001","","CCSB001","1"
"CCSB002","CHO CHO SNACK STRAWBERRY BAG 12X10X15G","MFB","PC","120","CT","1395.22","1545.95","1545.95","1545.95","1545.95","1545.95","CCSB002","","CCSB002","1"
"CCSB002_BD","CHO CHO SNACK STRAWBERRY 12X10X15G","MFB","PC","120","CT","1395.22","1545.95","1545.95","1545.95","1545.95","1545.95","CCSB002","","CCSB002","1"
"CCSB003","CHOCHO SNACK CHOCOLATE MEISES BAG 12X10X15G","MFB","PC","120","CT","1395.22","1545.95","1545.95","1545.95","1545.95","1545.95","CCSB003","","CCSB003","1"
"CCSB003_BD","CHOCHO SNACK CHOCOLATE MEISES BAG 12X10X15G","MFB","PC","120","CT","1395.22","1545.95","1545.95","1545.95","1545.95","1545.95","CCSB003","","CCSB003","1"
"CCSB004","CHO CHO SNACK CHO VANILLA BAG 12X10X15G","MFB","PC","120","CT","1395.22","1545.95","1545.95","1545.95","1545.95","1545.95","CCSB004","","CCSB004","1"
"CCSB004_BD","CHO CHO SNACK CHO VANILLA BAG 12X10X15G","MFB","PC","120","CT","1395.22","1545.95","1545.95","1545.95","1545.95","1545.95","CCSB004","","CCSB004_BD","1"
"CCSB005","CHOCHO SEMPRONG BAG 4BX6PCX85GR","MFB","PC","24","CT","5996.34","6843.47","6843.47","6843.47","6843.47","6843.47","CCSB005","C301007010791","CCSB005","1"
"CCSB005_BD","CHOCHO SEMPRONG BAG 4BX6PCX85GR","MFB","PC","24","CT","5447.52","6222.72","6222.72","5804.77","6222.72","6222.72","CCSB005","","CCSB005_BD","1"
"CCSM001","CHOCHO SNACK CHO MEISES 12X10X15G SANRIO","MFB","PC","120","CT","2134.29","2435.81","2435.81","2435.81","2435.81","2435.81","CCSM001","","CCSM001","1"
"CCSM001_BD","CHOCHO SNACK CHO MEISES 12X10X15G SANRIO","MFB","PC","120","CT","2134.29","2435.81","2435.81","2435.81","2435.81","2435.81","CCSM001","","CCSM001_BD","1"
"CCSO001","CHOCHO SNACK CHO 12X10X15GR SANRIO","MFB","PC","120","CT","2134.29","2435.81","2435.81","2435.81","2435.81","2435.81","CCSO001","","CCSO001","1"
"CCSO001_BD","CHOCHO SNACK CHO 12X10X15GR SANRIO","MFB","PC","120","CT","1931.02","2203.82","2203.82","2203.82","2203.82","2203.82","CCSO001","","CCSO001_BD","1"
"CCSS001","CHOCHO CHO STRW 12X10X15G SANRIO","MFB","PC","120","CT","2134.29","2435.81","2435.81","2435.81","2435.81","2435.81","CCSS001","","CCSS001","1"
"CCSS001_BD","CHOCHO CHO STRW 12X10X15G SANRIO","MFB","PC","120","CT","2134.29","2435.81","2435.81","2435.81","2435.81","2435.81","CCSS001","","CCSS001_BD","1"
"CCSV001","CHOCHO SNACK CHO VAN 12X10X15GR SANRIO","MFB","PC","120","CT","2134.29","2435.81","2435.81","2435.81","2435.81","2435.81","CCSV001","","CCSV001","1"
"CCSV001_BD","CHOCHO SNACK CHO VAN 12X10X15GR SANRIO","MFB","PC","120","CT","2134.29","2435.81","2435.81","2435.81","2435.81","2435.81","CCSV001","","CCSV001_BD","1"
"CCSW001","CHOCHO STRAWBERY BOX 24X24X7G","MFB","PC","576","CT","328","375.22","375.22","375.22","375.22","375.22","CCSW001","C101001010235","","1"
"CCSW001_BD","CHOCHO STRAWBERY BOX 24X24X7G","MFB","PC","576","CT","328","375.22","375.22","375.22","375.22","375.22","CCSW001","","","1"
"CCWC001","CHOCHO WS COOKIES&CREAM 6X10X33G","MFB","PC","60","CT","4817.4","5497.97","5497.97","5497.97","5497.97","5497.97","CCWC001","","","1"
"CCWC001_BD","CHOCHO WS COOKIES&CREAM 6X10X33G","MFB","PC","60","CT","4817.4","5497.97","5497.97","5497.97","5497.97","5497.97","CCWC001","","","1"
"CCWR001","CHO CHO WAFER ROLL COOKIES &CREAM 500G","MFB","PC","6","CT","25835.08","29511.47","29511.47","29511.47","29511.47","29511.47","CCWR001","C.301002070310","","1"
"CCWR001_BD","CHO CHO WAFER ROLL COOKIES &CREAM 500G","MFB","PC","6","CT","25835.08","29511.47","29511.47","29511.47","29511.47","29511.47","CCWR001","","","1"
"CCWR002","CHO CHO WAFER ROLL SEMPRONG 6X300G","MFB","TP","6","CT","22542.17","25749.98","25749.98","25749.98","25749.98","25749.98","CCWR002","C.301005010427","CCWR002","1"
"CCWR002_BD","CHO CHO WAFER ROLL SEMPRONG 6X300G","MFB","TP","6","CT","22542.17","25749.98","25749.98","25749.98","25749.98","25749.98","CCWR002","","CCWR002","1"
"CCWS001","CHO CHO WAFER SNACK ASSORTED 8X6","MFB","PC","48","CT","4187","4783.13","4783.13","4783.13","4783.13","4783.13","CCWS001","","","1"
"CCWS001_BD","CHO CHO WAFER SNACK ASSORTED 8X6","MFB","PC","48","CT","4187","4783.13","4783.13","4783.13","4783.13","4783.13","CCWS001","","","1"
"CCXS001","CHO CHO XXTRA SINGLE 12X20X14GR","MFB","PC","240","CT","628.08","695.94","695.94","695.94","695.94","695.94","CCXS001","","CCXS001","1"
"CFB","CONTAINER FOOD BOTOL","M3","PC","1","PC","0","0","0","0","0","0","CFB","","CFB","1"
"CFP001","CONTAINER FOOD POCI","M3","PC","100","CT","0","0","0","0","0","0","CFP001","","CFP001","1"
"CH2PC","EN CH2PC4 2X700 AAA BP / E300570201","ET","PC","24","CT","162247.03","189099","189099","189099","189099","189099","CH2PC","678-1877","","1"
"CH2PC_BD","JS-CH2PC-SK-52BC + AAA","ET","PC","24","CT","162247.03","189099","189099","145818","189099","189099","CH2PC","","","1"
"CH2PC2_BD","JS-CH2PC3 + AA 1300 MAH","ET","PC","24","CT","147483.24","171892","171892","171892","171892","171892","CH2PC2","","","1"
"CHCCW2A_BD","CHCCW2 2500 mAh","ET","PC","24","CT","151358.92","176409","176409","176409","176409","176409","CHCCW2A","","","1"
"CHIH078_BD","CH-1-HR","ET","PC","24","CT","186241","281818","239545","239545","281818","281818","CHIH078","","","1"
"CHVC001_BD","CHVCM4","ET","PC","24","CT","127998.16","149182","149182","149182","149182","149182","CHVC001","","","1"
"CHVC002","EN CHVCM4 4X2000AA BP/E301010100","ET","PC","24","CT","237689.19","277027","277027","277027","277027","277027","CHVC002","878-2300","","1"
"CHVC002_BD","EN CHVCM4 4X2000AA BP","ET","PC","24","CT","237689.19","277027","277027","277027","277027","277027","CHVC002","","CHVC002_BD","1"
"CHWB080_BD","CHM4-AA WOB 9V AA-AAA 24PK","ET","PK","24","CT","78818","92727","78818","78818","92727","92727","CHWB080","","","1"
"COBD001_BD","CHO CHO BIS DUPLEK 18GR 12 X 10PC","MFB","PC","120","CT","0","0","0","0","0","0","COBD001","","","1"
"COBR001_BD","CHO CHO BIS RENCENG 25 gr","MFB","PC","120","CT","386.4","395.5","386.4","386.4","395.5","395.5","COBR001","","","1"
"COBW001_BD","CHO OLE BALL BLACK &WHITE 25GR","MFB","PC","120","CT","886.36","905","886.36","886.36","905","905","COBW001","","","1"
"COCC001_BD","CHO CHO CHOCOLATE 123 12GR","MFB","PC","192","CT","634.09","702.26","702.26","702.26","702.26","702.26","COCC001","","","1"
"COCC002_BD","CHO CHO CHOCOLATE 123 JAR","MFB","PC","12","CT","7820.45","8661.36","8661.36","8661.36","8661.36","8661.36","COCC002","","","1"
"COCC003","CHO CHO 123 10X60X3.2GR","MFB","JR","10","CT","14228.6","16238.74","16238.74","16238.74","16238.74","16238.74","COCC003","","","1"
"COCC003_BD","CHO CHO 123 10X60X3.2GR","MFB","PC","10","CT","12195.94","13918.91","13918.91","13918.91","13918.91","13918.91","COCC003","","","1"
"COCM002","CHO MEISES COKLAT 24 x 200 GR","MFB","JR","24","CT","8614.77","9840.67","9840.67","9840.67","9840.67","9840.67","COCM002","","","1"
"COCM002_BD","CHO MEISES COKLAT 24 x 200 GR","MFB","JR","24","CT","8614.77","9840.67","9840.67","9840.67","9840.67","9840.67","COCM002","","","1"
"COCR001_BD","CHO CHO CERUTTOS 6X24X12GR","MFB","PC","144","CT","333.1","368.92","368.92","368.92","368.92","368.92","COCR001","","","1"
"COKR001","CHO CHO KARAMELLO BOX   6X24X20G","MFB","PC","144","CT","1300.9","1484.68","1484.68","1484.68","1484.68","1484.68","COKR001","","","1"
"COKR001_BD","CHO CHO KARAMELLO 6X24PC","MFB","PC","144","CT","1300.9","1484.68","1484.68","1484.68","1484.68","1484.68","COKR001","","","1"
"COKR002_BD","CHO CHO KARAMELLO RCNG 12X12PC","MFB","PC","144","CT","362.7","401.7","401.7","401.7","401.7","401.7","COKR002","","","1"
"COKR003","CHO CHO KARAMELO 12X24X12G","MFB","PC","288","CT","657","750.44","750.44","750.44","750.44","750.44","COKR003","","COKR003","1"
"COKR003_BD","CHO CHO KARAMELO 12X24X12G","MFB","PC","288","CT","657","750.44","750.44","750.44","750.44","750.44","COKR003","","COKR003","1"
"COKU001_BD","CHO CHO KU 15 gr","MFB","PC","200","CT","353.4","391.4","391.4","391.4","391.4","391.4","COKU001","","","1"
"COKU002_BD","CHO CHO KU BOX 6X36PC","MFB","PC","216","CT","321.27","362","362","362","362","362","COKU002","","","1"
"COMC001_BD","CHO CHO MILK CKT 14 gr","MFB","PC","500","CT","362.7","401.7","401.7","401.7","401.7","401.7","COMC001","","","1"
"COMC002","CHO CHO MILK COKLAT 18 GR 20 x 50s","MFB","PC","1000","CT","362.7","401.7","401.7","401.7","401.7","401.7","COMC002","","","1"
"COMC002_BD","CHO CHO MILK COKLAT 18GR 20X50S","MFB","PC","1000","CT","362.7","401.7","401.7","401.7","401.7","401.7","COMC002","","","1"
"COMC003_BD","CHO CHO MILK WHITE SMALL 25/BOX 14 GR","MFB","PC","500","CT","362.7","401.7","401.7","401.7","401.7","401.7","COMC003","","","1"
"COMC004_BD","CHO CHO MAXI CHOCO 12X24X20GR","MFB","PC","288","CT","634.08","702.27","702.27","702.27","702.27","702.27","COMC004","","","1"
"COMC005_BD","CHO CHO MILK CHOCO SMALL 20X24","MFB","PC","480","CT","362.7","401.7","401.7","401.7","401.7","401.7","COMC005","","","1"
"COMC006_BD","CHO CHO MILK WHITE SMALL 24/BOX 14GR","MFB","PC","480","CT","362.7","401.7","401.7","401.7","401.7","401.7","COMC006","","","1"
"COMC007_BD","CHO CHO MILK 20X50 BANDED","MFB","PC","1000","CT","398.9","429","429","429","429","429","COMC007","","","1"
"COMC009","CHO CHO MILK CHOCO 1000 10X24X13GR","MFB","PC","240","CT","645","736.51","736.51","736.51","736.51","736.51","COMC009","C.101001010276","","1"
"COMC009_BD","CHO CHO MILK CHOCO 1000 10X24X13GR","MFB","PC","240","CT","645","736.51","736.51","736.51","736.51","736.51","COMC009","","","1"
"COMC010_BD","CHO CHO MILK WHITE 1000 10X24X20GR","MFB","PC","240","CT","649.94","725.68","725.68","725.68","725.68","725.68","COMC010","","","1"
"COMC011","CHO CHO MILK CHOCO 12X24X10GR (1000)","MFB","PC","288","CT","656.95","749.77","749.77","749.77","749.77","749.77","COMC011","","COMC011","1"
"COMC011_BD","CHO CHO MILK CHOCO 12X24X10GR","MFB","PC","288","CT","645","736.51","736.51","736.51","736.51","736.51","COMC011","","COMC011_BD","1"
"COMS001","CHOCHO MILK STRAWBERRY 12X24X10GR","MFB","PC","288","CT","656.95","749.77","749.77","749.77","749.77","749.77","COMS001","C.103002010251","COMS001","1"
"COMS001_BD","CHOCHO MILK STRAWBERRY 12X24X10GR","MFB","PC","288","CT","644.75","735.84","735.84","735.84","735.84","735.84","COMS001","","COMS001_BD","1"
"COMW001","CHO CHO MILK WAFER 12GR 6X24","MFB","PC","144","CT","362","401.7","401.7","401.7","401.7","401.7","COMW001","","","1"
"COMW001_BD","CHO CHO MILK WAFER 12GR 6X24","MFB","PC","144","CT","362","401.7","401.7","401.7","401.7","401.7","COMW001","","","1"
"COMW002","CHO MILK WAFER CHOCOLATE 8X24X16","MFB","PC","192","CT","628.97","702.91","702.91","702.91","702.91","702.91","COMW002","","","1"
"COMW002_BD","CHO MILK WAFER CHOCOLATE 8X24X16","MFB","PC","192","CT","628.97","702.91","702.91","702.91","702.91","702.91","COMW002","","","1"
"CONB001_BD","CHO CHO NYEM LAYER BIG 10 gr","MFB","PC","400","CT","186","205","205","205","205","205","CONB001","","","1"
"CONL001","CHO NYEM LONGSTICK TPL 12x50pc","MFB","JR","12","CT","15407.54","17584.23","17584.23","17584.23","17584.23","17584.23","CONL001","C.101003010319","","1"
"CONL001_BD","CHO NYEM LONGSTICK TPL 11 GR","MFB","JR","12","CT","15407.54","17572.63","17572.63","17572.63","17572.63","17572.63","CONL001","","","1"
"CONL002_BD","CHO NYEM LONGSTICK TPL 11GR 12x24pc","MFB","JR","12","CT","7710.55","8539.64","8539.64","8539.64","8539.64","8539.64","CONL002","","","1"
"CONL003_BD","CHO CHO NYEM LONG 12JARX36","MFB","PC","12","CT","11565.81","12810","12810","12810","12810","12810","CONL003","","","1"
"CONL005","CHO NYEMNYEM CHOCOLATE CUP 12X50","MFB","PC","12","CT","14358","16401","16401","16401","15918.18","16401","CONL005","","","1"
"CONL005_BD","CHO NYEMNYEM CHOCOLATE CUP 12X50","MFB","PC","12","CT","14358","16401","16401","16401","15918.18","16401","CONL005","","","1"
"COOB001_BD","CHO OLE BAG BSR 65 GR","MFB","PC","30","CT","2045.45","2091","2045.45","2045.45","2091","2091","COOB001","","","1"
"COPB001","CHO CHO PILLOW BIGSIZE (HEXAGONAL) 32GR 10x3pc","MFB","PC","30","CT","4119","4705.12","4705.12","4705.12","4705.12","4705.12","COPB001","","","1"
"COPB001_BD","CHO CHO PILLOW BIGSIZE (HEXAGONAL) 32 GR","MFB","PC","30","CT","4119","4705.12","4705.12","4705.12","4705.12","4705.12","COPB001","","","1"
"COPB002","CHO-CHO PILOW BIGSIZE 6X6X28GR BERHADIAH","MFB","PC","36","CT","4837.72","5521.17","5521.17","5521.17","5521.17","5521.17","COPB002","","","1"
"COPB002_BD","CHO-CHO PILOW BIGSIZE 6X6X32GR BERHADIAH","MFB","PC","36","CT","4391","5015","5015","5015","5015","5015","COPB002","","","1"
"COPB003_BD","CHO CHO PILLOW BIGSIZE 6X6X28G /6PC","MFB","PC","36","CT","3117.73","3561.38","3561.38","3561.38","3561.38","3561.38","COPB003","","","1"
"CORC001_BD","CHO CHO CREPES 24 X 50GR","MFB","PC","24","CT","1592","1592","1592","1592","1592","1592","CORC001","","","1"
"CORC002_BD","CHO CHO BANANA CREPES 6x20x25gr","MFB","","120","","681.81","681.81","681.81","681.81","681.81","681.81","CORC002","","","1"
"CORC003_BD","CHO CHO CREPES VANILA 6X20X25GR","MFB","PC","120","CT","697.5","750","750","750","750","750","CORC003","","","1"
"COSKB","MYA SIANGPURE BOTOL 25ML RED","MFB","PC","144","CT","64565","76900","71900","71900","76900","76900","COSKB","","COSKB","1"
"COSN001","CHO CHO SNACK 25 GR 12x12pc","MFB","PC","144","CT","1390","1539","1539","1539","1539","1539","COSN001","","","1"
"COSN001_BD","CHO CHO SNACK 25 GR","MFB","PC","144","CT","1390","1539","1539","1539","1539","1539","COSN001","","","1"
"COWC001","CHO WS COKLAT TPL 260gr 12 x 60 PC","MFB","JR","12","CT","13964.35","15937.16","15937.16","15937.16","15937.16","15937.16","COWC001","C.301003020304","","1"
"COWC001_BD","CHO WS COKLAT TPL 260 gr","MFB","JR","12","CT","13964.35","15937.16","15937.16","15937.16","15937.16","15937.16","COWC001","","","1"
"COWC002","CHO WS COKLAT TPL 500 gr 6 x 130 PC","MFB","JR","6","CT","24574.83","28071.89","28071.89","28071.89","28071.89","28071.89","COWC002","C.301001010316","","1"
"COWC002_BD","CHO WS COKLAT TPL 500 gr","MFB","JR","6","CT","24574.83","28071.89","28071.89","28071.89","28071.89","28071.89","COWC002","","","1"
"COWC003","CHO WFR SNACK COK-CHEESE 35 gr 6x10pc","MFB","PC","60","CT","4817.4","5497.97","5497.97","5497.97","5497.97","5497.97","COWC003","C.301007010407","","1"
"COWC003_BD","CHO WFR SNACK COK-CHEESE 40 gr 6x10pc","MFB","PC","60","CT","4817.4","5497.97","5497.97","5497.97","5497.97","5497.97","COWC003","","","1"
"COWC005_BD","CHO WS KURMA TPL 700 gr 6 x 130 PC","MFB","PC","6","CT","13907.72","15403.18","15403.18","15403.18","15403.18","15403.18","COWC005","","","1"
"COWC006","CHO WFR SNACK COK-MEISES 35 gr 6x10pc","MFB","PC","60","CT","4817.4","5497.97","5497.97","5497.97","5497.97","5497.97","COWC006","C.301006100402","","1"
"COWC006_BD","CHO WFR SNACK COK-MEISES","MFB","PC","60","CT","4817.4","5497.97","5497.97","5497.97","5497.97","5497.97","COWC006","","","1"
"COWC010","CHO CHO SNACK CHOCOLAT TRAY 12X10X15G","MFB","PC","120","CT","1559","1781.37","1781.37","1781.37","1781.37","1781.37","COWC010","C.301005010428","","1"
"COWC010_BD","CHO CHO SNACK CHOCOLAT 12X10X20G","MFB","PC","120","CT","1559","1781.37","1781.37","1781.37","1781.37","1781.37","COWC010","","","1"
"COWD001","CHO WS COCONUT TPL 260 gr 12 x 60 PC","MFB","JR","12","CT","13964.35","15937.16","15937.16","15937.16","15937.16","15937.16","COWD001","C.301003020307","","1"
"COWD001_BD","CHO WS COCONUT TPL 260 gr 12 x 60 PC","MFB","JR","12","CT","13313.91","15208.51","15208.51","14210","14210","15208.51","COWD001","","","1"
"COWF001","CHO WS REFIL COKLAT 500 gr 4 x100 PC","MFB","BG","4","CT","11650.45","13296.36","13296.36","13296.36","13296.36","13296.36","COWF001","","","1"
"COWF001_BD","CHO WS REFIL COKLAT 500 gr","MFB","BG","4","CT","11650.45","13296.36","13296.36","13296.36","13296.36","13296.36","COWF001","","","1"
"COWF002_BD","CHO WAFER STICK REFILL MIX 4X500G","MFB","BG","4","CT","10902.27","11818.18","11818.18","11818.18","11818.18","11818.18","COWF002","","","1"
"COWJ001","CHO WS RADJA 670 gr 6 x 130 PC","MFB","JR","6","CT","28924.72","33040.77","33040.77","33040.77","33040.77","33040.77","COWJ001","C.301002070403","","1"
"COWJ001_BD","CHO WS RADJA 670 gr 6 x 130 PC","MFB","JR","6","CT","28924.72","33040.77","33040.77","33040.77","33040.77","33040.77","COWJ001","","","1"
"COWK001","CHO WFR SNACK COK-CRISPY 29 gr 6x10pc","MFB","PC","60","CT","4817.4","5497.97","5497.97","5497.97","5497.97","5497.97","COWK001","C.301007010436","","1"
"COWK001_BD","CHO WFR SNACK COK-CRISPY 50 gr","MFB","PC","60","CT","4817.4","5497.97","5497.97","5497.97","5497.97","5497.97","COWK001","","","1"
"COWM001","CHO WS KOMBINASI RFL 500 gr 4 x 100 PC","MFB","BG","4","CT","11650.45","13296.36","13296.36","13296.36","13296.36","13296.36","COWM001","","","1"
"COWM001_BD","CHO WS KOMBINASI RFL 500 gr","MFB","BG","4","CT","11650.45","13296.36","13296.36","13296.36","13296.36","13296.36","COWM001","","","1"
"COWP001","CHO WS CAPPUCINO TPL 500 gr 6 x 130 PC","MFB","JR","6","CT","25835.08","29511.47","29511.47","29511.47","29511.47","29511.47","COWP001","C.301002070307","","1"
"COWP001_BD","CHO WS CAPPUCCINNO TPL 700 gr","MFB","JR","6","CT","25835.08","29511.47","29511.47","29511.47","29511.47","29511.47","COWP001","","","1"
"COWR001","CHO CHO WS RATU 6 x 320 gr","MFB","JR","6","CT","16932.03","19324.09","19324.09","19324.09","19324.09","19324.09","COWR001","C.301002070405","","1"
"COWR001_BD","CHO CHO WS RATU 375 gr","MFB","JR","6","CT","16932.03","19324.09","19324.09","19324.09","19324.09","19324.09","COWR001","","","1"
"COWR002","CHO CHO WS RATU STRAW6 x 320 gr","MFB","PC","6","CT","16932.03","19324.09","19324.09","19324.09","19324.09","19324.09","COWR002","C.301002070406","","1"
"COWR002_BD","CHO CHO WS RATU STRAW6 x 375 gr","MFB","PC","6","CT","16139.3","18435.96","18435.96","18435.96","18435.96","18435.96","COWR002","","","1"
"COWR011","CHO CHO SNACK STRAW 12X10X20GR","MFB","PC","120","CT","1437.27","1591.81","1591.81","1591.81","1591.81","1591.81","COWR011","","","1"
"COWR011_BD","CHO CHO SNACK STRAW 12X10X20GR","MFB","PC","120","CT","1437.27","1591.81","1591.81","1591.81","1591.81","1591.81","COWR011","","","1"
"COWS001","CHO WFR SNACK COK-STRAW 35 gr 6x10pc","MFB","PC","60","CT","4817.4","5497.97","5497.97","5497.97","5497.97","5497.97","COWS001","C.301006080401","","1"
"COWS001_BD","CHO WFR SNACK COK-STRAW 50 gr","MFB","PC","60","CT","4817.4","5497.97","5497.97","5497.97","5497.97","5497.97","COWS001","","","1"
"COWS002","CHO CHO SNACK CRISPY 12X12X6GR","MFB","PC","144","CT","656.95","749.77","749.77","749.77","749.77","749.77","COWS002","C.301005010424","","1"
"COWS002_BD","CHO CHO SNACK CRISPY 12X12X6GR","MFB","PC","144","CT","656.95","749.77","749.77","749.77","749.77","749.77","COWS002","","","1"
"COWS003_BD","CHO CHO SNACK MIX 12X12","MFB","PC","144","CT","1389.53","1539","1539","1539","1539","1539","COWS003","","","1"
"COWS004","CHO WS TWIN CAPPUCINO 6X500GR","MFB","PC","6","CT","25835.08","29511.47","29511.47","29511.47","29511.47","29511.47","COWS004","C.301002070305","","1"
"COWS004_BD","CHO WS TWIN CAPPUCINO 6X600GR","MFB","PC","6","CT","25835.08","29511.47","29511.47","29511.47","29511.47","29511.47","COWS004","","","1"
"COWS005","CHO WS TWIN TIRAMISU 6X500GR","MFB","PC","6","CT","25835.08","29511.47","29511.47","29511.47","29511.47","29511.47","COWS005","C.301002070306","","1"
"COWS005_BD","CHO WS TWIN TIRAMISU 6X600GR","MFB","PC","6","CT","25835.08","29511.47","29511.47","29511.47","29511.47","29511.47","COWS005","","","1"
"COWS006_BD","CHO CHO SNACK STRAW 12X12X20GR","MFB","PC","144","CT","1435.98","1591.82","1591.82","1591.82","1591.82","1591.82","COWS006","","","1"
"COWS007_BD","CHO CHO SNACK VANILLA 12X12X20GR","MFB","PC","144","CT","1435.98","1591.82","1591.82","1591.82","1591.82","1591.82","COWS007","","","1"
"COWS008_BD","CHO CHO SNACK MEISES 12X12X20GR","MFB","PC","144","CT","1389.53","1539","1539","1539","1539","1539","COWS008","","","1"
"COWS009_BD","CHO CHO SNACK CHOCOLATE 12X12X20GR","MFB","PC","144","CT","1435.98","1591.82","1591.82","1591.82","1591.82","1591.82","COWS009","","","1"
"COWS010","CHO CHO SNACK MEISES TRAY  12X10X15GR","MFB","PC","120","CT","1559","1781.37","1781.37","1781.37","1781.37","1781.37","COWS010","C.301005010431","","1"
"COWS010_BD","CHO CHO SNACK MEISES 12X10X20GR","MFB","PC","120","CT","1559","1781.37","1781.37","1781.37","1781.37","1781.37","COWS010","","","1"
"COWS011","CHO CHO SNACK STRAW TRAY  12X10X15GR","MFB","PC","120","CT","1559","1781.37","1781.37","1781.37","1781.37","1781.37","COWS011","C.301005010429","","1"
"COWS011_BD","CHO CHO SNACK STRAW 12X10X20GR","MFB","PC","120","CT","1559","1781.37","1781.37","1781.37","1781.37","1781.37","COWS011","","","1"
"COWS012_BD","CHO CHO WAFER STICK CHOCOLATE PREMIUM 12X350GR","MFB","PC","12","CT","26343","30091.95","30091.95","30091.95","30091.95","30091.95","COWS012","","","1"
"COWS015","A WAFER ROLL CHOCOLATE 500GR","MFB","PC","6","CT","15998.86","17727.27","17727.27","17727.27","17727.27","17727.27","COWS015","","","1"
"COWS015_BD","A WAFER ROLL CHOCOLATE 600GR","MFB","PC","6","CT","15998.86","17727.27","17727.27","17727.27","17727.27","17727.27","COWS015","","","1"
"COWT001","CHO WS STRAW TPL 260 gr 12 x 60 PC","MFB","JR","12","CT","13964.35","15937.16","15937.16","15937.16","15937.16","15937.16","COWT001","C.301003020305","","1"
"COWT001_BD","CHO WS STRAW TPL 260 gr","MFB","JR","12","CT","13964.35","15937.16","15937.16","15937.16","15937.16","15937.16","COWT001","","","1"
"COWT002","CHO WS TIRAMISU TPL 260 gr 12 x 60 PC","MFB","PC","12","CT","13964.35","15937.16","15937.16","15937.16","15937.16","15937.16","COWT002","C.301003020308","","1"
"COWT002_BD","CHO WS TIRAMISU TPL 260 gr 12 x 60 PC","MFB","PC","12","CT","13313.91","15208.51","15208.51","14210","14210","15208.51","COWT002","","","1"
"COWV001","CHO WFR SNACK COK-VAN 35gr 6x10pc","MFB","PC","60","CT","4817.4","5497.97","5497.97","5497.97","5497.97","5497.97","COWV001","C.301006090401","","1"
"COWV001_BD","CHO WFR SNACK COK-VAN 50 gr","MFB","PC","60","CT","4817.4","5497.97","5497.97","5497.97","5497.97","5497.97","COWV001","","","1"
"COWV012","CHO CHO SNACK VANILLA TRAY 12X10X15GR","MFB","PC","120","CT","1559","1781.37","1781.37","1781.37","1781.37","1781.37","COWV012","C.301005010430","","1"
"COWV012_BD","CHO CHO SNACK VANILLA 12X10X20GR","MFB","PC","120","CT","1559","1781.37","1781.37","1781.37","1781.37","1781.37","COWV012","","","1"
"CQERA","QERIK HANGER (BLISTER)","MFB","PC","72","CT","4625","5500","5200","5200","5500","5500","CQERA","","CQERA","1"
"CQERB","QERIK DUS","MFB","PC","72","CT","4625","5500","5200","5200","5500","5500","CQERB","","CQERB","1"
"CRA","CARABLO ASSORTED 8TPX80PC","MFB","TP","8","CT","22483.6","25263","25263","25263","25263","25263","CRA","","CRA","1"
"CUM","COLLIN'S BUTTERNUT 48GRX20BKS","MFB","BG","20","CT","4429","5250","5250","5250","5250","5250","CUM","","CUM","1"
"CUM_BD","COLLIN'S BUTTERNUT 48GRX20BKS","MFB","BG","20","CT","4429","5150","5150","5150","5150","5150","CUM","","CUM_BD","1"
"CWRC001","CHO SINGLES WFR ROLL COK CRM 6X24X10G","MFB","PC","144","CT","328.47","375.22","375.22","375.22","375.22","375.22","CWRC001","","","1"
"CWRC001_BD","CHO SINGLES WFR ROLL COK CRM 6X24X10G","MFB","PC","144","CT","328.47","375.22","375.22","375.22","375.22","375.22","CWRC001","","","1"
"CWRC002","CHO EXTRA SINGLE COKLAT 12X24X7GR","MFB","PC","288","CT","609.8","695.95","695.95","695.95","695.95","695.95","CWRC002","","CWRC002","1"
"CWRC002_BD","CHO EXTRA SINGLE COKLAT 12X24X7GR","MFB","PC","288","CT","328.5","375.22","375.22","375.22","375.22","375.22","CWRC002","","CWRC002_BD","1"
"CWRC003","CHO EXTRA SINGLE COOKIES&CREAM 12X24X7G","MFB","PC","288","CT","328","374.88","374.88","374.88","374.88","374.88","CWRC003","","CWRC003","1"
"CWRC003_BD","CHO EXTRA SINGLE COOKIES&CREAM 12X24X7G","MFB","PC","288","CT","328","375","375","375","375","375","CWRC003","","CWRC003_BD","1"
"CWRC014","CHO EXTRA SINGLE COKLAT 12X20X14GR","MFB","PC","240","CT","216.6","695.94","695.94","695.94","695.94","695.94","CWRC014","","CWRC014","1"
"DKDL001_BD","DARKIE LONG P.MINT 40 gr","MFB","PC","288","CT","765.5","765.5","765.5","765.5","765.5","765.5","DKDL001","","","1"
"DKDN001_BD","DARKIE NEW 25 gr","MFB","PC","300","CT","362","362","362","362","362","362","DKDN001","","","1"
"DPES001_BD","DOLPHIN ES STROOP 24X180ML","MFB","PC","24","CT","579.54","663.85","663.85","663.85","663.85","663.85","DPES001","","","1"
"DPLT001_BD","DOLPHIN LEMON TEA 24X175ML","MFB","PC","24","CT","579.54","663.85","663.85","663.85","663.85","663.85","DPLT001","","","1"
"DPTM001","DOLPHIN TEH MADU 24X175ML","MFB","PC","24","CT","579.54","663.85","663.85","663.85","663.85","663.85","DPTM001","","","1"
"DPTM001_BD","DOLPHIN TEH MADU 24X175ML","MFB","PC","24","CT","579.54","663.85","663.85","663.85","663.85","663.85","DPTM001","","","1"
"DPTM002","DOLPHIN TEH MANIS 24X180ML","MFB","PC","24","CT","579.54","663.85","663.85","663.85","663.85","663.85","DPTM002","","","1"
"DPTM002_BD","DOLPHIN TEH MANIS 24X180ML","MFB","PC","24","CT","579.54","663.85","663.85","663.85","663.85","663.85","DPTM002","","","1"
"E302714500","ENR AP 2AAA PENLIGHT 50 PER OS PLMA22","ET","PC","16","CT","112544.86","131171","131171","131171","131171","131171","E302714500","","E302714500","1"
"E302714500_BD","ENR AP 2AAA PENLIGHT 50 PER OS PLMA22","ET","PC","16","CT","112544.86","131171","131171","131171","131171","131171","E302714500","","E302714500_BD","1"
"E303245500","1212 BP12 AAA HITAM/E303245500","ET","PC","80","CT","20483.89","23874","23874","23874","23874","23874","E303245500","E303245500","E303245500","1"
"E303245500_BD","1212 BP12 AAA HITAM/E303245500","ET","PC","80","CT","20483.89","23874","23874","23874","23874","23874","E303245500","E303245500","E303245500_BD","1"
"E303269300","EVR AP VALUE RECH 200HF  OS HD LLP","ET","PC","16","CT","173764.73","202523","202523","202523","202523","202523","E303269300","","E303269300","1"
"E303269300_BD","EVR AP VALUE RECH 200HF  OS HD LLP","ET","PC","16","CT","173764.73","202523","202523","202523","202523","202523","E303269300","","E303269300_BD","1"
"E303673900","EVR AP VALUE RECH 200 HF OS HDLLP/E303269300","ET","PC","16","CT","154594.44","180180","180180","180180","180180","180180","E303673900","","E303673900","1"
"E303673900_BD","EVR AP VALUE RECH 200 HF OS HDLLP/E303269300","ET","PC","16","CT","154594.44","180180","180180","180180","180180","180180","E303673900","","E303673900_BD","1"
"E303674000","ENERGIZER BIKE LIGHT BLPB42","ET","PC","16","CT","154594.44","180180","180180","180180","180180","180180","E303674000","","E303674000","1"
"E303674000_BD","ENERGIZER BIKE LIGHT BLPB42","ET","PC","16","CT","154594.44","180180","180180","180180","180180","180180","E303674000","","E303674000_BD","1"
"E304242600","EVR AP VALUERECHLTNHH 110","ET","PC","16","CT","177783.23","193243.24","193243.24","193243.24","193243.24","193243.24","E304242600","","E304242600","1"
"E304242700","EVR AP VALUERECHHL 120 OS","ET","PC","16","CT","100486.48","115945.94","115945.94","115945.94","115945.94","115945.94","E304242700","E304242700","E304242700","1"
"E304242800","EVR AP MEDVALUERECHHH 150","ET","PC","16","CT","88118.92","100486.48","100486.48","100486.48","100486.48","100486.48","E304242800","","E304242800","1"
"E304242900","EVR AP SMLVALUERECHHH 60","ET","PC","16","CT","77297.22","88891.88","88891.88","88891.88","88891.88","88891.88","E304242900","","E304242900","1"
"ECFK107_BD","DISNEY POOH FL","ET","PK","48","CT","40955","48182","40955","40955","48182","48182","ECFL107","","","1"
"ECFL057_BD","E 250+2D-BP 18 PK","ET","PK","18","CT","31200","36363.64","36363.64","36363.64","36363.64","36363.64","ECFL087","","","1"
"ECFL081_BD","EC 2AA 2FL CIPTA 216PK","ET","PK","216","CT","7110","7364","7110","7110","7364","7364","ECFL081","","","1"
"ECFL082_BD","EC 25D 2FL CIPTA 96PK","ET","PK","96","CT","9428","11091","9428","9428","11091","11091","ECFL082","","","1"
"ECFL084_BD","E 220+4AA DARURAT","ET","PK","48","CT","22229.92","25909","25909","25909","25909","25909","ECFL084","","","1"
"ECFL087_BD","E 250+2D-BP 18 PK","ET","PK","18","CT","31200","36363.64","36363.64","36363.64","36363.64","36363.64","ECFL087","","","1"
"ECFL088_BD","E250+4D-DARURAT 12 PK","ET","PK","12","CT","27216","41182","35005","35005","41182","41182","ECFL088","","","1"
"ECFL089_BD","E 350+3D-BP 12 PK","ET","PK","12","CT","45045","52500","52500","52500","52500","52500","ECFL089","","","1"
"ECFL090_BD","E450+4DBP LATERN 9PK","ET","PK","9","CT","53705","63182","53705","53705","63182","63182","ECFL090","","","1"
"ECFL091_BD","EC 2D+2D BP 18","ET","PC","18","CT","23789.77","27727","27727","27727","27727","27727","ECFL091","","","1"
"ECFL092_BD","EC 2AA+2AA BP 48 PK","ET","PK","48","CT","13137","15455","13137","13137","15455","15455","ECFL092","","","1"
"ECFL093_BD","EC2AA/2D-BP 9 PC","ET","PC","9","CT","32760.16","38182","38182","38182","38182","38182","ECFL093","","","1"
"ECFL094_BD","JAZZ LIGHT EC2AA/2D-BP","ET","PK","9","CT","42900","50000","50000","50000","50000","50000","ECFL094","","","1"
"ECFL095_BD","JAZZ LIGHT 2AA BP 48 PK","ET","PK","48","CT","15717","18318.18","18318.18","18318.18","18318.18","18318.18","ECFL095","","","1"
"ECFL096_BD","JAZZ LIGT 2AA WH 48PK","ET","PK","48","CT","12090","14090.91","14090.91","14090.91","14090.91","14090.91","ECFL096","","","1"
"ECFL097_BD","JAZZ LIGHT 2D BP 48PK","ET","PK","48","CT","27144","31636.36","31636.36","31636.36","31636.36","31636.36","ECFL097","","","1"
"ECFL098","JAZZ LIGHT 2D WH","ET","PC","96","CT","15990","18636.36","18636.36","18636.36","18636.36","18636.36","ECFL098","","","1"
"ECFL098_BD","JAZZ LIGT 2D WH","ET","PK","48","CT","15990","18636.36","18636.36","18636.36","18636.36","18636.36","ECFL098","","","1"
"ECFL100_BD","R221+2AA-BP","ET","PK","48","CT","36705","43182","36705","36705","43182","43182","ECFL100","","","1"
"ECFL101_BD","R252 2D BP","ET","PC","18","CT","41454","62727","53318","53318","62727","62727","ECFL101","","","1"
"ECFL105_BD","A73 LATERN","ET","PK","9","CT","42174","63818","54245","54245","63818","63818","ECFL105","","","1"
"ECFL106_BD","COMPACK LED 4 AA FL","ET","","1","PK","67227","79091","67227","67227","79091","79091","ECFL106","","","1"
"ECFL109_BD","E220FL","ET","PK","240","CT","14586","17000","17000","17000","17000","17000","ECFL109","","","1"
"ECFL110_BD","E250 FL","ET","PK","72","CT","18447","21500","21500","21500","21500","21500","ECFL110","","","1"
"ECFL111_BD","E350 FL","ET","PK","72","CT","27885","32500","32500","32500","32500","32500","ECFL111","","","1"
"ECFL113_BD","EC450 FL","ET","PK","12","CT","59280.08","69091","69091","69091","69091","69091","ECFL113","","","1"
"ECFL114_BD","EC 2D FL 72  PC","ET","PC","72","CT","12750","15000","12750","12750","15000","15000","ECFL114","","","1"
"ECFL115_BD","EC 2AA FL","ET","PK","192","CT","9505","11182","9505","9505","11182","11182","ECFL115","","","1"
"ECFL116_BD","KR120 BP1","ET","PK","400","CT","9119","10728","9119","9119","10728","10728","ECFL116","","","1"
"ECFL117_BD","R221 FL","ET","PK","36","CT","36704","43182","36704","36704","43182","43182","ECFL117","","","1"
"ECFL118_BD","R252 FL","ET","PK","72","CT","51000","60000","51000","51000","60000","60000","ECFL118","","","1"
"ECFL119","TW 420 2 IN 1","ET","PK","36","CT","81900","95454.55","95454.55","95454.55","95454.55","95454.55","ECFL119","","","1"
"ECFL119_BD","TW 420 2 IN 1","ET","PK","36","CT","81900","95454.55","95454.55","95454.55","95454.55","95454.55","ECFL119","","","1"
"ECFL120_BD","TW 450 2 IN 1","ET","PK","16","CT","108927.39","126955","126955","126955","126955","126955","ECFL120","","","1"
"ECFL123_BD","E220+2AA BP","ET","PC","48","CT","19500","22727.27","22727.27","22727.27","22727.27","22727.27","ECFL123","","","1"
"ECFL223_BD","FL-EEL-RCE2AA","ET","PK","24","CT","103170.92","156818.18","133295.45","133295.45","156818.18","156818.18","ECFL223","","","1"
"ECR-016_BD","ECR2016 BP5","ET","PC","80","CT","21137.69","24636","24636","24636","24636","24636","ECR-016","","","1"
"ECR-025_BD","ECR2025","ET","PC","80","CT","21137.68","24636","24636","24636","24636","24636","ECR-025","","","1"
"ECR-032","ECR 2032 BP2/ 178-2836","ET","PC","216","CT","14918.38","17389.39","17387","17387","17387","17389.39","ECR-032","178-2836","","1"
"ECR-032_BD","ECR2032 BS 2","ET","PC","216","CT","14918.38","17387","17387","17387","17387","17387","ECR-032","","","1"
"ECR-206_BD","ECR 2032 - BP1","ET","PC","288","CT","10101.23","11773","11773","11773","11773","11773","ECR-206","","","1"
"ECR025-02","ECR2025T1X5/ 878-1471","ET","PC","216","CT","14918.38","17387","17387","17387","17387","17387","ECR025-02","878-1471","","1"
"ECR025-02_BD","ECR 2025 BP2","ET","PC","216","CT","14918.38","17387","17387","17387","17387","17387","ECR025-02","","","1"
"ECR2016","ECR2016T1X2 / E301414800","ET","PC","216","CT","15227.57","17748","17748","17748","17748","17748","ECR2016","E301414800","","1"
"ECR2016_BD","EN ECR 2016 BP2","ET","PC","216","CT","15227.57","17748","17748","17748","17748","17748","ECR2016","E301414800","","1"
"ECRT032_BD","ECR 2032 TIX5","ET","PC","80","CT","21137.69","24636","24636","24636","24636","24636","ECRT032","","","1"
"EFTL001","FL TAP LIGHT/378-3123","ET","PC","12","CT","35021.84","40818","40818","40818","40818","40818","EFTL001","378-3123","","1"
"EFTL001_BD","EV TL TAP LIGHT NEW","ET","PC","12","CT","35021.84","40818","40818","40818","40818","40818","EFTL001","378-3123","EFTL001_BD","1"
"EKSH001_BD","SHICK EN SEN KIT 1 HG(2x12'S MB","ET","PC","480","CT","2212.94","3363.64","3363.64","3363.64","3363.64","3363.64","EKSH001","","","1"
"ELOL001_BD","EVEREADY LED ONE LIGHT","ET","PC","72","CT","28781.61","33545","33545","33545","33545","33545","ELOL001","","","1"
"EM1001459","CELEMEK NS 2024","60","PC","1","PC","0","0","0","0","0","0","EM1001459","","EM1001459","1"
"EM1001896","HANGER HILO 2023 NASIONAL","60","PC","1","PC","0","0","0","0","0","0","EM1001896","","EM1001896","1"
"EM1002527","GELAS BELING LOKALATE","60","PC","1","PC","0","0","0","0","0","0","EM1002527","","","1"
"EM1002548","GELAS BELING HILO CHOC STANDARD 2020","60","PC","48","CT","0","0","0","0","0","0","EM1002548","","","1"
"EM1002551","GELAS NS BUTUH VITAMIN C 2020","60","PC","48","CT","0","0","0","0","0","0","EM1002551","","","1"
"EM1002560","TOPLES HILO CANDY","60","PC","8","CT","0","0","0","0","0","0","EM1002560","","","1"
"EM1002618","GELAS WDANK EMPON-EMPON","60","PC","1","PC","0","0","0","0","0","0","EM1002618","","EM1002618","1"
"EM1002636","GELAS NS 2021","60","PC","1","PC","0","0","0","0","0","0","EM1002636","","","1"
"EM1002643","KAOS NUTRISARI 2021","60","PC","1","PC","0","0","0","0","0","0","EM1002643","","EM1002643","1"
"EM1002721","GELAS NS DESIGN SURFING","60","PC","1","PC","0","0","0","0","0","0","EM1002721","","EM1002721","1"
"EM1002765G","GELAS HILO TRADISIONAL 2022","60","PC","48","CT","0","0","0","0","0","0","EM1002765G","","EM1002765G","1"
"EM1002859","SAJADAH NS","60","PC","1","PC","0","0","0","0","0","0","EM1002859","","EM1002859","1"
"EM1002873","GELAS BELING HILO 2023","60","PC","1","PC","0","0","0","0","0","0","EM1002873","","EM1002873","1"
"EM1002876","NS KAOS BAWA TAS","60","PC","1","PC","0","1","1","1","1","1","EM1002876","","EM1002876","1"
"EM1002908","NS HANGER DESAIN SURFING 45TAHUN","60","PC","1","PC","0","0","0","0","0","0","EM1002908","","EM1002908","1"
"EM1002909","NS HANGER DESAIN OK 45TH","60","PC","1","PC","0","0","0","0","0","0","EM1002909","","EM1002909","1"
"EM1002913","NS GELAS VERSI NONGOL 45TAHUN","60","PC","1","PC","0","0","0","0","0","0","EM1002913","","EM1002913","1"
"EM1002914","NS GELAS MELEK 45TAHUN","60","PC","1","PC","0","0","0","0","0","0","EM1002914","","EM1002914","1"
"EM1002915","NS GELAS MEREM 45TAHUN","60","PC","1","PC","0","0","0","0","0","0","EM1002915","","EM1002915","1"
"EM1002920","GELAS HILO TRADISIONAL 2024","60","PC","1","PC","0","0","0","0","0","0","EM1002920","","EM1002920","1"
"EM1002925","HANGER HILO TRADITIONAL-SMT 1","60","PC","1","PC","0","0","0","0","0","0","EM1002925","","EM1002925","1"
"EM1002932","BELING HILO TRADISIONAL SMT 2 2024'","60","PC","1","PC","0","0","0","0","0","0","EM1002932","","EM1002932","1"
"EM1002940","KAOS SE 50TH TROPICANA SLIM","60","PC","1","PC","0","0","0","0","0","0","EM1002940","","EM1002940","1"
"EM1002948","NS SARUNG 2025","60","PC","1","PC","0","0","0","0","0","0","EM1002948","","EM1002948","1"
"EM1002951","HANGER HILO TRADI 2024-SMT 2","60","PC","1","PC","0","0","0","0","0","0","EM1002951","","EM1002951","1"
"EM1002958","NS KAOS 2025-SI JERUK DI KOLAM","60","PC","1","PC","0","0","0","0","0","0","EM1002958","","EM1002958","1"
"EM1002959","NS KAOS 2025-SI JERUK SELNCR","60","PC","1","PC","0","0","0","0","0","0","EM1002959","","EM1002959","1"
"EM1002962","NS GELAS 2025","60","PC","1","PC","0","0","0","0","0","0","EM1002962","","EM1002962","1"
"EM1002965","NS HANGER 2025-SI JERUK HATI","60","PC","1","PC","0","0","0","0","0","0","EM1002965","","EM1002965","1"
"EM1002966","NS HANGER 2025- SI JERUK RAJA","60","PC","1","PC","0","0","0","0","0","0","EM1002966","","EM1002966","1"
"EM1002975","HILO GELAS BELING TRADISIONAL 2025","60","PC","1","PC","0","0","0","0","0","0","EM1002975","","EM1002975","1"
"EM1002981","HILO HANGER TRADISIONAL 2025","60","PC","1","PC","0","0","0","0","0","0","EM1002981","","EM1002981","1"
"EM1002984","KAOS HILO TRADISIONAL 2025","60","PC","1","PC","0","0","0","0","0","0","EM1002984","","EM1002984","1"
"EM1002988","CELEMEK HILO 2025","60","PC","1","PC","0","0","0","0","0","0","EM1002988","","EM1002988","1"
"EM1002989","CELEMEK NS 2025","60","PC","1","PC","0","0","0","0","0","0","EM1002989","","EM1002989","1"
"EM1003024","GELAS HILO TRADITIONAL S2 2025","60","PC","1","PC","0","0","0","0","0","0","EM1003024","","EM1003024","1"
"EM1003033","NS SARUNG 2026","60","PC","1","PC","0","0","0","0","0","0","EM1003033","","EM1003033","1"
"EM1003038","HANGER GENERAL NS 2026","60","PC","1","PC","0","0","0","0","0","0","EM1003038","","EM1003038","1"
"EM1003041","HANGER HILO TRADISIONAL SI 2026","60","PC","40","CT","0","0","0","0","0","0","EM1003041","","EM1003041","1"
"EM1003046","NS KAOS 2026 SI JERUK BOLA","60","PC","1","PC","0","0","0","0","0","0","EM1003046","","EM1003046","1"
"EM1003047","NS KAOS 2026 SI JERUK LOVE","60","PC","1","PC","0","0","0","0","0","0","EM1003047","","EM1003047","1"
"EM1003048","GELAS HI LO TRADITIONAL 2026","60","PC","1","PC","0","0","0","0","0","0","EM1003048","","EM1003048","1"
"EM1003049","KAUS HILO TRADITIONAL 2026","60","PC","1","PC","0","0","0","0","0","0","EM1003049","","EM1003049","1"
"EM1003058","NS GELAS 2026","60","PC","1","PC","0","0","0","0","0","0","EM1003058","","EM1003058","1"
"EMP091","ENR MAX PLUS EP91 BP2/E301395502","ET","PC","48","CT","18937.84","22072","22072","22072","22072","22072","EMP091","E301395502","","1"
"EMP091_BD","ENR MAX PLUS EP91 BP2","ET","PC","48","CT","18937.84","22072","22072","22072","22072","22072","EMP091","E301395502","EMP091_BD","1"
"EMP092","ENR MAX PLUS EP92 BP2/E301395602","ET","PC","48","CT","17160","20000","20000","20000","20000","20000","EMP092","E301395602","","1"
"EMP092_BD","ENR MAX PLUS EP92 BP","ET","PC","48","CT","17160","20000","20000","20000","20000","20000","EMP092","E301395602","EMP092_BD","1"
"ENPW001","ENR POWER E91 BP 2 ALK PWR/E301511900","ET","PC","216","CT","9275.68","10811","10811","10811","10811","10811","ENPW001","E301511900","","1"
"ENPW001_BD","ENR POWER E91 BP2 ALK PWR 432 B ID","ET","PC","216","CT","9275.68","10811","10811","10811","10811","10811","ENPW001","","","1"
"ENPW002","ENR POWER E92 BP 2 ALK PWR/E301511600","ET","PC","216","CT","9275.68","10811","10811","10811","10811","10811","ENPW002","E301511600","","1"
"ENPW002_BD","ENR POWER E92 BP2 ALK PWR 432 B ID","ET","PC","216","CT","9275.68","10811","10811","10811","10811","10811","ENPW002","","","1"
"ENPW003","ENR POWER E92 BP 4 ALK PWR/E301511700","ET","PC","48","CT","17623.78","20541","20541","20541","20541","20541","ENPW003","E301511700","","1"
"ENPW003_BD","ENR POWER E92 BP4 ALK PWR 192 B ID","ET","PC","48","CT","17623.78","20541","20541","20541","20541","20541","ENPW003","","","1"
"ENPW004","ENR POWER E91 BP 4 ALK PWR/E301511800","ET","PC","48","CT","17391.89","20270","20270","20270","20270","20270","ENPW004","E301511800","","1"
"ENPW004_BD","ENR POWER E91 AA BP 4 ALK PWR 192 B ID","ET","PC","48","CT","17391.89","20270","20270","20270","20270","20270","ENPW004","","","1"
"ETWC001_BD","ETERNA WAFER CREAM VANILLA 36 gr","MFB","PC","144","CT","834","850","834","834","850","850","ETWC001","","","1"
"ETWC002_BD","ETERNA WAFER CRM COKLAT 16 X 24","MFB","PC","144","CT","850","850","834","834","850","850","ETWC002","","","1"
"ETWS001","ETERNA WS COKLAT 12 X 350GR","MFB","PC","12","CT","25695.23","29351.72","29351.72","29351.72","29351.72","29351.72","ETWS001","","","1"
"ETWS001_BD","ETERNA WS COKLAT 12 X 350GR","MFB","PC","12","CT","25695.23","29351.72","29351.72","29351.72","29351.72","29351.72","ETWS001","","","1"
"ETWS002","ETERNA WS STROWBERY 12 X 350GR","MFB","PC","12","CT","25695.23","29351.72","29351.72","29351.72","29351.72","29351.72","ETWS002","","","1"
"ETWS002_BD","ETERNA WS STROWBERY 12 X 350GR","MFB","PC","12","CT","25695.23","29351.72","29351.72","29351.72","29351.72","29351.72","ETWS002","","","1"
"ETWS003_BD","ETERNA WS VANILA 12 X 350 GR","MFB","PC","12","CT","25695.23","29351.72","29351.72","29351.72","29351.72","29351.72","ETWS003","","","1"
"ETWS004_BD","ETERNA WS CAPUCINO 12 X 350 GR","MFB","PC","12","CT","15979","17697.27","17697.27","17697.27","17697.27","17697.27","ETWS004","","","1"
"EVBP001_BD","EV 2AA BP 72/CT","ET","PC","72","CT","16380.08","19091","19091","19091","19091","19091","EVBP001","","","1"
"EVBP002_BD","EV 2D BP 24/CT","ET","PC","24","CT","28860","33636.36","33636.36","33636.36","33636.36","33636.36","EVBP002","","","1"
"EVGD001_BD","EVR GOLD 91 BP 2","ET","PC","216","CT","6942.08","8091","8091","8091","8091","8091","EVGD001","","","1"
"EVGD002_BD","EVR SLV S92 BP 2 ALKAS","ET","PC","216","CT","5849.84","6818","6818","6818","6818","6818","EVGD002","","","1"
"EVHD001_BD","EV HDL2 LED","ET","PC","72","CT","35021.84","40818","40818","40818","40818","40818","EVHD001","","","1"
"EVHD002","EV FL HEADLIGHT 1 LED BP","ET","PC","72","CT","50816.77","59227","59227","59227","59227","59227","EVHD002","","","1"
"EVHD002_BD","EV FL HEADLIGHT 1 LED BP","ET","PC","72","CT","50816.77","59227","59227","59227","59227","59227","EVHD002","","","1"
"EXWM001_BD","SHICK EXTRA II WOMEN 2+1 MB","ET","PC","144","CT","7236.9","11000","11000","11000","11000","11000","EXWM001","","","1"
"FDLT001_BD","FOLDING 452G","ET","PC","16","CT","185795.61","216545","216545","216545","216545","216545","FDLT001","","","1"
"FDLT002","EN FOLDING LANTERN 455","ET","PC","16","CT","210600.39","245455","245455","245455","245455","245455","FDLT002","","","1"
"FGBMA2001","Camellia Bodymist Blue Magical 100ml","M6","PC","72","CT","7581.81","10909.09","10909.09","10909.09","10909.09","8990","FGBMA2001","B-FGBMA2001","","1"
"FGBMA2001_BD","Camellia Bodymist Blue Magical 100ml","M6","PC","72","CT","7364.19","10909.09","10909.09","10909.09","10909.09","10909.09","FGBMA2001","","FGBMA2001_BD","1"
"FGBMA2002","Camellia Bodymist Orange Allure 100ml","M6","PC","72","CT","7581.81","10909.09","10909.09","10909.09","10909.09","8990","FGBMA2002","B-FGBMA2002","","1"
"FGBMA2002_BD","Camellia Bodymist Orange Allure 100ml","M6","PC","72","CT","7364.19","10909.09","10909.09","10909.09","10909.09","10909.09","FGBMA2002","","FGBMA2002_BD","1"
"FGBMA2003","Camellia Bodymist Pink Seductive 100ml","M6","PC","72","CT","7581.81","10909.09","10909.09","10909.09","10909.09","8990","FGBMA2003","B-FGBMA2003","","1"
"FGBMA2003_BD","Camellia Bodymist Pink Seductive 100ml","M6","PC","72","CT","7364.19","10909.09","10909.09","10909.09","10909.09","10909.09","FGBMA2003","","FGBMA2003_BD","1"
"FGBMA2004","Camellia Bodymist Violet Exotic 100ml","M6","PC","72","CT","7581.81","10909.09","10909.09","10909.09","10909.09","8990","FGBMA2004","B-FGBMA2004","","1"
"FGBMA2004_BD","Camellia Bodymist Violet Exotic 100ml","M6","PC","72","CT","7364.19","10909.09","10909.09","10909.09","10909.09","10909.09","FGBMA2004","","FGBMA2004_BD","1"
"FGBMA2005","Camellia Bodymist Yellow Happy 100ml","M6","PC","72","CT","7581.81","10909.09","10909.09","10909.09","10909.09","8990","FGBMA2005","B-FGBMA2005","","1"
"FGBMA2005_BD","Camellia Bodymist Yellow Happy 100ml","M6","PC","72","CT","7364.19","10909.09","10909.09","10909.09","10909.09","10909.09","FGBMA2005","","FGBMA2005_BD","1"
"FGBMA2006","Camellia Bodymist Red Love 100ml","M6","PC","72","CT","7581.81","10909.09","10909.09","10909.09","10909.09","8990","FGBMA2006","B-FGBMA2006","","1"
"FGBMA2006_BD","Camellia Bodymist Red Love 100ml","M6","PC","72","CT","7364.19","10909.09","10909.09","10909.09","10909.09","10909.09","FGBMA2006","","FGBMA2006_BD","1"
"FGBMA2007","Camellia Bodymist White Pure 100ml","M6","PC","72","CT","7581.81","10909.09","10909.09","10909.09","10909.09","8990","FGBMA2007","B-FGBMA2007","","1"
"FGBMA2007_BD","Camellia Bodymist White Pure 100ml","M6","PC","72","CT","7364.19","10909.09","10909.09","10909.09","10909.09","10909.09","FGBMA2007","","FGBMA2007_BD","1"
"FGBMA2008","Camellia Bodymist Green Refresh 100ml","M6","PC","72","CT","7581.81","10909.09","10909.09","10909.09","10909.09","8990","FGBMA2008","B-FGBMA2008","","1"
"FGBMA2008_BD","Camellia Bodymist Green Refresh 100ml","M6","PC","72","CT","7364.19","10909.09","10909.09","10909.09","10909.09","10909.09","FGBMA2008","","FGBMA2008_BD","1"
"FGBMA2101","Camellia BM Japanese Kirei 100ml (Orange)","M6","PC","72","CT","7581.81","10909","10909.9","10909.9","10909.9","8990","FGBMA2101","","FGBMA2101","1"
"FGBMA2101_BD","Camellia BM Japanese Kirei 100ml (Orange)","M6","PC","72","CT","7364.18","10909.9","10909.9","10909.9","10909.9","10909.9","FGBMC2101","","FGBMA2101_BD","1"
"FGBMA2102","Camellia BM Japanese Asuka 100ml (Pink)","M6","PC","72","CT","7581.81","10909.9","10909.9","10909.9","10909.9","8990","FGBMA2102","","FGBMA2102","1"
"FGBMA2102_BD","Camellia BM Japanese Asuka 100ml (Pink)","M6","PC","72","CT","7364.18","10909.9","10909.9","10909.9","10909.9","10909.9","FGBMA2102","","FGBMA2102_BD","1"
"FGBMA2103","Camellia BM Japanese Keiko 100ml (Blue)","M6","PC","72","CT","7581.81","10909.9","10909.9","10909.9","10909.9","8990","FGBMA2103","","FGBMA2103","1"
"FGBMA2103_BD","Camellia BM Japanese Keiko 100ml (Blue)","M6","PC","72","CT","7364.18","10909.9","10909.9","10909.9","10909.9","10909.9","FGBMA2103","","FGBMA2103_BD","1"
"FGBMB2001","Marie Jose Body Mist Red M1 100ml","M6","PC","72","CT","6950","10000","10000","10000","10000","8240","FGBMB2001","B-FGBMB2001","","1"
"FGBMB2001_BD","Marie Jose Body Mist Red M1 100ml","M6","PC","72","CT","6950","10000","10000","10000","10000","10000","FGBMB2001","","FGBMB2001_BD","1"
"FGBMB2002","Marie Jose Body Mist Yellow M2 100ml","M6","PC","72","CT","6950","10000","10000","10000","10000","8240","FGBMB2002","B-FGBMB2002","","1"
"FGBMB2002_BD","Marie Jose Body Mist Yellow M2 100ml","M6","PC","72","CT","6750","10000","10000","10000","10000","10000","FGBMB2002","","FGBMB2002_BD","1"
"FGBMB2003_BD","Marie Jose Body Mist Dark Green M3 100ml","M6","PC","72","CT","6750","10000","10000","10000","10000","10000","FGBMB2003","","FGBMB2003_BD","1"
"FGBMB2004_BD","Marie Jose Body Mist Aqua Blue M4 100ml","M6","PC","72","CT","6750","10000","10000","10000","10000","10000","FGBMB2004","","FGBMB2004_BD","1"
"FGBMB2005","Marie Jose Body Mist Dark Blue M5 100ml","M6","PC","72","CT","6950","10000","10000","10000","10000","8240","FGBMB2005","B-FGBMB2005","","1"
"FGBMB2005_BD","Marie Jose Body Mist Dark Blue M5 100ml","M6","PC","72","CT","6750","10000","10000","10000","10000","10000","FGBMB2005","","FGBMB2005_BD","1"
"FGBMB2006","Marie Jose Body Mist Dark Violet M6 100ml","M6","PC","72","CT","6950","10000","10000","10000","10000","8240","FGBMB2006","B-FGBMB2006","","1"
"FGBMB2006_BD","Marie Jose Body Mist Dark Violet M6 100ml","M6","PC","72","CT","6750","10000","10000","10000","10000","10000","FGBMB2006","","FGBMB2006_BD","1"
"FGBMB2007","Marie Jose Body Mist Grey M7 100ml","M6","PC","72","CT","6950","10000","10000","10000","10000","8240","FGBMB2007","B-FGBMB2007","","1"
"FGBMB2007_BD","Marie Jose Body Mist Grey M7 100ml","M6","PC","72","CT","6750","10000","10000","10000","10000","10000","FGBMB2007","","FGBMB2007_BD","1"
"FGBMB2008","Marie Jose Body Mist White M8 100ml","M6","PC","72","CT","6950","10000","10000","10000","10000","8240","FGBMB2008","B-FGBMB2008","","1"
"FGBMB2008_BD","Marie Jose Body Mist White M8 100ml","M6","PC","72","CT","6750","10000","10000","10000","10000","10000","FGBMB2008","","FGBMB2008_BD","1"
"FGBMB2101","MARIE JOSE BODY MIST RED  M1 100ML","M6","PC","72","CT","6950","10000","10000","10000","10000","8240","FGBMB2101","","FGBMB2101","1"
"FGBMB2102","MARIE JOSE BODY MIST UNIQUE YELLOW 100ML","M6","PC","72","CT","6950","10000","10000","10000","10000","8240","FGBMB2102","","FGBMB2102","1"
"FGBMB2103","Marie Jose Body Mist COLG Enargy M3 (Green) 100ml","M6","PC","72","CT","6950","10000","10000","10000","10000","8240","FGBMB2103","","FGBMB2103","1"
"FGBMB2104","Marie Jose Body Mist Cologne AGUA M4 (Blue) 100ml","M6","PC","72","CT","6950","10000","10000","10000","10000","8240","FGBMB2104","","FGBMB2104","1"
"FGBMB2105","Marie Jose Body Mist Dark Blue M5 100ml","M6","PC","72","CT","6950","10000","10000","10000","10000","8240","FGBMB2105","","FGBMB2105","1"
"FGBMB2106","Marie Jose Body Mist Brave (Dark Violet) M6 100ml","M6","PC","72","CT","6950","10000","10000","10000","10000","8240","FGBMB2106","","FGBMB2106","1"
"FGBMB2106_BD","Marie Jose Body Mist Brave (Dark Violet) M6 100ml","M6","PC","72","CT","6950","10000","10000","10000","10000","10000","FGBMB2106","","FGBMB2106_BD","1"
"FGBMB2107","Marie Jose Body Mist Cologne Dynamic M7(Grey)100ml","M6","PC","72","CT","6950","10000","10000","10000","10000","8240","FGBMB2107","","FGBMB2107","1"
"FGBMB2107_BD","Marie Jose Body Mist Cologne Dynamic M7(Grey)100ml","M6","PC","72","CT","6950","10000","10000","10000","10000","10000","FGBMB2107","","FGBMB2107_BD","1"
"FGBMB2108","Marie Jose Body Mist White M8 100ml","M6","PC","72","CT","6950","10000","10000","10000","10000","8240","FGBMB2108","","FGBMB2108","1"
"FGBMB9001","Marie Jose Body Mist Cologne M1 Red 100ml  BDT","M6","PC","36","CT","6750","10000","10000","10000","10000","10000","FGBMB9001","","FGBMB9001","1"
"FGBMB9008","Marie Jose Body Mist Cologne M8 White 100ml  BDT","M6","PC","36","CT","6750","10000","10000","10000","10000","10000","FGBMB9008","","FGBMB9008","1"
"FGBMC1001","Casablanca Homme BM Blue Aqua 50ml","M6","PC","72","CT","5686.36","8181.82","8181.82","8181.82","8181.82","6742","FGBMC1001","B-FGBMC1001","","1"
"FGBMC1001_BD","Casablanca Homme BM Blue Aqua 50ml","M6","PC","72","CT","5522.73","8181.82","8181.82","8181.82","8181.82","8181.82","FGBMC1001","","FGBMC1001_BD","1"
"FGBMC1002","Casablanca Femme BM Violet Classic 50ml","M6","PC","72","CT","5686.36","8181.82","8181.82","8181.82","8181.82","6742","FGBMC1002","B-FGBMC1002","","1"
"FGBMC1002_BD","Casablanca Femme BM Violet Classic 50ml","M6","PC","72","CT","5522.73","8181.82","8181.82","8181.82","8181.82","8181.82","FGBMC1002","","FGBMC1002_BD","1"
"FGBMC1003","Casablanca Femme BM Pink Romantic 50ml","M6","PC","72","CT","5686.36","8181.82","8181.82","8181.82","8181.82","6742","FGBMC1003","B-FGBMC1003","","1"
"FGBMC1003_BD","Casablanca Femme BM Pink Romantic 50ml","M6","PC","72","CT","5522.73","8181.82","8181.82","8181.82","8181.82","8181.82","FGBMC1003","","FGBMC1003_BD","1"
"FGBMC1004","Casablanca Femme BM Green Fantasy 50ml","M6","PC","72","CT","5686.36","8181.82","8181.82","8181.82","8181.82","6742","FGBMC1004","B-FGBMC1004","","1"
"FGBMC1004_BD","Casablanca Femme BM Green Fantasy 50ml","M6","PC","72","CT","5522.73","8181.82","8181.82","8181.82","8181.82","8181.82","FGBMC1004","","FGBMC1004_BD","1"
"FGBMC1005","Casablanca Femme BM Orange Illussion 50ml","M6","PC","72","CT","5686.36","8181.82","8181.82","8181.82","8181.82","6742","FGBMC1005","B-FGBMC1005","","1"
"FGBMC1005_BD","Casablanca Femme BM Orange Illussion 50ml","M6","PC","72","CT","5522.73","8181.82","8181.82","8181.82","8181.82","8181.82","FGBMC1005","","FGBMC1005_BD","1"
"FGBMC1006","Casablanca Femme BM Yellow Energetic 50ml","M6","PC","72","CT","5686.36","8181.82","8181.82","8181.82","8181.82","6742","FGBMC1006","B-FGBMC1006","","1"
"FGBMC1006_BD","Casablanca Femme BM Yellow Energetic 50ml","M6","PC","72","CT","5522.73","8181.82","8181.82","8181.82","8181.82","8181.82","FGBMC1006","","FGBMC1006_BD","1"
"FGBMC1007","Casablanca Homme BM Dark Green Sporty 50ml","M6","PC","72","CT","5686.36","8181.82","8181.82","8181.82","8181.82","6742","FGBMC1007","","","1"
"FGBMC1007_BD","Casablanca Homme BM Dark Green Sporty 50ml","M6","PC","72","CT","5522.73","8181.82","8181.82","8181.82","8181.82","8181.82","FGBMC1007","","FGBMC1007_BD","1"
"FGBMC1008","Casablanca Homme BM Dark Blue Ambitious 50ml","M6","PC","72","CT","5686.36","8181.82","8181.82","8181.82","8181.82","6742","FGBMC1008","B-FGBMC1008","","1"
"FGBMC1008_BD","Casablanca Homme BM Dark Blue Ambitious 50ml","M6","PC","72","CT","5522.73","8181.82","8181.82","8181.82","8181.82","8181.82","FGBMC1008","","FGBMC1008_BD","1"
"FGBMC1009","Casablanca Homme BM Grey Dynamic 50ml","M6","PC","72","CT","5686.36","8181.82","8181.82","8181.82","8181.82","6742","FGBMC1009","","","1"
"FGBMC1009_BD","Casablanca Homme BM Grey Dynamic 50ml","M6","PC","72","CT","5522.73","8181.82","8181.82","8181.82","8181.82","8181.82","FGBMC1009","","FGBMC1009_BD","1"
"FGBMC1010","Casablanca Homme BM Mist Red Intense 50ml","M6","PC","72","CT","5686.36","8181.82","8181.82","8181.82","8181.82","6742","FGBMC1010","B-FGBMC1010","","1"
"FGBMC1010_BD","Casablanca Homme BM Red Intense 50ml","M6","PC","72","CT","5522.73","8181.82","8181.82","8181.82","8181.82","8181.82","FGBMC1010","","FGBMC1010_BD","1"
"FGBMC1011","Casablanca Homme BM Dark Violet Royale 50ml","M6","PC","72","CT","5686.36","8181.82","8181.82","8181.82","8181.82","6742","FGBMC1011","B-FGBMC1011","","1"
"FGBMC1011_BD","Casablanca Homme BM Dark Violet Royale 50ml","M6","PC","72","CT","5522.73","8181.82","8181.82","8181.82","8181.82","8181.82","FGBMC1011","","FGBMC1011_BD","1"
"FGBMC1012","Casablanca Femme BM Tosca Elegance 50ml","M6","PC","72","CT","5686.35","8181.82","8181.82","8181.82","8181.82","6742","FGBMC1012","B-FGBMC1012","","1"
"FGBMC1012_BD","Casablanca Femme BM Tosca Elegance 50ml","M6","PC","72","CT","5522.73","8181.82","8181.82","8181.82","8181.82","8181.82","FGBMC1012","","FGBMC1012_BD","1"
"FGBMC2001","Casablanca Homme BM Blue Aqua 100ml","M6","PC","72","CT","10109.08","14545.45","14545.45","14545.45","14545.45","11986","FGBMC2001","B-FGBMC2001","","1"
"FGBMC2001_BD","Casablanca Homme BM Blue Aqua 100ml","M6","PC","72","CT","9818.18","14545.45","14545.45","14545.45","14545.45","14545.45","FGBMC2001","","FGBMC2001_BD","1"
"FGBMC2002","Casablanca Femme BM Violet Classic 100ml","M6","PC","72","CT","10109.08","14545.45","14545.45","14545.45","14545.45","11986","FGBMC2002","","","1"
"FGBMC2002_BD","Casablanca Femme BM Violet Classic 100ml","M6","PC","72","CT","9818","14545.45","14545.45","14545.45","14545.45","14545.45","FGBMC2002","","FGBMC2002_BD","1"
"FGBMC2003","Casablanca Femme BM Pink Romantic 100ml","M6","PC","72","CT","10109.09","14545.45","14545.45","14545.45","14545.45","11986","FGBMC2003","B-FGBMC2003","","1"
"FGBMC2003_BD","Casablanca Femme BM Pink Romantic 100ml","M6","PC","72","CT","9818.18","14545.45","14545.45","14545.45","14545.45","14545.45","FGBMC2003","","FGBMC2003_BD","1"
"FGBMC2004","Casablanca Femme BM Green Fantasy 100ml","M6","PC","72","CT","10109.09","14545.45","14545.45","14545.45","14545.45","11986","FGBMC2004","B-FGBMC2004","","1"
"FGBMC2004_BD","Casablanca Femme BM Green Fantasy 100ml","M6","PC","72","CT","9818","14545.45","14545.45","14545.45","14545.45","14545.45","FGBMC2004","","FGBMC2004_BD","1"
"FGBMC2005","Casablanca Femme BM Orange Illussion 100ml","M6","PC","72","CT","10109.09","14545.45","14545.45","14545.45","14545.45","11986","FGBMC2005","B-FGBMC2005","","1"
"FGBMC2005_BD","Casablanca Femme BM Orange Illussion 100ml","M6","PC","72","CT","9818.18","14545.45","14545.45","14545.45","14545.45","14545.45","FGBMC2005","","FGBMC2005_BD","1"
"FGBMC2006","Casablanca Femme BM Yellow Energetic 100ml","M6","PC","72","CT","10109.09","14545.45","14545.45","14545.45","14545.45","11986","FGBMC2006","B-FGBMC2006","","1"
"FGBMC2006_BD","Casablanca Femme BM Yellow Energetic 100ml","M6","PC","72","CT","9818","14545.45","14545.45","14545.45","14545.45","14545.45","FGBMC2006","","FGBMC2006_BD","1"
"FGBMC2007","CASABLANCA HOMME BM DARK GREEN SPORTY 100ML","M6","PC","72","CT","10109.09","14545.45","14545.45","14545.45","14545.45","11986","FGBMC2007","B-FGBMC2007","","1"
"FGBMC2007_BD","CASABLANCA HOMME BM DARK GREEN SPORTY 100ML","M6","PC","72","CT","9818","14545.45","14545.45","14545.45","14545.45","14545.45","FGBMC2007","","FGBMC2007_BD","1"
"FGBMC2008","CASABLANCA HOMME BM DARK BLUE AMBITIOUS 100ML","M6","PC","72","CT","10109.09","14545.45","14545.45","14545.45","14545.45","11986","FGBMC2008","B-FGBMC2008","","1"
"FGBMC2008_BD","CASABLANCA HOMME BM DARK BLUE AMBITIOUS 100ML","M6","PC","72","CT","9818","14545.45","14545.45","14545.45","16000","14545.45","FGBMC2008","","FGBMC2008_BD","1"
"FGBMC2009","CASABLANCA HOMME BM GREY DYNAMIC 100ML","M6","PC","72","CT","10109.09","14545.45","14545.45","14545.45","14545.45","11986","FGBMC2009","B-FGBMC2009","","1"
"FGBMC2009_BD","CASABLANCA HOMME BM GREY DYNAMIC 100ML","M6","PC","72","CT","10109.09","14545.45","14545.45","14545.45","14545.45","14545.45","FGBMC2009","","FGBMC2009_BD","1"
"FGBMC2010","CASABLANCA HOMME BM RED INTENSE 100ML","M6","PC","72","CT","10109.09","14545.45","14545.45","14545.45","14545.45","11986","FGBMC2010","B-FGBMC2010","","1"
"FGBMC2010_BD","CASABLANCA HOMME BM RED INTENSE 100ML","M6","PC","72","CT","9818","14545.45","14545.45","14545.45","14545.45","14545.45","FGBMC2010","","FGBMC2010_BD","1"
"FGBMC2011","CASABLANCA HOMME BM DARK VIOLET ROYALE 100ML","M6","PC","72","CT","10109.09","14545.45","14545.45","14545.45","14545.45","11986","FGBMC2011","B-FGBMC2011","","1"
"FGBMC2011_BD","CASABLANCA HOMME BM DARK VIOLET ROYALE 100ML","M6","PC","72","CT","9818","14545.45","14545.45","14545.45","14545.45","14545.45","FGBMC2011","","FGBMC2011_BD","1"
"FGBMC2012","Casablanca Femme BM Tosca Elegance 100ml","M6","PC","72","CT","10109.09","14545.45","14545.45","14545.45","14545.45","11986","FGBMC2012","B-FGBMC2012","","1"
"FGBMC2012_BD","Casablanca Femme BM Tosca Elegance 100ml","M6","PC","72","CT","9818","14545.45","14545.45","14545.45","14545.45","14545.45","FGBMC2012","","FGBMC2012_BD","1"
"FGBMC2101","Casablanca Spy Col Black Series BlackB01 100ml","M6","PC","72","CT","15163.64","21818.18","21818.18","21818.18","21818.18","17978","FGBMC2101","","","1"
"FGBMC2101_BD","Casablanca Spy Col Black Series BlackB01 100ml","M6","PC","72","CT","14727.27","21818.18","21818.18","21818.18","21818.18","21818.18","FGBMC2101","","FGBMC2101_BD","1"
"FGBMC2102","Casablanca Spy Col Black Series BlueB02 100ml","M6","PC","72","CT","15163.64","21818.18","21818.18","21818.18","21818.18","17978","FGBMC2102","B-FGBMC2102","","1"
"FGBMC2102_BD","Casablanca Spy Col Black Series BlueB02 100ml","M6","PC","72","CT","14727.27","21818.18","21818.18","21818.18","21818.18","21818.18","FGBMC2102","","FGBMC2102_BD","1"
"FGBMC2103","Casablanca Spy Col White Series WhiteW01 100ml","M6","PC","72","CT","15163.64","21818.18","21818.18","21818.18","21818.18","17978","FGBMC2103","B-FGBMC2103","","1"
"FGBMC2103_BD","Casablanca Spy Col White Series WhiteW01 100ml","M6","PC","72","CT","14727.27","21818.18","21818.18","21818.18","21818.18","21818.18","FGBMC2103","","FGBMC2103_BD","1"
"FGBMC2104","Casablanca Spy Col White Series RedW02 100ml","M6","PC","72","CT","15163.64","21818.18","21818.18","21818.18","21818.18","17978","FGBMC2104","B-FGBMC2104","","1"
"FGBMC2104_BD","Casablanca Spy Col White Series RedW02 100ml","M6","PC","72","CT","14727.27","21818.18","21818.18","21818.18","21818.18","21818.18","FGBMC2104","","FGBMC2104_BD","1"
"FGBMC2201_BD","Casablanca Spy Col GH Blue Aqua 100ml","M6","PC","24","CT","15340.91","22727.27","22727.27","22727.27","22727.27","22727.27","FGBMC2201","","FGBMC2201_BD","1"
"FGBMC2202_BD","Casablanca Spy Col GF Violet Classic 100ml","M6","PC","24","CT","15340.91","22727.27","22727.27","22727.27","22727.27","22727.27","FGBMC2202","","FGBMC2202_BD","1"
"FGBMC2203_BD","Casablanca Spy Col GF Pink Romantic 100ml","M6","PC","24","CT","15340.91","22727.27","22727.27","22727.27","22727.27","22727.27","FGBMC2203","","FGBMC2203_BD","1"
"FGBMC2204_BD","Casablanca Spy Col GF Green Fantasy 100ml","M6","PC","24","CT","15340.91","22727.27","22727.27","22727.27","22727.27","22727.27","FGBMC2204","","FGBMC2204_BD","1"
"FGBMC2205_BD","Casablanca Spy Col GF Orange Illussion 100ml","M6","PC","24","CT","15340.91","22727.27","22727.27","22727.27","22727.27","22727.27","FGBMC2205","","FGBMC2205_BD","1"
"FGBMC2206","Casablanca Spy Col GF Yellow Energetic 100ml","M6","PC","24","CT","15340.91","22727.27","22727.27","22727.27","22727.27","22727.27","FGBMC2206","B-FGBMC2206","","1"
"FGBMC2206_BD","Casablanca Spy Col GF Yellow Energetic 100ml","M6","PC","24","CT","15340.91","22727.27","22727.27","22727.27","22727.27","22727.27","FGBMC2206","","FGBMC2206_BD","1"
"FGBMC2207_BD","Casablanca Spy Col GH Dark Green Sporty 100ml","M6","PC","24","CT","15340.91","22727.27","22727.27","22727.27","22727.27","22727.27","FGBMC2207","","FGBMC2207_BD","1"
"FGBMC2208_BD","Casablanca Spy Col GH Dark Blue Ambitious 100ml","M6","PC","24","CT","15340.91","22727.27","22727.27","22727.27","22727.27","22727.27","FGBMC2208","","FGBMC2208_BD","1"
"FGBMC2209_BD","Casablanca Spy Col GH Grey Dynamic 100ml","M6","PC","24","CT","15340.91","22727.27","22727.27","22727.27","22727.27","22727.27","FGBMC2209","","FGBMC2209_BD","1"
"FGBMC2210","Casablanca Spy Col GH Red Intense 100ml","M6","PC","24","CT","15163.64","21818.18","21818.18","21818.18","21818.18","21818.18","FGBMC2210","B-FGBMC2210","","1"
"FGBMC2210_BD","Casablanca Spy Col GH Red Intense 100ml","M6","PC","24","CT","15340.91","22727.27","22727.27","22727.27","22727.27","22727.27","FGBMC2210","","FGBMC2210_BD","1"
"FGBMC2211","Casablanca Spy Col GH Dark Violet Royale 100ml","M6","PC","24","CT","15340.91","22727.27","22727.27","22727.27","22727.27","22727.27","FGBMC2211","B-FGBMC2211","","1"
"FGBMC2211_BD","Casablanca Spy Col GH Dark Violet Royale 100ml","M6","PC","24","CT","15340.91","22727.27","22727.27","22727.27","22727.27","22727.27","FGBMC2211","","FGBMC2211_BD","1"
"FGBMC2212_BD","Casablanca Spy Col GF Clear Pure 100ml","M6","PC","24","CT","15340.91","22727.27","22727.27","22727.27","22727.27","22727.27","FGBMC2212","","FGBMC2212_BD","1"
"FGBMC2301_BD","Casablanca Halal Mist Sunrise (BLUE) 100ml","M6","PC","72","CT","9818.18","14545.45","14545.45","14545.45","14545.45","14545.45","FGBMC2301","","FGBMC2301_BD","1"
"FGBMC2302_BD","Casablanca Halal Mist Twilight (VIOLET) 100ml","M6","PC","72","CT","9818.18","14545.45","14545.45","14545.45","14545.45","14545.45","FGBMC2302","","FGBMC2302_BD","1"
"FGBMC2303_BD","Casablanca Halal Mist Dawn (DARK GREEN) 100ml","M6","PC","72","CT","9818.18","14545.45","14545.45","14545.45","14545.45","14545.45","FGBMC2303","","FGBMC2303_BD","1"
"FGBMC2304_BD","Casablanca Halal Mist Night (BLACK) 100ml","M6","PC","72","CT","9818.18","14545.45","14545.45","14545.45","16000","14545.45","FGBMC2304","","FGBMC2304_BD","1"
"FGBMC2305_BD","Casablanca Halal Mist Noon (RED) 100ml","M6","PC","72","CT","9818.18","14545.45","14545.45","14545.45","14545.45","14545.45","FGBMC2305","","FGBMC2305_BD","1"
"FGBMC2306","Casablanca Hijab Mist Sunrise Blue 100ml","M6","PC","72","CT","10109.08","14545.45","14545.45","14545.45","14545.45","11986","FGBMC2306","","FGBMC2306","1"
"FGBMC2306_BD","Casablanca Hijab Mist Sunrise Blue 100ml","M6","PC","72","CT","9818.18","14545.45","14545.45","14545.45","14545.45","14545.45","FGBMC2306","","FGBMC2306_BD","1"
"FGBMC2307","Casablanca Hijab Mist Twilight DViolet 100ml","M6","PC","72","CT","10109.09","14545.45","14545.45","14545.45","14545.45","11986","FGBMC2307","","FGBMC2307","1"
"FGBMC2307_BD","Casablanca Hijab Mist Twilight DViolet 100ml","M6","PC","72","CT","9818.18","14545.45","14545.45","14545.45","14545.45","14545.45","FGBMC2307","","FGBMC2307_BD","1"
"FGBMC2308","Casablanca Femme Hijab Mist Dawn 100ml (D Green)","M6","PC","72","CT","10109.09","14545.45","14545.45","14545.45","14545.45","11986","FGBMC2308","","FGBMC2308","1"
"FGBMC2308_BD","Casablanca Femme Hijab Mist Dawn 100ml (D Green)","M6","PC","72","CT","9818.18","14545.45","14545.45","14545.45","14545.45","14545.45","FGBMC2308","","FGBMC2308_BD","1"
"FGBMC2309","Casablanca Femme Hijab Mist Night 100ml (Black)","M6","PC","72","CT","10109.09","14545.45","14545.45","14545.45","14545.45","11986","FGBMC2309","","FGBMC2309","1"
"FGBMC2309_BD","Casablanca Femme Hijab Mist Night 100ml (Black)","M6","PC","72","CT","9818.18","14545.45","14545.45","14545.45","14545.45","14545.45","FGBMC2309","","FGBMC2309_BD","1"
"FGBMC2310","Casablanca Femme Hijab Mist Moon 100ml (Red)","M6","PC","72","CT","10109.09","14545.45","14545.45","14545.45","14545.45","11986","FGBMC2310","","FGBMC2310","1"
"FGBMC2310_BD","Casablanca Femme Hijab Mist Moon 100ml (Red)","M6","PC","72","CT","9818.18","14545.45","14545.45","14545.45","14545.45","14545.45","FGBMC2310","","FGBMC2310_BD","1"
"FGBME0001_BD","BELLAGIO SPY COL RED RAVE CULTURE 100ML","M6","PC","24","CT","22090.91","32727.27","32727.27","32727.27","32727.27","32727.27","FGBME0001","","FGBME0001_BD","1"
"FGBME0002_BD","BELLAGIO SPY COL ORANGE ACCELERATE 100ML","M6","PC","24","CT","22090.91","32727.27","32727.27","32727.27","32727.27","32727.27","FGBME0002","","FGBME0002_BD","1"
"FGBME0003_BD","BELLAGIO SPY COL GREEN STAMINA 100ML","M6","PC","24","CT","22090.91","32727.27","32727.27","32727.27","32727.27","32727.27","FGBME0003","","FGBME0003_BD","1"
"FGBME0004_BD","BELLAGIO SPY COL BLUE VENTURA 100ML","M6","PC","72","CT","22090.91","32727.27","32727.27","32727.27","32727.27","32727.27","FGBME0004","","FGBME0004_BD","1"
"FGBME0005_BD","BELLAGIO SPY COL BLACK BOLD 100ML","M6","PC","24","CT","22090.91","32727.27","32727.27","32727.27","32727.27","32727.27","FGBME0005","","FGBME0005_BD","1"
"FGBME0006_BD","BELLAGIO SPY COL BROWN ENERGY 100ML","M6","PC","24","CT","22090.91","32727.27","32727.27","32727.27","32727.27","32727.27","FGBME0006","","FGBME0006_BD","1"
"FGBME0007_BD","BELLAGIO SPORT COL RED ROSSO 100ML","M6","PC","24","CT","24545.45","36363.64","36363.64","36363.64","36363.64","36363.64","FGBME0007","","FGBME0007_BD","1"
"FGBME0008_BD","BELLAGIO SPORT COL WHITE BIANCO 100ML","M6","PC","24","CT","24545.45","36363.64","36363.64","36363.64","36363.64","36363.64","FGBME0008","","FGBME0008_BD","1"
"FGBME0009_BD","BELLAGIO SPORT COL BLUE BLU 100ML","M6","PC","24","CT","24545.45","36363.64","36363.64","36363.64","36363.64","36363.64","FGBME0009","","FGBME0009_BD","1"
"FGBME0010","BELLAGIO HOMME EDT SPORT VERDE( GRREN) 100ML","M6","PC","24","CT","25272.72","36363.64","36363.64","36363.64","36363.64","36363.64","FGBME0010","B-FGBME0010","","1"
"FGBME0010_BD","BELLAGIO HOMME SPORT VERDE (GREEN) 100ML","M6","PC","24","CT","24545.45","36363.64","36363.64","36363.64","36363.64","36363.64","FGBME0010","","FGBME0010_BD","1"
"FGBMF0001_BD","Regazza Spray Cologne Red Passionate 100ml","M6","PC","24","CT","22090.91","32727.27","32727.27","32727.27","32727.27","32727.27","FGBMF0001","","FGBMF0001_BD","1"
"FGBMF0002_BD","Regazza Spray Cologne Blue Classy 100ml","M6","PC","24","CT","22090.91","32727.27","32727.27","32727.27","32727.27","32727.27","FGBMF0002","","FGBMF0002_BD","1"
"FGBMF0003_BD","Regazza Spray Cologne Pink Feminine 100ml","M6","PC","24","CT","22090.91","32727.27","32727.27","32727.27","32727.27","32727.27","FGBMF0003","","FGBMF0003_BD","1"
"FGBMF0004_BD","Regazza Spray Cologne Violet Sophisticated 100ml","M6","PC","24","CT","22090.91","32727.27","32727.27","32727.27","32727.27","32727.27","FGBMF0004","","FGBMF0004_BD","1"
"FGBMF0005_BD","Regazza Spray Cologne White Glow 100ml","M6","PC","24","CT","22090.91","32727.27","32727.27","32727.27","32727.27","32727.27","FGBMF0005","","FGBMF0005_BD","1"
"FGBMF0006_BD","Regazza Spray Cologne Green Purity 100ml","M6","PC","24","CT","22090.91","32727.27","32727.27","32727.27","32727.27","32727.27","FGBMF0006","","FGBMF0006_BD","1"
"FGBMF0007","Regazza SPORT COLOGNE 100ml Red ROSSO","M6","PC","24","CT","25272.72","36363.64","36363.64","36363.64","36363.64","36363.64","FGBMF0007","B-FGBMF0007","","1"
"FGBMF0007_BD","Regazza SPORT COLOGNE 100ml Red ROSSO","M6","PC","24","CT","24545.46","36363.64","36363.64","36363.64","36363.64","36363.64","FGBMF0007","","FGBMF0007_BD","1"
"FGBMF0008","Regazza SPORT COLOGNE 100ml Black NERO","M6","PC","24","CT","25272.72","36363.64","36363.64","36363.64","36363.64","36363.64","FGBMF0008","B-FGBMF0008","","1"
"FGBMF0008_BD","Regazza SPORT COLOGNE 100ml Black NERO","M6","PC","24","CT","24545.46","36363.64","36363.64","36363.64","36363.64","36363.64","FGBMF0008","","FGBMF0008_BD","1"
"FGBMF0009","Regazza SPORT COLOGNE 100ml White BIANCO","M6","PC","24","CT","25272.72","36363.64","36363.64","36363.64","36363.64","36363.64","FGBMF0009","B-FGBMF0009","","1"
"FGBMF0009_BD","Regazza SPORT COLOGNE 100ml White BIANCO","M6","PC","24","CT","24545.46","36363.64","36363.64","36363.64","36363.64","36363.64","FGBMF0009","","FGBMF0009_BD","1"
"FGBMF0010_BD","Regazza SPORT COLOGNE 100ml Blue AZZURO","M6","PC","24","CT","24545.46","36363.64","36363.64","36363.64","36363.64","36363.64","FGBMF0010","","FGBMF0010_BD","1"
"FGBMF2001","REGAZZA FEMME FMBP DEZZLING (PURPLE) 155ML","M6","PC","24","CT","18157.57","26126","26126","26126","26126","21528","FGBMF2001","","FGBMF2001","1"
"FGBMF2002","REGAZZA FEMME FMBP SPARKLING (BLUE) 155ML","M6","PC","24","CT","18157.57","26126","26126","26126","26126","21528","FGBMF2002","","FGBMF2002","1"
"FGBMF2003","REGAZZA FEMME FMBP FASCINATING (PINK) 155ML","M6","PC","24","CT","18157.57","26126","26126","26126","26126","21528","FGBMF2003","","FGBMF2003","1"
"FGBSA0001","Camellia Body Spray Blue Magical 100ml","M6","PC","144","CT","8845.45","12727.27","12727.27","12727.27","12727.27","10488","FGBSA0001","B-FGBSA0001","","1"
"FGBSA0001_BD","Camellia Body Spray Blue Magical 100ml","M6","PC","144","CT","8590.91","12727.27","12727.27","12727.27","12727.27","12727.27","FGBSA0001","","FGBSA0001_BD","1"
"FGBSA0002_BD","CAMELLIA BODY SPY ORANGE ALLURE 100ML","M6","PC","144","CT","8590.91","12727.27","12727.27","12727.27","12727.27","12727.27","FGBSA0002","","FGBSA0002_BD","1"
"FGBSA0003","Camellia Body Spray Pink Seductive 100ml","M6","PC","144","CT","8845.45","12727.27","12727.27","12727.27","12727.27","10488","FGBSA0003","B-FGBSA0003","","1"
"FGBSA0003_BD","Camellia Body Spray Pink Seductive 100ml","M6","PC","144","CT","8590.91","12727.27","12727.27","12727.27","12727.27","12727.27","FGBSA0003","","FGBSA0003_BD","1"
"FGBSA0004","Camellia Body Spray Violet Exotic 100ml","M6","PC","144","CT","8845.45","12727.7","12727.7","12727.7","12727.7","10488","FGBSA0004","B-FGBSA0004","","1"
"FGBSA0004_BD","Camellia Body Spray Violet Exotic 100ml","M6","PC","144","CT","8590.91","12727.7","12727.7","12727.7","12727.7","12727.7","FGBSA0004","","FGBSA0004_BD","1"
"FGBSA0006_BD","CAMELLIA BODY SPY LOVE(RED)100ML","M6","PC","144","CT","7739.39","11465.77","11465.76","11465.76","11465.76","11465.77","FGBSA0006","","FGBSA0006_BD","1"
"FGBSA0007","Camellia Body Spray White Pure 100ml","M6","PC","144","CT","8845.45","12727.7","12727.7","12727.7","12727.7","10488","FGBSA0007","B-FGBSA0007","","1"
"FGBSA0007_BD","Camellia Body Spray White Pure 100ml","M6","PC","144","CT","8590.91","12727.7","12727.7","12727.7","12727.7","12727.7","FGBSA0007","","FGBSA0007_BD","1"
"FGBSA0008_BD","CAMELLIA BODY SPY REFRESH (GREEN)100ML","M6","PC","144","CT","7739.39","11465.76","11465.76","11465.76","11465.76","11465.76","FGBSA0008","","FGBSA0008_BD","1"
"FGBSC1001","Casablanca Homme BS Black Noir 65ml","M6","PC","144","CT","10109.08","14545.45","14545.45","14545.45","14545.45","11986","FGBSC1001","B-FGBSC1001","","1"
"FGBSC1001_BD","Casablanca Homme BS Black Noir 65ml","M6","PC","144","CT","9818.18","14545.45","14545.45","14545.45","14545.45","14545.45","FGBSC1001","","FGBSC1001_BD","1"
"FGBSC1002","Casablanca Femme BS White Blanc 65ml","M6","PC","144","CT","10109.09","14545.45","14545.45","14545.45","14545.45","11986","FGBSC1002","B-FGBSC1002","","1"
"FGBSC1002_BD","Casablanca Femme BS White Blanc 65ml","M6","PC","144","CT","9818.18","14545.45","14545.45","14545.45","14545.45","14545.45","FGBSC1002","","FGBSC1002_BD","1"
"FGBSC1003","Casablanca Femme BS Pink Rose 65ml","M6","PC","144","CT","10109.08","14545.45","14545.45","14545.45","14545.45","11986","FGBSC1003","B-FGBSC1003","","1"
"FGBSC1003_BD","Casablanca Femme Pink Rose 65ml","M6","PC","144","CT","9818.18","14545.45","14545.45","14545.45","14545.45","14545.45","FGBSC1003","","FGBSC1003_BD","1"
"FGBSC1004","Casablanca Femme BS Violet Violet 65ml","M6","PC","144","CT","10109.08","14545.45","14545.45","14545.45","14545.45","11986","FGBSC1004","B-FGBSC1004","","1"
"FGBSC1004_BD","Casablanca Femme BS Violet 65ml","M6","PC","144","CT","9818.18","14545.45","14545.45","14545.45","14545.45","14545.45","FGBSC1004","","FGBSC1004_BD","1"
"FGBSC1005","Casablanca Homme BS Silver Argent 65ml","M6","PC","144","CT","9818.18","14545.45","14545.45","14545.45","14545.45","11986","FGBSC1005","B-FGBSC1005","","1"
"FGBSC1005_BD","Casablanca Homme BS Silver Argent 65ml","M6","PC","144","CT","9818.18","14545.45","14545.45","14545.45","14545.45","14545.45","FGBSC1005","","","1"
"FGBSC1006","Casablanca Femme BS Red (Rouge) 65ml","M6","PC","144","CT","10109.08","14545.45","14545.45","14545.45","14545.45","11986","FGBSC1006","B-FGBSC1006","","1"
"FGBSC1006_BD","Casablanca Femme BS Red (Rouge) 65ml","M6","PC","144","CT","9818.18","14545.45","14545.45","14545.45","14545.45","14545.45","FGBSC1006","","FGBSC1006_BD","1"
"FGBSC1007","Casablanca Homme BS Blue Bleu 65ml","M6","PC","144","CT","10109.08","14545.45","14545.45","14545.45","14545.45","11986","FGBSC1007","B-FGBSC1007","","1"
"FGBSC1007_BD","Casablanca Homme BS Blue Bleu 65ml","M6","PC","144","CT","9818.18","14545.45","14545.45","14545.45","14545.45","14545.45","FGBSC1007","","FGBSC1007_BD","1"
"FGBSC1008","Casablanca Homme BS Copper Cuivre 65ml","M6","PC","144","CT","10109.08","14545.45","14545.45","14545.45","14545.45","11986","FGBSC1008","B-FGBSC1008","","1"
"FGBSC1008_BD","Casablanca Homme BS Copper Cuivre 65ml","M6","PC","144","CT","9818.18","14545.45","14545.45","14545.45","14545.45","14545.45","FGBSC1008","","FGBSC1008_BD","1"
"FGBSC1009","Casablanca Homme BS Dark Violet Petunia 65ml","M6","PC","144","CT","10109.08","14545.45","14545.45","14545.45","14545.45","11986","FGBSC1009","B-FGBSC1009","","1"
"FGBSC1009_BD","Casablanca Homme BS Dark Violet Petunia 65ml","M6","PC","144","CT","9818.18","14545.45","14545.45","14545.45","14545.45","14545.45","FGBSC1009","","FGBSC1009_BD","1"
"FGBSC1010","Casablanca Homme BS Dark Green Vert 65ml","M6","PC","144","CT","10109.08","14545.45","14545.45","14545.45","14545.45","11986","FGBSC1010","","","1"
"FGBSC1010_BD","Casablanca Homme BS Dark Green Vert 65ml","M6","PC","144","CT","9818.18","14545.45","14545.45","14545.45","14545.45","14545.45","FGBSC1010","","FGBSC1010_BD","1"
"FGBSC1011","Casablanca Femme BS Tosca  65ml","M6","PC","144","CT","10109.08","14545.45","14545.45","14545.45","14545.45","11986","FGBSC1011","B-FGBSC1011","","1"
"FGBSC1011_BD","Casablanca Femme BS Tosca  65ml","M6","PC","144","CT","9818.18","14545.45","14545.45","14545.45","14545.45","14545.45","FGBSC1011","","FGBSC1011_BD","1"
"FGBSC1012","Casablanca Femme BS Light Green Verte Clair 65m","M6","PC","144","CT","10109.08","14545.45","14545.45","14545.45","14545.45","11986","FGBSC1012","B-FGBSC1012","","1"
"FGBSC1012_BD","Casablanca Femme BS Light Green Verte Clair 65m","M6","PC","144","CT","9818.18","14545.45","14545.45","14545.45","14545.45","14545.45","FGBSC1012","","FGBSC1012_BD","1"
"FGBSC2001","Casablanca Homme BS Black Noir 100ml","M6","PC","144","CT","12636.36","18181.82","18181.82","18181.82","18181.82","14982","FGBSC2001","B-FGBSC2001","","1"
"FGBSC2001_BD","Casablanca Homme BM Black Noir 100ml","M6","PC","144","CT","12272.73","18181.82","18181.82","18181.82","18181.82","18181.82","FGBSC2001","","FGBSC2001_BD","1"
"FGBSC2002","Casablanca Femme BS White Blanc 100ml","M6","PC","144","CT","12636.36","18181.82","18181.82","18181.82","18181.82","14982","FGBSC2002","B-FGBSC2002","","1"
"FGBSC2002_BD","Casablanca Femme BS White Blanc 100ml","M6","PC","144","CT","12272.73","18181.82","18181.82","18181.82","18181.82","18181.82","FGBSC2002","","FGBSC2002_BD","1"
"FGBSC2003","Casablanca Femme BS Pink Rose 100ml","M6","PC","144","CT","12636.36","18181.82","18181.82","18181.82","18181.82","14982","FGBSC2003","B-FGBSC2003","","1"
"FGBSC2003_BD","Casablanca Femme BS Pink Rose 100ml","M6","PC","144","CT","12272.73","18181.82","18181.82","18181.82","18181.82","18181.82","FGBSC2003","","","1"
"FGBSC2004","Casablanca Femme BS Violet Violet 100ml","M6","PC","144","CT","12636.36","18181.82","18181.82","18181.82","18181.82","14982","FGBSC2004","","","1"
"FGBSC2004_BD","Casablanca Femme BS Violet Violet 100ml","M6","PC","144","CT","12272.73","18181.82","18181.82","18181.82","18181.82","18181.82","FGBSC2004","","FGBSC2004_BD","1"
"FGBSC2005","Casablanca Homme BS Silver Argent 100ml","M6","PC","144","CT","12636.36","18181.82","18181.82","18181.82","18181.82","14982","FGBSC2005","B-FGBSC2005","","1"
"FGBSC2005_BD","Casablanca Homme BS Silver Argent 100ml","M6","PC","144","CT","12272.73","18181.82","18181.82","18181.82","18181.82","18181.82","FGBSC2005","","FGBSC2005_BD","1"
"FGBSC2006","Casablanca Femme BS Red Rouge 100ml","M6","PC","144","CT","12636.36","18181.82","18181.82","18181.82","18181.82","14982","FGBSC2006","B-FGBSC2006","","1"
"FGBSC2006_BD","Casablanca Femme BS Red Rouge 100ml","M6","PC","144","CT","12272.73","18181.82","18181.82","18181.82","18181.82","18181.82","FGBSC2006","","FGBSC2006_BD","1"
"FGBSC2007","Casablanca Homme BS Blue Bleu 100ml","M6","PC","144","CT","12636.36","18181.82","18181.82","18181.82","18181.82","14982","FGBSC2007","B-FGBSC2007","","1"
"FGBSC2007_BD","Casablanca Homme BS Blue Bleu 100ml","M6","PC","144","CT","12272.73","18181.82","18181.82","18181.82","18181.82","18181.82","FGBSC2007","","FGBSC2007_BD","1"
"FGBSC2008","Casablanca Femme BS Copper Cuivre 100ml","M6","PC","144","CT","12636.36","18181.82","18181.82","18181.82","18181.82","14982","FGBSC2008","B-FGBSC2008","","1"
"FGBSC2008_BD","Casablanca Femme BS Copper Cuivre 100ml","M6","PC","144","CT","12272.73","18181.82","18181.82","18181.82","18181.82","18181.82","FGBSC2008","","FGBSC2008_BD","1"
"FGBSC2009","Casablanca Homme BS Dark Violet Petunia 100ml","M6","PC","144","CT","12636.36","18181.82","18181.82","18181.82","18181.82","14982","FGBSC2009","","","1"
"FGBSC2009_BD","Casablanca Homme BS Dark Violet Petunia 100ml","M6","PC","144","CT","12272.73","18181.82","18181.82","18181.82","18181.82","18181.82","FGBSC2009","","FGBSC2009_BD","1"
"FGBSC2010","Casablanca Homme BS Dark Green Vert 100ml","M6","PC","144","CT","12636.36","18181.82","18181.82","18181.82","18181.82","14982","FGBSC2010","B-FGBSC2010","","1"
"FGBSC2010_BD","Casablanca Homme BS Dark Green Vert 100ml","M6","PC","144","CT","12272.73","18181.82","18181.82","18181.82","18181.82","18181.82","FGBSC2010","","FGBSC2010_BD","1"
"FGBSC2011","Casablanca Femme BS Tosca 100ml","M6","PC","144","CT","12636.36","18181.82","18181.82","18181.82","18181.82","14982","FGBSC2011","B-FGBSC2011","","1"
"FGBSC2011_BD","Casablanca Femme BS Tosca 100ml","M6","PC","144","CT","12272.73","18181.82","18181.82","18181.82","18181.82","18181.82","FGBSC2011","","FGBSC2011_BD","1"
"FGBSC2012","Casablanca Femme BS Light Green Verte Clair 100m","M6","PC","144","CT","12636.36","18181.82","18181.82","18181.82","18181.82","14982","FGBSC2012","","","1"
"FGBSC2012_BD","Casablanca Femme BS Light Green Verte Clair 100m","M6","PC","144","CT","12272.73","18181.82","18181.82","18181.82","18181.82","18181.82","FGBSC2012","","FGBSC2012_BD","1"
"FGBSC3001","Casablanca Homme BS Black Noir 200ml","M6","PC","72","CT","22090.91","32727.27","32727.27","32727.27","32727.27","26968","FGBSC3001","B-FGBSC3001","","1"
"FGBSC3001_BD","Casablanca Homme BS Black Noir 200ml","M6","PC","72","CT","22090.91","32727.27","32727.27","32727.27","32727.27","32727.27","FGBSC3001","","FGBSC3001_BD","1"
"FGBSC3002","Casablanca Femme BS White (Blanc) 200ml","M6","PC","72","CT","22745.45","32727.27","32727.27","32727.27","32727.27","26968","FGBSC3002","B-FGBSC3002","","1"
"FGBSC3002_BD","Casablanca Femme BS White (Blanc) 200ml","M6","PC","72","CT","22090.91","32727.27","32727.27","32727.27","32727.27","32727.27","FGBSC3002","","FGBSC3002_BD","1"
"FGBSC3003","Casablanca Femme  BS Pink Rose 200ml","M6","PC","72","CT","22745.45","32727.27","32727.27","32727.27","32727.27","26968","FGBSC3003","FGBSC3003","","1"
"FGBSC3003_BD","Casablanca Femme BS Pink Rose 200ml","M6","PC","72","CT","22090.91","32727.27","32727.27","32727.27","32727.27","32727.27","FGBSC3003","","","1"
"FGBSC3004","Casablanca Femme BS Violet Violet 200ml","M6","PC","72","CT","22745.45","32727.27","32727.27","32727.27","32727.27","26968","FGBSC3004","B-FGBSC3004","","1"
"FGBSC3004_BD","Casablanca Femme BS Violet Violet 200ml","M6","PC","72","CT","22090.91","32727.27","32727.27","32727.27","32727.27","32727.27","FGBSC3004","","FGBSC3004_BD","1"
"FGBSC3005","Casablanca Homme BS Silver Argent 200ml","M6","PC","72","CT","22745.44","32727.27","32727.27","32727.27","32727.27","26968","FGBSC3005","B-FGBSC3005","","1"
"FGBSC3005_BD","Casablanca Homme BS Silver Argent 200ml","M6","PC","72","CT","22090.91","32727.27","32727.27","32727.27","32727.27","32727.27","FGBSC3005","","FGBSC3005_BD","1"
"FGBSC3006","Casablanca Femme BS Red Rouge 200ml","M6","PC","72","CT","22745.45","32727.27","32727.27","32727.27","32727.27","26968","FGBSC3006","B-FGBSC3006","","1"
"FGBSC3006_BD","Casablanca Femme BS Red Rouge 200ml","M6","PC","72","CT","22090.91","32727.27","32727.27","32727.27","32727.27","32727.27","FGBSC3006","","FGBSC3006_BD","1"
"FGBSC3007","Casablanca Homme BS Blue Bleu 200ml","M6","PC","72","CT","22745.45","32727.27","32727.27","32727.27","32727.27","26968","FGBSC3007","B-FGBSC3007","","1"
"FGBSC3007_BD","Casablanca Homme BS Blue Bleu 200ml","M6","PC","72","CT","22090.91","32727.27","32727.27","32727.27","32727.27","32727.27","FGBSC3007","","","1"
"FGBSC3008","Casablanca Homme BS Copper Cuivre 200ml","M6","PC","72","CT","22745.44","32727.27","32727.27","32727.27","32727.27","26968","FGBSC3008","B-FGBSC3008","","1"
"FGBSC3008_BD","Casablanca Homme BS Copper Cuivre 200ml","M6","PC","72","CT","22090.91","32727.27","32727.27","32727.27","32727.27","32727.27","FGBSC3008","","FGBSC3008_BD","1"
"FGBSC3009","Casablanca Hom BS Dark Violet Petunia 200ml","M6","PC","72","CT","22745.45","32727.27","32727.27","32727.27","32727.27","26968","FGBSC3009","B-FGBSC3009","","1"
"FGBSC3009_BD","Casablanca Homme BS Dark Violet Petunia 200ml","M6","PC","72","CT","22090.91","32727.27","32727.27","32727.27","32727.27","32727.27","FGBSC3009","","FGBSC3009_BD","1"
"FGBSC3010","Casablanca Homme BS Dark Green Vert 200ml","M6","PC","72","CT","22745.45","32727.27","32727.27","32727.27","32727.27","26968","FGBSC3010","B-FGBSC3010","","1"
"FGBSC3010_BD","Casablanca Homme BS Dark Green Vert 200ml","M6","PC","72","CT","22745.45","32727.27","32727.27","32727.27","32727.27","32727.27","FGBSC3010","","FGBSC3010_BD","1"
"FGBSC3011","Casablanca Femme BS Tosca Tosca 200ml","M6","PC","72","CT","22745.45","32727.27","32727.27","32727.27","32727.27","26968","FGBSC3011","B-FGBSC3011","","1"
"FGBSC3011_BD","Casablanca Femme BS Tosca Tosca 200ml","M6","PC","72","CT","22090.91","32727.27","32727.27","32727.27","32727.27","32727.27","FGBSC3011","","FGBSC3011_BD","1"
"FGBSC3012","Casablanca Femme BS Light Green Verte Clair 200m","M6","PC","72","CT","22745.45","32727.27","32727.27","32727.27","32727.27","26968","FGBSC3012","B-FGBSC3012","","1"
"FGBSC3012_BD","Casablanca Femme BS Light Green Verte Clair 200m","M6","PC","72","CT","22090.91","32727.27","32727.27","32727.27","32727.27","32727.27","FGBSC3012","","FGBSC3012_BD","1"
"FGBSC4001","Casablanca FP Deo BS White Clouds 150ml","M6","PC","72","CT","14806.62","21304.5","21304.5","21304.5","21304.5","18008","FGBSC4001","","FGBSC4001","1"
"FGBSC4001_BD","Casablanca FP Deo BS White Clouds 150ml","M6","PC","72","CT","14751.35","21854.05","21854.05","21854.05","21854.05","21854.05","FGBSC4001","","FGBSC4001_BD","1"
"FGBSC4002","Casablanca FP Deo BS Twinkle Blue 150ml","M6","PC","72","CT","15188.56","21854","21854.05","21854.05","21854.05","18008","FGBSC4002","","FGBSC4002","1"
"FGBSC4002_BD","Casablanca FP Deo BS Twinkle Blue 150ml","M6","PC","72","CT","14751.35","21854.05","21854.05","21854.05","21854.05","21854.05","FGBSC4002","","FGBSC4002_BD","1"
"FGBSC4003","Casablanca FP Deo BS Purple Glaze 150ml","M6","PC","72","CT","15188.56","21854.05","21854.05","21854.05","21854.05","18008","FGBSC4003","","FGBSC4003","1"
"FGBSC4003_BD","Casablanca FP Deo BS Purple Glaze 150ml","M6","PC","72","CT","14751.35","21854.05","21854.05","21854.05","21854.05","21854.05","FGBSC4003","","FGBSC4003_BD","1"
"FGBSC4004","Casablanca FP Deo BS Pink Crush 150ml","M6","PC","72","CT","14806.62","21304.5","21304.5","21304.5","21304.5","18008","FGBSC4004","","FGBSC4004","1"
"FGBSC4004_BD","Casablanca FP Deo BS Pink Crush 150ml","M6","PC","72","CT","14751.35","21854.05","21854.05","21854.05","21854.05","21854.05","FGBSC4004","","FGBSC4004_BD","1"
"FGBSC4005","Casablanca FP Deo BS Infinate Black 150ml","M6","PC","72","CT","14806.62","21304.5","21304.5","21304.5","21304.5","18008","FGBSC4005","","FGBSC4005","1"
"FGBSC4005_BD","Casablanca FP Deo BS Infinate Black 150ml","M6","PC","72","CT","14751.35","21854.05","21854.05","21854.05","21854.05","21854.05","FGBSC4005","","FGBSC4005_BD","1"
"FGBSC4006","Casablanca FP Deo BS Red Hyped 150ml","M6","PC","72","CT","15188.56","21854.05","21854.05","21854.05","21854.05","18008","FGBSC4006","","FGBSC4006","1"
"FGBSC4006_BD","Casablanca FP Deo BS Red Hyped 150ml","M6","PC","72","CT","14751.35","21854.05","21854.05","21854.05","21854.05","21854.05","FGBSC4006","","FGBSC4006_BD","1"
"FGBSC4007","Casablanca FP Deo BS Brown Legend 150ml","M6","PC","72","CT","14806.62","21304.5","21304.5","21304.5","21304.5","18008","FGBSC4007","","FGBSC4007","1"
"FGBSC4007_BD","Casablanca FP Deo BS Brown Legend 150ml","M6","PC","72","CT","14751.35","21854.05","21854.05","21854.05","21854.05","21854.05","FGBSC4007","","FGBSC4007_BD","1"
"FGBSC4008","Casablanca FP Deo BS Blue Air 150ml","M6","PC","72","CT","14806.62","21304.5","21304.5","21304.5","21304.5","18008","FGBSC4008","","FGBSC4008","1"
"FGBSC4008_BD","Casablanca FP Deo BS Blue Air 150ml","M6","PC","72","CT","14751.35","21854.05","21854.05","21854.05","21854.05","21854.05","FGBSC4008","","FGBSC4008_BD","1"
"FGBSC9001","Casablanca Homme Perfume BS Noir Black 200ml BDT","M6","PC","72","CT","22745.45","32727.27","32727.27","32727.27","32727.27","32727.27","FGBSC9001","","FGBSC9001","1"
"FGBSC9006","Casablanca Femme Perfume BS Rouge Red 200ml BDT","M6","PC","72","CT","22090.9","32727.27","32727.27","32727.27","32727.27","32727.27","FGBSC9006","","FGBSC9006","1"
"FGBSC9007","Casablanca Homme Perfume BS Bleu Blue 200ml BDT","M6","PC","72","CT","22090.9","32727.27","32727.27","32727.27","32727.27","32727.27","FGBSC9007","","FGBSC9007","1"
"FGBSC9303","Casablanca femme Perfume BS Rose Pink 200ml BDT","M6","PC","72","CT","22745.45","32727.27","32727.27","32727.27","32727.27","32727.27","FGBSC9303","","FGBSC9303","1"
"FGBSC9304","Casablanca Homme Perfumme BS Violet 200ml  BDT","M6","PC","72","CT","22090.9","32727.27","32727.27","32727.27","32727.27","32727.27","FGBSC9304","","FGBSC9304","1"
"FGBSC9305","Casablanca Homme Perfume BS ArgentSilver 200ml BDT","M6","PC","72","CT","22745.45","32727.27","32727.27","32727.27","32727.27","32727.27","FGBSC9305","","FGBSC9305","1"
"FGBSE2001","BELLAGIO BODY SPY RED RAVE CULTURE 80ML","M6","PC","144","CT","13900","20000","20000","20000","20000","16480","FGBSE2001","B-FGBSE2001","","1"
"FGBSE2001_BD","BELLAGIO BODY SPY RED RAVE CULTURE 80ML","M6","PC","144","CT","13500","20000","20000","20000","20000","20000","FGBSE2001","","FGBSE2001_BD","1"
"FGBSE2002","BELLAGIO BODY SPY ORANGE ACCELERATE 80ML","M6","PC","144","CT","13500","20000","20000","20000","20000","16480","FGBSE2002","B-FGBSE2002","","1"
"FGBSE2002_BD","BELLAGIO BODY SPY ORANGE ACCELERATE 80ML","M6","PC","144","CT","13500","20000","20000","20000","20000","20000","FGBSE2002","","FGBSE2002_BD","1"
"FGBSE2003","BELLAGIO BODY SPY GREEN STAMINA 80ML","M6","PC","144","CT","13500","20000","20000","20000","20000","16480","FGBSE2003","B-FGBSE2003","","1"
"FGBSE2003_BD","BELLAGIO BODY SPY GREEN STAMINA 80ML","M6","PC","144","CT","13500","20000","20000","20000","20000","20000","FGBSE2003","","FGBSE2003_BD","1"
"FGBSE2004","BELLAGIO BODY SPY BLUE VENTURA 80ML","M6","PC","144","CT","13500","20000","20000","20000","20000","16480","FGBSE2004","B-FGBSE2004","","1"
"FGBSE2004_BD","BELLAGIO BODY SPY BLUE VENTURA 80ML","M6","PC","144","CT","13500","20000","20000","20000","20000","20000","FGBSE2004","","FGBSE2004_BD","1"
"FGBSE2005","BELLAGIO BODY SPY BLACK BOLD 80ML","M6","PC","144","CT","13900","20000","20000","20000","20000","16480","FGBSE2005","B-FGBSE2005","","1"
"FGBSE2005_BD","BELLAGIO BODY SPY BLACK BOLD 80ML","M6","PC","144","CT","13500","20000","20000","20000","20000","20000","FGBSE2005","","","1"
"FGBSE2006","BELLAGIO BODY SPY BROWN ENERGY 80ML","M6","PC","144","CT","13900","20000","20000","20000","20000","16480","FGBSE2006","","","1"
"FGBSE2006_BD","BELLAGIO BODY SPY BROWN ENERGY 80ML","M6","PC","144","CT","13500","20000","20000","20000","20000","20000","FGBSE2006","","FGBSE2006_BD","1"
"FGBSE3001","BELLAGIO BODY SPY RED RAVE CULTURE 175ML","M6","PC","72","CT","24637.43","36363.64","36363.64","36363.64","36363.64","29964","FGBSE3001","B-FGBSE3001","","1"
"FGBSE3001_BD","BELLAGIO BODY SPY RED RAVE CULTURE 175ML","M6","PC","72","CT","24545.45","36363.64","36363.64","36363.64","36363.64","36363.64","FGBSE3001","","FGBSE3001_BD","1"
"FGBSE3002","BELLAGIO BODY SPY ORANGE ACCELERATE 175ML","M6","PC","72","CT","24637.43","36363.64","36363.64","36363.64","36363.64","29964","FGBSE3002","B-FGBSE3002","","1"
"FGBSE3002_BD","BELLAGIO BODY SPY ORANGE ACCELERATE 175ML","M6","PC","72","CT","24545.45","36363.64","36363.64","36363.64","36363.64","36363.64","FGBSE3002","","FGBSE3002_BD","1"
"FGBSE3003","BELLAGIO BODY SPY GREEN STAMINA 175ML","M6","PC","72","CT","24545.45","36363.64","36363.64","36363.64","36363.64","29964","FGBSE3003","B-FGBSE3003","","1"
"FGBSE3003_BD","BELLAGIO BODY SPY GREEN STAMINA 175ML","M6","PC","72","CT","24545.45","36363.64","36363.64","36363.64","36363.64","36363.64","FGBSE3003","","FGBSE3003_BD","1"
"FGBSE3004","BELLAGIO BODY SPY BLUE VENTURA 175ML","M6","PC","72","CT","25272.73","36363.64","36363.64","36363.64","36363.64","29964","FGBSE3004","B-FGBSE3004","","1"
"FGBSE3004_BD","BELLAGIO BODY SPY BLUE VENTURA 175ML","M6","PC","72","CT","24545.45","36363.64","36363.64","36363.64","36363.64","36363.64","FGBSE3004","","FGBSE3004_BD","1"
"FGBSE3005","BELLAGIO BODY SPY BLACK BOLD 175ML","M6","PC","72","CT","24637.43","36363.64","36363.64","36363.64","36363.64","29964","FGBSE3005","B-FGBSE3005","","1"
"FGBSE3005_BD","BELLAGIO BODY SPY BLACK BOLD 175ML","M6","PC","72","CT","24545.45","36363.64","36363.64","36363.64","36363.64","36363.64","FGBSE3005","","FGBSE3005_BD","1"
"FGBSE3006","BELLAGIO BODY SPY BROWN ENERGY 175ML","M6","PC","72","CT","24637.43","36363.64","36363.64","36363.64","36363.64","29964","FGBSE3006","B-FGBSE3006","","1"
"FGBSE3006_BD","BELLAGIO BODY SPY BROWN ENERGY 175ML","M6","PC","72","CT","24545.45","36363.64","36363.64","36363.64","36363.64","36363.64","FGBSE3006","","FGBSE3006_BD","1"
"FGBSF0005","Regazza Body Spray Red Passionate 175ml New","M6","PC","72","CT","25272.72","36363.64","36363.64","36363.64","36363.64","29964","FGBSF0005","","","1"
"FGBSF0005_BD","Regazza Body Spray Red Passionate 175ml New","M6","PC","72","CT","24545.46","36363.64","36363.64","36363.64","36363.64","36363.64","FGBSF0005","","FGBSF0005_BD","1"
"FGBSF0006","Regazza Body Spray Blue Classy 175ml New","M6","PC","72","CT","25272.73","36363.64","36363.64","36363.64","36363.64","29964","FGBSF0006","","","1"
"FGBSF0006_BD","Regazza Body Spray Blue Classy 175ml New","M6","PC","72","CT","24545.46","36363.64","36363.64","36363.64","36363.64","36363.64","FGBSF0006","","FGBSF0006_BD","1"
"FGBSF0007","Regazza Body Spray Pink Feminine 175ml New","M6","PC","72","CT","25272.73","36363.64","36363.64","36363.64","36363.64","29964","FGBSF0007","","","1"
"FGBSF0007_BD","Regazza Body Spray Pink Feminine 175ml New","M6","PC","72","CT","24545.46","36363.64","36363.64","36363.64","36363.64","36363.64","FGBSF0007","","FGBSF0007_BD","1"
"FGBSF0008","Regazza Body Spray Violet Sophisticated 175ml New","M6","PC","72","CT","25272.73","36363.64","36363.64","36363.64","36363.64","29964","FGBSF0008","","","1"
"FGBSF0008_BD","Regazza Body Spray Violet Sophisticated 175ml New","M6","PC","72","CT","24545.46","36363.64","36363.64","36363.64","36363.64","36363.64","FGBSF0008","","FGBSF0008_BD","1"
"FGBSF0009","Regazza Body Spray Green Purity 175ml New","M6","PC","72","CT","25272.73","36363.64","36363.64","36363.64","36363.64","29964","FGBSF0009","","","1"
"FGBSF0009_BD","Regazza Body Spray Green Purity 175ml New","M6","PC","72","CT","24545.46","36363.64","36363.64","36363.64","36363.64","36363.64","FGBSF0009","","FGBSF0009_BD","1"
"FGBSF0010","Regazza Body Spray White Glow 175ml New","M6","PC","72","CT","25272.73","36363.64","36363.64","36363.64","36363.64","29964","FGBSF0010","","","1"
"FGBSF0010_BD","Regazza Body Spray White Glow 175ml New","M6","PC","72","CT","24545.46","36363.64","36363.64","36363.64","36363.64","36363.64","FGBSF0010","","FGBSF0010_BD","1"
"FGBSF1005","Regazza Body Spray Red Passionate 100ml New","M6","PC","72","CT","13990","20000","20000","20000","20000","16480","FGBSF1005","B-FGBSF1005","","1"
"FGBSF1005_BD","Regazza Body Spray Red Passionate 100ml New","M6","PC","72","CT","13500","20000","20000","20000","20000","20000","FGBSF1005","","FGBSF1005_BD","1"
"FGBSF1006","Regazza Body Spray Blue Classy 100ml New","M6","PC","72","CT","13990","20000","20000","20000","20000","16480","FGBSF1006","B-FGBSF1006","","1"
"FGBSF1006_BD","Regazza Body Spray Blue Classy 100ml New","M6","PC","72","CT","13500","20000","20000","20000","20000","20000","FGBSF1006","","FGBSF1006_BD","1"
"FGBSF1007","Regazza Body Spray Pink Feminine 100ml New","M6","PC","72","CT","13900","20000","20000","20000","20000","16480","FGBSF1007","B-FGBSF1007","","1"
"FGBSF1007_BD","Regazza Body Spray Pink Feminine 100ml New","M6","PC","72","CT","13500","20000","20000","20000","20000","20000","FGBSF1007","","FGBSF1007_BD","1"
"FGBSF1008","Regazza Body Spray Violet Sophisticated 100ml New","M6","PC","72","CT","13900","20000","20000","20000","20000","16480","FGBSF1008","B-FGBSF1008","","1"
"FGBSF1008_BD","Regazza Body Spray Violet Sophisticated 100ml New","M6","PC","72","CT","13500","20000","20000","20000","20000","20000","FGBSF1008","","FGBSF1008_BD","1"
"FGBSF1009","Regazza Body Spray Green Purity 100ml New","M6","PC","72","CT","13900","20000","20000","20000","20000","16480","FGBSF1009","B-FGBSF1009","","1"
"FGBSF1009_BD","Regazza Body Spray Green Purity 100ml New","M6","PC","72","CT","13500","20000","20000","20000","20000","20000","FGBSF1009","","FGBSF1009_BD","1"
"FGBSF1010","Regazza Body Spray White Glow 100ml New","M6","PC","72","CT","13500","20000","20000","20000","20000","16480","FGBSF1010","B-FGBSF1010","","1"
"FGBSF1010_BD","Regazza Body Spray White Glow 100ml New","M6","PC","72","CT","13500","20000","20000","20000","20000","20000","FGBSF1010","","FGBSF1010_BD","1"
"FGDEC1005_BD","REGAZZA BLUSH ON 8.5GR 02","M6","PC","12","CT","24601.01","36445.94","36445.94","36445.94","36445.94","36445.94","FGDEC1005","","FGDEC1005_BD","1"
"FGDEC1006_BD","REGAZZA BLUSH ON 8.5GR 03","M6","PC","12","CT","24601.01","36445.94","36445.94","36445.94","36445.94","36445.94","FGDEC1006","","FGDEC1006_BD","1"
"FGDEF1005_BD","REGAZZA EYESHADOW 6GR 01","M6","PC","12","CT","36819.12","54546.84","54546.84","54546.84","54546.84","54546.84","FGDEF1005","","FGDEF1005_BD","1"
"FGDEF1008_BD","REGAZZA EYESHADOW 6GR 04","M6","PC","12","CT","36819.12","54546.84","54546.84","54546.84","54546.84","54546.84","FGDEF1008","","FGDEF1008_BD","1"
"FGDFF1001_BD","REGAZZA CURLING&LENGTHENING WATERPROOF MASCARA 10G","M6","PC","12","CT","36818.18","54545.45","54545.45","54545.45","54545.45","54545.45","FGDFF1001","","FGDFF1001_BD","1"
"FGDGF1001_BD","Regazza Smooth Liquid Eyeliner","M6","PC","12","CT","36818.91","54545.94","54545.94","54545.94","54545.94","54545.94","FGDGF1001","","FGDGF1001_BD","1"
"FGDHF1001_BD","REGAZZA EYEBROW PENCIL 0.25GR 01","M6","PC","12","CT","30681.98","45454.95","45454.95","45454.95","45454.95","45454.95","FGDHF1001","","FGDHF1001_BD","1"
"FGDHF1002_BD","REGAZZA EYEBROW PENCIL 0.25GR 02","M6","PC","12","CT","30681.98","45454.95","45454.95","45454.95","45454.95","45454.95","FGDHF1002","","FGDHF1002_BD","1"
"FGDHF1003_BD","REGAZZA EYEBROW PENCIL 0.25GR 03","M6","PC","12","CT","30681.98","45454.95","45454.95","45454.95","45454.95","45454.95","FGDHF1003","","FGDHF1003_BD","1"
"FGDKF1001_BD","REGAZZA MATTE LIPS CREAM 3.8GR 01","M6","PC","12","CT","36818.51","54545.94","54545.94","54545.94","54545.94","54545.94","FGDKF1001","","FGDKF1001_BD","1"
"FGDKF1002_BD","REGAZZA MATTE LIPS CREAM 3.8GR 02","M6","PC","12","CT","36818.51","54545.94","54545.94","54545.94","54545.94","54545.94","FGDKF1002","","FGDKF1002_BD","1"
"FGDKF1003_BD","REGAZZA MATTE LIPS CREAM 3.8GR 03","M6","PC","12","CT","36818.51","54545.94","54545.94","54545.94","54545.94","54545.94","FGDKF1003","","FGDKF1003_BD","1"
"FGDKF1005_BD","REGAZZA MATTE LIPS CREAM 3.8GR 05","M6","PC","60","CT","36818.51","54545.94","54545.94","54545.94","54545.94","54545.94","FGDKF1005","","FGDKF1005_BD","1"
"FGDKF1007_BD","REGAZZA MATTE LIPS CREAM 3.8GR 07","M6","PC","12","CT","36818.51","54545.94","54545.94","54545.94","54545.94","54545.94","FGDKF1007","","FGDKF1007_BD","1"
"FGDKF1008_BD","REGAZZA MATTE LIPS CREAM 3.8GR 08","M6","PC","12","CT","36818.51","54545.94","54545.94","54545.94","54545.94","54545.94","FGDKF1008","","FGDKF1008_BD","1"
"FGDKF1010_BD","REGAZZA MATTE LIPS CREAM 3.8GR 11","M6","PC","12","CT","36818.51","54545.94","54545.94","54545.94","54545.94","54545.94","FGDKF1010","","FGDKF1010_BD","1"
"FGDKF1011_BD","REGAZZA MATTE LIPS CREAM 3.8GR 11","M6","PC","12","CT","36818.51","54545.94","54545.94","54545.94","54545.94","54545.94","FGDKF1011","","FGDKF1011_BD","1"
"FGEDA0001","Camellia EDP 101 (ORIENTAL) 60ml","M6","PC","36","CT","9391.88","13514","13514","13514","13514","11135","FGEDA0001","B-FGEDA0001","","1"
"FGEDA0001_BD","Camellia EDP 101 (ORIENTAL) 60ml","M6","PC","36","CT","7977.27","11818.18","11818.18","11818.18","11818.18","11818.18","FGEDA0001","","FGEDA0001_BD","1"
"FGEDA0002","Camellia EDP (SPICY)102 60ml","M6","PC","36","CT","9391.88","13514","13514","13514","13514","11135","FGEDA0002","","","1"
"FGEDA0002_BD","Camellia EDP (SPICY)102 60ml","M6","PC","36","CT","7977.27","11818.18","11818.18","11818.18","11818.18","11818.18","FGEDA0002","","FGEDA0002_BD","1"
"FGEDA0003","Camellia EDP 103 White Musk 125ml (PUTIH)","M6","PC","24","CT","17059.08","24545.45","24545.45","24545.45","24545.45","20226","FGEDA0003","B-FGEDA0003","","1"
"FGEDA0003_BD","Camellia EDP 103 White Musk 125ml (PUTIH)","M6","PC","24","CT","16568.17","24545.45","24545.45","24545.45","24545.45","24545.45","FGEDA0003","","FGEDA0003_BD","1"
"FGEDA0004","Camellia EDP 104 ORIENTAL 125ml (MERAH)","M6","PC","24","CT","17059.06","24545.45","24545.45","24545.45","24545.45","20226","FGEDA0004","B-FGEDA0004","","1"
"FGEDA0004_BD","Camellia EDP 104 ORIENTAL 125ml (MERAH)","M6","PC","24","CT","16568.17","24545.45","24545.45","24545.45","24545.45","24545.45","FGEDA0004","","FGEDA0004_BD","1"
"FGEDA0005","CAMELLIA EDP 105 SRPMSTICK 125ML (VIOLET)","M6","PC","24","CT","17059.06","24545.45","24545.45","24545.45","24545.45","20226","FGEDA0005","B-FGEDA0005","","1"
"FGEDA0005_BD","CAMELLIA EDP 105 SRPMSTICK 125ML (VIOLET)","M6","PC","24","CT","16568.17","24545.45","24545.45","24545.45","24545.45","24545.45","FGEDA0005","","FGEDA0005_BD","1"
"FGEDA0006","CAMELLIA EDP 106 125ML ALDEHYDICK (PINK)","M6","PC","24","CT","16568.18","24545.45","24545.45","24545.45","24545.45","20226","FGEDA0006","B-FGEDA0006","","1"
"FGEDA0006_BD","CAMELLIA EDP 106 125ML ALDEHYDICK (PINK)","M6","PC","24","CT","16568.17","24545.45","24545.45","24545.45","24545.45","24545.45","FGEDA0006","","FGEDA0006_BD","1"
"FGEDA0007","CAMELLIA MEDP 107 BLUE 125ML (BLUE)","M6","PC","24","CT","17059.08","24545.45","24545.45","24545.45","24545.45","20226","FGEDA0007","B-FGEDA0007","","1"
"FGEDA0007_BD","CAMELLIA MEDP 107 BLUE 125ML (BLUE)","M6","PC","24","CT","16568.17","24545.45","24545.45","24545.45","24545.45","24545.45","FGEDA0007","","FGEDA0007_BD","1"
"FGEDA0014","Camellia EDP 103 BLUE Ventura 22ml","M6","PC","144","CT","5777.02","8559","8559","8559","8559","7053","FGEDA0014","B-FGEDA0014","","1"
"FGEDA0014_BD","Camellia EDP 103 BLUE Ventura 22ml","M6","PC","144","CT","5169.36","7657.65","7657.65","7657.65","7657.65","7657.65","FGEDA0014","","FGEDA0014_BD","1"
"FGEDA0015","Camellia EDP 104 BLACK Energy 22ml","M6","PC","144","CT","5777.02","8559","8559","8559","8559","7053","FGEDA0015","B-FGEDA0015","","1"
"FGEDA0015_BD","Camellia EDP 104 BLACK Energy 22ml","M6","PC","144","CT","5169.36","7657.65","7657.65","7657.65","7657.65","7657.65","FGEDA0015","","FGEDA0015_BD","1"
"FGEDA0016","Camellia EDP 105 WHITE Purity 22ml","M6","PC","144","CT","5948.19","8559","8559","8559","8559","7053","FGEDA0016","B-FGEDA0016","","1"
"FGEDA0016_BD","Camellia EDP 105 WHITE Purity 22ml","M6","PC","144","CT","5169.36","7657.65","7657.65","7657.65","7657.65","7657.65","FGEDA0016","","FGEDA0016_BD","1"
"FGEDA0017","Camellia EDP 106 RED Romantic 22ml","M6","PC","144","CT","5948.2","8559","8559","8559","8559","7053","FGEDA0017","B-FGEDA0017","","1"
"FGEDA0017_BD","Camellia EDP 106 RED Romantic 22ml","M6","PC","144","CT","5169.36","7657.65","7657.65","7657.65","7657.65","7657.65","FGEDA0017","","FGEDA0017_BD","1"
"FGEDA0018","Camellia EDP 107 VIOLET Classy 22ml","M6","PC","144","CT","5948.19","8559","8559","8559","8559","7053","FGEDA0018","B-FGEDA0018","","1"
"FGEDA0018_BD","Camellia EDP 107 VIOLET Classy 22ml","M6","PC","144","CT","5169.36","7657.65","7657.65","7657.65","7657.65","7657.65","FGEDA0018","","FGEDA0018_BD","1"
"FGEDA0019","Camellia EDP 108 ORANGE Sunny 22ml","M6","PC","144","CT","5948.19","8559","8559","8559","8559","7053","FGEDA0019","B-FGEDA0019","","1"
"FGEDA0019_BD","Camellia EDP 108 ORANGE Sunny 22ml","M6","PC","144","CT","5169.36","7657.65","7657.65","7657.65","7657.65","7657.65","FGEDA0019","","FGEDA0019_BD","1"
"FGEDB0002","Marie Jose EDP 204","M6","PC","36","CT","9477.27","13636.36","13636.36","13636.36","13636.36","11237","FGEDB0002","","","1"
"FGEDB0002_BD","Marie Jose EDP 204","M6","PC","36","CT","9204.54","13636.36","13636.36","13636.36","13636.36","13636.36","FGEDB0002","","FGEDB0002_BD","1"
"FGEDB0003","Marie Jose EDP 205","M6","PC","36","CT","9477.27","13636.36","13636.36","13636.36","13636.36","11237","FGEDB0003","B-FGEDB0003","","1"
"FGEDB0003_BD","Marie Jose EDP 205","M6","PC","36","CT","9204.54","13636.36","13636.36","13636.36","13636.36","13636.36","FGEDB0003","","FGEDB0003_BD","1"
"FGEDC0001_BD","Casablanca EDP 301 100ml","M6","PC","24","CT","20250","30000","30000","30000","30000","30000","FGEDC0001","","FGEDC0001_BD","1"
"FGEDC0004_BD","Casablanca EDP 304 100ml","M6","PC","36","CT","20250","30000","30000","30000","30000","30000","FGEDC0004","","FGEDC0004_BD","1"
"FGEDC0005_BD","Casablanca EDP 305 100ml","M6","PC","24","CT","20250","30000","30000","30000","30000","30000","FGEDC0005","","FGEDC0005_BD","1"
"FGEDC0006_BD","Casablanca EDP 306 100ml","M6","PC","24","CT","20250","30000","30000","30000","30000","30000","FGEDC0006","","FGEDC0006_BD","1"
"FGEDC0007_BD","Casablanca EDP 308 100ml","M6","PC","36","CT","20250","30000","30000","30000","30000","30000","FGEDC0007","","FGEDC0007_BD","1"
"FGEDC0008_BD","Casablanca Femme Eau De Parfum (EDP) 309","M6","PC","24","CT","20250","30000","30000","30000","30000","30000","FGEDC0008","","FGEDC0008_BD","1"
"FGEDC0009_BD","Casablanca EDP 310 100ml","M6","PC","36","CT","20250","30000","30000","30000","30000","30000","FGEDC0009","","FGEDC0009_BD","1"
"FGEDC0010_BD","Casablanca EDP 311 100ml","M6","PC","24","CT","20250","30000","30000","30000","30000","30000","FGEDC0010","","FGEDC0010_BD","1"
"FGEDC0012_BD","Casablanca EDP Silver","M6","PC","24","CT","20250","30000","30000","30000","30000","30000","FGEDC0012","","FGEDC0012_BD","1"
"FGEDC0013_BD","CASABLACA EDP GOLD","M6","PC","48","CT","20250","30000","30000","30000","30000","30000","FGEDC0013","","FGEDC0013_BD","1"
"FGEDC0016_BD","Casablanca EDP Femme White 100ml","M6","PC","24","CT","33169.53","49140.04","49140.04","49140.04","49140.04","49140.04","FGEDC0016","","FGEDC0016_BD","1"
"FGEDC0017_BD","Casablanca EDP Femme Red 100ml","M6","PC","24","CT","33169.53","49140.04","49140.04","49140.04","49140.04","49140.04","FGEDC0017","","FGEDC0017_BD","1"
"FGEDC1001","CASABLANCA HOMME EDP PS EXPLORER (BLACK)50ML","M6","PC","48","CT","16279.27","23423.42","23423.42","23423.42","23423.42","19302","FGEDC1001","","FGEDC1001","1"
"FGEDC1001_BD","CASABLANCA HOMME EDP PS EXPLORER (BLACK)50ML","M6","PC","48","CT","16279.27","23423.42","23423.42","23423.42","23423.42","23423.42","FGEDC1001","","FGEDC1001_BD","1"
"FGEDC1002","CASABLANCA HOMME EDP PS CONQUER (BLUE )50ML","M6","PC","48","CT","16279.27","23423.42","23423.42","23423.42","23423.42","19302","FGEDC1002","","FGEDC1002","1"
"FGEDC1003","CASABLANCA HOMME EDP PS CHALLENGER (BROWN)50ML","M6","PC","48","CT","16279.27","23423.42","23423.42","23423.42","23423.42","19302","FGEDC1003","","FGEDC1003","1"
"FGEDC1004","CASABLANCA FEMME EDP JS CHIC (PINK) 50ML","M6","PC","48","CT","16279.27","23423.42","23423.42","23423.42","23423.42","19302","FGEDC1004","","FGEDC1004","1"
"FGEDC1004_BD","CASABLANCA FEMME EDP JS CHIC (PINK) 50ML","M6","PC","48","CT","16279.27","23423.42","23423.42","23423.42","23423.42","23423.42","FGEDC1004","","FGEDC1004_BD","1"
"FGEDC1005","CASABLANCA FEMME EDP JS CASUAL (VIOLET) 50ML","M6","PC","48","CT","16279.27","23423.42","23423.42","23423.42","23423.42","19302","FGEDC1005","","FGEDC1005","1"
"FGEDC1006","CASABLANCA FEMME EDP JS ACTIVE (GREEN) 50ML","M6","PC","48","CT","16279.27","23423.42","23423.42","23423.42","23423.42","19302","FGEDC1006","","FGEDC1006","1"
"FGEDC1006_BD","CASABLANCA FEMME EDP JS ACTIVE (GREEN) 50ML","M6","PC","48","CT","16279.27","23423.42","23423.42","23423.42","23423.42","19302","FGEDC1006","","FGEDC1006_BD","1"
"FGEDC2001","Casablanca EDP 301/Royal 100ml","M6","PC","24","CT","20850","30000","30000","30000","30000","24720","FGEDC2001","","FGEDC2001","1"
"FGEDC2001_BD","Casablanca EDP 301/Royal 100ml","M6","PC","24","CT","20250","30000","30000","30000","30000","30000","FGEDC2001","","FGEDC2001_BD","1"
"FGEDC2002","Casablanca EDP 304/Melodious 100ml","M6","PC","36","CT","20850","30000","30000","30000","30000","24720","FGEDC2002","","FGEDC2002","1"
"FGEDC2002_BD","Casablanca EDP 304/Melodious 100ml","M6","PC","36","CT","20250","30000","30000","30000","30000","30000","FGEDC2002","","FGEDC2002_BD","1"
"FGEDC2003","Casablanca EDP 306/Desire 100ml","M6","PC","24","CT","20850","30000","30000","30000","30000","24720","FGEDC2003","","FGEDC2003","1"
"FGEDC2003_BD","Casablanca EDP 306 /Desire 100ml","M6","PC","24","CT","20250","30000","30000","30000","30000","30000","FGEDC2003","","FGEDC2003_BD","1"
"FGEDC2004","Casablanca EDP 308/Aqua 100ml","M6","PC","36","CT","20850","30000","30000","30000","30000","24720","FGEDC2004","","FGEDC2004","1"
"FGEDC2004_BD","Casablanca EDP 308/Aqua 100ml","M6","PC","36","CT","20250","30000","30000","30000","30000","30000","FGEDC2004","","FGEDC2004_BD","1"
"FGEDC2005","Casablanca EDP 310/Tranquil 100ml","M6","PC","36","CT","20850","30000","30000","30000","30000","24720","FGEDC2005","","FGEDC2005","1"
"FGEDC2006","Casablanca EDP 311/Allure 100ml","M6","PC","24","CT","20850","30000","30000","30000","30000","24720","FGEDC2006","","FGEDC2006","1"
"FGEDC2006_BD","Casablanca EDP 311/Allure 100ml","M6","PC","24","CT","20250","30000","30000","30000","30000","30000","FGEDC2006","","FGEDC2006_BD","1"
"FGEDC2201","Casablanca Femme EDT Aqua Blue 100ml","M6","PC","24","CT","15795.43","22727.27","22727.27","22727.27","22727.27","18728","FGEDC2201","","FGEDC2201","1"
"FGEDC2201_BD","Casablanca Femme EDT Aqua Blue 100ml","M6","PC","24","CT","15340.91","22727.27","22727.27","22727.27","22727.27","22727.27","FGEDC2201","","FGEDC2201_BD","1"
"FGEDC2202","Casablanca Femme EDT Classic Violet 100ml","M6","PC","24","CT","15795.43","22727.27","22727.27","22727.27","22727.27","18728","FGEDC2202","","FGEDC2202","1"
"FGEDC2202_BD","Casablanca Femme EDT Classic Violet 100ml","M6","PC","24","CT","15340.91","22727.27","22727.27","22727.27","22727.27","22727.27","FGEDC2202","","FGEDC2202_BD","1"
"FGEDC2203","Casablanca Femme EDT Romantic Pink 100ml","M6","PC","24","CT","15795.43","22727.27","22727.27","22727.27","22727.27","18728","FGEDC2203","","FGEDC2203","1"
"FGEDC2203_BD","Casablanca Femme EDT Romantic Pink 100ml","M6","PC","24","CT","15340.91","22727.27","22727.27","22727.27","22727.27","22727.27","FGEDC2203","","FGEDC2203_BD","1"
"FGEDC2204","Casablanca Femme EDT Fantasy Green  100ml","M6","PC","24","CT","15795.45","22727.27","22727.27","22727.27","22727.27","18729","FGEDC2204","","FGEDC2204","1"
"FGEDC2204_BD","Casablanca Femme EDT Fantasy Green  100ml","M6","PC","24","CT","15340.91","22727.27","22727.27","22727.27","22727.27","22727.27","FGEDC2204","","FGEDC2204_BD","1"
"FGEDC2205","Casablanca Femme EDT Illusion Orange 100ml","M6","PC","24","CT","15795.45","22727.27","22727.27","22727.27","22727.27","18729","FGEDC2205","","FGEDC2205","1"
"FGEDC2205_BD","Casablanca Femme EDT Illusion Orange 100ml","M6","PC","24","CT","15340.91","22727.27","22727.27","22727.27","22727.27","22727.27","FGEDC2205","","FGEDC2205_BD","1"
"FGEDC2206","Casablanca Femme EDT Ener Yellow  100ml","M6","PC","24","CT","15795.45","22727.27","22727.27","22727.27","22727.27","18729","FGEDC2206","","FGEDC2206","1"
"FGEDC2206_BD","Casablanca Femme EDT Ener Yellow  100ml","M6","PC","24","CT","15795.45","22727.27","22727.27","22727.27","22727.27","18729","FGEDC2206","","FGEDC2206_BD","1"
"FGEDC2207","Casablanca Femme EDT Sporty Dark Green100ml","M6","PC","24","CT","15795.43","22727.27","22727.27","22727.27","22727.27","18728","FGEDC2207","","FGEDC2207","1"
"FGEDC2208","Casablanca Femme EDT Ambitious DarkBlue 100ml","M6","PC","24","CT","15795.43","22727.27","22727.27","22727.27","22727.27","18728","FGEDC2208","","FGEDC2208","1"
"FGEDC2208_BD","Casablanca Femme EDT Ambitious DarkBlue 100ml","M6","PC","24","CT","15340.91","22727.27","22727.27","22727.27","22727.27","22727.27","FGEDC2208","","FGEDC2208_BD","1"
"FGEDC2209","Casablanca Femme EDT Dynamic Grey 100ml","M6","PC","24","CT","15795.45","22727.27","22727.27","22727.27","22727.27","18728","FGEDC2209","","FGEDC2209","1"
"FGEDC2209_BD","Casablanca Femme EDT Dynamic Grey 100ml","M6","PC","24","CT","15340.91","22727.27","22727.27","22727.27","22727.27","22727.27","FGEDC2209","","FGEDC2209_BD","1"
"FGEDC2210","Casablanca Homme EDT Intense Red 100ml","M6","PC","24","CT","15795.45","22727.92","22727.92","22727.92","22727.92","18728","FGEDC2210","","FGEDC2210","1"
"FGEDC2210_BD","Casablanca Homme EDT Intense Red 100ml","M6","PC","24","CT","15795.45","22727.92","22727.92","22727.92","22727.92","18728","FGEDC2210","","FGEDC2210_BD","1"
"FGEDC2211","Casablanca Femme EDTRoyal D Violet 100ml","M6","PC","24","CT","15795.45","22727.27","22727.27","22727.27","22727.27","18728","FGEDC2211","","FGEDC2211","1"
"FGEDC2212","Casablanca Femme EDT Pure Clear 100ml","M6","PC","24","CT","15795.43","22727.27","22727.27","22727.27","22727.27","18729","FGEDC2212","","FGEDC2212","1"
"FGEDC2212_BD","Casablanca Femme EDT Pure Clear 100ml","M6","PC","24","CT","15340.91","22727.27","22727.27","22727.27","22727.27","22727.27","FGEDC2212","","FGEDC2212_BD","1"
"FGEDC9201","Casablanca Homme EDP 301 Royal 100ml BDT","M6","PC","24","CT","20850","30000","30000","30000","30000","30000","FGEDC9201","","FGEDC9201","1"
"FGEDC9204","Casablanca Homme EDP 308/ 100ml Aqua 100ml","M6","PC","36","CT","20850","30000","30000","30000","30000","30000","FGEDC9204","","FGEDC9204","1"
"FGEDC9205","Casablanca Homme EDP310/Tranquii100ml BANDED","M6","PC","36","CT","20850","30000","30000","30000","30000","30000","FGEDC9205","","FGEDC9205","1"
"FGEDE1007_BD","BELLAGIO HOME EDT RAVE CULTURE RED 50ML","M6","PC","48","CT","15954.55","23636.36","23636.36","23636.36","23636.36","23636.36","FGEDE1007","","FGEDE1007_BD","1"
"FGEDE1008_BD","BELLAGIO EDT ORANGE 50ML ACCELERATE BLUE BOTTLE","M6","PC","48","CT","15954.55","23636.36","23636.36","23636.36","23636.36","23636.36","FGEDE1008","","FGEDE1008_BD","1"
"FGEDE1009_BD","BELLAGIO EDT GREEN 50ML STAMINA BLUE BOTTLE","M6","PC","48","CT","15954.55","23636.36","23636.36","23636.36","23636.36","23636.36","FGEDE1009","","FGEDE1009_BD","1"
"FGEDE1010_BD","Bellagio EDT Blue 50ml Ventura Blue Bottle","M6","PC","48","CT","15954.55","23636.36","23636.36","23636.36","23636.36","23636.36","FGEDE1010","","FGEDE1010_BD","1"
"FGEDE1011_BD","Bellagio EDT Black 50ml Bold Blue Bottle","M6","PC","48","CT","15954.55","23636.36","23636.36","23636.36","23636.36","23636.36","FGEDE1011","","FGEDE1011_BD","1"
"FGEDE1012","Bellagio Homme EDT Energy  (Brown) 50ml","M6","PC","48","CT","15954.55","23636.36","23636.36","23636.36","23636.36","23636.36","FGEDE1012","B-FGEDE1012","","1"
"FGEDE1012_BD","Bellagio EDT Brown 50ml Energy Blue Bottle","M6","PC","48","CT","15954.55","23636.36","23636.36","23636.36","23636.36","23636.36","FGEDE1012","","FGEDE1012_BD","1"
"FGEDE1201","Bellagio Homme EDP Rave Culture (Red)50ml","M6","PC","48","CT","16427.26","23636.36","23636.36","23636.36","23636.36","19477","FGEDE1201","","FGEDE1201","1"
"FGEDE1202","Bellagio Homme EDP Accelerate (Org) 50ml","M6","PC","48","CT","16427.26","23636.36","23636.36","23636.36","23636.36","19477","FGEDE1202","","FGEDE1202","1"
"FGEDE1203","BELLAGIO HOMME EDP STAMINA 50ML (GREEN)","M6","PC","48","CT","16427.26","23636.36","23636.36","23636.36","23636.36","19477","FGEDE1203","","FGEDE1203","1"
"FGEDE1204","Bellagio Homme EDP Ventura (Blue) 50ml","M6","PC","48","CT","16427.26","23636.36","23636.36","23636.36","23636.36","19477","FGEDE1204","","FGEDE1204","1"
"FGEDE1205","Bellagio Homme EDP Bold 50ml (Black)","M6","PC","48","CT","16427.26","23636.36","23636.36","23636.36","23636.36","19477","FGEDE1205","","FGEDE1205","1"
"FGEDE1206","Bellagio Homme EDP Energy(Brwon) 50ml","M6","PC","48","CT","16427.26","23636.36","23636.36","23636.36","23636.36","19477","FGEDE1206","","FGEDE1206","1"
"FGEDE1206_BD","Bellagio Homme EDP Energy(Brwon) 50ml","M6","PC","48","CT","15954.55","23636.36","23636.36","23636.36","23636.36","23636.36","FGEDE1206","","FGEDE1206_BD","1"
"FGEDE1301","BELLAGIO HOMME EDP PRESTIGE COL BLACK SHADOW 50ML","M6","PC","24","CT","20662.16","29730","29730","29730","29730","24498","FGEDE1301","","FGEDE1301","1"
"FGEDE1301_BD","BELLAGIO HOMME EDP PRESTIGE COL BLACK SHADOW 50ML","M6","PC","24","CT","20662.16","29730","29730","29730","29730","29730","FGEDE1301","","FGEDE1301_BD","1"
"FGEDE1302","BELLAGIOP HOMME EDP PRESTIGE COL DARKER BLUE 50ML","M6","PC","24","CT","20662.16","29730","29730","29730","29730","24498","FGEDE1302","","FGEDE1302","1"
"FGEDE1302_BD","BELLAGIOP HOMME EDP PRESTIGE COL DARKER BLUE 50ML","M6","PC","24","CT","20662.16","29730","29730","29730","29730","29730","FGEDE1302","","FGEDE1302_BD","1"
"FGEDE1303","BELLAGIO HOMME EDP PRESTIGE COL WILD RED 50ML","M6","PC","24","CT","20662.16","29730","29730","29730","29730","24498","FGEDE1303","","FGEDE1303","1"
"FGEDE1303_BD","BELLAGIO HOMME EDP PRESTIGE COL WILD RED 50ML","M6","PC","24","CT","20662.16","29730","29730","29730","29730","24498","FGEDE1303","","FGEDE1303_BD","1"
"FGEDE2101","Bellagio Homme EDT Rave Culture (Red)100ml","M6","PC","24","CT","22745.43","32727.27","32727.27","32727.27","32727.27","26968","FGEDE2101","","FGEDE2101","1"
"FGEDE2101_BD","Bellagio Homme EDT Rave Culture (Red)100ml","M6","PC","24","CT","22090.91","32727.27","32727.27","32727.27","32727.27","32727.27","FGEDE2101","","FGEDE2101_BD","1"
"FGEDE2102","Bellagio Homme EDT Accelerate (Orange)100ml","M6","PC","24","CT","22745.45","32727.27","32727.27","32727.27","32727.27","26968","FGEDE2102","","FGEDE2102","1"
"FGEDE2102_BD","Bellagio Homme EDT Accelerate (Orange)100ml","M6","PC","24","CT","22090.91","32727.27","32727.27","32727.27","32727.27","32727.27","FGEDE2102","","FGEDE2102_BD","1"
"FGEDE2103","Bellagio Home EDT Stamina (Green) 100ml","M6","PC","24","CT","22745.43","32727.27","32727.27","32727.27","32727.27","26968","FGEDE2103","","FGEDE2103","1"
"FGEDE2103_BD","Bellagio Home EDT Stamina (Green) 100ml","M6","PC","24","CT","22090.91","32727.27","32727.27","32727.27","32727.27","32727.27","FGEDE2103","","FGEDE2103_BD","1"
"FGEDE2104","Bellagio Homme EDT Ventura (Blue)100ml","M6","PC","24","CT","22745.43","32727.27","32727.27","32727.27","32727.27","26968","FGEDE2104","","FGEDE2104","1"
"FGEDE2104_BD","Bellagio Homme EDT Ventura (Blue)100ml","M6","PC","24","CT","22090.91","32727.27","32727.27","32727.27","32727.27","32727.27","FGEDE2104","","FGEDE2104_BD","1"
"FGEDE2105","Bellagio Homme EDT Bold (Black)100ml","M6","PC","24","CT","22745.43","32727.27","32727.27","32727.27","32727.27","26968","FGEDE2105","","FGEDE2105","1"
"FGEDE2105_BD","Bellagio Homme EDT Bold (Black)100ml","M6","PC","24","CT","22090.9","32727.27","32727.27","32727.27","32727.27","32727.27","FGEDE2105","","FGEDE2105_BD","1"
"FGEDE2106","Bellagio Home EDT Energy (Brown)100ml","M6","PC","24","CT","22745.45","32727.27","32727.27","32727.27","32727.27","26968","FGEDE2106","","FGEDE2106","1"
"FGEDE2106_BD","Bellagio Home EDT Energy (Brown)100ml","M6","PC","24","CT","22090.91","32727.27","32727.27","32727.27","32727.27","32727.27","FGEDE2106","","FGEDE2106_BD","1"
"FGEDE2107","BELLAGIO HOMME EDT SPROT ROSSO (RED) 100ML","M6","PC","24","CT","25272.72","36363.64","36363.64","36363.64","36363.64","29964","FGEDE2107","","FGEDE2107","1"
"FGEDE2108","Bellagio Homme EDT SPORT Bianco (White)100ml","M6","PC","24","CT","25272.72","36363.64","36363.64","36363.64","36363.64","29964","FGEDE2108","","FGEDE2108","1"
"FGEDE2109","Bellagio Homme EDT SPORT Blu (Blue)100ml","M6","PC","24","CT","25272.72","36363.64","36363.64","36363.64","36363.64","29964","FGEDE2109","","FGEDE2109","1"
"FGEDF1001_BD","Regazza EDT Red Passionate 50ml","M6","PC","48","CT","15954.55","23636.36","23636.36","23636.36","23636.36","23636.36","FGEDF1001","","FGEDF1001_BD","1"
"FGEDF1002_BD","Regazza EDT Blue Classy 50ml","M6","PC","48","CT","15954.55","23636.36","23636.36","23636.36","23636.36","23636.36","FGEDF1002","","FGEDF1002_BD","1"
"FGEDF1003_BD","Regazza EDT Pink Feminine 50ml","M6","PC","48","CT","15954.55","23636.36","23636.36","23636.36","23636.36","23636.36","FGEDF1003","","FGEDF1003_BD","1"
"FGEDF1004_BD","Regazza EDT Violet Sophisticated 50ml","M6","PC","48","CT","15954.55","23636.36","23636.36","23636.36","23636.36","23636.36","FGEDF1004","","FGEDF1004_BD","1"
"FGEDF1005_BD","Regazza EDT White Glow 50ml","M6","PC","48","CT","15954.55","23636.36","23636.36","23636.36","23636.36","23636.36","FGEDF1005","","FGEDF1005_BD","1"
"FGEDF1006_BD","Regazza EDT Green Purity 50ml","M6","PC","48","CT","15954.55","23636.36","23636.36","23636.36","23636.36","23636.36","FGEDF1006","","FGEDF1006_BD","1"
"FGEDF1201","Regazza Femme EDP De Luxe Fasci 50ml (Pink)","M6","PC","24","CT","20662.14","29729.72","29729.72","29729.72","29729.72","24498","FGEDF1201","","FGEDF1201","1"
"FGEDF1201_BD","Regazza Femme EDP De Luxe Fasci 50ml (Pink)","M6","PC","24","CT","20067.56","29729.72","29729.72","29729.72","29729.72","29729.72","FGEDF1201","","FGEDF1201_BD","1"
"FGEDF1202","Regazza Femme EDP De Luxe Dazzling 50ml (Ungu)","M6","PC","24","CT","20662.14","29729.72","29729.72","29729.72","29729.72","19477","FGEDF1202","","FGEDF1202","1"
"FGEDF1202_BD","Regazza Femme EDP De Luxe Dazzling 50ml (Ungu)","M6","PC","24","CT","20067.56","29729.72","29729.72","29729.72","29729.72","29729.72","FGEDF1202","","FGEDF1202_BD","1"
"FGEDF1203","Regazza Femme EDP De Luxe Sparkling 50ml (Blue)","M6","PC","24","CT","20662.14","29729.72","29729.72","29729.72","29729.72","24498","FGEDF1203","","FGEDF1203","1"
"FGEDF1203_BD","Regazza Femme EDP De Luxe Sparkling 50ml (Blue)","M6","PC","24","CT","20067.56","29729.72","29729.72","29729.72","29729.72","29729.72","FGEDF1203","","FGEDF1203_BD","1"
"FGEDF1204","Regazza Femme EDP Passionate (Red)50ml","M6","PC","48","CT","16427.27","23636.36","23636.36","23636.36","23636.36","19477","FGEDF1204","","FGEDF1204","1"
"FGEDF1204_BD","Regazza Femme EDP Passionate (Red)50ml","M6","PC","48","CT","15954.55","23636.36","23636.36","23636.36","23636.36","23636.36","FGEDF1204","","FGEDF1204_BD","1"
"FGEDF1205","Regazza Femme EDP Classy (Blue) 50ml","M6","PC","48","CT","16427.27","23636.36","23636.36","23636.36","23636.36","19477","FGEDF1205","","FGEDF1205","1"
"FGEDF1205_BD","Regazza Femme EDP Classy (Blue) 50ml","M6","PC","48","CT","15954.55","23636.36","23636.36","23636.36","23636.36","23636.36","FGEDF1205","","FGEDF1205_BD","1"
"FGEDF1206","Regazza Femme EDP Feminine 50ml (Pink)","M6","PC","48","CT","16427.27","23636.36","23636.36","23636.36","23636.36","19477","FGEDF1206","","FGEDF1206","1"
"FGEDF1206_BD","Regazza Femme EDP Feminine 50ml (Pink)","M6","PC","48","CT","15954.55","23636.36","23636.36","23636.36","23636.36","23636.36","FGEDF1206","","FGEDF1206_BD","1"
"FGEDF1207","Regazza Femme EDP Sophisticated 50ml (Violet)","M6","PC","48","CT","16427.27","23636.36","23636.36","23636.36","23636.36","19477","FGEDF1207","","FGEDF1207","1"
"FGEDF1207_BD","Regazza Femme EDP Sophisticated 50ml (Violet)","M6","PC","48","CT","15954.55","23636.36","23636.36","23636.36","23636.36","23636.36","FGEDF1207","","FGEDF1207_BD","1"
"FGEDF1208","Regazza Femme EDP Glow 50ml (White)","M6","PC","48","CT","16427.27","23636.36","23636.36","23636.36","23636.36","19477","FGEDF1208","","FGEDF1208","1"
"FGEDF1208_BD","Regazza Femme EDP Glow 50ml (White)","M6","PC","48","CT","15954.55","23636.36","23636.36","23636.36","23636.36","23636.36","FGEDF1208","","FGEDF1208_BD","1"
"FGEDF1209","Regazza Femme EDP Purity 50ml (Green)","M6","PC","48","CT","16427.27","23636.36","23636.36","23636.36","23636.36","19477","FGEDF1209","","FGEDF1209","1"
"FGEDF1209_BD","Regazza Femme EDP Purity 50ml (Green)","M6","PC","48","CT","15954.55","23636.36","23636.36","23636.36","23636.36","23636.36","FGEDF1209","","FGEDF1209_BD","1"
"FGEDF2101","Regazza Femme EDT Passionate 100ml (Red)","M6","PC","24","CT","22745.43","32727.27","32727.27","32727.27","32727.27","26968","FGEDF2101","","FGEDF2101","1"
"FGEDF2101_BD","Regazza Femme EDT Passionate 100ml (Red)","M6","PC","24","CT","22090.91","32727.27","32727.27","32727.27","32727.27","32727.27","FGEDF2101","","FGEDF2101_BD","1"
"FGEDF2102","Regazza Femme EDT Classy 100ml (Blue)","M6","PC","24","CT","22745.43","32727.27","32727.27","32727.27","32727.27","26968","FGEDF2102","","FGEDF2102","1"
"FGEDF2102_BD","Regazza Femme EDT Classy 100ml (Blue)","M6","PC","24","CT","22090.91","32727.27","32727.27","32727.27","32727.27","32727.27","FGEDF2102","","FGEDF2102_BD","1"
"FGEDF2103","Regazza Femme EDT Feminine 100ml (Pink)","M6","PC","24","CT","22745.45","32727.27","32727.27","32727.27","32727.27","26968","FGEDF2103","","FGEDF2103","1"
"FGEDF2103_BD","Regazza Femme EDT Feminine 100ml (Pink)","M6","PC","24","CT","22090.91","32727.27","32727.27","32727.27","32727.27","32727.27","FGEDF2103","","FGEDF2103_BD","1"
"FGEDF2104","Regazza Femme EDT Sophisticated 100ml (Violet)","M6","PC","24","CT","22745.43","32727.27","32727.27","32727.27","32727.27","26968","FGEDF2104","","FGEDF2104","1"
"FGEDF2104_BD","Regazza Femme EDTSophisticated 100ml (Violet))","M6","PC","24","CT","22090.91","32727.27","32727.27","32727.27","32727.27","32727.27","FGEDF2104","","FGEDF2104_BD","1"
"FGEDF2105","Regazza Femme EDT Glow 100ml(White)","M6","PC","24","CT","22745.43","32727.27","32727.27","32727.27","32727.27","26968","FGEDF2105","","FGEDF2105","1"
"FGEDF2105_BD","Regazza Femme EDT Glow 100ml(White)","M6","PC","24","CT","22090.91","32727.27","32727.27","32727.27","32727.27","32727.27","FGEDF2105","","FGEDF2105_BD","1"
"FGEDF2106","Regazza Femme EDT Purity 100ml","M6","PC","24","CT","22745.43","32727.27","32727.27","32727.27","32727.27","26968","FGEDF2106","","FGEDF2106","1"
"FGEDF2106_BD","Regazza Femme EDT Purity 100ml","M6","PC","24","CT","22090.91","32727.27","32727.27","32727.27","32727.27","32727.27","FGEDF2106","","FGEDF2106_BD","1"
"FGEDF2107","REGAZZA FEMME EDT SPORT ROSSO (RED) 100ML","M6","PC","24","CT","25272.72","36363.63","36363.63","36363.63","36363.63","29964","FGEDF2107","","FGEDF2107","1"
"FGEDF2110","REGAZZA FEMME SPORT EDT AZZURO 100ML (BLUE)","M6","PC","24","CT","24545.45","36363.64","36363.64","36363.64","36363.64","29964","FGEDF2110","","FGEDF2110","1"
"FGEDF2110_BD","REGAZZA FEMME SPORT EDT AZZURO 100ML (BLUE)","M6","PC","24","CT","24545.46","36363.64","36363.64","36363.64","36363.64","36363.64","FGEDF2110","","FGEDF2110_BD","1"
"FGHCC1001","Casablanca Hair Cream Sachet Black 6gr","M6","PC","864","CT","255.68","378.79","378.79","378.79","378.79","313","FGHCC1001","B-FGHCC1001","","1"
"FGHCC1001_BD","Casablanca Hair Cream Sachet Black 6gr","M6","PC","864","CT","255.68","378.79","378.79","378.79","378.79","378.79","FGHCC1001","","FGHCC1001_BD","1"
"FGHCC1002","Casablanca Hair Cream Sachet Blue 6gr","M6","PC","864","CT","263.25","378.79","378.79","378.79","378.79","313","FGHCC1002","B-FGHCC1002","","1"
"FGHCC1002_BD","Casablanca Hair Cream Sachet Blue 6gr","M6","PC","864","CT","255.68","378.79","378.79","378.79","378.79","378.79","FGHCC1002","","FGHCC1002_BD","1"
"FGHDH0001","EXCELLO Exc HC EC-010 Nat Black 20ml+20ml","M6","PC","72","CT","6255","9000","9000","9000","9000","7416","FGHDH0001","","FGHDH0001","1"
"FGHDH0001_BD","EXCELLO Exc HC EC-010 Nat Black 20ml+20ml","M6","PC","72","CT","6074.77","9000","9000","9000","9000","9000","FGHDH0001","","FGHDH0001_BD","1"
"FGHDH0002","EXCELLO Exc HC EC-030 Dark Brown 20ml+20ml","M6","PC","72","CT","6255","9000","9000","9000","9000","7416","FGHDH0002","","FGHDH0002","1"
"FGHDH0002_BD","EXCELLO Exc HC EC-030 Dark Brown 20ml+20ml","M6","PC","72","CT","6074.77","9000","9000","9000","9000","9000","FGHDH0002","","FGHDH0002_BD","1"
"FGHDH0003","EXCELLO Exc HC EC-040 Brown 20ml+20ml","M6","PC","72","CT","6075","9000","9000","9000","9000","7416","FGHDH0003","","FGHDH0003","1"
"FGHDH0003_BD","EXCELLO Exc HC EC-040 Brown 20ml+20ml","M6","PC","72","CT","6074.77","9000","9000","9000","9000","9000","FGHDH0003","","FGHDH0003_BD","1"
"FGHDH0004","EXCELLO Exc HC EC-050 Golden Brown 20ml+20ml","M6","PC","72","CT","6255","9000","9000","9000","9000","7416","FGHDH0004","","FGHDH0004","1"
"FGHDH0004_BD","EXCELLO Exc HC EC-050 Golden Brown 20ml+20ml","M6","PC","72","CT","6074.77","9000","9000","9000","9000","9000","FGHDH0004","","FGHDH0004_BD","1"
"FGHDH0005","EXCELLO Exc HC EC-090 Bleaching 20ml+20ml","M6","PC","72","CT","6255","9000","9000","9000","9000","7416","FGHDH0005","","FGHDH0005","1"
"FGHDH0005_BD","EXCELLO Exc HC EC-090 Bleaching 20ml+20ml","M6","PC","72","CT","6074.77","9000","9000","9000","9000","9000","FGHDH0005","","FGHDH0005_BD","1"
"FGHSG2001_BD","Watchout Hand Sanitiser Gel Jeruk Nipis Lime 100ml","M6","PC","72","CT","9204.54","13636.36","13636.36","13636.36","13636.36","13636.36","FGHSG2001","","FGHSG2001_BD","1"
"FGHSG2002_BD","Watchout Hand Sanitiser Gel Aloe Vera 100ml","M6","PC","72","CT","9204.54","13636.36","13636.36","13636.36","13636.36","13636.36","FGHSG2002","","FGHSG2002_BD","1"
"FGPOC1009","Casablanca Oil-Based Pomade Black 50gr","M6","PC","48","CT","9477.27","13636.36","13636.36","13636.36","13636.36","11237","FGPOC1009","","","1"
"FGPOC1009_BD","Casablanca Oil-Based Pomade Black 50gr","M6","PC","48","CT","9204.54","13636.36","13636.36","13636.36","13636.36","13636.36","FGPOC1009","","","1"
"FGPOC1010","Casablanca Oil-Based Pomade White 50gr","M6","PC","48","CT","9477.27","13636.36","13636.36","13636.36","13636.36","11237","FGPOC1010","","","1"
"FGPOC1010_BD","Casablanca Oil-Based Pomade White 50gr","M6","PC","48","CT","9204.54","13636.36","13636.36","13636.36","13636.36","13636.36","FGPOC1010","","FGPOC1010_BD","1"
"FGPOC1011","Casablanca Oil-Based Pomade Silver 50gr","M6","PC","48","CT","9477.27","13636.36","13636.36","13636.36","13636.36","11237","FGPOC1011","","","1"
"FGPOC1011_BD","Casablanca Oil-Based Pomade Silver 50gr","M6","PC","48","CT","9204.54","13636.36","13636.36","13636.36","13636.36","13636.36","FGPOC1011","","","1"
"FGPOC1012","Casablanca Oil-Based Pomade Gold 50gr","M6","PC","48","CT","9477.27","13636.36","13636.36","13636.36","13696.36","11237","FGPOC1012","","","1"
"FGPOC1012_BD","Casablanca Oil-Based Pomade Gold 50gr","M6","PC","48","CT","9204.54","13636.36","13636.36","13636.36","13696.36","13636.36","FGPOC1012","","FGPOC1012_BD","1"
"FGPOC1013","Casablanca Oil-Based Pomade Pink 50gr","M6","PC","48","CT","9477.27","13636.36","13636.36","13636.36","13696.36","11237","FGPOC1013","","","1"
"FGPOC1013_BD","Casablanca Oil-Based Pomade Pink 50gr","M6","PC","48","CT","9204.54","13636.36","13636.36","13636.36","13696.36","13636.36","FGPOC1013","","FGPOC1013_BD","1"
"FGPOC1014","Casablanca Oil-Based Pomade Green 50gr","M6","PC","48","CT","9477.27","13636.36","13636.36","13636.36","13696.36","11237","FGPOC1014","","","1"
"FGPOC1014_BD","Casablanca Oil-Based Pomade Green 50gr","M6","PC","48","CT","9204.54","13636.36","13636.36","13636.36","13696.36","13636.36","FGPOC1014","","FGPOC1014_BD","1"
"FGPOC1015","Casablanca Oil-Based Pomade Blue 50gr","M6","PC","48","CT","9477.27","13636.36","13636.36","13636.36","13636.36","11237","FGPOC1015","","","1"
"FGPOC1015_BD","Casablanca Oil-Based Pomade Blue 50gr","M6","PC","48","CT","9204.54","13636.36","13636.36","13636.36","13636.36","13636.36","FGPOC1015","","FGPOC1015_BD","1"
"FGPOC1016","Casablanca Oil-Based Pomade Red 50gr","M6","PC","48","CT","9245.04","13636.36","13636.36","13636.36","13696.36","11237","FGPOC1016","","","1"
"FGPOC1016_BD","Casablanca Oil-Based Pomade Red 50gr","M6","PC","48","CT","9204.54","13636.36","13636.36","13636.36","13696.36","13636.36","FGPOC1016","","","1"
"FGPOC9109","Casablanca Homme Pomade Oil Based Black 50G BDT","M6","PC","48","CT","9477.26","13636.36","13636.36","13636.36","13636.36","11237","FGPOC9109","","FGPOC9109","1"
"FGPOC9110","Casablanca Homme Pomade Oil Based White 50G BDT","M6","PC","48","CT","9204.54","13636.36","13636.36","13636.36","13636.36","13636.36","FGPOC9110","","FGPOC9110","1"
"FGPOE0001","BELLAGIO H.POMADE BLCK NAT SHINE&EXTRM 36PCX24PACK","M6","PC","864","CT","613.64","909.09","909.09","909.09","909.09","909.09","FGPOE0001","B-FGPOE0001","FGPOE0001","1"
"FGPOE0001_BD","BELLAGIO H.POMADE BLCK NAT SHINE&EXTRM 36PCX24PACK","M6","PC","864","CT","613.64","909.09","909.09","909.09","909.09","909.09","FGPOE0001","","FGPOE0001_BD","1"
"FGPOE1001_BD","BELLAGIO Pomade HS&NH Orange 80gr Oil Based","M6","PC","72","CT","20863.64","30909.09","30909.09","30909.09","30909.09","30909.09","FGPOE1001","","FGPOE1001_BD","1"
"FGPOE1002","BELLAGIO Pomade HS&SH Red 80gr Water Based","M6","PC","72","CT","17027.02","25225.22","25225.22","25225.22","25225.22","25225.22","FGPOE1002","B-FGPOE1002","","1"
"FGPOE1002_BD","BELLAGIO Pomade HS&SH Red 80gr Water Based","M6","PC","72","CT","17027.02","25225.22","25225.22","25225.22","25225.22","25225.22","FGPOE1002","","FGPOE1002_BD","1"
"FGPOE1003_BD","BELLAGIO HOMME POMADE LG&SH 80gr","M6","PC","72","CT","18796.01","27845.94","27845.94","27845.94","27845.94","27845.94","FGPOE1003","","FGPOE1003_BD","1"
"FGPOE1004_BD","BELLAGIO Pomade NS&EH Black 80gr Water Based","M6","PC","72","CT","17027.02","25225.22","25225.22","25225.22","25225.22","25225.22","FGPOE1004","FGPOE1004","FGPOE1004_BD","1"
"FGPOE1006","BELLAGIO Styling Clay Dynamic Hold Red 90g","M6","PC","72","CT","22113.63","31818.18","31818.18","31818.18","31818.18","25455","FGPOE1006","B-FGPOE1006","","1"
"FGPOE1006_BD","BELLAGIO Styling Clay Dynamic Hold Red 90g","M6","PC","72","CT","21477.27","31818.18","31818.18","31818.18","31818.18","31818.18","FGPOE1006","B-FGPOE1006","FGPOE1006_BD","1"
"FGPOE1007","BELLAGIO Styling Clay Mega Hold Black 90gr","M6","PC","72","CT","22113.63","31818.18","31818.18","31818.18","31818.18","31818.18","FGPOE1007","B-FGPOE1007","","1"
"FGPOE1007_BD","BELLAGIO Styling Clay Mega Hold Black 90gr","M6","PC","72","CT","21477.27","31818.18","31818.18","31818.18","31818.18","31818.18","FGPOE1007","","FGPOE1007_BD","1"
"FGPOE1008","BELLAGIO Fiber Hair Styling Solid Violet 90GR","M6","PC","72","CT","22704.54","33636.36","33636.36","33636.36","33636.36","26910","FGPOE1008","B-FGPOE1008","","1"
"FGPOE1008_BD","BELLAGIO Fiber Hair Styling Solid Violet 90GR","M6","PC","72","CT","22704.54","33636.36","33636.36","33636.36","33636.36","33636.36","FGPOE1008","","FGPOE1008_BD","1"
"FGPOE1009","BELLAGIO Fiber Styling Tough BLUE 90 gr","M6","PC","72","CT","22704.54","33636.36","33636.36","33636.36","33636.36","26910","FGPOE1009","B-FGPOE1009","","1"
"FGPOE1009_BD","BELLAGIO Fiber Styling Tough Black 90 gr","M6","PC","72","CT","22704.54","33636.36","33636.36","33636.36","33636.36","33636.36","FGPOE1009","","FGPOE1009_BD","1"
"FGPOE1010","BELLAGIO POMADE KIDZ BubbleGum 40GX72PC","M6","PC","72","CT","8765.76","12612.61","12612.61","12612.61","12612.61","10393","FGPOE1010","FGPOE1010","FGPOE1010","1"
"FGPOE1010_BD","BELLAGIO POMADE KIDZ BubbleGum 40GX72PC","M6","PC","72","CT","8513.51","12612.61","12612.61","12612.61","12612.61","12612.61","FGPOE1010","","FGPOE1010_BD","1"
"FGPOE1011","BELLAGIO POMADE KIDZ SweetBerry 40GX72PC","M6","PC","72","CT","8765.76","12612.61","12612.61","12612.61","12612.61","12612.61","FGPOE1011","FGPOE1011","FGPOE1011","1"
"FGPOE1011_BD","BELLAGIO POMADE KIDZ SweetBerry 40GX72PC","M6","PC","72","CT","8513.51","12612.61","12612.61","12612.61","12612.61","12612.61","FGPOE1011","","FGPOE1011_BD","1"
"FGPOE1012","Bellagio Homme Pomade Water Based Neo Classic 80gr","M6","PC","72","CT","17531.52","25225.22","25225.22","25225.22","25225.22","20786","FGPOE1012","","FGPOE1012","1"
"FGPOE1012_BD","Bellagio Homme Pomade Water Based Neo Classic 80gr","M6","PC","72","CT","17027.02","25225.22","25225.22","25225.22","25225.22","25225.22","FGPOE1012","B FGPOE1012","FGPOE1012_BD","1"
"FGPOE1014","Bellagio Pomade Modern Luxe Black 80gr","M6","PC","72","CT","17531.53","25225.22","25225.22","25225.22","25225.22","20786","FGPOE1014","","FGPOE1014","1"
"FGPOE1014_BD","Bellagio Pomade Modern Luxe Black 80gr","M6","PC","72","CT","17531.53","25225.22","25225.22","25225.22","25225.22","25225.22","FGPOE1014","","FGPOE1014_BD","1"
"FGPOE1015","Bellagio Pomade Timeless Elegance Brown 80gr","M6","PC","72","CT","17531.53","25225.22","25225.22","25225.22","25225.22","20786","FGPOE1015","","FGPOE1015","1"
"FGPOE1015_BD","Bellagio Pomade Timeless Elegance Brown 80gr","M6","PC","72","CT","17027.02","25225.22","25225.22","25225.22","25225.22","25225.22","FGPOE1015","","FGPOE1015_BD","1"
"FGPOE1018","Belagio Homme Styling Clay Bold & M Look Black 90g","M6","PC","72","CT","22113.63","31818.18","31818.18","31818.18","31818.18","25455","FGPOE1018","","FGPOE1018","1"
"FGPOE1019","BELLAGIO POMADE KIDS KN&CS (BUBBLEGUM) PINKTON40GR","M6","PC","72","CT","8765.76","12612.61","12612.61","12612.61","12612.61","12612.61","FGPOE1019","","FGPOE1019","1"
"FGPOE1020","BELLAGIO PMD KIDZ V &S SWEETBERY PINKFONG40GX72PC","M6","PC","72","CT","8765.76","12612.61","12612.61","12612.61","12612.61","12612.61","FGPOE1020","","FGPOE1020","1"
"FGRNS131","SERBET NUTRISARI","60","PC","1","PC","0","0","0","0","0","0","FGRNS131","","FGRNS131","1"
"FGROC0001","Casablanca Homme Roll On Men Silver/Prestige 50ml","M6","PC","72","CT","8845.45","12727.27","12727.27","12727.27","12727.27","10488","FGROC0001","","","1"
"FGROC0001_BD","Casablanca Homme Roll On Men Silver/Prestige 50ml","M6","PC","72","CT","8590.91","12727.27","12727.27","12727.27","12727.27","12727.27","FGROC0001","","FGROC0001_BD","1"
"FGROC0002","Casablanca Homme Roll On Men Black/Dynamic 50ml","M6","PC","72","CT","8845.44","12727.27","12727.27","12727.27","12727.27","10488","FGROC0002","","","1"
"FGROC0002_BD","Casablanca Homme Roll On Men Black/Dynamic 50ml","M6","PC","72","CT","8590.91","12727.27","12727.27","12727.27","12727.27","12727.27","FGROC0002","","FGROC0002_BD","1"
"FGROC0003","Casablanca Homme Roll On Men Blue/Ambitious 50ml","M6","PC","72","CT","8845.44","12727.27","12727.27","12727.27","12727.27","10488","FGROC0003","","","1"
"FGROC0003_BD","Casablanca Homme Roll On Men Blue/Ambitious 50ml","M6","PC","72","CT","8590.91","12727.27","12727.27","12727.27","12727.27","12727.27","FGROC0003","","FGROC0003_BD","1"
"FGROC0005","Casablanca Femme Roll On Women White/Pure 50ml","M6","PC","72","CT","8845.44","12727.27","12727.27","12727.27","12727.27","10488","FGROC0005","","","1"
"FGROC0005_BD","Casablanca Femme Roll On Women White/Pure 50ml","M6","PC","72","CT","8590.91","12727.27","12727.27","12727.27","12727.27","12727.27","FGROC0005","","FGROC0005_BD","1"
"FGROC0006","Casablanca Femme Roll On Women Pink/Romantic 50ml","M6","PC","72","CT","8845.44","12727.27","12727.27","12727.27","12727.27","10488","FGROC0006","","","1"
"FGROC0006_BD","Casablanca Femme Roll On Women Pink/Romantic 50ml","M6","PC","72","CT","8590.91","12727.27","12727.27","12727.27","12727.27","12727.27","FGROC0006","","FGROC0006_BD","1"
"FGROC0007","Casablanca Femme Roll On Women Gold/Eternity 50ml","M6","PC","72","CT","8845.45","12727.27","12727.27","12727.27","12727.27","10488","FGROC0007","","","1"
"FGROC0007_BD","Casablanca Femme Roll On Women Gold/Eternity 50ml","M6","PC","72","CT","8590.91","12727.27","12727.27","12727.27","12727.27","12727.27","FGROC0007","","FGROC0007_BD","1"
"FGROC0008","Casablanca Femme Roll On Women Violet/Classic 50ml","M6","PC","72","CT","8845.44","12727.27","12727.27","12727.27","12727.27","10488","FGROC0008","","","1"
"FGROC0008_BD","Casablanca Femme Roll On Women Violet/Classic 50ml","M6","PC","72","CT","8590.91","12727.27","12727.27","12727.27","12727.27","12727.27","FGROC0008","","FGROC0008_BD","1"
"FGROC0009","Casablanca Homme Roll On Men Red/Intense 50ml","M6","PC","72","CT","8845.44","12727.27","12727.27","12727.27","12727.27","10488","FGROC0009","","","1"
"FGROC0009_BD","Casablanca Homme Roll On Men Red/Intense 50ml","M6","PC","72","CT","8590.91","12727.27","12727.27","12727.27","12727.27","12727.27","FGROC0009","","FGROC0009_BD","1"
"FGROC0010_BD","Casablanca Roll On Woman Aqua Blue 50ml","M6","PC","72","CT","8590.72","12727","12727","12727","12727","12727","FGROC0010","","FGROC0010_BD","1"
"FGROE0001","Bellagio Roll On Red Rave Culture 50ml","M6","PC","72","CT","15795.44","22727.27","22727.27","22727.27","22727.27","18728","FGROE0001","B-FGROE0001","","1"
"FGROE0001_BD","Bellagio Roll On Red Rave Culture 50ml","M6","PC","72","CT","15340.91","22727.27","22727.27","22727.27","22727.27","22727.27","FGROE0001","","FGROE0001_BD","1"
"FGROE0002","Bellagio Roll On Orange Accelerate 50ml","M6","PC","72","CT","15795.44","22727.27","22727.27","22727.27","22727.27","18728","FGROE0002","B-FGROE0002","","1"
"FGROE0002_BD","Bellagio Roll On Orange Accelerate 50ml","M6","PC","72","CT","15340.91","22727.27","22727.27","22727.27","22727.27","22727.27","FGROE0002","B-FGROE0002","FGROE0002_BD","1"
"FGROE0003","Bellagio Roll On Green Stamina 50ml","M6","PC","72","CT","15795.45","22727.27","22727.27","22727.27","22727.27","18728","FGROE0003","B-FGROE0003","","1"
"FGROE0003_BD","Bellagio Roll On Green Stamina 50ml","M6","PC","72","CT","15340.91","22727.27","22727.27","22727.27","22727.27","22727.27","FGROE0003","","FGROE0003_BD","1"
"FGROE0004","Bellagio Roll On Blue Ventura 50ml","M6","PC","72","CT","15795.44","22727.27","22727.27","22727.27","22727.27","18728","FGROE0004","B-FGROE0004","","1"
"FGROE0004_BD","Bellagio Roll On Blue Ventura 50ml","M6","PC","72","CT","15340.91","22727.27","22727.27","22727.27","22727.27","22727.27","FGROE0004","","FGROE0004_BD","1"
"FGROE0005","Bellagio Roll On Black Bold 50ml","M6","PC","72","CT","15795.45","22727.27","22727.27","22727.27","22727.27","18728","FGROE0005","B-FGROE0005","","1"
"FGROE0005_BD","Bellagio Roll On Black Bold 50ml","M6","PC","72","CT","15340.91","22727.27","22727.27","22727.27","22727.27","22727.27","FGROE0005","","FGROE0005_BD","1"
"FGROE0006","Bellagio Roll On Brown Energy 50ml","M6","PC","72","CT","15795.44","22727.27","22727.27","22727.27","22727.27","18728","FGROE0006","B-FGROE0006","","1"
"FGROE0006_BD","Bellagio Roll On Brown Energy 50ml","M6","PC","72","CT","15340.91","22727.27","22727.27","22727.27","22727.27","22727.27","FGROE0006","","FGROE0006_BD","1"
"FGROF0001_BD","Regazza Roll On Red (Passionate)50ml","M6","PC","72","CT","15340.72","22727","22727","22727","22727","22727","FGROF0001","","FGROF0001_BD","1"
"FGROF0004_BD","Regazza Roll On Violet (Shopisticased )50ml","M6","PC","72","CT","15340.72","22727","22727","22727","22727","22727","FGROF0004","","FGROF0004_BD","1"
"FL3859_BD","T3859-ER SENTER KALENG","ET","PC","72","CT","37477","44091","37477","37477","44091","44091","FL3859","","","1"
"FLBB2AA","FLBEAM 2AABP","ET","PC","64","CT","45239.77","52727","52727","52727","52727","52727","FLBB2AA","","","1"
"FLBB2AA_BD","FLBEAM 2AABP","ET","PC","64","CT","45239.77","52727","52727","52727","52727","52727","FLBB2AA","","","1"
"FLBB2D1_BD","FLBEAM 2DBP","ET","PC","24","CT","68249.61","79545","79545","79545","79545","79545","FLBB2D1","","","1"
"FLBE001_BD","FL BE-EV2D1 VT MHS SW","ET","PC","96","CT","21840.39","25455","25455","25455","25455","25455","FLBE001","","","1"
"FLBK001","FL BOOKLITE/878-3026","ET","PC","64","CT","83867","97748","97748","97748","97748","97748","FLBK001","578 0604","","1"
"FLBK001_BD","FL BOOKLITE","ET","PC","96","CT","83867","97748","97748","97748","97748","97748","FLBK001","","","1"
"FLCC002","FL EVR AP COMPACT METAL/E300719204","ET","PC","48","CT","34242.7","39910","39910","39910","39910","39910","FLCC002","E300719204","FLCC002","1"
"FLCC002_BD","EVR AP COMPACT METAL HH 12D MLHV32","ET","PC","48","CT","34242.7","39910","39910","39910","39910","39910","FLCC002","","FLCC002_BD","1"
"FLCH002_BD","FL JS CH2PC3SK 12 WD","ET","PC","24","CT","162247.03","189099","189099","189099","189099","189099","FLCH002","","","1"
"FLFC001_BD","FL FC250C FOCUS","ET","PC","48","CT","53117.92","61909","61909","61909","61909","61909","FLFC001","","","1"
"FLGP001","FL GPLN 45","ET","PC","12","CT","70823.61","82545","82545","82545","82545","82545","FLGP001","E300531400","","1"
"FLGP001_BD","FL GPLN 45","ET","PC","12","CT","70823.61","82545","82545","82545","82545","82545","FLGP001","","","1"
"FLHD001","FL HEADLIGHT VISION LED/578-3056","ET","PC","72","CT","131946.49","153784","153784","153784","153784","153784","FLHD001","E300704604","","1"
"FLHD001_BD","FL HEADLIGHT HD VISION 578-3056","ET","PC","72","CT","131946.49","153784","153784","153784","153784","153784","FLHD001","E300704604","FLHD001_BD","1"
"FLHL001_BD","FL HEADLIGHT 4 LED","ET","PC","72","CT","100502.69","117136","117136","117136","117136","117136","FLHL001","","","1"
"FLHL002_BD","FL-HEADLIGHT 6 LED","ET","PC","48","CT","111774.23","130273","130273","130273","130273","130273","FLHL002","","","1"
"FLLC001","FL METAL LIGHT 2AA/E300253001","ET","PC","16","CT","72306","84273","84273","84273","84273","84273","FLLC001","E300253001","","1"
"FLLC001_BD","FL LOW COST MTAL LCM2AA","ET","PC","16","CT","72306","84273","84273","84273","84273","84273","FLLC001","","","1"
"FLML001_BD","FL-METAL LIGHT","ET","PC","36","CT","74099.99","86363.63","86363.63","86363.63","86363.63","86363.63","FLML001","","","1"
"FLRC001_BD","FL EVEREADY RECHARGEABLE LED LIGHT","ET","PC","72","CT","47775.16","55682","55682","55682","55682","55682","FLRC001","","","1"
"FLRC105_BD","FL-GH-RC105-NS","ET","PK","6","CT","332904","388000","388000","388000","388000","388000","FLRC105","","","1"
"FLWP001_BD","FL WP-251 WATER PROFF","ET","PC","24","CT","50700.08","59091","59091","59091","59091","59091","FLWP001","","","1"
"FTC","FRUIT TEA CAN 318ML 24PC","M3","PC","24","CT","2871.62","3641.14","3228.22","3228.22","3641.14","3641.14","FTC","BJFTCAP0001","FTC","1"
"G-1015679","MMSK TP ROTI 500GR (X12EA)","MFB","PC","12","CT","20984.85","22636","22636","22636","22636","22636","1015679","","","1"
"G-1015881","MMSK TP BAKWAN (R) 100GR (X120EA)","MFB","PC","120","CT","1632.58","1818","1818","1818","1818","1818","1015881","","","1"
"G-1015941","MMSK TP BB KRISPI RCG 80GRX120EA","MFB","PC","120","CT","1564.39","1727","1727","1727","1727","1727","1015941","","","1"
"G-1015941_BD","MMSK TP BB KRISPI RCG 80GRX120EA","MFB","PC","120","CT","1564.39","1727","1727","1727","1727","1727","G-1015941","","G-1015941_BD","1"
"G-1015943","MMSK TP PISANG GRG PANDAN RCG 80GRX120EA","MFB","PC","120","CT","1666.67","1818","1818","1818","1818","1818","1015943","","","1"
"G-1015943_BD","MMSK TP PISANG GRG PANDAN RCG 80GRX120EA","MFB","PC","120","CT","1666.67","1818","1818","1818","1818","1818","G-1015943","","G-1015943_BD","1"
"G-1015944","MMSK TP TEMPE GRG RCG 80GRX120EA","MFB","PC","120","CT","1592.42","1773","1773","1773","1773","1773","1015944","","","1"
"G-1015957","MMSK TP BB KRISPI HOT RCG 80GRX120EA","MFB","PC","120","CT","1564.39","1727","1727","1727","1727","1727","1015957","","","1"
"G-1015957_BD","MMSK TP BB KRISPI HOT RCG 80GRX120EA","MFB","PC","120","CT","1564.39","1727","1727","1727","1727","1727","G-1015957","","G-1015957_BD","1"
"G-1016835","MMSK TP KRISPI KEJU 180GRX40EA","MFB","PC","40","CT","3877.27","4295","4295","4295","4295","4295","1016835","","","1"
"G-1016844","MMSK TP KRISPI LADA HTM 180GRX40EA","MFB","PC","40","CT","3877.27","4295","4295","4295","4295","4295","1016844","","","1"
"G-1017372","MMSK SAMBAL TERASI SCH 15GR X 300EA","MFB","PC","300","CT","1020.72","1146.84","1146.84","1146.84","1146.84","1146.84","1017372","","","1"
"G-1017795","MMSK TP MAIZENA 150GRX24EA","MFB","PC","24","CT","2954.55","3272.73","3272.73","3272.73","3272.73","3272.73","G-1017795","","","1"
"G-1017914","MMSK TP BB KRISPI RCG 35GRX200EA","MFB","PC","200","CT","932.43","990.99","990.99","990.99","990.99","990.99","1017914","","","1"
"G-1017915","MMSK TP BB KRISPI 225GRX40EA","MFB","PC","40","CT","3809.09","4227","4227","4227","4227","4227","G-1017915","","","1"
"G-1017922","MMSK TP PISANG GRG PANDAN 225GR","MFB","PC","40","CT","4079.55","4455","4455","4455","4455","4455","1017922","","","1"
"G-1018009","MMSK TP BAKWAN 1KGX10EA","MFB","PC","10","CT","14300","15773","15773","15773","15773","15773","1018009","","","1"
"G-1018013","BIO MIWON 200GR PREMIUM M(X80EA)","MFB","PC","80","CT","6718.18","7409.09","7409.09","7409.09","7409.09","7409.09","1018013","","","1"
"G-1018025","BIO MIWON 40GR PREMIUM M(X240EA)","MFB","PC","240","CT","1468.18","1618.18","1618.18","1618.18","1618.18","1618.18","1018025","","","1"
"G-1018061","MMSK PANCAKE MIX ORIGINAL 190GRX24EA","MFB","PC","24","CT","6314.39","6992","6992","6992","6992","6992","1018061","","","1"
"G-1018061_BD","MMSK PANCAKE MIX ORIGINAL 190GRX24EA","MFB","PC","24","CT","6314.39","6992","6992","6992","6992","6992","G-1018061","","G-1018061_BD","1"
"G-1018185","MMSK GIM 4.5GR P2 (X80EA) RUMPUT LAUT","MFB","PC","80","CT","3772.72","4204.54","4204.54","4204.54","4204.54","4204.54","1018185","","","1"
"G-1018261","MMSK GARAM REGULER250GR(x48EA)","MFB","PC","48","CT","942.87","1011","1011","1011","1011","1011","1018261","","","1"
"G-1018357","MMSK BB KUAH BAKSO 8GRX720EA","MFB","PC","720","CT","277.53","318","318","318","318","318","1018357","","","1"
"G-1018358","MMSK TP MAIZENA 1KG 10EA","MFB","PC","10","CT","13190.91","14545.45","14545.45","14545.45","14545.45","14545.45","G-1018358","","","1"
"G-1018450","MMSK TP ROTI 10KG MIX","MFB","PC","1","PC","113181.82","121182","121182","121182","121182","121182","1018450","","","1"
"G-1018739","MMSK BB KUAH BAKSO 250GX40EA","MFB","PC","40","CT","6118.18","6682","6682","6682","6682","6682","G-1018739","","","1"
"G-1018739_BD","MMSK BB KUAH BAKSO 250GX40EA","MFB","PC","40","CT","6118.18","6682","6682","6682","6682","6682","G-1018739","","G-1018739_BD","1"
"G-1019481","MMSK TP PISANG GRG VANILA (RCG) 80GR (X1","MFB","PC","120","CT","1666.67","1818","1818","1818","1818","1818","1019481","","","1"
"G-1019535","MMSK TP TEMPE GORENG (RCG) 30 GR (x200EA","MFB","PC","200","CT","704.55","773","773","773","773","773","1019535","","","1"
"G-1019741","MMSK TP BB KRISPI 900GRX10EA","MFB","PC","10","CT","14299.09","15773","15773","15773","15773","15773","1019741","","","1"
"G-1020171","DELISAOS S TIRAM UDG&JMR 130ML (X24EA)","MFB","PC","24","CT","6397.54","7053","7053","7053","7053","7053","1020171","","","1"
"G-1020175","DELISAOS S TIRAM UDG&JMR 260ML (X12 EA)","MFB","PC","12","CT","11728.86","12931","12931","12931","12931","12931","1020175","","","1"
"G-1020176","DELISAOS HOT LAVA 130ML (X24 EA)","MFB","PC","24","CT","4975.87","5486","5486","5486","5486","5486","1020176","","","1"
"G-1020177","DELISAOS HOT LAVA 260ML (X12 EA)","MFB","PC","12","CT","8885.45","9796","9796","9796","9796","9796","1020177","","","1"
"G-1020178","DELISAOS S TIRAM MANIS 130ML (X24 EA)","MFB","PC","24","CT","6397.54","7053","7053","7053","7053","7053","G-1020178","","","1"
"G-1020178_BD","DELISAOS S TIRAM MANIS 130ML (X24 EA)","MFB","PC","24","CT","6397.54","7053","7053","7053","7053","7053","G-1020178","","G-1020178_BD","1"
"G-1020179","DELISAOS S TIRAM MANIS 260ML (X12 EA)","MFB","PC","12","CT","11728.86","12931","12931","12931","12931","12931","1020179","","","1"
"G-1020190","MMSK MAYONAIS 100GR 40/CT","MFB","PC","40","CT","4654.55","5091","5091","5091","5091","5091","1020190","","","1"
"G-1020191","MMSK MAYONAIS 300GR (x12EA)","MFB","PC","12","CT","18677.27","20552","20552","20552","20552","20552","1020191","","","1"
"G-1020197","MMSK SALAD DRESSING SAUS MAYO 1KG (x8EA)","MFB","PC","8","CT","18048.18","20000","20000","20000","20000","20000","1020197","","","1"
"G-1020277","MMSK BON NORI 30 GR (X48 EA)","MFB","PC","48","CT","9150","10184","10184","10184","10184","10184","1020277","","","1"
"G-1020277_BD","MMSK BON NORI 30 GR (X48 EA)","MFB","PC","48","CT","9150","10184","10184","10184","10184","10184","G-1020277","","G-1020277_BD","1"
"G-1020278","MMSK BON NORI SPICY 30 GR (X48 EA)","MFB","PC","48","CT","9150","10184","10184","10184","10184","10184","1020278","","","1"
"G-1020278_BD","MMSK BON NORI SPICY 30 GR (X48 EA)","MFB","PC","48","CT","9150","10184","10184","10184","10184","10184","G-1020278","","G-1020278_BD","1"
"G-1020288","MMSK GIM SPICY 4.5GR P2 (X80 EA)","MFB","PC","80","CT","3772.72","4204.54","4204.54","4204.54","4204.54","4204.54","1020288","","","1"
"G-1020289","MMSK BOLOGNESE 315GR 24/CT","MFB","PC","24","CT","9856.55","11177","11177","11177","11177","11177","1020289","","","1"
"G-1020290","DELISAOS NASI GRG TERI MEDAN 50GR","MFB","PC","48","CT","3340.28","3788","3788","3788","3788","3788","1020290","","","1"
"G-1020292","MMSK SPICY ARRABIATA 315GR","MFB","PC","24","CT","9856.36","11177.27","11177.27","11177.27","11177.27","11177.27","G-1020292","","","1"
"G-1020294","DELISAOS RENDANG PADANG 50GR","MFB","PC","48","CT","3340.28","3788","3788","3788","3788","3788","1020294","","","1"
"G-1020294_BD","DELISAOS RENDANG PADANG 50GR","MFB","PC","48","CT","3340.28","3788","3788","3788","3788","3788","G-1020294","","G-1020294_BD","1"
"G-1020295","DELISAOS SOTO KUDUS 50GR","MFB","PC","48","CT","3340.28","3788","3788","3788","3788","3788","1020295","","","1"
"G-1020307","MIWON GARAM GURIH 250G (48EA)","MFB","PC","48","CT","3259.09","3545","3545","3545","3545","3545","1020307","","","1"
"G-1020314","MIWON GARAM GURIH 500G (x24EA)","MFB","PC","24","CT","6327.27","6727","6727","6727","6727","6727","1020314","","","1"
"G-1020315","MIWON GARAM GURIH 300G (x40EA)","MFB","PC","40","CT","6545.45","7091","7091","7091","7091","7091","1020315","","","1"
"G-1020316","MIWON GARAM GURIH 1KG (x12EA)","MFB","PC","12","CT","12440.91","13455","13455","13455","13455","13455","1020316","","","1"
"G-1020519","MMSK TP ROTI 200GR MIX 24/CT","MFB","PC","24","CT","7246.21","7909","7909","7909","7909","7909","1020519","","","1"
"G-1020520","MMSK GIM BBQ P2 4.5G (80X EA)","MFB","PC","80","CT","3772.72","4204.54","4204.54","4204.54","4204.54","4204.54","1020520","","","1"
"G-1020521","MMSK GIM SALTED EGG P2 4.5GR (x80EA)","MFB","PC","80","CT","3772.72","4204.54","4204.54","4204.54","4204.54","4204.54","1020521","","","1"
"G-1020922","DELISAOS HOT LAVA 6,2KG","MFB","PC","3","CT","112252.25","127297.29","127297.29","127297.29","127297.29","127297.29","1020922","","","1"
"G-1020967","MMSK BON NORI 60GR (X20EA)","MFB","PC","20","CT","15363.64","17109","17109","17109","17109","17109","1020967","","","1"
"G-1020967_BD","MMSK BON NORI 60GR (X20EA)","MFB","PC","20","CT","15363.64","17109","17109","17109","17109","17109","G-1020967","","G-1020967_BD","1"
"G-1020968","MMSK BON NORI SPICY 60 GR (X20 EA)","MFB","PC","20","CT","15363.64","17109","17109","17109","17109","17109","1020968","","","1"
"G-1020969","MMSK TP BB ALA RESTO 900GR (x10EA)","MFB","PC","10","CT","11154.55","12273","12273","12273","12273","12273","1020969","","","1"
"G-1021095","MMSK BB NASI UDUK (PAK) 20GR(240EA)","MFB","PC","240","CT","1114.25","1250","1250","1250","1250","1250","G-1021095","","","1"
"G-1021490","HOT LAVA VOLCANO 130ML 24/CT","MFB","PC","24","CT","5686.7","6270","6270","6270","6270","6270","1021490","","","1"
"G-1021491","HOT LAVA VOLCANO 260ML (x12EA)","MFB","PC","12","CT","9951.74","10972","10972","10972","10972","10972","1021491","","","1"
"G-1021674","MMSK BB SERBAGUNA RS SAPI 1KG(10XEA)","MFB","PC","10","CT","19109.09","20909","20909","20909","20909","20909","1021674","","","1"
"G-1021675","MMSK BB SERBAGUNA RS AYAM 1KG(X10EA)","MFB","PC","10","CT","19109.09","20909","20909","20909","20909","20909","1021675","","","1"
"G-1021741","MMSK SALAD DRESSING HOT LAVA 100GR (x40EA)","MFB","PC","40","CT","4616.66","5138","5138","5138","5138","5138","1021741","","","1"
"G-1021818","MMSK TERASI DUO 6 gr (16 x 20 EA )","MFB","PC","320","CT","165.76","195.49","195.49","195.49","195.49","195.49","1021818","","","1"
"G-1021878","MMSK BB LENGKAP CAPCAY 1OGR(288EA) 6X4X12","MFB","PC","288","CT","514.77","591","591","591","591","591","G-1021878","","","1"
"G-1021907","MMSK SALAD DRESSING 150GR (x24EA)","MFB","PC","24","CT","5100.61","5785","5785","5785","5785","5785","1021907","","","1"
"G-1021969","MMSK THOUSAND ISLAND 100GR (X40EA)","MFB","PC","40","CT","3906.41","4348","4348","4348","4348","4348","1021969","","","1"
"G-1021971","MMSK WIJEN SANGRAI 100GR (X40EA)","MFB","PC","40","CT","4616.66","5138","5138","5138","5138","5138","1021971","","","1"
"G-1021972","MMSK SAUS SAMBAL ALA RESTO 500GR (x24EA)","MFB","PC","24","CT","5012.5","5632","5632","5632","5632","5632","1021972","","","1"
"G-1021979","MMSK SAUS TOMAT ALA RESTO 500GR (X24EA)","MFB","PC","24","CT","4296.44","4827","4827","4827","4827","4827","1021979","","","1"
"G-1022397","MIWON 5000M M(130GRx80EA)","MFB","PC","80","CT","3736.36","4090.91","4090.91","4090.91","4090.91","4090.91","1022397","","","1"
"G-1022398","MIWON 1000M M(20GRx336EA)","MFB","PC","336","CT","718.18","786.36","786.36","786.36","786.36","786.36","G-1022398","","","1"
"G-1022398_BD","MIWON 1000M M(20GRx336EA)","MFB","PC","336","CT","718.18","786.36","786.36","786.36","786.36","786.36","G-1022398","","G-1022398_BD","1"
"G-1022437","DELISAOS KECAP ASIN CAP RAJA 320G","MFB","PC","12","CT","9147.27","10276.36","10276.36","10276.36","10276.36","10276.36","G-1022437","","G-1022437","1"
"G-1022459","MMSK GIM JAGUNG BAKAR P2 4,5G (80X EA)","MFB","PC","80","CT","3772.72","4204.54","4204.54","4204.54","4204.54","4204.54","G-1022459","","","1"
"G-1022485","MMSK DELISAOS SAUS TOPOKKI SPICY 100 GR(X40EA)","MFB","PC","40","CT","5012.73","5631.82","5631.82","5631.82","5631.82","5631.82","G-1022485","","","1"
"G-1022791","MMSK TP TEMPE GORENG 70GR(x120EA)","MFB","PC","120","CT","1592.73","1772.73","1772.73","1772.73","1772.73","1772.73","G-1022791","","","1"
"G-1023300","DELISAOS SAUS TOPOKKI ORIGINAL 1KG","MFB","PC","8","CT","45112.72","50683.63","50683.63","50683.63","50683.63","50683.63","G-1023300","","G-1023300","1"
"G-1023301","DELISAOS SAUS TOPOKKI ORIGINAL HOT 1KG","MFB","PC","8","CT","45112.72","50683.63","50683.63","50683.63","50683.63","50683.63","G-1023301","","G-1023301","1"
"G-1023302","DELISAOS SAUS TOPOKKI ORIGINAL CREAMY 1KG","MFB","PC","8","CT","45112.72","50683.63","50683.63","50683.63","50683.63","50683.63","G-1023302","","G-1023302","1"
"G-1023389","MMSK BON NORI BULGOGI 30GR-X48","MFB","PC","48","CT","9150","10183.64","10183.64","10183.64","10183.64","10183.64","G-1023389","","G-1023389","1"
"G-1023389_BD","MMSK BON NORI BULGOGI 30GR-X48","MFB","PC","48","CT","9150","10183.64","10183.64","10183.64","10183.64","10183.64","G-1023389","","G-1023389_BD","1"
"G-1023391","DELISAOS HOT LAVA 9GR","MFB","PC","480","CT","410.9","466.36","466.36","466.36","466.36","466.36","G-1023391","","G-1023391","1"
"G-1023394","DELISAOS HOT LAVA VOLCANO 9GR","MFB","PC","480","CT","445.45","480.9","480.9","480.9","480.9","480.9","G-1023394","","G-1023394","1"
"G-1023425","MMSK BON NORI BULGOGI 60 GR (X20EA)","MFB","PC","20","CT","15363.64","17109.09","17109.09","17109.09","17109.09","17109.09","G-1023425","","G-1023425","1"
"G-1023427","MMSK BON NORI EXTRA PEDAS 30 GR (X48EA)","MFB","PC","48","CT","9150","10183.64","10183.64","10183.64","10183.64","10183.64","G-1023427","","G-1023427","1"
"G-1023427_BD","MMSK BON NORI EXTRA PEDAS 30 GR (X48EA)","MFB","PC","48","CT","9150","10183.64","10183.64","10183.64","10183.64","10183.64","G-1023427","","G-1023427_BD","1"
"G-1023429","MMSK BON NORI EBI 30 GR (X48 EA)","MFB","PC","48","CT","9150","10183.64","10183.64","10183.64","10183.64","10183.64","G-1023429","","G-1023429","1"
"G-1023429_BD","MMSK BON NORI EBI 30 GR (X48 EA)","MFB","PC","48","CT","9150","10183.64","10183.64","10183.64","10183.64","10183.64","G-1023429","","G-1023429_BD","1"
"G-1023431_BD","MMSK BON NORI EBI 60 GR (X20 EA)","MFB","PC","20","CT","15363.64","17109","17109","17109","17109","17109","G-1023431","","G-1023431_BD","1"
"G-1023597","MMSK SUP KRIM DAGING SAPI LADA HITAM 55GR","MFB","PC","48","CT","4659.09","5138.18","5138.18","5138.18","5138.18","5138.18","G-1023597","","G-1023597","1"
"G-1023599","MMSK SUP KRIM SAYUR & BAWANG 55GR","MFB","PC","48","CT","4659.09","5138.18","5138.18","5138.18","5138.18","5138.18","G-1023599","","G-1023599","1"
"G-1023622","MMSK PANCAKE MIX COCONUT 160GR","MFB","PC","24","CT","6534.54","7234.54","7234.45","7234.45","7234.45","7234.54","G-1023622","","G-1023622","1"
"G-1023623","MMSK PANCAKE MIX BANANA 160GR","MFB","PC","24","CT","6534.54","7234.54","7234.54","7234.54","7234.54","7234.54","G-1023623","","G-1023623","1"
"G-1023635","MMSK SPECIAL PANCAKE MIX 3IN1 150GR","MFB","PC","24","CT","6534.54","7234.54","7234.54","7234.54","7234.54","7234.54","G-1023635","","G-1023635","1"
"G-1023844","DELISAOS HL SAUS AG ALA KOREA GARLIC 320","MFB","PC","12","CT","0","0","0","0","0","0","G-1023844","","G-1023844","1"
"G-1100317","MIWON 1KG L(X12EA)","MFB","PC","12","CT","27318.18","29636.36","29636.36","29636.36","29636.36","29636.36","1100317","","","1"
"G-1100320","MIWON 1KG M(x12EA)","MFB","PC","12","CT","27318.18","29636.36","29636.36","29636.36","29636.36","29636.36","1100320","","","1"
"G-1100322","MIWON 500GR L (X24EA) POLOS","MFB","PC","24","CT","13727.27","14954.55","14954.55","14954.55","14954.55","14954.55","1100322","","","1"
"G-1100324","MIWON 500GR M(x24EA) POLOS","MFB","PC","24","CT","13727.27","14954.55","14954.55","14954.55","14954.55","14954.55","1100324","","","1"
"G-1100327","MIWON 250GR L (X80EA)","MFB","PC","80","CT","6927.27","7636.36","7636.36","7636.36","7636.36","7636.36","1100327","","","1"
"G-1100329","MIWON 250GR M(x80EA)","MFB","PC","80","CT","6927.27","7636.36","7636.36","7636.36","7636.36","7636.36","1100329","","","1"
"G-1100333","MIWON 100GR L(X120EA)","MFB","PC","120","CT","3036.36","3336.36","3336.36","3336.36","3336.36","3336.36","1100333","","","1"
"G-1100334","MIWON 100GR L(X120EA)","MFB","PC","120","CT","3036.36","3336.36","3336.36","3336.36","3336.36","3336.36","1100334","","","1"
"G-1100335","MIWON 100GR M(x120EA)","MFB","PC","120","CT","3036.36","3336.36","3336.36","3336.36","3336.36","3336.36","1100335","","","1"
"G-1100338","MIWON 50GR L(X240EA)","MFB","PC","240","CT","1540.91","1690.91","1690.91","1690.91","1690.91","1690.91","1100338","","","1"
"G-1100342","MIWON 50GR M(x240EA)","MFB","PC","240","CT","1540.91","1690.91","1690.91","1690.91","1690.91","1690.91","1100342","","","1"
"G-1101272","MMSK TP BAKWAN 250GR(x40EA)","MFB","PC","40","CT","3920.45","4364","4364","4364","4364","4364","1101272","","","1"
"G-1101277","MMSK TP BAKSO 32GR(x100EA)","MFB","PC","100","CT","1311.64","1455","1455","1455","1455","1455","1101277","","","1"
"G-1101291","MMSK SUP KRIM AYAM(PAK) 55GR(x48EA)","MFB","PC","48","CT","4659.09","5138","5138","5138","5138","5138","1101291","","","1"
"G-1101295","MMSK SUP KRIM JAGUNG(PAK) 55GR(x48EA)","MFB","PC","48","CT","4659.09","5138","5138","5138","5138","5138","1101295","","","1"
"G-1101297","MMSK SUP KRIM JAMUR(PAK) 55GR(x48EA)","MFB","PC","48","CT","4659.09","5138","5138","5138","5138","5138","1101297","","","1"
"G-1101298","MIWON KOPI GINSENG(GST) 20GR(x360EA)","MFB","PC","360","CT","1250","1786.36","1786.36","1786.36","1786.36","1786.36","1101298","","","1"
"G-1101309","MMSK BB NASI GORENG(PAK) 20GR(x240EA)","MFB","PC","240","CT","1016.36","1136","1136","1136","1136","1136","1101309","","","1"
"G-1101310","MMSK BB OPOR(PAK) 16GR(x240EA)","MFB","PC","240","CT","1114.25","1250","1250","1250","1250","1250","1101310","","","1"
"G-1101312","MMSK BB RENDANG(PAK) 25GR(x240EA)","MFB","PC","240","CT","1114.25","1250","1250","1250","1250","1250","1101312","","","1"
"G-1101314","MMSK BB AYAM GORENG(PAK) 35GR(x240EA)","MFB","PC","240","CT","1114.25","1250","1250","1250","1250","1250","1101314","","","1"
"G-1101316","MMSK BB GULAI(PAK) 25GR(x240EA)","MFB","PC","240","CT","1114.25","1250","1250","1250","1250","1250","G-1101316","","","1"
"G-1101316_BD","MMSK BB GULAI(PAK) 25GR(x240EA)","MFB","PC","240","CT","1114.25","1250","1250","1250","1250","1250","G-1101316","","G-1101316_BD","1"
"G-1101318","MMSK BB SOTO AYAM(PAK) 20GR(x240EA)","MFB","PC","240","CT","1114.25","1250","1250","1250","1250","1250","G-1101318","","","1"
"G-1101318_BD","MMSK BB SOTO AYAM(PAK) 20GR(x240EA)","MFB","PC","240","CT","1114.25","1250","1250","1250","1250","1250","G-1101318","","G-1101318_BD","1"
"G-1101333","MMSK TERASI(JUANA) 90GR(x60EA)","MFB","PC","60","CT","2568.18","2727","2727","2727","2727","2727","1101333","","","1"
"G-1101335","MMSK TERASI 4GR (x640EA)","MFB","PC","640","CT","184.09","211","211","211","211","211","1101335","","","1"
"G-1101338","MMSK BB KUAH BAKSO 100GR","MFB","PC","36","CT","3262.37","3545","3545","3545","3545","3545","G-1101338","","","1"
"G-1101338_BD","MMSK BB KUAH BAKSO 100GR","MFB","PC","36","CT","3262.37","3545","3545","3545","3545","3545","G-1101338","","G-1101338_BD","1"
"G-1101339","MMSK BB SOP 5GR(x360EA)","MFB","PC","360","CT","277.53","318","318","318","318","318","1101339","","","1"
"G-1101766","MMSK BB LENGKAP TUMIS 10GR(X288EA) 6X4X12","MFB","PC","288","CT","514.77","591","591","591","591","591","G-1101766","","","1"
"G-1102169","MMSK TEPUNG ROTI 100 Gr [x48]","MFB","PC","48","CT","5170.45","5682","5682","5682","5682","5682","1102169","","","1"
"G-1102170","MMSK TEPUNG ROTI 200 GR (x24)","MFB","PC","24","CT","9530.3","10386","10386","10386","10386","10386","1102170","","","1"
"G-9001517","PAYUNG STANDART","MFB","PC","1","PC","0","0","0","0","0","0","G-9001517","","","1"
"G-9001657","GELAS KERAMIK 2","MFB","PC","1","PC","0","0","0","0","0","0","G-9001657","","","1"
"G-9002007","MANGKOK MIWON LUCKY","MFB","PC","1","PC","0","0","0","0","0","0","G-9002007","","","1"
"G-9002018","GELAS BIR 13","MFB","PC","1","PC","0","0","0","0","0","0","G-9002018","","","1"
"G-9002031","SENDOK MULTI","MFB","PC","1","PC","0","0","0","0","0","0","G-9002031","","","1"
"GELAS","GELAS LOKALATE 2023","60","PC","1","PC","0","0","0","0","0","0","GELAS","","GELAS","1"
"GHNA001_BD","GH AV458G  NAMUB","ET","PC","4","CT","242657.84","282818","282818","282818","282818","282818","GHNA001","","","1"
"GL001","GELAS POLOS POCI","M3","PC","1","PC","0","0","0","0","0","0","GL001","","","1"
"GL002","GELAS LOKALATE","60","PC","1","PC","0","0","0","0","0","0","GL002","","","1"
"GMKK","GIMMICK KAOS KAKI","60","PC","1","PC","0","0","0","0","0","0","GMKK","","","1"
"GMMX001","GUMMY FROZEN MIX MIX FLAVOR 120GX12","MFB","BG","12","CT","7120","8000","8000","8000","8000","8000","GMMX001","1000273","GMMX001","1"
"GMMX001_BD","GUMMY FROZEN MIX MIX FLAVOR 120GX12","MFB","PC","12","CT","7120","8000","8000","8000","8000","8000","GMMX001","1000273","GMMX001_BD","1"
"GRCO001","GARIBORI COOLMINT BOX 20BX10PCX30G","MFB","PC","200","CT","1260.25","1438.29","1438.29","1438.29","1438.29","1438.29","GRCO001","C206002120218","GRCO001","1"
"GRCO001_BD","GARIBORI COOLMINT BOX 20BX10PCX30G","MFB","PC","200","CT","1138.28","1300","1300","1300","1300","0","GRCO001","","GRCO001_BD","1"
"GRLO001_BD","GARIBORI LONG 40 gr","MFB","PC","288","CT","686.93","765.5","765.5","765.5","765.5","765.5","GRLO001","","","1"
"GRLO002","GARIBORI LONG 30gr 15x10","MFB","PC","150","CT","637","727.22","727.22","727.22","727.22","727.22","GRLO002","C.206002120212","","1"
"GRLO002_BD","GARIBORI LONG 30gr 15x10","MFB","PC","150","CT","637","727.22","727.22","727.22","727.22","727.22","GRLO002","","","1"
"GRLO003","GARIBORI LONG 16GR 20X10","MFB","PC","200","CT","637","727.22","727.22","727.22","727.22","727.22","GRLO003","","GRLO003","1"
"GRNW001_BD","GARIBORI NEW 25 gr","MFB","PC","300","CT","337.33","373.6","373.6","373.6","373.6","373.6","GRNW001","","","1"
"GRSC001_BD","GARIBORI SACHET 2,2 gr","MFB","PC","300","CT","363","363","363","363","363","363","GRSC001","","","1"
"GRSP001_BD","GARIBORI NEW SPEARMINT 30X10","MFB","PC","300","CT","337.3","373.6","373.6","373.6","373.6","373.6","GRSP001","","","1"
"GRSP003_BD","GARIBORI NEW PAPERMINT 30X10","MFB","PC","300","CT","337.33","373.6","373.6","373.6","373.6","373.6","GRSP003","","","1"
"HDLD001","ENR UNIVERSALHL 60 HL OS HD33A4/E300479703","ET","PC","72","CT","91751.89","106937","106937","106937","106937","106937","HDLD001","078-0526","","1"
"HDLD001_BD","FL HEADLIGHT 3 LED","ET","PC","72","CT","91751.89","106937","106937","106937","106937","106937","HDLD001","","","1"
"HDLD002_BD","FL HEADLIGHT EVEREDY CLIP ON","ET","PC","96","CT","39780.31","46364","46364","46364","46364","46364","HDLD002","","","1"
"HDLD003","FL UNIVERSAL HEADLIGHT/E301690801","ET","PC","72","CT","73398","85545","85545","85545","85545","85545","HDLD003","E301690801","","1"
"HDLD003_BD","FL UNIVERSAL HEADLIGHT/E301690801","ET","PC","72","CT","73398","85545","85545","85545","85545","85545","HDLD003","","HDLD003_BD","1"
"HTLK002_BD","FL LED3  OPP Key Ring","ET","PC","192","CT","19110","22272.73","22272.73","22272.73","22272.73","22272.73","HTLK002","","","1"
"ICCL004","IM COCO LYCHEE 350ML 24/CT","MFB","PC","24","CT","4963.2","5640","5640","5640","5640","5640","ICCL004","1000055","","1"
"ICCL004_BD","IM COCO LYCHEE 350ML 24/CT","MFB","PC","24","CT","4963.2","5640","5640","5640","5640","5640","ICCL004","1000055","","1"
"ICCM002","IM COCO MANGO 350ML 24/CT","MFB","PC","24","CT","4963.2","5640","5640","5640","5640","5640","ICCM002","1000058","","1"
"ICCM002_BD","I'M COCO MANGO 350ML 24/CT","MFB","PC","24","CT","4963.2","5640","5640","5640","5640","5640","ICCM002","1000058","","1"
"ICCM003","IM COCO COCOMELON 350ML 24/CT","MFB","PC","24","CT","4963.2","5640","5640","5640","5640","5640","ICCM003","1000057","ICCM003","1"
"ICCM003_BD","IM COCO COCOMELON 350ML 24/CT","MFB","PC","24","CT","4963.2","5640","5640","5640","5640","5640","ICCM003","1000057","ICCM003_BD","1"
"ICCS003","IM COCO STRAWBERRY 350ML 24/CT","MFB","PC","24","CT","4963.2","5640","5640","5640","5640","5640","ICCS003","1000056","","1"
"ICCS003_BD","IM COCO STRAWBERRY 350ML 24/CT","MFB","PC","24","CT","4963.2","5640","5640","5640","5640","5640","ICCS003","1000056","","1"
"ICCW001","IM COCO COCONUT WATER 350ML 24/CT","MFB","PC","24","CT","4963.2","5640","5640","5640","5640","5640","ICCW001","1000057","","1"
"ICCW001_BD","IM COCO COCONUT WATER 350ML 24/CT","MFB","PC","24","CT","4963.2","5640","5640","5640","5640","5640","ICCW001","1000057","","1"
"ICCY005","IM COCO YOGHURT 250ML 12/CT","MFB","PC","12","CT","4963.2","5640","5640","5640","5640","5640","ICCY005","1000260","ICCY005","1"
"ICCY005_BD","IM COCO YOGHURT 250ML 12/CT","MFB","PC","12","CT","4963.2","5640","5640","5640","5640","5640","ICCY005","1000260","ICCY005_BD","1"
"INAM006_BD","INACO SP ALOVERA PEACH 280 GR MAKRO 3X8 BD","MFB","BD","8","CT","9981","11215","11215","11215","11215","11215","INAM006","","","1"
"INAP003","INACO ALOEVERA SP PEACH 280 GR X 24 PK","MFB","PK","24","CT","5007","5690","5690","5690","5690","5690","INAP003","1000010","","1"
"INAP003_BD","INACO ALOEVERA SP PEACH 280 GR X 24 PK","MFB","PK","24","CT","5007","5690","5690","5690","5690","5690","INAP003","1000010","","1"
"INAP003_BN","INACO ALOEVERA SP PEACH 280 GR X 24 PK","MFB","PK","24","CT","0","0","0","0","0","0","INAP003","","","1"
"INAP004_BD","NACO ALOEVERA CUP 200 GR X 12 CUP","MFB","CP","12","CT","1967","2278","2210","2210","2278","2278","INAP004","","","1"
"INAP005","INACO ALOE CUP PEACH 200 GR X 24 CUP","MFB","CP","24","CT","3216","3655","3655","3655","3655","3655","INAP005","1000017","","1"
"INAP005_BD","INACO ALOEVERA CUP PEACH 200 GR X 24 CUP","MFB","CP","24","CT","3216","3655","3655","3655","3655","3655","INAP005","1000017","","1"
"INAP006_BD","INACO ALOE JELLY STRAW 48CUP/CT","MFB","PC","48","CT","2490.61","2888","2888","2888","2888","2888","INAP006","","","1"
"INAP006_BN","INACO ALOE JELLY STRAW 48CUP/CT","MFB","PC","48","CT","0","0","0","0","0","0","INAP006","","","1"
"INAP007_BD","ALOE JELLY PEACH 90GRX48","MFB","PC","48","CT","2490.61","2888","2888","2888","2888","2888","INAP007","","","1"
"INAP007_BN","ALOE JELLY PEACH 90GRX48","MFB","PC","48","CT","0","0","0","0","0","0","INAP007","","","1"
"INAP008","INACO ALOE CUP LYCHEE 200GRX24PC","MFB","PC","24","CT","3216.4","3655","3655","3655","3655","3655","INAP008","1000283","INAP008","1"
"INAP008_BD","INACO ALOE CUP LYCHEE 200GRX24PC","MFB","PC","24","CT","3216.4","3655","3655","3655","3655","3655","INAP008","1000283","INAP008_BD","1"
"INAP010","SP ALOEVERA BANANA 280GR 24/CT","MFB","PC","24","CT","5007","5690","5690","5690","5690","5690","INAP010","1000011","","1"
"INAP010_BD","SP ALOEVERA BANANA 280GR 24/CT","MFB","PC","24","CT","5007","5690","5690","5690","5690","5690","INAP010","1000011","","1"
"INAP010_BN","SP ALOEVERA BANANA 280GR 24/CT","MFB","PC","24","CT","0","0","0","0","0","0","INAP010","","","1"
"INAP011_BD","ALOE JELLY STRAW 90GR BANDED","MFB","PC","16","CT","8539.48","9902","9902","9902","9902","9902","INAP011","","","1"
"INAP011_BN","ALOE JELLY STRAW 90GR BANDED","MFB","PC","16","CT","0","0","0","0","0","0","INAP011","","","1"
"INAP012","ALOE CUP BANANA 200 GR X 24 CUP","MFB","PC","24","CT","3216","3655","3655","3655","3655","3655","INAP012","1000018","","1"
"INAP012_BD","ALOE CUP BANANA   200 GR X 24 CUP","MFB","PC","24","CT","3216","3655","3655","3655","3655","3655","INAP012","1000018","","1"
"INAP012_BN","ALOE CUP BANANA 200 GR X 24 CUP","MFB","PC","24","CT","0","0","0","0","0","0","INAP012","","","1"
"INAP013_BD","ALOE JELLY PEACH 90GR BANDED","MFB","PC","16","CT","8539.48","9902","9902","9902","9902","9902","INAP013","","","1"
"INAP013_BN","ALOE JELLY PEACH 90GR BANDED","MFB","PC","16","CT","0","0","0","0","0","0","INAP013","","","1"
"INAP014","ALOEVERA SP LYCHEE 280GRX24","MFB","PC","24","CT","5007","5690","5690","5690","5690","5690","INAP014","1000282","INAP014","1"
"INAP014_BD","ALOEVERA SP LYCHEE 280GRX24","MFB","PC","24","CT","5007","5690","5690","5690","5690","5690","INAP014","1000282","INAP014_BD","1"
"INBB001","NDC BUBBLE BOI SACHET 12X10X20G","MFB","PC","120","CT","320.32","364","364","364","364","364","INBB001","1000219","","1"
"INBB001_BD","NDC BUBBLE BOI SACHET 12X10X20G","MFB","PC","120","CT","320.32","364","364","364","364","364","INBB001","1000219","","1"
"INBB002","INACO BUBBLE BOI ANGGUR SCH 12X10X20G","MFB","PC","120","CT","320.32","364","364","364","364","364","INBB002","1000228","","1"
"INBB002_BD","INACO BUBBLE BOI ANGGUR SCH 12X10X20G","MFB","PC","120","CT","320.32","364","364","364","364","364","INBB002","1000228","","1"
"INBB003","NATADECOCO BUBBLEBOI LYCHEE 20GX120","MFB","PC","120","CT","320.32","364","364","364","364","364","INBB003","1000229","","1"
"INBB003_BD","NATADECOCO BUBBLEBOI LYCHEE 20GX120","MFB","PC","120","CT","320.32","364","364","364","364","364","INBB003","1000229","","1"
"INBB004","NATADECOCO BUBBLEBOI YAGHURT 30GX80","MFB","PC","80","CT","648.6","705","705","705","705","705","INBB004","1000252","INBB004","1"
"INBB004_BD","NATADECOCO BUBBLEBOI YAGHURT 30GX80","MFB","PC","80","CT","648.6","705","705","705","705","705","INBB004","1000252","INBB004_BD","1"
"INBB005","NATADECOCO BUBBLEBOI LYCHEE 30GX80","MFB","PC","80","CT","648.6","705","705","705","705","705","INBB005","1000257","","1"
"INBB005_BD","NATADECOCO BUBBLEBOI LYCHEE 50GX80","MFB","PC","80","CT","648.6","705","705","705","705","705","INBB005","1000257","INBB005_BD","1"
"INBB006","NATADECOCO BUBBLEBOI GRAPE 30GX80","MFB","PC","80","CT","648.6","705","705","705","705","705","INBB006","1000258","","1"
"INBB006_BD","NATADECOCO BUBBLEBOI GRAPE 30GX80","MFB","PC","80","CT","648.6","705","705","705","705","705","INBB006","1000258","","1"
"INBB007","NATADECOCO BUBBLEBOI BUBBLEGUM 30GX80","MFB","PC","80","CT","648.6","705","705","705","705","705","INBB007","1000259","","1"
"INBB007_BD","NATADECOCO BUBBLEBOI BUBBLEGUM 30GX80","MFB","PC","80","CT","648.6","705","705","705","705","705","INBB007","1000259","INBB007_BD","1"
"INBB008","NATADECOCO BUBBLEBOI BLACKCURRANT 30X80","MFB","PC","80","CT","648.6","705","705","705","705","705","INBB008","1000277","","1"
"INCP001","IDM NATADECOCO COCOPANDAN 900GX12","MFB","PC","12","CT","9768","11100","11100","11100","11100","11100","INCP001","1000062","INCP001","1"
"INCP001_BD","IDM NATADECOCO COCOPANDAN 900GX12","MFB","PC","12","CT","7700","8750","8750","8750","8750","8750","INCP001","1000062","INCP001_BD","1"
"INDC026_BD","INACO COCO DRINK COCOPANDAN 200MLX24CUP","MFB","CP","24","CT","606.82","754","681.82","681.82","754","754","INDC026","","","1"
"INDF027_BD","INACO COCO DRINK FRAMBOZEN 200MLX24CUP","MFB","CP","24","CT","606.82","754","681.82","681.82","754","754","INDF027","","","1"
"INDG_BD","INDOMIE GORENG","60","PC","1","CT","0","0","0","0","0","0","INDG","","","1"
"INDG027_BD","INACO COCO DRINK GUAVA 200MLX24","MFB","PC","24","CT","606.82","754","681.82","681.82","754","754","INDG027","","","1"
"INDL028_BD","INACO COCO DRINK LYCHEE 200MLX24CUP","MFB","CP","24","CT","606.82","754","681.82","681.82","754","754","INDL028","","","1"
"INDO029_BD","INACO COCO DRINK ORANGE 200MLX24CUP","MFB","CP","24","CT","606.82","754","681.82","681.82","754","754","INDO029","","","1"
"INDR030_BD","INACO COCO DRINK RASPBERRY 200MLX24CUP","MFB","CP","24","CT","606.82","754","681.82","681.82","754","754","INDR030","","","1"
"INHM001","PUDDING HOKKAIDO MELON 120GRX48/CT","MFB","PC","48","CT","3880.8","4410","4410","4410","4410","4410","INHM001","1000352","INHM001","1"
"INHM001_BD","PUDDING HOKKAIDO MELON 120GRX48/CT","MFB","PC","48","CT","3880.8","4410","4410","4410","4410","4410","INHM001","","INHM001_BD","1"
"INKP023_BD","INACO MN.JELLY 16 GR KIPAS 15CUPX24PK","MFB","PK","24","CT","3176","3678","3568","3568","3678","3678","INKP023","","","1"
"INMJ007_BD","NACO MN.JELLY 16 GR 15'S MAKRO 4X6BD","MFB","BD","6","CT","12947.44","14713","14713","14713","14713","14713","INMJ007","","","1"
"INMJ008","INACO MN.JELLY 16 GR 15 CUP X 24 PK","MFB","PK","24","CT","5381","6115","6115","6115","6115","6115","INMJ008","1000042","","1"
"INMJ008_BD","INACO MN.JELLY 16 GR 15 CUP X 24 PK","MFB","PK","24","CT","5381","6115","6115","6115","6115","6115","INMJ008","1000042","","1"
"INMJ009","INACO MN.JELLY 16 GR 25 CUP X 12 PK","MFB","PK","12","CT","8848","10055","10055","10055","10055","10055","INMJ009","1000043","","1"
"INMJ009_BD","INACO MN.JELLY 16 GR 25 CUP X 12 PK","MFB","PK","12","CT","8848","10055","10055","10055","10055","10055","INMJ009","1000043","","1"
"INMJ010_BD","MNJELLY 16GR KURMA 1X10KG/CT","MFB","PC","1","CT","179107.54","207685","207685","207685","207685","207685","INMJ010","","","1"
"INMJ011","INACO MN.JELLY 16 GR 50 CUP X 8 TOPLES","MFB","TP","8","CT","22021.6","25024.55","25024.55","25024.55","25024.55","25024.55","INMJ011","1000046","","1"
"INMJ011_BD","INACO MN.JELLY 16 GR 50 CUP X 8 TOPLES","MFB","TP","8","CT","22021.604","25024.55","25024.55","25024.55","25024.55","25024.55","INMJ011","1000046","","1"
"INMJ012","INACO MN.JELLY 16 GR 5CUP X 72 PK","MFB","PK","72","CT","1817","2065","2065","2065","2065","2065","INMJ012","1000041","","1"
"INMJ012_BD","INACO MN.JELLY 16 GR 5CUP X 72 PK","MFB","PK","72","CT","1817","2065","2065","2065","2065","2065","INMJ012","1000041","","1"
"INMJ013_BD","INACO MN.JELLY 16 GR RENCENG 5CUPX72PK","MFB","PK","72","CT","1301.95","1581","1493","1493","1581","1581","INMJ013","","","1"
"INMJ014","INACO MN.JELLY GRAPE 1X10KG","MFB","CT","1","CT","217620","247300","247300","247300","247300","247300","INMJ014","1000030","","1"
"INMJ014_BD","INACO MN.JELLY GRAPE 1X10KG","MFB","CT","1","CT","208956","237450","237450","237450","237450","237450","INMJ014","1000030","","1"
"INMJ015","INACO MN.JELLY LYCHEE 1X10KG","MFB","CT","1","CT","217620","247300","247300","247300","247300","247300","INMJ015","1000026","","1"
"INMJ015_BD","INACO MN.JELLY LYCHEE 1X10KG","MFB","CT","1","CT","208956","237450","237450","237450","237450","237450","INMJ015","1000026","","1"
"INMJ016","INACO MN.JELLY MANGO 1X10KG","MFB","CT","1","CT","217620","247300","247300","247300","247300","247300","INMJ016","1000029","","1"
"INMJ016_BD","INACO MN.JELLY MANGO 1X10KG","MFB","CT","1","CT","208956","237450","237450","237450","237450","237450","INMJ016","1000029","","1"
"INMJ017","INACO MN.JELLY MIX ASSORTED 16GR 40CUP X 12PK","MFB","PK","12","CT","20048.16","22782","22782","22782","22782","22782","INMJ017","1000264","","1"
"INMJ017_BD","INACO MN.JELLY MIX 16GR 40CUP X 12PK","MFB","PK","12","CT","20048.16","22782","22782","22782","22782","22782","INMJ017","1000264","","1"
"INMJ017_BN","INACO MN.JELLY MIX 16GR 40CUP X 12PK","MFB","PK","12","CT","0","0","0","0","0","0","INMJ017","","","1"
"INMJ018","INACO MN.JELLY ORANGE 1X10KG","MFB","CT","1","CT","217620","247300","247300","247300","247300","247300","INMJ018","1000027","","1"
"INMJ018_BD","INACO MN.JELLY ORANGE 1X10KG","MFB","CT","1","CT","208956","237450","237450","237450","237450","237450","INMJ018","1000027","","1"
"INMJ019","INACO MN.JELLY STRAWBERRY 1X10KG","MFB","CT","1","CT","217620","247300","247300","247300","247300","247300","INMJ019","INMJ019","","1"
"INMJ019_BD","INACO MN.JELLY STRAWBERRY 1X10KG","MFB","CT","1","CT","208956","237450","237450","237450","237450","237450","INMJ019","INMJ019","","1"
"INMJ020","INACO MN JELLY MIX 1x10kg","MFB","CT","1","CT","217620","247300","247300","247300","247300","247300","INMJ020","1000031","","1"
"INMJ020_BD","INACO MN JELLY MIX 1x10kg","MFB","PC","1","CT","208956","237450","237450","237450","237450","237450","INMJ020","1000031","","1"
"INMJ021_BN","MINI JELY 16gr 1KGX12 BAG","MFB","PC","12","CT","0","0","0","0","0","0","INMJ021","","","1"
"INMJ022","MNJELLY 16GR PINEAPPLE 1X10KG/CT","MFB","PC","1","CT","217620","247300","247300","247300","247300","247300","INMJ022","1000032","","1"
"INMJ022_BD","MNJELLY 16GR PINEAPPLE 1X10KG/CT","MFB","PC","1","PC","208956","237450","237450","237450","237450","237450","INMJ022","1000032","INMJ022_BD","1"
"INMJ023","MINIJELLY 50S 15GR 50CUP X 6 BIG","MFB","PC","6","CT","23786","27030","27030","27030","27030","27030","INMJ023","1000234","","1"
"INMJ023_BD","MINIJELLY 50S 15GR 50CUP X 6 BIG","MFB","PC","6","CT","23786","27030","27030","27030","27030","27030","INMJ023","1000234","","1"
"INMJ024","MN JELLY 50S 15G 50CUPX6BIG LIM ED","MFB","PC","6","CT","23786","27030","27030","27030","27030","27030","INMJ024","1000321","INMJ024","1"
"INMP020_BD","INACO MN.PUDING MANGO 16GR 15CUPX24PK","MFB","PK","24","CT","4817.92","5856","5524","5524","5856","5856","INMP020","","","1"
"INMP021","MINI PUDING MANGO LUNCH BOX","MFB","PC","24","CT","10173","11560","11560","11560","11560","11560","INMP021","1000047","","1"
"INMP021_BD","MINI PUDING MANGO LUNCH BOX","MFB","BD","24","CT","10173","11560","11560","11560","11560","11560","INMP021","1000047","","1"
"INMP022","INACO PUDDING ANEKA RASA 25SX12Pk","MFB","BX","12","CT","11622.16","13207","13207","13207","13207","13207","INMP022","1000048","","1"
"INMP022_BD","INACO PUDDING ANEKA RASA 25SX12Pk","MFB","BX","12","CT","11622.16","13207","13207","13207","13207","13207","INMP022","1000048","","1"
"INMP024_BD","INACO PUDDING GUAVA 80GR 1X48/CT","MFB","PC","48","CT","1828.98","2063.09","2063.09","2063.09","2063.09","2063.09","INMP024","","","1"
"INMP026","MINI PUDDING MIX FLAVOR 15G 10CUPX30","MFB","PC","30","CT","4052.4","4605.4","4605.4","4605.4","4605.4","4605.4","INMP026","1000271","INMP026","1"
"INMP026_BD","MINI PUDDING MIX FLAVOR 15G 10CUPX30","MFB","PC","30","CT","4052.4","4605.4","4605.4","4605.4","4605.4","4605.4","INMP026","1000271","INMP026_BD","1"
"INMP027","MINI PUDDING 3CUPX60","MFB","PC","60","CT","1188.88","1351","1351","1351","1351","1351","INMP027","1000288","INMP027","1"
"inmp027_BD","MINI PUDDING 3CUPX60","MFB","PC","60","CT","1188.88","1351","1351","1351","1351","1351","INMP027","","inmp027_BD","1"
"INMY022_BD","INACO MN.YOGJELL 15GR 10'S MAKRO 3X12 BD","MFB","PK","12","CT","8704","9780","9780","9780","9780","9780","INMY022","","","1"
"INMY025_BD","NACO MN.YOGJELL 15 GR 10PCX36PK","MFB","PK","36","CT","2814","3260","3162","3162","3260","3260","INMY025","","","1"
"INNP024_BD","INACO MN.JELLY NEAPOLITAN BUBBLE 25 CUPSX12BOX","MFB","BX","12","CT","10713","12410","12037","12037","12410","12410","INNP024","","","1"
"INPM002","PUDING MANGO INACO 120 48/CT","MFB","PC","48","CT","2868.8","3260","3260","3260","3260","3260","INPM002","1000053","","1"
"INPM002_BD","PUDING MANGO INACO 120 48/CT","MFB","PC","48","CT","2868.8","3260","3260","3260","3260","3260","INPM002","1000053","","1"
"INPM003","PUDING MARKISA INACO 120GR 48/CT","MFB","PC","48","CT","2868.8","3260","3260","3260","3260","3260","INPM003","1000054","","1"
"INPM003_BD","PUDING MARKISA INACO 120GR 48/CT","MFB","PC","48","CT","2868.8","3260","3260","3260","3260","3260","INPM003","1000054","","1"
"INPN001","PUDDING NUSANTARA 120GR 3SX16PACK","MFB","PC","16","CT","8342.4","9480","9480","9480","9480","9480","INPN001","1000278","INPN001","1"
"INPN001_BD","PUDDING NUSANTARA 120GR 3SX16PACK","MFB","PC","16","CT","8342.4","9480","9480","9480","9480","9480","INPN001","1000278","INPN001_BD","1"
"JASHUJAN","JAS HUJAN LOKALATE","60","PC","1","PC","0","0","0","0","0","0","JASHUJAN","","JASHUJAN","1"
"JYMN001","JOYMINT FRESH CANDY BX 15X10X25","MFB","PC","150","CT","628.98","702.27","702.27","702.27","702.27","702.27","JYMN001","","","1"
"JYMN001_BD","JOYMINT FRESH CANDY BX 15X10X25","MFB","PC","150","CT","628.98","702.27","702.27","702.27","702.27","702.27","JYMN001","","","1"
"JYMN002_BD","JOYMINT FRESH CANDY JAR 6X25X20G","MFB","TP","6","CT","15896.3","18158.38","18158.38","18158.38","18158.38","18158.38","JYMN002","","","1"
"JYMN003_BD","JOYMINT VIT C 12X10X25G","MFB","PC","120","CT","1207","1378.29","1378.29","1378.29","1378.29","1378.29","JYMN003","","JYMN003","1"
"KAOS","KAOS LOKALATE","60","PC","1","PC","0","0","0","0","0","0","KAOS","","","1"
"KAOSNS","KAOS NUTRISARI","60","PC","1","PC","0","0","0","0","0","0","KAOSNS","","KAOSNS","1"
"KAOSUNGU","KAOS LOKALATE UNGU","60","PC","1","CT","0","0","0","0","0","0","KAOSUNGU","","KAOSUNGU","1"
"KKBC001_BD","KOLANG KALING SP BLACKCURRANT","MFB","PC","24","CT","5373.61","6934.5","6934.5","6934.5","6934.5","6934.5","KKBC001","","","1"
"KKFB001","KOLANG KALING SP FRAMB 360GR","MFB","PC","24","CT","6857","7792","7792","7792","7792","7792","KKFB001","1000005","","1"
"KKFB001_BD","KOLANG KALING SP FRAMB 360GR","MFB","PC","24","CT","6857","7792","7792","7792","7792","7792","KKFB001","1000005","","1"
"KKFB001_BN","KOLANG KALING SP FRAMB 360GR","MFB","PC","24","CT","0","0","0","0","0","0","KKFB001","","KKFB001_BN","1"
"KKMX001_BD","KOLANGKALING MIX SP 360GR 24PC","MFB","PC","24","CT","6719.65","7791.81","7791.81","7791.81","7791.81","7791.81","KKMX001","","","1"
"KOMJ031_BD","KONNYAKU MN.JELLY 16GR 20CUPX20PK","MFB","PK","20","CT","5082","5886","5710","5710","5886","5886","KOMJ031","","","1"
"KOMJ032_BD","KONNYAKU MN.JELLY 16GR MAKRO 2X10BD","MFB","BD","10","CT","10360.24","11773","11773","11773","11773","11773","KOMJ032","","","1"
"KOMJ033","KONNYAKU MN.JELLY 12SX30PK","MFB","PC","30","CT","5513","6265","6265","6265","6265","6265","KOMJ033","1000044","","1"
"KOMJ033_BD","KONNYAKU MN.JELLY 12SX30PK","MFB","PC","30","CT","5513","6265","6265","6265","6265","6265","KOMJ033","1000044","","1"
"KPRIMA","KASO PRIMA","M3","PC","1","PC","0","0","0","0","0","0","KPRIMA","","KPRIMA","1"
"KRCL001","KARMELLOW RASA CARAMEL 20GX40PC","MFB","PC","40","CT","1308.1","1486.48","1486.48","1486.48","1486.48","1486.48","KRCL001","","KRCL001","1"
"KRCL001_BD","KARMELLOW RASA CARAMEL 20GX40PC","MFB","PC","40","CT","1308.1","1486.48","1486.48","1486.48","1486.48","1486.48","KRCL001","","KRCL001_BD","1"
"KRCO002","KARMELLOW RASA COKLAT 20GX40PC","MFB","PC","40","CT","1308.1","1486.48","1486.48","1486.48","1486.48","1486.48","KRCO002","","KRCO002","1"
"KRCO002_BD","KARMELLOW RASA COKLAT 20GX40PC","MFB","PC","40","CT","1308.1","1486.48","1486.48","1486.48","1486.48","1486.48","KRCO002","","KRCO002_BD","1"
"KRPIMA","KAOS OBLONG PRIM-A","M3","PC","1","PC","0","0","0","0","0","0","KRPIMA","","KRPIMA","1"
"KRSB001_BD","KERUPUK SELERAKU BAWANG 60GX3PCSX15PAK","M3","PC","45","CT","1209.09","1390.91","1390.91","1390.91","1390.91","1390.91","KRSB001","","","1"
"KRSB002_BD","KERUPUK SELERAKU BAWANG 60GX4PCSX15PAK","M3","PC","60","CT","1005.45","1159.09","1159.09","1159.09","1159.09","1159.09","KRSB002","","","1"
"KRST003","KARMELLOW RASA STRAWBERRY 20GX40PC","MFB","PC","40","CT","1308.1","1486.48","1486.48","1486.48","1486.48","1486.48","KRST003","","KRST003","1"
"KRST003_BD","KARMELLOW RASA STRAWBERRY 20GX40PC","MFB","PC","40","CT","1308.1","1486.48","1486.48","1486.48","1486.48","1486.48","KRST003","","KRST003_BD","1"
"KRSU001_BD","KERUPUK SELERAKU UDANG 60GX3PCSX15PAK","M3","PC","45","CT","1209.09","1390.91","1390.91","1390.91","1390.91","1390.91","KRSU001","","","1"
"KRSU002_BD","KERUPUK SELERAKU UDANG 60GX4PCSX15PAK","M3","PC","60","CT","1005.45","1159.09","1159.09","1159.09","1159.09","1159.09","KRSU002","","","1"
"KRT","KRAT SOSRO MERAH","M3","KR","1","KR","11711.71","11711.71","11711.71","11711.71","11711.71","11711.71","KRT","","KRT","1"
"KRTB","KRAT TEBS","M3","KR","1","KR","11711.71","11711.71","11711.71","11711.71","11711.71","11711.71","KRTB","","KRTB","1"
"KRTF","KRAT FRUITTEA","M3","KR","1","KR","11711.71","11711.71","11711.71","11711.71","11711.71","11711.71","KRTF","","KRTF","1"
"KRTS","KRAT S-TEE","M3","PC","1","KR","11711.71","11711.71","11711.71","11711.71","11711.71","11711.71","KRTS","","KRTS","1"
"KSM01_BD","KSEMAR 600ML POUCH","MFB","PC","12","CT","12127.27","13181.82","13181.82","13181.82","13181.82","13181.82","KSM01","","","1"
"KSM02","KSEMAR 600ML BTL","MFB","BT","12","CT","14218.18","15454.55","15454.55","15454.55","15454.55","15454.55","KSM02","","","1"
"KSM02_BD","KSEMAR 600ML BTL","MFB","BT","12","CT","14218.18","15454.55","15454.55","15454.55","15454.55","15454.55","KSM02","","","1"
"KSM03_BD","KSEMAR 6KG JERIGEN","MFB","JRG","1","JRG","81127.27","88181.82","88181.82","88181.82","88181.82","88181.82","KSM03","","","1"
"KTKPENSIL","KOTAK PENSIL","60","PC","1","PC","0","0","0","0","0","0","KTKPENSIL","","KTKPENSIL","1"
"LCIL001","FL LOW COST LED 2AA SW/178-2073","ET","PC","144","CT","21102.16","24595","24595","24595","24595","24595","LCIL001","178-2073","","1"
"LCIL001_BD","LCIL2AA 144/CT","ET","PC","144","CT","21102.16","24595","24595","24595","24595","24595","LCIL001","","","1"
"LCIL002","FL LOW COST LED 2D SW/978-2074","ET","PC","96","CT","27208.65","31712","31712","31712","31712","31712","LCIL002","978-2074","","1"
"LCIL002_BD","LCIL2D","ET","PC","96","CT","27208.65","31712","31712","31712","31712","31712","LCIL002","","","1"
"LCIL003","FL LOW COST LED 2AA BP/778-2334","ET","PC","72","CT","27363.24","31892","31892","31892","31892","31892","LCIL003","778-2334","","1"
"LCIL003_BD","LCIL 2AA BP VSMBB","ET","PC","72","CT","27363.24","31892","31892","31892","31892","31892","LCIL003","","","1"
"LCIL004","FL LOW COST LED 2D BP/778-2353","ET","PC","24","CT","49083.78","57207","57207","57207","57207","57207","LCIL004","778-2353","","1"
"LCIL004_BD","LCIL2D VSMBB","ET","PC","24","CT","49083.78","57207","57207","57207","57207","57207","LCIL004","","","1"
"LCKB5","MNP LPC BADAK BOTOL 500ML","MFB","PC","24","CT","5550","6600","6200","6200","6600","6600","LCKB5","","LCKB5","1"
"LCKT2","MNP LPC BADAK BOTOL 200ML","MFB","PC","48","CT","2682.5","3200","3000","3000","3200","0","LCKT2","","LCKT2","1"
"LCKTA","MNP LPC.BADAK CAN 320ML APPLE","MFB","PC","24","CT","4810","5700","5400","5400","5700","5700","LCKTA","","LCKTA","1"
"LCKTG","MNP LPC BADAK CAN 320ML GRAPE","MFB","PC","24","CT","4810","5700","5400","5400","5700","5700","LCKTG","","LCKTG","1"
"LCKTJ","MNP LPC BADAK CAN 320ML GUAVA","MFB","PC","24","CT","4810","5700","5400","5400","5700","5700","LCKTJ","","LCKTJ","1"
"LCKTL","MNP LPC BADAK CAN 320ML LYCHEE","MFB","PC","24","CT","4810","5700","5400","5400","5700","5700","LCKTL","","LCKTL","1"
"LCKTM","MNP LPC BADAK CAN 320ML MELON","MFB","PC","24","CT","4810","5700","5400","5400","5700","5700","LCKTM","","LCKTM","1"
"LCKTO","MNP LPC BADAK KALENG 320ML ORANGE","MFB","PC","24","CT","4810","5700","5400","5400","5700","5700","LCKTO","","LCKTO","1"
"LCKTS","MNP LPC BADAK CAN 320ML STRWBRY","MFB","PC","24","CT","4810","5700","5400","5400","5700","5700","LCKTS","","LCKTS","1"
"LDBL001","LED BIKE LIGHTS BFL3AA","ET","PC","48","CT","140204.92","163409","163409","163409","163409","163409","LDBL001","","","1"
"LDBL001_BD","LED BIKE LIGHTS BFL3AA","ET","PC","48","CT","140204.92","163409","163409","163409","163409","163409","LDBL001","","","1"
"LDBL002_BD","LED BIKE LIGHTS BRL23A","ET","PC","18","CT","79170.23","92273","92273","92273","92273","92273","LDBL002","","","1"
"LEDINEW_BD","LED LONG LIFE","ET","PC","24","PC","43680","50909.09","50909.09","50909.09","50909.09","50909.09","LEDINEW","","","1"
"LGD","LONG BAR STRAWBERRY 580GRX9BX","MFB","BX","9","CT","28143.77","31623","31623","31623","31623","31623","LGD","","LGD","1"
"LGD_BD","LONG BAR STRAWBERRY 580GRX9BX","MFB","BX","9","CT","27946","31400","31400","31400","31400","31400","LGD","","LGD_BD","1"
"LGE","LONG BAR STRAWBERRY 725GRX6JAR","MFB","JR","6","CT","32188.33","36167","36167","36167","36167","36167","LGE","","LGE","1"
"LGE_BD","LONG BAR STRAWBERRY 725GRX6JAR","MFB","JR","6","CT","31966","35917","35917","35917","35917","35917","LGE","","LGE_BD","1"
"LLENA","MNP LPC BADAK CAN 320ML LEMON","MFB","PC","24","CT","4810","5700","5400","5400","5700","5700","LLENA","","LLENA","1"
"LLPAJ","MNP LPC.BADAK CAN-SLIM 238ML ANAK JAMBU","MFB","PC","24","CT","3750","5000","4700","4700","5000","5000","LLPAJ","","LLPAJ","1"
"LLPAS","MNP LPC.BADAK CAN-SLIM 238ML ANAK STRWBR","MFB","PC","24","CT","3750","5000","4700","4700","5000","5000","LLPAS","","LLPAS","1"
"LLPLK","MNP LPC BADAK BOTOL 350ML","MFB","PC","24","CT","4532.5","5400","5100","5100","5400","5400","LLPLK","","LLPLK","1"
"LSPB001","LARISST POPCORN BERONDONG CHOCOBERRY 75GX30PC","MFB","PC","30","CT","4911.71","5225.22","5225.22","5225.22","5225.22","5225.22","LSPB001","","LSPB001","1"
"LTBP121_BD","EL 123 AP-BP1","ET","PK","192","CT","18018","21000","21000","21000","21000","21000","LTBP121","","","1"
"LTBP122_BD","EL 1CR2  BP1","ET","PK","192","CT","21450","25000","25000","25000","25000","25000","LTBP122","","","1"
"LTBP123_BD","EL 223 AP-BP1","ET","PK","192","CT","40326","47000","47000","47000","47000","47000","LTBP123","","","1"
"LTBP124_BD","EL 2CR5 BP1","ET","PK","192","CT","40326","47000","47000","47000","47000","47000","LTBP124","","","1"
"LTBP125","L 91 BP2","ET","PK","24","CT","59596.22","69459","69459","69459","69459","69459","LTBP125","246-0939","","1"
"LTBP125_BD","L 91 BP2","ET","PC","192","CT","59596.22","69459","69459","69459","69459","69459","LTBP125","","","1"
"LU4","LAZERY JUMBO ASSORTED 60GRX28BKS","MFB","BG","28","CT","4976","5939.28","5939.28","5939.28","5939.28","5939.28","LU4","","LU4","1"
"LU4_BD","LAZERY JUMBO ASSORTED 60GRX28BKS","MFB","BG","28","CT","4976","5786","5786","5786","5786","5786","LU4","","LU4_BD","1"
"LU6","LAZERY JUMBO ASS 112GRX28BAG","MFB","BG","28","CT","5139.75","5775","5775","5775","5775","5775","LU6","","LU6","1"
"LU6_BD","LAZERY JUMBO ASS 112GRX28BAG","MFB","PC","28","CT","5139.75","5775","5775","5775","5775","5775","LU6","","LU6_BD","1"
"LZLBA","LIANG TEH CAP BADAK","MFB","PC","24","CT","4083.33","5400","5100","5100","5400","5400","LZLBA","","LZLBA","1"
"MAAL002_BD","MANISAN ALOEVERA 330 GR X 24 JAR","MFB","JR","24","CT","8779","10272","9864","9864","10272","10272","MAAL002","","","1"
"MBCDR001","BELLA CHOC DRINK RENCENG 3X20X28GR","MFB","PC","60","CT","1788.73","2252.25","2252.25","2252.25","2252.25","2252.25","MBCDR001","","","1"
"MBCDR002","BELLA CHOCOLATE DRINK 12X5X28GR","MFB","PC","60","CT","1313.1","1454.95","1454.95","1454.95","1454.95","1454.95","MBCDR002","","","1"
"MBCDR002_BD","BELLA CHOCOLATE DRINK 12X5X28GR","MFB","PC","60","CT","1313.1","1454.95","1454.95","1454.95","1454.95","1454.95","MBCDR002","","","1"
"MBCMG001","BELLA CHOCO MULTI GRAIN 6BX12PCX22GR","MFB","PC","72","CT","4960","5856","5856","5856","5856","5856","MBCMG001","C301007010790","MBCMG001","1"
"MBCMG001_BD","BELLA CHOCO MULTI GRAIN 6BX12PCX22GR","MFB","PC","72","CT","4960","5856","5856","5856","5856","5856","MBCMG001","","MBCMG001_BD","1"
"MBDCC001","BELLA DARK CHO COMPOUND 24X250GR","MFB","PC","24","CT","18110.98","20067.56","20067.56","20067.56","20067.56","20067.56","MBDCC001","C.304002010076","","1"
"MBDCC001_BD","BELLA DARK CHO COMPOUND 24X250GR","MFB","PC","24","CT","16036.03","18243.24","18243.24","18243.24","18243.24","18243.24","MBDCC001","","MBDCC001_BD","1"
"MBLBG001_BD","BELLA BIGGER BAG 12X10X24GR","MFB","PC","120","CT","0","0","0","0","0","0","MBLBG001","","","1"
"MBLCB001_BD","BELLA CRISPY BAR BOX 20 gr","MFB","PC","216","CT","0","0","0","0","0","0","MBLCB001","","","1"
"MBLCB003_BD","BELLA CRISPY CEREAL  20 gr 8 x24PC","MFB","PC","192","CT","0","0","0","0","0","0","MBLCB003","","","1"
"MBLCB006","BELLA CRISPY CEREAL  20 gr 6x24PC","MFB","PC","144","CT","739.07","818.2","818.92","818.92","818.92","818.2","MBLCB006","C.103002010226","","1"
"MBLCB006_BD","BELLA CRISPY CEREAL  20 gr 6x24PC","MFB","PC","144","CT","739.07","818.2","818.92","818.92","818.92","818.2","MBLCB006","","","1"
"MBLCB007","BELLA CRISPY CEREAL BX 12X24X10GR EXT 2PC","MFB","PC","288","CT","792.74","878.38","878.38","878.38","878.38","878.38","MBLCB007","","MBLCB007","1"
"MBLCB007_BD","BELLA CRISPY CEREAL BX 12X24X12GR EXT 2PC","MFB","PC","288","CT","739.07","819.92","818.92","819.92","819.92","819.92","MBLCB007","","MBLCB007_BD","1"
"MBLCC002","BELLA CHOCOLATE CHIPS BOX 24X150GR","MFB","PC","24","CT","11769.09","13040.54","13040.54","13040.54","13040.54","13040.54","MBLCC002","C.307004030207","MBLCC002","1"
"MBLCJ001_BD","BELLA CRISPY JAR 20 gr","MFB","JR","6","CT","0","0","0","0","0","0","MBLCJ001","","","1"
"MBLCM001_BD","BELLA CHOC MEISES 90 gr","MFB","PC","120","CT","3252.27","3613.64","3613.64","3613.64","3613.64","3613.64","MBLCM001","","","1"
"MBLCM002","BELLA CHOC MEISES 225 gr 4 x 12 PC","MFB","PC","48","CT","14574.16","16148.65","16148.65","16148.65","16148.65","16148.65","MBLCM002","C.104005010203","","1"
"MBLCM002_BD","BELLA CHOC MEISES 225 gr","MFB","PC","48","CT","14574.16","16148.65","16148.65","16148.65","16148.65","16148.65","MBLCM002","","","1"
"MBLCM003","BELLA MEISES JAR 150GRx48","MFB","PC","48","CT","0","0","0","0","0","0","MBLCM003","","","1"
"MBLCM003_BD","BELLA MEISES JAR 150GRx48","MFB","PC","48","CT","0","0","0","0","0","0","MBLCM003","","","1"
"MBLCM004_BD","BELLA MEISES EKONOMI 3KG 4/CT","MFB","PC","4","CT","60054.55","66727.27","66727.27","66727.27","66727.27","66727.27","MBLCM004","","","1"
"MBLCM006","BELLA MEISES CHOCOLATE JAR 24X130G","MFB","PC","24","CT","8470.22","9181.82","9181.82","9181.82","9181.82","9181.82","MBLCM006","","","1"
"MBLCM006_BD","BELLA MEISES CHOCOLATE JAR 24X130G","MFB","PC","24","CT","8470.22","9181.82","9181.82","9181.82","9181.82","9181.82","MBLCM006","","","1"
"MBLCM007","BELLA CHO RICE SACHET 10X12X90GR","MFB","PC","120","CT","6240.26","6914.41","6914.41","6914.41","6914.41","6914.41","MBLCM007","C.104005010202","","1"
"MBLCM007_BD","BELLA CHO RICE SACHET 10X12X90GR","MFB","PC","120","CT","4960","5856","5856","5856","5856","5856","MBLCM007","","","1"
"MBLCP001","BELLA CRISPY CHO PREMIUM 6X12X50G","MFB","PC","72","CT","6240.26","6914.41","6914.41","6914.41","6914.41","6914.41","MBLCP001","","","1"
"MBLCP001_BD","BELLA CRISPY CHO PREMIUM 6X12X50G","MFB","PC","72","CT","6240.26","6914.41","6914.41","6914.41","6914.41","6914.41","MBLCP001","","","1"
"MBLCP002","BELLA CASHEW CHO PREMIUM 6X12X45G","MFB","PC","72","CT","6240.26","6914.41","6914.41","6914.41","6914.41","6914.41","MBLCP002","C.103002010218","","1"
"MBLCP002_BD","BELLA CASHEW CHO PREMIUM 6X12X50G","MFB","PC","72","CT","6240.26","6914.41","6914.41","6914.41","6914.41","6914.41","MBLCP002","","","1"
"MBLCP003","BELLA COOKIES&CREAM 6X12X50G","MFB","PC","72","CT","6240.26","6914.41","6914.41","6914.41","6914.41","6914.41","MBLCP003","C.103002010217","","1"
"MBLCP003_BD","BELLA COOKIES&CREAM 6X12X50G","MFB","PC","72","CT","6240.26","6914.41","6914.41","6914.41","6914.41","6914.41","MBLCP003","","","1"
"MBLCP004","BELLA CHOC COOKIES&CREAM 12X24X10GR","MFB","PC","288","CT","792.74","878.38","878.38","878.38","878.38","878.38","MBLCP004","C.03002010227","","1"
"MBLCP004_BD","BELLA CHOC COOKIES&CREAM 12X24X12GR","MFB","PC","288","CT","739.07","818.92","818.92","818.92","818.92","818.92","MBLCP004","","MBLCP004_BD","1"
"MBLLG001_BD","BELLA LONGER 22GR 6X24PC","MFB","PC","144","CT","0","0","0","0","0","0","MBLLG001","","","1"
"MBLMC001_BD","BELLA MILK COKLAT BOX 20gr","MFB","PC","216","CT","0","0","0","0","0","0","MBLMC001","","","1"
"MBLMC002_BD","BELLA MILK  BOX 16 gr 8 X 24PC","MFB","PC","192","CT","0","0","0","0","0","0","MBLMC002","","","1"
"MBLMJ001_BD","BELLA MILK JAR 24 gr","MFB","JR","6","CT","0","0","0","0","0","0","MBLMJ001","","","1"
"MBLMJ002_BD","BELLA MILK JAR SQUARE 6X50","MFB","PC","6","CT","0","0","0","0","0","0","MBLMJ002","","","1"
"MBLMW001","BELLA MESES WARNA 90 GR 4x30 pcs","MFB","PC","120","CT","3938.18","4363.64","4363.64","4363.64","4363.64","4363.64","MBLMW001","","","1"
"MBLMW001_BD","BELLA MESES WARNA 90 GR","MFB","PC","120","CT","3938.18","4363.64","4363.64","4363.64","4363.64","4363.64","MBLMW001","","","1"
"MBLMW002","BELLA MESES WARNA 225 GR 4x12 pcs","MFB","PC","48","CT","14574.16","16148.65","16148.65","16148.65","16148.65","16148.65","MBLMW002","C.104005010205","","1"
"MBLMW002_BD","BELLA MESES WARNA 225 GR","MFB","","48","","14574.16","16148.65","16148.65","16148.65","16148.65","16148.65","MBLMW002","","","1"
"MBLMW003","BELLA CHO RICE MIX COLOR SCH 10X12X90G","MFB","PC","120","CT","6240.26","6914.41","6914.41","6914.41","6914.41","6914.41","MBLMW003","C.104005010204","","1"
"MBLMW003_BD","BELLA CHO RICE MIX COLOR SCH 10X12X90G","MFB","PC","120","CT","6240.26","6914.41","6914.41","6914.41","6914.41","6914.41","MBLMW003","","","1"
"MBLPH001","BELLA PREMIUM HAZELNUT 6BX12PX45G","MFB","PC","72","CT","6240.26","6914.41","6914.41","6914.41","6914.41","6914.41","MBLPH001","C103002010241","MBLPH001","1"
"MBLPH001_BD","BELLA PREMIUM HAZELNUT 6BX12PX45G","MFB","PC","72","CT","6240.26","6914.41","6914.41","6914.41","6914.41","6914.41","MBLPH001","C103002010241","MBLPH001_BD","1"
"MBLWB001_BD","BELLA WAFER BIG CKLT 25 gr","MFB","PC","120","CT","0","0","0","0","0","0","MBLWB001","","","1"
"MBLWB002_BD","BELLA WAFER BIG COK 25GR BANDED","MFB","PC","60","CT","0","0","0","0","0","0","MBLWB002","","","1"
"MBLWB003_BD","BELLA WAFER BIG TOPLES 6X50PCS","MFB","PC","6","CT","0","0","0","0","0","0","MBLWB003","","","1"
"MBLWB004_BD","BELLA WAFER BOX COKLAT 6x50PC","MFB","PC","300","CT","0","0","0","0","0","0","MBLWB004","","","1"
"MBLWB005_BD","BELLA BIGGER JAR 6X36PC","MFB","PC","6","CT","0","0","0","0","0","0","MBLWB005","","","1"
"MBLWB006_BD","BELLA BIGGER BOX 6X24PC","MFB","PC","144","CT","0","0","0","0","0","0","MBLWB006","","","1"
"MBLWB007_BD","BELLA BIGGER JAR 6X50PC","MFB","PC","6","CT","0","0","0","0","0","0","MBLWB007","","","1"
"MBLWC001_BD","BELLA WAFER COKLAT 15 gr","MFB","PC","200","CT","0","0","0","0","0","0","MBLWC001","","","1"
"MBLWK001_BD","BELLA WAFER COCONUT 15 gr","MFB","PC","200","CT","0","0","0","0","0","0","MBLWK001","","","1"
"MBLWO001_BD","BELLA WAFER ORANGE 15 gr","MFB","PC","200","CT","0","0","0","0","0","0","MBLWO001","","","1"
"MBLWP001_BD","BELLA WAFER COCOPANDAN 15 gr","MFB","PC","200","CT","0","0","0","0","0","0","MBLWP001","","","1"
"MBLWS001_BD","BELLA WAFER STRAWBERRY 15 gr","MFB","PC","200","CT","0","0","0","0","0","0","MBLWS001","","","1"
"MBLYG001_BD","BELLA YOGHURT 12GR","MFB","PC","144","CT","0","0","0","0","0","0","MBLYG001","","","1"
"MBMCH002","BELLA PREMIUM CRUNCHY MALT 6BX12PX45G","MFB","PC","72","CT","6240.26","6914.41","6914.41","6914.41","6914.41","6914.41","MBMCH002","","MBMCH002","1"
"MBMCH002_BD","BELLA PREMIUM CRUNCHY MALT 6BX12PX45G","MFB","PC","72","CT","5671.11","6283.78","6283.78","6283.78","6283.78","6283.78","MBMCH002","","MBMCH002_BD","1"
"MBMCH003","BELLA SPREAD MALT CRUNCHY 12X300GR","MFB","PC","12","CT","27034.35","29954.95","29954.95","29954.95","29954.95","29954.95","MBMCH003","","MBMCH003","1"
"MBMSP001","BELLA MR.P SPREAD PEANUT 12X300GR","MFB","PC","12","CT","28071","31103.59","31103.59","31103.59","31103.59","31103.59","MBMSP001","C.304002010160","MBMSP001","1"
"MBMSP001_BD","BELLA MR.P SPREAD PEANUT 12X300GR","MFB","PC","12","CT","28071","31103.59","31103.59","31103.59","31103.59","31103.59","MBMSP001","","MBMSP001_BD","1"
"MBPHC001","BELLA MR.P Pre Honey Cashew 6BX12PCX45G","MFB","PC","72","CT","6870.38","7612.61","7612.61","7612.61","7612.61","7612.61","MBPHC001","","MBPHC001","1"
"MBPHC001_BD","BELLA MR.P Pre Honey Cashew 6BX12PCX45G","MFB","PC","72","CT","6240.25","6914.41","6914.41","6914.41","6914.41","6914.41","MBPHC001","","MBPHC001_BD","1"
"MBPSP001","BELLA MrP SPREAD PEANUT JAR 24X200G","MFB","PC","24","CT","20123.31","22297.3","22297.3","22297.3","22297.3","22297.3","MBPSP001","C.304002010180","MBPSP001","1"
"MBSCC001","BELLA SPREAD CHO JAR 12X300GR","MFB","PC","12","CT","27034.35","29954.95","29954.95","29954.95","29954.95","29954.95","MBSCC001","C.304002010099","","1"
"MBSCC001_BD","BELLA SPREAD CHO JAR 12/CT","MFB","PC","12","CT","24635.81","27297.29","27297.29","27297.29","27297.29","27297.29","MBSCC001","C.304002010099","MBSCC001_BD","1"
"MBSCC002","BELLA SPREAD CASHEW CHOC 12X300GR","MFB","PC","12","CT","27034.35","29954.95","29954.95","29954.95","29954.95","29954.95","MBSCC002","","","1"
"MBSCC002_BD","BELLA SPREAD CASHEW CHOC 12X330GR","MFB","PC","12","CT","21506","25495","25495","25495","25495","25495","MBSCC002","","","1"
"MBSCC003","BELLA SPREAD TWIN CHOC HAZENUT 330G","MFB","JR","12","CT","21506","25495","25495","25495","25495","25495","MBSCC003","C.304002010128","","1"
"MBSCC004","BELLA SPREAD TWIN CHOC CHEESE 330G","MFB","JR","12","CT","27034.35","29954.95","29954.95","29954.95","29954.95","29954.95","MBSCC004","C.304002010143","MBSCC004","1"
"MBSCE001","BELLA SPREAD CHOCOLATE JAR 24X200GR","MFB","PC","24","CT","19228.94","21306.3","21306.3","21306.3","21306.3","21306.3","MBSCE001","C.304002010172","MBSCE001","1"
"MBSCE001_BD","BELLA SPREAD CHOCOLATE JAR 24X200GR","MFB","PC","24","CT","16261.26","19369.36","19369.36","19369.36","19369.36","19369.36","MBSCE001","","MBSCE001_BD","1"
"MBSCH001","BELLA SPREAD CHOCO HAZELNUT SCH 12BX8PX30GR","MFB","PC","96","CT","2601.8","2882.88","2882.88","2882.88","2882.88","2882.88","MBSCH001","C.104005010131","MBSCH001","1"
"MBSCH001_BD","BELLA SPREAD CHOCO HAZELNUT SCH 12BX8PX30GR","MFB","PC","98","CT","2601.8","2882.88","2882.88","2882.88","2822.88","2882.88","MBSCH001","C.104005010131","MBSCH001_BD","1"
"MBSCH002","BELLA SPREAD CHO HAZEL JAR 12X300GR","MFB","PC","12","CT","27034.35","29954.95","29954.95","29954.95","29954.95","29954.95","MBSCH002","","MBSCH002","1"
"MBSCH003","BELLA SPREAD CHO HAZELNUT JAR 24X200G","MFB","PC","24","CT","19228.94","21306.3","21306.3","21306.3","21306.3","21306.3","MBSCH003","C.304002010179","MBSCH003","1"
"MBSCN001","BELLA SPREAD CHASEWNUT 300 JAR 12/CT","MFB","PC","12","CT","27034.35","29954.95","29954.95","29954.95","29954.95","29954.95","MBSCN001","","","1"
"MBSCN001_BD","BELLA SPREAD CHASEWNUT 300 JAR 12/CT","MFB","PC","12","CT","24635.81","27297.29","27297.29","27297.29","27297.29","27297.29","MBSCN001","","MBSCN001_BD","1"
"MBSCN002","BELLA SPREAD CHASEWNUT JAR 24X200G","MFB","PC","24","CT","19228.94","21306.3","21306.3","21306.3","21306.3","21306.3","MBSCN002","C.304002010173","MBSCN002","1"
"MBSCN002_BD","BELLA SPREAD CHASEWNUT JAR 24X200G","MFB","PC","24","CT","16261.26","19369.36","19369.36","19369.36","19369.36","19369.36","MBSCN002","","MBSCN002_BD","1"
"MBSCN003","BELLA SPREAD CHO CHASHEWNUT JAR 24X200G","MFB","PC","24","CT","19228.94","21306.3","21306.3","21306.3","21306.3","21306.3","MBSCN003","C.304002010178","MBSCN003","1"
"MBSCS001","BELLA SPREAD CHEESE JAR 12X300GR","MFB","PC","12","CT","27034.35","29954.95","29954.95","29954.95","29954.95","29954.95","MBSCS001","C.304002010126","","1"
"MBSCS001_BD","BELLA SPREAD CHEESE JAR 12X330GR","MFB","PC","12","CT","24635.81","27297.29","27297.29","27297.29","27297.29","27297.29","MBSCS001","","MBSCS001_BD","1"
"MBSCS002","BELLA SPREAD CHEESE JAR 24X200G","MFB","PC","24","CT","19228.94","21306.3","21306.3","21306.3","21306.3","21306.3","MBSCS002","C.304002010175","MBSCS002","1"
"MBSCS002_BD","BELLA SPREAD CHEESE JAR 24X200G","MFB","PC","24","CT","16261","19369.36","19369.36","19369.36","19369.36","19369.36","MBSCS002","","MBSCS002_BD","1"
"MBSCT001","BELLA SPREAD TIRAMISU JAR 12/CT 300GR","MFB","PC","12","CT","27034.35","29954.95","29954.95","29954.95","29954.95","29954.95","MBSCT001","C.304002010098","","1"
"MBSCT001_BD","BELLA SPREAD TIRAMISU JAR 24/CT","MFB","PC","24","CT","24635.81","27297.29","27297.29","27297.29","27297.29","27297.29","MBSCT001","","","1"
"MBSMC001","BELLA SPREAD MALT CRUN JAR 24 X200G","MFB","PC","24","CT","19228.94","21306.3","21306.3","21306.3","21306.3","21306.3","MBSMC001","C.304002010176","MBSMC001","1"
"MBSMC001_BD","BELLA SPREAD MALT CRUN JAR 24 X200G","MFB","PC","24","CT","16261.26","19369.36","19369.36","19369.36","19369.36","19369.36","MBSMC001","","MBSMC001_BD","1"
"MBSOC001","BELLA SPREAD CHO CHEESE JAR 24 X200G","MFB","PC","24","CT","19228.94","21306.3","21306.3","21306.3","21306.3","21306.3","MBSOC001","C.304002010177","MBSOC001","1"
"MBSSC001","BELLA SPREAD CASHEW SCH 12BX8PX30GR","MFB","PC","96","CT","2601.8","2882.88","2882.88","2882.88","2882.88","2882.88","MBSSC001","C104005010130","MBSSC001","1"
"MBSSC001_BD","BELLA SPREAD CASHEW SCH 12BX8PX30GR","MFB","PC","96","CT","2236","2613","2613","2613","2613","2613","MBSCC001","","MBSSC001_BD","1"
"MBSTU001","BELLA SPREAD TIRAMISU JAR 24X 200G","MFB","PC","24","CT","19228.94","21306.3","21306.3","21306.3","21306.3","21306.3","MBSTU001","C.304002010174","MBSTU001","1"
"MBSTU001_BD","BELLA SPREAD TIRAMISU JAR 24X 200G","MFB","PC","24","CT","16261.26","19369.36","19369.36","19369.36","19369.36","19369.36","MBSTU001","","MBSTU001_BD","1"
"MBWCC001","BELLA WHITE CHO COMPOUND 24X250GR","MFB","PC","24","CT","18110.98","20067.56","20067.56","20067.56","20067.56","20067.56","MBWCC001","C.304002010071","","1"
"MBWCC001_BD","BELLA WHITE CHO COMPOUND 24X250GR","MFB","PC","24","CT","16036.03","18243.24","18243.24","18243.24","18243.24","18243.24","MBWCC001","","","1"
"MBWYG002_BD","BELLA WAFER YOGHURT BX 6X24X18G","MFB","PC","144","CT","694.54","746.81","746.81","746.81","746.81","746.81","MBWYG002","","","1"
"MCCB001_BD","MARY QUEEN CASHEW NUTBOX 25 gr","MFB","PC","216","CT","770","786.4","770","770","786.4","786.4","MCCB001","","","1"
"MCCB002_BD","MARY QUEEN CASHEW NUTBOX 28 gr","MFB","PC","200","CT","770","0","0","0","0","0","MCCB002","","","1"
"MCCB003_BD","MARY QUEEN C NUT BOX METALIZE 6 X 36 18GR","MFB","PC","216","CT","372","412","412","412","412","412","MCCB003","","","1"
"MCCB004_BD","MARY QUEEN C.NUT BOX  8X24 18GR","MFB","PC","192","CT","372","412","412","412","412","412","MCCB004","","","1"
"MCCB005_BD","MARRY QUEEN BOX 20GR","MFB","PC","288","CT","634.01","702.27","702.27","702.27","702.27","702.27","MCCB005","","","1"
"MCCB006","MARRY QUEEN BOX 20GR 6X24 144/CT","MFB","PC","144","CT","676.36","749.1","749.1","749.1","749.1","749.1","MCCB006","","","1"
"MCCB006_BD","MARRY QUEEN BOX 20GR 6X24 144/CT","MFB","PC","144","CT","676.36","749.1","749.1","749.1","749.1","749.1","MCCB006","","","1"
"MCCB007","MARRY QUEEN BOX 10GR 12X24X12G 288/CT","MFB","PC","288","CT","656.95","749.77","749.77","749.77","749.77","749.77","MCCB007","C.103002010229","","1"
"MCCB007_BD","MARRY QUEEN BOX 10GR 12X24 288/CT","MFB","PC","288","CT","657","750.44","750.44","750.44","750.44","750.44","MCCB007","","","1"
"MCCB008","MARRY QUEEN BIG 12X12X20G","MFB","PC","144","CT","1422.86","1623.87","1623.87","1623.87","1623.87","1623.87","MCCB008","C.103002010203","","1"
"MCCB008_BD","MARRY QUEEN BIG 12X12X25GR","MFB","PC","144","CT","1301","1486","1486","1486","1486","1486","MCCB008","","","1"
"MCCBF001","CHO CHO BUTTERFLY 6X12X30GR","MFB","PC","72","CT","3577.48","3963.96","3963.96","3963.96","3963.96","3963.96","MCCBF001","","MCCBF001","1"
"MCCBF001_BD","CHO CHO BUTTERFLY 6X12X30GR","MFB","PC","72","CT","3049","3378.37","3378.37","3378.37","3378.37","3378.37","MCCBF001","","MCCBF001_BD","1"
"MCCCV001_BD","CHO CHO CREPES VANILLA BOX 24X50GR","MFB","PC","24","CT","0","0","0","0","0","0","MCCCV001","","","1"
"MCCCV002_BD","CHO CHO CREPES VANILLA SACHET 6X20","MFB","PC","120","CT","0","0","0","0","0","0","MCCCV002","","","1"
"MCCHD001","CHO CHO HAZELNUT DIP 4X6X25GR","MFB","PC","24","CT","6260.59","6936.93","6936.93","6936.93","6936.93","6936.93","MCCHD001","C302004010993","MCCHD001","1"
"MCCHD001_BD","CHO CHO HAZELNUT DIP 4X6X25GR","MFB","PC","24","CT","5284.9","6306.3","6306.3","6306.3","6306.3","6306.3","MCCHD001","","MCCHD001_BD","1"
"MCCJG001","CHO CHO JOY GT 4X6X20G","MFB","PC","24","CT","5870.35","6504.55","6504.55","6504.55","6504.55","6504.55","MCCJG001","","","1"
"MCCJJ001","CHO CHO JOY JUMBO 2X6X50G","MFB","PC","12","CT","14513.18","16080.75","16080.75","16080.75","16080.75","16080.75","MCCJJ001","","","1"
"MCCJJ001_BD","CHO CHO JOY JUMBO 2X6X50G","MFB","PC","12","CT","14513.18","16080.75","16080.75","16080.75","16080.75","16080.75","MCCJJ001","","","1"
"MCCJM001","CHO CHO JOY MINI 4X12X20G","MFB","PC","48","CT","7256.59","8040.21","8040.21","8040.21","8040.21","8040.21","MCCJM001","","","1"
"MCCJM001_BD","CHO CHO JOY MINI 4X12X20G","MFB","PC","48","CT","7256.59","8040.21","8040.21","8040.21","8040.21","8040.21","MCCJM001","","","1"
"MCCJP001","CHO CHO JOY PACK 10X3X20GR","MFB","PC","30","CT","5870.35","6504.55","6504.55","6504.55","6504.55","6504.55","MCCJP001","","","1"
"MCCJS001","CHO CHOC JOY SUPER 2X6X30GR","MFB","PC","12","CT","12178.55","13494.48","13494.48","13494.48","13494.48","13494.48","MCCJS001","","MCCJS001","1"
"MCCJS001_BD","CHO CHOC JOY SUPER 2X6X40GR","MFB","PC","12","CT","12178.55","13494.48","13494.48","13494.48","13494.48","13494.48","MCCJS001","","MCCJS001_BD","1"
"MCCKR001","CHOCHO KARAMELO BOX 12X12X20G","MFB","PC","144","CT","1300.9","1531.53","1531.53","1531.53","1531.53","1531.53","MCCKR001","","MCCKR001","1"
"MCCKR001_BD","CHOCHO KARAMELO BOX 12X12X20G","MFB","PC","144","CT","1300.9","1531.53","1531.53","1531.53","1531.53","1531.53","MCCKR001","","MCCKR001_BD","1"
"MCCLC001","CHOCHO LOLLIPOP CHOCOLATE 12X12X18G","MFB","PC","144","CT","1565.15","1734.23","1734.23","1734.23","1734.23","1734.23","MCCLC001","","MCCLC001","1"
"MCCLY001","CHO CHO LOLY 8X24X8GR","MFB","PC","192","CT","792.74","878.38","878.38","878.38","878.38","878.38","MCCLY001","","","1"
"MCCLY001_BD","CHO CHO LOLY 8X24X12GR","MFB","PC","192","CT","698","772.97","772.97","772.97","772.97","772.97","MCCLY001","","","1"
"MCCLY002","CHO CHO LOLY STRAW 8X24X8GR","MFB","PC","192","CT","792.74","878.38","878.38","878.38","878.38","878.38","MCCLY002","","","1"
"MCCLY002_BD","CHO CHO LOLY STRAW 8X24X12GR","MFB","PC","192","CT","792.74","878.38","878.38","878.38","878.38","878.38","MCCLY002","","","1"
"MCCMC002","CHO CHO MILK CHOCOLATE 12X12X20G","MFB","PC","144","CT","1520.43","1684.68","1684.68","1684.68","1684.68","1684.68","MCCMC002","C.103002010201","","1"
"MCCMC002_BD","CHO CHO MILK CHOCOLATE 12X12X25G","MFB","PC","144","CT","1520.43","1684.68","1684.68","1684.68","1684.68","1684.68","MCCMC002","","MCCMC002_BD","1"
"MCCMM001","CHO CHO MILK MINI 24X24","MFB","PC","576","CT","369.94","409.91","409.91","409.91","409.91","409.91","MCCMM001","C.101001010234","","1"
"MCCMM001_BD","CHO CHO MILK MINI 24X24","MFB","PC","576","CT","369.94","409.91","409.91","409.91","409.91","409.91","MCCMM001","","","1"
"MCCMN002","CHO CHO MILK MINI JAR 12X24X8GR","MFB","PC","12","CT","8860.91","9818.18","9818.18","9818.18","9818.18","9818.18","MCCMN002","","","1"
"MCCMN002_BD","CHO CHO MILK MINI JAR 12X24","MFB","PC","12","CT","8860.91","9818.18","9818.18","9818.18","9818.18","9818.18","MCCMN002","","","1"
"MCCMR002","CHO MEISES RENCENG MIX 8X30X7GR","MFB","PC","240","CT","361.81","400.9","400.9","400.9","400.9","400.9","MCCMR002","C.104005010109","MCCMR002","1"
"MCCMR002_BD","CHO MEISES RENCENG MIX 8X30X7GR","MFB","PC","240","CT","328","363.96","363.96","363.96","363.96","363.96","MCCMR002","C.104005010109","MCCMR002_BD","1"
"MCCMW001_BD","CHO CHO MAXI WHITE 12X24X20","MFB","PC","288","CT","0","0","0","0","0","0","MCCMW001","","","1"
"MCCN001_BD","MARY QUEEN CASHEW NUT JAR 25gr","MFB","JR","6","CT","27727.27","28318.2","27727.27","27727.27","28318.2","28318.2","MCCN001","","","1"
"MCCNB001","CHO CHO CMPND NICEBAR 24X250GR","MFB","PC","24","CT","9756.02","10810","10810","10810","10810","10810","MCCNB001","","MCCNB001","1"
"MCCNB001_BD","CHO CHO CMPND NICEBAR 24X250GR","MFB","PC","24","CT","9756.02","10810","10810","10810","10810","10810","MCCNB001","","MCCNB001_BD","1"
"MCCPL001","CHOCOLATE PASTA LUNCH BX 12X40X12G","MFB","PC","480","CT","587.04","636.36","636.36","636.36","636.36","636.36","MCCPL001","","","1"
"MCCRJ001","CHOCHO CHOCOLATE RICE JAR 24X200G","MFB","PC","24","CT","10741.44","11602.7","11602.7","11602.7","11602.7","11602.7","MCCRJ001","","","1"
"MCCRJ001_BD","CHOCHO CHOCOLATE RICE JAR 24X200G","MFB","PC","24","CT","10741.44","11602.7","11602.7","11602.7","11602.7","11602.7","MCCRJ001","","MCCRJ001_BD","1"
"MCCRL001","CHO CHO WAFER STICK SINGLE","MFB","PC","144","CT","352.06","390.09","390.09","390.09","390.09","390.09","MCCRL001","","","1"
"MCCRL001_BD","CHO CHO WAFER STICK SINGLE","MFB","PC","144","CT","352.06","390.09","390.09","390.09","390.09","390.09","MCCRL001","","","1"
"MCCSB001","CHO CHO SNACK CHOCLATE BAG 12X10X15G","MFB","PC","120","CT","1395.22","1545.95","1545.95","1545.95","1545.95","1545.95","MCCSB001","","MCCSB001","1"
"MCCSB002","CHO CHO SNACK STRAWBERRY 12X10X15G","MFB","PC","120","CT","1395.22","1545.95","1545.95","1545.95","1545.95","1545.95","MCCSB002","","MCCSB002","1"
"MCCSB003","CHOCHO SNACK CHOCOLATE MEISES BAG 12X10X15G","MFB","PC","120","CT","1395.22","1545.95","1545.95","1545.95","1545.95","1545.95","MCCSB003","","MCCSB003","1"
"MCCSB005","CHOCHO SEMPRONG BAG 4BX6PCX85G","MFB","PC","24","CT","6402.87","7094.59","7094.59","7094.59","7094.59","7094.59","MCCSB005","C301007010791","MCCSB005","1"
"MCCSB005_BD","CHOCHO SEMPRONG BAG 4BX6PCX85G","MFB","PC","24","CT","5813.4","6441.44","6441.44","6441.44","6441.44","6441.44","MCCSB005","C301007010791","MCCSB005_BD","1"
"MCCSM001","CHOCHO SNACK CHO MEISES 12X10X15G SANRIO","MFB","PC","120","CT","2195.27","2432.42","2139.63","2139.63","2432.42","2432.42","MCCSM001","","MCCSM001","1"
"MCCSM001_BD","CHOCHO SNACK CHO MEISES 12X10X15G SANRIO","MFB","PC","120","CT","1931.02","2139.63","2139.63","2139.63","2139.63","2139.63","MCCSM001","","MCCSM001_BD","1"
"MCCSO001","CHOCHO SNACK CHO 12X10X15GR SANRIO","MFB","PC","120","CT","2195.27","2432.42","2432.42","2432.42","2432.42","2432.42","MCCSO001","","MCCSO001","1"
"MCCSO001_BD","CHOCHO SNACK CHO 12X10X15GR SANRIO","MFB","PC","120","CT","1931.02","2139.63","2139.63","2139.63","2139.63","2139.63","MCCSO001","","MCCSO001_BD","1"
"MCCSS001","CHOCHO CHO STRW 12X10X15G SANRIO","MFB","PC","120","CT","2195.27","2432.42","2432.42","2432.42","2432.42","2432.42","MCCSS001","","MCCSS001","1"
"MCCSS001_BD","CHOCHO CHO STRW 12X10X15G SANRIO","MFB","PC","120","CT","2195.27","2432.42","2432.42","2432.42","2432.42","2432.42","MCCSS001","","MCCSS001_BD","1"
"MCCSV001","CHOCHO SNACK CHO VAN 12X10X15GR SANRIO","MFB","PC","120","CT","2195.27","2432.42","2432.42","2432.42","2432.42","2432.42","MCCSV001","","MCCSV001","1"
"MCCSV001_BD","CHOCHO SNACK CHO VAN 12X10X15GR SANRIO","MFB","PC","120","CT","2195.27","2432.42","2432.42","2432.42","2432.42","2432.42","MCCSV001","","MCCSV001_BD","1"
"MCCWC001","CHOCHO WS COOKIES&CREAM 6X10X29G","MFB","PC","60","CT","5183.28","5742.86","5742.86","5742.86","5742.86","5742.86","MCCWC001","","","1"
"MCCWC001_BD","CHOCHO WS COOKIES&CREAM 6X10X33G","MFB","PC","60","CT","5183.28","5742.86","5742.86","5742.86","5742.86","5742.86","MCCWC001","","","1"
"MCCWR001","CHO CHO WAFER ROLL COOKIES & CREAM 6X500GR","MFB","PC","6","CT","26688.8","29572.07","29572.07","29572.07","29572.07","29572.07","MCCWR001","","","1"
"MCCWR001_BD","CHO CHO WAFER ROLL COOKIES & CREAM 6X500GR","MFB","PC","6","CT","26688.8","29572.07","29572.07","29572.07","29572.07","29572.07","MCCWR001","","","1"
"MCCWR002","CHO CHO WAFER ROLL SEMPRONG 6X300G","MFB","TP","6","CT","23294.26","25810.81","25810.81","25810.81","25810.81","25810.81","MCCWR002","","MCCWR002","1"
"MCCWR002_BD","CHO CHO WAFER ROLL SEMPRONG 6X300G","MFB","PC","6","CT","23294.26","25810.81","25810.81","25810.81","25810.81","25810.81","MCCWR002","","MCCWR002_BD","1"
"MCCWS001","CHO CHO WAFER SNACK ASSORTED 8X6","MFB","PC","48","CT","4519.82","5008.11","5008.11","5008.11","5008.11","5008.11","MCCWS001","","","1"
"MCCXS001","CHO CHO XXTRA SINGLE 12X20X14GR","MFB","PC","240","CT","650.45","720.72","720.72","720.72","720.72","720.72","MCCXS001","","MCCXS001","1"
"MCOBD001_BD","CHO CHO BIS DUPLEK 18GR 12 X 10PC","MFB","PC","120","CT","0","0","0","0","0","0","MCOBD001","","","1"
"MCOBR001_BD","CHO CHO BIS RENCENG 25 gr","MFB","PC","120","CT","0","0","0","0","0","0","MCOBR001","","","1"
"MCOBW001_BD","CHO OLE BALL BLACK &WHITE 25GR","MFB","PC","120","CT","0","0","0","0","0","0","MCOBW001","","","1"
"MCOCC001_BD","CHO CHO CHOCOLATE 123 12GR","MFB","PC","192","CT","0","0","0","0","0","0","MCOCC001","","","1"
"MCOCC003","CHO CHO 123 10X60X3.2GR","MFB","JR","10","CT","13009","16801.8","16801.8","16801.8","16801.8","16801.8","MCOCC003","","MCOCC003","1"
"MCOCC003_BD","CHO CHO 123 10X60X3.2GR","MFB","JR","10","CT","13009","14414.41","14414.41","14414.41","14414.41","14414.41","MCOCC003","","MCOCC003_BD","1"
"MCOCM002","CHO MEISES COKLAT 24 x 200 GR","MFB","JR","24","CT","8614.77","9545.45","9545.45","9545.45","9545.45","9545.45","MCOCM002","","","1"
"MCOCM002_BD","CHO MEISES COKLAT 24 x 200 GR","MFB","JR","24","CT","8614.77","9545.45","9545.45","9545.45","9545.45","9545.45","MCOCM002","","","1"
"MCOCR001_BD","CHO CHO CERUTTOS 6X24X12GR","MFB","PC","144","CT","0","0","0","0","0","0","MCOCR001","","","1"
"MCOKR001","CHO CHO KARAMELLO 6X24PC 20GR","MFB","PC","144","CT","1300.9","1531.53","1531.53","1531.53","1531.53","1531.53","MCOKR001","","","1"
"MCOKR001_BD","CHO CHO KARAMELLO 6X24PC","MFB","PC","144","CT","711.16","770.91","770.91","770.91","770.91","770.91","MCOKR001","","","1"
"MCOKR002_BD","CHO CHO KARAMELLO RCNG 12X12PC","MFB","PC","144","CT","0","0","0","0","0","0","MCOKR002","","","1"
"MCOKR003","CHO CHO KARAMELO 12X24X12G","MFB","PC","288","CT","696","771.17","771.17","771.17","771.17","771.17","MCOKR003","","MCOKR003","1"
"MCOKR003_BD","CHO CHO KARAMELO 12X24X12G","MFB","PC","288","CT","696","771.17","771.17","771.17","771.17","771.17","MCOKR003","","MCOKR003","1"
"MCOKU001_BD","CHO CHO KU 15 gr","MFB","PC","200","CT","0","0","0","0","0","0","MCOKU001","","","1"
"MCOKU002_BD","CHO CHO KU BOX 6X36PC","MFB","PC","216","CT","0","0","0","0","0","0","MCOKU002","","","1"
"MCOMC001","CHO CHO MILK CKLT 13 gr 20 x 25 PC","MFB","PC","500","CT","645","818.92","818.92","818.92","818.92","818.92","MCOMC001","","","1"
"MCOMC001_BD","CHO CHO MILK CKT 14 gr","MFB","PC","500","CT","0","0","0","0","0","0","MCOMC001","","","1"
"MCOMC002_BD","CHO CHO MILK COKLAT 18GR 20X50S","MFB","PC","1000","CT","398.97","429","429","429","429","429","MCOMC002","","","1"
"MCOMC003_BD","CHO CHO MILK WHITE SMALL 25/BOX 14 GR","MFB","PC","500","CT","0","0","0","0","0","0","MCOMC003","","","1"
"MCOMC004_BD","CHO CHO MAXI CHOCO 12X24X20GR","MFB","PC","288","CT","0","0","0","0","0","0","MCOMC004","","","1"
"MCOMC005_BD","CHO CHO MILK CHOCO SMALL 20X24","MFB","PC","480","CT","398.95","429","429","429","429","429","MCOMC005","","","1"
"MCOMC006_BD","CHO CHO MILK WHITE SMALL 24/BOX 14GR","MFB","PC","480","CT","398.94","428.97","428.97","428.97","428.97","428.97","MCOMC006","","","1"
"MCOMC007_BD","CHO CHO MILK 20X50 BANDED","MFB","PC","200","CT","1994.85","2181","2181","2181","2181","2181","MCOMC007","","","1"
"MCOMC008_BD","CHO CHO MILK10 X8 BANDEDX3X20GR","MFB","PC","80","CT","2029.09","2247","2247","2247","2247","2247","MCOMC008","","","1"
"MCOMC009","CHO CHO MILK CHOCO 1000 10X24X13R","MFB","PC","240","CT","645","818.92","818.92","818.92","818.92","818.92","MCOMC009","C.101001010276","","1"
"MCOMC009_BD","CHO CHO MILK CHOCO 1000 10X24X13GR","MFB","PC","240","CT","739.07","818.92","818.92","818.92","818.92","818.92","MCOMC009","","","1"
"MCOMC010_BD","CHO CHO MILK WHITE 1000 10X24X20GR","MFB","PC","240","CT","691.88","750","750","750","750","750","MCOMC010","","","1"
"MCOMC011","CHO CHO MILK CHOCO 12X24X10GR","MFB","PC","288","CT","792.74","878.38","878.38","878.38","878.38","878.38","MCOMC011","","MCOMC011","1"
"MCOMC011_BD","CHO CHO MILK CHOCO 12X24X10GR","MFB","PC","288","CT","645","818.92","818.92","818.92","818.92","818.92","MCOMC011","","MCOMC011_BD","1"
"MCOMS001","CHO CHO MILK STRAWBERRY 12X24X10GR","MFB","PC","288","CT","644.75","878.37","878.37","878.37","878.37","878.37","MCOMS001","C.103002010251","MCOMS001","1"
"MCOMS001_BD","CHO CHO MILK STRAWBERRY 12X24X10GR","MFB","PC","288","CT","644.75","818.91","818.91","818.91","818.91","818.91","MCOMS001","C.103002010251","MCOMS001_BD","1"
"MCOMW001_BD","CHO CHO MILK WAFER 12GR 6X24","MFB","PC","144","CT","0","0","0","0","0","0","MCOMW001","","","1"
"MCOMW002","CHO MILK WAFER CHOCOLATE 8X24X16","MFB","PC","192","CT","670.91","727.27","727.27","727.27","727.27","727.27","MCOMW002","","","1"
"MCONB001_BD","CHO CHO NYEM LAYER BIG 10 gr","MFB","PC","400","CT","0","0","0","0","0","0","MCONB001","","","1"
"MCONL001","CHO NYEM LONGSTICK TPL 7GR 12x50pc","MFB","JR","12","CT","19310","21389.39","21389.39","21389.39","21389.39","21389.39","MCONL001","C.101003010319","","1"
"MCONL001_BD","CHO NYEM LONGSTICK TPL 11 GR","MFB","JR","12","CT","17434.5","19318","19318","19318","19318","19318","MCONL001","","","1"
"MCONL002_BD","CHO NYEM LONGSTICK TPL 11GR 12x24pc","MFB","JR","12","CT","0","0","0","0","0","0","MCONL002","","","1"
"MCOOB001_BD","CHO OLE BAG BSR 65 GR","MFB","PC","30","CT","0","0","0","0","0","0","MCOOB001","","","1"
"MCOPB001","CHO CHO PILLOW BIGSIZE (HEXAGONAL) 32GR 10x3pc","MFB","PC","30","CT","2868.14","3109.09","3109.09","3109.09","3109.09","3109.09","MCOPB001","","","1"
"MCOPB001_BD","CHO CHO PILLOW BIGSIZE (HEXAGONAL) 32 GR","MFB","PC","30","CT","2868.14","3109.09","3109.09","3109.09","3109.09","3109.09","MCOPB001","","","1"
"MCOPB002","CHO-CHO PILOW BIGSIZE 6X6.28GR BERHADIAH","MFB","PC","36","CT","5142.62","5698.2","5698.2","5698.2","5698.2","5698.2","MCOPB002","","","1"
"MCOPB002_BD","CHO-CHO PILOW BIGSIZE 6X6.32GR BERHADIAH","MFB","PC","36","CT","5142.62","5698.2","5698.2","5698.2","5698.2","5698.2","MCOPB002","","","1"
"MCORC001_BD","CHO CHO CREPES 24 X 50GR","MFB","PC","24","CT","0","0","0","0","0","0","MCORC001","","","1"
"MCORC002_BD","CHO CHO BANANA CREPES 6x20x25gr","MFB","","120","","0","0","0","0","0","0","MCORC002","","","1"
"MCORC003_BD","CHO CHO CREPES VANILA 6X20X25GR","MFB","PC","120","CT","0","0","0","0","0","0","MCORC003","","","1"
"MCOSN001_BD","CHO CHO SNACK 25 GR","MFB","PC","144","CT","1486.76","1598.67","1598.67","1598.67","1598.67","1598.67","MCOSN001","","","1"
"MCOWC001","CHO WS COKLAT TPL 260gr 12 x 60 PC","MFB","JR","12","CT","14391.21","15945.94","15945.94","15945.94","15945.94","15945.94","MCOWC001","","","1"
"MCOWC001_BD","CHO WS COKLAT TPL 260 gr","MFB","JR","12","CT","13720.44","15202.7","15202.7","15202.7","15202.7","15202.7","MCOWC001","","","1"
"MCOWC002","CHO WS COKLAT TPL 500 gr 6 x 130 PC","MFB","JR","6","CT","25367.57","28108.11","28108.11","28108.11","28108.11","28108.11","MCOWC002","","","1"
"MCOWC002_BD","CHO WS COKLAT TPL 500 gr 6 x 130 PC","MFB","JR","6","CT","25367.57","28108.11","28108.11","28108.11","28108.11","28108.11","MCOWC002","","","1"
"MCOWC003","CHO WFR SNACK COK-CHEESE 35 gr 6x10pc","MFB","PC","60","CT","5183.28","5742.86","5742.86","5742.86","5742.86","5742.86","MCOWC003","C.301007010407","","1"
"MCOWC003_BD","CHO WFR SNACK COK-CHEESE 40 gr 6x10pc","MFB","PC","60","CT","4488","5360","5360","5360","5360","5360","MCOWC003","","","1"
"MCOWC005_BD","CHO WS KURMA TPL 700 gr 6 x 130 PC","MFB","PC","6","CT","0","0","0","0","0","0","MCOWC005","","","1"
"MCOWC006","CHO WFR SNACK COK-MEISES 35GR","MFB","PC","60","CT","5183.28","5742.86","5742.86","5742.86","5742.86","5742.86","MCOWC006","C.301006100402","","1"
"MCOWC006_BD","CHO WFR SNACK COK-MEISES","MFB","PC","60","CT","4520","5360","5360","5360","5360","5360","MCOWC006","","","1"
"MCOWC010","CHO CHO SNACK CHOCOLAT TRAY  12X10X15GR","MFB","PC","120","CT","1559.45","1727.93","1727.93","1727.93","1727.93","1727.93","MCOWC010","C.301005010428","","1"
"MCOWC010_BD","CHO CHO SNACK CHOCOLAT 12X10X20GR","MFB","PC","120","CT","1559.45","1727.93","1727.93","1727.93","1727.93","1727.93","MCOWC010","","","1"
"MCOWD001","CHO WS COCONUT TPL 260 gr 12 x 60 PC","MFB","JR","12","CT","14391.21","15945.94","15945.94","15945.94","15945.94","15945.94","MCOWD001","","","1"
"MCOWD001_BD","CHO WS COCONUT TPL 260 gr 12 x 60 PC","MFB","JR","12","CT","14391.21","15945.94","15945.94","15945.94","15945.94","15945.94","MCOWD001","","","1"
"MCOWF001_BD","CHO WS REFIL COKLAT 500 gr","MFB","BG","4","CT","12040.17","13340.91","13340.91","13340.91","13340.91","13340.91","MCOWF001","","","1"
"MCOWJ001","CHO WS RADJA 670 gr 6 x 130 PC","MFB","JR","6","CT","29961.37","33198.2","33198.2","33198.2","33198.2","33198.2","MCOWJ001","","","1"
"MCOWJ001_BD","CHO WS RADJA 670 gr 6 x 130 PC","MFB","JR","6","CT","29961.37","33198.2","33198.2","33198.2","33198.2","33198.2","MCOWJ001","","","1"
"MCOWK001","CHO WFR SNACK COK-CRISPY 29 gr 6x10pc","MFB","PC","60","CT","5183.28","5742.86","5742.86","5742.86","5742.86","5742.86","MCOWK001","C.301007010436","","1"
"MCOWK001_BD","CHO WFR SNACK COK-CRISPY 35 gr","MFB","PC","60","CT","5183.28","5742.86","5742.86","5742.86","5742.86","5742.86","MCOWK001","","","1"
"MCOWM001","CHO WS KOMBINASI RFL 500 gr 4 x 100 PC","MFB","BG","4","CT","12040.17","13340.91","13340.91","13340.91","13340.91","13340.91","MCOWM001","","","1"
"MCOWM001_BD","CHO WS KOMBINASI RFL 500 gr","MFB","BG","4","CT","12040.17","13340.91","13340.91","13340.91","13340.91","13340.91","MCOWM001","","","1"
"MCOWP001","CHO WS CAPPUCINO TPL 500 gr 6 x 130 PC","MFB","JR","6","CT","26688.8","29572.07","29572.07","29572.07","29572.07","29572.07","MCOWP001","","","1"
"MCOWP001_BD","CHO WS CAPPUCCINNO TPL 700 gr","MFB","JR","6","CT","26688.8","29572.07","29572.07","29572.07","29572.07","29572.07","MCOWP001","","","1"
"MCOWR001","CHO CHO WS RATU 6 x 320 gr","MFB","JR","6","CT","17501.18","19391.89","19391.89","19391.89","19391.89","19391.89","MCOWR001","","","1"
"MCOWR001_BD","CHO CHO WS RATU 6X320G","MFB","JR","6","CT","17501.18","19391.89","19391.89","19391.89","19391.89","19391.89","MCOWR001","","","1"
"MCOWR002","CHO CHO WS RATU STRAW6 x 375 gr","MFB","PC","6","CT","17501.18","19391.89","19391.89","19391.89","19391.89","19391.89","MCOWR002","","","1"
"MCOWR002_BD","CHO CHO WS RATU STRAW6 x 375 gr","MFB","PC","6","CT","17501.18","19391.89","19391.89","19391.89","19391.89","19391.89","MCOWR002","","","1"
"MCOWR003","CHOCHO MILK WAFER CREAM 8X24X16G","MFB","PC","192","CT","670.91","727.27","727.27","727.27","727.27","727.27","MCOWR003","","","1"
"MCOWS001","CHO WFR SNACK COK-STRAW 35 gr 6x10pc","MFB","PC","60","CT","5183.28","5742.86","5742.86","5742.86","5742.86","5742.86","MCOWS001","","","1"
"MCOWS001_BD","CHO WFR SNACK COK-STRAW 50 gr","MFB","PC","60","CT","5183.2","5742.86","5742.86","5742.86","5742.86","5742.86","MCOWS001","","","1"
"MCOWS002","CHO CHO SNACK CRISPY 12X12X6GR","MFB","PC","144","CT","792.74","878.38","878.38","878.38","878.38","878.38","MCOWS002","","","1"
"MCOWS002_BD","CHO CHO SNACK CRISPY 12X12X16GR","MFB","PC","144","CT","792.74","878.38","878.38","878.38","878.38","878.38","MCOWS002","","","1"
"MCOWS003_BD","CHO CHO SNACK MIX 12X12","MFB","PC","144","CT","0","0","0","0","0","0","MCOWS003","","","1"
"MCOWS004","CHO WS TWIN CAPPUCINO 6X500GR","MFB","PC","6","CT","26688.8","29572.07","29572.07","29572.07","29572.07","29572.07","MCOWS004","","","1"
"MCOWS004_BD","CHO WS TWIN CAPPUCINO 6X600GR","MFB","PC","6","CT","26688.8","29572.07","29572.07","29572.07","29572.07","29572.07","MCOWS004","","","1"
"MCOWS005","CHO WS TWIN TIRAMISU 6X500GR","MFB","PC","6","CT","26688.8","29572.07","29572.07","29572.07","29572.07","29572.07","MCOWS005","","","1"
"MCOWS005_BD","CHO WS TWIN TIRAMISU 6X600GR","MFB","PC","6","CT","26688.8","29572.07","29572.07","29572.07","29572.07","29572.07","MCOWS005","","","1"
"MCOWS006_BD","CHO CHO SNACK STRAW 12X12X20GR","MFB","PC","144","CT","1523.5","1638.18","1638.18","1638.18","1638.18","1638.18","MCOWS006","","","1"
"MCOWS010","CHO CHO SNACK MEISES TRAY  12X10X15GR","MFB","PC","120","CT","1559.45","1727.93","1727.93","1727.93","1727.93","1727.93","MCOWS010","C.301005010431","","1"
"MCOWS010_BD","CHO CHO SNACK MEISES 12X10X20GR","MFB","PC","120","CT","1559.45","1727.93","1727.93","1727.93","1727.93","1727.93","MCOWS010","","","1"
"MCOWS011","CHO CHO SNACK STRAW TRAY 12X10X15GR","MFB","PC","120","CT","1559.45","1727.93","1727.93","1727.93","1727.93","1727.93","MCOWS011","C.301005010429","","1"
"MCOWS011_BD","CHO CHO SNACK STRAW 12X10X20GR","MFB","PC","120","CT","1559.45","1727.93","1727.93","1727.93","1727.93","1727.93","MCOWS011","","","1"
"MCOWS012","CHO CHO WAFER STICK CHOCOLATE PREMIUM 12X350GR","MFB","PC","12","CT","26879.86","29783.78","29783.78","29783.78","29783.78","29783.78","MCOWS012","","","1"
"MCOWS015","A WAFER ROLL CHOCOLATE 500GR","MFB","PC","6","CT","18781.75","20810.81","20810.81","20810.81","20810.81","20810.81","MCOWS015","","","1"
"MCOWS015_BD","A WAFER ROLL CHOCOLATE 600GR","MFB","PC","6","CT","18781.75","20810.81","20810.81","20810.81","20810.81","20810.81","MCOWS015","","","1"
"MCOWT001","CHO WS STRAW TPL 260 gr 12 x 60 PC","MFB","JR","12","CT","14391.21","15945.94","15945.94","15945.94","15945.94","15945.94","MCOWT001","","","1"
"MCOWT001_BD","CHO WS STRAW TPL 260 gr","MFB","JR","12","CT","14391.21","15945.94","15945.94","15945.94","15945.94","15945.94","MCOWT001","","","1"
"MCOWT002","CHO WS TIRAMISU TPL 260 gr 12 x 60 PC","MFB","PC","12","CT","14391.21","15945.94","15945.94","15945.94","15945.94","15945.94","MCOWT002","","","1"
"MCOWT002_BD","CHO WS TIRAMISU TPL 260 gr 12 x 60 PC","MFB","PC","12","CT","13720.44","15202.7","15202.7","15202.7","15202.7","15202.7","MCOWT002","","","1"
"MCOWV001","CHO WFR SNACK COK-VAN 35gr 6x10pc","MFB","PC","60","CT","5183.28","5742.86","5742.86","5742.86","5742.86","5742.86","MCOWV001","C.301006090401","","1"
"MCOWV001_BD","CHO WFR SNACK COK-VAN 50 gr","MFB","PC","60","CT","5183.28","5742.86","5742.86","5742.86","5742.86","5742.86","MCOWV001","","","1"
"MCOWV012","CHO CHO SNACK VANILLA TRAY 12X10X15GR","MFB","PC","120","CT","1559.45","1727.93","1727.93","1727.93","1727.93","1727.93","MCOWV012","C.301005010430","","1"
"MCOWV012_BD","CHO CHO SNACK VANILLA 12X10X20GR","MFB","PC","120","CT","1559.45","1727.93","1727.93","1727.93","1727.93","1727.93","MCOWV012","","","1"
"MCWRC001","CHO SINGLES WFR ROLL COK CRM 6X24X10G","MFB","PC","144","CT","358.94","390.09","390.09","390.09","390.09","390.09","MCWRC001","","","1"
"MCWRC001_BD","CHO SINGLES WFR ROLL COK CRM 6X24X10G","MFB","PC","144","CT","358.94","390.09","390.09","390.09","390.09","390.09","MCWRC001","","MCWRC001_BD","1"
"MCWRC002","CHO EXTRA SINGLE COKLAT 12X24X7G","MFB","PC","288","CT","792.74","878.38","878.38","4878.38","878.38","878.38","MCWRC002","","MCWRC002","1"
"MCWRC002_BD","CHO EXTRA SINGLE COKLAT 12X24X7G","MFB","PC","288","CT","352.05","390.09","390.09","390.09","390.09","390.09","MCWRC002","","MCWRC002_BD","1"
"MCWRC003","CHO EXTRA SINGLE COOKIES&CREAM 12X24X7G","MFB","PC","288","CT","386.2","427.93","427.93","427.93","427.93","427.93","MCWRC003","","MCWRC003","1"
"MCWRC003_BD","CHO EXTRA SINGLE COOKIES&CREAM 12X24X7G","MFB","PC","288","CT","352.05","390.09","390.09","390.09","390.09","390.09","MCWRC003","","MCWRC003_BD","1"
"MCWRC014","CHO EXTRA SINGLE COKLAT 12X24X7G","MFB","PC","240","CT","650.45","720.72","720.72","720.72","720.72","720.72","MCWRC014","","MCWRC014","1"
"MDKDL001_BD","DARKIE LONG P.MINT 40 gr","MFB","PC","288","CT","0","0","0","0","0","0","MDKDL001","","","1"
"MDKDN001_BD","DARKIE NEW 25 gr","MFB","PC","300","CT","0","0","0","0","0","0","MDKDN001","","","1"
"METWC001_BD","ETERNA WAFER CREAM VANILLA 36 gr","MFB","PC","144","CT","0","0","0","0","0","0","METWC001","","","1"
"METWC002_BD","ETERNA WAFER CRM COKLAT 16 X 24","MFB","PC","144","CT","0","0","0","0","0","0","METWC002","","","1"
"METWS001","ETERNA WS COKLAT 12 X 350GR","MFB","PC","12","CT","26879.86","29783.78","29783.78","29783.78","29783.78","29783.78","METWS001","","","1"
"METWS001_BD","ETERNA WS COKLAT 12 X 350GR","MFB","PC","12","CT","26879.86","29783.78","29783.78","29783.78","29783.78","29783.78","METWS001","","","1"
"METWS002","ETERNA WS STROWBERY 12 X 350GR","MFB","PC","12","CT","26879.86","29783.78","29783.78","29783.78","29783.78","29783.78","METWS002","","","1"
"METWS002_BD","ETERNA WS STROWBERY 12 X 350GR","MFB","PC","12","CT","26879.86","29783.78","29783.78","29783.78","29783.78","29783.78","METWS002","","","1"
"METWS003","ETERNA WS VANILA 12 X 350GR","MFB","PC","12","CT","26789.86","29783.78","29783.78","29783.78","29783.78","29783.78","METWS003","","","1"
"METWS003_BD","ETERNA WS VANILA 12 X 350 GR","MFB","PC","12","CT","26789.86","29783.78","29783.78","29783.78","29783.78","29783.78","METWS003","","","1"
"METWS004_BD","ETERNA WS CAPUCINO 12 X 350 GR","MFB","PC","12","CT","0","0","0","0","0","0","METWS004","","","1"
"MGPP001_BD","MANGO PUDDING PUREE 90GR 48/CT","MFB","PC","48","CT","2035.26","2360","2360","2360","2360","2360","MGPP001","","","1"
"MGPP002_BD","MANGO PUDDING PUREE 90GR 48/CT","MFB","PC","48","CT","1876.25","2360","2360","2360","2360","2360","MGPP002","","","1"
"MGRCO001","GARIBORI COOLMINT BOX 20BX10PCX30G","MFB","PC","200","CT","1382.21","1531.52","1531.52","1531.52","1531.52","1531.52","MGRCO001","C206002120218","MGRCO001","1"
"MGRLO001_BD","GARIBORI LONG 40 gr","MFB","PC","288","CT","0","0","0","0","0","0","MGRLO001","","","1"
"MGRLO003","GARIBORI LONG 16GR 20X10","MFB","PC","200","CT","697.6","772.97","772.97","772.97","772.97","772.97","MGRLO003","","MGRLO003","1"
"MGRLO003_BD","GARIBORI LONG 16GR 20X10","MFB","PC","200","CT","697.6","772.97","772.97","772.97","772.97","772.97","MGRLO003","","MGRLO003_BD","1"
"MGRNW001_BD","GARIBORI NEW 25 gr","MFB","PC","300","CT","0","0","0","0","0","0","MGRNW001","","","1"
"MGRSC001_BD","GARIBORI SACHET 2,2 gr","MFB","PC","300","CT","0","0","0","0","0","0","MGRSC001","","","1"
"MGRSP001_BD","GARIBORI NEW SPEARMINT 30X10","MFB","PC","300","CT","0","0","0","0","0","0","MGRSP001","","","1"
"MJYMN001","JOYMINT FRESH CANDY BX 15X10X25","MFB","PC","150","CT","676.88","750","750","750","750","750","MJYMN001","","","1"
"MJYMN001_BD","JOYMINT FRESH CANDY BX 15X10X25","MFB","PC","150","CT","676.88","750","750","750","750","750","MJYMN001","","","1"
"MJYMN003","JOYMINT VIT C 12X10X25G","MFB","PC","120","CT","1292.77","1432.43","1432.43","1432.43","1432.43","1432.43","MJYMN003","C.206002120216","MJYMN003","1"
"MJYMN003_BD","JOYMINT VIT C 12X10X25G","MFB","PC","120","CT","1292.77","1432.43","1432.43","1432.43","1432.43","1432.43","MJYMN003","","MJYMN003_BD","1"
"MKPP001_BD","MARKISA PUDDING PUREE 90GR 48/CT","MFB","PC","48","CT","2035.26","2360","2360","2360","2360","2360","MKPP001","","","1"
"MKPP001_BN","MARKISA PUDDING PUREE 90GR 48/CT","MFB","PC","48","CT","0","0","0","0","0","0","MKPP001","","","1"
"MMCCB001_BD","MARY QUEEN CASHEW NUTBOX 25 gr","MFB","PC","216","CT","0","0","0","0","0","0","MMCCB001","","","1"
"MMCCB002_BD","MARY QUEEN CASHEW NUTBOX 28 gr","MFB","PC","200","CT","0","0","0","0","0","0","MMCCB002","","","1"
"MMCCB003_BD","MARY QUEEN C NUT BOX METALIZE 6 X 36 18GR","MFB","PC","216","CT","0","0","0","0","0","0","MMCCB003","","","1"
"MMCCB004_BD","MARY QUEEN C.NUT BOX  8X24 18GR","MFB","PC","192","CT","0","0","0","0","0","0","MMCCB004","","","1"
"MMCCB005_BD","MARRY QUEEN BOX 20GR","MFB","PC","288","CT","0","0","0","0","0","0","MMCCB005","","","1"
"MMCCB006","MARRY QUEEN BOX 20GR 6X24 144/CT","MFB","PC","144","CT","697.5","750","750","750","750","750","MMCCB006","","","1"
"MMCCB007","MARRY QUEEN BOX 10GR 12X24 288/CT","MFB","PC","288","CT","792.74","878.38","878.38","878.38","878.38","878.38","MMCCB007","C.103002010229","","1"
"MMCCB007_BD","MARRY QUEEN BOX 10GR 12X24 288/CT","MFB","PC","288","CT","739.09","818.92","818.92","818.92","818.92","818.92","MMCCB007","","","1"
"MMCCB008","MARRY QUEEN BIG 12X12X20GR","MFB","PC","144","CT","1520.43","1684.68","1684.68","1684.68","1684.68","1684.68","MMCCB008","C.103002010203","","1"
"MMCCB008_BD","MARRY QUEEN BIG 12X12X25GR","MFB","PC","144","CT","1382.2","1531.53","1531.53","1531.53","1531.53","1531.53","MMCCB008","","MMCCB008_BD","1"
"MMCCN001_BD","MARY QUEEN CASHEW NUT JAR 25gr","MFB","JR","6","CT","0","0","0","0","0","0","MMCCN001","","","1"
"MMPMB001_BD","MENTA PEPPERMINT BLUE 6X12X10GR","MFB","PC","72","CT","3648.07","3954.55","3954.55","3954.55","3954.55","3954.55","MMPMB001","","","1"
"MMSBG001","MENTA BAG 20 x 50 PC 60 gr","MFB","BG","20","CT","5915.03","6554.05","6554.05","6554.05","6554.05","6554.05","MMSBG001","C.205002120101","","1"
"MMSBG001_BD","MENTA BAG 60 gr","MFB","BG","20","CT","5390","5972.42","5972.42","5972.42","5972.42","5972.42","MMSBG001","","","1"
"MMSBG003","MENTA FRUITY LOVE 20X50X60GR","MFB","PC","20","CT","5915.03","6554.05","6554.05","6554.05","6554.05","6554.05","MMSBG003","C.205002120105","","1"
"MMSBG003_BD","MENTA FRUITY LOVE 20X50X60GR","MFB","PC","20","CT","5390","5972.42","5972.42","5972.42","5972.42","5972.42","MMSBG003","","MMSBG003_BD","1"
"MMSCB001_BD","MENTA CHEWY CANDY BAG 102 gr","MFB","BG","30","CT","0","0","0","0","0","0","MMSCB001","","","1"
"MMSCJ001_BD","MENTA CHEWY CANDY JAR 680 gr","MFB","JR","6","CT","0","0","0","0","0","0","MMSCJ001","","","1"
"MMSCN001","MENTA CAN 6 x 12 PC 30 gr","MFB","BG","72","CT","5691.44","6306.3","6306.3","6306.3","6306.3","6306.3","MMSCN001","C.205001120601","","1"
"MMSCN001_BD","MENTA CAN 30 gr","MFB","BG","72","CT","5188","5748.11","5748.11","5748.11","5748.11","5748.11","MMSCN001","","","1"
"MMSGC001_BD","MENTA CHEWING GUM COOLMINT","MFB","PC","240","CT","0","0","0","0","0","0","MMSGC001","","","1"
"MMSGM001_BD","MENTA CHEWING GUM SPEARMINT","MFB","PC","240","CT","0","0","0","0","0","0","MMSGM001","","","1"
"MMSMS001","MENTA SLIDING 10gr 6x12pc","MFB","PC","72","CT","5691.44","6306.3","6306.3","6306.3","6306.3","6306.3","MMSMS001","C.205003120306","","1"
"MMSMS001_BD","MENTA SLIDING 12 gr","MFB","PC","72","CT","5188","5748.11","5748.11","5748.11","5748.11","5748.11","MMSMS001","","","1"
"MMSMT001_BD","MENTA TOPLES","MFB","JR","6","CT","0","0","0","0","0","0","MMSMT001","","","1"
"MMTFP001","MENTA FLIP TOP 6X12","MFB","PC","72","CT","5691.44","6306.3","6306.3","6306.3","6306.3","6306.3","MMTFP001","C.205003120307","","1"
"MMTFP001_BD","MENTA FLIP TOP 6X12","MFB","PC","72","CT","5691.44","6306.3","6306.3","6306.3","6306.3","6306.3","MMTFP001","","","1"
"MMVED001_BD","MENTA VALENTINE EDITION 6X8X2X10GR","MFB","PC","48","CT","7609.1","8618.18","8618.18","8618.18","8618.18","8618.18","MMVED001","","","1"
"MNJL001","MINIJELLY JELLYBOI MIX 3CUPX120","MFB","PC","120","CT","620.4","705","705","705","705","705","MNJL001","1000266","MNJL001","1"
"MNJL001_BD","MINIJELLY JELLYBOI MIX 3CUPX120","MFB","PC","120","CT","620.4","705","705","705","705","705","MNJL001","","MNJL001_BD","1"
"MPPJ001_BD","MENTA PEPPERMINT JAR 12X108G","MFB","JR","12","CT","7757.38","8669.16","8669.16","8669.16","8669.16","8669.16","MPPJ001","","","1"
"MRKSW001_BD","ROCKY STREET WS TPL 600 gr","MFB","JR","6","CT","14969.65","16227.27","16227.27","16227.27","16227.27","16227.27","MRKSW001","","","1"
"MRKWC001_BD","ROCKY WAFER CREAM CHO 8X14GR","MFB","PC","160","CT","0","0","0","0","0","0","MRKWC001","","","1"
"MRKWK001_BD","ROCKY WAFER KEJU 6X36PC","MFB","PC","216","CT","0","0","0","0","0","0","MRKWK001","","","1"
"MRKWS001","ROCKY WS CHOCO-STRW 6X300GR","MFB","JR","6","CT","20916.04","23175.67","23175.67","23175.67","23175.67","23175.67","MRKWS001","","MRKWS001","1"
"MRKXT001","ROCKY XXXXTRA TPL 620 gr 6x120pc","MFB","JR","6","CT","26688.8","29572.07","29572.07","29572.07","29572.07","29572.07","MRKXT001","","","1"
"MRKXT001_BD","ROCKY XXXTRA TPL700 gr","MFB","JR","6","CT","26688.8","29572.07","29572.07","29572.07","29572.07","29572.07","MRKXT001","","","1"
"MRKXT002_BD","ROCKY FAMILY PACK 24X120GR","MFB","PK","24","CT","0","0","0","0","0","0","MRKXT002","","","1"
"MSBG001","MENTA BAG 20 x 50 PC 60 gr","MFB","BG","20","CT","5569.48","6356.31","6356.31","6356.31","6356.31","6356.31","MSBG001","C.205002120101","","1"
"MSBG001_BD","MENTA BAG 60 gr","MFB","BG","20","CT","5082","5804.77","5804.77","5804.77","5804.77","5804.77","MSBG001","","","1"
"MSBG003","MENTA FRUITY LOVE 20X50X60GR","MFB","PC","20","CT","5569.48","6356.31","6356.31","6356.31","6356.31","6356.31","MSBG003","C.205002120105","","1"
"MSBG003_BD","MENTA FRUITY LOVE 20X50X60GR","MFB","PC","20","CT","5082","5804.77","5804.77","5804.77","5804.77","5804.77","MSBG003","","","1"
"MSCB001_BD","MENTA CHEWY CANDY BAG 102 gr","MFB","BG","30","CT","1927.63","2363.64","2181.81","2181.81","2363.64","2363.64","MSCB001","","","1"
"MSCJ001_BD","MENTA CHEWY CANDY JAR 680 gr","MFB","JR","6","CT","16363.63","16727.3","16363.63","16363.63","16727.3","16727.3","MSCJ001","","","1"
"MSCN001","MENTA CAN 6 x 12 PC 30 gr","MFB","BG","72","CT","5345.89","6101.13","6101.13","6101.13","6101.13","6101.13","MSCN001","C.205001120601","","1"
"MSCN001_BD","MENTA CAN 30 gr","MFB","BG","72","CT","4878","5572.58","5572.58","5572.58","5572.58","5572.58","MSCN001","","","1"
"MSGC001_BD","MENTA CHEWING GUM COOLMINT","MFB","PC","240","CT","315","350.18","350.18","350.18","350.18","350.18","MSGC001","","","1"
"MSGM001_BD","MENTA CHEWING GUM SPEARMINT","MFB","PC","240","CT","350.18","350.18","350.18","350.18","350.18","350.18","MSGM001","","","1"
"MSMS001","MENTA SLIDING 10gr 6x12pc","MFB","PC","72","CT","5345.89","6101.13","6101.13","6101.13","6101.13","6101.13","MSMS001","C.205003120306","","1"
"MSMS001_BD","MENTA SLIDING 12 gr","MFB","PC","72","CT","5345.89","6101.13","6101.13","6101.13","6101.13","6101.13","MSMS001","","","1"
"MSMT001_BD","MENTA TOPLES","MFB","JR","6","CT","10900","10900","10900","10900","10900","10900","MSMT001","","","1"
"MTBP126_BD","A23 BP1","ET","PK","480","CT","8986","9000","8986","8986","9000","9000","MTBP126","","","1"
"MTBP128","A23 BP1 / 979-8254","ET","PK","480","CT","11440","13333","13333","13333","13333","13333","MTBP128","979-8254","","1"
"MTBP128_BD","A23 BP1","ET","PK","480","CT","11440","13333","13333","13333","13333","13333","MTBP128","","","1"
"MTBP129_BD","A23 BP5","ET","PK","200","CT","27672.43","32252","32252","32252","32252","32252","MTBP129","","","1"
"MTBP130","A76 BP2 / 546-0396","ET","PK","240","CT","5024.32","5856","5856","5856","5856","5856","MTBP130","546-0396","","1"
"MTBP130_BD","A76 BP2","ET","PK","240","CT","5024.32","5856","5856","5856","5856","5856","MTBP130","","","1"
"MTBP135","A27 BP1/380-5573","ET","PC","480","CT","10898.92","12703","12703","12703","12703","12703","MTBP135","380-5573","","1"
"MTBP135_BD","A27 BP1","ET","PC","480","CT","10898.92","12703","12703","12703","12703","12703","MTBP135","","","1"
"MTEL001","MT PL314M EASY LIGHT","ET","PC","48","CT","38219.61","44545","44545","44545","44545","44545","MTEL001","","","1"
"MTEL001_BD","MT PL314M EASY LIGHT","ET","PC","48","CT","38219.61","44545","44545","44545","44545","44545","MTEL001","","","1"
"MTFP001","MENTA FLIP TOP 6X12","MFB","PC","72","CT","5345.89","6101.13","6101.13","6101.13","6101.13","6101.13","MTFP001","C.205003120307","","1"
"MTFP001_BD","MENTA FLIP TOP 6X12","MFB","PC","72","CT","4878","5572.58","5572.58","5572.58","5572.58","5572.58","MTFP001","","","1"
"MTLP001","EV - LP212 PENLIGHT","ET","PC","144","CT","25740","30000","30000","30000","30000","30000","MTLP001","E302714500","","1"
"MTLP001_BD","EV - LP212 PENLIGHT","ET","PC","144","CT","25740","30000","30000","30000","30000","30000","MTLP001","","","1"
"MVED001_BD","MENTA VALENTINE EDITION 6X8X2X10GR","MFB","","48","","7609.1","8181.82","8181.82","8181.82","8181.82","8181.82","MVED001","","","1"
"NACC033","NATA DE COCO SP COCOPANDAN 360grX24PK","MFB","PK","24","CT","5007","5690","5690","5690","5690","5690","NACC033","1000001","","1"
"NACC033_BD","NATA DE COCO SP COCOPANDAN 360grX24PK","MFB","PK","24","CT","5007","5690","5690","5690","5690","5690","NACC033","1000001","","1"
"NACL043","NATACUP LYCHEE 200GRX24CUP","MFB","CP","24","CT","2873","3265","3265","3265","3265","3265","NACL043","1000019","","1"
"NACL043_BD","NATACUP LYCHEE 200GRX24CUP","MFB","CP","24","CT","2873","3265","3265","3265","3265","3265","NACL043","1000019","","1"
"NACM044","NATACUP MANGO 200GRX24CUP","MFB","CP","24","CT","2873","3265","3265","3265","3265","3265","NACM044","1000020","","1"
"NACM044_BD","NATACUP MANGO 200GRX24CUP","MFB","CP","24","CT","2873","3265","3265","3265","3265","3265","NACM044","1000020","","1"
"NACP001","NATA CRISPY VANILLA (POT B)1KG 6 EMBER/CT","MFB","PC","6","CT","12681","14410","14410","14410","14410","14410","NACP001","1000013","","1"
"NACP001_BD","NATA CRISPY VANILLA 1KG 6 EMBER/CT","MFB","PC","6","CT","12681","14410","14410","14410","14410","14410","NACP001","1000013","","1"
"NACP001_BN","NATA CRISPY VANILLA (POT B)1KG 6 EMBER/CT","MFB","PC","6","CT","0","0","0","0","0","0","NACP001","","NACP001_BN","1"
"NACP002","NATA CRISPY VANILLA (POT K)1KG 6 EMBER/CT","MFB","PC","6","CT","12681","14410","14410","14410","14410","14410","NACP002","1000012","","1"
"NACP002_BD","NATA CRISPY VANILLA (POT K)1KG 6 EMBER/CT","MFB","PC","6","CT","12681","14410","14410","14410","14410","14410","NACP002","1000012","","1"
"NACS045","NATACUP SELASIH ORANGE 220GR MAKRO 6X4","MFB","BD","1","CT","2263","14395","14395","14395","14395","14395","NACS045","","NACS045","1"
"NACS045_BD","NATACUP SELASIH ORANGE 220GR MAKRO 6X4BD","MFB","BD","4","CT","2263","14395","14395","14395","14395","14395","NACS045","","","1"
"NACS046","NATACUP SELASIH ORANGE 200GRX24CUP","MFB","CP","24","CT","3208","3645.45","3645.45","3645.45","3645.45","3645.45","NACS046","1000022","","1"
"NACS046_BD","NATACUP SELASIH ORANGE 200GRX24CUP","MFB","CP","24","CT","3208","3645.45","3645.45","3645.45","3645.45","3645.45","NACS046","1000022","","1"
"NACS047","NATACUP SELASIH STRAWBERRY 200GRX24CUP","MFB","CP","24","CT","3208","3645.45","3645.45","3645.45","3645.45","3645.45","NACS047","1000021","","1"
"NACS047_BD","NATACUP SELASIH STRAWBERRY 200GRX24CUP","MFB","CP","24","CT","3208","3645.45","3645.45","3645.45","3645.45","3645.45","NACS047","1000021","","1"
"NALM034_BD","NATA DE COCO SP LYCHEE 360GR MAKRO 3X8BD","MFB","BD","8","CT","4828.56","5487","5487","5487","5487","5487","NALY035","","","1"
"NALY035","NATA DE COCO SP LYCHEE 360GRX24PK","MFB","PK","24","CT","5007","5690","5690","5690","5690","5690","NALY035","1000000","","1"
"NALY035_BD","NATA DE COCO SP LYCHEE 360GRX24PK","MFB","PK","24","CT","5007","5690","5690","5690","5690","5690","NALY035","1000000","","1"
"NAMG036","NATA DE COCO SP MANGO 360GRX24PK","MFB","PK","24","CT","5007","5690","5690","5690","5690","5690","NAMG036","1000004","","1"
"NAMG036_BD","NATA DE COCO SP MANGO 360GRX24PK","MFB","PK","24","CT","5007","5690","5690","5690","5690","5690","NAMG036","1000004","","1"
"NASO040","NATA DE COCO SELASIH ORANGE 1KGX12BAG","MFB","BG","12","CT","11928","13555","13555","13555","13555","13555","NASO040","1000016","","1"
"NASO040_BD","NATA DE COCO SELASIH ORANGE 1KGX12BAG","MFB","BG","12","CT","11928","13555","13555","13555","13555","13555","NASO040","1000016","","1"
"NASO041_BD","NATA DE COCO SELASIH ORANGE MAKRO 1KGX12BAG","MFB","BG","12","CT","6175.84","7018","7018","7018","7018","7018","NASO041","","","1"
"NAST042","NATA DE COCO SELASIH STRAWBERRY 1KGX12BAG","MFB","BG","12","CT","11928","13555","13555","13555","13555","13555","NAST042","1000015","","1"
"NAST042_BD","NATA DE COCO SELASIH STRAWBERRY 1KGX12BAG","MFB","BG","12","CT","11928","13555","13555","13555","13555","13555","NAST042","1000015","","1"
"NAST042_BN","NATA DE COCO SELASIH STRAWBERRY 1KGX12BAG","MFB","BG","12","CT","0","0","0","0","0","0","NAST042","","NAST042_BN","1"
"NASW037","NATA DE COCO SP STRAWBERRY 360GRX24PK","MFB","PK","24","CT","5007","5690","5690","5690","5690","5690","NASW037","1000003","","1"
"NASW037_BD","NATA DE COCO SP STRAWBERRY 360GRX24PK","MFB","PK","24","CT","5007","5690","5690","5690","5690","5690","NASW037","1000003","","1"
"NAVN038","NATA DE COCO SP VANILLA 1KGX12PK","MFB","PK","12","CT","11431","12990","12990","12990","12990","12990","NAVN038","1000014","","1"
"NAVN038_BD","NATA DE COCO SP VANILLA 1KGX12PK","MFB","PK","12","CT","11431","12990","12990","12990","12990","12990","NAVN038","1000014","","1"
"NAVN038_BN","NATA DE COCO SP VANILLA 1KGX12PK","MFB","PC","12","CT","0","0","0","0","0","0","NAVN038","","NAVN038_BN","1"
"NAVN039","NATA DE COCO SP VANILLA 360GRX24PK","MFB","PK","24","CT","5007","5690","5690","5690","5690","5690","NAVN039","1000002","","1"
"NAVN039_BD","NATA DE COCO SP VANILLA 360GRX24PK","MFB","PK","24","CT","5007","5690","5690","5690","5690","5690","NAVN039","1000002","","1"
"NAVN039_BN","NATA DE COCO SP VANILLA 360GRX24PK","MFB","PK","24","CT","0","0","0","0","0","0","NAVN039","","NAVN039_BN","1"
"NDCC001","NATADECOCO COCOPANDAN 1KGX12","MFB","PC","12","CT","11431.2","12990","12990","12990","12990","12990","NDCC001","1000360","NDCC001","1"
"NDCC001_BD","NATADECOCO COCOPANDAN 1KGX12","MFB","PC","12","CT","11431.2","12990","12990","12990","12990","12990","NDCC001","","NDCC001_BD","1"
"NDSC001","NATADECOCO CUP SELASIH COCOPANDAN 200GX24","MFB","PC","24","CT","3207.6","3645","3645","3645","3645","3645","NDSC001","1000361Z","NDSC001","1"
"NTCK001_BD","NATA DRINK COKLAT 200ML 24/CT","MFB","PC","24","CT","3634.63","4214.55","4214.55","4214.55","4214.55","4214.55","NTCK001","","","1"
"NTCP001_BD","NATA TETRA PACK CAPPUCCINO 200ML 24/CT","MFB","PC","24","CT","3634.63","4214.55","4214.55","4214.55","4214.55","4214.55","NTCP001","","","1"
"NTDD001","NATA DECOCO DESERT GUAVA 200GR 24/CT","MFB","PC","24","CT","3958.4","4498.18","4498.18","4498.18","4498.18","4498.18","NTDD001","1000023","","1"
"NTDD001_BD","NATA DECOCO DESERT GUAVA 200GR 24/CT","MFB","PC","24","CT","3958.4","4498.18","4498.18","4498.18","4498.18","4498.18","NTDD001","1000023","","1"
"NTDD001_BN","NATA DECOCO DESERT GUAVA 200GR 24/CT","MFB","PC","24","CT","0","0","0","0","0","0","NTDD001","","","1"
"NTDD002","NATA DECOCO CUT DUGAN 1KGX6","MFB","PC","6","CT","10815.2","12290","12290","12290","12290","12340.5","NTDD002","1000336","NTDD002","1"
"NTDD002_BD","NATA DECOCO CUT DUGAN 1KGX6","MFB","PC","6","CT","10395.2","11680","11680","11680","11680","11680","NTDD002","","NTDD002_BD","1"
"NTKG001_BD","NATA KRIUUK GUAVA 24X200GR","MFB","PC","24","CT","1892.11","2194","2194","2194","2194","2194","NTKG001","","","1"
"NTKL001_BD","NATA KRIUUK LYCHEE 24X200GR","MFB","PC","24","CT","1892.11","2194","2194","2194","2194","2194","NTKL001","","","1"
"NTKO001_BD","NATA KRIUUK ORANGE 24X200GR","MFB","PC","24","CT","1152.09","1400","1321","1321","1400","1400","NTKO001","","","1"
"OKMJ049_BD","OK MINI JELLY 110GR 10CUPX24PK","MFB","CP","24","CT","649","729.09","729.09","729.09","729.09","729.09","OKMJ049","","","1"
"OKMJ050_BD","OK MINI JELLY TOYS 16'S","MFB","PK","24","CT","6449.89","7479","7479","7479","7479","7479","OKMJ050","","","1"
"OKMJ051_BD","OK MINI JELLY TOYS 8'S","MFB","PK","48","CT","3525.65","4088.18","4088.18","4088.18","4088.18","4088.18","OKMJ051","","","1"
"OKMJ051_BN","OK MINI JELLY TOYS 8S","MFB","PC","48","CT","0","0","0","0","0","0","OKMJ051","","","1"
"PBD_SK24113","HILO DRINK CHOCO MALT 8RX10SX14G","60","PC","80","CT","0","0","0","0","0","0","PBD_SK24113","","PBD_SK24113","1"
"PBD030MDS","NS BLACKCURRANT TEA PLS 4PX40SX11G","60","PC","160","CT","0","0","0","0","0","0","PBD030MDS","","PBD030MDS","1"
"PBD073SON","NS LESS SUGAR JERUK SONKIT PLS 4PX40SX6G","60","PC","160","CT","0","0","0","0","0","0","PBD073SON","","PBD073SON","1"
"PBD074","NS BLEWAH PLS 4PX40SX11G","60","PC","160","CT","0","0","0","0","0","0","PBD074","","","1"
"PBD1101569326","NS JERUK PERAS PLS 18PX40SX14GR","60","PC","720","CT","0","0","0","0","0","0","PBD1101569326","","PBD1101569326","1"
"PBD113PON","NS LESS SUGAR JERUK PONTIANAK PLS 4PX40SX6G","60","PC","160","CT","0","0","0","0","0","0","PBD113PON","","PBD113PON","1"
"PBD113SON","NS LESS SUGAR JERUK SONKIT PLS 4PX40SX6G","60","PC","160","CT","0","0","0","0","0","0","PBD113SON","","PBD113SON","1"
"PBD171CM","HILO DRINK CREAMY MARIE PLS 15X10X14G","60","PC","150","CT","0","0","0","0","0","0","PBD171CM","","PBD171CM","1"
"PBD2HH0817441","HILO DRINK CHOCO MALT 8RX10SX14G","60","PC","80","CT","0","0","0","0","0","0","PBD2HH0817441","","PBD2HH0817441","1"
"PBDSK24112","NS JERUK PERAS PLS 18PX40SX14GR","60","PC","720","CT","0","0","0","0","0","0","PBDSK24112","","PBDSK24112","1"
"PCTAN","OSP CHIKIT SACHET","MFB","PC","1200","CT","3607.5","4300","4000","4000","4300","4300","PCTAN","","PCTAN","1"
"PDPC001_BD","PUDING POWDER COKLAT 12X12 SHC","MFB","PC","144","CT","2640.51","3061.82","3061.82","3061.82","3061.82","3061.82","PDPC001","","","1"
"PDPC001_BN","PUDING POWDER COKLAT 12X12 SHCT","MFB","PC","144","CT","0","0","0","0","0","0","PDPC001","","","1"
"PDPF001_BD","PUDDING PASSION FRUIT 80GR 1X48CT","MFB","PC","48","CT","1828.98","1964.54","1964.54","1964.54","1964.54","1964.54","PDPF001","","","1"
"PDPS001_BD","PUDING POWDER STRAW 12X12 SHCT","MFB","PC","144","CT","2640.51","3061.82","3061.82","3061.82","3061.82","3061.82","PDPS001","","","1"
"PDPS001_BN","PUDING POWDER STRAW 12X12 SHCT","MFB","PC","144","CT","0","0","0","0","0","0","PDPS001","","","1"
"PDYG001","PUDDING CUP YOGURT 120G X 48","MFB","PC","48","CT","2868.8","3260","3260","3260","3260","3130","PDYG001","1000274","PDYG001","1"
"PDYG001_BD","PUDDING CUP YOGURT 120G X 48","MFB","PC","48","CT","2868","3260","3260","3260","3260","3130","PDYG001","1000274","PDYG001_BD","1"
"PF400001","LAYS SAUS PEDAS MANIS 31G","MFB","PC","30","CT","5038.4","6000","6000","6000","6000","0","PF400001","","PF400001","1"
"PF400002","LAYS SAUS PEDAS MANIS 64G","MFB","PC","22","CT","9285.32","11000","11000","11000","11000","11000","PF400002","","PF400002","1"
"PF400003","LAYS RUMPUT LAUT 31G","MFB","PC","30","CT","5038.4","6000","6000","6000","6000","60000","PF400003","","PF400003","1"
"PF400004","LAYS RUMPUT LAUT 64G","MFB","PC","22","CT","9285.32","11000","11000","11000","11000","11000","PF400004","","PF400004","1"
"PF400005","LAYS WAVY DAGING SAPI BAKAR 31G","MFB","PC","30","CT","5038.4","6000","6000","6000","6000","6000","PF400005","","PF400005","1"
"PF400006","LAYS WAVY DAGING SAPI BAKAR 64G","MFB","PC","22","CT","9285.32","11000","11000","11000","11000","11000","PF400006","","PF400006","1"
"PF400007","LAYS WAVY AYAM GORENG BAWANG 31G","MFB","PC","30","CT","5038.4","6000","6000","6000","6000","6000","PF400007","","PF400007","1"
"PF400008","LAYS WAVY AYAM GORENG BAWANG 64G","MFB","PC","22","CT","5038.4","11000","11000","11000","11000","11000","PF400008","","PF400008","1"
"PF400009","CHEETOS JAGUNG BAKAR KEJU 50G","MFB","PC","30","CT","5038.4","11000","11000","11000","11000","11000","PF400009","","PF400009","1"
"PF400010","CHEETOS JAGUNG BAKAR KEJU 120G","MFB","PC","14","CT","8637.66","11000","11000","11000","11000","11000","PF400010","","PF400010","1"
"PF400011","CHEETOS KEJU 50G","MFB","PC","30","CT","5038.4","6000","6000","6000","6000","6000","PF400011","","PF400011","1"
"PF400012","CHEETOS KEJU 120G","MFB","PC","14","CT","8637.66","11000","11000","11000","11000","11000","PF400012","","PF400012","1"
"PF400013","DORITOS JAGUNG BAKAR 55G","MFB","PC","42","CT","5038.41","6000","6000","6000","6000","6000","PF400013","","PF400013","1"
"PF400014","DORITOS JAGUNG BAKAR 120G","MFB","PC","24","CT","8277.64","11000","11000","11000","11000","11000","PF400014","","PF400014","1"
"PF400015","DORITOS SAMBAL SALSA 55G","MFB","PC","42","CT","5038.4","6000","6000","6000","6000","6000","PF400015","","PF400015","1"
"PF400016","DORITOS SAMBAL SALSA 120G","MFB","PC","24","CT","8277.64","11000","11000","11000","11000","11000","PF400016","","PF400016","1"
"PF400033","SNACK MULTIPACK 3S 136G A","MFB","PC","6","CT","10077.74","13000","13000","13000","13000","13000","PF400033","","PF400033","1"
"PF400034","SNACK MULTIPACK 5S 217G A","MFB","PC","8","CT","20155.48","24000","24000","24000","24000","24000","PF400034","","PF400034","1"
"PF400035","LAYS RUMPUT LAUT 105G","MFB","PC","14","CT","12956.96","17000","17000","17000","17000","17000","PF400035","","PF400035","1"
"PF400036","LAYS WAVY DAGING SAPI BAKAR 105G","MFB","PC","14","CT","12956.96","17000","17000","17000","17000","17000","PF400036","","PF400036","1"
"PKTA001_BD","PAKET ALKALINE 6+1","ET","PC","12","PC","55691.06","64908","64908","64908","64908","64908","PKTA001","","","1"
"PKTC003","PAKET DISPLAY SENTER EV","ET","PC","4","CT","119605.2","139400","139400","139400","139400","139400","PKTC003","","","1"
"PKTC003_BD","PAKET DISPLAY SENTER EV","ET","PC","4","CT","119605.2","139400","139400","139400","139400","139400","PKTC003","","","1"
"PKTC009_BD","EVEREADY MINI CHARGER EV2PC4","ET","PC","24","CT","105300","122727.27","122727.27","122727.27","122727.27","122727.27","PKTC009","","","1"
"PKTE002","PAKET MODULAR SPECIALITY ENERGIZER","ET","PC","2","PC","250068","291454.55","291454.55","291454.55","291454.55","291454.55","PKTE002","","","1"
"PKTE002_BD","PAKET MODULAR SPECIALITY ENERGIZER","ET","PC","2","PC","250068","291454.55","291454.55","291454.55","291454.55","291454.55","PKTE002","","PKTE002_BD","1"
"PKTE003","PAKET MODULAR SPECIALITY ENERGIZER NEW","ET","PC","2","PC","229008","266909.09","266909.09","266909.09","248909.09","266909.09","PKTE003","","","1"
"PKTE003_BD","PAKET MODULAR SPECIALITY ENERGIZER NEW","ET","PC","2","CT","229008","266909.09","266909.09","266909.09","248909.09","266909.09","PKTE003","","PKTE003_BD","1"
"PLPCJ","MNP LPC.BADAK SACHET 7GR GUAVA-CANISTER","MFB","PC","576","CT","1295","1550","1450","1450","1550","1550","PLPCJ","","PLPCJ","1"
"PLPCL","MNP LPC.BADAK SACHET 7GR JERUK NIPIS-CANISTER","MFB","PC","576","CT","1295","1550","1450","1450","1550","1550","PLPCL","","PLPCL","1"
"PLPJA","MNP LPC.BADAK SACHET 7GR GUAVA-DUS","MFB","PC","576","CT","1295","1550","1450","1450","1550","1550","PLPJA","","PLPJA","1"
"PLPJB","MNP LPC.BADAK SACHET 7GR GUAVA-HGR","MFB","PC","576","CT","1295","1550","1450","1450","1550","1550","PLPJB","","PLPJB","1"
"PLPNA","MNP LPC.BADAK SACHET 7GR JERUK NIPIS-DUS","MFB","PC","576","CT","1295","1550","1450","1450","1550","1500","PLPNA","","PLPNA","1"
"PLPNB","MNP LPC.BADAK SACHET 7GR JERUK NIPIS-HGR","MFB","PC","576","CT","1295","1550","1450","1450","1550","1550","PLPNB","","PLPNB","1"
"PLPZA","LP CAP BADAK  EZ SACHET 25 ML ANGGUR","MFB","PC","144","CT","2065.83","2500","2308.33","2308.33","2500","2500","PLPZA","","PLPZA","1"
"PLPZB","LP CAP BADAK  EZ SACHET 25 ML JAMBU","MFB","PC","144","CT","2065.83","2500","2308.33","2308.33","2500","2500","PLPZB","","PLPZB","1"
"PLPZC","LP CAP BADAK  EZ SACHET 25 ML LYCHEE","MFB","PC","144","CT","2065.83","2500","2308.33","2308.33","2500","2500","PLPZC","","PLPZC","1"
"PPT24-0431","NS JERUK PERAS PLS 18PX40SX14GR","60","PC","720","CT","0","0","0","0","0","0","PPT24-0431","","PPT24-0431","1"
"PPT24-0687","NS JERUK PERAS PLS 18PX40SX14GR","60","PC","720","CT","0","0","0","0","0","0","PPT24-0687","","PPT24-0687","1"
"PSKPL","OSK C.BADAK SACHET PUYER","MFB","PC","3600","CT","385.41","458.33","433.33","433.33","458.33","458.33","PSKPL","","PSKPL","1"
"PYTS01","PAYUNG TS","60","PC","1","PC","0","0","0","0","0","0","PYG01","","","1"
"RC110FL_BD","RC110","ET","PC","4","CT","332240.77","387227","387227","387227","387227","387227","RC110FL","","","1"
"RCEX001","EN RECH EXTREME 2300 AA BP2","ET","PC","36","CT","74762.68","87136","87136","87136","87136","87136","RCEX001","","","1"
"RCNH131_BD","NH 12 BP2 AAA","ET","PK","36","CT","62400","72727.27","72727.27","72727.27","72727.27","72727.27","RCNH131","","","1"
"RCNH132_BD","NH 15 BP2 AA","ET","PK","36","CT","62400","72727.27","72727.27","72727.27","72727.27","72727.27","RCNH132","","","1"
"RCNH133","NH 22 9V","ET","PK","36","CT","113100","131818.18","131818.18","131818.18","131818.18","131818.18","RCNH133","","","1"
"RCNH133_BD","NH 22 9V","ET","PK","36","CT","113100","131818.18","131818.18","131818.18","131818.18","131818.18","RCNH133","","","1"
"RCNH134","EN RECH PWR+ 2000 AA BP2/278-2949","ET","PC","36","CT","67635.14","78829","78829","78829","78829","78829","RCNH134","578-0996","","1"
"RCNH134_BD","NH 15 BP 2 AA 2000 mAh","ET","PC","36","CT","67635.14","78829","78829","78829","78829","78829","RCNH134","","","1"
"RCNH135","EN RECH PWR+ 700 AAA BP2/078-2950","ET","PC","36","CT","44600","51982","51982","51982","51982","51982","RCNH135","078-2950","","1"
"RCNH135_BD","NH12RP2 700 CN 72H17280","ET","PC","36","CT","44600","51982","51982","51982","51982","51982","RCNH135","","","1"
"RCNH136_BD","NH15RP2 1300 CN 72H14760","ET","PC","36","CT","36348.31","42364","42364","42364","42364","42364","RCNH136","","","1"
"RCNH137_BD","NH15RP2 1400 JP 72H14760","ET","PC","36","CT","46799.61","54545","54545","54545","54545","54545","RCNH137","","","1"
"RCNH137_BN","NH15RP2 1400 JP 72H14760","ET","PC","36","CT","0","0","0","0","0","0","RCNH137","","","1"
"RCNH138","EN RECH EXTREME 2300 AA/ 478-2948","ET","PC","36","CT","94843.78","110541","110541","110541","110541","110541","RCNH138","478-2948","","1"
"RCNH138_BD","NH15RP2 2300 JP 72","ET","PC","36","CT","94843.78","110541","110541","110541","110541","110541","RCNH138","","","1"
"RGA","RINGGO ORANGE 21GRX12BX","MFB","BX","12","CT","12853","14442","14442","14442","14442","14442","RGA","","RGA","1"
"RGA_BD","RINGGO ORANGE 21GRX12BX","MFB","BX","12","CT","12853","14442","14442","14442","14442","14442","RGA","","RGA_BD","1"
"RGB","RINGGO STRAWBERRY 21GRX12BX","MFB","BX","12","CT","12853","14442","14442","14442","14442","14442","RGB","","RGB","1"
"RGB_BD","RINGGO STRAWBERRY 21GRX12BX","MFB","BX","12","CT","12853","14442","14442","14442","14442","14442","RGB","","RGB_BD","1"
"RGC","RINGGO ORANGE 16BX","MFB","BX","16","CT","11787.16","13244","13244","13244","13244","13244","RGC","","RGC","1"
"RGD","RINGGO STRAWBERRY 16BX","MFB","BX","16","CT","11787.16","13244","13244","13244","13244","13244","RGD","","RGD","1"
"RGD_BD","RINGGO STRAWBERRY 16BX","MFB","BX","16","CT","11787.16","13244","13244","13244","13244","13244","RGD","","RGD_BD","1"
"RKSW001_BD","ROCKY STREET WS TPL 600 gr","MFB","JR","6","CT","14508.31","15727.27","15727.27","15727.27","15727.27","15727.27","RKSW001","","","1"
"RKWC001_BD","ROCKY WAFER CREAM CHO 8X14GR","MFB","PC","160","CT","338.18","374.55","374.55","374.55","374.55","374.55","RKWC001","","","1"
"RKWK001_BD","ROCKY WAFER KEJU 6X36PC","MFB","PC","216","CT","362.7","401.7","401.7","401.7","401.7","401.7","RKWK001","","","1"
"RKWS001","ROCKY WS CHOCO-STRW 6X300GR","MFB","JR","6","CT","19635.47","22409.45","22409.45","22409.45","22409.45","22409.45","RKWS001","","RKWS001","1"
"RKWS001_BD","ROCKY WS CHOCO-STRW 6X300GR","MFB","PC","6","CT","19635.47","22409.45","22409.45","22409.45","22409.45","0","RKWS001","","RKWS001_BD","1"
"RKXT001","ROCKY XXXXTRA TPL 620 gr 6x120pc","MFB","JR","6","CT","25835.08","29511.47","29511.47","29511.47","29511.47","29511.47","RKXT001","C.301002070402","","1"
"RKXT001_BD","ROCKY XXXTRA TPL700 gr","MFB","JR","6","CT","25835.08","29511.47","29511.47","29511.47","29511.47","29511.47","RKXT001","","","1"
"RKXT002_BD","ROCKY FAMILY PACK 24X120GR","MFB","PK","24","CT","3160.2","3160.2","3160.2","3160.2","3160.2","3160.2","RKXT002","","","1"
"SAPN052_BD","SELAI ALOE WITH PINEAPPLE 360GRX24JAR","MFB","JR","24","CT","14727","14727","14727","14727","14727","14727","SAPN052","","","1"
"SHCK001_BD","SHICK LTD 3'S","ET","PK","144","CT","5083.78","7727.27","7727.27","7727.27","7727.27","7727.27","SHCK001","","","1"
"SK088_099C","NS JERUK PERAS PLS 18PX40SX14GR","60","PC","720","CT","0","0","0","0","0","0","SK088_099C","","SK088_099C","1"
"SK088C","NS JERUK PERAS PLS 18PX40SX14GR","60","PC","720","CT","0","0","0","0","0","0","SK088C","","SK088C","1"
"SK21028A","HILO CHOCOLATE TARO PLS 15RX10SX14G","60","PC","150","CT","0","0","0","0","0","0","SK21028A","","","1"
"SK24065","HILO DRINK CHOCO MALT 8RX10SX14G","60","PC","80","CT","0","0","0","0","0","0","SK24065","","SK24065","1"
"SK24065_AREN","WDANK LOKALATE KOPI GULA AREN PLS 12RX10SX15G","60","PC","120","CT","0","0","0","0","0","0","SK24065_AREN","","SK24065_AREN","1"
"SK24065_JUPE","NS JERUK PERAS PLS 18PX40SX14GR","60","PC","720","CT","0","0","0","0","0","0","SK24065_JUPE","","SK24065_JUPE","1"
"SK24282","HILO DRINK CHOCO MALT 8RX10SX14G","60","PC","80","CT","0","0","0","0","0","0","SK24282","","SK24282","1"
"SK24328","NS WDANK SEREH JAHE NIPIS PLS 12RX10SX11G","60","PC","120","CT","0","0","0","0","0","0","SK24328","","SK24328","1"
"SLED001_BD","FL LIGHT LED 2D T3853L","ET","","120","","25740","30000","30000","30000","30000","30000","SLED001","","","1"
"SLED001R","FL LIGHT LED 2D T3853L REPACK","ET","PC","120","CT","25740","30000","30000","30000","30000","30000","SLED001R","","","1"
"SLED002_BD","FL LIGHT LED 3D T3857L","ET","PC","96","CT","32291.69","37636","37636","37636","37636","37636","SLED002","","","1"
"SMBW001_BD","SAMBAL BAWANG 190GRX12JAR","M3","PC","12","CT","9045.45","10431.82","10431.82","10431.82","10431.82","10431.82","SMBW001","","","1"
"SMBW003_BD","SAMBAL BAWANG 20GR X 10SCH X 10PAK","M3","PC","100","CT","904.55","1040.91","1040.91","1040.91","1040.91","1040.91","SMBW003","","","1"
"SMHJ001_BD","SAMBAL HIJAU 190GRX12JAR","M3","PC","12","CT","9045.45","10431.82","10431.82","10431.82","10431.82","10431.82","SMHJ001","","","1"
"SMIJ002_BD","SAMBAL IJO 20GR X 10SCH X 10PAK","M3","PC","100","CT","904.55","1040.91","1040.91","1040.91","1040.91","1040.91","SMIJ002","","","1"
"SMKM002_BD","SAMBAL KEMIRI 20GR X 10SCH X 10PAK","M3","PC","100","CT","904.55","1040.91","1040.91","1040.91","1040.91","1040.91","SMKM002","","","1"
"SMPC001","FL SUMMER PACK/E301702100","ET","PC","24","CT","145860","170000","170000","170000","170000","170000","SMPC001","E301702100","","1"
"SMPC001_BD","FL SUMMER PACK","ET","PC","24","CT","145860","170000","170000","170000","170000","170000","SMPC001","E301702100","SMPC001_BD","1"
"SMPD001_BD","SAMBAL PEDAS 190GRX12JAR","M3","PC","12","CT","9045.45","10431.82","10431.82","10431.82","10431.82","10431.82","SMPD001","","","1"
"SMPD002_BD","SAMBAL PEDAS 20GR X 10SCH X 10PAK","M3","PC","100","CT","904.55","1040.91","1040.91","1040.91","1040.91","1040.91","SMPD002","","","1"
"SMPS001_BD","ULEG SAMBAL PEDAS SERBAGUNA 190GRX12JAR","M3","PC","12","CT","9045.45","10431.82","10431.82","10431.82","10431.82","10431.82","SMPS001","","","1"
"SMRW002_BD","SAMBAL RAWIT 20GR X 10SCH X 10PAK","M3","PC","100","CT","904.55","1040.91","1040.91","1040.91","1040.91","1040.91","SMRW002","","","1"
"SMTI002_BD","SAMBAL TERI 18GR X 10SCH X 10PAK","M3","PC","100","CT","904.54","1040.9","1040.9","1040.9","1040.9","1040.9","SMTI002","","","1"
"SMTR001_BD","SAMBAL TERASI 190GRX12JAR","M3","PC","12","CT","10000","11527.27","11527.27","11527.27","11527.27","11527.27","SMTR001","","","1"
"SMTR002_BD","SAMBAL TERASI 21GR X 10SCH X 10PAK","M3","PC","100","CT","904.55","1040.91","1040.91","1040.91","1040.91","1040.91","SMTR002","","","1"
"SPO03","OBK IBU-ANAK BOTOL 75ML","MFB","PC","96","CT","24420","29100","27200","27200","29100","29100","SPO03","","SPO03","1"
"SPO25","OBK IBU-ANAK BOTOL 300ML","MFB","PC","48","CT","67062.5","79900","74700","74700","79900","79900","SPO25","","SPO25","1"
"STTA001","ST TAP22 VA MIB","ET","PC","48","CT","35021.84","40818","40818","40818","40818","40818","STTA001","","","1"
"STTA001_BD","ST TAP22 VA MIB","ET","PC","48","CT","35021.84","40818","40818","40818","40818","40818","STTA001","","","1"
"TAS01","TAS HILO","60","PC","1","PC","0","0","0","0","0","0","TAS01","","","1"
"TASRANSEL","TAS RANSEL","60","PC","1","PC","0","0","0","0","0","0","TASRANSEL","","TASRANSEL","1"
"TFB","TUMBLERCFLIP BOTOL","M3","PC","120","CT","0","0","0","0","0","0","TFB","","TFB","1"
"TFP","TUMBLER FLIP POCI","M3","PC","120","CT","0","0","0","0","0","0","TFP","","TFP","1"
"TFS","TUMBLER FLIP SOSRO","M3","PC","120","CT","0","0","0","0","0","0","TFS","","TFS","1"
"TRPP001_BD","TARO PUDDING PUREE 90GR 48/CT","MFB","PC","48","CT","2035.26","2360","2360","2360","2360","2360","TRPP001","","","1"
"TRPP001_BN","TARO PUDDING PUREE 90GR 48/CT","MFB","PC","48","CT","0","0","0","0","0","0","TRPP001","","","1"
"TSH","TSHIRT HILO","60","PC","1","PC","0","0","0","0","0","0","TSH","","TSH","1"
"TSHIRTNS","TSHIRT NUTRISARI PE","60","PC","1","PC","0","0","0","0","0","0","TSHIRTNS","","TSHIRTNS","1"
"TTJL001_BD","TURTLE JELLY 8SX10GR","MFB","PC","25","CT","682.87","767.28","767.28","767.28","767.28","767.28","TTJL001","","","1"
"UIK","UNION GINGER COCONUT 144GRX24BKS","MFB","BG","24","CT","8800","9888","9888","9888","9888","9888","UIK","","UIK","1"
"UIL","UNION GINGER COCONUT 360GRX6JAR","MFB","JR","6","CT","23051","25900","25900","25900","25900","25900","UIL","","UIL","1"
"UIL_BD","UNION GINGER COCONUT 360GRX6JAR","MFB","JR","6","CT","23051","25900","25900","25900","25900","25900","UIL","","UIL_BD","1"
"UMA","UNION MINIDROP ASSORTED 324GRX20BKS","MFB","BG","20","CT","11806","13265","13265","13265","13265","13265","UMA","","UMA","1"
"UMC","UNION MINIDROP ASSORTED 720GRX6JAR","MFB","JR","6","CT","28124","31600","31600","31600","31600","31600","UMC","","UMC","1"
"UMC_BD","UNION MINIDROP ASSORTED 720GRX6JAR","MFB","JR","6","CT","28124","31600","31600","31600","31600","31600","UMC","","UMC_BD","1"
"UTBK001_BD","SHICK ULTRA BLUE KIT 1+2'S(MEA)","ET","PK","60","CT","12039.57","18300","18300","18300","18300","18300","UTBK001","","","1"
"UTBK002_BD","SHICK ULTRA PLUS BLUE REFILL 2(PH)","ET","PC","288","CT","6842.16","10400","10400","10400","10400","10400","UTBK002","","","1"
"WOWGROSIR","NS JERUK PERAS PLS 18PX40SX14GR","60","PC","720","CT","0","0","0","0","0","0","WOWGROSIR","","WOWGROSIR","1"
"WRLG001","FL WORK LIGHT/E301732500","ET","PC","2","CT","175890","205000","205000","205000","205000","205000","WRLG001","E301732500","","1"
"WRLG001_BD","WORK LIGHT WITH 4AA","ET","PC","2","CT","175890","205000","205000","205000","205000","205000","WRLG001","E301732500","WRLG001_BD","1"
"X4101005_BD","CLEO ANDA GREEN TEA 235ML 24/CT","MFB","PC","24","CT","549","606.06","606.06","606.06","606.06","606.06","4101005","","","1"
"XTDP001_BD","XTREME 3 MENS DISPOSABLES","ET","PC","108","CT","5394.78","8200","8200","8200","8200","8200","XTDP001","","","1"
"YOMJ053_BD","YOI MINI JELLY 10S 15GRX36PK","MFB","PK","36","CT","1701","1754","1701","1701","1754","1754","YOMJ053","","","1"
"YOMJ054_BD","YOI MINI JELLY 5'S 15GRX72PK","MFB","PK","72","CT","851","876","851","851","876","876","YOMJ054","","","1"
