kode,nama,kode_area,nama_area,active
0001ABRRT,SUMBER URIP,ABR,AMBARAWA,1
0001BLRRT,TOKO PALAWIJO,BLR,BLORA,1
0001BYLRT,MURSINAH,BYL,Boyolali,1
0001KLTAP,APOTIK TEGAL GONDO,KLT,Klaten,1
0001KLTRT,LESTARI II,KLT,Klaten,1
0001SKHWS,TIRA GROSIR SOLO,SKH,Sukoharjo,0
0001WNGRT,KIRNO,WNG,Wonogiri,1
0002KLTRT,SARI ASIH WONOSARI,KLT,Klaten,1
0002WNGRT,POJOK 2,WNG,Wonogiri,1
0003KLTRT,BU SARMINI,KLT,Klaten,1
0003WNGRT,POJOK/BUDI,SRG,Sragen,1
0004KLTRT,17 JAYA KLATEN,KLT,Klaten,1
0004WNGRT,HERTA PRIMA ELEKTRONIK PWTR,WNG,Wonogiri,1
0005KLTRT,WIJAYA PUTRA,KLT,Klaten,1
0005WNGRT,NANNY SALON PURWANTORO,WNG,Wonogiri,1
0006KLTRT,AGUS BAYAT,KLT,Klaten,1
0006WNGRT,BU YARSI PURWANTORO,WNG,Wonogiri,1
0007WNGRT,BU ROHMI BATURETNO,WNG,Wonogiri,1
0008KLTRT,DADI RUKUN II,KLT,Klaten,1
0008WNGRT,FOTO COPY PRIMA BATU,WNG,Wonogiri,1
0009WNGRT,TOKO LESTARI 2 BATU,WNG,Wonogiri,1
0010KLTRT,ELHAN MOTOR,KLT,Klaten,1
0010WNGRT,TOKO ASTUTI PRACI,WNG,Wonogiri,1
0011KLTRT,ASLI MOTOR,KLT,Klaten,1
0011WNGRT,45 PRACI,WNG,Wonogiri,1
0012KLTRT,PUTRA MULYA MOTOR,KLT,Klaten,1
0012SRGRT,55 TOKO,SRG,Sragen,0
0012WNGRT,KUSUMA DEWI,WNG,Wonogiri,1
0013KLTRT,TOKO 75 / TUJUH LIMA KLT,KLT,Klaten,1
0013WNGRT,MBAK MARIATI,WNG,Wonogiri,1
0014KLTRT,SANTOSO,KLT,Klaten,1
0014WNGRT,PAK MUL GENDUT,WNG,Wonogiri,1
0015KLTRT,RINA KLATEN,KLT,Klaten,1
0015WNGRT,B.DARTI,WNG,Wonogiri,1
0016KLTRT,BU SUM IWAK,KLT,Klaten,1
0016WNGMM,87 MM PURWANTORO,WNG,Wonogiri,1
0017KLTRT,ELLA ELEKTRONIK,KLT,Klaten,1
0017SLUSM,CV.ANUGRAH PRATAMA,SLU,Solo Utara,0
0017WNGRT,DIANA ROTI,WNG,Wonogiri,1
0018KLTRT,MITRA SEHATI,KLT,Klaten,1
0018WNGRT,CITRA SEJAHTERA,WNG,Wonogiri,1
0019KLTRT,ABADI ELECTRONIK,KLT,Klaten,1
0019WNGRT,SRI WIDODO,WNG,Wonogiri,1
0020KLTRT,PAK SRI KARANGANOM,KLT,Klaten,1
0020WNGRT,ABADI NGADIROJO,WNG,Wonogiri,1
0021KLTRT,PRASOJO MOTOR KLATEN,KLT,Klaten,1
0021WNGRT,SINAR MULIA,WNG,Wonogiri,1
0022KLTRT,ABADI PEDAN,KLT,Klaten,1
0022WNGRT,SENKUKO CAHAYA GIRI,WNG,Wonogiri,1
0023KLTRT,SURYA MAS MOTOR (Dpn CEMPAKA),KLT,Klaten,1
0023WNGRT,TOKO WARMI,WNG,Wonogiri,1
0024KLTRT,ANUGRAH PRIMA MOTOR KLATEN,KLT,Klaten,1
0024WNGRT,BAROKAH,WNG,Wonogiri,1
0025KLTKO,KOP SAKINAH RSI KETANDAN,KLT,Klaten,1
0025KLTRT,TOKO ABC KLATEN,KLT,Klaten,1
0025WNGRT,WIRYO,WNG,Wonogiri,1
0026KLTRT,POJOK / UMI JURANGJERO,KLT,Klaten,1
0026WNGRT,HARTINI,WNG,Wonogiri,1
0027KLTRT,TOKO RAHAYU WEDI,KLT,Klaten,1
0027WNGRT,NOSSA,WNG,Wonogiri,1
0028KLTRT,ABSA JUWIRING,KLT,Klaten,1
0028WNGRT,BERKAH FOTO,WNG,Wonogiri,1
0029KLTRT,TOKO CAKEP WEDI,KLT,Klaten,1
0029WNGRT,SUMBER BARU SLOGOHIMO,WNG,Wonogiri,1
0030KLTRT,SUMBER ASLI,KLT,Klaten,1
0030WNGRT,PAK HARI WONOGIRI,WNG,Wonogiri,1
0031KLTRT,SUTARNO PS GEMPOL,KLT,Klaten,1
0031WNGRT,MAS PRAN WONOGIRI,WNG,Wonogiri,1
0032KLTAP,APOTEK DIANA FARMA CAWAS,KLT,Klaten,1
0032KLTRT,MM PUSPITA,KLT,Klaten,1
0032WNGRT,PERMADANI NAGDIROJO,WNG,Wonogiri,1
0033KLTRT,PELANGI PASAR GEMPOL,KLT,Klaten,1
0033WNGRT,SUMBER MANIS NGUNTORONADI,WNG,Wonogiri,1
0034KLTRT,BUDI JAYA II,KLT,Klaten,1
0034WNGRT,BU MUNDIR PURWANTORO,WNG,Wonogiri,1
0035KLTRT,TOKO BESI LANGGENG JAYA,KLT,Klaten,1
0035WNGRT,RAHAYU PURWANTORO,WNG,Wonogiri,1
0036KLTRT,TOKO YK 1,KLT,Klaten,1
0036WNGRT,TOKO ENGGAL PURWANTORO,WNG,Wonogiri,1
0037KLTRT,HARI JAM,KLT,Klaten,1
0037PATRT,KARYA JADI (PINGAN) / KOH HERI,PAT,PATI,0
0037WNGRT,TOKO BARU JATISRNO,WNG,Wonogiri,1
0038WNGRT,TOKO LUWES,WNG,Wonogiri,1
0039KLTMM,ADIMAS WEDI,KLT,Klaten,1
0039WNGRT,AGUNG BAKTI BATURETNO,WNG,Wonogiri,1
0040KLTRT,SRI SROWOT,KLT,Klaten,1
0040WNGMM,ADINDA,WNG,Wonogiri,1
0040WNGRT,SALON LENY,WNG,Wonogiri,1
0041KLTRT,MUSTOFA SPD IR REGULER,KLT,Klaten,1
0041WNGRT,MARGO JOYO BABY SHOP,WNG,Wonogiri,1
0042WNGRT,BU PADMI PURWANTORO,WNG,Wonogiri,1
0043KLTRT,AS GROSS BAKUNGAN,KLT,Klaten,1
0043WNGRT,MBAK LIES JATISRONO,WNG,Wonogiri,1
0044KLTRT,TOKO TRI WIBOWO PEDAN,KLT,Klaten,1
0044WNGRT,AGNES FOTO SLOGOHIMO,WNG,Wonogiri,1
0045KLTRT,ARIANI KLATEN,KLT,Klaten,1
0045WNGRT,TOKO BERKAT WONOGIRI,WNG,Wonogiri,1
0046WNGRT,MBAK YATMI BATURETNO,WNG,Wonogiri,1
0047KLTRT,MR 74 JUWIRING,KLT,Klaten,1
0047WNGRT,MBAK PIPIT BATURETNO,WNG,Wonogiri,1
0048KLTRT,TOKO DEWI TULUNG,KLT,Klaten,1
0048WNGRT,AGUNG HIKMAH,WNG,Wonogiri,1
0049WNGRT,AGUNG JAYA ELC,WNG,Wonogiri,1
0050WNGRT,AGUNG JAYA PRACI,WNG,Wonogiri,1
0051KLTRT,TOKO OLIE 49,KLT,Klaten,1
0051WNGRT,SKM 7 NGADIROJO,WNG,Wonogiri,1
0052KLTRT,SUTARNO 2 / RCS GANTIWARNO,KLT,Klaten,1
0052WNGRT,BU TINI JATISRONO,WNG,Wonogiri,1
0053KLTRT,TOKO PRINGGODANI JATINOM,KLT,Klaten,1
0053WNGRT,MBAK PUJI SIDOHARJO,WNG,Wonogiri,1
0054KLTRT,WARUNG AYU CEPER,KLT,Klaten,1
0054SLSWS,SAFARI/CIK RATNA,SLS,Solo Selatan,0
0054WNGRT,AGUNG NIKMAH BATURETNO,WNG,Wonogiri,1
0055KLTRT,FOTO COPY FAMILY JUWIRING,KLT,Klaten,1
0055WNGRT,MAS SUGI NGADIROJO,WNG,Wonogiri,1
0056KLTRT,GRAHA AMANAH BABY SHOP,KLT,Klaten,1
0056WNGRT,BU YANTI JATISRONO,WNG,Wonogiri,1
0057KLTRT,TOKO RIVAI KARANGANOM,KLT,Klaten,1
0057WNGRT,TOKO SINAR BARU,WNG,Wonogiri,1
0058KLTRT,TOKO RAGIL JAYA KARANGANOM,KLT,Klaten,1
0058WNGRT,BU MAMIK JATISRONO,WNG,Wonogiri,1
0059KLTRT,PELANGI SWALAYAN DALEMAN,KLT,Klaten,1
0059WNGRT,AGUNG REJEKI WONOGIRI,WNG,Wonogiri,1
0060KLTRT,KING JAYA KLATEN,KLT,Klaten,1
0060WNGRT,UD SRI MAJU SLOGOHIMO,WNG,Wonogiri,1
0061KLTRT,TOKO EL DIFA JATINOM,KLT,Klaten,1
0061WNGRT,TOKO MARGO JOYO JATISRONO,WNG,Wonogiri,1
0062KLTRT,TOKO UNGGUL SPORT,KLT,Klaten,1
0062WNGRT,TOKO BADUT KRISAK,WNG,Wonogiri,1
0063KLTRT,TOKO AGUNG KLATEN,KLT,Klaten,1
0063WNGRT,BU DARMAN PURWANTORO,WNG,Wonogiri,1
0064KLTRT,TOKO RAJAWALI KLATEN,KLT,Klaten,1
0064WNGRT,TOKO DENOK BATURETNO,WNG,Wonogiri,1
0065KLTRT,TOKO BARU JOMBOR,KLT,Klaten,1
0065WNGRT,TOKO ANGGRAINI TIRTOMOYO,WNG,Wonogiri,1
0066KLTRT,TOKO SEKAWAN KLATEN,KLT,Klaten,1
0066SLUSM,PT.PUTRA BENGAWAN MANDIRI,SLU,Solo Utara,0
0066WNGRT,BU NANA BATURETNO,WNG,Wonogiri,1
0067KLTRT,AIR MANCUR (SARWONO) KLT,KLT,Klaten,1
0067WNGRT,BU NING BATURETNO,WNG,Wonogiri,1
0068KLTRT,AIR MANCUR KLT,KLT,Klaten,1
0068WNGRT,BU YATI BATURETNO,WNG,Wonogiri,1
0069KLTRT,AIR MANCUR GABUS,KLT,Klaten,1
0069WNGRT,BU PARMAN BATURETNO,WNG,Wonogiri,1
0070KLTAP,APOTEK BATAS KOTA,KLT,Klaten,1
0070KLTRT,TOKO GADING KENCANA,KLT,Klaten,1
0070WNGRT,FOTO COPY ANDA PRACI,WNG,Wonogiri,1
0071KLTRT,TOKO ILHAM JAYA WONOSARI,KLT,Klaten,1
0071WNGRT,TOKO TRISNA PRACI,WNG,Wonogiri,1
0072KLTRT,TOKO LALA SNACK GABUS,KLT,Klaten,1
0072WNGRT,BU YATI ROTI / MANDOR,WNG,Wonogiri,1
0073KLTRT,TOKO MATARAM KETANDAN,KLT,Klaten,1
0073WNGRT,SMK I WONOGIRI,WNG,Wonogiri,1
0074KLTMM,SWALAYAN LANGGAM PEDAN,KLT,Klaten,1
0074KLTRT,TOKO AMBAR KARGUMAN,KLT,Klaten,1
0074WNGRT,AL AMIN/DARSO BATU,WNG,Wonogiri,1
0075KLTAP,APOTEK YENA MEDIKA KLATEN,KLT,Klaten,1
0075KLTRT,TOKO SINAR KARGUMAN,KLT,Klaten,1
0075WNGRT,TOKO YANTO PURWANTORO,WNG,Wonogiri,1
0076KLTRT,TOKO EKI KRG ANOM,KLT,Klaten,1
0076WNGRT,SUWARNI JATISRONO,WNG,Wonogiri,1
0077KLTRT,TOKO RIDA KARANGANOM,KLT,Klaten,1
0077WNGRT,NUR RIZKY ELEKTRONIK,WNG,Wonogiri,1
0078KLTRT,TOKO ANIFA KARANGANOM,KLT,Klaten,1
0078WNGRT,TOKO SEROJA NGADIROJO,WNG,Wonogiri,1
0079KLTRT,TOKO SETIA JAYA,KLT,Klaten,1
0079WNGKO,KPRI SLOGOHIMO,WNG,Wonogiri,1
0079WNGRT,NITA MM,WNG,Wonogiri,1
0080KLTRT,TOKO PENI PEDAN,KLT,Klaten,1
0080WNGAP,WONOGIRI APOTIK,WNG,Wonogiri,1
0080WNGRT,NP FOTO COPY,WNG,Wonogiri,1
0081KLTRT,TOKO NANIK KARANGDOWO,KLT,Klaten,1
0081WNGRT,ALFA OMEGA BATURETNO,WNG,Wonogiri,1
0082KLTRT,MAS MUCHLIS KLATEN,KLT,Klaten,1
0082WNGKO,KPRI MURIH RAHARJO PRACI,WNG,Wonogiri,1
0083KLTRT,BU RUBIYEM LUAR,KLT,Klaten,1
0083WNGRT,BU TUKIMIN EROMOKO,WNG,Wonogiri,1
0084KLTRT,BU MISRI KLATEN,KLT,Klaten,1
0084WNGRT,TOKO JAGO EROMOKO,WNG,Wonogiri,1
0085KLTRT,RS ISLAM KLATEN,KLT,Klaten,1
0085WNGRT,TOKO SLAMET KRISAK,WNG,Wonogiri,1
0086KLTRT,DARMA MART,KLT,Klaten,1
0086WNGRT,TOKO AL MIFTAH WONOGIRI,WNG,Wonogiri,1
0087KLTRT,WARSITI WEDI,KLT,Klaten,1
0087WNGRT,MBAK DWI PRACIMANTORO,WNG,Wonogiri,1
0088KLTRT,ALUKA DELANGGU,KLT,Klaten,1
0088WNGRT,TOKO KOMET JAYA NGADIROJO,WNG,Wonogiri,1
0089KLTMM,AMALIA DELANGGU,KLT,Klaten,1
0089KLTRT,AL MURSID KARANGANOM,KLT,Klaten,1
0089WNGRT,TOKO HERCYNDA TIRTOMOYO,WNG,Wonogiri,1
0090KLTMM,AMALIA PEDAN,KLT,Klaten,1
0090KLTRT,GADING KENCANA II,KLT,Klaten,1
0090WNGRT,TOKO SUPADI BATURETNO,WNG,Wonogiri,1
0091KLTMM,AMALIA TANJUNG,KLT,Klaten,1
0091KLTRT,AMBAR PS JURANG JERO,KLT,Klaten,1
0091WNGRT,SRI REJEKI BATURETNO,WNG,Wonogiri,1
0092KLTRT,TOKO WIKAN KLATEN,KLT,Klaten,1
0092WNGRT,OMAH BLONJOKU SIDOHARJO,WNG,Wonogiri,1
0093KLTRT,TOKO ILHAM KLATEN,KLT,Klaten,1
0093WNGRT,TOKO ELBAS WONOGIRI,WNG,Wonogiri,1
0094KLTRT,TOKO PELANGI KLATEN,KLT,Klaten,1
0094WNGRT,TOKO BERKAH JATISRONO,WNG,Wonogiri,1
0095KLTAP,NOSINDO FARMA KLATEN,KLT,Klaten,1
0095WNGRT,TOKO SABAR SELOGIRI,WNG,Wonogiri,1
0096KLTAP,TOKO MARGO WARAS KLATEN,KLT,Klaten,1
0096WNGRT,TOKO ANGKASA BARU JATISRONO,WNG,Wonogiri,1
0097KLTRT,TOKO INTAN KLATEN,KLT,Klaten,1
0097WNGRT,TOKO RAKIMIN  SIDOHARJO,WNG,Wonogiri,1
0098KLTAP,APOTIK ALTHAF,KLT,Klaten,1
0098KLTRT,TOKO SEMARANG KLATEN,KLT,Klaten,1
0098WNGRT,TOKO SUMBER AGUNG SELOGIRI,WNG,Wonogiri,1
0099KLTRT,TOKO BASUKI KLATEN,KLT,Klaten,1
0099WNGRT,BU RAPI PRACI,WNG,Wonogiri,1
0100KLTRT,TOKO BUKU SINARAN KLATEN,KLT,Klaten,1
0100WNGRT,AMIN,WNG,Wonogiri,1
0101KLTRT,SUMBER MAKMUR BABY SHOP,KLT,Klaten,1
0101KTSPB,PT ENSEVAL PUTERA MEGA TRADING,KTS,Kartosuro,1
0101WNGRT,AMANAH,WNG,Wonogiri,1
0102KLTAP,APOTEK TULUNG,KLT,Klaten,1
0102KLTRT,UD PANSER / PUPUK,KLT,Klaten,1
0102WNGRT,TOKO ESTU AJI/WAHYONO,WNG,Wonogiri,1
0103KLTMM,MINI MARKET CITRA MAS KLATEN,KLT,Klaten,1
0103WNGRT,TOKO DHIYA JATISRONO,WNG,Wonogiri,1
0104KLTRT,TOKO PELANGI BARU KLATEN,KLT,Klaten,1
0104WNGRT,NY ALUS JATISRONO,WNG,Wonogiri,1
0105KLTRT,BU SUPARTI PS GEMPOL,KLT,Klaten,1
0105WNGKO,KOPERASI BAKTI WONOGIRI,WNG,Wonogiri,1
0105WNGRT,ROTI TIGA JAYA,WNG,Wonogiri,1
0106KLTRT,ANA FOTO JATINOM,KLT,Klaten,1
0106WNGRT,TOKO 58 BATURETNO,WNG,Wonogiri,1
0107KLTRT,ANANDA FARMA,KLT,Klaten,1
0107WNGRT,TOKO BU SUTARNI PRACI,WNG,Wonogiri,1
0108KLTRT,ANANDA PEDAN,KLT,Klaten,1
0108WNGRT,BU PURWANI PRACI,WNG,Wonogiri,1
0109KLTRT,ANANG KRAGUMAN,KLT,Klaten,1
0109WNGRT,TOKO RAHMAD SLOGOHIMO,WNG,Wonogiri,1
0110KLTRT,ANA JAYA,KLT,Klaten,1
0110WNGRT,SMK BAKTI NUSANTARA,WNG,Wonogiri,1
0111KLTRT,ANUGRAH KR DOWO,KLT,Klaten,1
0111WNGRT,TIARA FC & KELONTONG,WNG,Wonogiri,1
0112KLTRT,TOKO BUAH MONALISA KLATEN,KLT,Klaten,1
0112WNGRT,TOKO KLIWON PS BATU,WNG,Wonogiri,1
0113KLTRT,BU SRI KLATEN,KLT,Klaten,1
0113WNGRT,ANDIKA ELEKTRONIK EROMOKO,WNG,Wonogiri,1
0114KLTRT,BAROKAH WEDI,KLT,Klaten,1
0114WNGRT,ANDIKA EROMOKO,WNG,Wonogiri,1
0115KLTRT,SMKN 1 JOGONALAN,KLT,Klaten,1
0115WNGRT,BU SULARDI JATISRONO,WNG,Wonogiri,1
0116KLTRT,TOKO FATRIA,KLT,Klaten,1
0116WNGRT,BINA KUSUMA SIDOHARJO,WNG,Wonogiri,1
0117KLTRT,MM SANINGTYA JATINOM,KLT,Klaten,1
0117WNGRT,TOKO SRIMARSO NGADIROJO,WNG,Wonogiri,1
0118KLTAP,APOTEK JURANG JERO,KLT,Klaten,1
0118KLTRT,PAK PUH PS CAWAS,KLT,Klaten,1
0118WNGRT,TOKO ERNA PS NGADIROJO,WNG,Wonogiri,1
0119KLTMM,ANEKA BARU KLATEN,KLT,Klaten,1
0119KLTRT,ARJO PEDAN,KLT,Klaten,1
0119WNGRT,MBAK YUNI PS SIDOHARJO,WNG,Wonogiri,1
0120KLTMM,ANEKA DELANGGU,KLT,Klaten,1
0120KLTRT,FOTO COPY LESTARI JATINOM,KLT,Klaten,1
0120WNGRT,PAK CIP PS SIDOHARJO,WNG,Wonogiri,1
0121KLTRT,TOKO POJOK / BU TUTY,KLT,Klaten,1
0121WNGRT,BU DARNI PSR NGADIROJO,WNG,Wonogiri,1
0122KLTRT,SUMBER MAKMUR KLATEN,KLT,Klaten,1
0122WNGRT,BU HARDO WONOGIRI,WNG,Wonogiri,1
0123KLTAP,APOTEK ANDINA CAWAS,KLT,Klaten,1
0123KLTRT,MEGA MART,KLT,Klaten,1
0123WNGRT,TRESNO RINI WONOGIRI,WNG,Wonogiri,1
0124KLTRT,TOKO APANDI PS GABUS,KLT,Klaten,1
0124WNGRT,BU DARNO PS BATU,WNG,Wonogiri,1
0125KLTRT,RM PUTRI MINANG,KLT,Klaten,1
0125WNGRT,TOKO SUKIYO PS KRISAK,WNG,Wonogiri,1
0126KLTRT,MBAK LILIN PS SRAGO,KLT,Klaten,1
0126WNGRT,TOKO ABAD BARU,WNG,Wonogiri,1
0127KLTRT,ANIK PEDAN,KLT,Klaten,1
0127WNGRT,BU SARWODO SELOGIRI,WNG,Wonogiri,1
0128KLTRT,ANIK GONDANG,KLT,Klaten,1
0128WNGRT,TOKO HARI SELOGIRI,WNG,Wonogiri,1
0129WNGRT,BU SRI TIRTOMOYO,WNG,Wonogiri,1
0130KLTRT,ANIK DELANGGU,KLT,Klaten,1
0130WNGRT,TOKO ARI MULYA 2 TIRTOMOYO,WNG,Wonogiri,1
0131KLTRT,BU YAYUK / GAL-GIL,KLT,Klaten,1
0131WNGRT,BU  TARMI PS PURWANTORO,WNG,Wonogiri,1
0132KLTRT,MURYONO DELANGGU,KLT,Klaten,1
0132WNGRT,BU SUWARNI PS PURWANTORO,WNG,Wonogiri,1
0133KLTWS,TOKO SARI RASA KLATEN,KLT,Klaten,1
0133WNGRT,BU TATIK PS PURWANTORO,WNG,Wonogiri,1
0134KLTRT,TOKO ILHAM,KLT,Klaten,1
0134WNGRT,TUMINEM  PURWANTORO,WNG,Wonogiri,1
0135KLTRT,EKA JAYA JATINOM,KLT,Klaten,1
0135WNGRT,BU HARTINI PS PURWANTORO,WNG,Wonogiri,1
0136KLTRT,SUMIYATI / ANTOK PS WEDI,KLT,Klaten,1
0136WNGRT,BU KASINO PS PURWANTORO,WNG,Wonogiri,1
0137KLTRT,BALITA BABY SHOP PEDAN,KLT,Klaten,1
0137WNGRT,TOKO SR SIDOHARJO,WNG,Wonogiri,1
0138KLTRT,TOKO HANDAYANI PEDAN,KLT,Klaten,1
0138WNGRT,SMK SULTAN AGUNG TIRTOMOYO,WNG,Wonogiri,1
0139KLTRT,BU KALI PS KLATEN,KLT,Klaten,1
0139WNGRT,SMK MUHAMADIYAH BATURETNO,WNG,Wonogiri,1
0140KLTRT,BU SITI PEDAN,KLT,Klaten,1
0140WNGRT,SMK PANCASILA PRACI,WNG,Wonogiri,1
0141KLTRT,TOKO 7856 CEPER,KLT,Klaten,1
0141WNGRT,TOKO NURANI PS PRACI,WNG,Wonogiri,1
0142KLTRT,TOKO LIMA UTAMA TRUCUK,KLT,Klaten,1
0142WNGRT,TOKO SL WONOGIRI,WNG,Wonogiri,1
0143KLTRT,MAMA BABY SHOP,KLT,Klaten,1
0143WNGRT,DATIK COSMETIK,WNG,Wonogiri,1
0144KLTRT,MBAK MURNI GEREH,KLT,Klaten,1
0144WNGRT,HATMO WIRYANTO,WNG,Wonogiri,1
0145KLTRT,BU NUR DELANGGU,KLT,Klaten,1
0145WNGRT,TOKO ROSO BATURETNO,WNG,Wonogiri,1
0146KLTRT,BU SRI DELANGGU,KLT,Klaten,1
0146WNGKO,KOPERASI GEMAH RIPAH,WNG,Wonogiri,1
0147KLTRT,PJR SWALAYAN NGUPIT,KLT,Klaten,1
0147WNGRT,TOKO SULARNI JATISRONO,WNG,Wonogiri,1
0148KLTRT,TOKO HANDAYANI,KLT,Klaten,1
0148WNGRT,TOKO ANDIKA JATISRONO,WNG,Wonogiri,1
0149KLTRT,BU SUMI PEDAN,KLT,Klaten,1
0149WNGRT,TOKO PALAPA ASIA,WNG,Wonogiri,1
0150KLTAP,APOTEK ASTU PEDAN,KLT,Klaten,1
0150WNGRT,FOTO COPY NUR,WNG,Wonogiri,1
0151KLTRT,BU OCHIN CAWAS,KLT,Klaten,1
0151WNGRT,MBAK SULIS BATURETNO,WNG,Wonogiri,1
0152KLTAP,APOTEK ASY SYIFA BAYAT,KLT,Klaten,1
0152KLTRT,PAK SALEH 2 BAYAT,KLT,Klaten,1
0152WNGRT,YANTO COUNTER,WNG,Wonogiri,1
0153KLTAP,APOTEK TAMAN HATI FARMA,KLT,Klaten,1
0153KLTRT,TOKO ROTI SANJAYA,KLT,Klaten,1
0153WNGRT,ARIMBI,WNG,Wonogiri,1
0154KLTRT,BU SARI PEDAN,KLT,Klaten,1
0154WNGRT,JIBRAN,WNG,Wonogiri,1
0155KLTRT,RESTU IBU,KLT,Klaten,1
0156KLTRT,TOKO ASHIFA CEPER,KLT,Klaten,1
0156WNGRT,ANYAR 291 WNG,WNG,Wonogiri,1
0157KLTRT,ANYAR JATINOM,KLT,Klaten,1
0157WNGRT,RIYADI,WNG,Wonogiri,1
0158KLTRT,TOKO NGADIMAN,KLT,Klaten,1
0158WNGRT,MAS ANTO NGADIROJO,WNG,Wonogiri,1
0159KLTRT,DARMONO ITR,KLT,Klaten,1
0159WNGRT,MAS JAFAR BATURETNO,WNG,Wonogiri,1
0160KLTRT,SMK WASIS JOGONALAN,KLT,Klaten,1
0161KLTRT,SALON ANA PEDAN,KLT,Klaten,1
0161WNGRT,ANEKA SERVICE NGADIROJO,WNG,Wonogiri,1
0162KLTRT,SUMBER BAROKAH WEDI,KLT,Klaten,1
0163KLTRT,BU WARNI GABUS,KLT,Klaten,1
0164KLTRT,BU SURANI GABUS,KLT,Klaten,1
0164WNGRT,ARDA WNG,WNG,Wonogiri,1
0165KLTRT,JELITA KOSMETIK(SKM CARE CHRYS,KLT,Klaten,1
0165WNGRT,ARUM,WNG,Wonogiri,1
0166KLTRT,BU DARJO PS GABUS,KLT,Klaten,1
0166WNGRT,MBAK KARNI BATURETNO,WNG,Wonogiri,1
0167KLTRT,BU MARMI PS PUCANG BARU,KLT,Klaten,1
0167WNGRT,TOKO SUMBER REJEKI BATURETNO,WNG,Wonogiri,1
0168KLTRT,BU SRI PS PUCANG BARU,KLT,Klaten,1
0168WNGRT,TOKO SEDAYU PS BATU,WNG,Wonogiri,1
0169KLTAP,APOTEK DADI WARAS PEDAN,KLT,Klaten,1
0169KLTRT,GLOMBOR WEDI,KLT,Klaten,1
0169WNGRT,PAK WARNO TIRTOMOYO,WNG,Wonogiri,1
0170KLTRT,BU HAJI MAHFUD CEPER,KLT,Klaten,1
0170WNGRT,MBAK TATIK PS BATU,WNG,Wonogiri,1
0171KLTRT,TOKO SUBUR PEDAN,KLT,Klaten,1
0171WNGRT,BU SUPINI PRACI,WNG,Wonogiri,1
0172KLTRT,AMOGHA SAKTI,KLT,Klaten,1
0172WNGRT,BU IDA PRACI,WNG,Wonogiri,1
0173KLTRT,SUGIYANTO TEGALGONDO,KLT,Klaten,1
0173WNGRT,TOKO MULYADI WURYANTORO,WNG,Wonogiri,1
0174KLTRT,ARJUNA PRAMBANAN,KLT,Klaten,1
0174WNGRT,MARDI TIRTOMOYO,WNG,Wonogiri,1
0175KLTRT,TOKO IRA SROWOT,KLT,Klaten,1
0175WNGRT,CAHYO BATURETNO,WNG,Wonogiri,1
0176KLTRT,BU SITI SROWOT,KLT,Klaten,1
0176SRGRT,JUMADI GONDANG,SRG,Sragen,0
0176WNGRT,INDAH BATURETNO,WNG,Wonogiri,1
0177KLTRT,SMK PGRI PEDAN,KLT,Klaten,1
0177WNGRT,MURNI TIRTOMOYO,WNG,Wonogiri,1
0178KLTRT,ARYANI KETANDAN,KLT,Klaten,1
0178WNGRT,CITRA BATURETNO,WNG,Wonogiri,1
0179KLTRT,TOKO LESTARI NGUPIT,KLT,Klaten,1
0179WNGRT,BARU BATURETNO,WNG,Wonogiri,1
0180KLTRT,BU SUGENG GENTONGAN,KLT,Klaten,1
0180WNGRT,IYAH TIRTOMOYO,WNG,Wonogiri,1
0181KLTRT,NIKO ELEKTRIK,KLT,Klaten,1
0181WNGRT,TK ELLI,WNG,Wonogiri,1
0182KLTMM,AS GROSS JAYA TULUNG,KLT,Klaten,1
0182WNGRT,BU JIMIN,WNG,Wonogiri,1
0183KLTMM,AS GROSS KLATEN,KLT,Klaten,1
0183KLTRT,BELANJA RIA,KLT,Klaten,1
0183WNGRT,SUKARDI,WNG,Wonogiri,1
0184KLTMM,AS GROSS KUSUMANINGRUM,KLT,Klaten,1
0184KLTRT,BELANJA RIA 2,KLT,Klaten,1
0184WNGRT,DINA PLASTIK,WNG,Wonogiri,1
0185KLTRT,TOKO RAHAYU,KLT,Klaten,1
0185WNGRT,WAHYU,WNG,Wonogiri,1
0186KLTRT,TOKO YENI,KLT,Klaten,1
0187KLTMM,PRAKTISE KLATEN,KLT,Klaten,1
0187KLTRT,VINO GROSS,KLT,Klaten,1
0188KLTRT,TOKO CAHAYA INTAN WEDI,KLT,Klaten,1
0188WNGMM,AS GROSS RESTU,WNG,Wonogiri,1
0189KLTRT,RED SHOP WEDI,KLT,Klaten,1
0190KLTRT,PURWANI WEDI,KLT,Klaten,1
0190WNGMM,AS GROSS SETER,WNG,Wonogiri,1
0191KLTRT,BU SRIMI / LURAH,KLT,Klaten,1
0191WNGAP,APOTEK ASIAH PRACIMANTORO,WNG,Wonogiri,1
0192KLTRT,ASIA AFRIKA PEDAN,KLT,Klaten,1
0192WNGRT,TOKO TRISNA,WNG,Wonogiri,1
0193KLTRT,TOKO ENI KLATEN,KLT,Klaten,1
0193WNGRT,PRINGGODANI,WNG,Wonogiri,1
0194WNGRT,LUMINTU,WNG,Wonogiri,1
0195KLTRT,TOKO AGUS KLATEN,KLT,Klaten,1
0195WNGRT,SUWARNI PS PURWANTORO,WNG,Wonogiri,1
0196KLTRT,TOKO SELEKSI KLATEN,KLT,Klaten,1
0196WNGRT,KUSTINI,WNG,Wonogiri,1
0197KLTRT,TOKO DANAR,KLT,Klaten,1
0197WNGRT,SUPRIYANTI,WNG,Wonogiri,1
0198KLTRT,ASIH PEDAN,KLT,Klaten,1
0198WNGRT,NANIK,WNG,Wonogiri,1
0199KLTRT,BU PUR JURANGJERO,KLT,Klaten,1
0199WNGRT,MB ASIH,WNG,Wonogiri,1
0200KLTRT,PAK SUMO JURANGJERO,KLT,Klaten,1
0200WNGRT,TOKO GIBRAN,WNG,Wonogiri,1
0201KLTRT,TOKO HANIFAH KARANGANOM,KLT,Klaten,1
0201WNGRT,AGUNG REJEKI,WNG,Wonogiri,1
0202KLTRT,ASRI DELANGGU,KLT,Klaten,1
0202WNGRT,SARDI,WNG,Wonogiri,1
0203KLTRT,HADI ROTI KRAGUMAN,KLT,Klaten,1
0203WNGRT,SADINEM,WNG,Wonogiri,1
0204KLTRT,MAS IWAN KRAGUMAN,KLT,Klaten,1
0204WNGRT,ROS PRACI,WNG,Wonogiri,1
0205KLTRT,BU PURWADI GENTONGAN,KLT,Klaten,1
0205WNGRT,PODO MORO,WNG,Wonogiri,1
0206KLTRT,BU SITI GENTONGAN,KLT,Klaten,1
0206WNGRT,SULAR,WNG,Wonogiri,1
0207KLTRT,BU SRI UTAMI GENTONGAN,KLT,Klaten,1
0207WNGRT,LASMI,WNG,Wonogiri,1
0208KLTRT,TOKO FARLA / VARLA JUWIRING,KLT,Klaten,1
0208WNGRT,MULATNO,WNG,Wonogiri,1
0209KLTRT,TOKO IDA COKROTULUNG,KLT,Klaten,1
0209WNGRT,HESTI,WNG,Wonogiri,1
0210KLTRT,TOKO HANIF JUWIRING,KLT,Klaten,1
0210WNGRT,SALSA SIDOHARJO,WNG,Wonogiri,1
0211KLTAP,APOTEK JUWIRING FARMA,KLT,Klaten,1
0211KLTRT,KARTIKA,KLT,Klaten,1
0211WNGRT,JUMINEM JATISRONO,WNG,Wonogiri,1
0212KLTAP,APOTEK SIDOWARAS,KLT,Klaten,1
0212WNGRT,DHIMAS,WNG,Wonogiri,1
0213KLTRT,TOKO MELATI BAYAT,KLT,Klaten,1
0213WNGRT,JUNAIDI,WNG,Wonogiri,1
0214KLTRT,ENDAH,KLT,Klaten,1
0214WNGRT,LINA,WNG,Wonogiri,1
0215KLTRT,ATUN GABUS,KLT,Klaten,1
0215WNGRT,KHARISMA,WNG,Wonogiri,1
0216KLTRT,ATUN SROWOT,KLT,Klaten,1
0217KLTRT,MBOK ATUN,KLT,Klaten,1
0218KLTRT,TOKO ALAT TULIS SINAR JAYA,KLT,Klaten,1
0218WNGRT,ELIS WONOGIRI,WNG,Wonogiri,1
0219KLTRT,PELANGI FOTO KLATEN,KLT,Klaten,1
0219WNGRT,HARI SELOGIRI,WNG,Wonogiri,1
0220KLTRT,REFA ELEKTRONIK,KLT,Klaten,1
0220WNGRT,HARDIRA WNG,WNG,Wonogiri,1
0221KLTRT,WIWIN PEDAN,KLT,Klaten,1
0221WNGRT,JOKO WNG,WNG,Wonogiri,1
0222KLTRT,DWI PEDAN,KLT,Klaten,1
0222WNGRT,DANIEK 2 (YUSTIN),WNG,Wonogiri,1
0223KLTRT,BU RINI,KLT,Klaten,1
0223WNGRT,ATIK (PLASTIK),WNG,Wonogiri,1
0224WNGRT,BU NENI,WNG,Wonogiri,1
0225KLTRT,TOKO SUBUR,KLT,Klaten,1
0225WNGRT,WARUNG MANTEP ROSO,WNG,Wonogiri,1
0226KLTRT,BU MARNI DELANGGU,KLT,Klaten,1
0226WNGRT,DUA PUTRA I,WNG,Wonogiri,1
0227KLTRT,BU DAYAT DELANGGU,KLT,Klaten,1
0227WNGRT,BAKRI WONOGIRI,WNG,Wonogiri,1
0228KLTRT,BU HAR DELANGGU,KLT,Klaten,1
0228WNGRT,BU DIRAH,WNG,Wonogiri,1
0229KLTRT,BU KARNI PS SRAGO,KLT,Klaten,1
0229WNGRT,AO BATU,WNG,Wonogiri,0
0230KLTRT,MAS EKO PS SRAGO,KLT,Klaten,1
0230WNGRT,TOKO IJO/LINA,WNG,Wonogiri,1
0231KLTRT,BU SRI AYAM PS SRAGO,KLT,Klaten,1
0231WNGRT,HERI,WNG,Wonogiri,1
0232KLTRT,BU HARTI PS SRAGO,KLT,Klaten,1
0232WNGRT,BU TINAH,WNG,Wonogiri,1
0233KLTRT,BU SRI LESTARI PS SRAGO,KLT,Klaten,1
0234KLTSW,BAMBANG KLATEN,KLT,Klaten,1
0235KLTRT,MBAK MARYANTI,KLT,Klaten,1
0235WNGRT,BAMBANG/RINI NGADIROJO,WNG,Wonogiri,1
0236KLTAP,APOTEK PASUTRI (AP.PONGGOK),KLT,Klaten,1
0236KLTRT,DEDI BAYAT,KLT,Klaten,1
0236WNGRT,LESTARI/RINI 2,WNG,Wonogiri,1
0237KLTRT,HARJONO BAYAT,KLT,Klaten,1
0238KLTRT,BARES KLATEN,KLT,Klaten,1
0239KLTRT,BARES SPD KLATEN,KLT,Klaten,1
0239WNGRT,LILO NGUNTORONADI,WNG,Wonogiri,1
0240KLTRT,SRI LESTARI,KLT,Klaten,1
0240WNGRT,YUNI NGUNTORONADI,WNG,Wonogiri,1
0241KLTRT,HARTO,KLT,Klaten,1
0241WNGRT,HANDOYO,WNG,Wonogiri,1
0242KLTRT,DWIE,KLT,Klaten,1
0242WNGRT,WINARNI SANGGANG,WNG,Wonogiri,1
0243KLTRT,EDY SUTOYO,KLT,Klaten,1
0243SLURT,CV.ROLAS ABADI,SLU,Solo Utara,0
0243WNGRT,SUKMA SANGGANG,WNG,Wonogiri,1
0244KLTRT,MARGO SENENG,KLT,Klaten,1
0244WNGRT,ENI MANYARAN,WNG,Wonogiri,1
0245KLTRT,BU PARTI ROTI PS KLATEN,KLT,Klaten,1
0245WNGRT,MANUNGGAL MANYARAN,WNG,Wonogiri,1
0246KLTRT,RAGIL,KLT,Klaten,1
0246WNGRT,SMK PANCASILA 5 NGADIROJO,WNG,Wonogiri,1
0247KLTRT,BAROKAH JUWIRING,KLT,Klaten,1
0247WNGRT,SUMARNI,WNG,Wonogiri,1
0248KLTRT,BAROKAH KLT,KLT,Klaten,1
0249KLTRT,TOKO AMANAH,KLT,Klaten,1
0250KLTRT,TOKO POJOK TULUNG,KLT,Klaten,1
0250WNGRT,NARSIYEM SIDOHARJO,WNG,Wonogiri,1
0251KLTMM,PERDANA MART,KLT,Klaten,1
0251KLTRT,TOKO NOVI,KLT,Klaten,1
0251WNGRT,WARTI JATISRONO,WNG,Wonogiri,1
0252KLTRT,SURYA ELEKTRONIK JATINOM,KLT,Klaten,1
0252WNGRT,KARTI JATISRONO,WNG,Wonogiri,1
0253WNGRT,TK MAJU SIDOHARJO,WNG,Wonogiri,1
0254KLTRT,TOKO A 3,KLT,Klaten,1
0254WNGRT,HERI JATISRONO,WNG,Wonogiri,1
0255KLTRT,BU YUSUF JATINOM,KLT,Klaten,1
0255WNGRT,HARYANTI SIDOHARJO,WNG,Wonogiri,1
0256KLTRT,TOKO DARU PS KRAGUMAN,KLT,Klaten,1
0256WNGRT,LARMI WETAN,WNG,Wonogiri,1
0257KLTRT,SMKN 4 KLATEN,KLT,Klaten,1
0257WNGRT,SARMI,WNG,Wonogiri,1
0258KLTRT,BARU JAYA KLT,KLT,Klaten,1
0258WNGRT,TOKO HORG,WNG,Wonogiri,1
0259KLTRT,SUNARNO,KLT,Klaten,1
0260KLTRT,NURUL,KLT,Klaten,1
0261KLTRT,PARWANTO,KLT,Klaten,1
0261WNGAP,RUKUN FARMA APT,WNG,Wonogiri,1
0261WNGRT,CHETOZ MM,WNG,Wonogiri,1
0262KLTMM,BARU KLATEN,KLT,Klaten,1
0262KLTRT,WIRYANTI,KLT,Klaten,1
0263KLTAP,MULIA APOTEK,KLT,Klaten,1
0263KLTRT,HARI,KLT,Klaten,1
0263WNGRT,MARIA SALON,WNG,Wonogiri,1
0264KLTRT,WAHYU,KLT,Klaten,1
0265KLTAP,SAMI WARAS,KLT,Klaten,1
0265KLTMM,MRANGGEN SWALAYAN,KLT,Klaten,1
0265KLTRT,HADI,KLT,Klaten,1
0265WNGMM,ROLAN 2,WNG,Wonogiri,1
0265WNGRT,KARSI,WNG,Wonogiri,1
0265WNGSM,BARU WONOGIRI,WNG,Wonogiri,1
0266KLTRT,WARNO,KLT,Klaten,1
0266WNGRT,HARTINI,WNG,Wonogiri,1
0267KLTRT,PURWANTO,KLT,Klaten,1
0268KLTRT,DEWI,KLT,Klaten,1
0269KLTRT,DUTA SWALAYAN,KLT,Klaten,1
0270KLTRT,MARTI BEJI,KLT,Klaten,1
0270WNGMM,BATARI 1 BATURETNO WNG,WNG,Wonogiri,1
0271KLTRT,RUMINI,KLT,Klaten,1
0271WNGRT,BATARI II,WNG,Wonogiri,1
0272KLTRT,REGINA,KLT,Klaten,1
0272WNGRT,ANGGIT SNACK,WNG,Wonogiri,1
0273WNGRT,RANI,WNG,Wonogiri,1
0274KLTRT,BU YATNO,KLT,Klaten,1
0274WNGRT,BU TIKNO,WNG,Wonogiri,1
0275KLTRT,TUTIK PEDAN,KLT,Klaten,1
0275WNGRT,SRI MULYANI,WNG,Wonogiri,1
0276KLTRT,SRI TRUCUK,KLT,Klaten,1
0276WNGRT,MB MINI,WNG,Wonogiri,1
0277KLTRT,MULYONO TRUCUK,KLT,Klaten,1
0277WNGRT,WARUNG BU SUKIYATI,WNG,Wonogiri,1
0278KLTRT,WINARNI TRUCUK,KLT,Klaten,1
0278WNGRT,RUMAH MAKAN PUAS,WNG,Wonogiri,1
0279KLTRT,BAWAH BERINGIN PEDAN,KLT,Klaten,1
0280KLTRT,SINAR PUTRA,KLT,Klaten,1
0280WNGRT,HANDAYANI,WNG,Wonogiri,1
0281KLTRT,BERKAH 2 POLANHARJO,KLT,Klaten,1
0281SLSRT,Bu TANTI,SLS,Solo Selatan,0
0282KLTRT,BERKAH TANJUNG,KLT,Klaten,1
0283WNGRT,BEKTI WONOGIRI,WNG,Wonogiri,1
0284KLTRT,HARDONO,KLT,Klaten,1
0285KLTRT,PRAPTI,KLT,Klaten,1
0286KLTRT,GIYATMI,KLT,Klaten,1
0287KLTRT,KARSINI,KLT,Klaten,1
0288KLTRT,IPUL KR DOWO,KLT,Klaten,1
0288WNGRT,BERDIKARI SLOGOHIMO,WNG,Wonogiri,1
0290KLTRT,NARDI KRAGUMAN,KLT,Klaten,1
0291KLTRT,NUR KRAGUMAN,KLT,Klaten,1
0292KLTRT,BAROKAH,KLT,Klaten,1
0292WNGRT,BIMO SLOGOHIMO,WNG,Wonogiri,1
0293KLTRT,SAGIRI KRAGUMAN,KLT,Klaten,1
0293WNGRT,BIMO WONOKARTO,WNG,Wonogiri,1
0294KLTRT,SANI KRAGUMAN,KLT,Klaten,1
0294WNGMM,BINA KARYA WONOGIRI,WNG,Wonogiri,1
0295KLTRT,TUMINI KRAGUMAN,KLT,Klaten,1
0295WNGRT,MARMIN NGADIROJO,WNG,Wonogiri,1
0296KLTRT,BINTANG F.C. PEDAN,KLT,Klaten,1
0296WNGRT,SUMINI,WNG,Wonogiri,1
0297KLTRT,BU WARSO,KLT,Klaten,1
0297KLTSW,SETIA,KLT,Klaten,1
0297WNGRT,HERU,WNG,Wonogiri,1
0298KLTRT,BIMA MM,KLT,Klaten,1
0298WNGRT,MB YANTI,WNG,Wonogiri,1
0299KLTRT,TONO,KLT,Klaten,1
0300KLTRT,HESTI,KLT,Klaten,1
0301KLTRT,HARI PAKISAN,KLT,Klaten,1
0301WNGRT,BOGA SANJAYA,WNG,Wonogiri,1
0302KLTRT,WALUYO PAKISAN,KLT,Klaten,1
0302WNGRT,SUNAR,WNG,Wonogiri,1
0303KLTRT,RINI PEDAN,KLT,Klaten,1
0303WNGRT,ARI MULYADI,WNG,Wonogiri,1
0304KLTMM,BMT SWALAYAN,KLT,Klaten,1
0304WNGRT,MARYATI,WNG,Wonogiri,1
0305KLTRT,KOMJI PEDAN,KLT,Klaten,1
0305WNGRT,MEGA,WNG,Wonogiri,1
0306KLTRT,ATIK PEDAN,KLT,Klaten,1
0306WNGRT,BU HADI,WNG,Wonogiri,1
0307KLTRT,MARJO TEMUWANGI,KLT,Klaten,1
0307WNGRT,ANIK JATISRONO,WNG,Wonogiri,1
0308KLTRT,BOROBUDUR SRAGO,KLT,Klaten,1
0308WNGRT,PAIMAN,WNG,Wonogiri,1
0309KLTRT,TRIYAN TEMUWANGI,KLT,Klaten,1
0309WNGRT,ANTOK,WNG,Wonogiri,1
0310KLTRT,DARSIH PEDAN,KLT,Klaten,1
0310WNGRT,ENGGAL WARAS,WNG,Wonogiri,1
0311KLTRT,GURU AMINAH,KLT,Klaten,1
0311WNGRT,PANGESTU,WNG,Wonogiri,1
0312KLTRT,JALAL PEDAN,KLT,Klaten,1
0312WNGRT,DARMI,WNG,Wonogiri,1
0313KLTRT,GENDRONG TULUNG,KLT,Klaten,1
0313WNGRT,BU KARMO,WNG,Wonogiri,1
0314WNGRT,BU SITI SLOGOHIMO,WNG,Wonogiri,1
0315KLTRT,BELA CEPER,KLT,Klaten,1
0315WNGRT,BU RATIH,WNG,Wonogiri,1
0316KLTRT,BU BAYAN KLT,KLT,Klaten,1
0316WNGRT,BU NARDI,WNG,Wonogiri,1
0317KLTLRT,CIK NINI,KLT,Klaten,1
0317KLTRT,BU ATUN KLT,KLT,Klaten,1
0317WNGRT,BU MINI,WNG,Wonogiri,1
0318KLTRT,BUDI AGUNG POLANHARJO,KLT,Klaten,1
0318WNGRT,BU JAY,WNG,Wonogiri,1
0319KLTRT,BU GIYO,KLT,Klaten,1
0319WNGRT,BU WIDODO WNG,WNG,Wonogiri,1
0320KLTRT,BUDI JAYA KETANDAN,KLT,Klaten,1
0320WNGRT,BU PARDI WNG,WNG,Wonogiri,1
0321KLTRT,BU WELAS,KLT,Klaten,1
0321WNGRT,BU KAIDI WNG,WNG,Wonogiri,1
03224SRGRT,SRC DINA,SRG,Sragen,1
0322KLTRT,BUDI JAYA PEDAN,KLT,Klaten,1
0323KLTRT,BU PINAH KLT,KLT,Klaten,1
0323WNGRT,BU MUL WNG,WNG,Wonogiri,1
0324KLTRT,BUDI KLATEN,KLT,Klaten,1
0324WNGRT,WP MART,WNG,Wonogiri,1
0325KLTRT,CANDRA KLATEN,KLT,Klaten,1
0325WNGRT,BU TARJO JAMU,WNG,Wonogiri,1
0326KLTMM,ADREA MART,KLT,Klaten,1
0326KLTRT,SARTI JUWIRING,KLT,Klaten,1
0326WNGMM,RAN MART,WNG,Wonogiri,1
0326WNGRT,MB JUM,WNG,Wonogiri,1
0327KLTRT,WELAS JUWIRING,KLT,Klaten,1
0327WNGMM,RAN MART II,WNG,Wonogiri,1
0327WNGRT,SRI HARNI,WNG,Wonogiri,1
0328KLTRT,MAHMUD JUWIRING,KLT,Klaten,1
0328WNGRT,ANITA,WNG,Wonogiri,1
0329KLTRT,MULYANI DELANGGU,KLT,Klaten,1
0329WNGRT,WARSINI,WNG,Wonogiri,1
0330KLTRT,WARSITI CEPER,KLT,Klaten,1
0330WNGRT,PURWANTI,WNG,Wonogiri,1
0331KLTRT,KARNI KLEPU,KLT,Klaten,1
0332KLTRT,PADMO KLEPU,KLT,Klaten,1
0332WNGRT,BU WASIS WNG,WNG,Wonogiri,1
0333KLTRT,YAYUK KLEPU,KLT,Klaten,1
0333WNGRT,BU CIP WNG,WNG,Wonogiri,1
0334KLTRT,RATMI KLEPU,KLT,Klaten,1
0334WNGRT,BU AGUS,WNG,Wonogiri,1
0335KLTRT,SURYANI KLEPU,KLT,Klaten,1
0335WNGRT,CAHAYA ABADI WNG,WNG,Wonogiri,1
0336KLTRT,NING KLEPU,KLT,Klaten,1
0336WNGRT,ARI MULYA 3,WNG,Wonogiri,1
0337KLTRT,MURNI KLEPU,KLT,Klaten,1
0337WNGRT,JONO WNG,WNG,Wonogiri,1
0338KLTRT,SRI KLEPU,KLT,Klaten,1
0338WNGRT,YANTI WNG,WNG,Wonogiri,1
0339KLTRT,KETANDARAN,KLT,Klaten,1
0339WNGRT,ANDRA NGLAROH,WNG,Wonogiri,1
0340KLTRT,SITI PEDAN,KLT,Klaten,1
0340WNGRT,WARUNG SOTO BU KARMAN,WNG,Wonogiri,1
0341KLTRT,PRIYO PEDAN,KLT,Klaten,1
0341WNGRT,BU PUR,WNG,Wonogiri,1
0342KLTRT,ANGGORO,KLT,Klaten,1
0342WNGRT,P. HADI,WNG,Wonogiri,1
0343KLTRT,SISWANTO,KLT,Klaten,1
0343WNGRT,SARTONO,WNG,Wonogiri,1
0344KLTRT,NGUDI REJEKI,KLT,Klaten,1
0344WNGRT,WARUNG BAKMI LUMAYAN,WNG,Wonogiri,1
0345BYLRT,FAJAR SIMO,BYL,Boyolali,0
0345KLTRT,ENDANG CAWAS,KLT,Klaten,1
0345WNGRT,HENRY PUTRO,WNG,Wonogiri,1
0346BYLRT,NANA PS SUSUKAN,BYL,Boyolali,0
0346KLTRT,SUROTO KOPANG,KLT,Klaten,1
0346WNGRT,MAS DWI,WNG,Wonogiri,1
0347BYLRT,LATIFAH PS SUSUKAN,BYL,Boyolali,0
0347KLTRT,GIYARTI,KLT,Klaten,1
0347WNGRT,SUNARTI,WNG,Wonogiri,1
0348KLTRT,SRI REJEKI WEDI,KLT,Klaten,1
0348WNGRT,HERI BATU,WNG,Wonogiri,1
0349KLTRT,WIJI WEDI,KLT,Klaten,1
0350KLTRT,BU SURONO,KLT,Klaten,1
0350WNGRT,ATIK PURWANTORO,WNG,Wonogiri,1
0351KLTRT,PUJO CAWAS,KLT,Klaten,1
0351WNGRT,BIRU LAUT,WNG,Wonogiri,1
0352KLTRT,JOKO BAYAT,KLT,Klaten,1
0352WNGRT,TK TAUFIK,WNG,Wonogiri,1
0353KLTRT,SUWARNI BAYAT,KLT,Klaten,1
0353WNGRT,SUYANTO,WNG,Wonogiri,1
0354KLTRT,TUGINO CAWAS,KLT,Klaten,1
0354WNGRT,SIDO MAMPIR,WNG,Wonogiri,1
0355KLTRT,SUMARNI CAWAS,KLT,Klaten,1
0355WNGRT,BU SUPRIYANTI,WNG,Wonogiri,1
0356KLTRT,SUWARTI CAWAS,KLT,Klaten,1
0356WNGRT,SEMPULUR I,WNG,Wonogiri,1
0357KLTRT,CEMERLANG FTII,KLT,Klaten,1
0357WNGRT,WARUNG MAKAN BU JASMIN,WNG,Wonogiri,1
0358KLTMM,CEMPAKA,KLT,Klaten,1
0358KLTRT,MADI CAWAS,KLT,Klaten,1
0359KLTRT,HARDINI CAWAS,KLT,Klaten,1
0359WNGRT,CENGKAL BARU WURYANTORO,WNG,Wonogiri,1
0360KLTRT,GUNUNG SARI NGUPIT,KLT,Klaten,1
0361KLTRT,BU NARTI NGUPIT,KLT,Klaten,1
0361WNGMM,CHI-CHI TIRTOMOYO,WNG,Wonogiri,1
0361WNGRT,WARUNG MAKAN BU SITI,WNG,Wonogiri,1
0362KLTRT,JAMU ARNI NGUPIT,KLT,Klaten,1
0362WNGRT,NARTI JATISRONO,WNG,Wonogiri,1
0363KLTRT,JUMIYEM NGUPIT,KLT,Klaten,1
0364KLTRT,DARSIH NGUPIT,KLT,Klaten,1
0365KLTRT,NINIK GABUS,KLT,Klaten,1
0366KLTRT,DEWI GABUS,KLT,Klaten,1
0367KLTRT,SRI JEBLOG,KLT,Klaten,1
0367WNGRT,AN -NISA,WNG,Wonogiri,1
0368KLTRT,HADI JEBLOG,KLT,Klaten,1
0368WNGRT,INDRA SNACK,WNG,Wonogiri,1
0369KLTRT,PRAPTO WIYONO,KLT,Klaten,1
0369WNGRT,BU TITA,WNG,Wonogiri,1
0370KLTRT,SATIYEM JEBLOG,KLT,Klaten,1
0370KLTSW,CIK TIN KLATEN,KLT,Klaten,1
0370WNGRT,TARNI,WNG,Wonogiri,1
0371KLTRT,RANTO KR DOWO,KLT,Klaten,1
0371WNGRT,LARASATI,WNG,Wonogiri,1
0372KLTRT,RAHAYU KR DOWO,KLT,Klaten,1
0372WNGRT,MARIA,WNG,Wonogiri,1
0373KLTRT,SULASTRI SOKO,KLT,Klaten,1
0373WNGRT,GLENDER,WNG,Wonogiri,1
0374KLTRT,DIBYO SOKO,KLT,Klaten,1
0374WNGRT,KARUNIA KASIH,WNG,Wonogiri,1
0375KLTRT,WIJI SOKO,KLT,Klaten,1
0375WNGRT,TK SONY,WNG,Wonogiri,1
0376KLTRT,PENI JALIN,KLT,Klaten,1
0376WNGRT,FAMILY SUBUR,WNG,Wonogiri,1
0377KLTRT,DALDIRI JALIN,KLT,Klaten,1
0377WNGRT,BAMBANG,WNG,Wonogiri,1
0378KLTRT,YANI BLIMBING,KLT,Klaten,1
0378WNGRT,TOKO AZA,WNG,Wonogiri,1
0379KLTRT,SUWARNI KARANGJOHO,KLT,Klaten,1
0379WNGRT,NURI,WNG,Wonogiri,1
0380KLTRT,SITI KARANGJOHO,KLT,Klaten,1
0380WNGRT,DADI NGADIREJO,WNG,Wonogiri,1
0381KLTMM,DADI RUKUN CAWAS,KLT,Klaten,1
0381KLTRT,KATON MM BOLUPLERET,KLT,Klaten,1
0382KLTRT,JODO JAYA,KLT,Klaten,1
0383KLTRT,ETIK KR DOWO,KLT,Klaten,1
0384KLTRT,HARTANTI KR DOWO,KLT,Klaten,1
0384WNGRT,DAKOCAN PRACI,WNG,Wonogiri,1
0385KLTRT,SUMINO PUGERAN,KLT,Klaten,1
0385WNGRT,RATU COSMETIC,WNG,Wonogiri,1
0386KLTRT,JOKO BABADAN,KLT,Klaten,1
0387KLTRT,EDY BABADAN,KLT,Klaten,1
0387WNGRT,MARIYEM,WNG,Wonogiri,1
0388KLTRT,CIPTO BABADAN,KLT,Klaten,1
0388WNGRT,SARMI,WNG,Wonogiri,1
0389KLTRT,JOKO B BABADAN,KLT,Klaten,1
0389KTSSW,DAMAI BHAYANGKARA KTS,KTS,Kartosuro,0
0389WNGRT,SUKIRNO,WNG,Wonogiri,1
0390KLTRT,NDARI BABADAN,KLT,Klaten,1
0390KLTSW,DAMAI KLATEN,KLT,Klaten,1
0390WNGRT,POJOK SELOGIRI,WNG,Wonogiri,1
0391KLTRT,KURNIAWAN,KLT,Klaten,1
0391WNGRT,ALIF,WNG,Wonogiri,1
0392KLTRT,DAMAR NGUTER,KLT,Klaten,1
0393KLTRT,YAYUK TRUCUK,KLT,Klaten,1
0394KLTRT,DEWI KLT,KLT,Klaten,1
0395KLTRT,GITO TRUCUK,KLT,Klaten,1
0396KLTRT,GUNAWAN TULUNG,KLT,Klaten,1
0398KLTRT,PUPUT TRUCUK,KLT,Klaten,1
0398WNGRT,JATMIKO,WNG,Wonogiri,1
0398WNGSW,DARMANTO/MORO SAE,WNG,Wonogiri,1
0399KLTRT,SUTRISNO,KLT,Klaten,1
0399WNGRT,DARMI SIDOHARJO,WNG,Wonogiri,1
0400KLTRT,SUWARNO TRUCUK,KLT,Klaten,1
0400WNGRT,DARSONO,WNG,Wonogiri,1
0401KLTRT,PARTIN TRUCUK,KLT,Klaten,1
0401WNGRT,DARMO PUTRO,WNG,Wonogiri,1
0402KLTRT,PUR TRUCUK,KLT,Klaten,1
0402WNGRT,TOKO AZIZ/FERA,WNG,Wonogiri,1
0403KLTRT,HANIN TRUCUK,KLT,Klaten,1
0403WNGRT,MARTOYO,WNG,Wonogiri,1
0404KLTRT,YOSO TRUCUK,KLT,Klaten,1
0404WNGRT,MAS AGUS,WNG,Wonogiri,1
0405KLTRT,AJI TRUCUK,KLT,Klaten,1
0405WNGRT,MB YUNI,WNG,Wonogiri,1
0406KLTRT,SUROTO TRUCUK,KLT,Klaten,1
0406WNGRT,LASIYEM,WNG,Wonogiri,1
0407KLTRT,DARYANTO CEPER,KLT,Klaten,1
0407WNGRT,MB ETIK,WNG,Wonogiri,1
0408KLTRT,SWALAYAN DARUSALAM,KLT,Klaten,1
0408WNGRT,MB NING,WNG,Wonogiri,1
0409KLTRT,DATIK CAWAS,KLT,Klaten,1
0409WNGRT,MAWARNI,WNG,Wonogiri,1
0410KLTRT,RINI KR DOWO,KLT,Klaten,1
0410WNGRT,SUWITO,WNG,Wonogiri,1
0411KLTRT,LESTARI KR DOWO,KLT,Klaten,1
0411WNGRT,NARTO,WNG,Wonogiri,1
0412KLTRT,TARI KR DOWO,KLT,Klaten,1
0412WNGRT,WAHYU,WNG,Wonogiri,1
0413KLTRT,WAGIYEM KR DOWO,KLT,Klaten,1
0413WNGRT,DEDI SIDOKRIYO,WNG,Wonogiri,1
0415KLTRT,DEWI TRUCUK,KLT,Klaten,1
0415WNGRT,DELAPAN TUJU,WNG,Wonogiri,1
0416KLTRT,DEWI,KLT,Klaten,1
0416WNGRT,MB NUR,WNG,Wonogiri,1
0417KLTRT,JODO PEDAN,KLT,Klaten,1
0417WNGRT,KARIYEM,WNG,Wonogiri,1
0418KLTRT,REJEKI MULIA,KLT,Klaten,1
0418WNGRT,HARTO,WNG,Wonogiri,1
0420KLTRT,NARJO PENGGING,KLT,Klaten,1
0420WNGRT,DEWI FOTO WONOGIRI,WNG,Wonogiri,1
0421KLTRT,WARDOYO,KLT,Klaten,1
0422KLTRT,SUMBER REJEKI /PAIMIN,KLT,Klaten,1
0423KLTRT,TK ABADI NEPEN,KLT,Klaten,1
0424KLTRT,KAENUL NEPEN,KLT,Klaten,1
0424WNGRT,DHIAN BULU,WNG,Wonogiri,1
0425KLTRT,YITNO NEPEN,KLT,Klaten,1
0425WNGRT,TONI,WNG,Wonogiri,1
0426KLTRT,SRI HARINI,KLT,Klaten,1
0426WNGRT,KARSI,WNG,Wonogiri,1
0427KLTRT,HADI TULUNG,KLT,Klaten,1
0427WNGRT,ANTO,WNG,Wonogiri,1
0428KLTRT,BEKTI TULUNG,KLT,Klaten,1
0428WNGRT,DIBYO,WNG,Wonogiri,1
0429KLTRT,DIAN MUSTIKA DELANGGU,KLT,Klaten,1
0430KLTRT,DIANA JATINOM,KLT,Klaten,1
0431KLTRT,HERI TRUCUK,KLT,Klaten,1
0432KLTRT,POJOK TRUCUK,KLT,Klaten,1
0432WNGRT,AGUS SLOGOHIMO,WNG,Wonogiri,1
0433KLTRT,DARMI TRUCUK,KLT,Klaten,1
0434KLTRT,TUKIRAH PS JETO,KLT,Klaten,1
0435KLTRT,SALIMAH PS JETO,KLT,Klaten,1
0435WNGRT,SARI RASA,WNG,Wonogiri,1
0436KLTRT,PATMI KLT,KLT,Klaten,1
0436WNGRT,DIDIK JATISRONO,WNG,Wonogiri,1
0437KLTRT,DIDONG KLATEN,KLT,Klaten,1
0437WNGRT,PARJO,WNG,Wonogiri,1
0438KLTRT,SUGENG TRUCUK,KLT,Klaten,1
0438WNGRT,WIGYO,WNG,Wonogiri,1
0439KLTMM,DIGDAYA KETANDAN,KLT,Klaten,1
0439KLTRT,ALIF SMART,KLT,Klaten,1
0439WNGRT,KRISNA,WNG,Wonogiri,1
0440KLTRT,DIKA,KLT,Klaten,1
0440KTSKO,KOP. VENUS KARTOSUROv,KTS,Kartosuro,1
0440WNGRT,CIPTO,WNG,Wonogiri,1
0441KLTRT,HARIYATI KR DOWO,KLT,Klaten,1
0441WNGRT,SIS,WNG,Wonogiri,1
0442KLTRT,ANIK KR DOWO,KLT,Klaten,1
0442WNGRT,PARIYEM,WNG,Wonogiri,1
0443KLTRT,SULIS KR DOWO,KLT,Klaten,1
0443WNGRT,PARTINI,WNG,Wonogiri,1
0444KLTRT,ASGROS PENGGUNG,KLT,Klaten,1
0444WNGRT,MARJONO,WNG,Wonogiri,1
0445KLTRT,DIRO BARU DLG,KLT,Klaten,1
0446KLTRT,RIRIN KR DOWO,KLT,Klaten,1
0447KLTRT,HENI KR DOWO,KLT,Klaten,1
0448KLTRT,WIJAYA POLANHARJO,KLT,Klaten,1
0449KLTRT,SURAMTO,KLT,Klaten,1
0449WNGRT,DITA SIDOHARJO,WNG,Wonogiri,1
0450KLTRT,DITO ACCESORIES,KLT,Klaten,1
0450WNGRT,DUA PUTRA WNG,WNG,Wonogiri,1
0451KLTRT,MURBANI,KLT,Klaten,1
0451SLSMM,DIYANT/TAFAUL ARIF,SLS,Solo Selatan,0
0452WNGRT,DJOHAN SUWONDO,WNG,Wonogiri,1
0453WNGRT,DWI PUTRA NGUNTORONADI,WNG,Wonogiri,1
0454KLTRT,DONO PS.WEDI,KLT,Klaten,1
0454WNGRT,PARNO,WNG,Wonogiri,1
0455KLTMM,DR SWALAYAN BAYAT,KLT,Klaten,1
0455KLTRT,ANUGERAH KR DOWO,KLT,Klaten,1
0455WNGRT,JUMADI,WNG,Wonogiri,1
0456KLTRT,TRIYATI,KLT,Klaten,1
0456WNGRT,BU UUS,WNG,Wonogiri,1
0457KLTRT,JOKO KR DOWO,KLT,Klaten,1
0457WNGRT,PARDI,WNG,Wonogiri,1
0458KLTRT,OCIE KR DOWO,KLT,Klaten,1
0458WNGRT,UDIN/ANUGRAH,WNG,Wonogiri,1
0459KLTRT,RIZKY PEDAN,KLT,Klaten,1
0459WNGRT,HARYATI,WNG,Wonogiri,1
0460WNGRT,MAS TRI,WNG,Wonogiri,1
0461KLTRT,RIJOKO,KLT,Klaten,1
0461WNGRT,BU IIN,WNG,Wonogiri,1
0462KLTRT,DWI KLATEN UTARA,KLT,Klaten,1
0462WNGRT,WARUNG NINUK,WNG,Wonogiri,1
0463KLTRT,HADI PEDAN,KLT,Klaten,1
0463WNGRT,MAS ANTO SNACK,WNG,Wonogiri,1
0464KLTRT,DARMI PEDAN,KLT,Klaten,1
0464WNGRT,ATMO,WNG,Wonogiri,1
0465KLTRT,WAGIYO PEDAN,KLT,Klaten,1
0465WNGRT,WARTI,WNG,Wonogiri,1
0466KLTRT,SUGENG PEDAN,KLT,Klaten,1
0466WNGRT,AGUS ASRIE,WNG,Wonogiri,1
0467KLTRT,BU LEGI PEDAN,KLT,Klaten,1
0467WNGRT,ULYA  MANYARAN,WNG,Wonogiri,1
0468KLTRT,TARDI PEDAN,KLT,Klaten,1
0468WNGRT,SUKIMAN MANYARAN,WNG,Wonogiri,1
0469KLTRT,EKA PUTRA CAWAS,KLT,Klaten,1
0469WNGRT,TINI JAMU,WNG,Wonogiri,1
0470KLTRT,ELLY KLATEN,KLT,Klaten,1
0470WNGRT,LILIS,WNG,Wonogiri,1
0471KLTRT,ELZA JATINOM,KLT,Klaten,1
0471WNGRT,SURATI,WNG,Wonogiri,1
0472KLTRT,SUMIATI WEDI,KLT,Klaten,1
0472WNGRT,YULI,WNG,Wonogiri,1
0473KLTRT,PARTI SROWOT,KLT,Klaten,1
0473WNGRT,KATARINA,WNG,Wonogiri,1
0474KLTRT,RISNO SROWOT,KLT,Klaten,1
0474WNGRT,TONO,WNG,Wonogiri,1
0475KLTRT,PH SWALAYAN KRAGUMAN,KLT,Klaten,1
0475WNGRT,SUKIMAN,WNG,Wonogiri,1
0476KLTRT,YANI DELANGGU,KLT,Klaten,1
0476WNGRT,KARMAN,WNG,Wonogiri,1
0477KLTRT,SASA DELANGGU,KLT,Klaten,1
0477WNGRT,JENI,WNG,Wonogiri,1
0478KLTRT,DANANG TANJUNG,KLT,Klaten,1
0478WNGRT,SUMBER RAHAYU,WNG,Wonogiri,1
0479KLTRT,WIRANTO TANJUNG,KLT,Klaten,1
0480KLTRT,ENDANG CEPER,KLT,Klaten,1
0480WNGRT,ENDANG SIDOARJO,WNG,Wonogiri,1
0481KLTRT,ENGGAL BARU KLATEN,KLT,Klaten,1
0481WNGRT,ENDANG,WNG,Wonogiri,1
0482KLTRT,ERJE SWALAYAN,KLT,Klaten,1
0483KLTRT,ENGGAL JAYA JATINOM,KLT,Klaten,1
0483WNGRT,AMANAH JATIROTO,WNG,Wonogiri,1
0484KLTRT,AMANAH,KLT,Klaten,1
0484WNGRT,ENI EROMOKO,WNG,Wonogiri,1
0485KLTRT,TOHARI TRUCUK,KLT,Klaten,1
0485WNGRT,ENY WNG,WNG,Wonogiri,1
0486KLTRT,DEWI TRUCUK,KLT,Klaten,1
0486WNGRT,ENTIT,WNG,Wonogiri,1
0487KLTRT,SUMBER REJEKI TRUCUK,KLT,Klaten,1
0487SLURT,EPEN KLODRAN INDAH,SLU,Solo Utara,0
0487WNGRT,MARWAH,WNG,Wonogiri,1
0488KLTRT,AGUNG TRUCUK,KLT,Klaten,1
0489KLTRT,WARSO TRUCUK,KLT,Klaten,1
0490KLTRT,BINTANG CAWAS,KLT,Klaten,1
0490WNGRT,MB IIS,WNG,Wonogiri,1
0491KLTRT,WARDI CAWAS,KLT,Klaten,1
0491WNGRT,MARDI,WNG,Wonogiri,1
0492KLTRT,TARI CAWAS,KLT,Klaten,1
0492WNGRT,NANO,WNG,Wonogiri,1
0493KLTRT,SUNANTO CAWAS,KLT,Klaten,1
0493WNGRT,BUDIONO,WNG,Wonogiri,1
0494KLTRT,TOBING CAWAS,KLT,Klaten,1
0494WNGRT,SUROSO,WNG,Wonogiri,1
0495KLTRT,KEMBAR CAWAS,KLT,Klaten,1
0495WNGRT,BU SUPRI,WNG,Wonogiri,1
0496KLTRT,SLAMET CAWAS,KLT,Klaten,1
0496WNGRT,TOKO HIJAU,WNG,Wonogiri,1
0497KLTRT,HARTINI CAWAS,KLT,Klaten,1
0497WNGRT,TOKO EMI,WNG,Wonogiri,1
0498KLTRT,LOTUS,KLT,Klaten,1
0498WNGRT,MB TUTIK,WNG,Wonogiri,1
0499KLTRT,TASMAN CAWAS,KLT,Klaten,1
0499WNGRT,TOKO IJO,WNG,Wonogiri,1
0500KLTRT,SIGIT CAWAS,KLT,Klaten,1
0500WNGRT,HERU,WNG,Wonogiri,1
0501KLTRT,REZA CAWAS,KLT,Klaten,1
0502KLTRT,GITO CAWAS,KLT,Klaten,1
0503KLTRT,FATIYATUN,KLT,Klaten,1
0503WNGRT,FAJAR FOTO WONOGIRI,WNG,Wonogiri,1
0504KLTRT,FAJAR KLATEN,KLT,Klaten,1
0504SLURT,RANDANU,SLU,Solo Utara,0
0504WNGRT,MAS SUTRIS,WNG,Wonogiri,1
0505WNGRT,MULYATI,WNG,Wonogiri,1
0506KLTRT,YANI CAWAS,KLT,Klaten,1
0506WNGRT,SUHARNI,WNG,Wonogiri,1
0507KLTRT,FAJAR MULIA SAMBENG,KLT,Klaten,1
0507WNGRT,SADINEM,WNG,Wonogiri,1
0508KLTRT,BUDI TRUCUK,KLT,Klaten,1
0508WNGRT,MB TRI,WNG,Wonogiri,1
0509KLTRT,HARJO TRUCUK,KLT,Klaten,1
0509WNGRT,MB DARMI,WNG,Wonogiri,1
0510KLTMM,FAMILY CAWAS,KLT,Klaten,1
0510KLTRT,HERY KR DOWO,KLT,Klaten,1
0510WNGRT,TOKO AJI,WNG,Wonogiri,1
0511KLTRT,DIAN KR DOWO,KLT,Klaten,1
0511WNGRT,DARONI,WNG,Wonogiri,1
0512KLTRT,BU KUS PEDAN,KLT,Klaten,1
0512WNGMM,FAMILY WONOGIRI,WNG,Wonogiri,1
0512WNGRT,TOKO SALON LEO,WNG,Wonogiri,1
0513KLTRT,FAZA,KLT,Klaten,1
0513WNGRT,INDAH BUSANA,WNG,Wonogiri,1
0514KLTRT,WINARNI,KLT,Klaten,1
0514WNGRT,WARUNG BU JAIKUN,WNG,Wonogiri,1
0515KLTRT,SJP KLATEN,KLT,Klaten,1
0515WNGRT,WARUNG BU SRI,WNG,Wonogiri,1
0516KLTRT,PONDOK KLATEN,KLT,Klaten,1
0516WNGRT,HASRAT JAYA,WNG,Wonogiri,1
0517KLTRT,ANIK KLATEN,KLT,Klaten,1
0517WNGRT,WARUNG BU ANIK,WNG,Wonogiri,1
0518KLTRT,SATIMIN KLT,KLT,Klaten,1
0518WNGRT,SAMAN,WNG,Wonogiri,1
0519KLTRT,PATMO,KLT,Klaten,1
0519WNGRT,ETIK,WNG,Wonogiri,1
0520KLTRT,SULIYEM TRUCUK,KLT,Klaten,1
0520WNGRT,WARUNG BU SUTAR,WNG,Wonogiri,1
0521WNGRT,TOKO NDARI,WNG,Wonogiri,1
0522KLTRT,BUDI KLT,KLT,Klaten,1
0522WNGRT,MB RATNA,WNG,Wonogiri,1
0523KLTRT,PAK BANI,KLT,Klaten,1
0523WNGRT,KELVIN,WNG,Wonogiri,1
0524KLTRT,FUAD JATINOM,KLT,Klaten,1
0524WNGRT,GIYATMI,WNG,Wonogiri,1
0525KLTRT,DEWA PS KRAGUMAN,KLT,Klaten,1
0525WNGRT,HARUN,WNG,Wonogiri,1
0526KLTRT,MULYONO PS KRAGUMAN,KLT,Klaten,1
0526WNGRT,TEGUH,WNG,Wonogiri,1
0527KLTRT,MARTINI MANIS RENGGO,KLT,Klaten,1
0528KLTRT,SUMINI MANIS RENGGO,KLT,Klaten,1
0529KLTRT,MUJI MANIS RENGGO,KLT,Klaten,1
0530KLTRT,SARWIAH MANIS RENGGO,KLT,Klaten,1
0531KLTRT,SURANI MANIS RENGGO,KLT,Klaten,1
0532KLTAP,SEHAT MIGUNANI AP,KLT,Klaten,1
0532KLTRT,SLAMET MANIS RENGGO,KLT,Klaten,1
0533KLTRT,HARNI MANIS RENGGO,KLT,Klaten,1
0533WNGRT,GARUDA JATISRONO,WNG,Wonogiri,1
0534KLTRT,MEGA MANIS RENGGO,KLT,Klaten,1
0534WNGRT,GARUDA WONOGIRI,WNG,Wonogiri,1
0535KLTRT,FAJAR MANIS RENGGO,KLT,Klaten,1
0535WNGRT,GAJAH PUTIH MOTOR,WNG,Wonogiri,1
0536KLTRT,HADIMI TRUCUK,KLT,Klaten,1
0536WNGRT,BU SLENDET,WNG,Wonogiri,1
0537KLTRT,WALUYO TRUCUK,KLT,Klaten,1
0537WNGRT,PUTRA SUBUR,WNG,Wonogiri,1
0538KLTRT,GIARTI KLATEN,KLT,Klaten,1
0538WNGRT,BARDI,WNG,Wonogiri,1
0539KLTRT,GENTONG MAS,KLT,Klaten,1
0539WNGRT,SUBUR ABADI,WNG,Wonogiri,1
0540KLTRT,GONDRONG MAJEGAN,KLT,Klaten,1
0540WNGRT,ADEM AYEM,WNG,Wonogiri,1
0541KLTRT,GIYEM KLT,KLT,Klaten,1
0541WNGRT,WARUNG MAKAN BR,WNG,Wonogiri,1
0542KLTRT,SHINTA CAWAS,KLT,Klaten,1
0542WNGRT,TOKO AGUNG SNACK,WNG,Wonogiri,1
0543KLTRT,MENIK CAWAS,KLT,Klaten,1
0543WNGRT,TOKO JAMU JAWA,WNG,Wonogiri,1
0544KLTRT,SUPRI GABUS,KLT,Klaten,1
0544WNGRT,YATMI / DITA,WNG,Wonogiri,1
0545KLTRT,SABAR CAWAS,KLT,Klaten,1
0545WNGRT,SARDI,WNG,Wonogiri,1
0546KLTRT,MADE CAWAS,KLT,Klaten,1
0546WNGRT,SURADI,WNG,Wonogiri,1
0547KLTRT,WARTI CAWAS,KLT,Klaten,1
0547WNGRT,WATIK,WNG,Wonogiri,1
0548KLTRT,MULATI KEPOH,KLT,Klaten,1
0548WNGRT,WARUNG MAKAN BU SUGIMIN,WNG,Wonogiri,1
0549WNGRT,TOKO DAMAR,WNG,Wonogiri,1
0550KLTRT,NING,KLT,Klaten,1
0550WNGRT,ETIK,WNG,Wonogiri,1
0551KLTRT,TOPAN,KLT,Klaten,1
0551WNGRT,GOKIL,WNG,Wonogiri,1
0552KLTRT,TINI,KLT,Klaten,1
0552WNGRT,YULI,WNG,Wonogiri,1
0553KLTRT,MUNAKIR,KLT,Klaten,1
0553WNGMM,GORO SRI PAKUWON JATI,WNG,Wonogiri,1
0553WNGRT,BU SITI,WNG,Wonogiri,1
0554WNGRT,RATI,WNG,Wonogiri,1
0555KLTRT,EKA JAYA,KLT,Klaten,1
0555WNGRT,TOTOK,WNG,Wonogiri,1
0556KLTRT,NING BABAD,KLT,Klaten,1
0556SLSMM,GRAHA SWALAYAN,SLS,Solo Selatan,0
0556WNGRT,LUSI,WNG,Wonogiri,1
0557KLTRT,TOKO JAYA JATINOM,KLT,Klaten,1
0557WNGRT,ANIK,WNG,Wonogiri,1
0558KLTRT,SUBUR JATINOM,KLT,Klaten,1
0558WNGRT,SIS,WNG,Wonogiri,1
0559KLTRT,GLOMBOR,KLT,Klaten,1
0559WNGRT,TUKINI,WNG,Wonogiri,1
0560KLTRT,GIYARTI KLATEN,KLT,Klaten,1
0560WNGRT,NANIK,WNG,Wonogiri,1
0561KLTAP,SENTRA MEDIKA APT,KLT,Klaten,1
0561KLTRT,TINA KLATEN,KLT,Klaten,1
0561WNGRT,ZAKAT 1,WNG,Wonogiri,1
0562KLTAP,SEGER WARAS APT,KLT,Klaten,1
0562KLTMM,SAMUDRA WEDI,KLT,Klaten,1
0562KLTRT,ANISSA POSIS,KLT,Klaten,1
0562WNGAP,GAJAH MUNGKUR APT,WNG,Wonogiri,1
0562WNGMM,GLINDING MART,WNG,Wonogiri,1
0562WNGRT,TOMO,WNG,Wonogiri,1
0563KLTRT,TIRTA BUMI/AGUS Y,KLT,Klaten,1
0563WNGAP,PRACI APOTEK,WNG,Wonogiri,1
0563WNGRT,KENIK,WNG,Wonogiri,1
0564KLTRT,AULIA NGAWEN,KLT,Klaten,1
0564WNGRT,ANTO,WNG,Wonogiri,1
0565KLTRT,GUNUNGAN,KLT,Klaten,1
0566KLTRT,BU GURU SUTARJO,KLT,Klaten,1
0567KLTRT,YAIMAH JENTIR,KLT,Klaten,1
0568KLTAP,REJEKI FARMA APT,KLT,Klaten,1
0568KLTRT,TOKO SANTI,KLT,Klaten,1
0569KLTAP,BERKAH APT,KLT,Klaten,1
0569KLTMM,KARISMA II,KLT,Klaten,1
0569KLTRT,GHITARY,KLT,Klaten,1
0569WNGAP,SARAS APOTEK,WNG,Wonogiri,1
0569WNGRT,BANGKIT JAYA MOTOR,WNG,Wonogiri,1
0570KLTRT,MAKMUR BAYAT,KLT,Klaten,1
0570SLSSW,TOKO ANGGREK,SLS,Solo Selatan,1
0570WNGRT,DARNO,WNG,Wonogiri,1
0571KLTRT,AMIR BAYAT,KLT,Klaten,1
0571WNGRT,SUMBER MASMUR,WNG,Wonogiri,1
0572KLTRT,MENTO,KLT,Klaten,1
0572WNGRT,MB YUNI,WNG,Wonogiri,1
0573KLTRT,WIR CAWAS,KLT,Klaten,1
0573WNGRT,TITIK,WNG,Wonogiri,1
0574WNGRT,HANDAYANI BATURETNO,WNG,Wonogiri,1
0575KLTRT,HANDAYANI GENTONGAN,KLT,Klaten,1
0576KLTRT,GIYANTO PEDAN,KLT,Klaten,1
0577KLTRT,HARTINI PEDAN,KLT,Klaten,1
0577WNGRT,HANDAYANI SLOGOHIMO,WNG,Wonogiri,1
0578KLTRT,WARNI PEDAN,KLT,Klaten,1
0578WNGRT,YUNI,WNG,Wonogiri,1
0579KLTRT,HADI PEDAN,KLT,Klaten,1
0579WNGRT,ANIK,WNG,Wonogiri,1
0580KLTRT,HANDAYANI PEDAN,KLT,Klaten,1
0580WNGRT,YANTI,WNG,Wonogiri,1
0581KLTRT,SAYONO PEDAN,KLT,Klaten,1
0581WNGRT,TARNO,WNG,Wonogiri,1
0582KLTRT,HAPPY ELECTRONIC,KLT,Klaten,1
0582WNGRT,PRAYIT,WNG,Wonogiri,1
0583KLTRT,GINI GENTONGAN,KLT,Klaten,1
0583WNGRT,BASIR,WNG,Wonogiri,1
0584KLTRT,SISWA MUDA,KLT,Klaten,1
0584WNGRT,GENOR,WNG,Wonogiri,1
0585WNGRT,YUNI,WNG,Wonogiri,1
0586KLTRT,ANIK KLT,KLT,Klaten,1
0587KLTRT,HERI PEDAN,KLT,Klaten,1
0587WNGRT,HARDI WONOGIRI,WNG,Wonogiri,1
0588KLTRT,SHEKINAH PEDAN,KLT,Klaten,1
0589KLTRT,LESTARI PEDAN,KLT,Klaten,1
0589WNGRT,PUMA WNG,WNG,Wonogiri,1
0590KLTRT,SRI HANDAYANI,KLT,Klaten,1
0591KLTRT,NEZ GERGUNUNG,KLT,Klaten,1
0591WNGMM,HARJONO BATURETNO,WNG,Wonogiri,1
0592KLTRT,HADI TAMBAKBOYO,KLT,Klaten,1
0592WNGRT,HADI SIDOHARJO,WNG,Wonogiri,1
0593KLTRT,BAROKAH,KLT,Klaten,1
0593WNGRT,PARDI SIDOHARJO,WNG,Wonogiri,1
0594KLTRT,HALIMAH PEDAN,KLT,Klaten,1
0594WNGRT,ENI SIDOHARJO,WNG,Wonogiri,1
0595KLTRT,BASUKI KEDEN,KLT,Klaten,1
0595WNGRT,LOSO SIDOHARJO,WNG,Wonogiri,1
0596KLTRT,BERKAH SWALAYAN,KLT,Klaten,1
0596WNGRT,SALLY SLOGOHIMO,WNG,Wonogiri,1
0597KLTRT,JONO PEDAN,KLT,Klaten,1
0598KLTRT,HARDIMAN/TUTIK,KLT,Klaten,1
0598WNGRT,AGUNG REJEKI,WNG,Wonogiri,1
0599KLTRT,HARSONO PEDAN,KLT,Klaten,1
0600KLTRT,HARTANI KLT,KLT,Klaten,1
0600WNGRT,HIKMAH ABADI,WNG,Wonogiri,1
0601KLTRT,WIJI PEDAN,KLT,Klaten,1
0601WNGRT,TOKO JAKARTA,WNG,Wonogiri,1
0602KLTRT,MARJI PEDAN,KLT,Klaten,1
0603KLTRT,DARSIH TROKETON,KLT,Klaten,1
0604KLTRT,WALUYO PEDAN,KLT,Klaten,1
0604WNGRT,HARTO,WNG,Wonogiri,1
0605KLTRT,SUDARMANTO,KLT,Klaten,1
0605WNGRT,HARTONO,WNG,Wonogiri,1
0606KLTRT,SRINI TROKETON,KLT,Klaten,1
0606WNGRT,H. YATIMIN,WNG,Wonogiri,1
0607KLTRT,ANTONI PEDAN,KLT,Klaten,1
0607WNGRT,HARTANTO,WNG,Wonogiri,1
0608KLTRT,YANTO PEDAN,KLT,Klaten,1
0608WNGRT,RSUD WONOGIRI,WNG,Wonogiri,1
0609KLTRT,SETI PEDAN,KLT,Klaten,1
0609WNGRT,SIMAL,WNG,Wonogiri,1
0610KLTRT,KIS PEDAN,KLT,Klaten,1
0610WNGRT,HARTINI,WNG,Wonogiri,1
0611KLTRT,ELITA,KLT,Klaten,1
0611WNGRT,WARNI,WNG,Wonogiri,1
0612KLTMM,HARUM KLATEN,KLT,Klaten,1
0612KLTRT,HARTINI,KLT,Klaten,1
0613KLTRT,CHEYO DELANGGU,KLT,Klaten,1
0613WNGRT,RENI,WNG,Wonogiri,1
0614KLTRT,PARNO KR DOWO,KLT,Klaten,1
0614WNGRT,HARYONO BATU,WNG,Wonogiri,1
0615KLTRT,DARMINI CAWAS,KLT,Klaten,1
0615WNGRT,HARMINI,WNG,Wonogiri,1
0616KLTRT,FERI WIDURI,KLT,Klaten,1
0616WNGRT,HARYATI,WNG,Wonogiri,1
0617KLTRT,PATMI KRANDON,KLT,Klaten,1
0617WNGRT,SUHADI,WNG,Wonogiri,1
0618KLTRT,EDY BEJI,KLT,Klaten,1
0618WNGRT,LASTRI,WNG,Wonogiri,1
0619KLTRT,HADI KR DOWO,KLT,Klaten,1
0620KLTRT,HASRI TANJUNG,KLT,Klaten,1
0621KLTRT,MARNO,KLT,Klaten,1
0621WNGRT,BRONO BATU,WNG,Wonogiri,1
0622KLTRT,SUWARNI KR DOWO,KLT,Klaten,1
0623KLTRT,TITIK SOKO,KLT,Klaten,1
06246KLTRT,SRI SUMARNI,KLT,Klaten,1
0624KLTRT,HENI JUWIRAN,KLT,Klaten,1
0625KLTRT,ASHIFA PS KLEPU,KLT,Klaten,1
0625WNGRT,HENI MANYARAN,WNG,Wonogiri,1
0626KLTRT,SAPTO KLEPU,KLT,Klaten,1
0627KLTRT,BUDI KLEPU,KLT,Klaten,1
0628BYLRT,COLECTION MM,BYL,Boyolali,0
0628KLTRT,WIDODO KLEPU,KLT,Klaten,1
0630KLTRT,PURNO PEDAN,KLT,Klaten,1
0631KLTRT,TANTI CAWAS,KLT,Klaten,1
0632KLTMM,ASGROSS BAROKAH,KLT,Klaten,1
0632KLTRT,JOGLO TANI,KLT,Klaten,1
0632KRAAP,BOLON APOTEK,KRA,Karanganyar,0
0632WNGRT,ENY WNG,WNG,Wonogiri,1
0633KLTRT,POJOK CAWAS,KLT,Klaten,1
0634KLTRT,VINO PONGGOK,KLT,Klaten,1
0634SLSSM,HERO SOLO SQUARE,SLS,Solo Selatan,0
0635KLTRT,MULYO DELANGGU,KLT,Klaten,1
0635WNGRT,SUMBER BERKAH,WNG,Wonogiri,1
0636KLTRT,UNTUNG TANJUNG,KLT,Klaten,1
0636WNGRT,BARI,WNG,Wonogiri,1
0637WNGRT,NARNI,WNG,Wonogiri,1
0638KLTRT,BINI TRUCUK,KLT,Klaten,1
0638WNGRT,SUSI,WNG,Wonogiri,1
0639KLTRT,MURTINI KR DOWO,KLT,Klaten,1
0639WNGRT,KARTIKA,WNG,Wonogiri,1
0640KLTRT,YANTO KR DOWO,KLT,Klaten,1
0640WNGRT,SUMBER LESTARI,WNG,Wonogiri,1
0641KLTRT,HIDUP BARU JATINOM,KLT,Klaten,1
0641WNGRT,PARMI,WNG,Wonogiri,1
0642WNGRT,ATA,WNG,Wonogiri,1
0643KLTRT,HIKMAH BARU,KLT,Klaten,1
0643WNGRT,ATMO,WNG,Wonogiri,1
0644KLTRT,RAMA DELANGGU,KLT,Klaten,1
0644WNGRT,ANIK SELOGIRI,WNG,Wonogiri,1
0645KLTRT,PRAPTO DELANGGU,KLT,Klaten,1
0646KLTRT,PAPIK JUWIRING,KLT,Klaten,1
0647KLTRT,DARMO JUWIRING,KLT,Klaten,1
0647WNGRT,IBU KITA (BU ASIH),WNG,Wonogiri,1
0648KLTRT,HARMANTO JUWIRING,KLT,Klaten,1
0648WNGRT,IBU NANI,WNG,Wonogiri,1
0649KLTRT,UNTUNG JUWIRING,KLT,Klaten,1
0650KLTRT,H MAHFUD,KLT,Klaten,1
0650WNGRT,IBNU PRAKOSO WIBOWO ITR,WNG,Wonogiri,1
0651KLTRT,HJ SITI LATIFAH,KLT,Klaten,1
0651WNGRT,SUNARDI,WNG,Wonogiri,1
0652KLTAP,KUSUMA FARMA APT,KLT,Klaten,1
0652KLTRT,TRI MULYANI JUWIRING,KLT,Klaten,1
0652WNGRT,MAMMIE,WNG,Wonogiri,1
0653KLTRT,AGUS JUWIRING,KLT,Klaten,1
0653WNGRT,DIDIK PURWANTORO,WNG,Wonogiri,1
0654KLTRT,SUKIRNO JUWIRING,KLT,Klaten,1
0654WNGRT,LESTARI,WNG,Wonogiri,1
0655KLTRT,SRI JUWIRAN,KLT,Klaten,1
0655WNGRT,IMAN JASA WONOGIRI,WNG,Wonogiri,1
0656KLTRT,UMI PEDAN,KLT,Klaten,1
0656WNGRT,WIDODO 2,WNG,Wonogiri,1
0657KLTRT,HARTI PEDAN,KLT,Klaten,1
0657WNGRT,INDAH FT SLOGOHIMO,WNG,Wonogiri,1
0658KLTRT,HENY JUWIRAN,KLT,Klaten,1
0658WNGRT,MARSIH,WNG,Wonogiri,1
0659KLTRT,TINAH PEDAN,KLT,Klaten,1
0659WNGRT,AGUS NGADIPIRO,WNG,Wonogiri,1
0660KLTRT,SAMTO PEDAN,KLT,Klaten,1
0660WNGRT,EKO PURWANTO,WNG,Wonogiri,1
0661KLTRT,BINI PEDAN,KLT,Klaten,0
0661KLTSW,INDAH TRUCUK,KLT,Klaten,1
0661WNGRT,OLISA MART,WNG,Wonogiri,1
0662KLTRT,AGUS KR DOWO,KLT,Klaten,1
0662WNGRT,DIDIK,WNG,Wonogiri,1
0663KLTRT,HARMI KR DOWO,KLT,Klaten,1
0663WNGRT,YATNO NGASINAN,WNG,Wonogiri,1
0664KLTRT,MULYONO KR DOWO,KLT,Klaten,1
0664WNGRT,WURI MANYARAN,WNG,Wonogiri,1
0665KLTRT,WIDO KR DOWO,KLT,Klaten,1
0666KLTRT,SUTAR KR DOWO,KLT,Klaten,1
0666WNGRT,DEVID ELC,WNG,Wonogiri,1
0667KLTRT,IN AM KLATEN,KLT,Klaten,1
0668KLTRT,INDRA JAYA JATINOM,KLT,Klaten,1
0669KLTRT,INDARTI KLT,KLT,Klaten,1
0669WNGRT,INDRA PRACIMANTORO,WNG,Wonogiri,1
0671WNGRT,GIYEM,WNG,Wonogiri,1
0671WNGSW,INDRO NGADIREJO,WNG,Wonogiri,1
0672KLTRT,RICKY,KLT,Klaten,1
0672WNGRT,RINI,WNG,Wonogiri,1
0673KLTRT,UD GUNUNG AGUNG,KLT,Klaten,1
0673WNGRT,HENI JABAN,WNG,Wonogiri,1
06742KLTRT,TOKO WIDODO,KLT,Klaten,1
0674KLTRT,IRIYANTO ELECT WEDI,KLT,Klaten,1
0674WNGRT,TIA,WNG,Wonogiri,1
0675KLTRT,LARSI KLT,KLT,Klaten,1
0675KRART,TOKO ASIH JATIYOSO,KRA,Karanganyar,1
0675WNGRT,LARDI,WNG,Wonogiri,1
0676KLTRT,SUMIYEM CAWAS,KLT,Klaten,1
0676WNGRT,CEMIT,WNG,Wonogiri,1
0677KLTRT,DUMADI CAWAS,KLT,Klaten,1
0677WNGRT,SARTI,WNG,Wonogiri,1
0678KLTRT,HERI PAKISAN,KLT,Klaten,1
0678WNGRT,SUYOTO,WNG,Wonogiri,1
0679KLTRT,PATMI PAKISAN,KLT,Klaten,1
0679WNGRT,SNAKE,WNG,Wonogiri,1
0680KLTRT,AMANAH JATINOM,KLT,Klaten,1
0680WNGRT,ISTANA SIDOHARJO,WNG,Wonogiri,1
0681KLTRT,SRI WIJI PEDAN,KLT,Klaten,1
0681WNGRT,PEWEDE,WNG,Wonogiri,1
0682KLTRT,TARMI PEDAN,KLT,Klaten,1
0682WNGRT,SUPOMO,WNG,Wonogiri,1
0683KLTRT,WRG SOTO COKRO,KLT,Klaten,1
0683WNGRT,MARGO WIDARI,WNG,Wonogiri,1
0684KLTRT,YATI CAWAS,KLT,Klaten,1
0684WNGRT,SRI S,WNG,Wonogiri,1
0685KLTRT,IYAH WEDI,KLT,Klaten,1
0685WNGRT,AGUS WNG,WNG,Wonogiri,1
0687KLTRT,JADI MULYA KLATEN,KLT,Klaten,1
0688KLTRT,PAIRO PS KIRINGAN,KLT,Klaten,1
0689KLTRT,TITIN PS KIRINGAN,KLT,Klaten,1
0689WNGRT,DEWI MANYARAN,WNG,Wonogiri,1
0690KLTRT,EKO PS KIRINGAN,KLT,Klaten,1
0691KLTAP,DIAN FARMA APT,KLT,Klaten,1
0691KLTRT,MARDI KLT,KLT,Klaten,1
0691WNGRT,SINAR AGUNG,WNG,Wonogiri,1
0692KLTRT,DARSIH KLT,KLT,Klaten,1
0693KLTRT,WALUYO KLT,KLT,Klaten,1
0693WNGRT,JAMILAH SIDOARJO,WNG,Wonogiri,1
0694KLTRT,HARJANTO,KLT,Klaten,1
0695KLTRT,JOKO PEDAN,KLT,Klaten,1
0695WNGRT,JAMU JAGO PURWANTORO,WNG,Wonogiri,1
0696KLTRT,DARMINI PEDAN,KLT,Klaten,1
0697KLTRT,ANIFA PONGGOK,KLT,Klaten,1
0697WNGRT,SURONO,WNG,Wonogiri,1
0698KLTAP,SARI SEHAT APT,KLT,Klaten,1
0698KLTRT,NANANG PONGGOK,KLT,Klaten,1
0698WNGAP,EROMOKO APT,WNG,Wonogiri,1
0698WNGRT,ANDIKA STUDIO,WNG,Wonogiri,1
0699KLTRT,BARU PONGGOK,KLT,Klaten,1
0699WNGRT,JATI AGUNG BATURETNO,WNG,Wonogiri,1
0700KLTRT,RAHAYU PONGGOK,KLT,Klaten,1
0701KLTRT,UMI PONGGOK,KLT,Klaten,1
0701WNGRT,JATI MULYA,WNG,Wonogiri,1
0702KLTRT,ARI PONGGOK,KLT,Klaten,1
0703KLTRT,PARDI PONGGOK,KLT,Klaten,1
0704KLTRT,MULYO PONGGOK,KLT,Klaten,1
0704WNGRT,MB EMY,WNG,Wonogiri,1
0705KLTRT,MARSINI JETO,KLT,Klaten,1
0705WNGRT,MARMI,WNG,Wonogiri,1
0706KLTRT,WIGNYO JETO,KLT,Klaten,1
0706WNGRT,DARMANTO,WNG,Wonogiri,1
0707KLTRT,GIARTO JETO,KLT,Klaten,1
0708KLTRT,ADITYA JETO,KLT,Klaten,1
0709KLTRT,HARTONO JETO,KLT,Klaten,1
0710KLTRT,JAYA MULIA DELANGGU,KLT,Klaten,1
0710WNGRT,JAYA MAHE WNG,WNG,Wonogiri,1
0711KLTRT,JAYA RIA JATINOM,KLT,Klaten,1
0712KLTRT,MAIPOL,KLT,Klaten,1
0712KRART,DEWI,KRA,Karanganyar,1
0713KLTRT,GIARTI,KLT,Klaten,1
0714KLTRT,SUGENG RIYADI,KLT,Klaten,1
0715KLTRT,HANDOYO TANJUNG,KLT,Klaten,1
0716KLTRT,MEKAR SARI,KLT,Klaten,1
0716WNGRT,JODO WONOGIRI,WNG,Wonogiri,1
0717WNGRT,HARIYANI,WNG,Wonogiri,1
0718KLTRT,PARWONO TRUCUK,KLT,Klaten,1
0718WNGRT,WARIYO,WNG,Wonogiri,1
0719KLTRT,DIRJO PAKIS,KLT,Klaten,1
0719WNGRT,TRIYATNO,WNG,Wonogiri,1
0720KLTRT,TRI AGUS TRUCUK,KLT,Klaten,1
0720WNGRT,SAMSUL,WNG,Wonogiri,1
0721WNGRT,SUMARJO,WNG,Wonogiri,1
0722KLTRT,JOKO GENTONGAN,KLT,Klaten,1
0722WNGRT,UGI,WNG,Wonogiri,1
0723KLTRT,JOKO JALINAN,KLT,Klaten,1
0723WNGRT,INUR,WNG,Wonogiri,1
0724KLTRT,BU JOYO,KLT,Klaten,1
0724WNGRT,ANDRI,WNG,Wonogiri,1
0725KLTRT,VIRGO,KLT,Klaten,1
0725WNGRT,CIPTO,WNG,Wonogiri,1
0726KLTRT,TITIK PEDAN,KLT,Klaten,1
0727KLTRT,MARTI,KLT,Klaten,1
0728KLTRT,PARMO CAWAS,KLT,Klaten,1
0729KLTRT,ADIT,KLT,Klaten,1
0730KLTRT,WANDI,KLT,Klaten,1
0731KLTRT,KHAZANAH,KLT,Klaten,1
0733KLTSW,JONO DELANGGU,KLT,Klaten,1
0734KLTRT,NOYO DELANGGU,KLT,Klaten,1
0735KLTRT,ALISA KR DOWO,KLT,Klaten,1
0736KLTRT,TRI SOKO,KLT,Klaten,1
0737KLTRT,RATNO SOKO,KLT,Klaten,1
0738KLTRT,NGATIYEM SOKO,KLT,Klaten,1
0739KLTRT,SUHARTI KR DOWO,KLT,Klaten,1
0739WNGRT,JUM WONOGIRI,WNG,Wonogiri,1
0740KLTRT,SUKINO KR DOWO,KLT,Klaten,1
0741KLTRT,JUM KR DOWO,KLT,Klaten,1
0742KLTRT,SUYATI KLT,KLT,Klaten,1
0743KLTRT,TOKO RISKI,KLT,Klaten,1
0744KLTRT,SURADI KLT,KLT,Klaten,1
0745KLTRT,SRI KLT,KLT,Klaten,1
0746KLTRT,WARDOYO KLT,KLT,Klaten,1
0747KLTRT,YATI KR DOWO,KLT,Klaten,1
0748KLTRT,SURADI KR DOWO,KLT,Klaten,1
0748WNGRT,SRI PLASTIK,WNG,Wonogiri,1
0749KLTRT,SUGENG KR DOWO,KLT,Klaten,1
0750KLTRT,SABAR KR DOWO,KLT,Klaten,1
0751KLTRT,GIYEM KR DOWO,KLT,Klaten,1
0752KLTRT,FITRAH KR DOWO,KLT,Klaten,1
0752WNGRT,POJOK/JOKO PRACI,WNG,Wonogiri,1
0753KLTRT,SLAMET PEDAN,KLT,Klaten,1
0754KLTRT,WAGITO WEDI,KLT,Klaten,1
0755KLTRT,TOKO PAK JOKO,KLT,Klaten,1
0756KLTRT,DAROJI,KLT,Klaten,1
0756WNGRT,ARIS LELE,WNG,Wonogiri,1
0757KLTRT,KARTIKA KLATEN,KLT,Klaten,1
0758KLTRT,KARNI KLATEN,KLT,Klaten,1
0759KLTRT,RG KLATEN,KLT,Klaten,1
0759SKHRT,PT.PINGLOKA DISTRINIAGA,SKH,Sukoharjo,0
0759WNGRT,PRIMA MEDIA,WNG,Wonogiri,1
0760KLTRT,WAGIYO CAWAS,KLT,Klaten,1
0761KLTRT,SULAMI CAWAS,KLT,Klaten,1
0762KLTRT,SUMIRAH CAWAS,KLT,Klaten,1
0762WNGRT,KARUNIA KASIH,WNG,Wonogiri,1
0763KLTRT,SUWARTI JENTIR,KLT,Klaten,1
0763WNGRT,KARTI BERAS WNG,WNG,Wonogiri,1
0764KLTRT,WITO CAWAS,KLT,Klaten,1
0765KLTRT,BU SIS CAWAS,KLT,Klaten,1
0765WNGRT,JARKONI KIRI PINTU MASUK,WNG,Wonogiri,1
0766KLTRT,PUR PS TANJUNG,KLT,Klaten,1
0767KLTRT,AGUS PS TANJUNG,KLT,Klaten,1
0768KLTRT,WARDI PS TANJUNG,KLT,Klaten,1
0769KLTRT,DENI PS TANJUNG,KLT,Klaten,1
0769WNGRT,KATNI,WNG,Wonogiri,1
0770KLTRT,BINTANG PS TANJUNG,KLT,Klaten,1
0771KLTRT,KENANGA,KLT,Klaten,1
0773KLTRT,KENDIL MAS KLATEN,KLT,Klaten,1
0774WNGRT,KENUL,WNG,Wonogiri,0
0775KLTRT,SURANTO PS TANJUNG,KLT,Klaten,1
0775WNGRT,KINASIH,WNG,Wonogiri,1
0776KLTRT,KHARISMA WEDI,KLT,Klaten,1
0777KLTRT,MARYONO DELANGGU,KLT,Klaten,1
0777WNGRT,ENDANG,WNG,Wonogiri,1
0778KLTRT,DARNO TANJUNG,KLT,Klaten,1
0779KLTRT,HARTONO SROWOT,KLT,Klaten,1
0779WNGRT,TK.EDI PLASTIK,,,1
0781KLTRT,ENI JETO,KLT,Klaten,1
0782KLTRT,ASLI ROTI/HARSO,KLT,Klaten,1
0784KLTRT,KIOS MINGGIR,KLT,Klaten,1
0785KLTRT,ENDANG TRUCUK,KLT,Klaten,1
0786KLTRT,SUKARJO TRUCUK,KLT,Klaten,1
0787KLTRT,SLAMET TRUCUK,KLT,Klaten,1
0787WNGRT,KONDANG MURAH 1 JATIPURO,WNG,Wonogiri,1
0788KLTRT,HARYANTO BEJI,KLT,Klaten,1
0789KLTRT,SABAR JAYA,KLT,Klaten,1
0789WNGRT,TRI SURANI,WNG,Wonogiri,1
0790KLTRT,KUS BAYAT,KLT,Klaten,1
0791KLTRT,MARDI BAYAT,KLT,Klaten,1
0792KLTRT,MAKMUR JAYA BAYAT,KLT,Klaten,1
0793KLTRT,SUKIMAN BAYAT,KLT,Klaten,1
0793WNGRT,SAKAT SATU,WNG,Wonogiri,0
0794KLTRT,SAHABAT BAYAT,KLT,Klaten,1
0795KLTRT,JAMI TEMUWANGI,KLT,Klaten,1
0795SKHRT,WAWAN,SKH,Sukoharjo,0
0796KLTRT,PARTIN CAWAS,KLT,Klaten,1
0796WNGRT,IS TAHU,WNG,Wonogiri,1
0797KLTRT,BUDI CAWAS,KLT,Klaten,1
0797WNGKO,KOPERASI PURWANTORO,WNG,Wonogiri,1
0798KLTRT,HARNO SROWOT,KLT,Klaten,1
0798WNGKO,KOP. LUGAS SELOGIRI,WNG,Wonogiri,1
0799KLTRT,MITRO SROWOT,KLT,Klaten,1
0800KLTRT,AGUS SROWOT,KLT,Klaten,1
0801KLTRT,DARTI SROWOT,KLT,Klaten,1
0802KLTRT,YANTI WEDI,KLT,Klaten,1
0803KLTRT,KATON WEDI,KLT,Klaten,1
0804KLTRT,ENDANG WEDI,KLT,Klaten,1
0805KLTRT,YUNI WEDI,KLT,Klaten,1
0806KLTRT,MELATI KLT,KLT,Klaten,1
0807KLTRT,EKO KLATEN,KLT,Klaten,1
0807WNGSW,KRAMAT JAYA WONOGIRI,WNG,Wonogiri,1
0808KLTRT,ARIF KRAGUMAN,KLT,Klaten,1
0809KLTRT,BANI KRAGUMAN,KLT,Klaten,1
0810KLTRT,BEKTI MANIS RENGGO,KLT,Klaten,1
0811KLTRT,WIWIT MANIS RENGGO,KLT,Klaten,1
0812KLTRT,PARMINTO MANIS RENGGO,KLT,Klaten,1
0813KLTRT,TARMO MANIS RENGGO,KLT,Klaten,1
0814KLTRT,KUMPUL DEPAN TK.SUBUR,KLT,Klaten,1
0815KLTRT,SISWANTO GENTONGAN,KLT,Klaten,1
0815KLTSW,KUMPUL MAKMUR,KLT,Klaten,1
0815WNGRT,PONCO,WNG,Wonogiri,1
0816KLTRT,WIDODO GENTONGAN,KLT,Klaten,1
0816WNGRT,RONI,WNG,Wonogiri,1
0817KLTRT,TUKIMIN GENTONGAN,KLT,Klaten,1
0817WNGRT,NING MOJOPURO,WNG,Wonogiri,1
0818KLTRT,SUKIYEM GENTONGAN,KLT,Klaten,1
0818KTSRT,KURNIA,KTS,Kartosuro,0
0819KLTRT,SERBA UTAMA ELC,KLT,Klaten,1
0820KLTRT,KURNIA KLT,KLT,Klaten,1
0821KLTRT,KPN BINA SEHAT,KLT,Klaten,1
0822KLTRT,MAHARANI CAWAS,KLT,Klaten,1
0823KLTRT,SUKOARJO CAWAS,KLT,Klaten,1
0823WNGRT,KURNIA KASIH JATISRONO,WNG,Wonogiri,1
0824KLTRT,DARMO CAWAS,KLT,Klaten,1
0825KLTRT,KURNIA KLATEN,KLT,Klaten,1
0826KLTRT,YATMI JENTIR,KLT,Klaten,1
0827KLTRT,WARSITI CAWAS,KLT,Klaten,1
0828KLTRT,SUMIYATUN,KLT,Klaten,1
0828WNGRT,KUSNANDAR NGADIROJO WNG,WNG,Wonogiri,1
0829KLTRT,SRI UMI CAWAS,KLT,Klaten,1
0829WNGRT,KUSUMA (IBU WIWIN),WNG,Wonogiri,1
0830WNGRT,KUSUMA,WNG,Wonogiri,1
0831KLTRT,FANNY,KLT,Klaten,1
0831WNGRT,TOKO BARU,WNG,Wonogiri,1
0832KLTRT,SATRIANI,KLT,Klaten,1
0832WNGRT,YANTO,WNG,Wonogiri,1
0833KLTRT,SARMI JETO,KLT,Klaten,1
0833KRAKO,KUSUMA PUTRA SANTOSA KOP,KRA,Karanganyar,0
0833WNGRT,NARTO,WNG,Wonogiri,1
0834KLTRT,JAROT  CEPER,KLT,Klaten,1
0834WNGRT,TK BEGENS,WNG,Wonogiri,1
0835KLTRT,WANTO TRUCUK,KLT,Klaten,1
0835WNGRT,TITAN,WNG,Wonogiri,1
0836KLTRT,SUTIRAH TRUCUK,KLT,Klaten,1
0836WNGRT,MB NING,WNG,Wonogiri,1
0837KLTRT,LANGGENG JAYA PEDAN,KLT,Klaten,1
0839KLTRT,LANGGENG PEDAN,KLT,Klaten,1
0840KLTRT,DARNO KR DOWO,KLT,Klaten,1
0841KLTRT,SITUN KR DOWO,KLT,Klaten,1
0841WNGRT,LANJAR,WNG,Wonogiri,0
0842KLTRT,SUGIYEM PS KLATEN,KLT,Klaten,1
0843KLTRT,TK JAKARTA,KLT,Klaten,1
0846KLTRT,SRI LESTARI,KLT,Klaten,1
0846WNGRT,ARIES,WNG,Wonogiri,1
0847WNGRT,BU JOKO,WNG,Wonogiri,1
0848KLTSW,LARIS MAJU KLATEN,KLT,Klaten,1
0850KLTRT,FC SURYA,KLT,Klaten,1
0851KLTRT,LARISA WEDI,KLT,Klaten,1
0852KLTRT,MB MUR,KLT,Klaten,1
0852WNGRT,LARNI,WNG,Wonogiri,1
0853KLTRT,ELANG,KLT,Klaten,1
0853WNGRT,LASI,WNG,Wonogiri,1
0854KLTRT,SUWAJI,KLT,Klaten,1
0854WNGRT,LARSI WNG,WNG,Wonogiri,1
0855WNGRT,LARTI WNG,WNG,Wonogiri,1
0856KLTRT,MULIA JAYA MAYUNGAN,KLT,Klaten,1
0856WNGRT,KRIS PURWANTORO,WNG,Wonogiri,1
0857KLTMM,LATIFA DELANGGU,KLT,Klaten,1
0857KLTRT,RATNA,KLT,Klaten,1
0858KLTRT,ENDANG,KLT,Klaten,1
0859KLTRT,LEGITZ,KLT,Klaten,1
0860KLTRT,LEGIYEM GENTONGAN,KLT,Klaten,1
0861KLTRT,FADILLAH,KLT,Klaten,1
0861WNGRT,MAWAR JATISRONO,WNG,Wonogiri,1
0862KLTRT,YOVAN PUTRA,KLT,Klaten,1
0862SLUMM,LESTARI,SLU,Solo Utara,0
0863KLTRT,PURWANTO PS GABUS,KLT,Klaten,1
0863WNGRT,PHOTO SEDERHANA,WNG,Wonogiri,1
0864KLTRT,SLAMET PS GABUS,KLT,Klaten,1
0865KLTRT,BU JIO,KLT,Klaten,1
0865WNGRT,ROTI TIGA JAYA,WNG,Wonogiri,1
0867KLTRT,MATRO ELECTRO,KLT,Klaten,1
0867WNGRT,LESTARI BARU JATIROTO,WNG,Wonogiri,1
0868WNGRT,SWADAYA APT,WNG,Wonogiri,1
0869KLTRT,TEMBAKAU JODO,KLT,Klaten,1
0869KLTSW,LESTARI CAWAS,KLT,Klaten,1
0869WNGRT,BINTANG,WNG,Wonogiri,1
0870KLTRT,YAMMAR,KLT,Klaten,1
0871KLTRT,CERIA NGUPIT,KLT,Klaten,1
0874KLTRT,SUBUR UTAMA,KLT,Klaten,1
0875KLTRT,LESTARI I,KLT,Klaten,1
0876KLTRT,GEMA TEHNIK,KLT,Klaten,1
0877KLTRT,ANISA KR DOWO,KLT,Klaten,1
0878KLTRT,PURWANTO KR DOWO,KLT,Klaten,1
0879KLTAP,VITA APOTIK,KLT,Klaten,1
0879KLTRT,AIR MANCUR KR DOWO,KLT,Klaten,1
0879WNGRT,TRISNO,WNG,Wonogiri,1
0880KLTRT,SUNARNI KR DOWO,KLT,Klaten,1
0880WNGRT,MANDIRI BAKERY,,,1
0881KLTRT,SUGIONO KR DOWO,KLT,Klaten,1
0881WNGRT,ANEKA WANGI,,,1
0882KLTRT,WIDODO KR DOWO,KLT,Klaten,1
0883KLTRT,BAGAS KR DOWO,KLT,Klaten,1
0884KLTRT,ASA KR DOWO,KLT,Klaten,1
0885KLTRT,HARTO KR DOWO,KLT,Klaten,1
0886KLTRT,BU IMAN KR DOWO,KLT,Klaten,1
0887KLTRT,TATIK KR DOWO,KLT,Klaten,1
0887WNGRT,GOTRI,WNG,Wonogiri,1
0888KLTRT,TUTIK KR DOWO,KLT,Klaten,1
0888WNGRT,SINAR AGUNG ELECTRO,WNG,Wonogiri,1
0889KLTRT,HADI JATINOM,KLT,Klaten,1
0890KLTRT,SABINI JATINOM,KLT,Klaten,1
0891KLTRT,DIAH JATINOM,KLT,Klaten,1
0891WNGRT,PADI BATU,WNG,Wonogiri,1
0892KLTRT,MARYATI JATINOM,KLT,Klaten,1
0892WNGAP,AGATHA FARMA APOTIK,WNG,Wonogiri,1
0892WNGRT,HARUM RATRI,WNG,Wonogiri,1
0893KLTRT,TUTIK JATINOM,KLT,Klaten,1
0894KLTRT,RANTO JATINOM,KLT,Klaten,1
0895KLTRT,PARTO PS DALEMAN,KLT,Klaten,1
0895WNGRT,BIDAN SUPARMI,WNG,Wonogiri,1
0896KLTRT,IYAH PS DALEMAN,KLT,Klaten,1
0896WNGRT,SITI/PAK ALI,WNG,Wonogiri,1
0897KLTRT,SRI TUKINI,KLT,Klaten,1
0898KLTRT,MB LILIK WEDI,KLT,Klaten,1
0899BYLSM,LUWES BOYOLALI,BYL,Boyolali,0
0900WNGRT,DWI MARSO,WNG,Wonogiri,1
0901KLTRT,DANANG PS GENTONGAN,KLT,Klaten,1
0901SLSSM,LUWES GADING,SLS,Solo Selatan,0
0901WNGRT,SATE ANOM,WNG,Wonogiri,1
0902KLTRT,BERKAH PS GENTONGAN,KLT,Klaten,1
0902WNGRT,TOKO AAN,WNG,Wonogiri,1
0903KLTRT,HERI PS GENTONGAN,KLT,Klaten,1
0903WNGRT,AMANDA,WNG,Wonogiri,1
0904KLTRT,WIRATMAN PS GENTONGAN,KLT,Klaten,1
0905KLTRT,TATIK PS GENTONGAN,KLT,Klaten,1
0906KLTRT,KUS PS GENTONGAN,KLT,Klaten,1
0906SLUSM,LUWES NUSUKAN,SLU,Solo Utara,0
0907KLTRT,TARMO PS GENTONGAN,KLT,Klaten,1
0907SLSSM,LUWES PACITAN,SLS,Solo Selatan,0
0908KLTRT,HARTINI PS GENTONGAN,KLT,Klaten,1
0909KLTRT,YOTO PS GENTONGAN,KLT,Klaten,1
0910KLTRT,ANGGITO PS GENTONGAN,KLT,Klaten,1
0910WNGSM,CV.PLATINUM ABADI,WNG,Wonogiri,1
0911KLTRT,SUKINI PS GENTONGAN,KLT,Klaten,1
0912WNGRT,SLAMET KEPYAR,WNG,Wonogiri,1
0913KLTRT,JIDAH.SYAHLAN,KLT,Klaten,1
0913WNGRT,TIARA/NOOR,WNG,Wonogiri,1
0914KLTRT,MAHKOTA KLATEN,KLT,Klaten,1
0914WNGRT,TARUNA BETAL,WNG,Wonogiri,1
0915KLTRT,HARNI PEDAN,KLT,Klaten,1
0916KLTRT,NELI SEMBAKO,KLT,Klaten,1
0916WNGMM,MAJU BARU JATISRONO,WNG,Wonogiri,1
0916WNGRT,DWI SURYONO,WNG,Wonogiri,1
0918KLTRT,TK CEMPAKA WEDI,KLT,Klaten,1
0920KLTRT,WIRYO BAYAT,KLT,Klaten,1
0921KLTRT,PATMI BAYAT,KLT,Klaten,1
0922KLTRT,TRI BAYAT,KLT,Klaten,1
0922WNGRT,MAJU VARIASI,WNG,Wonogiri,1
0923KLTRT,SUROTO CAWAS,KLT,Klaten,1
0923WNGRT,MAKARTI PURWANTORO,WNG,Wonogiri,1
0924KLTRT,YATI CAWAS,KLT,Klaten,1
0924WNGRT,DANI 5,WNG,Wonogiri,1
0925KLTRT,PURWANTI BAYAT,KLT,Klaten,1
0926KLTRT,PUJI,KLT,Klaten,1
0927KLTRT,NINIK PEDAN,KLT,Klaten,1
0928KLTRT,JATI BULAN,KLT,Klaten,1
0928WNGRT,MAKMUR WONOGIRI,WNG,Wonogiri,1
0929KLTRT,MAKRO ELECT JATINOM,KLT,Klaten,1
0930KLTRT,BANGKIT MANIS RENGGO,KLT,Klaten,1
0931KLTRT,BUDI MANIS RENGGO,KLT,Klaten,1
0932KLTRT,NGATINEM MANIS RENGGO,KLT,Klaten,1
0932WNGRT,LINTANG KINASIH / PAK GENDRO,WNG,Wonogiri,1
0933KLTRT,JULI KLATEN,KLT,Klaten,1
0934KLTRT,TUTIK KRAGUMAN,KLT,Klaten,1
0935KLTRT,GIARTI KRAGUMAN,KLT,Klaten,1
0936KLTRT,MANDIRI BAYAT,KLT,Klaten,1
0936WNGRT,EMI PULE,WNG,Wonogiri,1
0937KLTRT,MANJUR,KLT,Klaten,1
0938KLTRT,WARUNG SOTO HADI,KLT,Klaten,1
0938WNGRT,DHIYA,WNG,Wonogiri,1
0939KLTRT,LUKMAN BEJI,KLT,Klaten,1
0940KLTRT,BU HAJI KLT,KLT,Klaten,1
0941KLTRT,WARNI KRANDON,KLT,Klaten,1
0942KLTRT,DANI PS TEMUWANGI,KLT,Klaten,1
0943KLTRT,NARMI BABAD,KLT,Klaten,1
0944KLTRT,MAPAN JAYA JATINOM,KLT,Klaten,1
0945KLTMM,MAPAN JAYA TULUNG,KLT,Klaten,1
0945KLTRT,CHAFA KOSMETIK,KLT,Klaten,1
0946KLTRT,RINI BABAD,KLT,Klaten,1
0947KLTRT,IRA KLT,KLT,Klaten,1
0948KLTRT,SLAMET KRAGUMAN,KLT,Klaten,1
0949KLTRT,WIWIT KRAGUMAN,KLT,Klaten,1
0950KLTRT,MARGA JAYA,KLT,Klaten,1
0951KLTRT,NING KLT,KLT,Klaten,1
0951WNGRT,MARGONO,SKH,Sukoharjo,1
0952KLTRT,MARGONO KLT,KLT,Klaten,1
0952WNGRT,MARDI WNG,WNG,Wonogiri,1
0953KLTRT,MB NORIS KLT,KLT,Klaten,1
0954KLTRT,MARDI SUDARMO,KLT,Klaten,1
0954WNGRT,MANDELING JAYA,WNG,Wonogiri,1
0955KLT,MARIO,KLT,Klaten,1
0955KLTRT,MARIA,KLT,Klaten,1
0955WNGRT,MARINI,WNG,Wonogiri,1
0956KLTRT,DADI ASIH,KLT,Klaten,1
0957KLTRT,SUHARDI PEDAN,KLT,Klaten,1
0958KLTRT,INDAH BOGOR,KLT,Klaten,1
0960KLTRT,PRADOYO,KLT,Klaten,1
0961KLTRT,MARTUAH,KLT,Klaten,1
0961SLURT,WARSITI,SLU,Solo Utara,0
0961WNGRT,SUWARNO,WNG,Wonogiri,1
0962KLTRT,YATIMAH,KLT,Klaten,1
0962WNGRT,NANO TIRTOMOYO,WNG,Wonogiri,1
0963KLTRT,MAKRAT,KLT,Klaten,1
0963WNGRT,KENIK TIRTOMOYO,WNG,Wonogiri,1
0964KLTRT,NANIK,KLT,Klaten,1
0965KLTRT,ENDANG J,KLT,Klaten,1
0965WNGRT,MARYADI JATISRONO,WNG,Wonogiri,1
0966KLTRT,SUROTO,KLT,Klaten,1
0966WNGRT,MAS PUR,WNG,Wonogiri,1
0967KLTRT,GALUH KLATEN,KLT,Klaten,1
0967WNGRT,MAS AJI WNG,WNG,Wonogiri,1
0968KLTAP,SAMIREJO FARMA APT,KLT,Klaten,1
0968KLTRT,TOTOK CAWAS,KLT,Klaten,1
0968WNGRT,MAS BUDI WNG,WNG,Wonogiri,1
0969KLTRT,WADI CAWAS,KLT,Klaten,1
0969WNGRT,MAS GATOT WNG,WNG,Wonogiri,1
0970KLTRT,SAMINI TRUCUK,KLT,Klaten,1
0970WNGRT,MB LIS JATISRONO,WNG,Wonogiri,1
0971KLTRT,SUMIYEM TRUCUK,KLT,Klaten,1
0971WNGRT,MB TUTIK,WNG,Wonogiri,1
0972KLTRT,PARNI TRUCUK,KLT,Klaten,1
0972WNGRT,LIES,WNG,Wonogiri,1
0973KLTSM,MATAHARI KLATEN,KLT,Klaten,1
0973WNGRT,MB NANI SALON,WNG,Wonogiri,1
0974KLTRT,ATIK BABADAN,KLT,Klaten,1
0974WNGRT,MB WAR,WNG,Wonogiri,1
0975KLTRT,INDAH KLT,KLT,Klaten,1
0975WNGRT,MAKMUR WNG,WNG,Wonogiri,1
0976KLTRT,LIA KR DOWO,KLT,Klaten,1
0977KLTRT,DIVA KR DOWO,KLT,Klaten,1
0977KLTSW,MAYAR MUDA PEDAN,KLT,Klaten,1
0978KLTRT,YAYAN KLT,KLT,Klaten,1
0979KLTRT,DARMO KR DOWO,KLT,Klaten,1
0980KLTRT,MARNI TRUCUK,KLT,Klaten,1
0981KLTRT,MINTO KLATEN,KLT,Klaten,1
0981WNGRT,LINSA JATISRONO,WNG,Wonogiri,1
0982KLTRT,SANTOSO SRAGO,KLT,Klaten,1
0983KLTRT,MURNI KLATEN,KLT,Klaten,1
0984KLTRT,SRI BUMBU KLATEN,KLT,Klaten,1
0985KLTRT,SIS SRAGO,KLT,Klaten,1
0985WNGRT,AROMA,WNG,Wonogiri,1
0986KLTRT,PUTRA SRAGO,KLT,Klaten,1
0986WNGRT,MITRA BAROKAH,WNG,Wonogiri,1
0987KLTRT,SLAMET KLATEN,KLT,Klaten,1
0987WNGRT,MELATI MANYARAN,WNG,Wonogiri,1
0988KLTRT,SEMI SRAGO,KLT,Klaten,1
0989KLTRT,WULAN KLATEN,KLT,Klaten,1
0989SLUSW,MELLY JAGALAN,SLU,Solo Utara,0
0990KLTRT,YUNI TRUCUK,KLT,Klaten,1
0990WNGRT,SLAMET,WNG,Wonogiri,1
0991KLTRT,MENARA DARUSSALAM DELANGGU,KLT,Klaten,1
0991WNGRT,SINAR HANJAYA,WNG,Wonogiri,1
0992KLTRT,MEGA JUWIRING,KLT,Klaten,1
0992WNGRT,MENARA FT,WNG,Wonogiri,1
0993KLTRT,TOKO ANIK,KLT,Klaten,1
0994KLTRT,WARINI KLATEN,KLT,Klaten,1
0995KLTRT,MENUK DELANGGU,KLT,Klaten,1
0996KLTRT,MENUK PEDAN,KLT,Klaten,1
0997KLTRT,MENUK KLATEN,KLT,Klaten,1
0997WNGRT,33 SLOGOHIMO,WNG,Wonogiri,1
0998WNGRT,ANDIKA EROMOKO,WNG,Wonogiri,1
0999KLTRT,MERBABU APT,KLT,Klaten,1
0999WNGRT,FASTECH ELC,WNG,Wonogiri,1
1001KLTRT,HARIYANTO,KLT,Klaten,1
1002KLTRT,HARJONO,KLT,Klaten,1
1005KLTRT,MICRO ELECTRO KLATEN,KLT,Klaten,1
1006KLTSW,MIDAH KLATEN,KLT,Klaten,1
1007KLTRT,WARTI JUWIRING,KLT,Klaten,1
1008KLTRT,FAJAR JUWIRING,KLT,Klaten,1
1009KLTRT,KADI JUWIRING,KLT,Klaten,1
1010KLTRT,WONDO JUWIRING,KLT,Klaten,1
1010WNGRT,SUNGKONO,WNG,Wonogiri,1
1011KLTRT,SUMINO,KLT,Klaten,1
1012KLTRT,MAKRUF JURANGJERO,KLT,Klaten,1
1015KLTRT,MIRAH TEGALGONDO,KLT,Klaten,1
1016KLTRT,MB SITI KLT,KLT,Klaten,1
1018KLTRT,MITRA FOTO CAWAS,KLT,Klaten,1
1020KLTRT,NUR BARU,KLT,Klaten,1
1021KLTRT,RF.KHASANAH,KLT,Klaten,1
1022KLTRT,MULYADI PONGGOK,KLT,Klaten,1
1023KLTRT,ANITA JEBLOK,KLT,Klaten,1
1024KLTRT,DARMA,KLT,Klaten,1
1026KLTRT,USAHA JAYA,KLT,Klaten,1
1027KLTRT,KIOS DIE PIK NO,KLT,Klaten,1
1028KLTRT,SRI LESTARI,KLT,Klaten,1
1029KLTRT,SRI REJEKI,KLT,Klaten,1
1031KLTRT,MM MELATI,KLT,Klaten,1
1032KLTRT,LINDA,KLT,Klaten,1
1033KLTRT,RANTO GABUS,KLT,Klaten,1
1034KLTRT,PARNO GABUS,KLT,Klaten,1
1035KLTRT,SRIMI GABUS,KLT,Klaten,1
1035SLSRT,MORINA TK.ROTI,SLS,Solo Selatan,0
1036KLTRT,YANTI KLATEN,KLT,Klaten,1
1036WNGRT,CHELLA CELL,WNG,Wonogiri,1
1037KLTRT,YUNITA KLATEN,KLT,Klaten,1
1037WNGRT,WATIK EROMOKO,WNG,Wonogiri,1
1037WNGSW,MORO SAE WNG,WNG,Wonogiri,0
1038KLTRT,KUSNO KLATEN,KLT,Klaten,1
1038WNGRT,RAHMAN WURYANTORO,WNG,Wonogiri,1
1039WNGRT,SUPARMI PRACI,WNG,Wonogiri,1
1040KLTRT,ENDAR KR DOWO,KLT,Klaten,1
1040KRART,TOKO NAWAN,KRA,Karanganyar,1
1040WNGRT,HARNO EROMOKO,WNG,Wonogiri,1
1041KLTRT,MUCHTAR (UD SAMI LANCAR),KLT,Klaten,1
1041SLSRT,PALUGADA,SLS,Solo Selatan,1
1041WNGRT,DK.PUTRA,WNG,Wonogiri,1
1042KLTRT,TOKO BANG CIS,KLT,Klaten,1
1042WNGRT,NAMDO,WNG,Wonogiri,1
1043KLTRT,MUTIARA,KLT,Klaten,1
1044KLTRT,MUDA KLATEN,KLT,Klaten,1
1045KLTRT,MUDA PEDAN,KLT,Klaten,1
1045WNGRT,MUARA SIDOKRIYO,WNG,Wonogiri,1
1046KLTRT,SONY DELANGGU,KLT,Klaten,1
1046WNGRT,MUFGI MURTIPRANOTO,WNG,Wonogiri,1
1047KLTRT,MM ALIF,KLT,Klaten,1
1048KLTRT,MUHAMMAD PS.CAWAS,KLT,Klaten,1
1049KLTRT,MUJIATI KLT,KLT,Klaten,1
1050KLTRT,ENY SNACK,KLT,Klaten,1
1051KLTRT,KANVASAN,KLT,Klaten,1
1051WNGRT,MUH BAKRI,WNG,Wonogiri,1
1052KLTRT,WALIDI,KLT,Klaten,1
1053KLTRT,MULYA INDAH JATINOM,KLT,Klaten,1
1054KLTRT,SUMARNI,KLT,Klaten,1
1055KLTRT,BALITA LINTANG PEDAN,KLT,Klaten,1
1056KLTRT,DANIEL,KLT,Klaten,1
1056WNGRT,PENI AYU,WNG,Wonogiri,1
1057KLTRT,MULYADI KLATEN,KLT,Klaten,1
1057WNGRT,TUNAS BARU,WNG,Wonogiri,1
1058KLTRT,SUGENG TANJUNG,KLT,Klaten,1
1058WNGRT,ENI,WNG,Wonogiri,1
1059KLTRT,YENI JUWIRING,KLT,Klaten,1
1059WNGRT,ABAS,WNG,Wonogiri,1
1060KLTRT,SINAR TERANG,KLT,Klaten,1
1060WNGRT,YANTI,WNG,Wonogiri,1
1061KLTRT,NARYO DELANGGU,KLT,Klaten,1
1061WNGRT,BU SUM,WNG,Wonogiri,1
1062KLTRT,AGUS BAYAT,KLT,Klaten,1
1062WNGRT,SAMAN,WNG,Wonogiri,1
1063WNGRT,BU PUR,WNG,Wonogiri,1
1064KLTRT,MURAH JAYA KLATEN,KLT,Klaten,1
1064WNGRT,KARMAN,WNG,Wonogiri,1
1065KLTRT,MUSTOFA TF INTRA,KLT,Klaten,1
1065WNGRT,SRI MULYANI,WNG,Wonogiri,1
1066KLTRT,TOKO IDA POLANHARJO,KLT,Klaten,1
1066WNGRT,TRIMAN,WNG,Wonogiri,1
1067KLTRT,NARYO COKRO,KLT,Klaten,1
1067WNGRT,YULI,WNG,Wonogiri,1
1068KLTRT,SUNARYO COKRO,KLT,Klaten,1
1069KLTRT,ANTIKA DELANGGU,KLT,Klaten,1
1070KLTRT,AFANDI,KLT,Klaten,1
1071KLTRT,ANIK,KLT,Klaten,1
1072KLTRT,SUKIRNO CAWAS,KLT,Klaten,1
1072WNGRT,MURNI NGADIROJO,WNG,Wonogiri,1
1073KLTRT,NYOTO DELANGGU,KLT,Klaten,1
1074KLTRT,DINO DELANGGU,KLT,Klaten,1
1075KLTRT,MARNI,KLT,Klaten,1
1076KLTRT,KIRMAN,KLT,Klaten,1
1077KLTRT,SRI HARNI,KLT,Klaten,1
1078KLTRT,TUGIYO,KLT,Klaten,1
1078WNGRT,MUSTIKA ELC JATISRONO,WNG,Wonogiri,1
1079WNGRT,MB NANA,WNG,Wonogiri,1
1080KLTRT,TUGIYEM,KLT,Klaten,1
1080WNGRT,MB MARNING,WNG,Wonogiri,1
1081KLTRT,DIAH,KLT,Klaten,1
1082KLTRT,TUNAS JAYA ELC,KLT,Klaten,1
1082KLTSW,MUTIARA KLATEN,KLT,Klaten,1
1083KLTRT,TOKO RATNA,KLT,Klaten,1
1083SRGRT,YUAN,SRG,Sragen,0
1084KLTRT,DWI JOGOSETRAN,KLT,Klaten,1
1085KLTRT,BUSINESS CENTRE SMK 1 PEDAN,KLT,Klaten,1
1086KLTRT,SRI TOKO (AGEN SOSIS),KLT,Klaten,1
1087KLTRT,SINAR PHOTO KRAGUMAN,KLT,Klaten,1
1088KLTMM,NAJWA MM PEDAN,KLT,Klaten,1
1089WNGRT,MERBABU TK,WNG,Wonogiri,1
1090KLTRT,NARTI DELANGGU,KLT,Klaten,1
1091KLTRT,KIRMAN CAWAS,KLT,Klaten,1
1091WNGRT,NANIK SUGIARTO,WNG,Wonogiri,1
1092KLTRT,DIKA CAWAS,KLT,Klaten,1
1092WNGRT,NARSIH,WNG,Wonogiri,1
1093KLTRT,SUNARNI,KLT,Klaten,1
1093WNGRT,NANIK WNG,WNG,Wonogiri,1
1094KLTRT,PARTO BAYAT,KLT,Klaten,1
1094WNGRT,NARNI,WNG,Wonogiri,1
1095KLTRT,TARMI BAYAT,KLT,Klaten,1
1096KLTRT,RIPTO CAWAS,KLT,Klaten,1
1097KLTRT,ARUM CAWAS,KLT,Klaten,1
1098KLTRT,MURJITO,KLT,Klaten,1
1099KLTRT,MANTO BAYAT,KLT,Klaten,1
1100KLTRT,LAA RAIBA,KLT,Klaten,1
1101KLTRT,COUNTER TEH POCI,KLT,Klaten,1
1102KLTRT,NING,KLT,Klaten,1
1103KLTRT,ENDAR,KLT,Klaten,1
1104KLTRT,NANA,KLT,Klaten,1
1104WNGRT,NARYO,WNG,Wonogiri,1
1105KLTRT,TOKO LIS,KLT,Klaten,1
1106KLTRT,LUWES KARANGNONGKO,KLT,Klaten,1
1107KLTRT,MANUNGGAL,KLT,Klaten,1
1107KTSRT,NATALIA KARTOSURO,KTS,Kartosuro,0
1108KLTRT,TOKO RESTU,KLT,Klaten,1
1109KLTRT,IFA PONGGOK,KLT,Klaten,1
1110KLTRT,UMI,KLT,Klaten,1
1110WNGRT,NETA SIDOARJO,WNG,Wonogiri,1
1111KLTRT,NGATINI WEDI,KLT,Klaten,1
1112KLTRT,NGATNO CEPER,KLT,Klaten,1
1117KLTRT,NIKMAT KETANDAN,KLT,Klaten,1
1118KLTRT,WARTINI CAWAS,KLT,Klaten,1
1119KLTRT,ANEKA SARI,KLT,Klaten,1
1120KLTRT,NARSI CAWAS,KLT,Klaten,1
1121KLTRT,TK ERNI,KLT,Klaten,1
1121WNGRT,AGUNG REJEKI,WNG,Wonogiri,1
1122KLTRT,GITA JUWIRING,KLT,Klaten,1
1123KLTRT,NING TROSO,KLT,Klaten,1
1124KLTRT,NINOS,KLT,Klaten,1
1124WNGRT,NING WONOGIRI,WNG,Wonogiri,1
1125KLTRT,KENTAR,KLT,Klaten,1
1125WNGRT,NING WNG,WNG,Wonogiri,1
1126KLTRT,SANTOSO JATINOM,KLT,Klaten,1
1127KLTRT,SUTIKAH,KLT,Klaten,1
1127WNGRT,NINIK/BU LURAH,WNG,Wonogiri,1
1128KLTRT,JIYO JATINOM,KLT,Klaten,1
1129KLTRT,FAMILY,KLT,Klaten,1
1129WNGRT,NN,WNG,Wonogiri,1
1130KLTRT,AGUS KRAGUMAN,KLT,Klaten,1
1131KLTRT,HARNO KRAGUMAN,KLT,Klaten,1
1131SRGRT,NONIK (SUMBER MAKMUR),SRG,Sragen,0
1132KLTSW,NONO DELANGGU,KLT,Klaten,1
1133KLTRT,SARMI KRAGUMAN,KLT,Klaten,1
1134KLTRT,ATUN WEDI,KLT,Klaten,1
1135KLTRT,PURWANTI WEDI,KLT,Klaten,1
1136KLTRT,KATMI WEDI,KLT,Klaten,1
1136WNGRT,NUR BATU,WNG,Wonogiri,1
1137KLTRT,TARNO WEDI,KLT,Klaten,1
1137WNGRT,NUR ABADI PURWANTORO,WNG,Wonogiri,1
1138KLTRT,DUL WEDI,KLT,Klaten,1
1139KLTRT,CIPTO WEDI,KLT,Klaten,1
1140KLTRT,TK SETIA,KLT,Klaten,1
1141KLTRT,PARJONO,KLT,Klaten,1
1141WNGRT,NUR ELECT WNG,WNG,Wonogiri,1
1142KLTRT,JODI BAYAT,KLT,Klaten,1
1142WNGRT,SITI NGADIROJO,WNG,Wonogiri,1
1143KLTRT,WARIS,KLT,Klaten,1
1143WNGRT,DADI DARMADI NGADIROJO,WNG,Wonogiri,1
1144KLTRT,SRI BAYAT,KLT,Klaten,1
1144WNGRT,NUNUK BATURETNO,WNG,Wonogiri,1
1145SLSRT,ROTI NEW CHRIST,SLS,Solo Selatan,0
1145WNGRT,JAVA MART,WNG,Wonogiri,0
1146KLTRT,NUR UMAR PS.TANJUNG,KLT,Klaten,1
1146WNGRT,MAJU BATURETNO,WNG,Wonogiri,0
1147KLTRT,BU NURBAYA,KLT,Klaten,1
1147WNGRT,PARDI BATURETNO,WNG,Wonogiri,0
1148KLTRT,BU NUNUK,KLT,Klaten,1
1148WNGRT,MAJU BATURETNO,WNG,Wonogiri,1
1149WNGRT,PARDI BATURETNO,WNG,Wonogiri,1
1150KLTRT,NUSANTARA ELECT,KLT,Klaten,1
1151KLTRT,RG TOKO,KLT,Klaten,1
1151WNGRT,NUSANTARA WONOGIRI,WNG,Wonogiri,1
1152WNGRT,ADI KARTIKA,WNG,Wonogiri,1
1154KLTRT,ALVIN KLATEN,KLT,Klaten,1
1155WNGRT,NUNIK,WNG,Wonogiri,1
1156KLTRT,DIAN SEMBAKO,KLT,Klaten,1
1157KLTRT,OBRAL KLATEN,KLT,Klaten,1
1158KLTRT,PURNO,KLT,Klaten,1
1159KLTRT,KIRNO,KLT,Klaten,1
1160KLTRT,PARMI,KLT,Klaten,1
1161KLTRT,HADI SARNO,KLT,Klaten,1
1162KLTRT,OMEGA (JAM) DELANGGU,KLT,Klaten,1
1163KLTRT,ENDRO,KLT,Klaten,1
1165KLTRT,EKA BAROKAH,KLT,Klaten,1
1168KLTRT,MUHAMMAD PONGGOK,KLT,Klaten,1
1169KLTRT,DIFA PONGGOK,KLT,Klaten,1
1170KLTRT,HADI PONGGOK,KLT,Klaten,1
1171KLTRT,SUTIYEM PONGGOK,KLT,Klaten,1
1172KLTRT,GIANTI PONGGOK,KLT,Klaten,1
1172WNGRT,PAIJUK SIDOARJO,WNG,Wonogiri,1
1173KLTRT,NINING PONGGOK,KLT,Klaten,1
1173WNGRT,PAINEM,WNG,Wonogiri,1
1174KLTRT,YATNO PONGGOK,KLT,Klaten,1
1174WNGRT,PANIKEM,WNG,Wonogiri,1
1175KLTRT,MUJIATI PONGGOK,KLT,Klaten,1
1175WNGRT,PARIKEM/SUNARNI,WNG,Wonogiri,1
1176KLTRT,ENDANG PONGGOK,KLT,Klaten,1
1177KLTRT,LESTARI/PAINO WIDODO,KLT,Klaten,1
1178KLTRT,PAK SATIMIN KLT,KLT,Klaten,1
1179KLTRT,SUKIYEM,KLT,Klaten,1
1179WNGMM,PALAPA BULUKERTO,WNG,Wonogiri,1
1180KLTRT,DAMI,KLT,Klaten,1
1180WNGRT,PARMANTO WNG,WNG,Wonogiri,1
1181KLTRT,MAS PUR,KLT,Klaten,1
1183WNGSW,PANCA JAYA,WNG,Wonogiri,1
1185KLTRT,HARTO CAWAS,KLT,Klaten,1
1186KLTRT,SURADI CAWAS,KLT,Klaten,1
1186WNGRT,PANORAMA NGADIROJO,WNG,Wonogiri,1
1187KLTRT,SUGENG CAWAS,KLT,Klaten,1
1188KLTRT,MADI CAWAS,KLT,Klaten,1
1188WNGRT,PANUT ELECT SLOGOHIMO,WNG,Wonogiri,1
1189KLTRT,RAPI CAWAS,KLT,Klaten,1
1190KLTRT,INDAH CAWAS,KLT,Klaten,1
1191KLTRT,TUKINEM CAWAS,KLT,Klaten,1
1192KLTRT,RUMAH BELANJA KELUARGA,KLT,Klaten,1
1193KLTRT,PARIS BARU,KLT,Klaten,1
1194KLTRT,PARNI KLT,KLT,Klaten,1
1195KLTRT,HAMIDAH TULUNG,KLT,Klaten,1
1196KLTRT,SLAMET JATINOM,KLT,Klaten,1
1197KLTRT,MARDI JUWIRING,KLT,Klaten,1
1198KLTRT,SAMIYEM,KLT,Klaten,1
1201KLTRT,KELANA,KLT,Klaten,1
1202KLTRT,SUKINEM PEDAN,KLT,Klaten,1
1203KLTRT,SUPRIYANTO TRUCUK,KLT,Klaten,1
1204KLTRT,JINEM PS JETO,KLT,Klaten,1
1205KLTRT,SUMINI PS JETO,KLT,Klaten,1
1206KLTRT,TARMI PS JETO,KLT,Klaten,1
1207KLTRT,DARMI PS JETO,KLT,Klaten,1
1208KLTRT,SJP MART,KLT,Klaten,1
1209KLTRT,SHEKINAH,KLT,Klaten,1
1209WNGRT,PARTI SNACK SIDOHARJO,WNG,Wonogiri,1
1210KLTRT,SUHARDI,KLT,Klaten,1
1210WNGRT,PARTI WNG,WNG,Wonogiri,1
1211KLTRT,JUMINI,KLT,Klaten,1
1211SLSRT,KURNIA PROMO LESTARI,SLS,Solo Selatan,1
1211SRGRT,SARINAH MART,SRG,Sragen,1
1211WNGRT,PARWANTI WNG,WNG,Wonogiri,1
1212KLTRT,ANTOK GANTIWARNO,KLT,Klaten,1
1213KLTRT,YATI,KLT,Klaten,1
1214KLTRT,HARJO,KLT,Klaten,1
1215KLTRT,SITI,KLT,Klaten,1
1216KLTRT,SABAR,KLT,Klaten,1
1217KLTRT,PEDRO KLATEN,KLT,Klaten,1
1219KLTRT,PELANGI DELANGGU,KLT,Klaten,1
1220KLTRT,HARNI,KLT,Klaten,1
1221KLTRT,UTAMI,KLT,Klaten,1
1222KLTRT,TOKO HARUM,KLT,Klaten,1
1223KLTRT,PENIMO WEDI,KLT,Klaten,1
1224KLTRT,BARU,KLT,Klaten,1
1225WNGRT,PERTIWI JATISRONO,WNG,Wonogiri,1
1226KLTRT,DAMAI INDAH,KLT,Klaten,1
1226WNGRT,TOKO NUR,WNG,Wonogiri,1
1227KLTRT,TOKO K-MART,KLT,Klaten,1
1228KLTSW,PITOYO,KLT,Klaten,1
1230KLTRT,PITOYO JL PEMUDA,KLT,Klaten,1
1230SLSKO,KOP KPRI RRI,SLS,Solo Selatan,0
1231KLTRT,DUA PUTRA,KLT,Klaten,1
1231KLTSW,PODO KUMPUL,KLT,Klaten,1
1232KLTRT,ENDARSIH,KLT,Klaten,1
1234WNGRT,POJOK BATURETNO,WNG,Wonogiri,1
1235KLTRT,POJOK ANDA DELANGGU,KLT,Klaten,1
1236WNGRT,JADMIKO,WNG,Wonogiri,1
1237KLTRT,POJOK BARU KLT,KLT,Klaten,1
1238KLTRT,SAIFUL KR DOWO,KLT,Klaten,1
1239KLTRT,GLENDER,KLT,Klaten,1
1239WNGRT,GATOT,WNG,Wonogiri,1
1240KLTRT,REYHAN,KLT,Klaten,1
1241KLTRT,POJOK JATINOM,KLT,Klaten,1
1242KLTRT,DARTO JENTIR,KLT,Klaten,1
1243KLTRT,SUBARI BAYAT,KLT,Klaten,1
1244KLTRT,MANTI BAYAT,KLT,Klaten,1
1245WNGRT,PARTI SNACK WNG,WNG,Wonogiri,1
1246KLTRT,POJOK KLATEN,KLT,Klaten,1
1248KLTRT,PARTINI TRUCUK,KLT,Klaten,1
1249KLTRT,WITO TEMUWANGI,KLT,Klaten,1
1250KLTRT,POJOK PEDAN,KLT,Klaten,1
1251KLTRT,TUTIK TRUCUK,KLT,Klaten,1
1252KLTRT,EKA JAYA TRUCUK,KLT,Klaten,1
1253KLTRT,TK ASYIFA,KLT,Klaten,1
1254KLTRT,WARNI,KLT,Klaten,1
1255KLTRT,SRI WARTO,KLT,Klaten,1
1256KLTRT,WARTI,KLT,Klaten,1
1256WNGRT,POJOK UTARA WONOGIRI,WNG,Wonogiri,1
1257KLTRT,LINTAR,KLT,Klaten,1
1257WNGRT,POJOK WONOGIRI,WNG,Wonogiri,1
1258KLTAP,HARAPAN SEHAT AP,KLT,Klaten,1
1258KLTRT,TK YAYANK ARTHA,KLT,Klaten,1
1259KLTRT,KHOIRANI KLATEN,KLT,Klaten,1
1259WNGRT,NARMO,WNG,Wonogiri,1
1260BYLRT,SUNARYO BANYUDONO,BYL,Boyolali,1
1260KLTRT,TANTI,KLT,Klaten,1
1261KLTRT,SRI WAHYUNI,KLT,Klaten,1
1262KLTRT,HARTINI,KLT,Klaten,1
1263KLTRT,BU SRI,KLT,Klaten,1
1264KLTRT,MBAH WIRYO,KLT,Klaten,1
1265KLTRT,BU TENTREM,KLT,Klaten,1
1266KLTRT,PRIYO,KLT,Klaten,1
1267KLTRT,CITRA MAS,KLT,Klaten,1
1268KLTRT,AUFA,KLT,Klaten,1
1269KLTRT,ARIFIN,KLT,Klaten,1
1270KLTRT,EKO PIYUNGAN,KLT,Klaten,1
1271KLTRT,POJOK PIYUNGAN,KLT,Klaten,1
1272KLTRT,DARYONO,KLT,Klaten,1
1273KLTRT,CANDI PUTRI,KLT,Klaten,1
1274KLTRT,NASIR,KLT,Klaten,1
1275KLTMM,JAUHAR MM,KLT,Klaten,1
1276KLTRT,BU DALIL,KLT,Klaten,1
1277KLTRT,NGADIYONO,KLT,Klaten,1
1278KLTRT,SARTI,KLT,Klaten,1
1279KLTRT,TOKO SARI,KLT,Klaten,1
1280KLTRT,MARNI,KLT,Klaten,1
1280WNGRT,PUJI WNG,WNG,Wonogiri,1
1281KLTRT,HIKMAH,KLT,Klaten,1
1282KLTMM,PURIMAS SWALAYAN,KLT,Klaten,1
1282KLTRT,POJOK BAYAT,KLT,Klaten,1
1283WNGRT,PURNAMA BATU RETNO,WNG,Wonogiri,1
1284WNGRT,PURYANI,WNG,Wonogiri,1
1285KLTRT,BARU JAYA ELC,KLT,Klaten,1
1285WNGRT,PURWANTO,WNG,Wonogiri,1
1286KLTRT,PONI KLT,KLT,Klaten,1
1286WNGRT,PURWANTO PRACI,WNG,Wonogiri,1
1287KLTRT,PURNOMO GABUS,KLT,Klaten,1
1288KLTRT,PURWANTO,KLT,Klaten,1
1289KLTMM,AS MARKET,KLT,Klaten,1
1289KLTRT,PUSPITA TRIJAYA KLATEN,KLT,Klaten,1
1289WNGRT,PURWANTORO,WNG,Wonogiri,1
1290KLTRT,PURWANTI KLT,KLT,Klaten,1
1290WNGRT,PURWANI,WNG,Wonogiri,1
1291KLTRT,SUYANTO,KLT,Klaten,1
1291WNGRT,TK SUTARNO,WNG,Wonogiri,1
1292KLTRT,SEKAR BIMA,KLT,Klaten,1
1292WNGRT,JINEM,WNG,Wonogiri,1
1293KLTRT,TINUK,KLT,Klaten,1
1293WNGRT,BASO PAK EKO,WNG,Wonogiri,1
1294KLTRT,WARTINI,KLT,Klaten,1
1295KLTRT,AGUNG,KLT,Klaten,1
1296KLTRT,BROTO,KLT,Klaten,1
12977KLTMM,PUSPITA KLATEN,KLT,Klaten,1
1297KLTMM,PUSTIKA KLATEN,KLT,Klaten,1
1298KLTMM,PUSTIKA KLT,KLT,Klaten,1
1299KLTRT,PUTRA BEKTI,KLT,Klaten,1
1300KLTRT,PUTRA DAMAI KLT,KLT,Klaten,1
1301KLTRT,ANTIKA,KLT,Klaten,1
1302KLTRT,SARTI,KLT,Klaten,1
1303KLTRT,PRASETYO,KLT,Klaten,1
1304KLTRT,BU LEGI,KLT,Klaten,1
1305KLTRT,SUGINO,KLT,Klaten,1
1306KLTRT,ASTUTI,KLT,Klaten,1
1307KLTRT,BU JUM,KLT,Klaten,1
1308KLTRT,ENDANG,KLT,Klaten,1
1309KLTRT,MARNO,KLT,Klaten,1
1310KLTRT,LIEM,KLT,Klaten,1
1311KLTRT,ANWAR,KLT,Klaten,1
1312KLTRT,MANDIRI,KLT,Klaten,1
1313KLTRT,YUNI,KLT,Klaten,1
1314KLTRT,YAYUK,KLT,Klaten,1
1315KLTRT,KNA 7 EYE,KLT,Klaten,1
1316KLTRT,WINARSIH,KLT,Klaten,1
1317KLTRT,BU SUHAR,KLT,Klaten,1
1318KLTRT,MURYANI,KLT,Klaten,1
1319WNGRT,RAGIL WNG,WNG,Wonogiri,1
1320KLTRT,WARIS SWALAYAN,KLT,Klaten,1
1323KLTRT,RAHAYU JAYA DELANGGU,KLT,Klaten,1
1324KLTRT,RAGIL,KLT,Klaten,1
1326KLTRT,RAHAYU KLEWER,KLT,Klaten,1
1327KLTRT,MB ARUM,KLT,Klaten,1
1328KLTRT,SURANI,KLT,Klaten,1
1333KLTRT,RAHMAD FT JATINOM,KLT,Klaten,1
1334KLTRT,PURWANTO PEDAN,KLT,Klaten,1
1335KLTRT,KIRMAN TRUCUK,KLT,Klaten,1
1336KLTRT,SISWANTI TRUCUK,KLT,Klaten,1
1337KLTRT,WIDO TRUCUK,KLT,Klaten,1
1338KLTRT,SUTADI PEDAN,KLT,Klaten,1
1339KLTRT,MUJIMAN PEDAN,KLT,Klaten,1
1340KLTRT,DALAL PEDAN,KLT,Klaten,1
1341KLTRT,WARUNG MAKAN BU NAR,KLT,Klaten,1
1342KLTRT,MUJI PEDAN,KLT,Klaten,1
1342WNGRT,SUMBER AGUNG,WNG,Wonogiri,1
1343WNGRT,MUARA AJI,WNG,Wonogiri,1
1345KLTRT,DENDY PRASETYO,KLT,Klaten,1
1345WNGRT,HERLIG ANJAR SUSENO,WNG,Wonogiri,1
1346KLTRT,DWI,KLT,Klaten,1
1347KLTRT,PURYANI,KLT,Klaten,1
1347WNGRT,RAMDANI BULU,WNG,Wonogiri,1
1348WNGRT,RANTI,WNG,Wonogiri,1
1350KTSRT,TOKO SAYUR BARU,KTS,Kartosuro,1
1351KLTRT,PRAPTI KR DOWO,KLT,Klaten,1
1352KLTRT,SADIKIN KR DOWO,KLT,Klaten,1
1353KLTRT,DASMI KR DOWO,KLT,Klaten,1
1354KLTRT,MINTO KR DOWO,KLT,Klaten,1
1355KLTRT,YARI KR DOWO,KLT,Klaten,1
1356KLTRT,WR MAKAN JAPANAN,KLT,Klaten,1
1356WNGRT,WP MART 2,WNG,Wonogiri,1
1357KLTRT,SARIYEM SOKO,KLT,Klaten,1
1358KLTRT,NARTI KR DOWO,KLT,Klaten,1
1359KLTRT,SITI KR DOWO,KLT,Klaten,1
1359SLUSM,RATU LUWES,SLU,Solo Utara,0
1360KLTRT,TRI,KLT,Klaten,1
1361KLTRT,MARTATI,KLT,Klaten,1
1362KLTRT,ADI,KLT,Klaten,1
1363KLTRT,MB TARMI,KLT,Klaten,1
1364KLTRT,SRIYANTO,KLT,Klaten,1
1365KLTRT,REJEKI KLEWER KLT,KLT,Klaten,1
1368KLTRT,REJEKI WEDI,KLT,Klaten,1
1369KLTRT,SITI JANTI,KLT,Klaten,1
1371KLTRT,REJO BENDO,KLT,Klaten,1
1372KLTRT,TOKO REJO KLATEN,KLT,Klaten,1
1373SLURT,REJOSARI,KRA,Karanganyar,0
1374KLTRT,MATARAM,KLT,Klaten,1
1375KLTRT,TOKO SUBUR (HESTY),KLT,Klaten,1
1376KLTRT,SUKIRNO,KLT,Klaten,1
1376SLUMM,RELASI JAYA,SLU,Solo Utara,0
1377KLTRT,RELASI PEDAN,KLT,Klaten,1
1378KLTRT,JUWONO PEDAN,KLT,Klaten,1
1379KLTRT,YATI,KLT,Klaten,1
1380KLTRT,SUMARJO,KLT,Klaten,1
1381KLTRT,TIGA BERLIAN,KLT,Klaten,1
1384KLTSW,RENUNG CAWAS,KLT,Klaten,1
1385KLTRT,RAMINAH,KLT,Klaten,1
1385WNGRT,RESTU BATURETNO,WNG,Wonogiri,1
1386KLTRT,TOKO HARINI,KLT,Klaten,1
1387KLTRT,MARSUDI,KLT,Klaten,1
1387WNGRT,RESTU IBU SIDOARJO,WNG,Wonogiri,1
1388KLTRT,PUSPO,KLT,Klaten,1
1389KLTRT,SARWUNI,KLT,Klaten,1
1389WNGMM,RESTU WONOGIRI,WNG,Wonogiri,1
1390KLTRT,SUKARDI,KLT,Klaten,1
1390WNGMM,MM PURWO SIDOHARJO,WNG,Wonogiri,1
1391KLTRT,PITUR,KLT,Klaten,1
1392KLTRT,NARYO,KLT,Klaten,1
1392WNGRT,RIA REMAJA JATISRONO,WNG,Wonogiri,1
1393KLTRT,BINTI,KLT,Klaten,1
1394KLTRT,TOKO RAHAYU,KLT,Klaten,1
1395KLTRT,SITI,KLT,Klaten,1
1396KLTRT,MARJO,KLT,Klaten,1
1400KLTRT,RINI P,KLT,Klaten,1
1402WNGRT,RIYADI FOTO WNG,WNG,Wonogiri,1
1405KLTRT,DARMADI,KLT,Klaten,1
1406KLTRT,ROBIAH WEDI,KLT,Klaten,1
1407KLTRT,ROCHMAT FT JATINOM,KLT,Klaten,1
1409KLTRT,ROIS TRUCUK,KLT,Klaten,1
1410KLTRT,LEONTIN,KLT,Klaten,1
1411KLTRT,SINAR RAHAYU,KLT,Klaten,1
1411WNGSM,ROLAN WONOGIRI,WNG,Wonogiri,1
1413SLGRT,RONAZ 1-2 CEMANI,SLU,Solo Utara,0
1414KLTRT,RONY WEDI,KLT,Klaten,1
1415KLTRT,DODIK CAWAS,KLT,Klaten,1
1415WNGRT,ROSA WONOGIRI,WNG,Wonogiri,1
1416KLTRT,TUTINEXA,KLT,Klaten,1
1416WNGRT,ROTI ENGGAL WONOGIRI,WNG,Wonogiri,1
1417KLTRT,TEMBAYAT,KLT,Klaten,1
1417WNGRT,ROTI 78,SLS,Solo Selatan,1
1418KLTRT,MAS YOYO,KLT,Klaten,1
1420KLTRT,PARJI,KLT,Klaten,1
1421KLTRT,PAK MAN,KLT,Klaten,1
1422KLTRT,TARJO,KLT,Klaten,1
1423KLTRT,TARI,KLT,Klaten,1
1425KLTRT,TANTA,KLT,Klaten,1
1426KLTRT,PARMI,KLT,Klaten,1
1427KLTRT,SRIYANA,KLT,Klaten,1
1429KLTRT,SURTI,KLT,Klaten,1
1430KLTRT,FIA MLESE,KLT,Klaten,1
1430WNGRT,RUDI WNG,WNG,Wonogiri,1
1431KLTRT,RUKUN DPN SMP 2 WONOSARI,KLT,Klaten,1
1432BYLRT,PIJAR,BYL,Boyolali,1
1432KLTRT,RURY TANJUNG,KLT,Klaten,1
1433KLTRT,TOKO MULIA,KLT,Klaten,1
1434KLTRT,SISWO,KLT,Klaten,1
1435KLTRT,DUA PUTRA (BU KARNI),KLT,Klaten,1
1436KLTRT,HAVID,KLT,Klaten,1
1437KLTRT,SITI COKRO,KLT,Klaten,1
1438KLTRT,NOVA,KLT,Klaten,1
1439KLTRT,BU ATUN,KLT,Klaten,1
1440KLTRT,UMI,KLT,Klaten,1
1441KLTRT,SRIYONO,KLT,Klaten,1
1441WNGRT,SADIYEM,WNG,Wonogiri,1
1442KLTRT,YAMTI,KLT,Klaten,1
1443KLTRT,WARNI,KLT,Klaten,1
1444KLTRT,WAGIMIN,KLT,Klaten,1
1444WNGRT,SAHABAT JAM WONOGIRI,WNG,Wonogiri,1
1445KLTRT,TOKO BAHAGIA,KLT,Klaten,1
1446KLTRT,INDARTI,KLT,Klaten,1
1447KLTRT,BU MUL,KLT,Klaten,1
1447WNGRT,SKIYEM SIDOARJO,WNG,Wonogiri,1
1448KLTRT,PARINTEN,KLT,Klaten,1
1451KLTRT,GHIFARI,KLT,Klaten,1
1453KLTRT,SALMA MART (UTARA BARES),KLT,Klaten,1
1454KLTRT,SALSABILA ELECTRONIC,KLT,Klaten,1
1455KLTRT,SALSA,KLT,Klaten,1
1456KLTRT,PAK SLAMET,KLT,Klaten,1
1456WNGRT,SWADAYA PLASTIK,WNG,Wonogiri,1
1457KLTRT,WARUNG TANJUNG,KLT,Klaten,1
1458KLTRT,WAHYU,KLT,Klaten,1
1459KLTRT,SAMI GENTONGAN,KLT,Klaten,1
1460KLTRT,MITRO,KLT,Klaten,1
1461KLTMM,S24 MINI MARKET,KLT,Klaten,1
1461KLTRT,NARYAH,KLT,Klaten,1
1461WNGRT,DEPOT JAMU SEHAT ALAMI,WNG,Wonogiri,1
1462KLTRT,TINA,KLT,Klaten,1
1463KLTRT,SAMI LARIS DELANGGU,KLT,Klaten,1
1464KLTKO,KOP WARSEDA,KLT,Klaten,1
1464SLSSM,SAMI LUWES,SLS,Solo Selatan,0
1465KLTRT,WALU,KLT,Klaten,1
1465SLSSM,LUWES LOJIWETAN,SLS,Solo Selatan,0
1466KLTRT,WORO,KLT,Klaten,1
1467KLTRT,HIDUP BARU,KLT,Klaten,0
1467WNGRT,INTI WANGI,WNG,Wonogiri,1
1468KLTRT,BU REJO,KLT,Klaten,1
1468WNGRT,DIANA BAKERY,,,1
1469KLTRT,NUGROHO,KLT,Klaten,1
1470KLTRT,YANI,KLT,Klaten,1
1471KLTRT,SUPARNO,KLT,Klaten,1
1472KLTRT,BUDI,KLT,Klaten,1
1473KLTRT,ENDANG,KLT,Klaten,1
1473WNGRT,SAMI PURWO SIDOHARJO,WNG,Wonogiri,1
1474KLTRT,AGA,KLT,Klaten,1
1475KLTMM,SAMI RUKUN MM,KLT,Klaten,1
1475KLTRT,LILIS,KLT,Klaten,1
1475SKHRT,TRINTY CAHAYA TERANG,SKH,Sukoharjo,1
1476BYLRT,RIANA,BYL,Boyolali,1
1476KLTRT,NUR RAHAYU,KLT,Klaten,1
1476WNGAP,MEDIA FARMA APT,WNG,Wonogiri,1
1477KLTRT,MS EKO,KLT,Klaten,1
1478KLTRT,SUMINAH,KLT,Klaten,1
1479KLTRT,ENDRA,KLT,Klaten,1
1480KLTRT,PAK EDY,KLT,Klaten,1
1481KLTRT,SAMUDRA DELANGGU,KLT,Klaten,1
1484KLTMM,SAMUDRA MM KLT,KLT,Klaten,1
1485KLTRT,SAMUDRA TEGAL GONDO,KLT,Klaten,1
1486KLTRT,CICIK,KLT,Klaten,1
1486KRART,HANDAYANI,KRA,Karanganyar,1
1487KLTRT,SURATI,KLT,Klaten,1
1488KLTRT,SUROTO,KLT,Klaten,1
1494WNGSW,SANJAYA WONOGIRI,WNG,Wonogiri,1
1496KLTMM,SANTIANA,KLT,Klaten,1
1497KLTRT,SANTOSA(SAMPING T.SUKSES),KLT,Klaten,1
1501KLTRT,SANTOSO TOKO PS TEGALGONDO,KLT,Klaten,1
1503KLTRT,SAPTO ARGO,KLT,Klaten,1
1506KLTRT,SRASI LISTRIK KR DOWO,KLT,Klaten,1
1507KLTRT,ENDANG,KLT,Klaten,1
1508KLTRT,SUMINAH,KLT,Klaten,1
1508WNGRT,BALLAST,WNG,Wonogiri,1
1509KLTRT,BU SUM,KLT,Klaten,1
1510KLTRT,LASMI,KLT,Klaten,1
1510SRGRT,TOKO KAMI,SRG,Sragen,0
1511KLTRT,SRI SUDARMO,KLT,Klaten,1
1513KLTRT,ROSE SALON,KLT,Klaten,1
1513WNGSW,SARI BATURETNO,WNG,Wonogiri,1
1514KLTRT,YANTO,KLT,Klaten,1
1515KLTRT,WIDODO HANDAYANI,KLT,Klaten,1
1516KLTRT,SARI CEPER,KLT,Klaten,1
1517KLTRT,JUM NGUPIT,KLT,Klaten,1
1518KLTRT,WALUYO,KLT,Klaten,1
1519KLTRT,KATON,KLT,Klaten,1
1520KLTRT,TIMAN,KLT,Klaten,1
1521KLTRT,SABAR,KLT,Klaten,1
1522KLTRT,HARTINI,KLT,Klaten,1
1523KLTRT,HANIF,KLT,Klaten,1
1523WNGRT,SARI WONOGIRI,WNG,Wonogiri,1
1524KLTRT,PARNO,KLT,Klaten,1
1524WNGRT,FD WONOGIRI,WNG,Wonogiri,1
1526KLTRT,SARJONO BAYAT,KLT,Klaten,1
1527BYLRT,TOKO REJO,BYL,Boyolali,1
1528WNGRT,SARMI,WNG,Wonogiri,1
1532GMLMM,SARTIKA,GML,Gemolong,0
1532KLTRT,KAMTANA/GONDOT,KLT,Klaten,1
1532KRART,SALSABILA,KRA,Karanganyar,1
1533WNGRT,SARTINI/POJOK,WNG,Wonogiri,1
1534KLTRT,SARWONO JATINOM,KLT,Klaten,1
1534WNGRT,SARTO,WNG,Wonogiri,1
1538WNGRT,SATIYO,WNG,Wonogiri,1
1539KLTRT,SATRIO ELECT PEDAN,KLT,Klaten,1
1539WNGRT,SAYEM WNG,WNG,Wonogiri,1
1540KLTRT,MARMINI,KLT,Klaten,1
1540WNGRT,SAUDARA SIDOHARJO,WNG,Wonogiri,1
1541KLTRT,EDY,KLT,Klaten,1
1542KLTRT,SMESCO,KLT,Klaten,1
1543KLTRT,MB TRI,KLT,Klaten,1
1543SLSRT,PT.BINTANG TOEDJOE,SLU,Solo Utara,1
1544KLTRT,WAHANA,KLT,Klaten,1
1546KLTRT,DAMAI KLATEN,KLT,Klaten,1
1546WNGRT,SEDERHANA(SUTARJO)CENGKAL,WNG,Wonogiri,0
1548WNGRT,SEDERHANA WURYANTORO,WNG,Wonogiri,1
1551KLTRT,SEHAT KLATEN APT,KLT,Klaten,1
1552KLTRT,KUMIS,KLT,Klaten,1
1553KLTRT,WAWAN,KLT,Klaten,1
1554KLTRT,BAKIR,KLT,Klaten,1
1554WNGRT,SEJAHTERA TIRTOMOYO,WNG,Wonogiri,1
1555KLTRT,SEDERHANA,KLT,Klaten,1
1555WNGRT,DWI MANYARAN,WNG,Wonogiri,1
1556KLTRT,TOKO DEWI,KLT,Klaten,1
1561KLTRT,SEMESTA AGUNG,KLT,Klaten,1
1562KLTRT,WELAS,KLT,Klaten,1
1562WNGRT,SEMBODRO WONOGIRI,WNG,Wonogiri,1
1563KLTMM,SELARAS MM,KLT,Klaten,1
1569KLTRT,ASGROS CIPTA SARI,KLT,Klaten,1
1570KLTMM,SENKUKO PEDAN,KLT,Klaten,1
1571KLTMM,SENKUKO PERSAUDARAAN,KLT,Klaten,1
1573KLTRT,SERBA AGUNG WEDI,KLT,Klaten,1
1578KLTRT,SETIA KAWAN KLATEN,KLT,Klaten,1
1581KLTRT,SETYO KLATEN,KLT,Klaten,1
1583SKHMM,SFA KARANGANYAR,SKH,Sukoharjo,0
1587WNGRT,WENNY 2,WNG,Wonogiri,1
1589KLTRT,SIDO SENENG,KLT,Klaten,1
1589WNGRT,BU TUM CENDOL,WNG,Wonogiri,1
1591KLTRT,SIDODADI MAKMUR,KLT,Klaten,1
1592KLTRT,VITRO,KLT,Klaten,1
1593KLTRT,SRI TARNO,KLT,Klaten,1
1594KLTRT,SUTI,KLT,Klaten,1
1595KLTRT,DIAH KR DOWO,KLT,Klaten,1
1596KLTRT,MARDI KR DOWO,KLT,Klaten,1
1597KLTRT,SUTIYEM,KLT,Klaten,1
1597WNGRT,SINAR ABADI PURWANTORO,WNG,Wonogiri,1
1598KLTRT,ROTI WIDODO HANDAYANI,KLT,Klaten,1
1599KLTRT,AMALIA BARU,KLT,Klaten,1
1601KLTRT,SINAR MATAHARI DELANGGU,KLT,Klaten,1
1602WNGRT,SINAR BARU(DEPAN POLSEK),WNG,Wonogiri,1
1607WNGRT,SINAR JAYA PURWANTORO,WNG,Wonogiri,1
1610WNGRT,SINAR JAYA VARIASI,WNG,Wonogiri,1
1611WNGMM,SINAR KEDUWANG JATISRONO,WNG,Wonogiri,1
1612KLTMM,SINAR KLATEN,KLT,Klaten,1
1612KLTRT,JOKO GATAK,KLT,Klaten,1
1612WNGRT,SINAR JAYA (H. NANO),WNG,Wonogiri,1
1615KLTMM,SINAR MAKMUR KLATEN,KLT,Klaten,1
1617KLTRT,SUNDARI,KLT,Klaten,1
1618KLTRT,MARYAM,KLT,Klaten,1
1629KLTRT,SINARAN ELECT.KLATEN,KLT,Klaten,1
1633WNGRT,SINTA WURYANTORO,WNG,Wonogiri,1
1634WNGRT,SIS,WNG,Wonogiri,1
1635KLTRT,YUSTIN SNACK,KLT,Klaten,1
1637KLTRT,KUKUH,KLT,Klaten,1
1640KLTRT,SITI/AQIB KLT,KLT,Klaten,1
1641KLTMM,LARIS MART,KLT,Klaten,1
1641KLTRT,HARTINI,KLT,Klaten,1
1642KLTRT,RUBI,KLT,Klaten,1
1643KLTRT,GIYANTO,KLT,Klaten,1
1643WNGRT,SITI,WNG,Wonogiri,1
1644KLTRT,SITI POLANHARJO,KLT,Klaten,1
1645KLTRT,SUGIYANTO,KLT,Klaten,1
1646SLSRT,ABC,SLU,Solo Utara,0
1652KLTRT,PANAMA WEDI,KLT,Klaten,1
1652WNGRT,SITI SLOGOHIMO,WNG,Wonogiri,1
1653KLTRT,EL SHADAY,KLT,Klaten,1
1654WNGRT,SKM WONOGIRI,WNG,Wonogiri,1
1656KLTRT,SINAR MART,KLT,Klaten,1
1656KLTSM,PT.LION SUPERINDO,,,1
1658KLTRT,KARYA CIPTA BABY SHOP,KLT,Klaten,1
1660SLSMM,SOBA,SLS,Solo Selatan,0
1662WNGRT,SOFYAN,WNG,Wonogiri,1
1664KLTRT,PAPUA,KLT,Klaten,1
1664WNGRT,SOLO ELECTRONIK WNG,WNG,Wonogiri,1
1665KLTRT,SOLO ELEKTRONIK DLG,KLT,Klaten,1
1667KLTMM,SONY WEDI,KLT,Klaten,1
1667KLTRT,DIVA JAYA,KLT,Klaten,1
1671KLTRT,SISWANDI,KLT,Klaten,1
1673KLTRT,SRI AYU BITARAN,KLT,Klaten,1
1676WNGRT,SRI EGA PRACI,WNG,Wonogiri,1
1677KLTRT,SRI GUN SNACK CEPER,KLT,Klaten,1
1678KLTRT,SUWARJI,KLT,Klaten,1
1679KLTRT,BAGAS,KLT,Klaten,1
1680KLTRT,DANI,KLT,Klaten,1
1681KLTRT,BU JOGO,KLT,Klaten,1
1682KLTRT,HADI SUNARYO,KLT,Klaten,1
1686KLTSW,SRI LESTARI CAWAS,KLT,Klaten,0
1687KLTRT,SRI MAHARSI GABUS,KLT,Klaten,1
1687WNGRT,SURYA BARU,WNG,Wonogiri,1
1688KLTRT,SRI KOLANG KALING,KLT,Klaten,1
1689KLTRT,GRACIA BABY SHOP,KLT,Klaten,1
1690KLTRT,SRI MULYO CAWAS,KLT,Klaten,1
1691KLTRT,IBNU,KLT,Klaten,1
1692KLTRT,HADI,KLT,Klaten,1
1693KLTRT,PARIJAN,KLT,Klaten,1
1693WNGRT,SRI PS.PRACI,WNG,Wonogiri,1
1694KLTRT,BANDE,KLT,Klaten,1
1694WNGRT,SRI MULYANI,WNG,Wonogiri,1
1695KLTRT,AYU CEPER,KLT,Klaten,1
1696KLTRT,KANG SON,KLT,Klaten,1
1698,SRI PARDI POJOK,SLU,Solo Utara,0
1698KLTRT,NURUL MUSTOFA,KLT,Klaten,1
1698WNGRT,SRI REJEKI WONOGIRI,WNG,Wonogiri,1
1701KLTRT,SRI SUMARNI PEDAN,KLT,Klaten,1
1701WNGKO,KOP PENGAYOMAN,WNG,Wonogiri,1
1701WNGRT,BARU NGUTER,WNG,Wonogiri,1
1702KLTRT,SRI DARYANTI,KLT,Klaten,1
1702KRART,MAS BEJEN SNACK,KRA,Karanganyar,1
1702WNGRT,BIMO WONOGIRI,WNG,Wonogiri,1
1703KLTRT,SRIYANTO PEDAN,KLT,Klaten,1
1703WNGRT,SRI/DESI SLOGOHIMO,WNG,Wonogiri,1
1706KLTSW,SUBUR JAYA KLATEN,KLT,Klaten,1
1707KLTSW,SUBUR KLATEN,KLT,Klaten,1
1709KLTSW,SUBUR MAKMUR,KLT,Klaten,1
1710KLTRT,RIZKY,KLT,Klaten,1
1711KLTRT,BU HAJI,KLT,Klaten,1
1712KLTRT,NPM,KLT,Klaten,1
1715KLTRT,SUHARDI GENTONGAN,KLT,Klaten,1
1715WNGRT,SUGENG JAYA,WNG,Wonogiri,1
1716WNGRT,SUHARKO NGADIROJO,WNG,Wonogiri,1
1717KLTRT,SRI SUWARNO,KLT,Klaten,1
1718KLTRT,BU LURAH,KLT,Klaten,1
1720KLTRT,SUKSES KLATEN,KLT,Klaten,1
1720WNGRT,SUKA JAYA EROMOKO II,WNG,Wonogiri,1
1721WNGRT,SUKINO JATIPURO,KRA,Karanganyar,1
1722WNGRT,SUKATI,WNG,Wonogiri,1
1722WNGSW,SUKIRAH BATURETNO,WNG,Wonogiri,1
1723WNGRT,SUKIYATO WNG,WNG,Wonogiri,1
1724KLTMM,SUKSES WEDI,KLT,Klaten,1
1725KLTRT,SUGENG HARYADI ITR,KLT,Klaten,1
1725WNGRT,SUKSES WNG,WNG,Wonogiri,1
1726KLTRT,SULAIMAN LISTRIK JUWIRAN,KLT,Klaten,1
1726WNGRT,MARGARAYA,WNG,Wonogiri,1
1727KLTRT,SULARMI GAMPING,KLT,Klaten,1
1727WNGRT,AJI CELL,WNG,Wonogiri,1
1728WNGRT,TOKO JONI,WNG,Wonogiri,1
1729WNGRT,SANDI,WNG,Wonogiri,1
1730WNGRT,TOKO AYU,WNG,Wonogiri,1
1731WNGRT,SUMIATI,WNG,Wonogiri,1
1732WNGRT,RUDY WNG,WNG,Wonogiri,1
1733WNGRT,DWI MULYA,WNG,Wonogiri,1
1734WNGRT,SUMBER AGUNG,WNG,Wonogiri,1
1737WNGRT,SUMBER BARU EROMOKO,WNG,Wonogiri,1
1741KLTRT,SUMBER REJEKI KB.KRAMAT,SRG,Sragen,0
1741SRGRT,MM SUMBER REJEKI KEBAK KRAMAT,SRG,Sragen,0
1745KLTRT,SUMBER REJEKI DELANGGU,KLT,Klaten,1
1746KLTRT,SUMBER MAKMUR,KLT,Klaten,1
1751WNGRT,TOKO KACA ARTISTIK GLASS,,,1
1752KLTRT,SUMBER REJEKI PRAMBANAN,KLT,Klaten,1
1753KLTRT,SURATMAN,KLT,Klaten,1
1753WNGRT,SUMBER REJEKI WONOGIRI,WNG,Wonogiri,1
1754KLTRT,SUMBER KAWRUH 2000,KLT,Klaten,1
1755WNGRT,SUMINI,WNG,Wonogiri,1
1756KLTRT,WAHYU,KLT,Klaten,1
1756WNGRT,SUMIYEM,KLT,Klaten,1
1761WNGRT,SUPADI PRACI,WNG,Wonogiri,1
1762KLTRT,PRIYO HARJONO,KLT,Klaten,1
1762WNGRT,SUPARNO SIDOHARJO,WNG,Wonogiri,1
1763KLTRT,IJAH,KLT,Klaten,1
1763WNGRT,SUPARTI/SADIMIN,WNG,Wonogiri,1
1764KLTRT,TOKO WAHYU GEMPOL,KLT,Klaten,1
1765KLTRT,WATIK,KLT,Klaten,1
1765WNGRT,SANTI PLASTIK,WNG,Wonogiri,1
1768KLTRT,SURO DELANGGU,KLT,Klaten,1
1769KLTRT,SUROTO JATINOM,KLT,Klaten,1
1771WNGRT,SUNARTI,WNG,Wonogiri,1
1773KLTSW,SURYA JAYA PEDAN,KLT,Klaten,1
1774KLTRT,SUYANTO TF INTRA,KLT,Klaten,1
1778WNGRT,GIRI,WNG,Wonogiri,1
1780EWNGRT,SUSANTO WONOGIRI,WNG,Wonogiri,0
1780KLTMM,PH 4 SWALAYAN,KLT,Klaten,1
1780WNGRT,SUSANTO WONOGIRI,WNG,Wonogiri,1
1782WNGRT,SUSILO HANDOKO,WNG,Wonogiri,1
1783WNGRT,SUTI PURWANTORO,WNG,Wonogiri,1
1785KLTRT,RIZKY BAROKAH,KLT,Klaten,1
1787SLTGSM,CV.BENGAWAN BANGUN INDONESIA,SLG,SALATIGA,1
1788KLTRT,SUTRISNO JATINOM,KLT,Klaten,1
1789KLTRT,SUSAN KLT,KLT,Klaten,1
1790KLTRT,SUWARNO WEDI,KLT,Klaten,1
1793KLTRT,WIJAYANTI,KLT,Klaten,1
1795KLTRT,WAKU,KLT,Klaten,1
1796KLTMM,PH III PRAMBANAN,KLT,Klaten,1
1796KLTRT,KOKO,KLT,Klaten,1
1798KLTRT,T&R MM GENTHONGAN,KLT,Klaten,1
1799KLTRT,TAMAN INDAH FOTO,KLT,Klaten,1
1800KLTRT,TAMAN SANTAI FOTO,KLT,Klaten,1
1800WNGRT,TRI CAHAYA,WNG,Wonogiri,1
1807WNGRT,TANTO WONOGIRI,WNG,Wonogiri,1
1811KLTMM,TERANG MM,KLT,Klaten,1
1814SLSRT,GADING GAJAH,SLS,Solo Selatan,0
1815KLTRT,SUPRI,KLT,Klaten,1
1819KLTRT,ANGGREK KLATEN,KLT,Klaten,1
1820KLTRT,SLAMET KR DOWO,KLT,Klaten,1
1821KLTRT,DARUJI CAWAS,KLT,Klaten,1
1821WNGRT,TATIK NGADIROJO,WNG,Wonogiri,1
1822KLTRT,GOMAN KR DOWO,KLT,Klaten,1
1822WNGRT,TARNO WNG,WNG,Wonogiri,1
1823WNGRT,TATIK WNG,WNG,Wonogiri,1
1833KLTRT,TESYA JAM DELANGGU,KLT,Klaten,1
1834KLTRT,TEGUH,KLT,Klaten,1
1834KLTSW,THEO CAWAS,KLT,Klaten,1
1836KLTRT,TK TEMBAKO ENAK,KLT,Klaten,1
1837KLTRT,TIARA FOTO WONOSARI,KLT,Klaten,1
1849KLTRT,TIMAN KR DOWO,KLT,Klaten,1
1850KLTRT,TIMBUL F.C TG GONDO,KLT,Klaten,1
1851KLTRT,TINI KLT,KLT,Klaten,1
1852WNGRT,TINI,WNG,Wonogiri,1
1853WNGRT,TINAH PURWANTORO,WNG,Wonogiri,1
1854WNGRT,TINI,WNG,Wonogiri,1
1860SRGRT,TK UNTORO (BP KO LIONG),SRG,Sragen,0
1861WNGRT,TK WENY,WNG,Wonogiri,1
1862KLTRT,RIANTO,KLT,Klaten,1
1862WNGRT,TK ANGGIT,WNG,Wonogiri,1
1863WNGRT,TK YUYUN,WNG,Wonogiri,1
1864WNGRT,REJO SIDOHARJO (SAMIYO),WNG,Wonogiri,1
1865WNGRT,TK BIMA (BP SUTARMAN),WNG,Wonogiri,1
1869KLTRT,ANDALAS WEDI,KLT,Klaten,1
1871KLTRT,TRI WEDI,KLT,Klaten,1
1872KLTRT,POMO,KLT,Klaten,1
1874KLTRT,TRISNO JAYA PEDAN,KLT,Klaten,1
1875KLTRT,TIARA GENTONGAN,,,1
1876KLTRT,BUUM,KLT,Klaten,1
1876WNGRT,DARYATI,WNG,Wonogiri,1
1879KLTRT,ARI RUSMINARNI BIDAN,KLT,Klaten,1
1879WNGRT,TUKIYEM,WNG,Wonogiri,1
1880WNGRT,TUKINO WASIS,WNG,Wonogiri,1
1881WNGRT,TUMINI,WNG,Wonogiri,1
1882WNGRT,TUNAS JAYA NGADIROJO,WNG,Wonogiri,1
1883WNGRT,TUNAS JAYA PRACIMANTORO,WNG,Wonogiri,1
1884WNGRT,TRESNO DBI,KRA,Karanganyar,1
1885WNGRT,TUNGGAL DARMA NGADIROJO,WNG,Wonogiri,1
1886WNGRT,TUNJUNG PRACI,WNG,Wonogiri,1
1891WNGRT,TUTUT,WNG,Wonogiri,1
1892KLTRT,UD DARMO WIREJO KLT,KLT,Klaten,1
1896KLTRT,SANTOSO,KLT,Klaten,1
1896WNGSW,UGIK/SARI WONOGIRI,WNG,Wonogiri,1
1897KLTRT,ESTU,KLT,Klaten,1
1898KLTRT,UNGGUL JAYA,KLT,Klaten,1
1899KLTAP,AYU APT,KLT,Klaten,1
1900KLTRT,BU SRI,KLT,Klaten,1
1901WNGRT,UNTUNG PURWANTORO,WNG,Wonogiri,1
1902KLTRT,UNTUNG WEDI,KLT,Klaten,1
1908KLTRT,UTAMI KARANG DOWO,KLT,Klaten,1
1911KLTMM,VIVA JAYA KLT,KLT,Klaten,1
1911SKHRT,SITI H2 GENTAN,KTS,Kartosuro,0
1912KLTMM,VIVA BARU,KLT,Klaten,1
1913KLTMM,VIVA JAYA KLATEN,KLT,Klaten,1
1914KLTMM,MM CAKRA,KLT,Klaten,1
1915KLTMM,TELE MARKET (ASY-SYFA),KLT,Klaten,1
1915WNGRT,WA AFINI GIRITONTRO,WNG,Wonogiri,1
1916KLTMM,PH SWALAYAN,KLT,Klaten,1
1918WNGRT,WAHYU JAYA,WNG,Wonogiri,1
1925KLTRT,WASID,KLT,Klaten,1
1925WNGRT,WAHYU NGADIROJO,WNG,Wonogiri,1
1926KLTRT,SARJONO,KLT,Klaten,1
1927KLTRT,NARDI,KLT,Klaten,1
1927WNGRT,WAHYU PS.SIDOHARJO,WNG,Wonogiri,1
1928KLTRT,DIAH,KLT,Klaten,1
1929KLTRT,SUTIRAH,KLT,Klaten,1
1931WNGRT,WAHYU BATURETNO,WNG,Wonogiri,1
1932WNGRT,WAHYU WONOGIRI,WNG,Wonogiri,1
1936KLTRT,WALINEM KLATEN,KLT,Klaten,1
1937KLTRT,TOKO BERKAH,KLT,Klaten,1
1938WNGRT,WARAH PURWANTORO,WNG,Wonogiri,1
1939WNGRT,WARNI,WNG,Wonogiri,1
1940WNGRT,WARNI/MBAH LURAH,WNG,Wonogiri,1
1946KLTRT,WARNA,KLT,Klaten,1
1951KLTRT,RB SITI SUYATMI,KLT,Klaten,1
1952KLTRT,YOGYA TOKO,KLT,Klaten,1
1956WNGRT,WARTEL MITA,WNG,Wonogiri,1
1957WNGRT,WARTO PS SIDOHARJO,WNG,Wonogiri,1
1958WNGRT,WASERDA KUD SELOGIRI,WNG,Wonogiri,1
1959WNGRT,WATIK SNACK PS.SIDODADI,SLS,Solo Selatan,1
1960WNGRT,WANTI WNG,WNG,Wonogiri,1
1962KRART,MACAK AYU COSMETIK,KRA,Karanganyar,1
1962WNGRT,WENI,WNG,Wonogiri,1
1963KLTRT,DUTTA SW,KLT,Klaten,1
1976WNGRT,NITI WNG,WNG,Wonogiri,1
1980WNGRT,WIN MANYARAN/SLTAN SD MANYARAN,WNG,Wonogiri,1
1981KLTRT,WINARDI-WEDI,KLT,Klaten,1
1981WNGRT,WARTO,WNG,Wonogiri,1
1985KLTRT,TOKO A-Z,KLT,Klaten,1
1985WNGRT,WIGNYO WNG,WNG,Wonogiri,1
1986KLTRT,SIDIK,KLT,Klaten,1
1986WNGRT,WITO PRACI,WNG,Wonogiri,1
1989KLTRT,SURATI,KLT,Klaten,1
1991KLTRT,WIYONO TANJUNG,KLT,Klaten,1
1993WNGRT,WONTEN,WNG,Wonogiri,1
1994WNGRT,WURI BULU,SKH,Sukoharjo,1
1995WNGRT,SUMBER AGUNG NGADIROJO,WNG,Wonogiri,1
1996KLTRT,DAFFA,KLT,Klaten,1
2004WNGRT,YANTO JATISRONO,WNG,Wonogiri,1
2008KLTRT,YAQOWIYU,KLT,Klaten,1
2009KLTRT,YATINI,KLT,Klaten,1
2010SLURT,KANTIN BUDIMAS,SLU,Solo Utara,1
2010WNGRT,YULI PURWANTORO,WNG,Wonogiri,1
2011KLTRT,YAYUK GENTONGAN,KLT,Klaten,1
2011WNGRT,MAHKOTA EROMOKO,WNG,Wonogiri,1
2013KLTRT,HIDUP BARU TULUNG,KLT,Klaten,1
2014KLTRT,SULI TULUNG,KLT,Klaten,1
2015BYLMM,YHON MM,BYL,Boyolali,0
2015KLTRT,SUGENG,KLT,Klaten,1
2016KLTRT,VIANA SWALAYAN(BP.SHAFIG),KLT,Klaten,1
2022SKHRT,SUMARDI MOTORIS POCI,SKH,Sukoharjo,1
2023KLTRT,NGADIMO KLT,KLT,Klaten,1
2023WNGRT,YOUNG ELECT WONOGIRI,WNG,Wonogiri,1
2024KLTRT,TIGA BERLIAN TEMUWANGI,KLT,Klaten,1
2025KLTRT,SRI RAHAYU/ZAROH,KLT,Klaten,1
2026KLTRT,TUMINI TRUCUK,KLT,Klaten,1
2030KLTRT,MBAK FAT,KLT,Klaten,1
2032WNGRT,YUNI WONOGIRI,WNG,Wonogiri,1
2033WNGRT,ESTI TIRTOMOYO,WNG,Wonogiri,1
2034WNGRT,HADHIRA (SLTN RS MARGA),WNG,Wonogiri,1
2035KLTRT,YUSA DELANGGU,KLT,Klaten,1
2035WNGRT,LINDA SIDOHARJO,WNG,Wonogiri,1
2036KLTRT,NING PLASTIK TEGALGONDO,KLT,Klaten,1
2036WNGRT,MARGA JAYA,WNG,Wonogiri,1
2037KLTRT,TANTI,KLT,Klaten,1
2037WNGRT,HERU,WNG,Wonogiri,1
2038BYLSW,BP.ILHAM MASRURI TERAS,BYL,Boyolali,0
2038KLTRT,ZAM-ZAM COKRO,KLT,Klaten,1
2038WNGRT,PARNI,WNG,Wonogiri,1
2039KLTRT,ZULFAN,KLT,Klaten,1
2039WNGRT,SARI REJEKI WONOGIRI,WNG,Wonogiri,1
2040KLTRT,SURIP WEDI,KLT,Klaten,1
2040WNGRT,WAKI,WNG,Wonogiri,1
2041KLTRT,ARIS PS.JURANG JERO,KLT,Klaten,1
2042KLTRT,VINO CELL,KLT,Klaten,1
2042WNGRT,PUTRA SKT,WNG,Wonogiri,1
2043KLTRT,AGUNG REJEKI,KLT,Klaten,1
2043WNGRT,SUGIYANTO,WNG,Wonogiri,1
2044KLTRT,YANTO KLATEN,KLT,Klaten,1
2044WNGRT,MBAK WAR,WNG,Wonogiri,1
2045KLTRT,ALMA MART,KLT,Klaten,1
2045SKHRT,G-MART,SKH,Sukoharjo,0
2045WNGRT,MAHKOTA EROMOKO,WNG,Wonogiri,1
2046KLTRT,BU JOKO,KLT,Klaten,1
2047KLTRT,ANWAR GABUS,KLT,Klaten,1
2047WNGRT,HANJAYA POJOK BUNGA,WNG,Wonogiri,1
2048KLTRT,DANANG PS.JUWIRING,KLT,Klaten,1
2048WNGRT,JOKO KINO,WNG,Wonogiri,1
2049KLTRT,SUMBER REJEKI,KLT,Klaten,1
2050KLTRT,DARMAWAN GABUS,KLT,Klaten,1
2050WNGRT,MBAK GIN,WNG,Wonogiri,1
2051KLTRT,RIO KLATEN,KLT,Klaten,1
2051WNGRT,NANIK,WNG,Wonogiri,1
2052KLTRT,KHANA KLT,KLT,Klaten,1
2052WNGRT,PANDU,WNG,Wonogiri,1
2053KLTRT,RAHAYU TANJUNG,KLT,Klaten,1
2053WNGRT,YENI,WNG,Wonogiri,1
2054KLTRT,HERI TANJUNG,KLT,Klaten,1
2054WNGRT,TOKO AR,WNG,Wonogiri,1
2055KLTRT,SAMIDI JUWIRING,KLT,Klaten,1
2055WNGRT,PARJI,WNG,Wonogiri,1
2056KLTRT,BERKAH KARANG ANOM,KLT,Klaten,1
2056WNGRT,FEBI,WNG,Wonogiri,1
2057KLTRT,KARNI JURANG JERO KR.ANOM,KLT,Klaten,1
2057WNGRT,ERNA,WNG,Wonogiri,1
2058KLTRT,TOYIB KLATEN,KLT,Klaten,1
2058SKHRT,MBAK NUR,SKH,Sukoharjo,1
2058WNGRT,SULASMI,WNG,Wonogiri,1
2059KLTRT,GIANTO DELANGGU,KLT,Klaten,1
2059WNGRT,SRI MANYARAN,WNG,Wonogiri,1
2060KLTRT,KEMBAR TRI TEGALGONDO,KLT,Klaten,1
2060WNGRT,POJOK MANYARAN,WNG,Wonogiri,1
2061KLTRT,DARIANTO CEPER,KLT,Klaten,1
2061WNGRT,UMAR,WNG,Wonogiri,1
2062KLTRT,ARIE KLATEN,KLT,Klaten,1
2062WNGRT,SAMINO,WNG,Wonogiri,1
2063KLTRT,SURAJI,KLT,Klaten,1
2064KLTRT,AS GROSS PUSPETA,KLT,Klaten,1
2064KLTSW,MBAK RINI GABUS,KLT,Klaten,1
2065KLTRT,TRI KEMBAR,KLT,Klaten,1
2066KLTRT,SALON YANI PEDAN,KLT,Klaten,1
2067KLTRT,APOTIK MURNI,KLT,Klaten,1
2068KLTRT,KOPTI KARANGDOWO,KLT,Klaten,1
2069KLTRT,ANUGRAH/NGALNO,KLT,Klaten,1
2069WNGRT,SARMO,WNG,Wonogiri,1
2075KLTRT,FD FERRY DELANGGU,KLT,Klaten,1
2076KLTRT,BU DARMAN GABUS,KLT,Klaten,1
2078KLTRT,SUKOCO CAWAS,KLT,Klaten,1
2079KLTRT,BU SURANI,KLT,Klaten,1
2080KLTRT,BU MIRAH,KLT,Klaten,1
2081KLTRT,UNTUNG/LINA,KLT,Klaten,1
2082KLTRT,SITI/FATAH,KLT,Klaten,1
2083KLTRT,BU PARTO,WNG,Wonogiri,1
2084KLTRT,MUHAMAD COKRO,KLT,Klaten,1
2085KLTRT,SIMPATIK,KLT,Klaten,1
2086KLTRT,BAROKAH LISTRIK,KLT,Klaten,1
2087KLTRT,TK SOR WARU,KLT,Klaten,1
2089KLTRT,ROMEO  POTHO,KLT,Klaten,1
2089WNGRT,BANGKIT JAYA MOTOR,WNG,Wonogiri,1
2091KLTRT,SAMUDRA 2 MM KLT,KLT,Klaten,1
2092KLTRT,ANA CAWAS,KLT,Klaten,1
2093KLTRT,HENY KLT,KLT,Klaten,1
2094KLTRT,HADI JANTI,KLT,Klaten,1
2096KLTRT,DADI AGUNG,KLT,Klaten,1
2097KLTRT,YUSNI,KLT,Klaten,1
2098KLTRT,CAKRAWALA FOTO TEGALGONDO,KLT,Klaten,1
2098WNGRT,MARGO JOYO BABY SHOP,WNG,Wonogiri,1
2099KLTRT,TRISNOJOYO,KLT,Klaten,1
2099WNGRT,P.TARIYO,WNG,Wonogiri,1
2100KLTRT,BINTANG ELEC,KLT,Klaten,1
2101KLTRT,PUTRA IDIAL,KLT,Klaten,1
2101WNGRT,SUTRIS WNG,WNG,Wonogiri,1
2102KLTRT,RAJAWALI ELEC,KLT,Klaten,1
2102WNGRT,YANTO WNG,WNG,Wonogiri,1
2103KLTRT,GIARTO,KLT,Klaten,1
2104KLTRT,NURUL KLT,KLT,Klaten,1
2104WNGRT,SUTIMAN,WNG,Wonogiri,1
2105KLTRT,JOKO KAUMAN,KLT,Klaten,1
2106KLTRT,SRI LESTARI,KLT,Klaten,1
2106SLSRT,TOKO BAGUS KAGOKAN,SLS,Solo Selatan,1
2107KLTRT,BU PATMI,KLT,Klaten,1
2108KLTRT,BINTANG DUA,KLT,Klaten,1
2109KLTRT,SRI LESTARI,KLT,Klaten,1
2110BYLRT,PAK HERI(HERA SNACK),BYL,Boyolali,1
2110KLTRT,SRI DARYATI,KLT,Klaten,1
2111KLTRT,SINAR UTAMA LISTRIK,KLT,Klaten,1
2111WNGRT,BU ROES WNG,WNG,Wonogiri,1
2112KLTRT,TK.BANGUN,KLT,Klaten,1
2113KLTRT,TK.BOBO KLATEN,KLT,Klaten,1
2114KLTRT,SARASY KLATEN,KLT,Klaten,1
2115KLTRT,NDARI TANJUNG,KLT,Klaten,1
2116KLTRT,JUMALI SRG,SRG,Sragen,1
2117KLTRT,TK ANDALAS,KLT,Klaten,1
2118KLTRT,TK GLORIA,KLT,Klaten,1
2119KLTRT,WARTHA PHOTO,KLT,Klaten,1
2120KLTRT,SADIYEM KLATEN,KLT,Klaten,1
2121KLTRT,SURYA ELECTRIK,KLT,Klaten,1
2121WNGRT,SUMINI BERAS,WNG,Wonogiri,1
2122KLTRT,POPPE KLATEN,KLT,Klaten,1
2122WNGRT,JUMIATI,WNG,Wonogiri,1
2123KLTRT,HANDAYANI KLT,KLT,Klaten,1
2123WNGRT,DADHY NGADIROJO,WNG,Wonogiri,1
2124KLTRT,SENTRAL LISTRIK,KLT,Klaten,1
2124WNGRT,PUTRA TIMUR WNG,WNG,Wonogiri,1
2125KLTRT,SAHARA KLT,KLT,Klaten,1
2125WNGRT,AMANDA WNG,WNG,Wonogiri,1
2126KLTRT,SINAR PONTI,KLT,Klaten,1
2126WNGRT,ROSITA WNG,WNG,Wonogiri,1
2127KLTRT,SINAR AGUNG,KLT,Klaten,1
2127WNGRT,WARUNG PAK JON,WNG,Wonogiri,1
2128KLTRT,SONY MM,KLT,Klaten,1
2129KLTRT,PRASOJO,KLT,Klaten,1
2130KLTRT,TASYA MART,KLT,Klaten,1
2132KLTRT,CAHYO,KLT,Klaten,1
2133KLTRT,GIYANTO,KLT,Klaten,1
2134KLTRT,TOKO AVIMA,KLT,Klaten,1
2135KLTRT,SRI MANIS RENGGO,KLT,Klaten,1
2136KLTRT,ENI MANIS RENGGO,KLT,Klaten,1
2137KLTRT,MULYONO MANIS RENGGO,KLT,Klaten,1
2138KLTRT,GIARTI MANIS RENGGO,KLT,Klaten,1
2139KLTRT,PARMANTO,KLT,Klaten,1
2139WNGRT,MAMO,WNG,Wonogiri,1
2140KLTRT,RUMI PS KEMBANG,KLT,Klaten,1
2141KLTRT,SURANI PS KEMBANG,KLT,Klaten,1
2142KLTRT,SLAMET KLT,KLT,Klaten,1
2143KLTMM,ARKINA 2 SWALAYAN,KLT,Klaten,1
2143KLTRT,LUWES KLT,KLT,Klaten,1
2144KLTRT,PANTI PS KEMBANG,KLT,Klaten,1
2145KLTRT,HARNI KLT,KLT,Klaten,1
2146KLTRT,KANTI KLT,KLT,Klaten,1
2148KLTRT,TOKO UMI,KLT,Klaten,1
2149KLTRT,REJEKI BAYAT,KLT,Klaten,1
2151KLTRT,KARTINI,KLT,Klaten,1
2152KLTRT,TIMAN,KLT,Klaten,1
2153KLTRT,PARTI,KLT,Klaten,1
2154KLTRT,TOKO ZAKI,KLT,Klaten,1
2156BYLRT,PARNI,BYL,Boyolali,1
2161KLTRT,ABDUL,KLT,Klaten,1
2161WNGRT,SANJAYA BAKERY,WNG,Wonogiri,1
2165KLTRT,INDAH JUWIRING,KLT,Klaten,1
2166KLTRT,KINASIH,KLT,Klaten,1
2166SKHRT,ASRI 1 WONOSARI,KLT,Klaten,0
2167KLTRT,SARTONO,KLT,Klaten,1
2167KLTTO,TOKO OBAT VIKA,KLT,Klaten,1
2169KLTSW,WARTEL ARYA,KLT,Klaten,1
2175KLTRT,TOKO GALUH,KLT,Klaten,1
2177KLTRT,TOKO ANI,KLT,Klaten,1
2179SKHRT,ADHI SPAREPART,SKH,Sukoharjo,1
2180KLTRT,TOKO POJOK,KLT,Klaten,1
2181WNGRT,RESTU,WNG,Wonogiri,1
2190KLTRT,SINAR,KLT,Klaten,1
2191KLTAP,APOTEK SEHATI,KLT,Klaten,1
2191WNGRT,MAJU,WNG,Wonogiri,1
2192WNGRT,ERTI/JANGKUNG,WNG,Wonogiri,1
2193KLTRT,ROLAN JAYA 2,KLT,Klaten,1
2193WNGRT,ARTIKA SANDI,WNG,Wonogiri,1
2194KLTRT,MBAH MBANDUNG,KLT,Klaten,1
2194WNGRT,PIPIN,WNG,Wonogiri,1
2195KLTRT,TOKO LUTFY,KLT,Klaten,1
2195WNGRT,SUBUR LESTARI,WNG,Wonogiri,1
2196WNGRT,SUTINI,WNG,Wonogiri,1
2197WNGRT,SARIWONO,WNG,Wonogiri,1
2198WNGRT,MARGO JAYA,WNG,Wonogiri,1
2199KLTRT,MARI MART,KLT,Klaten,1
2199WNGRT,SAMAN JATEN,WNG,Wonogiri,1
2200WNGRT,MUKIDI SIDOHARJO,WNG,Wonogiri,1
2201WNGRT,SUKA JAYA I,WNG,Wonogiri,1
2202WNGRT,INUK,WNG,Wonogiri,1
2203WNGRT,SUWANTO BATURETNO,WNG,Wonogiri,1
2204KLTRT,JAM RAJAWALI,KLT,Klaten,1
2204WNGRT,LARSI,WNG,Wonogiri,1
2205WNGRT,SRI MIYANTO,WNG,Wonogiri,1
2206WNGRT,DANAR/KUSDANAR,WNG,Wonogiri,1
2207WNGRT,PRASOJO,WNG,Wonogiri,1
2208KLTRT,RAHAYU ELEKTRIK,KLT,Klaten,1
2208WNGRT,NUR LUAR,WNG,Wonogiri,1
2209WNGRT,MULYADI GENDUT,WNG,Wonogiri,1
2210BYLRT,SEMBAKO MADURA BERKAH III,BYL,Boyolali,1
2210KLTRT,S K M SROWOT,KLT,Klaten,1
2210WNGRT,ABADI BARU,WNG,Wonogiri,1
2211WNGRT,CANDRA DEWI,WNG,Wonogiri,1
2212KLTRT,SUPARWONO,KLT,Klaten,1
2212WNGRT,SRI DM,WNG,Wonogiri,1
2213WNGRT,CANDRA DEWI,WNG,Wonogiri,1
2214WNGRT,BMT NURULIMAH,WNG,Wonogiri,1
2215SRGRT,TK 2 PUTRA,SRG,Sragen,1
2215WNGRT,ENDANG,WNG,Wonogiri,1
2216KLTRT,ELANG MAS,KLT,Klaten,1
2216WNGRT,TUNGGAL,WNG,Wonogiri,1
2217WNGRT,BIMO II SLOGOHIMO,WNG,Wonogiri,1
2218WNGRT,DARMINI NGADIROJO,WNG,Wonogiri,1
2219WNGRT,HARTI WONOGIRI,WNG,Wonogiri,1
2220WNGRT,KINIL WONOGIRI,WNG,Wonogiri,1
2221WNGRT,ADJIE WONOGIRI,WNG,Wonogiri,1
2222KLTRT,SARI KLEPU,KLT,Klaten,1
2222WNGRT,EMY,WNG,Wonogiri,1
2223KLTRT,JAENAP KLEPU,KLT,Klaten,1
2223WNGRT,TUMINI NGADIROJO,WNG,Wonogiri,1
2224KLTRT,IPUNG KLEPU,KLT,Klaten,1
2224WNGRT,RIGEN KARYA,WNG,Wonogiri,1
2225KLTRT,UDIN KLEPU,KLT,Klaten,1
2225WNGRT,SUKAMTO KRISAK,WNG,Wonogiri,1
2226KLTRT,KUSNANI KLEPU,KLT,Klaten,1
2226WNGRT,MBAK MUR PURWANTORO,WNG,Wonogiri,1
2227KLTRT,SAJIEM KLEPU,KLT,Klaten,1
2227WNGRT,PARWANTO WNG,WNG,Wonogiri,1
2228KLTRT,BAROKAH TANJUNG,KLT,Klaten,1
2228WNGRT,MUNIR WNG,WNG,Wonogiri,1
2229KLTRT,GAYUH TANJUNG,KLT,Klaten,1
2229WNGRT,WIDYA FOTO,WNG,Wonogiri,1
2230WNGRT,ARYA WURYANTORO,WNG,Wonogiri,1
2231WNGRT,SUMBER RUKUN JAM,WNG,Wonogiri,1
2232WNGRT,RAHMAD FOTO,WNG,Wonogiri,1
2233KLTRT,WIN SWALAYAN,KLT,Klaten,1
2233SRGRT,MAS DAR/YANTI,SRG,Sragen,1
2233WNGRT,YATNO JATISRONO,WNG,Wonogiri,1
2234KLTRT,TOKO RIKA,KLT,Klaten,1
2234SRGRT,TOKO GISKA FROZEN,SRG,Sragen,1
2234WNGRT,SEKAWAN SLOGOHIMO,WNG,Wonogiri,1
2235KLTRT,TOKO SRI REJEKI,KLT,Klaten,1
2235WNGRT,CAHAYA BARU,WNG,Wonogiri,1
2236WNGRT,SEDERHANA FT PRACI,WNG,Wonogiri,1
2237WNGRT,RIA ELECTRIK,WNG,Wonogiri,1
2238WNGRT,MURNI WNG,WNG,Wonogiri,1
2239WNGRT,NAGA MAS,WNG,Wonogiri,1
2240WNGRT,MAS AGUS,WNG,Wonogiri,1
2241WNGRT,MBAK PUJI,WNG,Wonogiri,1
2242WNGRT,HERI PUTRA,WNG,Wonogiri,1
2243WNGRT,REJO AGUNG BATURETNO,WNG,Wonogiri,1
2244KLTAP,AULIA APT,KLT,Klaten,1
2244WNGRT,SALON TIARA,WNG,Wonogiri,1
2245KLTRT,HADI PUTRA,KLT,Klaten,1
2245WNGRT,SINAR JAYA,WNG,Wonogiri,1
2256KRART,BU UMI,KRA,Karanganyar,0
2256WNGRT,TOKO UTAMA,WNG,Wonogiri,1
2264KLTRT,GROSIRKU,KLT,Klaten,1
2266SRGRT,CENTURY BABY SHOP,SRG,Sragen,1
2267KLTRT,BU AGUS,KLT,Klaten,1
2274KLTRT,LINDA,KLT,Klaten,1
2275KLTRT,PRIMA SPORT,KLT,Klaten,1
2287KLTRT,NDARU,KLT,Klaten,1
2288KLTRT,HARTINI/TOKO VITA,KLT,Klaten,1
2291KLTRT,TOKO ANJANI,KLT,Klaten,1
2292KLTRT,AISYA,KLT,Klaten,1
2296KLTRT,MENIK,KLT,Klaten,1
2301KLTRT,SUTRISNO,KLT,Klaten,1
2302KLTRT,KASANAH,KLT,Klaten,1
2303KLTRT,BAYAN,KLT,Klaten,1
2303SRGRT,MASJID,SRG,Sragen,0
2304KLTRT,PRINGGODANI 2,KLT,Klaten,1
2305KLTRT,JANAH,KLT,Klaten,1
2306KLTRT,KALI,KLT,Klaten,1
2307KLTRT,TOKO BAHAGIA (BU TINAH),KLT,Klaten,1
2308KLTRT,ANGGREK,KLT,Klaten,1
2309KLTRT,JOKO,KLT,Klaten,1
2310KLTRT,WIJAYA,KLT,Klaten,1
2311KLTRT,CIK ELI,KLT,Klaten,1
2312KLTRT,ENGGAL JAYA,KLT,Klaten,1
2313KLTRT,TOKO BAROKAH,BYL,Boyolali,1
2319KLTRT,TOKO PROGAS,KLT,Klaten,1
2322KLTRT,RAHMA,KLT,Klaten,1
2322KLTWS,TIARA,KLT,Klaten,1
2323KLTRT,SARAS,KLT,Klaten,1
2324KLTRT,KATNO,KLT,Klaten,1
2325KLTRT,MIN TEGALGONDO,KLT,Klaten,1
2326KLTRT,TOKO MBAH JUM,KLT,Klaten,1
2329KLTRT,TOKO HJ MURNI,KLT,Klaten,1
2330KLTRT,TINI,KLT,Klaten,1
2336SRGRT,TOKO PELANGI TOP MART,SRG,Sragen,1
2337KLTRT,TRI GABUS,KLT,Klaten,1
2338KLTMM,MANDA MART,KLT,Klaten,1
2338KLTRT,TOKO RIZKI,KLT,Klaten,1
2339KLTRT,TOKO AZEN,KLT,Klaten,1
2342SRGRT,BEQI MART PUTRA,SRG,Sragen,1
2346KLTRT,WS 354 MART,KLT,Klaten,1
2347KLTRT,CAKEP 2,KLT,Klaten,1
2351KLTRT,WARNI,KLT,Klaten,1
2352BYLRT,YUSI,BYL,Boyolali,1
2352KLTRT,WAJI,KLT,Klaten,1
2353KLTRT,MBAK DEWI,KLT,Klaten,1
2355KLTRT,TRASNO/AMALIA,KLT,Klaten,1
2359KLTRT,TOKO PUTRI,KLT,Klaten,1
2361KLTRT,WARNO PEDAN,KLT,Klaten,1
2361WNGRT,NARMI,WNG,Wonogiri,1
2362KLTRT,SUMBER ILMU,KLT,Klaten,1
2362WNGRT,NING,WNG,Wonogiri,1
2363KLTRT,BU JUM POSIS,KLT,Klaten,1
2363KRART,BINTANG SAYUR,KRA,Karanganyar,1
2363WNGRT,BIRU,WNG,Wonogiri,1
2364WNGRT,DJON,WNG,Wonogiri,1
2365KLTRT,WIJI POSIS,KLT,Klaten,1
2366KLTAP,APOTEK HENNY FARMA,KLT,Klaten,1
2366KLTRT,MIATI KR DOWO,KLT,Klaten,1
2367KLTRT,TUMINO KR DOWO,KLT,Klaten,1
2368KLTRT,WARSO POSIS,KLT,Klaten,1
2369KLTRT,MIJAN CAWAS,KLT,Klaten,1
2369WNGRT,VALENTINE,WNG,Wonogiri,1
2371KLTRT,PITADOS BISTRO&GELATO,KLT,Klaten,1
2372KLTRT,BU UGIK,KLT,Klaten,1
2374KLTRT,SINAR BARU CAWAS/MB SRI,KLT,Klaten,1
2374SRGRT,BU PARMIN,SRG,Sragen,1
2377KLTRT,SRI MURYANI,KLT,Klaten,1
2380KLTRT,KOP IBNU ABAS,KLT,Klaten,1
2388KLTRT,TOKO KITA,KLT,Klaten,1
2396KLTRT,ENDANG,KLT,Klaten,1
2396KRART,MULYONO,KRA,Karanganyar,0
2397KLTRT,RAGIL CAWAS,KLT,Klaten,1
2398KLTRT,RAHAYU TANI,KLT,Klaten,1
2407BYLRT,TUTIK,BYL,Boyolali,1
2407KLTRT,TOKO SITI,KLT,Klaten,1
2409KLTRT,MBAK TRI (BUNDA),KLT,Klaten,1
2410KLTRT,MPM PAK AJI,KLT,Klaten,1
2411KLTRT,BEDJO AGUNG,KLT,Klaten,1
2412SLURT,WARUNG AD BU NUR,SLU,Solo Utara,1
2412SRGRT,TOKO VECHIA,SRG,Sragen,1
2414KLTRT,TOKO LISTYO,KLT,Klaten,1
2415KLTRT,SURYA 2,KLT,Klaten,1
2415SLSRT,GUNAWAN SUDARSONO ADI N,SLS,Solo Selatan,0
2416KLTRT,DETA MART,KLT,Klaten,1
2417KLTRT,PRATAMA,KLT,Klaten,1
2421KLTRT,IMELDA,KLT,Klaten,1
2430KLTRT,SINAR MURNI,KLT,Klaten,1
2431KLTRT,PAK BEJO,KLT,Klaten,1
2433KLTRT,TOKO ZAFIRA,KLT,Klaten,1
2434KLTRT,GALIH,KLT,Klaten,1
2435KLTRT,TOKO UJ,KLT,Klaten,1
2435WNGRT,SUMBER BARU PUTRA,WNG,Wonogiri,1
2437KLTRT,KALILA,KLT,Klaten,1
2438KLTRT,TK MAJU-MAJU MAPAN,KLT,Klaten,1
2439KLTRT,ZULFIA JAYA,KLT,Klaten,1
2441KLTRT,TOKO TANTO,KLT,Klaten,1
2441SRGRT,TOKO AMIN PLASTIK,SRG,Sragen,1
2444KLTRT,CICIK,KLT,Klaten,1
2445KLTRT,TOKO TEMAN,KLT,Klaten,1
2446KLTRT,UMBUL REJEKI,KLT,Klaten,1
2447KLTRT,TOKO DEWI,KLT,Klaten,1
2448KLTAP,AP SUMBER WALUYO,KLT,Klaten,1
2449KLTMM,MULIA SWALAYAN,KLT,Klaten,1
2451KLTRT,BU SUYADI,KLT,Klaten,1
2452KLTRT,FD FERRY,KLT,Klaten,1
2452SRGRT,SENTOSA MINI MARKET,SRG,Sragen,1
2453KLTRT,NIKO,KLT,Klaten,1
2454KLTRT,JUMINTEN,KLT,Klaten,1
2460KLTRT,KEMBAR,KLT,Klaten,1
2462KLTRT,TOKO HARDI,KLT,Klaten,1
2465KLTRT,TOKO KAMTI/SUKAMTI,KLT,Klaten,1
2466KLTRT,TOKO AYU,KLT,Klaten,1
2467KLTAP,MATARAM AP,KLT,Klaten,1
2470KLTRT,KOP BAITU SALAM,KLT,Klaten,1
2470KRART,TOKO MAJU,KRA,Karanganyar,1
2473SRGRT,BEQI MART PUTRI BARAT,SRG,Sragen,1
2476KLTRT,MANUNGGAL,KLT,Klaten,1
2476SRGRT,TOKO SUPER GROSIR,SRG,Sragen,1
2477KLTRT,TOKO YATMI,KLT,Klaten,1
2478KLTRT,REJEKI,KLT,Klaten,1
2480KLTRT,ANUGRAH JATI,KLT,Klaten,1
2485KLTRT,SAKILA CELL,KLT,Klaten,1
2486KLTRT,YAMTO,KLT,Klaten,1
2487KLTRT,TK SARTONO,KLT,Klaten,1
2491KLTRT,TOKO ARVA,KLT,Klaten,1
2494BYLRT,ANESA JAYA,BYL,Boyolali,1
2496KLTRT,KOPERASI MACANAN,KLT,Klaten,1
2499KLTRT,BABY STORE,KLT,Klaten,1
2507KLTRT,HANDAYANI 2,KLT,Klaten,1
2509KLTRT,TOKO MULYADI,KLT,Klaten,0
2511KLTRT,NUFA MART,KLT,Klaten,1
2511WNGRT,TUTIK ROTI,WNG,Wonogiri,1
2512SRGRT,TOKO DARUSALAM,SRG,Sragen,1
2513KLTRT,APOTIK HALMAHERA,KLT,Klaten,1
2514KLTRT,PH 5 SWALAYAN,KLT,Klaten,1
2515SRGRT,SULKAN,SRG,Sragen,1
2516SRGRT,SUMBER BAROKAH,SRG,Sragen,1
2525KLTRT,TARNI,KLT,Klaten,1
2526KLTRT,DIAN,KLT,Klaten,1
2527KLTRT,SUWAJI,KLT,Klaten,1
2528KLTRT,DESA SMART,KLT,Klaten,1
2529KLTWS,TOKO HIDAYAH SNACK,KLT,Klaten,1
2530KLTRT,TOKO ANISA,KLT,Klaten,1
2531SRGRT,TOKO MURAH,SRG,Sragen,0
2533BYLRT,SARI PELANGI PLASTIK,BYL,Boyolali,1
2533KLTRT,MBAK NIA,KLT,Klaten,1
2537KLTRT,BU JAMIO/KARSINI,KLT,Klaten,1
2538KLTRT,TOKO RAHAYU,KLT,Klaten,1
2539KLTRT,TOKO OJO LALI,KLT,Klaten,1
2541KLTRT,AL-FATH,KLT,Klaten,1
2541KRART,TOKO 333 SHOP/ SANIO,KRA,Karanganyar,1
2544KLTAP,CAHAYA AP,KLT,Klaten,1
2549KLTSW,PRIMA SWALAYAN,KLT,Klaten,1
2550KRART,AISYAH PLASTIK,KRA,Karanganyar,1
2550SKHRT,LUTFI MART,SKH,Sukoharjo,0
2553BYLRT,BIRU MOTOR BENGKEL,BYL,Boyolali,1
2553KLTRT,EMDE,KLT,Klaten,1
2555WNGRT,KAMDI,WNG,Wonogiri,1
2557KLTRT,TOKO MULYADI,KLT,Klaten,1
2560BYLRT,VINNO FROZEN,BYL,Boyolali,1
2560KRART,LANCAR BAROKAH,KRA,Karanganyar,1
2560KTSRT,TK MAKMUR JAYA,KTS,Kartosuro,1
2560SKHRT,PT.GRASINDO MULIA PRATAMA,SKH,Sukoharjo,1
2560SRGRT,NGURIPI MART I,SRG,Sragen,1
2561KLTRT,VERI KR DOWO,KLT,Klaten,1
2562KLTRT,TUTIK 1 KR DOWO,KLT,Klaten,1
2563KLTRT,DARSIH KR DOWO,KLT,Klaten,1
2563WNGRT,ROTI ANEKA,WNG,Wonogiri,1
2564KLTRT,DARMINAH KR DOWO,KLT,Klaten,1
2565KLTRT,PUR KR DOWO,KLT,Klaten,1
2566KLTRT,SRI SUROSO KR DOWO,KLT,Klaten,1
2566KRART,BU UMI,KRA,Karanganyar,0
2567KLTRT,HARTINI KR DOWO,KLT,Klaten,1
2568KLTRT,YADI KR DOWO,KLT,Klaten,1
2569KLTRT,WIJI KR DOWO,KLT,Klaten,1
2570KLTRT,TRI GEBYOK,KLT,Klaten,1
2570KRART,SUMI ROTI,KRA,Karanganyar,1
2570SLURT,ERMA ADM,SLU,Solo Utara,1
2571KLTRT,RAGIL GEBYOK,KLT,Klaten,1
2572KLTRT,HAR TEMUWANGI,KLT,Klaten,1
2573KLTRT,WIJI BABAD,KLT,Klaten,1
2574KLTRT,NUK KINGKANG,KLT,Klaten,1
2575KLTRT,HANIF KINGKANG,KLT,Klaten,1
2576KLTRT,SUMARNO KINGKANG,KLT,Klaten,1
2577KLTRT,TOKO BAKUL SUSU,KLT,Klaten,1
2580BYLRT,PANI TRIYANTI,BYL,Boyolali,1
2581BYLRT,TB KEMBAR JAYA(IBU DIAN),BYL,Boyolali,1
2584KLTRT,DADI RUKUN 3,KLT,Klaten,1
2585SRGRT,TOKO RUKUN,SRG,Sragen,1
2586KLTRT,JOYO DIKOMPO,KLT,Klaten,1
2588KLTRT,MBAK NDARI,KLT,Klaten,1
2589KLTRT,TERANG KARANGANOM,KLT,Klaten,1
2589WNGRT,ARISTA,WNG,Wonogiri,1
2595KLTRT,ORLANDO CHICKEN STAR,KLT,Klaten,1
2598KTSRT,TOKO SYIFA,SKH,Sukoharjo,1
2599KLTRT,TOSERBA LESTARI,KLT,Klaten,1
2601KTSRT,TOKO BENING,KTS,Kartosuro,1
2601SLSRT,OMEGA JATI MD NFI,SLS,Solo Selatan,1
2601SLURT,JELITA KOSMETIK,SLU,Solo Utara,1
2604KLTRT,BU MAMIK,KLT,Klaten,1
2605SKHRT,LOA LIVING,SKH,Sukoharjo,1
2607KLTRT,DESA ENGGAL MAKMUR,KLT,Klaten,1
2611KLTRT,SEHATI MART,KLT,Klaten,1
2611KLTSW,SUPRI,KLT,Klaten,1
2619KLTRT,TOKO SITI,KLT,Klaten,1
2619KLTWS,TOKO SUMBER MULYA,KLT,Klaten,1
2624KLTRT,TOKO DIVAZA/A3,KLT,Klaten,1
2628KLTRT,DIVA GROSIR SNACK,KLT,Klaten,1
2629KLTRT,TOKO PURWADI,KLT,Klaten,1
2630KLTRT,TOKO ANDRI,KLT,Klaten,1
2633KLTRT,TK ANI,KLT,Klaten,1
2634KLTRT,RAKA MULYA,KLT,Klaten,1
2635KLTRT,SAHARANI,KLT,Klaten,1
2637KLTRT,RANTI/GALIH,KLT,Klaten,1
2638KLTRT,PURWANTI,KLT,Klaten,1
2641KLTRT,TOKO FAJAR,KLT,Klaten,1
2641WNGRT,BERDIKARI,WNG,Wonogiri,1
2644KLTRT,RAJI,KLT,Klaten,1
2645KLTRT,TOKO SOFI,KLT,Klaten,1
2646KLTRT,SARI RASA,KLT,Klaten,1
2649KLTRT,TOKO MUTIARA,KLT,Klaten,1
2650BYLRT,SRC LARAS LARIS,BYL,Boyolali,1
2653KLTRT,TOKO CAHAYA,KLT,Klaten,1
2654KLTRT,BIDAN HASTUTI,KLT,Klaten,1
2655KLTKO,KOP SMK MUH 2/UP MELATI,KLT,Klaten,1
2655KLTRT,AGUNG,KLT,Klaten,1
2658KLTRT,TOKO BLAZER/PAK TINO,KLT,Klaten,1
2659KLTMM,FATRIA MART,KLT,Klaten,1
2659KLTRT,BU WIWIN,KLT,Klaten,1
2663BYLRT,LANCAR JAYA,BYL,Boyolali,1
2663KLTRT,BINTANG CELL,KLT,Klaten,1
2664KLTRT,CAHAYA SWALAYAN,KLT,Klaten,1
2667KLTRT,TOKO ITA/WAHYU,KLT,Klaten,1
2667SLURT,OMAH SEMBAKO,SLU,Solo Utara,1
2669KLTRT,MM ENGGAR,KLT,Klaten,1
2674KLTRT,SAHABAT,KLT,Klaten,1
2676KLTRT,FINO,KLT,Klaten,1
2676KLTWS,TOKO BAYU,KLT,Klaten,1
2677KLTRT,ALFARO,KLT,Klaten,1
2680BYLRT,MERDEKA MART,BYL,Boyolali,1
2685BYLRT,JAYA MAKMUR TEKHNIK,BYL,Boyolali,1
2687KLTRT,TOKO DEWI KINASIH,KLT,Klaten,1
2688BYLRT,SIP STORE,BYL,Boyolali,1
2688KLTRT,SRI RAHAYU,KLT,Klaten,1
2689KLTRT,SINAR BAROKAH,KLT,Klaten,1
2690BYLRT,SRC ANISA,BYL,Boyolali,1
2690KLTRT,TOKO FORTUNA,KLT,Klaten,1
2691KLTRT,TOKO MANDRA,KLT,Klaten,1
2693KLTRT,GIVARI,KLT,Klaten,1
2694KLTRT,UKM MART,KLT,Klaten,1
2696KLTRT,LASMI,KLT,Klaten,1
2698KLTRT,TOSERBA WONOSARI,KLT,Klaten,1
2699KLTRT,TK BARU/WARTEL YOGA,KLT,Klaten,1
2700BYLRT,TOKO GMR,BYL,Boyolali,1
2700KLTMM,ASY SYFA,KLT,Klaten,1
2700KLTRT,ROBIYAH,KLT,Klaten,1
2700KRART,TOKO NARTI,KRA,Karanganyar,1
2701SRGRT,LEPOXS 2,SRG,Sragen,1
2704KLTRT,TOKO PLASTIK MAJU JAYA,KLT,Klaten,1
2705KLTRT,ASRI CELL,KLT,Klaten,1
2705SLSRT,ITS MART,SLS,Solo Selatan,1
2707KLTRT,MUBARAK FC,KLT,Klaten,1
2708KLTRT,MULYA JAYA,KLT,Klaten,1
2710KLTRT,Tk B.CIPTO,KLT,Klaten,1
2711KLTRT,ADEL,KLT,Klaten,1
2717KLTRT,BU WARSINI,KLT,Klaten,1
2718KLTRT,TOKO PARMI,KLT,Klaten,1
2727KLTRT,SINAR LENTERA,KLT,Klaten,1
2731KLTRT,TOKO BBM,KLT,Klaten,1
2733KLTRT,OMAH SNACK,KLT,Klaten,1
2734KLTRT,BU MIRAH,KLT,Klaten,1
2737KRART,SARYANTI KARANGPANDAN,KRA,Karanganyar,1
2740KLTRT,TOKO JANGKAR,KLT,Klaten,1
2744KLTRT,TOKO AHAD,KLT,Klaten,1
2744WNGRT,TOKO AMELIA,WNG,Wonogiri,1
2745KLTRT,DEWI STASIONARI,KLT,Klaten,1
2748KLTRT,TOKO SENDANG REJEKI,KLT,Klaten,1
2752KLTRT,TOKO PURWANTI,KLT,Klaten,1
2760KLTRT,TOKO HARMONY,KLT,Klaten,1
2764KLTAP,APOTEK BULAN,KLT,Klaten,1
2764KLTRT,ARDANA,KLT,Klaten,1
2767KLTRT,KURNIA,KLT,Klaten,1
2769KLTAP,APOTEK INSTA FARMA,KLT,Klaten,1
2770KLTRT,MAKMUR SEJAHTERA,KLT,Klaten,1
2774KLTRT,TIGA BERSAUDARA,KLT,Klaten,1
2778KLTRT,MULYANI,KLT,Klaten,1
2781KLTRT,TRI JAYA,KLT,Klaten,1
2784KLTRT,MAMA SWALAYAN,KLT,Klaten,1
2785KLTAP,APOTEK BERKAH SANTOSA,KLT,Klaten,1
2786WNGRT,PUTRA SAKAT PRACIMANTORO,WNG,Wonogiri,1
2788KLTRT,NANIK,KLT,Klaten,1
2793BYLRT,UTAMI,BYL,Boyolali,1
2798KLTRT,SINAR WAHYU,KLT,Klaten,1
2799KLTRT,SARTONO,KLT,Klaten,1
2800KLTRT,TOKO PURNOMO,KLT,Klaten,1
2803KLTRT,WARNA TOKO,KLT,Klaten,1
2804KLTRT,MUGAR,KLT,Klaten,1
2809KLTRT,LAA ROIBA SWALAYAN,KLT,Klaten,1
2813KLTRT,MINA MINIMARKET,KLT,Klaten,1
2815KLTRT,TK POJOK BU MARYANI,KLT,Klaten,1
2816KLTRT,TOKO BAROKAH,KLT,Klaten,1
2822KLTRT,PALUPI,KLT,Klaten,1
2829KLTRT,BABY STORY DELANGGU,KLT,Klaten,1
2836KLTRT,BC MATARAM,KLT,Klaten,1
2837KLTRT,TOKO SUSU MURAH,KLT,Klaten,1
2838SRGRT,BEQI MART PUTRI TIMUR,SRG,Sragen,1
2841KLTRT,TOKO ITA,KLT,Klaten,1
2843KLTRT,SATORI,KLT,Klaten,1
2844KLTRT,DADI BERKAH ELC,KLT,Klaten,1
2845KLTRT,TOKO DIDIT,KLT,Klaten,1
2846KLTRT,TOKO SUSILO,KLT,Klaten,1
2847KLTRT,RM KAWAN LAMO,KLT,Klaten,1
2853KLTRT,PIYO CELL/DODO,KLT,Klaten,1
2855KLTRT,SUMBER MAKMUR/MARYONO,KLT,Klaten,1
2855KTSRT,TK BERKAH BAROKAH,KTS,Kartosuro,1
2856KLTRT,DELTA ELC,KLT,Klaten,1
2857KLTRT,MAYA,KLT,Klaten,1
2858KLTRT,TOKO HANI,KLT,Klaten,1
2863KLTRT,TOKO A3,KLT,Klaten,1
2865KLTRT,TINI,KLT,Klaten,1
2870KLTRT,RUMAH SNACK,KLT,Klaten,1
2874KLTRT,TOKO FIRA,KLT,Klaten,1
2875WNGRT,PUTRA SAKAT,WNG,Wonogiri,1
2876WNGRT,SAKAT 3,WNG,Wonogiri,1
2877KLTKO,KOP RSIA,KLT,Klaten,1
2877KLTRT,DEDE TERANG,KLT,Klaten,1
2878KLTRT,AZKA ELEKTRONIK,KLT,Klaten,1
2880KRART,TOKO SUSI,KRA,Karanganyar,1
2884BYLRT,TOKO FITRIANI,BYL,Boyolali,1
2884WNGRT,TOKO KOMDI,WNG,Wonogiri,1
2896KLTRT,MINI ASIH,KLT,Klaten,1
2896KRART,SUWITON,KRA,Karanganyar,1
2899SLURT,PT.TIGA MUTIARA PRIMA,SLU,Solo Utara,0
2904SRGRT,TOKO ERNA,SRG,Sragen,1
2908KLTRT,GIYARTI,KLT,Klaten,1
2911KLTRT,DILA JATINOM,KLT,Klaten,1
2928KLTRT,UD ADI MULYO,KLT,Klaten,1
2930KLTRT,GIYARTI,KLT,Klaten,1
2931KLTRT,SABAR,KLT,Klaten,1
2931KRART,RSU JATI HUSADA,KRA,Karanganyar,1
2932KLTRT,BINTANG ELEC,KLT,Klaten,1
2933KLTRT,JADI JAYA FOTO,KLT,Klaten,1
2937KLTRT,BERKAH JAYA,KLT,Klaten,1
2939KLTRT,HARTOYO,KLT,Klaten,1
2941KRART,TOKO FAUZAN,KRA,Karanganyar,1
2942KRART,JURAGAN FROZEN FOOD,KRA,Karanganyar,1
2944KLTRT,SEMERU SAKA(SMKN 1),KLT,Klaten,1
2946KLTRT,SENDANG JAYA,KLT,Klaten,1
2953KLTRT,MUTIARA,KLT,Klaten,1
2953SLSRT,TOKO BERLIAN,SLS,Solo Selatan,1
2954KLTRT,YUNI DELANGGU,KLT,Klaten,1
2955KLTRT,PAK NOTO,KLT,Klaten,1
2956KLTRT,SUMBER MAKMUR,KLT,Klaten,1
2959KLTRT,TOKO TAWAKAL,KLT,Klaten,1
2964KLTRT,WARSENO,KLT,Klaten,1
2965KLTRT,FIRA CELL,KLT,Klaten,1
2966KLTRT,TK SUPARTO,KLT,Klaten,1
2968KLTRT,ROLAND CELL,KLT,Klaten,1
2969KLTRT,S MART/SINAR MAS,KLT,Klaten,1
2970SRGRT,TOKO WAHYU BRILINK,SRG,Sragen,1
2973KLTRT,RAFIE,KLT,Klaten,1
2974KLTRT,TK ANGGIT,KLT,Klaten,1
2976KLTRT,AZKIA MART,KLT,Klaten,1
2977KLTRT,ITA,KLT,Klaten,1
2978KLTRT,TOKO MALID,KLT,Klaten,1
2985KLTRT,GENTONG MAS 2,KLT,Klaten,1
2988KLTRT,TOKO AMBAR,KLT,Klaten,1
2989KLTRT,TOKO FITRI,KLT,Klaten,1
2995WNGRT,BARATA,WNG,Wonogiri,1
2998KLTRT,RINI/WEN-WEN,KLT,Klaten,1
2999WNGRT,TEGUH,WNG,Wonogiri,1
3010KLTRT,NINIK GABUS,KLT,Klaten,1
3011KLTRT,WARSITI JATINOM,KLT,Klaten,1
3011WNGRT,WIJAYA MOTOR,WNG,Wonogiri,1
3012KLTRT,GIYARTI KLEPU,KLT,Klaten,1
3013KLTRT,NARNO KARANGDOWO,KLT,Klaten,1
3015KLTRT,KORINDO JAYA,KLT,Klaten,1
3016KLTRT,SULIM TULUNG,KLT,Klaten,1
3017KLTRT,MULYO RESO,KLT,Klaten,1
3018KLTRT,SRI TEGALGONDO,KLT,Klaten,1
3019KLTRT,YESAYA,KLT,Klaten,1
3020KLTRT,SITI TEGALGONDO,KLT,Klaten,1
3021KLTRT,JAYA,KLT,Klaten,1
3022KLTRT,ROMIYAH,KLT,Klaten,1
3023KLTRT,SUSANA,KLT,Klaten,1
3024KLTRT,ASIH,KLT,Klaten,1
3025KLTRT,IPAH,KLT,Klaten,1
3026KLTRT,TENTREM,KLT,Klaten,1
3027KLTRT,LINTANG REJEKI,KLT,Klaten,1
3031KLTRT,ASA MART,KLT,Klaten,1
3034KLTRT,BU MURNI,KLT,Klaten,1
3037KLTRT,TOKO POJOK,KLT,Klaten,1
3038KLTRT,ASSALAM,KLT,Klaten,1
3039KLTRT,LA FIFA FC/ATK,KLT,Klaten,1
3044KLTRT,NN CELL,KLT,Klaten,1
3050KLTRT,TOKO 55,KLT,Klaten,1
3055KLTRT,TOKO DWI LONDO PUTRO,KLT,Klaten,1
3056BYLRT,TOKO YULI,BYL,Boyolali,1
3060KLTRT,DATIK,KLT,Klaten,1
3063KLTRT,PUJO KR DOWO,KLT,Klaten,1
3066KLTMM,SURYA GADING,KLT,Klaten,1
3081SLSRT,TAUFIK MOTORIS,SLS,Solo Selatan,1
3082KLTRT,TOKO ARI,KLT,Klaten,1
3085KLTRT,TOKO KURNIA,KLT,Klaten,1
3087KLTRT,NATA,KLT,Klaten,1
3096SRGRT,DUA SAUDARA,SRG,Sragen,0
3102KLTRT,RATMI KRAGUMAN,KLT,Klaten,1
3103KLTRT,TUTIK SRAGO,KLT,Klaten,1
3104KLTRT,HERI SRAGO,KLT,Klaten,1
3105KLTRT,WAGIMAN SRAGO,KLT,Klaten,1
3105SLSRT,TOKO NINGSIH,SLS,Solo Selatan,1
3106KLTRT,NDARI SRAGO,KLT,Klaten,1
3108BYLRT,FANDY SNACK,BYL,Boyolali,1
3109KLTRT,TOKO RIFKY,KLT,Klaten,1
3110BYLRT,TOKO AGUS,BYL,Boyolali,0
3113KLTRT,TOKO ELYAS,KLT,Klaten,1
3115SLSRT,TOKO ANGEL,SLS,Solo Selatan,1
3117KLTRT,WIJAYA KR TENGAH,KLT,Klaten,1
3118KLTRT,DWIE,KLT,Klaten,1
3119KLTRT,SUMBER CAHAYA,KLT,Klaten,1
3120KLTRT,HADI MUSTOFA,KLT,Klaten,1
3121KLTRT,SITI BULUREJO,KLT,Klaten,1
3123KLTRT,SLAMET POGONG,KLT,Klaten,1
3124WNGRT,TOTOK NGADIROJO,WNG,Wonogiri,1
3125KLTRT,WARUNG MAKAN MULYO ROSO,KLT,Klaten,1
3125WNGRT,DEDY NGADIROJO,WNG,Wonogiri,1
3126KLTRT,YUWONO KUNDEN,KLT,Klaten,1
3126WNGRT,MITRA SEJAHTERA,WNG,Wonogiri,1
3127WNGRT,SUMIRAH BATU,WNG,Wonogiri,1
3128KLTRT,BU RUBY,KLT,Klaten,1
3130KRART,ANSEL STORE,KRA,Karanganyar,1
3131SLURT,SELVI ADM,SLU,Solo Utara,0
3136KLTRT,BEKTI PONGGOK,KLT,Klaten,1
3137KLTRT,RESO PONGGOK,KLT,Klaten,1
3138KLTRT,SULI PONGGOK,KLT,Klaten,1
3139KLTRT,BAROKAH PONGGOK,KLT,Klaten,1
3140KLTRT,HASAN BEJI,KLT,Klaten,1
3141KLTRT,SRI PEDAN,KLT,Klaten,1
3142KLTRT,PON PEDAN,KLT,Klaten,1
3143KLTRT,DARTO PEDAN,KLT,Klaten,1
3144KLTRT,SUTIYEM,KLT,Klaten,1
3145KLTRT,SRI AGUNG,KLT,Klaten,1
3146KLTRT,HARTO PEDAN,KLT,Klaten,1
3147KLTRT,PAWARDI AWAS,KLT,Klaten,1
3148KLTRT,WIRYANI PAKISAN,KLT,Klaten,1
3149KLTRT,SUGIMAN,KLT,Klaten,1
3152KLTRT,KARSO TRUCUK,KLT,Klaten,1
3152SLSRM,WIZZMIE SOLO SLAMET RIYADI,SLS,Solo Selatan,1
3153KLTRT,NELLA,KLT,Klaten,1
3155KLTRT,HARTO TRUCUK,KLT,Klaten,1
3156KLTRT,EKO JAYA TRUCUK,KLT,Klaten,1
3157KLTRT,BAROKAH CAWAS,KLT,Klaten,1
3158KLTRT,PARDI TEMUWANGI,KLT,Klaten,1
3159KLTRT,BU IIN TEMUWANGI,KLT,Klaten,1
3161KRART,TOKO SUNARSO,KRA,Karanganyar,1
3164KLTRT,HARTINI,KLT,Klaten,1
3166KLTRT,DEARNAS,KLT,Klaten,1
3170KLTRT,LIRA,KLT,Klaten,1
3175KLTRT,TOKO NUR SAHID,KLT,Klaten,1
3176KLTRT,ANDI LESTARI,KLT,Klaten,1
3188KLTRT,MBAK TRI,KLT,Klaten,1
3208KLTRT,KIOST LISTRIK,KLT,Klaten,1
3211SLUSW,RAJAWALI,SLU,Solo Utara,0
3215BYLRT,SRC HIDAYAH,BYL,Boyolali,1
3216KLTRT,PH II GONDANG,KLT,Klaten,1
3216SRGRT,SULASTRI,SRG,Sragen,0
3216WNGRT,WIHARTO,WNG,Wonogiri,1
3220KLTRT,ZOOM CELL,KLT,Klaten,1
3223KLTRT,HARNI,KLT,Klaten,1
3224BYLRT,TOKO PLASTIK RUKUN MAKMUR,BYL,Boyolali,1
3225SLSRT,D MICE SOLUTIONS,SLS,Solo Selatan,1
3226SRGRT,ONE MART,SRG,Sragen,1
3227KLTRT,MINI FOTO,KLT,Klaten,1
3232KLTRT,ANUGRAH TANI,KLT,Klaten,1
3247KLTRT,SURONO SNACK,KLT,Klaten,1
3255KLTRT,TK SOR WARU,KLT,Klaten,1
3256KLTRT,NUR KLATEN,KLT,Klaten,1
3257KLTRT,PINANG MULYA,KLT,Klaten,1
3261WNGRT,DJON,WNG,Wonogiri,1
3262SKHRT,TOKO MIJ,SKH,Sukoharjo,0
3262WNGRT,LEGIMAN,WNG,Wonogiri,1
3263KLTRT,TUMIRAH,KLT,Klaten,1
3263WNGRT,ANITA,WNG,Wonogiri,1
3266KLTRT,LANCAR KLATEN,KLT,Klaten,1
3277KLTRT,EKO JAYA ELC,KLT,Klaten,1
3281SRGRT,SUCI 2,SRG,Sragen,1
3284KLTRT,MBAK DEWI,KLT,Klaten,1
3287KLTRT,SUSANTO,KLT,Klaten,1
3288KLTRT,JAVA MART,KLT,Klaten,1
3295KLTRT,TOKO ANISA,KLT,Klaten,1
3299GMLRT,IKA DWI SETYA,GML,Gemolong,0
3299KLTRT,CYBER CELL,KLT,Klaten,1
3331SLSRT,KARYA GROP,SLS,Solo Selatan,0
3333KLTRT,ATUN PEDAN,KLT,Klaten,1
3333WNGRT,SEMBAKOKU,WNG,Wonogiri,1
3347KLTRT,INDRA JAYA,KLT,Klaten,1
3351KLTRT,SUTARU,KLT,Klaten,1
3352KLTRT,ISTI,KLT,Klaten,1
3354KLTRT,FD KLATEN,KLT,Klaten,1
3360SRGSW,PINUJU GROSIR SEMBAKO,SRG,Sragen,1
3363KLTRT,TOKO NELLY,KLT,Klaten,1
3363SKHRT,TOKO PARIYEM,SKH,Sukoharjo,1
3371SRGRT,ZAHRA MART,SRG,Sragen,1
3375SRGRT,TOKO AZAM,SRG,Sragen,1
3388WNGRT,TRIYONO,WNG,Wonogiri,1
3407KLTRT,TOKO AMIN,KLT,Klaten,1
3412SLSRT,SOLO VIEW HOTEL,SLS,Solo Selatan,1
3425KLTRT,RAIHAN ACCESSORIES,KLT,Klaten,1
3426KLTRT,JAGO 2,KLT,Klaten,1
3432KLTRT,TOKO MU,KLT,Klaten,1
3433SKHRT,MORO SENENG (TOKO ALEX BEKONAN,SKH,Sukoharjo,1
3438KLTRT,AZKA,KLT,Klaten,1
3444WNGRT,PARTINI,WNG,Wonogiri,1
3451KLTRT,TOKO HARIYANI,KLT,Klaten,1
3455KLTRT,TOKO POJOK,KLT,Klaten,1
3456BYLRT,CAHAYA PLASTIK,BYL,Boyolali,1
3456KLTRT,BINTANG ELECTRONIK,KLT,Klaten,1
3461KLTRT,MBAK RAGIL,KLT,Klaten,1
3463KLTRT,RAMBO,KLT,Klaten,1
3464KLTRT,CANDI MART,KLT,Klaten,1
3465KLTRT,MIRAMART,KLT,Klaten,1
3466KLTRT,MBAK LUSI,KLT,Klaten,1
3478KLTRT,BERKAH JAYA,KLT,Klaten,1
3479KLTRT,POSH MART,KLT,Klaten,1
3482KLTRT,SAMI AGUNG 2,KLT,Klaten,1
3492KLTRT,TOKO SHALIHA,KLT,Klaten,1
3500SLURT,SUKIDI PRINC DOLPHIN MOTORIS,SLU,Solo Utara,1
3510KRART,KIOS MBAK WATIK,KRA,Karanganyar,1
3510SLSRT,ANASTASIA INEZ P,SLS,Solo Selatan,1
3515KLTRT,SARI GAYAMPRIT,KLT,Klaten,1
3515KRART,PT.RAPIFRESH MEGA LESTARI,KRA,Karanganyar,1
3516KLTRT,POJOK GAYAMPRIT,KLT,Klaten,1
3517KLTRT,YANI GAYAMPRIT,KLT,Klaten,1
3518KLTRT,MAWARTI,KLT,Klaten,1
3519KLTRT,WIWIT GAYAMPRIT,KLT,Klaten,1
3520KLTRT,DWIMA GAYAMPRIT,KLT,Klaten,1
3521KLTRT,NARNO GAYAMPRIT,KLT,Klaten,1
3522KLTAP,APOTEK PRIMA FARMA,KLT,Klaten,1
3522KLTRT,YUSUF GAYAMPRIT,KLT,Klaten,1
3523KLTRT,SAMI MURAH,KLT,Klaten,1
3523KRART,HEMA SNACK,KRA,Karanganyar,1
3524KLTRT,NUR GENTONGAN,KLT,Klaten,1
3525KLTRT,AGUS GENTONGAN,KLT,Klaten,1
3526KLTRT,RUBIAH GENTONGAN,KLT,Klaten,1
3527KLTRT,DARSINI GENTONGAN,KLT,Klaten,1
3528KLTRT,EKO GENTONGAN,KLT,Klaten,1
3529KLTRT,MENIK/WITO,KLT,Klaten,1
3530KLTRT,SRI LESTARI,KLT,Klaten,1
3530SRGRT,UD SEDERHANA,SRG,Sragen,1
3531KLTRT,MARMI GENTONGAN,KLT,Klaten,1
3531SRGRT,SRC RARA,SRG,Sragen,1
3532SRGRT,TOKO RARA 2,SRG,Sragen,1
3547KLTRT,ANANG,KLT,Klaten,1
3550KRART,PT.ALTER HOME INDONESIA,KRA,Karanganyar,1
3555SLSRT,NANIK HARSIWI MD NFI,SLS,Solo Selatan,1
3559KLTRT,RINA LESTARI,KLT,Klaten,1
3560BYLRT,TOKO PAZ,BYL,Boyolali,1
3566KLTRT,PROTELON,KLT,Klaten,1
3569SLSRT,BLESS COFFEE,SLS,Solo Selatan,1
3580KLTRT,TITO SWALAYAN,KLT,Klaten,1
3588KLTRT,OSHIN CAWAS,KLT,Klaten,1
3592KRART,TOKO SITI,KRA,Karanganyar,1
3601KRART,NEW ZAIDAN,KRA,Karanganyar,1
3604KLTAP,APOTEK CAHAYA SEHAT,KLT,Klaten,1
3605SLURT,TB SAMI RUKUN,SLU,Solo Utara,1
3611WNGAP,APOTIK ADHITYA,SRG,Sragen,1
3615KLTRT,MIRAH,KLT,Klaten,1
3618KLTRT,MARIATI,KLT,Klaten,1
3620SLSRT,MUNTAHSIR,SLS,Solo Selatan,1
3622KLTRT,SURONO,KLT,Klaten,1
3625KLTRT,GITA,KLT,Klaten,1
3626KLTRT,SURYA JAYA,KLT,Klaten,1
3628KLTAP,APOTEK CAHAYA JUWIRING,KLT,Klaten,1
3628KRART,TOKO ANYAR,KRA,Karanganyar,1
3629KLTAP,SEHAT APOTIK,KLT,Klaten,1
3633KTSSM,TRIO SUKSES MANDIRI,KTS,Kartosuro,1
3635KLTRT,SENKUKO,KLT,Klaten,1
3637KLTRT,TOKO ROHMAT,KLT,Klaten,1
3650SKHRT,SINAR LISTRIK,SKH,Sukoharjo,1
3650SLURT,TOKO AN-NUR,SLU,Solo Utara,1
3651SLURT,GIYANTO,SLU,Solo Utara,1
3656KLTRT,BU JUMIANI,KLT,Klaten,1
3656WNGRT,ENI PUTRO,WNG,Wonogiri,1
3657KLTRT,BAROKAH BU LILIS,KLT,Klaten,1
3657WNGRT,YAYANG PUTRA,WNG,Wonogiri,1
3658WNGRT,BAZIZ,WNG,Wonogiri,1
3660SRGRT,TOKO RAHMA,SRG,Sragen,1
3663KLTRT,BIM BIM MART,KLT,Klaten,1
3663SRGRT,TOKO ANIK,SRG,Sragen,1
3666GMLRT,ARI KATUL,GML,Gemolong,1
3666KLTRT,SALAMI PURWO,KLT,Klaten,1
3666KRART,DA STORE,KRA,Karanganyar,1
3667KTSRT,TK FATIMAH,KTS,Kartosuro,1
3669KRART,SHOFA TOKO,KRA,Karanganyar,1
3673SLSRT,ANANG MOTORIS POCI,SLS,Solo Selatan,1
3685KLTRT,TAUFIK,KLT,Klaten,1
3692KLTRT,TOKO AUREL,KLT,Klaten,1
3693KLTRT,LALA,KLT,Klaten,1
3695KLTRT,BU PRAPTO,KLT,Klaten,1
3696KLTRT,TOKO PMK,KLT,Klaten,1
3700KTSRT,TK BUANA JAYA PLASTIK,KTS,Kartosuro,1
3702SRGRT,SLAMET SAE,SRG,Sragen,1
3711KLTRT,TOKO NANIK,KLT,Klaten,1
3718KLTRT,TOKO DAMART,KLT,Klaten,1
3720KRART,TOKO SUMBER PLASTIK,KRA,Karanganyar,1
3727KLTRT,TOKO CHRISNA,KLT,Klaten,1
3740BYLRT,ARS,BYL,Boyolali,1
3748KLTRT,MINI SHOP 2,KLT,Klaten,1
3760KLTRT,AZZAHRA,KLT,Klaten,1
3760SRGRT,TOKO DJAWI,SRG,Sragen,1
3764KLTRT,BINTANG MART,KLT,Klaten,1
3765KLTRT,PAK SURATNO,KLT,Klaten,1
3780KRART,DK PLASTIK,KRA,Karanganyar,1
3780SRGRT,MULIA PLASTIK,SRG,Sragen,1
3797KLTRT,TOKO MU,KLT,Klaten,1
3800KLTRT,TOKO SAMI AGUNG,KLT,Klaten,1
3800SLSRT,YULIA MOTORIS POCI,SLS,Solo Selatan,1
3801BYLRT,TOKO SISKA,BYL,Boyolali,1
3802KLTRT,81 MART,KLT,Klaten,1
3803KLTRT,ANIK PS.KLATEN,KLT,Klaten,1
3804KLTRT,YANI WEDI,KLT,Klaten,1
3806SRGRT,SALUN CAHAYA,SRG,Sragen,1
3810SRGRT,CHICKEN PARK PS,SRG,Sragen,1
3819KLTRT,TOKO TLEDUNG,KLT,Klaten,1
3820KLTRT,MITRA TOSERBA,KLT,Klaten,1
3823SLSRT,TOKO,SLS,Solo Selatan,0
3838KLTRT,KOP INTAN PARIWARA,KLT,Klaten,1
3848KLTRT,SANG SURYA SWALAYAN,KLT,Klaten,1
3850BYLRT,BERKAH JAYA,BYL,Boyolali,1
3850KRART,TOSERBA BAROKAH UTAMA UMAT,KRA,Karanganyar,1
3855KLTRT,TOKO MURAKABI,KLT,Klaten,1
3858KLTRT,ARIE SWALAYAN,KLT,Klaten,1
3867KLTRT,KLATEN BABY SHOP,KLT,Klaten,1
3869KLTRT,MURAH JAYA,KLT,Klaten,1
3894KLTSM,PT.INDOMARCO PRISMATAMA,KLT,Klaten,1
3897KLTRT,ARIFAH,KLT,Klaten,1
3899KLTAP,APOTEK MORO SEHAT,KLT,Klaten,1
3908SLUKO,KOPERASI UNISRI,,,1
3910KRART,ENDRI PLASTIK,KRA,Karanganyar,1
3913SKHRT,BERKAH LABAN PERMAI,SKH,Sukoharjo,1
3914SKHRT,BAROKAH SERDA,SKH,Sukoharjo,1
3938SKRART,YONO,KRA,Karanganyar,0
3944KLTRT,TOKO BUDI,KLT,Klaten,1
3955KLTRT,GRIYA FC,KLT,Klaten,1
3955SLSKO,KOP RS DKT/KARTIKA MART,SLS,Solo Selatan,1
3965KLTRT,HADI PUTRA/MENTRIK,KLT,Klaten,1
3966KLTRT,GOLDEN SWALAYAN,KLT,Klaten,1
3977KLTRT,BU RINI,KLT,Klaten,1
3983KLTRT,TOKO ENDANG,KLT,Klaten,1
3988KLTRT,TOKO KANAYA,KLT,Klaten,1
3990SRGRT,SETIA USAHA,,,1
3997SRGRT,TOKO FIRDAUS,SRG,Sragen,1
3999KRART,TOKO SARI SNACK,KRA,Karanganyar,1
40001KRART,TOKO LARIS,KRA,Karanganyar,1
4008KLTRT,MULYONO,KLT,Klaten,1
4009SKHRT,RICHEESE SOLO BARU,SKH,Sukoharjo,1
4010WNGRT,UMI,WNG,Wonogiri,1
4011WNGRT,KENANGA MOTOR,WNG,Wonogiri,1
4014KLTRT,TOKO AJI,KLT,Klaten,1
4021KLTRT,WARUNG KARUNIA,KLT,Klaten,1
4022KLTRT,WARUNG BU GONO,KLT,Klaten,1
4022WNGRT,SANTOSO MOTOR J,WNG,Wonogiri,1
4050KRART,DINAR UTAMA,KRA,Karanganyar,1
4052KLTRT,WARUNG 1000,KLT,Klaten,1
4053KLTRT,P.10001 LUMINTU,KLT,Klaten,1
4054KLTRT,WARDOYO,KLT,Klaten,1
4055KLTRT,AYUMI,KLT,Klaten,1
4056KLTRT,ANUGERAH JANTI,KLT,Klaten,1
4068SLSRT,MATAHARI SGM LT II ( CSO MTHR),SLS,Solo Selatan,1
4102KLTRT,SURADI,KLT,Klaten,1
4110SRGRT,RINDU MART,SRG,Sragen,1
4111BYLRT,RANIMART/TK.RISTANTO,BYL,Boyolali,0
4111KLTRT,YUS,KLT,Klaten,1
4112KLTRT,PARMI,KLT,Klaten,1
4112SRGRT,TOKO NOVI MART,SRG,Sragen,1
4113KLTRT,WARSO,KLT,Klaten,1
4113SRGRT,WARNI KEBONROMO,SRG,Sragen,1
4114KLTRT,RINI PURWO,KLT,Klaten,1
4116KLTRT,SUBUR ELECTRONIK,KLT,Klaten,1
4117KLTRT,BU SRI,KLT,Klaten,1
4118KLTRT,LABA-LABA JAYA,KLT,Klaten,1
4119KLTRT,AS GROSS PRAKTIS,KLT,Klaten,1
4121KLTRT,SIDO MAKMUR,KLT,Klaten,1
4123KLTRT,AREMA,KLT,Klaten,1
4123WNGRT,SUGIYARTO,WNG,Wonogiri,1
4124KLTRT,TOKO KELONTONG BERKAH,KLT,Klaten,1
4125KLTRT,PANDU,KLT,Klaten,1
4125WNGRT,GIARNO MANYARAN,WNG,Wonogiri,1
4126KLTAP,APOTEK DINDA FARMA,KLT,Klaten,1
4126KLTRT,NDOYO,KLT,Klaten,1
4127KLTRT,BANYU BIRU,KLT,Klaten,1
4128SRGRT,NORIS MART,SRG,Sragen,1
4130BYLRT,VIANSYA MART,BYL,Boyolali,1
4132SRGRT,TOKO FAUZAN,SRG,Sragen,1
4133KLTAP,APOTEK RENI PANGESTU,KLT,Klaten,1
4133KLTRT,MULYA MARKET,KLT,Klaten,1
4136KLTRT,PRIYO TRUCUK,KLT,Klaten,1
4141KLTRT,SRI REJEKI,KLT,Klaten,1
4144KLTRT,HT CAWAS,KLT,Klaten,1
4145SKHRT,WASERDA SEHAT,SKH,Sukoharjo,1
4150SLSRT,SATE KAMBING PAK MO,SLS,Solo Selatan,1
4152SKHRT,TK BU LILIS,SKH,Sukoharjo,1
4156KLTRT,TK.ROTI CAHAYA,KLT,Klaten,1
4157KLTRT,MM.PANDAN SIMPANG (SPBU),KLT,Klaten,1
4158KLTRT,STARS 2 MM (SPBU KEMUDO),KLT,Klaten,1
4158WNGRT,NYOTO ROSO,WNG,Wonogiri,1
4166KLTRT,TK.SRI REJEKI,KLT,Klaten,1
4178KLTRT,TK.TRI SUSANTO,KLT,Klaten,1
4188KLTMM,REAN MART,KLT,Klaten,1
4205SKHRT,AGEN BERAS MAS EKO,SKH,Sukoharjo,1
4211KLTRT,IBU SRI,KLT,Klaten,1
4214SRGRT,TOKO YULI BERKAH,SRG,Sragen,1
4221SRGRT,TOKO ANDIN,SRG,Sragen,1
4222KLTRT,BASARI DELANGGU,KLT,Klaten,1
4223KLTRT,WARDI DELANGGU,KLT,Klaten,1
4224KLTRT,MARINI DELANGGU,KLT,Klaten,1
4225KLTRT,RAHMAT DELANGGU,KLT,Klaten,1
4226KLTRT,MARNO DELANGGU,KLT,Klaten,1
4227KLTRT,SITI JUWIRING,KLT,Klaten,1
4227SRGRT,BU MAR,SRG,Sragen,1
4227WNGRT,TOKO SUSANTO,WNG,Wonogiri,1
4228KLTAP,APOTEK SUMBER WARAS,KLT,Klaten,1
4228SKLTRT,ROTI MUNCUL,KLT,Klaten,1
4228SRGRT,MBAK KEM LOMBOK,SRG,Sragen,1
4229SRGRT,WR BU TUMINI,SRG,Sragen,1
4230KRART,SGT GROUP,KRA,Karanganyar,1
4231KLTRT,PARMI PURWO,KLT,Klaten,1
4232KLTRT,NDARI PURWO,KLT,Klaten,1
4233KLTRT,ANIK KLATEN,KLT,Klaten,1
4233KRART,SEMBAKO AQILA,KRA,Karanganyar,1
4234KLTRT,NGATWO,KLT,Klaten,1
4235KLTRT,WIJAYA KLT,KLT,Klaten,1
4236KLTRT,YAYUK,KLT,Klaten,1
4237KLTRT,RATIH,KLT,Klaten,1
4238KLTRT,DARMI,KLT,Klaten,1
4239KLTRT,SUGIYANTO,KLT,Klaten,1
4242KLTRT,SARI TRUCUK,KLT,Klaten,1
4243KLTRT,TUMIYEM TRUCUK,KLT,Klaten,1
4246KRART,TOKO NARSO,KRA,Karanganyar,1
4249KRART,MAS TRI,KRA,Karanganyar,1
4250KRART,MB PRAPTI,KRA,Karanganyar,1
4250SLURT,NAOMI SEMBAKO,SLU,Solo Utara,1
4250SRGRT,TOKO SUMBER REJEKI,SRG,Sragen,1
4252KLTRT,PRAPTO,KLT,Klaten,1
4256KLTRT,INA,KLT,Klaten,1
4283KRART,TOKO FAJAR,KRA,Karanganyar,1
4286SRGRT,TOKO BAGAS JAYA MART,SRG,Sragen,1
4301KRART,TOKO SINGGAH DULU,KRA,Karanganyar,1
4302KRART,TOKO PARNO,KRA,Karanganyar,1
4333KRART,TOKO SANDANG PANGAN,KRA,Karanganyar,1
4335SKHRT,TK KIKI PLASTIK,SKH,Sukoharjo,1
4335SLURT,PLANET PLASTIK,SLU,Solo Utara,1
4350SLSRT,TOKO NITA,SLS,Solo Selatan,1
4358SLSRT,A&M CO RESTO SOLO,SLS,Solo Selatan,0
4360KRART,AIKO TOSERBA,KRA,Karanganyar,1
4366KLTRT,SRI SUKAMTO,KLT,Klaten,1
4370SKHRT,WARUNG SAYUR KITA,SKH,Sukoharjo,1
4380KRART,TOKO SUMBER JAYA,KRA,Karanganyar,1
4400BYLRT,TOKO HANARO,BYL,Boyolali,1
4403BYLRT,TOKO DEKA,BYL,Boyolali,1
4407KLTRT,SUMBER AGUNG,KLT,Klaten,1
4411KRART,AGUS PLASTIK,KRA,Karanganyar,1
4412KLTRT,TOKO AMBAR,KLT,Klaten,1
4412SRGRT,ALBAROKAH KARANGUDI,SRG,Sragen,1
4413SRGRT,MENTARI 2,SRG,Sragen,1
4414SRGRT,TOKO SIMPANG TIGA TANGEN,SRG,Sragen,1
4415SRGRT,SRC INTAN NGROMBO S5,SRG,Sragen,1
4416BYLRT,TOKO SUTARMI,BYL,Boyolali,1
4416SRGRT,TOKO ANTON NGRAMPAL S5,SRG,Sragen,1
4421SRGRT,DEVI MART,SRG,Sragen,1
4422KLTRT,TOKO MURAH,KLT,Klaten,1
4422SLSSM,PT.DINUS CIPTA MANDIRI,SLS,Solo Selatan,1
4422SRGRT,TOKO POJOK PLASTIK,SRG,Sragen,1
4433SRGRT,TOKO RELANT,SRG,Sragen,1
4440KRART,BERKAH JAYA GAWANAN,KRA,Karanganyar,1
4442BYLRT,REDJO CIKALAN,BYL,Boyolali,1
4450SKHRT,BUMDESMA GAWOK JAYA,SKH,Sukoharjo,1
4450SLSRT,TOKO NGATMI,SLS,Solo Selatan,1
4452SLSRT,TOKO BU SITI PS JEBRES,SLS,Solo Selatan,1
4453SRGRT,RATU BUMBON,SRG,Sragen,1
4456SLSRT,TOKO BERLIN BANYUANYAR,SLS,Solo Selatan,1
4456SRGRT,SINAR BAROKAH,SRG,Sragen,1
4459SRGRT,PITHU JAYA SHOP,SRG,Sragen,1
4460SLSRT,LAF CELL,SLS,Solo Selatan,1
4464BYLRT,TOKO VARES JAYA,BYL,Boyolali,1
4465SRGRT,TOKO BIYA PLATIK,BYL,Boyolali,1
4470bylrt,SJ MART,BYL,Boyolali,1
4481SLSRT,KEDAI MIE KRIBO,SLS,Solo Selatan,1
4499GMLRT,TOKO ALYUKA TUBAN,GML,Gemolong,1
4500SLSRT,TOKO SANLA,SLS,Solo Selatan,1
4500SRGRT,TOKO ALFARIZI,SRG,Sragen,1
4509SLSRT,TOKO MAKMUR JAYA,SLS,Solo Selatan,1
4510SLSSM,PT.POCI KREASI MANDIRI,SLS,Solo Selatan,1
4510SLURT,SEKIP TOYS,SLU,Solo Utara,1
4514SRGRT,TOKO DAMAI 2,SRG,Sragen,0
4515SLSRT,ATRIA MART,SLS,Solo Selatan,1
4515SRGRT,BU SUMI,SRG,Sragen,1
4516BYLRT,TOKO ALVIRA,BYL,Boyolali,1
4516KLTRT,DANANG,KLT,Klaten,1
4520SLSRT,HNM SOLO,SLS,Solo Selatan,1
4522SLURT,KIMNA 2 KARTASURA,SLU,Solo Utara,1
4523BYLRT,TOKO AN NUR,BYL,Boyolali,1
4526KTSRT,BAKSO SULUR,KTS,Kartosuro,1
4530SLURT,KIMNA BEAUTY & ACC,SLU,Solo Utara,1
4532KLTRT,PANCINGAN 31 JANTI,KLT,Klaten,1
4533KRART,HANDAKA,KRA,Karanganyar,1
4536KLTRT,PANCINGAN 25 JANTI,KLT,Klaten,1
4537KLTR,PEMANCINGAN 51,KLT,Klaten,1
4539KRART,KUSUMA SNACK,SLS,Solo Selatan,1
4541KRART,TOKO ANEKA GEMILAN,KRA,Karanganyar,1
4545SRGRT,ARYA MART,SRG,Sragen,1
4546KLTRT,BU SIHADI,KLT,Klaten,1
4550SRGRT,TOKO ANDIN,SRG,Sragen,1
4551SLURT,WARMINDO KATAYA,SLU,Solo Utara,1
4553SLSRT,DAVID DHORI,SLS,Solo Selatan,1
4557SRGRT,NGUDI RAHYU,SRG,Sragen,1
4560BYLRT,TOKO RATNA,BYL,Boyolali,1
4560GMLRT,NGUDI UTOMO,GML,Gemolong,1
4560SRGRT,TOKO SRC SURATI,SRG,Sragen,1
4561SKHRT,BROTHERS INN,SKH,Sukoharjo,0
4561SLURT,SINAR MAS LISTRIK,SLU,Solo Utara,1
4565SLSRT,DEWI SEMBAKO,SLS,Solo Selatan,1
4565SRGRT,NURUL HUDA GLONGGONG,SRG,Sragen,1
4566KRART,LAVINA,KRA,Karanganyar,1
4567SKHRT,KOAT COFFEE UIN SOLO,KTS,Kartosuro,1
4568KLTRT,PUTRA,KLT,Klaten,1
4568KRART,EKO PLASTIK,KRA,Karanganyar,1
4571SKHRT,SEMBAKO NEW CITRA,SKH,Sukoharjo,1
4573KLTRT,SAMPO,KLT,Klaten,1
4577KRAMM,PASS MART,KRA,Karanganyar,0
4579KRART,TOKO KALIOSO SHOP,KRA,Karanganyar,1
4581SLSRT,SENTRAL OLI,SLS,Solo Selatan,1
4581SLSRTJLYOSODIPUR,SENTRAL OLI,SLS,Solo Selatan,1
4585SLSRT,GOELALI BAHAN KUE,SLS,Solo Selatan,1
4587KLTRT,TOKO PLASTIK,KLT,Klaten,1
4589KLTRT,WARUNG MBAK DAH,KLT,Klaten,1
4599SRGRT,DEWI KOSMETIK,SRG,Sragen,1
4601KRART,TOKO TAIBA MADINA,KRA,Karanganyar,1
4604SRGRT,AROMA,SRG,Sragen,1
4605KRART,TOKO WIJAYA,KRA,Karanganyar,1
4610KLTRT,WARUNG BU WARNI,KLT,Klaten,1
4610KRART,TUMIYEM SNACK,KRA,Karanganyar,1
4611KLTRT,SEMPULUR,KLT,Klaten,1
4612KLTRT,SRI WIJI,KLT,Klaten,1
4613KLTRT,WARUNG GONG,KLT,Klaten,1
4614KLTRT,PAK HADI,KLT,Klaten,1
4615KRART,TOKO NANIK PLASTIK,KRA,Karanganyar,1
4616KLTRT,MULADI,KLT,Klaten,1
4617KLTRT,BASIR,KLT,Klaten,1
4621BYLRT,PARNI,BYL,Boyolali,0
4633BYLRT,TOKO PIJAR,BYL,Boyolali,1
4633KTSRT,PT.GARUDA TIMUR PACIFIC,KTS,Kartosuro,0
4641KRART,EDO,KRA,Karanganyar,0
4650KRART,YULI PLASTIK,KRA,Karanganyar,1
4650SKHRT,CV.MASDA ELECTRONIC,SKH,Sukoharjo,1
4650SLSRT,TOKO ANDI,SLS,Solo Selatan,1
4665SKHRT,TOKO PAK RUSDI,SKH,Sukoharjo,1
4666BYLRT,TOKO MAS GIGIS,BYL,Boyolali,1
4667KLTRT,SITI,KLT,Klaten,1
4672KLTRT,WARUNG NPM,KLT,Klaten,1
4677SRGRT,EN MANDIRI STATIONARY,SRG,Sragen,1
4680SRGRT,TOKO NING,SRG,Sragen,1
4685SRGRT,JAYA ABADI LISTRIK,SRG,Sragen,1
4687KRART,TOKO HAMDALAH,KRA,Karanganyar,1
4690SRGRT,TOKO IPANG,SRG,Sragen,1
4710KRART,SEPLANG PLASTIK,KRA,Karanganyar,1
4713SKHRT,KIRO MART,SKH,Sukoharjo,0
4752GMLRT,RM MINANG RAYA,GML,Gemolong,1
4753GMLRT,RM OMBAK PIAMAN,GML,Gemolong,1
4754SLURT,TOKO AGUNG ABADI,SLU,Solo Utara,1
4757SRGRT,JANU GROSIR SUKODONO,SRG,Sragen,1
4762GMLRT,SURYA MART,GML,Gemolong,1
4762KTSRT,REZEKI MAKMUR,KTS,Kartosuro,1
4762SRGRT,TOKO ASRI,SRG,Sragen,1
4763SRGRT,PANGGUNG MOTOR SRAGEN,SRG,Sragen,1
4768SRGRT,GEPREK SAI SETIA BUDI,SRG,Sragen,1
4769KTSRT,MIRAH PLASTIK,KTS,Kartosuro,1
4771BYLRT,RATU MART,BYL,Boyolali,1
4777SLURT,ERWIN PRINC MIWON,SLU,Solo Utara,1
4781KLTRT,DWI,KLT,Klaten,1
4782SLSRT,TOKO ATK ASSA,SLS,Solo Selatan,1
4782SRGRT,TIMBUL RAYA,SRG,Sragen,1
4783SRGRT,MR GAMES SRAGEN,SRG,Sragen,1
4785SLSRT,ALFA RABHI THAMRIN,SLS,Solo Selatan,1
4789SLSRT,FAAZ SHOP,SLS,Solo Selatan,1
4789SRGRT,AMANAH MART,SRG,Sragen,1
4797BYLRT,TOKO BONANZA,BYL,Boyolali,1
4808KLTRT,BAKSO TEGAR,KLT,Klaten,1
4809KLTRT,BAKSO WONOGIRI,KLT,Klaten,1
4810KLTRT,BAKSO PAK BAMBANG,KLT,Klaten,1
4813BYLRT,TOKO FITRI,BYL,Boyolali,1
4814SLSRT,RAMA JAYA,SLS,Solo Selatan,1
4855SKHRT,MULTI RASA,SKH,Sukoharjo,1
4856KLTRT,LUCKY CHESEE KLATEN KOTA,KLT,Klaten,1
4872KLTRT,HIK BU SIH,KLT,Klaten,1
4872SLURT,TOKO RATNA JAYA,SLU,Solo Utara,1
4873BYLRT,POPOK MURAH AMPEL,BYL,Boyolali,1
4873KLTRT,HIK PAK HARDI,KLT,Klaten,1
4877SKHRT,BOTANIA COFFEE,SKH,Sukoharjo,1
4884SLSRT,PT MANDIRI ZIRANG UTAMA DAIHAT,SLS,Solo Selatan,1
4884SRGRT,ROY CELL,SRG,Sragen,1
4885KRART,ALIF MART,KRA,Karanganyar,0
4885SRGRT,TOKO NISA,SRG,Sragen,1
4889SLURT,SYAFA MAD,SLU,Solo Utara,1
4890SLSRT,BERMA STADIUM,SLS,Solo Selatan,1
4891BYLRT,PT CIMORY HOSPITALITY SEJAHTER,BYL,Boyolali,1
4891SKHRT,STEAK MOEN-MOEN PAKUWON MALL,SKH,Sukoharjo,1
4892BYLRT,FAZT MART,BYL,Boyolali,1
4892SKHRT,ICHIBAN SUSHI SOLO SQUARE,SKH,Sukoharjo,1
4892SLSRT,DK SEMBAKO ABADI,SLS,Solo Selatan,1
4893SKHRT,STEAK MOEN-MOEN PARAGON MALL,SKH,Sukoharjo,1
4893SLSRT,TEMPONG PNS SOLO (PT SEDOK GP),SLS,Solo Selatan,1
4893SLURT,YAMAHA PANGGUNG MOTOR NUSUKAN,SLU,Solo Utara,1
4894KRART,KOPERASI KPRI LPPKS,KRA,Karanganyar,1
4894SLSRT,DUNIA TAS,SLS,Solo Selatan,1
4894SLURT,YAMAHA PANGGUNG JEBRES,SLU,Solo Utara,1
4895KTSRT,STEAK MOEN-MOEN SOLO SQUARE,KTS,Kartosuro,1
4895SLSRT,HALAL MART,SLS,Solo Selatan,1
4895SLURT,MCDONALDS (476) JEBRES SOLO,SLU,Solo Utara,1
4896SLSRT,MCDONALDS (24001) SLAMETRIYADI,SLS,Solo Selatan,1
4896SLURT,MCDONALDS (430) MANAHAN SOLO,SLU,Solo Utara,1
4897SLSRT,MCDONALDS (29301) THEPARK SOLO,SLS,Solo Selatan,1
4897SLURT,SNACK MAS TESA,SLU,Solo Utara,1
4898KRART,AL KAVA,KRA,Karanganyar,1
4898SLSRT,SEGO TAMPAH KESTALAN,SLS,Solo Selatan,1
4899SLSRT,SARINAH JAYA,SLS,Solo Selatan,1
4901KTSRT,STEAK MOEN-MOEN UMS,KTS,Kartosuro,1
4902KLTRT,SATE MIRI,KLT,Klaten,1
4903KLTRT,BAKSO WONOGIRI,KLT,Klaten,1
4903KRART,KOP KODIM KARANGANYAR,KRA,Karanganyar,1
4903SLSRT,RICHEESE SLAMET RIYADI,SLS,Solo Selatan,1
4904KLTRT,JUDI,KLT,Klaten,1
4904KRART,TOKO HANNA,KRA,Karanganyar,1
4905KLTRT,MBAH TRI,KLT,Klaten,1
4906SRGRT,IRFAN,SRG,Sragen,1
4910SLURT,LILIANA,SLU,Solo Utara,1
4912SLSRT,MIE AYAM RAFLASYA,SLS,Solo Selatan,1
4912SRGRT,KOPERASI PT TRUST,SRG,Sragen,1
4913SLSRT,AYAM KREMES BENGAWAN,SLS,Solo Selatan,1
4928SLURT,HOTEL ARJUNA,SLU,Solo Utara,1
4953BYLRT,TOKO BU MULYANI,BYL,Boyolali,0
4954BYLRT,TOKO,BYL,Boyolali,0
4955BYLRT,TOKO BU,BYL,Boyolali,0
4956BYLRT,TOKO,BYL,Boyolali,0
4981SLSRT,STEAK MOEN-MOEN JL IR JUANDA S,SLS,Solo Selatan,1
4982SLSRT,RINI LOMBOK,SLS,Solo Selatan,1
4983SLSRT,STEAK MOEN-MOEN COLOMADU ADI S,SLS,Solo Selatan,1
4984SLSRT,WS STEAK,SLS,Solo Selatan,1
4985KTSRT,STEAK MOEN-MOEN GUMPANG,KTS,Kartosuro,1
4985SLSRT,PT CIMORY DAIRY SHOP,SLS,Solo Selatan,1
4985SRGRT,TOKO CHANWA,SRG,Sragen,1
4986SLSRT,STEAK MOEN-MOEN MOJOSONGO,SLS,Solo Selatan,1
4986SRGRT,TOKO ISTIQOMAH,SRG,Sragen,1
4987KRART,TOKO BERKAH 3R,KRA,Karanganyar,1
4987SLSRT,STEAK MOEN-MOEN KESTALAN,SLS,Solo Selatan,1
4987SRGRT,CHERRY,SRG,Sragen,1
50001SLSRT,KOPERASI SMKN 8 - KEPATIHAN,SLS,Solo Selatan,1
5001SLSRT,GOR BINEKA,SLS,Solo Selatan,1
5002SLSRT,DOBLE BURGER SRM,SLS,Solo Selatan,1
5003SLSRT,SMP N 1 SOLO,SLS,Solo Selatan,1
5004SLSRT,TIMBUL JAYA-KALIWINGKO,SLS,Solo Selatan,1
5005SLSRT,HOTEL WIJAYA KUSUMA,SLS,Solo Selatan,1
5005SLURT,RC JOYONTAKAN,SLU,Solo Utara,1
5006SLSRT,KOPERASI KASIH IBU,SLS,Solo Selatan,1
5007SLSRT,SALON ATTAR,SLS,Solo Selatan,1
5008SLSRT,KANTIN SD 16 MANGKUBUMEN,SLS,Solo Selatan,1
5009KLTRT,MURAH,KLT,Klaten,1
5009SLSRT,HOTEL BARON INDAH,SLS,Solo Selatan,1
50101SLSRT,KANTIN PAK MUJI,SLS,Solo Selatan,1
5010SLSRT,ELTI GRAMEDIA,SLS,Solo Selatan,1
5011KLTRT,WAHYONO MANIS RENGGO,KLT,Klaten,1
5011SLSRT,KOP HOTEL LOR INN,SLS,Solo Selatan,1
5012KLTRT,SUGIMAN MANIS RENGGO,KLT,Klaten,1
5012SKHRT,PT ANALIS TEKNOLOGI CONSULA,SKH,Sukoharjo,1
5012SLSHO,LAMPION HOTEL SOLO,SLS,Solo Selatan,1
5012SLSRM,BAKSO PAK RUK,SLS,Solo Selatan,1
5012SRGRT,SRC PURWANTI,SRG,Sragen,1
5013BYLRT,EMI MANGU,BYL,Boyolali,1
5013SLSHO,HOTEL ARINI,SLS,Solo Selatan,1
5013SLSRM,AYAM BAKAR TENTREM SUNARMAN 2,SLS,Solo Selatan,1
5013SRGRT,ROTI O REST AREA 519A,SRG,Sragen,1
5015SLSRT,SD KALAM KUDUS MANAHAN,SLS,Solo Selatan,1
5016SLSRM,POPEYE TIMURAN,SLS,Solo Selatan,1
5016SLSRT,KANTIN SD NURHIDAYAH,SLS,Solo Selatan,1
5017SLSRT,SUZUKI INDOSOLO JAJAR,SLS,Solo Selatan,1
5018SLSRT,SMP N 2 SURAKARTA,SLS,Solo Selatan,1
5019SLSRT,SD TAKMIRUL ISLAM 2,SLS,Solo Selatan,1
5020SLSRT,UNITED VISION  KYMCO,SLS,Solo Selatan,1
5021SLSRT,KANDANG MENJANGAN KPRS,SLS,Solo Selatan,1
5022SLSRT,WS STEAK ABDUL MUIS,SLS,Solo Selatan,1
5023KLTRT,BERKAH SAMUDRA,KLT,Klaten,1
5023SLSRT,HOTEL MULYA JAYA 07,SLS,Solo Selatan,1
5024SLSAP,APOTEK K 24 YOS SUDARSO,SRG,Sragen,1
5024SLSRT,RUMAH AQIQOH ARIS MUNADZAR,SLS,Solo Selatan,1
5025SLSRT,SUNJA SAUDARA,SLS,Solo Selatan,1
5026SLSRT,KANTIN KPRI SMK 8 SURAKARTA,SLS,Solo Selatan,1
5027SLSRT,RAMEN 1 PARAGON,SLS,Solo Selatan,1
5028SLSRT,PEMPEK NY KAMTO  YOSODIPRO,SLS,Solo Selatan,1
5029SLSRT,PENYETAN MANUNGGAL RASA,SLS,Solo Selatan,1
5030SLSRT,KOPERASI KANSA MART DR OEN,SLS,Solo Selatan,1
5031SLSRT,MI MART,SLS,Solo Selatan,1
5032SKHRT,PT ES TELER 77 PAKUWON,SKH,Sukoharjo,1
5032SLSRT,STEAK MOEN-MOEN SGM,SLS,Solo Selatan,1
5032SLURT,FOODCOURT MOEWARDI (ANSA SNACK,SLU,Solo Utara,1
5033KLTRT,SUPRI,KLT,Klaten,1
5033KTSRT,ROTI O BANDARA ADI SOEMARMO,KTS,Kartosuro,1
5033SLSRT,KANTIN SMA AL AZHAR SYIFA BUDI,SLS,Solo Selatan,1
5034KRART,ROTI O ADISOEMARMO KEBERANGKTA,KRA,Karanganyar,1
5034SLSRT,ISTANA MIE SOLO SQUARE,SLS,Solo Selatan,1
5035SLSRT,TA WAN RESTAURANT THEPARK SOLO,SLS,Solo Selatan,1
5036KTSRT,FUN CITY SOLO,KTS,Kartosuro,1
5036SLSRT,ICHIBAN SUSHI THE PARK SOLO,SLS,Solo Selatan,1
5037SLSRT,NASI LIWET BU PARMI KRATONAN,SLS,Solo Selatan,1
5038SLSRT,KANTIN SMP AL AZHAR SYIFA BUDI,SLS,Solo Selatan,1
5039SLSRT,BABI GULING BLI KADEK,SLS,Solo Selatan,1
5040SLSRT,ROCKET CHICKEN SGM,BYL,Boyolali,1
5041SLSAP,APOTEK K24 LAWEYAN,SLS,Solo Selatan,1
5041SLSRM,RM NASI KEBULI MBAH SOLEH,SLS,Solo Selatan,1
5042SLSRM,RM LITTLE INDIA,SLS,Solo Selatan,1
5043SLSKT,KANTIN SD TAMIRUL ISLAM SKA,SLS,Solo Selatan,1
5043SLSRM,POPEYE CHICKEN EXPRES,SLS,Solo Selatan,1
5044KLTRT,NAUFAL MART,KLT,Klaten,1
5044SLSRM,WARUNG KOPI SAESTU,SLS,Solo Selatan,1
5045SLSRM,HOHO ICE AND FOOD,SLS,Solo Selatan,1
5046SLSRM,AYAM TULANG HAYAM WURUK,SLS,Solo Selatan,1
5046SRGRT,AYAM GEPREK SAI AHMAD YANI,SRG,Sragen,1
5047SLSRM,MR KRIUK SGM,SLS,Solo Selatan,1
5048SLSKT,KANTIN SMP 19 BU RINA,SLS,Solo Selatan,1
5049SLSRM,ROCKET CHICKEN JEBRES,SLS,Solo Selatan,1
5049SRGRM,ROCKET CHICKEN SIDOHARJO,SRG,Sragen,1
5051KRART,TOKO MANUNGGAL ATK,KRA,Karanganyar,1
5051SLSRM,ROCKET CHICKEN SAMUDRA PASAI,SLS,Solo Selatan,1
5052KRART,LUMAS MAKMUR MOTOR,KRA,Karanganyar,1
5052SLSHO,HOTEL PUSPA JAYA,SLS,Solo Selatan,1
5052SLSRM,ROCKET CHICKEN NUSUKAN,SLS,Solo Selatan,1
5053KRART,TB NUR HIDAYAH,KRA,Karanganyar,1
5053SKHRT,ABACA JAYA SNACK,SKH,Sukoharjo,1
5053SLSHO,HOTEL SI CANTIK,SLS,Solo Selatan,1
5053SLURT,ASRI CELL,SLU,Solo Utara,1
5054SKHRM,PT EKA BOGA INTI SOLO BARU,SKH,Sukoharjo,1
5056SKHRM,AYAM GEPREK SAI SAMANHUDI,SKH,Sukoharjo,1
5056SLSHO,HOTEL JATI INDAH,SLS,Solo Selatan,1
5057SLSRM,ROCKET CHICKEN NGEMPLAK,SLS,Solo Selatan,1
5057SLSRT,PEMPEK KAMTO PARAGON,SLS,Solo Selatan,1
5058SLSRM,ROCKET CHICKEN RM SAID,SLS,Solo Selatan,1
5058SLSRT,ROCKET CHICKEN MT HARYONO,SLS,Solo Selatan,1
5059SLSHO,HOTEL JAYA JATI,SLS,Solo Selatan,1
5059SLSRM,OISHI BENTO,SLS,Solo Selatan,1
5059SLSRT,KEDAI COBEK,SLS,Solo Selatan,1
5060KTSRM,ROCKET CHICKEN UMS,KTS,Kartosuro,1
5060SLSRM,PT PENAK NATA BAROKAH,SLS,Solo Selatan,1
5060SLSRT,ROTI O STASIUN PURWOSARI,SLS,Solo Selatan,1
5061KLTRT,TARNO TRUCUK,KLT,Klaten,1
5061KTSRM,ROCKET CHICKEN HONGGOWONGSO,KTS,Kartosuro,1
5061SLSRT,TOKO GURUH,SLS,Solo Selatan,1
5062KLTRT,SUSMI TRUCUK,KLT,Klaten,1
5062SKHRM,RAMEN 1 THE PARK MALL,SKH,Sukoharjo,1
5062SLSRM,MIE GAJAH MAS,SLS,Solo Selatan,1
5062SLSRT,ROTI O SOLO BALAPAN 2,SLS,Solo Selatan,1
5063KLTRT,KASIONO JETO,KLT,Klaten,1
5063SLSKT,KANTIN MBAK DESY SMP N 10,SLS,Solo Selatan,1
5063SLSRM,ROCKET CHICKEN UNS,SLS,Solo Selatan,1
5063SLSRT,BATIK PRIYAYI LAWEYAN,SLS,Solo Selatan,1
5064KLTRT,PARLIN JETO,KLT,Klaten,1
5064SLSRM,FOODCOURT LUWES GADING,SLS,Solo Selatan,1
5065KLTRT,TARDI TRUCUK,KLT,Klaten,1
5065SLSRT,KANTIN SMA BATIK I SURAKARTA,SLS,Solo Selatan,1
5066SLSRT,MULYONO JAGALAN,SLS,Solo Selatan,1
5067SLSRM,ROCKET CHICKEN SAMANHUDI,SLS,Solo Selatan,1
5067SLSRT,LBC SOLO,SLS,Solo Selatan,1
5068SLSRT,GOR SRITEX ARENA,SLS,Solo Selatan,1
5069SLSRM,ROCKET CHICKEN JOYONTAKAN,SLS,Solo Selatan,1
5069SLSRT,HAPPY TIME SOLO PARAGON,SLS,Solo Selatan,1
5070SLSRM,ROCKET CHICKEN SEMANGGI,SLS,Solo Selatan,1
5071SLSRM,AYAM GEPREK SAI MOJOSONGO,SLS,Solo Selatan,1
5071SLURM,PEMPEK NY KAMTO MOJOSONGO,SLU,Solo Utara,1
5072SLSHO,SASA,SLS,Solo Selatan,0
5072SLSRM,AYAM GORENG PAK CIPTO BANYUANY,SLS,Solo Selatan,1
5073SRGRT,DEALER HONDA TIMBUL JAYA,SRG,Sragen,1
5074SKHRM,RAMEN 1 PAKUWON MALL SOLO,SKH,Sukoharjo,1
5074SLSRT,WARUNG PEDAS CAK KEND,SLS,Solo Selatan,1
5074SRGRT,BU NING VARIASI,SRG,Sragen,1
5075SLSRT,SPENSAMART SMP N 1,SLS,Solo Selatan,1
5076SLSRT,TIMEZONE SGM,SLS,Solo Selatan,1
5078SLSRT,PT EKA BOGA INTI SOLO SLMT RYD,SLS,Solo Selatan,1
5079SLSRT,MOSS UNITED VISION,SLS,Solo Selatan,1
5081SLSRT,MIE AYAM HIDAYAH,SLS,Solo Selatan,1
5081SRGRT,PT MANDIRI ZIRANG UTAMA DAIHAT,SRG,Sragen,1
5082SLSRT,CENTRAL SAKTI MOTOR MOJOSONGO,SLS,Solo Selatan,1
5083SLSRT,WARUNG BEBEK GORENG BU BIBIT,SLS,Solo Selatan,1
5083SLURT,BAKSO TITOTI HONGGOWONGSO,SLU,Solo Utara,1
5084SLSRT,ROTI O SOLO BALAPAN 1,SLS,Solo Selatan,1
5085SLSRT,NAKAMURA HOLISTIC THERAPY,SLS,Solo Selatan,1
5086KRART,BERKAH JAYA,KRA,Karanganyar,1
5086SLSRT,PT ES TELER 77 SOLO SQUARE,SLS,Solo Selatan,1
5087SLSRT,WS STEAK NUSUKAN,SLS,Solo Selatan,1
5090SLSRT,SUPER LAND SOLO GRAND MALL,SLS,Solo Selatan,1
5091SLSRT,TEGUH CAHYONO,SLS,Solo Selatan,1
5092SLSRT,KANTIN BU PRAPTI SPM N 10,SLS,Solo Selatan,1
5093KRARM,RICHEESE - HARLIN KARANGANYAR,KRA,Karanganyar,1
5093SLSRM,ROTI O JEBRES,SLS,Solo Selatan,1
5093SLSRT,KEDAI COBEK PARAGON,SLS,Solo Selatan,1
5094SLSRM,ROCKET CHICKEN KALIYOSO,SLS,Solo Selatan,1
5094SLSRT,HOTA KARYA MULYA 2,SLS,Solo Selatan,1
5095SLSHO,HOTEL TEGUH KARYA,SLS,Solo Selatan,1
5095SLSRT,MIE SENTOSA UNS SOLO,SLS,Solo Selatan,1
5096SLSRM,AYAM TULANG LUNAK HAYAM WURUK,SLS,Solo Selatan,1
5096SLSRT,BCA KCU SOLO SLAMET RIYADI,SLS,Solo Selatan,1
5097SLSRT,KOST GRIYA RISKA,SLS,Solo Selatan,1
5098SLSRT,ISTANA MIE SOLO PARAGON,SLS,Solo Selatan,1
5099SLSRT,PUSAT JAYA MOTOR/HARPINDO,SLS,Solo Selatan,1
5100SLSSM,PT NIRAMAS UTAMA,SLS,Solo Selatan,1
5101SKHRT,TOKO RAYA PLASTIK,SKH,Sukoharjo,1
5101SLSRT,MLIWIS SPA,SLS,Solo Selatan,1
5102KRART,TOKO GS 25,KRA,Karanganyar,1
5102KTSRM,MIE KAILA UMS,KTS,Kartosuro,1
5102SLSRT,PAREANOM CHICKEN BAR UNS,SLS,Solo Selatan,1
5102SRGRT,PANGGUNG MOTOR SUMBERLAWANG.,SRG,Sragen,1
5103SLSKO,KOP SYARIKAT DAGANG KAUMAN,SLS,Solo Selatan,1
5103SLSRM,MIE NAGA MAS NUSUKAN,SLS,Solo Selatan,1
5103SLSRT,LEMPUNG KOKO,SLS,Solo Selatan,1
5104SLSRM,MIE KAILA UNS,SLS,Solo Selatan,1
5104SLSRT,WONDERLAND LUWES KESTALAN,SLS,Solo Selatan,1
5105SLSRT,TRANS AVIA,SLS,Solo Selatan,1
5105SLURT,TOKO MAKMUR,SLU,Solo Utara,1
5106SLSHO,HOTEL KARYA MULYA I,SLS,Solo Selatan,1
5106SLSRM,DAPOER MANAHAN,SLS,Solo Selatan,1
5106SLSRT,KOPEGTEL,SLS,Solo Selatan,1
5107SLSRT,HOLLAND BAKERY,SLS,Solo Selatan,1
5108SLSRT,ANTATA AGRA ASKARA,SLS,Solo Selatan,1
5109SLSRT,GAJAH PUTRI,SLS,Solo Selatan,1
5109SLURT,CUCIAN MOBIL BERSIH PUAS,SLS,Solo Selatan,1
5109SRGRT,BU PIPIT,SRG,Sragen,1
5110KRART,TOKO WINDI,KRA,Karanganyar,1
5110SLSRT,LION PARCEL,SLS,Solo Selatan,1
5111SKHRT,DESEMBER BEKONANG,SKH,Sukoharjo,1
5111SLSRT,GARDEN TEXTILE,SLS,Solo Selatan,1
5111SLURT,ENERGIZER INDONESIA,SLU,Solo Utara,1
5112BYLRT,BELLA TOKO,BYL,Boyolali,1
5112SKHRT,PT PLATINUM SINEMA (SOLO),SKH,Sukoharjo,1
5112SLSKT,KANTIN 4 SMP BINTANG LAUT,SLS,Solo Selatan,1
5112SLSRM,AYAM TULANG LUNAK BENGAWAN,SLS,Solo Selatan,1
5112SLSRT,KIOS GROBAK PARINAH,SLS,Solo Selatan,1
5112SRGRT,PUTRA MART,SRG,Sragen,1
51134SLLRT,CAHAYA SAKTI MOTOR,SLS,Solo Selatan,1
5113ALARM,ALMAZ CHICKEN SOLO,SLS,Solo Selatan,1
5113BYLRT,PT EKA BOGA INTI BOYOLALI,BYL,Boyolali,1
5113KRART,HARJUNA JAYA,KRA,Karanganyar,1
5113SLSRM,AYAM GEPREK SAI SEMANGGI,SLS,Solo Selatan,1
5113SLSRT,KANTIN BCA ( TOKO KIN ),SLS,Solo Selatan,1
5113SLURT,TOKO BERAS HANJANI,SLS,Solo Selatan,1
5113SRGSM,ROCKET CHICKEN GONDANG,SRG,Sragen,1
5114KTSRT,MUHAMAD YASIN,KTS,Kartosuro,1
5114SKHRT,TOKO BU ATUN2,SKH,Sukoharjo,1
5114SLSRM,MIE EXPPRES,SLS,Solo Selatan,1
5114SLSRT,WARUNG KPRI RS MOEWARDI,SLS,Solo Selatan,1
5115SLSRM,WM IPIG IPIG,SLS,Solo Selatan,1
5115SLSRT,TOKO RIZAL,SLS,Solo Selatan,1
5116BYLRT,PAK HUDI,BYL,Boyolali,1
5116GMLRT,TOKOMU,GML,Gemolong,1
5116KRART,ARIO,KRA,Karanganyar,1
5116KTSRT,PESMA MART,KTS,Kartosuro,1
5116SKHRT,TOKO SANTO,SKH,Sukoharjo,1
5116SLSKT,KANTIN NASMOCO,SLS,Solo Selatan,1
5116SLSRM,MIE GACOAN MAWAR,SLS,Solo Selatan,1
5116SLSRT,SATE KAMBING PAK KASDI,SLS,Solo Selatan,1
5116SLURT,RIDHO,SLU,Solo Utara,1
5116SRGRT,TOKO SUNARNI,SRG,Sragen,1
5117KRART,TOKO WAHYU,KRA,Karanganyar,1
5117SLSRM,MIE GACOAN MANAHAN,SLS,Solo Selatan,1
5117SLSRT,SEKOLAH MUSIK INDONESIA SOLO,SLS,Solo Selatan,1
5117SRGRT,TOKO ANA KEDAWUNG,SRG,Sragen,1
5118KTSRT,LIFIRA MITRA ABADI/RIDLO,KTS,Kartosuro,1
5118SKHRM,ALMAZ CHICKEN SOLO BARU,SKH,Sukoharjo,1
5118SLSRM,MIE GACOAN JEBRES,SLS,Solo Selatan,1
5118SLSRT,SINAR BARU TEXTILE,SLS,Solo Selatan,1
5119BYLKO,KOPDES METUK,BYL,Boyolali,1
5119GMLRT,HEMA GEMOLONG,GML,Gemolong,1
5119KRARM,MIE GACOAN KARANGANYAR BEJEN,KRA,Karanganyar,1
5119KRART,ETIKA NUR MISUARI MUTQI,KRA,Karanganyar,1
5119KTSRM,MIE GACOAN KARTASURA,KTS,Kartosuro,1
5119SKHRM,MIE GACOAN SOLO BARU,SKH,Sukoharjo,1
5119SLRM,RICHEESE  MANAHAN,SLS,Solo Selatan,1
5119SLSHO,HOTEL GRAHA INDAH BARU,SLS,Solo Selatan,1
5119SLSRM,TENGKLENG KLEWER,SLS,Solo Selatan,1
5119SLSRT,BENGKEL SUKSES USHA BARU,SLS,Solo Selatan,1
5119SRGRM,ROCKET CHICKEN SUKOWATI,SRG,Sragen,1
5119SRGRT,JAPFA COMFEED INDONESIA TBK,SRG,Sragen,1
5120KRARM,MIE GACOAN COLOMADU,KRA,Karanganyar,1
5120SKHRT,AL FATIH FROZEN FOOD,SKH,Sukoharjo,1
5120SLSRM,ROCKET CHICKEN MOJOSONGO,SLS,Solo Selatan,1
5120SLSRT,ASIA BAKERY,SLS,Solo Selatan,1
5120SLURT,PT WONOREJO KATON,SLU,Solo Utara,1
5121KRARM,ROCKET CHICKEN PALUR,KRA,Karanganyar,1
5121KRART,YUAN BABY KIDS,KRA,Karanganyar,0
5121SLSRM,ROCKET CHICKEN NEW SUMBER,SLS,Solo Selatan,1
5122BYLRT,PELITA PLASTIK&ROTI,BYL,Boyolali,1
5122SLSRM,ROCKET CHICKEN PUCANG SAWIT,SLS,Solo Selatan,1
5123KLTRT,SUMBER HIDUP ELC,KLT,Klaten,1
5123KRARM,ALMAZ CHICKEN COLOMADU,KRA,Karanganyar,1
5124SRGRT,ZAHIRA ACCESORIES,SRG,Sragen,1
5126BYLRT,PT PENAK NATA BAROKAH,BYL,Boyolali,1
5126SKHRT,WASH SOBA,SKH,Sukoharjo,1
5128SLURT,KOPERASI SMK 8 KEPATIHAN,SLU,Solo Utara,1
5128SRGRT,JAYA BEAUTY,SRG,Sragen,1
5129SKHRT,TOKO ATUN 2,SKH,Sukoharjo,1
5129SLSRM,ROCKET CHICKEN SAMBIREJO,SLS,Solo Selatan,1
5129SLSRT,ROTI O MALL PAKUWON,SKH,Sukoharjo,1
5129SRGRT,PT.PLATINUM SINEMA SRAGEN,SRG,Sragen,1
5130BYLRT,SHAFA FROZEN,BYL,Boyolali,1
5130KRART,TB SEMPULUR,KRA,Karanganyar,1
5130SLSRM,WIZZMIE NGARSOPURO,SLS,Solo Selatan,1
5130SLSRT,OREN GAME CENTER,SLS,Solo Selatan,1
5130SRGRM,ROCKET CHICKEN MASARAN,SRG,Sragen,1
5130SRGRT,BOSSE TOKO,SRG,Sragen,1
5131KRART,TOKO LALIS,KRA,Karanganyar,1
5131SLSRT,POCI PARAGON,SLS,Solo Selatan,1
5132BYLRT,TB LEO PUTRA,BYL,Boyolali,1
5132SKHRT,TOKO RAHMA,SKH,Sukoharjo,1
5132SLSRT,PAK BUDI,SLS,Solo Selatan,1
5132SRGRT,TOKO PLASTIK IDOLA/IRVAN 2,SRG,Sragen,1
5133KRART,MASJID AL-MAKMUR,KRA,Karanganyar,0
5134KRART,TOKO SANIO SUSU & PAMPERS,KRA,Karanganyar,1
5134SLSRT,SPICE UP HOT CHICKEN,SLS,Solo Selatan,1
5135SLSRT,RAMEN MASTER,SLS,Solo Selatan,1
5136KRART,WAREHOUSE SURAKARTA,KRA,Karanganyar,1
5136SLURT,ROYAN,SLU,Solo Utara,1
5136SRGRT,NUGRAHA MART,SRG,Sragen,1
5137SLSRT,KURNIA MUSIC SCHOOL,SLS,Solo Selatan,1
5137SRGRM,ROCKET CHICKET ADE IRMA,SRG,Sragen,1
5138SLSRT,ES TELER 77 SOLO GRAND MALL,SLS,Solo Selatan,1
5138SRGKO,KOP PKU MUHAMADIYAH,SRG,Sragen,1
5138SRGRM,GEPREK MANTUL ADE IRMA SRAGEN,SRG,Sragen,1
5138SRGRT,TOKO SENDANG MAKMUR,SRG,Sragen,1
5139BYLRT,CRYSMA,BYL,Boyolali,0
5139KRART,TOKO 9,KRA,Karanganyar,1
5139KTSRT,TOKO DUA PUTRA,KTS,Kartosuro,1
5139SLSRT,INUL VISTA SOLO SQUARE,SLS,Solo Selatan,1
5139SLURT,SYAFA MAD,SLU,Solo Utara,1
5139SRGRT,AZA MART,SRG,Sragen,1
5140KRART,PT ENTRI JAYA MAKMUR,KRA,Karanganyar,1
5140SLSHO,FRONT ONE CABIN HOTEL,SLS,Solo Selatan,1
5140SLSRT,CAHAY SAKTI MOTOR,SLS,Solo Selatan,1
5141SLSRT,SALON DWI HAR DESIGN,SLS,Solo Selatan,1
5141SLURT,MARDI KUN,SLU,Solo Utara,1
5142KLTRT,HANDAYANI,KLT,Klaten,1
5142KTSRT,TOKO MAHKOTA,KTS,Kartosuro,1
5142SRGRT,FAMILY MART,SRG,Sragen,1
5143KLTRT,TRIYARTI,KLT,Klaten,1
5143SLSRT,IFORTE SOLO,SLS,Solo Selatan,1
5144KLTRT,SADIYEM,KLT,Klaten,1
5144KRART,TOSERBA WALI,KRA,Karanganyar,1
5145SLSRT,ELSAMARA COWORKING SPACE,SLS,Solo Selatan,1
5146BYLRT,TOKO MASIYEM,BYL,Boyolali,1
5146KLTRT,PARJO,KLT,Klaten,1
5146KTSRT,MUH YASIN,KTS,Kartosuro,1
5146SLSRT,MATARAM BABERSHOP,SLS,Solo Selatan,1
5147BYLRT,TOKO DUA PUTRA,BYL,Boyolali,1
5147KRART,RASYA MOTOR,KRA,Karanganyar,1
5147SLSRT,SEBLAK MAKMUR UNS,SLS,Solo Selatan,1
5148KTSRT,BEBEK GORENG H.SLAMET COLOMADU,KTS,Kartosuro,1
5148SLSRT,RADYSA COSMETIC,SLS,Solo Selatan,1
5149SLSRT,KARTAMART PURWOSARI,SLS,Solo Selatan,1
5150KRART,KEBUN FARMHILL SOLO,KRA,Karanganyar,1
5150SLSRT,KIOS S2,SLS,Solo Selatan,1
5150SRGRT,TOKO TRIYONO,SRG,Sragen,1
5151KLTRT,SUSANTO TRUCUK,KLT,Klaten,1
5151SLSRT,BATIK PRIYAYI,SLS,Solo Selatan,1
5152KLTRT,MANTO TRUCUK,KLT,Klaten,1
5153KLTRT,TRIWORO TRUCUK,KLT,Klaten,1
5153SLSRT,GRAMEDIA SOLO SQUARE,SLS,Solo Selatan,1
5154KLTRT,SUPRI TRUCUK,KLT,Klaten,1
5154SLSRT,WARUNG MBAK DIYAH,SLS,Solo Selatan,1
5155SLSRT,BENGKEL MO-RO,SLS,Solo Selatan,1
5156SKHRT,SINARAYA ELC,SKH,Sukoharjo,1
5156SLSRT,ATK PEGASUS,SLS,Solo Selatan,1
5156SLURT,FUnFIT KIDS GYM SOLO,SLU,Solo Utara,1
5156SRGRT,SAYUR MBAK NITA,SRG,Sragen,1
5157SLSRT,TOKO BERAS BERLIAN,SLS,Solo Selatan,1
5157SRGRT,BRITAMA BAROKAH,SRG,Sragen,1
5158SRGRT,HARAPAN BARU FROZEN FOOD,SRG,Sragen,1
5159KRART,CV YN GO GLOBAL,KRA,Karanganyar,1
5159SLSRT,LEMBAH HIJAU,SLS,Solo Selatan,1
5159SRGRT,TB SURASNO,SRG,Sragen,1
5160BYLRT,SAHABAT,BYL,Boyolali,1
5160JKTRT,PT AGRINAS PANGAN NUSANTARA,JKT,JAKARTA,1
5160KRART,TOKO CELLY,KRA,Karanganyar,1
5160SLSRT,BLOSSOM FO,SLS,Solo Selatan,1
5160SLURT,LANGGENG TRESNO,SLU,Solo Utara,1
5161GMLRT,TRI JAYA KOWANG,GML,Gemolong,1
5161KRART,SG MART,KRA,Karanganyar,1
5161KTSRT,KLETHAK KLETHIK,KTS,Kartosuro,1
5161SKHRT,TOKO 3B FROZEN FOOD AND SNACK,SKH,Sukoharjo,1
5161SLSKT,SD KANISIUS SOROGENEN,SLS,Solo Selatan,1
5161SLSRT,TOKO BUKU KURNIA,SLS,Solo Selatan,1
5161SLURT,MAS YUSUF,SLU,Solo Utara,1
5161SRGRM,MIE GACOAN SRAGEN,SRG,Sragen,1
5161SRGRT,AMIRA SNACK,SRG,Sragen,1
5161WNGRM,MIE GACOAN WONOGIRI,WNG,Wonogiri,1
5162GMLRT,TOKO ARTHA LANGGENG,GML,Gemolong,1
5162KRART,TOKO ATIK,KRA,Karanganyar,1
5162KTSRT,MAX DECORATION,KTS,Kartosuro,1
5162SLSRM,BEBEK GORENG H SLAMET,SLS,Solo Selatan,1
5162SLSRT,ROCKET CHICKEN NGEMPLAK,SLS,Solo Selatan,0
5162SLURT,BABAH SETOE,SLU,Solo Utara,1
5162SRGRM,ROCKET CHICKEN TANON,SRG,Sragen,1
5163SLSRM,SGM-KONA / KATSU-KATSU- GRAND,SLS,Solo Selatan,1
5163SLSRT,ROTI O PARAGON SOLO,SLS,Solo Selatan,1
5163SLURT,PUTRI SRI JOYO,SLU,Solo Utara,1
5163SRGRM,ROCKET CHICKEN PLUPUH,SRG,Sragen,1
5163SRGRT,TOKO ASSALAM,SRG,Sragen,1
5164BYLRT,YOGI JAYA ELC 2,BYL,Boyolali,1
5164KRART,TOKO ALEEYA,KRA,Karanganyar,1
5164KTSRT,TOKO MAS TRI,KTS,Kartosuro,1
5164SKHRT,TOKO PLASTIK NAY JAYA,SKH,Sukoharjo,1
5164SLSRT,POPEYE CHICKEN EXPRESS SEMANGG,SLS,Solo Selatan,1
5164SLURT,PT TUNAS ANTARNUSA MUDA KARGO,SLU,Solo Utara,1
5164SRGRM,ROCKET CHICKEN GONDANG,SRG,Sragen,1
5164SRGRT,SURYA MART,SRG,Sragen,1
5165SRGRM,ROCKET CHICKEN KARANGMALANG,SRG,Sragen,1
5167BYLRT,SURYA LIBERTY,BYL,Boyolali,1
5167KRART,TOKO KEMBAR,KRA,Karanganyar,1
5168BYLRT,CRYSMA,BYL,Boyolali,1
5168KRART,ABADI,KRA,Karanganyar,1
5169BYLRT,SIGMA SRC,BYL,Boyolali,1
5169KRART,KOPI PAHLAWAN,KRA,Karanganyar,1
5169KTSRT,LANCAR BAROKAH,KTS,Kartosuro,1
5169SLSHO,DIAMOND HOTEL,SLS,Solo Selatan,1
5169SLSRT,MUL ARIEF,SLS,Solo Selatan,1
5169SRGRT,TOKO AULIA,SRG,Sragen,1
5170KRART,TOKO PLASTIK FATIR,KRA,Karanganyar,1
5170SLSRT,KANTIN SD 15 MANGKUBUMEN,SLS,Solo Selatan,1
5171BYLRT,SHIFA MART,BYL,Boyolali,1
5171KTSRT,TOKO MINUK,KTS,Kartosuro,1
5171SLSKO,kKOP SAKAROSA JAYA ABADI,SLS,Solo Selatan,1
5172BYLRT,BU WARTI,BYL,Boyolali,1
5172SKHRT,ASYIFA STORE,SKH,Sukoharjo,1
5172SLSRT,AL-FATTAH ISLAMIC PRIMARY SCHO,SLS,Solo Selatan,1
5173KRART,ROTI O SPBU DAGEN KARANGANYAR,KRA,Karanganyar,1
5174SLSRT,SORAMEN MANAHAN,SLS,Solo Selatan,1
5174SRGRT,AL VARERO MART,SRG,Sragen,1
5175BYLRT,SURYA TANI,BYL,Boyolali,1
5176KRART,DUA RIZKI,KRA,Karanganyar,1
5179SKHRT,PANG WAFFLE CEMANI,SKH,Sukoharjo,1
5179SLSRT,SUMBER REJEKI PLASTIK,SLS,Solo Selatan,1
5180BYLRT,MAKMUR BAROKAH,BYL,Boyolali,1
5180SLSRT,ROTI JO TRANSMARTA PARAGON,SRG,Sragen,1
5180SRGRT,"AHMAD ABDUL AZIZ,S SOS",SRG,Sragen,1
5181SLSRT,FOTOCOPY PRIMKOPAD KOREM,SLS,Solo Selatan,1
5186SLSRT,HANDAYA PERKASA,SLS,Solo Selatan,1
5187SKHRT,TOKO GAPURO,SKH,Sukoharjo,1
5190SLSRT,A PRASASTI DESI,SLS,Solo Selatan,1
5191SLURT,KKJ,SLU,Solo Utara,1
5191SRGRT,TOKO ENDANG,SRG,Sragen,1
5192BYLRT,MERAH PUTIH SWALAYAN,BYL,Boyolali,1
5192SLSRT,BOING TENNA CENTER,SLS,Solo Selatan,1
5193BYLRT,WIROYUDO MART,BYL,Boyolali,1
5194SLSRT,MUMUSO,SLS,Solo Selatan,1
5196SLSSW,CENTRAL BEAUTY,SLS,Solo Selatan,1
5196SRGRT,TOKO IIK,SRG,Sragen,1
5197BYLRT,PAK EKO GAGAN,BYL,Boyolali,1
5197KRART,PAK JOKO,KRA,Karanganyar,1
5197KTSRT,MBAH WIR,KTS,Kartosuro,1
5197SLSRT,KSU SYIFA BUDI,SLS,Solo Selatan,1
5199SRGRT,MULTIPLUS,SRG,Sragen,1
5201BYLRT,TOKO SALILANA,BYL,Boyolali,1
5201KRART,TOKO ENDANG,KRA,Karanganyar,1
5201KTSRT,DAMAI ELECTRONIC/TONY,KTS,Kartosuro,1
5201SLSRM,MIE GACOAN VETERAN,SLS,Solo Selatan,1
5201SLURT,WARMIEZONE,SLU,Solo Utara,1
5201SRGRT,TOKO FRISTI,SRG,Sragen,1
5202KRART,PARMI,KRA,Karanganyar,1
5202SLSRT,BAKSO REMAJA GADING,SLS,Solo Selatan,1
5202SLSWS,CV.ANA BERKAH MANDIRI,SLS,Solo Selatan,1
5202SLURT,ROTI O SPBU MANAHAN,SLU,Solo Utara,1
5203SKHRT,STEAK MOEN-MOEN LUWES GENTAN,SKH,Sukoharjo,1
5203SLSRT,PT ALBATROSS GOLF STUDIO,SLS,Solo Selatan,1
5203SLURT,TOKO PRAYITNO,SLU,Solo Utara,1
5204SRGRT,TOKO PAK AGUS,SRG,Sragen,1
5205SRGRT,SRAGEN MART,SRG,Sragen,1
5206KRART,SUTARMIN,KRA,Karanganyar,1
5206SLSRT,KOPERASI RS HERMINA,SLS,Solo Selatan,1
5206SRGRT,RIO FOTOCOPY,SRG,Sragen,1
5207BYLRT,TOKO LESTARI,BYL,Boyolali,1
5209BYLRT,BILQIS,BYL,Boyolali,1
5209SLSRT,PNK MART PLASTIK,SLS,Solo Selatan,1
5209SLURT,NAYIRI,SLU,Solo Utara,1
5212SKHRT,MADA,SKH,Sukoharjo,1
5213SKHRT,TOKO MA,SKH,Sukoharjo,1
5213SRGRT,AA MART,SRG,Sragen,1
5214KRART,BAKUL LOMBOK KERING,KRA,Karanganyar,1
5216BYLRT,TOKO YUSUI JAYA,BYL,Boyolali,1
5216KRART,SHAVELA STORE,KRA,Karanganyar,1
5216SKHRT,TOKO MA POLOKARTO,SKH,Sukoharjo,1
5216SLURT,PHENNY GUSTRIANA,SLU,Solo Utara,1
5216SRGRT,TOKO DJOWI,SRG,Sragen,1
5217SLURT,FELLICIA WIEKA SUTANTO,SLU,Solo Utara,1
5217SRGRT,TOKO MANDIRI JAYA,SRG,Sragen,1
5218SKHRT,TOKO ZI SNACK,SKH,Sukoharjo,1
5218SRGRT,GRIYA MART,SRG,Sragen,1
52198SLSRT,NEW ROVINDA  CATERING,SLS,Solo Selatan,1
5219KRART,VINZ,KRA,Karanganyar,1
5219SKHRT,SCHATJESHOP,SKH,Sukoharjo,1
5219SRGRT,TOKO ZAHRA,SRG,Sragen,1
5220KRART,DAPUR AMANAH JAYA,KRA,Karanganyar,1
5224SLSRT,AYAM TALIWANG AS AD SOLO,SLS,Solo Selatan,1
5224SLURT,SARA LAURENSIA AQUINALDO,SLU,Solo Utara,1
5224SRGRT,GEPREK MANTUL GONDANG SRAGEN,SRG,Sragen,1
5226KRART,BERKAH JAYA TOSERBA,KRA,Karanganyar,1
5227SLSRT,TOKO BU RUMINI,SLS,Solo Selatan,1
5227SRGRT,TOKO EKA,SRG,Sragen,1
5228KRART,DULPINA MURAH MART,KRA,Karanganyar,1
5229KRART,TOKO REDJO,KRA,Karanganyar,1
5229SLSRT,KOPERASI DENPAL,SLS,Solo Selatan,1
5231SRGRT,SAS AC,SRG,Sragen,1
5232KRART,TOKO ADIBA,KRA,Karanganyar,1
5233KRART,TOKO SANTOSO,KRA,Karanganyar,1
5234KLTRT,PUTRI,KLT,Klaten,1
5239SLSRT,ANUGERAH JAYA MOTOR,SLS,Solo Selatan,1
5239SRGRT,BINTANG TIMUR,SRG,Sragen,1
5240SKHRT,LUMERIA COOKIES,SKH,Sukoharjo,1
5241KLTAP,APOTEK PADANG ARAN,KLT,Klaten,1
5241SKHRT,TOKO UPIK GAWOK,SKH,Sukoharjo,1
5241SLSRT,GULO JOWO,SLS,Solo Selatan,1
5241SLURT,ATHOILLAH,SLS,Solo Selatan,1
5241SRGRT,BOLO ROTI,SRG,Sragen,1
5242BYLRT,TK MARDI,BYL,Boyolali,1
5242SLSRT,SBC SPESIAL CAH KANGKUNG,SLS,Solo Selatan,1
5246BYLRT,TOKO REDJO,BYL,Boyolali,0
5246SKHRT,TOKO HANDAYANI,SKH,Sukoharjo,1
5246SRGRT,STAR ELC,SRG,Sragen,1
5249SRGRT,PARWOTO,SRG,Sragen,1
5252SLSRT,KOPERASI RS DKT,SLS,Solo Selatan,0
5252SRGRT,KANTIN SAMSAT SRAGEN,SRG,Sragen,1
5261KRART,IKSAN STORE,KRA,Karanganyar,1
5261SKHRT,AL KHOIR CEMANI,SKH,Sukoharjo,1
5261SLURT,LUXURY LOUNGE SOLO BALAPAN,SLU,Solo Utara,1
5261SRGRT,G MART SARADAN,SRG,Sragen,1
5262KRART,TOKO SEMBAKO CHA CHA,KRA,Karanganyar,1
5262KTSRT,TOKO BERKAH,KTS,Kartosuro,1
5263KRART,BERKAH JAYA ABADI,KRA,Karanganyar,1
5263KTSRT,TK KLETAK KLETIK,KTS,Kartosuro,1
5264SLSRT,RAMADHANI,SLS,Solo Selatan,1
5266BYLRT,TEJA MAYA ELC,BYL,Boyolali,1
5266KLTRT,BINTANG BAROKAH,KLT,Klaten,1
5267BYLRT,TOKO SURYA LIBERTY,BYL,Boyolali,1
5267SLURT,ARSYLA SHOP,SLU,Solo Utara,1
5269KRART,TB NALURI BESI,KRA,Karanganyar,1
5269SLURT,MUHAMMAD ISTAKANUDIN,SLU,Solo Utara,1
5270KRART,BERKAH PLASTIK,KRA,Karanganyar,1
5271KRART,TOKO YANTI BAKUL,KRA,Karanganyar,1
5271SLURT,ROTI O SPBU PEDARINGAN SOLO,SLU,Solo Utara,1
5272SRGRT,PUTRI RIYANTI,SRG,Sragen,1
5273KRART,TOKO KEN LARIS,KRA,Karanganyar,1
5273SLURT,YATMI AGUS,SLU,Solo Utara,1
5277SLURT,TOKO AL KHOIR,SLU,Solo Utara,1
5277SRGRT,TOKO BINTANG,SRG,Sragen,1
5278SKHRT,RIZKY BERSINAR,SKH,Sukoharjo,1
5279SLURT,TOKO TIGA PUTRI,SLU,Solo Utara,1
5295KRART,TOKO NS,KRA,Karanganyar,1
5296SLSRT,KHARISMA KARTIKA BERHASIL,SLS,Solo Selatan,1
5301KRART,TOKO ERNA ( AGUNG),KRA,Karanganyar,1
5301SRGRT,TOKO LARIS MART/ TOKO MAS MEKA,SRG,Sragen,1
5302SLSRT,SELAT NOTOSUMAN BU HARYATI,SLS,Solo Selatan,1
5303SLSRT,TWINS CAFE,SLS,Solo Selatan,1
5304KTSRT,TOKO RISKO JAYA,SLU,Solo Utara,1
5304SLSRT,ELLAN MAKMUR SNACK,SLS,Solo Selatan,1
5306SKHRT,ANEKA SNACK 57(CIK NIA),SKH,Sukoharjo,1
5306SLSRT,DESEMBER SAMPANGAN 2,SLS,Solo Selatan,1
5306SRGRT,SULASTRI,SRG,Sragen,1
5309SLSRT,WARUNG SEGER SARAS,SLS,Solo Selatan,1
5312SRGRT,TOKO KHARISMA,SRG,Sragen,1
5316KLTRT,HARTINI,KLT,Klaten,1
5321SRGRT,TOKO KHARISMA,SRG,Sragen,0
5322SLSRT,GLOBAL FITNES,SLS,Solo Selatan,1
5343BYLRT,TOKO SINAR,BYL,Boyolali,1
5366BYLRT,TOKO YASUI JAYA,BYL,Boyolali,1
5367BYLRT,TOKO REVITA COSMETIC,BYL,Boyolali,1
5373SRGRT,BINTANG TIMUR,SRG,Sragen,1
5400KLTSW,A SWALAYAN,KLT,Klaten,1
5401SLSRT,SSU AL ABIDIN (SD),SLS,Solo Selatan,1
5402SLSRT,MIE PINANGSIA ABUN,SLS,Solo Selatan,1
5403SLSRT,LINTANG MAKMUR 2,SLS,Solo Selatan,1
5409KLTRT,SRI MARYATI,KLT,Klaten,1
5412KLTRT,WARIS,KLT,Klaten,1
5413KLTRT,ES TEH RSI ASYIAH,KLT,Klaten,1
5416KRART,TOKO ANISA,KRA,Karanganyar,1
5418SRGRT,TOKO MAS KRISTA,SRG,Sragen,1
5421SRGRT,SETIA USAHA NGROMBO,SRG,Sragen,1
5426SRGRT,UD RIYADI MR,SRG,Sragen,1
5440SRGRT,TOKO RAFI,SRG,Sragen,1
5447KLTRT,ARYA,KLT,Klaten,1
5451BYLRT,TOKO JIDDAH/SUM,BYL,Boyolali,1
5460SLSRT,TOKO ANA,SLS,Solo Selatan,1
5465BYLRT,TK BERAS ROHMAD,BYL,Boyolali,1
5477KLTRT,UD.MARGOREJO,KLT,Klaten,1
5516SKHRT,TOKO SLAMET,SKH,Sukoharjo,1
5516SLURT,MITRA SYNERGI,SLU,Solo Utara,1
5523BYLRT,ARSEN MAKMUR,BYL,Boyolali,1
5523SLSRT,BERKAH RAHYU,SLS,Solo Selatan,1
5532BYLRT,BAROKAH ENY,BYL,Boyolali,1
5534KRART,TOKO HARTANTO,KRA,Karanganyar,1
5536SKHRT,TOKO NUGROHO,KTS,Kartosuro,1
5552SRGRT,PURI INDAH,SRG,Sragen,1
5555BYLRT,TOKO AL GROSIR,BYL,Boyolali,1
5561KRART,TOKO NANANG,KRA,Karanganyar,1
5562BYLRT,TOKO TUTIK/TITUK,BYL,Boyolali,1
5562SRGRT,SIDO MULYO MART,SRG,Sragen,1
5563GMLRT,HANA MART GEMOLONG,GML,Gemolong,1
5563SKHRT,BUMDES GAWOK JAYA,KTS,Kartosuro,1
5567KRART,TOKO BU TRI MOJOGEDANG,KRA,Karanganyar,1
5589SLURT,UD RANI BERSAUDARA,SLU,Solo Utara,1
5593BYLRT,SUHADI,BYL,Boyolali,1
5621KLTRT,YUNING WEDI,KLT,Klaten,1
5622KRART,SRI INDAH,KRA,Karanganyar,1
5628BYLRT,TIGA PUTRA BABYSHOP,BYL,Boyolali,1
5631BYLRT,ANI,BYL,Boyolali,1
5633SLSRT,TOKO KAWIT,SKH,Sukoharjo,1
5672SRGRT,MBAK ANI,SRG,Sragen,1
5674KLTRT,DWI,KLT,Klaten,1
5682BYLRT,TOKO JAGAD STORE,BYL,Boyolali,1
5684KLTRT,HAPPY'S MART,KLT,Klaten,1
5691KLTRT,PARWANTI,KLT,Klaten,1
5694SKHRT,COULD SUPPLY,SKH,Sukoharjo,1
5699KRART,TOKO KERTAS MCB,KRA,Karanganyar,1
5712SLSRT,FOTO COPY FAJAR,SLS,Solo Selatan,1
5716SKHRT,TOKO NINA,SKH,Sukoharjo,1
5719BYLRT,AAA SEMOGA JAYA KLEGO,BYL,Boyolali,1
5719SLURT,ARJUNA M R NFI,SLU,Solo Utara,1
5722KRART,TOKO PLASTIK FATHIN,KRA,Karanganyar,1
5771KLTRT,ASMUNAH,KLT,Klaten,1
5788BYLRT,BERKAH PUTRA,BYL,Boyolali,1
5800SLURT,PT.UNIRAMA DUTA NIAGA,SLU,Solo Utara,1
5811KRART,BERKAH MULYA,KRA,Karanganyar,1
5812SLSRT,MUSIA JAYA INDONESIA,SLS,Solo Selatan,1
5818SRGRT,TOKO NGUDI RAHAYU,SRG,Sragen,1
5846SRGRT,SRIKANDI MART,SRG,Sragen,1
5862SLURT,YOYOK TOKO,KRA,Karanganyar,1
5863KRART,MANUNGGAL STASIONERY,KRA,Karanganyar,1
5866SKHRT,TOKO ILHAM KALINITI,SKH,Sukoharjo,1
5874KLTRT,BU IS,KLT,Klaten,1
5874LKLTRT,BU IS,KLT,Klaten,1
5874SKHRT,PT.DAGANGAN KARYA INDONESIA,SKH,Sukoharjo,1
5899SKHRT,TOKO WIDODO,SKH,Sukoharjo,0
5917SRGRT,NGURIPI MART 2,SRG,Sragen,1
5933KTSRT,HAI MART,KTS,Kartosuro,1
5968KRART,LANGGENG SNACK,KRA,Karanganyar,1
5971KLTRT,ABDUL,KLT,Klaten,1
5973BYLRT,TOKO TRIMANTO,BYL,Boyolali,1
5996SLSRT,MASJID AL KHOIR,SLS,Solo Selatan,1
5999SLSRT,TOKO WARTO,SLS,Solo Selatan,1
6000WNGRT,ABADI JATISRONO,WNG,Wonogiri,1
6001GMLRT,HEMA MART,GML,Gemolong,1
6001SLSRT,PENYETAN JOKO SOLO,SLS,Solo Selatan,1
6001SRGRT,MULIA MASARAN,SRG,Sragen,1
6002GMLRT,GEPREK SAI GEMOLONG,GML,Gemolong,1
6002SLSRT,SOLO FRESH HALL,SLS,Solo Selatan,1
6002SRGRT,TOKO MULIA,SRG,Sragen,1
6003KRART,UNTUNG SEJAHTERA FROZEN FOOD,KRA,Karanganyar,1
6003SLSRT,DUNIA IKAN HIAS,SLS,Solo Selatan,1
6003SRGRT,AHHA MART,SRG,Sragen,1
6004SRGRT,FAJAR JAMBANAN SIDOHARJO,SRG,Sragen,1
6005SLURT,APOTEK BAYAN SEHAT FARMA,SLU,Solo Utara,1
6005SRGRT,SRIKANDI MART JAMBANGAN,SRG,Sragen,1
6006SLSRT,ABASSY MART,SLS,Solo Selatan,1
6006SRGRT,SRC LIS,SRG,Sragen,1
6007SRGRT,SRC ABI THANIA,SRG,Sragen,1
6008SRGRT,SRC MITRO CELL SIDOHARJO SRAGE,SRG,Sragen,1
6009SLSRT,ANSORI,SLS,Solo Selatan,1
6010SRGRT,SUMBER BARU REJEKI SRAGEN,SRG,Sragen,1
6011SRGRT,STAR FITNES S5,SRG,Sragen,1
6012SRGRT,MR.GAMES LUWES SRAGEN,SRG,Sragen,1
6013SRGKO,KOPERASI MKD JAPFA SRAGEN S5,SRG,Sragen,1
6014SRGRT,CAHAYA SAKTI MOTOR,SRG,Sragen,1
6015SLSRT,CAHAYA SAKTI MOTOR,SLS,Solo Selatan,1
6015SRGRT,TOKO ANEKA JAYA,SRG,Sragen,1
6102KLTRT,AL-AMIN,KLT,Klaten,1
6106KLTRT,TOKO BALI 2,KLT,Klaten,1
6109KLTRT,CAHAYA,KLT,Klaten,1
6123KLTRT,TUMIYEM JOGONALAN,KLT,Klaten,1
6124KLTRT,WAHYU JOGONALAN,KLT,Klaten,1
6125GMLRT,TOKO BAROKAH,GML,Gemolong,1
6125KLTRT,SURYANTI JOGONALAN,KLT,Klaten,1
6125WNGRT,TIGA PUTRA JAYA,WNG,Wonogiri,1
6126GMLRT,TOKO TRI JAYA,GML,Gemolong,1
6126KLTRT,BADAR,KLT,Klaten,1
6126WNGRT,TIGA PUTRA JAYA 2,WNG,Wonogiri,1
6127KLTRT,HARYONO KR DOWO,KLT,Klaten,1
6127WNGRT,TIGA PUTRA JAYA 3,WNG,Wonogiri,1
6128KLTRT,YANI JOGONALAN,KLT,Klaten,1
6129KLTRT,RATNO JOGONALAN,KLT,Klaten,1
6153BYLRT,TOKO TINI,BYL,Boyolali,1
6163SLSRT,TOKO THOMAS,SLS,Solo Selatan,1
6180SLSRT,ATIK PITIK,SLS,Solo Selatan,0
6254SKHRT,TB PUTRA MANDIRI,SLS,Solo Selatan,1
6269KLTRT,TOKO BU YANTI,KLT,Klaten,1
6288SLSRT,GENAH MURAH MART,SLS,Solo Selatan,1
6289SLSRT,TOKO ABDI,SLS,Solo Selatan,1
6300KLTMM,ERA MART,KLT,Klaten,1
6300KLTRT,TRI JAYA,KLT,Klaten,1
6301KLTRT,BINTANG 2,KLT,Klaten,1
6303KLTRT,LOVEN MULYA,KLT,Klaten,1
6312KLTRT,ANUGRAH,KLT,Klaten,1
6312KTSRT,UMS MART,SKH,Sukoharjo,1
6324BYLRT,TOKO SETYAKI MUSUK,BYL,Boyolali,1
6324SLSRT,TOKO KELONTONG ANDREW,SLS,Solo Selatan,1
6332KTSRT,ADINDA,KTS,Kartosuro,1
6352BYLRT,TOKO RAIHAN,BYL,Boyolali,1
6354KLTRT,ROMADHON JUWIRING,KLT,Klaten,1
6385KRART,AMORA MART,KRA,Karanganyar,1
6401KLTRT,TOSERBA DEWI,KLT,Klaten,1
6403SLSRT,CENTRAL SAKTI NUSUKAN,SLS,Solo Selatan,1
6405KLTRT,PALAPA KLATEN,KLT,Klaten,1
6406KLTRT,BU SUPARJA,KLT,Klaten,1
6417SKHRT,CAHAYA SANTI-ACI,SKH,Sukoharjo,0
6426KLTRT,UNGGUL BARU,KLT,Klaten,1
6427KLTRT,IDEAL,KLT,Klaten,1
6428KLTRT,MAHANANI,KLT,Klaten,1
6429KLTRT,SINAR SEJATI,KLT,Klaten,1
6430KLTRT,ZAM ZAM,KLT,Klaten,1
6431KLTRT,SIDODADI TB,KLT,Klaten,1
6432KLTRT,FLORA RIA,KLT,Klaten,1
6433KLTRT,ANUGRAH,KLT,Klaten,1
6440WNGRT,CALISTA,WNG,Wonogiri,1
6450KLTRT,TOKO BINTANG,KLT,Klaten,1
6456KLTRT,SUPRI PS.NGUPIT,KLT,Klaten,1
6456SLSWS,TIRA GROSIR,SLS,Solo Selatan,0
645KTSRT,ALE PABELAN,KTS,Kartosuro,0
6499KLTRT,APT. SARWO ONO,KLT,Klaten,1
6502KLTRT,FAJAR BARU FOTO,KLT,Klaten,1
6503KLTRT,ANEKA RIA,KLT,Klaten,1
6504KLTRT,TK.JATIANOM,KLT,Klaten,1
6505KLTRT,MB.SUM (IWAK),KLT,Klaten,1
6506KLTRT,SURYA ABADI,KLT,Klaten,1
6507KLTRT,TRI SAKTI,KLT,Klaten,1
6509KLTRT,JEXA FOTO (DPN PUSKESMAS TMNGW,KLT,Klaten,1
6510KLTRT,KURNIA MUDA (TK BESI ),KLT,Klaten,1
6511KLTRT,BANDI RAHARJO,KLT,Klaten,1
6512KLTRT,BINTANG COPY&ATK,KLT,Klaten,1
6513KLTRT,TUNGGAL JAYA,KLT,Klaten,1
6514KLTRT,SURYA ANDESA,KLT,Klaten,1
6515KLTRT,JUJUR JUNIOR,KLT,Klaten,1
6516KLTRT,ANDA KLATEN,KLT,Klaten,1
6517KLTRT,LESTARI MM KLATEN,KLT,Klaten,1
6517SRGRT,RAGIL,,,1
6518KLTRT,MAHKOTA FC KLATEN,KLT,Klaten,1
6519KLTRT,DANANG,KLT,Klaten,1
6520KLTRT,SINAR BARU KLT,KLT,Klaten,1
6521KLTRT,PHOTO ART,KLT,Klaten,1
6522KLTRT,BAROKAH,KLT,Klaten,1
6523KLTRT,KAWI JAYA SEPEDA,KLT,Klaten,1
6523SRGRT,TOKO MU,GML,Gemolong,1
6524KLTRT,KAWI JAYA TOYS,KLT,Klaten,1
6525KLTRT,LEO I,KLT,Klaten,1
6526KLTRT,LEO II,KLT,Klaten,1
6527KLTRT,AGUNG REJEKI,KLT,Klaten,1
6529KLTRT,TYAS ELECTRIK,KLT,Klaten,1
6529WNGRT,TOKO RAJAWALI,WNG,Wonogiri,1
6530KLTRT,LINTANG ATK,KLT,Klaten,1
6531WNGRT,MORO SENENG,WNG,Wonogiri,1
6532WNGRT,ARDHA ELECTRO,WNG,Wonogiri,1
6533KLTRT,UTAMA LISTRIK,KLT,Klaten,1
6534KLTRT,BAROKAH,,,1
6535WNGRT,SANTI,WNG,Wonogiri,1
6536WNGRT,SAMBUNG PS.WONOGIRI,WNG,Wonogiri,1
6537WNGRT,MIJAN PS.WONOGIRI,WNG,Wonogiri,1
6538SRGRT,PRIYANTI,SRG,Sragen,1
6538WNGRT,MARTI PS.WONOGIRI,WNG,Wonogiri,1
6539WNGRT,PAK GUN GENDUT,WNG,Wonogiri,1
6543KLTRT,PUTRA,KLT,Klaten,1
6545KLTRT,MAN FOTO,KLT,Klaten,1
6546KLTRT,HARYONO,KLT,Klaten,1
6547KLTRT,ANUGRAH MM,KLT,Klaten,1
6552KLTRT,SRI,KLT,Klaten,1
6554KLTRT,MATARAM ELECTRIK,KLT,Klaten,1
6555KLTRT,SARI LISTRIK,KLT,Klaten,1
6556KLTRT,KEMBAR,KLT,Klaten,1
6557KLTRT,SRI MANIS FOTO,KLT,Klaten,1
6558KLTRT,PERTAMINI,KLT,Klaten,1
6559KLTRT,TUNGGAL JAYA,KLT,Klaten,1
6566KLTRT,SUPARJO KLT,KLT,Klaten,1
6567KLTRT,PODO JOYO,KLT,Klaten,1
6568,SINAR (Toko Bolo Pecah,SLS,Solo Selatan,0
6568KLTRT,ANUGRAH,KLT,Klaten,1
6569KLTRT,BINTANG ELECTRONIK,KLT,Klaten,1
6570KLTRT,ANANDA BABY SHOP,KLT,Klaten,1
6570WNGRT,JOKO MUDO,WNG,Wonogiri,1
6571KLTRT,MULYANI KLT,KLT,Klaten,1
6571WNGRT,RIZKY PRACI,WNG,Wonogiri,1
6572KLTRT,SUROTO KARANGANOM,KLT,Klaten,1
6572WNGRT,SITI PURWANTORO,WNG,Wonogiri,1
6573KLTRT,SRI JOKO,KLT,Klaten,1
6573WNGRT,DODY NGADIROJO,WNG,Wonogiri,1
6574KLTRT,ARIS,KLT,Klaten,1
6574WNGRT,MINIL BATU,WNG,Wonogiri,1
6575KLTRT,NARNI ROTI PEDAN,KLT,Klaten,1
6575WNGRT,TUTIK BATU,WNG,Wonogiri,1
6576KLTRT,BARES JAYA KLT,KLT,Klaten,1
6576WNGRT,MARGONO WURYANTORO,WNG,Wonogiri,1
6577WNGRT,DANI II,WNG,Wonogiri,1
6578KLTRT,BARES JAYA,KLT,Klaten,1
6578WNGRT,HARTINI,WNG,Wonogiri,1
6579KLTRT,BEJUK ELEKTRONIK,KLT,Klaten,1
6579WNGRT,TOKO REJO,WNG,Wonogiri,1
6580BYLRT,YUSUF,BYL,Boyolali,0
6580WNGRT,JAVA MART,WNG,Wonogiri,1
6581KLTRT,DAFFA ELEKTRONIK,KLT,Klaten,1
6581WNGRT,ERLANGGA WNG,WNG,Wonogiri,1
6582KLTRT,TATA MM,KLT,Klaten,1
6582WNGRT,TK. ALIP,WNG,Wonogiri,1
6583KLTRT,AGIP KLATEN,KLT,Klaten,1
6583WNGRT,ANEKA WARNA PHOTO,WNG,Wonogiri,1
6584KLTRT,SISMA ELEC.,KLT,Klaten,1
6584WNGRT,YATMAN PURWANTORO,WNG,Wonogiri,1
6585KLTRT,FLARIS FOTO,KLT,Klaten,1
6585WNGRT,NUR IMAN PULE,WNG,Wonogiri,1
6586KLTRT,POJOK/DEPOT ES,KLT,Klaten,1
6586WNGRT,TEMAN PUTRA,WNG,Wonogiri,1
6587KLTRT,SURO ELEKTRONIK,KLT,Klaten,1
6587WNGRT,SUSAN PRACI,WNG,Wonogiri,1
6588KLTRT,ADI ANISA,KLT,Klaten,1
6588SRGRT,POJOK GIYONO,SRG,Sragen,0
6588WNGRT,REJEKI WONOGIRI,WNG,Wonogiri,1
6589KLTRT,SINAR SAKTI PEDAN,KLT,Klaten,1
6589WNGRT,SALMA KRISAK,WNG,Wonogiri,1
6590KLTRT,PROF JATINOM,KLT,Klaten,1
6590WNGRT,HASIL SUBUR,WNG,Wonogiri,1
6591KLTRT,SUPARJO,KLT,Klaten,0
6591WNGRT,SRI EGA BATURETNO,WNG,Wonogiri,1
6592KLTRT,SAKURA FOTO,KLT,Klaten,1
6592WNGRT,SEMPULUR EROMOKO,WNG,Wonogiri,1
6593KLTRT,EKSIS AGENCY,KLT,Klaten,1
6593WNGRT,SANTUN PRACI,WNG,Wonogiri,1
6594KLTRT,TRIPLE- M,KLT,Klaten,1
6594WNGRT,RESTU WURYANTORO,WNG,Wonogiri,1
6595KLTRT,LINTANG PEDAN,KLT,Klaten,0
6595WNGRT,MUJI ELEKTRIK,WNG,Wonogiri,1
6596KLTRT,SUMMA FOTO,KLT,Klaten,1
6596WNGRT,BUMIREJO,WNG,Wonogiri,1
6597KLTRT,CAHAYA BARU WEDI,KLT,Klaten,1
6597WNGRT,ELZA LISTRIK/ELZA SALON,WNG,Wonogiri,1
6598KLTRT,CAHAYA ELEKTRIK,KLT,Klaten,1
6598WNGRT,AIR MANCUR PURWANTORO,WNG,Wonogiri,1
6599KLTRT,SOLEH BAYAT,KLT,Klaten,1
6599WNGRT,TANJUNG PRACI,WNG,Wonogiri,1
6600WNGRT,POJOK WURYANTORO,WNG,Wonogiri,1
6601KLTRT,BAGAS COKRO,KLT,Klaten,1
6601WNGRT,NOR PRACI,WNG,Wonogiri,1
6602KLTRT,HARTINI TANJUNG,KLT,Klaten,1
6602WNGKO,KOPERASI WARAH,WNG,Wonogiri,1
6603KLTRT,HARTINI WONOSARI,KLT,Klaten,1
6603WNGRT,NURAINI-TUNAS JAYA,WNG,Wonogiri,1
6604KLTRT,EL DIVA,KLT,Klaten,1
6604WNGRT,DHADI,WNG,Wonogiri,1
6605KLTRT,KHASANAH KLATEN,KLT,Klaten,1
6605WNGRT,DODI,WNG,Wonogiri,1
6606KLTRT,NURYANI KLATEN,KLT,Klaten,1
6606WNGRT,PURWO,WNG,Wonogiri,0
6607WNGRT,VARIASI TUMBUH KENCANA,WNG,Wonogiri,1
6608KLTRT,SINAR TIMUR ELEKTRONIK,KLT,Klaten,1
6608WNGRT,POETOE SHOWI GROUP,WNG,Wonogiri,1
6609KLTRT,SAKIMAN DELANGGU,KLT,Klaten,1
6609WNGRT,ANDRE,WNG,Wonogiri,1
6610KLTRT,CLARIS FOTO,KLT,Klaten,1
6610WNGRT,YAYUK,WNG,Wonogiri,1
6611KLTRT,DEWI JATINOM,KLT,Klaten,1
6611WNGRT,ARI MULYA,WNG,Wonogiri,1
6612KLTRT,BAROKAH ATK,KLT,Klaten,1
6612WNGRT,SLAMET,WNG,Wonogiri,1
6613BYLRT,BONILA,BYL,Boyolali,0
6613KLTRT,GUNS FOTO,KLT,Klaten,1
6613SRGRT,NANA,SRG,Sragen,0
6613WNGRT,ENGGAL,WNG,Wonogiri,1
6614KLTRT,EDI,KLT,Klaten,1
6614WNGRT,BU NINIK GEREH,WNG,Wonogiri,1
6615KLTRT,PAK MURSIT,KLT,Klaten,1
6615WNGRT,SLAMET MOTOR,WNG,Wonogiri,1
6616KLTRT,BU MUL (UD MULYONO),KLT,Klaten,1
6616WNGRT,MARIA,WNG,Wonogiri,1
6617KLTRT,TOKO MADINA MURAH,KLT,Klaten,1
6617WNGRT,WALUYO MOTOR II,WNG,Wonogiri,1
6618KLTRT,SAMI INDAH,KLT,Klaten,1
6618WNGRT,OLISA VARIASI,WNG,Wonogiri,1
6619KLTRT,CIPTA MANDIRI COMPU,KLT,Klaten,1
6619WNGRT,CATERING BU PARYANTI,WNG,Wonogiri,1
6620KLTRT,JOKO,KLT,Klaten,1
6620WNGRT,OLOSA MOTOR,WNG,Wonogiri,1
6621KLTRT,BU AMBAR,KLT,Klaten,1
6621WNGRT,TK.PONIK,WNG,Wonogiri,1
6622KLTRT,RUBIYEM,KLT,Klaten,1
6622WNGRT,MIFTA {TOKO ALAT TULIS },WNG,Wonogiri,1
6623KLTRT,BU DARNI,KLT,Klaten,1
6623WNGRT,MAS AGUS,WNG,Wonogiri,1
6624KLTRT,MERDEKA,KLT,Klaten,1
6624KRART,SALSABILA MART,KRA,Karanganyar,1
6624WNGRT,AYAM GORENG MBAK NING,WNG,Wonogiri,1
6625KLTRT,SMK PEDAN (GROSIR),KLT,Klaten,1
6625WNGRT,ERA BARU,WNG,Wonogiri,1
6626KLTRT,YANT FOTO,KLT,Klaten,1
6626SRGRT,GIYONO SRAGEN,SRG,Sragen,0
6626WNGRT,MARGA WIDURI,WNG,Wonogiri,1
6627KLTRT,SAUDARA,KLT,Klaten,1
6627KTSRT,TB MITRA,KTS,Kartosuro,1
6628KLTRT,JAMU JAGO (depan BMT Jatinom),KLT,Klaten,1
6629KLTRT,MEGA TOYS,KLT,Klaten,1
6630KLTRT,SINAR JAYA ELK,KLT,Klaten,1
6631BYLRT,KHUSNIAH,BYL,Boyolali,1
6631KLTRT,TUNGGUL ABADI (Sblh AMALIA),KLT,Klaten,1
6632BYLRT,BAROKAH KIDS,BYL,Boyolali,1
6632KLTRT,ASYA,KLT,Klaten,1
6632KRART,BU YANTI,KRA,Karanganyar,1
6632KTSRT,KEBUN FARMHILL SOLO,KTS,Kartosuro,1
6632SLSRT,NISA CELL,SLS,Solo Selatan,1
6633KLTRT,BINTANG WALET/ BP HANDOYO,KLT,Klaten,1
6633WNGRT,REMAJA SEPEDA,WNG,Wonogiri,1
6634KLTRT,TRI WIBOWO (Sblh Crsytal Jam),KLT,Klaten,1
6635KLTRT,SRI SUHAR,KLT,Klaten,1
6637KLTRT,NU KLATEN,KLT,Klaten,1
6637WNGRT,DADHY,WNG,Wonogiri,1
6638WNGRT,BENY ELEC (Smpg WAHYU),WNG,Wonogiri,1
6639WNGRT,AGUNG FOTO (Smpg POJOK BATU),WNG,Wonogiri,1
6640KLTRT,P.SLAMET,KLT,Klaten,1
6640WNGRT,KURNIA ELEKTRO,WNG,Wonogiri,1
6641KLTRT,NUK JUWIRING,KLT,Klaten,1
6641WNGRT,AYAM GORENG PARYATI,WNG,Wonogiri,1
6642WNGRT,DIANA BARU SELL,WNG,Wonogiri,1
6643KLTRT,FLORIDA,KLT,Klaten,1
6643WNGRT,ASIH SH,WNG,Wonogiri,1
6644KLTRT,MAHMUD,KLT,Klaten,1
6644WNGRT,NUR BULUSULUR,WNG,Wonogiri,1
6645KLTRT,TREYAN,KLT,Klaten,1
6645WNGRT,GEMILANG,WNG,Wonogiri,1
6646KLTRT,MAHMUD TEMUWANGI,KLT,Klaten,1
6646WNGRT,RAJAWALI,WNG,Wonogiri,1
6647KLTRT,SRI JOKO SARWONO,KLT,Klaten,1
6647WNGRT,ASRI NANDA,WNG,Wonogiri,1
6648KLTRT,AZ-ZAHRA MART,KLT,Klaten,1
6648WNGRT,AYU WONOGIRI,WNG,Wonogiri,1
6649KLTRT,DIAN KUSUMA FOTO,KLT,Klaten,1
6649WNGRT,SUWARNI SLOGOHIMO,WNG,Wonogiri,1
6650WNGRT,AMALIA SLOGOHIMO,WNG,Wonogiri,1
6651KLTRT,WARIS ELEKTRONIK,KLT,Klaten,1
6651WNGRT,BATUMARTA,WNG,Wonogiri,1
6652KLTRT,SUMBER HIDUP,KLT,Klaten,1
6652WNGRT,IBU SAJI (Barat Kastory Motor),WNG,Wonogiri,1
6653KLTRT,SMART FOTO COPY,KLT,Klaten,1
6653WNGRT,HARNO NGADIROJO,WNG,Wonogiri,1
6654KLTRT,HAP,KLT,Klaten,1
6654WNGRT,DELTA,WNG,Wonogiri,1
6655KLTRT,MAHARANI,BYL,Boyolali,1
6655WNGRT,KPRI GUNA BAKTI WURYANTORO,WNG,Wonogiri,1
6656KLTRT,RIDHO MARTONO,KLT,Klaten,1
6656WNGRT,TOKO BUKU WAHYU PUTRO,WNG,Wonogiri,1
6657KLTRT,MAKMUR UTAMA,KLT,Klaten,1
6657WNGRT,MULYADI WURYANTORO,WNG,Wonogiri,1
6658KLTRT,WARNA TERANG LISTRIK,KLT,Klaten,1
6659KLTRT,DODI PEDAN,KLT,Klaten,1
6659WNGRT,TOKO WINA SIDOHARJO,WNG,Wonogiri,1
665KLTRT,TIARA PEDAN,KLT,Klaten,1
6660KLTRT,SRI PS.DELANGGU,KLT,Klaten,1
6660WNGRT,TOKO CAHAYA PALAPA,WNG,Wonogiri,1
6661KLTRT,RINI PS.DELANGGU,KLT,Klaten,1
6661WNGRT,TOKO KUSUMA,WNG,Wonogiri,1
6662KLTRT,NUR PS.DELANGGU,KLT,Klaten,1
6662SLSRT,MIE SENTOSA UMS,SLS,Solo Selatan,1
6662WNGRT,TOKO PALAPA ELEKTRO,WNG,Wonogiri,1
6663KLTRT,ABADI AUTO CARE,KLT,Klaten,1
6663WNGRT,FAUSAN FOTO COPY,WNG,Wonogiri,1
6664KLTRT,APOTIK BUDI LUHUR,KLT,Klaten,1
6664WNGRT,AWANG SLOGOHIMO,WNG,Wonogiri,1
6665KLTRT,KURNIA MOTOR,KLT,Klaten,1
6667KLTRT,BU DOSEN,KLT,Klaten,1
6667SRGRT,Lilin,SRG,Sragen,0
6668KLTRT,OLIE 81,KLT,Klaten,1
6669KLTRT,NASHER VARIASI,KLT,Klaten,1
666KLTRT,RAHMAT MOTOR,KLT,Klaten,1
6670KLTRT,MARRIO SERVICE CENTRE,KLT,Klaten,1
6670WNGRT,GESANG WONOGIRI,WNG,Wonogiri,1
6671KLTRT,PATRA AGUNG MOTOR,KLT,Klaten,1
6671WNGRT,BP SAYUM NGADIROJO,WNG,Wonogiri,1
6672KLTRT,MONZA BENGKEL MOBIL&SEPEDA,KLT,Klaten,1
6672WNGRT,RAHAYU NGADIROJO,WNG,Wonogiri,1
6673KLTRT,INDAH  MOTOR,KLT,Klaten,1
6673WNGRT,IBU JOKO WONOGIRI,WNG,Wonogiri,1
6674KLTRT,SARI AYU,KLT,Klaten,1
6674WNGRT,WULAN WONOGIRI,WNG,Wonogiri,1
6675KLTRT,TOKO SRIKANDI,KLT,Klaten,1
6677KLTRT,ERSA,KLT,Klaten,1
6678BYLRT,WIWIK CEPOGO,BYL,Boyolali,0
6678KLTRT,MITRA MANDIRI,KLT,Klaten,1
6679KLTRT,SKM,KLT,Klaten,1
6680KLTRT,TOKO KELONTONG DIDONG,KLT,Klaten,1
6680WNGRT,HARNO WNG,WNG,Wonogiri,1
6681KLTRT,MAHKOTA,KLT,Klaten,1
6682KLTRT,BUDI MULYA,KLT,Klaten,1
6683KLTRT,AL RENT,KLT,Klaten,1
6684KLTRT,YAYUK PS.DELANGGU,KLT,Klaten,1
6685KLTRT,WARIS,KLT,Klaten,1
6686KLTRT,aditia trucuk,KLT,Klaten,1
6687KLTRT,JODO TEMBAKAU,KLT,Klaten,1
6688KLTRT,TOKO TANTI,KLT,Klaten,1
6689KLTRT,YUNI DELANGGU,KLT,Klaten,1
6689WNGRT,WAHYU PUTRO MOTOR,WNG,Wonogiri,1
6690KLTRT,Wondo Delanggu,KLT,Klaten,1
6690WNGRT,TIRTA JAYA,WNG,Wonogiri,1
6691KLTRT,NGADIYO DELANGGU,KLT,Klaten,1
6691WNGRT,SURIP TAHU,WNG,Wonogiri,1
6692KLTRT,MURJONO DELANGGU,KLT,Klaten,1
6692WNGRT,HANI PS.WNG,WNG,Wonogiri,1
6693KLTRT,Anita Ponggok,KLT,Klaten,1
6693WNGRT,MUL PS.PURWANTORO,WNG,Wonogiri,1
6694KLTRT,NARTI GABUS,KLT,Klaten,1
6694WNGRT,MAJU JAYA WONOGIRI,WNG,Wonogiri,1
6695KLTRT,HERU WEDI,KLT,Klaten,1
6695WNGRT,LANCAR WONOGIRI,WNG,Wonogiri,1
6696KLTRT,TUNGGAL ABADI,KLT,Klaten,1
6696WNGRT,ABDI WONOGIRI,WNG,Wonogiri,1
6697KLTRT,ROKHIM PEDAN,KLT,Klaten,1
6697WNGRT,PAK JIMAH WONOGIRI,WNG,Wonogiri,1
6698KLTRT,MATRAS JATEN,KLT,Klaten,1
6698WNGRT,IRA SLOGOHIMO,WNG,Wonogiri,1
6699WNGRT,ANUGRAH WONOGIRI,WNG,Wonogiri,1
6700KLTRT,Sri Jumino Pedan,KLT,Klaten,1
6700WNGRT,PAGIMIN,WNG,Wonogiri,1
6701KLTRT,LESTARI CEPER,KLT,Klaten,1
6701WNGRT,MAMO WONOGIRI,WNG,Wonogiri,1
6702KLTRT,MULYONO,KLT,Klaten,1
6703KLTRT,BAKOH,KLT,Klaten,1
6704KLTRT,BINIKA MRANGGEN,KLT,Klaten,1
6705KLTRT,ATMO GABUS,KLT,Klaten,1
6706KLTRT,HERI JATINOM,KLT,Klaten,1
6706WNGRT,OTOMOBIL WNG,WNG,Wonogiri,1
6707KLTRT,KUSMAH JATINOM,KLT,Klaten,1
6707WNGRT,SARWONO SIDOKRIYO,WNG,Wonogiri,1
6708KLTRT,ASIH GABUS,KLT,Klaten,1
6708WNGRT,KARNO SIDOKRIYO,WNG,Wonogiri,1
6709KLTRT,ROHMAH,KLT,Klaten,1
6709WNGRT,MULYA WONOGIRI,WNG,Wonogiri,1
6710KLTRT,MITRA PS. KEMBANG,KLT,Klaten,1
6710WNGRT,ARTO MORO PS. NGADIROJO,WNG,Wonogiri,1
6711KLTRT,BANGKIT PS. KEMBANG,KLT,Klaten,1
6711WNGRT,BUDI KEPUH,WNG,Wonogiri,1
6712KLTRT,TAQWA MANIS RENGGO,KLT,Klaten,1
6712WNGRT,TRI JAYA GIRIMARTO,WNG,Wonogiri,1
6713KLTRT,ABDUL JUFRI,KLT,Klaten,1
6713WNGRT,KAMTI PS. GIRIMARTO,WNG,Wonogiri,1
6714KLTRT,JAYA PUTRA,KLT,Klaten,1
6714WNGRT,MANDALING JAYA,WNG,Wonogiri,1
6715KLTRT,SISWA MANIS RENGGO,KLT,Klaten,1
6715WNGRT,BU TUTIK,WNG,Wonogiri,1
6716KLTRT,RIYANTI,KLT,Klaten,1
6716WNGRT,SUGENG PS WURYANTORO,WNG,Wonogiri,1
6717KLTRT,NOVI MANIS RENGGO,KLT,Klaten,1
6717WNGRT,LASTRI PS WURYANTORO,WNG,Wonogiri,1
6718KLTRT,ARIES,KLT,Klaten,1
6718WNGRT,BU SAKIMAN,WNG,Wonogiri,1
6719KLTRT,HARTI JURANG JERO,KLT,Klaten,1
6719WNGRT,JASMIN,WNG,Wonogiri,1
6720KLTRT,YAYUK JURANG JERO,KLT,Klaten,1
6720WNGRT,BAKSO TIMOR PS PRACIMANTORO,WNG,Wonogiri,1
6721KLTRT,PURWANTI PS. KEMBANG,KLT,Klaten,1
6721WNGRT,MBAK FITRI,WNG,Wonogiri,1
6722KLTRT,ARI PEDAN,KLT,Klaten,1
6722WNGRT,WARSI PS. PRACI,WNG,Wonogiri,1
6723KLTRT,YONO/YAYAH KLATEN,KLT,Klaten,1
6723WNGRT,BU LEGI,WNG,Wonogiri,1
6724KLTRT,DENY TANJUNG,KLT,Klaten,1
6724WNGRT,TOKO HENDRO NGADIROJO,WNG,Wonogiri,1
6725KLTRT,NARTI TANJUNG,KLT,Klaten,1
6725WNGRT,ANUGRAH TIRTOMOYO,WNG,Wonogiri,1
6726KLTRT,MEGA TANJUNG,KLT,Klaten,1
6726WNGRT,KHARISMA SENDANG REJO,WNG,Wonogiri,1
6727KLTRT,AMAT TANJUNG,KLT,Klaten,1
6727WNGRT,SRI PS. TIRTOMOYO,WNG,Wonogiri,1
6728KLTRT,WIJI,KLT,Klaten,1
6728WNGRT,YATNO PS. TIRTOMOYO,WNG,Wonogiri,1
6729KLTRT,AL RUM,KLT,Klaten,1
6729WNGRT,MARYATI,WNG,Wonogiri,1
6730KLTRT,SRIGUN CEPER,KLT,Klaten,1
6730WNGRT,WARSI PS. TIRTOMOYO,WNG,Wonogiri,1
6731KLTRT,YANI,KLT,Klaten,1
6731WNGRT,INAH PS. TIRTOMOYO,WNG,Wonogiri,1
6732KLTRT,RURI TANJUNG,KLT,Klaten,1
6732WNGRT,PRIBADI BATU,WNG,Wonogiri,1
6733KLTRT,RAHMAT,KLT,Klaten,1
6733WNGRT,WARUNG MANSYA,WNG,Wonogiri,1
6734KLTRT,Sumber Abadi Pedan,KLT,Klaten,1
6734WNGRT,BENGKEL PAK NARTO EROMOKO,WNG,Wonogiri,1
6735KLTRT,Ami Pedan,KLT,Klaten,1
6735WNGRT,MAMI,WNG,Wonogiri,1
6736WNGRT,KAHLAN,WNG,Wonogiri,1
6737KLTRT,NARTO PEDAN,KLT,Klaten,1
6737WNGRT,BU DIBYO PS. NGADIROJO,WNG,Wonogiri,1
6738KLTRT,DANMAN GABUS,KLT,Klaten,1
6738WNGRT,EMIE SIDOKRIYO,WNG,Wonogiri,1
6739KLTRT,TONI JATINOM,KLT,Klaten,1
6739WNGRT,DHEA SIDOKRIYO,WNG,Wonogiri,1
6740KLTRT,ARSIH JATINOM,KLT,Klaten,1
6740WNGRT,HUDA,WNG,Wonogiri,1
6741KLTRT,NIATI JATINOM,KLT,Klaten,1
6741WNGRT,BU SRI JATISRONO,WNG,Wonogiri,1
6742KLTRT,PARNO JATINOM,KLT,Klaten,1
6742WNGRT,JAMU SIDO WARAS,WNG,Wonogiri,1
6743KLTRT,ANI JATINOM,KLT,Klaten,1
6743WNGRT,MBAK YOSI,WNG,Wonogiri,1
6744KLTRT,KUSMIAH JATINOM,KLT,Klaten,1
6744WNGRT,BU TUTIK PS. JATISRONO,WNG,Wonogiri,1
6745KLTRT,SARJONO JATINOM,KLT,Klaten,1
6745WNGRT,LENI PS JATIROTO,WNG,Wonogiri,1
6746KLTRT,ANGGORO JATINOM,KLT,Klaten,1
6746WNGRT,NARTO PS. JATISRONO,WNG,Wonogiri,1
6747KLTRT,YULI JURANG JERO,KLT,Klaten,1
6747WNGRT,TUNGGAL PUTRA,WNG,Wonogiri,1
6748KLTRT,DARMAN JURANG JERO,KLT,Klaten,1
6748WNGRT,TINA PS. SLOGOHIMO,WNG,Wonogiri,1
6749KLTRT,ATUN JURANG JERO,KLT,Klaten,1
6749WNGRT,POJOK PS. SLOGOHIMO,WNG,Wonogiri,1
6750KLTRT,SOMO JURANG JERO,KLT,Klaten,1
6750WNGRT,DANDY SLOGOHIMO,WNG,Wonogiri,1
6751KLTRT,BU SLAMET KRG NONGKO,KLT,Klaten,1
6751WNGRT,KARYA ABADI,WNG,Wonogiri,1
6752KLTRT,BAROKAH KARANG NONGKO,KLT,Klaten,1
6752WNGRT,BARU PURWANTORO,WNG,Wonogiri,1
6753KLTRT,UMI MAINAH KARANG NONGKO,KLT,Klaten,1
6753WNGRT,YANTO PS. PURWANTORO,WNG,Wonogiri,1
6754KLTRT,WIJAYA COKRO,KLT,Klaten,1
6754WNGRT,HELLOWEN PS. JATISRONO,WNG,Wonogiri,1
6755KLTRT,UTAMI JANTI,KLT,Klaten,1
6755WNGRT,TOKO SEMBRODO,WNG,Wonogiri,1
6756KLTRT,HARTI PS. KEMBANG,KLT,Klaten,1
6756WNGRT,TOTO WARNI PS. TIRTOMOYO,WNG,Wonogiri,1
6757KLTRT,BU SUWARTI KLATEN,KLT,Klaten,1
6757WNGRT,TOKO HERUNDA PS. TIRTOMOYO,WNG,Wonogiri,1
6758KLTRT,SUWARDI KLATEN,KLT,Klaten,1
6758WNGRT,MUL BAKO BATU RETNO,WNG,Wonogiri,1
6759KLTRT,SUMBER CAHAYA,KLT,Klaten,1
6759WNGRT,MARYATI PS. BATURETNO,WNG,Wonogiri,1
6760KLTRT,MENIK KLATEN,KLT,Klaten,1
6760WNGRT,SUMBER TANI (P. SUTIYO),WNG,Wonogiri,1
6761KLTRT,SUMBER BARU KLATEN,KLT,Klaten,1
6761WNGRT,TUTIK WONOGIRI,WNG,Wonogiri,1
6762KLTRT,EKA JAYA KLATEN,KLT,Klaten,1
6762WNGRT,DWI ALMAS BATURETNO,WNG,Wonogiri,1
6763KLTRT,NGADIMAN PEDAN,KLT,Klaten,1
6763WNGRT,TITIK BATUWARNO,WNG,Wonogiri,1
6764KLTRT,INDRI GENTONGAN,KLT,Klaten,1
6764WNGRT,14 BATUWARNO,WNG,Wonogiri,1
6765KLTRT,WARNO KLEPU,KLT,Klaten,1
6765WNGRT,NUGROHO BATUWARNO,WNG,Wonogiri,1
6766KLTRT,ROMLAH CAWAS,KLT,Klaten,1
6766WNGRT,SANTI MULYA BATUWARNO,WNG,Wonogiri,1
6767KLTRT,TARJI,KLT,Klaten,1
6767WNGRT,TOKO ANISA,WNG,Wonogiri,1
6768KLTRT,DINDA TRUCUK,KLT,Klaten,1
6769KLTRT,NARSIH PS. KEMBANG,KLT,Klaten,1
6770KLTRT,SIDO LANGGENG PS. KEMBANG,KLT,Klaten,1
6771KLTRT,TARMO PS. KEMBANG,KLT,Klaten,1
6772KLTRT,TRI MULYO MANIS RENGGO,KLT,Klaten,1
6773KLTRT,BAHTIAR MANIS RENGGO,KLT,Klaten,1
6774KLTRT,TUGIYO MANIS RENGGO,KLT,Klaten,1
6775KLTRT,RIZKI PRAMBANAN,KLT,Klaten,1
6776KLTRT,LUMAYAN TEGALGONDO,KLT,Klaten,1
6778KLTRT,BP YADI,KLT,Klaten,1
6779KLTRT,BU NING,KLT,Klaten,1
6780KLTRT,YANI PS. WEDI,KLT,Klaten,1
6781KLTRT,LESTARI PS. WEDI,KLT,Klaten,1
6782KLTRT,GITO PS. SRAGO,KLT,Klaten,1
6783KLTRT,AGUS PS. SRAGO,KLT,Klaten,1
6784KLTRT,RADI PS. SRAGO,KLT,Klaten,1
6785KLTRT,MARNI PS. SRAGO,KLT,Klaten,1
6786KLTRT,SANI PS. SRAGO,KLT,Klaten,1
6787KLTRT,MUKRIM PS. NGUPIT,KLT,Klaten,1
6788KLTRT,MULYONO,KLT,Klaten,1
6789KLTRT,WULAN KLEPU,KLT,Klaten,1
6790KLTRT,WARSITI KLEPU,KLT,Klaten,1
6791KLTRT,PADEMO PS. KLEPU,KLT,Klaten,1
6792KLTRT,WARINI PS. KLEPU,KLT,Klaten,1
6793KLTRT,MAWARDI JURANG JERO,KLT,Klaten,1
6794KLTRT,DIAH JURANG JERO,KLT,Klaten,1
6795KLTRT,MARYATI PS. JURANG JERO,KLT,Klaten,1
6796KLTRT,DARSINI PS. NGUPIT,KLT,Klaten,1
6797KLTRT,SAKIYEM SAMPING PS. NGUPIT,KLT,Klaten,1
6798KLTRT,PONIAH SAMPING PS. NGUPIT,KLT,Klaten,1
6799KLTRT,ANIK PS. KRAGUMAN,KLT,Klaten,1
6799SLSRT,3B FROZEN FOODS,SLS,Solo Selatan,1
6800KLTRT,SASTRO PS. KRAGUMAN,KLT,Klaten,1
6801KLTRT,ATUN PS. KARGUMAN,KLT,Klaten,1
6802KLTRT,AGUS PS. KARGUMAN,KLT,Klaten,1
6803KLTRT,JUM PS. KARGUMAN,KLT,Klaten,1
6804KLTRT,KASONO PS. KRAGUMAN,KLT,Klaten,1
6805KLTRT,KULNI PS. KRAGUMAN,KLT,Klaten,1
6806KLTRT,YANTI PS. KRAGUMAN,KLT,Klaten,1
6807KLTRT,TATIK PS. KRAGUMAN,KLT,Klaten,1
6808KLTRT,LASTRI PS. JUWIRING,KLT,Klaten,1
6809KLTRT,REJEKI PS. JUWIRING,KLT,Klaten,1
6810KLTRT,TRI PS. JUWIRING,KLT,Klaten,1
6811KLTRT,MIYONO PS. DELANGGU,KLT,Klaten,1
6812KLTRT,AMANAH,KLT,Klaten,1
6813KLTRT,SIHONO PUTRO PS. JATINOM,KLT,Klaten,1
6814KLTRT,SURANTO PS. KEMBANG,KLT,Klaten,1
6815KLTRT,NURJANAH PS. NGUPIT,KLT,Klaten,1
6816KLTRT,WIDODO PS. PEDAN,KLT,Klaten,1
6816SLURT,MORO DJADI AGENG,SLU,Solo Utara,1
6817KLTRT,MARYATI PS. KARANGDOWO,KLT,Klaten,1
6818KLTRT,DARTO PS. KARANGDOWO,KLT,Klaten,1
6819KLTRT,TUTIK PS. KARANGDOWO,KLT,Klaten,1
6820KLTRT,MARNI PS. KARANGDOWO,KLT,Klaten,1
6821KLTRT,RIYONO KLATEN,KLT,Klaten,1
6822KLTRT,TOKO SUMMAK PS. KLATEN,KLT,Klaten,1
6823KLTRT,ENDANG PS. KRAGUMAN,KLT,Klaten,1
6824KLTRT,IHYA WIJAYA,KLT,Klaten,1
6825KLTRT,MAS GLENTER CEPER,KLT,Klaten,1
6826KLTRT,SAHABAT PS. KRAGUMAN,KLT,Klaten,1
6827KLTRT,MITRA PS. KRAGUMAN,KLT,Klaten,1
6828KLTRT,MERAPI RESTO KLATEN,KLT,Klaten,1
6829KLTRT,TRIS PS. KLATEN,KLT,Klaten,1
6830KLTRT,TUTIK PS. KLATEN,KLT,Klaten,1
6831KLTRT,MURNI PS. KLATEN,KLT,Klaten,1
6832KLTRT,TAMI PS. KLATEN,KLT,Klaten,1
6833KLTRT,SURATMI PS. KLATEN,KLT,Klaten,1
6834KLTRT,PARDIEM PS. SRAGO,KLT,Klaten,1
6835KLTRT,SURATI PS. GENTONGAN,KLT,Klaten,1
6836KLTRT,SUM / LILIS PS. GENTONGAN,KLT,Klaten,1
6837KLTRT,TUTIK 1 PS. GENTONGAN,KLT,Klaten,1
6838KLTRT,HARMO PS. GENTONGAN,KLT,Klaten,1
6839KLTRT,SUMI PS. GENTONGAN,KLT,Klaten,1
6840KLTRT,WIJI PS. GENTONGAN,KLT,Klaten,1
6841KLTRT,TUTIK II PS. GENTONGAN,KLT,Klaten,1
6842KLTRT,HADI PS. GENTONGAN,KLT,Klaten,1
6843KLTRT,WARNO PS. GENTONGAN,KLT,Klaten,1
6844KLTRT,ANGGITA PS TRUCUK,KLT,Klaten,1
6845KLTRT,WIRATMAN PS. TRUCUK,KLT,Klaten,1
6846KLTRT,SAYEM PS. KARANGDOWO,KLT,Klaten,1
6847KLTRT,MUJI KARANGDOWO,KLT,Klaten,1
6848KLTRT,BROTO PS. GEBYOK,KLT,Klaten,1
6849KLTRT,TRI PS. GEBYOK,KLT,Klaten,1
6850KLTRT,SEKAR BIMO PS. GEBYOK,KLT,Klaten,1
6851KLTRT,AJI PS. GEBYOK,KLT,Klaten,1
6852KLTRT,SABDO PALON PS. CAWAS,KLT,Klaten,1
6853KLTRT,PARDI PS. CAWAS,KLT,Klaten,0
6854KLTRT,SRI HARTI PS. CAWAS,KLT,Klaten,0
6855KLTRT,KISNO PS. SRAGO,KLT,Klaten,0
6856KLTRT,WITO PS. CAWAS,KLT,Klaten,1
6857KLTRT,DARMINI KARANGDOWO,KLT,Klaten,1
6858KLTRT,DARMIAH KARANG DOWO,KLT,Klaten,1
6859KLTRT,GONDRANG KLATEN,KLT,Klaten,1
6860KLTRT,RIYADI PS. KRAGUMAN,KLT,Klaten,1
6861KLTRT,NGADIEM PS. KRAGUMAN,KLT,Klaten,1
6862KLTRT,KUAT PS. KRAGUMAN,KLT,Klaten,1
6863KLTRT,YUNI PS. KRAGUMAN,KLT,Klaten,1
6864KLTRT,SRI SAYUR PS. KRAGUMAN,KLT,Klaten,1
6865KLTRT,TARMI PS. TRUCUK,KLT,Klaten,1
6866KLTRT,WIJI PS TRUCUK,KLT,Klaten,1
6867KLTRT,LESTARI PS. TEMUWANGI,KLT,Klaten,1
6868KLTRT,FADILAH PS. TEMUWANGI,KLT,Klaten,1
6869KLTRT,WIGNYO PS. KARANG DOWO,KLT,Klaten,1
6870KLTRT,HARJANTO PS. KLEPU,KLT,Klaten,1
6872KLTRT,TARI PS. KLEPU,KLT,Klaten,1
6873KLTRT,SISWO PS. TEGALGONDO,KLT,Klaten,1
6874KLTRT,SABAR PS. GENTONGAN,KLT,Klaten,1
6874SRGRT,TOKO MING KEBAK KRAMAT,SRG,Sragen,0
6875KLTRT,ETIK PS. PEDAN,KLT,Klaten,1
6876KLTRT,WIJAYA PS. PEDAN,KLT,Klaten,1
6877KLTRT,TARSIH PS. PEDAN,KLT,Klaten,1
6878KLTRT,MUKINEM PS. KARANG DOWO,KLT,Klaten,1
6879KLTRT,SUMINI PS. KARANG DOWO,KLT,Klaten,1
6880KLTRT,YANTI PS. KLEPU,KLT,Klaten,1
6881KLTRT,PARNO PS. KLEPU,KLT,Klaten,1
6882KLTRT,MARSIDAH PS. KLEPU,KLT,Klaten,1
6883KLTRT,ARIS PS. KLEPU,KLT,Klaten,1
6884KLTRT,VERI PS. KLEPU,KLT,Klaten,1
6885KLTRT,ANIK TRUCUK,KLT,Klaten,1
6886KLTRT,AYU TRUCUK,KLT,Klaten,1
6887KLTRT,REDIYO TRUCUK,KLT,Klaten,1
6888KLTRT,PARTO PS. DELANGGU,KLT,Klaten,1
6889KLTRT,BAKTI DELANGGU,KLT,Klaten,1
6890KLTRT,ANA DELANGGU,KLT,Klaten,1
6891KLTRT,NUNUNG DELANGGU,KLT,Klaten,1
6892KLTRT,ATIK PEDAN,KLT,Klaten,1
6893KLTRT,TITIK BAYAT,KLT,Klaten,1
6894KLTRT,HARNO PS. TEGAL GONDO,KLT,Klaten,1
6895KLTRT,ATUN PS. KARANG DOWO,KLT,Klaten,1
6896KLTRT,RAHMAT PS. KARANG DOWO,KLT,Klaten,1
6897KLTRT,SEJATI PS. CAWAS,KLT,Klaten,1
6898KLTRT,MARDI HARDONO CAWAS,KLT,Klaten,1
6899BYLRT,TOKO ADI S,BYL,Boyolali,1
6899KLTRT,BU LIKE,KLT,Klaten,1
6900KLTRT,TOKO JODO KLATEN,KLT,Klaten,1
6901KLTRT,SRI PS. KARANG DOWO,KLT,Klaten,1
6902KLTRT,PATRIA BAYAT,KLT,Klaten,1
6903KLTRT,MM BAYAT,KLT,Klaten,1
6904KLTRT,YATMI BAYAT,KLT,Klaten,1
6905KLTRT,YUANDA PS. PRAMBANAN,KLT,Klaten,1
6906KLTRT,MBAK SRI PS. PRAMBANAN,KLT,Klaten,1
6907KLTRT,NANIK PS. PRAMBANAN,KLT,Klaten,1
6908KLTRT,BU ATUN PS. PIYUNGAN,KLT,Klaten,1
6909KLTRT,WALJINAH,KLT,Klaten,1
6910KLTRT,HARJONO,KLT,Klaten,1
6911KLTRT,LESTARI PS. PIYUNGAN,KLT,Klaten,1
6912KLTRT,MARYATI,KLT,Klaten,1
6913KLTRT,PARTINAH PS.PIYUNGAN,KLT,Klaten,1
6914KLTRT,BARES,KLT,Klaten,1
6915KLTRT,TATIK,KLT,Klaten,1
6916KLTRT,SUMADI,KLT,Klaten,1
6917KLTRT,ASSALAM PS. PIYUNGAN,KLT,Klaten,1
6918KLTRT,HARTO PS. PIYUNGAN,KLT,Klaten,1
6919KLTRT,BAKSO KUMIS PS. RAGUNAN,KLT,Klaten,1
6920KLTRT,SUKIRNO PS. KRAGUMAN,KLT,Klaten,1
6921KLTRT,TUKIYO PS. KRAGUMAN,KLT,Klaten,1
6922KLTRT,HARNI PS. KRAGUMAN,KLT,Klaten,1
6923KLTRT,TIN PS KRAGUMAN,KLT,Klaten,1
6924KLTRT,NGADIMAN PS. KRAGUMAN,KLT,Klaten,1
6925KLTRT,SUNI PS.SRAGON,KLT,Klaten,1
6926KLTRT,MBAK NURI,KLT,Klaten,1
6927KLTRT,PAIYEM,KLT,Klaten,1
6929KLTRT,HARNO,KLT,Klaten,1
6930KLTRT,TOKO EKA,KLT,Klaten,1
6931KLTRT,BU KARNO,KLT,Klaten,1
6932KLTRT,SISWANTO BAYAT,KLT,Klaten,1
6933KLTRT,SULIS,KLT,Klaten,1
6934KLTRT,SUMBER MAKMUR KLATEN,KLT,Klaten,0
6935KLTRT,SRI REJEKI BAYAT,KLT,Klaten,1
6936KLTRT,SITI PS. DELANGGU,KLT,Klaten,1
6937KLTRT,SAMUDRA JAYA KETANDAN,KLT,Klaten,1
6938KLTRT,JAM-JAM MAL KR DOWO,KLT,Klaten,1
6939KLTRT,BU TINAH KLATEN,KLT,Klaten,1
6940KLTRT,BUANA,KLT,Klaten,1
6941KLTRT,BU SIS PS. TEMU WANGI,KLT,Klaten,1
6942KLTRT,MBAH SARWO PS. TEMUWANGI,KLT,Klaten,1
6943KLTRT,JUVAN PUTRA,KLT,Klaten,1
6944KLTRT,WARNO PS. CAWAS,KLT,Klaten,1
6945KLTRT,NELA CAWAS,KLT,Klaten,1
6946KLTRT,SUHARDI PS. PRAMBANAN,KLT,Klaten,1
6947KLTRT,PARNI PS. PRAMBANAN,KLT,Klaten,1
6948KLTRT,JINAH PS. PRAMBANAN,KLT,Klaten,1
6949KLTRT,ATUN PS. PRAMBANAN,KLT,Klaten,1
6950KLTRT,ANTO PS. PRAMBANAN,KLT,Klaten,1
6951KLTRT,SURANTI PS. PIYUNGAN,KLT,Klaten,1
6953KLTAP,APOTIK YOGI FARMA,KLT,Klaten,1
6953KLTRT,SUBARDJO,KLT,Klaten,1
6954KLTAP,APOTIK SIDO WARAS MANDIRI,KLT,Klaten,1
6954KLTRT,PAK SURADI ACC DAN GROSIR,KLT,Klaten,1
6955KLTRT,AL MURSYID KLATEN,KLT,Klaten,1
6956KLTRT,TARNI PS JATINOM,KLT,Klaten,1
6957KLTRT,NUNUK PS.JATINOM,KLT,Klaten,1
6958KLTRT,LASTRI JATINOM,KLT,Klaten,1
6960KLTRT,SRI ATUN JATINOM,KLT,Klaten,1
6961KLTRT,PARTINI PS. KLATEN,KLT,Klaten,1
6962KLTRT,AL FATAH (RUSYADI) TULUNG,KLT,Klaten,1
6963KLTRT,MARDI JATINOM,KLT,Klaten,1
6964KLTRT,MBAK SRI GABUS,KLT,Klaten,1
6965KLTRT,SURATI PS. GABUS,KLT,Klaten,1
6966KLTRT,HARTO PS. KLATEN,KLT,Klaten,1
6967KLTRT,TARNI PS. KLATEN,KLT,Klaten,1
6968KLTRT,KARTI KLATEN,KLT,Klaten,1
6969KLTRT,SRIYATI KLATEN,KLT,Klaten,1
6970KLTRT,DAMAI INDAH MM,KLT,Klaten,1
6971KLTRT,MULYONO PS. GONDANG,KLT,Klaten,1
6972KLTRT,ANGGORO,KLT,Klaten,1
6973KLTRT,AMALIA,KLT,Klaten,1
6974KLTRT,BU KASNO CAWAS,KLT,Klaten,1
6975KLTRT,BUDI BAYAT,KLT,Klaten,1
6976KLTAP,APOTIK ASY- SYIFA,KLT,Klaten,1
6977KLTAP,APOTIK SETIA KAWAN,KLT,Klaten,1
6978KLTAP,APOTIK PANDAN,KLT,Klaten,1
6992SRGRT,TOKO MANDIRI,SRG,Sragen,1
6993SRGRT,TOKO PAK SUR,SRG,Sragen,1
7001KLTRT,KRISDA MART,KLT,Klaten,1
7112KRART,SINAR ABADI,KRA,Karanganyar,1
7145KRAART,YULIA,KRA,Karanganyar,0
7205SLURT,PENI 2,SLU,Solo Utara,1
7361KLTRT,RSIA GRIYA RAHARJA,KLT,Klaten,1
7387WNGRT,INDRA PRASTA BATURETNO,WNG,Wonogiri,1
7410KLTRT,TOKO SUWARNI,KLT,Klaten,1
7469SRGRT,RIO FOTOCOPY,SRG,Sragen,1
7485KLTRT,JAROT JUWIRING,KLT,Klaten,1
7521KLTRT,BARES ENGGAL,KLT,Klaten,1
7615SKHRT,MARYONO,SKH,Sukoharjo,1
7723SRGRT,G-MART,SRG,Sragen,1
7724SRGRT,LUMINTU TOKO,SRG,Sragen,1
7747KLTRT,WIDODO,KLT,Klaten,1
7752KRART,SRC MURAH,KRA,Karanganyar,1
7756KRART,TOKO KINANTI,KRA,Karanganyar,1
7785KLTRT,SIDO SENENG,KLT,Klaten,1
7792BYLRT,PT SOLO ABADI,BYL,Boyolali,1
7804KLTRT,HARINI,KLT,Klaten,1
7824SKHRT,TA WAN SOLO PARAGON MALL,SKH,Sukoharjo,1
7831BYLRT,RAFIE PLASTIK,BYL,Boyolali,1
7842KLTAP,APOTEK BERKAH SEHAT,KLT,Klaten,1
7847KLTRT,HAFID,KLT,Klaten,1
7851KLTRT,CAHAYA,KLT,Klaten,1
7883KLTRT,SURYA ABADI 2,KLT,Klaten,1
8311SRGRT,SALUN CAHAYA BERKAH,SRG,Sragen,1
8312SRGRT,TOKO SANTO,SRG,Sragen,1
8511GMLRT,TOKO ALYUKIA TUBAN,GML,Gemolong,0
8522SLURT,TOKO UDIN,SLU,Solo Utara,1
8523SLSRT,SS SUGI SANGKAR,SLU,Solo Utara,1
8532SLURT,PAPACILA MOTOR,SLU,Solo Utara,1
8533KTSRT,CUCIAN MOBIL BAROKAH,KTS,Kartosuro,1
8533SRGRT,HC STORE MONDOKAN,SRG,Sragen,1
8536BYLRT,CERIA SEJAHTERA,BYL,Boyolali,1
8543KLTRT,DIRJO,KLT,Klaten,1
8562GMLRT,TOKO OBAT CANDI,GML,Gemolong,1
8563GMLRT,INDAH,GML,Gemolong,1
8566KTSRT,YE EL BEATUY,KTS,Kartosuro,1
8569KRART,KOPERASI INKA MART,KRA,Karanganyar,1
8623BYLRT,TOKO ATENG,BYL,Boyolali,1
8631SLSRT,WARUNG BU ANIS,SLS,Solo Selatan,1
8631SRGRT,TOKO PADMA,SRG,Sragen,1
8632SRGRT,IBIL MART,SRG,Sragen,1
8633BYLRT,ARIFIN,BYL,Boyolali,1
8633GMLRT,TOKO INDAH SUMBERLAWANG,SRG,Sragen,1
8633SLSRT,BAMBANG,SLS,Solo Selatan,1
8633SRGRT,FAIZI SHOP,KRA,Karanganyar,1
8635KTSRT,RAYYA KOSMETIK,KTS,Kartosuro,1
8693SLSRT,SUMBER OERIP OLI,SLS,Solo Selatan,1
8713KLTRT,TOKO IMAH,KLT,Klaten,1
8732KLTRT,TENTREM,KLT,Klaten,1
8766SRGRT,SRC CHALISTA PLUPUH,,,0
8774KLTRT,MIFTAH,KLT,Klaten,1
8780SLSRT,SADIKIN,SLS,Solo Selatan,0
8821BYLRT,OMAH SUSU DAN POPOK,BYL,Boyolali,1
8823SLSRT,ALADIN STORE,SLS,Solo Selatan,1
8832KRART,BUNDA MART,KRA,Karanganyar,1
8856GMLRT,ALAM DINAR,KRA,Karanganyar,1
8856KTSRT,TANI MAKMUR,KTS,Kartosuro,1
8857KRART,TOKO ERNA ( AGUNG ),KRA,Karanganyar,1
8862KRART,ROZAN 3,KRA,Karanganyar,1
8862SKHRT,TOKO DIDIK SIWAL,SKH,Sukoharjo,1
8863BYLRT,TOKO DANI CEPOGO,BYL,Boyolali,0
8863SRGRT,TOKO LISA,GML,Gemolong,1
8864BYLRT,TOKO PEPAK HANDAYANI CEPOGO,BYL,Boyolali,0
8882SRGRT,TK RIO,SRG,Sragen,1
8883SRGRT,ALFARIZKI,SRG,Sragen,1
8884SRGRT,TK HARNI,SRG,Sragen,1
8885SRGRT,AGS PLUPUH,SRG,Sragen,1
8933BYLRT,BERKAH JAYA,BYL,Boyolali,1
8966SRGRT,SUKSES MART/MUFID,SRG,Sragen,1
8992SLURT,ATHA MART,KTS,Kartosuro,1
90002BYLRT,Rido Sunggingan,BYL,Boyolali,0
9002BYLRT,Rido Sunggingan,BYL,Boyolali,0
9003KLTRT,SITI,KLT,Klaten,1
9122KTSRT,ANDUM BERKAH,KTS,Kartosuro,1
9162SRGRT,DENTA STORE,SRG,Sragen,1
9163KRART,SCHATJESHOP,KRA,Karanganyar,1
9223SRGRT,ALDENA MART,SRG,Sragen,1
9331SRGRT,HAFIZA BAROKAH,SRG,Sragen,1
9532SLSRT,SUMBER REDJEKI,SLS,Solo Selatan,1
9556SRGRT,NURUL TOKO,SRG,Sragen,1
9571BYLRT,TOKO SARBINI,BYL,Boyolali,1
9588KRART,TK NUR,KRA,Karanganyar,1
9611SLSRT,TOKO PLASTIK RAHAYU,SLS,Solo Selatan,1
9621KRART,TITIK MART,KRA,Karanganyar,1
9622KRART,ANBA GROSIR,KRA,Karanganyar,1
9622SLSRT,DOA IBU SEMANGGI,SLS,Solo Selatan,1
9623SRGRT,SUNDA MART,SRG,Sragen,1
9633SLURT,DRJ MART,KRA,Karanganyar,1
9634KRART,NAYYARA SHOP,KRA,Karanganyar,1
9647KLTRT,ELIJA,KLT,Klaten,1
9661BYLRT,AR RAZZAQ,BYL,Boyolali,1
9688SRGRT,NIA,SRG,Sragen,1
9689SRGRT,KANTIN 3 SMP BINTANG LAUT,SLS,Solo Selatan,1
9690SLSRT,KANTIN 1 SMP BINTANG LAUT,SLS,Solo Selatan,1
9813SRGRT,TK WIWIK,SRG,Sragen,1
9889KLTRT,TOKO PELANGI BABY SHOP 2,KLT,Klaten,1
9916SLSRT,ONTONG SUI,SLS,Solo Selatan,0
9925KRART,G MART POPONGAN,KRA,Karanganyar,1
9952BYLRT,TOKO DANIK,BYL,Boyolali,1
9963BYLRT,TOKO KOSMETIK ZACKQUEEN,BYL,Boyolali,1
9986SKHRT,SRC LINA (PLARUNG),,,1
9989SLSRT,RENI SETIYO WULAN ADM,SLU,Solo Utara,1
9991SRGRT,RELASI MART,SRG,Sragen,1
