id,kode,nama,level,packing_satuan,packing_tinggi,packing_panjang,packing_lebar,berat_satuan,berat_bersih,berat_kotor,set_default_sales,set_default_storage,id_produk,faktor_konversi
78,PC,PC,1,,,,,,,,,,354,1
17,BX,BOX,2,,,,,,,,,,28,5
1245,pc,pcs,1,,,,,,,,,,847,1
4,PC,Pcs,3,,,,,,,,,,21,
9,BKS,BUNGKUS,1,,,,,,,,,,25,1
79,PC,PC,1,,,,,,,,,,249,1
10,RENCENG,RENCENG,2,,,,,,,,,,25,12
11,BOX,BOX,3,,,,,,,,,,25,36
5,PC,PIECES,1,,,,,,,,,,29,1
23,BKS,BUNGKUS,1,,,,,,,,,,24,1
24,RENCENG,RENCENG,2,,,,,,,,,,24,12
7,CT,CARTON,3,,,,,,,,,,29,24
6,BX,BOX,2,,,,,,,,,,29,12
25,BOX,BOX,3,,,,,,,,,,24,36
3,BX,BOX,3,METER,1.5,1.3,30.5,GRAM,30,35,,,40,24
2,PK,PACK,2,METER,1.5,1.5,22.5,GRAM,20,25,,,40,12
1,PC,PIECES,1,METER,1.2,1.2,20.5,GRAM,14,20,,,40,1
26,01,pack,1,,,,,,,,,,45,1
80,CT,CT,3,,,,,,,,,,470,16
81,CT,CT,3,,,,,,,,,,249,108
82,CT,CT,3,,,,,,,,,,354,144
83,PC,PC,1,,,,,,,,,,266,1
84,CT,CT,3,,,,,,,,,,266,8
85,PC,PC,1,,,,,,,,,,269,1
27,CT,Carton,3,CT,,,,30 g,,,,,191,288
86,CT,CT,3,,,,,,,,,,269,24
87,PC,PC,1,,,,,,,,,,471,1
88,PC,PC,1,,,,,,,,,,355,1
89,CT,CT,3,,,,,,,,,,471,200
90,CT,CT,3,,,,,,,,,,355,144
91,PC,PC,1,,,,,,,,,,272,1
19,CT,CARTON,3,,,,,,,,,,26,10
20,BX,BOX,2,,,,,,,,,,26,5
21,PC,PIECES,1,,,,,,,,,,26,1
22,CT,CARTON,3,,,,,,,,,,28,10
16,PC,PIECES,1,,,,,,,,,,28,1
12,PC,PIECES,1,,,,,,,,,,27,1
13,CT,CARTON,3,,,,,,,,,,27,12
18,BX,BOX,2,,,,,,,,,,27,6
28,PC,Pieces,1,,,,,,,,,,191,1
29,CT,CT,3,,,,,,,,,,79,144
30,pc,pc,1,,,,,,,,,,79,1
31,PC,PC,1,,,,,,,,,,67,1
32,CT,CT,3,,,,,,,,,,67,144
33,PC,PC,1,,,,,,,,,,106,1
34,CT,CT,3,,,,,,,,,,106,144
35,PC,PC,1,,,,,,,,,,254,1
36,CT,CT,3,,,,,,,,,,254,24
37,PC,PC,1,,,,,,,,,,96,1
38,CT,CT,3,,,,,,,,,,96,288
39,PC,PC,1,,,,,,,,,,120,1
41,CT,CT,3,,,,,,,,,,120,288
42,CT,CT,3,,,,,,,,,,450,16
40,PC,PC,1,,,,,,,,,,450,1
43,PC,PC,1,,,,,,,,,,177,1
44,CT,CT,3,,,,,,,,,,177,80
45,PC,PC,1,,,,,,,,,,455,1
46,CT,CT,3,,,,,,,,,,455,24
47,PC,PC,1,,,,,,,,,,183,1
48,PC,PC,1,,,,,,,,,,260,1
49,CT,CT,3,,,,,,,,,,183,144
50,CT,CT,3,,,,,,,,,,260,80
51,PC,PC,1,,,,,,,,,,458,1
52,CT,CT,3,,,,,,,,,,458,24
53,PC,PC,1,,,,,,,,,,214,1
54,CT,CT,3,,,,,,,,,,214,144
55,PC,PC,1,,,,,,,,,,276,1
57,CT,CT,3,,,,,,,,,,459,864
58,CT,CT,3,,,,,,,,,,276,60
59,PC,PC,1,,,,,,,,,,163,1
60,PC,PC,1,,,,,,,,,,462,1
61,CT,CT,3,,,,,,,,,,163,12
62,CT,CT,3,,,,,,,,,,462,8
63,PC,PC,1,,,,,,,,,,283,1
64,PC,PC,1,,,,,,,,,,167,1
65,CT,CT,3,,,,,,,,,,167,24
66,CT,CT,3,,,,,,,,,,283,144
67,PC,PC,1,,,,,,,,,,463,1
68,PC,PC,1,,,,,,,,,,169,1
69,CT,CT,3,,,,,,,,,,463,48
70,CT,CT,3,,,,,,,,,,169,144
71,PC,PC,1,,,,,,,,,,469,1
72,PC,PC,1,,,,,,,,,,202,1
73,CT,CT,3,,,,,,,,,,202,192
74,CT,CT,3,,,,,,,,,,469,144
75,PC,PC,1,,,,,,,,,,204,1
76,CT,CT,3,,,,,,,,,,204,192
77,PC,PC,1,,,,,,,,,,470,1
92,CT,CT,3,,,,,,,,,,272,24
93,PC,PC,1,,,,,,,,,,412,1
94,CT,CT,3,,,,,,,,,,412,200
95,PC,PC,1,,,,,,,,,,358,1
96,PC,PC,1,,,,,,,,,,282,1
97,CT,CT,3,,,,,,,,,,282,60
98,CT,CT,3,,,,,,,,,,358,144
99,PC,PC,1,,,,,,,,,,413,1
100,PC,PC,1,,,,,,,,,,216,1
101,CT,CT,3,,,,,,,,,,413,24
102,CT,CT,3,,,,,,,,,,216,24
103,PC,PC,1,,,,,,,,,,368,1
104,PC,PC,1,,,,,,,,,,229,1
105,CT,CT,3,,,,,,,,,,229,24
106,CT,CT,3,,,,,,,,,,368,6
107,PC,PC,1,,,,,,,,,,414,1
108,CT,CT,3,,,,,,,,,,414,12
109,PC,PC,1,,,,,,,,,,240,1
110,PC,PC,1,,,,,,,,,,308,1
111,CT,CT,3,,,,,,,,,,240,144
112,CT,CT,3,,,,,,,,,,308,24
113,PC,PC,1,,,,,,,,,,415,1
114,PC,PC,1,,,,,,,,,,242,1
115,CT,CT,3,,,,,,,,,,415,12
116,CT,CT,3,,,,,,,,,,242,144
117,PC,PC,1,,,,,,,,,,311,1
118,CT,CT,3,,,,,,,,,,311,24
119,PC,PC,1,,,,,,,,,,245,1
120,CT,CT,3,,,,,,,,,,245,80
121,PC,PC,1,,,,,,,,,,416,1
122,CT,CT,3,,,,,,,,,,416,48
123,PC,PC,1,,,,,,,,,,251,1
124,CT,CT,3,,,,,,,,,,251,50
125,PC,PC,1,,,,,,,,,,417,1
126,PC,PC,1,,,,,,,,,,314,1
127,CT,CT,3,,,,,,,,,,417,28
128,PC,PC,1,,,,,,,,,,253,1
129,CT,CT,3,,,,,,,,,,314,24
130,CT,CT,3,,,,,,,,,,253,60
131,PC,PC,1,,,,,,,,,,421,1
132,CT,CT,3,,,,,,,,,,421,36
133,PC,PC,1,,,,,,,,,,472,1
134,CT,CT,3,,,,,,,,,,472,144
135,PC,PC,1,,,,,,,,,,423,1
136,CT,CT,3,,,,,,,,,,423,36
137,PC,PC,1,,,,,,,,,,352,1
138,CT,CT,3,,,,,,,,,,352,72
139,PC,PC,1,,,,,,,,,,381,1
140,CT,CT,3,,,,,,,,,,381,24
141,PC,PC,1,,,,,,,,,,426,1
142,PC,PC,1,,,,,,,,,,384,1
143,PC,PC,1,,,,,,,,,,304,1
144,CT,CT,3,,,,,,,,,,426,60
145,CT,CT,3,,,,,,,,,,384,100
146,CT,CT,3,,,,,,,,,,304,72
147,PC,PC,1,,,,,,,,,,387,1
148,CT,CT,3,,,,,,,,,,387,48
149,PC,PC,1,,,,,,,,,,310,1
150,CT,CT,3,,,,,,,,,,310,144
151,PC,PC,1,,,,,,,,,,389,1
152,CT,CT,3,,,,,,,,,,389,144
153,PC,PC,1,,,,,,,,,,391,1
154,PC,PC,1,,,,,,,,,,313,1
155,CT,CT,3,,,,,,,,,,391,48
157,PC,PC,1,,,,,,,,,,428,1
158,CT,CT,3,,,,,,,,,,428,24
156,CT,CT,3,,,,,,,,,,313,144
159,PC,PC,1,,,,,,,,,,392,1
160,CT,CT,3,,,,,,,,,,392,54
161,PC,PC,1,,,,,,,,,,393,1
162,PC,PC,1,,,,,,,,,,436,1
163,CT,CT,3,,,,,,,,,,393,30
164,PC,PC,1,,,,,,,,,,394,1
165,CT,CT,3,,,,,,,,,,394,30
166,PC,PC,1,,,,,,,,,,316,1
167,CT,CT,3,,,,,,,,,,316,24
168,CT,CT,3,,,,,,,,,,436,60
169,PC,PC,1,,,,,,,,,,438,1
170,CT,CT,3,,,,,,,,,,438,60
171,PC,PC,1,,,,,,,,,,396,1
172,CT,CT,3,,,,,,,,,,396,40
173,PC,PC,1,,,,,,,,,,442,1
174,PC,PC,1,,,,,,,,,,398,1
175,PC,PC,1,,,,,,,,,,319,1
176,CT,CT,3,,,,,,,,,,442,24
177,CT,CT,3,,,,,,,,,,398,144
178,CT,CT,3,,,,,,,,,,319,24
179,PC,PC,1,,,,,,,,,,400,1
180,PC,PC,1,,,,,,,,,,443,1
181,CT,CT,3,,,,,,,,,,400,144
182,PC,PC,1,,,,,,,,,,322,1
183,CT,CT,3,,,,,,,,,,443,24
184,CT,CT,3,,,,,,,,,,322,12
185,PC,PC,1,,,,,,,,,,402,1
186,PC,PC,1,,,,,,,,,,325,1
187,CT,CT,3,,,,,,,,,,402,48
188,CT,CT,3,,,,,,,,,,325,24
189,PC,PC,1,,,,,,,,,,444,1
190,CT,CT,3,,,,,,,,,,444,24
191,PC,PC,1,,,,,,,,,,403,1
192,CT,CT,3,,,,,,,,,,403,48
193,PC,PC,1,,,,,,,,,,328,1
194,CT,CT,3,,,,,,,,,,328,24
195,PC,PC,1,,,,,,,,,,404,1
196,CT,CT,3,,,,,,,,,,404,18
197,PC,PC,1,,,,,,,,,,445,1
198,CT,CT,3,,,,,,,,,,445,24
199,PC,PC,1,,,,,,,,,,329,1
200,PC,PC,1,,,,,,,,,,405,1
201,CT,CT,3,,,,,,,,,,329,24
202,CT,CT,3,,,,,,,,,,405,8
203,PC,PC,1,,,,,,,,,,447,1
204,PC,PC,1,,,,,,,,,,407,1
205,CT,CT,3,,,,,,,,,,447,24
206,PC,PC,1,,,,,,,,,,332,1
207,CT,CT,3,,,,,,,,,,407,100
208,CT,CT,3,,,,,,,,,,332,24
209,PC,PC,1,,,,,,,,,,408,1
210,CT,CT,3,,,,,,,,,,408,12
211,PC,PC,1,,,,,,,,,,449,1
212,PC,PC,1,,,,,,,,,,334,1
213,CT,CT,3,,,,,,,,,,449,72
214,CT,CT,3,,,,,,,,,,334,240
215,PC,PC,1,,,,,,,,,,409,1
216,CT,CT,3,,,,,,,,,,409,100
217,PC,PC,1,,,,,,,,,,451,1
218,PC,PC,1,,,,,,,,,,410,1
219,CT,CT,3,,,,,,,,,,410,144
220,CT,CT,3,,,,,,,,,,451,144
221,PC,PC,1,,,,,,,,,,336,1
222,CT,CT,3,,,,,,,,,,336,48
223,PC,PC,1,,,,,,,,,,411,1
224,CT,CT,3,,,,,,,,,,411,28
225,PC,PC,1,,,,,,,,,,344,1
226,CT,CT,3,,,,,,,,,,344,48
227,PC,PC,1,,,,,,,,,,464,1
228,CT,CT,3,,,,,,,,,,464,8
229,PC,PC,1,,,,,,,,,,347,1
230,CT,CT,3,,,,,,,,,,347,24
231,PC,PC,1,,,,,,,,,,465,1
232,PC,PC,1,,,,,,,,,,348,1
233,CT,CT,3,,,,,,,,,,465,24
234,CT,CT,3,,,,,,,,,,348,24
235,PC,PC,1,,,,,,,,,,468,1
236,CT,CT,3,,,,,,,,,,468,24
237,PC,PC,1,,,,,,,,,,353,1
238,PC,PC,1,,,,,,,,,,388,1
239,CT,CT,3,,,,,,,,,,388,144
240,PC,PC,1,,,,,,,,,,422,1
241,CT,CT,3,,,,,,,,,,353,200
242,CT,CT,3,,,,,,,,,,422,200
243,PC,PC,1,,,,,,,,,,356,1
244,PC,PC,1,,,,,,,,,,424,1
245,CT,CT,3,,,,,,,,,,356,144
246,CT,CT,3,,,,,,,,,,424,24
247,PC,PC,1,,,,,,,,,,363,1
248,PC,PC,1,,,,,,,,,,425,1
249,CT,CT,3,,,,,,,,,,363,144
250,CT,CT,3,,,,,,,,,,425,200
251,PC,PC,1,,,,,,,,,,367,1
252,CT,CT,3,,,,,,,,,,367,144
253,PC,PC,1,,,,,,,,,,427,1
254,CT,CT,3,,,,,,,,,,427,24
255,PC,PC,1,,,,,,,,,,369,1
256,CT,CT,3,,,,,,,,,,369,24
257,PC,PC,1,,,,,,,,,,429,1
258,CT,CT,3,,,,,,,,,,429,144
259,PC,PC,1,,,,,,,,,,431,1
260,CT,CT,3,,,,,,,,,,431,100
261,PC,PC,1,,,,,,,,,,370,1
262,CT,CT,3,,,,,,,,,,370,24
263,PC,PC,1,,,,,,,,,,433,1
264,CT,CT,3,,,,,,,,,,433,24
265,PC,PC,1,,,,,,,,,,372,1
266,CT,CT,3,,,,,,,,,,372,72
267,PC,PC,1,,,,,,,,,,439,1
268,PC,PC,1,,,,,,,,,,375,1
269,CT,CT,3,,,,,,,,,,439,30
270,CT,CT,3,,,,,,,,,,375,240
271,PC,PC,1,,,,,,,,,,376,1
272,PC,PC,1,,,,,,,,,,441,1
273,CT,CT,3,,,,,,,,,,376,240
274,CT,CT,3,,,,,,,,,,441,24
275,PC,PC,1,,,,,,,,,,446,1
276,PC,PC,1,,,,,,,,,,377,1
277,CT,CT,3,,,,,,,,,,446,48
278,CT,CT,3,,,,,,,,,,377,200
279,PC,PC,1,,,,,,,,,,448,1
280,PC,PC,1,,,,,,,,,,382,1
281,CT,CT,3,,,,,,,,,,448,24
282,CT,CT,3,,,,,,,,,,382,48
283,SC,SACHET,1,,,,,,,,,,35,1
284,RT,RENTENG,2,,,,,,,,,,35,12
285,BX,BOX,3,,,,,,,,,,35,48
286,KT,KARTON,2,,,,,,,,,,45,24
287,AS,ASD,1,,,,,,,,,,477,1
288,SD,SDF,2,,,,,,,,,,477,12
289,DF,DFG,3,,,,,,,,,,477,24
56,PC,PC,1,,,,,,,,,,459,1
290,UOM1,PIECES,1,,,,,,,,,,88,1
291,UOM2,BOX,2,,,,,,,,,,88,12
292,UOM3,KARTON,3,,,,,,,,,,88,72
293,PC,PC,1,,,,,,,,,,46,1
294,CT,CT,3,,,,,,,,,,46,24
295,PC,PC,1,,,,,,,,,,47,1
296,CT,CT,3,,,,,,,,,,47,144
297,PC,PC,1,,,,,,,,,,48,1
298,CT,CT,3,,,,,,,,,,48,144
299,PC,PC,1,,,,,,,,,,51,1
300,CT,CT,3,,,,,,,,,,51,24
301,PC,PC,1,,,,,,,,,,53,1
302,CT,CT,3,,,,,,,,,,53,6
303,01,BKS,1,,,,,,,,,,94,1
2790,PC,PCS,1,,,,,,,,,,1344,1
307,ct,karton,3,,,,,,,,,,533,80
308,ct,carton,1,,,,,,,,,,536,1
309,PC,PIECE,1,,,,,,,,,,87,1
310,BOX,BOX,2,,,,,,,,,,87,12
311,KARTON,KARTON,3,,,,,,,,,,87,72
312,PC,PIECE,1,,,,,,,,,,30,1
313,PACK,PACK,2,,,,,,,,,,30,12
314,BOX,BOX,3,,,,,,,,,,30,24
315,PC,PIECE,1,,,,,,,,,,537,1
316,PACK,PACK,2,,,,,,,,,,537,12
317,BOX,BOX,3,,,,,,,,,,537,24
321,pc,pieces,1,,,,,,,,,,539,1
322,-,-,2,,,,,,,,,,539,1
323,ct,carton,3,,,,,,,,,,539,1
324,pc,pcs,1,,,,,,,,,,540,1
325,bx,box,2,,,,,,,,,,540,1
326,ct,carton,3,,,,,,,,,,540,1
327,pc,pcs,1,,,,,,,,,,541,1
328,bx,box,2,,,,,,,,,,541,0
329,ct,carton,3,,,,,,,,,,541,1
330,pc,pcs,1,,,,,,,,,,542,1
331,bx,box,2,,,,,,,,,,542,1
332,ct,carton,3,,,,,,,,,,542,1
333,pc,pcs,1,,,,,,,,,,543,1
334,bx,box,2,,,,,,,,,,543,1
335,ct,carton,3,,,,,,,,,,543,1
336,pc,pcs,1,,,,,,,,,,544,1
337,bx,box,2,,,,,,,,,,544,1
338,ct,carton,3,,,,,,,,,,544,1
339,PC,PCS,1,,,,,,,,,,545,1
340,BX,BOX,2,,,,,,,,,,545,1
341,CT,CARTON,3,,,,,,,,,,545,1
342,PC,PCS,1,,,,,,,,,,546,1
343,BX,BOX,2,,,,,,,,,,546,1
344,CT,CARTON,3,,,,,,,,,,546,1
345,PC,PC,1,,,,,,,,,,547,1
346,BX,BOX,2,,,,,,,,,,547,1
347,CT,CARTON,3,,,,,,,,,,547,1
348,PC,PCS,1,,,,,,,,,,548,1
349,BX,BOX,2,,,,,,,,,,548,1
350,CT,CARTON,3,,,,,,,,,,548,1
351,PC,PCS,1,,,,,,,,,,549,1
352,BX,BOX,2,,,,,,,,,,549,1
353,CT,CARTON,3,,,,,,,,,,549,1
354,PC,PCS,1,,,,,,,,,,550,1
357,PC,PCS,1,,,,,,,,,,551,1
358,BX,BOX,2,,,,,,,,,,551,1
359,CT,CARTON,3,,,,,,,,,,551,1
360,PC,PCS,1,,,,,,,,,,552,1
361,BX,BOX,2,,,,,,,,,,552,1
362,CT,CARTON,3,,,,,,,,,,552,1
363,pc,pcs,1,,,,,,,,,,553,1
364,bx,box,2,,,,,,,,,,553,1
365,ct,carton,3,,,,,,,,,,553,1
366,pc,pcs,1,,,,,,,,,,554,1
367,bx,box,2,,,,,,,,,,554,1
368,ct,carton,3,,,,,,,,,,554,1
369,pc,pcs,1,,,,,,,,,,555,1
370,bx,box,2,,,,,,,,,,555,1
371,ct,carton,3,,,,,,,,,,555,1
377,ct,carton,3,,,,,,,,,,557,216
380,ct,carton,3,,,,,,,,,,558,48
383,ct,carton,3,,,,,,,,,,559,36
318,bt,botol,1,,,,,,,,,,538,1
386,ct,carton,3,,,,,,,,,,560,36
319,bt,btl,2,,,,,,,,,,538,1
320,bx,box,3,,,,,,,,,,538,24
387,pc,pcs,1,,,,,,,,,,561,1
388,pc,pcs,2,,,,,,,,,,561,1
389,ct,carton,3,,,,,,,,,,561,36
392,ct,carton,3,,,,,,,,,,562,36
393,pc,pcs,1,,,,,,,,,,563,1
394,pc,pcs,2,,,,,,,,,,563,1
395,ct,carton,3,,,,,,,,,,563,96
398,ct,carton,3,,,,,,,,,,564,96
401,ct,carton,3,,,,,,,,,,565,216
402,pc,pcs,1,,,,,,,,,,566,1
403,pc,pcs,2,,,,,,,,,,566,1
399,PK,PACK,1,,,,,,,,,,565,1
376,PK,PACK,2,,,,,,,,,,557,1
375,PK,PACK,1,,,,,,,,,,557,1
400,PK,PACK,2,,,,,,,,,,565,1
378,PK,PACK,1,,,,,,,,,,558,1
379,PK,PACK,2,,,,,,,,,,558,1
396,PK,PACK,1,,,,,,,,,,564,1
397,PK,PACK,2,,,,,,,,,,564,1
384,PK,PACK,1,,,,,,,,,,560,1
385,PK,PACK,2,,,,,,,,,,560,1
390,PK,PACK,1,,,,,,,,,,562,1
391,PK,PACK,2,,,,,,,,,,562,1
381,PK,PACK,1,,,,,,,,,,559,1
382,PK,PACK,2,,,,,,,,,,559,1
355,PC,PCS,2,,,,,,,,,,550,1
356,CT,CARTON,3,,,,,,,,,,550,24
373,PK,PACK,2,,,,,,,,,,556,1
304,RC,RCG,1,,,,,,,,,,521,1
374,ct,carton,3,,,,,,,,,,556,216
404,ct,carton,3,,,,,,,,,,566,216
405,pc,pcs,1,,,,,,,,,,567,1
406,pc,pcs,2,,,,,,,,,,567,1
407,ct,carton,3,,,,,,,,,,567,48
408,pc,pcs,1,,,,,,,,,,568,1
409,pc,pcs,2,,,,,,,,,,568,1
410,ct,carton,3,,,,,,,,,,568,216
2791,PC,PCS,2,,,,,,,,,,1344,1
413,ct,carton,3,,,,,,,,,,569,48
414,pc,pcs,1,,,,,,,,,,570,1
415,pc,pcs,2,,,,,,,,,,570,1
416,ct,carton,3,,,,,,,,,,570,96
419,ct,carton,3,,,,,,,,,,571,96
420,pc,pcs,1,,,,,,,,,,572,1
421,pc,pcs,2,,,,,,,,,,572,1
422,ct,carton,3,,,,,,,,,,572,48
423,pc,pcs,1,,,,,,,,,,573,1
424,pc,pcs,2,,,,,,,,,,573,1
425,ct,carton,3,,,,,,,,,,573,24
426,pc,pcs,1,,,,,,,,,,574,1
427,pc,pcs,2,,,,,,,,,,574,1
428,ct,carton,3,,,,,,,,,,574,96
431,ct,carton,3,,,,,,,,,,575,216
434,ct,carton,3,,,,,,,,,,576,108
437,ct,carton,3,,,,,,,,,,577,72
440,ct,carton,3,,,,,,,,,,578,216
441,pc,pcs,1,,,,,,,,,,579,1
442,pc,pcs,2,,,,,,,,,,579,1
443,ct,carton,3,,,,,,,,,,579,144
446,ct,carton,3,,,,,,,,,,580,24
447,pc,pcs,1,,,,,,,,,,581,1
448,pc,pcs,2,,,,,,,,,,581,1
449,ct,carton,3,,,,,,,,,,581,96
450,pc,pcs,1,,,,,,,,,,582,1
451,pc,pcs,2,,,,,,,,,,582,1
452,ct,carton,3,,,,,,,,,,582,64
453,pc,pcs,1,,,,,,,,,,583,1
454,pc,pcs,2,,,,,,,,,,583,1
455,ct,carton,3,,,,,,,,,,583,24
456,pc,pcs,1,,,,,,,,,,584,1
457,pc,pcs,2,,,,,,,,,,584,1
458,ct,carton,3,,,,,,,,,,584,16
459,pc,pcs,1,,,,,,,,,,585,1
460,pc,pcs,2,,,,,,,,,,585,1
461,ct,carton,3,,,,,,,,,,585,24
464,ct,carton,3,,,,,,,,,,586,216
465,pc,pcs,1,,,,,,,,,,587,1
466,pc,pcs,2,,,,,,,,,,587,1
467,ct,carton,3,,,,,,,,,,587,72
468,pc,pcs,1,,,,,,,,,,588,1
469,pc,pcs,2,,,,,,,,,,588,1
470,ct,carton,3,,,,,,,,,,588,72
471,pc,pcs,1,,,,,,,,,,589,1
472,pc,pcs,2,,,,,,,,,,589,1
473,ct,carton,3,,,,,,,,,,589,12
474,pc,pcs,1,,,,,,,,,,590,1
475,pc,pcs,2,,,,,,,,,,590,1
476,ct,carton,3,,,,,,,,,,590,64
477,pc,pcs,1,,,,,,,,,,591,1
478,pc,pcs,2,,,,,,,,,,591,1
479,ct,carton,3,,,,,,,,,,591,80
480,pc,pcs,1,,,,,,,,,,592,1
481,pc,pcs,2,,,,,,,,,,592,1
482,ct,carton,3,,,,,,,,,,592,16
483,pc,pcs,1,,,,,,,,,,593,1
484,pc,pcs,2,,,,,,,,,,593,1
485,ct,carton,3,,,,,,,,,,593,144
486,pc,pcs,1,,,,,,,,,,594,1
487,pc,pcs,2,,,,,,,,,,594,1
488,ct,carton,3,,,,,,,,,,594,16
489,pc,pcs,1,,,,,,,,,,595,1
490,pc,pcs,2,,,,,,,,,,595,1
491,ct,carton,3,,,,,,,,,,595,48
492,pc,pcs,1,,,,,,,,,,596,1
493,pc,pcs,2,,,,,,,,,,596,1
494,ct,carton,3,,,,,,,,,,596,16
495,pc,pcs,1,,,,,,,,,,597,1
496,pc,pcs,2,,,,,,,,,,597,1
497,ct,carton,3,,,,,,,,,,597,16
498,pc,pcs,1,,,,,,,,,,598,1
499,pc,pcs,2,,,,,,,,,,598,1
500,ct,carton,3,,,,,,,,,,598,144
501,pc,pcs,1,,,,,,,,,,599,1
502,pc,pcs,2,,,,,,,,,,599,1
503,ct,carton,3,,,,,,,,,,599,12
504,pc,pcs,1,,,,,,,,,,600,1
505,pc,pcs,2,,,,,,,,,,600,1
506,ct,carton,3,,,,,,,,,,600,72
507,pc,pcs,1,,,,,,,,,,601,1
508,pc,pcs,2,,,,,,,,,,601,1
509,ct,carton,3,,,,,,,,,,601,144
512,ct,carton,3,,,,,,,,,,602,48
515,ct,carton,3,,,,,,,,,,603,216
518,ct,carton,3,,,,,,,,,,604,216
521,ct,carton,3,,,,,,,,,,605,48
524,ct,carton,3,,,,,,,,,,606,48
527,ct,carton,3,,,,,,,,,,607,48
528,pc,ct,1,,,,,,,,,,608,1
529,pc,pcs,2,,,,,,,,,,608,1
530,ct,carton,3,,,,,,,,,,608,16
531,pc,pcs,1,,,,,,,,,,609,1
532,pc,pcs,2,,,,,,,,,,609,1
533,ct,carton,3,,,,,,,,,,609,16
535,pc,pcs,2,,,,,,,,,,610,1
536,ct,carton,3,,,,,,,,,,610,144
537,pc,pcs,1,,,,,,,,,,611,1
538,pc,pcs,2,,,,,,,,,,611,1
539,ct,carton,3,,,,,,,,,,611,36
430,PK,PACK,2,,,,,,,,,,575,1
411,PK,PACK,1,,,,,,,,,,569,1
417,PK,PACK,1,,,,,,,,,,571,1
418,PK,PACK,2,,,,,,,,,,571,1
432,PK,PACK,1,,,,,,,,,,576,1
433,PK,PACK,2,,,,,,,,,,576,1
435,PK,PACK,1,,,,,,,,,,577,1
436,PK,PACK,2,,,,,,,,,,577,1
522,PK,PACK,1,,,,,,,,,,606,1
526,PK,PACK,2,,,,,,,,,,607,1
525,PK,PACK,1,,,,,,,,,,607,1
523,PK,PACK,2,,,,,,,,,,606,1
534,pc,pcs,1,,,,,,,,,,610,1
444,PK,PACK,1,,,,,,,,,,580,1
445,PK,PACK,2,,,,,,,,,,580,1
516,PK,PACK,1,,,,,,,,,,604,1
519,PK,PACK,1,,,,,,,,,,605,1
520,PK,PACK,2,,,,,,,,,,605,1
513,PK,PACK,1,,,,,,,,,,603,1
514,PK,PACK,2,,,,,,,,,,603,1
510,PK,PACK,1,,,,,,,,,,602,1
511,PK,PACK,2,,,,,,,,,,602,1
438,PK,PACK,1,,,,,,,,,,578,1
439,PK,PACK,2,,,,,,,,,,578,1
462,PK,PACK,1,,,,,,,,,,586,1
463,PK,PACK,2,,,,,,,,,,586,1
540,PC,PIECE,1,,,,,,,,,,612,1
541,PACK,PACK,2,,,,,,,,,,612,12
542,BOX,BOX,3,,,,,,,,,,612,24
543,pc,pcs,1,,,,,,,,,,613,1
544,bx,box,2,,,,,,,,,,613,12
545,ct,carton,3,,,,,,,,,,613,72
546,PC,PCS,1,,,,,,,,,,614,1
547,BX,BOX,2,,,,,,,,,,614,2
548,CT,CARTON,3,,,,,,,,,,614,12
549,PC,PCS,1,,,,,,,,,,615,1
550,BX,BOX,2,,,,,,,,,,615,24
551,CT,CARTON,3,,,,,,,,,,615,144
552,PC,PCS,1,,,,,,,,,,616,1
553,BX,BOX,2,,,,,,,,,,616,12
554,CT,CARTON,3,,,,,,,,,,616,144
555,PC,PCS,1,,,,,,,,,,617,1
556,BX,BOX,2,,,,,,,,,,617,24
557,CT,CARTON,3,,,,,,,,,,617,288
558,PC,PCS,1,,,,,,,,,,618,1
559,BX,BOX,2,,,,,,,,,,618,24
560,CT,CARTON,3,,,,,,,,,,618,288
561,PC,PCS,1,,,,,,,,,,619,1
562,BX,BOX,2,,,,,,,,,,619,24
563,CT,CARTON,3,,,,,,,,,,619,288
564,PC,PCS,1,,,,,,,,,,620,1
565,BX,BOX,2,,,,,,,,,,620,20
566,CT,CARTON,3,,,,,,,,,,620,80
567,PC,PCS,1,,,,,,,,,,621,1
568,BX,BOX,2,,,,,,,,,,621,12
569,CT,CARTON,3,,,,,,,,,,621,144
570,PC,PCS,1,,,,,,,,,,622,1
571,BX,BOX,2,,,,,,,,,,622,1
572,CT,CARTON,3,,,,,,,,,,622,28
573,PC,PCS,1,,,,,,,,,,623,1
574,BX,BOX,2,,,,,,,,,,623,12
575,CT,CARTON,3,,,,,,,,,,623,144
576,PC,PCS,1,,,,,,,,,,624,1
577,BX,BOX,2,,,,,,,,,,624,12
578,CT,CARTON,3,,,,,,,,,,624,12
579,PC,PCS,1,,,,,,,,,,625,1
580,BX,BOX,2,,,,,,,,,,625,10
581,CT,CARTON,3,,,,,,,,,,625,100
582,PC,PCS,1,,,,,,,,,,626,1
583,BX,BOX,2,,,,,,,,,,626,24
584,CT,CARTON,3,,,,,,,,,,626,144
585,PC,PCS,1,,,,,,,,,,627,1
586,BX,BOX,2,,,,,,,,,,627,1
587,CT,CARTON,3,,,,,,,,,,627,8
588,pc,pcs,1,,,,,,,,,,628,1
589,bx,box,2,,,,,,,,,,628,12
590,ct,carton,3,,,,,,,,,,628,144
591,pc,pcs,1,,,,,,,,,,629,1
592,bx,box,2,,,,,,,,,,629,12
593,ct,carton,3,,,,,,,,,,629,144
594,pc,pcs,1,,,,,,,,,,630,1
595,bx,box,2,,,,,,,,,,630,1
596,ct,carton,3,,,,,,,,,,630,12
597,pc,pcs,1,,,,,,,,,,631,1
598,bx,box,2,,,,,,,,,,631,1
599,ct,carton,3,,,,,,,,,,631,24
600,pc,pcs,1,,,,,,,,,,632,1
601,bx,box,2,,,,,,,,,,632,12
602,ct,carton,3,,,,,,,,,,632,108
603,pc,pcs,1,,,,,,,,,,633,1
604,bx,box,2,,,,,,,,,,633,1
605,ct,carton,3,,,,,,,,,,633,8
606,pc,pcs,1,,,,,,,,,,634,1
607,bx,box,2,,,,,,,,,,634,1
608,ct,carton,3,,,,,,,,,,634,24
609,pc,pcs,1,,,,,,,,,,635,1
610,bx,box,2,,,,,,,,,,635,1
611,ct,carton,3,,,,,,,,,,635,24
612,pc,pcs,1,,,,,,,,,,636,1
613,bx,box,2,,,,,,,,,,636,1
614,ct,carton,3,,,,,,,,,,636,18
615,pc,pcs,1,,,,,,,,,,637,1
616,bx,box,2,,,,,,,,,,637,1
617,ct,carton,3,,,,,,,,,,637,48
618,pc,pcs,1,,,,,,,,,,638,1
619,bx,box,2,,,,,,,,,,638,12
620,ct,carton,3,,,,,,,,,,638,144
621,pc,pcs,1,,,,,,,,,,639,1
622,bx,box,2,,,,,,,,,,639,12
623,ct,carton,3,,,,,,,,,,639,144
624,pc,pcs,1,,,,,,,,,,640,1
625,bx,box,2,,,,,,,,,,640,40
626,ct,carton,3,,,,,,,,,,640,720
627,pc,pcs,1,,,,,,,,,,641,1
628,bx,box,2,,,,,,,,,,641,10
629,ct,carton,3,,,,,,,,,,641,60
630,pc,pcs,1,,,,,,,,,,642,1
631,bx,box,2,,,,,,,,,,642,1
632,ct,carton,3,,,,,,,,,,642,24
633,pc,pcs,1,,,,,,,,,,643,1
634,bx,box,2,,,,,,,,,,643,1
635,ct,carton,3,,,,,,,,,,643,24
636,pc,pcs,1,,,,,,,,,,644,1
637,bx,box,2,,,,,,,,,,644,12
638,ct,carton,3,,,,,,,,,,644,144
639,pc,pcs,1,,,,,,,,,,645,1
640,bx,box,2,,,,,,,,,,645,1
641,ct,carton,3,,,,,,,,,,645,30
642,pc,pcs,1,,,,,,,,,,646,1
643,bx,box,2,,,,,,,,,,646,1
644,ct,carton,3,,,,,,,,,,646,54
645,pc,pcs,1,,,,,,,,,,647,1
646,bx,box,2,,,,,,,,,,647,9808
647,ct,carton,3,,,,,,,,,,647,48
648,pc,pcs,1,,,,,,,,,,648,1
649,bx,box,2,,,,,,,,,,648,1
650,ct,carton,3,,,,,,,,,,648,144
651,pc,pcs,1,,,,,,,,,,649,1
652,bx,box,2,,,,,,,,,,649,1
653,ct,carton,3,,,,,,,,,,649,48
654,pc,pcs,1,,,,,,,,,,650,1
655,bx,box,2,,,,,,,,,,650,1
656,ct,carton,3,,,,,,,,,,650,24
657,pc,pcs,1,,,,,,,,,,651,1
658,bx,box,2,,,,,,,,,,651,24
659,ct,carton,3,,,,,,,,,,651,144
660,pc,pcs,1,,,,,,,,,,652,1
661,bx,box,2,,,,,,,,,,652,12
662,ct,carton,3,,,,,,,,,,652,72
663,pc,pcs,1,,,,,,,,,,653,1
664,bx,box,2,,,,,,,,,,653,12
665,ct,carton,3,,,,,,,,,,653,144
666,pc,pcs,1,,,,,,,,,,654,1
667,bx,box,2,,,,,,,,,,654,10
668,ct,carton,3,,,,,,,,,,654,60
669,pc,pcs,1,,,,,,,,,,655,1
670,bx,box,2,,,,,,,,,,655,1
671,ct,carton,3,,,,,,,,,,655,24
672,pc,pcs,1,,,,,,,,,,656,1
673,bx,box,2,,,,,,,,,,656,1
674,ct,carton,3,,,,,,,,,,656,24
675,pc,pcs,1,,,,,,,,,,657,1
676,bx,box,2,,,,,,,,,,657,1
677,ct,carton,3,,,,,,,,,,657,24
678,pc,pcs,1,,,,,,,,,,658,1
679,bx,box,2,,,,,,,,,,658,1
680,ct,carton,3,,,,,,,,,,658,24
681,pc,pcs,1,,,,,,,,,,659,1
682,bx,box,2,,,,,,,,,,659,1
683,ct,carton,3,,,,,,,,,,659,24
684,pc,pcs,1,,,,,,,,,,660,1
685,bx,box,2,,,,,,,,,,660,1
686,ct,carton,3,,,,,,,,,,660,24
687,pc,pcs,1,,,,,,,,,,661,1
688,bx,box,2,,,,,,,,,,661,20
689,ct,carton,3,,,,,,,,,,661,80
690,pc,pcs,1,,,,,,,,,,662,1
691,bx,box,2,,,,,,,,,,662,1
692,ct,carton,3,,,,,,,,,,662,36
693,pc,pcs,1,,,,,,,,,,663,1
694,bx,box,2,,,,,,,,,,663,1
695,ct,carton,3,,,,,,,,,,663,28
696,PC,PCS,1,,,,,,,,,,664,1
697,BX,BOX,2,,,,,,,,,,664,10
698,CT,CARTON,3,,,,,,,,,,664,60
699,PC,PCS,1,,,,,,,,,,665,1
700,BX,BOX,2,,,,,,,,,,665,24
701,CT,CARTON,3,,,,,,,,,,665,144
702,PC,PCS,1,,,,,,,,,,666,1
703,BX,BOX,2,,,,,,,,,,666,12
704,CT,CARTON,3,,,,,,,,,,666,144
705,PC,PCS,1,,,,,,,,,,667,1
706,BX,BOX,2,,,,,,,,,,667,24
707,CT,CARTON,3,,,,,,,,,,667,144
708,pc,pcs,1,,,,,,,,,,668,1
709,bx,box,2,,,,,,,,,,668,24
710,ct,carton,3,,,,,,,,,,668,144
711,pc,pcs,1,,,,,,,,,,669,1
712,bx,box,2,,,,,,,,,,669,12
713,ct,carton,3,,,,,,,,,,669,72
714,pc,pcs,1,,,,,,,,,,670,1
715,bx,box,2,,,,,,,,,,670,12
716,ct,carton,3,,,,,,,,,,670,72
717,pc,pcs,1,,,,,,,,,,671,1
718,bx,box,2,,,,,,,,,,671,12
719,ct,carton,3,,,,,,,,,,671,144
720,pc,pcs,1,,,,,,,,,,672,1
721,bx,box,2,,,,,,,,,,672,144
722,ct,carton,3,,,,,,,,,,672,144
723,pc,pcs,1,,,,,,,,,,673,1
724,bx,box,2,,,,,,,,,,673,1
725,ct,carton,3,,,,,,,,,,673,24
726,pc,pcs,1,,,,,,,,,,674,1
727,bx,box,2,,,,,,,,,,674,1
728,ct,carton,3,,,,,,,,,,674,24
729,pc,pcs,1,,,,,,,,,,675,1
730,bx,box,2,,,,,,,,,,675,1
731,ct,carton,3,,,,,,,,,,675,24
732,pc,pcs,1,,,,,,,,,,676,1
733,bx,box,2,,,,,,,,,,676,1
734,ct,carton,3,,,,,,,,,,676,24
735,pc,pcs,1,,,,,,,,,,677,1
736,bx,box,2,,,,,,,,,,677,1
737,ct,carton,3,,,,,,,,,,677,24
738,pc,pcs,1,,,,,,,,,,678,1
739,bx,box,2,,,,,,,,,,678,10
740,ct,carton,3,,,,,,,,,,678,200
741,pc,pcs,1,,,,,,,,,,679,1
742,bx,box,2,,,,,,,,,,679,10
743,ct,carton,3,,,,,,,,,,679,100
744,pc,pcs,1,,,,,,,,,,680,1
745,bx,box,2,,,,,,,,,,680,10
746,ct,carton,3,,,,,,,,,,680,100
747,pc,pcs,1,,,,,,,,,,681,1
748,bx,box,2,,,,,,,,,,681,5
749,ct,carton,3,,,,,,,,,,681,50
750,pc,ct,1,,,,,,,,,,682,1
751,bx,box,2,,,,,,,,,,682,10
752,ct,carton,3,,,,,,,,,,682,100
753,pc,pcs,1,,,,,,,,,,683,1
754,bx,box,2,,,,,,,,,,683,10
755,ct,carton,3,,,,,,,,,,683,100
756,pc,pcs,1,,,,,,,,,,684,1
757,bx,box,2,,,,,,,,,,684,5
758,ct,carton,3,,,,,,,,,,684,50
759,pc,pcs,1,,,,,,,,,,685,1
760,bx,box,2,,,,,,,,,,685,5
761,ct,carton,3,,,,,,,,,,685,50
762,pc,pcs,1,,,,,,,,,,686,1
763,bx,box,2,,,,,,,,,,686,5
764,ct,carton,3,,,,,,,,,,686,50
765,pc,pcs,1,,,,,,,,,,687,1
766,bx,box,2,,,,,,,,,,687,10
767,ct,carton,3,,,,,,,,,,687,100
768,pc,pcs,1,,,,,,,,,,688,1
769,bx,box,2,,,,,,,,,,688,5
770,ct,carton,3,,,,,,,,,,688,50
771,pc,pcs,1,,,,,,,,,,689,1
772,bx,box,2,,,,,,,,,,689,10
773,ct,carton,3,,,,,,,,,,689,100
774,pc,pcs,1,,,,,,,,,,690,1
775,bx,box,2,,,,,,,,,,690,10
776,ct,carton,3,,,,,,,,,,690,100
777,pc,pcs,1,,,,,,,,,,691,1
778,bx,box,2,,,,,,,,,,691,10
779,ct,carton,3,,,,,,,,,,691,100
780,pc,pcs,1,,,,,,,,,,692,1
781,bx,box,2,,,,,,,,,,692,5
782,ct,carton,3,,,,,,,,,,692,50
783,pc,pcs,1,,,,,,,,,,693,1
784,bx,box,2,,,,,,,,,,693,10
785,ct,carton,3,,,,,,,,,,693,100
786,pc,pcs,1,,,,,,,,,,694,1
787,bx,box,2,,,,,,,,,,694,10
788,ct,carton,3,,,,,,,,,,694,100
789,pc,pcs,1,,,,,,,,,,695,1
790,bx,box,2,,,,,,,,,,695,5
791,ct,carton,3,,,,,,,,,,695,50
792,pc,pcs,1,,,,,,,,,,696,1
793,bx,box,2,,,,,,,,,,696,5
794,ct,carton,3,,,,,,,,,,696,100
795,pc,pcs,1,,,,,,,,,,697,1
796,bx,box,2,,,,,,,,,,697,5
797,ct,carton,3,,,,,,,,,,697,100
798,pc,pcs,1,,,,,,,,,,698,1
799,bx,box,2,,,,,,,,,,698,10
800,ct,carton,3,,,,,,,,,,698,100
801,pc,pcs,1,,,,,,,,,,699,1
802,bx,box,2,,,,,,,,,,699,10
803,ct,carton,3,,,,,,,,,,699,150
804,pc,pcs,1,,,,,,,,,,700,1
805,bx,box,2,,,,,,,,,,700,10
806,ct,carton,3,,,,,,,,,,700,150
807,pc,pcs,1,,,,,,,,,,701,1
808,bx,box,2,,,,,,,,,,701,5
809,ct,carton,3,,,,,,,,,,701,50
810,pc,pcs,1,,,,,,,,,,702,1
811,bx,box,2,,,,,,,,,,702,10
812,ct,carton,3,,,,,,,,,,702,240
813,pc,pcs,1,,,,,,,,,,703,1
814,bx,box,2,,,,,,,,,,703,10
815,ct,carton,3,,,,,,,,,,703,100
816,pc,pcs,1,,,,,,,,,,704,1
817,bx,box,2,,,,,,,,,,704,5
818,ct,carton,3,,,,,,,,,,704,50
819,pc,pcs,1,,,,,,,,,,705,1
820,bx,box,2,,,,,,,,,,705,10
821,ct,carton,3,,,,,,,,,,705,200
822,pc,pcs,1,,,,,,,,,,706,1
823,bx,box,2,,,,,,,,,,706,10
824,ct,carton,3,,,,,,,,,,706,200
825,pc,pcs,1,,,,,,,,,,707,1
826,bx,box,2,,,,,,,,,,707,10
827,ct,carton,3,,,,,,,,,,707,100
828,pc,pcs,1,,,,,,,,,,708,1
829,bx,box,2,,,,,,,,,,708,5
830,ct,carton,3,,,,,,,,,,708,20
831,pc,pcs,1,,,,,,,,,,709,1
832,bx,box,2,,,,,,,,,,709,5
833,ct,carton,3,,,,,,,,,,709,50
834,pc,pcs,1,,,,,,,,,,710,1
835,bx,box,2,,,,,,,,,,710,5
836,ct,carton,3,,,,,,,,,,710,50
837,pc,pcs,1,,,,,,,,,,711,1
838,bx,box,2,,,,,,,,,,711,1
839,ct,carton,3,,,,,,,,,,711,36
840,pc,pcs,1,,,,,,,,,,712,1
841,bx,box,2,,,,,,,,,,712,5
842,ct,carton,3,,,,,,,,,,712,50
843,pc,pcs,1,,,,,,,,,,713,1
844,bx,box,2,,,,,,,,,,713,10
845,ct,carton,3,,,,,,,,,,713,240
846,pc,pcs,1,,,,,,,,,,714,1
847,bx,box,2,,,,,,,,,,714,10
848,ct,carton,3,,,,,,,,,,714,240
849,pc,pcs,1,,,,,,,,,,715,1
850,bx,box,2,,,,,,,,,,715,10
851,ct,carton,3,,,,,,,,,,715,240
852,pc,pcs,1,,,,,,,,,,716,1
853,bx,box,2,,,,,,,,,,716,5
854,ct,carton,3,,,,,,,,,,716,50
855,pc,pcs,1,,,,,,,,,,717,1
856,bx,box,2,,,,,,,,,,717,1
857,ct,carton,3,,,,,,,,,,717,12
858,pc,pcs,1,,,,,,,,,,718,1
859,bx,box,2,,,,,,,,,,718,5
860,ct,carton,3,,,,,,,,,,718,20
861,pc,pcs,1,,,,,,,,,,719,1
862,bx,box,2,,,,,,,,,,719,5
863,ct,carton,3,,,,,,,,,,719,20
864,pc,pcs,1,,,,,,,,,,720,1
865,bx,box,2,,,,,,,,,,720,5
866,ct,carton,3,,,,,,,,,,720,20
867,pc,pcs,1,,,,,,,,,,721,1
868,bx,box,2,,,,,,,,,,721,1
869,ct,carton,3,,,,,,,,,,721,48
870,pc,pcs,1,,,,,,,,,,722,1
871,bx,box,2,,,,,,,,,,722,1
872,ct,carton,3,,,,,,,,,,722,48
873,pc,pcs,1,,,,,,,,,,723,1
874,bx,box,2,,,,,,,,,,723,1
875,ct,carton,3,,,,,,,,,,723,15
876,pc,pcs,1,,,,,,,,,,724,1
877,bx,box,2,,,,,,,,,,724,1
878,ct,carton,3,,,,,,,,,,724,15
879,pc,pcs,1,,,,,,,,,,725,1
880,bx,box,2,,,,,,,,,,725,1
881,ct,carton,3,,,,,,,,,,725,24
882,pc,pcs,1,,,,,,,,,,726,1
883,bx,box,2,,,,,,,,,,726,10
884,ct,carton,3,,,,,,,,,,726,150
885,PC,PCS,1,,,,,,,,,,727,1
886,BX,BOX,2,,,,,,,,,,727,40
887,CT,CARTON,3,,,,,,,,,,727,160
888,pc,pcs,1,,,,,,,,,,728,1
889,rc,rcg,2,,,,,,,,,,728,40
890,ct,carton,3,,,,,,,,,,728,160
891,PC,PCS,1,,,,,,,,,,729,1
892,RC,RCG,2,,,,,,,,,,729,40
893,CT,CARTON,3,,,,,,,,,,729,160
894,pc,pcs,1,,,,,,,,,,730,1
895,c,rcg,2,,,,,,,,,,730,10
896,ct,carton,3,,,,,,,,,,730,120
897,pc,pcs,1,,,,,,,,,,731,1
898,rc,rcg,2,,,,,,,,,,731,40
899,ct,carton,3,,,,,,,,,,731,720
900,pc,pcs,1,,,,,,,,,,732,1
901,rc,rcg,2,,,,,,,,,,732,10
902,ct,carton,3,,,,,,,,,,732,120
903,pc,pcs,1,,,,,,,,,,733,1
904,rc,rcg,2,,,,,,,,,,733,10
905,ct,carton,3,,,,,,,,,,733,120
906,pc,pcs,1,,,,,,,,,,734,1
907,rc,rcg,2,,,,,,,,,,734,40
908,ct,carton,3,,,,,,,,,,734,160
909,pc,pcs,1,,,,,,,,,,735,1
910,rc,rcg,2,,,,,,,,,,735,40
911,ct,carton,3,,,,,,,,,,735,160
912,pc,pcs,1,,,,,,,,,,736,1
913,rc,rcg,2,,,,,,,,,,736,40
914,ct,carton,3,,,,,,,,,,736,160
915,pc,pcs,1,,,,,,,,,,737,1
916,rc,rcg,2,,,,,,,,,,737,40
917,ct,carton,3,,,,,,,,,,737,160
918,pc,pcs,1,,,,,,,,,,738,1
919,pc,pcs,2,,,,,,,,,,738,1
920,ct,carton,3,,,,,,,,,,738,24
921,pc,pcs,1,,,,,,,,,,739,1
922,rc,rcg,2,,,,,,,,,,739,40
923,ct,carton,3,,,,,,,,,,739,160
924,pc,pcs,1,,,,,,,,,,740,1
925,rc,rcg,2,,,,,,,,,,740,40
926,ct,carton,3,,,,,,,,,,740,160
927,pc,pcs,1,,,,,,,,,,741,1
928,rc,rcg,2,,,,,,,,,,741,40
929,ct,carton,3,,,,,,,,,,741,160
930,pc,pcs,1,,,,,,,,,,742,1
931,rc,rcg,2,,,,,,,,,,742,40
932,ct,carton,3,,,,,,,,,,742,160
933,pc,pcs,1,,,,,,,,,,743,1
934,rc,rcg,2,,,,,,,,,,743,40
935,ct,carton,3,,,,,,,,,,743,160
936,pc,pcs,1,,,,,,,,,,744,1
937,rc,rcg,2,,,,,,,,,,744,40
938,ct,carton,3,,,,,,,,,,744,160
939,pc,pcs,1,,,,,,,,,,745,1
940,rc,rcg,2,,,,,,,,,,745,40
941,ct,carton,3,,,,,,,,,,745,720
942,pc,pcs,1,,,,,,,,,,746,1
943,rc,rcg,2,,,,,,,,,,746,10
944,ct,carton,3,,,,,,,,,,746,120
945,pc,pcs,1,,,,,,,,,,747,1
946,rc,rcg,2,,,,,,,,,,747,10
947,ct,carton,3,,,,,,,,,,747,80
948,pc,pcs,1,,,,,,,,,,748,1
949,rc,rcg,2,,,,,,,,,,748,10
950,ct,carton,3,,,,,,,,,,748,150
951,pc,pcs,1,,,,,,,,,,749,1
952,rc,rcg,2,,,,,,,,,,749,10
953,ct,carton,3,,,,,,,,,,749,150
954,pc,pcs,1,,,,,,,,,,750,1
955,rc,rcg,2,,,,,,,,,,750,40
956,ct,carton,3,,,,,,,,,,750,160
957,pc,pcs,1,,,,,,,,,,751,1
958,rc,rcg,2,,,,,,,,,,751,40
959,ct,carton,3,,,,,,,,,,751,160
960,pc,pcs,1,,,,,,,,,,752,1
961,rc,rcg,2,,,,,,,,,,752,40
962,ct,carton,3,,,,,,,,,,752,160
963,pc,pcs,1,,,,,,,,,,753,1
964,rc,rcg,2,,,,,,,,,,753,40
965,ct,carton,3,,,,,,,,,,753,160
966,pc,pcs,1,,,,,,,,,,754,1
967,pc,pcs,2,,,,,,,,,,754,1
968,ct,carton,3,,,,,,,,,,754,24
969,PC,PCS,1,,,,,,,,,,755,1
970,RC,RCG,2,,,,,,,,,,755,40
971,CT,CARTON,3,,,,,,,,,,755,160
972,PC,PCS,1,,,,,,,,,,756,1
973,RC,RCG,2,,,,,,,,,,756,40
974,CT,CARTON,3,,,,,,,,,,756,160
975,pc,pcs,1,,,,,,,,,,757,1
976,rc,rcg,2,,,,,,,,,,757,10
977,ct,carton,3,,,,,,,,,,757,80
978,pc,pcs,1,,,,,,,,,,758,1
979,rc,rcg,2,,,,,,,,,,758,40
980,ct,carton,3,,,,,,,,,,758,160
981,pc,pcs,1,,,,,,,,,,759,1
982,pc,pc,2,,,,,,,,,,759,1
983,ct,carton,3,,,,,,,,,,759,24
984,pc,pcs,1,,,,,,,,,,760,1
985,bx,box,2,,,,,,,,,,760,80
986,ct,carton,3,,,,,,,,,,760,800
987,pc,pcs,1,,,,,,,,,,761,1
988,bx,box,2,,,,,,,,,,761,80
989,ct,carton,3,,,,,,,,,,761,800
990,pc,pcs,1,,,,,,,,,,762,1
991,rc,rcg,2,,,,,,,,,,762,40
992,ct,carton,3,,,,,,,,,,762,160
993,pc,pcs,1,,,,,,,,,,763,1
994,rc,rcg,2,,,,,,,,,,763,40
995,ct,carton,3,,,,,,,,,,763,160
996,PC,PCS,1,,,,,,,,,,764,1
997,RC,RCG,2,,,,,,,,,,764,10
998,CT,CARTON,3,,,,,,,,,,764,120
999,PC,PCS,1,,,,,,,,,,765,1
1000,RC,RCG,2,,,,,,,,,,765,40
1001,CT,CARTON,3,,,,,,,,,,765,160
1002,PC,PCS,1,,,,,,,,,,766,1
1003,BX,BOX,2,,,,,,,,,,766,80
1004,CT,CARTON,3,,,,,,,,,,766,800
1005,PC,PCS,1,,,,,,,,,,767,1
1006,RC,RCG,2,,,,,,,,,,767,10
1007,CT,CARTON,3,,,,,,,,,,767,120
1008,PC,PCS,1,,,,,,,,,,768,1
1009,RC,RCG,2,,,,,,,,,,768,10
1010,CT,CARTON,3,,,,,,,,,,768,80
1011,pc,pcs,1,,,,,,,,,,769,1
1012,rc,rcs,2,,,,,,,,,,769,40
1013,ct,carton,3,,,,,,,,,,769,160
1014,pc,pcs,1,,,,,,,,,,770,1
1015,rc,rcg,2,,,,,,,,,,770,40
1016,ct,carton,3,,,,,,,,,,770,160
1017,pc,pcs,1,,,,,,,,,,771,1
1018,rc,rcg,2,,,,,,,,,,771,10
1019,ct,carton,3,,,,,,,,,,771,150
1020,pc,pcs,1,,,,,,,,,,772,1
1021,pc,pcs,2,,,,,,,,,,772,1
1022,ct,carton,3,,,,,,,,,,772,24
1023,pc,pcs,1,,,,,,,,,,773,1
1024,rc,rcg,2,,,,,,,,,,773,10
1025,ct,carton,3,,,,,,,,,,773,120
1026,pc,pcs,1,,,,,,,,,,774,1
1027,rc,rcg,2,,,,,,,,,,774,10
1028,ct,carton,3,,,,,,,,,,774,80
1029,pc,pcs,1,,,,,,,,,,775,1
1030,rc,rcg,2,,,,,,,,,,775,10
1031,ct,carton,3,,,,,,,,,,775,150
1032,pc,pcs,1,,,,,,,,,,776,1
1033,rc,rcg,2,,,,,,,,,,776,10
1034,ct,carton,3,,,,,,,,,,776,180
1035,pc,pcs,1,,,,,,,,,,777,1
1036,rc,rcg,2,,,,,,,,,,777,10
1037,ct,carton,3,,,,,,,,,,777,120
1038,pc,pcs,1,,,,,,,,,,778,1
1039,rc,rcg,2,,,,,,,,,,778,10
1040,ct,carton,3,,,,,,,,,,778,120
1041,pc,pcs,1,,,,,,,,,,779,1
1042,pc,pcs,2,,,,,,,,,,779,1
1043,ct,carton,3,,,,,,,,,,779,72
1044,pc,pcs,1,,,,,,,,,,780,1
1045,pc,pcs,2,,,,,,,,,,780,1
1046,ct,carton,3,,,,,,,,,,780,72
1047,pc,pcs,1,,,,,,,,,,781,1
1048,pc,pcs,2,,,,,,,,,,781,1
1049,ct,carton,3,,,,,,,,,,781,72
1050,pc,pcs,1,,,,,,,,,,782,1
1051,pc,pcs,2,,,,,,,,,,782,1
1052,ct,carton,3,,,,,,,,,,782,72
1053,pc,pcs,1,,,,,,,,,,783,1
1054,pc,pcs,2,,,,,,,,,,783,1
1055,ct,carton,3,,,,,,,,,,783,144
1056,pc,pcs,1,,,,,,,,,,784,1
1057,pc,pcs,2,,,,,,,,,,784,1
1058,ct,carton,3,,,,,,,,,,784,144
1059,pc,pcs,1,,,,,,,,,,785,1
1060,pc,pcs,2,,,,,,,,,,785,1
1061,ct,carton,3,,,,,,,,,,785,24
1062,pc,pcs,1,,,,,,,,,,786,1
1063,pc,pcs,2,,,,,,,,,,786,1
1064,ct,carton,3,,,,,,,,,,786,24
1065,pc,pcs,1,,,,,,,,,,787,1
1066,pc,pcs,2,,,,,,,,,,787,1
1067,ct,carton,3,,,,,,,,,,787,24
1068,pc,pcs,1,,,,,,,,,,788,1
1069,pc,pcs,2,,,,,,,,,,788,1
1070,ct,carton,3,,,,,,,,,,788,72
1071,pc,pcs,1,,,,,,,,,,789,1
1072,pc,pcs,2,,,,,,,,,,789,1
1073,ct,carton,3,,,,,,,,,,789,72
1074,pc,pcs,1,,,,,,,,,,790,1
1075,pc,pcs,2,,,,,,,,,,790,1
1076,ct,carton,3,,,,,,,,,,790,72
1077,pc,pcs,1,,,,,,,,,,791,1
1078,pc,pcs,2,,,,,,,,,,791,1
1079,ct,carton,3,,,,,,,,,,791,72
1080,pc,pcs,1,,,,,,,,,,792,1
1081,pc,pcs,2,,,,,,,,,,792,1
1082,ct,carton,3,,,,,,,,,,792,72
1083,pc,pcs,1,,,,,,,,,,793,1
1084,pc,pcs,2,,,,,,,,,,793,1
1085,ct,carton,3,,,,,,,,,,793,72
1086,pc,pcs,1,,,,,,,,,,794,1
1087,pc,pcs,2,,,,,,,,,,794,1
1088,ct,carton,3,,,,,,,,,,794,72
1089,pc,pcs,1,,,,,,,,,,795,1
1090,pc,pcs,2,,,,,,,,,,795,1
1091,ct,carton,3,,,,,,,,,,795,72
1092,pc,pcs,1,,,,,,,,,,796,1
1093,pc,pcs,2,,,,,,,,,,796,1
1094,ct,carton,3,,,,,,,,,,796,144
1095,pc,pcs,1,,,,,,,,,,797,1
1096,pc,pcs,2,,,,,,,,,,797,1
1097,ct,carton,3,,,,,,,,,,797,144
1098,pc,pcs,1,,,,,,,,,,798,1
1099,pc,pcs,2,,,,,,,,,,798,1
1100,ct,carton,3,,,,,,,,,,798,14545
1101,pc,pcs,1,,,,,,,,,,799,1
1102,pc,pcs,2,,,,,,,,,,799,1
1103,ct,carton,3,,,,,,,,,,799,32727
1104,pc,pcs,1,,,,,,,,,,800,1
1105,pc,pcs,2,,,,,,,,,,800,1
1106,ct,carton,3,,,,,,,,,,800,32727
1107,pc,pcs,1,,,,,,,,,,801,1
1108,pc,pcs,2,,,,,,,,,,801,1
1109,ct,carton,3,,,,,,,,,,801,24
1110,pc,pcs,1,,,,,,,,,,802,1
1111,pc,pcs,2,,,,,,,,,,802,1
1112,ct,carton,3,,,,,,,,,,802,24
1113,pc,pcs,1,,,,,,,,,,803,1
1114,pc,pcs,2,,,,,,,,,,803,1
1115,ct,carton,3,,,,,,,,,,803,72
1116,pc,pcs,1,,,,,,,,,,804,1
1117,pc,pcs,2,,,,,,,,,,804,1
1118,ct,carton,3,,,,,,,,,,804,72
1119,pc,pcs,1,,,,,,,,,,805,1
1120,pc,pcs,2,,,,,,,,,,805,1
1121,ct,carton,3,,,,,,,,,,805,144
1122,pc,pcs,1,,,,,,,,,,806,1
1123,pc,pcs,2,,,,,,,,,,806,1
1124,ct,carton,3,,,,,,,,,,806,144
1125,pc,pcs,1,,,,,,,,,,807,1
1126,pc,pcs,2,,,,,,,,,,807,1
1127,ct,carton,3,,,,,,,,,,807,24
1128,pc,pcs,1,,,,,,,,,,808,1
1129,pc,pcs,2,,,,,,,,,,808,1
1130,ct,carton,3,,,,,,,,,,808,24
1131,pc,pcs,1,,,,,,,,,,809,1
1132,pc,pcs,2,,,,,,,,,,809,1
1133,ct,carton,3,,,,,,,,,,809,24
1134,pc,pcs,1,,,,,,,,,,810,1
1135,pc,pcs,2,,,,,,,,,,810,1
1136,ct,carton,3,,,,,,,,,,810,24
1137,pc,pcs,1,,,,,,,,,,811,1
1138,pc,pcs,2,,,,,,,,,,811,1
1139,ct,carton,3,,,,,,,,,,811,24
1140,pc,pcs,1,,,,,,,,,,812,1
1141,pc,pcs,2,,,,,,,,,,812,1
1142,ct,carton,3,,,,,,,,,,812,24
1143,pc,pcs,1,,,,,,,,,,813,1
1144,pc,pcs,2,,,,,,,,,,813,1
1145,ct,carton,3,,,,,,,,,,813,24
1146,pc,pcs,1,,,,,,,,,,814,1
1147,pc,pcs,2,,,,,,,,,,814,1
1148,ct,carton,3,,,,,,,,,,814,72
1149,pc,pcs,1,,,,,,,,,,815,1
1150,pc,pcs,2,,,,,,,,,,815,1
1151,ct,carton,3,,,,,,,,,,815,24
1152,pc,pcs,1,,,,,,,,,,816,1
1153,pc,pcs,2,,,,,,,,,,816,1
1154,ct,carton,3,,,,,,,,,,816,24
1155,pc,pcs,1,,,,,,,,,,817,1
1156,pc,pcs,2,,,,,,,,,,817,1
1157,ct,carton,3,,,,,,,,,,817,24
1158,pc,pcs,1,,,,,,,,,,818,1
1159,pc,pcs,2,,,,,,,,,,818,1
1160,ct,carton,3,,,,,,,,,,818,24
1161,pc,pcs,1,,,,,,,,,,819,1
1162,pc,pcs,2,,,,,,,,,,819,1
1163,ct,carton,3,,,,,,,,,,819,72
1164,pc,pcs,1,,,,,,,,,,820,1
1165,pc,pcs,2,,,,,,,,,,820,1
1166,ct,carton,3,,,,,,,,,,820,72
1167,pc,pcs,1,,,,,,,,,,821,1
1168,pc,pcs,2,,,,,,,,,,821,1
1169,ct,carton,3,,,,,,,,,,821,72
1170,pc,pcs,1,,,,,,,,,,822,1
1171,pc,pcs,2,,,,,,,,,,822,1
1172,ct,carton,3,,,,,,,,,,822,72
1173,pc,pcs,1,,,,,,,,,,823,1
1174,pc,pcs,2,,,,,,,,,,823,1
1175,ct,carton,3,,,,,,,,,,823,24
1176,pc,pcs,1,,,,,,,,,,824,1
1177,pc,pcs,2,,,,,,,,,,824,1
1178,ct,carton,3,,,,,,,,,,824,24
1179,pc,pcs,1,,,,,,,,,,825,1
1180,pc,pcs,2,,,,,,,,,,825,1
1181,ct,carton,3,,,,,,,,,,825,24
1182,pc,pcs,1,,,,,,,,,,826,1
1183,pc,pcs,2,,,,,,,,,,826,1
1184,ct,carton,3,,,,,,,,,,826,72
1185,pc,pcs,1,,,,,,,,,,827,1
1186,pc,pcs,2,,,,,,,,,,827,1
1187,ct,carton,3,,,,,,,,,,827,24
1188,pc,pcs,1,,,,,,,,,,828,1
1189,pc,pcs,2,,,,,,,,,,828,1
1190,ct,carton,3,,,,,,,,,,828,24
1191,pc,pcs,1,,,,,,,,,,829,1
1192,pc,pcs,2,,,,,,,,,,829,1
1193,ct,carton,3,,,,,,,,,,829,24
1194,pc,pcs,1,,,,,,,,,,830,1
1195,pc,pcs,2,,,,,,,,,,830,1
1196,ct,carton,3,,,,,,,,,,830,48
1197,pc,pcs,1,,,,,,,,,,831,1
1198,pc,pcs,2,,,,,,,,,,831,1
1199,ct,carton,3,,,,,,,,,,831,48
1200,pc,pcs,1,,,,,,,,,,832,1
1201,pc,pcs,2,,,,,,,,,,832,1
1202,ct,carton,3,,,,,,,,,,832,48
1203,pc,pcs,1,,,,,,,,,,833,1
1204,pc,pcs,2,,,,,,,,,,833,1
1205,ct,carton,3,,,,,,,,,,833,48
1206,pc,pcs,1,,,,,,,,,,834,1
1207,pc,pcs,2,,,,,,,,,,834,1
1208,ct,carton,3,,,,,,,,,,834,24
1209,pc,pcs,1,,,,,,,,,,835,1
1210,pc,pcs,2,,,,,,,,,,835,1
1211,ct,carton,3,,,,,,,,,,835,48
1212,pc,pcs,1,,,,,,,,,,836,1
1213,pc,pcs,2,,,,,,,,,,836,1
1214,ct,carton,3,,,,,,,,,,836,24
1215,pc,pcs,1,,,,,,,,,,837,1
1216,pc,pcs,2,,,,,,,,,,837,1
1217,ct,carton,3,,,,,,,,,,837,24
1218,pc,pcs,1,,,,,,,,,,838,1
1219,pc,pcs,2,,,,,,,,,,838,1
1220,ct,carton,3,,,,,,,,,,838,24
1221,pc,pcs,1,,,,,,,,,,839,1
1222,pc,pcs,2,,,,,,,,,,839,1
1223,ct,carton,3,,,,,,,,,,839,24
1224,pc,pcs,1,,,,,,,,,,840,1
1225,pc,pcs,2,,,,,,,,,,840,1
1226,ct,carton,3,,,,,,,,,,840,72
1227,pc,pcs,1,,,,,,,,,,841,1
1228,pc,pcs,2,,,,,,,,,,841,1
1229,ct,carton,3,,,,,,,,,,841,144
1230,pc,pcs,1,,,,,,,,,,842,1
1231,pc,pcs,2,,,,,,,,,,842,1
1232,ct,carton,3,,,,,,,,,,842,144
1233,pc,pcs,1,,,,,,,,,,843,1
1234,pc,pcs,2,,,,,,,,,,843,1
1235,ct,carton,3,,,,,,,,,,843,144
1236,pc,pcs,1,,,,,,,,,,844,1
1237,pc,pcs,2,,,,,,,,,,844,1
1238,ct,carton,3,,,,,,,,,,844,48
1239,pc,pcs,1,,,,,,,,,,845,1
1240,pc,pcs,2,,,,,,,,,,845,1
1241,ct,carton,3,,,,,,,,,,845,48
1242,pc,pcs,1,,,,,,,,,,846,1
1243,pc,pcs,2,,,,,,,,,,846,1
1244,ct,carton,3,,,,,,,,,,846,48
1246,pc,pcs,2,,,,,,,,,,847,1
1247,ct,carton,3,,,,,,,,,,847,48
1248,pc,pcs,1,,,,,,,,,,848,1
1249,pc,pcs,2,,,,,,,,,,848,1
1250,ct,carton,3,,,,,,,,,,848,36
1251,pc,pcs,1,,,,,,,,,,849,1
1252,pc,pcs,2,,,,,,,,,,849,1
1253,ct,carton,3,,,,,,,,,,849,36
1254,pc,pcs,1,,,,,,,,,,850,1
1255,pc,pcs,2,,,,,,,,,,850,1
1256,ct,carton,3,,,,,,,,,,850,24
1257,pc,pcs,1,,,,,,,,,,851,1
1258,pc,pcs,2,,,,,,,,,,851,1
1259,ct,carton,3,,,,,,,,,,851,24
1260,pc,pcs,1,,,,,,,,,,852,1
1261,pc,pcs,2,,,,,,,,,,852,1
1262,ct,carton,3,,,,,,,,,,852,24
1263,pc,pcs,1,,,,,,,,,,853,1
1264,pc,pcs,2,,,,,,,,,,853,1
1265,ct,carton,3,,,,,,,,,,853,72
1266,pc,pcs,1,,,,,,,,,,854,1
1267,pc,pcs,2,,,,,,,,,,854,1
1268,ct,carton,3,,,,,,,,,,854,72
1269,pc,pcs,1,,,,,,,,,,855,1
1270,pc,pcs,2,,,,,,,,,,855,1
1271,ct,carton,3,,,,,,,,,,855,72
1272,pc,pcs,1,,,,,,,,,,856,1
1273,pc,pcs,2,,,,,,,,,,856,1
1274,ct,carton,3,,,,,,,,,,856,72
1275,pc,pcs,1,,,,,,,,,,857,1
1276,pc,pcs,2,,,,,,,,,,857,1
1277,ct,carton,3,,,,,,,,,,857,72
1278,pc,pcs,1,,,,,,,,,,858,1
1279,pc,pcs,2,,,,,,,,,,858,1
1280,ct,carton,3,,,,,,,,,,858,72
1281,pc,pcs,1,,,,,,,,,,859,1
1282,pc,pcs,2,,,,,,,,,,859,1
1283,ct,carton,3,,,,,,,,,,859,72
1284,pc,pcs,1,,,,,,,,,,860,1
1285,pc,pcs,2,,,,,,,,,,860,1
1286,ct,carton,3,,,,,,,,,,860,72
1287,pc,pcs,1,,,,,,,,,,861,1
1288,pc,pcs,2,,,,,,,,,,861,1
1289,ct,carton,3,,,,,,,,,,861,48
1290,pc,pcs,1,,,,,,,,,,862,1
1291,pc,pcs,2,,,,,,,,,,862,1
1292,ct,carton,3,,,,,,,,,,862,72
1293,pc,pcs,1,,,,,,,,,,863,1
1294,pc,pcs,2,,,,,,,,,,863,1
1295,ct,carton,3,,,,,,,,,,863,72
1296,pc,pcs,1,,,,,,,,,,864,1
1297,pc,pcs,2,,,,,,,,,,864,1
1298,ct,carton,3,,,,,,,,,,864,72
1299,pc,pcs,1,,,,,,,,,,865,1
1300,pc,pcs,2,,,,,,,,,,865,1
1301,ct,carton,3,,,,,,,,,,865,72
1302,pc,pcs,1,,,,,,,,,,866,1
1303,pc,pcs,2,,,,,,,,,,866,1
1304,ct,carton,3,,,,,,,,,,866,72
1305,pc,pcs,1,,,,,,,,,,867,1
1306,pc,pcs,2,,,,,,,,,,867,1
1307,ct,carton,3,,,,,,,,,,867,24
1308,pc,pcs,1,,,,,,,,,,868,1
1309,pc,pcs,2,,,,,,,,,,868,1
1310,ct,carton,3,,,,,,,,,,868,24
1311,pc,pcs,1,,,,,,,,,,869,1
1312,pc,pcs,2,,,,,,,,,,869,1
1313,ct,carton,3,,,,,,,,,,869,72
1314,pc,pcs,1,,,,,,,,,,870,1
1315,pc,pcs,2,,,,,,,,,,870,1
1316,ct,carton,3,,,,,,,,,,870,24
1317,pc,pcs,1,,,,,,,,,,871,1
1318,pc,pcs,2,,,,,,,,,,871,1
1319,ct,carton,3,,,,,,,,,,871,24
1320,pc,pcs,1,,,,,,,,,,872,1
1321,pc,pcs,2,,,,,,,,,,872,1
1322,ct,carton,3,,,,,,,,,,872,24
1323,pc,pcs,1,,,,,,,,,,873,1
1324,pc,pcs,2,,,,,,,,,,873,1
1325,ct,carton,3,,,,,,,,,,873,24
1326,pc,pcs,1,,,,,,,,,,874,1
1327,pc,pcs,2,,,,,,,,,,874,1
1328,ct,carton,3,,,,,,,,,,874,72
1329,pc,pcs,1,,,,,,,,,,875,1
1330,pc,pcs,2,,,,,,,,,,875,1
1331,ct,carton,3,,,,,,,,,,875,24
1332,pc,pcs,1,,,,,,,,,,876,1
1333,pc,pcs,2,,,,,,,,,,876,1
1334,ct,carton,3,,,,,,,,,,876,72
1335,pc,pcs,1,,,,,,,,,,877,1
1336,pc,pcs,2,,,,,,,,,,877,1
1337,ct,carton,3,,,,,,,,,,877,72
1338,pc,pcs,1,,,,,,,,,,878,1
1339,pc,pcs,2,,,,,,,,,,878,1
1340,ct,carton,3,,,,,,,,,,878,72
1341,pc,pcs,1,,,,,,,,,,879,1
1342,pc,pcs,2,,,,,,,,,,879,1
1343,ct,carton,3,,,,,,,,,,879,24
1344,pc,pcs,1,,,,,,,,,,880,1
1345,pc,pcs,2,,,,,,,,,,880,1
1346,ct,carton,3,,,,,,,,,,880,24
1347,pc,pcs,1,,,,,,,,,,881,1
1348,pc,pcs,2,,,,,,,,,,881,1
1349,ct,carton,3,,,,,,,,,,881,24
1350,pc,pcs,1,,,,,,,,,,882,1
1351,pc,pcs,2,,,,,,,,,,882,1
1352,ct,carton,3,,,,,,,,,,882,72
1353,pc,pcs,1,,,,,,,,,,883,1
1354,pc,pcs,2,,,,,,,,,,883,1
1355,ct,carton,3,,,,,,,,,,883,72
1356,pc,pcs,1,,,,,,,,,,884,1
1357,pc,pcs,2,,,,,,,,,,884,1
1358,ct,carton,3,,,,,,,,,,884,24
1361,CARTON,CARTON,3,,,,,,,,,,482,24
1362,PC,PC,2,,,,,,,,,,332,1
1363,RC,RENCENG,1,,,,,,,,,,885,1
1364,RC,RENCENG,2,,,,,,,,,,885,12
1365,BX,BOX,3,,,,,,,,,,885,36
1366,BTL,Botol,1,,,,,,,,,,886,1
1367,BTL,BOTOL,2,,,,,,,,,,886,12
1368,CT,CARTON,3,,,,,,,,,,886,36
1369,PC,PC,2,,,,,,,,,,67,1
1370,bt,botol,1,,,,,,,,,,887,1
1371,bt,botol,2,,,,,,,,,,887,1
1372,bx,box,3,,,,,,,,,,887,12
1380,pc,pcs,1,,,,,,,,,,499,1
1383,pc,pcs,1,,,,,,,,,,516,1
1384,pc,pcs,1,,,,,,,,,,517,1
1389,pc,pcs,1,,,,,,,,,,526,1
1390,ct,carton,3,,,,,,,,,,483,108
1391,ct,carton,3,,,,,,,,,,484,216
1393,ct,carton,3,,,,,,,,,,493,216
1395,ct,carton,3,,,,,,,,,,497,96
1397,ct,carton,3,,,,,,,,,,510,144
1398,ct,carton,3,,,,,,,,,,515,240
1399,ct,carton,3,,,,,,,,,,516,480
1408,pc,pcs,2,,,,,,,,,,516,1
1409,pc,pcs,2,,,,,,,,,,517,1
1410,ct,carton,3,,,,,,,,,,517,72
1412,ct,carton,3,,,,,,,,,,519,96
1414,ct,carton,3,,,,,,,,,,520,72
1416,ct,carton,3,,,,,,,,,,524,144
1418,ct,carton,3,,,,,,,,,,525,48
1419,pc,pcs,2,,,,,,,,,,526,1
1420,ct,carton,3,,,,,,,,,,526,216
1421,pc,pcs,1,,,,,,,,,,888,1
1422,pc,pcs,2,,,,,,,,,,888,1
1423,ct,carton,3,,,,,,,,,,888,48
1424,pc,pcs,1,,,,,,,,,,889,1
1425,pc,pcs,2,,,,,,,,,,889,1
1426,ct,carton,3,,,,,,,,,,889,72
1427,pc,pcs,1,,,,,,,,,,890,1
1428,pc,pcs,2,,,,,,,,,,890,1
1429,ct,carton,3,,,,,,,,,,890,72
1430,pc,pcs,1,,,,,,,,,,891,1
1431,pc,pcs,2,,,,,,,,,,891,1
1432,ct,carton,3,,,,,,,,,,891,72
1433,pc,pcs,1,,,,,,,,,,892,1
1434,pc,pcs,2,,,,,,,,,,892,1
1435,ct,carton,3,,,,,,,,,,892,144
1436,pc,pcs,1,,,,,,,,,,893,1
1437,pc,pcs,2,,,,,,,,,,893,1
1438,ct,carton,3,,,,,,,,,,893,72
1439,pc,pcs,1,,,,,,,,,,894,1
1440,pc,pcs,2,,,,,,,,,,894,1
1441,ct,carton,3,,,,,,,,,,894,72
1442,pc,pcs,1,,,,,,,,,,895,1
1443,pc,pcs,2,,,,,,,,,,895,1
1444,ct,carton,3,,,,,,,,,,895,48
1445,pc,pcs,1,,,,,,,,,,896,1
1446,pc,pcs,2,,,,,,,,,,896,1
1447,ct,carton,3,,,,,,,,,,896,48
1448,pc,pcs,1,,,,,,,,,,897,1
1449,pc,pcs,2,,,,,,,,,,897,1
1450,ct,carton,3,,,,,,,,,,897,72
1451,pc,pcs,1,,,,,,,,,,898,1
1452,pc,pcs,2,,,,,,,,,,898,1
1453,ct,carton,3,,,,,,,,,,898,72
1454,pc,pcs,1,,,,,,,,,,899,1
1455,pc,pcs,2,,,,,,,,,,899,1
1456,ct,carton,3,,,,,,,,,,899,72
1457,pc,pcs,1,,,,,,,,,,900,1
1458,pc,pcs,2,,,,,,,,,,900,1
1459,ct,CARTON,3,,,,,,,,,,900,72
1460,PC,PCS,1,,,,,,,,,,901,1
1461,PC,PCS,2,,,,,,,,,,901,1
1462,CT,CARTON,3,,,,,,,,,,901,72
1463,PC,PCS,1,,,,,,,,,,902,1
1464,PC,PCS,2,,,,,,,,,,902,1
1465,CT,CARTON,3,,,,,,,,,,902,72
1466,PC,PCS,1,,,,,,,,,,903,1
1467,PC,PCS,2,,,,,,,,,,903,1
1468,CT,CARTON,3,,,,,,,,,,903,72
1469,pc,pcs,1,,,,,,,,,,904,1
1470,pc,pcs,2,,,,,,,,,,904,1
1471,ct,carton,3,,,,,,,,,,904,48
1472,pc,pcs,1,,,,,,,,,,905,1
1473,pc,pcs,2,,,,,,,,,,905,1
1474,ct,carton,3,,,,,,,,,,905,48
1475,pc,pcs,1,,,,,,,,,,906,1
1476,pc,pcs,2,,,,,,,,,,906,1
1477,ct,carton,3,,,,,,,,,,906,24
1478,pc,pcs,1,,,,,,,,,,907,1
1479,pc,pcs,2,,,,,,,,,,907,1
1480,ct,carton,3,,,,,,,,,,907,24
1481,pc,pcs,1,,,,,,,,,,908,1
1482,pc,pcs,2,,,,,,,,,,908,1
1483,ct,carton,3,,,,,,,,,,908,24
1484,pc,pcs,1,,,,,,,,,,909,1
1485,pc,pcs,2,,,,,,,,,,909,1
1486,ct,carton,3,,,,,,,,,,909,24
1487,pc,pcs,1,,,,,,,,,,910,1
1488,pc,pcs,2,,,,,,,,,,910,1
1489,ct,carton,3,,,,,,,,,,910,72
1490,pc,pcs,1,,,,,,,,,,911,1
1491,pc,pcs,2,,,,,,,,,,911,1
1373,PK,PACK,1,pc,,,,,,,,,483,1
1404,PK,PACK,2,,,,,,,,,,496,1
1385,PK,PACK,1,,,,,,,,,,519,1
1375,PK,PACK,1,,,,,,,,,,486,1
1379,PK,PACK,1,,,,,,,,,,498,1
1403,PK,PACK,2,,,,,,,,,,486,1
1392,CT,CARTON,3,,,,,,,,,,486,216
1382,PK,PACK,1,,,,,,,,,,515,1
1407,PK,PACK,2,,,,,,,,,,515,1
1376,PK,PACK,1,,,,,,,,,,493,1
1400,PK,PACK,2,,,,,,,,,,493,1
1388,PK,PACK,1,,,,,,,,,,525,1
1417,PK,PACK,2,,,,,,,,,,525,1
1387,PK,PACK,1,,,,,,,,,,524,1
1374,PK,PACK,1,pc,,,,,,,,,484,1
1402,PK,PACK,2,,,,,,,,,,484,1
1377,PK,PACK,1,,,,,,,,,,496,1
1411,PK,PACK,2,,,,,,,,,,519,1
1381,PK,PACK,1,,,,,,,,,,510,1
1406,PK,PACK,2,,,,,,,,,,510,1
1359,RC,RCG,1,,,,,,,,,,482,1
1401,PK,PACK,2,,,,,,,,,,483,1
1386,PK,PACK,1,,,,,,,,,,520,1
1413,PK,PACK,2,,,,,,,,,,520,1
1378,PK,PACK,1,,,,,,,,,,497,1
1360,RC,RCG,2,,,,,,,,,,482,1
1405,PK,PACK,2,,,,,,,,,,497,1
1492,ct,carton,3,,,,,,,,,,911,72
1493,pc,pcs,1,,,,,,,,,,912,1
1494,pc,pcs,2,,,,,,,,,,912,1
1495,ct,carton,3,,,,,,,,,,912,24
1496,pc,pcs,1,,,,,,,,,,913,1
1497,pc,pcs,2,,,,,,,,,,913,1
1498,ct,carton,3,,,,,,,,,,913,72
1499,pc,pcs,1,,,,,,,,,,914,1
1500,pc,pcs,2,,,,,,,,,,914,1
1501,ct,carton,3,,,,,,,,,,914,72
1502,pc,pcs,1,,,,,,,,,,915,1
1503,pc,pcs,2,,,,,,,,,,915,1
1504,ct,carton,3,,,,,,,,,,915,72
1505,pc,pcs,1,,,,,,,,,,916,1
1506,pc,pcs,2,,,,,,,,,,916,1
1507,ct,carton,3,,,,,,,,,,916,36
1508,pc,pcs,1,,,,,,,,,,917,1
1509,pc,pcs,2,,,,,,,,,,917,1
1510,ct,carton,3,,,,,,,,,,917,36
1511,pc,pcs,1,,,,,,,,,,918,1
1512,pc,pcs,2,,,,,,,,,,918,1
1513,ct,carton,3,,,,,,,,,,918,144
1514,pc,pcs,1,,,,,,,,,,919,1
1515,pc,pcs,2,,,,,,,,,,919,1
1516,ct,carton,3,,,,,,,,,,919,24
1517,PC,PC,1,,,,,,,,,,920,1
1518,BOX,BOX,2,,,,,,,,,,920,12
1519,CARTON,CARTON,3,,,,,,,,,,920,24
1520,pc,pcs,1,,,,,,,,,,921,1
1521,pc,pcs,2,,,,,,,,,,921,1
1522,ct,carton,3,,,,,,,,,,921,36
1523,btl,botol,1,,,,,,,,,,922,1
1524,px,pax,2,,,,,,,,,,922,10
1525,ct,carton,3,,,,,,,,,,922,30
1526,pc,pcs,1,,,,,,,,,,923,1
1527,pc,pcs,2,,,,,,,,,,923,1
1528,ct,carton,3,,,,,,,,,,923,30000
1529,pc,pcs,1,,,,,,,,,,924,1
1530,pc,pcs,2,,,,,,,,,,924,1
1531,ct,carton,3,,,,,,,,,,924,24
1532,pc,pcs,1,,,,,,,,,,925,1
1533,pc,pcs,2,,,,,,,,,,925,1
1534,ct,carton,3,,,,,,,,,,925,72
1535,pc,pcs,1,,,,,,,,,,926,1
1536,pc,pcs,2,,,,,,,,,,926,1
1537,ct,carton,3,,,,,,,,,,926,72
1538,pc,pcs,1,,,,,,,,,,927,1
1539,pc,pcs,2,,,,,,,,,,927,1
1540,ct,carton,3,,,,,,,,,,927,144
1541,pc,pcs,1,,,,,,,,,,928,1
1542,pc,pcs,2,,,,,,,,,,928,1
1543,ct,carton,3,,,,,,,,,,928,144
1544,pc,pcs,1,,,,,,,,,,929,1
1545,pc,pcs,2,,,,,,,,,,929,1
1546,ct,carton,3,,,,,,,,,,929,144
1547,pc,pcs,1,,,,,,,,,,930,1
1548,pc,pcs,2,,,,,,,,,,930,1
1549,ct,carton,3,,,,,,,,,,930,144
1550,pc,pcs,1,,,,,,,,,,931,1
1551,pc,pcs,2,,,,,,,,,,931,1
1552,ct,carton,3,,,,,,,,,,931,48
1553,pc,pcs,1,,,,,,,,,,932,1
1554,pc,pcs,2,,,,,,,,,,932,1
1555,ct,carton,3,,,,,,,,,,932,72
1556,pc,pcs,1,,,,,,,,,,933,1
1557,pc,pcs,2,,,,,,,,,,933,1
1558,ct,carton,3,,,,,,,,,,933,72
1559,pc,pcs,1,,,,,,,,,,934,1
1560,pc,pcs,2,,,,,,,,,,934,1
1561,ct,carton,3,,,,,,,,,,934,72
1562,pc,pcs,1,,,,,,,,,,935,1
1563,pc,pcs,2,,,,,,,,,,935,1
1564,ct,carton,3,,,,,,,,,,935,36
1565,pc,pcs,1,,,,,,,,,,936,1
1566,pc,pcs,2,,,,,,,,,,936,1
1567,ct,carton,3,,,,,,,,,,936,36
1568,pc,pcs,1,,,,,,,,,,937,1
1569,pc,pcs,2,,,,,,,,,,937,1
1570,ct,carton,3,,,,,,,,,,937,72
1571,pc,pcs,1,,,,,,,,,,938,1
1572,pc,pcs,2,,,,,,,,,,938,1
1573,ct,carton,3,,,,,,,,,,938,72
1574,pc,pcs,1,,,,,,,,,,939,1
1575,pc,pcs,2,,,,,,,,,,939,1
1576,ct,carton,3,,,,,,,,,,939,72
1577,pc,pcs,1,,,,,,,,,,940,1
1578,pc,pcs,2,,,,,,,,,,940,1
1579,ct,carton,3,,,,,,,,,,940,144
1580,pc,pcs,1,,,,,,,,,,941,1
1581,pc,pcs,2,,,,,,,,,,941,1
1582,ct,carton,3,,,,,,,,,,941,144
1583,pc,pcs,1,,,,,,,,,,942,1
1584,pc,pcs,2,,,,,,,,,,942,1
1585,ct,carton,3,,,,,,,,,,942,144
1586,pc,pcs,1,,,,,,,,,,943,1
1587,pc,pcs,2,,,,,,,,,,943,1
1588,ct,carton,3,,,,,,,,,,943,72
1589,pc,pcs,1,,,,,,,,,,944,1
1590,pc,pcs,2,,,,,,,,,,944,1
1591,ct,carton,3,,,,,,,,,,944,72
1592,pc,pcs,1,,,,,,,,,,945,1
1593,pc,pcs,2,,,,,,,,,,945,1
1594,ct,carton,3,,,,,,,,,,945,144
1595,pc,pcs,1,,,,,,,,,,946,1
1596,pc,pcs,2,,,,,,,,,,946,1
1597,ct,carton,3,,,,,,,,,,946,144
1598,pc,pcs,1,,,,,,,,,,947,1
1599,pc,pcs,2,,,,,,,,,,947,1
1600,ct,carton,3,,,,,,,,,,947,144
1601,pc,pcs,1,,,,,,,,,,948,1
1602,pc,pcs,2,,,,,,,,,,948,1
1603,ct,carton,3,,,,,,,,,,948,72
1604,pc,pcs,1,,,,,,,,,,949,1
1605,pc,pcs,2,,,,,,,,,,949,1
1606,ct,carton,3,,,,,,,,,,949,72
1607,pc,pcs,1,,,,,,,,,,950,1
1608,pc,pcs,2,,,,,,,,,,950,1
1609,ct,carton,3,,,,,,,,,,950,72
1610,pc,pcs,1,,,,,,,,,,951,1
1611,pc,pcs,2,,,,,,,,,,951,1
1612,ct,carton,3,,,,,,,,,,951,72
1613,pc,pcs,1,,,,,,,,,,952,1
1614,pc,pcs,2,,,,,,,,,,952,1
1615,ct,carton,3,,,,,,,,,,952,72
1616,pc,pcs,1,,,,,,,,,,953,1
1617,pc,pcs,2,,,,,,,,,,953,1
1618,ct,carton,3,,,,,,,,,,953,72
1619,pc,pcs,1,,,,,,,,,,954,1
1620,pc,pcs,2,,,,,,,,,,954,1
1621,ct,carton,3,,,,,,,,,,954,72
1622,PC,PCS,1,,,,,,,,,,955,1
1623,PC,PCS,2,,,,,,,,,,955,1
1624,CT,CARTON,3,,,,,,,,,,955,72
1625,PC,PCS,1,,,,,,,,,,956,1
1626,PC,PCS,2,,,,,,,,,,956,1
1627,CT,CARTON,3,,,,,,,,,,956,72
1628,pc,pcs,1,,,,,,,,,,957,1
1629,pc,pcs,2,,,,,,,,,,957,1
1630,ct,carton,3,,,,,,,,,,957,72
1631,pc,pcs,1,,,,,,,,,,958,1
1632,pc,pcs,2,,,,,,,,,,958,1
1633,ct,carton,3,,,,,,,,,,958,24
1634,pc,pcs,1,,,,,,,,,,959,1
1635,pc,pcs,2,,,,,,,,,,959,1
1636,ct,carton,3,,,,,,,,,,959,24
1637,pc,pcs,1,,,,,,,,,,960,1
1638,pc,pcs,2,,,,,,,,,,960,1
1639,ct,carton,3,,,,,,,,,,960,24
1640,pc,pcs,1,,,,,,,,,,961,1
1641,pc,pcs,2,,,,,,,,,,961,1
1642,ct,carton,3,,,,,,,,,,961,72
1643,pc,pcs,1,,,,,,,,,,962,1
1644,pc,pcs,2,,,,,,,,,,962,1
1645,ct,carton,3,,,,,,,,,,962,72
1646,pc,pcs,1,,,,,,,,,,963,1
1647,pc,pcs,2,,,,,,,,,,963,1
1648,ct,carton,3,,,,,,,,,,963,72
1649,pc,pcs,1,,,,,,,,,,964,1
1650,pc,pcs,2,,,,,,,,,,964,1
1651,ct,carton,3,,,,,,,,,,964,72
1652,pc,pcs,1,,,,,,,,,,965,1
1653,pc,pcs,2,,,,,,,,,,965,1
1654,ct,carton,3,,,,,,,,,,965,72
1655,pc,pcs,1,,,,,,,,,,966,1
1656,pc,pcs,2,,,,,,,,,,966,1
1657,ct,carton,3,,,,,,,,,,966,72
1658,pc,pcs,1,,,,,,,,,,967,1
1659,pc,pcs,2,,,,,,,,,,967,1
1660,ct,carton,3,,,,,,,,,,967,48
1661,sc,sachet,1,,,,,,,,,,968,1
1662,rc,renceng,2,,,,,,,,,,968,12
1663,box,box,3,,,,,,,,,,968,24
1664,pc,pcs,1,,,,,,,,,,969,1
1665,pc,pcs,2,,,,,,,,,,969,1
1666,ct,carton,3,,,,,,,,,,969,48
1667,pc,pcs,1,,,,,,,,,,970,1
1668,pc,pcs,2,,,,,,,,,,970,1
1669,ct,carton,3,,,,,,,,,,970,144
1670,pc,pcs,1,,,,,,,,,,971,1
1671,pc,pcs,2,,,,,,,,,,971,1
1672,ct,carton,3,,,,,,,,,,971,144
1673,pc,pcs,1,,,,,,,,,,972,1
1674,pc,pcs,2,,,,,,,,,,972,1
1675,ct,carton,3,,,,,,,,,,972,144
1676,pc,pcs,1,,,,,,,,,,973,1
1677,pc,pcs,2,,,,,,,,,,973,1
1678,ct,carton,3,,,,,,,,,,973,72
1679,pc,pcs,1,,,,,,,,,,974,1
1680,pc,pcs,2,,,,,,,,,,974,1
1681,ct,carton,3,,,,,,,,,,974,72
1682,pc,pcs,1,,,,,,,,,,975,1
1683,pc,pcs,2,,,,,,,,,,975,1
1684,ct,carton,3,,,,,,,,,,975,72
1685,pc,pcs,1,,,,,,,,,,976,1
1686,pc,pcs,2,,,,,,,,,,976,1
1687,ct,carton,3,,,,,,,,,,976,72
1688,pc,pcs,1,,,,,,,,,,977,1
1689,pc,pcs,2,,,,,,,,,,977,1
1690,ct,carton,3,,,,,,,,,,977,72
1691,pc,pcs,1,,,,,,,,,,978,1
1692,pc,pcs,2,,,,,,,,,,978,1
1693,ct,carton,3,,,,,,,,,,978,72
1694,pc,pcs,1,,,,,,,,,,979,1
1695,pc,pcs,2,,,,,,,,,,979,1
1696,ct,carton,3,,,,,,,,,,979,72
1697,pc,pcs,1,,,,,,,,,,980,1
1698,pc,pcs,2,,,,,,,,,,980,1
1699,ct,carton,3,,,,,,,,,,980,72
1700,pc,pcs,1,,,,,,,,,,981,1
1701,pc,pcs,2,,,,,,,,,,981,1
1702,ct,carton,3,,,,,,,,,,981,72
1703,pc,pcs,1,,,,,,,,,,982,1
1704,pc,pcs,2,,,,,,,,,,982,1
1705,ct,carton,3,,,,,,,,,,982,72
1706,pc,pcs,1,,,,,,,,,,983,1
1707,pc,pcs,2,,,,,,,,,,983,1
1708,ct,carton,3,,,,,,,,,,983,72
1709,pc,pcs,1,,,,,,,,,,984,1
1710,pc,pcs,2,,,,,,,,,,984,1
1711,ct,carton,3,,,,,,,,,,984,72
1712,pc,pcs,1,,,,,,,,,,985,1
1713,pc,pcs,2,,,,,,,,,,985,1
1714,ct,carton,3,,,,,,,,,,985,72
1715,pc,pcs,1,,,,,,,,,,986,1
1716,pc,pcs,2,,,,,,,,,,986,1
1717,ct,carton,3,,,,,,,,,,986,72
1718,pc,pcs,1,,,,,,,,,,987,1
1719,pc,pcs,2,,,,,,,,,,987,1
1720,ct,carton,3,,,,,,,,,,987,72
1721,pc,pcs,1,,,,,,,,,,988,1
1722,pc,pcs,2,,,,,,,,,,988,1
1723,ct,carton,3,,,,,,,,,,988,72
1724,pc,pcs,1,,,,,,,,,,989,1
1725,pc,pcs,2,,,,,,,,,,989,1
1726,ct,carton,3,,,,,,,,,,989,72
1727,pc,pcs,1,,,,,,,,,,990,1
1728,pc,pcs,2,,,,,,,,,,990,1
1729,ct,carton,3,,,,,,,,,,990,72
1730,pc,pcs,1,,,,,,,,,,991,1
1731,pc,pcs,2,,,,,,,,,,991,1
1732,ct,carton,3,,,,,,,,,,991,72
1733,pc,pcs,1,,,,,,,,,,992,1
1734,pc,pcs,2,,,,,,,,,,992,1
1735,ct,carton,3,,,,,,,,,,992,864
1736,pc,pcs,1,,,,,,,,,,993,1
1737,pc,pcs,2,,,,,,,,,,993,1
1738,ct,carton,3,,,,,,,,,,993,864
1739,pc,pcs,1,,,,,,,,,,994,1
1740,pc,pcs,2,,,,,,,,,,994,1
1741,ct,carton,3,,,,,,,,,,994,48
1742,pc,pcs,1,,,,,,,,,,995,1
1743,pc,pcs,2,,,,,,,,,,995,1
1744,ct,carton,3,,,,,,,,,,995,48
1745,pc,pcs,1,,,,,,,,,,996,1
1746,pc,pcs,2,,,,,,,,,,996,1
1747,ct,carton,3,,,,,,,,,,996,24
1748,pc,pcs,1,,,,,,,,,,997,1
1749,pc,pcs,2,,,,,,,,,,997,1
1750,ct,carton,3,,,,,,,,,,997,144
1751,pc,pcs,1,,,,,,,,,,998,1
1752,pc,pcs,2,,,,,,,,,,998,1
1753,ct,carton,3,,,,,,,,,,998,144
1754,PC,PCS,1,,,,,,,,,,999,1
1755,PC,PCS,2,,,,,,,,,,999,1
1756,CT,CARTON,3,,,,,,,,,,999,144
1757,PC,PCS,1,,,,,,,,,,1000,1
1758,PC,PCS,2,,,,,,,,,,1000,1
1759,CT,CARTON,3,,,,,,,,,,1000,144
1760,pc,pcs,1,,,,,,,,,,1001,1
1761,pc,pcs,2,,,,,,,,,,1001,1
1762,ct,carton,3,,,,,,,,,,1001,144
1763,pc,pcs,1,,,,,,,,,,1002,1
1764,pc,pcs,2,,,,,,,,,,1002,1
1765,ct,carton,3,,,,,,,,,,1002,144
1766,pc,pcs,1,,,,,,,,,,1003,1
1767,pc,pcs,2,,,,,,,,,,1003,1
1768,ct,carton,3,,,,,,,,,,1003,48
1769,pc,pcs,1,,,,,,,,,,1004,1
1770,pc,pcs,2,,,,,,,,,,1004,1
1771,ct,carton,3,,,,,,,,,,1004,72
1772,pc,pcs,1,,,,,,,,,,1005,1
1773,pc,pcs,2,,,,,,,,,,1005,1
1774,ct,carton,3,,,,,,,,,,1005,72
1775,pc,pcs,1,,,,,,,,,,1006,1
1776,pc,pcs,2,,,,,,,,,,1006,1
1777,ct,carton,3,,,,,,,,,,1006,72
1778,pc,pcs,1,,,,,,,,,,1007,1
1779,pc,pcs,2,,,,,,,,,,1007,1
1780,ct,carton,3,,,,,,,,,,1007,72
1781,pc,pcs,1,,,,,,,,,,1008,1
1782,pc,pcs,2,,,,,,,,,,1008,1
1783,ct,carton,3,,,,,,,,,,1008,24
1784,pc,pcs,1,,,,,,,,,,1009,1
1785,pc,pcs,2,,,,,,,,,,1009,1
1786,ct,carton,3,,,,,,,,,,1009,24
1787,pc,pcs,1,,,,,,,,,,1010,1
1788,pc,pcs,2,,,,,,,,,,1010,1
1789,ct,carton,3,,,,,,,,,,1010,24
1790,pc,pcs,1,,,,,,,,,,1011,1
1791,pc,pcs,2,,,,,,,,,,1011,1
1792,ct,carton,3,,,,,,,,,,1011,24
1793,pc,pcs,1,,,,,,,,,,1012,1
1794,pc,pcs,2,,,,,,,,,,1012,1
1795,ct,carton,3,,,,,,,,,,1012,24
1796,pc,pcs,1,,,,,,,,,,1013,1
1797,pc,pcs,2,,,,,,,,,,1013,1
1798,ct,carton,3,,,,,,,,,,1013,144
1799,pc,pcs,1,,,,,,,,,,1014,1
1800,pc,pcs,2,,,,,,,,,,1014,1
1801,ct,carton,3,,,,,,,,,,1014,144
1802,pc,pcs,1,,,,,,,,,,1015,1
1803,pc,pcs,2,,,,,,,,,,1015,1
1804,ct,carton,3,,,,,,,,,,1015,144
1805,pc,pcs,1,,,,,,,,,,1016,1
1806,pc,pcs,2,,,,,,,,,,1016,1
1807,ct,carton,3,,,,,,,,,,1016,144
1808,pc,pcs,1,,,,,,,,,,1017,1
1809,pc,pcs,2,,,,,,,,,,1017,1
1810,ct,carton,3,,,,,,,,,,1017,144
1811,pc,pcs,1,,,,,,,,,,1018,1
1812,pc,pcs,2,,,,,,,,,,1018,1
1813,ct,carton,3,,,,,,,,,,1018,72
1814,pc,pcs,1,,,,,,,,,,1019,1
1815,pc,pcs,2,,,,,,,,,,1019,1
1816,ct,carton,3,,,,,,,,,,1019,72
1817,pc,pcs,1,,,,,,,,,,1020,1
1818,pc,pcs,2,,,,,,,,,,1020,1
1819,ct,carton,3,,,,,,,,,,1020,144
1820,pc,pcs,1,,,,,,,,,,1021,1
1821,pc,pcs,2,,,,,,,,,,1021,1
1822,ct,carton,3,,,,,,,,,,1021,144
1823,pc,pcs,1,,,,,,,,,,1022,1
1824,pc,pcs,2,,,,,,,,,,1022,1
1825,ct,carton,3,,,,,,,,,,1022,144
1826,pc,pcs,1,,,,,,,,,,1023,1
1827,pc,pcs,2,,,,,,,,,,1023,1
1828,ct,carton,3,,,,,,,,,,1023,144
1829,pc,pcs,1,,,,,,,,,,1024,1
1830,pc,pcs,2,,,,,,,,,,1024,1
1831,ct,carton,3,,,,,,,,,,1024,72
1832,pc,pcs,1,,,,,,,,,,1025,1
1833,pc,pcs,2,,,,,,,,,,1025,1
1834,ct,carton,3,,,,,,,,,,1025,72
1835,pc,pcs,1,,,,,,,,,,1026,1
1836,pc,pcs,2,,,,,,,,,,1026,1
1837,ct,carton,3,,,,,,,,,,1026,72
1838,pc,pcs,1,,,,,,,,,,1027,1
1839,pc,pcs,2,,,,,,,,,,1027,1
1840,ct,carton,3,,,,,,,,,,1027,72
1841,pc,pcs,1,,,,,,,,,,1028,1
1842,pc,pcs,2,,,,,,,,,,1028,1
1843,ct,carton,3,,,,,,,,,,1028,72
1844,pc,pcs,1,,,,,,,,,,1029,1
1845,pc,pcs,2,,,,,,,,,,1029,1
1846,ct,carton,3,,,,,,,,,,1029,72
1847,pc,pcs,1,,,,,,,,,,1030,1
1848,pc,pcs,2,,,,,,,,,,1030,1
1849,ct,carton,3,,,,,,,,,,1030,72
1850,pc,pcs,1,,,,,,,,,,1031,1
1851,pc,pcs,2,,,,,,,,,,1031,1
1852,ct,carton,3,,,,,,,,,,1031,72
1853,pc,pcs,1,,,,,,,,,,1032,1
1854,pc,pcs,2,,,,,,,,,,1032,1
1855,ct,carton,3,,,,,,,,,,1032,72
1856,pc,pcs,1,,,,,,,,,,1033,1
1857,pc,pcs,2,,,,,,,,,,1033,1
1858,ct,carton,3,,,,,,,,,,1033,72
1859,pc,pcs,1,,,,,,,,,,1034,1
1860,pc,pcs,2,,,,,,,,,,1034,1
1861,ct,carton,3,,,,,,,,,,1034,72
1862,pc,pcs,1,,,,,,,,,,1035,1
1863,pc,pcs,2,,,,,,,,,,1035,1
1864,ct,carton,3,,,,,,,,,,1035,72
1865,pc,pcs,1,,,,,,,,,,1036,1
1866,pc,pcs,2,,,,,,,,,,1036,1
1867,ct,carton,3,,,,,,,,,,1036,864
1868,pc,pcs,1,,,,,,,,,,1037,1
1869,pc,pcs,2,,,,,,,,,,1037,1
1870,ct,carton,3,,,,,,,,,,1037,48
1871,pc,pcs,1,,,,,,,,,,1038,1
1872,pc,pcs,2,,,,,,,,,,1038,1
1873,ct,carton,3,,,,,,,,,,1038,48
1874,pc,pcs,1,,,,,,,,,,1039,1
1875,pc,pcs,2,,,,,,,,,,1039,1
1876,ct,carton,3,,,,,,,,,,1039,72
1877,pc,pcs,1,,,,,,,,,,1040,1
1878,pc,pcs,2,,,,,,,,,,1040,1
1879,ct,carton,3,,,,,,,,,,1040,72
1880,pc,pcs,1,,,,,,,,,,1041,1
1881,pc,pcs,2,,,,,,,,,,1041,1
1882,ct,carton,3,,,,,,,,,,1041,72
1883,pc,pcs,1,,,,,,,,,,1042,1
1884,pc,pcs,2,,,,,,,,,,1042,1
1885,ct,carton,3,,,,,,,,,,1042,72
1886,pc,pcs,1,,,,,,,,,,1043,1
1887,pc,pcs,2,,,,,,,,,,1043,1
1888,ct,carton,3,,,,,,,,,,1043,72
1889,pc,pcs,1,,,,,,,,,,1044,1
1890,pc,pcs,2,,,,,,,,,,1044,1
1891,ct,carton,3,,,,,,,,,,1044,48
1892,PC,PCS,1,,,,,,,,,,1045,1
1893,PC,PCS,2,,,,,,,,,,1045,1
1894,CT,CARTON,3,,,,,,,,,,1045,8
1895,PC,PCS,1,,,,,,,,,,1046,1
1896,PC,PCS,2,,,,,,,,,,1046,1
1897,CT,CARTON,3,,,,,,,,,,1046,6
1898,pc,pcs,1,,,,,,,,,,1047,1
1899,pc,pcs,2,,,,,,,,,,1047,1
1900,ct,carton,3,,,,,,,,,,1047,20
1901,pc,pcs,1,,,,,,,,,,1048,1
1902,pc,pcs,2,,,,,,,,,,1048,1
1903,ct,carton,3,,,,,,,,,,1048,20
1904,pc,pcs,1,,,,,,,,,,1049,1
1905,pc,pcs,2,,,,,,,,,,1049,1
1906,ct,carton,3,,,,,,,,,,1049,20
1907,pc,pcs,1,,,,,,,,,,1050,1
1908,pc,pcs,2,,,,,,,,,,1050,1
1909,ct,carton,3,,,,,,,,,,1050,15
1910,pc,pcs,1,,,,,,,,,,1051,1
1911,pc,pcs,2,,,,,,,,,,1051,1
1912,ct,carton,3,,,,,,,,,,1051,20
1913,PC,PCS,1,,,,,,,,,,1052,1
1914,PC,PCS,2,,,,,,,,,,1052,1
1915,CT,CARTON,3,,,,,,,,,,1052,20
1916,PC,PCS,1,,,,,,,,,,1053,1
1917,PC,PCS,2,,,,,,,,,,1053,1
1918,CT,CARTON,3,,,,,,,,,,1053,10
1919,PC,PCS,1,,,,,,,,,,1054,1
1920,PC,PCS,2,,,,,,,,,,1054,1
1921,CT,CARTON,3,,,,,,,,,,1054,6
1922,pc,pcs,1,,,,,,,,,,1055,1
1923,pc,pcs,2,,,,,,,,,,1055,1
1924,ct,carton,3,,,,,,,,,,1055,12
1925,pc,pcs,1,,,,,,,,,,1056,1
1926,pc,pcs,2,,,,,,,,,,1056,1
1927,ct,carton,3,,,,,,,,,,1056,20
1928,pc,pcs,1,,,,,,,,,,1057,1
1929,pc,pcs,2,,,,,,,,,,1057,1
1930,ct,carton,3,,,,,,,,,,1057,20
1931,pc,pcs,1,,,,,,,,,,1058,1
1932,pc,pcs,2,,,,,,,,,,1058,1
1933,ct,carton,3,,,,,,,,,,1058,12
1934,pc,pcs,1,,,,,,,,,,1059,1
1935,pc,pcs,2,,,,,,,,,,1059,1
1936,ct,carton,3,,,,,,,,,,1059,24
1937,pc,pcs,1,,,,,,,,,,1060,1
1938,rc,rcg,2,,,,,,,,,,1060,10
1939,ct,carton,3,,,,,,,,,,1060,60
1940,pc,pcs,1,,,,,,,,,,1061,1
1941,rc,rcg,2,,,,,,,,,,1061,10
1942,ct,carton,3,,,,,,,,,,1061,60
1943,pc,pcs,1,,,,,,,,,,1062,1
1944,rc,rcg,2,,,,,,,,,,1062,10
1945,ct,carton,3,,,,,,,,,,1062,60
1946,pc,pcs,1,,,,,,,,,,1063,1
1947,pc,pcs,2,,,,,,,,,,1063,1
1948,ct,carton,3,,,,,,,,,,1063,24
1949,pc,pcs,1,,,,,,,,,,1064,1
1950,pc,pcs,2,,,,,,,,,,1064,1
1951,ct,carton,3,,,,,,,,,,1064,24
1952,pc,pcs,1,,,,,,,,,,1065,1
1953,pc,pcs,2,,,,,,,,,,1065,1
1954,ct,carton,3,,,,,,,,,,1065,20
1955,PC,PCS,1,,,,,,,,,,1066,1
1956,RC,RCG,2,,,,,,,,,,1066,10
1957,CT,CARTON,3,,,,,,,,,,1066,60
1958,pc,pcs,1,,,,,,,,,,1067,1
1959,rc,rcg,2,,,,,,,,,,1067,10
1960,ct,carton,3,,,,,,,,,,1067,60
1961,pc,pcs,1,,,,,,,,,,1068,1
1962,pc,pcs,2,,,,,,,,,,1068,1
1963,ct,carton,3,,,,,,,,,,1068,24
1964,pc,pcs,1,,,,,,,,,,1069,1
1965,pc,pcs,2,,,,,,,,,,1069,1
1966,ct,carton,3,,,,,,,,,,1069,24
1967,pc,pcs,1,,,,,,,,,,1070,1
1968,pc,pcs,2,,,,,,,,,,1070,1
1969,ct,carton,3,,,,,,,,,,1070,18
1970,pc,pcs,1,,,,,,,,,,1071,1
1971,pc,pcs,2,,,,,,,,,,1071,1
1972,ct,carton,3,,,,,,,,,,1071,24
1973,pc,pcs,1,,,,,,,,,,1072,1
1974,pc,pcs,2,,,,,,,,,,1072,1
1975,ct,carton,3,,,,,,,,,,1072,30
1976,pc,pcs,1,,,,,,,,,,1073,1
1977,pc,pcs,2,,,,,,,,,,1073,1
1978,ct,carton,3,,,,,,,,,,1073,8
1979,pc,pcs,1,,,,,,,,,,1074,1
1980,pc,pcs,2,,,,,,,,,,1074,1
1981,ct,carton,3,,,,,,,,,,1074,20
1982,pc,pcs,1,,,,,,,,,,1075,1
1983,pc,pcs,2,,,,,,,,,,1075,1
1984,ct,carton,3,,,,,,,,,,1075,20
1985,pc,pcs,1,,,,,,,,,,1076,1
1986,pc,pcs,2,,,,,,,,,,1076,1
1987,ct,carton,3,,,,,,,,,,1076,20
1988,pc,pcs,1,,,,,,,,,,1077,1
1989,pc,pcs,2,,,,,,,,,,1077,1
1990,ct,carton,3,,,,,,,,,,1077,20
1991,pc,pcs,1,,,,,,,,,,1078,1
1992,rc,pcs,2,,,,,,,,,,1078,10
1993,ct,carton,3,,,,,,,,,,1078,60
1994,pc,pcs,1,,,,,,,,,,1079,1
1995,pc,pcs,2,,,,,,,,,,1079,1
1996,ct,carton,3,,,,,,,,,,1079,12
1997,pc,pcs,1,,,,,,,,,,1080,1
1998,pc,pcs,2,,,,,,,,,,1080,1
1999,ct,carton,3,,,,,,,,,,1080,120
2000,pc,pcs,1,,,,,,,,,,1081,1
2001,pc,pcs,2,,,,,,,,,,1081,1
2002,ct,carton,3,,,,,,,,,,1081,30
2003,pc,pcs,1,,,,,,,,,,1082,1
2004,pc,pcs,2,,,,,,,,,,1082,1
2005,ct,carton,3,,,,,,,,,,1082,30
2006,pc,pcs,1,,,,,,,,,,1083,1
2007,pc,pcs,2,,,,,,,,,,1083,1
2008,ct,carton,3,,,,,,,,,,1083,6
2009,pc,pcs,1,,,,,,,,,,1084,1
2010,pc,pcs,2,,,,,,,,,,1084,1
2011,ct,carton,3,,,,,,,,,,1084,6
2012,pc,pcs,1,,,,,,,,,,1085,1
2013,pc,pcs,2,,,,,,,,,,1085,1
2014,ct,carton,3,,,,,,,,,,1085,30
2015,pc,pcs,1,,,,,,,,,,1086,1
2016,pc,pcs,2,,,,,,,,,,1086,1
2017,ct,carton,3,,,,,,,,,,1086,6
2018,pc,pcs,1,,,,,,,,,,1087,1
2019,pc,pcs,2,,,,,,,,,,1087,1
2020,ct,carton,3,,,,,,,,,,1087,120
2021,pc,pcs,1,,,,,,,,,,1088,1
2022,pc,pcs,2,,,,,,,,,,1088,1
2023,ct,carton,3,,,,,,,,,,1088,120
2024,pc,pcs,1,,,,,,,,,,1089,1
2025,pc,pcs,2,,,,,,,,,,1089,1
2026,ct,carton,3,,,,,,,,,,1089,12
2027,pc,pcs,1,,,,,,,,,,1090,1
2028,pc,pcs,2,,,,,,,,,,1090,1
2029,ct,carton,3,,,,,,,,,,1090,12
2030,pc,pcs,1,,,,,,,,,,1091,1
2031,pc,pcs,2,,,,,,,,,,1091,1
2032,ct,carton,3,,,,,,,,,,1091,12
2033,pc,pcs,1,,,,,,,,,,1092,1
2034,pc,pcs,2,,,,,,,,,,1092,1
2035,ct,carton,3,,,,,,,,,,1092,120
2036,pc,pcs,1,,,,,,,,,,1093,1
2037,pc,pcs,2,,,,,,,,,,1093,1
2038,ct,carton,3,,,,,,,,,,1093,12
2039,pc,pcs,1,,,,,,,,,,1094,1
2040,pc,pcs,2,,,,,,,,,,1094,1
2041,ct,carton,3,,,,,,,,,,1094,12
2042,pc,pcs,1,,,,,,,,,,1095,1
2043,pc,pcs,2,,,,,,,,,,1095,1
2044,ct,carton,3,,,,,,,,,,1095,12
2045,pc,pcs,1,,,,,,,,,,1096,1
2046,pc,pcs,2,,,,,,,,,,1096,1
2047,ct,carton,3,,,,,,,,,,1096,6
2048,pc,pcs,1,,,,,,,,,,1097,1
2049,pc,pcs,2,,,,,,,,,,1097,1
2050,ct,carton,3,,,,,,,,,,1097,6
2051,pc,pcs,1,,,,,,,,,,1098,1
2052,pc,pcs,2,,,,,,,,,,1098,1
2053,ct,carton,3,,,,,,,,,,1098,6
2054,pc,pcs,1,,,,,,,,,,1099,1
2055,pc,pcs,2,,,,,,,,,,1099,1
2056,ct,carton,3,,,,,,,,,,1099,12
2057,pc,pcs,1,,,,,,,,,,1100,1
2058,pc,pcs,2,,,,,,,,,,1100,1
2059,ct,carton,3,,,,,,,,,,1100,12
2060,pc,pcs,1,,,,,,,,,,1101,1
2061,pc,pcs,2,,,,,,,,,,1101,1
2062,ct,carton,3,,,,,,,,,,1101,24
2063,pc,pcs,1,,,,,,,,,,1102,1
2064,pc,pcs,2,,,,,,,,,,1102,1
2065,ct,carton,3,,,,,,,,,,1102,120
2066,pc,pcs,1,,,,,,,,,,1103,1
2067,pc,pcs,2,,,,,,,,,,1103,1
2068,ct,carton,3,,,,,,,,,,1103,24
2069,PC,PCS,1,,,,,,,,,,1104,1
2070,PC,PCS,2,,,,,,,,,,1104,1
2071,CT,CARTON,3,,,,,,,,,,1104,36
2072,PC,PCS,1,,,,,,,,,,1105,1
2073,PC,PCS,2,,,,,,,,,,1105,1
2074,CT,CARTON,3,,,,,,,,,,1105,36
2075,pc,pcs,1,,,,,,,,,,1106,1
2076,pc,pcs,2,,,,,,,,,,1106,1
2077,ct,carton,3,,,,,,,,,,1106,24
2078,pc,pcs,1,,,,,,,,,,1107,1
2079,pc,pcs,2,,,,,,,,,,1107,1
2080,ct,carton,3,,,,,,,,,,1107,48
2081,pc,pcs,1,,,,,,,,,,1108,1
2082,pc,pcs,2,,,,,,,,,,1108,1
2083,ct,carton,3,,,,,,,,,,1108,500
2084,pc,pcs,1,,,,,,,,,,1109,1
2085,pc,pcs,2,,,,,,,,,,1109,1
2086,ct,carton,3,,,,,,,,,,1109,48
2087,pc,pcs,1,,,,,,,,,,1110,1
2088,pc,pcs,2,,,,,,,,,,1110,1
2089,ct,carton,3,,,,,,,,,,1110,480
2090,pc,pcs,1,,,,,,,,,,1111,1
2091,pc,pcs,2,,,,,,,,,,1111,1
2092,ct,carton,3,,,,,,,,,,1111,480
2093,pc,pcs,1,,,,,,,,,,1112,1
2094,pc,pcs,2,,,,,,,,,,1112,1
2095,ct,carton,3,,,,,,,,,,1112,480
2096,pc,pcs,1,,,,,,,,,,1113,1
2097,pc,pcs,2,,,,,,,,,,1113,1
2098,ct,carton,3,,,,,,,,,,1113,48
2099,pc,pcs,1,,,,,,,,,,1114,1
2100,pc,pcs,2,,,,,,,,,,1114,1
2101,ct,carton,3,,,,,,,,,,1114,1
2102,pc,pcs,1,,,,,,,,,,1115,1
2103,pc,pcs,2,,,,,,,,,,1115,1
2104,ct,carton,3,,,,,,,,,,1115,48
2105,PC,PCS,1,,,,,,,,,,1116,1
2107,CT,CARTON,3,,,,,,,,,,1116,1000
2108,PC,PCS,1,,,,,,,,,,1117,1
2109,PC,PCS,2,,,,,,,,,,1117,1
2110,CT,CARTON,3,,,,,,,,,,1117,24
2111,PC,PCS,1,,,,,,,,,,1118,1
2112,BX,BOX,2,,,,,,,,,,1118,50
2113,CT,CARTON,3,,,,,,,,,,1118,1000
2106,BX,BOX,2,,,,,,,,,,1116,50
2114,PC,PCS,1,,,,,,,,,,1119,1
2115,PC,PCS,2,,,,,,,,,,1119,1
2116,CT,CARTON,3,,,,,,,,,,1119,48
2117,btl,botol,1,,,,,,,,,,1120,1
2118,cr,carton,2,,,,,,,,,,1120,4
2119,bx,box,3,,,,,,,,,,1120,12
2120,lmb,lembar,1,,,,,,,,,,1121,1
2121,bx,box,2,,,,,,,,,,1121,12
2122,ct,carton,3,,,,,,,,,,1121,24
2123,lm,lembar,1,,,,,,,,,,1122,1
2124,bx,box,2,,,,,,,,,,1122,12
2125,krd,kardus,3,,,,,,,,,,1122,24
2126,pc,pcs,1,,,,,,,,,,1123,1
2127,pc,pcs,2,,,,,,,,,,1123,1
2128,ct,carton,3,,,,,,,,,,1123,48
2129,pc,pcs,1,,,,,,,,,,1124,1
2130,pc,pcs,2,,,,,,,,,,1124,1
2131,ct,carton,3,,,,,,,,,,1124,48
2132,pc,pcs,1,,,,,,,,,,1125,1
2133,pc,pcs,2,,,,,,,,,,1125,1
2134,ct,carton,3,,,,,,,,,,1125,48
2135,pc,pcs,1,,,,,,,,,,1126,1
2136,pc,pcs,2,,,,,,,,,,1126,1
2137,ct,carton,3,,,,,,,,,,1126,48
2138,PC,PC,1,,,,,,,,,,1127,1
2139,BX,BOX,2,,,,,,,,,,1127,12
2140,CT,CARTON,3,,,,,,,,,,1127,24
2141,pc,pcs,1,,,,,,,,,,1128,1
2142,pc,pcs,2,,,,,,,,,,1128,1
2143,ct,carton,3,,,,,,,,,,1128,48
2144,pc,pcs,1,,,,,,,,,,1129,1
2145,bx,box,2,,,,,,,,,,1129,50
2146,ct,carton,3,,,,,,,,,,1129,18
2147,pc,pcs,1,,,,,,,,,,1130,1
2148,pc,pcs,2,,,,,,,,,,1130,1
2149,ct,carton,3,,,,,,,,,,1130,99
2150,pc,pcs,1,,,,,,,,,,1131,1
2151,pc,pcs,2,,,,,,,,,,1131,1
2152,ct,carton,3,,,,,,,,,,1131,12
2153,PC,PCS,1,,,,,,,,,,1132,1
2154,PC,PCS,2,,,,,,,,,,1132,1
2155,CT,CARTON,3,,,,,,,,,,1132,1
2156,PC,PCS,1,,,,,,,,,,1133,1
2157,PC,PCS,2,,,,,,,,,,1133,1
2158,CT,CARTON,3,,,,,,,,,,1133,48
2159,PC,PCS,1,,,,,,,,,,1134,1
2160,PC,PCS,2,,,,,,,,,,1134,1
2161,CT,CARTON,3,,,,,,,,,,1134,56
2162,PC,PCS,1,,,,,,,,,,1135,1
2163,BX,BOX,2,,,,,,,,,,1135,50
2164,CT,CARTON,3,,,,,,,,,,1135,1000
2165,PC,PCS,1,,,,,,,,,,1136,1
2166,PC,PCS,2,,,,,,,,,,1136,1
2167,CT,CARTON,3,,,,,,,,,,1136,48
2168,PC,PCS,1,,,,,,,,,,1137,1
2169,PC,PCS,2,,,,,,,,,,1137,1
2792,CT,KARTON,3,,,,,,,,,,1344,12
2170,CT,CARTON,3,,,,,,,,,,1137,48
2171,PC,PCS,1,,,,,,,,,,1138,1
2172,PC,PCS,2,,,,,,,,,,1138,1
2173,CT,CARTON,3,,,,,,,,,,1138,48
2174,PC,PCS,1,,,,,,,,,,1139,1
2175,PC,PCS,2,,,,,,,,,,1139,1
2176,CT,CARTON,3,,,,,,,,,,1139,48
2177,PC,PCS,1,,,,,,,,,,1140,1
2178,PC,PCS,2,,,,,,,,,,1140,1
2179,CT,CARTON,3,,,,,,,,,,1140,48
2180,PC,PCS,1,,,,,,,,,,1141,1
2181,PC,PCS,2,,,,,,,,,,1141,1
2182,CT,CARTON,3,,,,,,,,,,1141,48
2183,PC,PCS,1,,,,,,,,,,1142,1
2184,PC,PCS,2,,,,,,,,,,1142,1
2185,CT,CARTON,3,,,,,,,,,,1142,48
2186,PC,PCS,1,,,,,,,,,,1143,1
2187,PC,PCS,2,,,,,,,,,,1143,1
2188,CT,CARTON,3,,,,,,,,,,1143,48
2189,PC,PCS,1,,,,,,,,,,1144,1
2190,PC,PCS,2,,,,,,,,,,1144,1
2191,CT,CARTON,3,,,,,,,,,,1144,80
2192,PC,PCS,1,,,,,,,,,,1145,1
2193,PC,PCS,2,,,,,,,,,,1145,1
2194,CT,CARTON,3,,,,,,,,,,1145,48
2195,PC,PCS,1,,,,,,,,,,1146,1
2196,PC,PCS,2,,,,,,,,,,1146,1
2197,CT,CARTON,3,,,,,,,,,,1146,140
2198,PC,PCS,1,,,,,,,,,,1147,1
2199,PC,PCS,2,,,,,,,,,,1147,1
2200,CT,CARTON,3,,,,,,,,,,1147,140
2201,PC,PCS,1,,,,,,,,,,1148,1
2202,PC,PCS,2,,,,,,,,,,1148,1
2203,CT,CARTON,3,,,,,,,,,,1148,140
2204,pc,pcs,1,,,,,,,,,,1149,1
2205,pc,pcs,2,,,,,,,,,,1149,1
2206,ct,carton,3,,,,,,,,,,1149,140
2207,pc,pcs,1,,,,,,,,,,1150,1
2208,pc,pcs,2,,,,,,,,,,1150,1
2209,ct,carton,3,,,,,,,,,,1150,140
2210,pc,pcs,1,,,,,,,,,,1151,1
2211,pc,pcs,2,,,,,,,,,,1151,1
2212,ct,carton,3,,,,,,,,,,1151,48
2213,pc,pcs,1,,,,,,,,,,1152,1
2214,pc,pcs,2,,,,,,,,,,1152,1
2215,ct,carton,3,,,,,,,,,,1152,48
2216,pc,pcs,1,,,,,,,,,,1153,1
2217,pc,pcs,2,,,,,,,,,,1153,1
2218,ct,carton,3,,,,,,,,,,1153,36
2219,pc,pcs,1,,,,,,,,,,1154,1
2220,pc,pcs,2,,,,,,,,,,1154,1
2221,ct,carton,3,,,,,,,,,,1154,56
2222,pc,pcs,1,,,,,,,,,,1155,1
2223,pc,pcs,2,,,,,,,,,,1155,1
2224,ct,carton,3,,,,,,,,,,1155,24
2225,pc,pcs,1,,,,,,,,,,1156,1
2226,pc,pcs,2,,,,,,,,,,1156,1
2227,ct,carton,3,,,,,,,,,,1156,48
2228,pc,pcs,1,,,,,,,,,,1157,1
2229,pc,pcs,2,,,,,,,,,,1157,1
2230,ct,carton,3,,,,,,,,,,1157,48
2231,pc,pcs,1,,,,,,,,,,1158,1
2232,pc,pcs,2,,,,,,,,,,1158,1
2233,ct,carton,3,,,,,,,,,,1158,48
2234,pc,pcs,1,,,,,,,,,,1159,1
2235,pc,pcs,2,,,,,,,,,,1159,1
2236,ct,carton,3,,,,,,,,,,1159,48
2237,pc,pcs,1,,,,,,,,,,1160,1
2238,pc,pcs,2,,,,,,,,,,1160,1
2239,ct,carton,3,,,,,,,,,,1160,48
2240,pc,pcs,1,,,,,,,,,,1161,1
2241,pc,pcs,2,,,,,,,,,,1161,1
2242,ct,carton,3,,,,,,,,,,1161,48
2243,pc,pcs,1,,,,,,,,,,1162,1
2244,pc,pcs,2,,,,,,,,,,1162,1
2245,ct,carton,3,,,,,,,,,,1162,48
2246,pc,pcs,1,,,,,,,,,,1163,1
2247,pc,pcs,2,,,,,,,,,,1163,1
2248,ct,carton,3,,,,,,,,,,1163,48
2249,pc,pcs,1,,,,,,,,,,1164,1
2250,pc,pcs,2,,,,,,,,,,1164,1
2251,ct,carton,3,,,,,,,,,,1164,48
2252,pc,pcs,1,,,,,,,,,,1165,1
2253,pc,pcs,2,,,,,,,,,,1165,1
2254,ct,carton,3,,,,,,,,,,1165,24
2255,pc,pcs,1,,,,,,,,,,1166,1
2256,pc,pcs,2,,,,,,,,,,1166,1
2257,ct,carton,3,,,,,,,,,,1166,24
2258,pc,pcs,1,,,,,,,,,,1167,1
2259,pc,pcs,2,,,,,,,,,,1167,1
2260,ct,carton,3,,,,,,,,,,1167,48
2261,pc,pcs,1,,,,,,,,,,1168,1
2262,pc,pcs,2,,,,,,,,,,1168,1
2263,ct,carton,3,,,,,,,,,,1168,48
2264,pc,pcs,1,,,,,,,,,,1169,1
2265,bx,box,2,,,,,,,,,,1169,50
2266,ct,carton,3,,,,,,,,,,1169,1000
2267,pc,pcs,1,,,,,,,,,,1170,1
2268,bx,box,2,,,,,,,,,,1170,25
2269,ct,carton,3,,,,,,,,,,1170,500
2270,pc,pcs,1,,,,,,,,,,1171,1
2271,pc,pcs,2,,,,,,,,,,1171,1
2272,ct,carton,3,,,,,,,,,,1171,56
2273,pc,pcs,1,,,,,,,,,,1172,1
2274,pc,pcs,2,,,,,,,,,,1172,1
2275,ct,carton,3,,,,,,,,,,1172,36
2276,pc,pcs,1,,,,,,,,,,1173,1
2277,pc,pcs,2,,,,,,,,,,1173,1
2278,ct,carton,3,,,,,,,,,,1173,24
2279,pc,pcs,1,,,,,,,,,,1174,1
2280,pc,pcs,2,,,,,,,,,,1174,1
2281,ct,carton,3,,,,,,,,,,1174,24
2282,pc,pcs,1,,,,,,,,,,1175,1
2283,pc,pcs,2,,,,,,,,,,1175,1
2284,ct,carton,3,,,,,,,,,,1175,24
2285,pc,pcs,1,,,,,,,,,,1176,1
2286,pc,pcs,2,,,,,,,,,,1176,1
2287,ct,carton,3,,,,,,,,,,1176,60
2288,pc,pcs,1,,,,,,,,,,1177,1
2289,bx,box,2,,,,,,,,,,1177,12
2290,ct,carton,3,,,,,,,,,,1177,120
2291,pc,pcs,1,,,,,,,,,,1178,1
2292,bx,box,2,,,,,,,,,,1178,12
2293,ct,carton,3,,,,,,,,,,1178,120
2294,pc,pcs,1,,,,,,,,,,1179,1
2295,pc,pcs,2,,,,,,,,,,1179,1
2296,ct,carton,3,,,,,,,,,,1179,24
2297,pc,pcs,1,,,,,,,,,,1180,1
2298,pc,pcs,2,,,,,,,,,,1180,1
2299,ct,carton,3,,,,,,,,,,1180,24
2300,pc,pcs,1,,,,,,,,,,1181,1
2301,pc,pcs,2,,,,,,,,,,1181,1
2302,ct,carton,3,,,,,,,,,,1181,120
2303,pc,pcs,1,,,,,,,,,,1182,1
2304,pc,pcs,2,,,,,,,,,,1182,1
2305,ct,carton,3,,,,,,,,,,1182,120
2306,pc,pcs,1,,,,,,,,,,1183,1
2307,pc,pcs,2,,,,,,,,,,1183,1
2308,ct,carton,3,,,,,,,,,,1183,72
2309,pc,pcs,1,,,,,,,,,,1184,1
2310,pc,pcs,2,,,,,,,,,,1184,1
2311,ct,carton,3,,,,,,,,,,1184,36
2312,pc,pcs,1,,,,,,,,,,1185,1
2313,pc,pcs,2,,,,,,,,,,1185,1
2314,ct,carton,3,,,,,,,,,,1185,72
2315,pc,pcs,1,,,,,,,,,,1186,1
2316,bx,box,2,,,,,,,,,,1186,12
2317,ct,carton,3,,,,,,,,,,1186,72
2318,pc,pcs,1,,,,,,,,,,1187,1
2319,bx,box,2,,,,,,,,,,1187,12
2320,ct,carton,3,,,,,,,,,,1187,72
2321,pc,pcs,1,,,,,,,,,,1188,1
2322,pc,pcs,2,,,,,,,,,,1188,1
2323,ct,carton,3,,,,,,,,,,1188,48
2324,pc,pcs,1,,,,,,,,,,1189,1
2325,bx,box,2,,,,,,,,,,1189,36
2326,ct,carton,3,,,,,,,,,,1189,72
2327,pc,pcs,1,,,,,,,,,,1190,1
2328,bx,box,2,,,,,,,,,,1190,12
2329,ct,carton,3,,,,,,,,,,1190,72
2330,pc,pcs,1,,,,,,,,,,1191,1
2331,bx,box,2,,,,,,,,,,1191,12
2332,ct,carton,3,,,,,,,,,,1191,72
2333,pc,pcs,1,,,,,,,,,,1192,1
2334,bx,box,2,,,,,,,,,,1192,12
2335,ct,carton,3,,,,,,,,,,1192,72
2336,PC,PCS,1,,,,,,,,,,1193,1
2337,BX,BOX,2,,,,,,,,,,1193,12
2338,CT,CARTON,3,,,,,,,,,,1193,144
2339,PC,PCS,1,,,,,,,,,,1194,1
2340,BX,BOX,2,,,,,,,,,,1194,24
2341,CT,CARTON,3,,,,,,,,,,1194,240
2342,PC,PCS,1,,,,,,,,,,1195,1
2343,BX,BOX,2,,,,,,,,,,1195,24
2344,CT,CARTON,3,,,,,,,,,,1195,240
2345,pc,pcs,1,,,,,,,,,,1196,1
2346,bx,box,2,,,,,,,,,,1196,12
2347,ct,carton,3,,,,,,,,,,1196,144
2348,pc,pcs,1,,,,,,,,,,1197,1
2349,bx,box,2,,,,,,,,,,1197,12
2350,ct,carton,3,,,,,,,,,,1197,36
2351,pc,pcs,1,,,,,,,,,,1198,1
2352,bx,box,2,,,,,,,,,,1198,12
2353,ct,carton,3,,,,,,,,,,1198,96
2354,pc,pcs,1,,,,,,,,,,1199,1
2355,pc,pcs,2,,,,,,,,,,1199,1
2356,ct,carton,3,,,,,,,,,,1199,20
2357,pc,pcs,1,,,,,,,,,,1200,1
2358,bx,box,2,,,,,,,,,,1200,12
2359,ct,carton,3,,,,,,,,,,1200,120
2360,pc,pcs,1,,,,,,,,,,1201,1
2361,bx,box,2,,,,,,,,,,1201,12
2362,ct,carton,3,,,,,,,,,,1201,120
2363,pc,pcs,1,,,,,,,,,,1202,1
2364,pc,pcs,2,,,,,,,,,,1202,1
2365,ct,carton,3,,,,,,,,,,1202,120
2366,pc,pcs,1,,,,,,,,,,1203,1
2367,pc,pcs,2,,,,,,,,,,1203,1
2368,ct,carton,3,,,,,,,,,,1203,120
2369,pc,pcs,1,,,,,,,,,,1204,1
2370,pc,pcs,2,,,,,,,,,,1204,1
2371,ct,carton,3,,,,,,,,,,1204,60
2372,pc,pcs,1,,,,,,,,,,1205,1
2373,pc,pcs,2,,,,,,,,,,1205,1
2374,ct,carton,3,,,,,,,,,,1205,600
2375,pc,pcs,1,,,,,,,,,,1206,1
2376,pc,pcs,2,,,,,,,,,,1206,1
2377,ct,carton,3,,,,,,,,,,1206,600
2378,pc,pcs,1,,,,,,,,,,1207,1
2379,bx,box,2,,,,,,,,,,1207,12
2380,ct,carton,3,,,,,,,,,,1207,120
2381,pc,pcs,1,,,,,,,,,,1208,1
2382,bx,box,2,,,,,,,,,,1208,12
2383,ct,carton,3,,,,,,,,,,1208,120
2384,pc,pcs,1,,,,,,,,,,1209,1
2385,bx,box,2,,,,,,,,,,1209,24
2386,ct,carton,3,,,,,,,,,,1209,240
2387,pc,pcs,1,,,,,,,,,,1210,1
2388,bx,box,2,,,,,,,,,,1210,12
2389,ct,carton,3,,,,,,,,,,1210,120
2390,pc,pcs,1,,,,,,,,,,1211,1
2391,pc,pcs,2,,,,,,,,,,1211,1
2392,ct,carton,3,,,,,,,,,,1211,48
2393,pc,pcs,1,,,,,,,,,,1212,1
2394,bx,box,2,,,,,,,,,,1212,36
2395,ct,carton,3,,,,,,,,,,1212,72
2396,pc,pcs,1,,,,,,,,,,1213,1
2397,bx,box,2,,,,,,,,,,1213,12
2398,ct,carton,3,,,,,,,,,,1213,72
2399,pc,pcs,1,,,,,,,,,,1214,1
2400,bx,box,2,,,,,,,,,,1214,12
2401,ct,carton,3,,,,,,,,,,1214,72
2402,pc,pcs,1,,,,,,,,,,1215,1
2403,pc,pcs,2,,,,,,,,,,1215,1
2404,ct,carton,3,,,,,,,,,,1215,180
2405,pc,pcs,1,,,,,,,,,,1216,1
2406,pc,pcs,2,,,,,,,,,,1216,1
2407,ct,carton,3,,,,,,,,,,1216,60
2409,pc,pcs,2,,,,,,,,,,1217,1
2410,ct,carton,3,,,,,,,,,,1217,36
2411,pc,pcs,1,,,,,,,,,,1218,1
2412,pc,pcs,2,,,,,,,,,,1218,1
2413,ct,carton,3,,,,,,,,,,1218,120
2414,pc,pcs,1,,,,,,,,,,1219,1
2415,pc,pcs,2,,,,,,,,,,1219,1
2416,ct,carton,3,,,,,,,,,,1219,120
2417,pc,pcs,1,,,,,,,,,,1220,1
2418,pc,pcs,2,,,,,,,,,,1220,1
2419,ct,carton,3,,,,,,,,,,1220,120
2420,pc,pcs,1,,,,,,,,,,1221,1
2421,pc,pcs,2,,,,,,,,,,1221,1
2422,ct,carton,3,,,,,,,,,,1221,60
2423,pc,pcs,1,,,,,,,,,,1222,1
2424,bx,box,2,,,,,,,,,,1222,12
2425,ct,carton,3,,,,,,,,,,1222,96
2426,pc,pcs,1,,,,,,,,,,1223,1
2427,bx,box,2,,,,,,,,,,1223,12
2428,ct,carton,3,,,,,,,,,,1223,120
2429,pc,pcs,1,,,,,,,,,,1224,1
2430,bx,box,2,,,,,,,,,,1224,12
2431,ct,carton,3,,,,,,,,,,1224,72
2432,pc,pcs,1,,,,,,,,,,1225,1
2433,bx,box,2,,,,,,,,,,1225,12
2434,ct,carton,3,,,,,,,,,,1225,72
2435,pc,pcs,1,,,,,,,,,,1226,1
2436,bx,box,2,,,,,,,,,,1226,24
2437,ct,carton,3,,,,,,,,,,1226,240
2438,pc,pcs,1,,,,,,,,,,1227,1
2439,bx,box,2,,,,,,,,,,1227,12
2440,ct,carton,3,,,,,,,,,,1227,72
2441,pc,pcs,1,,,,,,,,,,1228,1
2442,bx,box,2,,,,,,,,,,1228,12
2443,ct,carton,3,,,,,,,,,,1228,120
2444,pc,pcs,1,,,,,,,,,,1229,1
2445,pc,pcs,2,,,,,,,,,,1229,1
2446,ct,carton,3,,,,,,,,,,1229,180
2447,pc,pcs,1,,,,,,,,,,1230,1
2448,bx,box,2,,,,,,,,,,1230,12
2449,ct,carton,3,,,,,,,,,,1230,120
2450,pc,pcs,1,,,,,,,,,,1231,1
2451,bx,box,2,,,,,,,,,,1231,12
2452,ct,carton,3,,,,,,,,,,1231,144
2453,pc,pcs,1,,,,,,,,,,1232,1
2454,bx,box,2,,,,,,,,,,1232,12
2455,ct,carton,3,,,,,,,,,,1232,72
2456,pc,pcs,1,,,,,,,,,,1233,1
2457,bx,box,2,,,,,,,,,,1233,12
2458,ct,carton,3,,,,,,,,,,1233,72
2459,pc,pcs,1,,,,,,,,,,1234,1
2460,bx,box,2,,,,,,,,,,1234,12
2461,ct,carton,3,,,,,,,,,,1234,72
2462,pc,pcs,1,,,,,,,,,,1235,1
2463,bx,box,2,,,,,,,,,,1235,12
2464,ct,carton,3,,,,,,,,,,1235,72
2465,pc,pcs,1,,,,,,,,,,1236,1
2466,pc,pcs,2,,,,,,,,,,1236,1
2467,ct,carton,3,,,,,,,,,,1236,24
2468,pc,pcs,1,,,,,,,,,,1237,1
2469,pc,pcs,2,,,,,,,,,,1237,1
2470,ct,carton,3,,,,,,,,,,1237,24
2471,pc,pcs,1,,,,,,,,,,1238,1
2472,pc,pcs,2,,,,,,,,,,1238,1
2473,ct,carton,3,,,,,,,,,,1238,24
2474,PC,PCS,1,,,,,,,,,,1239,1
2475,BX,BOX,2,,,,,,,,,,1239,12
2476,CT,CARTON,3,,,,,,,,,,1239,24
2477,PC,PCS,1,,,,,,,,,,1240,1
2478,BX,BOX,2,,,,,,,,,,1240,12
2479,CT,CARTON,3,,,,,,,,,,1240,24
2480,PC,PCS,1,,,,,,,,,,1241,1
2481,PC,PCS,2,,,,,,,,,,1241,1
2482,CT,CARTON,3,,,,,,,,,,1241,24
2483,PC,PCS,1,,,,,,,,,,1242,1
2484,BX,BOX,2,,,,,,,,,,1242,12
2485,CT,CARTON,3,,,,,,,,,,1242,120
2486,PC,PCS,1,,,,,,,,,,1243,1
2487,BX,BOX,2,,,,,,,,,,1243,12
2488,CT,CARTON,3,,,,,,,,,,1243,144
2489,PC,PCS,1,,,,,,,,,,1244,1
2490,BX,BOX,2,,,,,,,,,,1244,12
2491,CT,CARTON,3,,,,,,,,,,1244,120
2492,PC,PCS,1,,,,,,,,,,1245,1
2493,BX,BOX,2,,,,,,,,,,1245,12
2494,CT,CARTON,3,,,,,,,,,,1245,72
2495,PC,PCS,1,,,,,,,,,,1246,1
2496,BX,BOX,2,,,,,,,,,,1246,12
2497,CT,CARTON,3,,,,,,,,,,1246,72
2498,pc,pcs,1,,,,,,,,,,1247,1
2499,bx,box,2,,,,,,,,,,1247,12
2500,ct,carton,3,,,,,,,,,,1247,72
2501,pc,pcs,1,,,,,,,,,,1248,1
2502,bx,box,2,,,,,,,,,,1248,12
2503,ct,carton,3,,,,,,,,,,1248,72
2504,pc,pcs,1,,,,,,,,,,1249,1
2505,bx,box,2,,,,,,,,,,1249,12
2506,ct,carton,3,,,,,,,,,,1249,72
2507,pc,pcs,1,,,,,,,,,,1250,1
2508,bx,box,2,,,,,,,,,,1250,12
2509,ct,carton,3,,,,,,,,,,1250,72
2510,pc,pcs,1,,,,,,,,,,1251,1
2511,bx,box,2,,,,,,,,,,1251,12
2512,ct,carton,3,,,,,,,,,,1251,120
2513,pc,pcs,1,,,,,,,,,,1252,1
2514,pc,pcs,2,,,,,,,,,,1252,1
2515,ct,carton,3,,,,,,,,,,1252,72
2516,pc,pcs,1,,,,,,,,,,1253,1
2517,pc,pcs,2,,,,,,,,,,1253,1
2518,ct,carton,3,,,,,,,,,,1253,48
2519,pc,pcs,1,,,,,,,,,,1254,1
2520,bx,box,2,,,,,,,,,,1254,12
2521,ct,carton,3,,,,,,,,,,1254,120
2522,pc,pcs,1,,,,,,,,,,1255,1
2523,bx,box,2,,,,,,,,,,1255,12
2524,ct,carton,3,,,,,,,,,,1255,120
2525,pc,pcs,1,,,,,,,,,,1256,1
2526,bx,box,2,,,,,,,,,,1256,12
2527,ct,carton,3,,,,,,,,,,1256,120
2528,pc,pcs,1,,,,,,,,,,1257,1
2529,bx,box,2,,,,,,,,,,1257,12
2530,ct,carton,3,,,,,,,,,,1257,120
2531,pc,pcs,1,,,,,,,,,,1258,1
2532,bx,box,2,,,,,,,,,,1258,12
2533,ct,carton,3,,,,,,,,,,1258,240
2534,pc,pcs,1,,,,,,,,,,1259,1
2535,bx,box,2,,,,,,,,,,1259,12
2536,ct,carton,3,,,,,,,,,,1259,120
2537,pc,pcs,1,,,,,,,,,,1260,1
2538,bx,box,2,,,,,,,,,,1260,12
2539,ct,carton,3,,,,,,,,,,1260,120
2540,pc,pcs,1,,,,,,,,,,1261,1
2541,bx,box,2,,,,,,,,,,1261,12
2542,ct,carton,3,,,,,,,,,,1261,120
2543,pc,pcs,1,,,,,,,,,,1262,1
2544,bx,box,2,,,,,,,,,,1262,12
2545,ct,carton,3,,,,,,,,,,1262,60
2546,pc,pcs,1,,,,,,,,,,1263,1
2547,pc,pcs,2,,,,,,,,,,1263,1
2548,ct,carton,3,,,,,,,,,,1263,24
2549,pc,pcs,1,,,,,,,,,,1264,1
2550,pc,pcs,2,,,,,,,,,,1264,1
2551,ct,carton,3,,,,,,,,,,1264,24
2552,pc,pcs,1,,,,,,,,,,1265,1
2553,bx,box,2,,,,,,,,,,1265,12
2554,ct,carton,3,,,,,,,,,,1265,144
2555,pc,pcs,1,,,,,,,,,,1266,1
2556,bx,box,2,,,,,,,,,,1266,12
2557,ct,carton,3,,,,,,,,,,1266,120
2558,pc,pcs,1,,,,,,,,,,1267,1
2559,bx,box,2,,,,,,,,,,1267,12
2560,ct,carton,3,,,,,,,,,,1267,120
2561,pc,pcs,1,,,,,,,,,,1268,1
2562,bx,box,2,,,,,,,,,,1268,12
2563,ct,carton,3,,,,,,,,,,1268,120
2564,pc,pcs,1,,,,,,,,,,1269,1
2565,bx,box,2,,,,,,,,,,1269,12
2566,ct,carton,3,,,,,,,,,,1269,120
2567,pc,pcs,1,,,,,,,,,,1270,1
2568,bx,box,2,,,,,,,,,,1270,12
2569,ct,carton,3,,,,,,,,,,1270,120
2570,pc,pcs,1,,,,,,,,,,1271,1
2571,bx,box,2,,,,,,,,,,1271,12
2572,ct,carton,3,,,,,,,,,,1271,120
2573,pc,pcs,1,,,,,,,,,,1272,1
2574,bx,box,2,,,,,,,,,,1272,12
2575,ct,carton,3,,,,,,,,,,1272,120
2576,pc,pcs,1,,,,,,,,,,1273,1
2577,bx,box,2,,,,,,,,,,1273,12
2578,ct,carton,3,,,,,,,,,,1273,120
2579,pc,pcs,1,,,,,,,,,,1274,1
2580,bx,box,2,,,,,,,,,,1274,12
2581,ct,carton,3,,,,,,,,,,1274,120
2582,pc,pcs,1,,,,,,,,,,1275,1
2583,bx,box,2,,,,,,,,,,1275,12
2584,ct,carton,3,,,,,,,,,,1275,120
2585,pc,pcs,1,,,,,,,,,,1276,1
2586,bx,box,2,,,,,,,,,,1276,12
2587,ct,carton,3,,,,,,,,,,1276,120
2588,pc,pcs,1,,,,,,,,,,1277,1
2589,bx,box,2,,,,,,,,,,1277,12
2590,ct,carton,3,,,,,,,,,,1277,120
2591,pc,pcs,1,,,,,,,,,,1278,1
2592,bx,box,2,,,,,,,,,,1278,12
2593,ct,carton,3,,,,,,,,,,1278,120
2594,pc,pcs,1,,,,,,,,,,1279,1
2595,pc,pcs,2,,,,,,,,,,1279,1
2596,ct,carton,3,,,,,,,,,,1279,24
2597,pc,pcs,1,,,,,,,,,,1280,1
2598,pc,pcs,2,,,,,,,,,,1280,1
2599,ct,carton,3,,,,,,,,,,1280,12
2600,pc,pcs,1,,,,,,,,,,1281,1
2601,pc,pcs,2,,,,,,,,,,1281,1
2602,ct,carton,3,,,,,,,,,,1281,12
2603,pc,pcs,1,,,,,,,,,,1282,1
2604,pc,pcs,2,,,,,,,,,,1282,1
2605,ct,carton,3,,,,,,,,,,1282,36
2606,pc,pcs,1,,,,,,,,,,1283,1
2607,pc,pcs,2,,,,,,,,,,1283,1
2608,ct,carton,3,,,,,,,,,,1283,24
2609,pc,pcs,1,,,,,,,,,,1284,1
2610,pc,pcs,2,,,,,,,,,,1284,1
2611,ct,carton,3,,,,,,,,,,1284,24
2612,pc,pcs,1,,,,,,,,,,1285,1
2613,bx,box,2,,,,,,,,,,1285,12
2614,ct,carton,3,,,,,,,,,,1285,48
2615,pc,pcs,1,,,,,,,,,,1286,1
2616,bx,box,2,,,,,,,,,,1286,12
2617,ct,carton,3,,,,,,,,,,1286,48
2618,pc,pcs,1,,,,,,,,,,1287,1
2619,pc,pcs,2,,,,,,,,,,1287,1
2620,ct,carton,3,,,,,,,,,,1287,12
2621,pc,pcs,1,,,,,,,,,,1288,1
2622,pc,pcs,2,,,,,,,,,,1288,1
2623,ct,carton,3,,,,,,,,,,1288,24
2624,pc,pcs,1,,,,,,,,,,1289,1
2625,pc,pcs,2,,,,,,,,,,1289,24
2626,ct,carton,3,,,,,,,,,,1289,24
2627,pc,pcs,1,,,,,,,,,,1290,1
2628,pc,pcs,2,,,,,,,,,,1290,1
2629,ct,carton,3,,,,,,,,,,1290,24
2630,pc,pcs,1,,,,,,,,,,1291,1
2631,pc,pcs,2,,,,,,,,,,1291,1
2632,ct,carton,3,,,,,,,,,,1291,24
2633,pc,pcs,1,,,,,,,,,,1292,1
2634,pc,pcs,2,,,,,,,,,,1292,1
2635,ct,carton,3,,,,,,,,,,1292,12
2636,pc,pcs,1,,,,,,,,,,1293,1
2637,pc,pcs,2,,,,,,,,,,1293,1
2638,ct,carton,3,,,,,,,,,,1293,24
2639,pc,pcs,1,,,,,,,,,,1294,1
2640,pc,pcs,2,,,,,,,,,,1294,1
2641,ct,carton,3,,,,,,,,,,1294,24
2642,pc,pcs,1,,,,,,,,,,1295,1
2643,pc,pcs,2,,,,,,,,,,1295,1
2644,ct,carton,3,,,,,,,,,,1295,24
2645,pc,pcs,1,,,,,,,,,,1296,1
2646,pc,pcs,2,,,,,,,,,,1296,1
2647,ct,carton,3,,,,,,,,,,1296,48
2648,pc,pcs,1,,,,,,,,,,1297,1
2649,pc,pcs,2,,,,,,,,,,1297,1
2650,ct,carton,3,,,,,,,,,,1297,48
2651,pc,pcs,1,,,,,,,,,,1298,1
2652,pc,pcs,2,,,,,,,,,,1298,1
2653,ct,carton,3,,,,,,,,,,1298,10
2654,pc,pcs,1,,,,,,,,,,1299,1
2655,pc,pcs,2,,,,,,,,,,1299,1
2656,ct,carton,3,,,,,,,,,,1299,16
2657,pc,pcs,1,,,,,,,,,,1300,1
2658,pc,pcs,2,,,,,,,,,,1300,1
2659,ct,carton,3,,,,,,,,,,1300,48
2660,pc,pcs,1,,,,,,,,,,1301,1
2661,pc,pcs,2,,,,,,,,,,1301,1
2662,ct,carton,3,,,,,,,,,,1301,48
2663,pc,pcs,1,,,,,,,,,,1302,1
2664,bx,box,2,,,,,,,,,,1302,10
2665,ct,carton,3,,,,,,,,,,1302,120
2666,pc,pcs,1,,,,,,,,,,1303,1
2667,bx,box,2,,,,,,,,,,1303,10
2668,ct,carton,3,,,,,,,,,,1303,80
2669,pc,pcs,1,,,,,,,,,,1304,1
2670,pc,pcs,2,,,,,,,,,,1304,1
2671,ct,carton,3,,,,,,,,,,1304,80
2672,pc,pcs,1,,,,,,,,,,1305,1
2673,pc,pcs,2,,,,,,,,,,1305,1
2674,ct,carton,3,,,,,,,,,,1305,120
2675,pc,pcs,1,,,,,,,,,,1306,1
2676,pc,pcs,2,,,,,,,,,,1306,1
2677,ct,carton,3,,,,,,,,,,1306,80
2678,pc,pcs,1,,,,,,,,,,1307,1
2679,pc,pcs,2,,,,,,,,,,1307,1
2680,ct,carton,3,,,,,,,,,,1307,80
2681,pc,pcs,1,,,,,,,,,,1308,1
2682,pc,pcs,2,,,,,,,,,,1308,1
2683,ct,carton,3,,,,,,,,,,1308,80
2684,pc,pcs,1,,,,,,,,,,1309,1
2685,pc,pcs,2,,,,,,,,,,1309,1
2686,ct,carton,3,,,,,,,,,,1309,24
2687,pc,pcs,1,,,,,,,,,,1310,1
2688,pc,pcs,2,,,,,,,,,,1310,1
2689,ct,carton,3,,,,,,,,,,1310,24
2690,pc,pcs,1,,,,,,,,,,1311,1
2691,pc,pcs,2,,,,,,,,,,1311,1
2692,ct,carton,3,,,,,,,,,,1311,24
2693,PC,PCS,1,,,,,,,,,,1312,1
2694,PC,PCS,2,,,,,,,,,,1312,1
2695,CT,CARTON,3,,,,,,,,,,1312,24
2696,pc,pcs,1,,,,,,,,,,1313,1
2697,pc,pcs,2,,,,,,,,,,1313,1
2698,ct,carton,3,,,,,,,,,,1313,24
2699,PC,PCS,1,,,,,,,,,,1314,1
2700,PC,PCS,2,,,,,,,,,,1314,1
2701,CT,CARTON,3,,,,,,,,,,1314,6
2702,PC,PCS,1,,,,,,,,,,1315,1
2703,PC,PCS,2,,,,,,,,,,1315,1
2704,CT,CARTON,3,,,,,,,,,,1315,24
2705,pc,pcs,1,,,,,,,,,,1316,1
2706,pc,pcs,2,,,,,,,,,,1316,1
2707,ct,carton,3,,,,,,,,,,1316,12
2708,pcs,pieces,1,,,,,,,,,,1317,1
2709,rt,renteng,2,,,,,,,,,,1317,10
2710,box,box,3,,,,,,,,,,1317,40
2711,pcs,pieces,1,,,,,,,,,,1318,1
2712,kt,karton,2,,,,,,,,,,1318,15
2713,dus,dus,3,,,,,,,,,,1318,50
2714,pc,pc,1,,,,,,,,,,1319,1
2715,box,box,2,,,,,,,,,,1319,5
2716,ctn,ctn,3,,,,,,,,,,1319,10
2793,PC,PCS,1,,,,,,,,,,1345,1
2794,PC,PCS,2,,,,,,,,,,1345,1
2795,CT,KARTON,3,,,,,,,,,,1345,12
2796,PC,PCS,1,,,,,,,,,,1346,1
2718,pc,pcs,1,,,,,,,,,,1320,1
2719,pc,pcs,2,,,,,,,,,,1320,1
2720,kt,karton,3,,,,,,,,,,1320,480
2723,KT,KARTON,3,,,,,,,,,,1321,216
1394,CT,CARTON,3,,,,,,,,,,496,72
2797,PC,PCS,2,,,,,,,,,,1346,1
429,PK,PACK,1,,,,,,,,,,575,1
412,PK,PACK,2,,,,,,,,,,569,1
517,PK,PACK,2,,,,,,,,,,604,1
2717,PK,PACK,2,,,,,,,,,,498,1
1396,karton,karton,3,,,,,,,,,,498,216
1415,PK,PACK,2,,,,,,,,,,524,1
2721,PK,PACK,1,,,,,,,,,,1321,1
2722,PK,PACK,2,,,,,,,,,,1321,1
2798,CT,KARTON,3,,,,,,,,,,1346,12
306,karton,karton,3,,,,,,,,,,521,48
305,RC,RCG,2,,,,,,,,,,521,1
372,PK,PACK,1,,,,,,,,,,556,1
2724,PCS,PCS,1,,,,,,,,,,1322,1
2725,PCS,PCS,2,,,,,,,,,,1322,1
2726,CT,CARTON,3,,,,,,,,,,1322,144
2727,PCS,PCS,1,,,,,,,,,,1323,1
2728,PCS,PCS,2,,,,,,,,,,1323,1
2730,pcs,pcs,1,,,,,,,,,,1324,1
2731,pcs,pcs,2,,,,,,,,,,1324,1
2733,PCS,PCS,1,,,,,,,,,,1325,1
2734,PCS,PCS,2,,,,,,,,,,1325,1
2736,PCS,PCS,1,,,,,,,,,,1326,1
2737,PCS,PCS,2,,,,,,,,,,1326,1
2739,PCS,PCS,1,,,,,,,,,,1327,1
2740,PCS,PCS,2,,,,,,,,,,1327,1
2741,CTN,KARTON,3,,,,,,,,,,1327,12
2729,CTN,KARTON,3,,,,,,,,,,1323,12
2732,CTN,KARTON,3,,,,,,,,,,1324,12
2735,CTN,KARTON,3,,,,,,,,,,1325,12
2738,CTN,KARTON,3,,,,,,,,,,1326,12
2742,PCS,PCS,1,,,,,,,,,,1328,1
2743,PCS,PCS,2,,,,,,,,,,1328,1
2744,CTN,KARTON,3,,,,,,,,,,1328,12
2745,PCS,PCS,1,,,,,,,,,,1329,1
2746,PCS,PCS,2,,,,,,,,,,1329,1
2747,CTN,KARTON,3,,,,,,,,,,1329,12
2748,PCS,PCS,1,,,,,,,,,,1330,1
2749,PCS,PCS,2,,,,,,,,,,1330,1
2750,CTN,KARTON,3,,,,,,,,,,1330,36
2751,PCS,PCS,1,,,,,,,,,,1331,1
2752,PCS,PCS,2,,,,,,,,,,1331,1
2753,CTN,KARTON,3,,,,,,,,,,1331,36
2754,PCS,PCS,1,,,,,,,,,,1332,1
2755,PCS,PCS,2,,,,,,,,,,1332,1
2756,CTN,KARTON,3,,,,,,,,,,1332,36
2757,PCS,PCS,1,,,,,,,,,,1333,1
2758,PCS,PCS,2,,,,,,,,,,1333,1
2759,CTN,KARTON,3,,,,,,,,,,1333,36
2760,PCS,PCS,1,,,,,,,,,,1334,1
2761,PCS,PCS,2,,,,,,,,,,1334,1
2762,CT,KARTON,3,,,,,,,,,,1334,12
2763,PC,PCS,1,,,,,,,,,,1335,1
2764,PC,PCS,2,,,,,,,,,,1335,1
2765,CT,KARTON,3,,,,,,,,,,1335,12
2766,PC,PCS,1,,,,,,,,,,1336,1
2767,PC,PCS,2,,,,,,,,,,1336,1
2768,CT,KARTON,3,,,,,,,,,,1336,24
2769,PC,PCS,1,,,,,,,,,,1337,1
2770,PC,PCS,2,,,,,,,,,,1337,1
2771,CT,KARTON,3,,,,,,,,,,1337,24
2772,PC,PCS,1,,,,,,,,,,1338,1
2773,PC,PCS,2,,,,,,,,,,1338,1
2774,CT,KARTON,3,,,,,,,,,,1338,12
2775,PC,PCS,1,,,,,,,,,,1339,1
2776,PC,PCS,2,,,,,,,,,,1339,1
2777,CT,KARTON,3,,,,,,,,,,1339,12
2778,PC,PCS,1,,,,,,,,,,1340,1
2779,PC,PCS,2,,,,,,,,,,1340,1
2780,CT,KARTON,3,,,,,,,,,,1340,12
2781,PC,PCS,1,,,,,,,,,,1341,1
2782,PC,PCS,2,,,,,,,,,,1341,1
2783,CT,KARTON,3,,,,,,,,,,1341,12
2784,PC,PCS,1,,,,,,,,,,1342,1
2785,PC,PCS,2,,,,,,,,,,1342,1
2786,CT,KARTON,3,,,,,,,,,,1342,12
2787,PC,PCS,1,,,,,,,,,,1343,1
2788,PC,PCS,2,,,,,,,,,,1343,1
2789,CT,KARTON,3,,,,,,,,,,1343,12
2799,PC,PCS,1,,,,,,,,,,1347,1
2800,PC,PCS,2,,,,,,,,,,1347,1
2801,CT,CTN,3,,,,,,,,,,1347,12
2802,PC,PCS,1,,,,,,,,,,1348,1
2803,PC,PCS,2,,,,,,,,,,1348,1
2804,CT,KARTON,3,,,,,,,,,,1348,12
2805,PC,PCS,1,,,,,,,,,,1349,1
2806,PC,PCS,2,,,,,,,,,,1349,1
2807,CT,KARTON,3,,,,,,,,,,1349,12
2808,PC,PCS,1,,,,,,,,,,1350,1
2809,PC,PCS,2,,,,,,,,,,1350,1
2810,CT,KARTON,3,,,,,,,,,,1350,12
2811,PC,PCS,1,,,,,,,,,,1351,1
2812,PC,PCS,2,,,,,,,,,,1351,1
2813,CT,KARTON,3,,,,,,,,,,1351,12
2814,PC,PCS,1,,,,,,,,,,1352,1
2815,PC,PCS,2,,,,,,,,,,1352,1
2816,CT,KARTON,3,,,,,,,,,,1352,12
2817,PC,PCS,1,,,,,,,,,,1353,1
2818,PC,PCS,2,,,,,,,,,,1353,1
2819,CT,KARTON,3,,,,,,,,,,1353,12
2820,PC,PCS,1,,,,,,,,,,1354,1
2821,PC,PCS,2,,,,,,,,,,1354,1
2822,CT,KARTON,3,,,,,,,,,,1354,12
2823,PC,PCS,1,,,,,,,,,,1355,1
2824,PC,PCS,2,,,,,,,,,,1355,1
2825,CT,KARTON,3,,,,,,,,,,1355,12
2826,PC,PCS,1,,,,,,,,,,1356,1
2827,PC,PCS,2,,,,,,,,,,1356,1
2828,CT,KARTON,3,,,,,,,,,,1356,12
2829,PC,PCS,1,,,,,,,,,,1357,1
2830,PC,PCS,2,,,,,,,,,,1357,1
2831,CT,KARTON,3,,,,,,,,,,1357,36
2832,PC,PCS,1,,,,,,,,,,1358,1
2833,PC,PCS,2,,,,,,,,,,1358,1
2834,CT,KARTON,3,,,,,,,,,,1358,36
2835,PC,PCS,1,,,,,,,,,,1359,1
2836,PC,PCS,2,,,,,,,,,,1359,1
2837,CT,KARTON,3,,,,,,,,,,1359,36
2838,PC,PCS,1,,,,,,,,,,1360,1
2839,PC,PCS,2,,,,,,,,,,1360,1
2840,CT,KARTON,3,,,,,,,,,,1360,144
2841,PC,PCS,1,,,,,,,,,,1361,1
2842,PC,PCS,2,,,,,,,,,,1361,1
2843,CT,KARTON,3,,,,,,,,,,1361,144
2844,PC,PCS,1,,,,,,,,,,1362,1
2845,PC,PCS,2,,,,,,,,,,1362,1
2846,CT,KARTON,3,,,,,,,,,,1362,144
2847,PC,PCS,1,,,,,,,,,,1363,1
2848,PC,PCS,2,,,,,,,,,,1363,1
2849,CT,KARTON,3,,,,,,,,,,1363,144
2850,PC,PCS,1,,,,,,,,,,1364,1
2851,PC,PCS,2,,,,,,,,,,1364,1
2852,CT,KARTON,3,,,,,,,,,,1364,24
2853,PC,PCS,1,,,,,,,,,,1365,1
2854,PC,PCS,2,,,,,,,,,,1365,1
2855,CT,KARTON,3,,,,,,,,,,1365,24
2856,PC,PCS,1,,,,,,,,,,1366,1
2857,PC,PCS,2,,,,,,,,,,1366,1
2858,CT,KARTON,3,,,,,,,,,,1366,24
2859,PC,PCS,1,,,,,,,,,,1367,1
2860,PC,PCS,2,,,,,,,,,,1367,1
2861,CT,KARTON,3,,,,,,,,,,1367,24
2862,PC,PCS,1,,,,,,,,,,1368,1
2863,PC,PCS,2,,,,,,,,,,1368,1
2864,CT,KARTON,3,,,,,,,,,,1368,24
2865,PC,PCS,1,,,,,,,,,,1369,1
2866,PC,PCS,2,,,,,,,,,,1369,1
2867,CT,KARTON,3,,,,,,,,,,1369,12
2868,PC,PCS,1,,,,,,,,,,1370,1
2869,PC,PCS,2,,,,,,,,,,1370,1
2870,CT,KARTON,3,,,,,,,,,,1370,24
2871,PC,PCS,1,,,,,,,,,,1371,1
2872,PC,PCS,2,,,,,,,,,,1371,1
2873,CT,KARTON,3,,,,,,,,,,1371,24
2874,PC,PCS,1,,,,,,,,,,1372,1
2875,PC,PCS,2,,,,,,,,,,1372,1
2876,CT,KARTON,3,,,,,,,,,,1372,24
2877,PC,PCS,1,,,,,,,,,,1373,1
2878,PC,PCS,2,,,,,,,,,,1373,1
2879,CT,KARTON,3,,,,,,,,,,1373,24
2880,PC,PCS,1,,,,,,,,,,1374,1
2881,PC,PCS,2,,,,,,,,,,1374,1
2882,CT,KARTON,3,,,,,,,,,,1374,24
2883,PC,PCS,1,,,,,,,,,,1375,1
2884,PC,PCS,2,,,,,,,,,,1375,1
2885,CT,KARTON,3,,,,,,,,,,1375,24
2886,PC,PCS,1,,,,,,,,,,1376,1
2887,PC,PCS,2,,,,,,,,,,1376,1
2888,CT,KARTON,3,,,,,,,,,,1376,24
2889,PC,PCS,1,,,,,,,,,,1377,1
2890,PC,PCS,2,,,,,,,,,,1377,1
2891,CT,KARTON,3,,,,,,,,,,1377,24
2892,PC,PCS,1,,,,,,,,,,1378,1
2893,PC,PCS,2,,,,,,,,,,1378,1
2894,CT,KARTON,3,,,,,,,,,,1378,24
2895,PC,PCS,1,,,,,,,,,,1379,1
2896,PC,PCS,2,,,,,,,,,,1379,1
2897,CT,KARTON,3,,,,,,,,,,1379,12
2898,PC,PC,1,,,,,,,,,,1380,1
2899,PC,PCS,2,,,,,,,,,,1380,1
2900,CT,KARTON,3,,,,,,,,,,1380,12
2901,PC,PCS,1,,,,,,,,,,1381,1
2902,PC,PCS,2,,,,,,,,,,1381,1
2903,CT,KARTON,3,,,,,,,,,,1381,12
2904,PC,PCS,1,,,,,,,,,,1382,1
2905,PC,PCS,2,,,,,,,,,,1382,1
2906,CT,KARTON,3,,,,,,,,,,1382,12
2907,PC,PCS,1,,,,,,,,,,1383,1
2908,PC,PCS,2,,,,,,,,,,1383,1
2909,CT,KARTON,3,,,,,,,,,,1383,12
2910,PC,PCS,1,,,,,,,,,,1384,1
2911,PC,PCS,2,,,,,,,,,,1384,1
2912,CT,KARTON,3,,,,,,,,,,1384,12
2913,PC,PCS,1,,,,,,,,,,1385,1
2914,PC,PCS,2,,,,,,,,,,1385,1
2915,CT,KATON,3,,,,,,,,,,1385,12
2916,PC,PCS,1,,,,,,,,,,1386,1
2917,PC,PCS,2,,,,,,,,,,1386,1
2918,CT,KARTON,3,,,,,,,,,,1386,12
2919,PC,PCS,1,,,,,,,,,,1387,1
2920,PC,PCS,2,,,,,,,,,,1387,1
2921,CT,KARTON,3,,,,,,,,,,1387,24
2922,PC,PCS,1,,,,,,,,,,1388,1
2923,PC,PCS,2,,,,,,,,,,1388,1
2924,CT,KARTON,3,,,,,,,,,,1388,24
2925,PC,PCS,1,,,,,,,,,,1389,1
2926,PC,PCS,2,,,,,,,,,,1389,1
2927,CT,KARTON,3,,,,,,,,,,1389,24
2928,PC,PCS,1,,,,,,,,,,1390,1
2929,PC,PCS,2,,,,,,,,,,1390,1
2930,CT,KARTON,3,,,,,,,,,,1390,24
2931,PC,PCS,1,,,,,,,,,,1391,1
2932,PC,PCS,2,,,,,,,,,,1391,1
2933,CT,KARTON,3,,,,,,,,,,1391,24
2934,PC,PCS,1,,,,,,,,,,1392,1
2935,PC,PCS,2,,,,,,,,,,1392,1
2936,CT,KARTON,3,,,,,,,,,,1392,12
2937,PC,PCS,1,,,,,,,,,,1393,1
2938,PC,PCS,2,,,,,,,,,,1393,1
2939,CT,KARTON,3,,,,,,,,,,1393,12
2940,PC,PCS,1,,,,,,,,,,1394,1
2941,PC,PCS,2,,,,,,,,,,1394,1
2942,CT,KARTON,3,,,,,,,,,,1394,12
2943,PC,PCS,1,,,,,,,,,,1395,1
2944,PC,PCS,2,,,,,,,,,,1395,1
2945,CT,KARTON,3,,,,,,,,,,1395,12
2946,PC,PCS,1,,,,,,,,,,1396,1
2947,PC,PCS,2,,,,,,,,,,1396,1
2948,CT,KARTON,3,,,,,,,,,,1396,24
2949,PC,PCS,1,,,,,,,,,,1397,1
2950,CT,PCS,2,,,,,,,,,,1397,1
2951,CT,KARTON,3,,,,,,,,,,1397,24
2952,PC,PCS,1,,,,,,,,,,1398,1
2953,PC,PCS,2,,,,,,,,,,1398,1
2954,CT,KARTON,3,,,,,,,,,,1398,24
2955,PC,PCS,1,,,,,,,,,,1399,1
2956,CT,PCS,2,,,,,,,,,,1399,1
2957,CT,KARTON,3,,,,,,,,,,1399,24
2958,PC,PCS,1,,,,,,,,,,1400,1
2959,PC,PCS,2,,,,,,,,,,1400,1
2960,CT,KARTON,3,,,,,,,,,,1400,24
2961,PC,PCS,1,,,,,,,,,,1401,1
2962,PC,PCS,2,,,,,,,,,,1401,1
2963,CT,KARTON,3,,,,,,,,,,1401,36
2964,PC,PCS,1,,,,,,,,,,1402,1
2965,PC,PCS,2,,,,,,,,,,1402,1
2966,CT,KARTON,3,,,,,,,,,,1402,36
2967,PC,PCS,1,,,,,,,,,,1403,1
2968,PC,PCS,2,,,,,,,,,,1403,1
2969,CT,KARTON,3,,,,,,,,,,1403,36
2970,PC,PCS,1,,,,,,,,,,1404,1
2971,PC,PCS,2,,,,,,,,,,1404,1
2972,CT,KARTON,3,,,,,,,,,,1404,36
2973,PC,PCS,1,,,,,,,,,,1405,1
2974,PC,PCS,2,,,,,,,,,,1405,1
2976,PC,PCS,1,,,,,,,,,,1406,1
2977,PC,PCS,2,,,,,,,,,,1406,1
2978,CT,KARTON,3,,,,,,,,,,1406,12
2975,CT,KARTON,3,,,,,,,,,,1405,12
2979,PC,PCS,1,,,,,,,,,,1407,1
2980,PC,PCS,2,,,,,,,,,,1407,1
2981,CT,KARTON,3,,,,,,,,,,1407,12
2982,PC,PCS,1,,,,,,,,,,1408,1
2983,PC,PCS,2,,,,,,,,,,1408,1
2984,CT,KARTON,3,,,,,,,,,,1408,12
2985,PC,PCS,1,,,,,,,,,,1409,1
2986,PC,PCS,2,,,,,,,,,,1409,1
2987,CT,KARTON,3,,,,,,,,,,1409,144
2988,PC,PCS,1,,,,,,,,,,1410,1
2989,PC,PCS,2,,,,,,,,,,1410,1
2990,CT,KARTON,3,,,,,,,,,,1410,144
2991,PC,PCS,1,,,,,,,,,,1411,1
2992,PC,PCS,2,,,,,,,,,,1411,1
2993,CT,KARTON,3,,,,,,,,,,1411,144
2994,PC,PCS,1,,,,,,,,,,1412,1
2995,PC,PCS,2,,,,,,,,,,1412,1
2996,CT,KARTON,3,,,,,,,,,,1412,240
2997,PC,PCS,1,,,,,,,,,,1413,1
2998,PC,PCS,2,,,,,,,,,,1413,1
2999,CT,KARTON,3,,,,,,,,,,1413,45
3000,PC,PCS,1,,,,,,,,,,1414,1
3001,PC,PCS,2,,,,,,,,,,1414,1
3002,CT,KARTON,3,,,,,,,,,,1414,48
3003,PC,PCS,1,,,,,,,,,,1415,1
3004,PC,PCS,2,,,,,,,,,,1415,1
3005,CT,KARTON,3,,,,,,,,,,1415,384
3006,PC,PCS,1,,,,,,,,,,1416,1
3007,PC,PCS,2,,,,,,,,,,1416,1
3008,CT,KARTON,3,,,,,,,,,,1416,144
3009,PC,PCS,1,,,,,,,,,,1417,1
3010,PC,PCS,2,,,,,,,,,,1417,1
3011,CT,KARTON,3,,,,,,,,,,1417,144
3012,PC,PCS,1,,,,,,,,,,1418,1
3013,PC,PCS,2,,,,,,,,,,1418,1
3014,CT,KARTON,3,,,,,,,,,,1418,144
3015,PC,PCS,1,,,,,,,,,,1419,1
3016,PC,PCS,2,,,,,,,,,,1419,1
3017,CT,KARTON,3,,,,,,,,,,1419,300
3018,PC,PCS,1,,,,,,,,,,1420,1
3019,PC,PCS,2,,,,,,,,,,1420,1
3020,CT,KARTON,3,,,,,,,,,,1420,240
3021,PC,PCS,1,,,,,,,,,,1421,1
3022,PC,PCS,2,,,,,,,,,,1421,1
3023,CT,KARTON,3,,,,,,,,,,1421,120
3024,PC,PC,1,,,,,,,,,,1422,1
3025,PC,PCS,2,,,,,,,,,,1422,1
3026,CT,KARTON,3,,,,,,,,,,1422,144
3027,PC,PC,1,,,,,,,,,,1423,1
3028,PC,PCS,2,,,,,,,,,,1423,1
3029,CT,KARTON,3,,,,,,,,,,1423,1288
3030,PC,PCS,1,,,,,,,,,,1424,1
3031,PC,PCS,2,,,,,,,,,,1424,1
3032,CT,KARTON,3,,,,,,,,,,1424,72
3033,PC,PCS,1,,,,,,,,,,1425,1
3034,PC,PCS,2,,,,,,,,,,1425,1
3035,CT,KARTON,3,,,,,,,,,,1425,72
3036,PC,PCS,1,,,,,,,,,,1426,1
3037,PC,PCS,2,,,,,,,,,,1426,1
3038,CT,KARTON,3,,,,,,,,,,1426,72
3039,PC,PCS,1,,,,,,,,,,1427,1
3040,PC,PCS,2,,,,,,,,,,1427,1
3041,CT,KARTON,3,,,,,,,,,,1427,96
3042,PC,PCS,1,,,,,,,,,,1428,1
3043,PC,PCS,2,,,,,,,,,,1428,1
3044,CT,KARTON,3,,,,,,,,,,1428,72
3045,PC,PCS,1,,,,,,,,,,1429,1
3046,PC,PCS,2,,,,,,,,,,1429,1
3047,CT,KARTON,3,,,,,,,,,,1429,576
3048,PC,PCS,1,,,,,,,,,,1430,1
3049,PC,PCS,2,,,,,,,,,,1430,1
3050,CT,KARTON,3,,,,,,,,,,1430,240
3051,PC,PCS,1,,,,,,,,,,1431,1
3052,PC,PCS,2,,,,,,,,,,1431,1
3053,CT,KARTON,3,,,,,,,,,,1431,240
3054,PC,PCS,1,,,,,,,,,,1432,1
3055,PC,PCS,2,,,,,,,,,,1432,1
3056,CT,KARTON,3,,,,,,,,,,1432,144
3057,PC,PCS,1,,,,,,,,,,1433,1
3058,PC,PCS,2,,,,,,,,,,1433,1
3059,CT,KARTON,3,,,,,,,,,,1433,144
3060,PC,PCS,1,,,,,,,,,,1434,1
3061,PC,PCS,2,,,,,,,,,,1434,1
3062,CT,KARTON,3,,,,,,,,,,1434,234
3063,PC,PCS,1,,,,,,,,,,1435,1
3064,PC,PCS,2,,,,,,,,,,1435,1
3065,CT,KARTON,3,,,,,,,,,,1435,117
3066,PC,PCS,1,,,,,,,,,,1436,1
3067,PC,PCS,2,,,,,,,,,,1436,1
3068,CT,KARTON,3,,,,,,,,,,1436,200
3069,PC,PCS,1,,,,,,,,,,1437,1
3070,PC,PCS,2,,,,,,,,,,1437,1
3071,CT,KARTON,3,,,,,,,,,,1437,288
3072,PC,PCS,1,,,,,,,,,,1438,1
3073,PC,PCS,2,,,,,,,,,,1438,1
3074,CT,KARTON,3,,,,,,,,,,1438,240
3075,PC,PCS,1,,,,,,,,,,1439,1
3076,PC,PCS,2,,,,,,,,,,1439,1
3077,CT,KARTON,3,,,,,,,,,,1439,144
3078,PC,PCS,1,,,,,,,,,,1440,1
3079,PC,PCS,2,,,,,,,,,,1440,1
3080,CT,KARTON,3,,,,,,,,,,1440,72
3081,PC,PCS,1,,,,,,,,,,1441,1
3082,PC,PCS,2,,,,,,,,,,1441,1
3083,CT,KARTON,3,,,,,,,,,,1441,96
3084,PC,PCS,1,,,,,,,,,,1442,1
3085,PC,PCS,2,,,,,,,,,,1442,1
3086,CT,KARTON,3,,,,,,,,,,1442,48
3087,PC,PCS,1,,,,,,,,,,1443,1
3088,PC,PCS,2,,,,,,,,,,1443,1
3089,CT,KARTON,3,,,,,,,,,,1443,72
3090,PC,PCS,1,,,,,,,,,,1444,1
3091,PC,PCS,2,,,,,,,,,,1444,1
3092,CT,KARTON,3,,,,,,,,,,1444,72
3093,PC,PCS,1,,,,,,,,,,1445,1
3094,PC,PCS,2,,,,,,,,,,1445,1
3095,CT,KARTON,3,,,,,,,,,,1445,72
3096,PC,PCS,1,,,,,,,,,,1446,1
3097,PC,PCS,2,,,,,,,,,,1446,1
3098,CT,KARTON,3,,,,,,,,,,1446,72
3099,PC,PCS,1,,,,,,,,,,1447,1
3100,PC,PCS,2,,,,,,,,,,1447,1
3101,CT,KARTON,3,,,,,,,,,,1447,72
3102,PC,PCS,1,,,,,,,,,,1448,1
3103,PC,PCS,2,,,,,,,,,,1448,1
3104,CT,KARTON,3,,,,,,,,,,1448,400
3105,PC,PCS,1,,,,,,,,,,1449,1
3106,PC,PCS,2,,,,,,,,,,1449,1
3107,CT,KARTON,3,,,,,,,,,,1449,400
3108,PC,PCS,1,,,,,,,,,,1450,1
3109,PC,PCS,2,,,,,,,,,,1450,1
3110,CT,KARTON,3,,,,,,,,,,1450,12
3111,PC,PCS,1,,,,,,,,,,1451,1
3112,PC,PCS,2,,,,,,,,,,1451,1
3113,CT,KARTON,3,,,,,,,,,,1451,288
3114,PC,PCS,1,,,,,,,,,,1452,1
3115,PC,PCS,2,,,,,,,,,,1452,1
3116,CT,KARTON,3,,,,,,,,,,1452,288
3117,PC,PCS,1,,,,,,,,,,1453,1
3118,PC,PCS,2,,,,,,,,,,1453,1
3119,CT,KARTON,3,,,,,,,,,,1453,288
3120,PC,PCS,1,,,,,,,,,,1454,1
3121,PC,PCS,2,,,,,,,,,,1454,1
3122,CT,KARTON,3,,,,,,,,,,1454,384
3123,PC,PCS,1,,,,,,,,,,1455,1
3124,PC,PCS,2,,,,,,,,,,1455,1
3125,CT,KARTON,3,,,,,,,,,,1455,240
3126,PC,PCS,1,,,,,,,,,,1456,1
3127,PC,PCS,2,,,,,,,,,,1456,1
3128,CT,KARTON,3,,,,,,,,,,1456,240
3129,PC,PCS,1,,,,,,,,,,1457,1
3130,PC,PCS,2,,,,,,,,,,1457,1
3131,CT,KARTON,3,,,,,,,,,,1457,240
3132,PC,PCS,1,,,,,,,,,,1458,1
3134,CT,KARTON,3,,,,,,,,,,1458,30
3135,PC,PCS,1,,,,,,,,,,1459,1
3136,PC,PCS,2,,,,,,,,,,1459,1
3137,CT,KARTON,3,,,,,,,,,,1459,288
3138,PC,PCS,1,,,,,,,,,,1460,1
3139,PC,PCS,2,,,,,,,,,,1460,1
3140,CT,KARTON,3,,,,,,,,,,1460,144
3141,PC,PCS,1,,,,,,,,,,1461,1
3142,PC,PCS,2,,,,,,,,,,1461,1
3143,CT,KARTON,3,,,,,,,,,,1461,144
3144,PC,PCS,1,,,,,,,,,,1462,1
3145,PC,PCS,2,,,,,,,,,,1462,1
3146,CT,KARTON,3,,,,,,,,,,1462,144
3147,PC,PCS,1,,,,,,,,,,1463,1
3148,PC,PCS,2,,,,,,,,,,1463,1
3149,CT,KARTON,3,,,,,,,,,,1463,144
3150,PC,PCS,1,,,,,,,,,,1464,1
3151,PC,PCS,2,,,,,,,,,,1464,1
3152,CT,KARTON,3,,,,,,,,,,1464,48
3153,PC,PCS,1,,,,,,,,,,1465,1
3154,PC,PCS,2,,,,,,,,,,1465,1
3155,CT,KARTON,3,,,,,,,,,,1465,96
3156,PC,PCS,1,,,,,,,,,,1466,1
3157,PC,PCS,2,,,,,,,,,,1466,1
3158,CT,KARTON,3,,,,,,,,,,1466,1000
3159,PC,PC,1,,,,,,,,,,1467,1
3160,PC,PC,2,,,,,,,,,,1467,1
3161,CT,KARTON,3,,,,,,,,,,1467,24
3162,PC,PCS,1,,,,,,,,,,1468,1
3163,PC,PCS,2,,,,,,,,,,1468,1
3164,CT,KARTON,3,,,,,,,,,,1468,24
3165,PC,PCS,1,,,,,,,,,,1469,1
3166,PC,PCS,2,,,,,,,,,,1469,1
3167,CT,KARTON,3,,,,,,,,,,1469,20
3168,PC,PCS,1,,,,,,,,,,1470,1
3169,PC,PCS,2,,,,,,,,,,1470,1
3170,CT,KARTON,3,,,,,,,,,,1470,24
3171,PC,PCS,1,,,,,,,,,,1471,1
3172,PC,PCS,2,,,,,,,,,,1471,1
3173,CT,KARTON,3,,,,,,,,,,1471,24
3174,PC,PCS,1,,,,,,,,,,1472,1
3175,PC,PCS,2,,,,,,,,,,1472,1
3176,CT,KARTON,3,,,,,,,,,,1472,24
3177,PC,PCS,1,,,,,,,,,,1473,1
3178,PC,PCS,2,,,,,,,,,,1473,1
3179,CT,KARTON,3,,,,,,,,,,1473,24
3180,PC,PCS,1,,,,,,,,,,1474,1
3181,PC,PCS,2,,,,,,,,,,1474,1
3182,CT,KARTON,3,,,,,,,,,,1474,24
3183,PC,PCS,1,,,,,,,,,,1475,1
3184,PC,PCS,2,,,,,,,,,,1475,1
3185,CT,KARTON,3,,,,,,,,,,1475,24
3186,PC,PCS,1,,,,,,,,,,1476,1
3187,PC,PCS,2,,,,,,,,,,1476,1
3188,CT,KARTON,3,,,,,,,,,,1476,24
3189,a,piece,1,,,,,,,,,,1477,1
3190,aa,box,2,,,,,,,,,,1477,12
3191,aaa,karton,3,,,,,,,,,,1477,48
3192,a,piece,1,,,,,,,,,,1478,1
3193,aa,box,2,,,,,,,,,,1478,12
3194,aaa,karton,3,,,,,,,,,,1478,48
3195,a,piece,1,,,,,,,,,,1479,1
3196,aa,box,2,,,,,,,,,,1479,12
3197,aaa,karton,3,,,,,,,,,,1479,48
3198,PCS,PIECES,1,,,,,,,,,,1480,1
3199,PCK,PACK,2,,,,,,,,,,1480,5
3200,BOX,BOX,3,,,,,,,,,,1480,20
3201,PCS,PIECES,1,,,,,,,,,,1481,1
3202,PCK,PACK,2,,,,,,,,,,1481,5
3203,BOX,BOX,3,,,,,,,,,,1481,20
3204,PCS,PIECES,1,,,,,,,,,,1482,1
3205,PCK,PACK,2,,,,,,,,,,1482,5
3206,BOX,BOX,3,,,,,,,,,,1482,20
3207,PCS,PIECES,1,,,,,,,,,,1483,1
3208,PCK,PACK,2,,,,,,,,,,1483,5
3209,BOX,BOX,3,,,,,,,,,,1483,20
2408,pc,pcs,1,,,,,,,,,,1217,1
3210,PC,PC,1,,,,,,,,,,1484,1
3211,PC,PC,2,,,,,,,,,,1484,1
3212,CT,KARTON,3,,,,,,,,,,1484,72
3213,PC,PCS,1,,,,,,,,,,1485,1
3214,PC,PCS,2,,,,,,,,,,1485,1
3215,CT,KARTON,3,,,,,,,,,,1485,48
3216,PC,PCS,1,,,,,,,,,,1486,1
3217,PC,PCS,2,,,,,,,,,,1486,1
3218,CT,KARTON,3,,,,,,,,,,1486,120
3237,pc,pc,1,,,,,,,,,,1493,1
3133,PC,PCS,2,,,,,,,,,,1458,1
3219,pc,pc,1,,,,,,,,,,1487,1
3220,pc,pc,2,,,,,,,,,,1487,1
3221,box,box,3,,,,,,,,,,1487,12
3222,pc,pc,1,,,,,,,,,,1488,1
3223,pc,pc,2,,,,,,,,,,1488,1
3224,box,box,3,,,,,,,,,,1488,12
3225,pc,1,1,,,,,,,,,,1489,1
3226,pc,1,2,,,,,,,,,,1489,1
3227,box,box,3,,,,,,,,,,1489,12
3228,pc,pc,1,,,,,,,,,,1490,1
3229,bx,box,2,,,,,,,,,,1490,10
3230,ct,ct,3,,,,,,,,,,1490,144
3231,pack,pack,1,,,,,,,,,,1491,1
3232,bx,bx,2,,,,,,,,,,1491,10
3233,ct,ct,3,,,,,,,,,,1491,120
3234,pack,pack,1,,,,,,,,,,1492,1
3235,bx,bx,2,,,,,,,,,,1492,10
3236,ct,ct,3,,,,,,,,,,1492,120
3238,pc,pc,2,,,,,,,,,,1493,1
3239,bx,bx,3,,,,,,,,,,1493,10
3240,pc,pc,1,,,,,,,,,,1494,1
3241,pc,pc,2,,,,,,,,,,1494,1
3242,bx,bx,3,,,,,,,,,,1494,10
3243,PC,PC,1,,,,,,,,,,1495,1
3244,PK,PACK,2,,,,,,,,,,1495,1
3245,CT,KARTON,3,,,,,,,,,,1495,320
3246,PC,PCS,1,,,,,,,,,,1496,1
3247,PC,PK,2,,,,,,,,,,1496,1
3248,CT,KARTON,3,,,,,,,,,,1496,320
3249,PC,PCS,1,,,,,,,,,,1497,1
3250,PK,PAK,2,,,,,,,,,,1497,1
3251,CT,KARTON,3,,,,,,,,,,1497,320
3252,PC,PCS,1,,,,,,,,,,1498,1
3253,PC,PCS,2,,,,,,,,,,1498,1
3254,CT,KARTON,3,,,,,,,,,,1498,72
3255,pc,test,1,,,,,,,,,,1499,1
3256,bx,test box,2,,,,,,,,,,1499,10
3257,ct,test karton,3,,,,,,,,,,1499,30
3258,pc,pices,1,,,,,,,,,,1500,1
3259,box,box,2,,,,,,,,,,1500,10
3260,ct,carton,3,,,,,,,,,,1500,30
3261,PC,PCS,1,,,,,,,,,,1501,1
3262,PC,PCS,2,,,,,,,,,,1501,1
3263,CT,KARTON,3,,,,,,,,,,1501,56
3264,BOX,Box,1,10,,,,,,,0,0,1482,1
3265,PCS,Pieces,1,Pieces,,,,,,,1,1,1502,1
3266,PCS,Pieces,1,Pieces,,,,,,,1,1,1504,1
3267,BOX,BOX,1,,,,,,,,0,0,1504,10
3268,PCS,Pieces,1,Pieces,,,,,,,1,1,1505,1
3269,PCS,Pieces,1,Pieces,,,,,,,1,1,1506,1
3270,PCS,Pieces,1,Pieces,,,,,,,1,1,1507,1
3271,PCS,Pieces,1,Pieces,,,,,,,1,1,1508,1
3272,PCS,Pieces,1,Pieces,,,,,,,1,1,1509,1
8807,PC,PC,1,,,,,,,,1,1,7044,1
8808,PC,PC,1,,,,,,,,1,1,7045,1
8809,PC,PC,1,,,,,,,,1,1,7046,1
8810,PC,PC,1,,,,,,,,1,1,7047,1
8811,PC,PC,1,,,,,,,,1,1,7048,1
8812,PC,PC,1,,,,,,,,1,1,7049,1
8813,PC,PC,1,,,,,,,,1,1,7050,1
8814,PC,PC,1,,,,,,,,1,1,7051,1
8815,PC,PC,1,,,,,,,,1,1,7052,1
8816,PC,PC,1,,,,,,,,1,1,7053,1
8817,PC,PC,1,,,,,,,,1,1,7054,1
8818,PC,PC,1,,,,,,,,1,1,7055,1
8819,PC,PC,1,,,,,,,,1,1,7056,1
8820,PC,PC,1,,,,,,,,1,1,7057,1
8821,PC,PC,1,,,,,,,,1,1,7058,1
8822,PC,PC,1,,,,,,,,1,1,7059,1
8823,PC,PC,1,,,,,,,,1,1,7060,1
8824,PC,PC,1,,,,,,,,1,1,7061,1
8825,PC,PC,1,,,,,,,,1,1,7062,1
8826,PC,PC,1,,,,,,,,1,1,7063,1
8827,PC,PC,1,,,,,,,,1,1,7064,1
8828,PC,PC,1,,,,,,,,1,1,7065,1
8829,PC,PC,1,,,,,,,,1,1,7066,1
8830,PC,PC,1,,,,,,,,1,1,7067,1
3273,PC,PC,1,,,,,,,,1,1,1510,1
3274,PC,PC,1,,,,,,,,1,1,1511,1
3275,PC,PC,1,,,,,,,,1,1,1512,1
3276,PC,PC,1,,,,,,,,1,1,1513,1
3277,PC,PC,1,,,,,,,,1,1,1514,1
3278,PC,PC,1,,,,,,,,1,1,1515,1
3279,PC,PC,1,,,,,,,,1,1,1516,1
3280,PC,PC,1,,,,,,,,1,1,1517,1
3281,PC,PC,1,,,,,,,,1,1,1518,1
3282,PC,PC,1,,,,,,,,1,1,1519,1
3283,PC,PC,1,,,,,,,,1,1,1520,1
3284,PC,PC,1,,,,,,,,1,1,1521,1
3285,PC,PC,1,,,,,,,,1,1,1522,1
3286,PC,PC,1,,,,,,,,1,1,1523,1
3287,PC,PC,1,,,,,,,,1,1,1524,1
3288,PC,PC,1,,,,,,,,1,1,1525,1
3289,PC,PC,1,,,,,,,,1,1,1526,1
3290,PC,PC,1,,,,,,,,1,1,1527,1
3291,PC,PC,1,,,,,,,,1,1,1528,1
3292,PC,PC,1,,,,,,,,1,1,1529,1
3293,PC,PC,1,,,,,,,,1,1,1530,1
3294,PC,PC,1,,,,,,,,1,1,1531,1
3295,PC,PC,1,,,,,,,,1,1,1532,1
3296,PC,PC,1,,,,,,,,1,1,1533,1
3297,PC,PC,1,,,,,,,,1,1,1534,1
3298,PC,PC,1,,,,,,,,1,1,1535,1
3299,PC,PC,1,,,,,,,,1,1,1536,1
3300,PC,PC,1,,,,,,,,1,1,1537,1
3301,PC,PC,1,,,,,,,,1,1,1538,1
3302,PC,PC,1,,,,,,,,1,1,1539,1
3303,PC,PC,1,,,,,,,,1,1,1540,1
3304,PC,PC,1,,,,,,,,1,1,1541,1
3305,PC,PC,1,,,,,,,,1,1,1542,1
3306,PC,PC,1,,,,,,,,1,1,1543,1
3307,PC,PC,1,,,,,,,,1,1,1544,1
3308,PC,PC,1,,,,,,,,1,1,1545,1
3309,PC,PC,1,,,,,,,,1,1,1546,1
3310,PC,PC,1,,,,,,,,1,1,1547,1
3311,PC,PC,1,,,,,,,,1,1,1548,1
3312,PC,PC,1,,,,,,,,1,1,1549,1
3313,PC,PC,1,,,,,,,,1,1,1550,1
3314,PC,PC,1,,,,,,,,1,1,1551,1
3315,PC,PC,1,,,,,,,,1,1,1552,1
3316,PC,PC,1,,,,,,,,1,1,1553,1
3317,PC,PC,1,,,,,,,,1,1,1554,1
3318,PC,PC,1,,,,,,,,1,1,1555,1
3319,PC,PC,1,,,,,,,,1,1,1556,1
3320,PC,PC,1,,,,,,,,1,1,1557,1
3321,PC,PC,1,,,,,,,,1,1,1558,1
3322,PC,PC,1,,,,,,,,1,1,1559,1
3323,PC,PC,1,,,,,,,,1,1,1560,1
3324,PC,PC,1,,,,,,,,1,1,1561,1
3325,PC,PC,1,,,,,,,,1,1,1562,1
3326,PC,PC,1,,,,,,,,1,1,1563,1
3327,PC,PC,1,,,,,,,,1,1,1564,1
3328,PC,PC,1,,,,,,,,1,1,1565,1
3329,PC,PC,1,,,,,,,,1,1,1566,1
3330,PC,PC,1,,,,,,,,1,1,1567,1
3331,PC,PC,1,,,,,,,,1,1,1568,1
3332,PC,PC,1,,,,,,,,1,1,1569,1
3333,PC,PC,1,,,,,,,,1,1,1570,1
3334,PC,PC,1,,,,,,,,1,1,1571,1
3335,PC,PC,1,,,,,,,,1,1,1572,1
3336,PC,PC,1,,,,,,,,1,1,1573,1
3337,PC,PC,1,,,,,,,,1,1,1574,1
3338,PC,PC,1,,,,,,,,1,1,1575,1
3339,PC,PC,1,,,,,,,,1,1,1576,1
3340,PC,PC,1,,,,,,,,1,1,1577,1
3341,PC,PC,1,,,,,,,,1,1,1578,1
3342,PC,PC,1,,,,,,,,1,1,1579,1
3343,PC,PC,1,,,,,,,,1,1,1580,1
3344,PC,PC,1,,,,,,,,1,1,1581,1
3345,PC,PC,1,,,,,,,,1,1,1582,1
3346,PC,PC,1,,,,,,,,1,1,1583,1
3347,PC,PC,1,,,,,,,,1,1,1584,1
3348,PC,PC,1,,,,,,,,1,1,1585,1
3349,PC,PC,1,,,,,,,,1,1,1586,1
3350,PC,PC,1,,,,,,,,1,1,1587,1
3351,PC,PC,1,,,,,,,,1,1,1588,1
3352,PC,PC,1,,,,,,,,1,1,1589,1
3353,PC,PC,1,,,,,,,,1,1,1590,1
3354,PC,PC,1,,,,,,,,1,1,1591,1
3355,PC,PC,1,,,,,,,,1,1,1592,1
3356,PC,PC,1,,,,,,,,1,1,1593,1
3357,PC,PC,1,,,,,,,,1,1,1594,1
3358,PC,PC,1,,,,,,,,1,1,1595,1
3359,PC,PC,1,,,,,,,,1,1,1596,1
3360,PC,PC,1,,,,,,,,1,1,1597,1
3361,PC,PC,1,,,,,,,,1,1,1598,1
3362,PC,PC,1,,,,,,,,1,1,1599,1
3363,PC,PC,1,,,,,,,,1,1,1600,1
3364,PC,PC,1,,,,,,,,1,1,1601,1
3365,PC,PC,1,,,,,,,,1,1,1602,1
3366,PC,PC,1,,,,,,,,1,1,1603,1
3367,PC,PC,1,,,,,,,,1,1,1604,1
3368,PC,PC,1,,,,,,,,1,1,1605,1
3369,PC,PC,1,,,,,,,,1,1,1606,1
3370,PC,PC,1,,,,,,,,1,1,1607,1
3371,PC,PC,1,,,,,,,,1,1,1608,1
3372,PC,PC,1,,,,,,,,1,1,1609,1
3373,PC,PC,1,,,,,,,,1,1,1610,1
3374,PC,PC,1,,,,,,,,1,1,1611,1
3375,PC,PC,1,,,,,,,,1,1,1612,1
3376,PC,PC,1,,,,,,,,1,1,1613,1
3377,PC,PC,1,,,,,,,,1,1,1614,1
3378,PC,PC,1,,,,,,,,1,1,1615,1
3379,PC,PC,1,,,,,,,,1,1,1616,1
3380,PC,PC,1,,,,,,,,1,1,1617,1
3381,PC,PC,1,,,,,,,,1,1,1618,1
3382,PC,PC,1,,,,,,,,1,1,1619,1
3383,PC,PC,1,,,,,,,,1,1,1620,1
3384,PC,PC,1,,,,,,,,1,1,1621,1
3385,PC,PC,1,,,,,,,,1,1,1622,1
3386,PC,PC,1,,,,,,,,1,1,1623,1
3387,PC,PC,1,,,,,,,,1,1,1624,1
3388,PC,PC,1,,,,,,,,1,1,1625,1
3389,PC,PC,1,,,,,,,,1,1,1626,1
3390,PC,PC,1,,,,,,,,1,1,1627,1
3391,PC,PC,1,,,,,,,,1,1,1628,1
3392,PC,PC,1,,,,,,,,1,1,1629,1
3393,PC,PC,1,,,,,,,,1,1,1630,1
3394,PC,PC,1,,,,,,,,1,1,1631,1
3395,PC,PC,1,,,,,,,,1,1,1632,1
3396,PC,PC,1,,,,,,,,1,1,1633,1
3397,PC,PC,1,,,,,,,,1,1,1634,1
3398,PC,PC,1,,,,,,,,1,1,1635,1
3399,PC,PC,1,,,,,,,,1,1,1636,1
3400,PC,PC,1,,,,,,,,1,1,1637,1
3401,PC,PC,1,,,,,,,,1,1,1638,1
3402,PC,PC,1,,,,,,,,1,1,1639,1
3403,PC,PC,1,,,,,,,,1,1,1640,1
3404,PC,PC,1,,,,,,,,1,1,1641,1
3405,PC,PC,1,,,,,,,,1,1,1642,1
3406,PC,PC,1,,,,,,,,1,1,1643,1
3407,PC,PC,1,,,,,,,,1,1,1644,1
3408,PC,PC,1,,,,,,,,1,1,1645,1
3409,PC,PC,1,,,,,,,,1,1,1646,1
3410,PC,PC,1,,,,,,,,1,1,1647,1
3411,PC,PC,1,,,,,,,,1,1,1648,1
3412,PC,PC,1,,,,,,,,1,1,1649,1
3413,PC,PC,1,,,,,,,,1,1,1650,1
3414,PC,PC,1,,,,,,,,1,1,1651,1
3415,PC,PC,1,,,,,,,,1,1,1652,1
3416,PC,PC,1,,,,,,,,1,1,1653,1
3417,PC,PC,1,,,,,,,,1,1,1654,1
3418,PC,PC,1,,,,,,,,1,1,1655,1
3419,PC,PC,1,,,,,,,,1,1,1656,1
3420,PC,PC,1,,,,,,,,1,1,1657,1
3421,PC,PC,1,,,,,,,,1,1,1658,1
3422,PC,PC,1,,,,,,,,1,1,1659,1
3423,PC,PC,1,,,,,,,,1,1,1660,1
3424,PC,PC,1,,,,,,,,1,1,1661,1
3425,PC,PC,1,,,,,,,,1,1,1662,1
3426,PC,PC,1,,,,,,,,1,1,1663,1
3427,PC,PC,1,,,,,,,,1,1,1664,1
3428,PC,PC,1,,,,,,,,1,1,1665,1
3429,PC,PC,1,,,,,,,,1,1,1666,1
3430,PC,PC,1,,,,,,,,1,1,1667,1
3431,PC,PC,1,,,,,,,,1,1,1668,1
3432,PC,PC,1,,,,,,,,1,1,1669,1
3433,PC,PC,1,,,,,,,,1,1,1670,1
3434,PC,PC,1,,,,,,,,1,1,1671,1
3435,PC,PC,1,,,,,,,,1,1,1672,1
3436,PC,PC,1,,,,,,,,1,1,1673,1
3437,CT,CT,1,,,,,,,,1,1,1674,1
3438,PC,PC,1,,,,,,,,1,1,1675,1
3439,PC,PC,1,,,,,,,,1,1,1676,1
3440,PC,PC,1,,,,,,,,1,1,1677,1
3441,PC,PC,1,,,,,,,,1,1,1678,1
3442,PC,PC,1,,,,,,,,1,1,1679,1
3443,PC,PC,1,,,,,,,,1,1,1680,1
3444,PC,PC,1,,,,,,,,1,1,1681,1
3445,PC,PC,1,,,,,,,,1,1,1682,1
3446,PC,PC,1,,,,,,,,1,1,1683,1
3447,PC,PC,1,,,,,,,,1,1,1684,1
3448,PC,PC,1,,,,,,,,1,1,1685,1
3449,PC,PC,1,,,,,,,,1,1,1686,1
3450,PC,PC,1,,,,,,,,1,1,1687,1
3451,PC,PC,1,,,,,,,,1,1,1688,1
3452,PC,PC,1,,,,,,,,1,1,1689,1
3453,PC,PC,1,,,,,,,,1,1,1690,1
3454,PC,PC,1,,,,,,,,1,1,1691,1
3455,PC,PC,1,,,,,,,,1,1,1692,1
3456,PC,PC,1,,,,,,,,1,1,1693,1
3457,PC,PC,1,,,,,,,,1,1,1694,1
3458,PC,PC,1,,,,,,,,1,1,1695,1
3459,PC,PC,1,,,,,,,,1,1,1696,1
3460,PC,PC,1,,,,,,,,1,1,1697,1
3461,PC,PC,1,,,,,,,,1,1,1698,1
3462,PC,PC,1,,,,,,,,1,1,1699,1
3463,PC,PC,1,,,,,,,,1,1,1700,1
3464,PC,PC,1,,,,,,,,1,1,1701,1
3465,PC,PC,1,,,,,,,,1,1,1702,1
3466,PC,PC,1,,,,,,,,1,1,1703,1
3467,PC,PC,1,,,,,,,,1,1,1704,1
3468,PC,PC,1,,,,,,,,1,1,1705,1
3469,PC,PC,1,,,,,,,,1,1,1706,1
3470,PC,PC,1,,,,,,,,1,1,1707,1
3471,PC,PC,1,,,,,,,,1,1,1708,1
3472,PC,PC,1,,,,,,,,1,1,1709,1
3473,PC,PC,1,,,,,,,,1,1,1710,1
3474,PC,PC,1,,,,,,,,1,1,1711,1
3475,PC,PC,1,,,,,,,,1,1,1712,1
3476,PC,PC,1,,,,,,,,1,1,1713,1
3477,PC,PC,1,,,,,,,,1,1,1714,1
3478,PC,PC,1,,,,,,,,1,1,1715,1
3479,PC,PC,1,,,,,,,,1,1,1716,1
3480,PC,PC,1,,,,,,,,1,1,1717,1
3481,PC,PC,1,,,,,,,,1,1,1718,1
3482,PC,PC,1,,,,,,,,1,1,1719,1
3483,PC,PC,1,,,,,,,,1,1,1720,1
3484,PC,PC,1,,,,,,,,1,1,1721,1
3485,PC,PC,1,,,,,,,,1,1,1722,1
3486,PC,PC,1,,,,,,,,1,1,1723,1
3487,PC,PC,1,,,,,,,,1,1,1724,1
3488,PC,PC,1,,,,,,,,1,1,1725,1
3489,PC,PC,1,,,,,,,,1,1,1726,1
3490,PC,PC,1,,,,,,,,1,1,1727,1
3491,PC,PC,1,,,,,,,,1,1,1728,1
3492,PC,PC,1,,,,,,,,1,1,1729,1
3493,PC,PC,1,,,,,,,,1,1,1730,1
3494,PC,PC,1,,,,,,,,1,1,1731,1
3495,PC,PC,1,,,,,,,,1,1,1732,1
3496,PC,PC,1,,,,,,,,1,1,1733,1
3497,PC,PC,1,,,,,,,,1,1,1734,1
3498,PC,PC,1,,,,,,,,1,1,1735,1
3499,PC,PC,1,,,,,,,,1,1,1736,1
3500,PC,PC,1,,,,,,,,1,1,1737,1
3501,PC,PC,1,,,,,,,,1,1,1738,1
3502,PC,PC,1,,,,,,,,1,1,1739,1
3503,PC,PC,1,,,,,,,,1,1,1740,1
3504,PC,PC,1,,,,,,,,1,1,1741,1
3505,PC,PC,1,,,,,,,,1,1,1742,1
3506,PC,PC,1,,,,,,,,1,1,1743,1
3507,PC,PC,1,,,,,,,,1,1,1744,1
3508,PC,PC,1,,,,,,,,1,1,1745,1
3509,PC,PC,1,,,,,,,,1,1,1746,1
3510,PC,PC,1,,,,,,,,1,1,1747,1
3511,PC,PC,1,,,,,,,,1,1,1748,1
3512,PC,PC,1,,,,,,,,1,1,1749,1
3513,PC,PC,1,,,,,,,,1,1,1750,1
3514,PC,PC,1,,,,,,,,1,1,1751,1
3515,PC,PC,1,,,,,,,,1,1,1752,1
3516,PC,PC,1,,,,,,,,1,1,1753,1
3517,PC,PC,1,,,,,,,,1,1,1754,1
3518,PC,PC,1,,,,,,,,1,1,1755,1
3519,PC,PC,1,,,,,,,,1,1,1756,1
3520,PC,PC,1,,,,,,,,1,1,1757,1
3521,PC,PC,1,,,,,,,,1,1,1758,1
3522,PC,PC,1,,,,,,,,1,1,1759,1
3523,PC,PC,1,,,,,,,,1,1,1760,1
3524,PC,PC,1,,,,,,,,1,1,1761,1
3525,PC,PC,1,,,,,,,,1,1,1762,1
3526,PC,PC,1,,,,,,,,1,1,1763,1
3527,PC,PC,1,,,,,,,,1,1,1764,1
3528,PC,PC,1,,,,,,,,1,1,1765,1
3529,PC,PC,1,,,,,,,,1,1,1766,1
3530,PC,PC,1,,,,,,,,1,1,1767,1
3531,PC,PC,1,,,,,,,,1,1,1768,1
3532,PC,PC,1,,,,,,,,1,1,1769,1
3533,PC,PC,1,,,,,,,,1,1,1770,1
3534,PC,PC,1,,,,,,,,1,1,1771,1
3535,PC,PC,1,,,,,,,,1,1,1772,1
3536,PC,PC,1,,,,,,,,1,1,1773,1
3537,PC,PC,1,,,,,,,,1,1,1774,1
3538,PC,PC,1,,,,,,,,1,1,1775,1
3539,PC,PC,1,,,,,,,,1,1,1776,1
3540,PC,PC,1,,,,,,,,1,1,1777,1
3541,PC,PC,1,,,,,,,,1,1,1778,1
3542,PC,PC,1,,,,,,,,1,1,1779,1
3543,PC,PC,1,,,,,,,,1,1,1780,1
3544,PC,PC,1,,,,,,,,1,1,1781,1
3545,PC,PC,1,,,,,,,,1,1,1782,1
3546,PC,PC,1,,,,,,,,1,1,1783,1
3547,PC,PC,1,,,,,,,,1,1,1784,1
3548,PC,PC,1,,,,,,,,1,1,1785,1
3549,PC,PC,1,,,,,,,,1,1,1786,1
3550,PC,PC,1,,,,,,,,1,1,1787,1
3551,PC,PC,1,,,,,,,,1,1,1788,1
3552,PC,PC,1,,,,,,,,1,1,1789,1
3553,PC,PC,1,,,,,,,,1,1,1790,1
3554,PC,PC,1,,,,,,,,1,1,1791,1
3555,PC,PC,1,,,,,,,,1,1,1792,1
3556,PC,PC,1,,,,,,,,1,1,1793,1
3557,PC,PC,1,,,,,,,,1,1,1794,1
3558,PC,PC,1,,,,,,,,1,1,1795,1
3559,PC,PC,1,,,,,,,,1,1,1796,1
3560,PC,PC,1,,,,,,,,1,1,1797,1
3561,PC,PC,1,,,,,,,,1,1,1798,1
3562,PC,PC,1,,,,,,,,1,1,1799,1
3563,PC,PC,1,,,,,,,,1,1,1800,1
3564,PC,PC,1,,,,,,,,1,1,1801,1
3565,PC,PC,1,,,,,,,,1,1,1802,1
3566,PC,PC,1,,,,,,,,1,1,1803,1
3567,PC,PC,1,,,,,,,,1,1,1804,1
3568,PC,PC,1,,,,,,,,1,1,1805,1
3569,PC,PC,1,,,,,,,,1,1,1806,1
3570,PC,PC,1,,,,,,,,1,1,1807,1
3571,PC,PC,1,,,,,,,,1,1,1808,1
3572,PC,PC,1,,,,,,,,1,1,1809,1
3573,PC,PC,1,,,,,,,,1,1,1810,1
3574,PC,PC,1,,,,,,,,1,1,1811,1
3575,PC,PC,1,,,,,,,,1,1,1812,1
3576,PC,PC,1,,,,,,,,1,1,1813,1
3577,PC,PC,1,,,,,,,,1,1,1814,1
3578,PC,PC,1,,,,,,,,1,1,1815,1
3579,PC,PC,1,,,,,,,,1,1,1816,1
3580,PC,PC,1,,,,,,,,1,1,1817,1
3581,PC,PC,1,,,,,,,,1,1,1818,1
3582,PC,PC,1,,,,,,,,1,1,1819,1
3583,PC,PC,1,,,,,,,,1,1,1820,1
3584,PC,PC,1,,,,,,,,1,1,1821,1
3585,PC,PC,1,,,,,,,,1,1,1822,1
3586,PC,PC,1,,,,,,,,1,1,1823,1
3587,PC,PC,1,,,,,,,,1,1,1824,1
3588,PC,PC,1,,,,,,,,1,1,1825,1
3589,PC,PC,1,,,,,,,,1,1,1826,1
3590,PC,PC,1,,,,,,,,1,1,1827,1
3591,PC,PC,1,,,,,,,,1,1,1828,1
3592,PC,PC,1,,,,,,,,1,1,1829,1
3593,PC,PC,1,,,,,,,,1,1,1830,1
3594,PC,PC,1,,,,,,,,1,1,1831,1
3595,PC,PC,1,,,,,,,,1,1,1832,1
3596,PC,PC,1,,,,,,,,1,1,1833,1
3597,PC,PC,1,,,,,,,,1,1,1834,1
3598,PC,PC,1,,,,,,,,1,1,1835,1
3599,PC,PC,1,,,,,,,,1,1,1836,1
3600,PC,PC,1,,,,,,,,1,1,1837,1
3601,PC,PC,1,,,,,,,,1,1,1838,1
3602,PC,PC,1,,,,,,,,1,1,1839,1
3603,PC,PC,1,,,,,,,,1,1,1840,1
3604,PC,PC,1,,,,,,,,1,1,1841,1
3605,PC,PC,1,,,,,,,,1,1,1842,1
3606,PC,PC,1,,,,,,,,1,1,1843,1
3607,PC,PC,1,,,,,,,,1,1,1844,1
3608,PC,PC,1,,,,,,,,1,1,1845,1
3609,PC,PC,1,,,,,,,,1,1,1846,1
3610,PC,PC,1,,,,,,,,1,1,1847,1
3611,PC,PC,1,,,,,,,,1,1,1848,1
3612,PC,PC,1,,,,,,,,1,1,1849,1
3613,PC,PC,1,,,,,,,,1,1,1850,1
3614,PC,PC,1,,,,,,,,1,1,1851,1
3615,PC,PC,1,,,,,,,,1,1,1852,1
3616,PC,PC,1,,,,,,,,1,1,1853,1
3617,PC,PC,1,,,,,,,,1,1,1854,1
3618,PC,PC,1,,,,,,,,1,1,1855,1
3619,PC,PC,1,,,,,,,,1,1,1856,1
3620,PC,PC,1,,,,,,,,1,1,1857,1
3621,PC,PC,1,,,,,,,,1,1,1858,1
3622,PC,PC,1,,,,,,,,1,1,1859,1
3623,PC,PC,1,,,,,,,,1,1,1860,1
3624,PC,PC,1,,,,,,,,1,1,1861,1
3625,PC,PC,1,,,,,,,,1,1,1862,1
3626,PC,PC,1,,,,,,,,1,1,1863,1
3627,PC,PC,1,,,,,,,,1,1,1864,1
3628,PC,PC,1,,,,,,,,1,1,1865,1
3629,PC,PC,1,,,,,,,,1,1,1866,1
3630,PC,PC,1,,,,,,,,1,1,1867,1
3631,PC,PC,1,,,,,,,,1,1,1868,1
3632,PC,PC,1,,,,,,,,1,1,1869,1
3633,PC,PC,1,,,,,,,,1,1,1870,1
3634,PC,PC,1,,,,,,,,1,1,1871,1
3635,PC,PC,1,,,,,,,,1,1,1872,1
3636,PC,PC,1,,,,,,,,1,1,1873,1
3637,PC,PC,1,,,,,,,,1,1,1874,1
3638,PC,PC,1,,,,,,,,1,1,1875,1
3639,PC,PC,1,,,,,,,,1,1,1876,1
3640,PC,PC,1,,,,,,,,1,1,1877,1
3641,PC,PC,1,,,,,,,,1,1,1878,1
3642,PC,PC,1,,,,,,,,1,1,1879,1
3643,PC,PC,1,,,,,,,,1,1,1880,1
3644,PC,PC,1,,,,,,,,1,1,1881,1
3645,PC,PC,1,,,,,,,,1,1,1882,1
3646,PC,PC,1,,,,,,,,1,1,1883,1
3647,PC,PC,1,,,,,,,,1,1,1884,1
3648,PC,PC,1,,,,,,,,1,1,1885,1
3649,PC,PC,1,,,,,,,,1,1,1886,1
3650,PC,PC,1,,,,,,,,1,1,1887,1
3651,PC,PC,1,,,,,,,,1,1,1888,1
3652,PC,PC,1,,,,,,,,1,1,1889,1
3653,PC,PC,1,,,,,,,,1,1,1890,1
3654,PC,PC,1,,,,,,,,1,1,1891,1
3655,PC,PC,1,,,,,,,,1,1,1892,1
3656,PC,PC,1,,,,,,,,1,1,1893,1
3657,PC,PC,1,,,,,,,,1,1,1894,1
3658,PC,PC,1,,,,,,,,1,1,1895,1
3659,PC,PC,1,,,,,,,,1,1,1896,1
3660,PC,PC,1,,,,,,,,1,1,1897,1
3661,PC,PC,1,,,,,,,,1,1,1898,1
3662,PC,PC,1,,,,,,,,1,1,1899,1
3663,PC,PC,1,,,,,,,,1,1,1900,1
3664,PC,PC,1,,,,,,,,1,1,1901,1
3665,PC,PC,1,,,,,,,,1,1,1902,1
3666,PC,PC,1,,,,,,,,1,1,1903,1
3667,PC,PC,1,,,,,,,,1,1,1904,1
3668,PC,PC,1,,,,,,,,1,1,1905,1
3669,PC,PC,1,,,,,,,,1,1,1906,1
3670,PC,PC,1,,,,,,,,1,1,1907,1
3671,PC,PC,1,,,,,,,,1,1,1908,1
3672,PC,PC,1,,,,,,,,1,1,1909,1
3673,PC,PC,1,,,,,,,,1,1,1910,1
3674,PC,PC,1,,,,,,,,1,1,1911,1
3675,PC,PC,1,,,,,,,,1,1,1912,1
3676,PC,PC,1,,,,,,,,1,1,1913,1
3677,PC,PC,1,,,,,,,,1,1,1914,1
3678,PC,PC,1,,,,,,,,1,1,1915,1
3679,PC,PC,1,,,,,,,,1,1,1916,1
3680,PC,PC,1,,,,,,,,1,1,1917,1
3681,PC,PC,1,,,,,,,,1,1,1918,1
3682,PC,PC,1,,,,,,,,1,1,1919,1
3683,PC,PC,1,,,,,,,,1,1,1920,1
3684,PC,PC,1,,,,,,,,1,1,1921,1
3685,PC,PC,1,,,,,,,,1,1,1922,1
3686,PC,PC,1,,,,,,,,1,1,1923,1
3687,PC,PC,1,,,,,,,,1,1,1924,1
3688,PC,PC,1,,,,,,,,1,1,1925,1
3689,PC,PC,1,,,,,,,,1,1,1926,1
3690,PC,PC,1,,,,,,,,1,1,1927,1
3691,PC,PC,1,,,,,,,,1,1,1928,1
3692,PC,PC,1,,,,,,,,1,1,1929,1
3693,PC,PC,1,,,,,,,,1,1,1930,1
3694,PC,PC,1,,,,,,,,1,1,1931,1
3695,PC,PC,1,,,,,,,,1,1,1932,1
3696,PC,PC,1,,,,,,,,1,1,1933,1
3697,PC,PC,1,,,,,,,,1,1,1934,1
3698,PC,PC,1,,,,,,,,1,1,1935,1
3699,PC,PC,1,,,,,,,,1,1,1936,1
3700,PC,PC,1,,,,,,,,1,1,1937,1
3701,PC,PC,1,,,,,,,,1,1,1938,1
3702,PC,PC,1,,,,,,,,1,1,1939,1
3703,PC,PC,1,,,,,,,,1,1,1940,1
3704,PC,PC,1,,,,,,,,1,1,1941,1
3705,PC,PC,1,,,,,,,,1,1,1942,1
3706,PC,PC,1,,,,,,,,1,1,1943,1
3707,PC,PC,1,,,,,,,,1,1,1944,1
3708,PC,PC,1,,,,,,,,1,1,1945,1
3709,PC,PC,1,,,,,,,,1,1,1946,1
3710,PC,PC,1,,,,,,,,1,1,1947,1
3711,PC,PC,1,,,,,,,,1,1,1948,1
3712,PC,PC,1,,,,,,,,1,1,1949,1
3713,PC,PC,1,,,,,,,,1,1,1950,1
3714,PC,PC,1,,,,,,,,1,1,1951,1
3715,PC,PC,1,,,,,,,,1,1,1952,1
3716,PC,PC,1,,,,,,,,1,1,1953,1
3717,PC,PC,1,,,,,,,,1,1,1954,1
3718,PC,PC,1,,,,,,,,1,1,1955,1
3719,PC,PC,1,,,,,,,,1,1,1956,1
3720,PC,PC,1,,,,,,,,1,1,1957,1
3721,PC,PC,1,,,,,,,,1,1,1958,1
3722,PC,PC,1,,,,,,,,1,1,1959,1
3723,PC,PC,1,,,,,,,,1,1,1960,1
3724,PC,PC,1,,,,,,,,1,1,1961,1
3725,PC,PC,1,,,,,,,,1,1,1962,1
3726,PC,PC,1,,,,,,,,1,1,1963,1
3727,PC,PC,1,,,,,,,,1,1,1964,1
3728,PC,PC,1,,,,,,,,1,1,1965,1
3729,PC,PC,1,,,,,,,,1,1,1966,1
3730,PC,PC,1,,,,,,,,1,1,1967,1
3731,PC,PC,1,,,,,,,,1,1,1968,1
3732,PC,PC,1,,,,,,,,1,1,1969,1
3733,PC,PC,1,,,,,,,,1,1,1970,1
3734,PC,PC,1,,,,,,,,1,1,1971,1
3735,PC,PC,1,,,,,,,,1,1,1972,1
3736,PC,PC,1,,,,,,,,1,1,1973,1
3737,PC,PC,1,,,,,,,,1,1,1974,1
3738,PC,PC,1,,,,,,,,1,1,1975,1
3739,PC,PC,1,,,,,,,,1,1,1976,1
3740,PC,PC,1,,,,,,,,1,1,1977,1
3741,PC,PC,1,,,,,,,,1,1,1978,1
3742,PC,PC,1,,,,,,,,1,1,1979,1
3743,PC,PC,1,,,,,,,,1,1,1980,1
3744,PC,PC,1,,,,,,,,1,1,1981,1
3745,PC,PC,1,,,,,,,,1,1,1982,1
3746,PC,PC,1,,,,,,,,1,1,1983,1
3747,PC,PC,1,,,,,,,,1,1,1984,1
3748,PC,PC,1,,,,,,,,1,1,1985,1
3749,PC,PC,1,,,,,,,,1,1,1986,1
3750,PC,PC,1,,,,,,,,1,1,1987,1
3751,PC,PC,1,,,,,,,,1,1,1988,1
3752,PC,PC,1,,,,,,,,1,1,1989,1
3753,PC,PC,1,,,,,,,,1,1,1990,1
3754,PC,PC,1,,,,,,,,1,1,1991,1
3755,PC,PC,1,,,,,,,,1,1,1992,1
3756,PC,PC,1,,,,,,,,1,1,1993,1
3757,PC,PC,1,,,,,,,,1,1,1994,1
3758,PC,PC,1,,,,,,,,1,1,1995,1
3759,PC,PC,1,,,,,,,,1,1,1996,1
3760,PC,PC,1,,,,,,,,1,1,1997,1
3761,PC,PC,1,,,,,,,,1,1,1998,1
3762,PC,PC,1,,,,,,,,1,1,1999,1
3763,PC,PC,1,,,,,,,,1,1,2000,1
3764,PC,PC,1,,,,,,,,1,1,2001,1
3765,PC,PC,1,,,,,,,,1,1,2002,1
3766,PC,PC,1,,,,,,,,1,1,2003,1
3767,PC,PC,1,,,,,,,,1,1,2004,1
3768,PC,PC,1,,,,,,,,1,1,2005,1
3769,PC,PC,1,,,,,,,,1,1,2006,1
3770,PC,PC,1,,,,,,,,1,1,2007,1
3771,PC,PC,1,,,,,,,,1,1,2008,1
3772,PC,PC,1,,,,,,,,1,1,2009,1
3773,PK,PK,1,,,,,,,,1,1,2010,1
3774,PC,PC,1,,,,,,,,1,1,2011,1
3775,PC,PC,1,,,,,,,,1,1,2012,1
3776,PC,PC,1,,,,,,,,1,1,2013,1
3777,PC,PC,1,,,,,,,,1,1,2014,1
3778,PC,PC,1,,,,,,,,1,1,2015,1
3779,PC,PC,1,,,,,,,,1,1,2016,1
3780,PC,PC,1,,,,,,,,1,1,2017,1
3781,PC,PC,1,,,,,,,,1,1,2018,1
3782,PC,PC,1,,,,,,,,1,1,2019,1
3783,PC,PC,1,,,,,,,,1,1,2020,1
3784,PK,PK,1,,,,,,,,1,1,2021,1
3785,PK,PK,1,,,,,,,,1,1,2022,1
3786,PC,PC,1,,,,,,,,1,1,2023,1
3787,PC,PC,1,,,,,,,,1,1,2024,1
3788,PC,PC,1,,,,,,,,1,1,2025,1
3789,PC,PC,1,,,,,,,,1,1,2026,1
3790,PC,PC,1,,,,,,,,1,1,2027,1
3791,PC,PC,1,,,,,,,,1,1,2028,1
3792,PC,PC,1,,,,,,,,1,1,2029,1
3793,PC,PC,1,,,,,,,,1,1,2030,1
3794,PC,PC,1,,,,,,,,1,1,2031,1
3795,PC,PC,1,,,,,,,,1,1,2032,1
3796,PC,PC,1,,,,,,,,1,1,2033,1
3797,PC,PC,1,,,,,,,,1,1,2034,1
3798,PC,PC,1,,,,,,,,1,1,2035,1
3799,PC,PC,1,,,,,,,,1,1,2036,1
3800,PC,PC,1,,,,,,,,1,1,2037,1
3801,PC,PC,1,,,,,,,,1,1,2038,1
3802,PC,PC,1,,,,,,,,1,1,2039,1
3803,PC,PC,1,,,,,,,,1,1,2040,1
3804,PC,PC,1,,,,,,,,1,1,2041,1
3805,PC,PC,1,,,,,,,,1,1,2042,1
3806,PC,PC,1,,,,,,,,1,1,2043,1
3807,PC,PC,1,,,,,,,,1,1,2044,1
3808,PC,PC,1,,,,,,,,1,1,2045,1
3809,PC,PC,1,,,,,,,,1,1,2046,1
3810,PC,PC,1,,,,,,,,1,1,2047,1
3811,PC,PC,1,,,,,,,,1,1,2048,1
3812,PC,PC,1,,,,,,,,1,1,2049,1
3813,PC,PC,1,,,,,,,,1,1,2050,1
3814,PC,PC,1,,,,,,,,1,1,2051,1
3815,PC,PC,1,,,,,,,,1,1,2052,1
3816,PC,PC,1,,,,,,,,1,1,2053,1
3817,PC,PC,1,,,,,,,,1,1,2054,1
3818,PC,PC,1,,,,,,,,1,1,2055,1
3819,PC,PC,1,,,,,,,,1,1,2056,1
3820,PC,PC,1,,,,,,,,1,1,2057,1
3821,PC,PC,1,,,,,,,,1,1,2058,1
3822,PC,PC,1,,,,,,,,1,1,2059,1
3823,PC,PC,1,,,,,,,,1,1,2060,1
3824,PC,PC,1,,,,,,,,1,1,2061,1
3825,PC,PC,1,,,,,,,,1,1,2062,1
3826,PC,PC,1,,,,,,,,1,1,2063,1
3827,PC,PC,1,,,,,,,,1,1,2064,1
3828,PC,PC,1,,,,,,,,1,1,2065,1
3829,PC,PC,1,,,,,,,,1,1,2066,1
3830,PC,PC,1,,,,,,,,1,1,2067,1
3831,PC,PC,1,,,,,,,,1,1,2068,1
3832,PC,PC,1,,,,,,,,1,1,2069,1
3833,PC,PC,1,,,,,,,,1,1,2070,1
3834,PC,PC,1,,,,,,,,1,1,2071,1
3835,PC,PC,1,,,,,,,,1,1,2072,1
3836,PC,PC,1,,,,,,,,1,1,2073,1
3837,PC,PC,1,,,,,,,,1,1,2074,1
3838,PC,PC,1,,,,,,,,1,1,2075,1
3839,PC,PC,1,,,,,,,,1,1,2076,1
3840,PC,PC,1,,,,,,,,1,1,2077,1
3841,PC,PC,1,,,,,,,,1,1,2078,1
3842,PC,PC,1,,,,,,,,1,1,2079,1
3843,PC,PC,1,,,,,,,,1,1,2080,1
3844,PC,PC,1,,,,,,,,1,1,2081,1
3845,PC,PC,1,,,,,,,,1,1,2082,1
3846,PC,PC,1,,,,,,,,1,1,2083,1
3847,PC,PC,1,,,,,,,,1,1,2084,1
3848,PC,PC,1,,,,,,,,1,1,2085,1
3849,PC,PC,1,,,,,,,,1,1,2086,1
3850,PC,PC,1,,,,,,,,1,1,2087,1
3851,PC,PC,1,,,,,,,,1,1,2088,1
3852,PC,PC,1,,,,,,,,1,1,2089,1
3853,PC,PC,1,,,,,,,,1,1,2090,1
3854,PC,PC,1,,,,,,,,1,1,2091,1
3855,PC,PC,1,,,,,,,,1,1,2092,1
3856,PC,PC,1,,,,,,,,1,1,2093,1
3857,PC,PC,1,,,,,,,,1,1,2094,1
3858,PC,PC,1,,,,,,,,1,1,2095,1
3859,PC,PC,1,,,,,,,,1,1,2096,1
3860,PC,PC,1,,,,,,,,1,1,2097,1
3861,PC,PC,1,,,,,,,,1,1,2098,1
3862,PC,PC,1,,,,,,,,1,1,2099,1
3863,PC,PC,1,,,,,,,,1,1,2100,1
3864,PC,PC,1,,,,,,,,1,1,2101,1
3865,PC,PC,1,,,,,,,,1,1,2102,1
3866,PC,PC,1,,,,,,,,1,1,2103,1
3867,PC,PC,1,,,,,,,,1,1,2104,1
3868,PC,PC,1,,,,,,,,1,1,2105,1
3869,PC,PC,1,,,,,,,,1,1,2106,1
3870,PC,PC,1,,,,,,,,1,1,2107,1
3871,PC,PC,1,,,,,,,,1,1,2108,1
3872,PC,PC,1,,,,,,,,1,1,2109,1
3873,PC,PC,1,,,,,,,,1,1,2110,1
3874,PC,PC,1,,,,,,,,1,1,2111,1
3875,PC,PC,1,,,,,,,,1,1,2112,1
3876,PC,PC,1,,,,,,,,1,1,2113,1
3877,PC,PC,1,,,,,,,,1,1,2114,1
3878,PC,PC,1,,,,,,,,1,1,2115,1
3879,PC,PC,1,,,,,,,,1,1,2116,1
3880,PC,PC,1,,,,,,,,1,1,2117,1
3881,PC,PC,1,,,,,,,,1,1,2118,1
3882,PC,PC,1,,,,,,,,1,1,2119,1
3883,PC,PC,1,,,,,,,,1,1,2120,1
3884,PC,PC,1,,,,,,,,1,1,2121,1
3885,PC,PC,1,,,,,,,,1,1,2122,1
3886,PC,PC,1,,,,,,,,1,1,2123,1
3887,PC,PC,1,,,,,,,,1,1,2124,1
3888,PC,PC,1,,,,,,,,1,1,2125,1
3889,PC,PC,1,,,,,,,,1,1,2126,1
3890,PC,PC,1,,,,,,,,1,1,2127,1
3891,PC,PC,1,,,,,,,,1,1,2128,1
3892,PC,PC,1,,,,,,,,1,1,2129,1
3893,PC,PC,1,,,,,,,,1,1,2130,1
3894,PC,PC,1,,,,,,,,1,1,2131,1
3895,PC,PC,1,,,,,,,,1,1,2132,1
3896,PC,PC,1,,,,,,,,1,1,2133,1
3897,PC,PC,1,,,,,,,,1,1,2134,1
3898,PC,PC,1,,,,,,,,1,1,2135,1
3899,PC,PC,1,,,,,,,,1,1,2136,1
3900,PC,PC,1,,,,,,,,1,1,2137,1
3901,PC,PC,1,,,,,,,,1,1,2138,1
3902,PC,PC,1,,,,,,,,1,1,2139,1
3903,PC,PC,1,,,,,,,,1,1,2140,1
3904,PC,PC,1,,,,,,,,1,1,2141,1
3905,PC,PC,1,,,,,,,,1,1,2142,1
3906,PC,PC,1,,,,,,,,1,1,2143,1
3907,PC,PC,1,,,,,,,,1,1,2144,1
3908,PC,PC,1,,,,,,,,1,1,2145,1
3909,PC,PC,1,,,,,,,,1,1,2146,1
3910,PC,PC,1,,,,,,,,1,1,2147,1
3911,PC,PC,1,,,,,,,,1,1,2148,1
3912,PC,PC,1,,,,,,,,1,1,2149,1
3913,PC,PC,1,,,,,,,,1,1,2150,1
3914,PC,PC,1,,,,,,,,1,1,2151,1
3915,PC,PC,1,,,,,,,,1,1,2152,1
3916,PC,PC,1,,,,,,,,1,1,2153,1
3917,PC,PC,1,,,,,,,,1,1,2154,1
3918,PC,PC,1,,,,,,,,1,1,2155,1
3919,PC,PC,1,,,,,,,,1,1,2156,1
3920,PC,PC,1,,,,,,,,1,1,2157,1
3921,PC,PC,1,,,,,,,,1,1,2158,1
3922,PC,PC,1,,,,,,,,1,1,2159,1
3923,PC,PC,1,,,,,,,,1,1,2160,1
3924,PC,PC,1,,,,,,,,1,1,2161,1
3925,PC,PC,1,,,,,,,,1,1,2162,1
3926,PC,PC,1,,,,,,,,1,1,2163,1
3927,PC,PC,1,,,,,,,,1,1,2164,1
3928,PC,PC,1,,,,,,,,1,1,2165,1
3929,PC,PC,1,,,,,,,,1,1,2166,1
3930,PC,PC,1,,,,,,,,1,1,2167,1
3931,PC,PC,1,,,,,,,,1,1,2168,1
3932,PC,PC,1,,,,,,,,1,1,2169,1
3933,PC,PC,1,,,,,,,,1,1,2170,1
3934,PC,PC,1,,,,,,,,1,1,2171,1
3935,PC,PC,1,,,,,,,,1,1,2172,1
3936,PC,PC,1,,,,,,,,1,1,2173,1
3937,PC,PC,1,,,,,,,,1,1,2174,1
3938,PC,PC,1,,,,,,,,1,1,2175,1
3939,PC,PC,1,,,,,,,,1,1,2176,1
3940,PC,PC,1,,,,,,,,1,1,2177,1
3941,PC,PC,1,,,,,,,,1,1,2178,1
3942,PC,PC,1,,,,,,,,1,1,2179,1
3943,PC,PC,1,,,,,,,,1,1,2180,1
3944,PC,PC,1,,,,,,,,1,1,2181,1
3945,PC,PC,1,,,,,,,,1,1,2182,1
3946,PC,PC,1,,,,,,,,1,1,2183,1
3947,PC,PC,1,,,,,,,,1,1,2184,1
3948,PC,PC,1,,,,,,,,1,1,2185,1
3949,PC,PC,1,,,,,,,,1,1,2186,1
3950,PC,PC,1,,,,,,,,1,1,2187,1
3951,PC,PC,1,,,,,,,,1,1,2188,1
3952,PC,PC,1,,,,,,,,1,1,2189,1
3953,PC,PC,1,,,,,,,,1,1,2190,1
3954,PC,PC,1,,,,,,,,1,1,2191,1
3955,PC,PC,1,,,,,,,,1,1,2192,1
3956,PC,PC,1,,,,,,,,1,1,2193,1
3957,PC,PC,1,,,,,,,,1,1,2194,1
3958,PC,PC,1,,,,,,,,1,1,2195,1
3959,PC,PC,1,,,,,,,,1,1,2196,1
3960,PC,PC,1,,,,,,,,1,1,2197,1
3961,PC,PC,1,,,,,,,,1,1,2198,1
3962,PC,PC,1,,,,,,,,1,1,2199,1
3963,PC,PC,1,,,,,,,,1,1,2200,1
3964,PC,PC,1,,,,,,,,1,1,2201,1
3965,PC,PC,1,,,,,,,,1,1,2202,1
3966,PC,PC,1,,,,,,,,1,1,2203,1
3967,PC,PC,1,,,,,,,,1,1,2204,1
3968,PC,PC,1,,,,,,,,1,1,2205,1
3969,PC,PC,1,,,,,,,,1,1,2206,1
3970,PC,PC,1,,,,,,,,1,1,2207,1
3971,PC,PC,1,,,,,,,,1,1,2208,1
3972,PC,PC,1,,,,,,,,1,1,2209,1
3973,PC,PC,1,,,,,,,,1,1,2210,1
3974,PC,PC,1,,,,,,,,1,1,2211,1
3975,PC,PC,1,,,,,,,,1,1,2212,1
3976,PC,PC,1,,,,,,,,1,1,2213,1
3977,PC,PC,1,,,,,,,,1,1,2214,1
3978,PC,PC,1,,,,,,,,1,1,2215,1
3979,PC,PC,1,,,,,,,,1,1,2216,1
3980,PC,PC,1,,,,,,,,1,1,2217,1
3981,PC,PC,1,,,,,,,,1,1,2218,1
3982,PC,PC,1,,,,,,,,1,1,2219,1
3983,PC,PC,1,,,,,,,,1,1,2220,1
3984,PC,PC,1,,,,,,,,1,1,2221,1
3985,PC,PC,1,,,,,,,,1,1,2222,1
3986,PC,PC,1,,,,,,,,1,1,2223,1
3987,PC,PC,1,,,,,,,,1,1,2224,1
3988,PC,PC,1,,,,,,,,1,1,2225,1
3989,PC,PC,1,,,,,,,,1,1,2226,1
3990,PC,PC,1,,,,,,,,1,1,2227,1
3991,PC,PC,1,,,,,,,,1,1,2228,1
3992,PC,PC,1,,,,,,,,1,1,2229,1
3993,PC,PC,1,,,,,,,,1,1,2230,1
3994,PC,PC,1,,,,,,,,1,1,2231,1
3995,PC,PC,1,,,,,,,,1,1,2232,1
3996,PC,PC,1,,,,,,,,1,1,2233,1
3997,PC,PC,1,,,,,,,,1,1,2234,1
3998,PC,PC,1,,,,,,,,1,1,2235,1
3999,PC,PC,1,,,,,,,,1,1,2236,1
4000,PC,PC,1,,,,,,,,1,1,2237,1
4001,PC,PC,1,,,,,,,,1,1,2238,1
4002,PC,PC,1,,,,,,,,1,1,2239,1
4003,PC,PC,1,,,,,,,,1,1,2240,1
4004,PC,PC,1,,,,,,,,1,1,2241,1
4005,PC,PC,1,,,,,,,,1,1,2242,1
4006,PC,PC,1,,,,,,,,1,1,2243,1
4007,PC,PC,1,,,,,,,,1,1,2244,1
4008,PC,PC,1,,,,,,,,1,1,2245,1
4009,PC,PC,1,,,,,,,,1,1,2246,1
4010,PC,PC,1,,,,,,,,1,1,2247,1
4011,PC,PC,1,,,,,,,,1,1,2248,1
4012,PC,PC,1,,,,,,,,1,1,2249,1
4013,PC,PC,1,,,,,,,,1,1,2250,1
4014,PC,PC,1,,,,,,,,1,1,2251,1
4015,PC,PC,1,,,,,,,,1,1,2252,1
4016,PC,PC,1,,,,,,,,1,1,2253,1
4017,PC,PC,1,,,,,,,,1,1,2254,1
4018,PC,PC,1,,,,,,,,1,1,2255,1
4019,PC,PC,1,,,,,,,,1,1,2256,1
4020,PC,PC,1,,,,,,,,1,1,2257,1
4021,PC,PC,1,,,,,,,,1,1,2258,1
4022,PC,PC,1,,,,,,,,1,1,2259,1
4023,PC,PC,1,,,,,,,,1,1,2260,1
4024,PC,PC,1,,,,,,,,1,1,2261,1
4025,PC,PC,1,,,,,,,,1,1,2262,1
4026,PC,PC,1,,,,,,,,1,1,2263,1
4027,PC,PC,1,,,,,,,,1,1,2264,1
4028,PC,PC,1,,,,,,,,1,1,2265,1
4029,PC,PC,1,,,,,,,,1,1,2266,1
4030,PC,PC,1,,,,,,,,1,1,2267,1
4031,PC,PC,1,,,,,,,,1,1,2268,1
4032,PC,PC,1,,,,,,,,1,1,2269,1
4033,PC,PC,1,,,,,,,,1,1,2270,1
4034,PC,PC,1,,,,,,,,1,1,2271,1
4035,PC,PC,1,,,,,,,,1,1,2272,1
4036,PC,PC,1,,,,,,,,1,1,2273,1
4037,PC,PC,1,,,,,,,,1,1,2274,1
4038,PC,PC,1,,,,,,,,1,1,2275,1
4039,PC,PC,1,,,,,,,,1,1,2276,1
4040,PC,PC,1,,,,,,,,1,1,2277,1
4041,PC,PC,1,,,,,,,,1,1,2278,1
4042,PC,PC,1,,,,,,,,1,1,2279,1
4043,PC,PC,1,,,,,,,,1,1,2280,1
4044,PC,PC,1,,,,,,,,1,1,2281,1
4045,PC,PC,1,,,,,,,,1,1,2282,1
4046,PC,PC,1,,,,,,,,1,1,2283,1
4047,PC,PC,1,,,,,,,,1,1,2284,1
4048,PC,PC,1,,,,,,,,1,1,2285,1
4049,PC,PC,1,,,,,,,,1,1,2286,1
4050,PC,PC,1,,,,,,,,1,1,2287,1
4051,PC,PC,1,,,,,,,,1,1,2288,1
4052,PC,PC,1,,,,,,,,1,1,2289,1
4053,PC,PC,1,,,,,,,,1,1,2290,1
4054,PC,PC,1,,,,,,,,1,1,2291,1
4055,PC,PC,1,,,,,,,,1,1,2292,1
4056,PC,PC,1,,,,,,,,1,1,2293,1
4057,PC,PC,1,,,,,,,,1,1,2294,1
4058,PC,PC,1,,,,,,,,1,1,2295,1
4059,PC,PC,1,,,,,,,,1,1,2296,1
4060,PC,PC,1,,,,,,,,1,1,2297,1
4061,PC,PC,1,,,,,,,,1,1,2298,1
4062,PC,PC,1,,,,,,,,1,1,2299,1
4063,PC,PC,1,,,,,,,,1,1,2300,1
4064,PC,PC,1,,,,,,,,1,1,2301,1
4065,PC,PC,1,,,,,,,,1,1,2302,1
4066,PC,PC,1,,,,,,,,1,1,2303,1
4067,PC,PC,1,,,,,,,,1,1,2304,1
4068,PC,PC,1,,,,,,,,1,1,2305,1
4069,PC,PC,1,,,,,,,,1,1,2306,1
4070,PC,PC,1,,,,,,,,1,1,2307,1
4071,PC,PC,1,,,,,,,,1,1,2308,1
4072,PC,PC,1,,,,,,,,1,1,2309,1
4073,PC,PC,1,,,,,,,,1,1,2310,1
4074,PC,PC,1,,,,,,,,1,1,2311,1
4075,PC,PC,1,,,,,,,,1,1,2312,1
4076,PC,PC,1,,,,,,,,1,1,2313,1
4077,PC,PC,1,,,,,,,,1,1,2314,1
4078,PC,PC,1,,,,,,,,1,1,2315,1
4079,PC,PC,1,,,,,,,,1,1,2316,1
4080,PC,PC,1,,,,,,,,1,1,2317,1
4081,PC,PC,1,,,,,,,,1,1,2318,1
4082,PC,PC,1,,,,,,,,1,1,2319,1
4083,PC,PC,1,,,,,,,,1,1,2320,1
4084,PC,PC,1,,,,,,,,1,1,2321,1
4085,PC,PC,1,,,,,,,,1,1,2322,1
4086,PC,PC,1,,,,,,,,1,1,2323,1
4087,PC,PC,1,,,,,,,,1,1,2324,1
4088,PC,PC,1,,,,,,,,1,1,2325,1
4089,PC,PC,1,,,,,,,,1,1,2326,1
4090,PC,PC,1,,,,,,,,1,1,2327,1
4091,PC,PC,1,,,,,,,,1,1,2328,1
4092,PC,PC,1,,,,,,,,1,1,2329,1
4093,PC,PC,1,,,,,,,,1,1,2330,1
4094,PC,PC,1,,,,,,,,1,1,2331,1
4095,PC,PC,1,,,,,,,,1,1,2332,1
4096,PC,PC,1,,,,,,,,1,1,2333,1
4097,PC,PC,1,,,,,,,,1,1,2334,1
4098,PC,PC,1,,,,,,,,1,1,2335,1
4099,PC,PC,1,,,,,,,,1,1,2336,1
4100,PC,PC,1,,,,,,,,1,1,2337,1
4101,PC,PC,1,,,,,,,,1,1,2338,1
4102,PC,PC,1,,,,,,,,1,1,2339,1
4103,PC,PC,1,,,,,,,,1,1,2340,1
4104,PC,PC,1,,,,,,,,1,1,2341,1
4105,PC,PC,1,,,,,,,,1,1,2342,1
4106,PC,PC,1,,,,,,,,1,1,2343,1
4107,PC,PC,1,,,,,,,,1,1,2344,1
4108,PC,PC,1,,,,,,,,1,1,2345,1
4109,PC,PC,1,,,,,,,,1,1,2346,1
4110,PC,PC,1,,,,,,,,1,1,2347,1
4111,PC,PC,1,,,,,,,,1,1,2348,1
4112,PC,PC,1,,,,,,,,1,1,2349,1
4113,PC,PC,1,,,,,,,,1,1,2350,1
4114,PC,PC,1,,,,,,,,1,1,2351,1
4115,PC,PC,1,,,,,,,,1,1,2352,1
4116,PC,PC,1,,,,,,,,1,1,2353,1
4117,PC,PC,1,,,,,,,,1,1,2354,1
4118,PC,PC,1,,,,,,,,1,1,2355,1
4119,PC,PC,1,,,,,,,,1,1,2356,1
4120,PC,PC,1,,,,,,,,1,1,2357,1
4121,PC,PC,1,,,,,,,,1,1,2358,1
4122,PC,PC,1,,,,,,,,1,1,2359,1
4123,PC,PC,1,,,,,,,,1,1,2360,1
4124,PC,PC,1,,,,,,,,1,1,2361,1
4125,PC,PC,1,,,,,,,,1,1,2362,1
4126,PC,PC,1,,,,,,,,1,1,2363,1
4127,PC,PC,1,,,,,,,,1,1,2364,1
4128,PC,PC,1,,,,,,,,1,1,2365,1
4129,PC,PC,1,,,,,,,,1,1,2366,1
4130,PC,PC,1,,,,,,,,1,1,2367,1
4131,PC,PC,1,,,,,,,,1,1,2368,1
4132,PC,PC,1,,,,,,,,1,1,2369,1
4133,PC,PC,1,,,,,,,,1,1,2370,1
4134,PC,PC,1,,,,,,,,1,1,2371,1
4135,PC,PC,1,,,,,,,,1,1,2372,1
4136,PC,PC,1,,,,,,,,1,1,2373,1
4137,PC,PC,1,,,,,,,,1,1,2374,1
4138,PC,PC,1,,,,,,,,1,1,2375,1
4139,PC,PC,1,,,,,,,,1,1,2376,1
4140,PC,PC,1,,,,,,,,1,1,2377,1
4141,PC,PC,1,,,,,,,,1,1,2378,1
4142,PC,PC,1,,,,,,,,1,1,2379,1
4143,PC,PC,1,,,,,,,,1,1,2380,1
4144,PC,PC,1,,,,,,,,1,1,2381,1
4145,PC,PC,1,,,,,,,,1,1,2382,1
4146,PC,PC,1,,,,,,,,1,1,2383,1
4147,PC,PC,1,,,,,,,,1,1,2384,1
4148,PC,PC,1,,,,,,,,1,1,2385,1
4149,PC,PC,1,,,,,,,,1,1,2386,1
4150,PC,PC,1,,,,,,,,1,1,2387,1
4151,PC,PC,1,,,,,,,,1,1,2388,1
4152,PC,PC,1,,,,,,,,1,1,2389,1
4153,PC,PC,1,,,,,,,,1,1,2390,1
4154,PC,PC,1,,,,,,,,1,1,2391,1
4155,PC,PC,1,,,,,,,,1,1,2392,1
4156,PC,PC,1,,,,,,,,1,1,2393,1
4157,PC,PC,1,,,,,,,,1,1,2394,1
4158,PC,PC,1,,,,,,,,1,1,2395,1
4159,PC,PC,1,,,,,,,,1,1,2396,1
4160,PC,PC,1,,,,,,,,1,1,2397,1
4161,PC,PC,1,,,,,,,,1,1,2398,1
4162,PC,PC,1,,,,,,,,1,1,2399,1
4163,PC,PC,1,,,,,,,,1,1,2400,1
4164,PC,PC,1,,,,,,,,1,1,2401,1
4165,PC,PC,1,,,,,,,,1,1,2402,1
4166,PC,PC,1,,,,,,,,1,1,2403,1
4167,PC,PC,1,,,,,,,,1,1,2404,1
4168,PC,PC,1,,,,,,,,1,1,2405,1
4169,PC,PC,1,,,,,,,,1,1,2406,1
4170,PC,PC,1,,,,,,,,1,1,2407,1
4171,PC,PC,1,,,,,,,,1,1,2408,1
4172,PC,PC,1,,,,,,,,1,1,2409,1
4173,PC,PC,1,,,,,,,,1,1,2410,1
4174,PC,PC,1,,,,,,,,1,1,2411,1
4175,PC,PC,1,,,,,,,,1,1,2412,1
4176,PC,PC,1,,,,,,,,1,1,2413,1
4177,PC,PC,1,,,,,,,,1,1,2414,1
4178,PC,PC,1,,,,,,,,1,1,2415,1
4179,PC,PC,1,,,,,,,,1,1,2416,1
4180,PC,PC,1,,,,,,,,1,1,2417,1
4181,PC,PC,1,,,,,,,,1,1,2418,1
4182,PC,PC,1,,,,,,,,1,1,2419,1
4183,PC,PC,1,,,,,,,,1,1,2420,1
4184,PC,PC,1,,,,,,,,1,1,2421,1
4185,PC,PC,1,,,,,,,,1,1,2422,1
4186,PC,PC,1,,,,,,,,1,1,2423,1
4187,PC,PC,1,,,,,,,,1,1,2424,1
4188,PC,PC,1,,,,,,,,1,1,2425,1
4189,PC,PC,1,,,,,,,,1,1,2426,1
4190,PC,PC,1,,,,,,,,1,1,2427,1
4191,PC,PC,1,,,,,,,,1,1,2428,1
4192,PC,PC,1,,,,,,,,1,1,2429,1
4193,PC,PC,1,,,,,,,,1,1,2430,1
4194,PC,PC,1,,,,,,,,1,1,2431,1
4195,PC,PC,1,,,,,,,,1,1,2432,1
4196,PC,PC,1,,,,,,,,1,1,2433,1
4197,PC,PC,1,,,,,,,,1,1,2434,1
4198,PC,PC,1,,,,,,,,1,1,2435,1
4199,PC,PC,1,,,,,,,,1,1,2436,1
4200,PC,PC,1,,,,,,,,1,1,2437,1
4201,PC,PC,1,,,,,,,,1,1,2438,1
4202,PC,PC,1,,,,,,,,1,1,2439,1
4203,PC,PC,1,,,,,,,,1,1,2440,1
4204,PC,PC,1,,,,,,,,1,1,2441,1
4205,PC,PC,1,,,,,,,,1,1,2442,1
4206,PC,PC,1,,,,,,,,1,1,2443,1
4207,PC,PC,1,,,,,,,,1,1,2444,1
4208,PC,PC,1,,,,,,,,1,1,2445,1
4209,PC,PC,1,,,,,,,,1,1,2446,1
4210,PC,PC,1,,,,,,,,1,1,2447,1
4211,PC,PC,1,,,,,,,,1,1,2448,1
4212,PC,PC,1,,,,,,,,1,1,2449,1
4213,PC,PC,1,,,,,,,,1,1,2450,1
4214,PC,PC,1,,,,,,,,1,1,2451,1
4215,PC,PC,1,,,,,,,,1,1,2452,1
4216,PC,PC,1,,,,,,,,1,1,2453,1
4217,PC,PC,1,,,,,,,,1,1,2454,1
4218,PC,PC,1,,,,,,,,1,1,2455,1
4219,PC,PC,1,,,,,,,,1,1,2456,1
4220,PC,PC,1,,,,,,,,1,1,2457,1
4221,PC,PC,1,,,,,,,,1,1,2458,1
4222,PC,PC,1,,,,,,,,1,1,2459,1
4223,PC,PC,1,,,,,,,,1,1,2460,1
4224,PC,PC,1,,,,,,,,1,1,2461,1
4225,PC,PC,1,,,,,,,,1,1,2462,1
4226,PC,PC,1,,,,,,,,1,1,2463,1
4227,PC,PC,1,,,,,,,,1,1,2464,1
4228,PC,PC,1,,,,,,,,1,1,2465,1
4229,PC,PC,1,,,,,,,,1,1,2466,1
4230,PC,PC,1,,,,,,,,1,1,2467,1
4231,PC,PC,1,,,,,,,,1,1,2468,1
4232,PC,PC,1,,,,,,,,1,1,2469,1
4233,PC,PC,1,,,,,,,,1,1,2470,1
4234,PC,PC,1,,,,,,,,1,1,2471,1
4235,PC,PC,1,,,,,,,,1,1,2472,1
4236,PC,PC,1,,,,,,,,1,1,2473,1
4237,PC,PC,1,,,,,,,,1,1,2474,1
4238,PC,PC,1,,,,,,,,1,1,2475,1
4239,PC,PC,1,,,,,,,,1,1,2476,1
4240,PC,PC,1,,,,,,,,1,1,2477,1
4241,PC,PC,1,,,,,,,,1,1,2478,1
4242,PC,PC,1,,,,,,,,1,1,2479,1
4243,PC,PC,1,,,,,,,,1,1,2480,1
4244,PC,PC,1,,,,,,,,1,1,2481,1
4245,PC,PC,1,,,,,,,,1,1,2482,1
4246,PC,PC,1,,,,,,,,1,1,2483,1
4247,PC,PC,1,,,,,,,,1,1,2484,1
4248,PC,PC,1,,,,,,,,1,1,2485,1
4249,PC,PC,1,,,,,,,,1,1,2486,1
4250,PC,PC,1,,,,,,,,1,1,2487,1
4251,PC,PC,1,,,,,,,,1,1,2488,1
4252,PC,PC,1,,,,,,,,1,1,2489,1
4253,PC,PC,1,,,,,,,,1,1,2490,1
4254,PC,PC,1,,,,,,,,1,1,2491,1
4255,PC,PC,1,,,,,,,,1,1,2492,1
4256,PC,PC,1,,,,,,,,1,1,2493,1
4257,PC,PC,1,,,,,,,,1,1,2494,1
4258,PC,PC,1,,,,,,,,1,1,2495,1
4259,PC,PC,1,,,,,,,,1,1,2496,1
4260,PC,PC,1,,,,,,,,1,1,2497,1
4261,PC,PC,1,,,,,,,,1,1,2498,1
4262,PC,PC,1,,,,,,,,1,1,2499,1
4263,PC,PC,1,,,,,,,,1,1,2500,1
4264,PC,PC,1,,,,,,,,1,1,2501,1
4265,PC,PC,1,,,,,,,,1,1,2502,1
4266,PC,PC,1,,,,,,,,1,1,2503,1
4267,PC,PC,1,,,,,,,,1,1,2504,1
4268,PC,PC,1,,,,,,,,1,1,2505,1
4269,PC,PC,1,,,,,,,,1,1,2506,1
4270,PC,PC,1,,,,,,,,1,1,2507,1
4271,PC,PC,1,,,,,,,,1,1,2508,1
4272,PC,PC,1,,,,,,,,1,1,2509,1
4273,PC,PC,1,,,,,,,,1,1,2510,1
4274,PC,PC,1,,,,,,,,1,1,2511,1
4275,PC,PC,1,,,,,,,,1,1,2512,1
4276,PC,PC,1,,,,,,,,1,1,2513,1
4277,PC,PC,1,,,,,,,,1,1,2514,1
4278,PC,PC,1,,,,,,,,1,1,2515,1
4279,PC,PC,1,,,,,,,,1,1,2516,1
4280,PC,PC,1,,,,,,,,1,1,2517,1
4281,PC,PC,1,,,,,,,,1,1,2518,1
4282,PC,PC,1,,,,,,,,1,1,2519,1
4283,PC,PC,1,,,,,,,,1,1,2520,1
4284,PC,PC,1,,,,,,,,1,1,2521,1
4285,PC,PC,1,,,,,,,,1,1,2522,1
4286,PC,PC,1,,,,,,,,1,1,2523,1
4287,PC,PC,1,,,,,,,,1,1,2524,1
4288,PC,PC,1,,,,,,,,1,1,2525,1
4289,PC,PC,1,,,,,,,,1,1,2526,1
4290,PC,PC,1,,,,,,,,1,1,2527,1
4291,PC,PC,1,,,,,,,,1,1,2528,1
4292,PC,PC,1,,,,,,,,1,1,2529,1
4293,PC,PC,1,,,,,,,,1,1,2530,1
4294,PC,PC,1,,,,,,,,1,1,2531,1
4295,PC,PC,1,,,,,,,,1,1,2532,1
4296,PC,PC,1,,,,,,,,1,1,2533,1
4297,PC,PC,1,,,,,,,,1,1,2534,1
4298,PC,PC,1,,,,,,,,1,1,2535,1
4299,PC,PC,1,,,,,,,,1,1,2536,1
4300,PC,PC,1,,,,,,,,1,1,2537,1
4301,PC,PC,1,,,,,,,,1,1,2538,1
4302,PC,PC,1,,,,,,,,1,1,2539,1
4303,PC,PC,1,,,,,,,,1,1,2540,1
4304,PC,PC,1,,,,,,,,1,1,2541,1
4305,PC,PC,1,,,,,,,,1,1,2542,1
4306,PC,PC,1,,,,,,,,1,1,2543,1
4307,PC,PC,1,,,,,,,,1,1,2544,1
4308,PC,PC,1,,,,,,,,1,1,2545,1
4309,PC,PC,1,,,,,,,,1,1,2546,1
4310,PC,PC,1,,,,,,,,1,1,2547,1
4311,PC,PC,1,,,,,,,,1,1,2548,1
4312,PC,PC,1,,,,,,,,1,1,2549,1
4313,PC,PC,1,,,,,,,,1,1,2550,1
4314,PC,PC,1,,,,,,,,1,1,2551,1
4315,PC,PC,1,,,,,,,,1,1,2552,1
4316,PC,PC,1,,,,,,,,1,1,2553,1
4317,PC,PC,1,,,,,,,,1,1,2554,1
4318,PC,PC,1,,,,,,,,1,1,2555,1
4319,PC,PC,1,,,,,,,,1,1,2556,1
4320,PC,PC,1,,,,,,,,1,1,2557,1
4321,PC,PC,1,,,,,,,,1,1,2558,1
4322,PC,PC,1,,,,,,,,1,1,2559,1
4323,PC,PC,1,,,,,,,,1,1,2560,1
4324,PC,PC,1,,,,,,,,1,1,2561,1
4325,PC,PC,1,,,,,,,,1,1,2562,1
4326,PC,PC,1,,,,,,,,1,1,2563,1
4327,PC,PC,1,,,,,,,,1,1,2564,1
4328,PC,PC,1,,,,,,,,1,1,2565,1
4329,PC,PC,1,,,,,,,,1,1,2566,1
4330,PC,PC,1,,,,,,,,1,1,2567,1
4331,PC,PC,1,,,,,,,,1,1,2568,1
4332,PC,PC,1,,,,,,,,1,1,2569,1
4333,PC,PC,1,,,,,,,,1,1,2570,1
4334,PC,PC,1,,,,,,,,1,1,2571,1
4335,PC,PC,1,,,,,,,,1,1,2572,1
4336,PC,PC,1,,,,,,,,1,1,2573,1
4337,PC,PC,1,,,,,,,,1,1,2574,1
4338,PC,PC,1,,,,,,,,1,1,2575,1
4339,PC,PC,1,,,,,,,,1,1,2576,1
4340,PC,PC,1,,,,,,,,1,1,2577,1
4341,PC,PC,1,,,,,,,,1,1,2578,1
4342,PC,PC,1,,,,,,,,1,1,2579,1
4343,PC,PC,1,,,,,,,,1,1,2580,1
4344,PC,PC,1,,,,,,,,1,1,2581,1
4345,PC,PC,1,,,,,,,,1,1,2582,1
4346,PC,PC,1,,,,,,,,1,1,2583,1
4347,PC,PC,1,,,,,,,,1,1,2584,1
4348,PC,PC,1,,,,,,,,1,1,2585,1
4349,PC,PC,1,,,,,,,,1,1,2586,1
4350,PC,PC,1,,,,,,,,1,1,2587,1
4351,PC,PC,1,,,,,,,,1,1,2588,1
4352,PC,PC,1,,,,,,,,1,1,2589,1
4353,PC,PC,1,,,,,,,,1,1,2590,1
4354,PC,PC,1,,,,,,,,1,1,2591,1
4355,PC,PC,1,,,,,,,,1,1,2592,1
4356,PC,PC,1,,,,,,,,1,1,2593,1
4357,PC,PC,1,,,,,,,,1,1,2594,1
4358,PC,PC,1,,,,,,,,1,1,2595,1
4359,PC,PC,1,,,,,,,,1,1,2596,1
4360,PC,PC,1,,,,,,,,1,1,2597,1
4361,PC,PC,1,,,,,,,,1,1,2598,1
4362,PC,PC,1,,,,,,,,1,1,2599,1
4363,PC,PC,1,,,,,,,,1,1,2600,1
4364,PC,PC,1,,,,,,,,1,1,2601,1
4365,PC,PC,1,,,,,,,,1,1,2602,1
4366,PC,PC,1,,,,,,,,1,1,2603,1
4367,PC,PC,1,,,,,,,,1,1,2604,1
4368,PC,PC,1,,,,,,,,1,1,2605,1
4369,PC,PC,1,,,,,,,,1,1,2606,1
4370,PC,PC,1,,,,,,,,1,1,2607,1
4371,PC,PC,1,,,,,,,,1,1,2608,1
4372,PC,PC,1,,,,,,,,1,1,2609,1
4373,PC,PC,1,,,,,,,,1,1,2610,1
4374,PC,PC,1,,,,,,,,1,1,2611,1
4375,PC,PC,1,,,,,,,,1,1,2612,1
4376,PC,PC,1,,,,,,,,1,1,2613,1
4377,PC,PC,1,,,,,,,,1,1,2614,1
4378,PC,PC,1,,,,,,,,1,1,2615,1
4379,PC,PC,1,,,,,,,,1,1,2616,1
4380,PC,PC,1,,,,,,,,1,1,2617,1
4381,PC,PC,1,,,,,,,,1,1,2618,1
4382,PC,PC,1,,,,,,,,1,1,2619,1
4383,PC,PC,1,,,,,,,,1,1,2620,1
4384,PC,PC,1,,,,,,,,1,1,2621,1
4385,PC,PC,1,,,,,,,,1,1,2622,1
4386,PC,PC,1,,,,,,,,1,1,2623,1
4387,PC,PC,1,,,,,,,,1,1,2624,1
4388,PC,PC,1,,,,,,,,1,1,2625,1
4389,PC,PC,1,,,,,,,,1,1,2626,1
4390,PC,PC,1,,,,,,,,1,1,2627,1
4391,PC,PC,1,,,,,,,,1,1,2628,1
4392,PC,PC,1,,,,,,,,1,1,2629,1
4393,PC,PC,1,,,,,,,,1,1,2630,1
4394,PC,PC,1,,,,,,,,1,1,2631,1
4395,PC,PC,1,,,,,,,,1,1,2632,1
4396,PC,PC,1,,,,,,,,1,1,2633,1
4397,PC,PC,1,,,,,,,,1,1,2634,1
4398,PC,PC,1,,,,,,,,1,1,2635,1
4399,PC,PC,1,,,,,,,,1,1,2636,1
4400,PC,PC,1,,,,,,,,1,1,2637,1
4401,PC,PC,1,,,,,,,,1,1,2638,1
4402,PC,PC,1,,,,,,,,1,1,2639,1
4403,PC,PC,1,,,,,,,,1,1,2640,1
4404,PC,PC,1,,,,,,,,1,1,2641,1
4405,PC,PC,1,,,,,,,,1,1,2642,1
4406,PC,PC,1,,,,,,,,1,1,2643,1
4407,PC,PC,1,,,,,,,,1,1,2644,1
4408,PC,PC,1,,,,,,,,1,1,2645,1
4409,PC,PC,1,,,,,,,,1,1,2646,1
4410,PC,PC,1,,,,,,,,1,1,2647,1
4411,PC,PC,1,,,,,,,,1,1,2648,1
4412,PC,PC,1,,,,,,,,1,1,2649,1
4413,PC,PC,1,,,,,,,,1,1,2650,1
4414,PC,PC,1,,,,,,,,1,1,2651,1
4415,PC,PC,1,,,,,,,,1,1,2652,1
4416,PC,PC,1,,,,,,,,1,1,2653,1
4417,PC,PC,1,,,,,,,,1,1,2654,1
4418,PC,PC,1,,,,,,,,1,1,2655,1
4419,PC,PC,1,,,,,,,,1,1,2656,1
4420,PC,PC,1,,,,,,,,1,1,2657,1
4421,PC,PC,1,,,,,,,,1,1,2658,1
4422,PC,PC,1,,,,,,,,1,1,2659,1
4423,PC,PC,1,,,,,,,,1,1,2660,1
4424,PC,PC,1,,,,,,,,1,1,2661,1
4425,PC,PC,1,,,,,,,,1,1,2662,1
4426,PC,PC,1,,,,,,,,1,1,2663,1
4427,PC,PC,1,,,,,,,,1,1,2664,1
4428,PC,PC,1,,,,,,,,1,1,2665,1
4429,PC,PC,1,,,,,,,,1,1,2666,1
4430,PC,PC,1,,,,,,,,1,1,2667,1
4431,PC,PC,1,,,,,,,,1,1,2668,1
4432,PC,PC,1,,,,,,,,1,1,2669,1
4433,PC,PC,1,,,,,,,,1,1,2670,1
4434,PC,PC,1,,,,,,,,1,1,2671,1
4435,PC,PC,1,,,,,,,,1,1,2672,1
4436,PC,PC,1,,,,,,,,1,1,2673,1
4437,PC,PC,1,,,,,,,,1,1,2674,1
4438,PC,PC,1,,,,,,,,1,1,2675,1
4439,PC,PC,1,,,,,,,,1,1,2676,1
4440,PC,PC,1,,,,,,,,1,1,2677,1
4441,PC,PC,1,,,,,,,,1,1,2678,1
4442,PC,PC,1,,,,,,,,1,1,2679,1
4443,PC,PC,1,,,,,,,,1,1,2680,1
4444,PC,PC,1,,,,,,,,1,1,2681,1
4445,PC,PC,1,,,,,,,,1,1,2682,1
4446,PC,PC,1,,,,,,,,1,1,2683,1
4447,PC,PC,1,,,,,,,,1,1,2684,1
4448,PC,PC,1,,,,,,,,1,1,2685,1
4449,PC,PC,1,,,,,,,,1,1,2686,1
4450,PC,PC,1,,,,,,,,1,1,2687,1
4451,PC,PC,1,,,,,,,,1,1,2688,1
4452,PC,PC,1,,,,,,,,1,1,2689,1
4453,PC,PC,1,,,,,,,,1,1,2690,1
4454,PC,PC,1,,,,,,,,1,1,2691,1
4455,PC,PC,1,,,,,,,,1,1,2692,1
4456,PC,PC,1,,,,,,,,1,1,2693,1
4457,PC,PC,1,,,,,,,,1,1,2694,1
4458,PC,PC,1,,,,,,,,1,1,2695,1
4459,PC,PC,1,,,,,,,,1,1,2696,1
4460,PC,PC,1,,,,,,,,1,1,2697,1
4461,PC,PC,1,,,,,,,,1,1,2698,1
4462,PC,PC,1,,,,,,,,1,1,2699,1
4463,PC,PC,1,,,,,,,,1,1,2700,1
4464,PC,PC,1,,,,,,,,1,1,2701,1
4465,PC,PC,1,,,,,,,,1,1,2702,1
4466,PC,PC,1,,,,,,,,1,1,2703,1
4467,PC,PC,1,,,,,,,,1,1,2704,1
4468,PC,PC,1,,,,,,,,1,1,2705,1
4469,PC,PC,1,,,,,,,,1,1,2706,1
4470,PC,PC,1,,,,,,,,1,1,2707,1
4471,PC,PC,1,,,,,,,,1,1,2708,1
4472,PC,PC,1,,,,,,,,1,1,2709,1
4473,PC,PC,1,,,,,,,,1,1,2710,1
4474,PC,PC,1,,,,,,,,1,1,2711,1
4475,PC,PC,1,,,,,,,,1,1,2712,1
4476,PC,PC,1,,,,,,,,1,1,2713,1
4477,PC,PC,1,,,,,,,,1,1,2714,1
4478,PC,PC,1,,,,,,,,1,1,2715,1
4479,PC,PC,1,,,,,,,,1,1,2716,1
4480,PC,PC,1,,,,,,,,1,1,2717,1
4481,PC,PC,1,,,,,,,,1,1,2718,1
4482,PC,PC,1,,,,,,,,1,1,2719,1
4483,PC,PC,1,,,,,,,,1,1,2720,1
4484,PC,PC,1,,,,,,,,1,1,2721,1
4485,PC,PC,1,,,,,,,,1,1,2722,1
4486,PC,PC,1,,,,,,,,1,1,2723,1
4487,PC,PC,1,,,,,,,,1,1,2724,1
4488,PC,PC,1,,,,,,,,1,1,2725,1
4489,PC,PC,1,,,,,,,,1,1,2726,1
4490,PC,PC,1,,,,,,,,1,1,2727,1
4491,PC,PC,1,,,,,,,,1,1,2728,1
4492,PC,PC,1,,,,,,,,1,1,2729,1
4493,PC,PC,1,,,,,,,,1,1,2730,1
4494,PC,PC,1,,,,,,,,1,1,2731,1
4495,PC,PC,1,,,,,,,,1,1,2732,1
4496,PC,PC,1,,,,,,,,1,1,2733,1
4497,PC,PC,1,,,,,,,,1,1,2734,1
4498,PC,PC,1,,,,,,,,1,1,2735,1
4499,PC,PC,1,,,,,,,,1,1,2736,1
4500,PC,PC,1,,,,,,,,1,1,2737,1
4501,PC,PC,1,,,,,,,,1,1,2738,1
4502,PC,PC,1,,,,,,,,1,1,2739,1
4503,PC,PC,1,,,,,,,,1,1,2740,1
4504,PC,PC,1,,,,,,,,1,1,2741,1
4505,PC,PC,1,,,,,,,,1,1,2742,1
4506,PC,PC,1,,,,,,,,1,1,2743,1
4507,PC,PC,1,,,,,,,,1,1,2744,1
4508,PC,PC,1,,,,,,,,1,1,2745,1
4509,PC,PC,1,,,,,,,,1,1,2746,1
4510,PC,PC,1,,,,,,,,1,1,2747,1
4511,PC,PC,1,,,,,,,,1,1,2748,1
4512,PC,PC,1,,,,,,,,1,1,2749,1
4513,PC,PC,1,,,,,,,,1,1,2750,1
4514,PC,PC,1,,,,,,,,1,1,2751,1
4515,PC,PC,1,,,,,,,,1,1,2752,1
4516,PC,PC,1,,,,,,,,1,1,2753,1
4517,PC,PC,1,,,,,,,,1,1,2754,1
4518,PC,PC,1,,,,,,,,1,1,2755,1
4519,PC,PC,1,,,,,,,,1,1,2756,1
4520,PC,PC,1,,,,,,,,1,1,2757,1
4521,PC,PC,1,,,,,,,,1,1,2758,1
4522,PC,PC,1,,,,,,,,1,1,2759,1
4523,PC,PC,1,,,,,,,,1,1,2760,1
4524,PC,PC,1,,,,,,,,1,1,2761,1
4525,PC,PC,1,,,,,,,,1,1,2762,1
4526,PC,PC,1,,,,,,,,1,1,2763,1
4527,PC,PC,1,,,,,,,,1,1,2764,1
4528,PC,PC,1,,,,,,,,1,1,2765,1
4529,PC,PC,1,,,,,,,,1,1,2766,1
4530,PC,PC,1,,,,,,,,1,1,2767,1
4531,PC,PC,1,,,,,,,,1,1,2768,1
4532,PC,PC,1,,,,,,,,1,1,2769,1
4533,PC,PC,1,,,,,,,,1,1,2770,1
4534,PC,PC,1,,,,,,,,1,1,2771,1
4535,PC,PC,1,,,,,,,,1,1,2772,1
4536,PC,PC,1,,,,,,,,1,1,2773,1
4537,PC,PC,1,,,,,,,,1,1,2774,1
4538,PC,PC,1,,,,,,,,1,1,2775,1
4539,PC,PC,1,,,,,,,,1,1,2776,1
4540,PC,PC,1,,,,,,,,1,1,2777,1
4541,PC,PC,1,,,,,,,,1,1,2778,1
4542,PC,PC,1,,,,,,,,1,1,2779,1
4543,PC,PC,1,,,,,,,,1,1,2780,1
4544,PC,PC,1,,,,,,,,1,1,2781,1
4545,PC,PC,1,,,,,,,,1,1,2782,1
4546,PC,PC,1,,,,,,,,1,1,2783,1
4547,PC,PC,1,,,,,,,,1,1,2784,1
4548,PC,PC,1,,,,,,,,1,1,2785,1
4549,PC,PC,1,,,,,,,,1,1,2786,1
4550,PC,PC,1,,,,,,,,1,1,2787,1
4551,PC,PC,1,,,,,,,,1,1,2788,1
4552,PC,PC,1,,,,,,,,1,1,2789,1
4553,PC,PC,1,,,,,,,,1,1,2790,1
4554,PC,PC,1,,,,,,,,1,1,2791,1
4555,PC,PC,1,,,,,,,,1,1,2792,1
4556,PC,PC,1,,,,,,,,1,1,2793,1
4557,PC,PC,1,,,,,,,,1,1,2794,1
4558,PC,PC,1,,,,,,,,1,1,2795,1
4559,PC,PC,1,,,,,,,,1,1,2796,1
4560,PC,PC,1,,,,,,,,1,1,2797,1
4561,PC,PC,1,,,,,,,,1,1,2798,1
4562,PC,PC,1,,,,,,,,1,1,2799,1
4563,PC,PC,1,,,,,,,,1,1,2800,1
4564,PC,PC,1,,,,,,,,1,1,2801,1
4565,PC,PC,1,,,,,,,,1,1,2802,1
4566,PC,PC,1,,,,,,,,1,1,2803,1
4567,PC,PC,1,,,,,,,,1,1,2804,1
4568,PC,PC,1,,,,,,,,1,1,2805,1
4569,PC,PC,1,,,,,,,,1,1,2806,1
4570,PC,PC,1,,,,,,,,1,1,2807,1
4571,PC,PC,1,,,,,,,,1,1,2808,1
4572,PC,PC,1,,,,,,,,1,1,2809,1
4573,PC,PC,1,,,,,,,,1,1,2810,1
4574,PC,PC,1,,,,,,,,1,1,2811,1
4575,PC,PC,1,,,,,,,,1,1,2812,1
4576,PC,PC,1,,,,,,,,1,1,2813,1
4577,PC,PC,1,,,,,,,,1,1,2814,1
4578,PC,PC,1,,,,,,,,1,1,2815,1
4579,PC,PC,1,,,,,,,,1,1,2816,1
4580,PC,PC,1,,,,,,,,1,1,2817,1
4581,PC,PC,1,,,,,,,,1,1,2818,1
4582,PC,PC,1,,,,,,,,1,1,2819,1
4583,PC,PC,1,,,,,,,,1,1,2820,1
4584,PC,PC,1,,,,,,,,1,1,2821,1
4585,PC,PC,1,,,,,,,,1,1,2822,1
4586,PC,PC,1,,,,,,,,1,1,2823,1
4587,PC,PC,1,,,,,,,,1,1,2824,1
4588,PC,PC,1,,,,,,,,1,1,2825,1
4589,PC,PC,1,,,,,,,,1,1,2826,1
4590,PC,PC,1,,,,,,,,1,1,2827,1
4591,PC,PC,1,,,,,,,,1,1,2828,1
4592,PC,PC,1,,,,,,,,1,1,2829,1
4593,PC,PC,1,,,,,,,,1,1,2830,1
4594,PC,PC,1,,,,,,,,1,1,2831,1
4595,PC,PC,1,,,,,,,,1,1,2832,1
4596,PC,PC,1,,,,,,,,1,1,2833,1
4597,PC,PC,1,,,,,,,,1,1,2834,1
4598,PC,PC,1,,,,,,,,1,1,2835,1
4599,PC,PC,1,,,,,,,,1,1,2836,1
4600,PC,PC,1,,,,,,,,1,1,2837,1
4601,PC,PC,1,,,,,,,,1,1,2838,1
4602,PC,PC,1,,,,,,,,1,1,2839,1
4603,PC,PC,1,,,,,,,,1,1,2840,1
4604,PC,PC,1,,,,,,,,1,1,2841,1
4605,PC,PC,1,,,,,,,,1,1,2842,1
4606,PC,PC,1,,,,,,,,1,1,2843,1
4607,PC,PC,1,,,,,,,,1,1,2844,1
4608,PC,PC,1,,,,,,,,1,1,2845,1
4609,PC,PC,1,,,,,,,,1,1,2846,1
4610,PC,PC,1,,,,,,,,1,1,2847,1
4611,PC,PC,1,,,,,,,,1,1,2848,1
4612,PC,PC,1,,,,,,,,1,1,2849,1
4613,PC,PC,1,,,,,,,,1,1,2850,1
4614,PC,PC,1,,,,,,,,1,1,2851,1
4615,PC,PC,1,,,,,,,,1,1,2852,1
4616,PC,PC,1,,,,,,,,1,1,2853,1
4617,PC,PC,1,,,,,,,,1,1,2854,1
4618,PC,PC,1,,,,,,,,1,1,2855,1
4619,PC,PC,1,,,,,,,,1,1,2856,1
4620,PC,PC,1,,,,,,,,1,1,2857,1
4621,PC,PC,1,,,,,,,,1,1,2858,1
4622,PC,PC,1,,,,,,,,1,1,2859,1
4623,PC,PC,1,,,,,,,,1,1,2860,1
4624,PC,PC,1,,,,,,,,1,1,2861,1
4625,PC,PC,1,,,,,,,,1,1,2862,1
4626,PC,PC,1,,,,,,,,1,1,2863,1
4627,PC,PC,1,,,,,,,,1,1,2864,1
4628,PC,PC,1,,,,,,,,1,1,2865,1
4629,PC,PC,1,,,,,,,,1,1,2866,1
4630,PC,PC,1,,,,,,,,1,1,2867,1
4631,PC,PC,1,,,,,,,,1,1,2868,1
4632,PC,PC,1,,,,,,,,1,1,2869,1
4633,PC,PC,1,,,,,,,,1,1,2870,1
4634,PC,PC,1,,,,,,,,1,1,2871,1
4635,PC,PC,1,,,,,,,,1,1,2872,1
4636,PC,PC,1,,,,,,,,1,1,2873,1
4637,PC,PC,1,,,,,,,,1,1,2874,1
4638,PC,PC,1,,,,,,,,1,1,2875,1
4639,PC,PC,1,,,,,,,,1,1,2876,1
4640,PC,PC,1,,,,,,,,1,1,2877,1
4641,PC,PC,1,,,,,,,,1,1,2878,1
4642,PC,PC,1,,,,,,,,1,1,2879,1
4643,PC,PC,1,,,,,,,,1,1,2880,1
4644,PC,PC,1,,,,,,,,1,1,2881,1
4645,PC,PC,1,,,,,,,,1,1,2882,1
4646,PC,PC,1,,,,,,,,1,1,2883,1
4647,PC,PC,1,,,,,,,,1,1,2884,1
4648,PC,PC,1,,,,,,,,1,1,2885,1
4649,PC,PC,1,,,,,,,,1,1,2886,1
4650,PC,PC,1,,,,,,,,1,1,2887,1
4651,PC,PC,1,,,,,,,,1,1,2888,1
4652,PC,PC,1,,,,,,,,1,1,2889,1
4653,PC,PC,1,,,,,,,,1,1,2890,1
4654,PC,PC,1,,,,,,,,1,1,2891,1
4655,PC,PC,1,,,,,,,,1,1,2892,1
4656,PC,PC,1,,,,,,,,1,1,2893,1
4657,PC,PC,1,,,,,,,,1,1,2894,1
4658,PC,PC,1,,,,,,,,1,1,2895,1
4659,PC,PC,1,,,,,,,,1,1,2896,1
4660,PC,PC,1,,,,,,,,1,1,2897,1
4661,PC,PC,1,,,,,,,,1,1,2898,1
4662,PC,PC,1,,,,,,,,1,1,2899,1
4663,PC,PC,1,,,,,,,,1,1,2900,1
4664,PC,PC,1,,,,,,,,1,1,2901,1
4665,PC,PC,1,,,,,,,,1,1,2902,1
4666,PC,PC,1,,,,,,,,1,1,2903,1
4667,PC,PC,1,,,,,,,,1,1,2904,1
4668,PC,PC,1,,,,,,,,1,1,2905,1
4669,PC,PC,1,,,,,,,,1,1,2906,1
4670,PC,PC,1,,,,,,,,1,1,2907,1
4671,PC,PC,1,,,,,,,,1,1,2908,1
4672,PC,PC,1,,,,,,,,1,1,2909,1
4673,PC,PC,1,,,,,,,,1,1,2910,1
4674,PC,PC,1,,,,,,,,1,1,2911,1
4675,PC,PC,1,,,,,,,,1,1,2912,1
4676,PC,PC,1,,,,,,,,1,1,2913,1
4677,PC,PC,1,,,,,,,,1,1,2914,1
4678,PC,PC,1,,,,,,,,1,1,2915,1
4679,PC,PC,1,,,,,,,,1,1,2916,1
4680,PC,PC,1,,,,,,,,1,1,2917,1
4681,PC,PC,1,,,,,,,,1,1,2918,1
4682,PC,PC,1,,,,,,,,1,1,2919,1
4683,PC,PC,1,,,,,,,,1,1,2920,1
4684,PC,PC,1,,,,,,,,1,1,2921,1
4685,PC,PC,1,,,,,,,,1,1,2922,1
4686,PC,PC,1,,,,,,,,1,1,2923,1
4687,PC,PC,1,,,,,,,,1,1,2924,1
4688,PC,PC,1,,,,,,,,1,1,2925,1
4689,PC,PC,1,,,,,,,,1,1,2926,1
4690,PC,PC,1,,,,,,,,1,1,2927,1
4691,PC,PC,1,,,,,,,,1,1,2928,1
4692,PC,PC,1,,,,,,,,1,1,2929,1
4693,PC,PC,1,,,,,,,,1,1,2930,1
4694,PC,PC,1,,,,,,,,1,1,2931,1
4695,PC,PC,1,,,,,,,,1,1,2932,1
4696,PC,PC,1,,,,,,,,1,1,2933,1
4697,PC,PC,1,,,,,,,,1,1,2934,1
4698,PC,PC,1,,,,,,,,1,1,2935,1
4699,PC,PC,1,,,,,,,,1,1,2936,1
4700,PC,PC,1,,,,,,,,1,1,2937,1
4701,PC,PC,1,,,,,,,,1,1,2938,1
4702,PC,PC,1,,,,,,,,1,1,2939,1
4703,PC,PC,1,,,,,,,,1,1,2940,1
4704,PC,PC,1,,,,,,,,1,1,2941,1
4705,PC,PC,1,,,,,,,,1,1,2942,1
4706,PC,PC,1,,,,,,,,1,1,2943,1
4707,PC,PC,1,,,,,,,,1,1,2944,1
4708,PC,PC,1,,,,,,,,1,1,2945,1
4709,PC,PC,1,,,,,,,,1,1,2946,1
4710,PC,PC,1,,,,,,,,1,1,2947,1
4711,PC,PC,1,,,,,,,,1,1,2948,1
4712,PC,PC,1,,,,,,,,1,1,2949,1
4713,PC,PC,1,,,,,,,,1,1,2950,1
4714,PC,PC,1,,,,,,,,1,1,2951,1
4715,PC,PC,1,,,,,,,,1,1,2952,1
4716,PC,PC,1,,,,,,,,1,1,2953,1
4717,PC,PC,1,,,,,,,,1,1,2954,1
4718,PC,PC,1,,,,,,,,1,1,2955,1
4719,PC,PC,1,,,,,,,,1,1,2956,1
4720,PC,PC,1,,,,,,,,1,1,2957,1
4721,PC,PC,1,,,,,,,,1,1,2958,1
4722,PC,PC,1,,,,,,,,1,1,2959,1
4723,PC,PC,1,,,,,,,,1,1,2960,1
4724,PC,PC,1,,,,,,,,1,1,2961,1
4725,PC,PC,1,,,,,,,,1,1,2962,1
4726,PC,PC,1,,,,,,,,1,1,2963,1
4727,PC,PC,1,,,,,,,,1,1,2964,1
4728,PC,PC,1,,,,,,,,1,1,2965,1
4729,PC,PC,1,,,,,,,,1,1,2966,1
4730,PC,PC,1,,,,,,,,1,1,2967,1
4731,PC,PC,1,,,,,,,,1,1,2968,1
4732,PC,PC,1,,,,,,,,1,1,2969,1
4733,PC,PC,1,,,,,,,,1,1,2970,1
4734,PC,PC,1,,,,,,,,1,1,2971,1
4735,PC,PC,1,,,,,,,,1,1,2972,1
4736,PC,PC,1,,,,,,,,1,1,2973,1
4737,PC,PC,1,,,,,,,,1,1,2974,1
4738,PC,PC,1,,,,,,,,1,1,2975,1
4739,PC,PC,1,,,,,,,,1,1,2976,1
4740,PC,PC,1,,,,,,,,1,1,2977,1
4741,PC,PC,1,,,,,,,,1,1,2978,1
4742,PC,PC,1,,,,,,,,1,1,2979,1
4743,PC,PC,1,,,,,,,,1,1,2980,1
4744,PC,PC,1,,,,,,,,1,1,2981,1
4745,PC,PC,1,,,,,,,,1,1,2982,1
4746,PC,PC,1,,,,,,,,1,1,2983,1
4747,PC,PC,1,,,,,,,,1,1,2984,1
4748,PC,PC,1,,,,,,,,1,1,2985,1
4749,PC,PC,1,,,,,,,,1,1,2986,1
4750,PC,PC,1,,,,,,,,1,1,2987,1
4751,PC,PC,1,,,,,,,,1,1,2988,1
4752,PC,PC,1,,,,,,,,1,1,2989,1
4753,PC,PC,1,,,,,,,,1,1,2990,1
4754,PC,PC,1,,,,,,,,1,1,2991,1
4755,PC,PC,1,,,,,,,,1,1,2992,1
4756,PC,PC,1,,,,,,,,1,1,2993,1
4757,PC,PC,1,,,,,,,,1,1,2994,1
4758,PC,PC,1,,,,,,,,1,1,2995,1
4759,PC,PC,1,,,,,,,,1,1,2996,1
4760,PC,PC,1,,,,,,,,1,1,2997,1
4761,PC,PC,1,,,,,,,,1,1,2998,1
4762,PC,PC,1,,,,,,,,1,1,2999,1
4763,PC,PC,1,,,,,,,,1,1,3000,1
4764,PC,PC,1,,,,,,,,1,1,3001,1
4765,PC,PC,1,,,,,,,,1,1,3002,1
4766,PC,PC,1,,,,,,,,1,1,3003,1
4767,PC,PC,1,,,,,,,,1,1,3004,1
4768,PC,PC,1,,,,,,,,1,1,3005,1
4769,PC,PC,1,,,,,,,,1,1,3006,1
4770,PC,PC,1,,,,,,,,1,1,3007,1
4771,PC,PC,1,,,,,,,,1,1,3008,1
4772,PC,PC,1,,,,,,,,1,1,3009,1
4773,PC,PC,1,,,,,,,,1,1,3010,1
4774,PC,PC,1,,,,,,,,1,1,3011,1
4775,PC,PC,1,,,,,,,,1,1,3012,1
4776,PC,PC,1,,,,,,,,1,1,3013,1
4777,PC,PC,1,,,,,,,,1,1,3014,1
4778,PC,PC,1,,,,,,,,1,1,3015,1
4779,PC,PC,1,,,,,,,,1,1,3016,1
4780,PC,PC,1,,,,,,,,1,1,3017,1
4781,PC,PC,1,,,,,,,,1,1,3018,1
4782,PC,PC,1,,,,,,,,1,1,3019,1
4783,PC,PC,1,,,,,,,,1,1,3020,1
4784,PC,PC,1,,,,,,,,1,1,3021,1
4785,PC,PC,1,,,,,,,,1,1,3022,1
4786,PC,PC,1,,,,,,,,1,1,3023,1
4787,PC,PC,1,,,,,,,,1,1,3024,1
4788,PC,PC,1,,,,,,,,1,1,3025,1
4789,PC,PC,1,,,,,,,,1,1,3026,1
4790,PC,PC,1,,,,,,,,1,1,3027,1
4791,PC,PC,1,,,,,,,,1,1,3028,1
4792,PC,PC,1,,,,,,,,1,1,3029,1
4793,PC,PC,1,,,,,,,,1,1,3030,1
4794,PC,PC,1,,,,,,,,1,1,3031,1
4795,PC,PC,1,,,,,,,,1,1,3032,1
4796,PC,PC,1,,,,,,,,1,1,3033,1
4797,PC,PC,1,,,,,,,,1,1,3034,1
4798,PC,PC,1,,,,,,,,1,1,3035,1
4799,PC,PC,1,,,,,,,,1,1,3036,1
4800,PC,PC,1,,,,,,,,1,1,3037,1
4801,PC,PC,1,,,,,,,,1,1,3038,1
4802,PC,PC,1,,,,,,,,1,1,3039,1
4803,PC,PC,1,,,,,,,,1,1,3040,1
4804,PC,PC,1,,,,,,,,1,1,3041,1
4805,PC,PC,1,,,,,,,,1,1,3042,1
4806,PC,PC,1,,,,,,,,1,1,3043,1
4807,PC,PC,1,,,,,,,,1,1,3044,1
4808,PC,PC,1,,,,,,,,1,1,3045,1
4809,PC,PC,1,,,,,,,,1,1,3046,1
4810,PC,PC,1,,,,,,,,1,1,3047,1
4811,PC,PC,1,,,,,,,,1,1,3048,1
4812,PC,PC,1,,,,,,,,1,1,3049,1
4813,PC,PC,1,,,,,,,,1,1,3050,1
4814,PC,PC,1,,,,,,,,1,1,3051,1
4815,PC,PC,1,,,,,,,,1,1,3052,1
4816,PC,PC,1,,,,,,,,1,1,3053,1
4817,PC,PC,1,,,,,,,,1,1,3054,1
4818,PC,PC,1,,,,,,,,1,1,3055,1
4819,PC,PC,1,,,,,,,,1,1,3056,1
4820,PC,PC,1,,,,,,,,1,1,3057,1
4821,PC,PC,1,,,,,,,,1,1,3058,1
4822,PC,PC,1,,,,,,,,1,1,3059,1
4823,PC,PC,1,,,,,,,,1,1,3060,1
4824,PC,PC,1,,,,,,,,1,1,3061,1
4825,PC,PC,1,,,,,,,,1,1,3062,1
4826,PC,PC,1,,,,,,,,1,1,3063,1
4827,PC,PC,1,,,,,,,,1,1,3064,1
4828,PC,PC,1,,,,,,,,1,1,3065,1
4829,PC,PC,1,,,,,,,,1,1,3066,1
4830,PC,PC,1,,,,,,,,1,1,3067,1
4831,PC,PC,1,,,,,,,,1,1,3068,1
4832,PC,PC,1,,,,,,,,1,1,3069,1
4833,PC,PC,1,,,,,,,,1,1,3070,1
4834,PC,PC,1,,,,,,,,1,1,3071,1
4835,PC,PC,1,,,,,,,,1,1,3072,1
4836,PC,PC,1,,,,,,,,1,1,3073,1
4837,PC,PC,1,,,,,,,,1,1,3074,1
4838,PC,PC,1,,,,,,,,1,1,3075,1
4839,PC,PC,1,,,,,,,,1,1,3076,1
4840,PC,PC,1,,,,,,,,1,1,3077,1
4841,PC,PC,1,,,,,,,,1,1,3078,1
4842,PC,PC,1,,,,,,,,1,1,3079,1
4843,PC,PC,1,,,,,,,,1,1,3080,1
4844,PC,PC,1,,,,,,,,1,1,3081,1
4845,PC,PC,1,,,,,,,,1,1,3082,1
4846,PC,PC,1,,,,,,,,1,1,3083,1
4847,PC,PC,1,,,,,,,,1,1,3084,1
4848,PC,PC,1,,,,,,,,1,1,3085,1
4849,PC,PC,1,,,,,,,,1,1,3086,1
4850,PC,PC,1,,,,,,,,1,1,3087,1
4851,PC,PC,1,,,,,,,,1,1,3088,1
4852,PC,PC,1,,,,,,,,1,1,3089,1
4853,PC,PC,1,,,,,,,,1,1,3090,1
4854,PC,PC,1,,,,,,,,1,1,3091,1
4855,PC,PC,1,,,,,,,,1,1,3092,1
4856,PC,PC,1,,,,,,,,1,1,3093,1
4857,PC,PC,1,,,,,,,,1,1,3094,1
4858,PC,PC,1,,,,,,,,1,1,3095,1
4859,PC,PC,1,,,,,,,,1,1,3096,1
4860,PC,PC,1,,,,,,,,1,1,3097,1
4861,PC,PC,1,,,,,,,,1,1,3098,1
4862,PC,PC,1,,,,,,,,1,1,3099,1
4863,PC,PC,1,,,,,,,,1,1,3100,1
4864,PC,PC,1,,,,,,,,1,1,3101,1
4865,PC,PC,1,,,,,,,,1,1,3102,1
4866,PC,PC,1,,,,,,,,1,1,3103,1
4867,PC,PC,1,,,,,,,,1,1,3104,1
4868,PC,PC,1,,,,,,,,1,1,3105,1
4869,PC,PC,1,,,,,,,,1,1,3106,1
4870,PC,PC,1,,,,,,,,1,1,3107,1
4871,PC,PC,1,,,,,,,,1,1,3108,1
4872,PC,PC,1,,,,,,,,1,1,3109,1
4873,PC,PC,1,,,,,,,,1,1,3110,1
4874,PC,PC,1,,,,,,,,1,1,3111,1
4875,PC,PC,1,,,,,,,,1,1,3112,1
4876,PC,PC,1,,,,,,,,1,1,3113,1
4877,PC,PC,1,,,,,,,,1,1,3114,1
4878,PC,PC,1,,,,,,,,1,1,3115,1
4879,PC,PC,1,,,,,,,,1,1,3116,1
4880,PC,PC,1,,,,,,,,1,1,3117,1
4881,PC,PC,1,,,,,,,,1,1,3118,1
4882,PC,PC,1,,,,,,,,1,1,3119,1
4883,PC,PC,1,,,,,,,,1,1,3120,1
4884,PC,PC,1,,,,,,,,1,1,3121,1
4885,PC,PC,1,,,,,,,,1,1,3122,1
4886,PC,PC,1,,,,,,,,1,1,3123,1
4887,PC,PC,1,,,,,,,,1,1,3124,1
4888,PC,PC,1,,,,,,,,1,1,3125,1
4889,PC,PC,1,,,,,,,,1,1,3126,1
4890,PC,PC,1,,,,,,,,1,1,3127,1
4891,PC,PC,1,,,,,,,,1,1,3128,1
4892,PC,PC,1,,,,,,,,1,1,3129,1
4893,PC,PC,1,,,,,,,,1,1,3130,1
4894,PC,PC,1,,,,,,,,1,1,3131,1
4895,PC,PC,1,,,,,,,,1,1,3132,1
4896,PC,PC,1,,,,,,,,1,1,3133,1
4897,PC,PC,1,,,,,,,,1,1,3134,1
4898,PC,PC,1,,,,,,,,1,1,3135,1
4899,PC,PC,1,,,,,,,,1,1,3136,1
4900,PC,PC,1,,,,,,,,1,1,3137,1
4901,PC,PC,1,,,,,,,,1,1,3138,1
4902,PC,PC,1,,,,,,,,1,1,3139,1
4903,PC,PC,1,,,,,,,,1,1,3140,1
4904,PC,PC,1,,,,,,,,1,1,3141,1
4905,PC,PC,1,,,,,,,,1,1,3142,1
4906,PC,PC,1,,,,,,,,1,1,3143,1
4907,PC,PC,1,,,,,,,,1,1,3144,1
4908,PC,PC,1,,,,,,,,1,1,3145,1
4909,PC,PC,1,,,,,,,,1,1,3146,1
4910,PC,PC,1,,,,,,,,1,1,3147,1
4911,PC,PC,1,,,,,,,,1,1,3148,1
4912,PC,PC,1,,,,,,,,1,1,3149,1
4913,PC,PC,1,,,,,,,,1,1,3150,1
4914,PC,PC,1,,,,,,,,1,1,3151,1
4915,PC,PC,1,,,,,,,,1,1,3152,1
4916,PC,PC,1,,,,,,,,1,1,3153,1
4917,PC,PC,1,,,,,,,,1,1,3154,1
4918,PC,PC,1,,,,,,,,1,1,3155,1
4919,PC,PC,1,,,,,,,,1,1,3156,1
4920,PC,PC,1,,,,,,,,1,1,3157,1
4921,PC,PC,1,,,,,,,,1,1,3158,1
4922,PC,PC,1,,,,,,,,1,1,3159,1
4923,PC,PC,1,,,,,,,,1,1,3160,1
4924,PC,PC,1,,,,,,,,1,1,3161,1
4925,PC,PC,1,,,,,,,,1,1,3162,1
4926,PC,PC,1,,,,,,,,1,1,3163,1
4927,PC,PC,1,,,,,,,,1,1,3164,1
4928,PC,PC,1,,,,,,,,1,1,3165,1
4929,PC,PC,1,,,,,,,,1,1,3166,1
4930,PC,PC,1,,,,,,,,1,1,3167,1
4931,PC,PC,1,,,,,,,,1,1,3168,1
4932,PC,PC,1,,,,,,,,1,1,3169,1
4933,PC,PC,1,,,,,,,,1,1,3170,1
4934,PC,PC,1,,,,,,,,1,1,3171,1
4935,PC,PC,1,,,,,,,,1,1,3172,1
4936,PC,PC,1,,,,,,,,1,1,3173,1
4937,PC,PC,1,,,,,,,,1,1,3174,1
4938,PC,PC,1,,,,,,,,1,1,3175,1
4939,PC,PC,1,,,,,,,,1,1,3176,1
4940,PC,PC,1,,,,,,,,1,1,3177,1
4941,PC,PC,1,,,,,,,,1,1,3178,1
4942,PC,PC,1,,,,,,,,1,1,3179,1
4943,PC,PC,1,,,,,,,,1,1,3180,1
4944,PC,PC,1,,,,,,,,1,1,3181,1
4945,PC,PC,1,,,,,,,,1,1,3182,1
4946,PC,PC,1,,,,,,,,1,1,3183,1
4947,PC,PC,1,,,,,,,,1,1,3184,1
4948,PC,PC,1,,,,,,,,1,1,3185,1
4949,PC,PC,1,,,,,,,,1,1,3186,1
4950,PC,PC,1,,,,,,,,1,1,3187,1
4951,PC,PC,1,,,,,,,,1,1,3188,1
4952,PC,PC,1,,,,,,,,1,1,3189,1
4953,PC,PC,1,,,,,,,,1,1,3190,1
4954,PC,PC,1,,,,,,,,1,1,3191,1
4955,PC,PC,1,,,,,,,,1,1,3192,1
4956,PC,PC,1,,,,,,,,1,1,3193,1
4957,PC,PC,1,,,,,,,,1,1,3194,1
4958,PC,PC,1,,,,,,,,1,1,3195,1
4959,PC,PC,1,,,,,,,,1,1,3196,1
4960,PC,PC,1,,,,,,,,1,1,3197,1
4961,PC,PC,1,,,,,,,,1,1,3198,1
4962,PC,PC,1,,,,,,,,1,1,3199,1
4963,PC,PC,1,,,,,,,,1,1,3200,1
4964,PC,PC,1,,,,,,,,1,1,3201,1
4965,PC,PC,1,,,,,,,,1,1,3202,1
4966,PC,PC,1,,,,,,,,1,1,3203,1
4967,PC,PC,1,,,,,,,,1,1,3204,1
4968,PC,PC,1,,,,,,,,1,1,3205,1
4969,PC,PC,1,,,,,,,,1,1,3206,1
4970,PC,PC,1,,,,,,,,1,1,3207,1
4971,PC,PC,1,,,,,,,,1,1,3208,1
4972,PC,PC,1,,,,,,,,1,1,3209,1
4973,PC,PC,1,,,,,,,,1,1,3210,1
4974,PC,PC,1,,,,,,,,1,1,3211,1
4975,PC,PC,1,,,,,,,,1,1,3212,1
4976,PC,PC,1,,,,,,,,1,1,3213,1
4977,PC,PC,1,,,,,,,,1,1,3214,1
4978,PC,PC,1,,,,,,,,1,1,3215,1
4979,PC,PC,1,,,,,,,,1,1,3216,1
4980,PC,PC,1,,,,,,,,1,1,3217,1
4981,PC,PC,1,,,,,,,,1,1,3218,1
4982,PC,PC,1,,,,,,,,1,1,3219,1
4983,PC,PC,1,,,,,,,,1,1,3220,1
4984,PC,PC,1,,,,,,,,1,1,3221,1
4985,PC,PC,1,,,,,,,,1,1,3222,1
4986,PC,PC,1,,,,,,,,1,1,3223,1
4987,PC,PC,1,,,,,,,,1,1,3224,1
4988,PC,PC,1,,,,,,,,1,1,3225,1
4989,PC,PC,1,,,,,,,,1,1,3226,1
4990,PC,PC,1,,,,,,,,1,1,3227,1
4991,PC,PC,1,,,,,,,,1,1,3228,1
4992,PC,PC,1,,,,,,,,1,1,3229,1
4993,PC,PC,1,,,,,,,,1,1,3230,1
4994,PC,PC,1,,,,,,,,1,1,3231,1
4995,PC,PC,1,,,,,,,,1,1,3232,1
4996,PC,PC,1,,,,,,,,1,1,3233,1
4997,PC,PC,1,,,,,,,,1,1,3234,1
4998,PC,PC,1,,,,,,,,1,1,3235,1
4999,PC,PC,1,,,,,,,,1,1,3236,1
5000,PC,PC,1,,,,,,,,1,1,3237,1
5001,PC,PC,1,,,,,,,,1,1,3238,1
5002,PC,PC,1,,,,,,,,1,1,3239,1
5003,PC,PC,1,,,,,,,,1,1,3240,1
5004,PC,PC,1,,,,,,,,1,1,3241,1
5005,PC,PC,1,,,,,,,,1,1,3242,1
5006,PC,PC,1,,,,,,,,1,1,3243,1
5007,PC,PC,1,,,,,,,,1,1,3244,1
5008,PC,PC,1,,,,,,,,1,1,3245,1
5009,PC,PC,1,,,,,,,,1,1,3246,1
5010,PC,PC,1,,,,,,,,1,1,3247,1
5011,PC,PC,1,,,,,,,,1,1,3248,1
5012,PC,PC,1,,,,,,,,1,1,3249,1
5013,PC,PC,1,,,,,,,,1,1,3250,1
5014,PC,PC,1,,,,,,,,1,1,3251,1
5015,PC,PC,1,,,,,,,,1,1,3252,1
5016,PC,PC,1,,,,,,,,1,1,3253,1
5017,PC,PC,1,,,,,,,,1,1,3254,1
5018,PC,PC,1,,,,,,,,1,1,3255,1
5019,PC,PC,1,,,,,,,,1,1,3256,1
5020,PC,PC,1,,,,,,,,1,1,3257,1
5021,PC,PC,1,,,,,,,,1,1,3258,1
5022,PC,PC,1,,,,,,,,1,1,3259,1
5023,PC,PC,1,,,,,,,,1,1,3260,1
5024,PC,PC,1,,,,,,,,1,1,3261,1
5025,PC,PC,1,,,,,,,,1,1,3262,1
5026,PC,PC,1,,,,,,,,1,1,3263,1
5027,PC,PC,1,,,,,,,,1,1,3264,1
5028,PC,PC,1,,,,,,,,1,1,3265,1
5029,PC,PC,1,,,,,,,,1,1,3266,1
5030,PC,PC,1,,,,,,,,1,1,3267,1
5031,PC,PC,1,,,,,,,,1,1,3268,1
5032,PC,PC,1,,,,,,,,1,1,3269,1
5033,PC,PC,1,,,,,,,,1,1,3270,1
5034,PC,PC,1,,,,,,,,1,1,3271,1
5035,PC,PC,1,,,,,,,,1,1,3272,1
5036,PC,PC,1,,,,,,,,1,1,3273,1
5037,PC,PC,1,,,,,,,,1,1,3274,1
5038,PC,PC,1,,,,,,,,1,1,3275,1
5039,PC,PC,1,,,,,,,,1,1,3276,1
5040,PC,PC,1,,,,,,,,1,1,3277,1
5041,PC,PC,1,,,,,,,,1,1,3278,1
5042,PC,PC,1,,,,,,,,1,1,3279,1
5043,PC,PC,1,,,,,,,,1,1,3280,1
5044,PC,PC,1,,,,,,,,1,1,3281,1
5045,PC,PC,1,,,,,,,,1,1,3282,1
5046,PC,PC,1,,,,,,,,1,1,3283,1
5047,PC,PC,1,,,,,,,,1,1,3284,1
5048,PC,PC,1,,,,,,,,1,1,3285,1
5049,PC,PC,1,,,,,,,,1,1,3286,1
5050,PC,PC,1,,,,,,,,1,1,3287,1
5051,PC,PC,1,,,,,,,,1,1,3288,1
5052,PC,PC,1,,,,,,,,1,1,3289,1
5053,PC,PC,1,,,,,,,,1,1,3290,1
5054,PC,PC,1,,,,,,,,1,1,3291,1
5055,PC,PC,1,,,,,,,,1,1,3292,1
5056,PC,PC,1,,,,,,,,1,1,3293,1
5057,PC,PC,1,,,,,,,,1,1,3294,1
5058,PC,PC,1,,,,,,,,1,1,3295,1
5059,PC,PC,1,,,,,,,,1,1,3296,1
5060,PC,PC,1,,,,,,,,1,1,3297,1
5061,PC,PC,1,,,,,,,,1,1,3298,1
5062,PC,PC,1,,,,,,,,1,1,3299,1
5063,PC,PC,1,,,,,,,,1,1,3300,1
5064,PC,PC,1,,,,,,,,1,1,3301,1
5065,PC,PC,1,,,,,,,,1,1,3302,1
5066,PC,PC,1,,,,,,,,1,1,3303,1
5067,PC,PC,1,,,,,,,,1,1,3304,1
5068,PC,PC,1,,,,,,,,1,1,3305,1
5069,PC,PC,1,,,,,,,,1,1,3306,1
5070,PC,PC,1,,,,,,,,1,1,3307,1
5071,PC,PC,1,,,,,,,,1,1,3308,1
5072,PC,PC,1,,,,,,,,1,1,3309,1
5073,PC,PC,1,,,,,,,,1,1,3310,1
5074,PC,PC,1,,,,,,,,1,1,3311,1
5075,PC,PC,1,,,,,,,,1,1,3312,1
5076,PC,PC,1,,,,,,,,1,1,3313,1
5077,PC,PC,1,,,,,,,,1,1,3314,1
5078,PC,PC,1,,,,,,,,1,1,3315,1
5079,PC,PC,1,,,,,,,,1,1,3316,1
5080,PC,PC,1,,,,,,,,1,1,3317,1
5081,PC,PC,1,,,,,,,,1,1,3318,1
5082,PC,PC,1,,,,,,,,1,1,3319,1
5083,PC,PC,1,,,,,,,,1,1,3320,1
5084,PC,PC,1,,,,,,,,1,1,3321,1
5085,PC,PC,1,,,,,,,,1,1,3322,1
5086,PC,PC,1,,,,,,,,1,1,3323,1
5087,PC,PC,1,,,,,,,,1,1,3324,1
5088,PC,PC,1,,,,,,,,1,1,3325,1
5089,PC,PC,1,,,,,,,,1,1,3326,1
5090,PC,PC,1,,,,,,,,1,1,3327,1
5091,PC,PC,1,,,,,,,,1,1,3328,1
5092,PC,PC,1,,,,,,,,1,1,3329,1
5093,PC,PC,1,,,,,,,,1,1,3330,1
5094,PC,PC,1,,,,,,,,1,1,3331,1
5095,PC,PC,1,,,,,,,,1,1,3332,1
5096,PC,PC,1,,,,,,,,1,1,3333,1
5097,PC,PC,1,,,,,,,,1,1,3334,1
5098,PC,PC,1,,,,,,,,1,1,3335,1
5099,PC,PC,1,,,,,,,,1,1,3336,1
5100,PC,PC,1,,,,,,,,1,1,3337,1
5101,PC,PC,1,,,,,,,,1,1,3338,1
5102,PC,PC,1,,,,,,,,1,1,3339,1
5103,PC,PC,1,,,,,,,,1,1,3340,1
5104,PC,PC,1,,,,,,,,1,1,3341,1
5105,PC,PC,1,,,,,,,,1,1,3342,1
5106,PC,PC,1,,,,,,,,1,1,3343,1
5107,PC,PC,1,,,,,,,,1,1,3344,1
5108,PC,PC,1,,,,,,,,1,1,3345,1
5109,PC,PC,1,,,,,,,,1,1,3346,1
5110,PC,PC,1,,,,,,,,1,1,3347,1
5111,PC,PC,1,,,,,,,,1,1,3348,1
5112,PC,PC,1,,,,,,,,1,1,3349,1
5113,PC,PC,1,,,,,,,,1,1,3350,1
5114,PC,PC,1,,,,,,,,1,1,3351,1
5115,PC,PC,1,,,,,,,,1,1,3352,1
5116,PC,PC,1,,,,,,,,1,1,3353,1
5117,PC,PC,1,,,,,,,,1,1,3354,1
5118,PC,PC,1,,,,,,,,1,1,3355,1
5119,PC,PC,1,,,,,,,,1,1,3356,1
5120,PC,PC,1,,,,,,,,1,1,3357,1
5121,PC,PC,1,,,,,,,,1,1,3358,1
5122,PC,PC,1,,,,,,,,1,1,3359,1
5123,PC,PC,1,,,,,,,,1,1,3360,1
5124,PC,PC,1,,,,,,,,1,1,3361,1
5125,PC,PC,1,,,,,,,,1,1,3362,1
5126,PC,PC,1,,,,,,,,1,1,3363,1
5127,PC,PC,1,,,,,,,,1,1,3364,1
5128,PC,PC,1,,,,,,,,1,1,3365,1
5129,PC,PC,1,,,,,,,,1,1,3366,1
5130,PC,PC,1,,,,,,,,1,1,3367,1
5131,PC,PC,1,,,,,,,,1,1,3368,1
5132,PC,PC,1,,,,,,,,1,1,3369,1
5133,PC,PC,1,,,,,,,,1,1,3370,1
5134,PC,PC,1,,,,,,,,1,1,3371,1
5135,PC,PC,1,,,,,,,,1,1,3372,1
5136,PC,PC,1,,,,,,,,1,1,3373,1
5137,PC,PC,1,,,,,,,,1,1,3374,1
5138,PC,PC,1,,,,,,,,1,1,3375,1
5139,PC,PC,1,,,,,,,,1,1,3376,1
5140,PC,PC,1,,,,,,,,1,1,3377,1
5141,PC,PC,1,,,,,,,,1,1,3378,1
5142,PC,PC,1,,,,,,,,1,1,3379,1
5143,PC,PC,1,,,,,,,,1,1,3380,1
5144,PC,PC,1,,,,,,,,1,1,3381,1
5145,PC,PC,1,,,,,,,,1,1,3382,1
5146,PC,PC,1,,,,,,,,1,1,3383,1
5147,PC,PC,1,,,,,,,,1,1,3384,1
5148,PC,PC,1,,,,,,,,1,1,3385,1
5149,PC,PC,1,,,,,,,,1,1,3386,1
5150,PC,PC,1,,,,,,,,1,1,3387,1
5151,PC,PC,1,,,,,,,,1,1,3388,1
5152,PC,PC,1,,,,,,,,1,1,3389,1
5153,PC,PC,1,,,,,,,,1,1,3390,1
5154,PC,PC,1,,,,,,,,1,1,3391,1
5155,PC,PC,1,,,,,,,,1,1,3392,1
5156,PC,PC,1,,,,,,,,1,1,3393,1
5157,PC,PC,1,,,,,,,,1,1,3394,1
5158,PC,PC,1,,,,,,,,1,1,3395,1
5159,PC,PC,1,,,,,,,,1,1,3396,1
5160,PC,PC,1,,,,,,,,1,1,3397,1
5161,PC,PC,1,,,,,,,,1,1,3398,1
5162,PC,PC,1,,,,,,,,1,1,3399,1
5163,PC,PC,1,,,,,,,,1,1,3400,1
5164,PC,PC,1,,,,,,,,1,1,3401,1
5165,PC,PC,1,,,,,,,,1,1,3402,1
5166,PC,PC,1,,,,,,,,1,1,3403,1
5167,PC,PC,1,,,,,,,,1,1,3404,1
5168,PC,PC,1,,,,,,,,1,1,3405,1
5169,PC,PC,1,,,,,,,,1,1,3406,1
5170,PC,PC,1,,,,,,,,1,1,3407,1
5171,PC,PC,1,,,,,,,,1,1,3408,1
5172,PC,PC,1,,,,,,,,1,1,3409,1
5173,PC,PC,1,,,,,,,,1,1,3410,1
5174,PC,PC,1,,,,,,,,1,1,3411,1
5175,PC,PC,1,,,,,,,,1,1,3412,1
5176,PC,PC,1,,,,,,,,1,1,3413,1
5177,PC,PC,1,,,,,,,,1,1,3414,1
5178,PC,PC,1,,,,,,,,1,1,3415,1
5179,PC,PC,1,,,,,,,,1,1,3416,1
5180,PC,PC,1,,,,,,,,1,1,3417,1
5181,PC,PC,1,,,,,,,,1,1,3418,1
5182,PC,PC,1,,,,,,,,1,1,3419,1
5183,PC,PC,1,,,,,,,,1,1,3420,1
5184,PC,PC,1,,,,,,,,1,1,3421,1
5185,PC,PC,1,,,,,,,,1,1,3422,1
5186,PC,PC,1,,,,,,,,1,1,3423,1
5187,PC,PC,1,,,,,,,,1,1,3424,1
5188,PC,PC,1,,,,,,,,1,1,3425,1
5189,PC,PC,1,,,,,,,,1,1,3426,1
5190,PC,PC,1,,,,,,,,1,1,3427,1
5191,PC,PC,1,,,,,,,,1,1,3428,1
5192,PC,PC,1,,,,,,,,1,1,3429,1
5193,PC,PC,1,,,,,,,,1,1,3430,1
5194,PC,PC,1,,,,,,,,1,1,3431,1
5195,PC,PC,1,,,,,,,,1,1,3432,1
5196,PC,PC,1,,,,,,,,1,1,3433,1
5197,PC,PC,1,,,,,,,,1,1,3434,1
5198,PC,PC,1,,,,,,,,1,1,3435,1
5199,PC,PC,1,,,,,,,,1,1,3436,1
5200,PC,PC,1,,,,,,,,1,1,3437,1
5201,PC,PC,1,,,,,,,,1,1,3438,1
5202,PC,PC,1,,,,,,,,1,1,3439,1
5203,PC,PC,1,,,,,,,,1,1,3440,1
5204,PC,PC,1,,,,,,,,1,1,3441,1
5205,PC,PC,1,,,,,,,,1,1,3442,1
5206,PC,PC,1,,,,,,,,1,1,3443,1
5207,PC,PC,1,,,,,,,,1,1,3444,1
5208,PC,PC,1,,,,,,,,1,1,3445,1
5209,PC,PC,1,,,,,,,,1,1,3446,1
5210,PC,PC,1,,,,,,,,1,1,3447,1
5211,PC,PC,1,,,,,,,,1,1,3448,1
5212,PC,PC,1,,,,,,,,1,1,3449,1
5213,PC,PC,1,,,,,,,,1,1,3450,1
5214,PC,PC,1,,,,,,,,1,1,3451,1
5215,PC,PC,1,,,,,,,,1,1,3452,1
5216,PC,PC,1,,,,,,,,1,1,3453,1
5217,PC,PC,1,,,,,,,,1,1,3454,1
5218,PC,PC,1,,,,,,,,1,1,3455,1
5219,PC,PC,1,,,,,,,,1,1,3456,1
5220,PC,PC,1,,,,,,,,1,1,3457,1
5221,PC,PC,1,,,,,,,,1,1,3458,1
5222,PC,PC,1,,,,,,,,1,1,3459,1
5223,PC,PC,1,,,,,,,,1,1,3460,1
5224,PC,PC,1,,,,,,,,1,1,3461,1
5225,PC,PC,1,,,,,,,,1,1,3462,1
5226,PC,PC,1,,,,,,,,1,1,3463,1
5227,PC,PC,1,,,,,,,,1,1,3464,1
5228,PC,PC,1,,,,,,,,1,1,3465,1
5229,PC,PC,1,,,,,,,,1,1,3466,1
5230,PC,PC,1,,,,,,,,1,1,3467,1
5231,PC,PC,1,,,,,,,,1,1,3468,1
5232,PC,PC,1,,,,,,,,1,1,3469,1
5233,PC,PC,1,,,,,,,,1,1,3470,1
5234,PC,PC,1,,,,,,,,1,1,3471,1
5235,PC,PC,1,,,,,,,,1,1,3472,1
5236,PC,PC,1,,,,,,,,1,1,3473,1
5237,PC,PC,1,,,,,,,,1,1,3474,1
5238,PC,PC,1,,,,,,,,1,1,3475,1
5239,PC,PC,1,,,,,,,,1,1,3476,1
5240,PC,PC,1,,,,,,,,1,1,3477,1
5241,PC,PC,1,,,,,,,,1,1,3478,1
5242,PC,PC,1,,,,,,,,1,1,3479,1
5243,PC,PC,1,,,,,,,,1,1,3480,1
5244,PC,PC,1,,,,,,,,1,1,3481,1
5245,PC,PC,1,,,,,,,,1,1,3482,1
5246,PC,PC,1,,,,,,,,1,1,3483,1
5247,PC,PC,1,,,,,,,,1,1,3484,1
5248,PC,PC,1,,,,,,,,1,1,3485,1
5249,PC,PC,1,,,,,,,,1,1,3486,1
5250,PC,PC,1,,,,,,,,1,1,3487,1
5251,PC,PC,1,,,,,,,,1,1,3488,1
5252,PC,PC,1,,,,,,,,1,1,3489,1
5253,PC,PC,1,,,,,,,,1,1,3490,1
5254,PC,PC,1,,,,,,,,1,1,3491,1
5255,PC,PC,1,,,,,,,,1,1,3492,1
5256,PC,PC,1,,,,,,,,1,1,3493,1
5257,PC,PC,1,,,,,,,,1,1,3494,1
5258,PC,PC,1,,,,,,,,1,1,3495,1
5259,PC,PC,1,,,,,,,,1,1,3496,1
5260,PC,PC,1,,,,,,,,1,1,3497,1
5261,PC,PC,1,,,,,,,,1,1,3498,1
5262,PC,PC,1,,,,,,,,1,1,3499,1
5263,PC,PC,1,,,,,,,,1,1,3500,1
5264,PC,PC,1,,,,,,,,1,1,3501,1
5265,PC,PC,1,,,,,,,,1,1,3502,1
5266,PC,PC,1,,,,,,,,1,1,3503,1
5267,PC,PC,1,,,,,,,,1,1,3504,1
5268,PC,PC,1,,,,,,,,1,1,3505,1
5269,PC,PC,1,,,,,,,,1,1,3506,1
5270,PC,PC,1,,,,,,,,1,1,3507,1
5271,PC,PC,1,,,,,,,,1,1,3508,1
5272,PC,PC,1,,,,,,,,1,1,3509,1
5273,PC,PC,1,,,,,,,,1,1,3510,1
5274,PC,PC,1,,,,,,,,1,1,3511,1
5275,PC,PC,1,,,,,,,,1,1,3512,1
5276,PC,PC,1,,,,,,,,1,1,3513,1
5277,PC,PC,1,,,,,,,,1,1,3514,1
5278,PC,PC,1,,,,,,,,1,1,3515,1
5279,PC,PC,1,,,,,,,,1,1,3516,1
5280,PC,PC,1,,,,,,,,1,1,3517,1
5281,PC,PC,1,,,,,,,,1,1,3518,1
5282,PC,PC,1,,,,,,,,1,1,3519,1
5283,PC,PC,1,,,,,,,,1,1,3520,1
5284,PC,PC,1,,,,,,,,1,1,3521,1
5285,PC,PC,1,,,,,,,,1,1,3522,1
5286,PC,PC,1,,,,,,,,1,1,3523,1
5287,PC,PC,1,,,,,,,,1,1,3524,1
5288,PC,PC,1,,,,,,,,1,1,3525,1
5289,PC,PC,1,,,,,,,,1,1,3526,1
5290,PC,PC,1,,,,,,,,1,1,3527,1
5291,PC,PC,1,,,,,,,,1,1,3528,1
5292,PC,PC,1,,,,,,,,1,1,3529,1
5293,PC,PC,1,,,,,,,,1,1,3530,1
5294,PC,PC,1,,,,,,,,1,1,3531,1
5295,PC,PC,1,,,,,,,,1,1,3532,1
5296,PC,PC,1,,,,,,,,1,1,3533,1
5297,PC,PC,1,,,,,,,,1,1,3534,1
5298,PC,PC,1,,,,,,,,1,1,3535,1
5299,PC,PC,1,,,,,,,,1,1,3536,1
5300,PC,PC,1,,,,,,,,1,1,3537,1
5301,PC,PC,1,,,,,,,,1,1,3538,1
5302,PC,PC,1,,,,,,,,1,1,3539,1
5303,PC,PC,1,,,,,,,,1,1,3540,1
5304,PC,PC,1,,,,,,,,1,1,3541,1
5305,PC,PC,1,,,,,,,,1,1,3542,1
5306,PC,PC,1,,,,,,,,1,1,3543,1
5307,PC,PC,1,,,,,,,,1,1,3544,1
5308,PC,PC,1,,,,,,,,1,1,3545,1
5309,PC,PC,1,,,,,,,,1,1,3546,1
5310,PC,PC,1,,,,,,,,1,1,3547,1
5311,PC,PC,1,,,,,,,,1,1,3548,1
5312,PC,PC,1,,,,,,,,1,1,3549,1
5313,PC,PC,1,,,,,,,,1,1,3550,1
5314,PC,PC,1,,,,,,,,1,1,3551,1
5315,PC,PC,1,,,,,,,,1,1,3552,1
5316,PC,PC,1,,,,,,,,1,1,3553,1
5317,PC,PC,1,,,,,,,,1,1,3554,1
5318,PC,PC,1,,,,,,,,1,1,3555,1
5319,PC,PC,1,,,,,,,,1,1,3556,1
5320,PC,PC,1,,,,,,,,1,1,3557,1
5321,PC,PC,1,,,,,,,,1,1,3558,1
5322,PC,PC,1,,,,,,,,1,1,3559,1
5323,PC,PC,1,,,,,,,,1,1,3560,1
5324,PC,PC,1,,,,,,,,1,1,3561,1
5325,PC,PC,1,,,,,,,,1,1,3562,1
5326,PC,PC,1,,,,,,,,1,1,3563,1
5327,PC,PC,1,,,,,,,,1,1,3564,1
5328,PC,PC,1,,,,,,,,1,1,3565,1
5329,PC,PC,1,,,,,,,,1,1,3566,1
5330,PC,PC,1,,,,,,,,1,1,3567,1
5331,PC,PC,1,,,,,,,,1,1,3568,1
5332,PC,PC,1,,,,,,,,1,1,3569,1
5333,PC,PC,1,,,,,,,,1,1,3570,1
5334,PC,PC,1,,,,,,,,1,1,3571,1
5335,PC,PC,1,,,,,,,,1,1,3572,1
5336,PC,PC,1,,,,,,,,1,1,3573,1
5337,PC,PC,1,,,,,,,,1,1,3574,1
5338,PC,PC,1,,,,,,,,1,1,3575,1
5339,PC,PC,1,,,,,,,,1,1,3576,1
5340,PC,PC,1,,,,,,,,1,1,3577,1
5341,PC,PC,1,,,,,,,,1,1,3578,1
5342,PC,PC,1,,,,,,,,1,1,3579,1
5343,PC,PC,1,,,,,,,,1,1,3580,1
5344,PC,PC,1,,,,,,,,1,1,3581,1
5345,PC,PC,1,,,,,,,,1,1,3582,1
5346,PC,PC,1,,,,,,,,1,1,3583,1
5347,PC,PC,1,,,,,,,,1,1,3584,1
5348,PC,PC,1,,,,,,,,1,1,3585,1
5349,PC,PC,1,,,,,,,,1,1,3586,1
5350,PC,PC,1,,,,,,,,1,1,3587,1
5351,PC,PC,1,,,,,,,,1,1,3588,1
5352,PC,PC,1,,,,,,,,1,1,3589,1
5353,PC,PC,1,,,,,,,,1,1,3590,1
5354,PC,PC,1,,,,,,,,1,1,3591,1
5355,PC,PC,1,,,,,,,,1,1,3592,1
5356,PC,PC,1,,,,,,,,1,1,3593,1
5357,PC,PC,1,,,,,,,,1,1,3594,1
5358,PC,PC,1,,,,,,,,1,1,3595,1
5359,PC,PC,1,,,,,,,,1,1,3596,1
5360,PC,PC,1,,,,,,,,1,1,3597,1
5361,PC,PC,1,,,,,,,,1,1,3598,1
5362,PC,PC,1,,,,,,,,1,1,3599,1
5363,PC,PC,1,,,,,,,,1,1,3600,1
5364,PC,PC,1,,,,,,,,1,1,3601,1
5365,PC,PC,1,,,,,,,,1,1,3602,1
5366,PC,PC,1,,,,,,,,1,1,3603,1
5367,PC,PC,1,,,,,,,,1,1,3604,1
5368,PC,PC,1,,,,,,,,1,1,3605,1
5369,PC,PC,1,,,,,,,,1,1,3606,1
5370,PC,PC,1,,,,,,,,1,1,3607,1
5371,PC,PC,1,,,,,,,,1,1,3608,1
5372,PC,PC,1,,,,,,,,1,1,3609,1
5373,PC,PC,1,,,,,,,,1,1,3610,1
5374,PC,PC,1,,,,,,,,1,1,3611,1
5375,PC,PC,1,,,,,,,,1,1,3612,1
5376,PC,PC,1,,,,,,,,1,1,3613,1
5377,PC,PC,1,,,,,,,,1,1,3614,1
5378,PC,PC,1,,,,,,,,1,1,3615,1
5379,PC,PC,1,,,,,,,,1,1,3616,1
5380,PC,PC,1,,,,,,,,1,1,3617,1
5381,PC,PC,1,,,,,,,,1,1,3618,1
5382,PC,PC,1,,,,,,,,1,1,3619,1
5383,PC,PC,1,,,,,,,,1,1,3620,1
5384,PC,PC,1,,,,,,,,1,1,3621,1
5385,PC,PC,1,,,,,,,,1,1,3622,1
5386,PC,PC,1,,,,,,,,1,1,3623,1
5387,PC,PC,1,,,,,,,,1,1,3624,1
5388,PC,PC,1,,,,,,,,1,1,3625,1
5389,PC,PC,1,,,,,,,,1,1,3626,1
5390,PC,PC,1,,,,,,,,1,1,3627,1
5391,PC,PC,1,,,,,,,,1,1,3628,1
5392,PC,PC,1,,,,,,,,1,1,3629,1
5393,PC,PC,1,,,,,,,,1,1,3630,1
5394,PC,PC,1,,,,,,,,1,1,3631,1
5395,PC,PC,1,,,,,,,,1,1,3632,1
5396,PC,PC,1,,,,,,,,1,1,3633,1
5397,PC,PC,1,,,,,,,,1,1,3634,1
5398,PC,PC,1,,,,,,,,1,1,3635,1
5399,PC,PC,1,,,,,,,,1,1,3636,1
5400,PC,PC,1,,,,,,,,1,1,3637,1
5401,PC,PC,1,,,,,,,,1,1,3638,1
5402,PC,PC,1,,,,,,,,1,1,3639,1
5403,PC,PC,1,,,,,,,,1,1,3640,1
5404,PC,PC,1,,,,,,,,1,1,3641,1
5405,PC,PC,1,,,,,,,,1,1,3642,1
5406,PC,PC,1,,,,,,,,1,1,3643,1
5407,PC,PC,1,,,,,,,,1,1,3644,1
5408,PC,PC,1,,,,,,,,1,1,3645,1
5409,PC,PC,1,,,,,,,,1,1,3646,1
5410,PC,PC,1,,,,,,,,1,1,3647,1
5411,PC,PC,1,,,,,,,,1,1,3648,1
5412,PC,PC,1,,,,,,,,1,1,3649,1
5413,PC,PC,1,,,,,,,,1,1,3650,1
5414,PC,PC,1,,,,,,,,1,1,3651,1
5415,PC,PC,1,,,,,,,,1,1,3652,1
5416,PC,PC,1,,,,,,,,1,1,3653,1
5417,PC,PC,1,,,,,,,,1,1,3654,1
5418,PC,PC,1,,,,,,,,1,1,3655,1
5419,PC,PC,1,,,,,,,,1,1,3656,1
5420,PC,PC,1,,,,,,,,1,1,3657,1
5421,PC,PC,1,,,,,,,,1,1,3658,1
5422,PC,PC,1,,,,,,,,1,1,3659,1
5423,PC,PC,1,,,,,,,,1,1,3660,1
5424,PC,PC,1,,,,,,,,1,1,3661,1
5425,PC,PC,1,,,,,,,,1,1,3662,1
5426,PC,PC,1,,,,,,,,1,1,3663,1
5427,PC,PC,1,,,,,,,,1,1,3664,1
5428,PC,PC,1,,,,,,,,1,1,3665,1
5429,PC,PC,1,,,,,,,,1,1,3666,1
5430,PC,PC,1,,,,,,,,1,1,3667,1
5431,PC,PC,1,,,,,,,,1,1,3668,1
5432,PC,PC,1,,,,,,,,1,1,3669,1
5433,PC,PC,1,,,,,,,,1,1,3670,1
5434,PC,PC,1,,,,,,,,1,1,3671,1
5435,PC,PC,1,,,,,,,,1,1,3672,1
5436,PC,PC,1,,,,,,,,1,1,3673,1
5437,PC,PC,1,,,,,,,,1,1,3674,1
5438,PC,PC,1,,,,,,,,1,1,3675,1
5439,PC,PC,1,,,,,,,,1,1,3676,1
5440,PC,PC,1,,,,,,,,1,1,3677,1
5441,PC,PC,1,,,,,,,,1,1,3678,1
5442,PC,PC,1,,,,,,,,1,1,3679,1
5443,PC,PC,1,,,,,,,,1,1,3680,1
5444,PC,PC,1,,,,,,,,1,1,3681,1
5445,PC,PC,1,,,,,,,,1,1,3682,1
5446,PC,PC,1,,,,,,,,1,1,3683,1
5447,PC,PC,1,,,,,,,,1,1,3684,1
5448,PC,PC,1,,,,,,,,1,1,3685,1
5449,PC,PC,1,,,,,,,,1,1,3686,1
5450,PC,PC,1,,,,,,,,1,1,3687,1
5451,PC,PC,1,,,,,,,,1,1,3688,1
5452,PC,PC,1,,,,,,,,1,1,3689,1
5453,PC,PC,1,,,,,,,,1,1,3690,1
5454,PC,PC,1,,,,,,,,1,1,3691,1
5455,PC,PC,1,,,,,,,,1,1,3692,1
5456,PC,PC,1,,,,,,,,1,1,3693,1
5457,PC,PC,1,,,,,,,,1,1,3694,1
5458,PC,PC,1,,,,,,,,1,1,3695,1
5459,PC,PC,1,,,,,,,,1,1,3696,1
5460,PC,PC,1,,,,,,,,1,1,3697,1
5461,PC,PC,1,,,,,,,,1,1,3698,1
5462,PC,PC,1,,,,,,,,1,1,3699,1
5463,PC,PC,1,,,,,,,,1,1,3700,1
5464,PC,PC,1,,,,,,,,1,1,3701,1
5465,PC,PC,1,,,,,,,,1,1,3702,1
5466,PC,PC,1,,,,,,,,1,1,3703,1
5467,PC,PC,1,,,,,,,,1,1,3704,1
5468,PC,PC,1,,,,,,,,1,1,3705,1
5469,PC,PC,1,,,,,,,,1,1,3706,1
5470,PC,PC,1,,,,,,,,1,1,3707,1
5471,PC,PC,1,,,,,,,,1,1,3708,1
5472,PC,PC,1,,,,,,,,1,1,3709,1
5473,PC,PC,1,,,,,,,,1,1,3710,1
5474,PC,PC,1,,,,,,,,1,1,3711,1
5475,PC,PC,1,,,,,,,,1,1,3712,1
5476,PC,PC,1,,,,,,,,1,1,3713,1
5477,PC,PC,1,,,,,,,,1,1,3714,1
5478,PC,PC,1,,,,,,,,1,1,3715,1
5479,PC,PC,1,,,,,,,,1,1,3716,1
5480,PC,PC,1,,,,,,,,1,1,3717,1
5481,PC,PC,1,,,,,,,,1,1,3718,1
5482,PC,PC,1,,,,,,,,1,1,3719,1
5483,PC,PC,1,,,,,,,,1,1,3720,1
5484,PC,PC,1,,,,,,,,1,1,3721,1
5485,PC,PC,1,,,,,,,,1,1,3722,1
5486,PC,PC,1,,,,,,,,1,1,3723,1
5487,PC,PC,1,,,,,,,,1,1,3724,1
5488,PC,PC,1,,,,,,,,1,1,3725,1
5489,PC,PC,1,,,,,,,,1,1,3726,1
5490,PC,PC,1,,,,,,,,1,1,3727,1
5491,PC,PC,1,,,,,,,,1,1,3728,1
5492,PC,PC,1,,,,,,,,1,1,3729,1
5493,PC,PC,1,,,,,,,,1,1,3730,1
5494,PC,PC,1,,,,,,,,1,1,3731,1
5495,PC,PC,1,,,,,,,,1,1,3732,1
5496,PC,PC,1,,,,,,,,1,1,3733,1
5497,PC,PC,1,,,,,,,,1,1,3734,1
5498,PC,PC,1,,,,,,,,1,1,3735,1
5499,PC,PC,1,,,,,,,,1,1,3736,1
5500,PC,PC,1,,,,,,,,1,1,3737,1
5501,PC,PC,1,,,,,,,,1,1,3738,1
5502,PC,PC,1,,,,,,,,1,1,3739,1
5503,PC,PC,1,,,,,,,,1,1,3740,1
5504,PC,PC,1,,,,,,,,1,1,3741,1
5505,PC,PC,1,,,,,,,,1,1,3742,1
5506,PC,PC,1,,,,,,,,1,1,3743,1
5507,PC,PC,1,,,,,,,,1,1,3744,1
5508,PC,PC,1,,,,,,,,1,1,3745,1
5509,PC,PC,1,,,,,,,,1,1,3746,1
5510,PC,PC,1,,,,,,,,1,1,3747,1
5511,BX,BX,1,,,,,,,,1,1,3748,1
5512,BX,BX,1,,,,,,,,1,1,3749,1
5513,PC,PC,1,,,,,,,,1,1,3750,1
5514,PC,PC,1,,,,,,,,1,1,3751,1
5515,PC,PC,1,,,,,,,,1,1,3752,1
5516,PC,PC,1,,,,,,,,1,1,3753,1
5517,PC,PC,1,,,,,,,,1,1,3754,1
5518,PC,PC,1,,,,,,,,1,1,3755,1
5519,PC,PC,1,,,,,,,,1,1,3756,1
5520,PC,PC,1,,,,,,,,1,1,3757,1
5521,PC,PC,1,,,,,,,,1,1,3758,1
5522,PC,PC,1,,,,,,,,1,1,3759,1
5523,PC,PC,1,,,,,,,,1,1,3760,1
5524,PC,PC,1,,,,,,,,1,1,3761,1
5525,PC,PC,1,,,,,,,,1,1,3762,1
5526,PC,PC,1,,,,,,,,1,1,3763,1
5527,PC,PC,1,,,,,,,,1,1,3764,1
5528,PC,PC,1,,,,,,,,1,1,3765,1
5529,PC,PC,1,,,,,,,,1,1,3766,1
5530,PC,PC,1,,,,,,,,1,1,3767,1
5531,PC,PC,1,,,,,,,,1,1,3768,1
5532,PC,PC,1,,,,,,,,1,1,3769,1
5533,PC,PC,1,,,,,,,,1,1,3770,1
5534,PC,PC,1,,,,,,,,1,1,3771,1
5535,PC,PC,1,,,,,,,,1,1,3772,1
5536,PC,PC,1,,,,,,,,1,1,3773,1
5537,PC,PC,1,,,,,,,,1,1,3774,1
5538,PC,PC,1,,,,,,,,1,1,3775,1
5539,PC,PC,1,,,,,,,,1,1,3776,1
5540,PC,PC,1,,,,,,,,1,1,3777,1
5541,PC,PC,1,,,,,,,,1,1,3778,1
5542,PC,PC,1,,,,,,,,1,1,3779,1
5543,PC,PC,1,,,,,,,,1,1,3780,1
5544,PC,PC,1,,,,,,,,1,1,3781,1
5545,PC,PC,1,,,,,,,,1,1,3782,1
5546,PC,PC,1,,,,,,,,1,1,3783,1
5547,PC,PC,1,,,,,,,,1,1,3784,1
5548,PC,PC,1,,,,,,,,1,1,3785,1
5549,PC,PC,1,,,,,,,,1,1,3786,1
5550,PC,PC,1,,,,,,,,1,1,3787,1
5551,PC,PC,1,,,,,,,,1,1,3788,1
5552,PC,PC,1,,,,,,,,1,1,3789,1
5553,PC,PC,1,,,,,,,,1,1,3790,1
5554,PC,PC,1,,,,,,,,1,1,3791,1
5555,PC,PC,1,,,,,,,,1,1,3792,1
5556,PC,PC,1,,,,,,,,1,1,3793,1
5557,PC,PC,1,,,,,,,,1,1,3794,1
5558,PC,PC,1,,,,,,,,1,1,3795,1
5559,PC,PC,1,,,,,,,,1,1,3796,1
5560,PC,PC,1,,,,,,,,1,1,3797,1
5561,PC,PC,1,,,,,,,,1,1,3798,1
5562,PC,PC,1,,,,,,,,1,1,3799,1
5563,PC,PC,1,,,,,,,,1,1,3800,1
5564,PC,PC,1,,,,,,,,1,1,3801,1
5565,PC,PC,1,,,,,,,,1,1,3802,1
5566,PC,PC,1,,,,,,,,1,1,3803,1
5567,PC,PC,1,,,,,,,,1,1,3804,1
5568,PC,PC,1,,,,,,,,1,1,3805,1
5569,PC,PC,1,,,,,,,,1,1,3806,1
5570,PC,PC,1,,,,,,,,1,1,3807,1
5571,PC,PC,1,,,,,,,,1,1,3808,1
5572,PC,PC,1,,,,,,,,1,1,3809,1
5573,PC,PC,1,,,,,,,,1,1,3810,1
5574,PC,PC,1,,,,,,,,1,1,3811,1
5575,PC,PC,1,,,,,,,,1,1,3812,1
5576,PC,PC,1,,,,,,,,1,1,3813,1
5577,PC,PC,1,,,,,,,,1,1,3814,1
5578,PC,PC,1,,,,,,,,1,1,3815,1
5579,PC,PC,1,,,,,,,,1,1,3816,1
5580,PC,PC,1,,,,,,,,1,1,3817,1
5581,PC,PC,1,,,,,,,,1,1,3818,1
5582,PC,PC,1,,,,,,,,1,1,3819,1
5583,PC,PC,1,,,,,,,,1,1,3820,1
5584,PC,PC,1,,,,,,,,1,1,3821,1
5585,PC,PC,1,,,,,,,,1,1,3822,1
5586,PC,PC,1,,,,,,,,1,1,3823,1
5587,PC,PC,1,,,,,,,,1,1,3824,1
5588,PC,PC,1,,,,,,,,1,1,3825,1
5589,PC,PC,1,,,,,,,,1,1,3826,1
5590,PC,PC,1,,,,,,,,1,1,3827,1
5591,PC,PC,1,,,,,,,,1,1,3828,1
5592,PC,PC,1,,,,,,,,1,1,3829,1
5593,PC,PC,1,,,,,,,,1,1,3830,1
5594,PC,PC,1,,,,,,,,1,1,3831,1
5595,PC,PC,1,,,,,,,,1,1,3832,1
5596,PC,PC,1,,,,,,,,1,1,3833,1
5597,PC,PC,1,,,,,,,,1,1,3834,1
5598,PC,PC,1,,,,,,,,1,1,3835,1
5599,PC,PC,1,,,,,,,,1,1,3836,1
5600,PC,PC,1,,,,,,,,1,1,3837,1
5601,PC,PC,1,,,,,,,,1,1,3838,1
5602,PC,PC,1,,,,,,,,1,1,3839,1
5603,PC,PC,1,,,,,,,,1,1,3840,1
5604,PC,PC,1,,,,,,,,1,1,3841,1
5605,PC,PC,1,,,,,,,,1,1,3842,1
5606,PC,PC,1,,,,,,,,1,1,3843,1
5607,PC,PC,1,,,,,,,,1,1,3844,1
5608,PC,PC,1,,,,,,,,1,1,3845,1
5609,PC,PC,1,,,,,,,,1,1,3846,1
5610,PC,PC,1,,,,,,,,1,1,3847,1
5611,PC,PC,1,,,,,,,,1,1,3848,1
5612,PC,PC,1,,,,,,,,1,1,3849,1
5613,PC,PC,1,,,,,,,,1,1,3850,1
5614,PC,PC,1,,,,,,,,1,1,3851,1
5615,PC,PC,1,,,,,,,,1,1,3852,1
5616,PC,PC,1,,,,,,,,1,1,3853,1
5617,PC,PC,1,,,,,,,,1,1,3854,1
5618,PC,PC,1,,,,,,,,1,1,3855,1
5619,PC,PC,1,,,,,,,,1,1,3856,1
5620,PC,PC,1,,,,,,,,1,1,3857,1
5621,PC,PC,1,,,,,,,,1,1,3858,1
5622,PC,PC,1,,,,,,,,1,1,3859,1
5623,PC,PC,1,,,,,,,,1,1,3860,1
5624,PC,PC,1,,,,,,,,1,1,3861,1
5625,PC,PC,1,,,,,,,,1,1,3862,1
5626,PC,PC,1,,,,,,,,1,1,3863,1
5627,PC,PC,1,,,,,,,,1,1,3864,1
5628,PC,PC,1,,,,,,,,1,1,3865,1
5629,PC,PC,1,,,,,,,,1,1,3866,1
5630,PC,PC,1,,,,,,,,1,1,3867,1
5631,PC,PC,1,,,,,,,,1,1,3868,1
5632,PC,PC,1,,,,,,,,1,1,3869,1
5633,PC,PC,1,,,,,,,,1,1,3870,1
5634,PC,PC,1,,,,,,,,1,1,3871,1
5635,PC,PC,1,,,,,,,,1,1,3872,1
5636,PC,PC,1,,,,,,,,1,1,3873,1
5637,PC,PC,1,,,,,,,,1,1,3874,1
5638,PC,PC,1,,,,,,,,1,1,3875,1
5639,PC,PC,1,,,,,,,,1,1,3876,1
5640,PC,PC,1,,,,,,,,1,1,3877,1
5641,PC,PC,1,,,,,,,,1,1,3878,1
5642,PC,PC,1,,,,,,,,1,1,3879,1
5643,PC,PC,1,,,,,,,,1,1,3880,1
5644,PC,PC,1,,,,,,,,1,1,3881,1
5645,PC,PC,1,,,,,,,,1,1,3882,1
5646,PC,PC,1,,,,,,,,1,1,3883,1
5647,PC,PC,1,,,,,,,,1,1,3884,1
5648,PC,PC,1,,,,,,,,1,1,3885,1
5649,PC,PC,1,,,,,,,,1,1,3886,1
5650,PC,PC,1,,,,,,,,1,1,3887,1
5651,PC,PC,1,,,,,,,,1,1,3888,1
5652,PC,PC,1,,,,,,,,1,1,3889,1
5653,PC,PC,1,,,,,,,,1,1,3890,1
5654,PC,PC,1,,,,,,,,1,1,3891,1
5655,PC,PC,1,,,,,,,,1,1,3892,1
5656,PC,PC,1,,,,,,,,1,1,3893,1
5657,PC,PC,1,,,,,,,,1,1,3894,1
5658,PC,PC,1,,,,,,,,1,1,3895,1
5659,PC,PC,1,,,,,,,,1,1,3896,1
5660,PC,PC,1,,,,,,,,1,1,3897,1
5661,PC,PC,1,,,,,,,,1,1,3898,1
5662,PC,PC,1,,,,,,,,1,1,3899,1
5663,PC,PC,1,,,,,,,,1,1,3900,1
5664,PC,PC,1,,,,,,,,1,1,3901,1
5665,PC,PC,1,,,,,,,,1,1,3902,1
5666,PC,PC,1,,,,,,,,1,1,3903,1
5667,PC,PC,1,,,,,,,,1,1,3904,1
5668,PC,PC,1,,,,,,,,1,1,3905,1
5669,PC,PC,1,,,,,,,,1,1,3906,1
5670,PC,PC,1,,,,,,,,1,1,3907,1
5671,PC,PC,1,,,,,,,,1,1,3908,1
5672,PC,PC,1,,,,,,,,1,1,3909,1
5673,PC,PC,1,,,,,,,,1,1,3910,1
5674,PC,PC,1,,,,,,,,1,1,3911,1
5675,PC,PC,1,,,,,,,,1,1,3912,1
5676,PC,PC,1,,,,,,,,1,1,3913,1
5677,PC,PC,1,,,,,,,,1,1,3914,1
5678,PC,PC,1,,,,,,,,1,1,3915,1
5679,PC,PC,1,,,,,,,,1,1,3916,1
5680,PC,PC,1,,,,,,,,1,1,3917,1
5681,PC,PC,1,,,,,,,,1,1,3918,1
5682,PC,PC,1,,,,,,,,1,1,3919,1
5683,PC,PC,1,,,,,,,,1,1,3920,1
5684,PC,PC,1,,,,,,,,1,1,3921,1
5685,PC,PC,1,,,,,,,,1,1,3922,1
5686,PC,PC,1,,,,,,,,1,1,3923,1
5687,PC,PC,1,,,,,,,,1,1,3924,1
5688,PC,PC,1,,,,,,,,1,1,3925,1
5689,PC,PC,1,,,,,,,,1,1,3926,1
5690,PC,PC,1,,,,,,,,1,1,3927,1
5691,PC,PC,1,,,,,,,,1,1,3928,1
5692,PC,PC,1,,,,,,,,1,1,3929,1
5693,PC,PC,1,,,,,,,,1,1,3930,1
5694,PC,PC,1,,,,,,,,1,1,3931,1
5695,PC,PC,1,,,,,,,,1,1,3932,1
5696,PC,PC,1,,,,,,,,1,1,3933,1
5697,PC,PC,1,,,,,,,,1,1,3934,1
5698,PC,PC,1,,,,,,,,1,1,3935,1
5699,PC,PC,1,,,,,,,,1,1,3936,1
5700,PC,PC,1,,,,,,,,1,1,3937,1
5701,PC,PC,1,,,,,,,,1,1,3938,1
5702,PC,PC,1,,,,,,,,1,1,3939,1
5703,PC,PC,1,,,,,,,,1,1,3940,1
5704,PC,PC,1,,,,,,,,1,1,3941,1
5705,PC,PC,1,,,,,,,,1,1,3942,1
5706,PC,PC,1,,,,,,,,1,1,3943,1
5707,PC,PC,1,,,,,,,,1,1,3944,1
5708,PC,PC,1,,,,,,,,1,1,3945,1
5709,PC,PC,1,,,,,,,,1,1,3946,1
5710,PC,PC,1,,,,,,,,1,1,3947,1
5711,PC,PC,1,,,,,,,,1,1,3948,1
5712,PC,PC,1,,,,,,,,1,1,3949,1
5713,PC,PC,1,,,,,,,,1,1,3950,1
5714,PC,PC,1,,,,,,,,1,1,3951,1
5715,PC,PC,1,,,,,,,,1,1,3952,1
5716,PC,PC,1,,,,,,,,1,1,3953,1
5717,PC,PC,1,,,,,,,,1,1,3954,1
5718,PC,PC,1,,,,,,,,1,1,3955,1
5719,PC,PC,1,,,,,,,,1,1,3956,1
5720,PC,PC,1,,,,,,,,1,1,3957,1
5721,PC,PC,1,,,,,,,,1,1,3958,1
5722,PC,PC,1,,,,,,,,1,1,3959,1
5723,PC,PC,1,,,,,,,,1,1,3960,1
5724,PC,PC,1,,,,,,,,1,1,3961,1
5725,PC,PC,1,,,,,,,,1,1,3962,1
5726,PC,PC,1,,,,,,,,1,1,3963,1
5727,PC,PC,1,,,,,,,,1,1,3964,1
5728,PC,PC,1,,,,,,,,1,1,3965,1
5729,PC,PC,1,,,,,,,,1,1,3966,1
5730,PC,PC,1,,,,,,,,1,1,3967,1
5731,PC,PC,1,,,,,,,,1,1,3968,1
5732,PC,PC,1,,,,,,,,1,1,3969,1
5733,PC,PC,1,,,,,,,,1,1,3970,1
5734,PC,PC,1,,,,,,,,1,1,3971,1
5735,PC,PC,1,,,,,,,,1,1,3972,1
5736,PC,PC,1,,,,,,,,1,1,3973,1
5737,PC,PC,1,,,,,,,,1,1,3974,1
5738,PC,PC,1,,,,,,,,1,1,3975,1
5739,PC,PC,1,,,,,,,,1,1,3976,1
5740,PC,PC,1,,,,,,,,1,1,3977,1
5741,PC,PC,1,,,,,,,,1,1,3978,1
5742,PC,PC,1,,,,,,,,1,1,3979,1
5743,PC,PC,1,,,,,,,,1,1,3980,1
5744,PC,PC,1,,,,,,,,1,1,3981,1
5745,PC,PC,1,,,,,,,,1,1,3982,1
5746,PC,PC,1,,,,,,,,1,1,3983,1
5747,PC,PC,1,,,,,,,,1,1,3984,1
5748,PC,PC,1,,,,,,,,1,1,3985,1
5749,PC,PC,1,,,,,,,,1,1,3986,1
5750,PC,PC,1,,,,,,,,1,1,3987,1
5751,PC,PC,1,,,,,,,,1,1,3988,1
5752,PC,PC,1,,,,,,,,1,1,3989,1
5753,PC,PC,1,,,,,,,,1,1,3990,1
5754,PC,PC,1,,,,,,,,1,1,3991,1
5755,PC,PC,1,,,,,,,,1,1,3992,1
5756,PC,PC,1,,,,,,,,1,1,3993,1
5757,PC,PC,1,,,,,,,,1,1,3994,1
5758,PC,PC,1,,,,,,,,1,1,3995,1
5759,PC,PC,1,,,,,,,,1,1,3996,1
5760,PC,PC,1,,,,,,,,1,1,3997,1
5761,PC,PC,1,,,,,,,,1,1,3998,1
5762,PC,PC,1,,,,,,,,1,1,3999,1
5763,PC,PC,1,,,,,,,,1,1,4000,1
5764,PC,PC,1,,,,,,,,1,1,4001,1
5765,PC,PC,1,,,,,,,,1,1,4002,1
5766,PC,PC,1,,,,,,,,1,1,4003,1
5767,PC,PC,1,,,,,,,,1,1,4004,1
5768,PC,PC,1,,,,,,,,1,1,4005,1
5769,PC,PC,1,,,,,,,,1,1,4006,1
5770,PC,PC,1,,,,,,,,1,1,4007,1
5771,PC,PC,1,,,,,,,,1,1,4008,1
5772,PC,PC,1,,,,,,,,1,1,4009,1
5773,PC,PC,1,,,,,,,,1,1,4010,1
5774,PC,PC,1,,,,,,,,1,1,4011,1
5775,PC,PC,1,,,,,,,,1,1,4012,1
5776,PC,PC,1,,,,,,,,1,1,4013,1
5777,PC,PC,1,,,,,,,,1,1,4014,1
5778,PC,PC,1,,,,,,,,1,1,4015,1
5779,PC,PC,1,,,,,,,,1,1,4016,1
5780,PC,PC,1,,,,,,,,1,1,4017,1
5781,PC,PC,1,,,,,,,,1,1,4018,1
5782,PC,PC,1,,,,,,,,1,1,4019,1
5783,PC,PC,1,,,,,,,,1,1,4020,1
5784,PC,PC,1,,,,,,,,1,1,4021,1
5785,PC,PC,1,,,,,,,,1,1,4022,1
5786,PC,PC,1,,,,,,,,1,1,4023,1
5787,PC,PC,1,,,,,,,,1,1,4024,1
5788,PC,PC,1,,,,,,,,1,1,4025,1
5789,PC,PC,1,,,,,,,,1,1,4026,1
5790,PC,PC,1,,,,,,,,1,1,4027,1
5791,PC,PC,1,,,,,,,,1,1,4028,1
5792,PC,PC,1,,,,,,,,1,1,4029,1
5793,PC,PC,1,,,,,,,,1,1,4030,1
5794,PC,PC,1,,,,,,,,1,1,4031,1
5795,PC,PC,1,,,,,,,,1,1,4032,1
5796,PC,PC,1,,,,,,,,1,1,4033,1
5797,PC,PC,1,,,,,,,,1,1,4034,1
5798,PC,PC,1,,,,,,,,1,1,4035,1
5799,PC,PC,1,,,,,,,,1,1,4036,1
5800,PC,PC,1,,,,,,,,1,1,4037,1
5801,PC,PC,1,,,,,,,,1,1,4038,1
5802,PC,PC,1,,,,,,,,1,1,4039,1
5803,PC,PC,1,,,,,,,,1,1,4040,1
5804,PC,PC,1,,,,,,,,1,1,4041,1
5805,PC,PC,1,,,,,,,,1,1,4042,1
5806,PC,PC,1,,,,,,,,1,1,4043,1
5807,PC,PC,1,,,,,,,,1,1,4044,1
5808,PC,PC,1,,,,,,,,1,1,4045,1
5809,PC,PC,1,,,,,,,,1,1,4046,1
5810,PC,PC,1,,,,,,,,1,1,4047,1
5811,PC,PC,1,,,,,,,,1,1,4048,1
5812,PC,PC,1,,,,,,,,1,1,4049,1
5813,PC,PC,1,,,,,,,,1,1,4050,1
5814,PC,PC,1,,,,,,,,1,1,4051,1
5815,PC,PC,1,,,,,,,,1,1,4052,1
5816,PC,PC,1,,,,,,,,1,1,4053,1
5817,PC,PC,1,,,,,,,,1,1,4054,1
5818,PC,PC,1,,,,,,,,1,1,4055,1
5819,PC,PC,1,,,,,,,,1,1,4056,1
5820,PC,PC,1,,,,,,,,1,1,4057,1
5821,PC,PC,1,,,,,,,,1,1,4058,1
5822,PC,PC,1,,,,,,,,1,1,4059,1
5823,PC,PC,1,,,,,,,,1,1,4060,1
5824,PC,PC,1,,,,,,,,1,1,4061,1
5825,PC,PC,1,,,,,,,,1,1,4062,1
5826,PC,PC,1,,,,,,,,1,1,4063,1
5827,PC,PC,1,,,,,,,,1,1,4064,1
5828,PC,PC,1,,,,,,,,1,1,4065,1
5829,PC,PC,1,,,,,,,,1,1,4066,1
5830,PC,PC,1,,,,,,,,1,1,4067,1
5831,PC,PC,1,,,,,,,,1,1,4068,1
5832,PC,PC,1,,,,,,,,1,1,4069,1
5833,PC,PC,1,,,,,,,,1,1,4070,1
5834,PC,PC,1,,,,,,,,1,1,4071,1
5835,PC,PC,1,,,,,,,,1,1,4072,1
5836,PC,PC,1,,,,,,,,1,1,4073,1
5837,PC,PC,1,,,,,,,,1,1,4074,1
5838,PC,PC,1,,,,,,,,1,1,4075,1
5839,PC,PC,1,,,,,,,,1,1,4076,1
5840,PC,PC,1,,,,,,,,1,1,4077,1
5841,PC,PC,1,,,,,,,,1,1,4078,1
5842,PC,PC,1,,,,,,,,1,1,4079,1
5843,PC,PC,1,,,,,,,,1,1,4080,1
5844,PC,PC,1,,,,,,,,1,1,4081,1
5845,PC,PC,1,,,,,,,,1,1,4082,1
5846,PC,PC,1,,,,,,,,1,1,4083,1
5847,PC,PC,1,,,,,,,,1,1,4084,1
5848,PC,PC,1,,,,,,,,1,1,4085,1
5849,PC,PC,1,,,,,,,,1,1,4086,1
5850,PC,PC,1,,,,,,,,1,1,4087,1
5851,PC,PC,1,,,,,,,,1,1,4088,1
5852,PC,PC,1,,,,,,,,1,1,4089,1
5853,PC,PC,1,,,,,,,,1,1,4090,1
5854,PC,PC,1,,,,,,,,1,1,4091,1
5855,PC,PC,1,,,,,,,,1,1,4092,1
5856,PC,PC,1,,,,,,,,1,1,4093,1
5857,PC,PC,1,,,,,,,,1,1,4094,1
5858,PC,PC,1,,,,,,,,1,1,4095,1
5859,PC,PC,1,,,,,,,,1,1,4096,1
5860,PC,PC,1,,,,,,,,1,1,4097,1
5861,PC,PC,1,,,,,,,,1,1,4098,1
5862,PC,PC,1,,,,,,,,1,1,4099,1
5863,PC,PC,1,,,,,,,,1,1,4100,1
5864,PC,PC,1,,,,,,,,1,1,4101,1
5865,PC,PC,1,,,,,,,,1,1,4102,1
5866,PC,PC,1,,,,,,,,1,1,4103,1
5867,PC,PC,1,,,,,,,,1,1,4104,1
5868,PC,PC,1,,,,,,,,1,1,4105,1
5869,PC,PC,1,,,,,,,,1,1,4106,1
5870,PC,PC,1,,,,,,,,1,1,4107,1
5871,PC,PC,1,,,,,,,,1,1,4108,1
5872,PC,PC,1,,,,,,,,1,1,4109,1
5873,PC,PC,1,,,,,,,,1,1,4110,1
5874,PC,PC,1,,,,,,,,1,1,4111,1
5875,PC,PC,1,,,,,,,,1,1,4112,1
5876,PC,PC,1,,,,,,,,1,1,4113,1
5877,PC,PC,1,,,,,,,,1,1,4114,1
5878,PC,PC,1,,,,,,,,1,1,4115,1
5879,PC,PC,1,,,,,,,,1,1,4116,1
5880,PC,PC,1,,,,,,,,1,1,4117,1
5881,PC,PC,1,,,,,,,,1,1,4118,1
5882,PC,PC,1,,,,,,,,1,1,4119,1
5883,PC,PC,1,,,,,,,,1,1,4120,1
5884,PC,PC,1,,,,,,,,1,1,4121,1
5885,PC,PC,1,,,,,,,,1,1,4122,1
5886,PC,PC,1,,,,,,,,1,1,4123,1
5887,PC,PC,1,,,,,,,,1,1,4124,1
5888,PC,PC,1,,,,,,,,1,1,4125,1
5889,PC,PC,1,,,,,,,,1,1,4126,1
5890,PC,PC,1,,,,,,,,1,1,4127,1
5891,PC,PC,1,,,,,,,,1,1,4128,1
5892,PC,PC,1,,,,,,,,1,1,4129,1
5893,PC,PC,1,,,,,,,,1,1,4130,1
5894,PC,PC,1,,,,,,,,1,1,4131,1
5895,PC,PC,1,,,,,,,,1,1,4132,1
5896,PC,PC,1,,,,,,,,1,1,4133,1
5897,PC,PC,1,,,,,,,,1,1,4134,1
5898,PC,PC,1,,,,,,,,1,1,4135,1
5899,PC,PC,1,,,,,,,,1,1,4136,1
5900,PC,PC,1,,,,,,,,1,1,4137,1
5901,PC,PC,1,,,,,,,,1,1,4138,1
5902,PC,PC,1,,,,,,,,1,1,4139,1
5903,PC,PC,1,,,,,,,,1,1,4140,1
5904,PC,PC,1,,,,,,,,1,1,4141,1
5905,PC,PC,1,,,,,,,,1,1,4142,1
5906,PC,PC,1,,,,,,,,1,1,4143,1
5907,PC,PC,1,,,,,,,,1,1,4144,1
5908,PC,PC,1,,,,,,,,1,1,4145,1
5909,PC,PC,1,,,,,,,,1,1,4146,1
5910,PC,PC,1,,,,,,,,1,1,4147,1
5911,PC,PC,1,,,,,,,,1,1,4148,1
5912,PC,PC,1,,,,,,,,1,1,4149,1
5913,PC,PC,1,,,,,,,,1,1,4150,1
5914,PC,PC,1,,,,,,,,1,1,4151,1
5915,PC,PC,1,,,,,,,,1,1,4152,1
5916,PC,PC,1,,,,,,,,1,1,4153,1
5917,PC,PC,1,,,,,,,,1,1,4154,1
5918,PC,PC,1,,,,,,,,1,1,4155,1
5919,PC,PC,1,,,,,,,,1,1,4156,1
5920,PC,PC,1,,,,,,,,1,1,4157,1
5921,PC,PC,1,,,,,,,,1,1,4158,1
5922,PC,PC,1,,,,,,,,1,1,4159,1
5923,PC,PC,1,,,,,,,,1,1,4160,1
5924,PC,PC,1,,,,,,,,1,1,4161,1
5925,PC,PC,1,,,,,,,,1,1,4162,1
5926,PC,PC,1,,,,,,,,1,1,4163,1
5927,PC,PC,1,,,,,,,,1,1,4164,1
5928,PC,PC,1,,,,,,,,1,1,4165,1
5929,PC,PC,1,,,,,,,,1,1,4166,1
5930,PC,PC,1,,,,,,,,1,1,4167,1
5931,PC,PC,1,,,,,,,,1,1,4168,1
5932,PC,PC,1,,,,,,,,1,1,4169,1
5933,PC,PC,1,,,,,,,,1,1,4170,1
5934,PC,PC,1,,,,,,,,1,1,4171,1
5935,PC,PC,1,,,,,,,,1,1,4172,1
5936,PC,PC,1,,,,,,,,1,1,4173,1
5937,PC,PC,1,,,,,,,,1,1,4174,1
5938,PC,PC,1,,,,,,,,1,1,4175,1
5939,PC,PC,1,,,,,,,,1,1,4176,1
5940,PC,PC,1,,,,,,,,1,1,4177,1
5941,PC,PC,1,,,,,,,,1,1,4178,1
5942,PC,PC,1,,,,,,,,1,1,4179,1
5943,PC,PC,1,,,,,,,,1,1,4180,1
5944,PC,PC,1,,,,,,,,1,1,4181,1
5945,PC,PC,1,,,,,,,,1,1,4182,1
5946,PC,PC,1,,,,,,,,1,1,4183,1
5947,PC,PC,1,,,,,,,,1,1,4184,1
5948,PC,PC,1,,,,,,,,1,1,4185,1
5949,PC,PC,1,,,,,,,,1,1,4186,1
5950,PC,PC,1,,,,,,,,1,1,4187,1
5951,PC,PC,1,,,,,,,,1,1,4188,1
5952,PC,PC,1,,,,,,,,1,1,4189,1
5953,PC,PC,1,,,,,,,,1,1,4190,1
5954,PC,PC,1,,,,,,,,1,1,4191,1
5955,PC,PC,1,,,,,,,,1,1,4192,1
5956,PC,PC,1,,,,,,,,1,1,4193,1
5957,PC,PC,1,,,,,,,,1,1,4194,1
5958,PC,PC,1,,,,,,,,1,1,4195,1
5959,PC,PC,1,,,,,,,,1,1,4196,1
5960,PC,PC,1,,,,,,,,1,1,4197,1
5961,PC,PC,1,,,,,,,,1,1,4198,1
5962,PC,PC,1,,,,,,,,1,1,4199,1
5963,PC,PC,1,,,,,,,,1,1,4200,1
5964,PC,PC,1,,,,,,,,1,1,4201,1
5965,PC,PC,1,,,,,,,,1,1,4202,1
5966,PC,PC,1,,,,,,,,1,1,4203,1
5967,PC,PC,1,,,,,,,,1,1,4204,1
5968,PC,PC,1,,,,,,,,1,1,4205,1
5969,PC,PC,1,,,,,,,,1,1,4206,1
5970,PC,PC,1,,,,,,,,1,1,4207,1
5971,PC,PC,1,,,,,,,,1,1,4208,1
5972,PC,PC,1,,,,,,,,1,1,4209,1
5973,PC,PC,1,,,,,,,,1,1,4210,1
5974,PC,PC,1,,,,,,,,1,1,4211,1
5975,PC,PC,1,,,,,,,,1,1,4212,1
5976,PC,PC,1,,,,,,,,1,1,4213,1
5977,PC,PC,1,,,,,,,,1,1,4214,1
5978,PC,PC,1,,,,,,,,1,1,4215,1
5979,PC,PC,1,,,,,,,,1,1,4216,1
5980,PC,PC,1,,,,,,,,1,1,4217,1
5981,PC,PC,1,,,,,,,,1,1,4218,1
5982,PC,PC,1,,,,,,,,1,1,4219,1
5983,PC,PC,1,,,,,,,,1,1,4220,1
5984,PC,PC,1,,,,,,,,1,1,4221,1
5985,PC,PC,1,,,,,,,,1,1,4222,1
5986,PC,PC,1,,,,,,,,1,1,4223,1
5987,PC,PC,1,,,,,,,,1,1,4224,1
5988,PC,PC,1,,,,,,,,1,1,4225,1
5989,PC,PC,1,,,,,,,,1,1,4226,1
5990,PC,PC,1,,,,,,,,1,1,4227,1
5991,PC,PC,1,,,,,,,,1,1,4228,1
5992,PC,PC,1,,,,,,,,1,1,4229,1
5993,PC,PC,1,,,,,,,,1,1,4230,1
5994,PC,PC,1,,,,,,,,1,1,4231,1
5995,PC,PC,1,,,,,,,,1,1,4232,1
5996,PC,PC,1,,,,,,,,1,1,4233,1
5997,PC,PC,1,,,,,,,,1,1,4234,1
5998,PC,PC,1,,,,,,,,1,1,4235,1
5999,PC,PC,1,,,,,,,,1,1,4236,1
6000,PC,PC,1,,,,,,,,1,1,4237,1
6001,PC,PC,1,,,,,,,,1,1,4238,1
6002,PC,PC,1,,,,,,,,1,1,4239,1
6003,PC,PC,1,,,,,,,,1,1,4240,1
6004,PC,PC,1,,,,,,,,1,1,4241,1
6005,PC,PC,1,,,,,,,,1,1,4242,1
6006,PC,PC,1,,,,,,,,1,1,4243,1
6007,PC,PC,1,,,,,,,,1,1,4244,1
6008,PC,PC,1,,,,,,,,1,1,4245,1
6009,PC,PC,1,,,,,,,,1,1,4246,1
6010,PC,PC,1,,,,,,,,1,1,4247,1
6011,PC,PC,1,,,,,,,,1,1,4248,1
6012,PC,PC,1,,,,,,,,1,1,4249,1
6013,PC,PC,1,,,,,,,,1,1,4250,1
6014,PC,PC,1,,,,,,,,1,1,4251,1
6015,PC,PC,1,,,,,,,,1,1,4252,1
6016,PC,PC,1,,,,,,,,1,1,4253,1
6017,PC,PC,1,,,,,,,,1,1,4254,1
6018,PC,PC,1,,,,,,,,1,1,4255,1
6019,PC,PC,1,,,,,,,,1,1,4256,1
6020,PC,PC,1,,,,,,,,1,1,4257,1
6021,PC,PC,1,,,,,,,,1,1,4258,1
6022,PC,PC,1,,,,,,,,1,1,4259,1
6023,PC,PC,1,,,,,,,,1,1,4260,1
6024,PC,PC,1,,,,,,,,1,1,4261,1
6025,PC,PC,1,,,,,,,,1,1,4262,1
6026,PC,PC,1,,,,,,,,1,1,4263,1
6027,PC,PC,1,,,,,,,,1,1,4264,1
6028,PC,PC,1,,,,,,,,1,1,4265,1
6029,PC,PC,1,,,,,,,,1,1,4266,1
6030,PC,PC,1,,,,,,,,1,1,4267,1
6031,PC,PC,1,,,,,,,,1,1,4268,1
6032,PC,PC,1,,,,,,,,1,1,4269,1
6033,PC,PC,1,,,,,,,,1,1,4270,1
6034,PC,PC,1,,,,,,,,1,1,4271,1
6035,PC,PC,1,,,,,,,,1,1,4272,1
6036,PC,PC,1,,,,,,,,1,1,4273,1
6037,PC,PC,1,,,,,,,,1,1,4274,1
6038,PC,PC,1,,,,,,,,1,1,4275,1
6039,PC,PC,1,,,,,,,,1,1,4276,1
6040,PC,PC,1,,,,,,,,1,1,4277,1
6041,PC,PC,1,,,,,,,,1,1,4278,1
6042,PC,PC,1,,,,,,,,1,1,4279,1
6043,PC,PC,1,,,,,,,,1,1,4280,1
6044,PC,PC,1,,,,,,,,1,1,4281,1
6045,PC,PC,1,,,,,,,,1,1,4282,1
6046,PC,PC,1,,,,,,,,1,1,4283,1
6047,PC,PC,1,,,,,,,,1,1,4284,1
6048,PC,PC,1,,,,,,,,1,1,4285,1
6049,PC,PC,1,,,,,,,,1,1,4286,1
6050,PC,PC,1,,,,,,,,1,1,4287,1
6051,PC,PC,1,,,,,,,,1,1,4288,1
6052,PC,PC,1,,,,,,,,1,1,4289,1
6053,PC,PC,1,,,,,,,,1,1,4290,1
6054,PC,PC,1,,,,,,,,1,1,4291,1
6055,PC,PC,1,,,,,,,,1,1,4292,1
6056,PC,PC,1,,,,,,,,1,1,4293,1
6057,PC,PC,1,,,,,,,,1,1,4294,1
6058,PC,PC,1,,,,,,,,1,1,4295,1
6059,PC,PC,1,,,,,,,,1,1,4296,1
6060,PC,PC,1,,,,,,,,1,1,4297,1
6061,PC,PC,1,,,,,,,,1,1,4298,1
6062,PC,PC,1,,,,,,,,1,1,4299,1
6063,PC,PC,1,,,,,,,,1,1,4300,1
6064,PC,PC,1,,,,,,,,1,1,4301,1
6065,PC,PC,1,,,,,,,,1,1,4302,1
6066,PC,PC,1,,,,,,,,1,1,4303,1
6067,PC,PC,1,,,,,,,,1,1,4304,1
6068,PC,PC,1,,,,,,,,1,1,4305,1
6069,PC,PC,1,,,,,,,,1,1,4306,1
6070,PK,PK,1,,,,,,,,1,1,4307,1
6071,PK,PK,1,,,,,,,,1,1,4308,1
6072,PC,PC,1,,,,,,,,1,1,4309,1
6073,PC,PC,1,,,,,,,,1,1,4310,1
6074,PC,PC,1,,,,,,,,1,1,4311,1
6075,PC,PC,1,,,,,,,,1,1,4312,1
6076,PC,PC,1,,,,,,,,1,1,4313,1
6077,PC,PC,1,,,,,,,,1,1,4314,1
6078,PC,PC,1,,,,,,,,1,1,4315,1
6079,PC,PC,1,,,,,,,,1,1,4316,1
6080,PC,PC,1,,,,,,,,1,1,4317,1
6081,PC,PC,1,,,,,,,,1,1,4318,1
6082,PC,PC,1,,,,,,,,1,1,4319,1
6083,PC,PC,1,,,,,,,,1,1,4320,1
6084,PC,PC,1,,,,,,,,1,1,4321,1
6085,PC,PC,1,,,,,,,,1,1,4322,1
6086,PC,PC,1,,,,,,,,1,1,4323,1
6087,PC,PC,1,,,,,,,,1,1,4324,1
6088,PC,PC,1,,,,,,,,1,1,4325,1
6089,PC,PC,1,,,,,,,,1,1,4326,1
6090,PC,PC,1,,,,,,,,1,1,4327,1
6091,PC,PC,1,,,,,,,,1,1,4328,1
6092,PC,PC,1,,,,,,,,1,1,4329,1
6093,PC,PC,1,,,,,,,,1,1,4330,1
6094,PC,PC,1,,,,,,,,1,1,4331,1
6095,PC,PC,1,,,,,,,,1,1,4332,1
6096,PC,PC,1,,,,,,,,1,1,4333,1
6097,PC,PC,1,,,,,,,,1,1,4334,1
6098,PC,PC,1,,,,,,,,1,1,4335,1
6099,PC,PC,1,,,,,,,,1,1,4336,1
6100,PC,PC,1,,,,,,,,1,1,4337,1
6101,PC,PC,1,,,,,,,,1,1,4338,1
6102,PC,PC,1,,,,,,,,1,1,4339,1
6103,PC,PC,1,,,,,,,,1,1,4340,1
6104,PC,PC,1,,,,,,,,1,1,4341,1
6105,PC,PC,1,,,,,,,,1,1,4342,1
6106,PC,PC,1,,,,,,,,1,1,4343,1
6107,PC,PC,1,,,,,,,,1,1,4344,1
6108,PC,PC,1,,,,,,,,1,1,4345,1
6109,PC,PC,1,,,,,,,,1,1,4346,1
6110,PC,PC,1,,,,,,,,1,1,4347,1
6111,PC,PC,1,,,,,,,,1,1,4348,1
6112,PC,PC,1,,,,,,,,1,1,4349,1
6113,PC,PC,1,,,,,,,,1,1,4350,1
6114,PC,PC,1,,,,,,,,1,1,4351,1
6115,PC,PC,1,,,,,,,,1,1,4352,1
6116,PC,PC,1,,,,,,,,1,1,4353,1
6117,PC,PC,1,,,,,,,,1,1,4354,1
6118,PC,PC,1,,,,,,,,1,1,4355,1
6119,PC,PC,1,,,,,,,,1,1,4356,1
6120,PC,PC,1,,,,,,,,1,1,4357,1
6121,PC,PC,1,,,,,,,,1,1,4358,1
6122,PC,PC,1,,,,,,,,1,1,4359,1
6123,PC,PC,1,,,,,,,,1,1,4360,1
6124,PC,PC,1,,,,,,,,1,1,4361,1
6125,PC,PC,1,,,,,,,,1,1,4362,1
6126,PC,PC,1,,,,,,,,1,1,4363,1
6127,PC,PC,1,,,,,,,,1,1,4364,1
6128,PC,PC,1,,,,,,,,1,1,4365,1
6129,PC,PC,1,,,,,,,,1,1,4366,1
6130,PC,PC,1,,,,,,,,1,1,4367,1
6131,PC,PC,1,,,,,,,,1,1,4368,1
6132,PC,PC,1,,,,,,,,1,1,4369,1
6133,PC,PC,1,,,,,,,,1,1,4370,1
6134,PC,PC,1,,,,,,,,1,1,4371,1
6135,PC,PC,1,,,,,,,,1,1,4372,1
6136,PC,PC,1,,,,,,,,1,1,4373,1
6137,PC,PC,1,,,,,,,,1,1,4374,1
6138,PC,PC,1,,,,,,,,1,1,4375,1
6139,PC,PC,1,,,,,,,,1,1,4376,1
6140,PC,PC,1,,,,,,,,1,1,4377,1
6141,PC,PC,1,,,,,,,,1,1,4378,1
6142,PC,PC,1,,,,,,,,1,1,4379,1
6143,PC,PC,1,,,,,,,,1,1,4380,1
6144,PC,PC,1,,,,,,,,1,1,4381,1
6145,PC,PC,1,,,,,,,,1,1,4382,1
6146,PC,PC,1,,,,,,,,1,1,4383,1
6147,PC,PC,1,,,,,,,,1,1,4384,1
6148,PC,PC,1,,,,,,,,1,1,4385,1
6149,PC,PC,1,,,,,,,,1,1,4386,1
6150,PC,PC,1,,,,,,,,1,1,4387,1
6151,PC,PC,1,,,,,,,,1,1,4388,1
6152,PC,PC,1,,,,,,,,1,1,4389,1
6153,PC,PC,1,,,,,,,,1,1,4390,1
6154,PC,PC,1,,,,,,,,1,1,4391,1
6155,PC,PC,1,,,,,,,,1,1,4392,1
6156,PC,PC,1,,,,,,,,1,1,4393,1
6157,PC,PC,1,,,,,,,,1,1,4394,1
6158,PC,PC,1,,,,,,,,1,1,4395,1
6159,PC,PC,1,,,,,,,,1,1,4396,1
6160,PC,PC,1,,,,,,,,1,1,4397,1
6161,PC,PC,1,,,,,,,,1,1,4398,1
6162,PC,PC,1,,,,,,,,1,1,4399,1
6163,PC,PC,1,,,,,,,,1,1,4400,1
6164,PC,PC,1,,,,,,,,1,1,4401,1
6165,PC,PC,1,,,,,,,,1,1,4402,1
6166,PC,PC,1,,,,,,,,1,1,4403,1
6167,PC,PC,1,,,,,,,,1,1,4404,1
6168,PC,PC,1,,,,,,,,1,1,4405,1
6169,PC,PC,1,,,,,,,,1,1,4406,1
6170,PC,PC,1,,,,,,,,1,1,4407,1
6171,PC,PC,1,,,,,,,,1,1,4408,1
6172,PC,PC,1,,,,,,,,1,1,4409,1
6173,PC,PC,1,,,,,,,,1,1,4410,1
6174,PC,PC,1,,,,,,,,1,1,4411,1
6175,PC,PC,1,,,,,,,,1,1,4412,1
6176,PC,PC,1,,,,,,,,1,1,4413,1
6177,PC,PC,1,,,,,,,,1,1,4414,1
6178,PC,PC,1,,,,,,,,1,1,4415,1
6179,PC,PC,1,,,,,,,,1,1,4416,1
6180,PC,PC,1,,,,,,,,1,1,4417,1
6181,PC,PC,1,,,,,,,,1,1,4418,1
6182,PC,PC,1,,,,,,,,1,1,4419,1
6183,PC,PC,1,,,,,,,,1,1,4420,1
6184,PC,PC,1,,,,,,,,1,1,4421,1
6185,PC,PC,1,,,,,,,,1,1,4422,1
6186,PC,PC,1,,,,,,,,1,1,4423,1
6187,PC,PC,1,,,,,,,,1,1,4424,1
6188,PC,PC,1,,,,,,,,1,1,4425,1
6189,PC,PC,1,,,,,,,,1,1,4426,1
6190,PC,PC,1,,,,,,,,1,1,4427,1
6191,PC,PC,1,,,,,,,,1,1,4428,1
6192,PC,PC,1,,,,,,,,1,1,4429,1
6193,PC,PC,1,,,,,,,,1,1,4430,1
6194,PC,PC,1,,,,,,,,1,1,4431,1
6195,PC,PC,1,,,,,,,,1,1,4432,1
6196,PC,PC,1,,,,,,,,1,1,4433,1
6197,PC,PC,1,,,,,,,,1,1,4434,1
6198,PC,PC,1,,,,,,,,1,1,4435,1
6199,PC,PC,1,,,,,,,,1,1,4436,1
6200,PC,PC,1,,,,,,,,1,1,4437,1
6201,PC,PC,1,,,,,,,,1,1,4438,1
6202,PC,PC,1,,,,,,,,1,1,4439,1
6203,PC,PC,1,,,,,,,,1,1,4440,1
6204,PC,PC,1,,,,,,,,1,1,4441,1
6205,PC,PC,1,,,,,,,,1,1,4442,1
6206,PC,PC,1,,,,,,,,1,1,4443,1
6207,PC,PC,1,,,,,,,,1,1,4444,1
6208,PC,PC,1,,,,,,,,1,1,4445,1
6209,PC,PC,1,,,,,,,,1,1,4446,1
6210,PC,PC,1,,,,,,,,1,1,4447,1
6211,PC,PC,1,,,,,,,,1,1,4448,1
6212,PC,PC,1,,,,,,,,1,1,4449,1
6213,PC,PC,1,,,,,,,,1,1,4450,1
6214,PC,PC,1,,,,,,,,1,1,4451,1
6215,PC,PC,1,,,,,,,,1,1,4452,1
6216,PC,PC,1,,,,,,,,1,1,4453,1
6217,PC,PC,1,,,,,,,,1,1,4454,1
6218,PC,PC,1,,,,,,,,1,1,4455,1
6219,PC,PC,1,,,,,,,,1,1,4456,1
6220,PC,PC,1,,,,,,,,1,1,4457,1
6221,PC,PC,1,,,,,,,,1,1,4458,1
6222,PC,PC,1,,,,,,,,1,1,4459,1
6223,PC,PC,1,,,,,,,,1,1,4460,1
6224,PC,PC,1,,,,,,,,1,1,4461,1
6225,PC,PC,1,,,,,,,,1,1,4462,1
6226,PC,PC,1,,,,,,,,1,1,4463,1
6227,PC,PC,1,,,,,,,,1,1,4464,1
6228,PC,PC,1,,,,,,,,1,1,4465,1
6229,PC,PC,1,,,,,,,,1,1,4466,1
6230,PC,PC,1,,,,,,,,1,1,4467,1
6231,PC,PC,1,,,,,,,,1,1,4468,1
6232,PC,PC,1,,,,,,,,1,1,4469,1
6233,PC,PC,1,,,,,,,,1,1,4470,1
6234,PC,PC,1,,,,,,,,1,1,4471,1
6235,PC,PC,1,,,,,,,,1,1,4472,1
6236,PC,PC,1,,,,,,,,1,1,4473,1
6237,PC,PC,1,,,,,,,,1,1,4474,1
6238,PC,PC,1,,,,,,,,1,1,4475,1
6239,PC,PC,1,,,,,,,,1,1,4476,1
6240,PC,PC,1,,,,,,,,1,1,4477,1
6241,PC,PC,1,,,,,,,,1,1,4478,1
6242,PC,PC,1,,,,,,,,1,1,4479,1
6243,PC,PC,1,,,,,,,,1,1,4480,1
6244,PC,PC,1,,,,,,,,1,1,4481,1
6245,PC,PC,1,,,,,,,,1,1,4482,1
6246,PC,PC,1,,,,,,,,1,1,4483,1
6247,PC,PC,1,,,,,,,,1,1,4484,1
6248,PC,PC,1,,,,,,,,1,1,4485,1
6249,PC,PC,1,,,,,,,,1,1,4486,1
6250,PC,PC,1,,,,,,,,1,1,4487,1
6251,PC,PC,1,,,,,,,,1,1,4488,1
6252,PC,PC,1,,,,,,,,1,1,4489,1
6253,PC,PC,1,,,,,,,,1,1,4490,1
6254,PC,PC,1,,,,,,,,1,1,4491,1
6255,PC,PC,1,,,,,,,,1,1,4492,1
6256,PC,PC,1,,,,,,,,1,1,4493,1
6257,PC,PC,1,,,,,,,,1,1,4494,1
6258,PC,PC,1,,,,,,,,1,1,4495,1
6259,PC,PC,1,,,,,,,,1,1,4496,1
6260,PC,PC,1,,,,,,,,1,1,4497,1
6261,PC,PC,1,,,,,,,,1,1,4498,1
6262,PC,PC,1,,,,,,,,1,1,4499,1
6263,PC,PC,1,,,,,,,,1,1,4500,1
6264,PC,PC,1,,,,,,,,1,1,4501,1
6265,PC,PC,1,,,,,,,,1,1,4502,1
6266,PC,PC,1,,,,,,,,1,1,4503,1
6267,PC,PC,1,,,,,,,,1,1,4504,1
6268,PC,PC,1,,,,,,,,1,1,4505,1
6269,PC,PC,1,,,,,,,,1,1,4506,1
6270,PC,PC,1,,,,,,,,1,1,4507,1
6271,PC,PC,1,,,,,,,,1,1,4508,1
6272,PC,PC,1,,,,,,,,1,1,4509,1
6273,PC,PC,1,,,,,,,,1,1,4510,1
6274,PC,PC,1,,,,,,,,1,1,4511,1
6275,PC,PC,1,,,,,,,,1,1,4512,1
6276,PC,PC,1,,,,,,,,1,1,4513,1
6277,PC,PC,1,,,,,,,,1,1,4514,1
6278,PC,PC,1,,,,,,,,1,1,4515,1
6279,PC,PC,1,,,,,,,,1,1,4516,1
6280,PC,PC,1,,,,,,,,1,1,4517,1
6281,PC,PC,1,,,,,,,,1,1,4518,1
6282,PC,PC,1,,,,,,,,1,1,4519,1
6283,PC,PC,1,,,,,,,,1,1,4520,1
6284,PC,PC,1,,,,,,,,1,1,4521,1
6285,PC,PC,1,,,,,,,,1,1,4522,1
6286,PC,PC,1,,,,,,,,1,1,4523,1
6287,PC,PC,1,,,,,,,,1,1,4524,1
6288,PC,PC,1,,,,,,,,1,1,4525,1
6289,PC,PC,1,,,,,,,,1,1,4526,1
6290,PC,PC,1,,,,,,,,1,1,4527,1
6291,PC,PC,1,,,,,,,,1,1,4528,1
6292,PC,PC,1,,,,,,,,1,1,4529,1
6293,PC,PC,1,,,,,,,,1,1,4530,1
6294,PC,PC,1,,,,,,,,1,1,4531,1
6295,PC,PC,1,,,,,,,,1,1,4532,1
6296,PC,PC,1,,,,,,,,1,1,4533,1
6297,PC,PC,1,,,,,,,,1,1,4534,1
6298,PC,PC,1,,,,,,,,1,1,4535,1
6299,PC,PC,1,,,,,,,,1,1,4536,1
6300,PC,PC,1,,,,,,,,1,1,4537,1
6301,PC,PC,1,,,,,,,,1,1,4538,1
6302,PC,PC,1,,,,,,,,1,1,4539,1
6303,PC,PC,1,,,,,,,,1,1,4540,1
6304,PC,PC,1,,,,,,,,1,1,4541,1
6305,PC,PC,1,,,,,,,,1,1,4542,1
6306,PC,PC,1,,,,,,,,1,1,4543,1
6307,PC,PC,1,,,,,,,,1,1,4544,1
6308,PC,PC,1,,,,,,,,1,1,4545,1
6309,PC,PC,1,,,,,,,,1,1,4546,1
6310,PC,PC,1,,,,,,,,1,1,4547,1
6311,PC,PC,1,,,,,,,,1,1,4548,1
6312,PC,PC,1,,,,,,,,1,1,4549,1
6313,PC,PC,1,,,,,,,,1,1,4550,1
6314,PC,PC,1,,,,,,,,1,1,4551,1
6315,PC,PC,1,,,,,,,,1,1,4552,1
6316,PC,PC,1,,,,,,,,1,1,4553,1
6317,PC,PC,1,,,,,,,,1,1,4554,1
6318,PC,PC,1,,,,,,,,1,1,4555,1
6319,PC,PC,1,,,,,,,,1,1,4556,1
6320,PC,PC,1,,,,,,,,1,1,4557,1
6321,PC,PC,1,,,,,,,,1,1,4558,1
6322,PC,PC,1,,,,,,,,1,1,4559,1
6323,PC,PC,1,,,,,,,,1,1,4560,1
6324,PC,PC,1,,,,,,,,1,1,4561,1
6325,PC,PC,1,,,,,,,,1,1,4562,1
6326,PC,PC,1,,,,,,,,1,1,4563,1
6327,PC,PC,1,,,,,,,,1,1,4564,1
6328,PC,PC,1,,,,,,,,1,1,4565,1
6329,PC,PC,1,,,,,,,,1,1,4566,1
6330,PC,PC,1,,,,,,,,1,1,4567,1
6331,PC,PC,1,,,,,,,,1,1,4568,1
6332,PC,PC,1,,,,,,,,1,1,4569,1
6333,PC,PC,1,,,,,,,,1,1,4570,1
6334,PC,PC,1,,,,,,,,1,1,4571,1
6335,PC,PC,1,,,,,,,,1,1,4572,1
6336,PC,PC,1,,,,,,,,1,1,4573,1
6337,PC,PC,1,,,,,,,,1,1,4574,1
6338,PC,PC,1,,,,,,,,1,1,4575,1
6339,PC,PC,1,,,,,,,,1,1,4576,1
6340,PC,PC,1,,,,,,,,1,1,4577,1
6341,PC,PC,1,,,,,,,,1,1,4578,1
6342,PC,PC,1,,,,,,,,1,1,4579,1
6343,PC,PC,1,,,,,,,,1,1,4580,1
6344,PC,PC,1,,,,,,,,1,1,4581,1
6345,PC,PC,1,,,,,,,,1,1,4582,1
6346,PC,PC,1,,,,,,,,1,1,4583,1
6347,PC,PC,1,,,,,,,,1,1,4584,1
6348,PC,PC,1,,,,,,,,1,1,4585,1
6349,PC,PC,1,,,,,,,,1,1,4586,1
6350,PC,PC,1,,,,,,,,1,1,4587,1
6351,PC,PC,1,,,,,,,,1,1,4588,1
6352,PC,PC,1,,,,,,,,1,1,4589,1
6353,PC,PC,1,,,,,,,,1,1,4590,1
6354,PC,PC,1,,,,,,,,1,1,4591,1
6355,PC,PC,1,,,,,,,,1,1,4592,1
6356,PC,PC,1,,,,,,,,1,1,4593,1
6357,PC,PC,1,,,,,,,,1,1,4594,1
6358,PC,PC,1,,,,,,,,1,1,4595,1
6359,PC,PC,1,,,,,,,,1,1,4596,1
6360,PC,PC,1,,,,,,,,1,1,4597,1
6361,PC,PC,1,,,,,,,,1,1,4598,1
6362,PC,PC,1,,,,,,,,1,1,4599,1
6363,PC,PC,1,,,,,,,,1,1,4600,1
6364,PC,PC,1,,,,,,,,1,1,4601,1
6365,PC,PC,1,,,,,,,,1,1,4602,1
6366,PC,PC,1,,,,,,,,1,1,4603,1
6367,PC,PC,1,,,,,,,,1,1,4604,1
6368,PC,PC,1,,,,,,,,1,1,4605,1
6369,PC,PC,1,,,,,,,,1,1,4606,1
6370,PC,PC,1,,,,,,,,1,1,4607,1
6371,PC,PC,1,,,,,,,,1,1,4608,1
6372,PC,PC,1,,,,,,,,1,1,4609,1
6373,PC,PC,1,,,,,,,,1,1,4610,1
6374,PC,PC,1,,,,,,,,1,1,4611,1
6375,PC,PC,1,,,,,,,,1,1,4612,1
6376,PC,PC,1,,,,,,,,1,1,4613,1
6377,PC,PC,1,,,,,,,,1,1,4614,1
6378,PC,PC,1,,,,,,,,1,1,4615,1
6379,PC,PC,1,,,,,,,,1,1,4616,1
6380,PC,PC,1,,,,,,,,1,1,4617,1
6381,PC,PC,1,,,,,,,,1,1,4618,1
6382,PC,PC,1,,,,,,,,1,1,4619,1
6383,PC,PC,1,,,,,,,,1,1,4620,1
6384,PC,PC,1,,,,,,,,1,1,4621,1
6385,PC,PC,1,,,,,,,,1,1,4622,1
6386,PC,PC,1,,,,,,,,1,1,4623,1
6387,PC,PC,1,,,,,,,,1,1,4624,1
6388,PC,PC,1,,,,,,,,1,1,4625,1
6389,PC,PC,1,,,,,,,,1,1,4626,1
6390,PC,PC,1,,,,,,,,1,1,4627,1
6391,PC,PC,1,,,,,,,,1,1,4628,1
6392,PC,PC,1,,,,,,,,1,1,4629,1
6393,PC,PC,1,,,,,,,,1,1,4630,1
6394,PC,PC,1,,,,,,,,1,1,4631,1
6395,PC,PC,1,,,,,,,,1,1,4632,1
6396,PC,PC,1,,,,,,,,1,1,4633,1
6397,PC,PC,1,,,,,,,,1,1,4634,1
6398,PC,PC,1,,,,,,,,1,1,4635,1
6399,PC,PC,1,,,,,,,,1,1,4636,1
6400,PC,PC,1,,,,,,,,1,1,4637,1
6401,PC,PC,1,,,,,,,,1,1,4638,1
6402,PC,PC,1,,,,,,,,1,1,4639,1
6403,PC,PC,1,,,,,,,,1,1,4640,1
6404,BG,BG,1,,,,,,,,1,1,4641,1
6405,TP,TP,1,,,,,,,,1,1,4642,1
6406,TP,TP,1,,,,,,,,1,1,4643,1
6407,JR,JR,1,,,,,,,,1,1,4644,1
6408,PC,PC,1,,,,,,,,1,1,4645,1
6409,PC,PC,1,,,,,,,,1,1,4646,1
6410,PC,PC,1,,,,,,,,1,1,4647,1
6411,PC,PC,1,,,,,,,,1,1,4648,1
6412,PC,PC,1,,,,,,,,1,1,4649,1
6413,PC,PC,1,,,,,,,,1,1,4650,1
6414,PC,PC,1,,,,,,,,1,1,4651,1
6415,PC,PC,1,,,,,,,,1,1,4652,1
6416,PC,PC,1,,,,,,,,1,1,4653,1
6417,PC,PC,1,,,,,,,,1,1,4654,1
6418,PC,PC,1,,,,,,,,1,1,4655,1
6419,PC,PC,1,,,,,,,,1,1,4656,1
6420,PC,PC,1,,,,,,,,1,1,4657,1
6421,PC,PC,1,,,,,,,,1,1,4658,1
6422,PC,PC,1,,,,,,,,1,1,4659,1
6423,PC,PC,1,,,,,,,,1,1,4660,1
6424,PC,PC,1,,,,,,,,1,1,4661,1
6425,PC,PC,1,,,,,,,,1,1,4662,1
6426,PC,PC,1,,,,,,,,1,1,4663,1
6427,PC,PC,1,,,,,,,,1,1,4664,1
6428,PC,PC,1,,,,,,,,1,1,4665,1
6429,PC,PC,1,,,,,,,,1,1,4666,1
6430,PC,PC,1,,,,,,,,1,1,4667,1
6431,PC,PC,1,,,,,,,,1,1,4668,1
6432,PC,PC,1,,,,,,,,1,1,4669,1
6433,PC,PC,1,,,,,,,,1,1,4670,1
6434,PC,PC,1,,,,,,,,1,1,4671,1
6435,PC,PC,1,,,,,,,,1,1,4672,1
6436,PC,PC,1,,,,,,,,1,1,4673,1
6437,PC,PC,1,,,,,,,,1,1,4674,1
6438,PC,PC,1,,,,,,,,1,1,4675,1
6439,PC,PC,1,,,,,,,,1,1,4676,1
6440,PC,PC,1,,,,,,,,1,1,4677,1
6441,PC,PC,1,,,,,,,,1,1,4678,1
6442,PC,PC,1,,,,,,,,1,1,4679,1
6443,PC,PC,1,,,,,,,,1,1,4680,1
6444,PC,PC,1,,,,,,,,1,1,4681,1
6445,PC,PC,1,,,,,,,,1,1,4682,1
6446,PC,PC,1,,,,,,,,1,1,4683,1
6447,PC,PC,1,,,,,,,,1,1,4684,1
6448,PC,PC,1,,,,,,,,1,1,4685,1
6449,PC,PC,1,,,,,,,,1,1,4686,1
6450,PC,PC,1,,,,,,,,1,1,4687,1
6451,PC,PC,1,,,,,,,,1,1,4688,1
6452,PC,PC,1,,,,,,,,1,1,4689,1
6453,PC,PC,1,,,,,,,,1,1,4690,1
6454,PC,PC,1,,,,,,,,1,1,4691,1
6455,PC,PC,1,,,,,,,,1,1,4692,1
6456,PC,PC,1,,,,,,,,1,1,4693,1
6457,PC,PC,1,,,,,,,,1,1,4694,1
6458,PC,PC,1,,,,,,,,1,1,4695,1
6459,PC,PC,1,,,,,,,,1,1,4696,1
6460,PC,PC,1,,,,,,,,1,1,4697,1
6461,PC,PC,1,,,,,,,,1,1,4698,1
6462,PC,PC,1,,,,,,,,1,1,4699,1
6463,PC,PC,1,,,,,,,,1,1,4700,1
6464,PC,PC,1,,,,,,,,1,1,4701,1
6465,PC,PC,1,,,,,,,,1,1,4702,1
6466,PC,PC,1,,,,,,,,1,1,4703,1
6467,PC,PC,1,,,,,,,,1,1,4704,1
6468,PC,PC,1,,,,,,,,1,1,4705,1
6469,PC,PC,1,,,,,,,,1,1,4706,1
6470,PC,PC,1,,,,,,,,1,1,4707,1
6471,PC,PC,1,,,,,,,,1,1,4708,1
6472,PC,PC,1,,,,,,,,1,1,4709,1
6473,PC,PC,1,,,,,,,,1,1,4710,1
6474,PC,PC,1,,,,,,,,1,1,4711,1
6475,PC,PC,1,,,,,,,,1,1,4712,1
6476,PC,PC,1,,,,,,,,1,1,4713,1
6477,PC,PC,1,,,,,,,,1,1,4714,1
6478,PC,PC,1,,,,,,,,1,1,4715,1
6479,PC,PC,1,,,,,,,,1,1,4716,1
6480,PC,PC,1,,,,,,,,1,1,4717,1
6481,PC,PC,1,,,,,,,,1,1,4718,1
6482,PC,PC,1,,,,,,,,1,1,4719,1
6483,PC,PC,1,,,,,,,,1,1,4720,1
6484,PC,PC,1,,,,,,,,1,1,4721,1
6485,PC,PC,1,,,,,,,,1,1,4722,1
6486,PC,PC,1,,,,,,,,1,1,4723,1
6487,PC,PC,1,,,,,,,,1,1,4724,1
6488,PC,PC,1,,,,,,,,1,1,4725,1
6489,PC,PC,1,,,,,,,,1,1,4726,1
6490,PC,PC,1,,,,,,,,1,1,4727,1
6491,PC,PC,1,,,,,,,,1,1,4728,1
6492,PC,PC,1,,,,,,,,1,1,4729,1
6493,PC,PC,1,,,,,,,,1,1,4730,1
6494,PC,PC,1,,,,,,,,1,1,4731,1
6495,PC,PC,1,,,,,,,,1,1,4732,1
6496,PC,PC,1,,,,,,,,1,1,4733,1
6497,PC,PC,1,,,,,,,,1,1,4734,1
6498,PC,PC,1,,,,,,,,1,1,4735,1
6499,PC,PC,1,,,,,,,,1,1,4736,1
6500,PC,PC,1,,,,,,,,1,1,4737,1
6501,PC,PC,1,,,,,,,,1,1,4738,1
6502,PC,PC,1,,,,,,,,1,1,4739,1
6503,PC,PC,1,,,,,,,,1,1,4740,1
6504,PC,PC,1,,,,,,,,1,1,4741,1
6505,PC,PC,1,,,,,,,,1,1,4742,1
6506,PC,PC,1,,,,,,,,1,1,4743,1
6507,PC,PC,1,,,,,,,,1,1,4744,1
6508,PC,PC,1,,,,,,,,1,1,4745,1
6509,PC,PC,1,,,,,,,,1,1,4746,1
6510,PC,PC,1,,,,,,,,1,1,4747,1
6511,PC,PC,1,,,,,,,,1,1,4748,1
6512,PC,PC,1,,,,,,,,1,1,4749,1
6513,PC,PC,1,,,,,,,,1,1,4750,1
6514,PC,PC,1,,,,,,,,1,1,4751,1
6515,PC,PC,1,,,,,,,,1,1,4752,1
6516,PC,PC,1,,,,,,,,1,1,4753,1
6517,PC,PC,1,,,,,,,,1,1,4754,1
6518,PC,PC,1,,,,,,,,1,1,4755,1
6519,PC,PC,1,,,,,,,,1,1,4756,1
6520,PC,PC,1,,,,,,,,1,1,4757,1
6521,PC,PC,1,,,,,,,,1,1,4758,1
6522,PC,PC,1,,,,,,,,1,1,4759,1
6523,PC,PC,1,,,,,,,,1,1,4760,1
6524,PC,PC,1,,,,,,,,1,1,4761,1
6525,PC,PC,1,,,,,,,,1,1,4762,1
6526,PC,PC,1,,,,,,,,1,1,4763,1
6527,PC,PC,1,,,,,,,,1,1,4764,1
6528,PC,PC,1,,,,,,,,1,1,4765,1
6529,PC,PC,1,,,,,,,,1,1,4766,1
6530,PC,PC,1,,,,,,,,1,1,4767,1
6531,PC,PC,1,,,,,,,,1,1,4768,1
6532,PC,PC,1,,,,,,,,1,1,4769,1
6533,PC,PC,1,,,,,,,,1,1,4770,1
6534,PC,PC,1,,,,,,,,1,1,4771,1
6535,PC,PC,1,,,,,,,,1,1,4772,1
6536,PC,PC,1,,,,,,,,1,1,4773,1
6537,PC,PC,1,,,,,,,,1,1,4774,1
6538,PC,PC,1,,,,,,,,1,1,4775,1
6539,PC,PC,1,,,,,,,,1,1,4776,1
6540,PC,PC,1,,,,,,,,1,1,4777,1
6541,PC,PC,1,,,,,,,,1,1,4778,1
6542,PC,PC,1,,,,,,,,1,1,4779,1
6543,PC,PC,1,,,,,,,,1,1,4780,1
6544,PC,PC,1,,,,,,,,1,1,4781,1
6545,PC,PC,1,,,,,,,,1,1,4782,1
6546,PC,PC,1,,,,,,,,1,1,4783,1
6547,PC,PC,1,,,,,,,,1,1,4784,1
6548,PC,PC,1,,,,,,,,1,1,4785,1
6549,PC,PC,1,,,,,,,,1,1,4786,1
6550,PC,PC,1,,,,,,,,1,1,4787,1
6551,PC,PC,1,,,,,,,,1,1,4788,1
6552,PC,PC,1,,,,,,,,1,1,4789,1
6553,PC,PC,1,,,,,,,,1,1,4790,1
6554,PC,PC,1,,,,,,,,1,1,4791,1
6555,PC,PC,1,,,,,,,,1,1,4792,1
6556,PC,PC,1,,,,,,,,1,1,4793,1
6557,PC,PC,1,,,,,,,,1,1,4794,1
6558,PC,PC,1,,,,,,,,1,1,4795,1
6559,PC,PC,1,,,,,,,,1,1,4796,1
6560,PC,PC,1,,,,,,,,1,1,4797,1
6561,PC,PC,1,,,,,,,,1,1,4798,1
6562,PC,PC,1,,,,,,,,1,1,4799,1
6563,PC,PC,1,,,,,,,,1,1,4800,1
6564,PC,PC,1,,,,,,,,1,1,4801,1
6565,PC,PC,1,,,,,,,,1,1,4802,1
6566,PC,PC,1,,,,,,,,1,1,4803,1
6567,PC,PC,1,,,,,,,,1,1,4804,1
6568,PC,PC,1,,,,,,,,1,1,4805,1
6569,PC,PC,1,,,,,,,,1,1,4806,1
6570,PC,PC,1,,,,,,,,1,1,4807,1
6571,PC,PC,1,,,,,,,,1,1,4808,1
6572,PC,PC,1,,,,,,,,1,1,4809,1
6573,PC,PC,1,,,,,,,,1,1,4810,1
6574,PC,PC,1,,,,,,,,1,1,4811,1
6575,PC,PC,1,,,,,,,,1,1,4812,1
6576,PC,PC,1,,,,,,,,1,1,4813,1
6577,PC,PC,1,,,,,,,,1,1,4814,1
6578,PC,PC,1,,,,,,,,1,1,4815,1
6579,PC,PC,1,,,,,,,,1,1,4816,1
6580,PC,PC,1,,,,,,,,1,1,4817,1
6581,PC,PC,1,,,,,,,,1,1,4818,1
6582,PC,PC,1,,,,,,,,1,1,4819,1
6583,PC,PC,1,,,,,,,,1,1,4820,1
6584,PC,PC,1,,,,,,,,1,1,4821,1
6585,PC,PC,1,,,,,,,,1,1,4822,1
6586,PC,PC,1,,,,,,,,1,1,4823,1
6587,PC,PC,1,,,,,,,,1,1,4824,1
6588,PC,PC,1,,,,,,,,1,1,4825,1
6589,PC,PC,1,,,,,,,,1,1,4826,1
6590,PC,PC,1,,,,,,,,1,1,4827,1
6591,PC,PC,1,,,,,,,,1,1,4828,1
6592,PC,PC,1,,,,,,,,1,1,4829,1
6593,PC,PC,1,,,,,,,,1,1,4830,1
6594,PC,PC,1,,,,,,,,1,1,4831,1
6595,PC,PC,1,,,,,,,,1,1,4832,1
6596,PC,PC,1,,,,,,,,1,1,4833,1
6597,PC,PC,1,,,,,,,,1,1,4834,1
6598,PC,PC,1,,,,,,,,1,1,4835,1
6599,PC,PC,1,,,,,,,,1,1,4836,1
6600,PC,PC,1,,,,,,,,1,1,4837,1
6601,PC,PC,1,,,,,,,,1,1,4838,1
6602,PC,PC,1,,,,,,,,1,1,4839,1
6603,PC,PC,1,,,,,,,,1,1,4840,1
6604,PC,PC,1,,,,,,,,1,1,4841,1
6605,PC,PC,1,,,,,,,,1,1,4842,1
6606,PC,PC,1,,,,,,,,1,1,4843,1
6607,PC,PC,1,,,,,,,,1,1,4844,1
6608,PC,PC,1,,,,,,,,1,1,4845,1
6609,PC,PC,1,,,,,,,,1,1,4846,1
6610,PC,PC,1,,,,,,,,1,1,4847,1
6611,PC,PC,1,,,,,,,,1,1,4848,1
6612,PC,PC,1,,,,,,,,1,1,4849,1
6613,PC,PC,1,,,,,,,,1,1,4850,1
6614,PC,PC,1,,,,,,,,1,1,4851,1
6615,PC,PC,1,,,,,,,,1,1,4852,1
6616,PC,PC,1,,,,,,,,1,1,4853,1
6617,PC,PC,1,,,,,,,,1,1,4854,1
6618,PC,PC,1,,,,,,,,1,1,4855,1
6619,PC,PC,1,,,,,,,,1,1,4856,1
6620,BG,BG,1,,,,,,,,1,1,4857,1
6621,PC,PC,1,,,,,,,,1,1,4858,1
6622,BG,BG,1,,,,,,,,1,1,4859,1
6623,PC,PC,1,,,,,,,,1,1,4860,1
6624,PC,PC,1,,,,,,,,1,1,4861,1
6625,PC,PC,1,,,,,,,,1,1,4862,1
6626,PC,PC,1,,,,,,,,1,1,4863,1
6627,PC,PC,1,,,,,,,,1,1,4864,1
6628,PC,PC,1,,,,,,,,1,1,4865,1
6629,PC,PC,1,,,,,,,,1,1,4866,1
6630,PC,PC,1,,,,,,,,1,1,4867,1
6631,PC,PC,1,,,,,,,,1,1,4868,1
6632,PC,PC,1,,,,,,,,1,1,4869,1
6633,PC,PC,1,,,,,,,,1,1,4870,1
6634,PC,PC,1,,,,,,,,1,1,4871,1
6635,PC,PC,1,,,,,,,,1,1,4872,1
6636,PC,PC,1,,,,,,,,1,1,4873,1
6637,PC,PC,1,,,,,,,,1,1,4874,1
6638,PC,PC,1,,,,,,,,1,1,4875,1
6639,PC,PC,1,,,,,,,,1,1,4876,1
6640,PC,PC,1,,,,,,,,1,1,4877,1
6641,PC,PC,1,,,,,,,,1,1,4878,1
6642,PC,PC,1,,,,,,,,1,1,4879,1
6643,PC,PC,1,,,,,,,,1,1,4880,1
6644,PC,PC,1,,,,,,,,1,1,4881,1
6645,PC,PC,1,,,,,,,,1,1,4882,1
6646,PC,PC,1,,,,,,,,1,1,4883,1
6647,PC,PC,1,,,,,,,,1,1,4884,1
6648,PC,PC,1,,,,,,,,1,1,4885,1
6649,PC,PC,1,,,,,,,,1,1,4886,1
6650,PC,PC,1,,,,,,,,1,1,4887,1
6651,PC,PC,1,,,,,,,,1,1,4888,1
6652,PC,PC,1,,,,,,,,1,1,4889,1
6653,PC,PC,1,,,,,,,,1,1,4890,1
6654,PC,PC,1,,,,,,,,1,1,4891,1
6655,PC,PC,1,,,,,,,,1,1,4892,1
6656,PC,PC,1,,,,,,,,1,1,4893,1
6657,PC,PC,1,,,,,,,,1,1,4894,1
6658,PC,PC,1,,,,,,,,1,1,4895,1
6659,PC,PC,1,,,,,,,,1,1,4896,1
6660,PC,PC,1,,,,,,,,1,1,4897,1
6661,PC,PC,1,,,,,,,,1,1,4898,1
6662,PC,PC,1,,,,,,,,1,1,4899,1
6663,PC,PC,1,,,,,,,,1,1,4900,1
6664,PC,PC,1,,,,,,,,1,1,4901,1
6665,PC,PC,1,,,,,,,,1,1,4902,1
6666,PC,PC,1,,,,,,,,1,1,4903,1
6667,PC,PC,1,,,,,,,,1,1,4904,1
6668,PC,PC,1,,,,,,,,1,1,4905,1
6669,PC,PC,1,,,,,,,,1,1,4906,1
6670,PC,PC,1,,,,,,,,1,1,4907,1
6671,PC,PC,1,,,,,,,,1,1,4908,1
6672,PC,PC,1,,,,,,,,1,1,4909,1
6673,PC,PC,1,,,,,,,,1,1,4910,1
6674,PC,PC,1,,,,,,,,1,1,4911,1
6675,PC,PC,1,,,,,,,,1,1,4912,1
6676,PC,PC,1,,,,,,,,1,1,4913,1
6677,PC,PC,1,,,,,,,,1,1,4914,1
6678,PC,PC,1,,,,,,,,1,1,4915,1
6679,PC,PC,1,,,,,,,,1,1,4916,1
6680,PC,PC,1,,,,,,,,1,1,4917,1
6681,PC,PC,1,,,,,,,,1,1,4918,1
6682,PC,PC,1,,,,,,,,1,1,4919,1
6683,PC,PC,1,,,,,,,,1,1,4920,1
6684,PC,PC,1,,,,,,,,1,1,4921,1
6685,PC,PC,1,,,,,,,,1,1,4922,1
6686,PC,PC,1,,,,,,,,1,1,4923,1
6687,PC,PC,1,,,,,,,,1,1,4924,1
6688,PC,PC,1,,,,,,,,1,1,4925,1
6689,PC,PC,1,,,,,,,,1,1,4926,1
6690,PC,PC,1,,,,,,,,1,1,4927,1
6691,PC,PC,1,,,,,,,,1,1,4928,1
6692,PC,PC,1,,,,,,,,1,1,4929,1
6693,PC,PC,1,,,,,,,,1,1,4930,1
6694,PC,PC,1,,,,,,,,1,1,4931,1
6695,PC,PC,1,,,,,,,,1,1,4932,1
6696,PC,PC,1,,,,,,,,1,1,4933,1
6697,PC,PC,1,,,,,,,,1,1,4934,1
6698,PC,PC,1,,,,,,,,1,1,4935,1
6699,PC,PC,1,,,,,,,,1,1,4936,1
6700,PC,PC,1,,,,,,,,1,1,4937,1
6701,PC,PC,1,,,,,,,,1,1,4938,1
6702,PC,PC,1,,,,,,,,1,1,4939,1
6703,PC,PC,1,,,,,,,,1,1,4940,1
6704,PC,PC,1,,,,,,,,1,1,4941,1
6705,PC,PC,1,,,,,,,,1,1,4942,1
6706,PC,PC,1,,,,,,,,1,1,4943,1
6707,PC,PC,1,,,,,,,,1,1,4944,1
6708,PC,PC,1,,,,,,,,1,1,4945,1
6709,PC,PC,1,,,,,,,,1,1,4946,1
6710,PC,PC,1,,,,,,,,1,1,4947,1
6711,PC,PC,1,,,,,,,,1,1,4948,1
6712,PC,PC,1,,,,,,,,1,1,4949,1
6713,PC,PC,1,,,,,,,,1,1,4950,1
6714,PC,PC,1,,,,,,,,1,1,4951,1
6715,PC,PC,1,,,,,,,,1,1,4952,1
6716,PC,PC,1,,,,,,,,1,1,4953,1
6717,PC,PC,1,,,,,,,,1,1,4954,1
6718,PC,PC,1,,,,,,,,1,1,4955,1
6719,PC,PC,1,,,,,,,,1,1,4956,1
6720,PC,PC,1,,,,,,,,1,1,4957,1
6721,PK,PK,1,,,,,,,,1,1,4958,1
6722,PK,PK,1,,,,,,,,1,1,4959,1
6723,PK,PK,1,,,,,,,,1,1,4960,1
6724,PK,PK,1,,,,,,,,1,1,4961,1
6725,PK,PK,1,,,,,,,,1,1,4962,1
6726,PK,PK,1,,,,,,,,1,1,4963,1
6727,PK,PK,1,,,,,,,,1,1,4964,1
6728,PK,PK,1,,,,,,,,1,1,4965,1
6729,PK,PK,1,,,,,,,,1,1,4966,1
6730,PK,PK,1,,,,,,,,1,1,4967,1
6731,PC,PC,1,,,,,,,,1,1,4968,1
6732,PC,PC,1,,,,,,,,1,1,4969,1
6733,PK,PK,1,,,,,,,,1,1,4970,1
6734,PK,PK,1,,,,,,,,1,1,4971,1
6735,PK,PK,1,,,,,,,,1,1,4972,1
6736,PK,PK,1,,,,,,,,1,1,4973,1
6737,PK,PK,1,,,,,,,,1,1,4974,1
6738,PC,PC,1,,,,,,,,1,1,4975,1
6739,PK,PK,1,,,,,,,,1,1,4976,1
6740,PK,PK,1,,,,,,,,1,1,4977,1
6741,PK,PK,1,,,,,,,,1,1,4978,1
6742,PK,PK,1,,,,,,,,1,1,4979,1
6743,PK,PK,1,,,,,,,,1,1,4980,1
6744,PK,PK,1,,,,,,,,1,1,4981,1
6745,PK,PK,1,,,,,,,,1,1,4982,1
6746,PK,PK,1,,,,,,,,1,1,4983,1
6747,PK,PK,1,,,,,,,,1,1,4984,1
6748,PC,PC,1,,,,,,,,1,1,4985,1
6749,PC,PC,1,,,,,,,,1,1,4986,1
6750,PC,PC,1,,,,,,,,1,1,4987,1
6751,PK,PK,1,,,,,,,,1,1,4988,1
6752,PK,PK,1,,,,,,,,1,1,4989,1
6753,PK,PK,1,,,,,,,,1,1,4990,1
6754,PK,PK,1,,,,,,,,1,1,4991,1
6755,PK,PK,1,,,,,,,,1,1,4992,1
6756,PC,PC,1,,,,,,,,1,1,4993,1
6757,PC,PC,1,,,,,,,,1,1,4994,1
6758,PC,PC,1,,,,,,,,1,1,4995,1
6759,PC,PC,1,,,,,,,,1,1,4996,1
6760,PC,PC,1,,,,,,,,1,1,4997,1
6761,PC,PC,1,,,,,,,,1,1,4998,1
6762,PK,PK,1,,,,,,,,1,1,4999,1
6763,PK,PK,1,,,,,,,,1,1,5000,1
6764,PK,PK,1,,,,,,,,1,1,5001,1
6765,PK,PK,1,,,,,,,,1,1,5002,1
6766,PK,PK,1,,,,,,,,1,1,5003,1
6767,PK,PK,1,,,,,,,,1,1,5004,1
6768,PK,PK,1,,,,,,,,1,1,5005,1
6769,PK,PK,1,,,,,,,,1,1,5006,1
6770,PK,PK,1,,,,,,,,1,1,5007,1
6771,PK,PK,1,,,,,,,,1,1,5008,1
6772,PK,PK,1,,,,,,,,1,1,5009,1
6773,PK,PK,1,,,,,,,,1,1,5010,1
6774,PC,PC,1,,,,,,,,1,1,5011,1
6775,PC,PC,1,,,,,,,,1,1,5012,1
6776,PC,PC,1,,,,,,,,1,1,5013,1
6777,PC,PC,1,,,,,,,,1,1,5014,1
6778,PC,PC,1,,,,,,,,1,1,5015,1
6779,PC,PC,1,,,,,,,,1,1,5016,1
6780,PC,PC,1,,,,,,,,1,1,5017,1
6781,PC,PC,1,,,,,,,,1,1,5018,1
6782,PC,PC,1,,,,,,,,1,1,5019,1
6783,PC,PC,1,,,,,,,,1,1,5020,1
6784,PC,PC,1,,,,,,,,1,1,5021,1
6785,PC,PC,1,,,,,,,,1,1,5022,1
6786,PC,PC,1,,,,,,,,1,1,5023,1
6787,PC,PC,1,,,,,,,,1,1,5024,1
6788,PC,PC,1,,,,,,,,1,1,5025,1
6789,PC,PC,1,,,,,,,,1,1,5026,1
6790,PC,PC,1,,,,,,,,1,1,5027,1
6791,PC,PC,1,,,,,,,,1,1,5028,1
6792,PC,PC,1,,,,,,,,1,1,5029,1
6793,PC,PC,1,,,,,,,,1,1,5030,1
6794,PC,PC,1,,,,,,,,1,1,5031,1
6795,PC,PC,1,,,,,,,,1,1,5032,1
6796,PC,PC,1,,,,,,,,1,1,5033,1
6797,PC,PC,1,,,,,,,,1,1,5034,1
6798,PC,PC,1,,,,,,,,1,1,5035,1
6799,PC,PC,1,,,,,,,,1,1,5036,1
6800,PC,PC,1,,,,,,,,1,1,5037,1
6801,PC,PC,1,,,,,,,,1,1,5038,1
6802,PC,PC,1,,,,,,,,1,1,5039,1
6803,PC,PC,1,,,,,,,,1,1,5040,1
6804,PC,PC,1,,,,,,,,1,1,5041,1
6805,PC,PC,1,,,,,,,,1,1,5042,1
6806,PC,PC,1,,,,,,,,1,1,5043,1
6807,PC,PC,1,,,,,,,,1,1,5044,1
6808,PC,PC,1,,,,,,,,1,1,5045,1
6809,PC,PC,1,,,,,,,,1,1,5046,1
6810,PC,PC,1,,,,,,,,1,1,5047,1
6811,PC,PC,1,,,,,,,,1,1,5048,1
6812,PC,PC,1,,,,,,,,1,1,5049,1
6813,PC,PC,1,,,,,,,,1,1,5050,1
6814,PC,PC,1,,,,,,,,1,1,5051,1
6815,BT,BT,1,,,,,,,,1,1,5052,1
6816,BT,BT,1,,,,,,,,1,1,5053,1
6817,BT,BT,1,,,,,,,,1,1,5054,1
6818,BT,BT,1,,,,,,,,1,1,5055,1
6819,PC,PC,1,,,,,,,,1,1,5056,1
6820,PC,PC,1,,,,,,,,1,1,5057,1
6821,PC,PC,1,,,,,,,,1,1,5058,1
6822,PC,PC,1,,,,,,,,1,1,5059,1
6823,PC,PC,1,,,,,,,,1,1,5060,1
6824,PC,PC,1,,,,,,,,1,1,5061,1
6825,PC,PC,1,,,,,,,,1,1,5062,1
6826,BT,BT,1,,,,,,,,1,1,5063,1
6827,BT,BT,1,,,,,,,,1,1,5064,1
6828,BT,BT,1,,,,,,,,1,1,5065,1
6829,PC,PC,1,,,,,,,,1,1,5066,1
6830,PC,PC,1,,,,,,,,1,1,5067,1
6831,PC,PC,1,,,,,,,,1,1,5068,1
6832,PC,PC,1,,,,,,,,1,1,5069,1
6833,PC,PC,1,,,,,,,,1,1,5070,1
6834,BT,BT,1,,,,,,,,1,1,5071,1
6835,PC,PC,1,,,,,,,,1,1,5072,1
6836,BT,BT,1,,,,,,,,1,1,5073,1
6837,BT,BT,1,,,,,,,,1,1,5074,1
6838,BT,BT,1,,,,,,,,1,1,5075,1
6839,BT,BT,1,,,,,,,,1,1,5076,1
6840,BT,BT,1,,,,,,,,1,1,5077,1
6841,BT,BT,1,,,,,,,,1,1,5078,1
6842,BT,BT,1,,,,,,,,1,1,5079,1
6843,PC,PC,1,,,,,,,,1,1,5080,1
6844,BT,BT,1,,,,,,,,1,1,5081,1
6845,BT,BT,1,,,,,,,,1,1,5082,1
6846,PC,PC,1,,,,,,,,1,1,5083,1
6847,BT,BT,1,,,,,,,,1,1,5084,1
6848,PC,PC,1,,,,,,,,1,1,5085,1
6849,BT,BT,1,,,,,,,,1,1,5086,1
6850,BT,BT,1,,,,,,,,1,1,5087,1
6851,BT,BT,1,,,,,,,,1,1,5088,1
6852,BT,BT,1,,,,,,,,1,1,5089,1
6853,PC,PC,1,,,,,,,,1,1,5090,1
6854,PC,PC,1,,,,,,,,1,1,5091,1
6855,PC,PC,1,,,,,,,,1,1,5092,1
6856,PC,PC,1,,,,,,,,1,1,5093,1
6857,PC,PC,1,,,,,,,,1,1,5094,1
6858,PC,PC,1,,,,,,,,1,1,5095,1
6859,PC,PC,1,,,,,,,,1,1,5096,1
6860,PC,PC,1,,,,,,,,1,1,5097,1
6861,PC,PC,1,,,,,,,,1,1,5098,1
6862,PC,PC,1,,,,,,,,1,1,5099,1
6863,PC,PC,1,,,,,,,,1,1,5100,1
6864,PC,PC,1,,,,,,,,1,1,5101,1
6865,PC,PC,1,,,,,,,,1,1,5102,1
6866,PC,PC,1,,,,,,,,1,1,5103,1
6867,PC,PC,1,,,,,,,,1,1,5104,1
6868,PC,PC,1,,,,,,,,1,1,5105,1
6869,PC,PC,1,,,,,,,,1,1,5106,1
6870,PC,PC,1,,,,,,,,1,1,5107,1
6871,PC,PC,1,,,,,,,,1,1,5108,1
6872,PC,PC,1,,,,,,,,1,1,5109,1
6873,PC,PC,1,,,,,,,,1,1,5110,1
6874,PC,PC,1,,,,,,,,1,1,5111,1
6875,PC,PC,1,,,,,,,,1,1,5112,1
6876,PC,PC,1,,,,,,,,1,1,5113,1
6877,PC,PC,1,,,,,,,,1,1,5114,1
6878,GL,GL,1,,,,,,,,1,1,5115,1
6879,GL,GL,1,,,,,,,,1,1,5116,1
6880,BT,BT,1,,,,,,,,1,1,5117,1
6881,PC,PC,1,,,,,,,,1,1,5118,1
6882,PC,PC,1,,,,,,,,1,1,5119,1
6883,PC,PC,1,,,,,,,,1,1,5120,1
6884,PC,PC,1,,,,,,,,1,1,5121,1
6885,PC,PC,1,,,,,,,,1,1,5122,1
6886,PC,PC,1,,,,,,,,1,1,5123,1
6887,PC,PC,1,,,,,,,,1,1,5124,1
6888,PC,PC,1,,,,,,,,1,1,5125,1
6889,PC,PC,1,,,,,,,,1,1,5126,1
6890,PC,PC,1,,,,,,,,1,1,5127,1
6891,BT,BT,1,,,,,,,,1,1,5128,1
6892,BT,BT,1,,,,,,,,1,1,5129,1
6893,BT,BT,1,,,,,,,,1,1,5130,1
6894,PC,PC,1,,,,,,,,1,1,5131,1
6895,PC,PC,1,,,,,,,,1,1,5132,1
6896,BT,BT,1,,,,,,,,1,1,5133,1
6897,PC,PC,1,,,,,,,,1,1,5134,1
6898,PC,PC,1,,,,,,,,1,1,5135,1
6899,PC,PC,1,,,,,,,,1,1,5136,1
6900,BT,BT,1,,,,,,,,1,1,5137,1
6901,PC,PC,1,,,,,,,,1,1,5138,1
6902,PC,PC,1,,,,,,,,1,1,5139,1
6903,PC,PC,1,,,,,,,,1,1,5140,1
6904,PC,PC,1,,,,,,,,1,1,5141,1
6905,PC,PC,1,,,,,,,,1,1,5142,1
6906,BT,BT,1,,,,,,,,1,1,5143,1
6907,BT,BT,1,,,,,,,,1,1,5144,1
6908,PC,PC,1,,,,,,,,1,1,5145,1
6909,PC,PC,1,,,,,,,,1,1,5146,1
6910,PC,PC,1,,,,,,,,1,1,5147,1
6911,PC,PC,1,,,,,,,,1,1,5148,1
6912,PC,PC,1,,,,,,,,1,1,5149,1
6913,PC,PC,1,,,,,,,,1,1,5150,1
6914,PC,PC,1,,,,,,,,1,1,5151,1
6915,PC,PC,1,,,,,,,,1,1,5152,1
6916,PC,PC,1,,,,,,,,1,1,5153,1
6917,PC,PC,1,,,,,,,,1,1,5154,1
6918,PC,PC,1,,,,,,,,1,1,5155,1
6919,PC,PC,1,,,,,,,,1,1,5156,1
6920,PC,PC,1,,,,,,,,1,1,5157,1
6921,PC,PC,1,,,,,,,,1,1,5158,1
6922,PC,PC,1,,,,,,,,1,1,5159,1
6923,BT,BT,1,,,,,,,,1,1,5160,1
6924,BT,BT,1,,,,,,,,1,1,5161,1
6925,BT,BT,1,,,,,,,,1,1,5162,1
6926,BT,BT,1,,,,,,,,1,1,5163,1
6927,PC,PC,1,,,,,,,,1,1,5164,1
6928,PC,PC,1,,,,,,,,1,1,5165,1
6929,PC,PC,1,,,,,,,,1,1,5166,1
6930,PC,PC,1,,,,,,,,1,1,5167,1
6931,PC,PC,1,,,,,,,,1,1,5168,1
6932,PC,PC,1,,,,,,,,1,1,5169,1
6933,BT,BT,1,,,,,,,,1,1,5170,1
6934,PC,PC,1,,,,,,,,1,1,5171,1
6935,PC,PC,1,,,,,,,,1,1,5172,1
6936,PC,PC,1,,,,,,,,1,1,5173,1
6937,PC,PC,1,,,,,,,,1,1,5174,1
6938,PC,PC,1,,,,,,,,1,1,5175,1
6939,PK,PK,1,,,,,,,,1,1,5176,1
6940,PC,PC,1,,,,,,,,1,1,5177,1
6941,PK,PK,1,,,,,,,,1,1,5178,1
6942,HG,HG,1,,,,,,,,1,1,5179,1
6943,PC,PC,1,,,,,,,,1,1,5180,1
6944,PC,PC,1,,,,,,,,1,1,5181,1
6945,GL,GL,1,,,,,,,,1,1,5182,1
6946,BT,BT,1,,,,,,,,1,1,5183,1
6947,PC,PC,1,,,,,,,,1,1,5184,1
6948,PC,PC,1,,,,,,,,1,1,5185,1
6949,PC,PC,1,,,,,,,,1,1,5186,1
6950,PC,PC,1,,,,,,,,1,1,5187,1
6951,PC,PC,1,,,,,,,,1,1,5188,1
6952,PC,PC,1,,,,,,,,1,1,5189,1
6953,PC,PC,1,,,,,,,,1,1,5190,1
6954,PC,PC,1,,,,,,,,1,1,5191,1
6955,PC,PC,1,,,,,,,,1,1,5192,1
6956,PC,PC,1,,,,,,,,1,1,5193,1
6957,PC,PC,1,,,,,,,,1,1,5194,1
6958,JR,JR,1,,,,,,,,1,1,5195,1
6959,PC,PC,1,,,,,,,,1,1,5196,1
6960,PC,PC,1,,,,,,,,1,1,5197,1
6961,PC,PC,1,,,,,,,,1,1,5198,1
6962,PC,PC,1,,,,,,,,1,1,5199,1
6963,PC,PC,1,,,,,,,,1,1,5200,1
6964,PC,PC,1,,,,,,,,1,1,5201,1
6965,PC,PC,1,,,,,,,,1,1,5202,1
6966,PC,PC,1,,,,,,,,1,1,5203,1
6967,PC,PC,1,,,,,,,,1,1,5204,1
6968,PC,PC,1,,,,,,,,1,1,5205,1
6969,PC,PC,1,,,,,,,,1,1,5206,1
6970,PC,PC,1,,,,,,,,1,1,5207,1
6971,PC,PC,1,,,,,,,,1,1,5208,1
6972,PC,PC,1,,,,,,,,1,1,5209,1
6973,PC,PC,1,,,,,,,,1,1,5210,1
6974,PC,PC,1,,,,,,,,1,1,5211,1
6975,PC,PC,1,,,,,,,,1,1,5212,1
6976,PC,PC,1,,,,,,,,1,1,5213,1
6977,PC,PC,1,,,,,,,,1,1,5214,1
6978,PC,PC,1,,,,,,,,1,1,5215,1
6979,PC,PC,1,,,,,,,,1,1,5216,1
6980,PC,PC,1,,,,,,,,1,1,5217,1
6981,JR,JR,1,,,,,,,,1,1,5218,1
6982,PC,PC,1,,,,,,,,1,1,5219,1
6983,PC,PC,1,,,,,,,,1,1,5220,1
6984,PC,PC,1,,,,,,,,1,1,5221,1
6985,PC,PC,1,,,,,,,,1,1,5222,1
6986,PCS,PCS,1,,,,,,,,1,1,5223,1
6987,PC,PC,1,,,,,,,,1,1,5224,1
6988,PC,PC,1,,,,,,,,1,1,5225,1
6989,PC,PC,1,,,,,,,,1,1,5226,1
6990,PC,PC,1,,,,,,,,1,1,5227,1
6991,PC,PC,1,,,,,,,,1,1,5228,1
6992,PC,PC,1,,,,,,,,1,1,5229,1
6993,PC,PC,1,,,,,,,,1,1,5230,1
6994,PC,PC,1,,,,,,,,1,1,5231,1
6995,JR,JR,1,,,,,,,,1,1,5232,1
6996,PC,PC,1,,,,,,,,1,1,5233,1
6997,PC,PC,1,,,,,,,,1,1,5234,1
6998,PC,PC,1,,,,,,,,1,1,5235,1
6999,PC,PC,1,,,,,,,,1,1,5236,1
7000,PC,PC,1,,,,,,,,1,1,5237,1
7001,PC,PC,1,,,,,,,,1,1,5238,1
7002,PC,PC,1,,,,,,,,1,1,5239,1
7003,PC,PC,1,,,,,,,,1,1,5240,1
7004,PC,PC,1,,,,,,,,1,1,5241,1
7005,PC,PC,1,,,,,,,,1,1,5242,1
7006,PC,PC,1,,,,,,,,1,1,5243,1
7007,PC,PC,1,,,,,,,,1,1,5244,1
7008,PC,PC,1,,,,,,,,1,1,5245,1
7009,PC,PC,1,,,,,,,,1,1,5246,1
7010,PC,PC,1,,,,,,,,1,1,5247,1
7011,PC,PC,1,,,,,,,,1,1,5248,1
7012,PC,PC,1,,,,,,,,1,1,5249,1
7013,PC,PC,1,,,,,,,,1,1,5250,1
7014,PC,PC,1,,,,,,,,1,1,5251,1
7015,PC,PC,1,,,,,,,,1,1,5252,1
7016,PC,PC,1,,,,,,,,1,1,5253,1
7017,PC,PC,1,,,,,,,,1,1,5254,1
7018,PC,PC,1,,,,,,,,1,1,5255,1
7019,PC,PC,1,,,,,,,,1,1,5256,1
7020,PC,PC,1,,,,,,,,1,1,5257,1
7021,PC,PC,1,,,,,,,,1,1,5258,1
7022,PC,PC,1,,,,,,,,1,1,5259,1
7023,PC,PC,1,,,,,,,,1,1,5260,1
7024,PC,PC,1,,,,,,,,1,1,5261,1
7025,PC,PC,1,,,,,,,,1,1,5262,1
7026,PC,PC,1,,,,,,,,1,1,5263,1
7027,PC,PC,1,,,,,,,,1,1,5264,1
7028,PC,PC,1,,,,,,,,1,1,5265,1
7029,PC,PC,1,,,,,,,,1,1,5266,1
7030,PC,PC,1,,,,,,,,1,1,5267,1
7031,PC,PC,1,,,,,,,,1,1,5268,1
7032,PC,PC,1,,,,,,,,1,1,5269,1
7033,PC,PC,1,,,,,,,,1,1,5270,1
7034,PC,PC,1,,,,,,,,1,1,5271,1
7035,PC,PC,1,,,,,,,,1,1,5272,1
7036,PC,PC,1,,,,,,,,1,1,5273,1
7037,PC,PC,1,,,,,,,,1,1,5274,1
7038,PC,PC,1,,,,,,,,1,1,5275,1
7039,PC,PC,1,,,,,,,,1,1,5276,1
7040,PC,PC,1,,,,,,,,1,1,5277,1
7041,PC,PC,1,,,,,,,,1,1,5278,1
7042,PC,PC,1,,,,,,,,1,1,5279,1
7043,JR,JR,1,,,,,,,,1,1,5280,1
7044,JR,JR,1,,,,,,,,1,1,5281,1
7045,JR,JR,1,,,,,,,,1,1,5282,1
7046,JR,JR,1,,,,,,,,1,1,5283,1
7047,PC,PC,1,,,,,,,,1,1,5284,1
7048,PC,PC,1,,,,,,,,1,1,5285,1
7049,PC,PC,1,,,,,,,,1,1,5286,1
7050,PC,PC,1,,,,,,,,1,1,5287,1
7051,PC,PC,1,,,,,,,,1,1,5288,1
7052,PC,PC,1,,,,,,,,1,1,5289,1
7053,PC,PC,1,,,,,,,,1,1,5290,1
7054,PC,PC,1,,,,,,,,1,1,5291,1
7055,PC,PC,1,,,,,,,,1,1,5292,1
7056,PC,PC,1,,,,,,,,1,1,5293,1
7057,PC,PC,1,,,,,,,,1,1,5294,1
7058,PC,PC,1,,,,,,,,1,1,5295,1
7059,PC,PC,1,,,,,,,,1,1,5296,1
7060,PC,PC,1,,,,,,,,1,1,5297,1
7061,PC,PC,1,,,,,,,,1,1,5298,1
7062,PC,PC,1,,,,,,,,1,1,5299,1
7063,PC,PC,1,,,,,,,,1,1,5300,1
7064,PC,PC,1,,,,,,,,1,1,5301,1
7065,PC,PC,1,,,,,,,,1,1,5302,1
7066,PC,PC,1,,,,,,,,1,1,5303,1
7067,PC,PC,1,,,,,,,,1,1,5304,1
7068,PC,PC,1,,,,,,,,1,1,5305,1
7069,PC,PC,1,,,,,,,,1,1,5306,1
7070,PC,PC,1,,,,,,,,1,1,5307,1
7071,PC,PC,1,,,,,,,,1,1,5308,1
7072,PC,PC,1,,,,,,,,1,1,5309,1
7073,PC,PC,1,,,,,,,,1,1,5310,1
7074,PC,PC,1,,,,,,,,1,1,5311,1
7075,BT,BT,1,,,,,,,,1,1,5312,1
7076,BT,BT,1,,,,,,,,1,1,5313,1
7077,BT,BT,1,,,,,,,,1,1,5314,1
7078,BT,BT,1,,,,,,,,1,1,5315,1
7079,LS,LS,1,,,,,,,,1,1,5316,1
7080,LS,LS,1,,,,,,,,1,1,5317,1
7081,PC,PC,1,,,,,,,,1,1,5318,1
7082,PC,PC,1,,,,,,,,1,1,5319,1
7083,PC,PC,1,,,,,,,,1,1,5320,1
7084,PC,PC,1,,,,,,,,1,1,5321,1
7085,PC,PC,1,,,,,,,,1,1,5322,1
7086,PC,PC,1,,,,,,,,1,1,5323,1
7087,PC,PC,1,,,,,,,,1,1,5324,1
7088,PC,PC,1,,,,,,,,1,1,5325,1
7089,PC,PC,1,,,,,,,,1,1,5326,1
7090,PC,PC,1,,,,,,,,1,1,5327,1
7091,PC,PC,1,,,,,,,,1,1,5328,1
7092,PC,PC,1,,,,,,,,1,1,5329,1
7093,PC,PC,1,,,,,,,,1,1,5330,1
7094,PC,PC,1,,,,,,,,1,1,5331,1
7095,PC,PC,1,,,,,,,,1,1,5332,1
7096,PC,PC,1,,,,,,,,1,1,5333,1
7097,PC,PC,1,,,,,,,,1,1,5334,1
7098,PC,PC,1,,,,,,,,1,1,5335,1
7099,PC,PC,1,,,,,,,,1,1,5336,1
7100,PC,PC,1,,,,,,,,1,1,5337,1
7101,PC,PC,1,,,,,,,,1,1,5338,1
7102,PC,PC,1,,,,,,,,1,1,5339,1
7103,PC,PC,1,,,,,,,,1,1,5340,1
7104,PC,PC,1,,,,,,,,1,1,5341,1
7105,PC,PC,1,,,,,,,,1,1,5342,1
7106,PC,PC,1,,,,,,,,1,1,5343,1
7107,PC,PC,1,,,,,,,,1,1,5344,1
7108,PC,PC,1,,,,,,,,1,1,5345,1
7109,PC,PC,1,,,,,,,,1,1,5346,1
7110,PC,PC,1,,,,,,,,1,1,5347,1
7111,PC,PC,1,,,,,,,,1,1,5348,1
7112,PC,PC,1,,,,,,,,1,1,5349,1
7113,PC,PC,1,,,,,,,,1,1,5350,1
7114,PC,PC,1,,,,,,,,1,1,5351,1
7115,PC,PC,1,,,,,,,,1,1,5352,1
7116,PC,PC,1,,,,,,,,1,1,5353,1
7117,PC,PC,1,,,,,,,,1,1,5354,1
7118,PC,PC,1,,,,,,,,1,1,5355,1
7119,PC,PC,1,,,,,,,,1,1,5356,1
7120,PC,PC,1,,,,,,,,1,1,5357,1
7121,PC,PC,1,,,,,,,,1,1,5358,1
7122,PC,PC,1,,,,,,,,1,1,5359,1
7123,PC,PC,1,,,,,,,,1,1,5360,1
7124,PC,PC,1,,,,,,,,1,1,5361,1
7125,PC,PC,1,,,,,,,,1,1,5362,1
7126,PC,PC,1,,,,,,,,1,1,5363,1
7127,PC,PC,1,,,,,,,,1,1,5364,1
7128,PC,PC,1,,,,,,,,1,1,5365,1
7129,PC,PC,1,,,,,,,,1,1,5366,1
7130,PC,PC,1,,,,,,,,1,1,5367,1
7131,PC,PC,1,,,,,,,,1,1,5368,1
7132,PC,PC,1,,,,,,,,1,1,5369,1
7133,PC,PC,1,,,,,,,,1,1,5370,1
7134,PC,PC,1,,,,,,,,1,1,5371,1
7135,PC,PC,1,,,,,,,,1,1,5372,1
7136,PC,PC,1,,,,,,,,1,1,5373,1
7137,PC,PC,1,,,,,,,,1,1,5374,1
7138,PC,PC,1,,,,,,,,1,1,5375,1
7139,PC,PC,1,,,,,,,,1,1,5376,1
7140,PC,PC,1,,,,,,,,1,1,5377,1
7141,BG,BG,1,,,,,,,,1,1,5378,1
7142,BG,BG,1,,,,,,,,1,1,5379,1
7143,PC,PC,1,,,,,,,,1,1,5380,1
7144,PC,PC,1,,,,,,,,1,1,5381,1
7145,PC,PC,1,,,,,,,,1,1,5382,1
7146,PC,PC,1,,,,,,,,1,1,5383,1
7147,BG,BG,1,,,,,,,,1,1,5384,1
7148,BG,BG,1,,,,,,,,1,1,5385,1
7149,BG,BG,1,,,,,,,,1,1,5386,1
7150,BG,BG,1,,,,,,,,1,1,5387,1
7151,PC,PC,1,,,,,,,,1,1,5388,1
7152,PC,PC,1,,,,,,,,1,1,5389,1
7153,PC,PC,1,,,,,,,,1,1,5390,1
7154,PK,PK,1,,,,,,,,1,1,5391,1
7155,PK,PK,1,,,,,,,,1,1,5392,1
7156,PK,PK,1,,,,,,,,1,1,5393,1
7157,PK,PK,1,,,,,,,,1,1,5394,1
7158,PCS,PCS,1,,,,,,,,1,1,5395,1
7159,PC,PC,1,,,,,,,,1,1,5396,1
7160,PC,PC,1,,,,,,,,1,1,5397,1
7161,PK,PK,1,,,,,,,,1,1,5398,1
7162,PC,PC,1,,,,,,,,1,1,5399,1
7163,PC,PC,1,,,,,,,,1,1,5400,1
7164,PC,PC,1,,,,,,,,1,1,5401,1
7165,PK,PK,1,,,,,,,,1,1,5402,1
7166,PK,PK,1,,,,,,,,1,1,5403,1
7167,PK,PK,1,,,,,,,,1,1,5404,1
7168,PC,PC,1,,,,,,,,1,1,5405,1
7169,PC,PC,1,,,,,,,,1,1,5406,1
7170,PC,PC,1,,,,,,,,1,1,5407,1
7171,PC,PC,1,,,,,,,,1,1,5408,1
7172,PC,PC,1,,,,,,,,1,1,5409,1
7173,PC,PC,1,,,,,,,,1,1,5410,1
7174,PC,PC,1,,,,,,,,1,1,5411,1
7175,PC,PC,1,,,,,,,,1,1,5412,1
7176,PC,PC,1,,,,,,,,1,1,5413,1
7177,PC,PC,1,,,,,,,,1,1,5414,1
7178,PC,PC,1,,,,,,,,1,1,5415,1
7179,PC,PC,1,,,,,,,,1,1,5416,1
7180,PC,PC,1,,,,,,,,1,1,5417,1
7181,PK,PK,1,,,,,,,,1,1,5418,1
7182,PK,PK,1,,,,,,,,1,1,5419,1
7183,PK,PK,1,,,,,,,,1,1,5420,1
7184,PK,PK,1,,,,,,,,1,1,5421,1
7185,PC,PC,1,,,,,,,,1,1,5422,1
7186,PK,PK,1,,,,,,,,1,1,5423,1
7187,LS,LS,1,,,,,,,,1,1,5424,1
7188,PK,PK,1,,,,,,,,1,1,5425,1
7189,PK,PK,1,,,,,,,,1,1,5426,1
7190,PC,PC,1,,,,,,,,1,1,5427,1
7191,PK,PK,1,,,,,,,,1,1,5428,1
7192,PK,PK,1,,,,,,,,1,1,5429,1
7193,PK,PK,1,,,,,,,,1,1,5430,1
7194,PC,PC,1,,,,,,,,1,1,5431,1
7195,PK,PK,1,,,,,,,,1,1,5432,1
7196,PK,PK,1,,,,,,,,1,1,5433,1
7197,PC,PC,1,,,,,,,,1,1,5434,1
7198,PK,PK,1,,,,,,,,1,1,5435,1
7199,PC,PC,1,,,,,,,,1,1,5436,1
7200,PK,PK,1,,,,,,,,1,1,5437,1
7201,PC,PC,1,,,,,,,,1,1,5438,1
7202,PK,PK,1,,,,,,,,1,1,5439,1
7203,PK,PK,1,,,,,,,,1,1,5440,1
7204,PK,PK,1,,,,,,,,1,1,5441,1
7205,PC,PC,1,,,,,,,,1,1,5442,1
7206,PC,PC,1,,,,,,,,1,1,5443,1
7207,PC,PC,1,,,,,,,,1,1,5444,1
7208,PC,PC,1,,,,,,,,1,1,5445,1
7209,PK,PK,1,,,,,,,,1,1,5446,1
7210,PK,PK,1,,,,,,,,1,1,5447,1
7211,PK,PK,1,,,,,,,,1,1,5448,1
7212,PC,PC,1,,,,,,,,1,1,5449,1
7213,PC,PC,1,,,,,,,,1,1,5450,1
7214,PC,PC,1,,,,,,,,1,1,5451,1
7215,PC,PC,1,,,,,,,,1,1,5452,1
7216,PC,PC,1,,,,,,,,1,1,5453,1
7217,PC,PC,1,,,,,,,,1,1,5454,1
7218,PC,PC,1,,,,,,,,1,1,5455,1
7219,PC,PC,1,,,,,,,,1,1,5456,1
7220,PC,PC,1,,,,,,,,1,1,5457,1
7221,PC,PC,1,,,,,,,,1,1,5458,1
7222,PC,PC,1,,,,,,,,1,1,5459,1
7223,PC,PC,1,,,,,,,,1,1,5460,1
7224,PC,PC,1,,,,,,,,1,1,5461,1
7225,PC,PC,1,,,,,,,,1,1,5462,1
7226,PC,PC,1,,,,,,,,1,1,5463,1
7227,PC,PC,1,,,,,,,,1,1,5464,1
7228,PC,PC,1,,,,,,,,1,1,5465,1
7229,PC,PC,1,,,,,,,,1,1,5466,1
7230,PC,PC,1,,,,,,,,1,1,5467,1
7231,PC,PC,1,,,,,,,,1,1,5468,1
7232,PC,PC,1,,,,,,,,1,1,5469,1
7233,PC,PC,1,,,,,,,,1,1,5470,1
7234,PC,PC,1,,,,,,,,1,1,5471,1
7235,PC,PC,1,,,,,,,,1,1,5472,1
7236,PC,PC,1,,,,,,,,1,1,5473,1
7237,PC,PC,1,,,,,,,,1,1,5474,1
7238,PC,PC,1,,,,,,,,1,1,5475,1
7239,PC,PC,1,,,,,,,,1,1,5476,1
7240,PC,PC,1,,,,,,,,1,1,5477,1
7241,PC,PC,1,,,,,,,,1,1,5478,1
7242,PC,PC,1,,,,,,,,1,1,5479,1
7243,PC,PC,1,,,,,,,,1,1,5480,1
7244,PC,PC,1,,,,,,,,1,1,5481,1
7245,PC,PC,1,,,,,,,,1,1,5482,1
7246,PC,PC,1,,,,,,,,1,1,5483,1
7247,PC,PC,1,,,,,,,,1,1,5484,1
7248,PC,PC,1,,,,,,,,1,1,5485,1
7249,PC,PC,1,,,,,,,,1,1,5486,1
7250,PC,PC,1,,,,,,,,1,1,5487,1
7251,PC,PC,1,,,,,,,,1,1,5488,1
7252,PC,PC,1,,,,,,,,1,1,5489,1
7253,PC,PC,1,,,,,,,,1,1,5490,1
7254,PC,PC,1,,,,,,,,1,1,5491,1
7255,PC,PC,1,,,,,,,,1,1,5492,1
7256,PC,PC,1,,,,,,,,1,1,5493,1
7257,PC,PC,1,,,,,,,,1,1,5494,1
7258,PC,PC,1,,,,,,,,1,1,5495,1
7259,PC,PC,1,,,,,,,,1,1,5496,1
7260,PC,PC,1,,,,,,,,1,1,5497,1
7261,PC,PC,1,,,,,,,,1,1,5498,1
7262,PC,PC,1,,,,,,,,1,1,5499,1
7263,PC,PC,1,,,,,,,,1,1,5500,1
7264,PC,PC,1,,,,,,,,1,1,5501,1
7265,PC,PC,1,,,,,,,,1,1,5502,1
7266,PC,PC,1,,,,,,,,1,1,5503,1
7267,PC,PC,1,,,,,,,,1,1,5504,1
7268,PC,PC,1,,,,,,,,1,1,5505,1
7269,PC,PC,1,,,,,,,,1,1,5506,1
7270,PC,PC,1,,,,,,,,1,1,5507,1
7271,PC,PC,1,,,,,,,,1,1,5508,1
7272,PC,PC,1,,,,,,,,1,1,5509,1
7273,PC,PC,1,,,,,,,,1,1,5510,1
7274,PC,PC,1,,,,,,,,1,1,5511,1
7275,PC,PC,1,,,,,,,,1,1,5512,1
7276,PC,PC,1,,,,,,,,1,1,5513,1
7277,PC,PC,1,,,,,,,,1,1,5514,1
7278,PC,PC,1,,,,,,,,1,1,5515,1
7279,PC,PC,1,,,,,,,,1,1,5516,1
7280,PC,PC,1,,,,,,,,1,1,5517,1
7281,PC,PC,1,,,,,,,,1,1,5518,1
7282,PC,PC,1,,,,,,,,1,1,5519,1
7283,PC,PC,1,,,,,,,,1,1,5520,1
7284,PC,PC,1,,,,,,,,1,1,5521,1
7285,PC,PC,1,,,,,,,,1,1,5522,1
7286,PC,PC,1,,,,,,,,1,1,5523,1
7287,PC,PC,1,,,,,,,,1,1,5524,1
7288,PC,PC,1,,,,,,,,1,1,5525,1
7289,PC,PC,1,,,,,,,,1,1,5526,1
7290,PC,PC,1,,,,,,,,1,1,5527,1
7291,PC,PC,1,,,,,,,,1,1,5528,1
7292,PC,PC,1,,,,,,,,1,1,5529,1
7293,PC,PC,1,,,,,,,,1,1,5530,1
7294,PC,PC,1,,,,,,,,1,1,5531,1
7295,PC,PC,1,,,,,,,,1,1,5532,1
7296,PC,PC,1,,,,,,,,1,1,5533,1
7297,PC,PC,1,,,,,,,,1,1,5534,1
7298,TP,TP,1,,,,,,,,1,1,5535,1
7299,TP,TP,1,,,,,,,,1,1,5536,1
7300,PC,PC,1,,,,,,,,1,1,5537,1
7301,PC,PC,1,,,,,,,,1,1,5538,1
7302,PC,PC,1,,,,,,,,1,1,5539,1
7303,PC,PC,1,,,,,,,,1,1,5540,1
7304,PC,PC,1,,,,,,,,1,1,5541,1
7305,PC,PC,1,,,,,,,,1,1,5542,1
7306,PC,PC,1,,,,,,,,1,1,5543,1
7307,PC,PC,1,,,,,,,,1,1,5544,1
7308,PC,PC,1,,,,,,,,1,1,5545,1
7309,PC,PC,1,,,,,,,,1,1,5546,1
7310,PC,PC,1,,,,,,,,1,1,5547,1
7311,PK,PK,1,,,,,,,,1,1,5548,1
7312,PC,PC,1,,,,,,,,1,1,5549,1
7313,PC,PC,1,,,,,,,,1,1,5550,1
7314,PC,PC,1,,,,,,,,1,1,5551,1
7315,PC,PC,1,,,,,,,,1,1,5552,1
7316,PC,PC,1,,,,,,,,1,1,5553,1
7317,JR,JR,1,,,,,,,,1,1,5554,1
7318,PC,PC,1,,,,,,,,1,1,5555,1
7319,JR,JR,1,,,,,,,,1,1,5556,1
7320,JR,JR,1,,,,,,,,1,1,5557,1
7321,PC,PC,1,,,,,,,,1,1,5558,1
7322,PC,PC,1,,,,,,,,1,1,5559,1
7323,PC,PC,1,,,,,,,,1,1,5560,1
7324,PC,PC,1,,,,,,,,1,1,5561,1
7325,PC,PC,1,,,,,,,,1,1,5562,1
7326,PC,PC,1,,,,,,,,1,1,5563,1
7327,PC,PC,1,,,,,,,,1,1,5564,1
7328,PC,PC,1,,,,,,,,1,1,5565,1
7329,PC,PC,1,,,,,,,,1,1,5566,1
7330,PC,PC,1,,,,,,,,1,1,5567,1
7331,PC,PC,1,,,,,,,,1,1,5568,1
7332,PC,PC,1,,,,,,,,1,1,5569,1
7333,PC,PC,1,,,,,,,,1,1,5570,1
7334,PC,PC,1,,,,,,,,1,1,5571,1
7335,PC,PC,1,,,,,,,,1,1,5572,1
7336,PC,PC,1,,,,,,,,1,1,5573,1
7337,PC,PC,1,,,,,,,,1,1,5574,1
7338,PC,PC,1,,,,,,,,1,1,5575,1
7339,PC,PC,1,,,,,,,,1,1,5576,1
7340,PC,PC,1,,,,,,,,1,1,5577,1
7341,PC,PC,1,,,,,,,,1,1,5578,1
7342,PC,PC,1,,,,,,,,1,1,5579,1
7343,PC,PC,1,,,,,,,,1,1,5580,1
7344,PC,PC,1,,,,,,,,1,1,5581,1
7345,PC,PC,1,,,,,,,,1,1,5582,1
7346,PC,PC,1,,,,,,,,1,1,5583,1
7347,PC,PC,1,,,,,,,,1,1,5584,1
7348,PC,PC,1,,,,,,,,1,1,5585,1
7349,JR,JR,1,,,,,,,,1,1,5586,1
7350,JR,JR,1,,,,,,,,1,1,5587,1
7351,JR,JR,1,,,,,,,,1,1,5588,1
7352,PC,PC,1,,,,,,,,1,1,5589,1
7353,PC,PC,1,,,,,,,,1,1,5590,1
7354,PC,PC,1,,,,,,,,1,1,5591,1
7355,PC,PC,1,,,,,,,,1,1,5592,1
7356,PC,PC,1,,,,,,,,1,1,5593,1
7357,PC,PC,1,,,,,,,,1,1,5594,1
7358,PC,PC,1,,,,,,,,1,1,5595,1
7359,PC,PC,1,,,,,,,,1,1,5596,1
7360,PC,PC,1,,,,,,,,1,1,5597,1
7361,PC,PC,1,,,,,,,,1,1,5598,1
7362,PCS,PCS,1,,,,,,,,1,1,5599,1
7363,PC,PC,1,,,,,,,,1,1,5600,1
7364,PC,PC,1,,,,,,,,1,1,5601,1
7365,PC,PC,1,,,,,,,,1,1,5602,1
7366,PC,PC,1,,,,,,,,1,1,5603,1
7367,JR,JR,1,,,,,,,,1,1,5604,1
7368,JR,JR,1,,,,,,,,1,1,5605,1
7369,JR,JR,1,,,,,,,,1,1,5606,1
7370,JR,JR,1,,,,,,,,1,1,5607,1
7371,PC,PC,1,,,,,,,,1,1,5608,1
7372,PC,PC,1,,,,,,,,1,1,5609,1
7373,PC,PC,1,,,,,,,,1,1,5610,1
7374,PC,PC,1,,,,,,,,1,1,5611,1
7375,PC,PC,1,,,,,,,,1,1,5612,1
7376,PC,PC,1,,,,,,,,1,1,5613,1
7377,PC,PC,1,,,,,,,,1,1,5614,1
7378,JR,JR,1,,,,,,,,1,1,5615,1
7379,JR,JR,1,,,,,,,,1,1,5616,1
7380,BG,BG,1,,,,,,,,1,1,5617,1
7381,BG,BG,1,,,,,,,,1,1,5618,1
7382,BG,BG,1,,,,,,,,1,1,5619,1
7383,JR,JR,1,,,,,,,,1,1,5620,1
7384,JR,JR,1,,,,,,,,1,1,5621,1
7385,PC,PC,1,,,,,,,,1,1,5622,1
7386,PC,PC,1,,,,,,,,1,1,5623,1
7387,BG,BG,1,,,,,,,,1,1,5624,1
7388,BG,BG,1,,,,,,,,1,1,5625,1
7389,JR,JR,1,,,,,,,,1,1,5626,1
7390,JR,JR,1,,,,,,,,1,1,5627,1
7391,JR,JR,1,,,,,,,,1,1,5628,1
7392,JR,JR,1,,,,,,,,1,1,5629,1
7393,PC,PC,1,,,,,,,,1,1,5630,1
7394,PC,PC,1,,,,,,,,1,1,5631,1
7395,PC,PC,1,,,,,,,,1,1,5632,1
7396,PC,PC,1,,,,,,,,1,1,5633,1
7397,PC,PC,1,,,,,,,,1,1,5634,1
7398,PC,PC,1,,,,,,,,1,1,5635,1
7399,PC,PC,1,,,,,,,,1,1,5636,1
7400,PC,PC,1,,,,,,,,1,1,5637,1
7401,PC,PC,1,,,,,,,,1,1,5638,1
7402,PC,PC,1,,,,,,,,1,1,5639,1
7403,PC,PC,1,,,,,,,,1,1,5640,1
7404,PC,PC,1,,,,,,,,1,1,5641,1
7405,PC,PC,1,,,,,,,,1,1,5642,1
7406,PC,PC,1,,,,,,,,1,1,5643,1
7407,PC,PC,1,,,,,,,,1,1,5644,1
7408,PC,PC,1,,,,,,,,1,1,5645,1
7409,PC,PC,1,,,,,,,,1,1,5646,1
7410,PC,PC,1,,,,,,,,1,1,5647,1
7411,PC,PC,1,,,,,,,,1,1,5648,1
7412,PC,PC,1,,,,,,,,1,1,5649,1
7413,PC,PC,1,,,,,,,,1,1,5650,1
7414,PC,PC,1,,,,,,,,1,1,5651,1
7415,PC,PC,1,,,,,,,,1,1,5652,1
7416,PC,PC,1,,,,,,,,1,1,5653,1
7417,JR,JR,1,,,,,,,,1,1,5654,1
7418,JR,JR,1,,,,,,,,1,1,5655,1
7419,PC,PC,1,,,,,,,,1,1,5656,1
7420,PC,PC,1,,,,,,,,1,1,5657,1
7421,PC,PC,1,,,,,,,,1,1,5658,1
7422,PC,PC,1,,,,,,,,1,1,5659,1
7423,PC,PC,1,,,,,,,,1,1,5660,1
7424,PC,PC,1,,,,,,,,1,1,5661,1
7425,PC,PC,1,,,,,,,,1,1,5662,1
7426,PC,PC,1,,,,,,,,1,1,5663,1
7427,TP,TP,1,,,,,,,,1,1,5664,1
7428,BG,BG,1,,,,,,,,1,1,5665,1
7429,BG,BG,1,,,,,,,,1,1,5666,1
7430,PC,PC,1,,,,,,,,1,1,5667,1
7431,PC,PC,1,,,,,,,,1,1,5668,1
7432,PC,PC,1,,,,,,,,1,1,5669,1
7433,PC,PC,1,,,,,,,,1,1,5670,1
7434,PC,PC,1,,,,,,,,1,1,5671,1
7435,PC,PC,1,,,,,,,,1,1,5672,1
7436,PC,PC,1,,,,,,,,1,1,5673,1
7437,PC,PC,1,,,,,,,,1,1,5674,1
7438,PC,PC,1,,,,,,,,1,1,5675,1
7439,PC,PC,1,,,,,,,,1,1,5676,1
7440,PC,PC,1,,,,,,,,1,1,5677,1
7441,PC,PC,1,,,,,,,,1,1,5678,1
7442,PC,PC,1,,,,,,,,1,1,5679,1
7443,PC,PC,1,,,,,,,,1,1,5680,1
7444,PC,PC,1,,,,,,,,1,1,5681,1
7445,PC,PC,1,,,,,,,,1,1,5682,1
7446,PC,PC,1,,,,,,,,1,1,5683,1
7447,PC,PC,1,,,,,,,,1,1,5684,1
7448,PC,PC,1,,,,,,,,1,1,5685,1
7449,PC,PC,1,,,,,,,,1,1,5686,1
7450,PC,PC,1,,,,,,,,1,1,5687,1
7451,PC,PC,1,,,,,,,,1,1,5688,1
7452,PC,PC,1,,,,,,,,1,1,5689,1
7453,PC,PC,1,,,,,,,,1,1,5690,1
7454,PK,PK,1,,,,,,,,1,1,5691,1
7455,PK,PK,1,,,,,,,,1,1,5692,1
7456,PK,PK,1,,,,,,,,1,1,5693,1
7457,PK,PK,1,,,,,,,,1,1,5694,1
7458,PK,PK,1,,,,,,,,1,1,5695,1
7459,PK,PK,1,,,,,,,,1,1,5696,1
7460,PK,PK,1,,,,,,,,1,1,5697,1
7461,PK,PK,1,,,,,,,,1,1,5698,1
7462,PK,PK,1,,,,,,,,1,1,5699,1
7463,PC,PC,1,,,,,,,,1,1,5700,1
7464,PK,PK,1,,,,,,,,1,1,5701,1
7465,PC,PC,1,,,,,,,,1,1,5702,1
7466,PK,PK,1,,,,,,,,1,1,5703,1
7467,PK,PK,1,,,,,,,,1,1,5704,1
7468,PK,PK,1,,,,,,,,1,1,5705,1
7469,PK,PK,1,,,,,,,,1,1,5706,1
7470,PK,PK,1,,,,,,,,1,1,5707,1
7471,PK,PK,1,,,,,,,,1,1,5708,1
7472,PC,PC,1,,,,,,,,1,1,5709,1
7473,PK,PK,1,,,,,,,,1,1,5710,1
7474,PCS,PCS,1,,,,,,,,1,1,5711,1
7475,PK,PK,1,,,,,,,,1,1,5712,1
7476,PK,PK,1,,,,,,,,1,1,5713,1
7477,PK,PK,1,,,,,,,,1,1,5714,1
7478,PK,PK,1,,,,,,,,1,1,5715,1
7479,PC,PC,1,,,,,,,,1,1,5716,1
7480,PK,PK,1,,,,,,,,1,1,5717,1
7481,PK,PK,1,,,,,,,,1,1,5718,1
7482,PK,PK,1,,,,,,,,1,1,5719,1
7483,PK,PK,1,,,,,,,,1,1,5720,1
7484,PK,PK,1,,,,,,,,1,1,5721,1
7485,PK,PK,1,,,,,,,,1,1,5722,1
7486,PC,PC,1,,,,,,,,1,1,5723,1
7487,PK,PK,1,,,,,,,,1,1,5724,1
7488,PC,PC,1,,,,,,,,1,1,5725,1
7489,PC,PC,1,,,,,,,,1,1,5726,1
7490,PC,PC,1,,,,,,,,1,1,5727,1
7491,PC,PC,1,,,,,,,,1,1,5728,1
7492,PC,PC,1,,,,,,,,1,1,5729,1
7493,PC,PC,1,,,,,,,,1,1,5730,1
7494,PC,PC,1,,,,,,,,1,1,5731,1
7495,PC,PC,1,,,,,,,,1,1,5732,1
7496,PC,PC,1,,,,,,,,1,1,5733,1
7497,PC,PC,1,,,,,,,,1,1,5734,1
7498,PC,PC,1,,,,,,,,1,1,5735,1
7499,PC,PC,1,,,,,,,,1,1,5736,1
7500,PC,PC,1,,,,,,,,1,1,5737,1
7501,PC,PC,1,,,,,,,,1,1,5738,1
7502,PC,PC,1,,,,,,,,1,1,5739,1
7503,PC,PC,1,,,,,,,,1,1,5740,1
7504,PC,PC,1,,,,,,,,1,1,5741,1
7505,PC,PC,1,,,,,,,,1,1,5742,1
7506,PC,PC,1,,,,,,,,1,1,5743,1
7507,PC,PC,1,,,,,,,,1,1,5744,1
7508,PC,PC,1,,,,,,,,1,1,5745,1
7509,PC,PC,1,,,,,,,,1,1,5746,1
7510,PC,PC,1,,,,,,,,1,1,5747,1
7511,PC,PC,1,,,,,,,,1,1,5748,1
7512,PC,PC,1,,,,,,,,1,1,5749,1
7513,PC,PC,1,,,,,,,,1,1,5750,1
7514,PC,PC,1,,,,,,,,1,1,5751,1
7515,PC,PC,1,,,,,,,,1,1,5752,1
7516,PC,PC,1,,,,,,,,1,1,5753,1
7517,PC,PC,1,,,,,,,,1,1,5754,1
7518,PC,PC,1,,,,,,,,1,1,5755,1
7519,PC,PC,1,,,,,,,,1,1,5756,1
7520,PC,PC,1,,,,,,,,1,1,5757,1
7521,PC,PC,1,,,,,,,,1,1,5758,1
7522,PC,PC,1,,,,,,,,1,1,5759,1
7523,PC,PC,1,,,,,,,,1,1,5760,1
7524,PC,PC,1,,,,,,,,1,1,5761,1
7525,PC,PC,1,,,,,,,,1,1,5762,1
7526,PC,PC,1,,,,,,,,1,1,5763,1
7527,PC,PC,1,,,,,,,,1,1,5764,1
7528,PC,PC,1,,,,,,,,1,1,5765,1
7529,PC,PC,1,,,,,,,,1,1,5766,1
7530,PC,PC,1,,,,,,,,1,1,5767,1
7531,PC,PC,1,,,,,,,,1,1,5768,1
7532,PC,PC,1,,,,,,,,1,1,5769,1
7533,PC,PC,1,,,,,,,,1,1,5770,1
7534,PC,PC,1,,,,,,,,1,1,5771,1
7535,PC,PC,1,,,,,,,,1,1,5772,1
7536,PC,PC,1,,,,,,,,1,1,5773,1
7537,PC,PC,1,,,,,,,,1,1,5774,1
7538,PC,PC,1,,,,,,,,1,1,5775,1
7539,PC,PC,1,,,,,,,,1,1,5776,1
7540,PC,PC,1,,,,,,,,1,1,5777,1
7541,PC,PC,1,,,,,,,,1,1,5778,1
7542,PC,PC,1,,,,,,,,1,1,5779,1
7543,PC,PC,1,,,,,,,,1,1,5780,1
7544,PC,PC,1,,,,,,,,1,1,5781,1
7545,PC,PC,1,,,,,,,,1,1,5782,1
7546,PC,PC,1,,,,,,,,1,1,5783,1
7547,PC,PC,1,,,,,,,,1,1,5784,1
7548,PC,PC,1,,,,,,,,1,1,5785,1
7549,PC,PC,1,,,,,,,,1,1,5786,1
7550,PC,PC,1,,,,,,,,1,1,5787,1
7551,PC,PC,1,,,,,,,,1,1,5788,1
7552,PC,PC,1,,,,,,,,1,1,5789,1
7553,PC,PC,1,,,,,,,,1,1,5790,1
7554,PC,PC,1,,,,,,,,1,1,5791,1
7555,PC,PC,1,,,,,,,,1,1,5792,1
7556,PC,PC,1,,,,,,,,1,1,5793,1
7557,PC,PC,1,,,,,,,,1,1,5794,1
7558,PC,PC,1,,,,,,,,1,1,5795,1
7559,PC,PC,1,,,,,,,,1,1,5796,1
7560,PC,PC,1,,,,,,,,1,1,5797,1
7561,PC,PC,1,,,,,,,,1,1,5798,1
7562,PC,PC,1,,,,,,,,1,1,5799,1
7563,PC,PC,1,,,,,,,,1,1,5800,1
7564,PC,PC,1,,,,,,,,1,1,5801,1
7565,PC,PC,1,,,,,,,,1,1,5802,1
7566,PC,PC,1,,,,,,,,1,1,5803,1
7567,PC,PC,1,,,,,,,,1,1,5804,1
7568,PC,PC,1,,,,,,,,1,1,5805,1
7569,PC,PC,1,,,,,,,,1,1,5806,1
7570,PC,PC,1,,,,,,,,1,1,5807,1
7571,PC,PC,1,,,,,,,,1,1,5808,1
7572,PC,PC,1,,,,,,,,1,1,5809,1
7573,PC,PC,1,,,,,,,,1,1,5810,1
7574,PC,PC,1,,,,,,,,1,1,5811,1
7575,PC,PC,1,,,,,,,,1,1,5812,1
7576,PC,PC,1,,,,,,,,1,1,5813,1
7577,PC,PC,1,,,,,,,,1,1,5814,1
7578,PC,PC,1,,,,,,,,1,1,5815,1
7579,PC,PC,1,,,,,,,,1,1,5816,1
7580,PC,PC,1,,,,,,,,1,1,5817,1
7581,PC,PC,1,,,,,,,,1,1,5818,1
7582,PC,PC,1,,,,,,,,1,1,5819,1
7583,PC,PC,1,,,,,,,,1,1,5820,1
7584,PC,PC,1,,,,,,,,1,1,5821,1
7585,PC,PC,1,,,,,,,,1,1,5822,1
7586,PC,PC,1,,,,,,,,1,1,5823,1
7587,PC,PC,1,,,,,,,,1,1,5824,1
7588,PC,PC,1,,,,,,,,1,1,5825,1
7589,PC,PC,1,,,,,,,,1,1,5826,1
7590,PC,PC,1,,,,,,,,1,1,5827,1
7591,PC,PC,1,,,,,,,,1,1,5828,1
7592,PC,PC,1,,,,,,,,1,1,5829,1
7593,PC,PC,1,,,,,,,,1,1,5830,1
7594,PC,PC,1,,,,,,,,1,1,5831,1
7595,PC,PC,1,,,,,,,,1,1,5832,1
7596,PC,PC,1,,,,,,,,1,1,5833,1
7597,PC,PC,1,,,,,,,,1,1,5834,1
7598,PC,PC,1,,,,,,,,1,1,5835,1
7599,PC,PC,1,,,,,,,,1,1,5836,1
7600,PC,PC,1,,,,,,,,1,1,5837,1
7601,PC,PC,1,,,,,,,,1,1,5838,1
7602,PC,PC,1,,,,,,,,1,1,5839,1
7603,PC,PC,1,,,,,,,,1,1,5840,1
7604,PC,PC,1,,,,,,,,1,1,5841,1
7605,PC,PC,1,,,,,,,,1,1,5842,1
7606,PC,PC,1,,,,,,,,1,1,5843,1
7607,PC,PC,1,,,,,,,,1,1,5844,1
7608,PC,PC,1,,,,,,,,1,1,5845,1
7609,PC,PC,1,,,,,,,,1,1,5846,1
7610,PC,PC,1,,,,,,,,1,1,5847,1
7611,PC,PC,1,,,,,,,,1,1,5848,1
7612,PC,PC,1,,,,,,,,1,1,5849,1
7613,PC,PC,1,,,,,,,,1,1,5850,1
7614,PC,PC,1,,,,,,,,1,1,5851,1
7615,PC,PC,1,,,,,,,,1,1,5852,1
7616,PC,PC,1,,,,,,,,1,1,5853,1
7617,PC,PC,1,,,,,,,,1,1,5854,1
7618,PC,PC,1,,,,,,,,1,1,5855,1
7619,PC,PC,1,,,,,,,,1,1,5856,1
7620,PC,PC,1,,,,,,,,1,1,5857,1
7621,PC,PC,1,,,,,,,,1,1,5858,1
7622,PC,PC,1,,,,,,,,1,1,5859,1
7623,PC,PC,1,,,,,,,,1,1,5860,1
7624,PC,PC,1,,,,,,,,1,1,5861,1
7625,PC,PC,1,,,,,,,,1,1,5862,1
7626,PC,PC,1,,,,,,,,1,1,5863,1
7627,PC,PC,1,,,,,,,,1,1,5864,1
7628,PC,PC,1,,,,,,,,1,1,5865,1
7629,PC,PC,1,,,,,,,,1,1,5866,1
7630,PC,PC,1,,,,,,,,1,1,5867,1
7631,PC,PC,1,,,,,,,,1,1,5868,1
7632,PC,PC,1,,,,,,,,1,1,5869,1
7633,PC,PC,1,,,,,,,,1,1,5870,1
7634,PC,PC,1,,,,,,,,1,1,5871,1
7635,PC,PC,1,,,,,,,,1,1,5872,1
7636,PC,PC,1,,,,,,,,1,1,5873,1
7637,PC,PC,1,,,,,,,,1,1,5874,1
7638,PC,PC,1,,,,,,,,1,1,5875,1
7639,PC,PC,1,,,,,,,,1,1,5876,1
7640,PC,PC,1,,,,,,,,1,1,5877,1
7641,PC,PC,1,,,,,,,,1,1,5878,1
7642,PC,PC,1,,,,,,,,1,1,5879,1
7643,PC,PC,1,,,,,,,,1,1,5880,1
7644,PC,PC,1,,,,,,,,1,1,5881,1
7645,PC,PC,1,,,,,,,,1,1,5882,1
7646,PC,PC,1,,,,,,,,1,1,5883,1
7647,PC,PC,1,,,,,,,,1,1,5884,1
7648,PC,PC,1,,,,,,,,1,1,5885,1
7649,PC,PC,1,,,,,,,,1,1,5886,1
7650,PC,PC,1,,,,,,,,1,1,5887,1
7651,PC,PC,1,,,,,,,,1,1,5888,1
7652,PC,PC,1,,,,,,,,1,1,5889,1
7653,PC,PC,1,,,,,,,,1,1,5890,1
7654,PC,PC,1,,,,,,,,1,1,5891,1
7655,PC,PC,1,,,,,,,,1,1,5892,1
7656,PC,PC,1,,,,,,,,1,1,5893,1
7657,PC,PC,1,,,,,,,,1,1,5894,1
7658,PC,PC,1,,,,,,,,1,1,5895,1
7659,PC,PC,1,,,,,,,,1,1,5896,1
7660,PC,PC,1,,,,,,,,1,1,5897,1
7661,PC,PC,1,,,,,,,,1,1,5898,1
7662,PC,PC,1,,,,,,,,1,1,5899,1
7663,PC,PC,1,,,,,,,,1,1,5900,1
7664,PC,PC,1,,,,,,,,1,1,5901,1
7665,PC,PC,1,,,,,,,,1,1,5902,1
7666,PC,PC,1,,,,,,,,1,1,5903,1
7667,PC,PC,1,,,,,,,,1,1,5904,1
7668,PC,PC,1,,,,,,,,1,1,5905,1
7669,PC,PC,1,,,,,,,,1,1,5906,1
7670,PC,PC,1,,,,,,,,1,1,5907,1
7671,PC,PC,1,,,,,,,,1,1,5908,1
7672,PC,PC,1,,,,,,,,1,1,5909,1
7673,PC,PC,1,,,,,,,,1,1,5910,1
7674,PC,PC,1,,,,,,,,1,1,5911,1
7675,PC,PC,1,,,,,,,,1,1,5912,1
7676,PC,PC,1,,,,,,,,1,1,5913,1
7677,PC,PC,1,,,,,,,,1,1,5914,1
7678,PC,PC,1,,,,,,,,1,1,5915,1
7679,PC,PC,1,,,,,,,,1,1,5916,1
7680,PC,PC,1,,,,,,,,1,1,5917,1
7681,PC,PC,1,,,,,,,,1,1,5918,1
7682,PC,PC,1,,,,,,,,1,1,5919,1
7683,PC,PC,1,,,,,,,,1,1,5920,1
7684,PC,PC,1,,,,,,,,1,1,5921,1
7685,PC,PC,1,,,,,,,,1,1,5922,1
7686,PC,PC,1,,,,,,,,1,1,5923,1
7687,PC,PC,1,,,,,,,,1,1,5924,1
7688,PC,PC,1,,,,,,,,1,1,5925,1
7689,PC,PC,1,,,,,,,,1,1,5926,1
7690,PC,PC,1,,,,,,,,1,1,5927,1
7691,PC,PC,1,,,,,,,,1,1,5928,1
7692,PC,PC,1,,,,,,,,1,1,5929,1
7693,PC,PC,1,,,,,,,,1,1,5930,1
7694,PC,PC,1,,,,,,,,1,1,5931,1
7695,PC,PC,1,,,,,,,,1,1,5932,1
7696,PC,PC,1,,,,,,,,1,1,5933,1
7697,PC,PC,1,,,,,,,,1,1,5934,1
7698,PC,PC,1,,,,,,,,1,1,5935,1
7699,PC,PC,1,,,,,,,,1,1,5936,1
7700,PC,PC,1,,,,,,,,1,1,5937,1
7701,PC,PC,1,,,,,,,,1,1,5938,1
7702,PC,PC,1,,,,,,,,1,1,5939,1
7703,PC,PC,1,,,,,,,,1,1,5940,1
7704,PC,PC,1,,,,,,,,1,1,5941,1
7705,PC,PC,1,,,,,,,,1,1,5942,1
7706,PC,PC,1,,,,,,,,1,1,5943,1
7707,PC,PC,1,,,,,,,,1,1,5944,1
7708,PC,PC,1,,,,,,,,1,1,5945,1
7709,PC,PC,1,,,,,,,,1,1,5946,1
7710,PC,PC,1,,,,,,,,1,1,5947,1
7711,PC,PC,1,,,,,,,,1,1,5948,1
7712,PC,PC,1,,,,,,,,1,1,5949,1
7713,PC,PC,1,,,,,,,,1,1,5950,1
7714,PC,PC,1,,,,,,,,1,1,5951,1
7715,PC,PC,1,,,,,,,,1,1,5952,1
7716,PC,PC,1,,,,,,,,1,1,5953,1
7717,PC,PC,1,,,,,,,,1,1,5954,1
7718,PC,PC,1,,,,,,,,1,1,5955,1
7719,PC,PC,1,,,,,,,,1,1,5956,1
7720,PC,PC,1,,,,,,,,1,1,5957,1
7721,PC,PC,1,,,,,,,,1,1,5958,1
7722,PC,PC,1,,,,,,,,1,1,5959,1
7723,PC,PC,1,,,,,,,,1,1,5960,1
7724,PC,PC,1,,,,,,,,1,1,5961,1
7725,PC,PC,1,,,,,,,,1,1,5962,1
7726,PC,PC,1,,,,,,,,1,1,5963,1
7727,PC,PC,1,,,,,,,,1,1,5964,1
7728,PC,PC,1,,,,,,,,1,1,5965,1
7729,PC,PC,1,,,,,,,,1,1,5966,1
7730,PC,PC,1,,,,,,,,1,1,5967,1
7731,PC,PC,1,,,,,,,,1,1,5968,1
7732,PC,PC,1,,,,,,,,1,1,5969,1
7733,PC,PC,1,,,,,,,,1,1,5970,1
7734,PC,PC,1,,,,,,,,1,1,5971,1
7735,PC,PC,1,,,,,,,,1,1,5972,1
7736,PC,PC,1,,,,,,,,1,1,5973,1
7737,PC,PC,1,,,,,,,,1,1,5974,1
7738,PC,PC,1,,,,,,,,1,1,5975,1
7739,PC,PC,1,,,,,,,,1,1,5976,1
7740,PC,PC,1,,,,,,,,1,1,5977,1
7741,PC,PC,1,,,,,,,,1,1,5978,1
7742,PC,PC,1,,,,,,,,1,1,5979,1
7743,PC,PC,1,,,,,,,,1,1,5980,1
7744,PC,PC,1,,,,,,,,1,1,5981,1
7745,PC,PC,1,,,,,,,,1,1,5982,1
7746,PC,PC,1,,,,,,,,1,1,5983,1
7747,PC,PC,1,,,,,,,,1,1,5984,1
7748,PC,PC,1,,,,,,,,1,1,5985,1
7749,PC,PC,1,,,,,,,,1,1,5986,1
7750,PC,PC,1,,,,,,,,1,1,5987,1
7751,PC,PC,1,,,,,,,,1,1,5988,1
7752,PC,PC,1,,,,,,,,1,1,5989,1
7753,PC,PC,1,,,,,,,,1,1,5990,1
7754,PC,PC,1,,,,,,,,1,1,5991,1
7755,PC,PC,1,,,,,,,,1,1,5992,1
7756,PC,PC,1,,,,,,,,1,1,5993,1
7757,PC,PC,1,,,,,,,,1,1,5994,1
7758,PC,PC,1,,,,,,,,1,1,5995,1
7759,PC,PC,1,,,,,,,,1,1,5996,1
7760,PC,PC,1,,,,,,,,1,1,5997,1
7761,PC,PC,1,,,,,,,,1,1,5998,1
7762,PC,PC,1,,,,,,,,1,1,5999,1
7763,PC,PC,1,,,,,,,,1,1,6000,1
7764,PC,PC,1,,,,,,,,1,1,6001,1
7765,PC,PC,1,,,,,,,,1,1,6002,1
7766,PC,PC,1,,,,,,,,1,1,6003,1
7767,PC,PC,1,,,,,,,,1,1,6004,1
7768,PC,PC,1,,,,,,,,1,1,6005,1
7769,PC,PC,1,,,,,,,,1,1,6006,1
7770,PC,PC,1,,,,,,,,1,1,6007,1
7771,PC,PC,1,,,,,,,,1,1,6008,1
7772,PC,PC,1,,,,,,,,1,1,6009,1
7773,PC,PC,1,,,,,,,,1,1,6010,1
7774,PC,PC,1,,,,,,,,1,1,6011,1
7775,PC,PC,1,,,,,,,,1,1,6012,1
7776,PC,PC,1,,,,,,,,1,1,6013,1
7777,PC,PC,1,,,,,,,,1,1,6014,1
7778,PC,PC,1,,,,,,,,1,1,6015,1
7779,PC,PC,1,,,,,,,,1,1,6016,1
7780,PC,PC,1,,,,,,,,1,1,6017,1
7781,PC,PC,1,,,,,,,,1,1,6018,1
7782,PC,PC,1,,,,,,,,1,1,6019,1
7783,PC,PC,1,,,,,,,,1,1,6020,1
7784,PC,PC,1,,,,,,,,1,1,6021,1
7785,PC,PC,1,,,,,,,,1,1,6022,1
7786,PC,PC,1,,,,,,,,1,1,6023,1
7787,PC,PC,1,,,,,,,,1,1,6024,1
7788,PC,PC,1,,,,,,,,1,1,6025,1
7789,PC,PC,1,,,,,,,,1,1,6026,1
7790,PC,PC,1,,,,,,,,1,1,6027,1
7791,PC,PC,1,,,,,,,,1,1,6028,1
7792,PC,PC,1,,,,,,,,1,1,6029,1
7793,PC,PC,1,,,,,,,,1,1,6030,1
7794,PC,PC,1,,,,,,,,1,1,6031,1
7795,PC,PC,1,,,,,,,,1,1,6032,1
7796,PC,PC,1,,,,,,,,1,1,6033,1
7797,PC,PC,1,,,,,,,,1,1,6034,1
7798,PC,PC,1,,,,,,,,1,1,6035,1
7799,PC,PC,1,,,,,,,,1,1,6036,1
7800,PC,PC,1,,,,,,,,1,1,6037,1
7801,PC,PC,1,,,,,,,,1,1,6038,1
7802,PC,PC,1,,,,,,,,1,1,6039,1
7803,PC,PC,1,,,,,,,,1,1,6040,1
7804,PC,PC,1,,,,,,,,1,1,6041,1
7805,PC,PC,1,,,,,,,,1,1,6042,1
7806,PC,PC,1,,,,,,,,1,1,6043,1
7807,PC,PC,1,,,,,,,,1,1,6044,1
7808,PC,PC,1,,,,,,,,1,1,6045,1
7809,PC,PC,1,,,,,,,,1,1,6046,1
7810,PC,PC,1,,,,,,,,1,1,6047,1
7811,PC,PC,1,,,,,,,,1,1,6048,1
7812,PC,PC,1,,,,,,,,1,1,6049,1
7813,PC,PC,1,,,,,,,,1,1,6050,1
7814,PC,PC,1,,,,,,,,1,1,6051,1
7815,PC,PC,1,,,,,,,,1,1,6052,1
7816,PC,PC,1,,,,,,,,1,1,6053,1
7817,PC,PC,1,,,,,,,,1,1,6054,1
7818,PC,PC,1,,,,,,,,1,1,6055,1
7819,PC,PC,1,,,,,,,,1,1,6056,1
7820,PC,PC,1,,,,,,,,1,1,6057,1
7821,PC,PC,1,,,,,,,,1,1,6058,1
7822,PC,PC,1,,,,,,,,1,1,6059,1
7823,PC,PC,1,,,,,,,,1,1,6060,1
7824,PC,PC,1,,,,,,,,1,1,6061,1
7825,PC,PC,1,,,,,,,,1,1,6062,1
7826,PC,PC,1,,,,,,,,1,1,6063,1
7827,PC,PC,1,,,,,,,,1,1,6064,1
7828,PC,PC,1,,,,,,,,1,1,6065,1
7829,PC,PC,1,,,,,,,,1,1,6066,1
7830,PC,PC,1,,,,,,,,1,1,6067,1
7831,PC,PC,1,,,,,,,,1,1,6068,1
7832,PC,PC,1,,,,,,,,1,1,6069,1
7833,PC,PC,1,,,,,,,,1,1,6070,1
7834,PC,PC,1,,,,,,,,1,1,6071,1
7835,PC,PC,1,,,,,,,,1,1,6072,1
7836,PC,PC,1,,,,,,,,1,1,6073,1
7837,PC,PC,1,,,,,,,,1,1,6074,1
7838,PC,PC,1,,,,,,,,1,1,6075,1
7839,PC,PC,1,,,,,,,,1,1,6076,1
7840,PC,PC,1,,,,,,,,1,1,6077,1
7841,PC,PC,1,,,,,,,,1,1,6078,1
7842,PC,PC,1,,,,,,,,1,1,6079,1
7843,PC,PC,1,,,,,,,,1,1,6080,1
7844,PC,PC,1,,,,,,,,1,1,6081,1
7845,PC,PC,1,,,,,,,,1,1,6082,1
7846,PC,PC,1,,,,,,,,1,1,6083,1
7847,PC,PC,1,,,,,,,,1,1,6084,1
7848,PC,PC,1,,,,,,,,1,1,6085,1
7849,PC,PC,1,,,,,,,,1,1,6086,1
7850,PC,PC,1,,,,,,,,1,1,6087,1
7851,PC,PC,1,,,,,,,,1,1,6088,1
7852,PC,PC,1,,,,,,,,1,1,6089,1
7853,PC,PC,1,,,,,,,,1,1,6090,1
7854,PC,PC,1,,,,,,,,1,1,6091,1
7855,PC,PC,1,,,,,,,,1,1,6092,1
7856,PC,PC,1,,,,,,,,1,1,6093,1
7857,PC,PC,1,,,,,,,,1,1,6094,1
7858,PC,PC,1,,,,,,,,1,1,6095,1
7859,PC,PC,1,,,,,,,,1,1,6096,1
7860,PC,PC,1,,,,,,,,1,1,6097,1
7861,PC,PC,1,,,,,,,,1,1,6098,1
7862,PC,PC,1,,,,,,,,1,1,6099,1
7863,PC,PC,1,,,,,,,,1,1,6100,1
7864,PC,PC,1,,,,,,,,1,1,6101,1
7865,PC,PC,1,,,,,,,,1,1,6102,1
7866,PC,PC,1,,,,,,,,1,1,6103,1
7867,PC,PC,1,,,,,,,,1,1,6104,1
7868,PC,PC,1,,,,,,,,1,1,6105,1
7869,PC,PC,1,,,,,,,,1,1,6106,1
7870,PC,PC,1,,,,,,,,1,1,6107,1
7871,PC,PC,1,,,,,,,,1,1,6108,1
7872,PC,PC,1,,,,,,,,1,1,6109,1
7873,PC,PC,1,,,,,,,,1,1,6110,1
7874,PC,PC,1,,,,,,,,1,1,6111,1
7875,PC,PC,1,,,,,,,,1,1,6112,1
7876,PC,PC,1,,,,,,,,1,1,6113,1
7877,PC,PC,1,,,,,,,,1,1,6114,1
7878,PC,PC,1,,,,,,,,1,1,6115,1
7879,PC,PC,1,,,,,,,,1,1,6116,1
7880,PC,PC,1,,,,,,,,1,1,6117,1
7881,PC,PC,1,,,,,,,,1,1,6118,1
7882,PC,PC,1,,,,,,,,1,1,6119,1
7883,PC,PC,1,,,,,,,,1,1,6120,1
7884,PC,PC,1,,,,,,,,1,1,6121,1
7885,PC,PC,1,,,,,,,,1,1,6122,1
7886,PC,PC,1,,,,,,,,1,1,6123,1
7887,PC,PC,1,,,,,,,,1,1,6124,1
7888,PC,PC,1,,,,,,,,1,1,6125,1
7889,PC,PC,1,,,,,,,,1,1,6126,1
7890,PC,PC,1,,,,,,,,1,1,6127,1
7891,PC,PC,1,,,,,,,,1,1,6128,1
7892,PC,PC,1,,,,,,,,1,1,6129,1
7893,PC,PC,1,,,,,,,,1,1,6130,1
7894,PC,PC,1,,,,,,,,1,1,6131,1
7895,PC,PC,1,,,,,,,,1,1,6132,1
7896,PC,PC,1,,,,,,,,1,1,6133,1
7897,PC,PC,1,,,,,,,,1,1,6134,1
7898,PC,PC,1,,,,,,,,1,1,6135,1
7899,PC,PC,1,,,,,,,,1,1,6136,1
7900,PC,PC,1,,,,,,,,1,1,6137,1
7901,PC,PC,1,,,,,,,,1,1,6138,1
7902,PC,PC,1,,,,,,,,1,1,6139,1
7903,PC,PC,1,,,,,,,,1,1,6140,1
7904,PC,PC,1,,,,,,,,1,1,6141,1
7905,PC,PC,1,,,,,,,,1,1,6142,1
7906,PC,PC,1,,,,,,,,1,1,6143,1
7907,PC,PC,1,,,,,,,,1,1,6144,1
7908,PC,PC,1,,,,,,,,1,1,6145,1
7909,PC,PC,1,,,,,,,,1,1,6146,1
7910,PC,PC,1,,,,,,,,1,1,6147,1
7911,PC,PC,1,,,,,,,,1,1,6148,1
7912,PC,PC,1,,,,,,,,1,1,6149,1
7913,PC,PC,1,,,,,,,,1,1,6150,1
7914,PC,PC,1,,,,,,,,1,1,6151,1
7915,PC,PC,1,,,,,,,,1,1,6152,1
7916,PC,PC,1,,,,,,,,1,1,6153,1
7917,PC,PC,1,,,,,,,,1,1,6154,1
7918,PC,PC,1,,,,,,,,1,1,6155,1
7919,PC,PC,1,,,,,,,,1,1,6156,1
7920,PC,PC,1,,,,,,,,1,1,6157,1
7921,PC,PC,1,,,,,,,,1,1,6158,1
7922,PC,PC,1,,,,,,,,1,1,6159,1
7923,PC,PC,1,,,,,,,,1,1,6160,1
7924,PC,PC,1,,,,,,,,1,1,6161,1
7925,PC,PC,1,,,,,,,,1,1,6162,1
7926,PC,PC,1,,,,,,,,1,1,6163,1
7927,PC,PC,1,,,,,,,,1,1,6164,1
7928,PC,PC,1,,,,,,,,1,1,6165,1
7929,PC,PC,1,,,,,,,,1,1,6166,1
7930,PC,PC,1,,,,,,,,1,1,6167,1
7931,PC,PC,1,,,,,,,,1,1,6168,1
7932,PK,PK,1,,,,,,,,1,1,6169,1
7933,PC,PC,1,,,,,,,,1,1,6170,1
7934,PC,PC,1,,,,,,,,1,1,6171,1
7935,PC,PC,1,,,,,,,,1,1,6172,1
7936,PC,PC,1,,,,,,,,1,1,6173,1
7937,PC,PC,1,,,,,,,,1,1,6174,1
7938,PC,PC,1,,,,,,,,1,1,6175,1
7939,PC,PC,1,,,,,,,,1,1,6176,1
7940,PC,PC,1,,,,,,,,1,1,6177,1
7941,PC,PC,1,,,,,,,,1,1,6178,1
7942,PC,PC,1,,,,,,,,1,1,6179,1
7943,PC,PC,1,,,,,,,,1,1,6180,1
7944,PC,PC,1,,,,,,,,1,1,6181,1
7945,PC,PC,1,,,,,,,,1,1,6182,1
7946,PC,PC,1,,,,,,,,1,1,6183,1
7947,PC,PC,1,,,,,,,,1,1,6184,1
7948,PC,PC,1,,,,,,,,1,1,6185,1
7949,PC,PC,1,,,,,,,,1,1,6186,1
7950,PC,PC,1,,,,,,,,1,1,6187,1
7951,PC,PC,1,,,,,,,,1,1,6188,1
7952,PC,PC,1,,,,,,,,1,1,6189,1
7953,PC,PC,1,,,,,,,,1,1,6190,1
7954,PC,PC,1,,,,,,,,1,1,6191,1
7955,PC,PC,1,,,,,,,,1,1,6192,1
7956,PC,PC,1,,,,,,,,1,1,6193,1
7957,PC,PC,1,,,,,,,,1,1,6194,1
7958,PC,PC,1,,,,,,,,1,1,6195,1
7959,PC,PC,1,,,,,,,,1,1,6196,1
7960,PC,PC,1,,,,,,,,1,1,6197,1
7961,PC,PC,1,,,,,,,,1,1,6198,1
7962,PC,PC,1,,,,,,,,1,1,6199,1
7963,PC,PC,1,,,,,,,,1,1,6200,1
7964,PC,PC,1,,,,,,,,1,1,6201,1
7965,PC,PC,1,,,,,,,,1,1,6202,1
7966,PC,PC,1,,,,,,,,1,1,6203,1
7967,PC,PC,1,,,,,,,,1,1,6204,1
7968,PC,PC,1,,,,,,,,1,1,6205,1
7969,PC,PC,1,,,,,,,,1,1,6206,1
7970,PC,PC,1,,,,,,,,1,1,6207,1
7971,PC,PC,1,,,,,,,,1,1,6208,1
7972,PC,PC,1,,,,,,,,1,1,6209,1
7973,PC,PC,1,,,,,,,,1,1,6210,1
7974,PC,PC,1,,,,,,,,1,1,6211,1
7975,PC,PC,1,,,,,,,,1,1,6212,1
7976,PC,PC,1,,,,,,,,1,1,6213,1
7977,PC,PC,1,,,,,,,,1,1,6214,1
7978,PC,PC,1,,,,,,,,1,1,6215,1
7979,PC,PC,1,,,,,,,,1,1,6216,1
7980,PC,PC,1,,,,,,,,1,1,6217,1
7981,PC,PC,1,,,,,,,,1,1,6218,1
7982,PC,PC,1,,,,,,,,1,1,6219,1
7983,PC,PC,1,,,,,,,,1,1,6220,1
7984,PC,PC,1,,,,,,,,1,1,6221,1
7985,PC,PC,1,,,,,,,,1,1,6222,1
7986,PC,PC,1,,,,,,,,1,1,6223,1
7987,PC,PC,1,,,,,,,,1,1,6224,1
7988,PC,PC,1,,,,,,,,1,1,6225,1
7989,PC,PC,1,,,,,,,,1,1,6226,1
7990,PC,PC,1,,,,,,,,1,1,6227,1
7991,PC,PC,1,,,,,,,,1,1,6228,1
7992,PC,PC,1,,,,,,,,1,1,6229,1
7993,PC,PC,1,,,,,,,,1,1,6230,1
7994,PC,PC,1,,,,,,,,1,1,6231,1
7995,PC,PC,1,,,,,,,,1,1,6232,1
7996,PC,PC,1,,,,,,,,1,1,6233,1
7997,PC,PC,1,,,,,,,,1,1,6234,1
7998,PC,PC,1,,,,,,,,1,1,6235,1
7999,PC,PC,1,,,,,,,,1,1,6236,1
8000,PC,PC,1,,,,,,,,1,1,6237,1
8001,PC,PC,1,,,,,,,,1,1,6238,1
8002,PC,PC,1,,,,,,,,1,1,6239,1
8003,PC,PC,1,,,,,,,,1,1,6240,1
8004,PC,PC,1,,,,,,,,1,1,6241,1
8005,PC,PC,1,,,,,,,,1,1,6242,1
8006,PC,PC,1,,,,,,,,1,1,6243,1
8007,PC,PC,1,,,,,,,,1,1,6244,1
8008,PC,PC,1,,,,,,,,1,1,6245,1
8009,PC,PC,1,,,,,,,,1,1,6246,1
8010,PC,PC,1,,,,,,,,1,1,6247,1
8011,PC,PC,1,,,,,,,,1,1,6248,1
8012,PC,PC,1,,,,,,,,1,1,6249,1
8013,PC,PC,1,,,,,,,,1,1,6250,1
8014,PC,PC,1,,,,,,,,1,1,6251,1
8015,PC,PC,1,,,,,,,,1,1,6252,1
8016,PC,PC,1,,,,,,,,1,1,6253,1
8017,PC,PC,1,,,,,,,,1,1,6254,1
8018,PC,PC,1,,,,,,,,1,1,6255,1
8019,PC,PC,1,,,,,,,,1,1,6256,1
8020,PC,PC,1,,,,,,,,1,1,6257,1
8021,PC,PC,1,,,,,,,,1,1,6258,1
8022,PC,PC,1,,,,,,,,1,1,6259,1
8023,PC,PC,1,,,,,,,,1,1,6260,1
8024,PC,PC,1,,,,,,,,1,1,6261,1
8025,PC,PC,1,,,,,,,,1,1,6262,1
8026,PC,PC,1,,,,,,,,1,1,6263,1
8027,PC,PC,1,,,,,,,,1,1,6264,1
8028,PC,PC,1,,,,,,,,1,1,6265,1
8029,PC,PC,1,,,,,,,,1,1,6266,1
8030,PC,PC,1,,,,,,,,1,1,6267,1
8031,PC,PC,1,,,,,,,,1,1,6268,1
8032,PC,PC,1,,,,,,,,1,1,6269,1
8033,PC,PC,1,,,,,,,,1,1,6270,1
8034,PC,PC,1,,,,,,,,1,1,6271,1
8035,PC,PC,1,,,,,,,,1,1,6272,1
8036,PC,PC,1,,,,,,,,1,1,6273,1
8037,PC,PC,1,,,,,,,,1,1,6274,1
8038,PC,PC,1,,,,,,,,1,1,6275,1
8039,PC,PC,1,,,,,,,,1,1,6276,1
8040,PC,PC,1,,,,,,,,1,1,6277,1
8041,PC,PC,1,,,,,,,,1,1,6278,1
8042,PC,PC,1,,,,,,,,1,1,6279,1
8043,PC,PC,1,,,,,,,,1,1,6280,1
8044,PC,PC,1,,,,,,,,1,1,6281,1
8045,PC,PC,1,,,,,,,,1,1,6282,1
8046,PC,PC,1,,,,,,,,1,1,6283,1
8047,PC,PC,1,,,,,,,,1,1,6284,1
8048,PC,PC,1,,,,,,,,1,1,6285,1
8049,PC,PC,1,,,,,,,,1,1,6286,1
8050,PC,PC,1,,,,,,,,1,1,6287,1
8051,PC,PC,1,,,,,,,,1,1,6288,1
8052,PC,PC,1,,,,,,,,1,1,6289,1
8053,PC,PC,1,,,,,,,,1,1,6290,1
8054,PC,PC,1,,,,,,,,1,1,6291,1
8055,PC,PC,1,,,,,,,,1,1,6292,1
8056,PC,PC,1,,,,,,,,1,1,6293,1
8057,PC,PC,1,,,,,,,,1,1,6294,1
8058,PC,PC,1,,,,,,,,1,1,6295,1
8059,PC,PC,1,,,,,,,,1,1,6296,1
8060,PC,PC,1,,,,,,,,1,1,6297,1
8061,PC,PC,1,,,,,,,,1,1,6298,1
8062,PC,PC,1,,,,,,,,1,1,6299,1
8063,PC,PC,1,,,,,,,,1,1,6300,1
8064,PC,PC,1,,,,,,,,1,1,6301,1
8065,PC,PC,1,,,,,,,,1,1,6302,1
8066,PC,PC,1,,,,,,,,1,1,6303,1
8067,PC,PC,1,,,,,,,,1,1,6304,1
8068,PC,PC,1,,,,,,,,1,1,6305,1
8069,PC,PC,1,,,,,,,,1,1,6306,1
8070,PC,PC,1,,,,,,,,1,1,6307,1
8071,PC,PC,1,,,,,,,,1,1,6308,1
8072,PC,PC,1,,,,,,,,1,1,6309,1
8073,PC,PC,1,,,,,,,,1,1,6310,1
8074,PC,PC,1,,,,,,,,1,1,6311,1
8075,PC,PC,1,,,,,,,,1,1,6312,1
8076,PC,PC,1,,,,,,,,1,1,6313,1
8077,PC,PC,1,,,,,,,,1,1,6314,1
8078,PC,PC,1,,,,,,,,1,1,6315,1
8079,PC,PC,1,,,,,,,,1,1,6316,1
8080,PC,PC,1,,,,,,,,1,1,6317,1
8081,PC,PC,1,,,,,,,,1,1,6318,1
8082,PC,PC,1,,,,,,,,1,1,6319,1
8083,PC,PC,1,,,,,,,,1,1,6320,1
8084,PC,PC,1,,,,,,,,1,1,6321,1
8085,PC,PC,1,,,,,,,,1,1,6322,1
8086,PC,PC,1,,,,,,,,1,1,6323,1
8087,PC,PC,1,,,,,,,,1,1,6324,1
8088,PC,PC,1,,,,,,,,1,1,6325,1
8089,PC,PC,1,,,,,,,,1,1,6326,1
8090,PC,PC,1,,,,,,,,1,1,6327,1
8091,PC,PC,1,,,,,,,,1,1,6328,1
8092,PC,PC,1,,,,,,,,1,1,6329,1
8093,PC,PC,1,,,,,,,,1,1,6330,1
8094,PC,PC,1,,,,,,,,1,1,6331,1
8095,PC,PC,1,,,,,,,,1,1,6332,1
8096,PC,PC,1,,,,,,,,1,1,6333,1
8097,PC,PC,1,,,,,,,,1,1,6334,1
8098,PC,PC,1,,,,,,,,1,1,6335,1
8099,PC,PC,1,,,,,,,,1,1,6336,1
8100,PC,PC,1,,,,,,,,1,1,6337,1
8101,PC,PC,1,,,,,,,,1,1,6338,1
8102,BD,BD,1,,,,,,,,1,1,6339,1
8103,PK,PK,1,,,,,,,,1,1,6340,1
8104,PK,PK,1,,,,,,,,1,1,6341,1
8105,PK,PK,1,,,,,,,,1,1,6342,1
8106,CP,CP,1,,,,,,,,1,1,6343,1
8107,CP,CP,1,,,,,,,,1,1,6344,1
8108,PC,PC,1,,,,,,,,1,1,6345,1
8109,PC,PC,1,,,,,,,,1,1,6346,1
8110,PC,PC,1,,,,,,,,1,1,6347,1
8111,PC,PC,1,,,,,,,,1,1,6348,1
8112,PC,PC,1,,,,,,,,1,1,6349,1
8113,PC,PC,1,,,,,,,,1,1,6350,1
8114,PC,PC,1,,,,,,,,1,1,6351,1
8115,PC,PC,1,,,,,,,,1,1,6352,1
8116,PC,PC,1,,,,,,,,1,1,6353,1
8117,PC,PC,1,,,,,,,,1,1,6354,1
8118,PC,PC,1,,,,,,,,1,1,6355,1
8119,PC,PC,1,,,,,,,,1,1,6356,1
8120,PC,PC,1,,,,,,,,1,1,6357,1
8121,PC,PC,1,,,,,,,,1,1,6358,1
8122,PC,PC,1,,,,,,,,1,1,6359,1
8123,PC,PC,1,,,,,,,,1,1,6360,1
8124,PC,PC,1,,,,,,,,1,1,6361,1
8125,PC,PC,1,,,,,,,,1,1,6362,1
8126,PC,PC,1,,,,,,,,1,1,6363,1
8127,PC,PC,1,,,,,,,,1,1,6364,1
8128,PC,PC,1,,,,,,,,1,1,6365,1
8129,PC,PC,1,,,,,,,,1,1,6366,1
8130,PC,PC,1,,,,,,,,1,1,6367,1
8131,PC,PC,1,,,,,,,,1,1,6368,1
8132,PC,PC,1,,,,,,,,1,1,6369,1
8133,CP,CP,1,,,,,,,,1,1,6370,1
8134,CP,CP,1,,,,,,,,1,1,6371,1
8135,PC,PC,1,,,,,,,,1,1,6372,1
8136,PC,PC,1,,,,,,,,1,1,6373,1
8137,CP,CP,1,,,,,,,,1,1,6374,1
8138,CP,CP,1,,,,,,,,1,1,6375,1
8139,CP,CP,1,,,,,,,,1,1,6376,1
8140,PC,PC,1,,,,,,,,1,1,6377,1
8141,PK,PK,1,,,,,,,,1,1,6378,1
8142,BD,BD,1,,,,,,,,1,1,6379,1
8143,PK,PK,1,,,,,,,,1,1,6380,1
8144,PK,PK,1,,,,,,,,1,1,6381,1
8145,PK,PK,1,,,,,,,,1,1,6382,1
8146,PK,PK,1,,,,,,,,1,1,6383,1
8147,PC,PC,1,,,,,,,,1,1,6384,1
8148,TP,TP,1,,,,,,,,1,1,6385,1
8149,TP,TP,1,,,,,,,,1,1,6386,1
8150,PK,PK,1,,,,,,,,1,1,6387,1
8151,PK,PK,1,,,,,,,,1,1,6388,1
8152,PK,PK,1,,,,,,,,1,1,6389,1
8153,CT,CT,1,,,,,,,,1,1,6390,1
8154,CT,CT,1,,,,,,,,1,1,6391,1
8155,CT,CT,1,,,,,,,,1,1,6392,1
8156,CT,CT,1,,,,,,,,1,1,6393,1
8157,CT,CT,1,,,,,,,,1,1,6394,1
8158,CT,CT,1,,,,,,,,1,1,6395,1
8159,PK,PK,1,,,,,,,,1,1,6396,1
8160,PK,PK,1,,,,,,,,1,1,6397,1
8161,PK,PK,1,,,,,,,,1,1,6398,1
8162,CT,CT,1,,,,,,,,1,1,6399,1
8163,CT,CT,1,,,,,,,,1,1,6400,1
8164,CT,CT,1,,,,,,,,1,1,6401,1
8165,CT,CT,1,,,,,,,,1,1,6402,1
8166,CT,CT,1,,,,,,,,1,1,6403,1
8167,PC,PC,1,,,,,,,,1,1,6404,1
8168,PC,PC,1,,,,,,,,1,1,6405,1
8169,PC,PC,1,,,,,,,,1,1,6406,1
8170,PC,PC,1,,,,,,,,1,1,6407,1
8171,PC,PC,1,,,,,,,,1,1,6408,1
8172,PC,PC,1,,,,,,,,1,1,6409,1
8173,PC,PC,1,,,,,,,,1,1,6410,1
8174,PK,PK,1,,,,,,,,1,1,6411,1
8175,PC,PC,1,,,,,,,,1,1,6412,1
8176,BD,BD,1,,,,,,,,1,1,6413,1
8177,BX,BX,1,,,,,,,,1,1,6414,1
8178,BX,BX,1,,,,,,,,1,1,6415,1
8179,PC,PC,1,,,,,,,,1,1,6416,1
8180,PC,PC,1,,,,,,,,1,1,6417,1
8181,PC,PC,1,,,,,,,,1,1,6418,1
8182,PC,PC,1,,,,,,,,1,1,6419,1
8183,PC,PC,1,,,,,,,,1,1,6420,1
8184,PK,PK,1,,,,,,,,1,1,6421,1
8185,PK,PK,1,,,,,,,,1,1,6422,1
8186,BX,BX,1,,,,,,,,1,1,6423,1
8187,PC,PC,1,,,,,,,,1,1,6424,1
8188,PC,PC,1,,,,,,,,1,1,6425,1
8189,PC,PC,1,,,,,,,,1,1,6426,1
8190,PC,PC,1,,,,,,,,1,1,6427,1
8191,PC,PC,1,,,,,,,,1,1,6428,1
8192,PC,PC,1,,,,,,,,1,1,6429,1
8193,TP,TP,1,,,,,,,,1,1,6430,1
8194,PC,PC,1,,,,,,,,1,1,6431,1
8195,PC,PC,1,,,,,,,,1,1,6432,1
8196,PC,PC,1,,,,,,,,1,1,6433,1
8197,PC,PC,1,,,,,,,,1,1,6434,1
8198,PC,PC,1,,,,,,,,1,1,6435,1
8199,PC,PC,1,,,,,,,,1,1,6436,1
8200,PC,PC,1,,,,,,,,1,1,6437,1
8201,PC,PC,1,,,,,,,,1,1,6438,1
8202,PC,PC,1,,,,,,,,1,1,6439,1
8203,PK,PK,1,,,,,,,,1,1,6440,1
8204,BD,BD,1,,,,,,,,1,1,6441,1
8205,PC,PC,1,,,,,,,,1,1,6442,1
8206,PC,PC,1,,,,,,,,1,1,6443,1
8207,PC,PC,1,,,,,,,,1,1,6444,1
8208,PC,PC,1,,,,,,,,1,1,6445,1
8209,PC,PC,1,,,,,,,,1,1,6446,1
8210,PC,PC,1,,,,,,,,1,1,6447,1
8211,PC,PC,1,,,,,,,,1,1,6448,1
8212,PC,PC,1,,,,,,,,1,1,6449,1
8213,PC,PC,1,,,,,,,,1,1,6450,1
8214,PC,PC,1,,,,,,,,1,1,6451,1
8215,PC,PC,1,,,,,,,,1,1,6452,1
8216,PC,PC,1,,,,,,,,1,1,6453,1
8217,PC,PC,1,,,,,,,,1,1,6454,1
8218,PC,PC,1,,,,,,,,1,1,6455,1
8219,KR,KR,1,,,,,,,,1,1,6456,1
8220,KR,KR,1,,,,,,,,1,1,6457,1
8221,KR,KR,1,,,,,,,,1,1,6458,1
8222,PC,PC,1,,,,,,,,1,1,6459,1
8223,PC,PC,1,,,,,,,,1,1,6460,1
8224,BT,BT,1,,,,,,,,1,1,6461,1
8225,BT,BT,1,,,,,,,,1,1,6462,1
8226,JRG,JRG,1,,,,,,,,1,1,6463,1
8227,PC,PC,1,,,,,,,,1,1,6464,1
8228,PC,PC,1,,,,,,,,1,1,6465,1
8229,PC,PC,1,,,,,,,,1,1,6466,1
8230,PC,PC,1,,,,,,,,1,1,6467,1
8231,PC,PC,1,,,,,,,,1,1,6468,1
8232,PC,PC,1,,,,,,,,1,1,6469,1
8233,PC,PC,1,,,,,,,,1,1,6470,1
8234,PC,PC,1,,,,,,,,1,1,6471,1
8235,PC,PC,1,,,,,,,,1,1,6472,1
8236,PC,PC,1,,,,,,,,1,1,6473,1
8237,PC,PC,1,,,,,,,,1,1,6474,1
8238,PC,PC,1,,,,,,,,1,1,6475,1
8239,PC,PC,1,,,,,,,,1,1,6476,1
8240,PC,PC,1,,,,,,,,1,1,6477,1
8241,PC,PC,1,,,,,,,,1,1,6478,1
8242,PC,PC,1,,,,,,,,1,1,6479,1
8243,PC,PC,1,,,,,,,,1,1,6480,1
8244,BX,BX,1,,,,,,,,1,1,6481,1
8245,BX,BX,1,,,,,,,,1,1,6482,1
8246,JR,JR,1,,,,,,,,1,1,6483,1
8247,JR,JR,1,,,,,,,,1,1,6484,1
8248,PC,PC,1,,,,,,,,1,1,6485,1
8249,PC,PC,1,,,,,,,,1,1,6486,1
8250,PC,PC,1,,,,,,,,1,1,6487,1
8251,PC,PC,1,,,,,,,,1,1,6488,1
8252,PC,PC,1,,,,,,,,1,1,6489,1
8253,PK,PK,1,,,,,,,,1,1,6490,1
8254,PK,PK,1,,,,,,,,1,1,6491,1
8255,PK,PK,1,,,,,,,,1,1,6492,1
8256,PK,PK,1,,,,,,,,1,1,6493,1
8257,PC,PC,1,,,,,,,,1,1,6494,1
8258,BG,BG,1,,,,,,,,1,1,6495,1
8259,BG,BG,1,,,,,,,,1,1,6496,1
8260,BG,BG,1,,,,,,,,1,1,6497,1
8261,PC,PC,1,,,,,,,,1,1,6498,1
8262,PC,PC,1,,,,,,,,1,1,6499,1
8263,JR,JR,1,,,,,,,,1,1,6500,1
8264,PC,PC,1,,,,,,,,1,1,6501,1
8265,PC,PC,1,,,,,,,,1,1,6502,1
8266,PC,PC,1,,,,,,,,1,1,6503,1
8267,PC,PC,1,,,,,,,,1,1,6504,1
8268,PC,PC,1,,,,,,,,1,1,6505,1
8269,PC,PC,1,,,,,,,,1,1,6506,1
8270,PC,PC,1,,,,,,,,1,1,6507,1
8271,PC,PC,1,,,,,,,,1,1,6508,1
8272,PC,PC,1,,,,,,,,1,1,6509,1
8273,PC,PC,1,,,,,,,,1,1,6510,1
8274,PC,PC,1,,,,,,,,1,1,6511,1
8275,PC,PC,1,,,,,,,,1,1,6512,1
8276,PC,PC,1,,,,,,,,1,1,6513,1
8277,PC,PC,1,,,,,,,,1,1,6514,1
8278,PC,PC,1,,,,,,,,1,1,6515,1
8279,JR,JR,1,,,,,,,,1,1,6516,1
8280,PC,PC,1,,,,,,,,1,1,6517,1
8281,PC,PC,1,,,,,,,,1,1,6518,1
8282,PC,PC,1,,,,,,,,1,1,6519,1
8283,PC,PC,1,,,,,,,,1,1,6520,1
8284,PC,PC,1,,,,,,,,1,1,6521,1
8285,PC,PC,1,,,,,,,,1,1,6522,1
8286,PC,PC,1,,,,,,,,1,1,6523,1
8287,PC,PC,1,,,,,,,,1,1,6524,1
8288,PC,PC,1,,,,,,,,1,1,6525,1
8289,PC,PC,1,,,,,,,,1,1,6526,1
8290,PC,PC,1,,,,,,,,1,1,6527,1
8291,PC,PC,1,,,,,,,,1,1,6528,1
8292,PC,PC,1,,,,,,,,1,1,6529,1
8293,PC,PC,1,,,,,,,,1,1,6530,1
8294,PC,PC,1,,,,,,,,1,1,6531,1
8295,PC,PC,1,,,,,,,,1,1,6532,1
8296,PC,PC,1,,,,,,,,1,1,6533,1
8297,PC,PC,1,,,,,,,,1,1,6534,1
8298,PC,PC,1,,,,,,,,1,1,6535,1
8299,PC,PC,1,,,,,,,,1,1,6536,1
8300,PC,PC,1,,,,,,,,1,1,6537,1
8301,JR,JR,1,,,,,,,,1,1,6538,1
8302,PC,PC,1,,,,,,,,1,1,6539,1
8303,PC,PC,1,,,,,,,,1,1,6540,1
8304,PC,PC,1,,,,,,,,1,1,6541,1
8305,PC,PC,1,,,,,,,,1,1,6542,1
8306,PCS,PCS,1,,,,,,,,1,1,6543,1
8307,PC,PC,1,,,,,,,,1,1,6544,1
8308,PC,PC,1,,,,,,,,1,1,6545,1
8309,PC,PC,1,,,,,,,,1,1,6546,1
8310,PC,PC,1,,,,,,,,1,1,6547,1
8311,PC,PC,1,,,,,,,,1,1,6548,1
8312,PC,PC,1,,,,,,,,1,1,6549,1
8313,PC,PC,1,,,,,,,,1,1,6550,1
8314,PC,PC,1,,,,,,,,1,1,6551,1
8315,PC,PC,1,,,,,,,,1,1,6552,1
8316,PC,PC,1,,,,,,,,1,1,6553,1
8317,PC,PC,1,,,,,,,,1,1,6554,1
8318,PC,PC,1,,,,,,,,1,1,6555,1
8319,PC,PC,1,,,,,,,,1,1,6556,1
8320,PC,PC,1,,,,,,,,1,1,6557,1
8321,PC,PC,1,,,,,,,,1,1,6558,1
8322,PC,PC,1,,,,,,,,1,1,6559,1
8323,PC,PC,1,,,,,,,,1,1,6560,1
8324,PC,PC,1,,,,,,,,1,1,6561,1
8325,PC,PC,1,,,,,,,,1,1,6562,1
8326,PC,PC,1,,,,,,,,1,1,6563,1
8327,PC,PC,1,,,,,,,,1,1,6564,1
8328,PC,PC,1,,,,,,,,1,1,6565,1
8329,PC,PC,1,,,,,,,,1,1,6566,1
8330,PC,PC,1,,,,,,,,1,1,6567,1
8331,PC,PC,1,,,,,,,,1,1,6568,1
8332,PC,PC,1,,,,,,,,1,1,6569,1
8333,PC,PC,1,,,,,,,,1,1,6570,1
8334,PC,PC,1,,,,,,,,1,1,6571,1
8335,PC,PC,1,,,,,,,,1,1,6572,1
8336,JR,JR,1,,,,,,,,1,1,6573,1
8337,JR,JR,1,,,,,,,,1,1,6574,1
8338,PC,PC,1,,,,,,,,1,1,6575,1
8339,PC,PC,1,,,,,,,,1,1,6576,1
8340,PC,PC,1,,,,,,,,1,1,6577,1
8341,PC,PC,1,,,,,,,,1,1,6578,1
8342,PC,PC,1,,,,,,,,1,1,6579,1
8343,PC,PC,1,,,,,,,,1,1,6580,1
8344,PC,PC,1,,,,,,,,1,1,6581,1
8345,PC,PC,1,,,,,,,,1,1,6582,1
8346,PC,PC,1,,,,,,,,1,1,6583,1
8347,PC,PC,1,,,,,,,,1,1,6584,1
8348,PC,PC,1,,,,,,,,1,1,6585,1
8349,PC,PC,1,,,,,,,,1,1,6586,1
8350,PC,PC,1,,,,,,,,1,1,6587,1
8351,PC,PC,1,,,,,,,,1,1,6588,1
8352,PC,PC,1,,,,,,,,1,1,6589,1
8353,PC,PC,1,,,,,,,,1,1,6590,1
8354,PC,PC,1,,,,,,,,1,1,6591,1
8355,PC,PC,1,,,,,,,,1,1,6592,1
8356,PC,PC,1,,,,,,,,1,1,6593,1
8357,PC,PC,1,,,,,,,,1,1,6594,1
8358,PC,PC,1,,,,,,,,1,1,6595,1
8359,PC,PC,1,,,,,,,,1,1,6596,1
8360,PC,PC,1,,,,,,,,1,1,6597,1
8361,PC,PC,1,,,,,,,,1,1,6598,1
8362,PC,PC,1,,,,,,,,1,1,6599,1
8363,PC,PC,1,,,,,,,,1,1,6600,1
8364,PC,PC,1,,,,,,,,1,1,6601,1
8365,PC,PC,1,,,,,,,,1,1,6602,1
8366,PC,PC,1,,,,,,,,1,1,6603,1
8367,PC,PC,1,,,,,,,,1,1,6604,1
8368,PC,PC,1,,,,,,,,1,1,6605,1
8369,PC,PC,1,,,,,,,,1,1,6606,1
8370,PC,PC,1,,,,,,,,1,1,6607,1
8371,PC,PC,1,,,,,,,,1,1,6608,1
8372,PC,PC,1,,,,,,,,1,1,6609,1
8373,PC,PC,1,,,,,,,,1,1,6610,1
8374,PC,PC,1,,,,,,,,1,1,6611,1
8375,PC,PC,1,,,,,,,,1,1,6612,1
8376,PC,PC,1,,,,,,,,1,1,6613,1
8377,PC,PC,1,,,,,,,,1,1,6614,1
8378,PC,PC,1,,,,,,,,1,1,6615,1
8379,PC,PC,1,,,,,,,,1,1,6616,1
8380,PC,PC,1,,,,,,,,1,1,6617,1
8381,PC,PC,1,,,,,,,,1,1,6618,1
8382,PC,PC,1,,,,,,,,1,1,6619,1
8383,PC,PC,1,,,,,,,,1,1,6620,1
8384,PC,PC,1,,,,,,,,1,1,6621,1
8385,PC,PC,1,,,,,,,,1,1,6622,1
8386,PC,PC,1,,,,,,,,1,1,6623,1
8387,PC,PC,1,,,,,,,,1,1,6624,1
8388,PC,PC,1,,,,,,,,1,1,6625,1
8389,PC,PC,1,,,,,,,,1,1,6626,1
8390,PC,PC,1,,,,,,,,1,1,6627,1
8391,PC,PC,1,,,,,,,,1,1,6628,1
8392,PC,PC,1,,,,,,,,1,1,6629,1
8393,PC,PC,1,,,,,,,,1,1,6630,1
8394,PC,PC,1,,,,,,,,1,1,6631,1
8395,PC,PC,1,,,,,,,,1,1,6632,1
8396,PC,PC,1,,,,,,,,1,1,6633,1
8397,PC,PC,1,,,,,,,,1,1,6634,1
8398,PC,PC,1,,,,,,,,1,1,6635,1
8399,PC,PC,1,,,,,,,,1,1,6636,1
8400,PC,PC,1,,,,,,,,1,1,6637,1
8401,PC,PC,1,,,,,,,,1,1,6638,1
8402,PC,PC,1,,,,,,,,1,1,6639,1
8403,PC,PC,1,,,,,,,,1,1,6640,1
8404,PC,PC,1,,,,,,,,1,1,6641,1
8405,PC,PC,1,,,,,,,,1,1,6642,1
8406,JR,JR,1,,,,,,,,1,1,6643,1
8407,PC,PC,1,,,,,,,,1,1,6644,1
8408,PC,PC,1,,,,,,,,1,1,6645,1
8409,PC,PC,1,,,,,,,,1,1,6646,1
8410,PC,PC,1,,,,,,,,1,1,6647,1
8411,PC,PC,1,,,,,,,,1,1,6648,1
8412,PC,PC,1,,,,,,,,1,1,6649,1
8413,PC,PC,1,,,,,,,,1,1,6650,1
8414,PC,PC,1,,,,,,,,1,1,6651,1
8415,PC,PC,1,,,,,,,,1,1,6652,1
8416,PC,PC,1,,,,,,,,1,1,6653,1
8417,PC,PC,1,,,,,,,,1,1,6654,1
8418,PC,PC,1,,,,,,,,1,1,6655,1
8419,PC,PC,1,,,,,,,,1,1,6656,1
8420,PC,PC,1,,,,,,,,1,1,6657,1
8421,PC,PC,1,,,,,,,,1,1,6658,1
8422,PC,PC,1,,,,,,,,1,1,6659,1
8423,PC,PC,1,,,,,,,,1,1,6660,1
8424,PC,PC,1,,,,,,,,1,1,6661,1
8425,PC,PC,1,,,,,,,,1,1,6662,1
8426,PC,PC,1,,,,,,,,1,1,6663,1
8427,PC,PC,1,,,,,,,,1,1,6664,1
8428,PC,PC,1,,,,,,,,1,1,6665,1
8429,PC,PC,1,,,,,,,,1,1,6666,1
8430,PC,PC,1,,,,,,,,1,1,6667,1
8431,TP,TP,1,,,,,,,,1,1,6668,1
8432,PC,PC,1,,,,,,,,1,1,6669,1
8433,PC,PC,1,,,,,,,,1,1,6670,1
8434,PC,PC,1,,,,,,,,1,1,6671,1
8435,PC,PC,1,,,,,,,,1,1,6672,1
8436,PC,PC,1,,,,,,,,1,1,6673,1
8437,PC,PC,1,,,,,,,,1,1,6674,1
8438,PC,PC,1,,,,,,,,1,1,6675,1
8439,JR,JR,1,,,,,,,,1,1,6676,1
8440,JR,JR,1,,,,,,,,1,1,6677,1
8441,JR,JR,1,,,,,,,,1,1,6678,1
8442,JR,JR,1,,,,,,,,1,1,6679,1
8443,PC,PC,1,,,,,,,,1,1,6680,1
8444,PC,PC,1,,,,,,,,1,1,6681,1
8445,PC,PC,1,,,,,,,,1,1,6682,1
8446,PC,PC,1,,,,,,,,1,1,6683,1
8447,PC,PC,1,,,,,,,,1,1,6684,1
8448,PC,PC,1,,,,,,,,1,1,6685,1
8449,PC,PC,1,,,,,,,,1,1,6686,1
8450,PC,PC,1,,,,,,,,1,1,6687,1
8451,PC,PC,1,,,,,,,,1,1,6688,1
8452,PC,PC,1,,,,,,,,1,1,6689,1
8453,PC,PC,1,,,,,,,,1,1,6690,1
8454,PC,PC,1,,,,,,,,1,1,6691,1
8455,PC,PC,1,,,,,,,,1,1,6692,1
8456,PC,PC,1,,,,,,,,1,1,6693,1
8457,PC,PC,1,,,,,,,,1,1,6694,1
8458,PC,PC,1,,,,,,,,1,1,6695,1
8459,PC,PC,1,,,,,,,,1,1,6696,1
8460,PC,PC,1,,,,,,,,1,1,6697,1
8461,PC,PC,1,,,,,,,,1,1,6698,1
8462,PC,PC,1,,,,,,,,1,1,6699,1
8463,PC,PC,1,,,,,,,,1,1,6700,1
8464,PC,PC,1,,,,,,,,1,1,6701,1
8465,PC,PC,1,,,,,,,,1,1,6702,1
8466,PC,PC,1,,,,,,,,1,1,6703,1
8467,PC,PC,1,,,,,,,,1,1,6704,1
8468,PC,PC,1,,,,,,,,1,1,6705,1
8469,PC,PC,1,,,,,,,,1,1,6706,1
8470,JR,JR,1,,,,,,,,1,1,6707,1
8471,JR,JR,1,,,,,,,,1,1,6708,1
8472,JR,JR,1,,,,,,,,1,1,6709,1
8473,PC,PC,1,,,,,,,,1,1,6710,1
8474,PC,PC,1,,,,,,,,1,1,6711,1
8475,PC,PC,1,,,,,,,,1,1,6712,1
8476,PC,PC,1,,,,,,,,1,1,6713,1
8477,PC,PC,1,,,,,,,,1,1,6714,1
8478,PC,PC,1,,,,,,,,1,1,6715,1
8479,PCS,PCS,1,,,,,,,,1,1,6716,1
8480,PC,PC,1,,,,,,,,1,1,6717,1
8481,PC,PC,1,,,,,,,,1,1,6718,1
8482,JR,JR,1,,,,,,,,1,1,6719,1
8483,JR,JR,1,,,,,,,,1,1,6720,1
8484,JR,JR,1,,,,,,,,1,1,6721,1
8485,JR,JR,1,,,,,,,,1,1,6722,1
8486,PC,PC,1,,,,,,,,1,1,6723,1
8487,PC,PC,1,,,,,,,,1,1,6724,1
8488,PC,PC,1,,,,,,,,1,1,6725,1
8489,PC,PC,1,,,,,,,,1,1,6726,1
8490,PC,PC,1,,,,,,,,1,1,6727,1
8491,PC,PC,1,,,,,,,,1,1,6728,1
8492,PC,PC,1,,,,,,,,1,1,6729,1
8493,JR,JR,1,,,,,,,,1,1,6730,1
8494,JR,JR,1,,,,,,,,1,1,6731,1
8495,BG,BG,1,,,,,,,,1,1,6732,1
8496,JR,JR,1,,,,,,,,1,1,6733,1
8497,JR,JR,1,,,,,,,,1,1,6734,1
8498,PC,PC,1,,,,,,,,1,1,6735,1
8499,PC,PC,1,,,,,,,,1,1,6736,1
8500,BG,BG,1,,,,,,,,1,1,6737,1
8501,BG,BG,1,,,,,,,,1,1,6738,1
8502,JR,JR,1,,,,,,,,1,1,6739,1
8503,JR,JR,1,,,,,,,,1,1,6740,1
8504,JR,JR,1,,,,,,,,1,1,6741,1
8505,JR,JR,1,,,,,,,,1,1,6742,1
8506,PC,PC,1,,,,,,,,1,1,6743,1
8507,PC,PC,1,,,,,,,,1,1,6744,1
8508,PC,PC,1,,,,,,,,1,1,6745,1
8509,PC,PC,1,,,,,,,,1,1,6746,1
8510,PC,PC,1,,,,,,,,1,1,6747,1
8511,PC,PC,1,,,,,,,,1,1,6748,1
8512,PC,PC,1,,,,,,,,1,1,6749,1
8513,PC,PC,1,,,,,,,,1,1,6750,1
8514,PC,PC,1,,,,,,,,1,1,6751,1
8515,PC,PC,1,,,,,,,,1,1,6752,1
8516,PC,PC,1,,,,,,,,1,1,6753,1
8517,PC,PC,1,,,,,,,,1,1,6754,1
8518,PC,PC,1,,,,,,,,1,1,6755,1
8519,PC,PC,1,,,,,,,,1,1,6756,1
8520,PC,PC,1,,,,,,,,1,1,6757,1
8521,PC,PC,1,,,,,,,,1,1,6758,1
8522,PC,PC,1,,,,,,,,1,1,6759,1
8523,PC,PC,1,,,,,,,,1,1,6760,1
8524,PC,PC,1,,,,,,,,1,1,6761,1
8525,PC,PC,1,,,,,,,,1,1,6762,1
8526,JR,JR,1,,,,,,,,1,1,6763,1
8527,JR,JR,1,,,,,,,,1,1,6764,1
8528,PC,PC,1,,,,,,,,1,1,6765,1
8529,PC,PC,1,,,,,,,,1,1,6766,1
8530,PC,PC,1,,,,,,,,1,1,6767,1
8531,PC,PC,1,,,,,,,,1,1,6768,1
8532,PC,PC,1,,,,,,,,1,1,6769,1
8533,PC,PC,1,,,,,,,,1,1,6770,1
8534,PC,PC,1,,,,,,,,1,1,6771,1
8535,PC,PC,1,,,,,,,,1,1,6772,1
8536,PC,PC,1,,,,,,,,1,1,6773,1
8537,PC,PC,1,,,,,,,,1,1,6774,1
8538,PC,PC,1,,,,,,,,1,1,6775,1
8539,PC,PC,1,,,,,,,,1,1,6776,1
8540,PC,PC,1,,,,,,,,1,1,6777,1
8541,PC,PC,1,,,,,,,,1,1,6778,1
8542,PC,PC,1,,,,,,,,1,1,6779,1
8543,PC,PC,1,,,,,,,,1,1,6780,1
8544,PC,PC,1,,,,,,,,1,1,6781,1
8545,PC,PC,1,,,,,,,,1,1,6782,1
8546,PC,PC,1,,,,,,,,1,1,6783,1
8547,PC,PC,1,,,,,,,,1,1,6784,1
8548,PC,PC,1,,,,,,,,1,1,6785,1
8549,PC,PC,1,,,,,,,,1,1,6786,1
8550,PC,PC,1,,,,,,,,1,1,6787,1
8551,PC,PC,1,,,,,,,,1,1,6788,1
8552,PC,PC,1,,,,,,,,1,1,6789,1
8553,PC,PC,1,,,,,,,,1,1,6790,1
8554,PC,PC,1,,,,,,,,1,1,6791,1
8555,PC,PC,1,,,,,,,,1,1,6792,1
8556,PC,PC,1,,,,,,,,1,1,6793,1
8557,PC,PC,1,,,,,,,,1,1,6794,1
8558,PC,PC,1,,,,,,,,1,1,6795,1
8559,PC,PC,1,,,,,,,,1,1,6796,1
8560,PC,PC,1,,,,,,,,1,1,6797,1
8561,PC,PC,1,,,,,,,,1,1,6798,1
8562,PC,PC,1,,,,,,,,1,1,6799,1
8563,PC,PC,1,,,,,,,,1,1,6800,1
8564,PC,PC,1,,,,,,,,1,1,6801,1
8565,PC,PC,1,,,,,,,,1,1,6802,1
8566,PC,PC,1,,,,,,,,1,1,6803,1
8567,PC,PC,1,,,,,,,,1,1,6804,1
8568,PC,PC,1,,,,,,,,1,1,6805,1
8569,PC,PC,1,,,,,,,,1,1,6806,1
8570,PC,PC,1,,,,,,,,1,1,6807,1
8571,PC,PC,1,,,,,,,,1,1,6808,1
8572,PC,PC,1,,,,,,,,1,1,6809,1
8573,PC,PC,1,,,,,,,,1,1,6810,1
8574,PC,PC,1,,,,,,,,1,1,6811,1
8575,PC,PC,1,,,,,,,,1,1,6812,1
8576,PC,PC,1,,,,,,,,1,1,6813,1
8577,JR,JR,1,,,,,,,,1,1,6814,1
8578,PC,PC,1,,,,,,,,1,1,6815,1
8579,BG,BG,1,,,,,,,,1,1,6816,1
8580,BG,BG,1,,,,,,,,1,1,6817,1
8581,PC,PC,1,,,,,,,,1,1,6818,1
8582,PC,PC,1,,,,,,,,1,1,6819,1
8583,BG,BG,1,,,,,,,,1,1,6820,1
8584,JR,JR,1,,,,,,,,1,1,6821,1
8585,BG,BG,1,,,,,,,,1,1,6822,1
8586,BG,BG,1,,,,,,,,1,1,6823,1
8587,PC,PC,1,,,,,,,,1,1,6824,1
8588,PC,PC,1,,,,,,,,1,1,6825,1
8589,PC,PC,1,,,,,,,,1,1,6826,1
8590,PC,PC,1,,,,,,,,1,1,6827,1
8591,JR,JR,1,,,,,,,,1,1,6828,1
8592,PC,PC,1,,,,,,,,1,1,6829,1
8593,PC,PC,1,,,,,,,,1,1,6830,1
8594,PC,PC,1,,,,,,,,1,1,6831,1
8595,PC,PC,1,,,,,,,,1,1,6832,1
8596,PC,PC,1,,,,,,,,1,1,6833,1
8597,JR,JR,1,,,,,,,,1,1,6834,1
8598,JR,JR,1,,,,,,,,1,1,6835,1
8599,PC,PC,1,,,,,,,,1,1,6836,1
8600,PC,PC,1,,,,,,,,1,1,6837,1
8601,JR,JR,1,,,,,,,,1,1,6838,1
8602,JR,JR,1,,,,,,,,1,1,6839,1
8603,JR,JR,1,,,,,,,,1,1,6840,1
8604,PK,PK,1,,,,,,,,1,1,6841,1
8605,BG,BG,1,,,,,,,,1,1,6842,1
8606,BG,BG,1,,,,,,,,1,1,6843,1
8607,PC,PC,1,,,,,,,,1,1,6844,1
8608,PC,PC,1,,,,,,,,1,1,6845,1
8609,BG,BG,1,,,,,,,,1,1,6846,1
8610,JR,JR,1,,,,,,,,1,1,6847,1
8611,BG,BG,1,,,,,,,,1,1,6848,1
8612,BG,BG,1,,,,,,,,1,1,6849,1
8613,PC,PC,1,,,,,,,,1,1,6850,1
8614,PC,PC,1,,,,,,,,1,1,6851,1
8615,PC,PC,1,,,,,,,,1,1,6852,1
8616,PC,PC,1,,,,,,,,1,1,6853,1
8617,JR,JR,1,,,,,,,,1,1,6854,1
8618,PK,PK,1,,,,,,,,1,1,6855,1
8619,PK,PK,1,,,,,,,,1,1,6856,1
8620,PK,PK,1,,,,,,,,1,1,6857,1
8621,PK,PK,1,,,,,,,,1,1,6858,1
8622,PC,PC,1,,,,,,,,1,1,6859,1
8623,PC,PC,1,,,,,,,,1,1,6860,1
8624,PC,PC,1,,,,,,,,1,1,6861,1
8625,PC,PC,1,,,,,,,,1,1,6862,1
8626,PC,PC,1,,,,,,,,1,1,6863,1
8627,PCS,PCS,1,,,,,,,,1,1,6864,1
8628,PK,PK,1,,,,,,,,1,1,6865,1
8629,PK,PK,1,,,,,,,,1,1,6866,1
8630,CP,CP,1,,,,,,,,1,1,6867,1
8631,CP,CP,1,,,,,,,,1,1,6868,1
8632,PC,PC,1,,,,,,,,1,1,6869,1
8633,PC,PC,1,,,,,,,,1,1,6870,1
8634,PC,PC,1,,,,,,,,1,1,6871,1
8635,PC,PC,1,,,,,,,,1,1,6872,1
8636,PC,PC,1,,,,,,,,1,1,6873,1
8637,BD,BD,1,,,,,,,,1,1,6874,1
8638,BD,BD,1,,,,,,,,1,1,6875,1
8639,CP,CP,1,,,,,,,,1,1,6876,1
8640,CP,CP,1,,,,,,,,1,1,6877,1
8641,BD,BD,1,,,,,,,,1,1,6878,1
8642,PK,PK,1,,,,,,,,1,1,6879,1
8643,PK,PK,1,,,,,,,,1,1,6880,1
8644,PK,PK,1,,,,,,,,1,1,6881,1
8645,PK,PK,1,,,,,,,,1,1,6882,1
8646,BG,BG,1,,,,,,,,1,1,6883,1
8647,BG,BG,1,,,,,,,,1,1,6884,1
8648,BG,BG,1,,,,,,,,1,1,6885,1
8649,BG,BG,1,,,,,,,,1,1,6886,1
8650,BG,BG,1,,,,,,,,1,1,6887,1
8651,BG,BG,1,,,,,,,,1,1,6888,1
8652,PK,PK,1,,,,,,,,1,1,6889,1
8653,PK,PK,1,,,,,,,,1,1,6890,1
8654,PK,PK,1,,,,,,,,1,1,6891,1
8655,PC,PC,1,,,,,,,,1,1,6892,1
8656,PK,PK,1,,,,,,,,1,1,6893,1
8657,PK,PK,1,,,,,,,,1,1,6894,1
8658,PC,PC,1,,,,,,,,1,1,6895,1
8659,PC,PC,1,,,,,,,,1,1,6896,1
8660,PC,PC,1,,,,,,,,1,1,6897,1
8661,PC,PC,1,,,,,,,,1,1,6898,1
8662,PC,PC,1,,,,,,,,1,1,6899,1
8663,PC,PC,1,,,,,,,,1,1,6900,1
8664,PC,PC,1,,,,,,,,1,1,6901,1
8665,PC,PC,1,,,,,,,,1,1,6902,1
8666,PC,PC,1,,,,,,,,1,1,6903,1
8667,PC,PC,1,,,,,,,,1,1,6904,1
8668,PC,PC,1,,,,,,,,1,1,6905,1
8669,CP,CP,1,,,,,,,,1,1,6906,1
8670,PK,PK,1,,,,,,,,1,1,6907,1
8671,PK,PK,1,,,,,,,,1,1,6908,1
8672,PC,PC,1,,,,,,,,1,1,6909,1
8673,PC,PC,1,,,,,,,,1,1,6910,1
8674,PC,PC,1,,,,,,,,1,1,6911,1
8675,PC,PC,1,,,,,,,,1,1,6912,1
8676,PC,PC,1,,,,,,,,1,1,6913,1
8677,PC,PC,1,,,,,,,,1,1,6914,1
8678,PC,PC,1,,,,,,,,1,1,6915,1
8679,PC,PC,1,,,,,,,,1,1,6916,1
8680,PC,PC,1,,,,,,,,1,1,6917,1
8681,PC,PC,1,,,,,,,,1,1,6918,1
8682,PC,PC,1,,,,,,,,1,1,6919,1
8683,PC,PC,1,,,,,,,,1,1,6920,1
8684,PC,PC,1,,,,,,,,1,1,6921,1
8685,PC,PC,1,,,,,,,,1,1,6922,1
8686,PC,PC,1,,,,,,,,1,1,6923,1
8687,PC,PC,1,,,,,,,,1,1,6924,1
8688,PC,PC,1,,,,,,,,1,1,6925,1
8689,PC,PC,1,,,,,,,,1,1,6926,1
8690,PC,PC,1,,,,,,,,1,1,6927,1
8691,PC,PC,1,,,,,,,,1,1,6928,1
8692,PC,PC,1,,,,,,,,1,1,6929,1
8693,PC,PC,1,,,,,,,,1,1,6930,1
8694,PC,PC,1,,,,,,,,1,1,6931,1
8695,PC,PC,1,,,,,,,,1,1,6932,1
8696,PC,PC,1,,,,,,,,1,1,6933,1
8697,PC,PC,1,,,,,,,,1,1,6934,1
8698,PC,PC,1,,,,,,,,1,1,6935,1
8699,PC,PC,1,,,,,,,,1,1,6936,1
8700,PC,PC,1,,,,,,,,1,1,6937,1
8701,PC,PC,1,,,,,,,,1,1,6938,1
8702,PC,PC,1,,,,,,,,1,1,6939,1
8703,PC,PC,1,,,,,,,,1,1,6940,1
8704,PC,PC,1,,,,,,,,1,1,6941,1
8705,PC,PC,1,,,,,,,,1,1,6942,1
8706,PC,PC,1,,,,,,,,1,1,6943,1
8707,PC,PC,1,,,,,,,,1,1,6944,1
8708,PC,PC,1,,,,,,,,1,1,6945,1
8709,PC,PC,1,,,,,,,,1,1,6946,1
8710,PC,PC,1,,,,,,,,1,1,6947,1
8711,PC,PC,1,,,,,,,,1,1,6948,1
8712,PC,PC,1,,,,,,,,1,1,6949,1
8713,PC,PC,1,,,,,,,,1,1,6950,1
8714,PC,PC,1,,,,,,,,1,1,6951,1
8715,PC,PC,1,,,,,,,,1,1,6952,1
8716,PC,PC,1,,,,,,,,1,1,6953,1
8717,PC,PC,1,,,,,,,,1,1,6954,1
8718,PC,PC,1,,,,,,,,1,1,6955,1
8719,PC,PC,1,,,,,,,,1,1,6956,1
8720,PC,PC,1,,,,,,,,1,1,6957,1
8721,PC,PC,1,,,,,,,,1,1,6958,1
8722,PC,PC,1,,,,,,,,1,1,6959,1
8723,PC,PC,1,,,,,,,,1,1,6960,1
8724,PC,PC,1,,,,,,,,1,1,6961,1
8725,PC,PC,1,,,,,,,,1,1,6962,1
8726,PC,PC,1,,,,,,,,1,1,6963,1
8727,PC,PC,1,,,,,,,,1,1,6964,1
8728,PC,PC,1,,,,,,,,1,1,6965,1
8729,PC,PC,1,,,,,,,,1,1,6966,1
8730,PK,PK,1,,,,,,,,1,1,6967,1
8731,PK,PK,1,,,,,,,,1,1,6968,1
8732,PK,PK,1,,,,,,,,1,1,6969,1
8733,PC,PC,1,,,,,,,,1,1,6970,1
8734,PC,PC,1,,,,,,,,1,1,6971,1
8735,PC,PC,1,,,,,,,,1,1,6972,1
8736,PC,PC,1,,,,,,,,1,1,6973,1
8737,PC,PC,1,,,,,,,,1,1,6974,1
8738,PC,PC,1,,,,,,,,1,1,6975,1
8739,BX,BX,1,,,,,,,,1,1,6976,1
8740,BX,BX,1,,,,,,,,1,1,6977,1
8741,BX,BX,1,,,,,,,,1,1,6978,1
8742,BX,BX,1,,,,,,,,1,1,6979,1
8743,BX,BX,1,,,,,,,,1,1,6980,1
8744,BX,BX,1,,,,,,,,1,1,6981,1
8745,BX,BX,1,,,,,,,,1,1,6982,1
8746,JR,JR,1,,,,,,,,1,1,6983,1
8747,PC,PC,1,,,,,,,,1,1,6984,1
8748,PC,PC,1,,,,,,,,1,1,6985,1
8749,JR,JR,1,,,,,,,,1,1,6986,1
8750,PC,PC,1,,,,,,,,1,1,6987,1
8751,JR,JR,1,,,,,,,,1,1,6988,1
8752,JR,JR,1,,,,,,,,1,1,6989,1
8753,PK,PK,1,,,,,,,,1,1,6990,1
8754,JR,JR,1,,,,,,,,1,1,6991,1
8755,PK,PK,1,,,,,,,,1,1,6992,1
8756,PC,PC,1,,,,,,,,1,1,6993,1
8757,PC,PC,1,,,,,,,,1,1,6994,1
8758,PC,PC,1,,,,,,,,1,1,6995,1
8759,PC,PC,1,,,,,,,,1,1,6996,1
8760,PC,PC,1,,,,,,,,1,1,6997,1
8761,PC,PC,1,,,,,,,,1,1,6998,1
8762,PC,PC,1,,,,,,,,1,1,6999,1
8763,PC,PC,1,,,,,,,,1,1,7000,1
8764,PCS,PCS,1,,,,,,,,1,1,7001,1
8765,PC,PC,1,,,,,,,,1,1,7002,1
8766,PC,PC,1,,,,,,,,1,1,7003,1
8767,PC,PC,1,,,,,,,,1,1,7004,1
8768,PC,PC,1,,,,,,,,1,1,7005,1
8769,PC,PC,1,,,,,,,,1,1,7006,1
8770,PC,PC,1,,,,,,,,1,1,7007,1
8771,PC,PC,1,,,,,,,,1,1,7008,1
8772,PC,PC,1,,,,,,,,1,1,7009,1
8773,PC,PC,1,,,,,,,,1,1,7010,1
8774,PC,PC,1,,,,,,,,1,1,7011,1
8775,PC,PC,1,,,,,,,,1,1,7012,1
8776,PC,PC,1,,,,,,,,1,1,7013,1
8777,PC,PC,1,,,,,,,,1,1,7014,1
8778,PC,PC,1,,,,,,,,1,1,7015,1
8779,PC,PC,1,,,,,,,,1,1,7016,1
8780,PC,PC,1,,,,,,,,1,1,7017,1
8781,PC,PC,1,,,,,,,,1,1,7018,1
8782,PC,PC,1,,,,,,,,1,1,7019,1
8783,PC,PC,1,,,,,,,,1,1,7020,1
8784,PC,PC,1,,,,,,,,1,1,7021,1
8785,PC,PC,1,,,,,,,,1,1,7022,1
8786,PC,PC,1,,,,,,,,1,1,7023,1
8787,PC,PC,1,,,,,,,,1,1,7024,1
8788,PC,PC,1,,,,,,,,1,1,7025,1
8789,PC,PC,1,,,,,,,,1,1,7026,1
8790,PC,PC,1,,,,,,,,1,1,7027,1
8791,PC,PC,1,,,,,,,,1,1,7028,1
8792,PC,PC,1,,,,,,,,1,1,7029,1
8793,BG,BG,1,,,,,,,,1,1,7030,1
8794,JR,JR,1,,,,,,,,1,1,7031,1
8795,JR,JR,1,,,,,,,,1,1,7032,1
8796,BG,BG,1,,,,,,,,1,1,7033,1
8797,JR,JR,1,,,,,,,,1,1,7034,1
8798,JR,JR,1,,,,,,,,1,1,7035,1
8799,PK,PK,1,,,,,,,,1,1,7036,1
8800,PC,PC,1,,,,,,,,1,1,7037,1
8801,PC,PC,1,,,,,,,,1,1,7038,1
8802,PC,PC,1,,,,,,,,1,1,7039,1
8803,PC,PC,1,,,,,,,,1,1,7040,1
8804,PC,PC,1,,,,,,,,1,1,7041,1
8805,PK,PK,1,,,,,,,,1,1,7042,1
8806,PK,PK,1,,,,,,,,1,1,7043,1
