id,id_principal,id_brand,id_kategori,id_status,kode_sku,kode_ean,nama,harga_beli,keterangan,harga_jual,kubikasiperbox,kubikasiperkarton,isiperbox,isiperkarton,satuan,kubikasiperpieces,ppn,id_subbrand,id_ppn
7044,82,,,1,1000318,,MINIBITES SNACK KR SPFR CHICKEN 15GX60,1275,,1500,,,1,60,PC,,11,,
7045,82,,,1,1000319,,MINIBITES SNACK KR SEAWEED 15GX60,1275,,1500,,,1,60,PC,,11,,
7046,82,,,1,1000320,,MINIBITES SNACK KR BARBEQUE 15GX60,1275,,1500,,,1,60,PC,,11,,
7047,9,,,1,2HH0820188,,HI LO DRINK CREAMY MATCHA PLS 8RX10SX20G,1513,,1700,,,1,80,PC,,11,,
7048,6,,,1,40013424,,PROCLIN LIQUID REGULAR 30ML,318,,340,,,1,144,PC,,11,,
7049,6,,,1,40050291_BD,,MITU BABY ESSENTIAL GIFT SET,43889,,46940,,,1,24,PC,,11,,
7050,6,,,1,40058075_BD,,STELLA MTC REF JEJU ORANGE 2X160ML MTP.,50023,,53500,,,1,6,PC,,11,,
7051,6,,,1,40059923_BD,,HIT AER ORANGE 400+40ML EXTRA,20429.75,,21850,,,1,12,PC,,11,,
7052,6,,,1,40059954_BD,,STELLA MTC REF J ORANGE 160+65ML RJV,26460.5,,28300,,,1,12,PC,,11,,
7053,6,,,1,40059998,,POLYTEX MTP SPON EXTRA BERSIH ISI 5 NEW,18700,,20000,,,1,48,PC,,11,,
7054,6,,,1,40060006_BD,,HIT AER JAPANESE SAKURA 400ML+40ML EXTRA,20429.75,,21850,,,1,12,PC,,11,,
7055,6,,,1,40061095,,HIT LV GOODKNIGHT REFILL APPLE,12248.5,,13100,,,1,144,PC,,11,,
7056,6,,,1,40061097,,HIT LV GK XPRESS REF PINK BLOSSOM NP,12248.5,,13100,,,1,144,PC,,11,,
7057,6,,,1,40061772_BD,,STELLA AIO CAFE LATTE 42+10GR RJV,8322,,8900,,,1,72,PC,,11,,
7058,6,,,1,40061773,,STELLA AIO LEMON 42+10GR(3+1)MTP RJV,31416,,33600,,,1,18,PC,,11,,
7059,6,,,1,40061773_BD,,STELLA AIO LEMON 42+10GR(3+1)MTP RJV,31416,,33600,,,1,18,PC,,11,,
7060,6,,,1,40062467,,STELLA HANG N FLIP MIDNIGHT E 9+3ML,19017,,20339,,,1,24,PC,,11,,
7061,6,,,1,40062468,,STELLA HANG N FLIP MORNING BLUSH 9+3ML,19017,,20339,,,1,24,PC,,11,,
7062,6,,,1,40063060,,BIOSOL POUCH 700 ML BUY 1 GET 1 ND NEW,16549.5,,17700,,,1,6,PC,,11,,
7063,82,,,1,730052_BD,,VANILLA MATCHA MARSMALLOW 12GR,1216.22,,1499.09,,,1,100,PC,,11,,
7064,82,,,1,730054_BD,,MINI MARSHMALLOW 12G 10BAGX10PC,1216.22,,1499.09,,,1,100,PC,,11,,
7065,82,,,1,730055_BD,,CAR MARSHMALLOW 12GR 10BAGX10PC,1216.22,,1499.09,,,1,100,PC,,11,,
7066,81,,,1,FGBMF2002_BD,,REGAZZA FEMME FMBP SPARKLING (BLUE) 155ML,18157.57,,26126,,,1,24,PC,,11,,
7067,82,,,1,MCCPC001,,CHO CHO PIZZA CHOCOLATE 12 BOXX45GR,6499.09,,7207.21,,,1,12,PC,,11,,
1488,34,105,17,1,12345,,Test Produk 1,5000,,,,,,,,,11,,2
535,15,18,8,1,Sit qui assumenda earum c,Nulla cupidatat magni in,Officia est qui fuga Ratione minus esse voluptat,100000,Commodi ut nesciunt enim distinctio Laboriosam,,,,,,,,36,,
538,3,4,9,1,11111111,2222222,testmiwon,30000,,,,,,,,,11,,2
848,10,39,11,1,FGEDB0002,,Marie Jose EDP 204,9204,,,,,,,,,11,,2
1156,13,47,9,1,1902001,,ENERVON C TAB 30S 48/BX,29017,,,,,,,,,11,,2
4881,82,,,1,73005,,HAPPY TOY 48PC/CT,18039.63,,21354,,,1,48,PC,,11,,2
6311,82,,,1,G-9002018,,GELAS BIR 13,0,,0,,,1,1,PC,,11,,2
6965,9,,,1,PYTS01,,PAYUNG TS,0,,0,,,1,1,PC,,11,,2
477,6,30,10,1,TST10101010,TST1010101010,Test Produk 1,15000,,,,,,,,,,,1
1483,27,105,17,1,222,222,HORUS PRODUK 4 BRAND 2 KATEGORI 2,23000,,,,,,,,,0,,1
1265,43,46,11,1,1303051,,K30 Dahlia Jumbo Ball,16586,,,,,,,,,11,,2
1276,43,46,11,1,1309086,,K24/SG Dahlia Fruity Gtg Grape New,8705,,,,,,,,,11,,2
30,4,32,9,1,TP100055,TP10002,CHO CHO WAFER ROLL,7500,test,60000,1,1,4,4,pieces,,11,,2
40,4,32,9,1,TP100053,TP100021,CHO CHO LOLLIPOP,8000,test,50000,1,1,6,6,pieces,,11,,2
45,11,20,8,1,SKU001,EAN001,Dummy Produk,2000,,,,,,,,,11,,2
24,6,12,11,1,40008216,40008216,AUTOSOL METAL POLISH  15 GR 12X12,1000000,,1108144,50,500,10,10,pieces,5,11,,2
88,15,78,9,1,4261236,-,OREO LUP 2000 CHOCOLATE 12X12X38GR,1464,OREO LUP 2000 CHOCOLATE 12X12X38GR,,,,,,,,11,,2
46,15,78,9,2,4279731,-,OREO BIRTHDAY SPRINKLES C1 24X123.5G,5982,OREO BIRTHDAY SPRINKLES C1 24X123.5G,,,,,,,,11,,2
25,6,12,11,1,40008217,40008217,AUTOSOL METAL POLISH 50 GR 4X12,10000,,70200,25,125,2,3,pieces,5,11,,2
47,15,25,9,2,4032313,-,OREO C/S/C BLUEBERY ICE CREAM 12X12X29.4R,1061,OREO C/S/C BLUEBERY ICE CREAM 12X12X29.4R,,,,,,,,11,,2
48,15,25,,2,4032361,-,OREO C/S/C STRAW CREAM 12X12X29.4R,1061,OREO C/S/C STRAW CREAM 12X12X29.4R,,,,,,,,11,,2
51,15,25,9,2,4032312,-,OREO C/S/C BLUEBERRY ICE CR 24X137GR,4920,OREO C/S/C BLUEBERRY ICE CR 24X137GR,,,,,,,,11,,2
53,15,25,9,2,4055784,-,OREO SELECTION 6X313.6G,38182,OREO SELECTION 6X313.6G,,,,,,,,11,,2
55,15,25,9,2,4012798,-,OREO VAN+CHOC 12X(2X137G)WITH MUG,12727,OREO VAN+CHOC 12X(2X137G)WITH MUG,,,,,,,,11,,2
59,15,25,9,2,4065350,-,MINI OREO VANILLA 24X67G G JW PROMO,5126,MINI OREO VANILLA 24X67G G JW PROMO,,,,,,,,11,,2
60,15,24,9,2,4050344,-,CDM BLACK FOREST 65GR 6X24X65G,9317,CDM BLACK FOREST 65GR 6X24X65G,,,,,,,,11,,2
68,15,26,9,2,4265005,-,BISKUAT ACADEMY COKLAT 10X(20X25.2G),682,BISKUAT ACADEMY COKLAT 10X(20X25.2G),,,,,,,,11,,2
62,15,25,9,2,4065348,-,MINI OREO CHOCO 24X67 G JW PROMO,5126,MINI OREO CHOCO 24X67 G JW PROMO,,,,,,,,11,,2
71,15,26,9,2,4265006,-,BISKUAT ACADEMY ORI 10X(20X25.2G),682,BISKUAT ACADEMY ORI 10X(20X25.2G),,,,,,,,11,,2
93,15,24,9,2,326156,-,CADBURY DAIRY MILK 15GR,1560,CADBURY DAIRY MILK 15GR,,,,,,,,11,,2
76,15,25,9,2,4258538,-,OREO CHOCO CHOCO WAFER 24X140.4G,6233,OREO CHOCO CHOCO WAFER 24X140.4G,,,,,,,,11,,2
79,15,26,9,2,4265008,-,BISKUAT ACADEMY ORI 12X4X60G,2024,BISKUAT ACADEMY ORI 12X4X60G,,,,,,,,11,,2
82,15,25,9,2,4258537,-,OREO CHOCO VANI WAFER 24X140 4G,6233,OREO CHOCO VANI WAFER 24X140 4G,,,,,,,,11,,2
99,15,24,9,2,4043791,-,CADBURY DAIRY MILK HEROES 30G,4992,CADBURY DAIRY MILK HEROES 30G,,,,,,,,11,,2
85,15,26,9,2,4264997,-,BISKUAT ACADEMY ORI 12X20X10G,339,BISKUAT ACADEMY ORI 12X20X10G,,,,,,,,11,,2
52,15,25,9,2,4014752,-,MINI OREO STRAW 24X67G,5126,MINI OREO STRAW 24X67G,,,,,,,,11,,2
102,15,24,9,2,4042795,-,CADBURY DAIRY MILK OREO 40GR,7986,CADBURY DAIRY MILK OREO 40GR,,,,,,,,11,,2
54,15,25,9,2,972110,-,MINI OREO VANILLA 24X67GR,5126,MINI OREO VANILLA 24X67GR,,,,,,,,11,,2
96,15,76,9,1,4000302,-,CADBURY DAIRY MILK 30GR,1656000,CADBURY DAIRY MILK 30GR,,,,,,,,11,,2
65,15,25,9,2,968282,-,OREO 12X(12X29.4)G CHOC,1061,OREO 12X(12X29.4)G CHOC,,,,,,,,11,,2
89,15,25,9,2,4278870,-,OREO C/S/C CHOCOLATE 24X123.5G,5649,OREO C/S/C CHOCOLATE 24X123.5G,,,,,,,,11,,2
66,15,25,9,2,968289,-,OREO 12X(12X29.4?)G ICE CREAM BLUEBERRY,1061,OREO 12X(12X29.4?)G ICE CREAM BLUEBERRY,,,,,,,,11,,2
90,15,26,9,2,4277605,-,BISKUAT ACADEMY21 ORI 12X4X50.4G,2105,BISKUAT ACADEMY21 ORI 12X4X50.4G,,,,,,,,11,,2
91,15,26,9,2,4277607,-,BISKUAT ACADEMY21 ORI 10X(20X25.2G),727,BISKUAT ACADEMY21 ORI 10X(20X25.2G),,,,,,,,11,,2
94,15,28,9,2,4044144,-,BELVITA BANANA CEREAL 1X24X80GR,5303,BELVITA BANANA CEREAL 1X24X80GR,,,,,,,,11,,2
70,15,25,9,2,968281,-,OREA 12X(12X29.4)G SEA,1061,OREA 12X(12X29.4)G SEA,,,,,,,,11,,2
97,15,28,9,2,4026891,-,BELVITA HONEY &CHOCO 1X24X80GR,5780,BELVITA HONEY &CHOCO 1X24X80GR,,,,,,,,11,,2
73,15,25,9,2,604509,-,OREO 24X68.5G SEA,1863,OREO 24X68.5G SEA,,,,,,,,11,,2
100,15,28,9,2,4026887,-,BELVITA MILK&CEREAL 1X24X80GR,5780,BELVITA MILK&CEREAL 1X24X80GR,,,,,,,,11,,2
74,15,25,9,2,4032314,-,OREO C/S/C CHOCOLATE 24X137GR,4920,OREO C/S/C CHOCOLATE 24X137GR,,,,,,,,11,,2
78,15,25,9,2,4029822,-,OREO C/S/C VANILLA 12X(2X137GR)SEA,9899,OREO C/S/C VANILLA 12X(2X137GR)SEA,,,,,,,,11,,2
72,15,25,9,2,4029820,-,OREO C/S/C VANILLA 24X137GR SEA,4836,OREO C/S/C VANILLA 24X137GR SEA,,,,,,,,11,,2
75,15,25,9,2,666056,-,OREO CHO EXTRA 3 COOKIES 24X166.4GR,4836,OREO CHO EXTRA 3 COOKIES 24X166.4GR,,,,,,,,11,,2
77,15,25,9,2,4004001,-,OREO CHOCO 12(12+1) 29.4G,1061,OREO CHOCO 12(12+1) 29.4G,,,,,,,,11,,2
80,15,25,9,2,4024557,-,OREO CHOCO 12X(12X29.4)G PR OPEN UP,1061,OREO CHOCO 12X(12X29.4)G PR OPEN UP,,,,,,,,11,,2
83,15,25,9,2,4042488,-,OREO CHOCO 24X97.8GR PACK TT,3265,OREO CHOCO 24X97.8GR PACK TT,,,,,,,,11,,2
92,15,25,9,2,4040299,-,OREO DARK AND WHITE CHOC 24X137G,4920,OREO DARK AND WHITE CHOC 24X137G,,,,,,,,11,,2
95,15,25,9,2,971995,-,OREO DOUBLE DELIGHT 12X12X294G BIIRTHDAY,1061,OREO DOUBLE DELIGHT 12X12X294G BIIRTHDAY,,,,,,,,11,,2
98,15,25,9,2,687339,-,OREO IC BBERRY 12X(12X29.4)G RPCK,1061,OREO IC BBERRY 12X(12X29.4)G RPCK,,,,,,,,11,,2
101,15,25,9,2,784469,-,OREO ICE CREAM ORANGE 137GR,4836,OREO ICE CREAM ORANGE 137GR,,,,,,,,11,,2
49,15,25,9,2,972112,-,MINI OREO CHOCO 24X67G,5126,MINI OREO CHOCO 24X67G,,,,,,,,11,,2
29,10,18,6,1,1101101,,Casablanca Body Mist 500mm,100000,,,,,,,,,11,,2
35,10,18,6,1,1101101A,,Casablanca Body Mist 500ml,150000,,,,,,,,,11,,2
87,15,25,9,1,4261237,-,OREO LUP 2000 VANILLA 12X12X38GR,1431,OREO LUP 2000 VANILLA 12X12X38GR,,,,,,,,11,,2
1266,43,46,11,1,1309122,,K24N White Daisy,8265,,,,,,,,,11,,2
150,15,25,9,1,38182,-,OREO SOFTCAKE 12X12X16GR,1456,OREO SOFTCAKE 12X12X16GR,,,,,,,,11,,2
120,15,24,9,1,4000304,-,CADBURY FRUIT NUT 12X24X30GR,1855296,CADBURY FRUIT NUT 12X24X30GR,,,,,,,,11,,2
104,15,24,9,2,4042798,-,CADBURY DAIRY MILK OREO 60GR,11750,CADBURY DAIRY MILK OREO 60GR,,,,,,,,11,,2
108,15,24,9,2,859471,-,CADBURY DAIRY MILK ROLL 43GR,4992,CADBURY DAIRY MILK ROLL 43GR,,,,,,,,11,,2
112,15,24,9,2,4044399,-,CADBURY FIVE STAR SEA 15G,1997,CADBURY FIVE STAR SEA 15G,,,,,,,,11,,2
116,15,24,9,2,4044402,-,CADBURY FIVE STAR SEA 45G,5856,CADBURY FIVE STAR SEA 45G,,,,,,,,11,,2
124,15,24,9,2,4005795,-,CDM BLACK FOREST 6X24X65GR,9317,CDM BLACK FOREST 6X24X65GR,,,,,,,,11,,2
127,15,24,9,2,4000306,-,CDM CASHEW COOKIES 12X24X30G,4658,CDM CASHEW COOKIES 12X24X30G,,,,,,,,11,,2
103,15,26,9,2,858674,-,BISKUAT BOLU 12X12X16.6GR,1073,BISKUAT BOLU 12X12X16.6GR,,,,,,,,11,,2
131,15,25,,2,968283,-,OREO SANDWICH STR 12X(12X29.4G),1061,OREO SANDWICH STR 12X(12X29.4G),,,,,,,,11,,2
109,15,26,9,2,4047554,-,BISKUAT BOLU PANDAN 12X12X16GR,1364,BISKUAT BOLU PANDAN 12X12X16GR,,,,,,,,11,,2
154,15,25,9,2,4032362,-,OREO C/S/C VANILLA 24X137GR,4920,OREO C/S/C VANILLA 24X137GR,,,,,,,,11,,2
110,15,26,9,2,918934,-,BISKUAT BOLU PANDAN 12X12X16GR,1073,BISKUAT BOLU PANDAN 12X12X16GR,,,,,,,,11,,2
113,15,26,9,2,4008873,-,BISKUAT COCO PANDAN 12X10X24GR,477,BISKUAT COCO PANDAN 12X10X24GR,,,,,,,,11,,2
159,15,25,9,2,4032364,-,OREO C/S/C VANILLA 12X2X137GR,9899,OREO C/S/C VANILLA 12X2X137GR,,,,,,,,11,,2
115,15,26,9,2,4011534,-,BISKUAT COCOPANDAN 12X20X11GR,358,BISKUAT COCOPANDAN 12X20X11GR,,,,,,,,11,,2
117,15,26,9,2,639456,-,BISKUAT COCOPANDAN 12X20X14GR,358,BISKUAT COCOPANDAN 12X20X14GR,,,,,,,,11,,2
121,15,26,9,2,4047964,-,BISKUAT COKLAT 12X4X65GR,2059,BISKUAT COKLAT 12X4X65GR,,,,,,,,11,,2
119,15,26,9,2,4011437,-,BISKUAT COCOPANDAN 20X154GR,5466,BISKUAT COCOPANDAN 20X154GR,,,,,,,,11,,2
123,15,26,9,2,682770,-,BISKUAT COKLAT 12X(10+1)X22G,716,BISKUAT COKLAT 12X(10+1)X22G,,,,,,,,11,,2
126,15,26,9,2,4036913,-,BISKUAT COKLAT 12X(20X10GR),339,BISKUAT COKLAT 12X(20X10GR),,,,,,,,11,,2
129,15,26,9,2,4011532,-,BISKUAT COKLAT 12X20X10GR,339,BISKUAT COKLAT 12X20X10GR,,,,,,,,11,,2
130,15,26,9,2,4011433,-,BISKUAT COKLAT 20X140GR,5466,BISKUAT COKLAT 20X140GR,,,,,,,,11,,2
132,15,26,9,2,4036917,-,BISKUAT COKLAT 20X140GR,5466,BISKUAT COKLAT 20X140GR,,,,,,,,11,,2
134,15,26,9,2,4036915,-,BISKUAT COKLAT 6X(8X65GR),2059,BISKUAT COKLAT 6X(8X65GR),,,,,,,,11,,2
105,15,25,9,2,784449,-,OREO ICE CREAM ORANGE 29.4GR,1061,OREO ICE CREAM ORANGE 29.4GR,,,,,,,,11,,2
135,15,26,9,2,681779,-,BISKUAT COKLAT 6X(8X71.5G),2059,BISKUAT COKLAT 6X(8X71.5G),,,,,,,,11,,2
107,15,25,9,2,4037081,-,OREO PEANUT BUTTER & CHOC 12X(12X29.4G),1061,OREO PEANUT BUTTER & CHOC 12X(12X29.4G),,,,,,,,11,,2
136,15,26,9,2,649080,-,BISKUAT ENERGI 12X(20X17.5G),358,BISKUAT ENERGI 12X(20X17.5G),,,,,,,,11,,2
111,15,25,9,2,4037074,-,OREO PEANUT BUTTER & CHOCO 24X137G,4920,OREO PEANUT BUTTER & CHOCO 24X137G,,,,,,,,11,,2
137,15,26,9,2,967647,-,BISKUAT ENERGI 20X199.5G,4441,BISKUAT ENERGI 20X199.5G,,,,,,,,11,,2
114,15,25,9,2,970482,-,OREO SAND DBL STUF 24X152.4G BD,4979,OREO SAND DBL STUF 24X152.4G BD,,,,,,,,11,,2
138,15,26,9,2,664524,-,BISKUAT ENERGI 20X199.5G TRAY,4441,BISKUAT ENERGI 20X199.5G TRAY,,,,,,,,11,,2
118,15,25,9,2,970476,-,OREO SANDWICH BBERRY 24X137G BD,4836,OREO SANDWICH BBERRY 24X137G BD,,,,,,,,11,,2
139,15,26,9,2,634785,-,BISKUAT ENERGI 6X10X73.5GR,1373,BISKUAT ENERGI 6X10X73.5GR,,,,,,,,11,,2
122,15,25,9,2,970461,-,OREO SANDWICH CHOCO 24X137G BD,4836,OREO SANDWICH CHOCO 24X137G BD,,,,,,,,11,,2
140,15,26,9,2,649081,-,BISKUAT ENERGI COKLAT 12X(20X16G),358,BISKUAT ENERGI COKLAT 12X(20X16G),,,,,,,,11,,2
125,15,25,9,2,4006511,-,OREO SANDWICH COCONUT 24X137G SEA,4836,OREO SANDWICH COCONUT 24X137G SEA,,,,,,,,11,,2
141,15,26,9,2,967655,-,BISKUAT ENERGI COKLAT 20X172.8G,4441,BISKUAT ENERGI COKLAT 20X172.8G,,,,,,,,11,,2
128,15,25,9,2,970466,-,OREO SANDWICH DD 24X137G BD,4836,OREO SANDWICH DD 24X137G BD,,,,,,,,11,,2
142,15,26,9,2,664526,-,BISKUAT ENERGI COKLAT 20X172.8GR TRAY,4441,BISKUAT ENERGI COKLAT 20X172.8GR TRAY,,,,,,,,11,,2
143,15,24,9,2,634799,-,BISKUAT ENERGI COKLAT 6X10X67.2GR,1373,BISKUAT ENERGI COKLAT 6X10X67.2GR,,,,,,,,11,,2
144,15,25,9,2,970463,-,OREO SANDWICH STR 24X137G BD,4836,OREO SANDWICH STR 24X137G BD,,,,,,,,11,,2
145,15,25,9,2,970459,-,OREO SANDWICH VANILLA 24X137GR BD,4836,OREO SANDWICH VANILLA 24X137GR BD,,,,,,,,11,,2
147,15,26,9,2,681755,-,BISKUAT ORIGINAL 12X(10X25.2G),716,BISKUAT ORIGINAL 12X(10X25.2G),,,,,,,,11,,2
146,15,25,9,2,4000369,-,OREO SECTION 6X34G,38182,OREO SECTION 6X34G,,,,,,,,11,,2
149,15,26,9,2,4036912,-,BISKUAT ORIGINAL 12X(20X10GR),339,BISKUAT ORIGINAL 12X(20X10GR),,,,,,,,11,,2
151,15,26,9,2,4011525,-,BISKUAT ORIGINAL 12X20X10G,339,BISKUAT ORIGINAL 12X20X10G,,,,,,,,11,,2
148,15,25,9,2,4039781,-,OREO SELECTION 6X352G,38182,OREO SELECTION 6X352G,,,,,,,,11,,2
153,15,26,9,2,4047963,-,BISKUAT ORIGINAL 12X4X65GR,2059,BISKUAT ORIGINAL 12X4X65GR,,,,,,,,11,,2
152,15,25,9,2,853254,-,OREO SOFTCAKE 12X12X16GR,1414,OREO SOFTCAKE 12X12X16GR,,,,,,,,11,,2
157,15,25,9,2,4003171,-,OREO VAN 12(12+1)29.4G,1061,OREO VAN 12(12+1)29.4G,,,,,,,,11,,2
155,15,26,9,2,4011429,-,BISKUAT ORIGINAL 20X140GR,5466,BISKUAT ORIGINAL 20X140GR,,,,,,,,11,,2
156,15,26,9,2,4036916,-,BISKUAT ORIGINAL 20X140GR,5813,BISKUAT ORIGINAL 20X140GR,,,,,,,,11,,2
158,15,26,9,2,4011398,-,BISKUAT ORIGINAL 6X(8X65G),2059,BISKUAT ORIGINAL 6X(8X65G),,,,,,,,11,,2
1267,43,46,11,1,1309116,,K242N Ocean Breeze,8265,,,,,,,,,11,,2
186,15,25,9,2,4278871,-,OREO C/S/C VANILLA 24X123.5GR,5649,OREO C/S/C VANILLA 24X123.5GR,,,,,,,,11,,2
179,15,26,9,1,BISKUAT SUSU RCG 12(20X15,-,BISKUAT SUSU RCG 12(20X15GR),358,BISKUAT SUSU RCG 12(20X15GR),,,,,,,,11,,2
1277,43,46,11,1,1309085,,K24/SG Dahlia Fruity Gtg Apple New,8705,,,,,,,,,11,,2
209,15,25,9,1,,-,CHIPS AHOY ORIGINAL 24X84G,3684,CHIPS AHOY ORIGINAL 24X84G,,,,,,,,11,,2
177,15,24,9,1,14609,-,TOBLERONE DARK 4X20X100G,2662080,TOBLERONE DARK 4X20X100G,,,,,,,,11,,2
183,15,24,9,1,4273490,-,CDM HAZELNUT 62G,1693872,CDM HAZELNUT 62G,,,,,,,,11,,2
214,15,25,9,1,4047567,-,KRAFT KEJU CAKE 12X12X16GR,209664,KRAFT KEJU CAKE 12X12X16GR,,,,,,,,11,,2
163,15,25,9,1,243656,-,RITZ CRACKERS 12X300G,146220,RITZ CRACKERS 12X300G,,,,,,,,11,,2
167,15,25,9,1,846682,-,RITZ CRACKERS 24X100GR,115584,RITZ CRACKERS 24X100GR,,,,,,,,11,,2
169,15,25,9,1,4018699,-,RITZ SANDWICH CHEESE 12X(12X27G),256032,RITZ SANDWICH CHEESE 12X(12X27G),,,,,,,,11,,2
202,15,24,9,1,4047297,-,TOBLERONE MILK 50G,2177472,TOBLERONE MILK 50G,,,,,,,,11,,2
204,15,24,9,1,4047306,-,TOBLERONE MILK 35G,1579008,TOBLERONE MILK 35G,,,,,,,,11,,2
216,15,25,9,1,4253219,-,MINI OREO VANILA 24X61.3G,137064,MINI OREO VANILA 24X61.3G,,,,,,,,11,,2
165,15,25,9,2,4055458,-,OREO CHOC 24X(97.8+19.6)G XTRA 2PC,3410,OREO CHOC 24X(97.8+19.6)G XTRA 2PC,,,,,,,,11,,2
170,15,25,9,2,4065216,-,MINI OREO ORI 6X10X23G IPT,1364,MINI OREO ORI 6X10X23G IPT,,,,,,,,11,,2
172,15,25,9,2,4065354,-,MINI OREO CHOC 6X10X23G IPT JW PROMO,1364,MINI OREO CHOC 6X10X23G IPT JW PROMO,,,,,,,,11,,2
174,15,24,9,2,4060515,-,CADBURY HOT CHOCOLATE DRINK 450G,49884,CADBURY HOT CHOCOLATE DRINK 450G,,,,,,,,11,,2
190,15,25,9,2,4278872,-,OREO BBERRY IC 24X123.5G,5649,OREO BBERRY IC 24X123.5G,,,,,,,,11,,2
193,15,24,9,2,4000327,-,CDM CASHEW COOKIES 6X12X165GR,23092,CDM CASHEW COOKIES 6X12X165GR,,,,,,,,11,,2
196,15,24,9,2,4000320,-,CDM CASHEW COOKIES 6X24X65GR,8652,CDM CASHEW COOKIES 6X24X65GR,,,,,,,,11,,2
199,15,24,9,2,4000318,-,CDM FRUIT NUT 6X24X65G,9317,CDM FRUIT NUT 6X24X65G,,,,,,,,11,,2
200,15,24,9,2,4000323,-,CDM MILK 6X12X165G,23092,CDM MILK 6X12X165G,,,,,,,,11,,2
203,15,24,9,2,4000316,-,CDM MILK 6X24X65GR,9317,CDM MILK 6X24X65GR,,,,,,,,11,,2
206,15,25,9,2,4016682,-,CHIPS AHOY CHOCO DELIGHT 12(10X28GR),1273,CHIPS AHOY CHOCO DELIGHT 12(10X28GR),,,,,,,,11,,2
207,15,25,9,2,4020111,-,CHIPS AHOY CHOCO DELIGHT 12X(10X28G),1414,CHIPS AHOY CHOCO DELIGHT 12X(10X28G),,,,,,,,11,,2
208,15,25,9,2,4016685,-,CHIPS AHOY CHOCO DELIGHT 24X84G,3684,CHIPS AHOY CHOCO DELIGHT 24X84G,,,,,,,,11,,2
160,15,25,9,2,4042486,-,OREO VANILLA 24X97.8GR PACK IT,3265,OREO VANILLA 24X97.8GR PACK IT,,,,,,,,11,,2
180,15,25,9,2,846686,-,RITZ SANDWICH CHEESE 24X118G,5477,RITZ SANDWICH CHEESE 24X118G,,,,,,,,11,,2
182,15,25,9,2,846684,-,RITZ SANDWICH CHEESE 6X12X27G,1423,RITZ SANDWICH CHEESE 6X12X27G,,,,,,,,11,,2
161,15,26,9,2,4036914,-,BISKUAT ORIGINAL 6X(8X65GR),2059,BISKUAT ORIGINAL 6X(8X65GR),,,,,,,,11,,2
185,15,25,9,2,922493,-,TUC CRACKER CHEESE POLYBAG 24X6X21G,4150,TUC CRACKER CHEESE POLYBAG 24X6X21G,,,,,,,,11,,2
187,15,25,9,2,922518,-,TUC CRACKER CHEESE SHOW BOX 12X12X21G,716,TUC CRACKER CHEESE SHOW BOX 12X12X21G,,,,,,,,11,,2
164,15,26,9,2,681762,-,BISKUAT ORIGINAL 6X(8X81.9G),2059,BISKUAT ORIGINAL 6X(8X81.9G),,,,,,,,11,,2
189,15,25,9,2,922539,-,TUC CRACKER ORIGINAL POLYBAG 24X6X21G,4150,TUC CRACKER ORIGINAL POLYBAG 24X6X21G,,,,,,,,11,,2
166,15,26,9,2,785380,-,BISKUAT SANDWICH CHOCO KRIM 6X24X14.4GR,358,BISKUAT SANDWICH CHOCO KRIM 6X24X14.4GR,,,,,,,,11,,2
210,15,25,9,2,609278,-,GOLDEN OREO 29.4,707,GOLDEN OREO 29.4,,,,,,,,11,,2
168,15,26,9,2,682773,-,BISKUAT SUSU 12X(10+1)X21GR,716,BISKUAT SUSU 12X(10+1)X21GR,,,,,,,,11,,2
192,15,25,9,2,922543,-,TUC CRACKER ORI SHOW BOX 12X12X21G,716,TUC CRACKER ORI SHOW BOX 12X12X21G,,,,,,,,11,,2
171,15,26,9,2,681792,-,BISKUAT SUSU 24X140GR,5466,BISKUAT SUSU 24X140GR,,,,,,,,11,,2
211,15,25,9,2,968291,-,GOLDEN OREO VANILLA 12X(12X29.4G),1061,GOLDEN OREO VANILLA 12X(12X29.4G),,,,,,,,11,,2
173,15,26,9,2,664528,-,BISKUAT SUSU 24X160G TRAY,4442,BISKUAT SUSU 24X160G TRAY,,,,,,,,11,,2
212,15,25,9,2,970480,-,GOLDEN OREO VANILLA 24X137GR BD,4836,GOLDEN OREO VANILLA 24X137GR BD,,,,,,,,11,,2
195,15,25,9,2,922527,-,TUC CRACKER PAPRIKA POLYBAG 24X6X21G,4150,TUC CRACKER PAPRIKA POLYBAG 24X6X21G,,,,,,,,11,,2
176,15,26,9,2,974769,-,BISKUAT SUSU 8X12X40G,1082,BISKUAT SUSU 8X12X40G,,,,,,,,11,,2
213,15,25,9,2,763717,-,KRAFT KEJU CAKE 12X12X16G,1414,KRAFT KEJU CAKE 12X12X16G,,,,,,,,11,,2
198,15,25,9,2,629180,-,TUC CRACKER SEAWEED SHOW BOC 12X12X21G,716,TUC CRACKER SEAWEED SHOW BOC 12X12X21G,,,,,,,,11,,2
175,15,26,9,2,974771,-,BISKUAT SUSU 24X160GR,4442,BISKUAT SUSU 24X160GR,,,,,,,,11,,2
178,15,26,9,2,651920,-,BISKUAT SUSU RCG 12(20X15GR),358,BISKUAT SUSU RCG 12(20X15GR),,,,,,,,11,,2
181,15,24,9,2,859489,-,CADBURY 3 IN 1 HOT CHOCO DRINK 450GR,49884,CADBURY 3 IN 1 HOT CHOCO DRINK 450GR,,,,,,,,11,,2
184,15,24,9,2,967876,-,CADBURY CASHEW COOKIES 165GR,18634,CADBURY CASHEW COOKIES 165GR,,,,,,,,11,,2
622,15,75,9,1,4311337,,BISKUAT CHOCO RENO 28X106.4G,5813,,,,,,,,,11,,2
188,15,24,9,2,967858,-,CADBURY CASHEW COOKIES 65GR,8652,CADBURY CASHEW COOKIES 65GR,,,,,,,,11,,2
201,15,26,9,2,4073527,-,BISKUAT ORIGINAL 12X4X60G,2024,BISKUAT ORIGINAL 12X4X60G,,,,,,,,11,,2
194,15,24,9,2,4031037,-,CADBURY CASHEW NUT 65GR,9317,CADBURY CASHEW NUT 65GR,,,,,,,,11,,2
215,15,28,9,2,4056191,-,BELVITA MILK & CEREAL TT PACK 20GR,9985,BELVITA MILK & CEREAL TT PACK 20GR,,,,,,,,11,,2
205,15,24,9,2,4053749,-,CADBURY DAIRY MILK HEROES 30GR,4992,CADBURY DAIRY MILK HEROES 30GR,,,,,,,,11,,2
235,15,26,9,1,-,-,BISKUAT CHOCO 48X60.8G ACADEMY,3040,BISKUAT CHOCO 48X60.8G ACADEMY,,,,,,,,11,,2
1268,43,46,11,1,1309115,,K242/GN - Ocean Breeze,8705,,,,,,,,,11,,2
1478,22,1,9,1,132,123,AAA,10000,aaa,,,,,,,,11,,2
260,15,24,9,1,4084899,,TOBLERONE MILK 100G,2662080,TOBLERONE MILK 100G,,,,,,,,11,,2
249,15,24,9,1,4053999,-,CADBURY LICKABLES 9X12X20G,1106676,CADBURY LICKABLES 9X12X20G,,,,,,,,11,,2
266,15,25,9,1,4084426,-,OREO COOKIE CRUMB 8X1KG,429736,OREO COOKIE CRUMB 8X1KG,,,,,,,,11,,2
269,15,25,9,1,4253220,-,MINI OREO CHOCO 24X61.3G,137064,MINI OREO CHOCO 24X61.3G,,,,,,,,11,,2
229,15,25,9,1,4301018,,OREO C/S/C VANILLA 24X64.4G,94680,OREO C/S/C VANILLA 24X64.4G,,,,,,,,11,,2
240,15,25,9,1,4300983,,OREO LUP 2000 BBERRY IC 12X12X36.8G,210816,OREO LUP 2000 BBERRY IC 12X12X36.8G,,,,,,,,11,,2
242,15,25,9,1,4300986,,OREO LUP 2000 STRAW CREAM 12X12X36.8G,210816,OREO LUP 2000 STRAW CREAM 12X12X36.8G,,,,,,,,11,,2
245,15,24,9,1,13679,,TOBLERONE MILK 4X20X100G,2662080,TOBLERONE MILK 4X20X100G,,,,,,,,11,,2
251,15,24,9,1,4084896,,TOBLERONE MILK 200G 5X10CA,2784600,TOBLERONE MILK 200G 5X10CA,,,,,,,,11,,2
253,15,25,9,1,4253214,,MINI OREO CHOCOLATE 6X10X20.4G IPT,84840,MINI OREO CHOCOLATE 6X10X20.4G IPT,,,,,,,,11,,2
217,15,26,9,2,4254197,-,BISKUAT ORI CARD PROMO 12X4X60G,2024,BISKUAT ORI CARD PROMO 12X4X60G,,,,,,,,11,,2
218,15,25,9,2,4252357,-,OREO SAND DBL STUF 24X147.7G BD,4979,OREO SAND DBL STUF 24X147.7G BD,,,,,,,,11,,2
220,15,25,9,2,4000969,-,OREO VAN EXTRA 3 COOKIES 24X166.4GR,4836,OREO VAN EXTRA 3 COOKIES 24X166.4GR,,,,,,,,11,,2
219,15,26,9,2,4254163,-,BISKUAT ORI CARD PROMO 12X(20X10G),339,BISKUAT ORI CARD PROMO 12X(20X10G),,,,,,,,11,,2
222,15,25,9,2,4253448,-,MINI OREO MOCHA 24X61.3GR,5217,MINI OREO MOCHA 24X61.3GR,,,,,,,,11,,2
221,15,25,9,2,4055454,-,OREO VAN 24X(97.8+19.6)G XTRA 2PC,3410,OREO VAN 24X(97.8+19.6)G XTRA 2PC,,,,,,,,11,,2
225,15,26,9,2,4281015,-,BISKUAT BOLU SUSU EXT 20% 12X12X19.2G,1397,BISKUAT BOLU SUSU EXT 20% 12X12X19.2G,,,,,,,,11,,2
224,15,25,9,2,4052228,-,1531.53MINI OREO ORI 6X10X23GR IPT,1364,1531.53MINI OREO ORI 6X10X23GR IPT,,,,,,,,11,,2
226,15,25,9,2,4279231,,OREO BIRTHDAY SPRINKLES C1 24X123.5G,6311,OREO BIRTHDAY SPRINKLES C1 24X123.5G,,,,,,,,11,,2
228,15,25,9,2,4052231,-,MINI OREO CHOCO 6X10X23GR IP,1364,MINI OREO CHOCO 6X10X23GR IP,,,,,,,,11,,2
232,15,26,9,2,4282608,,BISKUAT ORI 20X121.6G ACADEMY,5813,BISKUAT ORI 20X121.6G ACADEMY,,,,,,,,11,,2
233,15,25,9,2,4062071,-,SAMPLE MINI OREO ORI 6X10X23,,SAMPLE MINI OREO ORI 6X10X23,,,,,,,,11,,2
234,15,25,9,2,4032359,-,OREO C/S/C STRAW CREAM 24X137GR,4920,OREO C/S/C STRAW CREAM 24X137GR,,,,,,,,11,,2
238,15,25,9,2,4048730,-,OREO THIN TIRAMISU SEA 24X95G,8214,OREO THIN TIRAMISU SEA 24X95G,,,,,,,,11,,2
237,15,26,9,2,4282794,,BISKUAT ORI 12X(20X7.6G) ACADEMY,364,BISKUAT ORI 12X(20X7.6G) ACADEMY,,,,,,,,11,,2
247,15,24,9,2,13686,,TOBLERONE MILK 5X10X200G,47587,TOBLERONE MILK 5X10X200G,,,,,,,,11,,2
241,15,25,9,2,4048729,-,OREO THINS VANILA DELIGHR 24X95G,8214,OREO THINS VANILA DELIGHR 24X95G,,,,,,,,11,,2
250,15,24,9,2,13783,,TOBLERONE WHITE 4X20X100G,23244,TOBLERONE WHITE 4X20X100G,,,,,,,,11,,2
255,15,25,9,2,4252159,,OREO C/S/C VANILLA 12X12X28.5G,1061,OREO C/S/C VANILLA 12X12X28.5G,,,,,,,,11,,2
256,15,25,9,2,4252362,,OREO C/S/C CHOCOLATE 12X12X28.5G,1061,OREO C/S/C CHOCOLATE 12X12X28.5G,,,,,,,,11,,2
257,15,25,9,2,4252360,,OREO C/S/C STRW CREAM 12X12X28.5G,1061,OREO C/S/C STRW CREAM 12X12X28.5G,,,,,,,,11,,2
244,15,25,9,2,4072077,-,OREO SOFT CAKE PROMO 3+1 12X12X16G,1364,OREO SOFT CAKE PROMO 3+1 12X12X16G,,,,,,,,11,,2
258,15,25,9,2,4252358,,OREO C/S/C BBERRY IC 12X12X28.5G,1061,OREO C/S/C BBERRY IC 12X12X28.5G,,,,,,,,11,,2
259,15,25,9,2,4252622,,OREO PEANUT BUTTER&CHO 12X12X28.5G,1061,OREO PEANUT BUTTER&CHO 12X12X28.5G,,,,,,,,11,,2
261,15,26,9,2,4260055,,BISKUAT CHOCOLATE 12X(22X10G),339,BISKUAT CHOCOLATE 12X(22X10G),,,,,,,,11,,2
270,15,25,9,2,4079105,-,OREO SELECTION 8X183GR,23263,OREO SELECTION 8X183GR,,,,,,,,11,,2
262,15,25,9,2,4081677,,OREO SOFTCAKE SPIDERMAN 12X12X16GR,1364,OREO SOFTCAKE SPIDERMAN 12X12X16GR,,,,,,,,11,,2
263,15,25,9,2,4082370,,OREO VAN 137G SPIDERMAN,4920,OREO VAN 137G SPIDERMAN,,,,,,,,11,,2
264,15,25,9,2,4082372,,OREO CHO 137GR SPIDERMAN,4920,OREO CHO 137GR SPIDERMAN,,,,,,,,11,,2
265,15,25,9,2,4262557,,MINI OREO ORI 6X(10+1)X20.4G IPT,1364,MINI OREO ORI 6X(10+1)X20.4G IPT,,,,,,,,11,,2
267,15,25,9,2,4262556,,MINI OREO CHOCO 6X(10+1)X20.4G IPT,1364,MINI OREO CHOCO 6X(10+1)X20.4G IPT,,,,,,,,11,,2
268,15,25,9,2,4082360,,OREO VAN 68.5GR SPIDERMAN,2729,OREO VAN 68.5GR SPIDERMAN,,,,,,,,11,,2
271,15,25,9,2,4058288,,OREO THINS LEMON CHEESECAKE 95GX24,8214,OREO THINS LEMON CHEESECAKE 95GX24,,,,,,,,11,,2
223,15,25,9,2,4065346,-,MINI OREO STRAW 24X67 G JW PROMO,5126,MINI OREO STRAW 24X67 G JW PROMO,,,,,,,,11,,2
227,15,24,,2,4055271,-,CDM CASHEW WHOLE NUT 6X12X100G SEA,16504,CDM CASHEW WHOLE NUT 6X12X100G SEA,,,,,,,,11,,2
230,15,27,9,2,4081669,-,HALLS XS LIME 24X12X25S ID,6177,HALLS XS LIME 24X12X25S ID,,,,,,,,11,,2
231,15,27,9,2,4081672,-,HALLS XS WM 24X12X25S ID,6177,HALLS XS WM 24X12X25S ID,,,,,,,,11,,2
236,15,27,9,2,4081675,-,HALLS XS ML 24X12X25S ID,6177,HALLS XS ML 24X12X25S ID,,,,,,,,11,,2
239,15,25,9,2,4049588,-,OREO CHOC 24X(97.8+19.6)G XTRA 2PC,3410,OREO CHOC 24X(97.8+19.6)G XTRA 2PC,,,,,,,,11,,2
243,15,25,9,2,4256171,-,OREO VAN 12X((12+1)X28.5GR),1061,OREO VAN 12X((12+1)X28.5GR),,,,,,,,11,,2
246,15,25,9,2,4256211,-,OREO CHOCO 12X((12+1)X28.5GR),1061,OREO CHOCO 12X((12+1)X28.5GR),,,,,,,,11,,2
248,15,26,9,2,4254199,-,BISKUAT CHOC CARD PROMO 12X4X60G,2024,BISKUAT CHOC CARD PROMO 12X4X60G,,,,,,,,11,,2
1269,43,46,11,1,1309092,,K241LV Dahlia Toilet Refill Lavender,4980,,,,,,,,,11,,2
294,15,25,9,2,4252351,-,OREO C/S/C VANILA 24X133G,5257,OREO C/S/C VANILA 24X133G,,,,,,,,11,,2
283,15,24,9,1,4257100,,CADBURY DAIRY MILK 62G,1519056,CADBURY DAIRY MILK 62G,,,,,,,,11,,2
272,15,25,9,1,4253221,-,MINI OREO STRAWBERRY 24X61.3G,137064,MINI OREO STRAWBERRY 24X61.3G,,,,,,,,11,,2
282,15,25,9,1,4084511,-,MINI OREO STRAWB 6X10X20.4GR IPT,84840,MINI OREO STRAWB 6X10X20.4GR IPT,,,,,,,,11,,2
308,15,25,9,1,4261041,-,MINI OREO STRAW 24X61.3G PROMO FY20,137064,MINI OREO STRAW 24X61.3G PROMO FY20,,,,,,,,11,,2
311,15,25,9,1,4261042,-,MINI OREO CHOCO 24X61.3G PROMO FY20,137064,MINI OREO CHOCO 24X61.3G PROMO FY20,,,,,,,,11,,2
314,15,25,9,1,4261040,-,MINI OREO VANILLA 24X61.3G PROMO FY20,137064,MINI OREO VANILLA 24X61.3G PROMO FY20,,,,,,,,11,,2
304,15,24,9,1,4267080,-,CDM PLAIN 6X12X90G,1098792,CDM PLAIN 6X12X90G,,,,,,,,11,,2
310,15,25,9,1,4301002,-,OREO LUP VANILLA 12X12X36.8G,210816,OREO LUP VANILLA 12X12X36.8G,,,,,,,,11,,2
313,15,25,9,1,4301004,-,OREO LUP 2000 CHOCOLATE 12X12X36.8G,210816,OREO LUP 2000 CHOCOLATE 12X12X36.8G,,,,,,,,11,,2
316,15,25,9,1,4300981,-,OREO BBERRY IC 24X119.6G,143472,OREO BBERRY IC 24X119.6G,,,,,,,,11,,2
319,15,25,9,1,4300984,-,OREO STRAWBERRY CREAM 24X119.6G,143472,OREO STRAWBERRY CREAM 24X119.6G,,,,,,,,11,,2
322,15,25,9,1,4300980,-,OREO C/S/C VANILLA 12X2X119.6GR,144456,OREO C/S/C VANILLA 12X2X119.6GR,,,,,,,,11,,2
325,15,25,9,1,4300969,-,OREO DARK&WHITE CHOC 24X119.6G,143472,OREO DARK&WHITE CHOC 24X119.6G,,,,,,,,11,,2
300,15,26,9,2,4265007,,BISKUAT ACADEMY COKLAT 12X4X60G,2024,BISKUAT ACADEMY COKLAT 12X4X60G,,,,,,,,11,,2
301,15,26,9,2,4265011,,BISKUAT ACADEMY COKLAT 12X(20X10G),339,BISKUAT ACADEMY COKLAT 12X(20X10G),,,,,,,,11,,2
303,15,26,9,2,4260062,,BISKUAT ORIGINAL 12X(22X10G),339,BISKUAT ORIGINAL 12X(22X10G),,,,,,,,11,,2
306,15,25,9,2,4260979,,OREO C/S/C VANILLA 24X133GR SUMMER20,5257,OREO C/S/C VANILLA 24X133GR SUMMER20,,,,,,,,11,,2
309,15,25,9,2,4260777,,OREO C/S/C VANILLA 12X12X28.5GR SUMMER20,1061,OREO C/S/C VANILLA 12X12X28.5GR SUMMER20,,,,,,,,11,,2
312,15,25,9,2,4260980,,OREO C/S/C VANILLA 24X66.5GR SUMMER20,3070,OREO C/S/C VANILLA 24X66.5GR SUMMER20,,,,,,,,11,,2
315,15,25,9,2,4252350,,OREO C/S/C VANILLA 24X66.5GR,3495,OREO C/S/C VANILLA 24X66.5GR,,,,,,,,11,,2
317,15,25,9,2,4252353,,OREO CHOCOLATE 24X66.5G,3495,OREO CHOCOLATE 24X66.5G,,,,,,,,11,,2
320,15,26,9,2,4259507,,BISKUAT ORIGINAL 20X10X25.2G,707,BISKUAT ORIGINAL 20X10X25.2G,,,,,,,,11,,2
323,15,26,9,2,4259508,,BISKUAT CHOCOLATE 20X10X25.2G,727,BISKUAT CHOCOLATE 20X10X25.2G,,,,,,,,11,,2
326,15,25,9,2,4260977,,OREO C/S/C VANILLA 12X2X133GR SUMMER20,9899,OREO C/S/C VANILLA 12X2X133GR SUMMER20,,,,,,,,11,,2
302,15,25,9,2,4269188,-,OREO JOYFUL BOX FY22 12X324.0G,28659,OREO JOYFUL BOX FY22 12X324.0G,,,,,,,,11,,2
299,15,25,9,2,4032318,-,OREO C/S/C CHOCOLATE 12X12X29.4GR,1061,OREO C/S/C CHOCOLATE 12X12X29.4GR,,,,,,,,11,,2
305,15,26,9,2,4273095,-,BISKUAT ORIGINAL 20X151.2G PROMO,5684,BISKUAT ORIGINAL 20X151.2G PROMO,,,,,,,,11,,2
318,15,26,9,2,4262195,-,BISKUAT WONDERFUL 10X(12X28G),1397,BISKUAT WONDERFUL 10X(12X28G),,,,,,,,11,,2
321,15,25,9,2,4267622,-,OREO PEANUT BUTTER&CHOCO 24X123.5G,5978,OREO PEANUT BUTTER&CHOCO 24X123.5G,,,,,,,,11,,2
324,15,25,9,2,4263256,-,OREO CHOCO 12X12X38GR SUMMER20,1464,OREO CHOCO 12X12X38GR SUMMER20,,,,,,,,11,,2
292,15,25,9,2,4081140,-,OREO VANILLA 137G PLAY TO WIN C2,4920,OREO VANILLA 137G PLAY TO WIN C2,,,,,,,,11,,2
293,15,24,9,2,4084404,-,CADBURY DRINKING CHOC 30GX3,10980,CADBURY DRINKING CHOC 30GX3,,,,,,,,11,,2
295,15,26,9,2,4056757,-,BISKUAT SANDWICH CHOCO 24X118G,4592,BISKUAT SANDWICH CHOCO 24X118G,,,,,,,,11,,2
296,15,26,9,2,4070277,-,BISKUAT SDW CHOCO 12X9X27G,1023,BISKUAT SDW CHOCO 12X9X27G,,,,,,,,11,,2
298,15,25,9,2,4081213,-,OREO VANILLA 12X29.4G PLAY TO WIN C2,1061,OREO VANILLA 12X29.4G PLAY TO WIN C2,,,,,,,,11,,2
273,15,26,9,2,4257952,,BISKUAT FESTIVE BOX 8X376G,14142,BISKUAT FESTIVE BOX 8X376G,,,,,,,,11,,2
274,15,25,9,2,4252626,,OREO C/S/C VANILLA 12X2X133GR,9899,OREO C/S/C VANILLA 12X2X133GR,,,,,,,,11,,2
277,15,24,9,2,4255374,,CADBURY COFFE 62 GR,9716,CADBURY COFFE 62 GR,,,,,,,,11,,2
278,15,24,9,2,4258378,,CADBURY CASHEW COCONUT 62 GR,9716,CADBURY CASHEW COCONUT 62 GR,,,,,,,,11,,2
279,15,26,9,2,4073530,,BISKUAT CHOCOLATE 12X4X60G,2024,BISKUAT CHOCOLATE 12X4X60G,,,,,,,,11,,2
280,15,25,9,2,4253497,,OREO VANILLA 24X133G+20%,5649,OREO VANILLA 24X133G+20%,,,,,,,,11,,2
307,15,24,9,2,4267965,-,CADBURY HOT CHOCOLATE DRINK 450G,49884,CADBURY HOT CHOCOLATE DRINK 450G,,,,,,,,11,,2
281,15,25,9,2,4253498,,OREO CHOCOLATE 24X133G+20%,5103,OREO CHOCOLATE 24X133G+20%,,,,,,,,11,,2
275,15,24,9,2,4067873,-,CDM SILK OREO 6X28X40G,9115,CDM SILK OREO 6X28X40G,,,,,,,,11,,2
284,15,24,9,2,4055268,-,CADBURY FRUIT&NUT WHOLE NUT 100G,16504,CADBURY FRUIT&NUT WHOLE NUT 100G,,,,,,,,11,,2
285,15,25,9,2,4252354,-,OREO C/S/C CHOCOLATE 24X133G,5257,OREO C/S/C CHOCOLATE 24X133G,,,,,,,,11,,2
286,15,25,9,2,4252361,-,OREO C/S/C STRAWBERRY CREAM 24X133G,5649,OREO C/S/C STRAWBERRY CREAM 24X133G,,,,,,,,11,,2
287,15,25,9,2,4252359,-,OREO C/S/C BBERRY ICE CREAM 24X133G,5257,OREO C/S/C BBERRY ICE CREAM 24X133G,,,,,,,,11,,2
288,15,25,9,2,4252356,-,OREO DARK&WHITE CHOC 24X133G,4920,OREO DARK&WHITE CHOC 24X133G,,,,,,,,11,,2
289,15,25,9,2,4252621,-,OREO PEANUT BUTTER&CHOCO 24X133G,5649,OREO PEANUT BUTTER&CHOCO 24X133G,,,,,,,,11,,2
290,15,25,9,2,4032363,-,OREO C/S/C VANILLA 24X68.5GR,2729,OREO C/S/C VANILLA 24X68.5GR,,,,,,,,11,,2
291,15,25,9,2,4075901,-,OREO CHOCOLATE 24X68.5G,2729,OREO CHOCOLATE 24X68.5G,,,,,,,,11,,2
1270,43,46,11,1,1309099,,k241-OB Dahlia Toilet Refil Orange Blossom,4980,,,,,,,,,11,,2
355,15,24,9,1,4257097,,CADBURY BLACK FOREST 6X24X62G,1693872,CADBURY BLACK FOREST 6X24X62G,,,,,,,,11,,2
358,15,24,9,1,4257098,,CADBURY CASHEW NUT 6X24X62G,1519056,CADBURY CASHEW NUT 6X24X62G,,,,,,,,11,,2
368,15,25,9,1,4264933,,OREO SELECTION 6X276G ID FY21,277710,OREO SELECTION 6X276G ID FY21,,,,,,,,11,,2
352,15,24,9,1,4267079,-,CDM CASHEW WHOLE NUT 6X12X90G,1098720,CDM CASHEW WHOLE NUT 6X12X90G,,,,,,,,11,,2
328,15,25,9,1,4301001,-,OREO DOUBLE STUFF 24X131.1G,143472,OREO DOUBLE STUFF 24X131.1G,,,,,,,,11,,2
329,15,25,9,1,4301000,-,OREO PEANUT BUTTER &CHOCO 24X119.6G,143472,OREO PEANUT BUTTER &CHOCO 24X119.6G,,,,,,,,11,,2
332,15,25,9,1,4300999,-,OREO RED VELVET 24X119.6G ID,162048,OREO RED VELVET 24X119.6G ID,,,,,,,,11,,2
334,15,26,9,1,4282609,-,BISKUAT CHOCO 12X(20X7.6G)ACADEMY,87360,BISKUAT CHOCO 12X(20X7.6G)ACADEMY,,,,,,,,11,,2
336,15,26,9,1,4282611,-,BISKUAT CHOCO 12X(4X45.6G),109008,BISKUAT CHOCO 12X(4X45.6G),,,,,,,,11,,2
344,15,26,9,1,4282612,-,BISKUAT ORI 12X(4X45.6G),109008,BISKUAT ORI 12X(4X45.6G),,,,,,,,11,,2
347,15,25,9,1,4302142,-,OREO BBERY IC 24X119.6G SUMMER,143472,OREO BBERY IC 24X119.6G SUMMER,,,,,,,,11,,2
348,15,25,9,1,4300006,-,OREO CHOC 24X119.6G SUMMER,143472,OREO CHOC 24X119.6G SUMMER,,,,,,,,11,,2
353,15,26,9,1,4303220,-,BISKUAT CHOCO 10X(20X15.2G)PROMO,123800,BISKUAT CHOCO 10X(20X15.2G)PROMO,,,,,,,,11,,2
356,15,25,9,1,4302144,-,OREO LUP 2000 STR CREAM SUMMER 12X12X36.8G,210816,OREO LUP 2000 STR CREAM SUMMER 12X12X36.8G,,,,,,,,11,,2
363,15,25,9,1,4302145,-,OREO LUP 200CHOC 12X12X36.8G SUMMER,210816,OREO LUP 200CHOC 12X12X36.8G SUMMER,,,,,,,,11,,2
367,15,25,9,1,4302146,-,OREO LUP 2000 VANILLA 12X12X36.8G SUMMER,210816,OREO LUP 2000 VANILLA 12X12X36.8G SUMMER,,,,,,,,11,,2
369,15,25,9,1,4300005,-,OREO STRAWBERRY CRM SUMMER 24X119.6G,143472,OREO STRAWBERRY CRM SUMMER 24X119.6G,,,,,,,,11,,2
370,15,25,9,1,4300007,-,OREO VANILLA SUMMER 24X119.6G,143472,OREO VANILLA SUMMER 24X119.6G,,,,,,,,11,,2
372,15,24,9,1,4281341,-,CDM POP OUT HEART 6X12X150G,1679256,CDM POP OUT HEART 6X12X150G,,,,,,,,11,,2
375,15,26,9,1,4303219,-,BISKUAT ORI 12X(20X7.6G),87400,BISKUAT ORI 12X(20X7.6G),,,,,,,,11,,2
376,15,26,9,1,4303218,-,BISKUAT CHOCO 12X(20X7.6G),87400,BISKUAT CHOCO 12X(20X7.6G),,,,,,,,11,,2
377,15,26,9,1,4282613,-,BISKUAT CHOCO 10X(20X22.8G) ACADEMY,145400,BISKUAT CHOCO 10X(20X22.8G) ACADEMY,,,,,,,,11,,2
330,15,25,9,2,4260975,,OREO C/S/C CHOCOLATE 24X133GR SUMMER20,5257,OREO C/S/C CHOCOLATE 24X133GR SUMMER20,,,,,,,,11,,2
349,15,25,9,2,4260867,,OREO C/S/C CHOCOLATE 12X12X28.5GR SUMMER20,1061,OREO C/S/C CHOCOLATE 12X12X28.5GR SUMMER20,,,,,,,,11,,2
351,15,25,9,2,4260976,,OREO C/S/C CHOCOLATE 24X66.5GR SUMMER20,3070,OREO C/S/C CHOCOLATE 24X66.5GR SUMMER20,,,,,,,,11,,2
359,15,26,9,2,4267436,,BISKUAT CHOCOLATE 12X(20X8.4GR),364,BISKUAT CHOCOLATE 12X(20X8.4GR),,,,,,,,11,,2
361,15,26,9,2,4267437,,BISKUAT CHOCOLATE 12X4X50.4G,2181,BISKUAT CHOCOLATE 12X4X50.4G,,,,,,,,11,,2
362,15,26,9,2,4267438,,BISKUAT CHOCOLATE 20X134.4G,5813,BISKUAT CHOCOLATE 20X134.4G,,,,,,,,11,,2
364,15,25,9,2,4267623,,OREO RED VELVET 24X123.5G ID,6752,OREO RED VELVET 24X123.5G ID,,,,,,,,11,,2
365,15,25,9,2,4265235,,OREO VAN CHOC 12X(2X133G) WITH GIMMICK,13788,OREO VAN CHOC 12X(2X133G) WITH GIMMICK,,,,,,,,11,,2
327,15,25,9,2,4267613,-,OREO SAND DBL STUF 24X135.3G,5649,OREO SAND DBL STUF 24X135.3G,,,,,,,,11,,2
331,15,25,9,2,4263257,-,OREO VANILLA 12X12X38GR SUMMER20,1464,OREO VANILLA 12X12X38GR SUMMER20,,,,,,,,11,,2
333,15,25,9,2,4274782,-,MINI OREO CHOCO 24X(61.3G+23%),5217,MINI OREO CHOCO 24X(61.3G+23%),,,,,,,,11,,2
335,15,25,9,2,4274783,-,MINI OREO VANILLA 24X(61.3G+23%),5217,MINI OREO VANILLA 24X(61.3G+23%),,,,,,,,11,,2
337,15,26,9,2,4277606,-,BISKUAT ACADEMY21 CHOCO 10X(20X25.2G),727,BISKUAT ACADEMY21 CHOCO 10X(20X25.2G),,,,,,,,11,,2
338,15,25,9,2,4276777,-,OREO CHOCOLATE COUPON 12X12X38GR,1464,OREO CHOCOLATE COUPON 12X12X38GR,,,,,,,,11,,2
339,15,25,9,2,4276776,-,OREO STRW CREAM COUPON 12X12X38GR,1364,OREO STRW CREAM COUPON 12X12X38GR,,,,,,,,11,,2
340,15,25,9,2,4276774,-,OREO BERRY IC COUPON 12X12X38G,1464,OREO BERRY IC COUPON 12X12X38G,,,,,,,,11,,2
341,15,25,9,2,4276786,-,OREO 2000 VANILLA COUPON 12X12X38GR,1431,OREO 2000 VANILLA COUPON 12X12X38GR,,,,,,,,11,,2
342,15,26,9,2,4277661,-,BISKUAT CHOCO 48X67.2G,3040,BISKUAT CHOCO 48X67.2G,,,,,,,,11,,2
343,15,25,9,2,4278869,-,OREO STRAWBERRY CREAM 24X123.5G,5649,OREO STRAWBERRY CREAM 24X123.5G,,,,,,,,11,,2
345,15,24,9,2,4267077,-,CDM FRUIT&NUTS 6X12X90G SEA,19970,CDM FRUIT&NUTS 6X12X90G SEA,,,,,,,,11,,2
346,15,26,9,2,4277604,-,BISKUAT ACADEMY 21 CHOCO 12X4X50.4G,2105,BISKUAT ACADEMY 21 CHOCO 12X4X50.4G,,,,,,,,11,,2
350,15,25,9,2,4279733,-,OREO VAN CHOC LUNCHBOX 12X(2X119G),16046,OREO VAN CHOC LUNCHBOX 12X(2X119G),,,,,,,,11,,2
357,15,25,9,2,4278901,-,OREO C/S/C VANILLA 12X2X123.5G,10625,OREO C/S/C VANILLA 12X2X123.5G,,,,,,,,11,,2
360,15,25,9,2,4032366,-,OREO C/S/C VANILLA 12X12X29.4GR,1061,OREO C/S/C VANILLA 12X12X29.4GR,,,,,,,,11,,2
371,15,26,9,2,4303346,-,BISKUAT ORI 10X(20X15.2G) PROMO,619,BISKUAT ORI 10X(20X15.2G) PROMO,,,,,,,,11,,2
373,15,25,9,2,4282988,-,OREO SUMMER LTD FLAVOR 16X6X28.5G,1600,OREO SUMMER LTD FLAVOR 16X6X28.5G,,,,,,,,11,,2
374,15,26,9,2,4303080,-,BISKUAT CHOCO 20X121.6G,5813,BISKUAT CHOCO 20X121.6G,,,,,,,,11,,2
380,15,26,9,2,4282607,-,BISKUAT CHOCO 20X121.6GR ACADEMY,5813,BISKUAT CHOCO 20X121.6GR ACADEMY,,,,,,,,11,,2
378,15,26,9,2,4282614,,BISKUAT ORI 10X(20X22.8G) ACADEMY,727,BISKUAT ORI 10X(20X22.8G) ACADEMY,,,,,,,,11,,2
379,15,26,9,2,4277848,,BISKUAT BOLU SUSU 12X12X16G,1456,BISKUAT BOLU SUSU 12X12X16G,,,,,,,,11,,2
1271,43,46,11,1,1309093,,K241-ZL Dahlia Toilet Refill Zesty Lemon,4980,,,,,,,,,11,,2
428,15,25,9,1,4310135,-,OREO CHOCOLATE 24X64.4G SUMMER,3945,OREO CHOCOLATE 24X64.4G SUMMER,,,,,,,,11,,2
413,15,25,9,1,4310259,-,OREO SOFTCAKE 24X(6X16G),245832,OREO SOFTCAKE 24X(6X16G),,,,,,,,11,,2
414,15,25,9,1,4311477,-,OREO VAN CHOC  PLAYPACK 12X4X64.4G,203424,OREO VAN CHOC  PLAYPACK 12X4X64.4G,,,,,,,,11,,2
415,15,25,9,1,4311478,-,OREO VAN CHO STRW PLAYPACK 12(3X119.6G),356100,OREO VAN CHO STRW PLAYPACK 12(3X119.6G),,,,,,,,11,,2
416,15,24,9,1,4312226,-,CDM NUTS B2G1 3X62G ID,1012656,CDM NUTS B2G1 3X62G ID,,,,,,,,11,,2
417,15,26,9,1,4311344,-,BISKUAT ORI RENO 28X106.4G,162764,BISKUAT ORI RENO 28X106.4G,,,,,,,,11,,2
421,15,25,9,1,4304219,-,RITZ SWEET CHEESE SDW 36X91G FY22 ID,174492,RITZ SWEET CHEESE SDW 36X91G FY22 ID,,,,,,,,11,,2
423,15,25,,1,4314421,-,RITZ SDW CHOCOLATE 36X91G ID,174492,RITZ SDW CHOCOLATE 36X91G ID,,,,,,,,11,,2
381,15,25,9,1,4301017,,OREO CHOCOLATE 24X64.4G,94680,OREO CHOCOLATE 24X64.4G,,,,,,,,11,,2
384,15,26,9,1,4304566,,BISKUAT CHOCO 10X(10X34.2G)PROMO,131000,BISKUAT CHOCO 10X(10X34.2G)PROMO,,,,,,,,11,,2
387,15,29,9,1,4304954,,KRAFT CHEDDAR 48X150GR,910416,KRAFT CHEDDAR 48X150GR,,,,,,,,11,,2
389,15,29,9,1,4080854,,KRAFT CHEDDAR MINI 144X30GR,559872,KRAFT CHEDDAR MINI 144X30GR,,,,,,,,11,,2
391,15,29,9,1,4253560,,KRAFT CHEDDAR MIDI 48X70G,434544,KRAFT CHEDDAR MIDI 48X70G,,,,,,,,11,,2
392,15,29,9,1,4281802,,KRAFT SINGLES 5 54X75G,529038,KRAFT SINGLES 5 54X75G,,,,,,,,11,,2
393,15,29,9,1,4281748,,KRAFT SINGLES 10 30X150G,531390,KRAFT SINGLES 10 30X150G,,,,,,,,11,,2
436,15,25,9,1,4261037,-,MINI OREO STRAW 6X10X20.4G IPT PROMO FY20,84840,MINI OREO STRAW 6X10X20.4G IPT PROMO FY20,,,,,,,,11,,2
394,15,29,9,1,4281747,,KRAFT SINGLES LIGHT 10S,531390,KRAFT SINGLES LIGHT 10S,,,,,,,,11,,2
396,15,24,9,1,4265029,,CDM NEAPS DOYBAG 18PC 40X81GR,659440,CDM NEAPS DOYBAG 18PC 40X81GR,,,,,,,,11,,2
398,15,25,9,1,4308711,,OREO STRAWBERRY LUP 2000 12X12X27.6G,210816,OREO STRAWBERRY LUP 2000 12X12X27.6G,,,,,,,,11,,2
400,15,25,9,1,4308709,,OREO LUP 2000 VANILLA 12X12X27.6G,210816,OREO LUP 2000 VANILLA 12X12X27.6G,,,,,,,,11,,2
402,15,29,9,1,4304955,,KRAFT ALL-IN-1 48X150G,588000,KRAFT ALL-IN-1 48X150G,,,,,,,,11,,2
403,15,29,9,1,4072735,,KRAFT QUICK MELT MOZZA 165GR,1095648,KRAFT QUICK MELT MOZZA 165GR,,,,,,,,11,,2
404,15,24,9,1,4304606,,CADBURY HOT CHOCOLATE DRINK 18X390G,897912,CADBURY HOT CHOCOLATE DRINK 18X390G,,,,,,,,11,,2
405,15,29,9,1,846860,,KRAFT CHEDDAR 8X2KG,1514200,KRAFT CHEDDAR 8X2KG,,,,,,,,11,,2
407,15,26,9,1,4307198,,BISKUAT ORI 10X(10X34.2G),145600,BISKUAT ORI 10X(10X34.2G),,,,,,,,11,,2
408,15,24,9,1,4305906,,CDM NEAPS JAR 1X12X405G,989184,CDM NEAPS JAR 1X12X405G,,,,,,,,11,,2
409,15,26,9,1,4311349,,BISKUAT CHOCO 12X(10+2)X34.2G),145600,BISKUAT CHOCO 12X(10+2)X34.2G),,,,,,,,11,,2
410,15,25,9,1,4309174,,OREO LUP 2000 BERRY 12X12X27.6G SUMMER,210816,OREO LUP 2000 BERRY 12X12X27.6G SUMMER,,,,,,,,11,,2
411,15,26,9,1,4311337,,BISKUAT CHOCO RENO 28X106.4G,162764,BISKUAT CHOCO RENO 28X106.4G,,,,,,,,11,,2
388,15,25,9,1,4304695,-,OREO SOFTCAKE 48X(3X16G),273744,OREO SOFTCAKE 48X(3X16G),,,,,,,,11,,2
422,15,26,9,1,4307253,-,BISKUAT ORI 10X(20X15.2G),145400,BISKUAT ORI 10X(20X15.2G),,,,,,,,11,,2
424,15,25,9,1,4300985,-,OREO CHOCOLATE 24X119.6G,143472,OREO CHOCOLATE 24X119.6G,,,,,,,,11,,2
425,15,26,9,1,4307254,-,BISKUAT CHOCO 10X(20X15.2G),145484,BISKUAT CHOCO 10X(20X15.2G),,,,,,,,11,,2
427,15,25,9,1,4306796,-,RITZ SDW CHOCOLATE 24X118G FY20,165840,RITZ SDW CHOCOLATE 24X118G FY20,,,,,,,,11,,2
429,15,25,9,1,4306797,-,RITZ SDW CHOCOLATE 12X12X27G,207792,RITZ SDW CHOCOLATE 12X12X27G,,,,,,,,11,,2
431,15,26,9,1,4307200,-,BISKUAT CHOCO 10X(10X34.2G),145600,BISKUAT CHOCO 10X(10X34.2G),,,,,,,,11,,2
433,15,25,9,1,4300982,-,OREO VANILLA 24X119.6G,143472,OREO VANILLA 24X119.6G,,,,,,,,11,,2
382,15,25,9,1,4305638,-,OREO CHOCO VANI WAFER 48X58.5G,172128,OREO CHOCO VANI WAFER 48X58.5G,,,,,,,,11,,2
418,15,26,9,2,4265010,-,BISKUAT ACADEMY ORI 20X140G,5466,BISKUAT ACADEMY ORI 20X140G,,,,,,,,11,,2
386,15,25,9,2,4305639,-,OREO DOUBLE CHOCO WAFER 48X58.5G,3586,OREO DOUBLE CHOCO WAFER 48X58.5G,,,,,,,,11,,2
419,15,25,9,2,4261234,-,OREO LUP 2000 STRW CREAM 12X12X38G,1464,OREO LUP 2000 STRW CREAM 12X12X38G,,,,,,,,11,,2
420,15,25,9,2,4261235,-,OREO LUP 2000 BBERRY IC 12X12X38G,1464,OREO LUP 2000 BBERRY IC 12X12X38G,,,,,,,,11,,2
390,15,26,9,2,4303215,-,BISKUAT ORI 20X121.6G,5813,BISKUAT ORI 20X121.6G,,,,,,,,11,,2
435,15,29,9,2,4075799,-,KEJU MILKY SOFT 48X165G,12291,KEJU MILKY SOFT 48X165G,,,,,,,,11,,2
430,15,25,9,2,4267612,-,OREO DARK&WHITE CHOC 24X123.5G,5649,OREO DARK&WHITE CHOC 24X123.5G,,,,,,,,11,,2
437,15,29,9,2,4279334,-,KRAFT ALL-IN-1 48X160G,12250,KRAFT ALL-IN-1 48X160G,,,,,,,,11,,2
432,15,26,9,2,4262197,-,BISKUAT WONDERFUL 48X84G,4218,BISKUAT WONDERFUL 48X84G,,,,,,,,11,,2
434,15,26,9,2,4268206,-,BISKUAT ORIGINAL 12X(20X8.4GR),353,BISKUAT ORIGINAL 12X(20X8.4GR),,,,,,,,11,,2
383,15,25,9,2,4282947,,OREO SUMMER LTD FLAV 24X123.5G,6109,OREO SUMMER LTD FLAV 24X123.5G,,,,,,,,11,,2
385,15,26,9,2,4304577,,BISKUAT ORI 10X(10X34.2G)PROMO,1310,BISKUAT ORI 10X(10X34.2G)PROMO,,,,,,,,11,,2
395,15,29,9,2,960740,,FOOD SERVICE SINGLE 224GR,20088,FOOD SERVICE SINGLE 224GR,,,,,,,,11,,2
397,15,25,9,2,4308710,,OREO CHOCOLATE LUP 2000 12X12X27.6G,1464,OREO CHOCOLATE LUP 2000 12X12X27.6G,,,,,,,,11,,2
399,15,25,9,2,4308712,,OREO BLUEBERRY LUP 2000 12X12X27.6G,1464,OREO BLUEBERRY LUP 2000 12X12X27.6G,,,,,,,,11,,2
401,15,29,9,2,4302299,,KRAFT MILKY SOFT 3X30G,10810,KRAFT MILKY SOFT 3X30G,,,,,,,,11,,2
406,15,29,9,2,4279335,,KRAFT CHEDDAR 8X160GR,18967,KRAFT CHEDDAR 8X160GR,,,,,,,,11,,2
191,15,24,9,1,4036841,-,CADBURY CASHEW NUT 30GR,1656000,CADBURY CASHEW NUT 30GR,,,,,,,,11,,2
67,15,24,9,1,4257099,-,CADBURY FRUIT& NUT 6X24X62G,1693872,CADBURY FRUIT& NUT 6X24X62G,,,,,,,,11,,2
106,15,26,9,1,4047593,-,BISKUAT BOLU COKLAT 12X12X16.6GR,209664,BISKUAT BOLU COKLAT 12X12X16.6GR,,,,,,,,11,,2
254,15,25,9,1,4257637,,RITZ SANDWICH CHEESE 24X118G,154104,RITZ SANDWICH CHEESE 24X118G,,,,,,,,11,,2
450,15,25,9,1,4300916,-,OREO VANILLA 16X6X27.6GR,183919,OREO VANILLA 16X6X27.6GR,,,,,,,,11,,2
455,15,25,9,1,4313269,-,OREO CHOCO BANANA FLAVOR 24X119.6G,159264,OREO CHOCO BANANA FLAVOR 24X119.6G,,,,,,,,11,,2
458,15,25,9,1,4310125,-,OREO C/S/C VANILLA 24X64.4GR SUMMER,94680,OREO C/S/C VANILLA 24X64.4GR SUMMER,,,,,,,,11,,2
459,15,24,9,1,4310345,-,CDM PLAIN 24X36X15G,1708992,CDM PLAIN 24X36X15G,,,,,,,,11,,2
462,15,29,9,1,4258339,-,KRAFT ALL-IN-1 CHEESE 8X2KG,125159,KRAFT ALL-IN-1 CHEESE 8X2KG,,,,,,,,11,,2
276,15,25,9,1,4253215,,MINI OREO ORIGINAL 6X10X20.4G IPT,84840,MINI OREO ORIGINAL 6X10X20.4G IPT,,,,,,,,11,,2
463,15,29,9,1,4279333,-,KRAFT QUICKMELT MOZZA 48X150G,1095648,KRAFT QUICKMELT MOZZA 48X150G,,,,,,,,11,,2
469,15,25,9,1,4257636,-,RITZ SANDWICH CHEESE 12X(12X27)G,262800,RITZ SANDWICH CHEESE 12X(12X27)G,,,,,,,,11,,2
470,15,25,9,1,4313261,-,OREO CHOCO BANANA FLAVOR 16X6X27.6G,196800,OREO CHOCO BANANA FLAVOR 16X6X27.6G,,,,,,,,11,,2
354,15,25,9,1,4260658,,OREO SOFTCAKE EXTRA 20% 12X12X19.2G,209664,OREO SOFTCAKE EXTRA 20% 12X12X19.2G,,,,,,,,11,,2
471,15,26,9,1,4311351,-,BISKUAT CHOCO 10X(20+4)X15.2G,145400,BISKUAT CHOCO 10X(20+4)X15.2G,,,,,,,,11,,2
412,15,26,9,1,4311350,-,BISKUAT ORI 10X(20+4)X16.2G),145400,BISKUAT ORI 10X(20+4)X16.2G),,,,,,,,11,,2
472,15,25,9,1,4047490,,OREO SOFTCAKE 12X12X16GR,209664,OREO SOFTCAKE 12X12X16GR,,,,,,,,11,,2
426,15,25,9,1,4261038,-,MINI OREO ORIG 6X10X20.4G IPT PROMO FY20,84840,MINI OREO ORIG 6X10X20.4G IPT PROMO FY20,,,,,,,,11,,2
438,15,25,9,1,4261039,-,MINI OREO CHOC 6X10X20.4G IPT PROMO FY20,84840,MINI OREO CHOC 6X10X20.4G IPT PROMO FY20,,,,,,,,11,,2
442,15,25,9,1,4314445,-,MINI OREO VANILLA 24X73G SUP,137064,MINI OREO VANILLA 24X73G SUP,,,,,,,,11,,2
443,15,25,9,1,4314446,-,MINI OREO CHOCO 24X73G SUP,137064,MINI OREO CHOCO 24X73G SUP,,,,,,,,11,,2
444,15,25,9,1,4310256,-,MINI OREO STRAWBERRY 24X61.3 SUP,137064,MINI OREO STRAWBERRY 24X61.3 SUP,,,,,,,,11,,2
445,15,25,9,1,4310254,-,MINI OREO VANILLA 24X61.3 SUP,137064,MINI OREO VANILLA 24X61.3 SUP,,,,,,,,11,,2
447,15,25,9,1,4310255,-,MINI OREO CHOCO 24X61.3G SUP,137064,MINI OREO CHOCO 24X61.3G SUP,,,,,,,,11,,2
449,15,24,9,1,4267083,-,CADBURY DAIRY MILK 6X12X160G,1679256,CADBURY DAIRY MILK 6X12X160G,,,,,,,,11,,2
451,15,24,9,1,4281617,-,CDM MILK 6X24X62G WITH VDAY SLEEVES,1519056,CDM MILK 6X24X62G WITH VDAY SLEEVES,,,,,,,,11,,2
464,15,25,9,1,4280327,-,OREO SELECTION VANILLA 8X142.5GR,220608,OREO SELECTION VANILLA 8X142.5GR,,,,,,,,11,,2
465,15,25,9,1,4300968,-,OREO VANILLA 24X138G(119.6G+18.4G),143472,OREO VANILLA 24X138G(119.6G+18.4G),,,,,,,,11,,2
468,15,25,9,1,4300970,-,OREO CHOCOLATE 24X138G(119.6G+18.4G),143472,OREO CHOCOLATE 24X138G(119.6G+18.4G),,,,,,,,11,,2
439,15,29,9,1,4307710,-,KRAFT SINGLES 8 30X120G,433530,KRAFT SINGLES 8 30X120G,,,,,,,,11,,2
441,15,25,9,1,4303354,-,OREO CHOCO VAN WAFER  24X117G,149592,OREO CHOCO VAN WAFER  24X117G,,,,,,,,11,,2
446,15,24,9,1,4312225,-,CDM MILK B2G1 3X62G ID,1012656,CDM MILK B2G1 3X62G ID,,,,,,,,11,,2
448,15,25,9,1,4303355,-,OREO DOUBLE CHOCO WAFER 24X117.0G,149592,OREO DOUBLE CHOCO WAFER 24X117.0G,,,,,,,,11,,2
86,15,26,9,2,4265009,-,BISKUAT ACADEMY COKLAT 20X140G,5466,BISKUAT ACADEMY COKLAT 20X140G,,,,,,,,11,,2
162,15,25,9,2,4049589,-,OREO VANILLA 24X97.8GR PACK TT,3411,OREO VANILLA 24X97.8GR PACK TT,,,,,,,,11,,2
133,15,26,9,2,4011403,-,BISKUAT COKLAT 6X(8X65GR),2059,BISKUAT COKLAT 6X(8X65GR),,,,,,,,11,,2
473,15,25,9,2,4016687,-,CHIPS AHOY ORIGINAL 24X84G,3684,CHIPS AHOY ORIGINAL 24X84G,,,,,,,,11,,2
197,15,25,9,2,922531,-,TUC CRACKER PAPRIKA SHOW BOX 12X12X21G,716,TUC CRACKER PAPRIKA SHOW BOX 12X12X21G,,,,,,,,11,,2
474,15,26,9,2,4282615,-,BISKUAT CHOCO 48X60.8G ACADEMY,3040,BISKUAT CHOCO 48X60.8G ACADEMY,,,,,,,,11,,2
252,15,26,9,2,4254198,,BISKUAT CHOC CARD PROMO 12X(20X10G),339,BISKUAT CHOC CARD PROMO 12X(20X10G),,,,,,,,11,,2
366,15,25,9,2,4269184,,MINI OREO ASSORTED BOX 12X183.9G FY21,18031,MINI OREO ASSORTED BOX 12X183.9G FY21,,,,,,,,11,,2
297,15,25,9,2,4081144,-,OREO CHOCOLATE 137G PLAY TO WIN C2,4920,OREO CHOCOLATE 137G PLAY TO WIN C2,,,,,,,,11,,2
475,15,25,9,2,4081216,-,OREO CHOCOLATE 12X12X29.4G PLAY TO WIN C2,1061,OREO CHOCOLATE 12X12X29.4G PLAY TO WIN C2,,,,,,,,11,,2
452,15,25,9,2,4257918,-,OREO RED VELVET 24X133G ID,6752,OREO RED VELVET 24X133G ID,,,,,,,,11,,2
454,15,24,9,2,4084989,-,TOBLERON MILK 50G,12281,TOBLERON MILK 50G,,,,,,,,11,,2
466,15,25,9,2,4255106,-,OREO SELECTION 6X286.8G ID,40303,OREO SELECTION 6X286.8G ID,,,,,,,,11,,2
467,15,25,9,2,4257412,-,OREO VAN+CHOC 12X(2X133G) WITH MUG,13788,OREO VAN+CHOC 12X(2X133G) WITH MUG,,,,,,,,11,,2
440,15,26,9,2,4273096,-,BISKUAT CHOCOLATE 20X151.2G PROMO,5684,BISKUAT CHOCOLATE 20X151.2G PROMO,,,,,,,,11,,2
453,15,25,9,2,4281948,-,OREO VANILLA 24X152G (123.5G+28.5G),5257,OREO VANILLA 24X152G (123.5G+28.5G),,,,,,,,11,,2
456,15,25,9,2,4281947,-,OREO CHOCOLATE 24X152G (123.5G+28.5G),5257,OREO CHOCOLATE 24X152G (123.5G+28.5G),,,,,,,,11,,2
457,15,26,9,2,4268209,-,BISKUAT ORIGINAL 12X4X50.4G,2154,BISKUAT ORIGINAL 12X4X50.4G,,,,,,,,11,,2
460,15,26,9,2,4268208,-,BISKUAT ORIGINAL 20X134.4G,5813,BISKUAT ORIGINAL 20X134.4G,,,,,,,,11,,2
461,15,25,9,2,4266624,-,OREO FIZZY 24X123.5G,6117,OREO FIZZY 24X123.5G,,,,,,,,11,,2
1489,35,93,13,1,123121,,Test Produk 1,8000,,,,,,,,,11,,2
1272,43,46,11,1,1309101,,K241FP Dahlia Toilet Refill Fresh Pine,4980,,,,,,,,,11,,2
1278,43,46,11,1,1309091,,DAHLIA KAMPER TOILET GANTUNG ORANGE BLOSSOM,8705,,,,,,,,,11,,2
1280,43,46,11,1,1309033,,"F608 Disp Freshgo Matic (F608TK,F608CB)",55800,,,,,,,,,11,,2
483,5,2,11,1,CA2A069,,915 AA-4 PERAK / E300654500,6955,,,,,,,,,11,,2
484,5,2,11,1,CAMP061,,1015 BP 4 / E301345301,8271,,,,,,,,,11,,2
1282,43,46,11,1,1309164,,F610CP Dahlia Reed Disfuser Cendana Padmasana,35100,,,,,,,,,11,,2
486,5,2,11,1,AL3A028,,E92 AAA-2MAX 216 PK / E301304101,14609,,,,,,,,,11,,2
1284,65,86,9,1,INAP014,,ALOEVERA SP LYCHEE 280GRX24,4810,,,,,,,,,11,,2
1286,65,86,9,1,GMCS002,,GUMMY CANDY SCH MIX FLAV 4BX12PC15GR,1424,,,,,,,,,11,,2
1288,65,92,9,1,ICCM003,,IM COCO COCOMELON 350ML 24/CT,4770,,,,,,,,,11,,2
1290,65,92,9,1,ICCL004,,IM COCO LYCHEE 350ML 24/CT,4770,,,,,,,,,11,,2
1292,65,69,9,1,ICCY005,,IM COCO YOGHURT 250ML 12/CT,4770,,,,,,,,,11,,2
1294,65,86,9,1,INAP005,,INACO ALOE CUP  200 GR X 24 CUP,3088,,,,,,,,,11,,2
493,5,2,11,1,CA2A065,,1215 BP4 NEW / E301345001,10744,,,,,,,,,11,,2
1296,65,86,9,1,INPM003,,PUDING MARKISA INACO 120GR 48/CT,2643,,,,,,,,,11,,2
1298,65,86,9,1,INMP023,,PUDING ANK RASA PROTOLAN 1X10KG,200784,,,,,,,,,11,,2
496,5,1,11,1,CAC-064,,1235 C-2 HITAM SHD / 778-2414,11903,,,,,,,,,11,,2
497,5,2,11,1,CAD-057,,1050 D-2 MERAH HD 96/CT/ E301309300,14145,,,,,,,,,11,,2
498,5,2,11,1,ECR-032,,ECR2032 BS 2 / 178-2836,14918,,,,,,,,,11,,2
1300,65,86,9,1,INHM001,,PUDDING HOKKAIDO MELON 120GRX48/CT,3729,,,,,,,,,11,,2
1302,65,86,9,1,INBB001,,NDC INACO BUBBLE BOI SACHET 12X10X20G,324,,,,,,,,,11,,2
1304,65,86,9,1,INBB005,,NATADECOCO BUBBLEBOI LYCHEE 30GX80,649,,,,,,,,,11,,2
1306,65,86,9,1,INBB006,,NATADECOCO BUBBLEBOI GRAPE 30GX80,649,,,,,,,,,11,,2
1308,65,86,9,1,INBB008,,NATADECOCO BUBBLEBOI BLACKCURRANT 30X80,649,,,,,,,,,11,,2
1310,65,86,9,1,NACS046,,NATACUP SELASIH ORANGE 200GRX24CUP,3090,,,,,,,,,11,,2
1312,65,86,9,1,NACL043,,NATACUP LYCHEE 200GRX24CUP,2759,,,,,,,,,11,,2
1314,65,86,9,1,NTDD002,,NATA DECOCO CUT DUGAN 1KGX6,10395,,,,,,,,,11,,2
1316,65,86,9,1,NAVN038,,NATA DE COCO SP VANILLA 1KGX12PK,10983,,,,,,,,,11,,2
510,5,2,11,1,CAMP064,,1015 AA SW 04 085 AS 576RB ID,7729,,,,,,,,,11,,2
521,5,2,11,1,CABP402,,1012 BP20 AAA MERAH/E301359401,36793,,,,,,,,,11,,2
558,5,2,11,1,AL4A015,,E91 AA-4 MAX 48PK / E301303801,27518,,,,,,,,,11,,2
1320,5,1,11,1,MTBP135,380-5573,A27 BP1/380-5573,10898.92,,,,,,,,,11,,2
515,5,2,11,1,MTBP130,,A76 BP2 / 546-0396,5024,,,,,,,,,11,,2
516,5,2,11,1,MTBP128,,A23 BP1 / 979-8254,11440,,,,,,,,,11,,2
1321,5,1,11,1,CA1212B,E301339201,1212 BP4 AAA HITAM / E301339201,11749.45,,,,,,,,,11,,2
519,5,1,11,1,CAD-068,,1250 D-2 HITAM SHD / E301151900,20406,,,,,,,,,11,,2
520,5,2,11,1,CAD-067,,950 D2 PERAK,12135,,,,,,,,,11,,2
482,5,2,,1,CA2A054,,1015 AA BP20 MERAH KECIL/ E301359301,37025,,,,,,,,,11,,2
1322,5,1,11,1,CA2A060,E301158100,1215 AA SW4 HITAM KECIL/E301158100,1035784,1215 AA SW4 HITAM KECIL/E301158100,,,,,,,,11,,2
524,5,2,11,1,CA2A060,,1215 AA-4 HITAM SHD,10357,,,,,,,,,11,,2
525,5,2,11,1,CA2A059,,1215 AA-12 HITAM SHD / E301020800,29450,,,,,,,,,11,,2
517,5,2,11,1,LCIL003,,FL LOW COST LED 2AA BP/778-2334,27363,,,,,,,,,11,,2
550,5,1,11,1,CH2PC,,CH2PC2 + AAA 700 mAh / E300570201FL JS CH2PC3SK 12,162247,,,,,,,,,11,,2
542,5,2,11,1,CA2A074,,A92 BP4 EVEREADY GOLD,1654162,,,,,,,,,11,,2
543,5,1,11,1,WRLG001,,WORK LIGHT WITH 4AA,175890,,,,,,,,,11,,2
1324,74,52,11,1,801912,,ARIELA EDP GLASS 50ML GOURMAND YELLOW,23784,ARIELA EDP GLASS 50ML GOURMAND YELLOW,,,,,,,,11,,2
1325,74,52,11,1,480192,,ARIELA EDP GLASS 50ML MUSK PEACH,23784,ARIELA EDP GLASS 50ML MUSK PEACH,,,,,,,,11,,2
536,3,1,9,1,123456789,,aaaaaaaaaaaaaaaaaaaaaaaaaaaa,10000,,,,,,,,,11,,2
1326,74,52,11,1,801905,,ARIELA EDP GLASS 50ML YLANG PINK,23784,ARIELA EDP GLASS 50ML YLANG PINK,,,,,,,,11,,2
539,5,2,11,1,CA2A072,,A91 AA BP2 EVEREADY GOLD,888919,,,,,,,,,11,,2
540,5,2,11,1,CA2A080,,A91 AA BP4 EVEREADY GOLD,1654162,,,,,,,,,11,,2
541,5,2,11,1,CA2A073,,A92 AAA BP2 EVEREADY GOLD,888919,,,,,,,,,11,,2
544,5,1,11,1,HDLD003,,UNIVERSAL HEADLIGHT,73398,,,,,,,,,11,,2
545,5,2,11,1,ECFL119,,TW 420 2 IN 1,81900,,,,,,,,,11,,2
546,5,2,11,1,STTA001,,ST TAP22 VA MIB,35021,,,,,,,,,11,,2
547,5,2,11,1,AL2A030,,S91 BP2DC24CB432,5849,,,,,,,,,11,,2
548,5,2,11,1,AL2A030,,S91 BP2DC24CB432,5849,,,,,,,,,11,,2
549,5,2,11,1,BEVT001,,BE-EVAA1 VTMHS 2AA SW,17861,,,,,,,,,11,,2
551,5,2,11,1,ALBP005,,e2x91 BP2 48 PK,14000,,,,,,,,,11,,2
552,5,2,11,1,PKTE003,,PAKET MODULAR SPECIALITY ENERGIZER NEW,22900,,,,,,,,,11,,2
553,5,2,11,1,PKTC003,,PAKET DISPLAY SENTER EV,119605,,,,,,,,,11,,2
554,5,2,11,1,ALBP007,,e2x92 BP4 48 PK,20670,,,,,,,,,11,,2
555,5,2,11,1,AL2A011,,E91 AA-2 AF 216 PK,9360,,,,,,,,,11,,2
1490,36,93,8,1,121121,,Test Produk 1,2000,,,,,,,,,11,,2
1491,37,93,8,1,12121,,Test Produk 1,4000,,,,,,,,,11,,2
557,5,2,11,1,AL2A012,,E91 AA-2 MAX 216 PK / E301303601,14609,,,,,,,,,11,,2
561,5,2,11,1,RCNH133,,NH 22 9V,113100,,,,,,,,,11,,2
563,5,1,11,1,AL4A018,,E91 AA-MAX 4+2 96PK / E303795400,27518,,,,,,,,,11,,2
564,5,2,11,1,AL6A020,,E91 MAX BP6 R576 DM / E301303901,33547,,,,,,,,,11,,2
565,5,1,11,1,AL91AA2,,E91BP2+1 AA MAX / E301303701,16155,,,,,,,,,11,,2
566,5,2,11,1,AL3A026,,E92 AAA-2 AF 216 PK,9438,,,,,,,,,11,,2
567,5,2,11,1,MTEL001,,MT PL314M EASY LIGHT,38220,,,,,,,,,11,,2
1273,43,46,11,1,1309121,,K240N PINK BLOSSOM,8265,,,,,,,,,11,,2
569,5,2,11,1,AL3A031,,E92 AAA-4max 48 PK / E301511700,27518,,,,,,,,,11,,2
570,5,2,11,1,AL3A034,,E92 AAA-MAX 4+2 96 PK,27518,,,,,,,,,11,,2
571,5,2,11,1,AL6A021,,E92 MAXBP6 R576 DM / E301304401,33161,,,,,,,,,11,,2
572,5,1,11,1,LDBL001,,LED BIKE LIGHTS BFL3AA,140205,,,,,,,,,11,,2
575,5,1,11,1,AL92AAA,,E92BP2+1 AAA MAX,16155,,,,,,,,,11,,2
578,5,2,11,1,ECR025-02,,ECR 2025 BP2 / 978-2837 / 979-2837,14918,,,,,,,,,11,,2
581,5,1,11,1,ECFL098,,JAZZ LIGHT 2D WH,15990,,,,,,,,,11,,2
582,5,2,11,1,FLBB2AA,,FLBEAM 2AABP,45240,,,,,,,,,11,,2
583,5,2,11,1,SMPC001,,FL SUMMER PACK,145860,,,,,,,,,11,,2
584,5,2,11,1,FLLC001,,FL LOW COST MTAL LCM2AA,72306,,,,,,,,,11,,2
585,5,1,11,1,CHVC002,,EN CHVCM4 4X2000AA BP,237689,,,,,,,,,11,,2
586,5,1,11,1,ECR2016,,EN ECR 2016 BP2 / E301414800,15228,,,,,,,,,11,,2
587,5,1,11,1,FLHD001,,FL HEADLIGHT HD VISION 578-3056,131946,,,,,,,,,11,,2
588,5,1,11,1,HDLD001,,FL HEADLIGHT 3 LED,91752,,,,,,,,,11,,2
589,5,1,11,1,FLGP001,,FL GPLN 45,70824,,,,,,,,,11,,2
590,5,1,11,1,FLBK001,,FL BOOKLITE,83867,,,,,,,,,11,,2
591,5,1,11,1,E303245500,,EVR SHD 1212 BP 12 100 AS 960 B ID,20484,,,,,,,,,11,,2
592,5,1,11,1,FDLT002,,EN FOLDING LANTERN 455,210600,,,,,,,,,11,,2
593,5,1,11,1,CAMP063,,EVR HD 1015 SW 4 085,5187,,,,,,,,,11,,2
594,5,2,11,1,E303269300,,EVR AP VALUE RECH 200HF  OS HD LLP,173765,,,,,,,,,11,,2
595,5,2,11,1,FLCC002,,EVR AP COMPACT METAL HH 12D MLHV32,34243,,,,,,,,,11,,2
596,5,2,11,1,E303673900,,EVEREADY VALUE AREA CLPSE LIGHT,154594,,,,,,,,,11,,2
597,5,2,11,1,E303673900,,EVEREADY VALUE AREA CLPSE LIGHT,154594,,,,,,,,,11,,2
598,5,2,11,1,CA9V076,,EVEREADY 1222-9V PW1 144PK,11672,,,,,,,,,11,,2
599,5,2,11,1,EFTL001,,EV TL TAP LIGHT NEW,35022,,,,,,,,,11,,2
600,5,2,11,1,EVHD002,,EV FL HEADLIGHT 1 LED BP,50817,,,,,,,,,11,,2
601,5,2,11,1,MTLP001,,EV - LP212 PENLIGHT,25740,,,,,,,,,11,,2
602,5,1,11,1,ENPW003,,ENR POWER E92 BP4 ALK PWR 192 B ID,17624,,,,,,,,,11,,2
603,5,1,11,1,ENPW002,,ENR POWER E92 BP2 ALK PWR 432 B ID,9276,,,,,,,,,11,,2
604,5,1,11,1,ENPW001,,ENR POWER E91 BP2 ALK PWR 432 B ID,9276,,,,,,,,,11,,2
605,5,1,11,1,ENPW004,,ENR POWER E91 AA BP 4 ALK PWR 192 B ID,17392,,,,,,,,,11,,2
606,5,1,11,1,EMP092,,ENR MAX PLUS EP92 BP2,17160,,,,,,,,,11,,2
607,5,1,11,1,EMP091,,ENR MAX PLUS EP91 BP2,18938,,,,,,,,,11,,2
608,5,1,11,1,E302714500,,ENR AP 2AAA PENLIGHT 50 PER OS PLMA22,112545,,,,,,,,,11,,2
609,5,1,11,1,E303674000,,ENERGIZER BIKE LIGHT BLPB42,154594,,,,,,,,,11,,2
611,5,1,11,1,RCEX001,,EN RECH EXTREME 2300 AA BP2,74763,,,,,,,,,11,,2
613,15,76,9,1,4320059,,CDM PLAIN 6X12X90G WITH SLEEVES PROMO,16481,,,,,,,,,11,,2
614,15,78,9,1,4319334,,OREO MINION BOX VANI CHOC 12X(2X119.6G),16952,,,,,,,,,11,,2
615,15,76,9,1,4257099,,CADBURY FRUIT& NUT 6X24X62G,12703,,,,,,,,,11,,2
616,15,75,9,1,4047593,,BISKUAT BOLU COKLAT 12X12X16.6GR,1456,,,,,,,,,11,,2
617,15,76,9,1,4036841,,CADBURY CASHEW NUT 30GR,6210,,,,,,,,,11,,2
618,15,76,9,1,4000302,,CADBURY DAIRY MILK 30GR,6210,,,,,,,,,11,,2
619,15,76,9,1,4000304,,CADBURY FRUIT NUT 12X24X30GR,6957,,,,,,,,,11,,2
620,15,80,9,1,14609,,TOBLERONE DARK 4X20X100G,33276,,,,,,,,,11,,2
621,15,79,9,1,4320163,,RITZ SDW CHEESE 12X12X27.3G,1402,,,,,,,,,11,,2
623,15,78,9,1,4309174,,OREO LUP 2000 BERRY 12X12X27.6G SUMMER,1464,,,,,,,,,11,,2
624,15,76,9,1,CDM NEAPS JAR 1X12X405G,,CDM NEAPS JAR 1X12X405G,82432,,,,,,,,,11,,2
625,15,75,9,1,4307198,,BISKUAT ORI 10X(10X34.2G),1456,,,,,,,,,11,,2
626,15,76,9,1,4273490,,CDM HAZELNUT 62G,12703,,,,,,,,,11,,2
627,15,77,9,1,846860,,KRAFT CHEDDAR 8X2KG,189275,,,,,,,,,11,,2
576,5,1,11,1,ALC-036,,E93 C BP2 MAX/179-8253,51325,,,,,,,,,11,,2
577,5,2,11,1,ALD-038,,E95 D BP2 MAX/180-0326,62302,,,,,,,,,11,,2
610,5,1,11,1,AL9V003,,522 9V/446-0504,28059,,,,,,,,,11,,2
560,5,2,11,1,RCNH135,,EN RECH PWR+ 700 AAA BP2/078-2950,44600,,,,,,,,,11,,2
580,5,1,11,1,LTBP125,,L 91 AA BP2,59596,,,,,,,,,11,,2
562,5,2,11,1,RCNH134,,EN RECH PWR+ 2000 AA BP2/278-2949,67635,,,,,,,,,11,,2
559,5,2,11,1,RCNH138,,EN RECH EXTREME 2300 AA/ 478-2948,94844,,,,,,,,,11,,2
579,5,2,11,1,LCIL001,,FL LOW COST LED 2AA SW/178-2073,21102,,,,,,,,,11,,2
574,5,2,11,1,LCIL002,,FL LOW COST LED 2D SW/978-2074,27209,,,,,,,,,11,,2
573,5,1,11,1,LCIL004,,FL LOW COST LED 2D BP/778-2353,49084,,,,,,,,,11,,2
1487,33,104,16,1,1234,,Test Produk 1,10000,,,,,,,,,11,,2
628,15,77,9,1,4047567,,KRAFT KEJU CAKE 12X12X16GR,1456,,,,,,,,,11,,2
629,15,78,9,1,4047490,,OREO SOFTCAKE 12X12X16GR,1456,,,,,,,,,11,,2
630,15,79,9,1,243656,,RITZ CRACKERS 12X300G,12185,,,,,,,,,11,,2
631,15,79,9,1,846682,,RITZ CRACKERS 24X100GR,4816,,,,,,,,,11,,2
632,15,76,9,1,4053999,,CADBURY LICKABLES 9X12X20G,10247,,,,,,,,,11,,2
633,15,78,9,1,4084426,,OREO COOKIE CRUMB 8X1KG,59086,,,,,,,,,11,,2
634,15,78,9,1,4253220,,MINI OREO CHOCO 24X61.3G,5711,,,,,,,,,11,,2
635,15,78,9,1,4253221,,MINI OREO STRAWBERRY 24X61.3G,5711,,,,,,,,,11,,2
636,15,76,9,1,4304606,,CADBURY HOT CHOCOLATE DRINK 18X390G,49884,,,,,,,,,11,,2
637,15,77,9,1,4304955,,KRAFT ALL-IN-1 48X150G,12250,,,,,,,,,11,,2
638,15,78,9,1,4308712,,OREO BLUEBERRY LUP 2000 12X12X27.6G,1464,,,,,,,,,11,,2
639,15,78,9,1,4308711,,OREO STRAWBERRY LUP 2000 12X12X27.6G,1464,,,,,,,,,11,,2
640,15,76,9,1,4265029,,CDM NEAPS DOYBAG 18PC 40X81GR,16486,,,,,,,,,11,,2
641,15,78,9,1,4084511,,MINI OREO STRAWB 6X10X20.4GR IPT,1414,,,,,,,,,11,,2
642,15,78,9,1,4253219,,MINI OREO VANILA 24X61.3G,5711,,,,,,,,,11,,2
643,15,78,9,1,4301018,,OREO C/S/C VANILLA 24X64.4G,3945,,,,,,,,,11,,2
644,15,78,9,1,4300983,,OREO LUP 2000 BBERRY IC 12X12X36.8G,1464,,,,,,,,,11,,2
645,15,78,9,1,4281748,,KRAFT SINGLES 10 30X150G,17713,,,,,,,,,11,,2
646,15,77,9,1,4281802,,KRAFT SINGLES 5 54X75G,9797,,,,,,,,,11,,2
647,15,77,9,1,4253560,,KRAFT CHEDDAR MIDI 48X70G,9053,,,,,,,,,11,,2
648,15,77,9,1,4080854,,KRAFT CHEDDAR MINI 144X30GR,3888,,,,,,,,,11,,2
649,15,77,9,1,4304954,,KRAFT CHEDDAR 48X150GR,18967,,,,,,,,,11,,2
650,15,78,9,1,4301017,,OREO CHOCOLATE 24X64.4G,3945,,,,,,,,,11,,2
651,15,76,9,1,4281617,,CDM MILK 6X24X62G WITH VDAY SLEEVES,11393,,,,,,,,,11,,2
652,15,76,9,1,4267083,,CADBURY DAIRY MILK 6X12X160G,23323,,,,,,,,,11,,2
653,15,78,9,1,4300986,,OREO LUP 2000 STRAW CREAM 12X12X36.8G,1464,,,,,,,,,11,,2
654,15,78,9,1,4253214,,MINI OREO CHOCOLATE 6X10X20.4G IPT,1414,,,,,,,,,11,,2
655,15,78,9,1,4310255,,MINI OREO CHOCO 24X61.3G SUP,5711,,,,,,,,,11,,2
656,15,78,9,1,4310254,,MINI OREO VANILLA 24X61.3 SUP,5711,,,,,,,,,11,,2
657,15,78,9,1,4310256,,MINI OREO STRAWBERRY 24X61.3 SUP,5711,,,,,,,,,11,,2
658,15,79,9,1,4257637,,RITZ SANDWICH CHEESE 24X118G,6241,,,,,,,,,11,,2
659,15,78,9,1,4314446,,MINI OREO CHOCO 24X73G SUP,5711,,,,,,,,,11,,2
660,15,78,9,1,4314445,,MINI OREO VANILLA 24X73G SUP,5711,,,,,,,,,11,,2
661,15,80,9,1,4084899,,TOBLERONE MILK 100G,33276,,,,,,,,,11,,2
662,15,79,9,1,4314421,,RITZ SDW CHOCOLATE 36X91G ID,4847,,,,,,,,,11,,2
663,15,75,9,1,4311344,,BISKUAT ORI RENO 28X106.4G,5813,,,,,,,,,11,,2
664,15,78,9,1,4253215,,MINI OREO ORIGINAL 6X10X20.4G IPT,1414,,,,,,,,,11,,2
665,15,76,9,1,4257100,,CADBURY DAIRY MILK 62G,11393,,,,,,,,,11,,2
666,15,78,9,1,4260658,,OREO SOFTCAKE EXTRA 20% 12X12X19.2G,1456,,,,,,,,,11,,2
667,15,76,9,1,4257097,,CADBURY BLACK FOREST 6X24X62G,12703,,,,,,,,,11,,2
668,15,76,9,1,4257098,,CADBURY CASHEW NUT 6X24X62G,11393,,,,,,,,,11,,2
669,15,76,9,1,4267079,,CDM CASHEW WHOLE NUT 6X12X90G,16481,,,,,,,,,11,,2
670,15,76,9,1,4267080,,CDM PLAIN 6X12X90G,16481,,,,,,,,,11,,2
671,15,78,9,1,4301002,,OREO LUP VANILLA 12X12X36.8G,1464,,,,,,,,,11,,2
672,15,78,9,1,4301004,,OREO LUP 2000 CHOCOLATE 12X12X36.8G,1464,,,,,,,,,11,,2
673,15,78,9,1,4300981,,OREO BBERRY IC 24X119.6G,5978,,,,,,,,,11,,2
674,15,78,9,1,4300984,,OREO STRAWBERRY CREAM 24X119.6G,5978,,,,,,,,,11,,2
675,15,78,9,1,4300969,,OREO DARK&WHITE CHOC 24X119.6G,5978,,,,,,,,,11,,2
676,15,78,9,1,4301001,,OREO DOUBLE STUFF 24X131.1G,5978,,,,,,,,,11,,2
677,15,78,9,1,4301000,,OREO PEANUT BUTTER &CHOCO 24X119.6G,5978,,,,,,,,,11,,2
678,7,7,9,1,1711001,,Botol Hijau Lusinan  8 Gr/BI,4023,,,,,,,,,11,,2
679,7,7,9,1,1712006,,Poci Kuning 40 Gr/TPK,2396,,,,,,,,,11,,2
680,7,7,9,1,1712007,,Poci Kuning 40 Gr/TPK MT,2396,,,,,,,,,11,,2
681,7,7,9,1,1711008,,Teh Cap Botol Hijau Celup 25 / TCBH25,5221,,,,,,,,,11,,2
682,7,6,9,1,1721001,,Celup Sosro Black Tea 25 / TBB 25,5948,,,,,,,,,11,,2
683,7,6,9,1,1721003,,Celup Sosro 15 / TBB 15,2353,,,,,,,,,11,,2
684,7,7,9,1,1722008,,Poci Celup Wangi Teh Asli 25 / TBB25 P,4108,,,,,,,,,11,,2
685,7,7,9,1,1722009,,Poci Celup Vanila 25 / TBB25 PV,4108,,,,,,,,,11,,2
686,7,7,9,1,1722010,,Poci Celup Lemon 25 / TBB25 PL,5306,,,,,,,,,11,,2
687,7,7,9,1,1714001,,Sadel Hijau 40 Gr/ TSDH,311,,,,,,,,,11,,2
688,7,7,9,1,1714002,,Sadel Hijau 80 Gr/TSDHB,4621,,,,,,,,,11,,2
1274,43,46,11,1,1309117,,K240/GN Pink Blossom,8705,,,,,,,,,11,,2
690,7,6,9,1,1713001,,Celup Green 25/TBG 25,7702,,,,,,,,,11,,2
691,7,6,9,1,1713002,,Celup Sosro Jasmine 25/TBJ 25,5948,,,,,,,,,11,,2
692,7,7,9,1,1712008,,Poci Biru 80 Gr/TPBB,4793,,,,,,,,,11,,2
693,7,7,9,1,1712009,,Poci Hijau 40 gr/TPH 10,2225,,,,,,,,,11,,2
694,7,6,9,1,1721004,,Celup Sosro 30/ TBB 30,4279,,,,,,,,,11,,2
695,7,7,9,1,1722024,,Poci Mas Gold 80Gr TPGB 5/bos,5649,,,,,,,,,11,,2
696,7,7,9,1,1722032,,POCI KUNING LUSINAN 10GR/PKL,5050,,,,,,,,,11,,2
697,7,7,9,1,1722022,,POCI MAS GOLD LUSINAN/PGL,5563,,,,,,,,,11,,2
698,7,7,9,1,1722023,,Poci Mas Gold 40gr/TPG 10/bos,2824,,,,,,,,,11,,2
699,7,7,9,1,1722069,,ES TEH POCI PANDAN VANILLA SELASIH 15BSX10SC ETPPV,1054,,,,,,,,,11,,2
700,7,7,9,1,1722068,,ES TEH POCI TEH TARIK GULA AREN 15BSX10S/ETPGA,1378,,,,,,,,,11,,2
701,7,5,9,1,1722066,,TEH BOTOL CELUP MELATI 15/TBCM 15,3243,,,,,,,,,11,,2
702,7,7,9,1,1722062,,POCI CELUP VANILLA 4B/TBB 4B PV 240/CT,599,,,,,,,,,11,,2
703,7,7,9,1,1722001,,Poci seduh Vanila 50 Gr / PV 50,2311,,,,,,,,,11,,2
704,7,6,9,1,1721005,,Celup Sosro 50 / TBB 50,7189,,,,,,,,,11,,2
705,7,5,9,1,1712013,,Botol Hijau 40 Gr / TA APGT 200/CT,2311,,,,,,,,,11,,2
706,7,5,9,1,1712012,,Botol Biru 40 Gr /SK 200/CT,2396,,,,,,,,,11,,2
707,7,5,9,1,1712011,,Botol Biru 80 Gr/SB 100/CT,4792,,,,,,,,,11,,2
708,7,5,9,1,1722053,,BOTOL SIGNATURE 25 / TCBS25 1PACK 5PC,10337,,,,,,,,,11,,2
709,7,6,9,1,1722051,,TEH CELUP SOSRO / TCS 25,3851,,,,,,,,,11,,2
710,7,7,9,1,1722050,,TEH CAP POCI PREMIUM 25/TPP25,5221,,,,,,,,,11,,2
711,7,6,9,1,1721006,,Celup Sosro 100 / TBB 100,15405,,,,,,,,,11,,2
712,7,7,9,1,1722059,,TEH CAP POCI MELATI 15/ TPCM 15,3166,,,,,,,,,11,,2
713,7,7,9,1,1722060,,TEH CAP POCI PREMIUM 4 BR/TPP 4BR 240/CT,684,,,,,,,,,11,,2
714,7,6,9,1,1722056,,TEH CELUP SOSRO 4/TBB 4B 240/CT,599,,,,,,,,,11,,2
715,7,5,9,1,1722057,,TEH CAP BOTOL HIJAU CELUP 4/TCBH 4B 240/CT,684,,,,,,,,,11,,2
716,7,7,9,1,1722058,,TEH CELUP POCI VANILLA 15/TPCV15,2567,,,,,,,,,11,,2
689,7,6,9,1,1712005,,Poci Biru 40 Gr/TPB,2396,pembelian 1 slop bonus gelas 1,,,,,,,,11,,2
717,7,5,9,1,1721009,,TEH CAP BOTOL CELUP VINTAGE/TCBV,46846,,,,,,,,,11,,2
718,7,6,9,1,1722063,,TEH SOSRO CELUP HERITAGE JASMINE 25/TSCHJ25,17387,,,,,,,,,11,,2
719,7,6,9,1,1722064,,TEH SOSRO HERITAGE GREEN 25/TSCHG 25,19459,,,,,,,,,11,,2
720,7,6,9,1,1722065,,TEH SOSRO HERITAGE BLACK 25/TSCHB 25,16036,,,,,,,,,11,,2
721,7,6,9,1,1722070,,Es Teh Poci Teh Tarik Gula Aren (isi 5pc)/ETPGA,7207,,,,,,,,,11,,2
722,7,7,9,1,1722071,,Es Teh Poci Teh Pandan Van Selasih (isi 5)/ETPPV,5457,,,,,,,,,11,,2
723,7,7,9,1,1722072,,POCI RACIK AROMA 160GR/RTKSA160,22522,,,,,,,,,11,,2
724,7,7,9,1,1722073,,POCI RACIK ORI 160GR/RTKSO160,19819,,,,,,,,,11,,2
725,9,9,9,1,2101492,,HILO SCHOOL RTD COKLAT 24PX200ML,5785,,,,,,,,,11,,2
726,9,9,9,1,2101808450,,HILO CHOCOLATE TARO PLS 15RX10SX14G,1290,,,,,,,,,11,,2
727,9,11,9,1,1101531453,,NS LECI PLS 4PX40SX11G,956,,,,,,,,,11,,2
728,9,11,9,1,1101534453,,NS SWEET MANGO PLS 4PX40SX11G,956,,,,,,,,,11,,2
729,9,11,9,1,1101538453,,NS ANGGUR HIJAU PLS 4PX40SX11G,956,,,,,,,,,11,,2
730,9,9,9,1,2HF0111003,,HILO SCHOOL STRAWBERRY PLS 12RX10SX27G,2803,,,,,,,,,11,,2
731,9,11,9,1,1101909331,,NS ASO PLS 14GX18PX40S,956,,,,,,,,,11,,2
732,9,9,9,1,2HF0115003,,HILO SCHOOL VANILLA SUSU PLS 12RX10SX27G,2803,,,,,,,,,11,,2
733,9,11,9,1,1NA0809005,,NS WDANK SEREH JAHE NIPIS PLS 12RX10SX11G,1424,,,,,,,,,11,,2
734,9,11,9,1,1N03302456,,NS LESS SUGAR JERUK BALI PLS 4PX40SX6G,956,,,,,,,,,11,,2
735,9,11,9,1,1N03301456,,NS LESS BELIMBING PLS 4PX40SX6G,956,,,,,,,,,11,,2
736,9,11,9,1,1N01642454,,NS APPLE TEA PLS 4PX40SX11G,956,,,,,,,,,11,,2
737,9,11,9,1,1N01603454,,NS ORANGE TEA PLS 4PX40SX11G,956,,,,,,,,,11,,2
738,9,11,9,1,1N01402250,,NS RTD SQUEEZED ORANGE 24TPKX200ML,4895,,,,,,,,,11,,2
739,9,11,9,1,1N00841454,,NS MELON PLS 4PX40SX11G,956,,,,,,,,,11,,2
740,9,11,9,1,1N00840454,,NS MILKY PEACH PLS 4PX40SX11G,956,,,,,,,,,11,,2
741,9,11,9,1,1N00839454,,NS JERUK (EX) MANIS PLS 4PX40SX11G,956,,,,,,,,,11,,2
742,9,9,9,1,2101845443,,HILO ES KETAN HITAM PLS 8RX10SX14G,1424,,,,,,,,,11,,2
743,9,11,9,1,1101580453,,NS KELAPA MUDA PLS 4PX40SX11GR,956,,,,,,,,,11,,2
744,9,11,9,1,1101558453,,NS JERUK NIPIS PLS 4PX40SX11G,956,,,,,,,,,11,,2
745,9,11,9,1,1101569326,,NS JERUK PERAS PLS 18PX40SX14GR,956,,,,,,,,,11,,2
746,9,9,9,1,2101477447,,HILO SCHOOL COKELAT SUSU PLS 12RX10SX30G,2803,,,,,,,,,11,,2
747,9,9,9,1,2101847443,,HILO THAI TEA PLS 8RX10SX15G,1424,,,,,,,,,11,,2
748,9,9,9,1,2101852450,,HILO CHOCOLATE PLS 15RX10SX14G,1290,,,,,,,,,11,,2
749,9,11,9,1,2101865450,,HILO WHITE CHOCO PLS 15RX10SX14G,1290,,,,,,,,,11,,2
750,9,11,9,1,1101976454,,NS MARKISA PLS 4PX40SX11G,956,,,,,,,,,11,,2
751,9,11,9,1,1102611454,,NS LEMON TEA PLS 4PX40SX11G,956,,,,,,,,,11,,2
752,9,11,9,1,1101522453,,NS BLEWAH PLS 4PX40SX11G,956,,,,,,,,,11,,2
753,9,11,9,1,1101529453,,NS ANGGUR PLS 4PX40SX11G,956,,,,,,,,,11,,2
754,9,11,9,1,1101182250,,NS RTD JERUK MADU 24PX200ML,4895,,,,,,,,,11,,2
755,9,11,9,1,1101572454,,NS JERUK JEJU PLS 4PX40SX14G,956,,,,,,,,,11,,2
756,9,11,9,1,1102070454,,NS LYCHEE TEA PLS 4PX40S11G,956,,,,,,,,,11,,2
757,9,9,9,1,2101813443,,HILO ES TELER PLS 8RX10SX15G,1291,,,,,,,,,11,,2
758,9,11,9,1,1101954454,,NS SEMANGKA PLS 4PX40SX11G,956,,,,,,,,,11,,2
759,9,9,9,1,2101809250,,HILO RTD CHOCOLATE TARO 24PX200ML,5073,,,,,,,,,11,,2
760,9,8,9,1,2153000314,,DIABETAMIL SWT PLS 10PX80SX1G,311,,,,,,,,,11,,2
761,9,8,9,1,2102900314,,TS SWT DIABETIX PLS 10PX80SX2GR,556,,,,,,,,,11,,2
762,9,11,9,1,1101983454,,NS JERUK MAROKO PLS 4PX40SX11G,956,,,,,,,,,11,,2
763,9,11,9,1,1101982454,,NS MADU JERUK PLS 4PX40SX11G,956,,,,,,,,,11,,2
764,9,10,9,1,1101656318,,LOKALATE KOPI BERONDONG 12RX10SX15G,1011,,,,,,,,,11,,2
765,9,11,9,1,1101588453,,NS MILKY ORANGE PLS 4PX40SX11G,956,,,,,,,,,11,,2
766,9,8,9,1,2102900066,,TS SWT DIABTX PLS 10PX80SX1.8G,556,,,,,,,,,11,,2
767,9,9,9,1,2101482446,,HILO ACTIVE SUSU COKLAT BELGIAN PLS 12RX10SX25G,2803,,,,,,,,,11,,2
768,9,9,9,1,2101481443,,HILO SCHOOL CHOCO CANDY 8RX10SX8G,1780,,,,,,,,,11,,2
769,9,11,9,1,1101979454,,NS MADU KURMA PLS 4PX40SX11G,956,,,,,,,,,11,,2
770,9,11,9,1,1101987454,,NS MANGGA GANDARIA PLS 4PX40SX14G,956,,,,,,,,,11,,2
771,9,9,9,1,2101463450,,HILO CHO HAZELNUT PLS 15X10SX14GR,1290,,,,,,,,,11,,2
772,9,11,9,1,2101461,,HILO TEEN RTD COKLAT 24PX200ML,5785,,,,,,,,,11,,2
773,9,11,9,1,2HJ0101446,,HILO 3IN1 SUSU COKLAT BELGIA PLS 12RX10SX25G,2803,,,,,,,,,11,,2
774,9,11,9,1,2HH0817441,,HILO DRINK CHOCO MALT 8RX10SX14G,1290,,,,,,,,,11,,2
775,9,11,9,1,2HH0816450,,HI LO DRINK CHOCO MINT PLS 15RX10SX14G,1290,,,,,,,,,11,,2
776,9,11,9,1,2HH0813443,,HILO DRINK TEH TARIK PLS 8RX10SX15G,1424,,,,,,,,,11,,2
777,9,11,9,1,1101685318,,LOKALATE KOPI ALPUKAT PLS 12RX10SX15G,1011,,,,,,,,,11,,2
778,9,11,9,1,1101681318,,WDANK LOKALATE KOPI GULA AREN PLS 12RX10SX15G,1011,,,,,,,,,11,,2
779,10,35,11,1,FGBSE3003,,BELLAGIO BODY SPY GREEN STAMINA 175ML,24545,,,,,,,,,11,,2
780,10,35,11,1,FGBSE3004,,BELLAGIO BODY SPY BLUE VENTURA 175ML,24545,,,,,,,,,11,,2
781,10,37,11,1,FGBMC2305,,Casablanca Halal Mist Noon (RED) 100ml,9818,,,,,,,,,11,,2
782,10,41,11,1,FGHSG2001,,Watchout Hand Sanitiser Gel Jeruk Nipis Lime 100ml,9204,,,,,,,,,11,,2
783,10,37,11,1,FGBSC2003,,Casablanca Body Spray Pink Rose 100ml,12272,,,,,,,,,11,,2
784,10,37,11,1,FGBSC2004,,Casablanca Body Spray Violet Violet 100ml,12272,,,,,,,,,11,,2
785,10,36,11,1,FGEDA0005,,Camellia EDP 105 125ml,16568,,,,,,,,,11,,2
786,10,36,11,1,FGEDA0006,,Camellia EDP 106 125ml,16568,,,,,,,,,11,,2
787,10,36,11,1,FGEDA0007,,Camellia EDP 107 Blue 125ml,16568,,,,,,,,,11,,2
788,10,37,11,1,FGBMC2004,,Casablanca Body Mist Green Fantasy 100ml,9818,,,,,,,,,11,,2
789,10,37,11,1,FGBMC2005,,Casablanca Body Mist Orange Illussion 100ml,9818,,,,,,,,,11,,2
790,10,37,11,1,FGBMC2101,,Casablanca Spy Col Black Series BlackB01 100ml,14727,,,,,,,,,11,,2
791,10,37,11,1,FGBMC2102,,Casablanca Spy Col Black Series BlueB02 100ml,14727,,,,,,,,,11,,2
792,10,37,11,1,FGBMC2103,,Casablanca Spy Col White Series WhiteW01 100ml,14727,,,,,,,,,11,,2
793,10,37,11,1,FGBMC1010,,Casablanca Body Mist Red Intense 50ml,5522,,,,,,,,,11,,2
794,10,37,11,1,FGBMC1011,,Casablanca Body Mist Dark Violet Royale 50ml,5522,,,,,,,,,11,,2
795,10,37,11,1,FGBMC1012,,Casablanca Body Mist Tosca Elegance 50ml,5522,,,,,,,,,11,,2
796,10,37,11,1,FGBSC1009,,Casablanca Body Spray  Dark Violet Petunia 65ml,9818,,,,,,,,,11,,2
797,10,37,11,1,FGBSC1010,,Casablanca Body Spray Dark Green Vert 65ml,9818,,,,,,,,,11,,2
798,10,37,11,1,FGBSC1011,,Casablanca Body Spray Tosca Tosca  65ml,9818,,,,,,,,,11,,2
799,10,35,11,1,FGEDE2104,,Bellagio Homme EDT Ventura (Blue)100ml,22090,,,,,,,,,11,,2
800,10,35,11,1,FGEDE2103,,Bellagio Home EDT Stamina (Green) 100ml,22090,,,,,,,,,11,,2
801,10,31,11,1,FGEDE2102,,Bellagio Homme EDT Accelerate (Orange)100ml,22090,,,,,,,,,11,,2
802,10,40,11,1,FGEDF2110,,REGAZZA FEMME SPORT EDT AZZURO 100ML (BLUE),24545,,,,,,,,,11,,2
803,10,39,11,1,FGBMB2006,,Marie Jose Body Mist Dark Violet M6 100ml,6750,,,,,,,,,11,,2
804,10,39,11,1,FGBMB2007,,Marie Jose Body Mist Grey M7 100ml,6750,,,,,,,,,11,,2
805,10,37,11,1,FGBSC1005,,Casablanca Body Spray Silver Argent 65ml,9818,,,,,,,,,11,,2
806,10,37,11,1,FGBSC1006,,Casablanca Body Spray Red (Rouge) 65ml,9818,,,,,,,,,11,,2
807,10,40,11,1,FGEDF2106,,Regazza Femme EDT Purity 100ml,22090,,,,,,,,,11,,2
808,10,40,11,1,FGEDF2105,,Regazza Femme EDT Glow 100ml(White),22090,,,,,,,,,11,,2
809,10,40,11,1,FGEDF2104,,Regazza Femme EDT Sophisticated 100ml (Violet),22090,,,,,,,,,11,,2
810,10,40,11,1,FGEDF2103,,Regazza Femme EDT Feminine 100ml (Pink),22090,,,,,,,,,11,,2
811,10,40,11,1,FGEDF2102,,Regazza Femme EDT Classy 100ml (Blue),22090,,,,,,,,,11,,2
812,10,40,11,1,FGEDF2101,,Regazza Femme EDT Passionate 100ml (Red),22090,,,,,,,,,11,,2
813,10,40,11,1,FGEDF2101,,Regazza Femme EDT Passionate 100ml (Red),22090,,,,,,,,,11,,2
814,10,39,11,1,FGBMB2002,,Marie Jose Body Mist Yellow M2 100ml,6750,,,,,,,,,11,,2
815,10,35,11,1,FGBME0004,,BELLAGIO SPY COL BLUE VENTURA 100ML,22090,,,,,,,,,11,,2
816,10,37,11,1,FGBMC2207,,Casablanca Spy Col GH Dark Green Sporty 100ml,15340,,,,,,,,,11,,2
817,10,37,11,1,FGBMC2208,,Casablanca Spy Col GH Dark Blue Ambitious 100ml,15340,,,,,,,,,11,,2
818,10,37,11,1,FGBMC2209,,Casablanca Spy Col GH Grey Dynamic 100ml,15340,,,,,,,,,11,,2
819,10,35,11,1,FGPOE1011,,BELLAGIO POMADE KIDZ SweetBerry 40GX72PC,8513,,,,,,,,,11,,2
820,10,35,11,1,FGPOE1012,,Bellagio Homme Pomade Water Based Neo Classic 80gr,17027,,,,,,,,,11,,2
821,10,35,11,1,FGPOE1014,,Bellagio Pomade Modern Luxe Black 80gr,17027,,,,,,,,,11,,2
822,10,39,11,1,FGBMB2001,,Marie Jose Body Mist Red M1 100ml,6750,,,,,,,,,11,,2
823,10,37,11,1,FGEDC2207,,Casablanca Femme EDT Sporty Dark Green100ml,15340,,,,,,,,,11,,2
824,10,37,11,1,FGEDC2205,,Casablanca Femme EDT Illusion Orange 100ml,15340,,,,,,,,,11,,2
825,10,37,11,1,FGEDC2204,,Casablanca Femme EDT Fantasy Green  100ml,15340,,,,,,,,,11,,2
826,10,35,11,1,FGPOE1015,,Bellagio Pomade Timeless Elegance Brown 80gr,17027,,,,,,,,,11,,2
827,10,37,11,1,FGEDC2208,,Casablanca Femme EDT Ambitious DarkBlue 100ml,15340,,,,,,,,,11,,2
828,10,37,11,1,FGEDC2204,,Casablanca Femme EDT Fantasy Green  100ml,15340,,,,,,,,,11,,2
829,10,37,11,1,FGEDC2203,,Casablanca Femme EDT Romantic Pink 100ml,15340,,,,,,,,,11,,2
830,10,40,11,1,FGEDF1209,,Regazza Femme EDP Purity 50ml (Green),15954,,,,,,,,,11,,2
831,10,40,11,1,FGEDF1208,,Regazza Femme EDP Glow 50ml (White),15954,,,,,,,,,11,,2
832,10,40,11,1,FGEDF1207,,Regazza Femme EDP Sophisticated 50ml (Violet),15954,,,,,,,,,11,,2
833,10,40,11,1,FGEDF1206,,Regazza Femme EDP Feminine 50ml (Pink),15954,,,,,,,,,11,,2
834,10,35,11,1,FGEDE2101,,Bellagio Homme EDT Rave Culture (Red)100ml,22090,,,,,,,,,11,,2
835,10,35,11,1,FGEDE1206,,Bellagio Homme EDP Energy(Brwon) 50ml,15954,,,,,,,,,11,,2
836,10,37,11,1,FGEDC2209,,Casablanca Femme EDT Dynamic Grey 100ml,15340,,,,,,,,,11,,2
837,10,37,11,1,FGEDC2210,,Casablanca Homme EDT Intense Red 100ml,15341,,,,,,,,,11,,2
838,10,37,11,1,FGEDC2211,,Casablanca Femme EDTRoyal D Violet 100ml,15340,,,,,,,,,11,,2
839,10,37,11,1,FGEDC2212,,Casablanca Femme EDT Pure Clear 100ml,15340,,,,,,,,,11,,2
840,10,37,11,1,FGROC0001,,Casablanca Homme Roll On Men Silver/Prestige 50ml,8590,,,,,,,,,11,,2
841,10,36,11,1,FGEDA0014,,Camellia EDP 103 BLUE Ventura 22ml,5169,,,,,,,,,11,,2
842,10,36,11,1,FGEDA0015,,Camellia EDP 104 BLACK Energy 22ml,5169,,,,,,,,,11,,2
843,10,36,11,1,FGEDA0019,,Camellia EDP 108 ORANGE Sunny 22ml,5169,,,,,,,,,11,,2
844,10,35,11,1,FGEDE1205,,Bellagio Homme EDP Bold 50ml (Black),15954,,,,,,,,,11,,2
845,10,35,11,1,FGEDE1204,,Bellagio Homme EDP Ventura (Blue) 50ml,15954,,,,,,,,,11,,2
846,10,35,11,1,FGEDE1203,,Bellagio Homme EDP Stamina 50ml (Green),15954,,,,,,,,,11,,2
847,10,35,11,1,FGEDE1202,,Bellagio Homme EDP Accelerate (Org) 50ml,15954,,,,,,,,,11,,2
849,10,39,11,1,FGEDB0003,,Marie Jose EDP 205,9204,,,,,,,,,11,,2
850,10,35,11,1,FGBME0006,,BELLAGIO SPY COL BROWN ENERGY 100ML,22090,,,,,,,,,11,,2
851,10,35,11,1,FGBME0007,,BELLAGIO SPORT COL RED ROSSO 100ML,24545,,,,,,,,,11,,2
852,10,35,11,1,FGBME0009,,BELLAGIO SPORT COL BLUE BLU 100ML,24545,,,,,,,,,11,,2
853,10,36,11,1,FGBMA2001,,Camellia Bodymist Blue Magical 100ml,7364,,,,,,,,,11,,2
854,10,36,11,1,FGBMA2002,,Camellia Bodymist Orange Allure 100ml,7364,,,,,,,,,11,,2
855,10,37,11,1,FGBMC2010,,Casablanca Body Mist Red Intense 100ml,9818,,,,,,,,,11,,2
856,10,37,11,1,FGBMC2011,,Casablanca Body Mist Dark Violet Royale 100ml,9818,,,,,,,,,11,,2
857,10,37,11,1,FGBMC2012,,Casablanca Body Mist Tosca Elegance 100ml,9818,,,,,,,,,11,,2
858,10,37,11,1,FGBMC2001,,Casablanca Body Mist Blue Aqua 100ml,9818,,,,,,,,,11,,2
859,10,37,11,1,FGBMC2002,,Casablanca Body Mist Violet Classic 100ml,9818,,,,,,,,,11,,2
860,10,37,11,1,FGBMC2003,,Casablanca Body Mist Pink Romantic 100ml,9818,,,,,,,,,11,,2
861,10,35,11,1,FGEDE1201,,Bellagio Homme EDP Rave Culture (Red)50ml,15954,,,,,,,,,11,,2
862,10,37,11,1,FGBMC2310,,Casablanca Femme Hijab Mist Moon 100ml (Red),9818,,,,,,,,,11,,2
863,10,37,11,1,FGBMC2309,,Casablanca Femme Hijab Mist Night 100ml (Black),9818,,,,,,,,,11,,2
864,10,37,11,1,FGBMC2308,,Casablanca Femme Hijab Mist Dawn 100ml (D Green),9818,,,,,,,,,11,,2
865,10,37,11,1,FGBMC2307,,Casablanca Hijab Mist Twilight DViolet 100ml,9818,,,,,,,,,11,,2
866,10,37,11,1,FGBMC2306,,Casablanca Hijab Mist Sunrise Blue 100ml,9818,,,,,,,,,11,,2
867,10,40,11,1,FGEDF1202,,Regazza Femme EDP De Luxe Dazzling 50ml (Ungu),20067,,,,,,,,,11,,2
868,10,40,11,1,FGEDF1201,,Regazza Femme EDP De Luxe Fasci 50ml (Pink),20067,,,,,,,,,11,,2
869,10,37,11,1,FGROC0002,,Casablanca Homme Roll On Men Black/Dynamic 50ml,8590,,,,,,,,,11,,2
870,10,35,11,1,FGEDE2109,,Bellagio Homme Sport EDT Blu (Blue)100ml,24545,,,,,,,,,11,,2
871,10,35,11,1,FGEDE2108,,Bellagio Homme Sport EDT Bianco (White)100ml,24545,,,,,,,,,11,,2
872,10,35,11,1,FGEDE2107,,Bellagio Home EDT Rosso (Red)100ml,24545,,,,,,,,,11,,2
873,10,35,11,1,FGEDE2106,,Bellagio Home EDT Energy (Brown)100ml,22090,,,,,,,,,11,,2
874,10,37,11,1,FGROC0003,,Casablanca Homme Roll On Men Blue/Ambitious 50ml,8590,,,,,,,,,11,,2
875,10,35,11,1,FGBME0010,,BELLAGIO SPORT COL GREEN VERDE 100ML,24545,,,,,,,,,11,,2
876,10,39,11,1,FGBMB2003,,Marie Jose Body Mist Dark Green M3 100ml,6750,,,,,,,,,11,,2
877,10,39,11,1,FGBMB2004,,Marie Jose Body Mist Aqua Blue M4 100ml,6750,,,,,,,,,11,,2
878,10,39,11,1,FGBMB2005,,Marie Jose Body Mist Dark Blue M5 100ml,6750,,,,,,,,,11,,2
879,10,37,11,1,FGBMC2204,,Casablanca Spy Col GF Green Fantasy 100ml,15340,,,,,,,,,11,,2
880,10,37,11,1,FGBMC2205,,Casablanca Spy Col GF Orange Illussion 100ml,15340,,,,,,,,,11,,2
881,10,37,11,1,FGBMC2206,,Casablanca Spy Col GF Yellow Energetic 100ml,15340,,,,,,,,,11,,2
882,10,40,11,1,FGBSF0008,,Regazza Body Spray Violet Sophisticated 175ml New,24545,,,,,,,,,11,,2
883,10,40,11,1,FGBSF0009,,Regazza Body Spray Green Purity 175ml New,24545,,,,,,,,,11,,2
884,10,35,11,1,FGEDE2105,,Bellagio Homme EDT Bold (Black)100ml,22090,,,,,,,,,11,,2
885,3,3,9,1,1234,,Test mamasuka,12000,,,,,,,,,11,,2
886,10,37,11,1,12345678,,Casablanca parfum,10000,,,,,,,,,11,,2
887,10,37,11,1,11111111111111,,Test Parfum,12000.99,,,,,,,,,11,,2
888,10,37,11,1,FGPOC1009,,Casablanca Oil-Based Pomade Black 50gr,9204,,,,,,,,,11,,2
889,10,41,11,1,FGHSG2002,,Watchout Hand Sanitiser Gel Aloe Vera 100ml,9204,,,,,,,,,11,,2
890,10,37,11,1,FGBSC4008,,Casablanca FP Deo BS Blue Air 150ml,14751,,,,,,,,,11,,2
891,10,37,11,1,FGBSC4007,,Casablanca FP Deo BS Brown Legend 150ml,14751,,,,,,,,,11,,2
892,10,31,11,1,FGBSE2006,,BELLAGIO BODY SPY BROWN ENERGY 80ML,13500,,,,,,,,,11,,2
893,10,35,11,1,FGBSE3001,,BELLAGIO BODY SPY RED RAVE CULTURE 175ML,24545,,,,,,,,,11,,2
894,10,35,11,1,FGBSE3002,,BELLAGIO BODY SPY ORANGE ACCELERATE 175ML,24545,,,,,,,,,11,,2
895,10,31,11,1,FGEDE1011,,Bellagio EDT Black 50ml Bold Blue Bottle,15954,,,,,,,,,11,,2
896,10,35,11,1,FGEDE1012,,Bellagio Homme EDT Energy  (Brown) 50ml,15954,,,,,,,,,11,,2
897,10,35,11,1,FGROE0002,,Bellagio Roll On Orange Accelerate 50ml,15340,,,,,,,,,11,,2
898,10,35,11,1,FGROE0003,,Bellagio Roll On Green Stamina 50ml,15340,,,,,,,,,11,,2
899,10,35,11,1,FGROE0004,,Bellagio Roll On Blue Ventura 50ml,15340,,,,,,,,,11,,2
900,10,37,11,1,FGBSC4006,,Casablanca FP Deo BS Red Hyped 150ml,14751,,,,,,,,,11,,2
901,10,37,11,1,FGBSC4005,,Casablanca FP Deo BS Infinate Black 150ml,14751,,,,,,,,,11,,2
902,10,37,11,1,FGBSC4004,,Casablanca FP Deo BS Pink Crush 150ml,14751,,,,,,,,,11,,2
903,10,37,11,1,FGBSC4003,,Casablanca FP Deo BS Purple Glaze 150ml,14751,,,,,,,,,11,,2
904,10,40,11,1,FGEDF1205,,Regazza Femme EDP Classy (Blue) 50ml,15954,,,,,,,,,11,,2
905,10,40,11,1,FGEDF1204,,Regazza Femme EDP Passionate (Red)50ml,15954,,,,,,,,,11,,2
906,10,40,11,1,FGEDF1203,,Regazza Femme EDP De Luxe Sparkling 50ml (Blue),20067,,,,,,,,,11,,2
907,10,37,11,1,FGEDC2202,,Casablanca Femme EDT Classic Violet 100ml,15340,,,,,,,,,11,,2
908,10,37,11,1,FGEDC2201,,Casablanca Femme EDT Aqua Blue 100ml,15340,,,,,,,,,11,,2
909,10,37,11,1,FGEDC2006,,Casablanca EDP 311/Allure 100ml,20250,,,,,,,,,11,,2
910,10,31,11,1,FGBSE3005,,BELLAGIO BODY SPY BLACK BOLD 175ML,24545,,,,,,,,,11,,2
911,10,40,11,1,FGBSF0005,,Regazza Body Spray Red Passionate 175ml New,24545,,,,,,,,,11,,2
912,10,35,11,1,FGBME0001,,BELLAGIO SPY COL RED RAVE CULTURE 100ML,22090,,,,,,,,,11,,2
913,10,36,11,1,FGBMA2006,,Camellia Bodymist Red Love 100ml,7364,,,,,,,,,11,,2
914,10,36,11,1,FGBMA2007,,Camellia Bodymist White Pure 100ml,7364,,,,,,,,,11,,2
915,10,36,11,1,FGBMA2008,,Camellia Bodymist Green Refresh 100ml,7364,,,,,,,,,11,,2
916,10,37,11,1,FGEDC2005,,Casablanca EDP 310/Tranquil 100ml,20250,,,,,,,,,11,,2
917,10,37,11,1,FGEDC2004,,Casablanca EDP 308/Aqua 100ml,20250,,,,,,,,,11,,2
918,10,35,11,1,FGBSE2001,,BELLAGIO BODY SPY RED RAVE CULTURE 80ML,13500,,,,,,,,,11,,2
919,10,37,11,1,FGEDC2003,,Casablanca EDP 306/Desire 100ml,20250,,,,,,,,,11,,2
920,15,76,9,1,TEST01,,PRODUK TMP TEST,10000,,,,,,,,,11,,2
921,10,37,11,1,FGEDC2002,,Casablanca EDP 304/Melodious 100ml,20250,,,,,,,,,11,,2
1510,82,,,1,00023,,BK/GARLIC BREAD CRACKERS 108GR 6X4BAG,3308.76,,3636,,,1,24,PC,,11,,2
923,10,37,11,1,FGEDC2001,,Casablanca EDP 301/Royal 100ml,20250,,,,,,,,,11,,2
924,10,40,11,1,FGBMF0009,,Regazza SPORT COLOGNE 100ml White BIANCO,24545,,,,,,,,,11,,2
925,10,35,11,1,FGROE0006,,Bellagio Roll On Brown Energy 50ml,15340,,,,,,,,,11,,2
926,10,35,11,1,FGROE0005,,Bellagio Roll On Black Bold 50ml,15340,,,,,,,,,11,,2
927,10,36,11,1,FGEDA0018,,Camellia EDP 107 VIOLET Classy 22ml,5169,,,,,,,,,11,,2
928,10,36,11,1,FGEDA0017,,Camellia EDP 106 RED Romantic 22ml,5169,,,,,,,,,11,,2
929,10,36,11,1,FGEDA0016,,Camellia EDP 105 WHITE Purity 22ml,5169,,,,,,,,,11,,2
930,10,35,11,1,FGBSE2002,,BELLAGIO BODY SPY ORANGE ACCELERATE 80ML,13500,,,,,,,,,11,,2
931,10,35,11,1,FGEDE1008,,BELLAGIO EDT ORANGE 50ML ACCELERATE BLUE BOTTLE,15954,,,,,,,,,11,,2
932,10,35,11,1,FGPOE1010,,BELLAGIO POMADE KIDZ BubbleGum 40GX72PC,8513,,,,,,,,,11,,2
933,10,35,11,1,FGPOE1010,,BELLAGIO POMADE KIDZ BubbleGum 40GX72PC,8513,,,,,,,,,11,,2
934,10,35,11,1,FGPOE1009,,BELLAGIO Fiber Styling Tough BLUE 90 gr,22704,,,,,,,,,11,,2
935,10,36,11,1,FGEDA0002,,Camellia EDP 102 60ml,7977,,,,,,,,,11,,2
936,10,36,11,1,FGEDA0001,,Camellia EDP 101 60ml,7977,,,,,,,,,11,,2
937,10,37,11,1,FGBSC3002,,Casablanca Body Spray White (Blanc) 200ml,22090,,,,,,,,,11,,2
938,10,36,11,1,FGBMA2003,,Camellia Bodymist Pink Seductive 100ml,7364,,,,,,,,,11,,2
939,10,37,11,1,FGBSC3001,,Casablanca Body Spray Black Noir 200ml,22090,,,,,,,,,11,,2
940,10,37,11,1,FGBSC2012,,Casablanca Body Spray Light Green Verte Clair 100m,12272,,,,,,,,,11,,2
941,10,37,11,1,FGBSC1001,,Casablanca Body Spray Black Noir 65ml,9818,,,,,,,,,11,,2
942,10,37,11,1,FGBSA0007,,Camellia Body Spray White Pure 100ml,8590,,,,,,,,,11,,2
943,10,36,11,1,FGBMA2004,,Camellia Bodymist Violet Exotic 100ml,7364,,,,,,,,,11,,2
944,10,36,11,1,FGBMA2005,,Camellia Bodymist Yellow Happy 100ml,7364,,,,,,,,,11,,2
945,10,37,11,1,FGBSC2007,,Casablanca Body Spray Blue Bleu 100ml,12272,,,,,,,,,11,,2
946,10,37,11,1,FGBSC2008,,Casablanca Body Spray Copper Cuivre 100ml,12272,,,,,,,,,11,,2
947,10,37,11,1,FGBSC2009,,Casablanca Body Spray  Dark Violet Petunia 100ml,12272,,,,,,,,,11,,2
948,10,37,11,1,FGBMC1008,,Casablanca Body Mist Dark Blue Ambitious 50ml,5522,,,,,,,,,11,,2
949,10,37,11,1,FGBMC1009,,Casablanca Body Mist Grey Dynamic 50ml,5522,,,,,,,,,11,,2
950,10,37,11,1,FGBMC2006,,Casablanca Body Mist Yellow Energetic 100ml,9819,,,,,,,,,11,,2
951,10,37,11,1,FGBMC2007,,Casablanca Body Mist Dark Green Sporty 100ml,9818,,,,,,,,,11,,2
952,10,37,11,1,FGBMC1007,,Casablanca Body Mist Dark Green Sporty 50ml,5522,,,,,,,,,11,,2
953,10,37,11,1,FGBMC1006,,Casablanca Body Mist Yellow Energetic 50ml,5522,,,,,,,,,11,,2
954,10,40,11,1,FGBSF0007,,Regazza Body Spray Pink Feminine 175ml New,24545,,,,,,,,,11,,2
955,10,37,11,1,FGBMC2008,,Casablanca Body Mist Dark Blue Ambitious 100ml,9818,,,,,,,,,11,,2
956,10,37,11,1,FGBMC2009,,Casablanca Body Mist Grey Dynamic 100ml,9819,,,,,,,,,11,,2
957,10,37,11,1,FGBMC2104,,Casablanca Spy Col White Series RedW02 100ml,14727,,,,,,,,,11,,2
958,10,37,11,1,FGBMC2201,,Casablanca Spy Col GH Blue Aqua 100ml,15340,,,,,,,,,11,,2
959,10,37,11,1,FGBMC2202,,Casablanca Spy Col GF Violet Classic 100ml,15340,,,,,,,,,11,,2
960,10,37,11,1,FGBMC2210,,Casablanca Spy Col GH Red Intense 100ml,15340,,,,,,,,,11,,2
961,10,40,11,1,FGBSF0006,,Regazza Body Spray Blue Classy 175ml New,24545,,,,,,,,,11,,2
962,10,37,11,1,FGBSC3007,,Casablanca Body Spray Blue Bleu 200ml,22090,,,,,,,,,11,,2
963,10,37,11,1,FGBSC3006,,Casablanca Body Spray Red Rouge 200ml,22090,,,,,,,,,11,,2
964,10,37,11,1,FGBSC3005,,Casablanca Body Spray Silver Argent 200ml,22090,,,,,,,,,11,,2
965,10,37,11,1,FGBMC2302,,Casablanca Halal Mist Twilight (VIOLET) 100ml,9818,,,,,,,,,11,,2
966,10,37,11,1,FGBMC2301,,Casablanca Halal Mist Sunrise (BLUE) 100ml,9818,,,,,,,,,11,,2
967,10,37,11,1,FGPOC1014,,Casablanca Oil-Based Pomade Green 50gr,9204,,,,,,,,,11,,2
968,22,31,11,1,222222222,,produk bela,10000,,,,,,,,,11,,2
969,10,37,11,1,FGPOC1013,,Casablanca Oil-Based Pomade Pink 50gr,9204,,,,,,,,,11,,2
970,10,35,11,1,FGBSE2005,,BELLAGIO BODY SPY BLACK BOLD 80ML,13500,,,,,,,,,11,,2
971,10,35,11,1,FGBSE2004,,BELLAGIO BODY SPY BLUE VENTURA 80ML,13500,,,,,,,,,11,,2
972,10,35,11,1,FGBSE2003,,BELLAGIO BODY SPY GREEN STAMINA 80ML,13500,,,,,,,,,11,,2
973,10,40,11,1,FGBSF1006,,Regazza Body Spray Blue Classy 100ml New,13500,,,,,,,,,11,,2
974,10,40,11,1,FGBSF1005,,Regazza Body Spray Red Passionate 100ml New,13500,,,,,,,,,11,,2
975,10,40,11,1,FGBSF0010,,Regazza Body Spray White Glow 175ml New,24545,,,,,,,,,11,,2
976,10,37,11,1,FGBSC4002,,Casablanca FP Deo BS Twinkle Blue 150ml,14751,,,,,,,,,11,,2
977,10,37,11,1,FGBSC4001,,Casablanca FP Deo BS White Clouds 150ml,14751,,,,,,,,,11,,2
978,10,37,11,1,FGBSC3012,,Casablanca Body Spray Light Green Verte Clair 200m,22090,,,,,,,,,11,,2
979,10,37,11,1,FGBSC3011,,Casablanca Body Spray Tosca Tosca 200ml,22090,,,,,,,,,11,,2
980,10,37,11,1,FGROC0007,,Casablanca Femme Roll On Women Gold/Eternity 50ml,8590,,,,,,,,,11,,2
981,10,37,11,1,FGROC0006,,Casablanca Femme Roll On Women Pink/Romantic 50ml,8590,,,,,,,,,11,,2
982,10,37,11,1,FGROC0005,,Casablanca Femme Roll On Women White/Pure 50ml,8590,,,,,,,,,11,,2
983,10,37,11,1,FGROC0005,,Casablanca Femme Roll On Women White/Pure 50ml,8590,,,,,,,,,11,,2
984,10,36,11,1,FGBMA2103,,Camellia BM Japan Keiko 100ml (Blue),7364,,,,,,,,,11,,2
985,10,36,11,1,FGBMA2102,,Camellia BM Japan Asuka 100ml (Pink),7364,,,,,,,,,11,,2
986,10,36,11,1,FGBMA2101,,Camellia BM Japan Kirei 100ml (Orange),7364,,,,,,,,,11,,2
987,10,38,11,1,FGHDH0005,,EXCELLO Exc HC EC-090 Bleaching 20ml+20ml,6074,,,,,,,,,11,,2
988,10,38,11,1,FGHDH0004,,EXCELLO Exc HC EC-050 Golden Brown 20ml+20ml,6074,,,,,,,,,11,,2
989,10,38,11,1,FGHDH0003,,EXCELLO Exc HC EC-040 Brown 20ml+20ml,6074,,,,,,,,,11,,2
990,10,38,11,1,FGHDH0002,,EXCELLO Exc HC EC-030 Dark Brown 20ml+20ml,6074,,,,,,,,,11,,2
991,10,38,11,1,FGHDH0001,,EXCELLO Exc HC EC-010 Nat Black 20ml+20ml,6074,,,,,,,,,11,,2
992,10,37,11,1,FGHCC1002,,Casablanca Hair Cream Sachet Blue 6gr,255,,,,,,,,,11,,2
993,10,37,11,1,FGHCC1001,,Casablanca Hair Cream Sachet Black 6gr,255,,,,,,,,,11,,2
994,10,37,11,1,FGPOC1012,,Casablanca Oil-Based Pomade Gold 50gr,9204,,,,,,,,,11,,2
995,10,37,11,1,FGPOC1011,,Casablanca Oil-Based Pomade Silver 50gr,9204,,,,,,,,,11,,2
996,10,37,11,1,FGBMC2211,,Casablanca Spy Col GH Dark Violet Royale 100ml,15340,,,,,,,,,11,,2
997,10,37,11,1,FGBSC1002,,Casablanca Body Spray White Blanc 65ml,9818,,,,,,,,,11,,2
998,10,37,11,1,FGBSC1003,,Casablanca Body Spray Pink Rose 65ml,9818,,,,,,,,,11,,2
999,10,37,11,1,FGBSC1004,,Casablanca Body Spray Violet Violet 65ml,9818,,,,,,,,,11,,2
1000,10,37,11,1,FGBSC1012,,Casablanca Body Spray  Light Green Verte Clair 65m,9818,,,,,,,,,11,,2
1001,10,37,11,1,FGBSC2001,,Casablanca Body Spray Black Noir 100ml,12272,,,,,,,,,11,,2
1002,10,37,11,1,FGBSC2002,,Casablanca Body Spray White Blanc 100ml,12272,,,,,,,,,11,,2
1003,10,37,11,1,FGPOC1010,,Casablanca Oil-Based Pomade White 50gr,9204,,,,,,,,,11,,2
1004,10,40,11,1,FGBSF1010,,Regazza Body Spray White Glow 100ml New,13500,,,,,,,,,11,,2
1005,10,40,11,1,FGBSF1009,,Regazza Body Spray Green Purity 100ml New,13500,,,,,,,,,11,,2
1006,10,40,11,1,FGBSF1008,,Regazza Body Spray Violet Sophisticated 100ml New,13500,,,,,,,,,11,,2
1007,10,40,11,1,FGBSF1007,,Regazza Body Spray Pink Feminine 100ml New,13500,,,,,,,,,11,,2
1008,10,36,11,1,FGEDA0004,,Camellia EDP 104 125ml,16568,,,,,,,,,11,,2
1009,10,36,11,1,FGEDA0003,,Camellia EDP 103 White Musk 125ml,16568,,,,,,,,,11,,2
1010,10,40,11,1,FGBMF0008,,Regazza SPORT COLOGNE 100ml Black NERO,24545,,,,,,,,,11,,2
1011,10,40,11,1,FGBMF0007,,Regazza SPORT COLOGNE 100ml Red ROSSO,24545,,,,,,,,,11,,2
1012,10,40,11,1,FGBMF0006,,Regazza Spray Cologne Green Purity 100ml,22090,,,,,,,,,11,,2
1013,10,36,11,1,FGBSA0004,,Camellia Body Spray Violet Exotic 100ml,8590,,,,,,,,,11,,2
1014,10,36,11,1,FGBSA0003,,Camellia Body Spray Pink Seductive 100ml,8590,,,,,,,,,11,,2
1015,10,36,11,1,FGBSA0001,,Camellia Body Spray Blue Magical 100ml,8590,,,,,,,,,11,,2
1016,10,37,11,1,FGBSC2010,,Casablanca Body Spray Dark Green Vert 100ml,12272,,,,,,,,,11,,2
1017,10,37,11,1,FGBSC2011,,Casablanca Body Spray Tosca Tosca 100ml,12272,,,,,,,,,11,,2
1018,10,37,11,1,FGBSC3008,,Casablanca Body Spray Copper Cuivre 200ml,22090,,,,,,,,,11,,2
1019,10,37,11,1,FGBSC3009,,Casablanca Body Spray Dark Violet Petunia 200ml,22090,,,,,,,,,11,,2
1020,10,37,11,1,FGBSC1008,,Casablanca Body Spray Copper Cuivre 65ml,9819,,,,,,,,,11,,2
1021,10,37,11,1,FGBSC1007,,Casablanca Body Spray Blue Bleu 65ml,9818,,,,,,,,,11,,2
1022,10,37,11,1,FGBSC2006,,Casablanca Body Spray Red Rouge 100ml,12272,,,,,,,,,11,,2
1023,10,37,11,1,FGBSC2005,,Casablanca Body Spray Silver Argent 100ml,12272,,,,,,,,,11,,2
1024,10,37,11,1,FGBSC3004,,Casablanca Body Spray Violet Violet 200ml,22090,,,,,,,,,11,,2
1025,10,37,11,1,FGBSC3003,,Casablanca Body Spray Pink Rose 200ml,22090,,,,,,,,,11,,2
1026,10,39,11,1,FGBMB2008,,Marie Jose Body Mist White M8 100ml,6750,,,,,,,,,11,,2
1027,10,37,11,1,FGBMC1002,,Casablanca Body Mist Violet Classic 50ml,5522,,,,,,,,,11,,2
1028,10,37,11,1,FGBSC3010,,Casablanca Body Spray Dark Green Vert 200ml,22090,,,,,,,,,11,,2
1029,10,37,11,1,FGBMC1001,,Casablanca Body Mist Blue Aqua 50ml,5522,,,,,,,,,11,,2
1030,10,37,11,1,FGBMC1005,,Casablanca Body Mist Orange Illussion 50ml,5522,,,,,,,,,11,,2
1031,10,37,11,1,FGBMC1004,,Casablanca Body Mist Green Fantasy 50ml,5522,,,,,,,,,11,,2
1032,10,37,11,1,FGBMC1003,,Casablanca Body Mist Pink Romantic 50ml,5522,,,,,,,,,11,,2
1033,10,37,11,1,FGROC0009,,Casablanca Homme Roll On Men Red/Intense 50ml,8590,,,,,,,,,11,,2
1034,10,37,11,1,FGROC0008,,Casablanca Femme Roll On Women Violet/Classic 50ml,8590,,,,,,,,,11,,2
1035,10,35,11,1,FGROE0001,,Bellagio Roll On Red Rave Culture 50ml,15340,,,,,,,,,11,,2
1036,10,35,11,1,FGPOE0001,,BELLAGIO H.POMADE BLCK NAT SHINE&EXTRM 36PCX24PACK,613,,,,,,,,,11,,2
1037,10,37,11,1,FGPOC1016,,Casablanca Oil-Based Pomade Red 50gr,9204,,,,,,,,,11,,2
1038,10,37,11,1,FGPOC1015,,Casablanca Oil-Based Pomade Blue 50gr,9204,,,,,,,,,11,,2
1039,10,35,11,1,FGPOE1004,,BELLAGIO Pomade NS&EH Black 80gr Water Based,17027,,,,,,,,,11,,2
1040,10,31,11,1,FGPOE1002,,BELLAGIO Pomade HS&SH Red 80gr Water Based,17027,,,,,,,,,11,,2
1041,10,35,11,1,FGPOE1008,,BELLAGIO Fiber Hair Styling Solid Violet 90GR,22704,,,,,,,,,11,,2
1042,10,35,11,1,FGPOE1007,,BELLAGIO Styling Clay Mega Hold Black 90gr,21477,,,,,,,,,11,,2
1043,10,35,11,1,FGPOE1006,,BELLAGIO Styling Clay Dynamic Hold Red 90g,21477,,,,,,,,,11,,2
1044,66,74,9,1,4.160402.025,,KATA OMA TELUR GABUS FESTIVE 12X4 LOKAL,10368,,,,,,,,,11,,2
1045,66,71,9,1,4.050402.266,,Milkita Lolli Ref SCM Max 8x(30+3) Promo Spe Lkl,18663,,,,,,,,,11,,2
1046,66,71,9,1,JNLB006,,JN LOLIPOP MANGO STRAWBERRY REFILL 6 X 50 LOKAL,15760,,,,,,,,,11,,2
1047,66,71,9,1,CCBG001,,COLA CANDY BAG 20 X 30 (+4 PCS FREE) LOKAL,3650,,,,,,,,,11,,2
1048,66,71,9,1,SCRG001,,SPLIT CANDY RENCENG 20X30PC,4396,,,,,,,,,11,,2
1049,66,71,9,1,JNLR005,,JAGOAN NEON RENCENG 20X30,4396,,,,,,,,,11,,2
1050,66,71,9,1,KKIC001,,KIKO ICE STICK 15X10,6221,,,,,,,,,11,,2
1051,66,73,9,1,MCMR014,,MILKITA CANDY MIX RENCENG 20X30,4562,,,,,,,,,11,,2
1052,66,73,9,1,KKIC007,,KIKO ICE STICK 20X10,5039,,,,,,,,,11,,2
1053,66,73,9,1,KKIC008,,KIKO TROPICAL 90ML 10X12,9331,,,,,,,,,11,,2
1054,66,71,9,1,CCLH002,,COLA LOLIPOP HGR 6X36PC,12193,,,,,,,,,11,,2
1055,66,71,9,1,PNIC005,,PINO ICE CUP BAG ASSORTED 12X6,6567,,,,,,,,,11,,2
1056,66,71,9,1,MCSS017,,MILKITA CANDY MILK BAG 20X30 PREMIUM,8585,,,,,,,,,11,,2
1057,66,71,9,1,CCBG008,,COLA CANDY ASSORTED BAG 20X40 LOKAL,4977,,,,,,,,,11,,2
1058,66,71,9,1,PNIC011,,PINO ICE CUP PMG MT 12X6 LOKAL,6567,,,,,,,,,11,,2
1059,66,72,9,1,LMKU006,,LEMONILO KERIPIK UBI KARAMEL MENTEGA 24PX41GR,5800,,,,,,,,,11,,2
1060,66,72,9,1,LMKU005,,LEMO KERIPIK UBI Karamel Mentega RCG  6RX10PX10GR,1424,,,,,,,,,11,,2
1061,66,71,9,1,UCKS004,,GT Cassamo Keripik Singkong Spicy BBQ RCG 60/CT,1424,,,,,,,,,11,,2
1062,66,71,9,1,UCKS003,,GT Cassamo Keripik Singkong Smoky BBQ RCG 60/CT,1424,,,,,,,,,11,,2
1063,66,71,9,1,GBKA002,,GORME Bumbu Pelezat Rasa Kaldu Ayam 24x40G,3867,,,,,,,,,11,,2
1064,66,71,9,1,GBKS001,,GORME Bumbu Pelezat Rasa Kaldu Sapi 24x40G,3867,,,,,,,,,11,,2
1065,66,71,9,1,MGIL011,,LEMONILO MIE KUAH SOTO KOYA 20X60GR,4894,,,,,,,,,11,,2
1066,66,72,9,1,LMKU004,,LEMO KERIPIK UBI JAGUNG BALADO RCG 6RX10PX12.5G,1424,,,,,,,,,11,,2
1067,66,72,9,1,LMKU003,,LEMO KERIPIK UBI JAGUNG BAKAR RCG 6RX10PX12.5G,1424,,,,,,,,,11,,2
1068,66,71,9,1,UCKS002,,Cassamo Keripik Singkong Spicy BBQ 24/CT,4542,,,,,,,,,11,,2
1069,66,71,9,1,UCKS001,,Cassamo Keripik Singkong Smoky BBQ 24/CT,4542,,,,,,,,,11,,2
1070,66,71,9,1,4.090602.025,,PINO ICE CUP PACK ASS 18X4 LOKAL,3756,,,,,,,,,11,,2
1071,66,74,9,1,TGBD001,,KATA OMA TELUR GABUS BALADO BAG 24X50GR,9224,,,,,,,,,11,,2
1072,66,71,9,1,4.050402.261,,MILKITA LOLLI ASS BAG PREMIUM 30X12 Lokal(Special),8585,,,,,,,,,11,,2
1073,66,71,9,1,4.050402.257,,MILKITA LOLLI REF SCM MAX 8X(30+5)PROMO Lokal,18663,,,,,,,,,11,,2
1074,66,71,9,1,4.040402.314,,MILKITA CANDY STRAW BAG 20X30 PREMIUM(SPECIAL),8585,,,,,,,,,11,,2
1075,66,71,9,1,4.040402.315,,MILKITA CANDY MILK BAG 20X30 PREMIUM(SPECIAL),8585,,,,,,,,,11,,2
1076,66,71,9,1,4.040402.313,,MILKITA CANDY CHOCO BAG 20X30 PREMIUM(SPECIAL),8585,,,,,,,,,11,,2
1077,66,72,9,1,MGIL008,,LEMONILO MIE PEDAS KOREA 20X68GR,4894,,,,,,,,,11,,2
1078,66,72,9,1,4.140102.087,,LEMO BROWNIES CHOCO CHIPS RCG 6X10 Lokal,1424,,,,,,,,,11,,2
1079,68,51,11,1,PPADL001,,POPOKU ADULT DIAPERS L 10,43459,,,,,,,,,11,,2
1080,68,51,11,1,PPPM003,,POPOKU FP M 1S,1432,,,,,,,,,11,,2
1081,68,51,11,1,PPAD003,,POPOKU ADULT M2X30,8351,,,,,,,,,11,,2
1082,68,51,11,1,PPAD004,,POPOKU ADULT L2X30,9568,,,,,,,,,11,,2
1083,68,51,11,1,PPKM004,,POPOKU M 40/CL,47270,,,,,,,,,11,,2
1084,68,51,11,1,PPKL004,,POPOKU L 40,48081,,,,,,,,,11,,2
1085,68,51,11,1,PPAD005,,POPOKU ADULT XL2X30,10459,,,,,,,,,11,,2
1086,68,51,11,1,PPKS004,,POPOKU S 40/CL,37541,,,,,,,,,11,,2
1087,68,51,11,1,PPKM003,,POPOKU RENTENG M1 20X6/CT,1149,,,,,,,,,11,,2
1088,68,51,11,1,PPXL003,,POPOKU RENTENG XL1 20X6/CT,1486,,,,,,,,,11,,2
1089,68,51,11,1,PPXXL012,,POPOKU BABY PANT XXL22,49054,,,,,,,,,11,,2
1090,68,51,11,1,PPXL013,,POPOKU BABY PANT XL24,46622,,,,,,,,,11,,2
1091,68,51,11,1,PPKL007,,POPOKU BABY PANT L28,46622,,,,,,,,,11,,2
1092,68,51,11,1,PPXXL003,,POPOKU RENTENG XXL1 20X6/CT,1824,,,,,,,,,11,,2
1093,68,51,11,1,PPAD010,,POPOKU ADULT XL 10X12,50676,,,,,,,,,11,,2
1094,68,51,11,1,PPPM009,,POPOKU BABY PANT M30,44189,,,,,,,,,11,,2
1095,68,51,11,1,PPADM001,,POPOKU ADULT M 10 X 12,36649,,,,,,,,,11,,2
1096,68,51,11,1,PPAD008,,POPOKU ADULT PANTS XL6 X 6,44595,,,,,,,,,11,,2
1097,68,51,11,1,PPAD007,,POPOKU ADULT PANTS L8 X 6,51568,,,,,,,,,11,,2
1098,68,51,11,1,PPAD006,,POPOKU ADULT PANTS M10 X 6,58622,,,,,,,,,11,,2
1099,68,51,11,1,PPKM002,,POPOKU M 20/CL,23757,,,,,,,,,11,,2
1100,68,51,11,1,PPKS002,,POPOKU S 20/CL,19703,,,,,,,,,11,,2
1101,68,51,11,1,PPKS001,,POPOKU S 10/CL,10135,,,,,,,,,11,,2
1102,68,51,11,1,PPKL003,,POPOKU RENTENG L1 20X6/CT,1149,,,,,,,,,11,,2
1103,68,51,11,1,PPKM001,,POPOKU M 10/CL,12568,,,,,,,,,11,,2
1104,13,48,9,1,1902013,,NATUR E ADVANCED 32S 36BX/CT,60759,,,,,,,,,11,,2
1105,13,48,9,1,1902015,,NATUR E 100 IU 32S SMALL PACK 36/BX,26853,,,,,,,,,11,,2
1106,13,48,11,1,1902017,,NATUR E REVIT PROTECT&GLOW LOT 245ML,23485,,,,,,,,,11,,2
1107,13,48,11,1,1902018,,NATUR E REVIT PROTECT&GLOW LOT 100ML,11706,,,,,,,,,11,,2
1108,13,47,9,1,1902019,,ENERVON ACTIVE TAB 100S 25/BX,4380,,,,,,,,,11,,2
1109,13,47,11,1,1902020,,ENERVON C ACTIVE TAB 30 S,31372,,,,,,,,,11,,2
1110,13,48,11,1,1902021,,NATUR E NOURISHING 300IU 4X20S,6384,,,,,,,,,11,,2
1111,13,48,11,1,1902022,,NATUR E ADVANCE SC 4X20S,9444,,,,,,,,,11,,2
1112,13,48,9,1,1902023,,NATUR E NOURISHING 100IU 4X20,4708,,,,,,,,,11,,2
1113,13,47,9,1,1902024,,ENERVON C PLUS SYRUP 120ML,15051,,,,,,,,,11,,2
1114,13,48,11,1,1902050,,NATUR E WHITE SERUM 15ML,41021,,,,,,,,,11,,2
1115,13,48,11,1,1901002,,NATUR E HBL 100ML 48/CT,9985,,,,,,,,,11,,2
1116,13,89,9,1,1901005,,VICEE GRAPE TABLET 100S 50/BOX,1128,,,,,,,,,11,,2
1117,13,48,11,1,1901003,,NATUR E HBL 245ML 24/CT,20032,,,,,,,,,11,,2
1118,13,89,9,1,1901006,,VICEE ORANGE TABLET 100S 50/BOX,1128,,,,,,,,,11,,2
1119,13,48,11,1,1901011,,NATURE E ADVANCE LOTION 100 ML,14208,,,,,,,,,11,,2
1120,22,31,9,1,111111,,bela food,20000,,,,,,,,,11,,2
1121,13,48,11,1,111111111,,nature,10000,,,,,,,,,11,,2
1122,13,48,11,1,1111111111,,test natur,10000,,,,,,,,,11,,2
1123,13,48,11,1,1902058,,NATUR-E HYALUGLOW MOIST 30ML 48/CT,63240,,,,,,,,,11,,2
1124,13,48,11,1,1902057,,NATUR-E CERAGLOW MOIST 30ML 48/CT,63240,,,,,,,,,11,,2
1125,13,48,11,1,1902055,,NATUR-E HYALUGLOW SERUM 20ML 48/CT,70680,,,,,,,,,11,,2
1126,13,48,11,1,1902056,,NATUR-E CERAGLOW SERUM 20ML 48/CT,70680,,,,,,,,,11,,2
1128,13,48,11,1,1902054,,NATUR FACE CREAM 50ML 48/CT,20882,,,,,,,,,11,,2
1129,13,47,9,1,1902053,,ENERVON GOLD 50/BX,157170,,,,,,,,,11,,2
1130,13,47,9,1,1902052,,ENERVON C EFFERVESCENT TAB 10,25426,,,,,,,,,11,,2
1131,13,48,11,1,1902051,,NATUR-E WHITE H&B SERUM 180ML,30653,,,,,,,,,11,,2
1132,13,90,9,1,1902046,,SUPERTIN CAPS 30S,36253,,,,,,,,,11,,2
1133,13,48,11,1,1902069,,NATUR E WHITE RAD CLARYF TONER 100ML,53940,,,,,,,,,11,,2
1134,13,48,9,1,1901004,,NATUR E NOURISHING 100IU 16S 56/BX,15518,,,,,,,,,11,,2
1135,13,89,9,1,1901007,,VICEE STRAW TABLET 100S 50/BOX,1128,,,,,,,,,11,,2
1136,13,48,11,1,1902068,,NATUR E WHITE RAD MIR MOIST GEL 30ML,60450,,,,,,,,,11,,2
1137,13,48,11,1,1902067,,NATUR E ADVANCED INT MOIST GEL 30ML,60450,,,,,,,,,11,,2
1138,13,48,11,1,1902066,,NATUR E WHITE RAD PURIF FACIAL WASH 50ML,34410,,,,,,,,,11,,2
1139,13,48,11,1,1902065,,NATUR E ADVAN INT DC FACIAL WASH 50ML,34410,,,,,,,,,11,,2
1140,13,48,11,1,1902064,,NATUR E ADVANCED IB ESS TONER 100ML,53940,,,,,,,,,11,,2
1141,13,48,11,1,1902063,,NATUR E WHITE RAD MIR BOOSTER SERUM 20ML,63240,,,,,,,,,11,,2
1142,13,48,11,1,1902062,,NATUR E ADVAN INT FIRM SERUM 20ML,63240,,,,,,,,,11,,2
1143,13,48,11,1,1902061,,NATUR E ADVANCED HB SERUM 180ML,27900,,,,,,,,,11,,2
1144,13,48,11,1,1902060,,NATUR E ADVANCED HB SERUM 100ML,15810,,,,,,,,,11,,2
1145,13,48,11,1,1902049,,NATUR-E WHITE FACE WASH 50 ML,16441,,,,,,,,,11,,2
1146,13,89,9,1,1902040,,VICEE 500 LEMON TAB 4X2S PROMO PACK,3720,,,,,,,,,11,,2
1147,13,89,9,1,1902043,,VICEE 500 GRAPE TAB 4X2S PROMO PACK,3720,,,,,,,,,11,,2
1148,13,89,9,1,1902042,,VICEE 500 STRAW TAB 4X2S PROMO PACK,3720,,,,,,,,,11,,2
1149,13,89,9,1,1902042,,VICEE 500 STRAW TAB 4X2S PROMO PACK,3720,,,,,,,,,11,,2
1150,13,89,9,1,1902041,,VICEE 500 ORANGE TAB 4X2S PROMO PACK,3720,,,,,,,,,11,,2
1151,13,48,11,1,1902048,,NATUR-E WHITE NIGHT CREAM 30 G,67053,,,,,,,,,11,,2
1152,13,48,11,1,1902047,,NATUR-E WHITE DAY CREAM 30 G,62264,,,,,,,,,11,,2
1153,13,48,11,1,1902045,,NATUR-E WHITE SUPP 32S 36X8X4,71632,,,,,,,,,11,,2
1154,13,48,9,1,1902044,,NATUR-E WHITE SUPP 16S 56X4X4,39274,,,,,,,,,11,,2
1155,13,48,11,1,1901012,,NATUR E ADVANCED LOTION  245 ML,26639,,,,,,,,,11,,2
1157,13,48,11,1,1902038,,NATUR-E ADVANCED NIGHT CREAM,67153,,,,,,,,,11,,2
1158,13,48,11,1,1902037,,NATUR-E ADVANCED DAY CREAM,66925,,,,,,,,,11,,2
1159,13,48,11,1,1902036,,NATUR-E ADVANCED EYE CREAM,48822,,,,,,,,,11,,2
1160,13,48,11,1,1902035,,NATUR-E ADVANCED SERUM,55291,,,,,,,,,11,,2
1161,13,48,11,1,1902034,,NATUR-E ADVANCED SKIN BALANCER,28533,,,,,,,,,11,,2
1162,13,48,11,1,1902033,,NATUR-E ADVANCED FACE WASH,26806,,,,,,,,,11,,2
1163,13,48,11,1,1902032,,NATUR-E NOURISHING FACE MIST,24444,,,,,,,,,11,,2
1164,13,48,11,1,1902031,,NATUR E NOURISHING RELAX HBL 100ML,11365,,,,,,,,,11,,2
1165,13,48,11,1,1902030,,NATUR E NOURISHING RELAX HBL 245ML,22801,,,,,,,,,11,,2
1166,13,48,11,1,1902028,,NATUR E NOURIS CALMING HBL 245ML,22801,,,,,,,,,11,,2
1167,13,48,11,1,1902027,,NATUR E NOURIS CALMING HBL 100ML,11365,,,,,,,,,11,,2
1168,13,48,11,1,1902026,,NATUR E NOURIS ENERG HBL 100ML,11365,,,,,,,,,11,,2
1169,13,89,9,1,1901008,,VICEE LEMON TABLET 100S 50/BOX,1128,,,,,,,,,11,,2
1170,13,47,9,1,1902002,,ENERVON C TAB 100S 20X25,3941,,,,,,,,,11,,2
1171,13,48,11,1,1902014,,NATUR E NOURISHING 300IU 16S 56BX/CT,28896,,,,,,,,,11,,2
1172,13,48,9,1,1902016,,NATUR E NOURISHING 300IU 32S 36BX/CT,55200,,,,,,,,,11,,2
1173,13,48,11,1,1902025,,NATUR E NOURIS ENERG HBL 245ML,22801,,,,,,,,,11,,2
1174,43,46,11,1,1305067,,F607 DAHLIA AEROSOL MATIC LILY,23153,,,,,,,,,11,,2
1175,43,46,11,1,1309166,,F607 D AER MATIC ARUM DALU,24293,,,,,,,,,11,,2
1176,43,46,11,1,1309167,,K316CI BUY 2 GET 1 K316LAN,34638,,,,,,,,,11,,2
1177,43,46,11,1,1309090,,K24/SGL DAHLIA FRUITY GTG ZESTY LEMON NEW /10 LSN,8705,,,,,,,,,11,,2
1178,43,46,11,1,1309091,,K24/SG D FRUITY GTG ORANGE BLOSSOM NEW 120PC,8705,,,,,,,,,11,,2
1179,43,46,11,1,1309132,,F607 D AEROSOL MATIC ROYAL COFFE,23153,,,,,,,,,11,,2
1180,43,46,11,1,1309032,,F607 DAHLIA AEROSOL MATIC CHERRY BLOSSOM,23153,,,,,,,,,11,,2
1181,43,44,11,1,1305008,,S SG-523  With Case,10949,,,,,,,,,11,,2
1182,43,46,11,1,1301038,,DN K-315 For Toilet 150 Gr,10645,,,,,,,,,11,,2
1183,43,46,11,1,1309165,,F611CP D REED DIFFUSER  REF CENDANA PADMA,22950,,,,,,,,,11,,2
1184,43,46,11,1,1309164,,F610CP D REED DIF CENDANA PADM,36100,,,,,,,,,11,,2
1185,43,45,11,1,1306002,,LT-122 Box Perangkap Tikus,9354,,,,,,,,,11,,2
1186,43,46,11,1,1301125,,BC 002 Blue Clean @2Pcs isi 72 (2f1),13795,,,,,,,,,11,,2
1187,43,46,11,1,1304001,,BC-001 Dahlia Blue Clean 1Pcs,6848,,,,,,,,,11,,2
1188,43,46,11,1,1302001,,D112 Dahlia Serap Lembab,17845,,,,,,,,,11,,2
1189,43,46,11,1,1302002,,D113 Dahlia Serap Lembab Paket Refill,8815,,,,,,,,,11,,2
1190,43,46,11,1,1303002,,F-601 Dahlia Air Freshener Lemon,7470,,,,,,,,,11,,2
1191,43,46,11,1,1303003,,F-601 Dahlia Air Freshener Orange,7470,,,,,,,,,11,,2
1192,43,46,11,1,1303004,,F-601 Dahlia Air Freshener Apple,7470,,,,,,,,,11,,2
1193,43,46,11,1,1301035,,K-27 Dahlia Ball,12554,,,,,,,,,11,,2
1194,43,46,11,1,1301040,,K-313 Dahlia Toilet Ball 3 Pcs,10368,,,,,,,,,11,,2
1195,43,46,11,1,1301040,,K-313 Dahlia Toilet Ball 3 Pcs,10368,,,,,,,,,11,,2
1196,43,46,11,1,1301043,,K-381 Dahlia My Love ( 2 Pcs),9642,,,,,,,,,11,,2
1197,43,46,11,1,1301046,,MD-1 Dahlia Moth Hanger New,22341,,,,,,,,,11,,2
1198,43,46,11,1,1301048,,MD-3 PDCB Dahlia Moth Guard New,15369,,,,,,,,,11,,2
1199,43,44,11,1,1305019,,SG-580 Seagull Naph 1 Kg (Kecil),43368,,,,,,,,,11,,2
1200,43,44,11,1,1305014,,SG-533/Warna Seagull Naph Tlt Ball 5 Pcs,12948,,,,,,,,,11,,2
1201,43,44,11,1,1305015,,SG-533/Putih Seagull Naph Tlt Ball 5 Pcs,12948,,,,,,,,,11,,2
1202,43,44,11,1,1305007,,SG-522/Warna Seagull Naph 150 Gr,9794,,,,,,,,,11,,2
1203,43,44,11,1,1305006,,SG-522/Putih Seagull Naph 150 Gr,9635,,,,,,,,,11,,2
1204,43,44,11,1,1305005,,SG-521 Seagull Naph 300 Gr,17852,,,,,,,,,11,,2
1205,43,44,11,1,1305002,,SG519W Buy 10 pcs Get 2 pcs SG519W,1089,,,,,,,,,11,,2
1206,43,44,11,1,1305001,,SG519 Buy 10 pcs Get 2 pcs SG519,1089,,,,,,,,,11,,2
1207,43,44,11,1,1309107,,SG524/G Seagull Refill Gtg New,8099,,,,,,,,,11,,2
1208,43,44,11,1,1301136,,SG518 Seagull Fresh Buquet ( Blok ),13529,,,,,,,,,11,,2
1209,43,44,11,1,1305023,,SG-535 Seagull Napht Toilet Ball 3Pcs,7954,,,,,,,,,11,,2
1210,43,46,11,1,1301011,,K-233 Dahlia Trendy,11772,,,,,,,,,11,,2
1211,43,46,11,1,1302006,,D115 Dahlia Serap lembab Wangi,18705,,,,,,,,,11,,2
1212,43,46,11,1,1302007,,D116 Dahlia Refill Serap lembab wangi,9245,,,,,,,,,11,,2
1213,43,46,11,1,1301010,,DAHLIA KAMPER TOILET CASE,13322,,,,,,,,,11,,2
1214,43,46,11,1,1301012,,K-272 Dahlia Double Ball,24603,,,,,,,,,11,,2
1215,43,46,11,1,1301003,,K-205-N Dahlia Lemari 100 Gr Fresh&Clean,7269,,,,,,,,,11,,2
1216,43,46,11,1,1301004,,K-21 Dahlia Naph 300 Gr,19533,,,,,,,,,11,,2
1217,43,46,11,1,1301005,,K-215-N Dahlia Lemari 500 Gr Fresh&Clean,32273,,,,,,,,,11,,2
1218,43,46,11,1,1301006,,K-22 Dahlia Naph 150 Gr,10306,,,,,,,,,11,,2
1219,43,46,11,1,1301038,,K-315 DAHLIA KAMPER TOILET 150 GR FRESH & CLEAN,10645,,,,,,,,,11,,2
1220,43,46,11,1,1301041,,K33FC DAHLIA KAMPER TOILET 5 BALL FRESH & CLEAN,13273,,,,,,,,,11,,2
1221,43,46,11,1,1301042,,K-330 Dahlia Naph For Toilet 300 Gr,20252,,,,,,,,,11,,2
1222,43,46,11,1,1301009,,K230-DHL SUPER DELUXE WITH CASE,12104,,,,,,,,,11,,2
1223,43,46,11,1,1301008,,K-23 Dahlia with Case,11772,,,,,,,,,11,,2
1224,43,46,11,1,1309152,,F601 Dahlia Air Freshner Gel Cendana Padmasana,7830,,,,,,,,,11,,2
1225,43,46,11,1,1309151,,F601 Dahlia Air Freshner Gel Teh Keraton,7830,,,,,,,,,11,,2
1226,43,44,11,1,1305036,,SG-513 Seagull Toilet Ball 3 Pcs,9393,,,,,,,,,11,,2
1227,43,44,11,1,1305021,,SG-528 Seagull Double Ball,21801,,,,,,,,,11,,2
1228,43,44,11,1,1309111,,SG 524 Seagull Refill New,7698,,,,,,,,,11,,2
1229,43,44,11,1,1305020,,SG-505 Seagull 100Gr,6841,,,,,,,,,11,,2
1230,43,44,11,1,1305012,,SG-531/Warna Seagull Toilet Ball 5 Pcs,14401,,,,,,,,,11,,2
1231,43,44,11,1,1305011,,SG-527 Seagull Ball,11330,,,,,,,,,11,,2
1232,43,46,11,1,1303079,,F601 Dahlia Air Freshner Secret Garden,7470,,,,,,,,,11,,2
1233,43,46,11,1,1309118,,F601 Dahlia Air Freshner Cherry Blossom,7470,,,,,,,,,11,,2
1234,43,46,11,1,1309119,,F601 Dahlia Air Freshner Fruit Punch,7470,,,,,,,,,11,,2
1235,43,46,11,1,1309146,,F601 Dahlia Air Freshener Royal Coffee,7470,,,,,,,,,11,,2
1236,43,46,11,1,1309166,,F607 D AER MATIC ARUM DALU,24293,,,,,,,,,11,,2
1237,43,46,11,1,1309150,,F607 Dahlia Aerosol Matic H.Cendana Padm,24293,,,,,,,,,11,,2
1238,43,46,11,1,1309149,,F607 Dahlia Aerosol Matic H. Teh Keraton,24293,,,,,,,,,11,,2
1239,43,46,11,1,1309132,,F601 Dahlia Air Freshner Royal Coffee,23153,,,,,,,,,11,,2
1240,43,46,11,1,1309032,,F601 Dahlia Air Freshner Cherry Blossom,23153,,,,,,,,,11,,2
1241,43,46,11,1,1305067,,F607 Dahlia Aerosol Matic Lily,23153,,,,,,,,,11,,2
1242,43,44,11,1,1305008,,SG-523 Seagull with Case,10949,,,,,,,,,11,,2
1243,43,44,11,1,1305018,,SG-512 Seagull Warna Gantung,7885,,,,,,,,,11,,2
1244,43,44,11,1,1305016,,SG-511 Seagull New With Case,10949,,,,,,,,,11,,2
1245,43,91,11,1,1305050,,Minie Puff General Two Collor MP-B40,8923,,,,,,,,,11,,2
1246,43,91,11,1,1301070,,Minie Puff General MP-28,7138,,,,,,,,,11,,2
1247,43,91,11,1,1301073,,Minie Puff Tali MP-22,9338,,,,,,,,,11,,2
1248,43,91,11,1,1301074,,Minie Puff Lantern MP-34,8923,,,,,,,,,11,,2
1249,43,91,11,1,1301072,,Minie Puff Labu MP-13,9338,,,,,,,,,11,,2
1250,43,91,11,1,1301071,,Minie Puff Butterfly MP-12,7138,,,,,,,,,11,,2
1251,43,45,11,1,1306003,,LT-123 Lem Tikus Kiriko Tube,9836,,,,,,,,,11,,2
1252,43,45,11,1,1306002,,LT-122 Perangkap Tikus Kiriko Box - New,9354,,,,,,,,,11,,2
1253,43,45,11,1,1306001,,LT-121 Perangkap Tikus Kiriko Papan,15480,,,,,,,,,11,,2
1254,43,19,11,1,1308001,,Lem Lalat Kertas,2905,,,,,,,,,11,,2
1255,43,46,11,1,1309162,,K31/KP Dahlia Toilet Ball Kopi,16386,,,,,,,,,11,,2
1256,43,46,11,1,1309163,,DAHLIA KAMPER RUANGAN OUD LAVENDER,17319,,,,,,,,,11,,2
1257,43,46,11,1,1309137,,K316-CI Dahlia Ruangan CItronella,17319,,,,,,,,,11,,2
1258,43,46,11,1,1309136,,K313 Floral Dahlia Toilet Ball 3pcs,10368,,,,,,,,,11,,2
1259,43,46,11,1,1309114,,K31/FR Dahlia Toilet Ball Fresh Fruity,16386,,,,,,,,,11,,2
1260,43,46,11,1,1309113,,K31GL Dahlia Toilet 5 bal Garden Lav,16386,,,,,,,,,11,,2
1261,43,46,11,1,1309112,,K31/AR Dahlia Toilet Ball Aromatic Green,16386,,,,,,,,,11,,2
1262,43,46,11,1,1309161,,K31N BUY 2 GET 1 K31N,32772,,,,,,,,,11,,2
1263,43,46,11,1,1305062,,F607 Dahlia Aerosol Matic Fresh Citrus,23153,,,,,,,,,11,,2
1264,43,46,11,1,1305063,,F607 Dahlia Aerosol Matic Fresh Lavender,23153,,,,,,,,,11,,2
1275,43,46,11,1,1309090,,K24SGZL Dahlia Toilet Gtg Zesty Lemon,8705,,,,,,,,,11,,2
1279,43,46,11,1,1305064,,F607 Dahlia Aerosol Matic Sweet Gardenia,23153,,,,,,,,,11,,2
1281,43,46,11,1,1309158,,F609 Dahlia Aerosol Teh Keraton 200 ml,11250,,,,,,,,,11,,2
1283,65,86,9,1,INAP012,,ALOE CUP BANANA 200 GR X 24 CUP,3088,,,,,,,,,11,,2
1285,65,86,9,1,GMCS001,,GUMMY CANDY SACHET MIX FLAVOR 9G 1BX 12PC,668,,,,,,,,,11,,2
1287,65,86,9,1,GMMX001,,GUMMY FROZEN MIX MIX FLAVOR 120GX12,7120,,,,,,,,,11,,2
1289,65,92,9,1,ICCW001,,IM COCO COCONUT WATER 350ML 24/CT,4770,,,,,,,,,11,,2
1291,8,92,9,1,ICCM002,,IM COCO MANGO 350ML 24/CT,4770,,,,,,,,,11,,2
1293,65,92,9,1,ICCS003,,IM COCO STRAWBERRY 350ML 24/CT,4770,,,,,,,,,11,,2
1295,65,86,9,1,INAP010,,SP ALOEVERA BANANA 280GR 24/CT,4810,,,,,,,,,11,,2
1297,65,86,9,1,INPM002,,PUDING MANGO INACO 120 48/CT,2643,,,,,,,,,11,,2
1299,65,86,9,1,INPN001,,PUDDING NUSANTARA 120GR 3SX16PACK,7694,,,,,,,,,11,,2
1301,65,86,9,1,PDYG001,,PUDDING CUP YOGURT 120G X 48,2643,,,,,,,,,11,,2
1303,65,86,9,1,INBB004,,NATADECOCO BUBBLEBOI YAGHURT 30G 8X10SCH,649,,,,,,,,,11,,2
1305,65,86,9,1,INBB003,,NATADECOCO BUBBLEBOI LYCHEE 20GX120,324,,,,,,,,,11,,2
1307,65,86,9,1,INBB007,,NATADECOCO BUBBLEBOI BUBBLEGUM 30GX80,649,,,,,,,,,11,,2
1309,65,86,9,1,NACS047,,NATACUP SELASIH STRAWBERRY 200GRX24CUP,3090,,,,,,,,,11,,2
1311,65,86,9,1,NACM044,,NATACUP MANGO 200GRX24CUP,2759,,,,,,,,,11,,2
1313,65,86,9,1,NTDD001,,NATA DECOCO DESERT GUAVA 200GR 24/CT,3803,,,,,,,,,11,,2
1315,65,86,9,1,NAVN039,,NATA DE COCO SP VANILLA 360GRX24PK,4810,,,,,,,,,11,,2
1323,74,52,11,1,801899,801899,ARIELA EDP GLASS 50ML CASHMERE TOSCA,23784,ARIELA EDP GLASS 50ML CASHMERE TOSCA,,,,,,,,11,,2
1327,74,52,11,1,801615,,ARIELA EDT GLASS ALEGRIA 100ML,2594594,ARIELA EDT GLASS ALEGRIA 100ML,,,,,,,,11,,2
1329,74,52,11,1,801035,,ARIELA EDT GLASS PRICESIA 100ML,2594594,ARIELA EDT GLASS PRICESIA 100ML,,,,,,,,11,,2
1330,74,53,11,1,802476,,BLACKROCK ROLL ON 50ML ABSOLUTE (Tosca),10450.45,BLACKROCK ROLL ON 50ML ABSOLUTE (Tosca),,,,,,,,11,,2
1331,74,53,11,1,802490,,BLACKROCK ROLL ON 50ML INDIVIDUAL(Orange),10450.45,BLACKROCK ROLL ON 50ML INDIVIDUAL(Orange),,,,,,,,11,,2
1332,74,53,11,1,802469,,BLACKROCK ROLL ON 50ML PHANTOM (Black),10450.45,BLACKROCK ROLL ON 50ML PHANTOM (Black),,,,,,,,11,,2
1333,74,53,11,1,050020,,BLACKROCK ROLL ON 50ML POWER (Blue),10450.45,BLACKROCK ROLL ON 50ML POWER (Blue),,,,,,,,11,,2
1334,74,94,11,1,801004,,HBL SEOJIN BRIGHTENING PINK 250ML,18181.6,HBL SEOJIN BRIGHTENING PINK 250ML,,,,,,,,11,,2
1335,74,94,11,1,801028,,HBL SEOJIN MOISTURIZING TOSCA 250ML,18181.81,HBL SEOJIN MOISTURIZING TOSCA 250ML,,,,,,,,11,,2
1336,74,94,11,1,802278,,SEOJIN FACIAL MIST 75ML BRIGHTENING,30269.3,SEOJIN FACIAL MIST 75ML BRIGHTENING,,,,,,,,11,,2
1337,74,94,11,1,801101,,SEOJIN FACIAL MIST 75ML HYDRATING,30269.9,SEOJIN FACIAL MIST 75ML HYDRATING,,,,,,,,11,,2
1338,74,54,11,1,801332,,VIVELLE EDT 100ML SE MON AMOUR NEW,25225,VIVELLE EDT 100ML SE MON AMOUR NEW,,,,,,,,11,,2
1339,74,54,11,1,801059,,VIVELLE EDT 100ML SE PARIS NEW,25225,VIVELLE EDT 100ML SE PARIS NEW,,,,,,,,11,,2
1340,74,54,11,1,801349,,VIVELLE EDT GLASS 100 ML ADORE 100 ML,25225,VIVELLE EDT GLASS 100 ML ADORE 100 ML,,,,,,,,11,,2
1341,74,54,11,1,801325,,VIVELLE EDT GLASS 100 ML LOVELY 100 ML,25225,VIVELLE EDT GLASS 100 ML LOVELY 100 ML,,,,,,,,11,,2
1342,74,54,11,1,801448,,VIVELLE EDT GLASS 100ML MOOI,25225,VIVELLE EDT GLASS 100ML MOOI,,,,,,,,11,,2
1343,74,54,11,1,801455,,VIVELLE EDT GLASS 100ML XOXO,25225,VIVELLE EDT GLASS 100ML XOXO,,,,,,,,11,,2
1344,74,54,11,1,801301,,VIVELLE HAND SOAP ANTIBACTERIAL 200 ML GREEN LEMON,25225,VIVELLE HAND SOAP ANTIBACTERIAL 200 ML GREEN LEMON,,,,,,,,11,,2
1345,74,54,11,1,801318,,VIVELLE HAND SOAP ANTIBACTERIAL 200ML BLUE ICE FRT,9381,VIVELLE HAND SOAP ANTIBACTERIAL 200ML BLUE ICE FRT,,,,,,,,11,,2
1346,74,54,11,1,801981,,VIVELLE PARFUME BODY LOTION ADORE 250ML,18234,VIVELLE Parfume Body Lotion Adore 250ML,,,,,,,,11,,2
1347,74,54,11,1,801660,,VIVELLE PARFUME BODY LOTION BEAU-LIFE 250ML,18234,VIVELLE PARFUME BODY LOTION BEAU-LIFE 250ML,,,,,,,,11,,2
1348,74,54,11,1,802032,,VIVELLE PARFUME BODY LOTION LOVELY 250ML,18234,VIVELLE PARFUME BODY LOTION LOVELY 250ML,,,,,,,,11,,2
1349,74,54,11,1,801998,,VIVELLE PARFUME BODY LOTION MON AMOUR 250ML,18234,VIVELLE PARFUME BODY LOTION MON AMOUR 250ML,,,,,,,,11,,2
1350,74,54,11,1,801936,,VIVELLE PARFUME BODY LOTION PREC-LOVE 250ML,18234,VIVELLE PARFUME BODY LOTION PREC-LOVE 250ML,,,,,,,,11,,2
1351,74,54,11,1,801677,,VIVELLE PARFUME BODY LOTION SHIM-JOY 250ML,18234,VIVELLE PARFUME BODY LOTION SHIM-JOY 250ML,,,,,,,,11,,2
1352,74,54,11,1,802495,,VIVELLE RO B2 BLUE GIF YELLOW 50ML (2+1),20900.89,VIVELLE RO B2 BLUE GIF YELLOW 50ML (2+1),,,,,,,,11,,2
1353,74,54,11,1,802491,,VIVELLE RO B2 GREEN GIF YELLOW 50ML (2+1),20900.89,VIVELLE RO B2 GREEN GIF YELLOW 50ML (2+1),,,,,,,,11,,2
1354,74,54,11,1,802492,,VIVELLE RO B2 PEACH GIF YELLOW 50ML (2+1),20900.89,VIVELLE RO B2 PEACH GIF YELLOW 50ML (2+1),,,,,,,,11,,2
1355,74,54,11,1,802494,,VIVELLE RO B2 PINK GIF YELLOW 50ML (2+1),20900.89,VIVELLE RO B2 PINK GIF YELLOW 50ML (2+1),,,,,,,,11,,2
1356,74,54,11,1,802493,,VIVELLE RO B2 YELLOW GIF PEACH 50ML (2+1),20900.89,VIVELLE RO B2 YELLOW GIF PEACH 50ML (2+1),,,,,,,,11,,2
1357,74,54,11,1,751125,,VIVELLE ROLL ON DEO GREEN 50ML,10450.4,VIVELLE ROLL ON DEO GREEN 50ML,,,,,,,,11,,2
1358,74,54,11,1,751126,,VIVELLE ROLL ON DEO PEACH 50ML,10450.4,VIVELLE ROLL ON DEO PEACH 50ML,,,,,,,,11,,2
1359,74,54,11,1,751262,,VIVELLE ROLL ON DEO YELLOW 50ML,10450.4,VIVELLE ROLL ON DEO YELLOW 50ML,,,,,,,,11,,2
1360,74,54,11,1,050402,,VIVELLE SPA VEOCEL ANTI ACNE  (PACK 12),6774.77,VIVELLE SPA VEOCEL ANTI ACNE  (PACK 12),,,,,,,,11,,2
1361,74,54,11,1,993044,,VIVELLE SPA VEOCEL BENGKUANG (PACK 12),6774.77,VIVELLE SPA VEOCEL BENGKUANG (PACK 12),,,,,,,,11,,2
1362,74,54,11,1,050389,,VIVELLE SPA VEOCEL POMEGRANATE (PACK 12),6774.77,VIVELLE SPA VEOCEL POMEGRANATE (PACK 12),,,,,,,,11,,2
1363,74,54,11,1,930442,,VIVELLE SPA VEOCEL VIT C (PACK 12),6774.77,VIVELLE SPA VEOCEL VIT C (PACK 12),,,,,,,,11,,2
1364,74,54,11,1,113039,,VV BLACKROCK EDT Absolute 60ml,12297.29,VV BLACKROCK EDT Absolute 60ml,,,,,,,,11,,2
1365,74,54,11,1,113015,,VV BLACKROCK EDT INDIVIDUAL 60ML,17297.29,VV BLACKROCK EDT INDIVIDUAL 60ML,,,,,,,,11,,2
1366,74,54,11,1,113022,,VV BLACKROCK EDT PHANTOM 60ML,17297.29,VV BLACKROCK EDT PHANTOM 60ML,,,,,,,,11,,2
1367,74,54,11,1,113008,,VV BLACKROCK EDT POWER 60ML,17297.29,VV BLACKROCK EDT POWER 60ML,,,,,,,,11,,2
1369,74,54,11,1,050068,,VV BUND EDT MON AMOUR 100ML +PBL MON AMOUR 250ML,39639.63,VV BUND EDT MON AMOUR 100ML +PBL MON AMOUR 250ML,,,,,,,,11,,2
1370,74,54,11,1,751279,,VV- VIVELLE BS 150ML YELLOW,13945.94,VV- VIVELLE BS 150ML YELLOW,,,,,,,,11,,2
1371,74,54,11,1,752023,,VV-VIVELLE BM 100ML BLUE/SPENDIDE,12252.25,VV-VIVELLE BM 100ML BLUE/SPENDIDE,,,,,,,,11,,2
1372,74,54,11,1,752030,,VV-VIVELLE BM 100ML GREEN/ENCHANTE,12252.25,VV-VIVELLE BM 100ML GREEN/ENCHANTE,,,,,,,,11,,2
1373,74,54,11,1,752061,,VV-VIVELLE BM 100ML ORANGE/MIGOUW,12252.25,VV-VIVELLE BM 100ML ORANGE/MIGOUW,,,,,,,,11,,2
1374,74,54,11,1,752016,,VV-VIVELLE BM 100ML PINK/AMOUR,12252.25,VV-VIVELLE BM 100ML PINK/AMOUR,,,,,,,,11,,2
1375,74,54,11,1,801165,,VV-VIVELLE BM 100ML RED/MAGIQUE,12252.25,VV-VIVELLE BM 100ML RED/MAGIQUE,,,,,,,,11,,2
1376,74,54,11,1,801141,,VV-VIVELLE BM 100ML TOSCA/ALLEGRE,12252.25,VV-VIVELLE BM 100ML TOSCA/ALLEGRE,,,,,,,,11,,2
1377,74,54,11,1,752054,,VV-VIVELLE BM 100ML VIOLET/JOLIE,12252.25,VV-VIVELLE BM 100ML VIOLET/JOLIE,,,,,,,,11,,2
1378,74,54,11,1,752047,,VV-VIVELLE BM 100ML YELLOW/DELICE,12252.25,VV-VIVELLE BM 100ML YELLOW/DELICE,,,,,,,,11,,2
1379,74,54,11,1,752085,,VV-VIVELLE BM 180ML BLUE/SPLENDIDE,16000,VV-VIVELLE BM 180ML BLUE/SPLENDIDE,,,,,,,,11,,2
1380,74,54,11,1,752092,,VV-VIVELLE BM 180ML GREEN/ENCHANTE,16000,VV-VIVELLE BM 180ML GREEN/ENCHANTE,,,,,,,,11,,2
1381,74,54,11,1,752122,,VV-VIVELLE BM 180ML ORANGE/MIGOUW,16000,VV-VIVELLE BM 180ML ORANGE/MIGOUW,,,,,,,,11,,2
1382,74,54,11,1,752078,,VV-VIVELLE BM 180ML PINK/AMOUR,16000,VV-VIVELLE BM 180ML PINK/AMOUR,,,,,,,,11,,2
1383,74,54,11,1,801356,,VV-VIVELLE BM 180ML RED/MAGIQUE,16000,VV-VIVELLE BM 180ML RED/MAGIQUE,,,,,,,,11,,2
1384,74,54,11,1,801134,,VV-VIVELLE BM 180ML TOSCA/ALLEGRE,16000,VV-VIVELLE BM 180ML TOSCA/ALLEGRE,,,,,,,,11,,2
1385,74,54,11,1,752115,,VV-VIVELLE BM 180ML VIOLET/JOLIE,16000,VV-VIVELLE BM 180ML VIOLET/JOLIE,,,,,,,,11,,2
1386,74,54,11,1,752108,,VV-VIVELLE BM 180ML YELLOW/DELICE,16000,VV-VIVELLE BM 180ML YELLOW/DELICE,,,,,,,,11,,2
1387,74,54,11,1,050358,,VV-VIVELLE BS 150ML BLUE,13945.94,VV-VIVELLE BS 150ML BLUE,,,,,,,,11,,2
1388,74,54,11,1,050198,,VV-VIVELLE BS 150ML GREEN,13945.94,VV-VIVELLE BS 150ML GREEN,,,,,,,,11,,2
1389,74,54,11,1,802025,,VV-VIVELLE BS 150ML PEACH,13945.94,VV-VIVELLE BS 150ML PEACH,,,,,,,,11,,2
1390,74,54,11,1,050327,,VV-VIVELLE BS 150ML PINK,13954.94,VV-VIVELLE BS 150ML PINK,,,,,,,,11,,2
1391,74,54,11,1,050211,,VV-VIVELLE BS 150ML VIOLET,13945.94,VV-VIVELLE BS 150ML VIOLET,,,,,,,,11,,2
1392,74,54,11,1,100503,,VV-VIVELLE EDT GLASS 100 ML BLUE/BEAUTIFUL LIFE,25225,VV-VIVELLE EDT GLASS 100 ML BLUE/BEAUTIFUL LIFE,,,,,,,,11,,2
1393,74,54,11,1,050082,,VV-VIVELLE EDT GLASS 100 ML GOLD SHIMER JOY,25225,VV-VIVELLE EDT GLASS 100 ML GOLD SHIMER JOY,,,,,,,,11,,2
1394,74,54,11,1,050105,,VV-VIVELLE EDT GLASS 100 ML PINK/PRECOUS LOVE,21225,VV-VIVELLE EDT GLASS 100 ML PINK/PRECOUS LOVE,,,,,,,,11,,2
1395,74,54,11,1,050099,,VV-VIVELLE EDT GLASS 100 ML VIOLET/SECRET WISH,25225,VV-VIVELLE EDT GLASS 100 ML VIOLET/SECRET WISH,,,,,,,,11,,2
1396,74,54,11,1,802070,,VV-VIVELLE EDT PLASTIK 100ML FELICITA BLUE,16000,VV-VIVELLE EDT PLASTIK 100ML FELICITA BLUE,,,,,,,,11,,2
1397,74,54,11,1,802087,,VV-VIVELLE EDT PLASTIK 100ML PINK BELLA,16000,VV-VIVELLE EDT PLASTIK 100ML PINK BELLA,,,,,,,,11,,2
1398,74,54,11,1,802063,,VV-VIVELLE EDT PLASTIK 100ML ROSA  GOLD,16000,VV-VIVELLE EDT PLASTIK 100ML ROSA  GOLD,,,,,,,,11,,2
1399,74,54,11,1,802117,,VV-VIVELLE EDT PLASTIK 100ML VIOLET CARINA,16000,VV-VIVELLE EDT PLASTIK 100ML VIOLET CARINA,,,,,,,,11,,2
1400,74,54,11,1,802100,,VV-VIVELLE EDT PLASTIK BELISIMA GREEN 100ML,16000,VV-VIVELLE EDT PLASTIK BELISIMA GREEN 100ML,,,,,,,,11,,2
1401,74,54,11,1,210516,,VV-VIVELLE FMT CHARCOAL(PACK 5 PCS),33873.87,VV-VIVELLE FMT CHARCOAL(PACK 5 PCS),,,,,,,,11,,2
1402,74,54,11,1,202016,,VV-VIVELLE FMT VITAMIN C(PACK 5 PCS),33873.87,VV-VIVELLE FMT VITAMIN C(PACK 5 PCS),,,,,,,,11,,2
1403,74,54,11,1,801110,,VV-VIVELLE RO BLUE WHITENING FRESH,10450.4,VV-VIVELLE RO BLUE WHITENING FRESH,,,,,,,,11,,2
1404,74,54,11,1,801103,,VV-VIVELLE RO PINK EXTRA STRONG,10450.4,VV-VIVELLE RO PINK EXTRA STRONG,,,,,,,,11,,2
1406,74,54,11,1,751033,,VV-WESLEY EDT GLASS 100 ML MANCHESTER(RED),23063.06,VV-WESLEY EDT GLASS 100 ML MANCHESTER(RED),,,,,,,,11,,2
1405,74,54,11,1,751040,,VV-WESLEY EDT GLASS 100 ML MADRID(GOLD),23063.06,VV-WESLEY EDT GLASS 100 ML MADRID(GOLD),,,,,,,,11,,2
1407,74,54,11,1,751019,,VV-WESLEY EDT GLASS 100 ML MILAN(BLACK),23063.06,VV-WESLEY EDT GLASS 100 ML MILAN(BLACK),,,,,,,,11,,2
1408,74,54,11,1,751026,,VV-WESLEY EDT GLASS 100 ML MUNCH(BLUE),23063.06,VV-WESLEY EDT GLASS 100 ML MUNCH(BLUE),,,,,,,,11,,2
1409,63,50,11,1,54709912,,BALLPEN TRIPEN 0.7MM MIX BARREL BLACK INK BOX 12,19956,BALLPEN TRIPEN 0.7MM MIX BARREL BLACK INK BOX 12,,,,,,,,11,,2
1410,63,50,11,1,54809912,,BALLPEN TRIPEN BLACK INK BOX KHUSUS,19956,BALLPEN TRIPEN BLACK INK BOX KHUSUS,,,,,,,,11,,2
1411,63,50,11,1,44909912,,BALLPOINT P7 PASTEL 0.7 INK BLACK,21492,BALLPOINT P7 PASTEL 0.7 INK BLACK,,,,,,,,11,,2
1412,63,50,11,1,117102,,BLACK PENCIL CASTELL 99000 2B (P*),33768,Black Pencil Castell 9000 2B (P*),,,,,,,,11,,2
1413,63,50,11,1,187230,,DUST-FREE ERASER SMALL WHITE NEW,56280,DUST-FREE ERASER SMALL WHITE NEW,,,,,,,,11,,2
1414,63,49,11,1,573922,,ALLIAGATOR WATERPROOF TAPE 50MMX2M,11879.28,ALLIAGATOR WATERPROOF TAPE 50MMX2M,,,,,,,,11,,2
1415,63,49,11,1,573879,,ALLIGATOR BIG REFILL CUTTER BLACK 77S,6827.03,ALLIGATOR BIG REFILL CUTTER BLACK 77S,,,,,,,,11,,2
1416,63,49,11,1,589599,,ALLIGATOR BIG SCISSORS BLACK,8308,ALLIGATOR BIG SCISSORS BLACK,,,,,,,,11,,2
1417,63,49,11,1,589551,,ALLIGATOR BIG SCISSORS BLUE,8308,ALLIGATOR BIG SCISSORS BLUE,,,,,,,,11,,2
1418,63,49,11,1,589521,,ALLIGATOR BIG SCISSORS RED,8308,ALLIGATOR BIG SCISSORS RED,,,,,,,,11,,2
1419,63,49,11,1,506019,,ALLIGATOR BINDER CLIP NO.107(19mm),2267,ALLIGATOR BINDER CLIP NO.107(19mm),,,,,,,,11,,2
1420,63,49,11,1,506025,,ALLIGATOR BINDER CLIP NO 111 (25MM),4081,ALLIGATOR BINDER CLIP NO 111 (25MM),,,,,,,,11,,2
1421,63,49,11,1,506032,,ALLIGATOR Binder Clip No.155 (32mm),6024,ALLIGATOR Binder Clip No.155 (32mm),,,,,,,,11,,2
1422,63,49,11,1,573898,,ALLIGATOR BLACK CUTTER 77 BIG,14795,ALLIGATOR BLACK CUTTER 77 BIG,,,,,,,,11,,2
1423,63,49,11,1,573899,,ALLIGATOR BLACK CUTTER 77S SMALL,7397,ALLIGATOR BLACK CUTTER 77S SMALL,,,,,,,,11,,2
1424,63,49,11,1,573996,,ALLIGATOR CLOTH TAPE 46MM BLUE,10260,ALLIGATOR CLOTH TAPE 46MM BLUE,,,,,,,,11,,2
1425,63,49,11,1,573995,,ALLIGATOR CLOTH TAPE 46MM RED,10260,ALLIGATOR CLOTH TAPE 46MM RED,,,,,,,,11,,2
1426,63,49,11,1,573997,,ALLIGATOR CLOTH TAPE 46MM SILVER,10260,ALLIGATOR CLOTH TAPE 46MM SILVER,,,,,,,,11,,2
1427,63,49,11,1,573998,,ALLIGATOR CLOTH TAPE BLACK 36mm,8395,ALLIGATOR CLOTH TAPE BLACK 36mm,,,,,,,,11,,2
1428,63,49,11,1,573999,,ALLIGATOR CLOTH TAPE BLACK 46MM,10260,ALLIGATOR CLOTH TAPE BLACK 46MM,,,,,,,,11,,2
1429,63,49,11,1,589308,,ALLIGATOR CORECTION FLUID AL-08,2029,ALLIGATOR CORECTION FLUID AL-08,,,,,,,,11,,2
1430,63,49,11,1,573801,,ALLIGATOR CUTTER AL-77 Red,6175,ALLIGATOR CUTTER AL-77 Red,,,,,,,,11,,2
1431,63,49,11,1,573800,,ALLIGATOR CUTTER AL-77 Yellow,6175,ALLIGATOR CUTTER AL-77 Yellow,,,,,,,,11,,2
1432,63,49,11,1,573803,,ALLIGATOR CUTTER TL-77 Red,8140,ALLIGATOR CUTTER TL-77 Red,,,,,,,,11,,2
1433,63,49,11,1,573802,,ALLIGATOR CUTTER TL-77 Yellow,8140,ALLIGATOR CUTTER TL-77 Yellow,,,,,,,,11,,2
1434,63,49,11,1,573912,,ALLIGATOR DOUBLE TAPE 12MMX12Y SHRINKING 1BYL,1844,ALLIGATOR DOUBLE TAPE 12MMX12Y SHRINKING 1BYL,,,,,,,,11,,2
1435,63,49,11,1,573924,,ALLIGATOR DOUBLE TAPE 24MMX12Y SHRINKING 1BYL,3424,Alligator Double Tape 24mmx12y Shrinking 1bylALLIG,,,,,,,,11,,2
1436,63,49,11,1,573950,,ALLIGATOR ELECTRICAL TAPE BLACK,6400,ALLIGATOR ELECTRICAL TAPE BLACK,,,,,,,,11,,2
1437,63,49,11,1,378860,,ALLIGATOR LEM PVAC 60G,2954,ALLIGATOR LEM PVAC 60G,,,,,,,,11,,2
1438,63,49,11,1,378850,,ALLIGATOR LIQUID GLUE 50ML,2054,ALLIGATOR LIQUID GLUE 50ML,,,,,,,,11,,2
1439,63,49,11,1,573961,,ALLIGATOR MASKING TAPE WHITE 24MMX20Y,3124,ALLIGATOR MASKING TAPE WHITE 24MMX20Y,,,,,,,,11,,2
1440,63,49,11,1,573980,,ALLIGATOR MASKING TAPE WHITE 48MMX20Y,6249,ALLIGATOR MASKING TAPE WHITE 48MMX20Y,,,,,,,,11,,2
1441,63,49,11,1,520512,,ALLIGATOR OIL PASTEL ECO 12S,8376.58,ALLIGATOR OIL PASTEL ECO 12S,,,,,,,,11,,2
1442,63,49,11,1,520524,,ALLIGATOR OIL PASTEL ECO 24S,20560.36,ALLIGATOR OIL PASTEL ECO 24S,,,,,,,,11,,2
1443,63,49,11,1,573976,,ALLIGATOR OPP TAPE BROWN 77y,9205,ALLIGATOR OPP TAPE BROWN 77y,,,,,,,,11,,2
1445,5,49,11,1,573900,,ALLIGATOR OPP TAPE CLEAR 77y,9205,ALLIGATOR OPP TAPE CLEAR 77y,,,,,,,,11,,2
1446,63,49,11,1,573903,,ALLIGATOR OPP TAPE CLEAR COLOR,6148.65,Alligator OPP Tape Clear Color 90y,,,,,,,,11,,2
1447,5,49,11,1,573901,,ALLIGATOR OPP TAPE ECO CLEAR 45MMX55Y CLEAR,5104,ALLIGATOR OPP TAPE ECO CLEAR 45MMX55Y CLEAR,,,,,,,,11,,2
1448,63,49,11,1,573877,,ALLIGATOR REFFIL CUTTER 5PC,3087,ALLIGATOR REFFIL CUTTE,,,,,,,,11,,2
1449,63,49,11,1,573878,,ALLIGATOR REFFIL CUTTER AL 7S 5PCS,1853,ALLIGATOR REFFIL CUTTER AL 7S 5PCS,,,,,,,,11,,2
1450,63,49,11,1,589300,,ALLIGATOR SHARPENER ECO 237,2822.82,ALLIGATOR SHARPENER ECO 237,,,,,,,,11,,2
1451,63,49,11,1,573822,,ALLIGATOR SMALL ALUM GOLD BLACK CUTTER 99,13315,ALLIGATOR SMALL ALUM GOLD BLACK CUTTER 99,,,,,,,,11,,2
1452,63,49,11,1,573821,,ALLIGATOR SMALL CUTTER AL-7S RED,4210,ALLIGATOR SMALL CUTTER AL-7S RED,,,,,,,,11,,2
1453,63,49,11,1,573807,,ALLIGATOR SMALL CUTTER AL-7S YELLOW,4210,ALLIGATOR SMALL CUTTER AL-7S YELLOW,,,,,,,,11,,2
1454,63,49,11,1,573880,,ALLIGATOR SMALL REFILL CUTTER BLACK 77S,4586,ALLIGATOR SMALL REFILL CUTTER BLACK 77S,,,,,,,,11,,2
1455,63,49,11,1,589699,,ALLIGATOR SMALL SCISSORS BLACK,5752,ALLIGATOR SMALL SCISSORS BLACK,,,,,,,,11,,2
1456,63,49,11,1,589651,,ALLIGATOR SMALL SCISSORS BLUE,5752,ALLIGATOR SMALL SCISSORS BLUE,,,,,,,,11,,2
1457,63,49,11,1,589621,,ALLIGATOR SMALL SCISSORS RED,5752,ALLIGATOR SMALL SCISSORS RED,,,,,,,,11,,2
1458,63,49,11,1,589310,,ALLIGATOR SOFT ERASER A40,21333.2,ALLIGATOR SOFT ERASER A40,,,,,,,,11,,2
1459,63,49,11,1,573913,,ALLIGATOR STATIONERY TAPE CL 12MMX72Y,2081,ALLIGATOR STATIONERY TAPE CL 12MMX72Y,,,,,,,,11,,2
1460,63,49,11,1,573925,,ALLIGATOR STATIONERY TAPE CL 24MMX72Y,3972,ALLIGATOR STATIONERY TAPE CL 24MMX72Y,,,,,,,,11,,2
1461,63,49,11,1,589587,,ALLIGATOR TEFLON SCISSOR BG 87,20225.23,ALLIGATOR TEFLON SCISSOR BG 87,,,,,,,,11,,2
1462,63,49,11,1,589597,,ALLIGATOR TEFLON SCISSOR EF 97,19502.7,ALLIGATOR TEFLON SCISSOR EF 97,,,,,,,,11,,2
1463,63,49,11,1,589567,,ALLIGATOR TEFLON SCISSOR MD 67,17336.04,ALLIGATOR TEFLON SCISSOR MD 67,,,,,,,,11,,2
1464,63,49,11,1,573921,,ALLIGATOR WATERPROOF TAPE 50MMX1M,7919.82,ALLIGATOR WATERPROOF TAPE 50MMX1M,,,,,,,,11,,2
1465,63,49,11,1,500405,,NANO TAPE Roll 3CM X 1M,15545,NANO TAPE Roll 3CM X 1M,,,,,,,,11,,2
1466,63,49,11,1,505100,,STAPLER PIN NO 10 MINI BOX ALLIGATOR,1175,STAPLER PIN NO 10 MINI BOX ALLIGATOR,,,,,,,,11,,2
1467,25,95,11,1,BB100,,LOLUNA HEAD TO TOE BABY WASH 100ML,15868.8,LOLUNA HEAD TO TOE BABY WASH 100ML,,,,,,,,11,,2
1468,25,95,11,1,BB300,,LOLUNA HEAD TO TOE BABY WASH 300ML,35075.7,LOLUNA HEAD TO TOE BABY WASH 300ML,,,,,,,,11,,2
1469,25,95,11,1,BB450,,LOLUNA HEAD TO TOE BABY WASH 450ML,42300,LOLUNA HEAD TO TOE BABY WASH 450ML,,,,,,,,11,,2
1470,25,96,11,1,BL80,,LOLUNA FACE & BODY BABY LOTION 80ML,25540,,,,,,,,,11,,2
1471,25,96,11,1,BL200,,LOLUNA FACE & BODY BABY LOTION 200ML,53939.7,LOLUNA FACE & BODY BABY LOTION 200ML,,,,,,,,11,,2
1472,25,96,11,1,BL100,,LOLUNA BABY HAIR LOTION 100ML,23157,LOLUNA BABY HAIR LOTION 100ML,,,,,,,,11,,2
1473,25,97,11,1,BC40,,LOLUNA BABY CALMING CREAM 40ML,37500,LOLUNA BABY CALMING CREAM 40ML,,,,,,,,11,,2
1474,25,97,11,1,BC30,,LOLUNA CERAPAIR BABY RASH CREAM 30ML,41669.7,LOLUNA CERAPAIR BABY RASH CREAM 30ML,,,,,,,,11,,2
1475,25,98,11,1,BCL100,,LOLUNA BABY COLOGNE 100ML,25128,LOLUNA BABY COLOGNE 100ML,,,,,,,,11,,2
1476,25,99,11,1,BO110,,LOLUNA BABY TELON OIL 110ML,27567.9,LOLUNA BABY TELON OIL 110ML,,,,,,,,11,,2
1480,24,104,16,1,111,111,HORUS PRODUK 1 BRAND 1 KATEGORI 1,8500,,,,,,,,,11,,2
1481,24,104,17,1,112,112,HORUS PRODUK 2 BRAND 1 KATEGORI 2,12000,,,,,,,,,11,,2
1482,27,105,16,1,221,221,HORUS PRODUK 3 BRAND 2 KATEGORI 1,17000,,,,,,,,,11,,2
1484,43,46,11,1,1301194,K-32 DTB,K32 DAHLIA TOILET BALL 6 PCS NEW (6LSN),19550,K32 DAHLIA TOILET BALL 6 PCS NEW (6LSN),,,,,,,,11,,2
1485,43,46,11,1,1302004,,TEH BOTOL SOSRO KOTAK 300ML K24 -PROGRAM,17638,TEH BOTOL SOSRO KOTAK 300ML K24 -PROGRAM,,,,,,,,11,,2
1486,43,46,11,1,1309097,,K24/S D FRUITY APPLE NEW 120PC,8464,K24/S D FRUITY APPLE NEW 120PC,,,,,,,,11,,2
1444,63,49,11,1,573978,,ALLIGATOR OPP TAPE BROWN COLOR 90Y,6148.08,ALLIGATOR OPP TAPE BROWN COLOR 90Y,,,,,,,,11,,2
1492,37,93,8,1,12121,,Test Produk 1,4000,,,,,,,,,11,,2
1493,33,93,8,1,111111,,Test Produk 2,4000,,,,,,,,,11,,2
1494,33,93,8,1,1212121,,Test Produk 3,5000,,,,,,,,,11,,2
1496,5,106,11,1,BK-010,,STARKE TWIN BLADE PCH CONFI LADIES (3+2FREE),7409.91,STARKE TWIN BLADE PCH CONFI LADIES (3+2FREE),,,,,,,,11,,2
1495,5,106,11,1,BK-007,,STARKE PREM DISP TWIN BLADE PCH LUBRA (BLACK),5585.58,STARKE PREM DISP TWIN BLADE PCH LUBRA (BLACK),,,,,,,,11,,2
1497,5,106,11,1,BK-006,,STARKE PREM TWIN BLADE PCH DISP RAZOR (3+2FREE),7409.91,STARKE PREM TWIN BLADE PCH DISP RAZOR (3+2FREE),,,,,,,,11,,2
1498,10,35,11,1,FGBSE3006,,BELLAGIO BODY SPY BROWN ENERGY 175ML,24637.42,BELLAGIO BODY SPY BROWN ENERGY 175ML,,,,,,,,11,,2
1499,22,88,8,1,121313,,test produk bela1,6000,,,,,,,,,11,,2
1501,13,48,11,1,1902006,DANAVD16,NATUR E ADVANCED 16S 4x56box,33098.78,NATUR E ADVANCED 16S 4x56box,,,,,,,,11,,2
922,22,101,9,1,11111,,Testproduk1234,10500,coba,,,,,,,,11,,2
556,5,2,11,1,CABP401,,1012 BP4 AAA MERAH/ E301339901,8657,,0,0,0,10,100,,1,11,,2
1502,6,74,17,1,MCAB001,,barang tester,900,,10000,0,0,0,0,,0,11,,2
1511,82,,,1,00023_BD,,BK/GARLIC BREAD CRACKERS 108GR 6X4BAG,3308.76,,3636,,,1,24,PC,,11,,2
1504,22,81,16,1,MCLO0092,3324324244,produk tes,100,,10000,0,0,0,0,,0,11,,2
1505,25,81,17,1,MCLO2222,07508470957,test produk 2,200,,3000,0,0,0,0,,0,11,,2
1506,25,52,9,1,SZRC006,098098,tester 3,400,,1000,0,0,0,0,,0,11,,2
1507,25,88,16,1,MCLO444,0989890,testeer 4,900,,2000,0,0,0,0,,0,11,,2
1508,25,88,16,1,MKPR001,09808,tester 5,100,,2000,0,0,0,0,,0,11,,2
1509,25,52,8,1,MLCK003,8780979,tester 6,200,,20000,0,0,0,0,,0,11,,2
1512,82,,,1,10006,,BK/HAPPY HAPPY 700GR/6BUCKET,47154.38,,51818,,,1,6,PC,,11,,2
1513,82,,,1,10006_BD,,BK/HAPPY HAPPY 700GR/6BUCKET,47154.38,,51818,,,1,6,PC,,11,,2
1514,82,,,1,10007,,BK/FAMILY ASSORTED 400GR 6BUCKET,26610.67,,29242.5,,,1,6,PC,,11,,2
1515,82,,,1,10030,,WLK/MAJESTIC AVOCADO CHOCOLATE 70GR 10X3,2049.32,,2252,,,1,30,PC,,11,,2
1516,82,,,1,10030_BD,,WLK/MAJESTIC AVOCADO CHOCOLATE 70GR 10X3,2049.32,,2252,,,1,30,PC,,11,,2
1517,82,,,1,10030_BN,,WLK/MAJESTIC AVOCADO CHOCOLATE 70GR 10X3,0,,0,,,1,30,PC,,11,,2
1518,82,,,1,10033,,WLK/MAJESTIC CHOCOLATTE 70GR 10X3,2049.32,,2252,,,1,30,PC,,11,,2
1519,82,,,1,10033_BD,,WLK/MAJESTIC CHOCOLATTE 70GR 10X3,2049.32,,2252,,,1,30,PC,,11,,2
1520,82,,,1,10033_BN,,WLK/MAJESTIC CHOCOLATTE 70GR 10X3,0,,0,,,1,30,PC,,11,,2
1521,82,,,1,10034,,WLK/HOKAIDO MAJESTIC CHEESE 70GR 10X3,2049.32,,2252,,,1,30,PC,,11,,2
1522,82,,,1,10034_BD,,WLK/HOKAIDO MAJESTIC CHEESE 70GR 10X3,2049.32,,2252,,,1,30,PC,,11,,2
1523,82,,,1,10034_BN,,WLK/HOKAIDO MAJESTIC CHEESE 70GR 10X3,0,,0,,,1,30,PC,,11,,2
1524,82,,,1,10035,,WLK/WAFER CHEESE 252GR 6BUCKET,15580.26,,17121.17,,,1,6,PC,,11,,2
1525,82,,,1,10036,,WLK/WAFER CHOCOLATE 252GR 6BUCKET,17951.57,,19727,,,1,6,PC,,11,,2
1526,82,,,1,10051,,WLK/MAJESTIC THAI TEA 70GR 10X3,2049.32,,2252,,,1,30,PC,,11,,2
1527,82,,,1,10051_BD,,WLK/MAJESTIC THAI TEA 70GR 10X3,2049.32,,2252,,,1,30,PC,,11,,2
1528,82,,,1,10052,,WLK/MAJESTIC DALGONA COFFEE 70GR 10X3,2049.32,,2252,,,1,30,PC,,11,,2
1529,82,,,1,10052_BD,,WLK/MAJESTIC DALGONA COFFEE 70GR 10X3,2049.32,,2252,,,1,30,PC,,11,,2
1530,82,,,1,1015577,,MMSK TP ROTI 1000g,46931,,59369,,,1,6,PC,,11,,2
1531,82,,,1,1015577_BD,,MMSK TP ROTI 1000g,46931,,59369,,,1,6,PC,,11,,2
1532,82,,,1,1015679,,MMSK TP ROTI 500GR (X12EA),26564,,33604,,,1,12,PC,,11,,2
1533,82,,,1,1015679_BD,,MMSK TP ROTI 500GR (X12EA),26564,,33604,,,1,12,PC,,11,,2
1534,82,,,1,1015881_BD,,MMSK TP BAKWAN (R) 100GR (X120EA),1748.18,,2201.82,,,1,120,PC,,11,,2
1535,82,,,1,1015941_BD,,MMSK TP BB KRISPI RCG 80GRX120EA,1640,,2064.55,,,1,120,PC,,11,,2
1536,82,,,1,1015943_BD,,MMSK TP PISANG GRG PANDAN RCG 80GRX120EA,1785.45,,2247.27,,,1,120,PC,,11,,2
1537,82,,,1,1015944_BD,,MMSK TP TEMPE GRG RCG 80GRX120EA,1624.55,,2101.82,,,1,120,PC,,11,,2
1538,82,,,1,1015957_BD,,MMSK TP BB KRISPI HOT RCG 80GRX120EA,1755.45,,2210,,,1,120,PC,,11,,2
1539,82,,,1,1016835_BD,,MMSK TP KRISPI KEJU 180GRX40EA,4120.91,,5227.27,,,1,40,PC,,11,,2
1540,82,,,1,1016844_BD,,MMSK TP KRISPI LADA HTM 180GRX40EA,4120.91,,5227.27,,,1,40,PC,,11,,2
1541,82,,,1,1017196_BD,,MMSK TP BAKWAN UDANG 180GR 40/CT,4120.45,,5227.27,,,1,40,PC,,11,,2
1542,82,,,1,1017197_BD,,MMSK TP BAKWAN JAGUNG 180 GR 40/CT,4120.45,,5227.27,,,1,40,PC,,11,,2
1543,82,,,1,1017372,,MMSK SAMBAL TERASI SCH 15GR X 300EA,1041.44,,1390.09,,,1,300,PC,,11,,2
1544,82,,,1,1017372_BD,,MMSK SAMBAL TERASI SCH 15GR X 300EA,777.27,,1098.18,,,1,300,PC,,11,,2
1545,82,,,1,1017795,,MMSK TP MAIZENA 150GRX24EA,3662.73,,4613.64,,,1,24,PC,,11,,2
1546,82,,,1,1017795_BD,,MMSK TP MAIZENA 150GRX24EA,3662.73,,4613.64,,,1,24,PC,,11,,2
1547,82,,,1,1017914,,MMSK TP BB KRISPI RCG 35GRX200EA,1068,,1351,,,1,200,PC,,11,,2
1548,82,,,1,1017914_BD,,MMSK TP BB KRISPI RCG 35GRX200EA,1068,,1351,,,1,200,PC,,11,,2
1549,82,,,1,1017915_BD,,MMSK TP BB KRISPI 225GRX40EA,4125.45,,5193.64,,,1,40,PC,,11,,2
1550,82,,,1,1017922_BD,,MMSK TP PISANG GRG PANDAN 225GR,4369.19,,5500.91,,,1,40,PC,,11,,2
1551,82,,,1,1018009,,MMSK TP BAKWAN 1KGX10EA,16024,,20270,,,1,10,PC,,11,,2
1552,82,,,1,1018009_BD,,MMSK TP BAKWAN 1KGX10EA,16024,,20270,,,1,10,PC,,11,,2
1553,82,,,1,1018013,,BIO MIWON 200GR PREMIUM M(X80EA),9218.01,,11753.15,,,1,80,PC,,11,,2
1554,82,,,1,1018013_BD,,BIO MIWON 200GR PREMIUM M(X80EA),9218.01,,11753.15,,,1,80,PC,,11,,2
1555,82,,,1,1018025,,BIO MIWON 40GR PREMIUM M(X240EA),2346.84,,2992.79,,,1,240,PC,,11,,2
1556,82,,,1,1018025_BD,,BIO MIWON 40GR PREMIUM M(X240EA),2346.84,,2992.79,,,1,240,PC,,11,,2
1557,82,,,1,1018061,,MMSK PANCAKE MIX ORIGINAL 190GRX24EA,7159.09,,9013.64,,,1,24,PC,,11,,2
1558,82,,,1,1018061_BD,,MMSK PANCAKE MIX ORIGINAL 190GRX24EA,7159.09,,9013.64,,,1,24,PC,,11,,2
1559,82,,,1,1018185,,MMSK GIM 4.5GR P2 (X80EA) RUMPUT LAUT,4761,,6203,,,1,80,PC,,11,,2
1560,82,,,1,1018185_BD,,MMSK GIM 4.5GR P2 (X80EA) RUMPUT LAUT,4761,,6203,,,1,80,PC,,11,,2
1561,82,,,1,1018261,,MMSK GARAM REGULER250GR(x48EA),1385,,1745,,,1,48,PC,,11,,2
1562,82,,,1,1018261_BD,,MMSK GARAM REGULER250GR(x48EA),1385,,1745,,,1,48,PC,,11,,2
1563,82,,,1,1018357,,MMSK BB KUAH BAKSO 8GRX720EA,287,,362,,,1,720,PC,,11,,2
1564,82,,,1,1018357_BD,,MMSK BB KUAH BAKSO 8GRX720EA,287,,362,,,1,720,PC,,11,,2
1565,82,,,1,1018450,,MMSK TP ROTI 10KG MIX,181744,,229910,,,1,1,PC,,11,,2
1566,82,,,1,1018450_BD,,MMSK TP ROTI 10KG MIX,162162.16,,204504.5,,,1,1,PC,,11,,2
1567,82,,,1,1018516,,Sunchang Gochujang 500g,33590.91,,42363.64,,,1,20,PC,,11,,2
1568,82,,,1,1018519,,Gochujang 1kg (Indonesia),64260,,81364,,,1,12,PC,,11,,2
1569,82,,,1,1018739,,MMSK BB KUAH BAKSO 250GX40EA,5967.27,,7518.18,,,1,40,PC,,11,,2
1570,82,,,1,1018739_BD,,MMSK BB KUAH BAKSO 250GX40EA,5967.27,,7518.18,,,1,40,PC,,11,,2
1571,82,,,1,1019481_BD,,MMSK TP PISANG GRG VANILA (RCG) 80GR (X1,1785.45,,2247.27,,,1,120,PC,,11,,2
1572,82,,,1,1019535_BD,,MMSK TP TEMPE GORENG (RCG) 30 GR (x200EA,749.09,,943.64,,,1,200,PC,,11,,2
1573,82,,,1,1019555_BD,,MMSK TP PISANG GRG VANILA 225GR,4369.19,,5500.91,,,1,40,PC,,11,,2
1574,82,,,1,1019741,,MMSK TP BB KRISPI 900GRX10EA,17662,,22342,,,1,10,PC,,11,,2
1575,82,,,1,1019741_BD,,MMSK TP BB KRISPI 900GRX10EA,17662,,22342,,,1,10,PC,,11,,2
1576,82,,,1,1020171_BD,,DELISAOS S TIRAM UDG&JMR 130ML (X24EA),6556.36,,8522.73,,,1,24,PC,,11,,2
1577,82,,,1,1020175,,DELISAOS S TIRAM UDG&JMR 260ML (X12 EA),12062.73,,15681.82,,,1,12,PC,,11,,2
1578,82,,,1,1020175_BD,,DELISAOS S TIRAM UDG&JMR 260ML (X12 EA),12062.73,,15681.82,,,1,12,PC,,11,,2
1579,82,,,1,1020176,,DELISAOS HOT LAVA 160ML (X24 EA),5985.58,,7657.65,,,1,24,PC,,11,,2
1580,82,,,1,1020176_BD,,DELISAOS HOT LAVA 130ML (X24 EA),5985.58,,7657.65,,,1,24,PC,,11,,2
1581,82,,,1,1020177,,DELISAOS HOT LAVA 260ML (X12 EA),9178.18,,11931.82,,,1,12,PC,,11,,2
1582,82,,,1,1020177_BD,,DELISAOS HOT LAVA 260ML (X12 EA),9178.18,,11931.82,,,1,12,PC,,11,,2
1583,82,,,1,1020178_BD,,DELISAOS S TIRAM MANIS 130ML (X24 EA),6556.36,,8522.73,,,1,24,PC,,11,,2
1584,82,,,1,1020179,,DELISAOS S TIRAM MANIS 260ML (X12 EA),12062.73,,15681.82,,,1,12,PC,,11,,2
1585,82,,,1,1020179_BD,,DELISAOS S TIRAM MANIS 260ML (X12 EA),12062.73,,15681.82,,,1,12,PC,,11,,2
1586,82,,,1,1020190,,MMSK MAYONAIS 100GR 40/CT,4745.45,,6000,,,1,40,PC,,11,,2
1587,82,,,1,1020190_BD,,MMSK MAYONAIS 100GR 40/CT,4745.45,,6000,,,1,40,PC,,11,,2
1588,82,,,1,1020191,,MMSK MAYONAIS 300GR (x12EA),20837.83,,26576.57,,,1,12,PC,,11,,2
1589,82,,,1,1020191_BD,,MMSK MAYONAIS 300GR (x12EA),20837.83,,26576.57,,,1,12,PC,,11,,2
1590,82,,,1,1020193_BD,,MMSK MAYONAIS 1KG (x8EA),40173.87,,51171.17,,,1,8,PC,,11,,2
1591,82,,,1,1020195_BD,,MMSK CHEESY MAYONNAISE 100GR,4265.73,,5545.45,,,1,40,PC,,11,,2
1592,82,,,1,1020196_BD,,MMSK CHEESY MAYONNAISE 300GR (x12EA),17098.18,,22227.27,,,1,12,PC,,11,,2
1593,82,,,1,1020197,,MMSK SALAD DRESSING SAUS MAYO 1KG (x8EA),23087.38,,29549.54,,,1,8,PC,,11,,2
1594,82,,,1,1020197_BD,,MMSK SALAD DRESSING SAUS MAYO 1KG (x8EA),23087.38,,29549.54,,,1,8,PC,,11,,2
1595,82,,,1,1020199,,MMSK THOUSAND ISLAND DRESSING 300GR,15979.02,,20772.73,,,1,12,PC,,11,,2
1596,82,,,1,1020199_BD,,MMSK THOUSAND ISLAND DRESSING 300GR,15979.02,,20772.73,,,1,12,PC,,11,,2
1597,82,,,1,1020277_BD,,MMSK BON NORI 30 GR (X48 EA),10262.12,,12827.27,,,1,48,PC,,11,,2
1598,82,,,1,1020278_BD,,MMSK BON NORI SPICY 30 GR (X48 EA),10262.12,,12827.27,,,1,48,PC,,11,,2
1599,82,,,1,1020288,,MMSK GIM SPICY 4.5GR P2 (X80 EA),4761.26,,6203,,,1,80,PC,,11,,2
1600,82,,,1,1020288_BD,,MMSK GIM SPICY 4.5GR P2 (X80 EA),4761,,6203,,,1,80,PC,,11,,2
1601,82,,,1,1020289,,MMSK BOLOGNESE 315GR 24/CT,10625.22,,13828.82,,,1,24,PC,,11,,2
1602,82,,,1,1020289_BD,,MMSK BOLOGNESE 315GR 24/CT,10625.22,,13828.82,,,1,24,PC,,11,,2
1603,82,,,1,1020290,,DELISAOS NASI GRG TERI MEDAN 50GR,3496.36,,4545.45,,,1,48,PC,,11,,2
1604,82,,,1,1020290_BD,,DELISAOS NASI GRG TERI MEDAN 50GR,3496.36,,4545.45,,,1,48,PC,,11,,2
1605,82,,,1,1020292,,MMSK ARRABIATA 315GR,10153.64,,13200,,,1,24,PC,,11,,2
1606,82,,,1,1020292_BD,,MMSK SPICY ARRABIATA 315GR,10153.64,,13200,,,1,24,PC,,11,,2
1607,82,,,1,1020293,,MMSK ROSE SPAGETTI 315GR,10153.64,,13200,,,1,24,PC,,11,,2
1608,82,,,1,1020293_BD,,MMSK ROSE SPAGETTI 315GR,10153.64,,13200,,,1,24,PC,,11,,2
1609,82,,,1,1020294,,DELISAOS RENDANG PADANG 50GR,3496.36,,4545.45,,,1,48,PC,,11,,2
1610,82,,,1,1020294_BD,,DELISAOS RENDANG PADANG 50GR,3496.36,,4545.45,,,1,48,PC,,11,,2
1611,82,,,1,1020295,,DELISAOS SOTO KUDUS 50GR,3496.36,,4545.45,,,1,48,PC,,11,,2
1612,82,,,1,1020295_BD,,DELISAOS SOTO KUDUS 50GR,3496.36,,4545.45,,,1,48,PC,,11,,2
1613,82,,,1,1020307,,MIWON GARAM GURIH 250G (48EA),4896.39,,6126.12,,,1,48,PC,,11,,2
1614,82,,,1,1020307_BD,,MIWON GARAM GURIH 250G (48EA),4896.39,,6126.12,,,1,48,PC,,11,,2
1615,82,,,1,1020314,,MIWON GARAM GURIH 500G (x24EA),9118.01,,11711.71,,,1,24,PC,,11,,2
1616,82,,,1,1020314_BD,,MIWON GARAM GURIH 500G (x24EA),9118.01,,11711.71,,,1,24,PC,,11,,2
1617,82,,,1,1020315,,MIWON GARAM GURIH 300G (x40EA),9667.56,,12792.79,,,1,40,PC,,11,,2
1618,82,,,1,1020315_BD,,MIWON GARAM GURIH 300G (x40EA),7072.07,,8908.1,,,1,40,PC,,11,,2
1619,82,,,1,1020316,,MIWON GARAM GURIH 1KG (x12EA),13600,,17304.5,,,1,12,PC,,11,,2
1620,82,,,1,1020316_BD,,MIWON GARAM GURIH 1KG (x12EA),13600,,17304.5,,,1,12,PC,,11,,2
1621,82,,,1,1020519,,MMSK TP ROTI 200GR MIX 24/CT,9009,,11396,,,1,24,PC,,11,,2
1622,82,,,1,1020519_BD,,MMSK TP ROTI 200GR MIX 24/CT,8558.55,,10930.63,,,1,24,PC,,11,,2
1623,82,,,1,1020520,,MMSK GIM BBQ P2 4.5G (80X EA),4761,,6203,,,1,80,PC,,11,,2
1624,82,,,1,1020520_BD,,MMSK GIM BBQ P2 4.5G (80X EA),4761,,6203,,,1,80,PC,,11,,2
1625,82,,,1,1020521,,MMSK GIM SALTED EGG P2 4.5GR (x80EA),4761,,6203,,,1,80,PC,,11,,2
1626,82,,,1,1020521_BD,,MMSK GIM SALTED EGG P2 4.5GR (x80EA),4761,,6203,,,1,80,PC,,11,,2
1627,82,,,1,1020607,,MMSK TP ROTI 500GR MIX (x12EA),20368,,25766,,,1,12,PC,,11,,2
1628,82,,,1,1020607_BD,,MMSK TP ROTI 500GR MIX (x12EA),18393.69,,23498.19,,,1,12,PC,,11,,2
1629,82,,,1,1020672,,MMSK TP ROTI 100GR MIX (x48EA),5092,,6441,,,1,48,PC,,11,,2
1630,82,,,1,1020672_BD,,MMSK TP ROTI 100GR MIX (x48EA),5092,,6441,,,1,48,PC,,11,,2
1631,82,,,1,1020921,,DELISAOS HOT LAVA 1KG (x8EA),24736,,31266,,,1,8,PC,,11,,2
1632,82,,,1,1020922,,"DELISAOS HOT LAVA 6,2KG",133536,,172135,,,1,3,PC,,11,,2
1633,82,,,1,1020922_BD,,"DELISAOS HOT LAVA 6,2KG",110071.17,,139639.63,,,1,3,PC,,11,,2
1634,82,,,1,1020967,,MMSK BON NORI 60GR (X20EA),16900,,21181.82,,,1,20,PC,,11,,2
1635,82,,,1,1020967_BD,,MMSK BON NORI 60GR (X20EA),16900,,21181.82,,,1,20,PC,,11,,2
1636,82,,,1,1020968,,MMSK BON NORI SPICY 60 GR (X20 EA),16900,,21181.82,,,1,20,PC,,11,,2
1637,82,,,1,1020968_BD,,MMSK BON NORI SPICY 60 GR (X20 EA),16900,,21181.82,,,1,20,PC,,11,,2
1638,82,,,1,1020969,,MMSK TP BB ALA RESTO 900GR (x10EA),13887,,17568,,,1,10,PC,,11,,2
1639,82,,,1,1020969_BD,,MMSK TP BB ALA RESTO 900GR (x10EA),13887,,17568,,,1,10,PC,,11,,2
1640,82,,,1,1021152,,MMSK SUSHI NORI 20GR (X40 EA),32635.13,,42860,,,1,40,PC,,11,,2
1641,82,,,1,1021152_BD,,MMSK SUSHI NORI 20GR (X40 EA),24050,,29909.09,,,1,40,PC,,11,,2
1642,82,,,1,1021298,,MMSK HONEY MUSTARD 300GR (x12EA),18356.36,,23863.64,,,1,12,PC,,11,,2
1643,82,,,1,1021298_BD,,MMSK HONEY MUSTARD 300GR (x12EA),18356.36,,23863.64,,,1,12,PC,,11,,2
1644,82,,,1,1021490_BD,,HOT LAVA VOLCANO 130ML 24/CT,5900,,7670.9,,,1,24,PC,,11,,2
1645,82,,,1,1021491,,HOT LAVA VOLCANO 320ML (x12EA),9833.64,,12784.55,,,1,12,PC,,11,,2
1646,82,,,1,1021491_BD,,HOT LAVA VOLCANO 260ML (x12EA),9833.64,,12784.55,,,1,12,PC,,11,,2
1647,82,,,1,1021635,,Ofood BBQ Galbi sauce for beef 280g,17747.74,,19819.81,,,1,20,PC,,11,,2
1648,82,,,1,1021674,,MMSK BB SERBAGUNA RS SAPI 1KG(10XEA),19490.91,,24559.09,,,1,10,PC,,11,,2
1649,82,,,1,1021674_BD,,MMSK BB SERBAGUNA RS SAPI 1KG(10XEA),19490.91,,24559.09,,,1,10,PC,,11,,2
1650,82,,,1,1021675,,MMSK BB SERBAGUNA RS AYAM 1KG(X10EA),19490.91,,24559.09,,,1,10,PC,,11,,2
1651,82,,,1,1021675_BD,,MMSK BB SERBAGUNA RS AYAM 1KG(X10EA),19490.91,,24559.09,,,1,10,PC,,11,,2
1652,82,,,1,1021740,,MMSK SALAD DRESSING HOT LAVA 300GR (X12EA),17045.45,,22159.09,,,1,12,PC,,11,,2
1653,82,,,1,1021740_BD,,MMSK SALAD DRESSING HOT LAVA 300GR (X12EA),17045.45,,22159.09,,,1,12,PC,,11,,2
1654,82,,,1,1021741,,MMSK SALAD DRESSING HOT LAVA 100GR (x40EA),4755.45,,6181.82,,,1,40,PC,,11,,2
1655,82,,,1,1021741_BD,,MMSK SALAD DRESSING HOT LAVA 100GR (x40EA),4755.45,,6181.82,,,1,40,PC,,11,,2
1656,82,,,1,1021790,,MMSK SAUS SAMBAL PREMIUM 1KG (x12EA),17257.27,,22000,,,1,12,PC,,11,,2
1657,82,,,1,1021790_BD,,MMSK SAUS SAMBAL PREMIUM 1KG (x12EA),17257.27,,22000,,,1,12,PC,,11,,2
1658,82,,,1,1021818,,MMSK TERASI DUO 6 gr (16 x 20 EA ),196,,248,,,1,320,PC,,11,,2
1659,82,,,1,1021856,,MMSK SAUS SAMBAL ALA RESTO 1KG (x12EA),9300.91,,12090.91,,,1,12,PC,,11,,2
1660,82,,,1,1021856_BD,,MMSK SAUS SAMBAL ALA RESTO 1KG (x12EA),9300.91,,12090.91,,,1,12,PC,,11,,2
1661,82,,,1,1021907,,MMSK SALAD DRESSING 150GR (x24EA),5711.71,,7522.52,,,1,24,PC,,11,,2
1662,82,,,1,1021907_BD,,MMSK SALAD DRESSING 150GR (x24EA),5711.71,,7522.52,,,1,24,PC,,11,,2
1663,82,,,1,1021969,,MMSK THOUSAND ISLAND 100GR (X40EA),4195.45,,5454.55,,,1,40,PC,,11,,2
1664,82,,,1,1021969_BD,,MMSK THOUSAND ISLAND 100GR (X40EA),4195.45,,5454.55,,,1,40,PC,,11,,2
1665,82,,,1,1021970,,MMSK HONEY MUSTARD 100GR (X40EA),5734.55,,7454.55,,,1,40,PC,,11,,2
1666,82,,,1,1021970_BD,,MMSK HONEY MUSTARD 100GR (X40EA),5734.55,,7454.55,,,1,40,PC,,11,,2
1667,82,,,1,1021971,,MMSK WIJEN SANGRAI 100GR ROASTED SESAME,4755.45,,6181.82,,,1,40,PC,,11,,2
1668,82,,,1,1021971_BD,,MMSK WIJEN SANGRAI 100GR ROASTED SESAME,4755.45,,6181.82,,,1,40,PC,,11,,2
1669,82,,,1,1021972,,MMSK SAUS SAMBAL ALA RESTO 500GR (x24EA),5104.55,,6636.36,,,1,24,PC,,11,,2
1670,82,,,1,1021972_BD,,MMSK SAUS SAMBAL ALA RESTO 500GR (x24EA),5104.55,,6636.36,,,1,24,PC,,11,,2
1671,82,,,1,1021979,,MMSK SAUS TOMAT ALA RESTO 500GR (X24EA),4475.45,,5818.18,,,1,24,PC,,11,,2
1672,82,,,1,1021979_BD,,MMSK SAUS TOMAT ALA RESTO 500GR (X24EA),4475.45,,5818.18,,,1,24,PC,,11,,2
1673,82,,,1,1022263,,MMSK PUDDING MIX CHOCO TIRAMISU 136GR (x24),8596.39,,10991,,,1,24,PC,,11,,2
1674,82,,,1,1022264,,MMSK PUDDING MIX CHOCO TRUFFLE 145GR (X24),8596.39,,10991,,,1,24,CT,,11,,2
1675,82,,,1,1022361,,MMSK SAUS TOMAT PREMIUM 1KG (X12EA),13146.36,,16818.18,,,1,12,PC,,11,,2
1676,82,,,1,1022361_BD,,MMSK SAUS TOMAT PREMIUM 1KG (X12EA),13146.36,,16818.18,,,1,12,PC,,11,,2
1677,82,,,1,1022397,,MIWON 5000M M(130GRx80EA),3810.91,,4929.09,,,1,80,PC,,11,,2
1678,82,,,1,1022398,,MIWON 1000M M(14GRx336EA),732.73,,981.82,,,1,336,PC,,11,,2
1679,82,,,1,1022398_BD,,MIWON 1000M M(20GRx336EA),732.73,,981.82,,,1,336,PC,,11,,2
1680,82,,,1,1022437,,DELISAOS KECAP ASIN CAP RAJA 320G,9330.9,,12136.36,,,1,12,PC,,11,,2
1681,82,,,1,1022437_BD,,DELISAOS KECAP ASIN CAP RAJA 320G,933.9,,12136.36,,,1,12,PC,,11,,2
1682,82,,,1,1022459,,MMSK GIM JAGUNG BAKAR P2 4.5G (80X EA),4761,,6203,,,1,80,PC,,11,,2
1683,82,,,1,1022459_BD,,MMSK GIM JAGUNG BAKAR P2 4.5G (80X EA),4761,,6203,,,1,80,PC,,11,,2
1684,82,,,1,1022467,,MMSK DELISAOS SAUS TERIYAKI 130 ML (161GR X24EA),5842.73,,7772.73,,,1,24,PC,,11,,2
1847,82,,,1,1100338,,MIWON 50GR L(X240EA),2433.33,,3102.7,,,1,240,PC,,11,,2
1685,82,,,1,1022467_BD,,MMSK DELISAOS SAUS TERIYAKI 130 ML (161GR X24EA),5842.73,,7772.73,,,1,24,PC,,11,,2
1686,82,,,1,1022468,,MMSK DELISAOS SAUS TERIYAKI 260 ML (X12EA),11320.72,,15000,,,1,12,PC,,11,,2
1687,82,,,1,1022468__BD,,MMSK DELISAOS SAUS TERIYAKI 260 ML (X12EA),0,,0,,,1,12,PC,,11,,2
1688,82,,,1,1022468_BD,,MMSK DELISAOS SAUS TERIYAKI 260 ML (X12EA),11320.72,,15000,,,1,12,PC,,11,,2
1689,82,,,1,1022469,,MMSK DELISAOS SAUS BULGOGI 130 ML (161GR X24EA),5842.73,,7772.73,,,1,24,PC,,11,,2
1690,82,,,1,1022469_BD,,MMSK DELISAOS SAUS BULGOGI 130 ML (161GR X24EA),5842.73,,7772.73,,,1,24,PC,,11,,2
1691,82,,,1,1022470_BD,,MMSK SAUS JAPCHAE ORIGINAL 100GR (X40EA),5112.72,,6818.18,,,1,40,PC,,11,,2
1692,82,,,1,1022481,,MMSK DELISAOS SAUS BULGOGI 260 ML ( X12EA),11320.72,,15000,,,1,12,PC,,11,,2
1693,82,,,1,1022481_BD,,MMSK DELISAOS SAUS BULGOGI 260 ML ( X12EA),11320.72,,15000,,,1,12,PC,,11,,2
1694,82,,,1,1022483,,MMSK DELISAOS SAUS TOPOKKI ORIGINAL 100 GR(X40EA),5112.73,,6818.18,,,1,40,PC,,11,,2
1695,82,,,1,1022483_BD,,MMSK DELISAOS SAUS TOPOKKI ORIGINAL 100 GR(X40EA),5112.73,,6818.18,,,1,40,PC,,11,,2
1696,82,,,1,1022484,,MMSK DELISAOS SAUS TOPOKKI CREAMY 100 GR(X40EA),5112.73,,6818.18,,,1,40,PC,,11,,2
1697,82,,,1,1022484_BD,,MMSK DELISAOS SAUS TOPOKKI CREAMY 100 GR(X40EA),5112.73,,6818.18,,,1,40,PC,,11,,2
1698,82,,,1,1022485,,MMSK DELISAOS SAUS TOPOKKI SPICY 100 GR(X40EA),5112.73,,6818.18,,,1,40,PC,,11,,2
1699,82,,,1,1022485_BD,,MMSK DELISAOS SAUS TOPOKKI SPICY 100 GR(X40EA),5112.73,,6818.18,,,1,40,PC,,11,,2
1700,82,,,1,1022500,,MMSK TP BB ALA KENTUCKY 70G (x120 EA),2101,,2658,,,1,120,PC,,11,,2
1701,82,,,1,1022500_BD,,MMSK TP BB ALA KENTUCKY 70G (x120 EA),1800.9,,2297.29,,,1,120,PC,,11,,2
1702,82,,,1,1022501,,MMSK TP BB ALA KENTUCKY 210G (x40 EA),4700,,5946,,,1,40,PC,,11,,2
1703,82,,,1,1022501_BD,,MMSK TP BB ALA KENTUCKY 210G (x40 EA),4700,,5946,,,1,40,PC,,11,,2
1704,82,,,1,1022530,,DELISAOS HOT LAVA VOLCANO 1KG (X8EA),29693,,37608,,,1,8,PC,,11,,2
1705,82,,,1,1022531,,DELISAOS HOT LAVA VOLCANO 6.2KG (X3EA),155013,,198297,,,1,3,PC,,11,,2
1706,82,,,1,1022711,,MMSK RTC TOPOKKI ORIGINAL 134GR (x20 EA,12556.36,,16227.27,,,1,20,PC,,11,,2
1707,82,,,1,1022711_BD,,MMSK RTC TOPOKKI ORIGINAL 134 GR (x20 EA,12556.36,,16227.27,,,1,20,PC,,11,,2
1708,82,,,1,1022744,,MMSK RTC TOPOKKI CREAMY 134GR X20,12556.36,,16227.27,,,1,20,PC,,11,,2
1709,82,,,1,1022744_BD,,MMSK RTC TOPOKKI CREAMY 134GR X20,12556.36,,16227.27,,,1,20,PC,,11,,2
1710,82,,,1,1022745,,MMSK RTC JAPCHAE ORIGINAL 111gr (X20EA),6403.64,,8454.55,,,1,20,PC,,11,,2
1711,82,,,1,1022745_BD,,MMSK RTC JAPCHAE ORIGINAL 111gr (X20EA),6403.64,,8454.55,,,1,20,PC,,11,,2
1712,82,,,1,1022783,,MMSK TP BB SERBAGUNA 70G (x120EA),2101,,2658,,,1,120,PC,,11,,2
1713,82,,,1,1022783_BD,,MMSK TP BB SERBAGUNA 70G (x120EA),2101,,2658,,,1,120,PC,,11,,2
1714,82,,,1,1022784,,MMSK TP BB SERBAGUNA 210GR (x40EA),4918.91,,5405.4,,,1,40,PC,,11,,2
1715,82,,,1,1022784_BD,,MMSK TP BB SERBAGUNA 210GR (x40EA),4918.91,,5405.4,,,1,40,PC,,11,,2
1716,82,,,1,1022785,,MMSK TP BB LADA HITAM 170G (x40EA),5196.02,,5709.91,,,1,40,PC,,11,,2
1717,82,,,1,1022785_BD,,MMSK TP BB LADA HITAM 170G (x40EA),5196.02,,5709.91,,,1,40,PC,,11,,2
1718,82,,,1,1022786,,MMSK TP BB PEDAS 70G (x120EA),2101,,2658,,,1,120,PC,,11,,2
1719,82,,,1,1022786_BD,,MMSK TP BB PEDAS 70G (x120EA),2101,,2658,,,1,120,PC,,11,,2
1720,82,,,1,1022791,,MMSK TP TEMPE GORENG 70GR(x120EA),1624.55,,2101.82,,,1,120,PC,,11,,2
1721,82,,,1,1022791_BD,,MMSK TP TEMPE GORENG 70GR(x120EA),1624.55,,2101.82,,,1,120,PC,,11,,2
1722,82,,,1,1022819,,MMSK RTC TOPOKKI HOT SPICY 134GR X20,12556.36,,16227.27,,,1,20,PC,,11,,2
1723,82,,,1,1022819_BD,,MMSK RTC TOPOKKI HOT SPICY 134GR X20,12556.36,,16227.27,,,1,20,PC,,11,,2
1724,82,,,1,1022835,,MMSK TP BB KEJU 170G (x40EA),4428.82,,5709.91,,,1,40,PC,,11,,2
1725,82,,,1,1022835_BD,,MMSK TP BB KEJU 170G (x40EA),4428.82,,5709.91,,,1,40,PC,,11,,2
1726,82,,,1,1022836,,MMSK TP BAKWAN ORIGINAL 225G (x40EA),4487,,5676,,,1,40,PC,,11,,2
1727,82,,,1,1022836_BD,,MMSK TP BAKWAN ORIGINAL 225G (x40EA),4487,,5676,,,1,40,PC,,11,,2
1728,82,,,1,1022837,,MMSK TP BAKWAN ORIGINAL 80G (x120EA),2172,,2748,,,1,120,PC,,11,,2
1729,82,,,1,1022837_BD,,MMSK TP BAKWAN ORIGINAL 80G (x120EA),2172,,2748,,,1,120,PC,,11,,2
1730,82,,,1,1022839,,MMSK TP BAKWAN JAGUNG 170G (x40EA),4558,,5766,,,1,40,PC,,11,,2
1731,82,,,1,1022839_BD,,MMSK TP BAKWAN JAGUNG 170G (x40EA),4558,,5766,,,1,40,PC,,11,,2
1732,82,,,1,1022851,,MMSK RTC JAPCHAE SPICY 111gr (X20EA),6403.64,,8454.55,,,1,20,PC,,11,,2
1733,82,,,1,1022851_BD,,MMSK RTC JAPCHAE SPICY 111gr (X20EA),6403.64,,8454.55,,,1,20,PC,,11,,2
1734,82,,,1,1022861,,MMSK TP PISANG GRG PANDAN 70GR (x120EA),2350,,2973,,,1,120,PC,,11,,2
1735,82,,,1,1022861_BD,,MMSK TP PISANG GRG PANDAN 70GR (x120EA),2350,,2973,,,1,120,PC,,11,,2
1736,82,,,1,1022863,,MMSK TP PISANG GRG PANDAN 210G (x40EA),4985,,6306,,,1,40,PC,,11,,2
1737,82,,,1,1022863_BD,,MMSK TP PISANG GRG PANDAN 210G (x40EA),4369.09,,5500.91,,,1,40,PC,,11,,2
1848,82,,,1,1100338_BD,,MIWON 50GR L(X240EA),2433.33,,3102.7,,,1,240,PC,,11,,2
1738,82,,,1,1022871,,MMSK TP PISANG GRG VANILA 210GR (x40EA),5341,,6757,,,1,40,PC,,11,,2
1739,82,,,1,1022871_BD,,MMSK TP PISANG GRG VANILA 210GR (x40EA),4369.09,,5500.91,,,1,40,PC,,11,,2
1740,82,,,1,1023300,,DELISAOS SAUS TOPOKKI ORIGINAL 1KG,46014.54,,66000,,,1,8,PC,,11,,2
1741,82,,,1,1023301,,DELISAOS SAUS TOPOKKI ORIGINAL HOT 1KG,46014.54,,60000,,,1,8,PC,,11,,2
1742,82,,,1,1023302,,DELISAOS SAUS TOPOKKI ORIGINAL CREAMY 1KG,46014.54,,60000,,,1,8,PC,,11,,2
1743,82,,,1,1023389_BD,,MMSK BON NORI BULGOGI 30GR-X48,10261.81,,12827.27,,,1,48,PC,,11,,2
1744,82,,,1,1023391,,DELISAOS HOT LAVA 9 GR,419.09,,568.18,,,1,480,PC,,11,,2
1745,82,,,1,1023394,,DELISAOS HOT LAVA VOLCANO 9 GR,454.54,,613.63,,,1,480,PC,,11,,2
1746,82,,,1,1023427_BD,,MMSK BON NORI EXTRA PEDAS 30 GR (X48EA),10261.81,,12827.27,,,1,48,PC,,11,,2
1747,82,,,1,1023429_BD,,MMSK BON NORI EBI 30 GR (X48 EA),10261.81,,12827.27,,,1,48,PC,,11,,2
1748,82,,,1,1023450,,MMSK BON NORI 5 GR MT (X240 EA),1620.91,,2026.36,,,1,240,PC,,11,,2
1749,82,,,1,1023450_BD,,MMSK BON NORI 5 GR MT (X240 EA),1620.91,,2026.36,,,1,240,PC,,11,,2
1750,82,,,1,1023451,,MMSK BON NORI SPICY 5 GR MT (X240 EA),1620.91,,2026.36,,,1,240,PC,,11,,2
1751,82,,,1,1023451_BD,,MMSK BON NORI SPICY 5 GR MT (X240 EA),1620.91,,2026.36,,,1,240,PC,,11,,2
1752,82,,,1,1023452,,MMSK BON NORI BULGOGI 5 GR MT (X240 EA),1620.91,,2026.36,,,1,240,PC,,11,,2
1753,82,,,1,1023452_BD,,MMSK BON NORI BULGOGI 5 GR MT (X240 EA),1620.91,,2026.36,,,1,240,PC,,11,,2
1754,82,,,1,1023453,,MMSK BON NORI EBI 5 GR MT (X240 EA),1620.91,,2026.36,,,1,240,PC,,11,,2
1755,82,,,1,1023453_BD,,MMSK BON NORI EBI 5 GR MT (X240 EA),1620.91,,2026.36,,,1,240,PC,,11,,2
1756,82,,,1,1023456,,MMSK BON NORI EXTRA SPICY 5 GR MT (X240,1620.91,,2026.36,,,1,240,PC,,11,,2
1757,82,,,1,1023456_BD,,MMSK BON NORI EXTRA SPICY 5 GR MT (X240,1620.91,,2026.36,,,1,240,PC,,11,,2
1758,82,,,1,1023597,,MMSK SUP KRIM DAGING SAPI LADA HITAM 55GR,5545.95,,7882.88,,,1,48,PC,,11,,2
1759,82,,,1,1023597_BD,,MMSK SUP KRIM DAGING SAPI LADA HITAM 55GR,5545.95,,7882.88,,,1,48,PC,,11,,2
1760,82,,,1,1023599,,MMSK SUP KRIM SAYUR & BAWANG (PAK) 55 GR,5545.95,,7882.88,,,1,48,PC,,11,,2
1761,82,,,1,1023602,,MMSK SUP KRIM INSTAN AYAM (DOS) 15 GR (x,1988.28,,2612.61,,,1,100,PC,,11,,2
1762,82,,,1,1023604,,MMSK SUP KRIM INSTAN JAMUR (DOS) 15 GR (,1988.28,,2612.61,,,1,100,PC,,11,,2
1763,82,,,1,1023606,,MMSK SUP KRIM INSTAN BEEF (DOS) 15 GR (x,1988.28,,2612.61,,,1,100,PC,,11,,2
1764,82,,,1,1023622,,MMSK PANCAKE MIX CHOCONUT 160GR,7159.09,,9013.63,,,1,24,PC,,11,,2
1765,82,,,1,1023623,,MMSK PANCAKE MIX BANANA 160GR,7159.09,,9013.36,,,1,24,PC,,11,,2
1766,82,,,1,1023635,,MMSK SPECIAL PANCAKE MIX 3IN1 150GR,7159.09,,9013.63,,,1,24,PC,,11,,2
1767,82,,,1,1023721,,MMSK TP BB AYAM GRG KOREA ORI 170GR (X40,5568.46,,6818.01,,,1,40,PC,,11,,2
1768,82,,,1,1023721_BD,,MMSK TP BB AYAM GRG KOREA ORI 170GR (X40,5568.46,,6818.01,,,1,40,PC,,11,,2
1769,82,,,1,1023722,,MMSK TP BB AYAM GRG KOREA SPICY 170GR (X,5568.46,,6818.01,,,1,40,PC,,11,,2
1770,82,,,1,1023722_BD,,MMSK TP BB AYAM GRG KOREA SPICY 170GR (X,5568.46,,6818.01,,,1,40,PC,,11,,2
1771,82,,,1,1023723,,MMSK TP BB AYAM GRG KOREA GARLIC 170GR (,5568.46,,6818.01,,,1,40,PC,,11,,2
1772,82,,,1,1023723_BD,,MMSK TP BB AYAM GRG KOREA GARLIC 170GR (,5568.46,,6818.01,,,1,40,PC,,11,,2
1773,82,,,1,1023805,,MMSK DRESSING SAUS KEJU 300GR(X12EA),17098.18,,22227.27,,,1,12,PC,,11,,2
1774,82,,,1,1023805_BD,,MMSK DRESSING SAUS KEJU 300GR(X12EA),17098.18,,22227.27,,,1,12,PC,,11,,2
1775,82,,,1,1023806,,MMSK DRESSING SAUS KEJU 100GR(X40EA),4265.45,,5545.45,,,1,40,PC,,11,,2
1776,82,,,1,1023806_BD,,MMSK DRESSING SAUS KEJU 100GR(X40EA),4265.45,,5545.45,,,1,40,PC,,11,,2
1777,82,,,1,1023807,,MMSK MAYONAIS P 100GR(X40EA),5606.3,,7207.2,,,1,40,PC,,11,,2
1778,82,,,1,1023807_BD,,MMSK MAYONAIS P 100GR(X40EA),5606.3,,7207.2,,,1,40,PC,,11,,2
1779,82,,,1,1024843,,"MMSK GIM P2 RENDANG PADANG 4,5GR (x80EA)",4761,,6203,,,1,80,PC,,11,,2
1780,82,,,1,1024843_BD,,"MMSK GIM P2 RENDANG PADANG 4,5GR (x80EA)",4761,,6203,,,1,80,PC,,11,,2
1781,82,,,1,1024845,,MMSK GIM P2 SOTO AYAM LAMONGAN 4.5GR (x8,4761,,6203,,,1,80,PC,,11,,2
1782,82,,,1,1024845_BD,,MMSK GIM P2 SOTO AYAM LAMONGAN 4.5GR (x8,4761,,6203,,,1,80,PC,,11,,2
1783,82,,,1,1024851,,MMSK MIE HOT LAVA AYAM PEDAS 89 GR,5227.92,,6756.75,,,1,20,PC,,11,,2
1784,82,,,1,1024851_BD,,MMSK MIE HOT LAVA AYAM PEDAS 89 GR,5227.92,,6756.75,,,1,20,PC,,11,,2
1785,82,,,1,1024852,,MMSK MIE HOT LAVA KEJU PEDAS 89GR,5227.92,,6756.75,,,1,20,PC,,11,,2
1786,82,,,1,1024852_BD,,MMSK MIE HOT LAVA KEJU PEDAS 89GR,5227.92,,6756.75,,,1,20,PC,,11,,2
1787,82,,,1,1025012,,MIWON 1000M M(14GRx336EA),721.62,,954.95,,,1,336,PC,,11,,2
1788,82,,,1,1025012_BD,,MIWON 1000M M(14GRx336EA),721.62,,954.95,,,1,336,PC,,11,,2
1789,82,,,1,1025049,,DELISAOS HOT LAVA 160GR (X24EA),5985.58,,7657.65,,,1,24,PC,,11,,2
1790,82,,,1,1025049_BD,,DELISAOS HOT LAVA 160GR (X24EA),5985.58,,7657.65,,,1,24,PC,,11,,2
1791,82,,,1,1025050,,DELISAOS HOT LAVA 320GR (X12EA),10127.92,,13333.33,,,1,12,PC,,11,,2
1792,82,,,1,1025050_BD,,DELISAOS HOT LAVA 320GR (X12EA),10127.92,,13333.33,,,1,12,PC,,11,,2
1793,82,,,1,1025053,,DELISAOS HOT LAVA VOLCANO 160GR(X24EA),5985.58,,7747.74,,,1,24,PC,,11,,2
1794,82,,,1,1025053_BD,,DELISAOS HOT LAVA VOLCANO 160GR(X24EA),0,,0,,,1,120,PC,,11,,2
1795,82,,,1,1025054,,DELISAOS HOT LAVA VOLCANO 310GR(X12EA),10127.92,,13333.33,,,1,12,PC,,11,,2
1796,82,,,1,1025054_BD,,DELISAOS HOT LAVA VOLCANO 310GR(X12EA),10127.92,,13333.33,,,1,12,PC,,11,,2
1797,82,,,1,1025055,,DELISAOS S TIRAM UDG&JAMUR 160GR(X24EA),6555.85,,8522.52,,,1,24,PC,,11,,2
1798,82,,,1,1025055_BD,,DELISAOS S TIRAM UDG&JAMUR 160GR(X24EA),6555.85,,8522.52,,,1,24,PC,,11,,2
1799,82,,,1,1025056,,DELISAOS S TIRAM UDG&JAMUR 320GR(X12EA),12063.06,,15681.98,,,1,12,PC,,11,,2
1800,82,,,1,1025056_BD,,DELISAOS S TIRAM UDG&JAMUR 320GR(X12EA),12063.06,,15681.98,,,1,12,PC,,11,,2
1801,82,,,1,1025057,,DELISAOS S TIRAM MANIS 160GR(X24EA),6555.85,,8522.52,,,1,24,PC,,11,,2
1802,82,,,1,1025057_BD,,DELISAOS S TIRAM MANIS 160GR(X24EA),6555.85,,8522.52,,,1,24,PC,,11,,2
1803,82,,,1,1025058,,DELISAOS S TIRAM MANIS 320GR (X12EA),12063.06,,15681.98,,,1,12,PC,,11,,2
1804,82,,,1,1025058_BD,,DELISAOS S TIRAM MANIS 320GR (X12EA),12063.06,,15681.98,,,1,12,PC,,11,,2
1805,82,,,1,1025059,,DELISAOS SAUS TERIYAKI 160GR (X24EA),5842.34,,7772.97,,,1,24,PC,,11,,2
1806,82,,,1,1025059_BD,,DELISAOS SAUS TERIYAKI 160GR (X24EA),5842.34,,7772.97,,,1,24,PC,,11,,2
1807,82,,,1,1025060,,DELISAOS SAUS TERIYAKI 320GR(X12EA),11320.72,,15000,,,1,12,PC,,11,,2
1808,82,,,1,1025061,,DELISAOS SAUS BULGOGI 160GR(X24EA),5842.34,,7772.97,,,1,24,PC,,11,,2
1809,82,,,1,1025061_BD,,DELISAOS SAUS BULGOGI 160GR(X24EA),5842.34,,7772.97,,,1,24,PC,,11,,2
1810,82,,,1,1025062,,DELISAOS SAUS BULGOGI 320GR(X12EA),11320.72,,15000,,,1,12,PC,,11,,2
1811,82,,,1,1025062_BD,,DELISAOS SAUS BULGOGI 320GR(X12EA),11320.72,,15000,,,1,12,PC,,11,,2
1812,82,,,1,1025083,,MMSK GIM BORI ORIGINAL 30GR (X48 EA),8901.8,,11636.93,,,1,48,PC,,11,,2
1813,82,,,1,1025083_BD,,MMSK GIM BORI ORIGINAL 30GR (X48 EA),8901.8,,11636.93,,,1,48,PC,,11,,2
1814,82,,,1,1025084,,MMSK GIM BORI SPICY 30GR (X48EA),8901.8,,11636.93,,,1,48,PC,,11,,2
1815,82,,,1,1025084_BD,,MMSK GIM BORI SPICY 30GR (X48EA),8901.8,,11636.93,,,1,48,PC,,11,,2
1816,82,,,1,1025086,,MMSK GIM BORI BULGOGI 30 GR (X48EA),8901.8,,11636.93,,,1,48,PC,,11,,2
1817,82,,,1,1025086_BD,,MMSK GIM BORI BULGOGI 30 GR (X48EA),8901.8,,11636.93,,,1,48,PC,,11,,2
1818,82,,,1,1025290,,MMSK GIM BORI PEDAS MAX 30 GR (X48 EA),8901.8,,11636.93,,,1,48,PC,,11,,2
1819,82,,,1,1025290_BD,,MMSK GIM BORI PEDAS MAX 30 GR (X48 EA),8901.8,,11636.93,,,1,48,PC,,11,,2
1820,82,,,1,1025916,,MAMASUKA SARDEN TOMAT 155GR (x 40EA),7649.54,,9909.9,,,1,40,PC,,11,,2
1881,82,,,1,1101371_BD,,MIWON 1KG PLUS (x12EA),36821.62,,46284.68,,,1,12,PC,,11,,2
1821,82,,,1,1025916_BD,,MAMASUKA SARDEN TOMAT 155GR (x 40EA),7649.54,,9909.9,,,1,40,PC,,11,,2
1822,82,,,1,1025918,,MAMASUKA SARDEN GOCHUJANG 155GR (x 40EA),7649.54,,9909.9,,,1,40,PC,,11,,2
1823,82,,,1,1025918 _BD,,MAMASUKA SARDEN GOCHUJANG 155GR (x 40EA),7649.54,,9909.9,,,1,40,PC,,11,,2
1824,82,,,1,1025918_BD,,MAMASUKA SARDEN GOCHUJANG 155GR (x 40EA),7649.54,,9909.9,,,1,40,PC,,11,,2
1825,82,,,1,1025924,,MAMASUKA SARDEN JALAPENO 155GR (x 40EA),7649.54,,9909.9,,,1,40,PC,,11,,2
1826,82,,,1,1025924_BD,,MAMASUKA SARDEN JALAPENO 155GR (x 40EA),7649.54,,9909.9,,,1,40,PC,,11,,2
1827,82,,,1,1090024,,BK/MALKIST OLEZZ CHOCO PARTY 10GR 20X6,348.53,,383,,,1,120,PC,,11,,2
1828,82,,,1,1090024_BD,,BK/MALKIST OLEZZ CHOCO PARTY 10GR 20X6,348.53,,383,,,1,120,PC,,11,,2
1829,82,,,1,1090026,,BK/MONTEGO DANISH BUTTER 227GR 12PC,24956.06,,27424.25,,,1,12,PC,,11,,2
1830,82,,,1,1100317,,MIWON 1KG L(X12EA),35861.26,,45723.42,,,1,12,PC,,11,,2
1831,82,,,1,1100317_BD,,MIWON 1KG L(X12EA),35861.26,,45723.42,,,1,12,PC,,11,,2
1832,82,,,1,1100320,,MIWON 1KG M(x12EA),35861.26,,45723.42,,,1,12,PC,,11,,2
1833,82,,,1,1100320_BD,,MIWON 1KG M(x12EA),35861.26,,45723.42,,,1,12,PC,,11,,2
1834,82,,,1,1100322,,MIWON 500GR L (X24EA) POLOS,18608.1,,23725.22,,,1,24,PC,,11,,2
1835,82,,,1,1100322_BD,,MIWON 500GR L (X24EA) POLOS,18608.1,,23725.22,,,1,24,PC,,11,,2
1836,82,,,1,1100324,,MIWON 500GR M(x24EA) POLOS,18608.1,,23725.22,,,1,24,PC,,11,,2
1837,82,,,1,1100324_BD,,MIWON 500GR M(x24EA) POLOS,18608.1,,23725.22,,,1,24,PC,,11,,2
1838,82,,,1,1100327,,MIWON 250GR L (X80EA),9384.68,,11964.86,,,1,80,PC,,11,,2
1839,82,,,1,1100327_BD,,MIWON 250GR L (X80EA),9384.68,,11964.86,,,1,80,PC,,11,,2
1840,82,,,1,1100329,,MIWON 250GR M(x80EA),9384.68,,11964.86,,,1,80,PC,,11,,2
1841,82,,,1,1100329_BD,,MIWON 250GR M(x80EA),9384.68,,11964.86,,,1,80,PC,,11,,2
1842,82,,,1,1100333_BD,,MIWON 100GR L(X120EA),3097.27,,3900,,,1,120,PC,,11,,2
1843,82,,,1,1100334,,MIWON 100GR L(X120EA),3909.9,,4984.68,,,1,120,PC,,11,,2
1844,82,,,1,1100334_BD,,MIWON 100GR L(X120EA),3909.9,,4984.68,,,1,120,PC,,11,,2
1845,82,,,1,1100335,,MIWON 100GR M(x120EA),3909.9,,4984.68,,,1,120,PC,,11,,2
1846,82,,,1,1100335_BD,,MIWON 100GR M(x120EA),3909.9,,4984.68,,,1,120,PC,,11,,2
1849,82,,,1,1100342_BD,,MIWON 50GR M(x240EA),2433.33,,3102.7,,,1,240,PC,,11,,2
1850,9,,,1,1101182250_BD,,NS RTD JERUK MADU 24PX200ML,4895,,5500,,,1,24,PC,,11,,2
1851,82,,,1,1101272_BD,,MMSK TP BAKWAN 250GR(x40EA),4199.09,,5286.36,,,1,40,PC,,11,,2
1852,82,,,1,1101277,,MMSK TP BAKSO 32GR(x100EA),1345.45,,1709.09,,,1,100,PC,,11,,2
1853,82,,,1,1101277_BD,,MMSK TP BAKSO 32GR(x100EA),1345.45,,1709.09,,,1,100,PC,,11,,2
1854,82,,,1,1101291,,MMSK SUP KRIM AYAM(PAK) 55GR(x48EA),5545.95,,7882.88,,,1,48,PC,,11,,2
1855,82,,,1,1101291_BD,,MMSK SUP KRIM AYAM(PAK) 55GR(x48EA),5545.95,,7882.88,,,1,48,PC,,11,,2
1856,82,,,1,1101295,,MMSK SUP KRIM JAGUNG(PAK) 55GR(x48EA),5545.95,,7882.88,,,1,48,PC,,11,,2
1857,82,,,1,1101295_BD,,MMSK SUP KRIM JAGUNG(PAK) 55GR(x48EA),5545.95,,7882.88,,,1,48,PC,,11,,2
1858,82,,,1,1101297,,MMSK SUP KRIM JAMUR(PAK) 55GR(x48EA),5545.95,,7882.88,,,1,48,PC,,11,,2
1859,82,,,1,1101297_BD,,MMSK SUP KRIM JAMUR(PAK) 55GR(x48EA),5545.95,,7882.88,,,1,48,PC,,11,,2
1860,82,,,1,1101298,,MIWON KOPI GINSENG(GST) 20GR(x360EA),1688.28,,2477.47,,,1,360,PC,,11,,2
1861,82,,,1,1101298_BD,,MIWON KOPI GINSENG(GST) 20GR(x360EA),1597.27,,1987.27,,,1,360,PC,,11,,2
1862,82,,,1,1101309_BD,,MMSK BB NASI GORENG(PAK) 20GR(x240EA),1137.27,,1431.82,,,1,240,PC,,11,,2
1863,82,,,1,1101310,,MMSK BB OPOR(PAK) 16GR(x240EA),1390.99,,1751.35,,,1,240,PC,,11,,2
1864,82,,,1,1101310_BD,,MMSK BB OPOR(PAK) 16GR(x240EA),1390.99,,1751.35,,,1,240,PC,,11,,2
1865,82,,,1,1101312,,MMSK BB RENDANG(PAK) 25GR(x240EA),1390.99,,1751.35,,,1,240,PC,,11,,2
1866,82,,,1,1101312_BD,,MMSK BB RENDANG(PAK) 25GR(x240EA),1390.99,,1751.35,,,1,240,PC,,11,,2
1867,82,,,1,1101314,,MMSK BB AYAM GORENG(PAK) 35GR(x240EA),1390.99,,1751.35,,,1,240,PC,,11,,2
1868,82,,,1,1101314_BD,,MMSK BB AYAM GORENG(PAK) 35GR(x240EA),1390.99,,1751.35,,,1,240,PC,,11,,2
1869,82,,,1,1101316,,MMSK BB GULAI(PAK) 25GR(x240EA),1390.99,,1751.35,,,1,240,PC,,11,,2
1870,82,,,1,1101316_BD,,MMSK BB GULAI(PAK) 25GR(x240EA),1390.99,,1751.35,,,1,240,PC,,11,,2
1871,82,,,1,1101318,,MMSK BB SOTO AYAM(PAK) 20GR(x240EA),1390.99,,1751.35,,,1,240,PC,,11,,2
1872,82,,,1,1101318_BD,,MMSK BB SOTO AYAM(PAK) 20GR(x240EA),1395.5,,1756.75,,,1,240,PC,,11,,2
1873,82,,,1,1101333,,MMSK TERASI(JUANA) 90GR(x60EA),2615.45,,3308.18,,,1,60,PC,,11,,2
1874,82,,,1,1101333_BD,,MMSK TERASI(JUANA) 90GR(x60EA),2615.45,,3308.18,,,1,60,PC,,11,,2
1875,82,,,1,1101335,,MMSK TERASI 4GR (x640EA),216.21,,273.87,,,1,640,PC,,11,,2
1876,82,,,1,1101335_BD,,MMSK TERASI 4GR (x640EA),216.21,,273.87,,,1,640,PC,,11,,2
1877,82,,,1,1101338,,MMSK BB KUAH BAKSO 100GR,3660,,4608.18,,,1,36,PC,,11,,2
1878,82,,,1,1101338_BD,,MMSK BB KUAH BAKSO 100GR,3660,,4608.18,,,1,36,PC,,11,,2
1879,82,,,1,1101339,,MMSK BB SOP 5GR(x360EA),290.91,,366.36,,,1,360,PC,,11,,2
1880,82,,,1,1101339_BD,,MMSK BB SOP 5GR(x360EA),290.91,,366.36,,,1,360,PC,,11,,2
1882,9,,,1,1101504326_BD,,NS JERUK EXTRA MANIS PLS 18PX40SX11G,828,,930,,,1,720,PC,,11,,2
1883,9,,,1,1101504451_BD,,NS JERUK EXTRA MANIS PLS 16RX10SX11G,828,,930,,,1,160,PC,,11,,2
1884,9,,,1,1101504453_BD,,NS JERUK EXTRA MANIS PLS 4PX40SX11G,956.75,,1075,,,1,160,PC,,11,,2
1885,9,,,1,1101505453_BD,,NS JERUK NIPIS JAHE PLS 4PX40SX11G,912,,1025,,,1,160,PC,,11,,2
1886,9,,,1,1101522326_BD,,NS BLEWAH 18PX40SX11G,828,,930,,,1,720,PC,,11,,2
1887,9,,,1,1101522451_BD,,NS BLEWAH 16RX10SX11G,912,,1025,,,1,160,PC,,11,,2
1888,9,,,1,1101522453_BD,,NS BLEWAH PLS 4PX40SX11G,1011.25,,1125,,,1,160,PC,,11,,2
1889,9,,,1,1101522453_BN,,NS BLEWAH PLS 4PX40SX11G,0,,0,,,1,160,PC,,11,,2
1890,9,,,1,110152245403,,NS BLEWAH PLS 4PX40SX11G (10S+1S),956.75,,1075,,,1,160,PC,,11,,2
1891,9,,,1,110152245403_BD,,NS BLEWAH PLS 4PX40SX11G (10S+1S),956.75,,1075,,,1,160,PC,,11,,2
1892,9,,,1,110152945403,,NS ANGGUR PLS 4PX40SX11G (10S+1S),956.75,,1075,,,1,160,PC,,11,,2
1893,9,,,1,1101531327_BD,,NS ORIENTAL LYCHEE,828,,930,,,1,720,PC,,11,,2
1894,9,,,1,1101531451_BD,,NS ORIENTAL LYCHEE PLS 16RX10SX11G,828,,930,,,1,160,PC,,11,,2
1895,9,,,1,1101531453_BD,,NS LECI PLS 4PX40SX11G,1011.25,,1125,,,1,160,PC,,11,,2
1896,9,,,1,1101534453_BD,,NS SWEET MANGO PLS 4PX40SX11G,956.75,,1075,,,1,160,PC,,11,,2
1897,9,,,1,110153445403,,NS SWEET MANGO PLS 4PX40SX11G 10SF1S,1001.25,,1125,,,1,160,PC,,11,,2
1898,9,,,1,1101538453_BD,,NS ANGGUR HIJAU PLS 4PX40SX11G,1011.25,,1125,,,1,160,PC,,11,,2
1899,9,,,1,1101538453_BN,,NS ANGGUR HIJAU PLS 4PX40SX11G,0,,0,,,1,160,PC,,11,,2
1900,9,,,1,1101547333_BD,,NS WDANK SARI JAHE PLS 6PX40SX15GR,801,,900,,,1,240,PC,,11,,2
1901,9,,,1,1101553317_BD,,NS WDANK SARABBA PLS 6PX20SX12GR,1335,,1500,,,1,120,PC,,11,,2
1902,9,,,1,1101558453_BD,,NS JERUK NIPIS PLS 4PX40SX11G,956.75,,1075,,,1,160,PC,,11,,2
1903,9,,,1,110155845403,,NS JERUK NIPIS PLS 4PX40SX11G 10SF1S,1001.25,,1125,,,1,160,PC,,11,,2
1904,9,,,1,1101569326_BD,,NS JERUK PERAS PLS 18PX40SX14GR,956.75,,1075,,,1,720,PC,,11,,2
1905,9,,,1,1101569326_BN,,NS JERUK PERAS PLS 18PX40SX14GR,0,,0,,,1,720,PC,,11,,2
1906,9,,,1,110156933103,,NS JERUK PERAS PLS 18PX40SX14GR (10S+1S),1001.25,,1125,,,1,720,PC,,11,,2
1907,9,,,1,110156933103_BD,,NS JERUK PERAS PLS 18PX40SX14GR (10S+1S),956.75,,1075,,,1,720,PC,,11,,2
1908,9,,,1,1101569393_BD,,NS JERUK PERAS PLS 18PX40SX14G(10+1),867.75,,975,,,1,720,PC,,11,,2
1909,9,,,1,1101572326_BD,,NS JERUK JEJU PLS 18PX40SX14GR,828,,930,,,1,720,PC,,11,,2
1910,9,,,1,1101572451_BD,,NS JERUK JEJU PLS 16RX10SX14G,828,,930,,,1,160,PC,,11,,2
1911,9,,,1,1101572453_BD,,NS JERUK JEJU PLS 4PX40SX14G,912,,1025,,,1,160,PC,,11,,2
1912,9,,,1,1101572454_BD,,NS JERUK JEJU PLS 4PX40SX14G,1011.25,,1125,,,1,160,PC,,11,,2
1913,9,,,1,1101580326_BD,,NS KELAPA MUDA PLS 18PX40SX11GR,828,,930,,,1,720,PC,,11,,2
1914,9,,,1,1101580451_BD,,NS KELAPA MUDA PLS 16RX10SX11GR,828,,930,,,1,160,PC,,11,,2
1915,9,,,1,1101580453_BD,,NS KELAPA MUDA PLS 4PX40SX11GR,956.75,,1075,,,1,160,PC,,11,,2
1916,9,,,1,110158845403,,NS MILKY ORANGE PLS 4PX40SX11G 10SF1S,956.75,,1075,,,1,160,PC,,11,,2
1917,9,,,1,1101656318_BD,,LOKALATE KOPI BERONDONG 12RX10SX15G,1136.2,,1276.64,,,1,120,PC,,11,,2
1918,9,,,1,1101665317_BD,,NS WDANK BAJIGUR PLS 6PX20SX15G,1335,,1500,,,1,120,PC,,11,,2
1919,9,,,1,1101665318,,NS WDANK BAJIGUR PLS 12RX10SX15G,1424,,1600,,,1,120,PC,,11,,2
1920,9,,,1,1101665318_BD,,NS WDANK BAJIGUR PLS 12RX10SX15G,1424,,1600,,,1,120,PC,,11,,2
1921,9,,,1,1101675318_BD,,WDANK LOKALATE KOPI DURIAN 15G 12X10,1068,,1200,,,1,120,PC,,11,,2
1922,9,,,1,1101677318,,NS WDANK BANDREK PLS 12RX10SX15G,1424,,1600,,,1,120,PC,,11,,2
1923,9,,,1,1101677318_BD,,NS WDANK BANDREK PLS 12RX10SX15G,1424,,1600,,,1,120,PC,,11,,2
1924,9,,,1,1101681318_BD,,WDANK LOKALATE KOPI GULA AREN PLS 12RX10SX15G,1136.2,,1276.64,,,1,120,PC,,11,,2
1925,9,,,1,1101685318_BD,,LOKALATE KOPI ALPUKAT PLS 12RX10SX15G,1136.2,,1276.64,,,1,120,PC,,11,,2
1926,9,,,1,1101685393_BD,,LOKALATE KOPI ALPUKAT PLS 12RX10SX15G PROMO 10S+1S,1157,,1300,,,1,120,PC,,11,,2
1927,9,,,1,1101688317,,NS WEDANK EMPON EMPON PLS 12RX10SX12G,1157,,1300,,,1,120,PC,,11,,2
1928,9,,,1,1101688317_BD,,NS WEDANK EMPON EMPON PLS 12RX10SX12G,1157,,1300,,,1,120,PC,,11,,2
1929,9,,,1,1101693318,,LOKALATE KOPI TAPE KETAN PLS 12RX10SX15G,1136.2,,1276.64,,,1,120,PC,,11,,2
1930,9,,,1,1101693318_BD,,LOKALATE KOPI TAPE KETAN PLS 12RX10SX15G,1136,,1276.64,,,1,120,PC,,11,,2
1931,9,,,1,1101907335,,NS FLORIDA ORANGE PLS 18PX40SX11G,1001.25,,1125,,,1,720,PC,,11,,2
1932,9,,,1,1101907335_BD,,NS FLORIDA ORANGE PLS 18PX40SX11G,956.75,,1075,,,1,720,PC,,11,,2
1933,9,,,1,110190733503,,NS FLORIDA ORANGE PLS 18PX40SX11G 10SF1S,1001.25,,1125,,,1,720,PC,,11,,2
1934,9,,,1,1101909331_BD,,NS ASO PLS 14GX18PX40S,1001.25,,1125,,,1,720,PC,,11,,2
1935,9,,,1,110190933103,,NS ASO PLS 18PX40SX14G (10S+1S),1001.25,,1125,,,1,720,PC,,11,,2
1936,9,,,1,1101954453_BD,,NS SEMANGKA PLS 4PX40SX13G,912,,1025,,,1,160,PC,,11,,2
1937,9,,,1,1101954454_BD,,NS SEMANGKA PLS 4PX40SX11G,1001.25,,1125,,,1,160,PC,,11,,2
1938,9,,,1,1101976331_BD,,NS MARKISA PLS 18X40SX14G,827.7,,930,,,1,720,PC,,11,,2
1939,9,,,1,1101976451_BD,,NS MARKISA PLS 16RX10SX14G,828,,930,,,1,160,PC,,11,,2
1940,9,,,1,1101976453_BD,,NS MARKISA PLS 4PX40SX14G,912.25,,1025,,,1,160,PC,,11,,2
1941,9,,,1,1101976454_BD,,NS MARKISA PLS 4PX40SX11G,956.75,,1075,,,1,160,PC,,11,,2
1942,9,,,1,1101979451_BD,,NS MADU KURMA PLS 16R10SX14G,827.7,,930,,,1,160,PC,,11,,2
1943,9,,,1,1101979453_BD,,NS MADU KURMA PLS 4PX40SX14G,956.75,,1075,,,1,160,PC,,11,,2
1944,9,,,1,1101979454_BD,,NS MADU KURMA PLS 4PX40SX11G,1001.25,,1125,,,1,160,PC,,11,,2
1945,9,,,1,1101982451_BD,,NS MADU JERUK PLS 16RX10SX14G,827.7,,930,,,1,160,PC,,11,,2
1946,9,,,1,1101982453_BD,,NS MADU JERUK PLS 4PX40SX11G,956.75,,1075,,,1,160,PC,,11,,2
1947,9,,,1,1101982454_BD,,NS MADU JERUK PLS 4PX40SX11G,956.75,,1075,,,1,160,PC,,11,,2
1948,9,,,1,1101983453_BD,,NS JERUK MAROKO PLS 4PX40SX14G,912,,1025,,,1,160,PC,,11,,2
1949,9,,,1,1101983454_BD,,NS JERUK MAROKO PLS 4PX40SX11G,1001.25,,1125,,,1,160,PC,,11,,2
1950,9,,,1,1101987453_BD,,NS MANGGA GANDARIA PLS 4PX40SX14G,956.75,,1075,,,1,160,PC,,11,,2
1951,9,,,1,1101987454_BD,,NS MANGGA GANDARIA PLS 4PX40SX114,1011.25,,1125,,,1,160,PC,,11,,2
1952,9,,,1,1102070326_BD,,NS LYCHEE TEA PLS 18PX40SX14GR,828,,930,,,1,720,PC,,11,,2
1953,9,,,1,1102070451_BD,,NS LYCHEE TEA PLS 16RX10SX14G,828,,930,,,1,160,PC,,11,,2
1954,9,,,1,1102070453_BD,,NS TEA LYCHEE TEA PLS 4PX40SX14G,912,,1025,,,1,160,PC,,11,,2
1955,9,,,1,1102070454_BD,,NS LYCHEE TEA PLS 4PX40S11G,956.75,,1075,,,1,160,PC,,11,,2
1956,9,,,1,1102071326_BD,,NS SWEET TEA PLS 18PX40SX14GR,828,,930,,,1,720,PC,,11,,2
1957,82,,,1,1102169,,MMSK TEPUNG ROTI 100 Gr [x48],5982,,7568,,,1,48,PC,,11,,2
1958,82,,,1,1102169_BD,,MMSK TEPUNG ROTI 100 Gr [x48],5982,,7568,,,1,48,PC,,11,,2
1959,82,,,1,1102170,,MMSK TEPUNG ROTI 200 GR (x24),10433,,13198,,,1,24,PC,,11,,2
1960,82,,,1,1102170_BD,,MMSK TEPUNG ROTI 200 GR (x24),10433,,13198,,,1,24,PC,,11,,2
1961,9,,,1,1102598453_BD,,NS JUPE SEMANGKA CINCAU RUJAK PLS 4PX40S,828,,930,,,1,160,PC,,11,,2
1962,9,,,1,1102611331_BD,,NS LEMON TEA PLS 18PX40SX14G,828,,930,,,1,720,PC,,11,,2
1963,9,,,1,1102611451_BD,,NS LEMON TEA PLS 16RX10SX14G,828,,930,,,1,160,PC,,11,,2
1964,9,,,1,1102611453_BD,,NS TEA LEMON TEA PLS 4PX40SX14G,912,,1025,,,1,160,PC,,11,,2
1965,9,,,1,1102611454_BD,,NS LEMON TEA PLS 4PX40SX11G,956.75,,1075,,,1,160,PC,,11,,2
1966,9,,,1,11051504326_BD,,NS JERUK EXTRA MANIS PLS 18PX40SX11G,828,,930,,,1,720,PC,,11,,2
1967,82,,,1,1105510,,GIM BORI MAKARONI BBQ 135 GR,7001,,9093,,,1,16,PC,,11,,2
1968,82,,,1,1105510_BD,,GIM BORI MAKARONI BBQ 135 GR,7001,,9093,,,1,16,PC,,11,,2
1969,82,,,1,1105518,,GIM BORI MAKARONI SPICY 135 GR,7001,,9093,,,1,16,PC,,11,,2
1970,82,,,1,1105518_BD,,GIM BORI MAKARONI SPICY 135 GR,7001,,9093,,,1,16,PC,,11,,2
1971,82,,,1,1105610,,O'FOOD BEEF BBQ SAUCE - BULGOGI 280G,18870.27,,24315.31,,,1,20,PC,,11,,2
1972,82,,,1,1105646,,Mamasuka Muffin Coklat 250gr,12536.03,,16666.66,,,1,24,PC,,11,,2
1973,82,,,1,1105647,,MMSK MUFFIN BANANA 250g(x24ea),10745.04,,13693.69,,,1,24,PC,,11,,2
1974,82,,,1,1105732,,MMSK GIM PANGGANG GHOST PAPER 4.5G(80EA),4761.26,,6885,,,1,80,PC,,11,,2
1975,82,,,1,1105732_BD,,MMSK GIM PANGGANG GHOST PAPER 4.5G(80EA),4461,,6203,,,1,80,PC,,11,,2
1976,82,,,1,1106783,,MMSK NORI SAKU ORIGINAL 2GR (X192 EA) (DOS),1580.18,,2088.28,,,1,192,PC,,11,,2
1977,82,,,1,1106783_BD,,MMSK NORI SAKU ORIGINAL 2GR (X192 EA) (DOS),1580.18,,2088.28,,,1,192,PC,,11,,2
1978,82,,,1,1106800,,MMSK NORI SAKU BBQ 2GR (X192 EA) (DOS),1580.18,,2088.28,,,1,192,PC,,11,,2
1979,82,,,1,1106800_BD,,MMSK NORI SAKU BBQ 2GR (X192 EA) (DOS),1580.18,,2088.28,,,1,192,PC,,11,,2
1980,82,,,1,1106801,,MMSK NORI SAKU SPICY 2GR (X192 EA) (DOS),1580.18,,2088.28,,,1,192,PC,,11,,2
1981,82,,,1,1106801_BD,,MMSK NORI SAKU SPICY 2g(x192 ea) (DOS),1580.18,,2088.28,,,1,192,PC,,11,,2
1982,82,,,1,1106942,,SOUPY TOPOKKI 105GR (ROSE CARBONARA),8784,,11419,,,1,20,PC,,11,,2
1983,82,,,1,1106943,,SOUPY TOPOKKI 105GR (SPICY CHEESE),8784,,11419,,,1,20,PC,,11,,2
1984,82,,,1,1106983,,MMSK GIM 4.5GR P3 ORI,3174.09,,4135.13,,,1,120,PC,,11,,2
1985,82,,,1,1106983_BD,,MMSK GIM 4.5GR P3 ORI,3174.09,,4135.13,,,1,120,PC,,11,,2
1986,82,,,1,1106984,,MMSK GIM 4.5GR P3 BBQ,3174.09,,4135.13,,,1,120,PC,,11,,2
1987,82,,,1,1106984_BD,,MMSK GIM 4.5GR P3 BBQ,3174.09,,4135.13,,,1,120,PC,,11,,2
1988,82,,,1,1107035,,MMSK GIM BORI ORIGINAL 25GR (X48 EA),8901.8,,11636.93,,,1,48,PC,,11,,2
1989,82,,,1,1107035_BD,,MMSK GIM BORI ORIGINAL 25GR (X48 EA),8901.8,,11636.93,,,1,48,PC,,11,,2
1990,82,,,1,1107036,,MMSK GIM BORI PEDAS MAX 25GR (X48EA),8901.8,,11636.93,,,1,48,PC,,11,,2
1991,82,,,1,1107036_BD,,MMSK GIM BORI PEDAS MAX 25GR (X48EA),8901.8,,11636.93,,,1,48,PC,,11,,2
1992,82,,,1,1107037,,MMSK GIM BORI BULGOGI 25GR (X48EA),8901.8,,11636.93,,,1,48,PC,,11,,2
1993,82,,,1,1107037_BD,,MMSK GIM BORI BULGOGI 25GR (X48EA),8901.8,,11636.93,,,1,48,PC,,11,,2
1994,82,,,1,1107038,,MMSK GIM BORI SPICY 25GR (X48EA,8901.8,,11636.93,,,1,48,PC,,11,,2
1995,82,,,1,1107222,,MMSK BIG CRISPY 3g(x120ea),2955.85,,3840.54,,,1,120,PC,,11,,2
1996,82,,,1,1107223,,MMSK BIG GIM 3g(x120ea),2898.19,,3840.54,,,1,120,PC,,11,,2
1997,82,,,1,1107250,,MMSK BIG CRISPY SPICY 3g(x120ea),2898.19,,3840.54,,,1,120,PC,,11,,2
1998,82,,,1,1107282,,MMSK RTC TOPOKKI ORIGINAL 132GR (x20 EA,12556.36,,16227.27,,,1,20,PC,,11,,2
1999,82,,,1,1107282_BD,,MMSK RTC TOPOKKI ORIGINAL 132GR (x20 EA,12556.36,,16227.27,,,1,20,PC,,11,,2
2000,82,,,1,1107283,,MMSK RTC TOPOKKI HOT SPICY 132GR X20,12556.36,,16227.27,,,1,20,PC,,11,,2
2001,82,,,1,1107283_BD,,MMSK RTC TOPOKKI HOT SPICY 132GR X20,12556.36,,16227.27,,,1,20,PC,,11,,2
2002,82,,,1,1107284,,MMSK RTC TOPOKKI CREAMY 133GR X20,12556.36,,16227.27,,,1,20,PC,,11,,2
2003,82,,,1,1107284_BD,,MMSK RTC TOPOKKI CREAMY 133GR X20,12556.36,,16227.27,,,1,20,PC,,11,,2
2004,82,,,1,1107286,,MMSK BIG GIM SPICY 3g(x120ea),2898.19,,3840.54,,,1,120,PC,,11,,2
2005,9,,,1,132-WOWOP,,NS JERUK MAROKO PLS 4PX40SX14G,0,,0,,,1,160,PC,,11,,2
2006,82,,,1,1507001_BD,,PRISTINE Water 1 X 24 X 330 ml,1257.71,,1394.83,,,1,24,PC,,11,,2
2007,82,,,1,1507004_BD,,PRISTINE Water 1 X 24 X 300+70 ml,1517.06,,1685.63,,,1,24,PC,,11,,2
2008,82,,,1,1507005_BD,,NEW PRISTINE Water 1 X 24 X 600 ml,2023.31,,2248.13,,,1,24,PC,,11,,2
2009,82,,,1,1507007_BD,,PRISTINE Water 1 X 24 X 400ml,1517.05,,1685.62,,,1,24,PC,,11,,2
2010,80,,,1,1711001_BD,,Botol Hijau Lusinan  8 Gr/BI,4023,,4684.68,,,1,100,PK,,11,,2
2011,80,,,1,1711001_BN,,Botol Hijau Lusinan  8 Gr/BI,0,,0,,,1,100,PC,,11,,2
2012,80,,,1,1711002_BD,,Botol Hijau 40 Gr / TA,1079.54,,1455,,,1,100,PC,,11,,2
2013,80,,,1,1711002_BN,,Botol Hijau 40 Gr / TA,0,,0,,,1,100,PC,,11,,2
2014,80,,,1,1711004_BD,,Botol Biru 80 Gr/SB,4450.45,,5945.95,,,1,50,PC,,11,,2
2015,80,,,1,1711004_BN,,Botol Biru 80 Gr/SB,0,,0,,,1,50,PC,,11,,2
2016,80,,,1,1711005_BD,,Cap Botol Premium 100 Gr / BP 100,5700,,6727.27,,,1,100,PC,,11,,2
2017,80,,,1,1711007_BD,,Teh Cap Botol Hijau Celup 5 / TCBH5,647.72,,818.18,,,1,160,PC,,11,,2
2018,80,,,1,1711008_BD,,Teh Cap Botol Hijau Celup 25 / TCBH25,5221,,6846.85,,,1,50,PC,,11,,2
2019,80,,,1,1711009,,TEH CAP BOTOL HIJAU 25 ENV/TCBH25E,6126.12,,8108.1,,,1,40,PC,,11,,2
2020,80,,,1,1711012_BD,,BOTOL PREMIUM LUSINAN 8GR/BPL,4318.18,,0,,,1,100,PC,,11,,2
2021,80,,,1,1712002_BD,,Poci Biru Lusinan/PBL,1986.36,,2227.27,,,1,100,PK,,11,,2
2022,80,,,1,1712003_BD,,Poci Kuning Lusinan 8 gr/PKL,4707.21,,5855.86,,,1,100,PK,,11,,2
2023,80,,,1,1712004_BD,,Poci Coklat 40 Gr/TPC,4707.2,,5855.86,,,1,100,PC,,11,,2
2024,80,,,1,1712005_BD,,Poci Biru 40 Gr/TPB,2396,,2702.7,,,1,100,PC,,11,,2
2025,80,,,1,1712005_BN,,Poci Biru 40 Gr/TPB,0,,0,,,1,100,PC,,11,,2
2026,80,,,1,1712006_BD,,Poci Kuning 40 Gr/TPK,2396,,2972.97,,,1,100,PC,,11,,2
2027,80,,,1,1712006_BN,,Poci Kuning 40 Gr/TPK,0,,0,,,1,100,PC,,11,,2
2028,80,,,1,1712007_BD,,Poci Kuning 40 Gr/TPK MT,2396.39,,2972.97,,,1,100,PC,,11,,2
2029,80,,,1,1712008_BD,,Poci Biru 80 Gr/TPBB,4793,,5405.41,,,1,50,PC,,11,,2
2030,80,,,1,1712009_BD,,Poci Hijau 40 gr,2225.22,,2612.61,,,1,100,PC,,11,,2
2031,80,,,1,1712010_BD,,Poci Coklat 40 Gr/TPC 200/CT,1079.5,,1363.63,,,1,200,PC,,11,,2
2032,80,,,1,1712011_BD,,Botol Biru 80 Gr/SB 100/CT,4793,,5945.95,,,1,100,PC,,11,,2
2033,80,,,1,1712012_BD,,Botol Biru 40 Gr /SK 200/CT,2396,,2972.97,,,1,200,PC,,11,,2
2034,80,,,1,1712013_BD,,Botol Hijau 40 Gr / TA 200/CT,2311,,2792.79,,,1,200,PC,,11,,2
2035,80,,,1,1712069,,ES TEH POCI SAKURA MATCHA LATTE 15BX10SCH,1378.37,,1666.66,,,1,150,PC,,11,,2
2036,80,,,1,1712069_BD,,ES TEH POCI SAKURA MATCHA LATTE 15BX10SCH,1378.37,,1666.66,,,1,150,PC,,11,,2
2037,80,,,1,1712070,,ES TEH POCI TEH KRAMPUL SELASIH,1054.05,,1261.26,,,1,150,PC,,11,,2
2038,80,,,1,1712070_BD,,ES TEH POCI TEH KRAMPUL SELASIH,1054.05,,1261.26,,,1,150,PC,,11,,2
2039,80,,,1,1712169,,ES TEH SAKURA MATCHA LATTE ( ISI 5),1441.44,,1981.98,,,1,240,PC,,11,,2
2040,80,,,1,1713001_BD,,Celup Green 25/TBG 25,7702.7,,11081.08,,,1,100,PC,,11,,2
2041,80,,,1,1713001_BN,,Celup Green 25/TBG 25,0,,0,,,1,100,PC,,11,,2
2042,80,,,1,1713002_BD,,Celup Sosro Jasmine 25/TBJ 25,5948.2,,8468.47,,,1,100,PC,,11,,2
2043,80,,,1,1713002_BN,,Celup Sosro Jasmine 25/TBJ 25,0,,0,,,1,100,PC,,11,,2
2044,80,,,1,1713004_BD,,Sosro Super 100 Gr/SS 100,3238.63,,4090.9,,,1,60,PC,,11,,2
2045,80,,,1,1714001_BD,,Sadel Hijau 40 Gr/ TSDH,2311,,2612.61,,,1,100,PC,,11,,2
2046,80,,,1,1714001_BN,,Sadel Hijau 40 Gr/ TSDH,0,,0,,,1,100,PC,,11,,2
2047,80,,,1,1714002_BD,,Sadel Hijau 80 Gr/TSDHB,4621.62,,5225.23,,,1,50,PC,,11,,2
2048,80,,,1,1714002_BN,,Sadel Hijau 80 Gr/TSDHB,0,,0,,,1,50,PC,,11,,2
2049,80,,,1,1721001_BD,,Celup Sosro Black Tea 25 / TBB 25,5948.2,,8468.47,,,1,100,PC,,11,,2
2050,80,,,1,1721001_BN,,Celup Sosro Black Tea 25 / TBB 25,0,,0,,,1,100,PC,,11,,2
2051,80,,,1,1721002_BD,,Celup Sosro Sachet / TBB 5,647.73,,795.55,,,1,160,PC,,11,,2
2052,80,,,1,1721002_BN,,Celup Sosro Sachet / TBB 5,0,,0,,,1,160,PC,,11,,2
2053,80,,,1,1721003_BD,,Celup Sosro 15 / TBB 15,2353.6,,2882.88,,,1,100,PC,,11,,2
2054,80,,,1,1721003_BN,,Celup Sosro 15 / TBB 15,0,,0,,,1,100,PC,,11,,2
2055,80,,,1,1721004_BD,,Celup Sosro 30/ TBB 30,4279.28,,5405.41,,,1,100,PC,,11,,2
2056,80,,,1,1721004_BN,,Celup Sosro 30/ TBB 30,0,,0,,,1,100,PC,,11,,2
2057,80,,,1,1721005_BD,,Celup Sosro 50 / TBB 50,7189,,8739,,,1,50,PC,,11,,2
2058,80,,,1,1721005_BN,,Celup Sosro 50 / TBB 50,0,,0,,,1,50,PC,,11,,2
2059,80,,,1,1721006_BD,,Celup Sosro 100 / TBB 100,15405.41,,18918.92,,,1,36,PC,,11,,2
2060,80,,,1,1721006_BN,,Celup Sosro 100 / TBB 100,0,,0,,,1,36,PC,,11,,2
2061,80,,,1,1721007_BD,,Celup Sosro Sachet / TBB 5 200/CT,647.73,,795.45,,,1,200,PC,,11,,2
2062,80,,,1,1721008_BD,,Celup Poci Wangi Teh Vanila 5/TBB 5PV,813,,807.06,,,1,200,PC,,11,,2
2063,80,,,1,1721009_BD,,TEH CAP BOTOL CELUP VINTAGE/TCBV,46846.84,,54054.05,,,1,12,PC,,11,,2
2064,80,,,1,1721014,,SOSRO CELUP TBB30 FOIL ENVELOPE FOODSERVICE,10358,,10945.94,,,1,100,PC,,11,,2
2065,80,,,1,1722001_BD,,Poci seduh Vanila 50 Gr / PV 50,2311,,2882.88,,,1,100,PC,,11,,2
2066,80,,,1,1722001_BN,,Poci seduh Vanila 50 Gr / PV 50,0,,0,,,1,100,PC,,11,,2
2067,80,,,1,1722002_BD,,Poci Seduh Lemon 50 Gr /PL 50,1727.27,,2090.91,,,1,100,PC,,11,,2
2068,80,,,1,1722003_BD,,Poci Seduh Rose 50 Gr /PR 50,950,,1181.82,,,1,100,PC,,11,,2
2069,80,,,1,1722004_BD,,Poci Seduh Strawberry 50 Gr/ PS 50,1727.27,,2090.91,,,1,100,PC,,11,,2
2070,80,,,1,1722005_BD,,Poci Seduh Apel 50 Gr / PA 50,1727.27,,2090.91,,,1,100,PC,,11,,2
2071,80,,,1,1722008_BD,,Poci Celup Wangi Teh Asli 25 / TBB25 P,4108.11,,5225.23,,,1,50,PC,,11,,2
2072,80,,,1,1722008_BN,,Poci Celup Wangi Teh Asli 25 / TBB25 P,0,,0,,,1,50,PC,,11,,2
2073,80,,,1,1722009_BD,,Poci Celup Vanila 25 / TBB25 PV,4108.11,,5225.23,,,1,50,PC,,11,,2
2074,80,,,1,1722009_BN,,Poci Celup Vanila 25 / TBB25 PV,0,,0,,,1,50,PC,,11,,2
2075,80,,,1,1722010_BD,,Poci Celup Lemon 25 / TBB25 PL,5306.31,,6666.67,,,1,50,PC,,11,,2
2076,80,,,1,1722010_BN,,Poci Celup Lemon 25 / TBB25 PL,0,,0,,,1,50,PC,,11,,2
2077,80,,,1,1722011_BD,,Poci Celup Rose 25 / TBB25 PR,2590.91,,3000,,,1,50,PC,,11,,2
2078,80,,,1,1722012_BD,,Poci Celup Strawbery 25 / TBB25PS,2590.91,,3000,,,1,50,PC,,11,,2
2079,80,,,1,1722013_BD,,Poci Celup Apel 25 /TBB25PA,2590.91,,3000,,,1,50,PC,,11,,2
2080,80,,,1,1722018_BD,,POCI HIJAU CELUP 25/TCPH 25,4145.45,,5091,,,1,50,PC,,11,,2
2081,80,,,1,1722021_BD,,Poci Mas Gold  80Gr,2763.64,,3091,,,1,60,PC,,11,,2
2082,80,,,1,1722022_BD,,POCI MAS GOLD LUSINAN/PGL,5563,,6396.4,,,1,100,PC,,11,,2
2083,80,,,1,1722023_BD,,Poci Mas Gold 40gr/TPG 10/bos,2824.32,,3333.33,,,1,100,PC,,11,,2
2084,80,,,1,1722023_BN,,Poci Mas Gold 40gr/TPG 10/bos,0,,0,,,1,100,PC,,11,,2
2085,80,,,1,1722024_BD,,Poci Mas Gold 80Gr TPGB 5/bos,5649,,6666.67,,,1,50,PC,,11,,2
2086,80,,,1,1722032_BD,,POCI KUNING LUSINAN 10GR/PKL,5050,,5855.86,,,1,100,PC,,11,,2
2087,80,,,1,1722035_BD,,TEH CAP POCI HIJAU CELUP 5/TPH5,746.18,,909.09,,,1,200,PC,,11,,2
2088,80,,,1,1722036_BD,,TEH CAP POCI HIJAU CELUP 25/TCPH25,4318.18,,5272.73,,,1,50,PC,,11,,2
2089,80,,,1,1722037_BD,,TEH CAP POCI POUCH SEDUH 30GR/TCPP30,2159.09,,3181.82,,,1,60,PC,,11,,2
2090,80,,,1,1722038_BD,,Teh Cap Poci Jasmine 4 TCPJ 4B 6PC/PCK,5492,,6981.98,,,1,24,PC,,11,,2
2091,80,,,1,1722039_BD,,Teh Celup Sosro 20 TCS20 6PC/PACK,4208,,5330.33,,,1,24,PC,,11,,2
2092,80,,,1,1722040_BD,,Celup Sosro Sachet / TBB 4 240CT,678,,788.29,,,1,240,PC,,11,,2
2093,80,,,1,1722041_BD,,TEH CAP POCI PREMIUM SACHET 4/TPP4,683.71,,807.06,,,1,200,PC,,11,,2
2094,80,,,1,1722049_BD,,TEH CAP BOTOL HIJAU CELUP 4 TCBH4 /24pc,677.55,,882.13,,,1,240,PC,,11,,2
2095,80,,,1,1722050_BD,,TEH CAP POCI PREMIUM 25/TPP25,5221,,6847,,,1,50,PC,,11,,2
2096,80,,,1,1722051_BD,,TEH CELUP SOSRO / TCS 25,3851.35,,5045.05,,,1,50,PC,,11,,2
2097,80,,,1,1722052_BD,,POCI PREMIUM SACHET 15 TPP15 12PC,2610,,3003,,,1,120,PC,,11,,2
2098,80,,,1,1722053_BD,,BOTOL SIGNATURE 25 / TCBS25 1PACK 5PC,10337.84,,12342.34,,,1,20,PC,,11,,2
2099,80,,,1,1722054,,SOSRO CELUP 2IN1 5 8PCX6PACK TSC2B 5,2950.45,,3528.52,,,1,48,PC,,11,,2
2100,80,,,1,1722055_BD,,TEH CAP POCI PREMIUM SACHET 4B/TPP 4B,684.68,,810.81,,,1,200,PC,,11,,2
2101,80,,,1,1722056_BD,,TEH CELUP SOSRO 4/TBB 4B 240/CT,599.1,,765.76,,,1,240,PC,,11,,2
2102,80,,,1,1722057_BD,,TEH CAP BOTOL HIJAU CELUP 4/TCBH 4B 240/CT,684.68,,810.81,,,1,240,PC,,11,,2
2103,80,,,1,1722058_BD,,TEH CELUP POCI VANILLA 15/TPCV15,2567.56,,3243.24,,,1,50,PC,,11,,2
2104,80,,,1,1722059_BD,,TEH CAP POCI MELATI 15/ TPCM 15,3166.66,,3963.96,,,1,50,PC,,11,,2
2105,80,,,1,1722060_BD,,TEH CAP POCI PREMIUM 4 BR/TPP 4BR 240/CT,684.68,,810.81,,,1,240,PC,,11,,2
2106,80,,,1,1722061_BD,,SADEL HIJAU 40GR SACHET TSDH SACHET,2225.23,,2612.61,,,1,100,PC,,11,,2
2107,80,,,1,1722062_BD,,POCI CELUP VANILLA 4B/TBB 4B PV 240/CT,599.1,,765.76,,,1,240,PC,,11,,2
2108,80,,,1,1722063_BD,,TEH SOSRO CELUP HERITAGE JASMINE 25/TSCHJ25,17387.38,,20450.45,,,1,20,PC,,11,,2
2109,80,,,1,1722064_BD,,TEH SOSRO HERITAGE GREEN 25/TSCHG 25,19459.45,,22972.97,,,1,20,PC,,11,,2
2110,80,,,1,1722065_BD,,TEH SOSRO HERITAGE BLACK 25/TSCHB 25,16036.03,,18828.82,,,1,20,PC,,11,,2
2111,80,,,1,1722066_BD,,TEH BOTOL CELUP MELATI 15/TBCM 15,3243.24,,3963.96,,,1,50,PC,,11,,2
2112,80,,,1,1722068_BD,,ES TEH POCI TEH TARIK GULA AREN 15BSX10S/ETPGA,1378.37,,1666.66,,,1,150,PC,,11,,2
2113,80,,,1,1722069_BD,,ES TEH POCI PANDAN VANILLA SELASIH 15BSX10SC ETPPV,1054.05,,1261.26,,,1,150,PC,,11,,2
2114,80,,,1,1722071_BD,,Es Teh Poci Teh Pandan Van Selasih (isi 5)/ETPPV,5457.95,,6306.3,,,1,48,PC,,11,,2
2115,80,,,1,1722074,,SOSRO CELUP 15 THUMBLER BANDED,2403.6,,2612.61,,,1,50,PC,,11,,2
2116,9,,,1,1N00839454_BD,,NS JERUK (EX) MANIS PLS 4PX40SX11G,1001.25,,1125,,,1,160,PC,,11,,2
2117,9,,,1,1N0083945403,,NS JERUK (EX) MANIS PLS 4PX40SX11G  10F1S,1001.25,,1125,,,1,160,PC,,11,,2
2118,9,,,1,1N00840454_BD,,NS MILKY PEACH PLS 4PX40SX11G,1001.25,,1125,,,1,160,PC,,11,,2
2119,9,,,1,1N00840454_BN,,NS MILKY PEACH PLS 4PX40SX11G,0,,0,,,1,160,PC,,11,,2
2120,9,,,1,1N00841454_BD,,NS MELON PLS 4PX40SX11G,1001.25,,1125,,,1,160,PC,,11,,2
2121,9,,,1,1N01402250_BD,,NS RTD SQUEEZED  ORANGE 24TPKX200ML,4251,,5900,,,1,24,PC,,11,,2
2122,9,,,1,1N01603454_BD,,NS ORANGE TEA PLS 4PX40SX11G,956.75,,1075,,,1,160,PC,,11,,2
2123,9,,,1,1N01643454,,NS BLACKCURRANT TEA PLS 4PX40SX11G,1001.25,,1125,,,1,160,PC,,11,,2
2124,9,,,1,1N01643454_BD,,NS BLACKCURRANT TEA PLS 4PX40SX11G,1001.25,,1125,,,1,160,PC,,11,,2
2125,9,,,1,1N03301456_BD,,NS LESS BELIMBING PLS 4PX40SX6G,1011.25,,1125,,,1,160,PC,,11,,2
2126,9,,,1,1N03303456,,NS LESS SUGAR JERUK PONTIANAK PLS 4PX40SX6G,1011.25,,1125,,,1,160,PC,,11,,2
2127,9,,,1,1N03304456,,NS LESS SUGAR JERUK SONKIT PLS 4PX40SX6G,1011.25,,1125,,,1,160,PC,,11,,2
2128,9,,,1,1NA0809005_BD,,NS WDANK SEREH JAHE NIPIS PLS 12RX10SX11G,1424,,1600,,,1,120,PC,,11,,2
2129,82,,,1,20017,,BK DELLCIOUS KELAPA 110GR 3BALX10PK,2418.78,,2658,,,1,30,PC,,11,,2
2130,82,,,1,20017_BD,,BK DELLCIOUS KELAPA 110GR 3BALX10PK,2418.78,,2658,,,1,30,PC,,11,,2
2131,82,,,1,20017_BN,,BK DELLCIOUS KELAPA 110GR 3BALX10PK,0,,0,,,1,30,PC,,11,,2
2132,82,,,1,20019,,BK/MARIE SUSU MADU 100G 6X6,3225.95,,3545,,,1,36,PC,,11,,2
2133,82,,,1,20019_BD,,BK/MARIE SUSU MADU 100G 6X6,3225.95,,3545,,,1,36,PC,,11,,2
2134,82,,,1,20019_BN,,BK/MARIE SUSU MADU 100G 6X6,0,,0,,,1,36,PC,,11,,2
2135,82,,,1,20023,,WSK/MAJORICO STRAW YOGURT 120GR,8546.72,,9392,,,1,24,PC,,11,,2
2136,82,,,1,20023_BD,,WSK/MAJORICO STRAW YOGURT 120GR,8546.72,,9392,,,1,24,PC,,11,,2
2137,82,,,1,20023_BN,,WSK/MAJORICO STRAW YOGURT 120GR,0,,0,,,1,24,PC,,11,,2
2138,82,,,1,20024,,WSK/MAJORICO CAPPUCINO 120GR/24PC,8546.72,,9392,,,1,24,PC,,11,,2
2139,82,,,1,20024_BD,,WSK/MAJORICO CAPPUCINO 120GR/24PC,8546.72,,9392,,,1,24,PC,,11,,2
2140,82,,,1,20024_BN,,WSK/MAJORICO CAPPUCINO 120GR/24PC,0,,0,,,1,24,PC,,11,,2
2141,82,,,1,20025,,WSK/MAJORICO WHITE CHOCOLATE 120GR 24PC,8546.72,,9392,,,1,24,PC,,11,,2
2142,82,,,1,20025_BN,,WSK/MAJORICO WHITE CHOCOLATE 120GR 24PC,0,,0,,,1,24,PC,,11,,2
2143,82,,,1,20027,,WSK/MAJORICO MATCHA 250GR 12BUCKET,18200,,20000,,,1,12,PC,,11,,2
2144,82,,,1,20028,,WSK/MAJORICO CHOCOLATE 250GR 12BUCKET,15511.33,,17045.42,,,1,12,PC,,11,,2
2145,82,,,1,20029,,WSK/MAJORICO VANILLA 250GR 12BUCKET,18200,,20000,,,1,12,PC,,11,,2
2146,82,,,1,20031,,WSK/MAJORICO CHOCOLATE 120G SHOWBOX,3722.81,,4091,,,1,24,PC,,11,,2
2147,82,,,1,20031_BD,,WSK/MAJORICO CHOCOLATE 120G SHOWBOX,3722.81,,4091,,,1,24,PC,,11,,2
2148,82,,,1,20032,,WSK/MAJORICO VANILLA 120G SHOWBOX,3689.14,,4054,,,1,24,PC,,11,,2
2149,82,,,1,20032_BD,,WSK/MAJORICO VANILLA 120G SHOWBOX,3689.14,,4054,,,1,24,PC,,11,,2
2150,82,,,1,20128,,BK/MARIE SUSU MADU 12GR 20X6,348.53,,383,,,1,120,PC,,11,,2
2151,82,,,1,20128_BD,,BK/MARIE SUSU MADU 12GR 20X6,348.53,,383,,,1,120,PC,,11,,2
2152,82,,,1,20129,,BK/MARIE SUSU MADU 8GR 20X6,348.53,,383,,,1,120,PC,,11,,2
2153,82,,,1,2021653,,40GR LAVER KIMBOB,46171.17,,60698.19,,,1,40,PC,,11,,2
2154,82,,,1,20239,,BK ROSE CREAM CHOCOLATE 260GR,5533.71,,6081,,,1,10,PC,,11,,2
2155,82,,,1,20239_BD,,BK ROSE CREAM CHOCOLATE 260GR,5533.71,,6081,,,1,10,PC,,11,,2
2156,82,,,1,20239_BN,,BK ROSE CREAM CHOCOLATE 260GR,0,,0,,,1,10,PC,,11,,2
2157,82,,,1,20242,,BK ROSE CREAM PINEAPLE 260GR,5045.95,,5545,,,1,10,PC,,11,,2
2158,82,,,1,20242_BD,,BK ROSE CREAM PINEAPLE 260GR,5045.95,,5545,,,1,10,PC,,11,,2
2159,82,,,1,20242_BN,,BK ROSE CREAM PINEAPLE 260GR,0,,0,,,1,10,PC,,11,,2
2160,82,,,1,20243,,BK ROSE CREAM LEMON 260GR,5533.71,,6081,,,1,10,PC,,11,,2
2161,82,,,1,20243_BD,,BK ROSE CREAM LEMON 260GR,5533.71,,6081,,,1,10,PC,,11,,2
2162,82,,,1,20243_BN,,BK ROSE CREAM LEMON 260GR,0,,0,,,1,10,PC,,11,,2
2163,82,,,1,20249,,BK SUPER CREAM BON BON 200GRX3X7,4099.55,,4505,,,1,21,PC,,11,,2
2164,82,,,1,20249_BD,,BK SUPER CREAM BON BON 200GRX3X7,4099.55,,4505,,,1,21,PC,,11,,2
2165,82,,,1,20249_BN,,BK SUPER CREAM BON BON 200GRX3X7,0,,0,,,1,21,PC,,11,,2
2166,82,,,1,20250,,BK SUPER CREAM STRAWBERRY 200GRX3X7,4099.55,,4505,,,1,21,PC,,11,,2
2167,82,,,1,20250_BD,,BK SUPER CREAM STRAWBERRY 200GRX3X7,4099.55,,4505,,,1,21,PC,,11,,2
2168,82,,,1,20250_BN,,BK SUPER CREAM STRAWBERRY 200GRX3X7,0,,0,,,1,21,PC,,11,,2
2169,82,,,1,20251,,BK SUPER CREAM PINEAPPLE 200GRX3X7,4099.55,,4505,,,1,21,PC,,11,,2
2170,82,,,1,20251_BD,,BK SUPER CREAM PINEAPPLE 200GRX3X7,4099.55,,4505,,,1,21,PC,,11,,2
2171,82,,,1,20251_BN,,BK SUPER CREAM PINEAPPLE 200GRX3X7,0,,0,,,1,21,PC,,11,,2
2172,82,,,1,20252,,BK SUPER CREAM ORANGE 200GRX3X7,4099.55,,4505,,,1,21,PC,,11,,2
2173,82,,,1,20252_BD,,BK SUPER CREAM ORANGE 200GRX3X7,4099.55,,4505,,,1,21,PC,,11,,2
2174,82,,,1,20252_BN,,BK SUPER CREAM ORANGE 200GRX3X7,0,,0,,,1,21,PC,,11,,2
2175,82,,,1,20257,,BK/REGI BANANA 24GR 10X6,661.57,,727,,,1,60,PC,,11,,2
2176,82,,,1,20257_BD,,BK/REGI BANANA 24GR 10X6,661.57,,727,,,1,60,PC,,11,,2
2177,82,,,1,20261,,BK/ABC CHOCO CRACKERS 12GR 20X6,348.53,,383,,,1,120,PC,,11,,2
2178,82,,,1,20261_BD,,BK/ABC CHOCO CRACKERS 12GR 20X6,348.53,,383,,,1,120,PC,,11,,2
2179,82,,,1,20262,,BK/RIMBA CHOCO CRACKERS 12GR 20X6,348.53,,383,,,1,120,PC,,11,,2
2180,82,,,1,20262_BD,,BK/RIMBA CHOCO CRACKERS 12GR 20X6,348.53,,383,,,1,120,PC,,11,,2
2181,82,,,1,20264,,BK/UNIGOLD KELAPA 24GR 6X10,661.57,,727,,,1,60,PC,,11,,2
2182,82,,,1,20264_BD,,BK/UNIGOLD KELAPA 24GR 6X10,661.57,,727,,,1,60,PC,,11,,2
2183,82,,,1,2100229,,MMSK MYK GRG KEDELAI 900ML 12/CT,44880,,56545.45,,,1,12,PC,,11,,2
2184,82,,,1,2100230,,MMSK MYK GRG JAGUNG 900ML 12/CT,51408,,64727.27,,,1,12,PC,,11,,2
2185,9,,,1,2101453155_BD,,HILO SCHOOL CHOCOLATE 12DX250G,34580,,38000,,,1,12,PC,,11,,2
2186,9,,,1,2101454447_BD,,HILO SCHOOL CHO PLS 12X10SX35G,2804,,3150,,,1,120,PC,,11,,2
2187,9,,,1,2101461_BD,,HILO TEEN RTD COKLAT 24PX200ML,5785,,6500,,,1,24,PC,,11,,2
2188,9,,,1,2101462447_BD,,HILO ACTIVE BELGIAN CHOCOLATE PLS 12RX10SX30G,2225,,2500,,,1,120,PC,,11,,2
2189,9,,,1,2101463450_BD,,HILO CHO HAZELNUT PLS 15X10SX14GR,1424,,1600,,,1,150,PC,,11,,2
2190,9,,,1,2101467_BD,,HILO CHOCOLATE AVOCADO 24X200ML,5162,,5800,,,1,24,PC,,11,,2
2191,9,,,1,2101477447_BD,,HILO SCHOOL COKELAT SUSU PLS 12RX10SX30G,2804,,3150,,,1,120,PC,,11,,2
2192,9,,,1,2101481443_BD,,HILO SCHOOL CHOCO CANDY 8RX10SX8G,1780,,2000,,,1,80,PC,,11,,2
2193,9,,,1,2101482446_BD,,HILO ACTIVE SUSU COKLAT BELGIAN PLS 12RX10SX25G,2804,,3150,,,1,120,PC,,11,,2
2194,9,,,1,2101486155_BD,,HILO SCHOOL VANILLA 12DX250G,34580,,38000,,,1,12,PC,,11,,2
2195,9,,,1,2101651155_BD,,HILO TEEN COKLAT 250G (12D),36400,,40000,,,1,12,PC,,11,,2
2196,9,,,1,2101684155_BD,,HILO TEEN VANILLA 250G (12D),36400,,40000,,,1,12,PC,,11,,2
2197,9,,,1,2101808450_BD,,HILO CHOCOLATE TARO PLS 15RX10SX14G,1424,,1600,,,1,150,PC,,11,,2
2198,9,,,1,2101808450_BN,,HILO CHOCOLATE TARO PLS 15RX10SX14G,0,,0,,,1,150,PC,,11,,2
2199,9,,,1,210180845003,,HI LO DRINK CHOCOLATE TARO PLS 15RX10SX14G 10F1S,1424,,1600,,,1,150,PC,,11,,2
2200,9,,,1,2101809250_BD,,HILO RTD CHOCOLATE TARO 24PX200ML,5005,,5500,,,1,24,PC,,11,,2
2201,9,,,1,2101813443_BD,,HILO ES TELER PLS 8RX10SX15G,1291,,1450,,,1,80,PC,,11,,2
2202,9,,,1,2101813443_BN,,HILO ES TELER PLS 8RX10SX15G,0,,0,,,1,80,PC,,11,,2
2203,9,,,1,2101845443_BD,,HILO ES KETAN HITAM PLS 8RX10SX14G,1424,,1600,,,1,80,PC,,11,,2
2204,9,,,1,2101847443_BD,,HILO THAI TEA PLS 8RX10SX15G,1424,,1600,,,1,80,PC,,11,,2
2205,9,,,1,2101847443_BN,,HILO THAI TEA PLS 8RX10SX15G,0,,0,,,1,80,PC,,11,,2
2206,9,,,1,2101852310_BD,,HILO CHOCO HAZELNUT 18PX40SX14GR,890,,1000,,,1,720,PC,,11,,2
2207,9,,,1,210185245003,,HI LO DRINK CHOCOLATE PLS 15RX10SX14G (10+1),1424,,1600,,,1,150,PC,,11,,2
2208,9,,,1,210186545003,,HI LO DEINK WHITE CHOCOLATE PLS 15RX10SX14G (10F1),1424,,1600,,,1,150,PC,,11,,2
2209,9,,,1,2102300447_BD,,TS SANTAN PLS 12RX10SX20G,1824.5,,2050,,,1,120,PC,,11,,2
2210,9,,,1,2102900066_BD,,TS SWT DIABTX PLS 10PX80SX1.8G,589.63,,662.5,,,1,800,PC,,11,,2
2211,9,,,1,2102900314_B,,TS SWT DIABETIX PLS 10PX80SX2GR,528.44,,593.75,,,1,800,PC,,11,,2
2212,9,,,1,2102900314_BD,,TS SWT DIABETIX PLS 10PX80SX2GR,528.44,,593.75,,,1,800,PC,,11,,2
2213,9,,,1,2153000314_BD,,DIABETAMIL SWT PLS 10PX80SX1G,311.5,,350,,,1,800,PC,,11,,2
2214,9,,,1,2153000314_BN,,DIABETAMIL SWT PLS 10PX80SX1G,0,,0,,,1,800,PC,,11,,2
2215,9,,,1,215300031448,,DIABETAMIL SWT PLS 10PX80SX1G FREE HANGER,333.75,,375,,,1,800,PC,,11,,2
2216,9,,,1,2HF0111003_BD,,HILO SCHOOL STRAWBERRY PLS 12RX10X27G,2804,,3150,,,1,120,PC,,11,,2
2217,9,,,1,2HF0111003_BN,,HILO SCHOOL STRAWBERRY PLS 12RX10SX27G,0,,0,,,1,120,PC,,11,,2
2218,9,,,1,2HF0115003_BD,,HILO SCHOOL VANILLA SUSU PLS 12RX10SX27G,2803.5,,3150,,,1,120,PC,,11,,2
2219,9,,,1,2HF011500303,,HI LO SCHOOL VANILLA SUSU PLS 12RX10SX27G (10F1),2803.5,,3150,,,1,120,PC,,11,,2
2220,9,,,1,2HH0816450_BD,,HI LO DRINK CHOCO MINT PLS 15RX10SX14G,1424,,1600,,,1,150,PC,,11,,2
2221,9,,,1,2HH0817441_BD,,HILO DRINK CHOCO MALT 8RX10SX14G,1424,,1600,,,1,80,PC,,11,,2
2222,9,,,1,2HH081744103,,HILO DRINK CHOCO MALT PLS 8RX10SX14G (10SF1),1424,,1600,,,1,80,PC,,11,,2
2223,9,,,1,2HH0819450,,HILO DRINK CREAMY MARIE PLS 15X10X14G,1424,,1600,,,1,150,PC,,11,,2
2224,9,,,1,2HH0819450_BD,,HILO DRINK CREAMY MARIE PLS 15X10X14G,1424,,1600,,,1,150,PC,,11,,2
2225,82,,,1,30069,,BK KUKIS BUTTER 218GR 6PCX4BALL,4590.95,,5045,,,1,24,PC,,11,,2
2226,82,,,1,30069_BD,,BK KUKIS BUTTER 218GR 6PCX4BALL,4590.95,,5045,,,1,24,PC,,11,,2
2227,82,,,1,30069_BN,,BK KUKIS BUTTER 218GR 6PCX4BALL,0,,0,,,1,24,PC,,11,,2
2228,82,,,1,30070,,BK KUKIS COCONUT 218GRX6PCX4BALL,4590.95,,5045,,,1,24,PC,,11,,2
2229,82,,,1,30070_BD,,BK KUKIS COCONUT 218GRX6PCX4BALL,4590.95,,5045,,,1,24,PC,,11,,2
2230,82,,,1,30070_BN,,BK KUKIS COCONUT 218GRX6PCX4BALL,0,,0,,,1,24,PC,,11,,2
2231,82,,,1,30083,,BK/KUKIS KELAPA 56GR 10X6,1324.05,,1455,,,1,60,PC,,11,,2
2232,82,,,1,30083_BD,,BK/KUKIS KELAPA 56GR 10X6,1324.05,,1455,,,1,60,PC,,11,,2
2233,82,,,1,30084,,BK/KUKIS BUTTER 56GR 10X6,1324.05,,1455,,,1,60,PC,,11,,2
2234,82,,,1,30084_BD,,BK/KUKIS BUTTER 56GR 10X6,1324.05,,1455,,,1,60,PC,,11,,2
2235,82,,,1,30085,,BK/KUKIS SUSU VANILLA 56GR 10X6,1324.05,,1455,,,1,60,PC,,11,,2
2236,82,,,1,30085_BD,,BK/KUKIS SUSU VANILLA 56GR 10X6,1324.05,,1455,,,1,60,PC,,11,,2
2237,82,,,1,30086,,BK/KUKIS MOCHACHINO 56GR 10X6,1324.05,,1455,,,1,60,PC,,11,,2
2238,82,,,1,30086_BD,,BK/KUKIS MOCHACHINO 56GR 10X6,1324.05,,1455,,,1,60,PC,,11,,2
2239,82,,,1,30087,,BK KUKIS MOCHACHINO 218GRX6PCX4BAL,4590.95,,5045,,,1,24,PC,,11,,2
2240,82,,,1,30087_BD,,BK KUKIS MOCHACHINO 218GRX6PCX4BAL,4590.95,,5045,,,1,24,PC,,11,,2
2241,82,,,1,30087_BN,,BK KUKIS MOCHACHINO 218GRX6PCX4BAL,0,,0,,,1,24,PC,,11,,2
2242,82,,,1,30088,,BK KUKIS SUSU VANILLA 218GRX6PCX4BAL,4590.95,,5045,,,1,24,PC,,11,,2
2243,82,,,1,30088_BD,,BK KUKIS SUSU VANILLA 218GRX6PCX4BAL,4590.95,,5045,,,1,24,PC,,11,,2
2244,82,,,1,30088_BN,,BK KUKIS SUSU VANILLA 218GRX6PCX4BAL,0,,0,,,1,24,PC,,11,,2
2245,82,,,1,30099,,BK/MONI CHOCO RING COOKIES 11.5GR 20X6,348.53,,383,,,1,120,PC,,11,,2
2246,82,,,1,30099_BD,,BK/MONI CHOCO RING COOKIES 11.5GR 20X6,348.53,,383,,,1,120,PC,,11,,2
2247,82,,,1,30100,,BK/HELLO COOKIES 11.5GR 20X6,348.53,,383,,,1,120,PC,,11,,2
2248,82,,,1,30100_BD,,BK/HELLO COOKIES 11.5GR 20X6,348.53,,383,,,1,120,PC,,11,,2
2249,82,,,1,30103,,BK/CHOCOLATE COOKIES 320GR 6BUCKET,19441.24,,21364,,,1,6,PC,,11,,2
2250,82,,,1,30104,,BK/SUSU VANILLA COOKIES 320GR 6BUCKET,19441.24,,21364,,,1,6,PC,,11,,2
2251,82,,,1,30105,,BK/KUKIS MAMAH 320GR 6BUCKET,19441.24,,21364,,,1,6,PC,,11,,2
2252,6,,,1,40007528,,POLYTEX Sabut Spon Ekstra Kuat,4911.56,,5253,,,1,288,PC,,11,,2
2253,6,,,1,40007528_BD,,POLYTEX Sabut Spon Ekstra Kuat,4768.5,,5100,,,1,288,PC,,11,,2
2254,6,,,1,40007529,,CARRERA SPON SABUT MOBIL,11538,,12340,,,1,24,PC,,11,,2
2255,6,,,1,40007529_BD,,CARRERA SPON SABUT MOBIL,10659,,11400,,,1,24,PC,,11,,2
2256,6,,,1,40007530,,CARRERA SPON SERBA GUNA,7078,,7570,,,1,24,PC,,11,,2
2257,6,,,1,40007530_BD,,CARRERA SPON SERBA GUNA,6545,,7000,,,1,24,PC,,11,,2
2258,6,,,1,40007531,,HIT ELECTRIC EKONOMIS +LAMPU 4X12,8089.62,,8652,,,1,48,PC,,11,,2
2259,6,,,1,40007531_BD,,HIT ELECTRIC EKONOMIS +LAMPU 4X12,7854,,8400,,,1,48,PC,,11,,2
2260,6,,,1,40007532_BD,,HIT ELECTRIC ALAT  N-8 8X6,10881,,11700,,,1,48,PC,,11,,2
2261,6,,,1,40007533_BD,,HIT ELECTRIC ALAT TIKUS 8X6,12796.8,,13760,,,1,48,PC,,11,,2
2262,6,,,1,40007538,,HIT Non Stop Refill 45ml+AlatP,12249,,13100,,,1,72,PC,,11,,2
2263,6,,,1,40007538_BD,,HIT Non Stop Refill 45ml+AlatP,12249,,13100,,,1,72,PC,,11,,2
2264,6,,,1,40007540,,HIT Non Stop  Alat,9350,,10000,,,1,24,PC,,11,,2
2265,6,,,1,40007540_BD,,HIT Non Stop  Alat,9350,,10000,,,1,24,PC,,11,,2
2266,6,,,1,40007543,,Hit Non Stop Eko Set,14867,,15900,,,1,24,PC,,11,,2
2267,6,,,1,40007543_BD,,Hit Non Stop Eko Set,14867,,15900,,,1,24,PC,,11,,2
2268,6,,,1,40007546,,HIT Non Stop Fresh Set XPower,14493,,15500,,,1,24,PC,,11,,2
2269,6,,,1,40007546_BD,,HIT Non Stop Fresh Set XPower,14493,,15500,,,1,24,PC,,11,,2
2270,6,,,1,40007556,,HIT Mat  4s Hanger (864s),673,,720,,,1,864,PC,,11,,2
2271,6,,,1,40007556_BD,,HIT Mat  4s Hanger (864s),673,,720,,,1,864,PC,,11,,2
2272,6,,,1,40007561,,HIT MAT Classic 48`s + 12`s,10451.43,,11178,,,1,72,PC,,11,,2
2273,6,,,1,40007561_BD,,HIT MAT Classic 48`s + 12`s,9406,,10060,,,1,72,PC,,11,,2
2274,6,,,1,40007562_BD,,HIT MAT CLASSIC 18S+6S 24X6,4929,,5300,,,1,144,PC,,11,,2
2275,6,,,1,40007565,,HIT Mat Hgr 18s(16+2s) (RT),4385,,4690,,,1,144,PC,,11,,2
2276,6,,,1,40007565_BD,,HIT Mat Hgr 18s(16+2s) (RT),4385,,4690,,,1,144,PC,,11,,2
2277,6,,,1,40007568,,HIT Mat 18s Display Box (SM),5322.49,,5693,,,1,144,PC,,11,,2
2278,6,,,1,40007568_BD,,HIT Mat 18s Display Box (SM),4385,,4690,,,1,144,PC,,11,,2
2279,6,,,1,40007571_BD,,HIT MAT Floral 48`s + 12`s,9355.8,,10060,,,1,72,PC,,11,,2
2280,6,,,1,40007572_BD,,HIT MAT FLORAL 18S+6S 24X6,4929,,5300,,,1,144,PC,,11,,2
2281,6,,,1,40007573,,HIT Mat Classic 48`s +6`s,10451.43,,11178,,,1,72,PC,,11,,2
2282,6,,,1,40007573_BD,,HIT Mat Classic 48`s +6`s,9724,,10400,,,1,72,PC,,11,,2
2283,6,,,1,40007575,,HIT Magic Floral 3s Hgr,318,,340,,,1,576,PC,,11,,2
2284,6,,,1,40007575_BD,,HIT Magic Floral 3s Hgr,318,,340,,,1,576,PC,,11,,2
2285,6,,,1,40007576,,HIT Magic Fresh 3 sheet,318,,340,,,1,576,PC,,11,,2
2286,6,,,1,40007576_BD,,HIT Magic Fresh 3 sheet,318,,340,,,1,576,PC,,11,,2
2287,6,,,1,40007577,,HIT Magic Floral 12 sheet,1683,,1800,,,1,144,PC,,11,,2
2288,6,,,1,40007577_BD,,HIT Magic Floral 12 sheet,1683,,1800,,,1,144,PC,,11,,2
2289,6,,,1,40007578,,HIT Magic Fresh 12s Display Bo,1683,,1800,,,1,144,PC,,11,,2
2290,6,,,1,40007578_BD,,HIT Magic Fresh 12s Display Bo,1683,,1800,,,1,144,PC,,11,,2
2291,6,,,1,40007582_BD,,HIT MAT Floral 18`s  + 9`s,4929,,5300,,,1,144,PC,,11,,2
2292,6,,,1,40007596,,HIT POMPA PLASTIK BARU 10X12,14960,,16000,,,1,120,PC,,11,,2
2293,6,,,1,40007596_BD,,HIT POMPA PLASTIK BARU 10X12,14960,,16000,,,1,120,PC,,11,,2
2294,6,,,1,40007598,,SHOCK ANTI SUMBAT BOTOL 375 GR,26217.4,,28040,,,1,24,PC,,11,,2
2295,6,,,1,40007598_BD,,SHOCK ANTI SUMBAT BOTOL 375 GR,24591,,26300,,,1,24,PC,,11,,2
2296,6,,,1,40007604,,Stella Liquid (Dome) Lemon 70,15586,,16670,,,1,24,PC,,11,,2
2297,6,,,1,40007604_BD,,Stella Liquid (Dome) Lemon 70,15586,,16670,,,1,24,PC,,11,,2
2298,6,,,1,40007605,,Stella Liquid (Dome) Orange 70,15586,,16670,,,1,24,PC,,11,,2
2299,6,,,1,40007605_BD,,Stella Liquid (Dome) Orange 70,15586,,16670,,,1,24,PC,,11,,2
2300,6,,,1,40007608,,Stella Reffil Strawberry 50ml,8929,,9550,,,1,36,PC,,11,,2
2301,6,,,1,40007608_BD,,Stella Reffil Strawberry 50ml,8929,,9550,,,1,36,PC,,11,,2
2302,6,,,1,40007609_BD,,STELLA SKYLINE APPLE 70 ML 4X6,17326,,18530,,,1,24,PC,,11,,2
2303,6,,,1,40007610_BD,,STELLA SKYLINE DRAGON 70 ML 4X6,17232.9,,18530,,,1,24,PC,,11,,2
2304,6,,,1,40007611_BD,,STELLA SKYLINE  LEMON 70 ML 4X6,17232.9,,18530,,,1,24,PC,,11,,2
2305,6,,,1,40007612_BD,,STELLA SKYLINE ORIN 70 ML 4X6,17232.9,,18530,,,1,24,PC,,11,,2
2306,6,,,1,40007626,,Stella Reffil Orange 50 ml,8929.25,,9550,,,1,36,PC,,11,,2
2307,6,,,1,40007626_BD,,Stella Reffil Orange 50 ml,8929.25,,9550,,,1,36,PC,,11,,2
2308,6,,,1,40007627,,Stella Reffil Lemon 50 ml,8929.25,,9550,,,1,36,PC,,11,,2
2309,6,,,1,40007627_BD,,Stella Reffil Lemon 50 ml,8929.25,,9550,,,1,36,PC,,11,,2
2310,6,,,1,40007628,,Stella Reffil Dragon 50 ml,8929.25,,9550,,,1,36,PC,,11,,2
2311,6,,,1,40007628_BD,,Stella Reffil Dragon 50 ml,8929.25,,9550,,,1,36,PC,,11,,2
2312,6,,,1,40007630,,STELLA CAR PARFUME REFFIL MUSK,15586,,16670,,,1,48,PC,,11,,2
2313,6,,,1,40007630_BD,,STELLA CAR PARFUME REFFIL MUSK,15586,,16670,,,1,48,PC,,11,,2
2314,6,,,1,40007631_BD,,STELLA CARPARFUME REFFIL SHINE,15503.1,,16670,,,1,48,PC,,11,,2
2315,6,,,1,40007632,,SETLLA CARPARFUME REFF ENERGYC,15586,,16670,,,1,48,PC,,11,,2
2316,6,,,1,40007632_BD,,SETLLA CARPARFUME REFF ENERGYC,15586,,16670,,,1,48,PC,,11,,2
2317,6,,,1,40007634,,Stella Car Parfume Set Shine,27115,,29000,,,1,24,PC,,11,,2
2318,6,,,1,40007634_BD,,Stella Car Parfume Set Shine,27115,,29000,,,1,24,PC,,11,,2
2319,6,,,1,40007635,,Stella Car Parfume Set Energyc,27115,,29000,,,1,24,PC,,11,,2
2320,6,,,1,40007635_BD,,Stella Car Parfume Set Energyc,27115,,29000,,,1,24,PC,,11,,2
2321,6,,,1,40007637,,STE. Car Freshner 70gr energyc,7877.1,,8470,,,1,72,PC,,11,,2
2322,6,,,1,40007637_BD,,STE. Car Freshner 70gr energyc,7877.1,,8470,,,1,72,PC,,11,,2
2323,6,,,1,40007638,,Ste. Car Freshener 70gr Spirit,7919,,8470,,,1,72,PC,,11,,2
2324,6,,,1,40007638_BD,,Ste. Car Freshener 70gr Spirit,7919,,8470,,,1,72,PC,,11,,2
2325,6,,,1,40007639,,Ste. Car Freshener 70gr Power,7877.1,,8470,,,1,72,PC,,11,,2
2326,6,,,1,40007639_BD,,Ste. Car Freshener 70gr Power,7877.1,,8470,,,1,72,PC,,11,,2
2327,6,,,1,40007640,,STL.CAR PERFUME MUSK SET NEW,27115,,29000,,,1,24,PC,,11,,2
2328,6,,,1,40007640_BD,,STL.CAR PERFUME MUSK SET NEW,27115,,29000,,,1,24,PC,,11,,2
2329,6,,,1,40007641,,Stella CAR PERFUME ENERGYCSET,27115,,29000,,,1,24,PC,,11,,2
2330,6,,,1,40007641_BD,,Stella CAR PERFUME ENERGYCSET,27115,,29000,,,1,24,PC,,11,,2
2331,6,,,1,40007642,,Stella CAR PERFUME SHINE SET,27115,,29000,,,1,24,PC,,11,,2
2332,6,,,1,40007642_BD,,Stella CAR PERFUME SHINE SET,27115,,29000,,,1,24,PC,,11,,2
2333,6,,,1,40007644,,STE HONEYKISSTWINS7M-MUSKSHINE,18373,,19650,,,1,24,PC,,11,,2
2334,6,,,1,40007644_BD,,STE HONEYKISSTWINS7M-MUSKSHINE,18373,,19650,,,1,24,PC,,11,,2
2335,6,,,1,40007645,,STE HNYKISSTWINS7M-SHINE ENRGY,18373,,19650,,,1,24,PC,,11,,2
2336,6,,,1,40007645_BD,,STE HNYKISSTWINS7M-SHINE ENRGY,18373,,19650,,,1,24,PC,,11,,2
2337,6,,,1,40007648,,Stella All In One Orange 70gr,8322,,8900,,,1,72,PC,,11,,2
2338,6,,,1,40007648_BD,,Stella All In One Orange 70gr,8322,,8900,,,1,72,PC,,11,,2
2339,6,,,1,40007651,,Stella All InOne Bougenville70,8322,,8900,,,1,72,PC,,11,,2
2340,6,,,1,40007651_BD,,Stella All InOne Bougenville70,8322,,8900,,,1,72,PC,,11,,2
2341,6,,,1,40007652,,Stella All in One sensation 70,8322,,8900,,,1,72,PC,,11,,2
2342,6,,,1,40007652_BD,,Stella All in One sensation 70,8322,,8900,,,1,72,PC,,11,,2
2343,6,,,1,40007653,,Stella All In One70gr Lemon-BM,8322,,8900,,,1,72,PC,,11,,2
2344,6,,,1,40007653_BD,,Stella All In One70gr Lemon-BM,8322,,8900,,,1,72,PC,,11,,2
2345,6,,,1,40007654,,Stella All In One70g Orange-BM,8322,,8900,,,1,72,PC,,11,,2
2346,6,,,1,40007654_BD,,Stella All In One70g Orange-BM,8322,,8900,,,1,72,PC,,11,,2
2347,6,,,1,40007655,,STELLA BLOSSOM 60GR FRUITY,12884,,13780,,,1,36,PC,,11,,2
2348,6,,,1,40007655_BD,,STELLA BLOSSOM 60GR FRUITY,12884,,13780,,,1,36,PC,,11,,2
2349,6,,,1,40007656,,STELLA BLOSSOM 60GR FLORAL,12884,,13780,,,1,36,PC,,11,,2
2350,6,,,1,40007656_BD,,STELLA BLOSSOM 60GR FLORAL,12884,,13780,,,1,36,PC,,11,,2
2351,6,,,1,40007658,,Stella Aerosol Jasmine 250 ml,10556,,11300,,,1,12,PC,,11,,2
2352,6,,,1,40007658_BD,,Stella Aerosol Jasmine 250 ml,10556,,11300,,,1,12,PC,,11,,2
2353,6,,,1,40007659,,Stella A.Therapy 250ml Lemon,11201,,11980,,,1,12,PC,,11,,2
2354,6,,,1,40007659_BD,,Stella A.Therapy 250ml Lemon,11201,,11980,,,1,12,PC,,11,,2
2355,6,,,1,40007660,,Stella A.Therapy 250ml Rose,11201,,11980,,,1,12,PC,,11,,2
2356,6,,,1,40007660_BD,,Stella A.Therapy 250ml Rose,11201,,11980,,,1,12,PC,,11,,2
2357,6,,,1,40007661,,Stella Aerosol Apple 250 ml,11201,,11980,,,1,12,PC,,11,,2
2358,6,,,1,40007661_BD,,Stella Aerosol Apple 250 ml,11201,,11980,,,1,12,PC,,11,,2
2359,6,,,1,40007662,,Stella A.Therapy 250ml Orange,11201,,11980,,,1,12,PC,,11,,2
2360,6,,,1,40007662_BD,,Stella A.Therapy 250ml Orange,11201,,11980,,,1,12,PC,,11,,2
2361,6,,,1,40007663,,Stella Odour Neutralizer 250ml,17036,,18220,,,1,12,PC,,11,,2
2362,6,,,1,40007663_BD,,Stella Odour Neutralizer 250ml,17036,,18220,,,1,12,PC,,11,,2
2363,6,,,1,40007665,,STELLA A.THERAPY 400ML JASMINE,17952,,19200,,,1,12,PC,,11,,2
2364,6,,,1,40007665_BD,,STELLA A.THERAPY 400ML JASMINE,17952,,19200,,,1,12,PC,,11,,2
2365,6,,,1,40007666,,STELLA AEROSOL LEMON 400 ML,17952,,19200,,,1,12,PC,,11,,2
2366,6,,,1,40007666_BD,,STELLA AEROSOL LEMON 400 ML,17952,,19200,,,1,12,PC,,11,,2
2367,6,,,1,40007667,,STELLA A.THERAPY 400ML ROSE,17952,,19200,,,1,12,PC,,11,,2
2368,6,,,1,40007667_BD,,STELLA A.THERAPY 400ML ROSE,17952,,19200,,,1,12,PC,,11,,2
2369,6,,,1,40007668,,STELLA A THERAPY 400ML APPLE B,17952,,19200,,,1,12,PC,,11,,2
2370,6,,,1,40007668_BD,,STELLA A THERAPY 400ML APPLE B,17952,,19200,,,1,12,PC,,11,,2
2371,6,,,1,40007669,,STELLA AEROSOL ORANGE 400 ML,17952,,19200,,,1,12,PC,,11,,2
2372,6,,,1,40007669_BD,,STELLA AEROSOL ORANGE 400 ML,17952,,19200,,,1,12,PC,,11,,2
2373,6,,,1,40007670,,STELLA ODOUR NEUTRALIZER 400ML,17952,,19200,,,1,12,PC,,11,,2
2374,6,,,1,40007670_BD,,STELLA ODOUR NEUTRALIZER 400ML,17952,,19200,,,1,12,PC,,11,,2
2375,6,,,1,40007682,,STE AE PURE&FRESH 400MLB.TPP,17952,,19200,,,1,12,PC,,11,,2
2376,6,,,1,40007682_BD,,STE AE PURE&FRESH 400MLB.TPP,17952,,19200,,,1,12,PC,,11,,2
2377,6,,,1,40007709,,Stella MINI Matic (Alat),44915,,48038,,,1,24,PC,,11,,2
2378,6,,,1,40007709_BD,,Stella MINI Matic (Alat),44915,,48038,,,1,24,PC,,11,,2
2379,6,,,1,40007710,,Stella Matic,56399.2,,60320,,,1,12,PC,,11,,2
2380,6,,,1,40007710_BD,,Stella Matic,50733,,54260,,,1,12,PC,,11,,2
2381,6,,,1,40007711_BD,,STELLA MATICREFILL 225ML LEMON,26461,,28300,,,1,12,PC,,11,,2
2382,6,,,1,40007712,,STELLA MATICREFILL225ML ORANGE,26461,,28300,,,1,12,PC,,11,,2
2383,6,,,1,40007712_BD,,STELLA MATICREFILL225ML ORANGE,26461,,28300,,,1,12,PC,,11,,2
2384,6,,,1,40007713,,Stella Matic Ref.225ml W.Flowr,25245,,27000,,,1,12,PC,,11,,2
2385,6,,,1,40007713_BD,,Stella Matic Ref.225ml W.Flowr,25245,,27000,,,1,12,PC,,11,,2
2386,6,,,1,40007714,,STELLA MATIC REF.225ML-GREEN F,26461,,28300,,,1,12,PC,,11,,2
2387,6,,,1,40007714_BD,,STELLA MATIC REF.225ML-GREEN F,26461,,28300,,,1,12,PC,,11,,2
2388,6,,,1,40007715_BD,,Stella Matic Ref.225ml-S.Gardn,25110,,27000,,,1,12,PC,,11,,2
2389,6,,,1,40007716_BD,,StellaMINI MaticREF.40m-Eltion,19716,,21200,,,1,24,PC,,11,,2
2390,6,,,1,40007717,,STELLA MINI METIC RF 40ML G FANTASY GB,20851,,22300,,,1,24,PC,,11,,2
2391,6,,,1,40007717_BD,,STELLA MINI METIC RF 40ML G FANTASY GB,20851,,22300,,,1,24,PC,,11,,2
2392,6,,,1,40007719,,Stella Matic.REF 225ml LMN /SB,25245,,27000,,,1,12,PC,,11,,2
2393,6,,,1,40007719_BD,,Stella Matic.REF 225ml LMN /SB,25245,,27000,,,1,12,PC,,11,,2
2394,6,,,1,40007720,,Stella Matic.REF 225ml ORNG-SB,25245,,27000,,,1,12,PC,,11,,2
2395,6,,,1,40007720_BD,,Stella Matic.REF 225ml ORNG-SB,25245,,27000,,,1,12,PC,,11,,2
2396,6,,,1,40007721_BD,,STE MINI MATIC REF40ML-T BREEF,40687.5,,43750,,,1,24,PC,,11,,2
2397,6,,,1,40007722,,Stella Mini Matic Duo,55436.15,,59290,,,1,12,PC,,11,,2
2398,6,,,1,40007722_BD,,Stella Mini Matic Duo,55436.15,,59290,,,1,12,PC,,11,,2
2399,6,,,1,40007723_BD,,STE MINI MATIC REF40ML-T BREEF,18748.8,,20160,,,1,24,PC,,11,,2
2400,6,,,1,40007724_BD,,STE MINI MATIC REF40ML-B OCEAN,19716,,21200,,,1,24,PC,,11,,2
2401,6,,,1,40007725_BD,,STE MINI MATIC REF40ML-S DREAM,18748.8,,20160,,,1,24,PC,,11,,2
2402,6,,,1,40007726_BD,,STL MN MTC REF 40ML ELATION GB,19716,,21200,,,1,24,PC,,11,,2
2403,6,,,1,40007727,,STELLA MINI METIC RF 40ML G.FANTASY GB,19822,,21200,,,1,24,PC,,11,,2
2630,6,,,1,40008233,,PROCLIN BOTOL 200ML,4301,,4600,,,1,48,PC,,11,,2
2404,6,,,1,40007727_BD,,STELLA MINI METIC RF 40ML G.FANTASY GB,19822,,21200,,,1,24,PC,,11,,2
2405,6,,,1,40007728,,STL MN MTC REF 40ML T-BREEZ'GB,18850,,20160,,,1,24,PC,,11,,2
2406,6,,,1,40007728_BD,,STL MN MTC REF 40ML T-BREEZ'GB,18850,,20160,,,1,24,PC,,11,,2
2407,6,,,1,40007729_BD,,STL MN MTC REF 40ML B.OCEAN GB,19716,,21200,,,1,24,PC,,11,,2
2408,6,,,1,40007730,,STL MN MTC REF 40ML S.DREAM GB,18849.6,,20160,,,1,24,PC,,11,,2
2409,6,,,1,40007730_BD,,STL MN MTC REF 40ML S.DREAM GB,18849.6,,20160,,,1,24,PC,,11,,2
2410,6,,,1,40007731,,STE MTC REFF FRUIT FIESTA 225M,26461,,28300,,,1,12,PC,,11,,2
2411,6,,,1,40007731_BD,,STE MTC REFF FRUIT FIESTA 225M,26461,,28300,,,1,12,PC,,11,,2
2412,6,,,1,40007732_BD,,STE MTC REFF FRESH&CLEAN 225ML,25110,,27000,,,1,12,PC,,11,,2
2413,6,,,1,40007733,,STL MN.MATIC DUO FREE 2 REFILL,55436,,59290,,,1,12,PC,,11,,2
2414,6,,,1,40007733_BD,,STL MN.MATIC DUO FREE 2 REFILL,55436,,59290,,,1,12,PC,,11,,2
2415,6,,,1,40007734,,STELLA FINESSE JASMINE 20 GR 4X12,5236,,5600,,,1,48,PC,,11,,2
2416,6,,,1,40007734_BD,,STELLA FINESSE JASMINE 20 GR 4X12,5236,,5600,,,1,48,PC,,11,,2
2417,6,,,1,40007735_BD,,STELLA FINESSE LAVENDER 20 GR 4X12,5208,,5600,,,1,48,PC,,11,,2
2418,6,,,1,40007736_BD,,STELLA FINESSE ROSE 20 GR 4X12,5208,,5600,,,1,48,PC,,11,,2
2419,6,,,1,40007737,,STELLA FIN.BATHROOM70 FRESH GR,6919,,7400,,,1,72,PC,,11,,2
2420,6,,,1,40007737_BD,,STELLA FIN.BATHROOM70 FRESH GR,6919,,7400,,,1,72,PC,,11,,2
2421,6,,,1,40007738,,"STELLA FIN,BATHROOM70G PASSRED",6919,,7400,,,1,72,PC,,11,,2
2422,6,,,1,40007738_BD,,"STELLA FIN,BATHROOM70G PASSRED",6919,,7400,,,1,72,PC,,11,,2
2423,6,,,1,40007739,,STELLA FIN.BATHROOM70G COOL BL,6919,,7400,,,1,72,PC,,11,,2
2424,6,,,1,40007739_BD,,STELLA FIN.BATHROOM70G COOL BL,6919,,7400,,,1,72,PC,,11,,2
2425,6,,,1,40007741,,"STL BATHROOM P.RED  70GR ""KC""",6919,,7400,,,1,72,PC,,11,,2
2426,6,,,1,40007741_BD,,"STL BATHROOM P.RED  70GR ""KC""",6919,,7400,,,1,72,PC,,11,,2
2427,6,,,1,40007742,,STELLA AC FRESH LEMON 80GR,9070,,9700,,,1,72,PC,,11,,2
2428,6,,,1,40007742_BD,,STELLA AC FRESH LEMON 80GR,9070,,9700,,,1,72,PC,,11,,2
2429,6,,,1,40007743,,STELLA AC TROPICAL ORANGE 80GR,9070,,9700,,,1,72,PC,,11,,2
2430,6,,,1,40007743_BD,,STELLA AC TROPICAL ORANGE 80GR,9070,,9700,,,1,72,PC,,11,,2
2431,6,,,1,40007827_BD,,HIT ONE PUSH ORANGE 10 ML,18162.9,,19530,,,1,24,PC,,11,,2
2432,6,,,1,40007828_BD,,HIT ONE PUSH GTEA 10 ML,18162.9,,19530,,,1,24,PC,,11,,2
2433,6,,,1,40007831_BD,,HIT Aer Lemon 275ml Baru,13773,,14730,,,1,12,PC,,11,,2
2434,6,,,1,40007835_BD,,HIT Aer Lemon 750ml Baru,29237,,31270,,,1,12,PC,,11,,2
2435,6,,,1,40007836_BD,,HIT Aer Orange 750ml Baru,29237,,31270,,,1,12,PC,,11,,2
2436,6,,,1,40007843_BD,,HIT Aer Orange 400ml (G),22721,,24300,,,1,12,PC,,11,,2
2437,6,,,1,40007844_BD,,HIT Aer Lemon 400ml (G),18233,,19490,,,1,12,PC,,11,,2
2438,6,,,1,40007847_BD,,HIT Aerosol Lemon 275 ml + 15%,13773,,14730,,,1,12,PC,,11,,2
2439,6,,,1,40007850_BD,,HIT Aer Lemon 600ml Polos,28639,,30630,,,1,12,PC,,11,,2
2440,6,,,1,40007852_BD,,HIT Aer GTea 400ml (330+70)(N),18223,,19490,,,1,12,PC,,11,,2
2441,6,,,1,40007854_BD,,HIT Aerosol Green Tea 750 ml,29237,,31270,,,1,12,PC,,11,,2
2442,6,,,1,40007858_BD,,HIT Aer Green Tea 600ml + 20%,28639,,30630,,,1,12,PC,,11,,2
2443,6,,,1,40007859_BD,,HIT Aer Orange 600 ml + 20%,32351,,34600,,,1,12,PC,,11,,2
2444,6,,,1,40007865_BD,,HIT Aer GTea 275ml (240+35)(N),13773,,14730,,,1,12,PC,,11,,2
2445,6,,,1,40007866_BD,,HIT Aer Orange 275ml (240+35)D,12529,,13400,,,1,12,PC,,11,,2
2446,6,,,1,40007867_BD,,HIT Aerosol Lemon 275 ml,13773,,14730,,,1,12,PC,,11,,2
2447,6,,,1,40007868,,GAS WONDERFUEL 220GR,19168,,20500,,,1,12,PC,,11,,2
2448,6,,,1,40007868_BD,,GAS WONDERFUEL 220GR,19168,,20500,,,1,12,PC,,11,,2
2449,6,,,1,40007897,,MITU BABY SABUNMANDI BTL.200ML 6X6,12136,,12980,,,1,36,PC,,11,,2
2450,6,,,1,40007897_BD,,MITU BABY SABUNMANDI BTL.200ML 6X6,12136,,12980,,,1,36,PC,,11,,2
2451,6,,,1,40007898,,MITU BABY SABUNMANDI REFIL200ML 6X6,11407,,12200,,,1,36,PC,,11,,2
2452,6,,,1,40007898_BD,,MITU BABY SABUNMANDI REFIL200ML 6X6,11407,,12200,,,1,36,PC,,11,,2
2453,6,,,1,40007899,,Mitu B.SbnMandi 2in1 7ml(24x24,289.8,,310,,,1,576,PC,,11,,2
2454,6,,,1,40007899_BD,,Mitu B.SbnMandi 2in1 7ml(24x24,289.8,,310,,,1,576,PC,,11,,2
2455,6,,,1,40007903,,MT. BBYSBNMND 2IN1 REF 400ML,19635,,21000,,,1,12,PC,,11,,2
2456,6,,,1,40007903_BD,,MT. BBYSBNMND 2IN1 REF 400ML,19635,,21000,,,1,12,PC,,11,,2
2457,6,,,1,40007912,,Mitu Baby Powder Btl Blue 100g,5843.75,,6250,,,1,36,PC,,11,,2
2458,6,,,1,40007912_BD,,Mitu Baby Powder Btl Blue 100g,5610,,6000,,,1,36,PC,,11,,2
2459,6,,,1,40007913,,Mitu Baby pwd Btl Pink 200gr B,10238.25,,10950,,,1,36,PC,,11,,2
2460,6,,,1,40007913_BD,,Mitu Baby pwd Btl Pink 200gr B,9911,,10600,,,1,36,PC,,11,,2
2461,6,,,1,40007914,,Mitu Baby pwd Btl Blue 200gr B,10238.25,,10950,,,1,36,PC,,11,,2
2462,6,,,1,40007914_BD,,Mitu Baby pwd Btl Blue 200gr B,9911,,10600,,,1,36,PC,,11,,2
2463,6,,,1,40007916,,Mitu Baby Powder Bottle Pink 2,10285,,11000,,,1,36,PC,,11,,2
2464,6,,,1,40007916_BD,,Mitu Baby Powder Bottle Pink 2,9911,,10600,,,1,36,PC,,11,,2
2465,6,,,1,40007918_BD,,MITU BABY MILK BATH BTL 200ML,10006.8,,10760,,,1,36,PC,,11,,2
2466,6,,,1,40007919_BD,,MITU BABY MILK BATH REFF 200M,8556,,9200,,,1,36,PC,,11,,2
2467,6,,,1,40007920_BD,,MITU BABY MILK BATH REF 400M,19809,,21300,,,1,12,PC,,11,,2
2468,6,,,1,40007924,,MITU BABY COLOGNE GREEN 50ML,8695.5,,9300,,,1,48,PC,,11,,2
2469,6,,,1,40007924_BD,,MITU BABY COLOGNE GREEN 50ML,8695.5,,9300,,,1,48,PC,,11,,2
2470,6,,,1,40007925,,MITU BABY COLOGNE BTL 50M PINK,8695.5,,9300,,,1,48,PC,,11,,2
2471,6,,,1,40007925_BD,,MITU BABY COLOGNE BTL 50M PINK,8228,,8800,,,1,48,PC,,11,,2
2472,6,,,1,40007926,,MITU BABYCOLOGNE BTL100M GREEN,15428,,16500,,,1,48,PC,,11,,2
2473,6,,,1,40007926_BD,,MITU BABYCOLOGNE BTL100M GREEN,15428,,16500,,,1,48,PC,,11,,2
2474,6,,,1,40007927,,MITU BABY COLOGNE BTL 100 PINK,15428,,16500,,,1,48,PC,,11,,2
2475,6,,,1,40007927_BD,,MITU BABY COLOGNE BTL 100 PINK,15428,,16500,,,1,48,PC,,11,,2
2476,6,,,1,40007949,,WETTIES F.REF BTL60S A.SEPTIC+,10005,,10700,,,1,24,PC,,11,,2
2477,6,,,1,40007949_BD,,WETTIES F.REF BTL60S A.SEPTIC+,9537,,10200,,,1,24,PC,,11,,2
2478,6,,,1,40007950,,Mitu FineseTrav.Pack Facial10s,5012,,5360,,,1,144,PC,,11,,2
2479,6,,,1,40007950_BD,,Mitu FineseTrav.Pack Facial10s,5012,,5360,,,1,144,PC,,11,,2
2480,6,,,1,40007951_BD,,MIT SHIKADA TPACK10S-OIL SKIN 12X12,4984.8,,5360,,,1,144,PC,,11,,2
2481,6,,,1,40007957,,MITU BOTOL TISSUE BABY BLUE,11107.8,,11880,,,1,24,PC,,11,,2
2482,6,,,1,40007957_BD,,MITU BOTOL TISSUE BABY BLUE,11107.8,,11880,,,1,24,PC,,11,,2
2483,6,,,1,40007959,,MITU BOTOL TISSUE BABY PINK,11108,,11880,,,1,24,PC,,11,,2
2484,6,,,1,40007959_BD,,MITU BOTOL TISSUE BABY PINK,11108,,11880,,,1,24,PC,,11,,2
2485,6,,,1,40007961_BD,,MT TISSUE BTL60'SAntspticGREEN,12722.4,,13680,,,1,24,PC,,11,,2
2486,6,,,1,40007962_BD,,MITU REFFIL BABY PINK,10053.3,,10810,,,1,24,PC,,11,,2
2487,6,,,1,40007963,,MITU REFFIL BABY BLUE,10107,,10810,,,1,24,PC,,11,,2
2488,6,,,1,40007963_BD,,MITU REFFIL BABY BLUE,10107,,10810,,,1,24,PC,,11,,2
2489,6,,,1,40007967,,MITU ExtraThick Wipes50's PINK,11342,,12130,,,1,24,PC,,11,,2
2490,6,,,1,40007967_BD,,MITU ExtraThick Wipes50's PINK,11342,,12130,,,1,24,PC,,11,,2
2491,6,,,1,40007971_BD,,Mitu Ex.Thick50's Sensit+BDP,11913.3,,12810,,,1,24,PC,,11,,2
2492,6,,,1,40007984,,MITU REG 24'S PINK (STC 5900),4675,,5000,,,1,36,PC,,11,,2
2493,6,,,1,40007984_BD,,MITU REG 24'S PINK (STC 5900),4675,,5000,,,1,36,PC,,11,,2
2494,6,,,1,40007988_BD,,Mitu ExtraThick 50's Sensitive,11913.3,,12810,,,1,24,PC,,11,,2
2495,6,,,1,40007991,,MITU BABY REG. PINK 24`S,4675,,5000,,,1,36,PC,,11,,2
2496,6,,,1,40007991_BD,,MITU BABY REG. PINK 24`S,4675,,5000,,,1,36,PC,,11,,2
2497,6,,,1,40007992,,MITU BABY REG. BLUE 24S,4675,,5000,,,1,36,PC,,11,,2
2498,6,,,1,40007992_BD,,MITU BABY REG. BLUE 24S,4675,,5000,,,1,36,PC,,11,,2
2499,6,,,1,40007998_BD,,MITU BABY ET SENSITIVE50'S+BFR,11913.3,,12810,,,1,24,PC,,11,,2
2500,6,,,1,40008004,,MT BBY E.THICK WP50'S SNSTFPKT,22814,,24400,,,1,12,PC,,11,,2
2501,6,,,1,40008004_BD,,MT BBY E.THICK WP50'S SNSTFPKT,22814,,24400,,,1,12,PC,,11,,2
2502,6,,,1,40008008_BD,,MITU BABY ET SENSTIVE50S+FTOYS,11913.3,,12810,,,1,24,PC,,11,,2
2503,6,,,1,40008011,,Mitu Baby SoftCare Blue 24`s +,15540,,16620,,,1,24,PC,,11,,2
2504,6,,,1,40008011_BD,,Mitu Baby SoftCare Blue 24`s +,15540,,16620,,,1,24,PC,,11,,2
2505,6,,,1,40008012,,Mitu BoxSCare W24+6PINK+Mitu7m,15540,,16620,,,1,24,PC,,11,,2
2506,6,,,1,40008012_BD,,Mitu BoxSCare W24+6PINK+Mitu7m,15540,,16620,,,1,24,PC,,11,,2
2507,6,,,1,40008015,,Mitu Reguler 24'S-PINK+BB30gr,4675,,5000,,,1,36,PC,,11,,2
2508,6,,,1,40008015_BD,,Mitu Reguler 24'S-PINK+BB30gr,4675,,5000,,,1,36,PC,,11,,2
2509,6,,,1,40008021,,MITU ExtraThick Wipes50's BLUE,11342,,12130,,,1,24,PC,,11,,2
2510,6,,,1,40008021_BD,,MITU ExtraThick Wipes50's BLUE,11342,,12130,,,1,24,PC,,11,,2
2511,6,,,1,40008024,,Mitu BoxSCareWP24's Pink+Mt7ml,15540,,16620,,,1,24,PC,,11,,2
2512,6,,,1,40008024_BD,,Mitu BoxSCareWP24's Pink+Mt7ml,15540,,16620,,,1,24,PC,,11,,2
2513,6,,,1,40008031,,Mt REG.Wp 24+6's Sensitiv+BMB,6536,,6990,,,1,36,PC,,11,,2
2514,6,,,1,40008031_BD,,Mt REG.Wp 24+6's Sensitiv+BMB,6536,,6990,,,1,36,PC,,11,,2
2515,6,,,1,40008032,,Mitu Reg. 50'S Pink+TPB 10'S,9200,,9840,,,1,24,PC,,11,,2
2516,6,,,1,40008032_BD,,Mitu Reg. 50'S Pink+TPB 10'S,9200,,9840,,,1,24,PC,,11,,2
2517,6,,,1,40008033,,Mitu Reg. 50'S Blue+TP 10'S,9200,,9840,,,1,24,PC,,11,,2
2518,6,,,1,40008033_BD,,Mitu Reg. 50'S Blue+TP 10'S,9200,,9840,,,1,24,PC,,11,,2
2519,6,,,1,40008034,,MITU BABYT REG PINK50S BTPP10,9200,,9840,,,1,24,PC,,11,,2
2520,6,,,1,40008034_BD,,MITU BABYT REG PINK50S BTPP10,9200,,9840,,,1,24,PC,,11,,2
2521,6,,,1,40008040,,MT REG 50'S PINK (STC 9900),9200,,9840,,,1,24,PC,,11,,2
2522,6,,,1,40008040_BD,,MT REG 50'S PINK (STC 9900),9200,,9840,,,1,24,PC,,11,,2
2523,6,,,1,40008041,,MT REG 50'S BLUE (STC 9900),9200,,9840,,,1,24,PC,,11,,2
2524,6,,,1,40008041_BD,,MT REG 50'S BLUE (STC 9900),9200,,9840,,,1,24,PC,,11,,2
2525,6,,,1,40008043,,MITU BABY REG  PINK 50S,9200,,9840,,,1,24,PC,,11,,2
2526,6,,,1,40008043_BD,,MITU BABY REG  PINK 50S,9200,,9840,,,1,24,PC,,11,,2
2527,6,,,1,40008044,,MITU BABY REG. BLUE 50`S,9200,,9840,,,1,24,PC,,11,,2
2528,6,,,1,40008044_BD,,MITU BABY REG. BLUE 50`S,9200,,9840,,,1,24,PC,,11,,2
2529,6,,,1,40008046,,Mitu BabyReg50'S Blue(Pls)BMB,9200,,9840,,,1,24,PC,,11,,2
2530,6,,,1,40008046_BD,,Mitu BabyReg50'S Blue(Pls)BMB,9200,,9840,,,1,24,PC,,11,,2
2531,6,,,1,40008048,,Mitu Reg Pink 50'S + BWA 5'S,9200,,9840,,,1,24,PC,,11,,2
2532,6,,,1,40008048_BD,,Mitu Reg Pink 50'S + BWA 5'S,9200,,9840,,,1,24,PC,,11,,2
2533,6,,,1,40008049,,Mitu Reg.50's Blue+BWA'5S,9200,,9840,,,1,24,PC,,11,,2
2534,6,,,1,40008049_BD,,Mitu Reg.50's Blue+BWA'5S,9200,,9840,,,1,24,PC,,11,,2
2535,6,,,1,40008050,,MITU BOXSOFTCAREWP 24S PINK,15540,,16620,,,1,24,PC,,11,,2
2536,6,,,1,40008050_BD,,MITU BOXSOFTCAREWP 24S PINK,15540,,16620,,,1,24,PC,,11,,2
2537,6,,,1,40008052,,MITU BABY T REG SENSITIVE24+6S,6536,,6990,,,1,36,PC,,11,,2
2538,6,,,1,40008052_BD,,MITU BABY T REG SENSITIVE24+6S,6536,,6990,,,1,36,PC,,11,,2
2539,6,,,1,40008053,,MITU REG 24'S PINK (STC 4900),4675,,5000,,,1,36,PC,,11,,2
2540,6,,,1,40008053_BD,,MITU REG 24'S PINK (STC 4900),4675,,5000,,,1,36,PC,,11,,2
2541,6,,,1,40008054,,Mitu Reg24'S Blue (STC 4900),4675,,5000,,,1,36,PC,,11,,2
2542,6,,,1,40008054_BD,,Mitu Reg24'S Blue (STC 4900),4675,,5000,,,1,36,PC,,11,,2
2543,6,,,1,40008058,,MITU REG BLUE 50'S BND CLGN50M,9200,,9840,,,1,24,PC,,11,,2
2544,6,,,1,40008058_BD,,MITU REG BLUE 50'S BND CLGN50M,9200,,9840,,,1,24,PC,,11,,2
2545,6,,,1,40008059,,MITU REG50'SPINK B.CLGN G50M,9200,,9840,,,1,24,PC,,11,,2
2546,6,,,1,40008059_BD,,MITU REG50'SPINK B.CLGN G50M,9200,,9840,,,1,24,PC,,11,,2
2547,6,,,1,40008060,,MITU REG BLUE50'S BND MSBN2IN1,9200,,9840,,,1,24,PC,,11,,2
2548,6,,,1,40008060_BD,,MITU REG BLUE50'S BND MSBN2IN1,9200,,9840,,,1,24,PC,,11,,2
2549,6,,,1,40008064,,MITU BABY REG 24'SPINK+MB7ML,4675,,5000,,,1,36,PC,,11,,2
2550,6,,,1,40008064_BD,,MITU BABY REG 24'SPINK+MB7ML,4675,,5000,,,1,36,PC,,11,,2
2551,6,,,1,40008065,,MITU BABY REG 24'SBLUE+MB7ML,4675,,5000,,,1,36,PC,,11,,2
2552,6,,,1,40008065_BD,,MITU BABY REG 24'SBLUE+MB7ML,4675,,5000,,,1,36,PC,,11,,2
2553,6,,,1,40008069,,Mitu Kids Fancy Berry 10'S,4264,,4560,,,1,144,PC,,11,,2
2554,6,,,1,40008069_BD,,Mitu Kids Fancy Berry 10'S,4264,,4560,,,1,144,PC,,11,,2
2555,6,,,1,40008073,,Mitu WETTIES Trav.Pack Lemon,2852,,3050,,,1,144,PC,,11,,2
2556,6,,,1,40008073_BD,,Mitu WETTIES Trav.Pack Lemon,2852,,3050,,,1,144,PC,,11,,2
2557,6,,,1,40008078,,MITU T.PACK 10'S E.THICK PINK 12X12,2627.35,,2810,,,1,144,PC,,11,,2
2558,6,,,1,40008078_BD,,MITU T.PACK 10'S E.THICK PINK 12X12,2627.35,,2810,,,1,144,PC,,11,,2
2559,6,,,1,40008079,,Mitu Baby TP Sensitive 10`s,2814.35,,3010,,,1,144,PC,,11,,2
2560,6,,,1,40008079_BD,,Mitu Baby TP Sensitive 10`s,2814.35,,3010,,,1,144,PC,,11,,2
2561,6,,,1,40008080,,MITU Baby Aseptic Travel Pack,4301,,4600,,,1,144,PC,,11,,2
2562,6,,,1,40008080_BD,,MITU Baby Aseptic Travel Pack,4301,,4600,,,1,144,PC,,11,,2
2563,6,,,1,40008081,,MITU BABYT REG PINK 50'S BTA10,9200.4,,9840,,,1,24,PC,,11,,2
2564,6,,,1,40008081_BD,,MITU BABYT REG PINK 50'S BTA10,9200.4,,9840,,,1,24,PC,,11,,2
2565,6,,,1,40008082,,MITU BABYT REG BLUE 50'S BTA10,9200,,9840,,,1,24,PC,,11,,2
2566,6,,,1,40008082_BD,,MITU BABYT REG BLUE 50'S BTA10,9200,,9840,,,1,24,PC,,11,,2
2567,6,,,1,40008084,,MITU BABYT REG BLUE 50'S BTS10,9200,,9840,,,1,24,PC,,11,,2
2568,6,,,1,40008084_BD,,MITU BABYT REG BLUE 50'S BTS10,9200,,9840,,,1,24,PC,,11,,2
2569,6,,,1,40008096_BD,,MITU SHIKADA TP 30'S OILY SKIN 6X6,12694.5,,13650,,,1,36,PC,,11,,2
2570,6,,,1,40008098,,MITU T.PACK 10'S SNSTV BMB,2814,,3010,,,1,144,PC,,11,,2
2571,6,,,1,40008098_BD,,MITU T.PACK 10'S SNSTV BMB,2814,,3010,,,1,144,PC,,11,,2
2572,6,,,1,40008104,,MT WT PACK ASEPTIC 10S+ND 12X12,2870,,3070,,,1,144,PC,,11,,2
2573,6,,,1,40008104_BD,,MT WT PACK ASEPTIC 10S+ND 12X12,2712,,2900,,,1,144,PC,,11,,2
2574,6,,,1,40008106,,MT F.PACK LEMON 10'S ND 12X12,2712,,2900,,,1,144,PC,,11,,2
2575,6,,,1,40008106_BD,,MT F.PACK LEMON 10'S ND 12X12,2712,,2900,,,1,144,PC,,11,,2
2576,6,,,1,40008107,,MITU WETTIES F.PACKCOLOGNE ND10s 12X12,2758,,2950,,,1,144,PC,,11,,2
2577,6,,,1,40008107_BD,,MITU WETTIES F.PACKCOLOGNE ND10s 12X12,2618,,2800,,,1,144,PC,,11,,2
2578,6,,,1,40008109,,MT BABYT REG PINK50S BTPC10+5,9200.4,,9840,,,1,24,PC,,11,,2
2579,6,,,1,40008109_BD,,MT BABYT REG PINK50S BTPC10+5,9200.4,,9840,,,1,24,PC,,11,,2
2580,6,,,1,40008111,,MITU REG 50'S BLUE BFR,9200.4,,9840,,,1,24,PC,,11,,2
2581,6,,,1,40008111_BD,,MITU REG 50'S BLUE BFR,9200.4,,9840,,,1,24,PC,,11,,2
2582,6,,,1,40008113,,"MITU REGULAR 24`S PINK ""RETAIL",4675,,5000,,,1,36,PC,,11,,2
2583,6,,,1,40008113_BD,,"MITU REGULAR 24`S PINK ""RETAIL",4675,,5000,,,1,36,PC,,11,,2
2584,6,,,1,40008116,,Mitu Baby Single Sachet Reguler 10`,2927,,3130,,,1,72,PC,,11,,2
2585,6,,,1,40008116_BD,,Mitu Baby Single Sachet Reguler 10`,2927,,3130,,,1,72,PC,,11,,2
2586,6,,,1,40008118,,Mitu Baby Bag Paket,42169,,45100,,,1,12,PC,,11,,2
2587,6,,,1,40008118_BD,,Mitu Baby Bag Paket,42169,,45100,,,1,12,PC,,11,,2
2588,6,,,1,40008119,,Mitu Baby Mini Paket,18233,,19500,,,1,36,PC,,11,,2
2589,6,,,1,40008119_BD,,Mitu Baby Mini Paket,18233,,19500,,,1,36,PC,,11,,2
2590,6,,,1,40008123,,MITU BBY MINI PKT  NEW MIXING,15802,,16900,,,1,36,PC,,11,,2
2591,6,,,1,40008123_BD,,MITU BBY MINI PKT  NEW MIXING,15802,,16900,,,1,36,PC,,11,,2
2592,6,,,1,40008126,,MITU KIDS T.PACK 10S C.ORANGE,4264,,4560,,,1,144,PC,,11,,2
2593,6,,,1,40008126_BD,,MITU KIDS T.PACK 10S C.ORANGE,4264,,4560,,,1,144,PC,,11,,2
2594,6,,,1,40008127,,MITU KIDS BOTOL 20`S C.ORANGE,5451,,5830,,,1,72,PC,,11,,2
2595,6,,,1,40008127_BD,,MITU KIDS BOTOL 20`S C.ORANGE,5451,,5830,,,1,72,PC,,11,,2
2596,6,,,1,40008128,,MITU KIDS F BARRY BTL 20'S,5451,,5830,,,1,72,PC,,11,,2
2597,6,,,1,40008128_BD,,MITU KIDS F BARRY BTL 20'S,5451,,5830,,,1,72,PC,,11,,2
2598,6,,,1,40008182,,HIT Spray Liq Pouch 175ml Clsc,7667,,8200,,,1,24,PC,,11,,2
2599,6,,,1,40008182_BD,,HIT Spray Liq Pouch 175ml Clsc,7667,,8200,,,1,24,PC,,11,,2
2600,6,,,1,40008183,,HIT Spray Liq Pouch 360ml Clsc,16643,,17800,,,1,12,PC,,11,,2
2601,6,,,1,40008183_BD,,HIT Spray Liq Pouch 360ml Clsc,16643,,17800,,,1,12,PC,,11,,2
2602,6,,,1,40008187,,HIT Spray Liq Pouch 700ml Clsc,27302,,29200,,,1,12,PC,,11,,2
2603,6,,,1,40008187_BD,,HIT Spray Liq Pouch 700ml Clsc,27302,,29200,,,1,12,PC,,11,,2
2604,6,,,1,40008190,,HIT SPRY POUCH 700ML GREEN TEA,30930,,33080,,,1,12,PC,,11,,2
2605,6,,,1,40008190_BD,,HIT SPRY POUCH 700ML GREEN TEA,29452.5,,31500,,,1,12,PC,,11,,2
2606,6,,,1,40008191,,HIT SPRAY LIQ POUCHORANGE 360M,17971,,19220,,,1,12,PC,,11,,2
2607,6,,,1,40008191_BD,,HIT SPRAY LIQ POUCHORANGE 360M,16643,,17800,,,1,12,PC,,11,,2
2608,6,,,1,40008192,,HIT SPRAY LIQ POUCHORANGE 700M,29452.5,,31500,,,1,12,PC,,11,,2
2609,6,,,1,40008192_BD,,HIT SPRAY LIQ POUCHORANGE 700M,29452.5,,31500,,,1,12,PC,,11,,2
2610,6,,,1,40008198_BD,,FOGO LEMARI BREEZE 30 GR 6X12,5133,,5490,,,1,72,PC,,11,,2
2611,6,,,1,40008199,,FOGO LEMARI FLORAL 30 GR 6X12,6391,,6835,,,1,72,PC,,11,,2
2612,6,,,1,40008199_BD,,FOGO LEMARI FLORAL 30 GR 6X12,6082.17,,6505,,,1,72,PC,,11,,2
2613,6,,,1,40008200,,FOGO LEMARI FRESH 30 GR 6X12,6391,,6835,,,1,72,PC,,11,,2
2614,6,,,1,40008200_BD,,FOGO LEMARI FRESH 30 GR 6X12,5517,,5900,,,1,72,PC,,11,,2
2615,6,,,1,40008202_BD,,Fogo Laci Fresh 15 gr,2964,,3170,,,1,72,PC,,11,,2
2616,6,,,1,40008203_BD,,Fogo Laci Floral 15 gr,2964,,3170,,,1,72,PC,,11,,2
2617,6,,,1,40008204,,STL LEMARI BREEZE 30GR BFB5'S,4759,,5090,,,1,72,PC,,11,,2
2618,6,,,1,40008204_BD,,STL LEMARI BREEZE 30GR BFB5'S,4759,,5090,,,1,72,PC,,11,,2
2619,6,,,1,40008205,,STL LEMARI FLORAL 30GR BAS5'S,4759,,5090,,,1,72,PC,,11,,2
2620,6,,,1,40008205_BD,,STL LEMARI FLORAL 30GR BAS5'S,4759,,5090,,,1,72,PC,,11,,2
2621,6,,,1,40008206,,STL LEMARI FRESH 30GR BFB5'S,4759,,5090,,,1,72,PC,,11,,2
2622,6,,,1,40008206_BD,,STL LEMARI FRESH 30GR BFB5'S,4759,,5090,,,1,72,PC,,11,,2
2623,6,,,1,40008207,,STL LEMARI PRINCESS 30GRBAS5'S,4759,,5090,,,1,72,PC,,11,,2
2624,6,,,1,40008207_BD,,STL LEMARI PRINCESS 30GRBAS5'S,4759,,5090,,,1,72,PC,,11,,2
2625,6,,,1,40008209_BD,,FOGO Laci Floral 15 gr,2724.9,,2930,,,1,72,PC,,11,,2
2626,6,,,1,40008216_BD,,AUTOSOL METAL POLISH  15 GR 12X12,9130.28,,9765,,,1,144,PC,,11,,2
2627,6,,,1,40008217_BD,,AUTOSOL METAL POLISH 50 GR 4X12,18391.45,,19670,,,1,48,PC,,11,,2
2628,6,,,1,40008229,,PROCLIN JERIGEN 3.8LTR,39551,,42300,,,1,4,PC,,11,,2
2629,6,,,1,40008229_BD,,PROCLIN JERIGEN 3.8LTR,39551,,42300,,,1,4,PC,,11,,2
2631,6,,,1,40008233_BD,,PROCLIN BOTOL 200ML,4301,,4600,,,1,48,PC,,11,,2
2632,6,,,1,40008235,,PROCLIN BOTOL 200 ML RETAIL,2889,,3090,,,1,48,PC,,11,,2
2633,6,,,1,40008235_BD,,PROCLIN BOTOL 200 ML RETAIL,2889,,3090,,,1,48,PC,,11,,2
2634,6,,,1,40008236,,PROCLIN BTL.200ML MGC 3'S,2889,,3090,,,1,48,PC,,11,,2
2635,6,,,1,40008236_BD,,PROCLIN BTL.200ML MGC 3'S,2889,,3090,,,1,48,PC,,11,,2
2636,6,,,1,40008237,,PROCLIN BOTTLE 500ML,9163,,9800,,,1,24,PC,,11,,2
2637,6,,,1,40008237_BD,,PROCLIN BOTTLE 500ML,9163,,9800,,,1,24,PC,,11,,2
2638,6,,,1,40008238,,PROCLIN BOTTLE 1000ML,15193.75,,16250,,,1,12,PC,,11,,2
2639,6,,,1,40008238_BD,,PROCLIN BOTTLE 1000ML,15193.75,,16250,,,1,12,PC,,11,,2
2640,6,,,1,40008247_BD,,BIOSOL POUCH 400 ML,7480,,8000,,,1,12,PC,,11,,2
2641,6,,,1,40008251,,CARRERA DASHB.CLEANER BTL.175M,18298,,19570,,,1,12,PC,,11,,2
2642,6,,,1,40008251_BD,,CARRERA DASHB.CLEANER BTL.175M,17431,,18643,,,1,12,PC,,11,,2
2643,6,,,1,40008255_BD,,Carrera LiqPol&Wax Netral250ml,18042,,19400,,,1,12,PC,,11,,2
2644,6,,,1,40008257_BD,,Carrera Polish&Wax Neutral225g,20274,,21800,,,1,12,PC,,11,,2
2645,6,,,1,40008262_BD,,CARR POLISH&WAXNEUTRAL225G-BDS,20274,,21800,,,1,12,PC,,11,,2
2646,6,,,1,40008266,,CARRERA SHAMPOO MOBIL 800  ML,9902,,10590,,,1,12,PC,,11,,2
2647,6,,,1,40008266_BD,,CARRERA SHAMPOO MOBIL 800  ML,9438,,10094,,,1,12,PC,,11,,2
2648,6,,,1,40008267,,CARRERA SHAMPOO MOBIL 400 ML,6068,,6490,,,1,12,PC,,11,,2
2649,6,,,1,40008267_BD,,CARRERA SHAMPOO MOBIL 400 ML,5610,,6000,,,1,12,PC,,11,,2
2650,6,,,1,40008273,,CARRERA WASH& WAX REFILL 400ML,15119,,16170,,,1,12,PC,,11,,2
2651,6,,,1,40008273_BD,,CARRERA WASH& WAX REFILL 400ML,14399,,15400,,,1,12,PC,,11,,2
2652,6,,,1,40008274_BD,,Carrera Radiator Coolant 5 lt,44919,,48300,,,1,4,PC,,11,,2
2653,6,,,1,40008275,,CARRERA PENGKILAP BAN 200 ML,11931,,12760,,,1,48,PC,,11,,2
2654,6,,,1,40008275_BD,,CARRERA PENGKILAP BAN 200 ML,11364,,12154,,,1,48,PC,,11,,2
2655,6,,,1,40008279,,CARRERA XP-1000 PELUMAS 200ML,27807,,29740,,,1,12,PC,,11,,2
2656,6,,,1,40008279_BD,,CARRERA XP-1000 PELUMAS 200ML,26484,,28325,,,1,12,PC,,11,,2
2657,6,,,1,40008280,,CARRERA SPON MOTOR 24X6,2216,,2370,,,1,144,PC,,11,,2
2658,6,,,1,40008280_BD,,CARRERA SPON MOTOR 24X6,2057,,2200,,,1,144,PC,,11,,2
2659,6,,,1,40008282_BD,,CARRERA POLES MOTORSG 24`S 20G 6X24,818,,880,,,1,144,PC,,11,,2
2660,6,,,1,40008284_BD,,CAR POLESMTR SERBAGUN 20G 6'S,818.4,,880,,,1,144,PC,,11,,2
2661,6,,,1,40008289_BD,,CARRERA H.DEO BTL SHRINK 60 ML,3720,,4000,,,1,192,PC,,11,,2
2662,6,,,1,40008320,,KLINPAK ALUMINIUM FOIL 8X30,26274,,28100,,,1,12,PC,,11,,2
2663,6,,,1,40008320_BD,,KLINPAK ALUMINIUM FOIL,24310,,26000,,,1,12,PC,,11,,2
2664,6,,,1,40008321,,KLINPAK A FOIL REFILL REG. 8MX30,18924,,20240,,,1,24,PC,,11,,2
2665,6,,,1,40008321_BD,,KLINPAK A FOIL REFILL REG. 8MX,17485,,18700,,,1,24,PC,,11,,2
2666,6,,,1,40008322,,KLINPAK Aluminium Foil Jumbo,32884,,35170,,,1,12,PC,,11,,2
2667,6,,,1,40008322_BD,,KLINPAK Aluminium Foil Jumbo,30338,,32500,,,1,12,PC,,11,,2
2668,6,,,1,40008323,,KLINPAK Alum Foil Refil Jumbo 8x45,27311,,29210,,,1,24,PC,,11,,2
2669,6,,,1,40008323_BD,,KLINPAK Alum Foil Refil Jumbo,27311,,29210,,,1,24,PC,,11,,2
2670,6,,,1,40008324,,KLINPAK A Foil Big Roll 300mx4,460506,,492520,,,1,6,PC,,11,,2
2671,6,,,1,40008324_BD,,KLINPAK A Foil Big Roll 300mx4,460506,,492520,,,1,6,PC,,11,,2
2672,6,,,1,40008325,,KLINPAK CLING WRAP,20944,,22400,,,1,12,PC,,11,,2
2673,6,,,1,40008325_BD,,KLINPAK CLING WRAP,19355,,20700,,,1,12,PC,,11,,2
2674,6,,,1,40008326,,KLINPAK CLING WRAP REFILL,14680,,15700,,,1,24,PC,,11,,2
2675,6,,,1,40008326_BD,,KLINPAK CLING WRAP REFILL,13558,,14500,,,1,24,PC,,11,,2
2676,6,,,1,40008327,,KLINPAK CLING WRAP JUMBO,33370,,35690,,,1,12,PC,,11,,2
2677,6,,,1,40008327_BD,,KLINPAK CLING WRAP JUMBO,30885,,33000,,,1,12,PC,,11,,2
2678,6,,,1,40008328,,KLINPAK CLING WRAP REFILL JUMB,23871,,25530,,,1,24,PC,,11,,2
2679,6,,,1,40008328_BD,,KLINPAK CLING WRAP REFILL JUMB,22066,,23600,,,1,24,PC,,11,,2
2680,6,,,1,40008330,,KLINPAK CW Big Roll 500mx45cm,207318,,221730,,,1,6,PC,,11,,2
2681,6,,,1,40008330_BD,,KLINPAK CW Big Roll 500mx45cm,191582,,204900,,,1,6,PC,,11,,2
2682,6,,,1,40008336,,KLINPAK K Sampah Kecil 40x50,22421,,23980,,,1,24,PC,,11,,2
2683,6,,,1,40008336_BD,,KLINPAK K Sampah Kecil 40x50,21766.8,,23280,,,1,24,PC,,11,,2
2684,6,,,1,40008337,,KLINPAK K. SAMPAH SEDANG 60X80,21916,,23440,,,1,24,PC,,11,,2
2685,6,,,1,40008337_BD,,KLINPAK K. SAMPAH SEDANG 60X80,21280.6,,22760,,,1,24,PC,,11,,2
2686,6,,,1,40008338,,KLINPAK K. Sampah Besar 80x100,23225,,24840,,,1,24,PC,,11,,2
2687,6,,,1,40008338_BD,,KLINPAK K. Sampah Besar 80x100,21505,,23000,,,1,24,PC,,11,,2
2688,6,,,1,40008339,,KLINPAK K. SAMPAH EXT. 100X120,22216,,23760,,,1,24,PC,,11,,2
2689,6,,,1,40008339_BD,,KLINPAK K. SAMPAH EXT. 100X120,20570,,22000,,,1,24,PC,,11,,2
2690,6,,,1,40008340,,KLINPAK K Plastik Serbaguna,19018,,20340,,,1,24,PC,,11,,2
2691,6,,,1,40008340_BD,,KLINPAK K Plastik Serbaguna,17578,,18800,,,1,24,PC,,11,,2
2692,6,,,1,40008341,,KLINPAK C Wrap Ref Banded 2,13964.23,,14935,,,1,24,PC,,11,,2
2693,6,,,1,40008341_BD,,KLINPAK C Wrap Ref Banded 2,13558,,14500,,,1,24,PC,,11,,2
2694,6,,,1,40008342,,KLINPAK A Foil Box 2`s Makro,25039.3,,26780,,,1,12,PC,,11,,2
2695,6,,,1,40008342_BD,,KLINPAK A Foil Box 2`s Makro,24310,,26000,,,1,12,PC,,11,,2
2696,6,,,1,40008343,,KLINPAK A Foil Ref Banded 2,18009.04,,19261,,,1,24,PC,,11,,2
2697,6,,,1,40008343_BD,,KLINPAK A Foil Ref Banded 2,17485,,18700,,,1,24,PC,,11,,2
2698,6,,,1,40008356,,KLINPAK Cling Wrap + 20%,19935.14,,21321,,,1,12,PC,,11,,2
2699,6,,,1,40008356_BD,,KLINPAK Cling Wrap + 20%,17859,,19100,,,1,12,PC,,11,,2
2700,6,,,1,40008357,,KLINPAK CWrap Box+20% Banded 2,19935.14,,21321,,,1,12,PC,,11,,2
2701,6,,,1,40008357_BD,,KLINPAK CWrap Box+20% Banded 2,17859,,19100,,,1,12,PC,,11,,2
2702,6,,,1,40008358,,KLINPAK A Foil BigRoll 300mx30,259967,,278040,,,1,6,PC,,11,,2
2703,6,,,1,40008358_BD,,KLINPAK A Foil BigRoll 300mx30,259967,,278040,,,1,6,PC,,11,,2
2704,6,,,1,40008380,,LEM TUBE CAPGAJAH 100ML 12X12,13520,,14460,,,1,144,PC,,11,,2
2705,6,,,1,40008380_BD,,LEM TUBE CAPGAJAH 100ML 12X12,13001.18,,13905,,,1,144,PC,,11,,2
2706,6,,,1,40008387,,LEM Lalat CapGajah Stick 12s New,7396,,7910,,,1,72,PC,,11,,2
2707,6,,,1,40008387_BD,,LEM Lalat CapGajah Stick 12s New,7126.57,,7622,,,1,72,PC,,11,,2
2708,6,,,1,40008390,,LEM LALAT KERTAS CAPGAJAH 3S 10X12,4600,,4920,,,1,120,PC,,11,,2
2709,6,,,1,40008390_BD,,LEM LALAT KERTAS CAPGAJAH 3S 10X12,4301,,4600,,,1,120,PC,,11,,2
2710,6,,,1,40008437,,Kilap Sabut Nylon Banded 12,1141,,1220,,,1,576,PC,,11,,2
2711,6,,,1,40008437_BD,,Kilap Sabut Nylon Banded 12,1141,,1220,,,1,576,PC,,11,,2
2712,6,,,1,40008448_BD,,POLYTEX Sabut Nilon,2139,,2300,,,1,576,PC,,11,,2
2713,6,,,1,40008451,,POLYTEX Sabut Nilon Extra Kuat,2936,,3140,,,1,576,PC,,11,,2
2714,6,,,1,40008451_BD,,POLYTEX Sabut Nilon Extra Kuat,2936,,3140,,,1,576,PC,,11,,2
2715,6,,,1,40008458_BD,,SUSEMI Sabut Polos (Isi 12),1000,,1070,,,1,576,PC,,11,,2
2716,6,,,1,40008462_BD,,POLYTEX SELULOSA EKSTRA KUAT 6X12,11439,,12300,,,1,72,PC,,11,,2
2717,6,,,1,40008463,,POLYTEX Double scourer,3749,,4010,,,1,72,PC,,11,,2
2718,6,,,1,40008463_BD,,POLYTEX Double scourer,3749,,4010,,,1,72,PC,,11,,2
2719,6,,,1,40008469,,POLYTEX Sabut Spon Anti Gores,5585.69,,5974,,,1,288,PC,,11,,2
2720,6,,,1,40008469_BD,,POLYTEX Sabut Spon Anti Gores,5143,,5500,,,1,288,PC,,11,,2
2721,6,,,1,40008470,,POLYTEX SABUT SPON 24X12,2166.86,,2318,,,1,288,PC,,11,,2
2722,6,,,1,40008470_BD,,POLYTEX SABUT SPON 24X12,2166.86,,2318,,,1,288,PC,,11,,2
2723,6,,,1,40008472,,POLYTEX SPON SERBAGUNA 24X6,2022.41,,2163,,,1,144,PC,,11,,2
2724,6,,,1,40008472_BD,,POLYTEX SPON SERBAGUNA 24X6,2022.41,,2163,,,1,144,PC,,11,,2
2725,6,,,1,40008481,,POLYTEX Net Spon Multi Purpose,6741.35,,7210,,,1,72,PC,,11,,2
2726,6,,,1,40008481_BD,,POLYTEX Net Spon Multi Purpose,6545,,7000,,,1,72,PC,,11,,2
2727,6,,,1,40008487,,SUSEMI SABUT SPON 24X12,1122,,1200,,,1,288,PC,,11,,2
2728,6,,,1,40008487_BD,,SUSEMI SABUT SPON 24X12,1029,,1100,,,1,288,PC,,11,,2
2729,6,,,1,40008495,,"SUSEMI Sabut Stainless ""New""",963,,1030,,,1,432,PC,,11,,2
2730,6,,,1,40008495_BD,,"SUSEMI Sabut Stainless ""New""",963,,1030,,,1,432,PC,,11,,2
2731,6,,,1,40008502,,SUSEMI SABUT STAINLESS HGR 36X12,1234,,1320,,,1,432,PC,,11,,2
2732,6,,,1,40008502_BD,,SUSEMI SABUT STAINLESS HGR 36X12,1206.15,,1290,,,1,432,PC,,11,,2
2733,6,,,1,40008507,,POLYTEX Kain Spon,15428,,16500,,,1,72,PC,,11,,2
2734,6,,,1,40008507_BD,,POLYTEX Kain Spon,15428,,16500,,,1,72,PC,,11,,2
2735,6,,,1,40008508_BD,,POLYTEX Kain Penyerap,10602,,11400,,,1,72,PC,,11,,2
2736,6,,,1,40008509_BD,,POLYTEX Spon Penyerap,10044,,10800,,,1,72,PC,,11,,2
2737,6,,,1,40008510,,POLYTEX Kitchen Towel,7639,,8170,,,1,72,PC,,11,,2
2738,6,,,1,40008510_BD,,POLYTEX Kitchen Towel,7639,,8170,,,1,72,PC,,11,,2
2739,6,,,1,40008511,,"STL BATHROOM F.GREEN 70GR""KC""",6919,,7400,,,1,72,PC,,11,,2
2740,6,,,1,40008511_BD,,"STL BATHROOM F.GREEN 70GR""KC""",6919,,7400,,,1,72,PC,,11,,2
2741,6,,,1,40008512,,STL BATHROOM C.BLUE 70GR KC,6919,,7400,,,1,72,PC,,11,,2
2742,6,,,1,40008512_BD,,STL BATHROOM C.BLUE 70GR KC,6919,,7400,,,1,72,PC,,11,,2
2743,6,,,1,40008523,,SUSEMI Sabut Polos (Isi 12),1122,,1200,,,1,576,PC,,11,,2
2744,6,,,1,40008523_BD,,SUSEMI Sabut Polos (Isi 12),1029,,1100,,,1,576,PC,,11,,2
2745,6,,,1,40008524,,POLYTEX Stainless Steel 20g,4526.34,,4841,,,1,72,PC,,11,,2
2746,6,,,1,40008524_BD,,POLYTEX Stainless Steel 20g,3927,,4200,,,1,72,PC,,11,,2
2747,6,,,1,40008529,,POLYTEX STAINLESS12.5G PAPAN12 6X12,1781.64,,1906,,,1,72,PC,,11,,2
2748,6,,,1,40008529_BD,,POLYTEX STAINLESS12.5G PAPAN12 6X12,1636,,1750,,,1,72,PC,,11,,2
2749,6,,,1,40008545_BD,,GAS WONDERFUEL 220 GR (crt),19168,,20500,,,1,12,PC,,11,,2
2750,6,,,1,40008547,,Stella AIO 70gr Orange (Crt),8322,,8900,,,1,72,PC,,11,,2
2751,6,,,1,40008547_BD,,Stella AIO 70gr Orange (Crt),8322,,8900,,,1,72,PC,,11,,2
2752,6,,,1,40008550,,Ste. AIO 70gr Bougenvile (Crt),8322,,8900,,,1,72,PC,,11,,2
2753,6,,,1,40008550_BD,,Ste. AIO 70gr Bougenvile (Crt),8322,,8900,,,1,72,PC,,11,,2
2754,6,,,1,40008551,,Stella AIO 70gr Sensation(Crt),8322,,8900,,,1,72,PC,,11,,2
2755,6,,,1,40008551_BD,,Stella AIO 70gr Sensation(Crt),8322,,8900,,,1,72,PC,,11,,2
2756,6,,,1,40008567,,POLYTEX STAINLESS STEEL 12.5G 6X12,3466.98,,3708,,,1,72,PC,,11,,2
2757,6,,,1,40008567_BD,,POLYTEX STAINLESS STEEL 12.5G 6X12,3207,,3430,,,1,72,PC,,11,,2
2758,6,,,1,40008650,,Mitu BabyPowderPink 200gr+100%,10285,,11000,,,1,36,PC,,11,,2
2759,6,,,1,40008650_BD,,Mitu BabyPowderPink 200gr+100%,9911,,10600,,,1,36,PC,,11,,2
2760,6,,,1,40008656,,Mitu BabyPowderBlue 100gr+100%,5843.75,,6250,,,1,36,PC,,11,,2
2761,6,,,1,40008656_BD,,Mitu BabyPowderBlue 100gr+100%,5610,,6000,,,1,36,PC,,11,,2
2762,6,,,1,40008740,,STELLA DAILY FRESHNESS RED KIS,11781,,12600,,,1,72,PC,,11,,2
2763,6,,,1,40008740_BD,,STELLA DAILY FRESHNESS RED KIS,11781,,12600,,,1,72,PC,,11,,2
2764,6,,,1,40008741,,STELLA DAILY FRESHNESS ORG BLO,11781,,12600,,,1,72,PC,,11,,2
2765,6,,,1,40008741_BD,,STELLA DAILY FRESHNESS ORG BLO,11781,,12600,,,1,72,PC,,11,,2
2766,6,,,1,40008770,,POLYTEX NLN X.KUAT+SP.SBGN-NCF,5697,,6090,,,1,192,PC,,11,,2
2767,6,,,1,40008770_BD,,POLYTEX NLN X.KUAT+SP.SBGN-NCF,5697,,6090,,,1,192,PC,,11,,2
2768,6,,,1,40008813,,CARRERA MOTOR CHAIN LUBE 110 M,18167,,19430,,,1,12,PC,,11,,2
2769,6,,,1,40008813_BD,,CARRERA MOTOR CHAIN LUBE 110 M,17298,,18500,,,1,12,PC,,11,,2
2770,6,,,1,40008832,,Mitu Baby Cologne Btl 50ml RCG,8695.5,,9300,,,1,144,PC,,11,,2
2771,6,,,1,40008832_BD,,Mitu Baby Cologne Btl 50ml RCG,5058.35,,5410,,,1,144,PC,,11,,2
2772,6,,,1,40008951_BD,,Hit One Push Green Tea 16+6ml,28820.7,,30990,,,1,24,PC,,11,,2
2773,6,,,1,40009040,,STELLA Mtc F&Clean 225ml+Magnt,25245,,27000,,,1,12,PC,,11,,2
2774,6,,,1,40009040_BD,,STELLA Mtc F&Clean 225ml+Magnt,25245,,27000,,,1,12,PC,,11,,2
2775,6,,,1,40009049,,Stella Dome Lemon 70ml+T.Dashb,15586,,16670,,,1,24,PC,,11,,2
2776,6,,,1,40009049_BD,,Stella Dome Lemon 70ml+T.Dashb,15586,,16670,,,1,24,PC,,11,,2
2777,6,,,1,40009091_BD,,Carrera Car Interior Wipes 10s,4882.5,,5250,,,1,36,PC,,11,,2
2778,6,,,1,40009092_BD,,CARRERA POLESMTRSG REFIL 100ML,6417,,6900,,,1,24,PC,,11,,2
2779,6,,,1,40009093,,CARRERA POLESMTR SG PUMP 100ML,10416,,11140,,,1,24,PC,,11,,2
2780,6,,,1,40009093_BD,,CARRERA POLESMTR SG PUMP 100ML,9919,,10609,,,1,24,PC,,11,,2
2781,6,,,1,40009095,,Mitu BabyETAseptic10s Buy1Get1,4301,,4600,,,1,144,PC,,11,,2
2782,6,,,1,40009095_BD,,Mitu BabyETAseptic10s Buy1Get1,4301,,4600,,,1,144,PC,,11,,2
2783,6,,,1,40009106,,MITU EXTRATHICK GPPINK 50-B1G1,9883,,10570,,,1,24,PC,,11,,2
2784,6,,,1,40009106_BD,,MITU EXTRATHICK GPPINK 50-B1G1,9883,,10570,,,1,24,PC,,11,,2
2785,6,,,1,40009107,,MITU EXTRATHICK GPBLUE 50-B1G1,9882.95,,10570,,,1,24,PC,,11,,2
2786,6,,,1,40009107_BD,,MITU EXTRATHICK GPBLUE 50-B1G1,9882.95,,10570,,,1,24,PC,,11,,2
2787,6,,,1,40009121,,MITU BabyReg Blue50`s+Stc7.900,9200.4,,9840,,,1,24,PC,,11,,2
2788,6,,,1,40009121_BD,,MITU BabyReg Blue50`s+Stc7.900,9200.4,,9840,,,1,24,PC,,11,,2
2789,6,,,1,40009381,,MITU BABY MINI PACK  BLUE 12X24,635.8,,680,,,1,288,PC,,11,,2
2790,6,,,1,40009381_BD,,MITU BABY MINI PACK  BLUE 12X24,635.8,,680,,,1,288,PC,,11,,2
2791,6,,,1,40009382,,MITU BABY MINI PACK  PINK 12X24,635.8,,680,,,1,288,PC,,11,,2
2792,6,,,1,40009382_BD,,MITU BABY MINI PACK  PINK 12X24,635.8,,680,,,1,288,PC,,11,,2
2793,6,,,1,40009383,,Mitu Baby Mini Pack  Antisepti,636,,680,,,1,288,PC,,11,,2
2794,6,,,1,40009383_BD,,Mitu Baby Mini Pack  Antisepti,636,,680,,,1,288,PC,,11,,2
2795,6,,,1,40009685,,Polytex Paket Heboh,5217,,5580,,,1,72,PC,,11,,2
2796,6,,,1,40009685_BD,,Polytex Paket Heboh,5217,,5580,,,1,72,PC,,11,,2
2797,6,,,1,40009766_BD,,MITU BABYMILKBATH BTL200ML(24),14601,,15700,,,1,24,PC,,11,,2
2798,6,,,1,40009767_BD,,MITU BABYMILKBATH REF200ML(24),12834,,13800,,,1,24,PC,,11,,2
2799,6,,,1,40009859_BD,,Mitu Baby Btl Aseptic 60s Oval,12722.4,,13680,,,1,24,PC,,11,,2
2800,6,,,1,40009885,,Stella Blossom Floral Gel150gr,15025,,16070,,,1,36,PC,,11,,2
2801,6,,,1,40009885_BD,,Stella Blossom Floral Gel150gr,15025,,16070,,,1,36,PC,,11,,2
2802,6,,,1,40009886,,Stella Blossom Fruity Gel150gr,15025,,16070,,,1,36,PC,,11,,2
2803,6,,,1,40009886_BD,,Stella Blossom Fruity Gel150gr,15025,,16070,,,1,36,PC,,11,,2
2804,6,,,1,40009895,,MITU BABY SHAMPOO BOTTLE 200ML 6X6,15194,,17150,,,1,36,PC,,11,,2
2805,6,,,1,40009895_BD,,MITU BABY SHAMPOO BOTTLE 200ML 6X6,14492.5,,15500,,,1,36,PC,,11,,2
2806,6,,,1,40009897,,MITU BABY SHAMPOO REFILL 400ML,18840.25,,20150,,,1,12,PC,,11,,2
2807,6,,,1,40009897_BD,,MITU BABY SHAMPOO REFILL 400ML,18840.25,,20150,,,1,12,PC,,11,,2
2808,6,,,1,40009919,,MITU BABY HAND & MOUTH 50S,11407,,12200,,,1,24,PC,,11,,2
2809,6,,,1,40009919_BD,,MITU BABY HAND & MOUTH 50S,11407,,12200,,,1,24,PC,,11,,2
2810,6,,,1,40009997,,CARRERA SHAMPOOMOTOR 24S 20ML,337,,360,,,1,144,PC,,11,,2
2811,6,,,1,40009997_BD,,CARRERA SHAMPOOMOTOR 24S 20ML,317.9,,340,,,1,144,PC,,11,,2
2812,6,,,1,40010772,,Stella Liq.Reff Apple 50ml+20%,8929.25,,9550,,,1,36,PC,,11,,2
2813,6,,,1,40010772_BD,,Stella Liq.Reff Apple 50ml+20%,8929.25,,9550,,,1,36,PC,,11,,2
2814,6,,,1,40010773,,Stella Liq.Reff Orange50ml+20%,8929,,9550,,,1,36,PC,,11,,2
2815,6,,,1,40010773_BD,,Stella Liq.Reff Orange50ml+20%,8929,,9550,,,1,36,PC,,11,,2
2816,6,,,1,40010774,,Stella Liq.Reff Lemon 50ml+20%,8929,,9550,,,1,36,PC,,11,,2
2817,6,,,1,40010774_BD,,Stella Liq.Reff Lemon 50ml+20%,8929,,9550,,,1,36,PC,,11,,2
2818,6,,,1,40010775,,Stella Liq.Reff Dragon50ml+20%,8929,,9550,,,1,36,PC,,11,,2
2819,6,,,1,40010775_BD,,Stella Liq.Reff Dragon50ml+20%,8929,,9550,,,1,36,PC,,11,,2
2820,6,,,1,40011281,,STELLA C&F BATHROOM SET,17709,,18940,,,1,24,PC,,11,,2
2821,6,,,1,40011281_BD,,STELLA C&F BATHROOM SET,17709,,18940,,,1,24,PC,,11,,2
2822,6,,,1,40011282,,Stella C&F Bthroom Ref C.AIR40,15820,,16920,,,1,24,PC,,11,,2
2823,6,,,1,40011282_BD,,Stella C&F Bthroom Ref C.AIR40,15820,,16920,,,1,24,PC,,11,,2
2824,6,,,1,40011284,,Stella C&F Bthroom Ref Fresh40,15820,,16920,,,1,24,PC,,11,,2
2825,6,,,1,40011284_BD,,Stella C&F Bthroom Ref Fresh40,15820,,16920,,,1,24,PC,,11,,2
2826,6,,,1,40011479,,Stella C&F Bthroom C.Air+Alat,15820,,16920,,,1,24,PC,,11,,2
2827,6,,,1,40011479_BD,,Stella C&F Bthroom C.Air+Alat,15820,,16920,,,1,24,PC,,11,,2
2828,6,,,1,40011486,,Stella Car Freshnr70 Spirit@18,7919,,8470,,,1,72,PC,,11,,2
2829,6,,,1,40011486_BD,,Stella Car Freshnr70 Spirit@18,7919,,8470,,,1,72,PC,,11,,2
2830,6,,,1,40011487,,Stella Car Freshnr70 Power@18,7919,,8470,,,1,72,PC,,11,,2
3011,6,,,1,40015973,,HIT NS REF FLORAL 1BLN + ALAT,12249,,13100,,,1,72,PC,,11,,2
2831,6,,,1,40011487_BD,,Stella Car Freshnr70 Power@18,7919,,8470,,,1,72,PC,,11,,2
2832,6,,,1,40011488,,Stella AC Fresh Lemon 80gr@18,9070,,9700,,,1,72,PC,,11,,2
2833,6,,,1,40011488_BD,,Stella AC Fresh Lemon 80gr@18,9070,,9700,,,1,72,PC,,11,,2
2834,6,,,1,40011499,,Stella Car Freshnr70 Enrgyc@18,7919,,8470,,,1,72,PC,,11,,2
2835,6,,,1,40011499_BD,,Stella Car Freshnr70 Enrgyc@18,7919,,8470,,,1,72,PC,,11,,2
2836,6,,,1,40011509,,Stella AC Tropical Orange80@18,9070,,9700,,,1,72,PC,,11,,2
2837,6,,,1,40011509_BD,,Stella AC Tropical Orange80@18,9070,,9700,,,1,72,PC,,11,,2
2838,6,,,1,40011510,,Stella All In One Lemon 70g@18,8322,,8900,,,1,72,PC,,11,,2
2839,6,,,1,40011510_BD,,Stella All In One Lemon 70g@18,8322,,8900,,,1,72,PC,,11,,2
2840,6,,,1,40011511,,Stella All In One Orange70g@18,8322,,8900,,,1,72,PC,,11,,2
2841,6,,,1,40011511_BD,,Stella All In One Orange70g@18,8322,,8900,,,1,72,PC,,11,,2
2842,6,,,1,40011512,,Stella All In One Apple 70g@18,8322,,8900,,,1,72,PC,,11,,2
2843,6,,,1,40011512_BD,,Stella All In One Apple 70g@18,8322,,8900,,,1,72,PC,,11,,2
2844,6,,,1,40011513,,Stella All In One Jeruk 70g@18,8322,,8900,,,1,72,PC,,11,,2
2845,6,,,1,40011513_BD,,Stella All In One Jeruk 70g@18,8322,,8900,,,1,72,PC,,11,,2
2846,6,,,1,40011514,,Stella AIO Bougenville70@18,8322,,8900,,,1,72,PC,,11,,2
2847,6,,,1,40011514_BD,,Stella AIO Bougenville70@18,8322,,8900,,,1,72,PC,,11,,2
2848,6,,,1,40011515,,Stella AIO Sensation70g@18,8322,,8900,,,1,72,PC,,11,,2
2849,6,,,1,40011515_BD,,Stella AIO Sensation70g@18,8322,,8900,,,1,72,PC,,11,,2
2850,6,,,1,40011516,,Stella Fin.B.Room70g F.GREN@18,6919,,7400,,,1,72,PC,,11,,2
2851,6,,,1,40011516_BD,,Stella Fin.B.Room70g F.GREN@18,6919,,7400,,,1,72,PC,,11,,2
2852,6,,,1,40011517,,Stella Fin.B.Room70g C.BLUE@18,6919,,7400,,,1,72,PC,,11,,2
2853,6,,,1,40011517_BD,,Stella Fin.B.Room70g C.BLUE@18,6919,,7400,,,1,72,PC,,11,,2
2854,6,,,1,40011518,,Stella Fin.B.Room70g P.Red @18,6919,,7400,,,1,72,PC,,11,,2
2855,6,,,1,40011518_BD,,Stella Fin.B.Room70g P.Red @18,6919,,7400,,,1,72,PC,,11,,2
2856,6,,,1,40011520,,STE AIO 70gr Lemon(Crt) @18,8322,,8900,,,1,72,PC,,11,,2
2857,6,,,1,40011520_BD,,STE AIO 70gr Lemon(Crt) @18,8322,,8900,,,1,72,PC,,11,,2
2858,6,,,1,40011521,,STE AIO 70gr Orange(Crt) @18,8322,,8900,,,1,72,PC,,11,,2
2859,6,,,1,40011521_BD,,STE AIO 70gr Orange(Crt) @18,8322,,8900,,,1,72,PC,,11,,2
2860,6,,,1,40011524,,STE AIO 70gr Bougnvile(Crt)@18,8322,,8900,,,1,72,PC,,11,,2
2861,6,,,1,40011524_BD,,STE AIO 70gr Bougnvile(Crt)@18,8322,,8900,,,1,72,PC,,11,,2
2862,6,,,1,40011525,,STE AIO 70gr Sensation(Crt)@18,8322,,8900,,,1,72,PC,,11,,2
2863,6,,,1,40011525_BD,,STE AIO 70gr Sensation(Crt)@18,8322,,8900,,,1,72,PC,,11,,2
2864,6,,,1,40011640,,STELLA DAILY FRESHNESS P DREAM,11220,,12000,,,1,72,PC,,11,,2
2865,6,,,1,40011640_BD,,STELLA DAILY FRESHNESS P DREAM,11220,,12000,,,1,72,PC,,11,,2
2866,6,,,1,40011641,,STELLA DAILY INDOOR KISS,11220,,12000,,,1,72,PC,,11,,2
2867,6,,,1,40011641_BD,,STELLA DAILY INDOOR KISS,11220,,12000,,,1,72,PC,,11,,2
2868,6,,,1,40011642,,STELLA DAILY INDOOR BLOSSOM,11220,,12000,,,1,72,PC,,11,,2
2869,6,,,1,40011642_BD,,STELLA DAILY INDOOR BLOSSOM,11220,,12000,,,1,72,PC,,11,,2
2870,6,,,1,40011643,,STELLA DAILY INDOOR DREAM,12623,,13500,,,1,72,PC,,11,,2
2871,6,,,1,40011643_BD,,STELLA DAILY INDOOR DREAM,12623,,13500,,,1,72,PC,,11,,2
2872,6,,,1,40011848,,Mitu BabyPowderBlue 200gr+100%,10285,,11000,,,1,36,PC,,11,,2
2873,6,,,1,40011848_BD,,Mitu BabyPowderBlue 200gr+100%,9911,,10600,,,1,36,PC,,11,,2
2874,6,,,1,40011869,,Mitu BabyPowderPink 100gr+100%,5843.75,,6250,,,1,36,PC,,11,,2
2875,6,,,1,40011869_BD,,Mitu BabyPowderPink 100gr+100%,5610,,6000,,,1,36,PC,,11,,2
2876,6,,,1,40011887,,Stella Car Perfume Set Musk@6,27115,,29000,,,1,24,PC,,11,,2
2877,6,,,1,40011887_BD,,Stella Car Perfume Set Musk@6,27115,,29000,,,1,24,PC,,11,,2
2878,6,,,1,40011888,,Stella Car P'fumeSet Energyc@6,27115,,29000,,,1,24,PC,,11,,2
2879,6,,,1,40011888_BD,,Stella Car P'fumeSet Energyc@6,27115,,29000,,,1,24,PC,,11,,2
2880,6,,,1,40011897,,MITU BABY HAIR LOTION 100ML,12249,,13100,,,1,48,PC,,11,,2
2881,6,,,1,40011897_BD,,MITU BABY HAIR LOTION 100ML,12249,,13100,,,1,48,PC,,11,,2
2882,6,,,1,40011929,,Stella Car Perfume Set Shine@6,27115,,29000,,,1,24,PC,,11,,2
2883,6,,,1,40011929_BD,,Stella Car Perfume Set Shine@6,27115,,29000,,,1,24,PC,,11,,2
2884,6,,,1,40011932_BD,,HIT Aer Lily Blossom 600ml+20%,32351,,34600,,,1,12,PC,,11,,2
2885,6,,,1,40011970_BD,,Mitu ET Sensitive 50s+BAS 4`s,11913.3,,12810,,,1,24,PC,,11,,2
2886,6,,,1,40012018,,HIT LIQ POUCH GTEA EXTRA 360ML,17971,,19220,,,1,12,PC,,11,,2
2887,6,,,1,40012018_BD,,HIT LIQ POUCH GTEA EXTRA 360ML,17111,,18300,,,1,12,PC,,11,,2
2888,6,,,1,40012318,,Stella AerHypo 275ml BubbleGum,13604,,14550,,,1,12,PC,,11,,2
2889,6,,,1,40012318_BD,,Stella AerHypo 275ml BubbleGum,13604,,14550,,,1,12,PC,,11,,2
2890,6,,,1,40012570,,Stella Aer Hypo 275ml Floral,13604,,14550,,,1,12,PC,,11,,2
2891,6,,,1,40012570_BD,,Stella Aer Hypo 275ml Floral,13604,,14550,,,1,12,PC,,11,,2
2892,6,,,1,40012681,,Proclin WhiteCrystal Btl 180ml,7405,,7920,,,1,24,PC,,11,,2
2893,6,,,1,40012681_BD,,Proclin WhiteCrystal Btl 180ml,7405,,7920,,,1,24,PC,,11,,2
2894,6,,,1,40012840,,Mitu Wetties Btl ASeptic 90s,17045,,18230,,,1,24,PC,,11,,2
2895,6,,,1,40012840_BD,,Mitu Wetties Btl ASeptic 90s,14773,,15800,,,1,24,PC,,11,,2
2896,6,,,1,40012841,,Mitu Wetties Btl Lemon 90s,17045,,18230,,,1,24,PC,,11,,2
2897,6,,,1,40012841_BD,,Mitu Wetties Btl Lemon 90s,14773,,15800,,,1,24,PC,,11,,2
2898,6,,,1,40012842,,MITU WETTIES REF ASEPTIC 90S,14521,,15530,,,1,24,PC,,11,,2
2899,6,,,1,40012842_BD,,MITU WETTIES REF ASEPTIC 90S,12529,,14050,,,1,24,PC,,11,,2
2900,6,,,1,40012843,,MITU WETTIES REF LEMON 90S,14521,,15530,,,1,24,PC,,11,,2
2901,6,,,1,40012843_BD,,MITU WETTIES REF LEMON 90S,13697.75,,14650,,,1,24,PC,,11,,2
2902,6,,,1,40012844_BD,,Mitu Baby Sensitive C 50s,11913.3,,12810,,,1,24,PC,,11,,2
2903,6,,,1,40012845,,Mitu Baby Sensitive C 24s,6536,,6990,,,1,36,PC,,11,,2
2904,6,,,1,40012845_BD,,Mitu Baby Sensitive C 24s,6536,,6990,,,1,36,PC,,11,,2
2905,6,,,1,40012848,,HIT Non Stop Ref Fresh 2 Bln,16952,,18130,,,1,144,PC,,11,,2
2906,6,,,1,40012848_BD,,HIT Non Stop Ref Fresh 2 Bln,16952,,18130,,,1,144,PC,,11,,2
2907,6,,,1,40012853,,MITU BABY ANTISEPTIC H 50S,10668,,11410,,,1,24,PC,,11,,2
2908,6,,,1,40012853_BD,,MITU BABY ANTISEPTIC H 50S,10668,,11410,,,1,24,PC,,11,,2
2909,6,,,1,40012854,,MITU BABY ANTISEPTIC H 10SB1G1 12X12,4301,,4600,,,1,144,PC,,11,,2
2910,6,,,1,40012854_BD,,MITU BABY ANTISEPTIC H 10SB1G1 12X12,4301,,4600,,,1,144,PC,,11,,2
2911,6,,,1,40012919,,HIT Non Stop Ref GTea 2 Bln,16952,,18130,,,1,144,PC,,11,,2
2912,6,,,1,40012919_BD,,HIT Non Stop Ref GTea 2 Bln,16952,,18130,,,1,144,PC,,11,,2
2913,6,,,1,40013263_BD,,CARRERA POLES MOBIL TUBE 60GR,5859,,6300,,,1,48,PC,,11,,2
2914,6,,,1,40013359,,HIT NON STOP REF CLASSIC 1 BLN,12249,,13100,,,1,144,PC,,11,,2
2915,6,,,1,40013359_BD,,HIT NON STOP REF CLASSIC 1 BLN,12249,,13100,,,1,144,PC,,11,,2
2916,6,,,1,40013360,,HIT NON STOP REF FRESH 1 BLN,12249,,13100,,,1,144,PC,,11,,2
2917,6,,,1,40013360_BD,,HIT NON STOP REF FRESH 1 BLN,12249,,13100,,,1,144,PC,,11,,2
2918,6,,,1,40013361,,HIT NON STOP REF FLORAL 1 BLN,12249,,13100,,,1,144,PC,,11,,2
2919,6,,,1,40013361_BD,,HIT NON STOP REF FLORAL 1 BLN,12249,,13100,,,1,144,PC,,11,,2
2920,6,,,1,40013380,,PROCLIN WHITECRYSTAL BTL 400ML,13885,,14850,,,1,24,PC,,11,,2
2921,6,,,1,40013380_BD,,PROCLIN WHITECRYSTAL BTL 400ML,13885,,14850,,,1,24,PC,,11,,2
2922,6,,,1,40013424_BD,,PROCLIN LIQUID REGULAR 30ML,318,,340,,,1,144,PC,,11,,2
2923,6,,,1,40013426,,HIT NON STOP EKO - SET,14867,,15900,,,1,24,PC,,11,,2
2924,6,,,1,40013426_BD,,HIT NON STOP EKO - SET,14867,,15900,,,1,24,PC,,11,,2
2925,6,,,1,40013627_BD,,MITU BABY BTL ASEPTIC H 60S OVAL,12722.4,,13680,,,1,24,PC,,11,,2
2926,6,,,1,40013669,,MITU ET GP BLUE 50S B1G1 B. FT,9883,,10570,,,1,24,PC,,11,,2
2927,6,,,1,40013669_BD,,MITU ET GP BLUE 50S B1G1 B. FT,9883,,10570,,,1,24,PC,,11,,2
2928,6,,,1,40013729,,STELLA MATIC BOX SET,56399.2,,60320,,,1,12,PC,,11,,2
2929,6,,,1,40013729_BD,,STELLA MATIC BOX SET,54230,,58000,,,1,12,PC,,11,,2
2930,6,,,1,40013749_BD,,HIT AER POMEGRANATE 600ML,28639,,30630,,,1,12,PC,,11,,2
2931,6,,,1,40013979,,BIOSOL POUCH REGULAR 700ML,12436,,13300,,,1,12,PC,,11,,2
2932,6,,,1,40013979_BD,,BIOSOL POUCH REGULAR 700ML,12436,,13300,,,1,12,PC,,11,,2
2933,6,,,1,40013984_BD,,MITU BABY OIL BOTOL 100ML,10992.6,,11820,,,1,48,PC,,11,,2
2934,6,,,1,40014144,,MITU BABY POWDER PINK 50G+100%,3272.5,,3500,,,1,36,PC,,11,,2
2935,6,,,1,40014144_BD,,MITU BABY POWDER PINK 50G+100%,3272.5,,3500,,,1,36,PC,,11,,2
2936,6,,,1,40014145,,MITU BABY POWDER BLUE 50G+100%,3272.5,,3500,,,1,36,PC,,11,,2
2937,6,,,1,40014145_BD,,MITU BABY POWDER BLUE 50G+100%,3272.5,,3500,,,1,36,PC,,11,,2
2938,6,,,1,40014293,,STELLA DAILY FRESH G VANILLA,11220,,12000,,,1,72,PC,,11,,2
2939,6,,,1,40014293_BD,,STELLA DAILY FRESH G VANILLA,11220,,12000,,,1,72,PC,,11,,2
2940,6,,,1,40014294,,STELLA DAILY INDOOR VANILLA,11220,,12000,,,1,72,PC,,11,,2
2941,6,,,1,40014294_BD,,STELLA DAILY INDOOR VANILLA,11220,,12000,,,1,72,PC,,11,,2
2942,6,,,1,40014296_BD,,HIT MAGIC FLORAL  4+2S HGR,673,,720,,,1,576,PC,,11,,2
2943,6,,,1,40014297,,HIT MAGIC FRESH  4+2S HGR,673,,720,,,1,576,PC,,11,,2
2944,6,,,1,40014297_BD,,HIT MAGIC FRESH  4+2S HGR,673,,720,,,1,576,PC,,11,,2
2945,6,,,1,40014369_BD,,STELLA MTC REF225ML GF PKT EKO,43347.3,,46610,,,1,6,PC,,11,,2
2946,6,,,1,40014370,,BIOSOL SACHET 20 ML+5 ML,318,,340,,,1,144,PC,,11,,2
2947,6,,,1,40014370_BD,,BIOSOL SACHET 20 ML+5 ML,318,,340,,,1,144,PC,,11,,2
2948,6,,,1,40014381_BD,,Stella AER P.AIRCLEAN&PRO275ML,13531.5,,14550,,,1,12,PC,,11,,2
2949,6,,,1,40014382_BD,,Stella AER P.AIRFRESH&PRO275ML,13531.5,,14550,,,1,12,PC,,11,,2
2950,6,,,1,40014583,,MITU BABY MINI PACK ASEPTIC HA,636,,680,,,1,288,PC,,11,,2
2951,6,,,1,40014583_BD,,MITU BABY MINI PACK ASEPTIC HA,636,,680,,,1,288,PC,,11,,2
2952,6,,,1,40014585,,MITU BABY REGULAR F&C PINK 20S,3834,,4100,,,1,36,PC,,11,,2
2953,6,,,1,40014585_BD,,MITU BABY REGULAR F&C PINK 20S,3834,,4100,,,1,36,PC,,11,,2
2954,6,,,1,40014586,,MITU BABY REGULAR F&C BLUE 20S,3834,,4100,,,1,36,PC,,11,,2
2955,6,,,1,40014586_BD,,MITU BABY REGULAR F&C BLUE 20S,3834,,4100,,,1,36,PC,,11,,2
2956,6,,,1,40014625,,MITU BABY PWD BLUE100+100 KSOS,5843.75,,6250,,,1,36,PC,,11,,2
2957,6,,,1,40014625_BD,,MITU BABY PWD BLUE100+100 KSOS,5236,,5600,,,1,36,PC,,11,,2
2958,6,,,1,40014711,,STELLA DAILY FRESH G FRESH,11669,,12480,,,1,72,PC,,11,,2
2959,6,,,1,40014711_BD,,STELLA DAILY FRESH G FRESH,11220,,12000,,,1,72,PC,,11,,2
2960,6,,,1,40014712,,STELLA DAILY INDOOR FRESH,11220,,12000,,,1,72,PC,,11,,2
2961,6,,,1,40014712_BD,,STELLA DAILY INDOOR FRESH,11220,,12000,,,1,72,PC,,11,,2
2962,6,,,1,40014723_BD,,HIT AER LILY BLOSSOM 225ml,12529,,13400,,,1,12,PC,,11,,2
2963,6,,,1,40014724_BD,,HIT AER POME 225ML,11052,,11820,,,1,12,PC,,11,,2
2964,6,,,1,40014839,,Stella Aer Romance Paris 275ml,13604,,14550,,,1,12,PC,,11,,2
2965,6,,,1,40014839_BD,,Stella Aer Romance Paris 275ml,13604,,14550,,,1,12,PC,,11,,2
2966,6,,,1,40014840_BD,,Stella Aer Romance Hawai 275ml,13531.5,,14550,,,1,12,PC,,11,,2
2967,6,,,1,40014842,,HIT NS REF CLASSIC 1BLN 33ML,12249,,13100,,,1,144,PC,,11,,2
2968,6,,,1,40014842_BD,,HIT NS REF CLASSIC 1BLN 33ML,12249,,13100,,,1,144,PC,,11,,2
2969,6,,,1,40014843,,HIT NS REF FRESH 1BLN 33ML,12249,,13100,,,1,144,PC,,11,,2
2970,6,,,1,40014843_BD,,HIT NS REF FRESH 1BLN 33ML,12249,,13100,,,1,144,PC,,11,,2
2971,6,,,1,40014844,,HIT NS REF FLORAL 1BLN 33ML,12249,,13100,,,1,144,PC,,11,,2
2972,6,,,1,40014844_BD,,HIT NS REF FLORAL 1BLN 33ML,12249,,13100,,,1,144,PC,,11,,2
2973,6,,,1,40014848_BD,,STELLA MTC REF225ML OR PKT EKO,43347.3,,46610,,,1,6,PC,,11,,2
2974,6,,,1,40014882,,STELLA CAR PARF SET(CV) MUSK,27863,,29800,,,1,24,PC,,11,,2
2975,6,,,1,40014882_BD,,STELLA CAR PARF SET(CV) MUSK,27863,,29800,,,1,24,PC,,11,,2
2976,6,,,1,40014883,,STELLA CAR PARF SET(CV) SHINE,27863,,29800,,,1,24,PC,,11,,2
2977,6,,,1,40014883_BD,,STELLA CAR PARF SET(CV) SHINE,27863,,29800,,,1,24,PC,,11,,2
2978,6,,,1,40014884_BD,,STELLA CAR PARF SET(CV) ENERGY,26970,,29000,,,1,24,PC,,11,,2
2979,6,,,1,40014885_BD,,STELLA CAR PARF REF(CV) MUSK,15503.1,,16670,,,1,48,PC,,11,,2
2980,6,,,1,40014886,,STELLA CAR PARF REF(CV) SHINE,16147,,17270,,,1,48,PC,,11,,2
2981,6,,,1,40014886_BD,,STELLA CAR PARF REF(CV) SHINE,16147,,17270,,,1,48,PC,,11,,2
2982,6,,,1,40014887,,STELLA CAR PARF REF(CV) ENERGY,16147,,17270,,,1,48,PC,,11,,2
2983,6,,,1,40014887_BD,,STELLA CAR PARF REF(CV) ENERGY,16147,,17270,,,1,48,PC,,11,,2
2984,6,,,1,40014892,,FOGO LEMARI PAPER PRINCESS 12G 6x12,6391,,6835,,,1,72,PC,,11,,2
2985,6,,,1,40014892_BD,,FOGO LEMARI PAPER PRINCESS 12G 6x12,6391,,6835,,,1,72,PC,,11,,2
2986,6,,,1,40014897,,POLYTEX SABUT SPON EXTRA KUAT 48X6,4911.56,,5253,,,1,288,PC,,11,,2
2987,6,,,1,40014897_BD,,POLYTEX SABUT SPON EXTRA KUAT 48X6,4769,,5100,,,1,288,PC,,11,,2
2988,6,,,1,40014898_BD,,POLYTEX SABUT SPON ANTI GORES 48X6,5115,,5500,,,1,288,PC,,11,,2
2989,6,,,1,40014919_BD,,HIT ONE PUSH LILY BLOSM 10+2ML,18162.9,,19530,,,1,24,PC,,11,,2
2990,6,,,1,40014989,,CARRERA P`KILAP BAN FOAM  400ML,34380,,36770,,,1,12,PC,,11,,2
2991,6,,,1,40014989_BD,,CARRERA P`KILAP BAN FOAM  400ML,32744,,35020,,,1,12,PC,,11,,2
2992,6,,,1,40015255_BD,,HIT ONE PUSH ORG 16+3ML,28820.7,,30990,,,1,24,PC,,11,,2
2993,6,,,1,40015289_BD,,POLYTEX SPON PENYERAP,10044,,10800,,,1,72,PC,,11,,2
2994,6,,,1,40015290,,POLYTEX NET SPON MULTI PURPOSE 12X6,6741.35,,7210,,,1,72,PC,,11,,2
2995,6,,,1,40015290_BD,,POLYTEX NET SPON MULTI PURPOSE 12X6,6545,,7000,,,1,72,PC,,11,,2
2996,6,,,1,40015298_BD,,HIT MAGIC FLORAL 10S 6X24,1581,,1700,,,1,144,PC,,11,,2
2997,6,,,1,40015331,,MITU BABY T.PACK BLUE 10S B1G1,4095,,4380,,,1,144,PC,,11,,2
2998,6,,,1,40015331_BD,,MITU BABY T.PACK BLUE 10S B1G1,4095,,4380,,,1,144,PC,,11,,2
2999,6,,,1,40015359,,HIT MAGIC FRESH 10S 6X24,1777,,1900,,,1,144,PC,,11,,2
3000,6,,,1,40015359_BD,,HIT MAGIC FRESH 10S 6X24,1777,,1900,,,1,144,PC,,11,,2
3001,6,,,1,40015433,,MITU LAVY FEMININE TP10S BOGOF,7686,,8220,,,1,144,PC,,11,,2
3002,6,,,1,40015433_BD,,MITU LAVY FEMININE TP10S BOGOF,7686,,8220,,,1,144,PC,,11,,2
3003,6,,,1,40015434,,MITU BABY BOX PAKET,42169,,45100,,,1,12,PC,,11,,2
3004,6,,,1,40015434_BD,,MITU BABY BOX PAKET,42169,,45100,,,1,12,PC,,11,,2
3005,6,,,1,40015496_BD,,HIT AER LEMON 600ML(500+100ML),28639,,30630,,,1,12,PC,,11,,2
3006,6,,,1,40015497_BD,,HIT AER POME 600ML (500+100ML),28639,,30630,,,1,12,PC,,11,,2
3007,6,,,1,40015731,,Stella Mtc F.Fiesta 225ML+Btry,25245,,27000,,,1,12,PC,,11,,2
3008,6,,,1,40015731_BD,,Stella Mtc F.Fiesta 225ML+Btry,25245,,27000,,,1,12,PC,,11,,2
3009,6,,,1,40015880_BD,,HIT ONE PUSH GTEA 16+3ML,28820.7,,30990,,,1,24,PC,,11,,2
3010,6,,,1,40015923_BD,,HIT AER POMEGRANATE 500ML,19981,,21370,,,1,12,PC,,11,,2
3012,6,,,1,40015973_BD,,HIT NS REF FLORAL 1BLN + ALAT,12249,,13100,,,1,72,PC,,11,,2
3013,6,,,1,40016175_BD,,"HIT AER LILY B 225ml ""RETAIL""",12529,,13400,,,1,12,PC,,11,,2
3014,6,,,1,40016265,,MITU BABY REGULAR F&C PINK 40S,5788,,6190,,,1,36,PC,,11,,2
3015,6,,,1,40016265_BD,,MITU BABY REGULAR F&C PINK 40S,5788,,6190,,,1,36,PC,,11,,2
3016,6,,,1,40016266,,MITU BABY REGULAR F&C BLUE 40S,5788,,6190,,,1,36,PC,,11,,2
3017,6,,,1,40016266_BD,,MITU BABY REGULAR F&C BLUE 40S,5788,,6190,,,1,36,PC,,11,,2
3018,6,,,1,40016503,,MITU BABY SHAMPOO 200ML+HL 50,15194,,17150,,,1,36,PC,,11,,2
3019,6,,,1,40016503_BD,,MITU BABY SHAMPOO 200ML+HL 50,14493,,15500,,,1,36,PC,,11,,2
3020,6,,,1,40016504,,HIT LIQ POUCH CLS LILY B 175ML,8274.75,,8850,,,1,24,PC,,11,,2
3021,6,,,1,40016504_BD,,HIT LIQ POUCH CLS LILY B 175ML,7667,,8200,,,1,24,PC,,11,,2
3022,6,,,1,40016505,,HIT LIQ POUCH CLS LILY B 360ML,17971,,19220,,,1,12,PC,,11,,2
3023,6,,,1,40016505_BD,,HIT LIQ POUCH CLS LILY B 360ML,17111,,18300,,,1,12,PC,,11,,2
3024,6,,,1,40016506,,HIT LIQ POUCH CLS LILY B 700ML,29452.5,,31500,,,1,12,PC,,11,,2
3025,6,,,1,40016506_BD,,HIT LIQ POUCH CLS LILY B 700ML,29452.5,,31500,,,1,12,PC,,11,,2
3026,6,,,1,40016947,,PROCLIN W.CRYSTAL PCH 125+25ML,7433,,7950,,,1,24,PC,,11,,2
3027,6,,,1,40016947_BD,,PROCLIN W.CRYSTAL PCH 125+25ML,7433,,7950,,,1,24,PC,,11,,2
3028,6,,,1,40016951,,MITU BABY REG F&C PINK 20S SP 12X6,3833.5,,4100,,,1,72,PC,,11,,2
3029,6,,,1,40016951_BD,,MITU BABY REG F&C PINK 20S SP 12X6,3833.5,,4100,,,1,72,PC,,11,,2
3030,6,,,1,40016952,,MITU BABY REG F&C BLUE 20S SP 12X6,3833.5,,4100,,,1,72,PC,,11,,2
3031,6,,,1,40016952_BD,,MITU BABY REG F&C BLUE 20S SP 12X6,3833.5,,4100,,,1,72,PC,,11,,2
3032,6,,,1,40016953,,Stella Mtc Lemon 225ML+Btry,25245,,27000,,,1,12,PC,,11,,2
3033,6,,,1,40016953_BD,,Stella Mtc Lemon 225ML+Btry,25245,,27000,,,1,12,PC,,11,,2
3034,6,,,1,40016954,,STELLA MTC W FLOWER225ML+TTKAN,26461,,28300,,,1,12,PC,,11,,2
3035,6,,,1,40016954_BD,,STELLA MTC W FLOWER225ML+TTKAN,26461,,28300,,,1,12,PC,,11,,2
3036,6,,,1,40016955_BD,,STELLA MTC S.GARDEN225ML+TTKAN,25110,,27000,,,1,12,PC,,11,,2
3037,6,,,1,40017179,,Stella MTC GFANTASY225ML+TTKAN,25110,,27000,,,1,12,PC,,11,,2
3038,6,,,1,40017179_BD,,Stella MTC GFANTASY225ML+TTKAN,25110,,27000,,,1,12,PC,,11,,2
3039,6,,,1,40017201,,MITU GANTI POPOK WHITE50-B1G1,9883,,10570,,,1,24,PC,,11,,2
3040,6,,,1,40017201_BD,,MITU GANTI POPOK WHITE50-B1G1,9883,,10570,,,1,24,PC,,11,,2
3041,6,,,1,40017202,,MITU GANTI POPOK PURPLE50-B1G1,9883,,10570,,,1,24,PC,,11,,2
3042,6,,,1,40017202_BD,,MITU GANTI POPOK PURPLE50-B1G1,9883,,10570,,,1,24,PC,,11,,2
3043,6,,,1,40017204,,HIT MAT GREEN TEA 4S HGR,673,,720,,,1,864,PC,,11,,2
3044,6,,,1,40017204_BD,,HIT MAT GREEN TEA 4S HGR,673,,720,,,1,864,PC,,11,,2
3045,6,,,1,40017205_BD,,HIT MAT GREEN TEA 18+6S,4929,,5300,,,1,144,PC,,11,,2
3046,6,,,1,40017243_BD,,POLYTEX SELULOSA ANTIGORES  NE,9393,,10100,,,1,72,PC,,11,,2
3047,6,,,1,40017244,,POLYTEX PKT SBT SPON REG 2S,8089.62,,8652,,,1,120,PC,,11,,2
3048,6,,,1,40017244_BD,,POLYTEX PKT SBT SPON REG 2S,7854,,8400,,,1,120,PC,,11,,2
3049,6,,,1,40017245,,POLYTEX PKT SBT SPON EXKUAT 2S 20X6,9534.2,,10197,,,1,120,PC,,11,,2
3050,6,,,1,40017245_BD,,POLYTEX PKT SBT SPON EXKUAT 2S 20X6,9257,,9900,,,1,120,PC,,11,,2
3051,6,,,1,40017246,,POLYTEX PKT STAINLESS 20G 2S 8X6,9726.81,,10403,,,1,48,PC,,11,,2
3052,6,,,1,40017246_BD,,POLYTEX PKT STAINLESS 20G 2S 8X6,9726.81,,10403,,,1,48,PC,,11,,2
3053,6,,,1,40017261,,STELLA AEROSOL LEMON 140ML,7256,,7760,,,1,12,PC,,11,,2
3054,6,,,1,40017261_BD,,STELLA AEROSOL LEMON 140ML,7256,,7760,,,1,12,PC,,11,,2
3055,6,,,1,40017262,,STELLA AEROSOL ORANGE 140ML,8041,,8600,,,1,12,PC,,11,,2
3056,6,,,1,40017262_BD,,STELLA AEROSOL ORANGE 140ML,8041,,8600,,,1,12,PC,,11,,2
3057,6,,,1,40017265,,NYU CREME HC NATURAL BLACK,12529,,13400,,,1,24,PC,,11,,2
3058,6,,,1,40017265_BD,,NYU CREME HC NATURAL BLACK,12529,,13400,,,1,24,PC,,11,,2
3059,6,,,1,40017266,,NYU CREME HC NATURAL BROWN,12529,,13400,,,1,24,PC,,11,,2
3060,6,,,1,40017266_BD,,NYU CREME HC NATURAL BROWN,12529,,13400,,,1,24,PC,,11,,2
3061,6,,,1,40017267,,NYU CREME HC COPPERY BROWN,12529,,13400,,,1,24,PC,,11,,2
3062,6,,,1,40017267_BD,,NYU CREME HC COPPERY BROWN,12529,,13400,,,1,24,PC,,11,,2
3063,6,,,1,40017268,,NYU CREME HC CARAMEL,12529,,13400,,,1,24,PC,,11,,2
3064,6,,,1,40017268_BD,,NYU CREME HC CARAMEL,11594,,12400,,,1,24,PC,,11,,2
3065,6,,,1,40017289,,NYU CREME HC BURGUNDY,12529,,13400,,,1,24,PC,,11,,2
3066,6,,,1,40017289_BD,,NYU CREME HC BURGUNDY,11594,,12400,,,1,24,PC,,11,,2
3067,6,,,1,40017409_BD,,HIT AER LEMON 600(500+100ML)NL,28639,,30630,,,1,12,PC,,11,,2
3068,6,,,1,40017605,,HIT MAT EKO SET,8089.62,,8652,,,1,72,PC,,11,,2
3069,6,,,1,40017605_BD,,HIT MAT EKO SET,7854,,8400,,,1,72,PC,,11,,2
3070,6,,,1,40017673,,LEM TIKUS TRAP CAP GAJAH 70 GR 12X6,10538,,11270.33,,,1,72,PC,,11,,2
3071,6,,,1,40017673_BD,,LEM TIKUS TRAP CAP GAJAH 70 GR 12X6,10538,,11270.33,,,1,72,PC,,11,,2
3072,6,,,1,40017738,,HIT Magic Floral 4+2s Rejeki 3,673.2,,720,,,1,576,PC,,11,,2
3073,6,,,1,40017738_BD,,HIT Magic Floral 4+2s Rejeki 3,673.2,,720,,,1,576,PC,,11,,2
3074,6,,,1,40017749,,HIT Magic Fresh 4+2s Rejeki 3,673.2,,720,,,1,576,PC,,11,,2
3075,6,,,1,40017749_BD,,HIT Magic Fresh 4+2s Rejeki 3,673.2,,720,,,1,576,PC,,11,,2
3076,6,,,1,40017834_BD,,HIT AER LILY BLOSSOM 500ML[GT],19980.95,,21370,,,1,12,PC,,11,,2
3077,6,,,1,40017835_BD,,HIT AER ORANGE 500ML [GT],19981,,21370,,,1,12,PC,,11,,2
3078,6,,,1,40017836_BD,,HIT AER ORANGE 225ML,12529,,13400,,,1,12,PC,,11,,2
3079,6,,,1,40017837_BD,,HIT AER LEMON 225ML,11051.7,,11820,,,1,12,PC,,11,,2
3080,6,,,1,40017838_BD,,HIT AER GREEN TEA 225ML,11051.7,,11820,,,1,12,PC,,11,,2
3081,6,,,1,40017841,,MITU KIDS C.ORANGE 10`S BOGOF,4263.6,,4560,,,1,144,PC,,11,,2
3082,6,,,1,40017841_BD,,MITU KIDS C.ORANGE 10`S BOGOF,4263.6,,4560,,,1,144,PC,,11,,2
3083,6,,,1,40017953_BD,,HIT AER POME  225ML MP,11052,,11820,,,1,12,PC,,11,,2
3084,6,,,1,40017954_BD,,HIT AER LILY BLOSSOM 225ML MP,12529,,13400,,,1,12,PC,,11,,2
3085,6,,,1,40017955_BD,,HIT ONE PUSH LILY BLOSSOM 10ML,18162.9,,19530,,,1,24,PC,,11,,2
3086,6,,,1,40018047,,MITU BABY  T.PACK PINK 8S,1272,,1360,,,1,288,PC,,11,,2
3087,6,,,1,40018047_BD,,MITU BABY  T.PACK PINK 8S,1272,,1360,,,1,288,PC,,11,,2
3088,6,,,1,40018048,,MITU BABY T.PACK BLUE 8S,1272,,1360,,,1,288,PC,,11,,2
3089,6,,,1,40018048_BD,,MITU BABY T.PACK BLUE 8S,1272,,1360,,,1,288,PC,,11,,2
3090,6,,,1,40018069,,WETTIES T.PACK ANTISEPTIC 8S,1403,,1500,,,1,288,PC,,11,,2
3091,6,,,1,40018069_BD,,WETTIES T.PACK ANTISEPTIC 8S,1272,,1360,,,1,288,PC,,11,,2
3092,6,,,1,40018072,,HIT POMPA BND HIT LIQ LB 175ML,12005,,12840,,,1,120,PC,,11,,2
3093,6,,,1,40018072_BD,,HIT POMPA BND HIT LIQ LB 175ML,12005,,12840,,,1,120,PC,,11,,2
3094,6,,,1,40018118,,MITU MINI PAKET ZIPLOCK,18233,,19500,,,1,36,PC,,11,,2
3095,6,,,1,40018118_BD,,MITU MINI PAKET ZIPLOCK,18233,,19500,,,1,36,PC,,11,,2
3096,6,,,1,40018353_BD,,HIT AER POME 415+85ML,19981,,21370,,,1,12,PC,,11,,2
3097,6,,,1,40018354,,STELLA AEROSOL G.FANTASY  140M,7256,,7760,,,1,12,PC,,11,,2
3098,6,,,1,40018354_BD,,STELLA AEROSOL G.FANTASY  140M,7256,,7760,,,1,12,PC,,11,,2
3099,6,,,1,40018417,,STELLA DF GREEN HARMONY 6X12,10416,,11140,,,1,72,PC,,11,,2
3100,6,,,1,40018417_BD,,STELLA DF GREEN HARMONY 6X12,10416,,11140,,,1,72,PC,,11,,2
3101,6,,,1,40018418,,STELLA DF INDOORSANRIO HARMONY,10126,,10830,,,1,72,PC,,11,,2
3102,6,,,1,40018418_BD,,STELLA DF INDOORSANRIO HARMONY,10126,,10830,,,1,72,PC,,11,,2
3103,6,,,1,40018468,,STELLA POCKET BATHROOM PURPLE,6498.25,,6950,,,1,72,PC,,11,,2
3104,6,,,1,40018468_BD,,STELLA POCKET BATHROOM PURPLE,5610,,6000,,,1,72,PC,,11,,2
3105,6,,,1,40018469,,STELLA POCKET BATHROOM ORANGE,6498.25,,6950,,,1,72,PC,,11,,2
3106,6,,,1,40018469_BD,,STELLA POCKET BATHROOM ORANGE,5610,,6000,,,1,72,PC,,11,,2
3107,6,,,1,40018470,,STELLA POCKET BATHROOM GREEN,6498.25,,6950,,,1,72,PC,,11,,2
3108,6,,,1,40018470_BD,,STELLA POCKET BATHROOM GREEN,5610,,6000,,,1,72,PC,,11,,2
3109,6,,,1,40018490,,MITU RASH CREAM TUBE 50 GR,13380,,14310,,,1,36,PC,,11,,2
3110,6,,,1,40018490_BD,,MITU RASH CREAM TUBE 50 GR,13380,,14310,,,1,36,PC,,11,,2
3111,6,,,1,40018633,,SUSEMI SABUT STAINLESS 40 GR 6X12,4395,,4700,,,1,72,PC,,11,,2
3112,6,,,1,40018633_BD,,SUSEMI SABUT STAINLESS 40 GR 6X12,4319.7,,4620,,,1,72,PC,,11,,2
3113,6,,,1,40018671_BD,,HIT AER POME 500ML [GT],19981,,21370,,,1,12,PC,,11,,2
3114,6,,,1,40018712,,HIT MAGIC LILYBLOSSOM 4+2S HGR 4X144,673,,720,,,1,576,PC,,11,,2
3115,6,,,1,40018712_BD,,HIT MAGIC LILYBLOSSOM 4+2S HGR 4X144,673,,720,,,1,576,PC,,11,,2
3116,6,,,1,40018795,,MITU GPBLUE50B1G1 BNS R-CREAM,9883,,10570,,,1,24,PC,,11,,2
3117,6,,,1,40018795_BD,,MITU GPBLUE50B1G1 BNS R-CREAM,9883,,10570,,,1,24,PC,,11,,2
3118,6,,,1,40018983_BD,,STELLA MTC REF PRM CAFFELAT225ML,26461,,28300,,,1,12,PC,,11,,2
3119,6,,,1,40018984_BD,,STELLA MTC REFPRMSWEETRBW225ML,26319,,28300,,,1,12,PC,,11,,2
3120,6,,,1,40019061_BD,,STELLA MTC D.ISLAND225ML+TTKAN,26319,,28300,,,1,12,PC,,11,,2
3121,6,,,1,40019062,,MITU SHIKADA DRY SKIN 20S,11902.55,,12730,,,1,72,PC,,11,,2
3122,6,,,1,40019062_BD,,MITU SHIKADA DRY SKIN 20S,11902.55,,12730,,,1,72,PC,,11,,2
3123,6,,,1,40019063,,MITU SHIKADA ACNE SKIN 20S,11902.55,,12730,,,1,72,PC,,11,,2
3124,6,,,1,40019063_BD,,MITU SHIKADA ACNE SKIN 20S,11902.55,,12730,,,1,72,PC,,11,,2
3125,6,,,1,40019111,,Stella Fun n`Fresh Happy Day,8415,,9000,,,1,144,PC,,11,,2
3126,6,,,1,40019111_BD,,Stella Fun n`Fresh Happy Day,8415,,9000,,,1,144,PC,,11,,2
3127,6,,,1,40019112,,Stella Fun n`Fresh Fruity&Fres,8415,,9000,,,1,144,PC,,11,,2
3128,6,,,1,40019112_BD,,Stella Fun n`Fresh Fruity&Fres,8415,,9000,,,1,144,PC,,11,,2
3129,6,,,1,40019121_BD,,HIT ONE PUSH GTEA 10ML (48),19065,,20500,,,1,48,PC,,11,,2
3130,6,,,1,40019122_BD,,HIT ONE PUSH ORANGE 10ML (48),19065,,20500,,,1,48,PC,,11,,2
3131,6,,,1,40019123_BD,,HIT ONE PUSH LILY B 10ML (48),19065,,20500,,,1,48,PC,,11,,2
3132,6,,,1,40019204,,HIT NON STOP FRESH SET XP NEW,14493,,15500,,,1,24,PC,,11,,2
3133,6,,,1,40019204_BD,,HIT NON STOP FRESH SET XP NEW,14493,,15500,,,1,24,PC,,11,,2
3134,6,,,1,40019319_BD,,HIT MAGIC LILY BLOSSOM 10S 6X24,1581,,1700,,,1,144,PC,,11,,2
3135,6,,,1,40019320,,MITU BABY POWDER PINK 50G+75%,3273,,3500,,,1,36,PC,,11,,2
3136,6,,,1,40019320_BD,,MITU BABY POWDER PINK 50G+75%,3273,,3500,,,1,36,PC,,11,,2
3137,6,,,1,40019321,,MITU BABY POWDER BLUE 50G+75%,3273,,3500,,,1,36,PC,,11,,2
3138,6,,,1,40019321_BD,,MITU BABY POWDER BLUE 50G+75%,3273,,3500,,,1,36,PC,,11,,2
3139,6,,,1,40019322,,MITU BABY POWDER PINK 100G+75%,5843.75,,6250,,,1,36,PC,,11,,2
3140,6,,,1,40019322_BD,,MITU BABY POWDER PINK 100G+75%,5610,,6000,,,1,36,PC,,11,,2
3141,6,,,1,40019323,,MITU BABY POWDER BLUE 100G+75%,5843.75,,6250,,,1,36,PC,,11,,2
3142,6,,,1,40019323_BD,,MITU BABY POWDER BLUE 100G+75%,5610,,6000,,,1,36,PC,,11,,2
3143,6,,,1,40019324,,MITU BABY POWDER PINK 200G+75%,10285,,11000,,,1,36,PC,,11,,2
3144,6,,,1,40019324_BD,,MITU BABY POWDER PINK 200G+75%,9911,,10600,,,1,36,PC,,11,,2
3145,6,,,1,40019325,,MITU BABY POWDER BLUE 200G+75%,10285,,11000,,,1,36,PC,,11,,2
3146,6,,,1,40019325_BD,,MITU BABY POWDER BLUE 200G+75%,10285,,11000,,,1,36,PC,,11,,2
3147,6,,,1,40019543,,PROCLIN PENGHLNG NODA SCHT30ML 6X24,636,,680,,,1,144,PC,,11,,2
3148,6,,,1,40019543_BD,,PROCLIN PENGHLNG NODA SCHT30ML 6X24,636,,680,,,1,144,PC,,11,,2
3149,6,,,1,40019544,,PROCLIN PENGHLNG NODA BTL180ML,7405,,7920,,,1,24,PC,,11,,2
3150,6,,,1,40019544_BD,,PROCLIN PENGHLNG NODA BTL180ML,7405,,7920,,,1,24,PC,,11,,2
3151,6,,,1,40019545,,PROCLIN PENGHLNG NODA BTL400ML,13885,,14850.45,,,1,24,PC,,11,,2
3152,6,,,1,40019545_BD,,PROCLIN PENGHLNG NODA BTL400ML,13885,,14850.45,,,1,24,PC,,11,,2
3153,6,,,1,40019546,,PROCLIN PENGHLNGNODA PCH125+25,7433,,7950,,,1,24,PC,,11,,2
3154,6,,,1,40019546_BD,,PROCLIN PENGHLNGNODA PCH125+25,7153,,7650,,,1,24,PC,,11,,2
3155,6,,,1,40019547,,PROCLIN PENGHLNG NODA PCH400ML,17344,,18550,,,1,12,PC,,11,,2
3156,6,,,1,40019547_BD,,PROCLIN PENGHLNG NODA PCH400ML,17344,,18550,,,1,12,PC,,11,,2
3157,6,,,1,40019590_BD,,Biosol Sachet 20+5ml (12+1),316.2,,340,,,1,144,PC,,11,,2
3158,6,,,1,40019676_BD,,Alfamart Car Freshner Jeruk70g,4544.91,,4887,,,1,72,PC,,11,,2
3159,6,,,1,40019677_BD,,Alfamart Car Freshner Apel 70g,4544.91,,4887,,,1,72,PC,,11,,2
3160,6,,,1,40019678_BD,,Alfamart Car Freshner Bunga70g,4544.91,,4887,,,1,72,PC,,11,,2
3161,6,,,1,40019689_BD,,Alfamart C.WrapRefill 30mx30cm,8012.88,,8616,,,1,24,PC,,11,,2
3162,6,,,1,40019720,,MITU BABY LIQUID POWDER 100GR 6X6,14339,,15400,,,1,36,PC,,11,,2
3163,6,,,1,40019720_BD,,MITU BABY LIQUID POWDER 100GR 6X6,14339,,15400,,,1,36,PC,,11,,2
3164,6,,,1,40019861,,STELLA MATIC BOXSET SP.EDITION,56399.2,,60320,,,1,12,PC,,11,,2
3165,6,,,1,40019861_BD,,STELLA MATIC BOXSET SP.EDITION,50733.1,,54260,,,1,12,PC,,11,,2
3166,6,,,1,40019880_BD,,HIT AEREXPERT S.FLWR 600ML+20%,32351,,34600,,,1,12,PC,,11,,2
3167,6,,,1,40019881_BD,,HIT AER EXPERT CTRUS 600ML+20%,32351,,34600,,,1,12,PC,,11,,2
3168,6,,,1,40019884_BD,,HIT AER EXPERT S.FLWR 415+85ML,22721,,24300,,,1,12,PC,,11,,2
3169,6,,,1,40019885_BD,,HIT AER EXPERT CITRUS 415+85ML,22721,,24300,,,1,12,PC,,11,,2
3170,6,,,1,40019886_BD,,HIT AER LILY BLOSSOM 415+85ML,19981,,21370,,,1,12,PC,,11,,2
3171,6,,,1,40020021_BD,,HIT AER ORANGE 415+85ML,22721,,24300,,,1,12,PC,,11,,2
3172,6,,,1,40020022_BD,,HIT AER GREEN TEA 415+85ML,19981,,21370,,,1,12,PC,,11,,2
3173,6,,,1,40020023,,Stella Daily R.Kiss Sp Edition,11781,,12600,,,1,72,PC,,11,,2
3174,6,,,1,40020023_BD,,Stella Daily R.Kiss Sp Edition,11781,,12600,,,1,72,PC,,11,,2
3175,6,,,1,40020024,,Stella Daily O.Blossom Edition,11781,,12600,,,1,72,PC,,11,,2
3176,6,,,1,40020024_BD,,Stella Daily O.Blossom Edition,11781,,12600,,,1,72,PC,,11,,2
3177,6,,,1,40020026,,Stella Daily G.Vanilla Edition,11220,,12000,,,1,72,PC,,11,,2
3178,6,,,1,40020026_BD,,Stella Daily G.Vanilla Edition,11220,,12000,,,1,72,PC,,11,,2
3179,6,,,1,40020028,,Stella Daily G.Harmony Edition,10416,,11140,,,1,72,PC,,11,,2
3180,6,,,1,40020028_BD,,Stella Daily G.Harmony Edition,10416,,11140,,,1,72,PC,,11,,2
3181,6,,,1,40020109_BD,,NYU SACHET NATURAL BLACK,7533,,8100,,,1,144,PC,,11,,2
3182,6,,,1,40020110_BD,,NYU SACHET NATURAL BROWN,7533,,8100,,,1,144,PC,,11,,2
3183,6,,,1,40020111_BD,,NYU SACHET BURGUNDY,7533,,8100,,,1,144,PC,,11,,2
3184,6,,,1,40020112_BD,,NYU SACHET COPPERY BROWN,7533,,8100,,,1,144,PC,,11,,2
3185,6,,,1,40020113_BD,,NYU SACHET CARAMEL,7533,,8100,,,1,144,PC,,11,,2
3186,6,,,1,40020224,,MITU BABY COL GREEN SPRAY100ML 8X6,13371,,14300,,,1,48,PC,,11,,2
3187,6,,,1,40020224_BD,,MITU BABY COL GREEN SPRAY100ML 8X6,13371,,14300,,,1,48,PC,,11,,2
3188,6,,,1,40020394,,MITU BABY PWD PINK 50GR+75% NP 6X6,3273,,3500,,,1,36,PC,,11,,2
3189,6,,,1,40020394_BD,,MITU BABY PWD PINK 50GR+75% NP 6X6,3273,,3500,,,1,36,PC,,11,,2
3190,6,,,1,40020395,,MITU BABY PWD BLUE 50GR+75% NP 6X6,3273,,3500,,,1,36,PC,,11,,2
3191,6,,,1,40020395_BD,,MITU BABY PWD BLUE 50GR+75% NP 6X6,3273,,3500,,,1,36,PC,,11,,2
3192,6,,,1,40020396,,MITU BABY PWD PINK100GR+75% NP,5843.75,,6250,,,1,36,PC,,11,,2
3193,6,,,1,40020396_BD,,MITU BABY PWD PINK100GR+75% NP,5610,,6000,,,1,36,PC,,11,,2
3194,6,,,1,40020397,,MITU BABY PWD BLUE100GR+75% NP,5843.75,,6250,,,1,36,PC,,11,,2
3195,6,,,1,40020397_BD,,MITU BABY PWD BLUE100GR+75% NP,5610,,6000,,,1,36,PC,,11,,2
3196,6,,,1,40020398,,MITU BABY PWD PINK200GR+75% NP 6X6,10285,,11000,,,1,36,PC,,11,,2
3197,6,,,1,40020398_BD,,MITU BABY PWD PINK200GR+75% NP 6X6,9911,,10600,,,1,36,PC,,11,,2
3198,6,,,1,40020419,,MITU BABY PWD BLUE200GR+75% NP,10285,,11000,,,1,36,PC,,11,,2
3199,6,,,1,40020419_BD,,MITU BABY PWD BLUE200GR+75% NP,9911,,10600,,,1,36,PC,,11,,2
3200,6,,,1,40020425_BD,,HIT AER LILY BLOSSOM 415+35ML,20009,,21400,,,1,12,PC,,11,,2
3201,6,,,1,40020426_BD,,HIT AER LILY BLOSSOM 600+75 ML,26319,,28300,,,1,12,PC,,11,,2
3202,6,,,1,40020427_BD,,HIT AER ORANGE 600 + 75 ML,26461,,28300,,,1,12,PC,,11,,2
3203,6,,,1,40020644_BD,,POLYTEX STAINLESS STEEL 20GR 6X12,3906,,4200,,,1,72,PC,,11,,2
3204,6,,,1,40020677,,NYU CREME HC BLUE BLACK (S),12996.5,,13900,,,1,24,PC,,11,,2
3205,6,,,1,40020677_BD,,NYU CREME HC BLUE BLACK (S),12062,,12900,,,1,24,PC,,11,,2
3206,6,,,1,40020695,,MITU BABY COL PINK SPRAY 100ML,13371,,14300,,,1,48,PC,,11,,2
3207,6,,,1,40020695_BD,,MITU BABY COL PINK SPRAY 100ML,13371,,14300,,,1,48,PC,,11,,2
3208,6,,,1,40020719_BD,,HIT ONE PUSH EXPERT ORANGE10ML,19065,,20500,,,1,48,PC,,11,,2
3209,6,,,1,40020720_BD,,HIT ONE PUSH EXPERT GTEA 10ML,19065,,20500,,,1,48,PC,,11,,2
3210,6,,,1,40020721_BD,,HIT ONE PUSH EXPERT LILY B10ML,19065,,20500,,,1,48,PC,,11,,2
3211,6,,,1,40020846,,HIT Non Stop Ref Fresh 45 Hari,16952,,18130,,,1,144,PC,,11,,2
3212,6,,,1,40020846_BD,,HIT Non Stop Ref Fresh 45 Hari,16952,,18130,,,1,144,PC,,11,,2
3213,6,,,1,40020847,,HIT Non Stop Ref GTea 45 Hari,16952,,18130,,,1,144,PC,,11,,2
3214,6,,,1,40020847_BD,,HIT Non Stop Ref GTea 45 Hari,16952,,18130,,,1,144,PC,,11,,2
3215,6,,,1,40020848_BD,,MITU BABY SENSITIVE 50S,11913.3,,12810,,,1,24,PC,,11,,2
3216,6,,,1,40021795_BD,,HIT AER EXPERT  S.FLOWER 225ML,12529,,13400,,,1,12,PC,,11,,2
3217,6,,,1,40021796_BD,,HIT AER EXPERT CITRUS 225ML,11687.5,,12500,,,1,12,PC,,11,,2
3218,6,,,1,40023287,,HIT ONEPUSH EXPERT CITRUS 10ML 4X12,19167.5,,20500,,,1,48,PC,,11,,2
3219,6,,,1,40023287_BD,,HIT ONEPUSH EXPERT CITRUS 10ML 4X12,19167.5,,20500,,,1,48,PC,,11,,2
3220,6,,,1,40023333,,NYU CREME HC NATURAL BLACK (S),12996.5,,13900,,,1,24,PC,,11,,2
3221,6,,,1,40023333_BD,,NYU CREME HC NATURAL BLACK (S),12996.5,,13900,,,1,24,PC,,11,,2
3222,6,,,1,40023334,,NYU CREME HC NATURAL BROWN (S),12996.5,,13900,,,1,24,PC,,11,,2
3223,6,,,1,40023334_BD,,NYU CREME HC NATURAL BROWN (S),12996.5,,13900,,,1,24,PC,,11,,2
3224,6,,,1,40023335,,NYU CREME HC BURGUNDY (S),12996.5,,13900,,,1,24,PC,,11,,2
3225,6,,,1,40023335_BD,,NYU CREME HC BURGUNDY (S),12996.5,,13900,,,1,24,PC,,11,,2
3226,6,,,1,40023336,,NYU CREME HC COPPERY BROWN (S),12996.5,,13900,,,1,24,PC,,11,,2
3227,6,,,1,40023336_BD,,NYU CREME HC COPPERY BROWN (S),12996,,13900,,,1,24,PC,,11,,2
3228,6,,,1,40023337,,NYU CREME HC CARAMEL (S),12996.5,,13900,,,1,24,PC,,11,,2
3229,6,,,1,40023337_BD,,NYU CREME HC CARAMEL (S),12996.5,,13900,,,1,24,PC,,11,,2
3230,6,,,1,40023534_BD,,HIT MAT CLASSIC 18+9S (NP),4956,,5300,,,1,144,PC,,11,,2
3231,6,,,1,40023555_BD,,HIT MAT FLORAL 18+9s (NP),4929,,5300,,,1,144,PC,,11,,2
3232,6,,,1,40023556_BD,,HIT MAT GREEN TEA 18+9S NP,4956,,5300,,,1,144,PC,,11,,2
3233,6,,,1,40023557_BD,,HIT MAT CLASSIC 48+6S NP,9724,,10400,,,1,72,PC,,11,,2
3234,6,,,1,40023558,,HIT MAT FLORAL 48+6s NP,10098,,10800,,,1,72,PC,,11,,2
3235,6,,,1,40023558_BD,,HIT MAT FLORAL 48+6s NP,9724,,10400,,,1,72,PC,,11,,2
3236,6,,,1,40023559_BD,,HIT MAT GREEN TEA 48+6s NP,9724,,10400,,,1,72,PC,,11,,2
3237,6,,,1,40023586,,MITU G.POPOK BLUE 50 B1G1 (P),9883,,10570,,,1,24,PC,,11,,2
3238,6,,,1,40023586_BD,,MITU G.POPOK BLUE 50 B1G1 (P),9883,,10570,,,1,24,PC,,11,,2
3239,6,,,1,40023587,,MITU G.POPOK WHITE 50 B1G1 (P),9883,,10570,,,1,24,PC,,11,,2
3240,6,,,1,40023587_BD,,MITU G.POPOK WHITE 50 B1G1 (P),9883,,10570,,,1,24,PC,,11,,2
3241,6,,,1,40023588,,MITU G.POPOK PURPLE 50 B1G1(P),9883,,10570,,,1,24,PC,,11,,2
3242,6,,,1,40023588_BD,,MITU G.POPOK PURPLE 50 B1G1(P),9883,,10570,,,1,24,PC,,11,,2
3243,6,,,1,40023807,,STELLA MTCREF APPLEFIESTA225ML,26461,,28300,,,1,12,PC,,11,,2
3244,6,,,1,40023807_BD,,STELLA MTCREF APPLEFIESTA225ML,26461,,28300,,,1,12,PC,,11,,2
3245,6,,,1,40023905_BD,,HIT AER LILY BLOSSOM 200ML,12903,,13800,,,1,12,PC,,11,,2
3246,6,,,1,40023907_BD,,HIT AER ORANGE 200ML,12903,,13800,,,1,12,PC,,11,,2
3247,6,,,1,40023909_BD,,HIT EXPERT CITRUS 600+20% +DF,32351,,34600,,,1,12,PC,,11,,2
3248,6,,,1,40023910_BD,,HIT EXPERT S.FLWR 600+20% +DF,32351,,34600,,,1,12,PC,,11,,2
3249,6,,,1,40023911,,HIT MAGIC FLORAL 4+2(12 BNS 1),673,,720,,,1,576,PC,,11,,2
3250,6,,,1,40023911_BD,,Hit Magic Floral 4+2(12 bns 1),673,,720,,,1,576,PC,,11,,2
3251,6,,,1,40023912,,Hit Magic Fresh 4+2 (12 bns 1),673,,720,,,1,576,PC,,11,,2
3252,6,,,1,40023912_BD,,Hit Magic Fresh 4+2 (12 bns 1),673,,720,,,1,576,PC,,11,,2
3253,6,,,1,40023913,,HIT MAGIC LILY BLOSSOM 4+2S. (12BNS1),673.2,,720,,,1,576,PC,,11,,2
3254,6,,,1,40023913_BD,,HIT MAGIC LILY BLOSSOM 4+2S. (12BNS1),673.2,,720,,,1,576,PC,,11,,2
3255,6,,,1,40023916,,Stella Matic Set+Stella Pocket,56399.2,,60320,,,1,12,PC,,11,,2
3256,6,,,1,40023916_BD,,Stella Matic Set+Stella Pocket,50733,,54260,,,1,12,PC,,11,,2
3257,6,,,1,40023917_BD,,HIT AER ORANGE 415+35ML,20009,,21400,,,1,12,PC,,11,,2
3258,6,,,1,40023936_BD,,HIT ONE P.EXPERT GTEA 10ML NZ 4X12,19065,,20500,,,1,48,PC,,11,,2
3259,6,,,1,40023937_BD,,HIT ONE P.EXPERT ORANGE10ML NZ 4X12,19065,,20500,,,1,48,PC,,11,,2
3260,6,,,1,40023938_BD,,HIT ONE P.EXPERT LILY B10ML NZ,19065,,20500,,,1,48,PC,,11,,2
3261,6,,,1,40023939,,Stella Matic BoxSet Parfum’ist,76109,,81400,,,1,12,PC,,11,,2
3262,6,,,1,40023939_BD,,Stella Matic BoxSet Parfum’ist,76109,,81400,,,1,12,PC,,11,,2
3263,6,,,1,40023958,,MITU BABY COL PINK SPRAY 100ML 6X6,13371,,14300,,,1,48,PC,,11,,2
3264,6,,,1,40023958_BD,,MITU BABY COL PINK SPRAY 100ML 6X6,13371,,14300,,,1,48,PC,,11,,2
3265,6,,,1,40024279_BD,,HIT ONE P.EXPERT GTEA16+3ML NF,30225,,32500,,,1,48,PC,,11,,2
3266,6,,,1,40024280,,HIT ONE P.EXPERT ORNGE16+3ML N,30338,,32500,,,1,48,PC,,11,,2
3267,6,,,1,40024280_BD,,HIT ONE P.EXPERT ORNGE16+3ML N,30338,,32500,,,1,48,PC,,11,,2
3268,6,,,1,40024295_BD,,STELLA MTC SET PARFUM ISTHITAM,72195.9,,77630,,,1,12,PC,,11,,2
3269,6,,,1,40024296_BD,,STELLA MTC SET PARFUM ISTPUTIH,72195.9,,77630,,,1,12,PC,,11,,2
3270,6,,,1,40024298,,STELLA POCKETBATHROOM RED  @6 12X6,6124,,6550,,,1,72,PC,,11,,2
3271,6,,,1,40024298_BD,,STELLA POCKETBATHROOM RED  @6 12X6,7387,,7900,,,1,72,PC,,11,,2
3272,6,,,1,40024299,,STELLA POCKETBATHROOM BLUE @6 12X6,6124,,6550,,,1,72,PC,,11,,2
3273,6,,,1,40024299_BD,,STELLA POCKETBATHROOM BLUE @6 12X6,7387,,7900,,,1,72,PC,,11,,2
3274,6,,,1,40024300_BD,,HIT AER EXPERT BLOOMINGTEA 225,12529,,13400,,,1,12,PC,,11,,2
3275,6,,,1,40024301_BD,,HIT AER EXPERT B.TEA 415+85ML,22721,,24300,,,1,12,PC,,11,,2
3276,6,,,1,40024302_BD,,HIT AER EXPERT B.TEA 600+20%,32351,,34600,,,1,12,PC,,11,,2
3277,6,,,1,40024303,,STELLA MATIC BOX SET NEWSIZE,56399.2,,60320,,,1,12,PC,,11,,2
3278,6,,,1,40024303 _BD,,STELLA MATIC BOX SET NEWSIZE,0,,0,,,1,12,PC,,11,,2
3279,6,,,1,40024303_BD,,STELLA MATIC BOX SET NEWSIZE,56339.2,,60320,,,1,12,PC,,11,,2
3280,6,,,1,40024309,,Stella Paket  Silaturahmi,99241,,106140,,,1,1,PC,,11,,2
3281,6,,,1,40024309_BD,,Stella Paket  Silaturahmi,99241,,106140,,,1,1,PC,,11,,2
3282,6,,,1,40024481_BD,,NYU SACHET NAT. BLACK RENCENG,7533,,8100,,,1,144,PC,,11,,2
3283,6,,,1,40024482_BD,,NYU SACHET NAT  BROWN RENCENG,7533,,8100,,,1,144,PC,,11,,2
3284,6,,,1,40024483_BD,,NYU SACHET BURGUNDY RENCENG,7533,,8100,,,1,144,PC,,11,,2
3285,6,,,1,40024484_BD,,NYU SACHET COPP BROWN RENCENG,7533,,8100,,,1,144,PC,,11,,2
3286,6,,,1,40024515_BD,,NYU SACHET CARAMEL RENCENG,7533,,8100,,,1,144,PC,,11,,2
3287,6,,,1,40024702,,STELLA AIO LEMON FRESH 42GR,8322,,8900,,,1,72,PC,,11,,2
3288,6,,,1,40024702_BD,,STELLA AIO LEMON FRESH 42GR,8322,,8900,,,1,72,PC,,11,,2
3289,6,,,1,40024703,,STELLA AIO ORANGE TWIST 42GR,8322,,8900,,,1,72,PC,,11,,2
3290,6,,,1,40024703_BD,,STELLA AIO ORANGE TWIST 42GR,8322,,8900,,,1,72,PC,,11,,2
3291,6,,,1,40024704,,STELLA AIO APPLE FIESTA 42GR,8322,,8900,,,1,72,PC,,11,,2
3292,6,,,1,40024704_BD,,STELLA AIO APPLE FIESTA 42GR,8322,,8900,,,1,72,PC,,11,,2
3293,6,,,1,40024705_BD,,STELLA AIO LIME CARNIVAL 42GR,8277,,8900,,,1,72,PC,,11,,2
3294,6,,,1,40024706,,STELLA AIO F.BOUGENVILLE 42GR,8322,,8900,,,1,72,PC,,11,,2
3295,6,,,1,40024706_BD,,STELLA AIO F.BOUGENVILLE 42GR,8322,,8900,,,1,72,PC,,11,,2
3296,6,,,1,40024707,,STELLA AIO TROP.SENSATION 42GR,8322,,8900,,,1,72,PC,,11,,2
3297,6,,,1,40024707_BD,,STELLA AIO TROP.SENSATION 42GR,8322,,8900,,,1,72,PC,,11,,2
3298,6,,,1,40024708_BD,,STELLA BATHROOM F.GREEN 42GR 4X18,6882,,7400,,,1,72,PC,,11,,2
3299,6,,,1,40024709,,STELLA BATHROOM P.RED 42GR 4X18,6919,,7400,,,1,72,PC,,11,,2
3300,6,,,1,40024709_BD,,STELLA BATHROOM P.RED 42GR 4X18,6919,,7400,,,1,72,PC,,11,,2
3301,6,,,1,40024710,,STELLA BATHROOM C.BLUE 42GR 4X18,6919,,7400,,,1,72,PC,,11,,2
3302,6,,,1,40024710_BD,,STELLA BATHROOM C.BLUE 42GR 4X18,6919,,7400,,,1,72,PC,,11,,2
3303,6,,,1,40024711,,STELLA AC FRESHENER LEMON 42GR 4X18,9070,,9700,,,1,72,PC,,11,,2
3304,6,,,1,40024711_BD,,STELLA AC FRESHENER LEMON 42GR 4X18,9070,,9700,,,1,72,PC,,11,,2
3305,6,,,1,40024712,,STELLA AC FRESHENER ORANGE42GR 4X18,9070,,9700,,,1,72,PC,,11,,2
3306,6,,,1,40024712_BD,,STELLA AC FRESHENER ORANGE42GR 4X18,9070,,9700,,,1,72,PC,,11,,2
4005,6,,,1,40039285,,HIT AER ORANGE 600ML,27115,,29000,,,1,12,PC,,11,,2
3307,6,,,1,40024713_BD,,STELLA CAR FRESH ENERGYC 42GR 4X18,7877.1,,8470,,,1,72,PC,,11,,2
3308,6,,,1,40024714,,STELLA CAR FRESH SPIRIT 42GR 4X18,7919,,8470,,,1,72,PC,,11,,2
3309,6,,,1,40024714_BD,,STELLA CAR FRESH SPIRIT 42GR 4X18,7919,,8470,,,1,72,PC,,11,,2
3310,6,,,1,40024715_BD,,STELLA CAR FRESH POWER 42GR 4X18,7877.1,,8470,,,1,72,PC,,11,,2
3311,6,,,1,40024735,,STELLA POCKETBATHROOM PURPLE@6 12X6,6124,,6550,,,1,72,PC,,11,,2
3312,6,,,1,40024735_BD,,STELLA POCKETBATHROOM PURPLE@6 12X6,7387,,7900,,,1,72,PC,,11,,2
3313,6,,,1,40024736,,STELLA POCKETBATHROOM ORANGE@6 12X6,6124,,6550,,,1,72,PC,,11,,2
3314,6,,,1,40024736_BD,,STELLA POCKETBATHROOM ORANGE@6 12X6,7387,,7900,,,1,72,PC,,11,,2
3315,6,,,1,40024737,,STELLA POCKETBATHROOM GREEN@6 12X6,6124,,6550,,,1,72,PC,,11,,2
3316,6,,,1,40024737_BD,,STELLA POCKETBATHROOM GREEN@6 12X6,7387,,7900,,,1,72,PC,,11,,2
3317,6,,,1,40024738,,HIT NON STOP XPRESS SET 4X6,14493,,15500,,,1,24,PC,,11,,2
3318,6,,,1,40024738_BD,,HIT NON STOP XPRESS SET 4X6,14493,,15500,,,1,24,PC,,11,,2
3319,6,,,1,40024739,,HIT NON STOP XP REF APPLE 45H 12X12,12249,,13100,,,1,144,PC,,11,,2
3320,6,,,1,40024739_BD,,HIT NON STOP XP REF APPLE 45H 12X12,12249,,13100,,,1,144,PC,,11,,2
3321,6,,,1,40024792,,STELLA FUN N FRESH CARAMELMACCHIATO,10005,,10700,,,1,144,PC,,11,,2
3322,6,,,1,40024792_BD,,STELLA FUN N FRESH CARAMELMACCHIATO,10005,,10700,,,1,144,PC,,11,,2
3323,6,,,1,40024793_BD,,STELLA FUN N FRESH JUICY  BERRIES,7728.3,,8310,,,1,144,PC,,11,,2
3324,6,,,1,40024822,,STELLA AEROSOL ORANGE 200 ML,14025,,15000,,,1,12,PC,,11,,2
3325,6,,,1,40024822_BD,,STELLA AEROSOL ORANGE 200 ML,14025,,15000,,,1,12,PC,,11,,2
3326,6,,,1,40024823_BD,,STELLA AEROSOL APPLE 200 ML,14025,,15000,,,1,12,PC,,11,,2
3327,6,,,1,40024824_BD,,STELLA AEROSOL ROSE 200 ML,11718,,12600,,,1,12,PC,,11,,2
3328,6,,,1,40024875,,STELLA AEROSOL LEMON 200 ML,14025,,15000,,,1,12,PC,,11,,2
3329,6,,,1,40024875_BD,,STELLA AEROSOL LEMON 200 ML,14025,,15000,,,1,12,PC,,11,,2
3330,6,,,1,40024879_BD,,Stella Daily Indoor Harmony,11160,,12000,,,1,72,PC,,11,,2
3331,6,,,1,40024924_BD,,STELLA CAR PARF TWIST P.C.PINK,39190.2,,42140,,,1,12,PC,,11,,2
3332,6,,,1,40024925_BD,,STELLA CAR PARF TWIST C.S.BLUE,39190.2,,42140,,,1,12,PC,,11,,2
3333,6,,,1,40024926_BD,,STELLA CAR PARF TWIST COCKTAIL,39190.2,,42140,,,1,12,PC,,11,,2
3334,6,,,1,40024945_BD,,HIT MAGIC EXPERT C. LILY 4S 4X144,1393,,1490,,,1,576,PC,,11,,2
3335,6,,,1,40024946,,HIT MAGIC EXPERT  F.BLOSSOM 4S 4X144,1393,,1490,,,1,576,PC,,11,,2
3336,6,,,1,40024946_BD,,HIT MAGIC EXPERT  F.BLOSSOM 4S 4X144,1393,,1490,,,1,576,PC,,11,,2
3337,6,,,1,40024947,,HIT MAGIC EXPERT CLILY 10S 6X6,3740,,4000,,,1,36,PC,,11,,2
3338,6,,,1,40024947_BD,,HIT MAGIC EXPERT CLILY 10S 6X6,3740,,4000,,,1,36,PC,,11,,2
3339,6,,,1,40024948,,HIT MAGIC EXPERT F.BLOSSOM 10S 6X6,3740,,4000,,,1,36,PC,,11,,2
3340,6,,,1,40024948_BD,,HIT MAGIC EXPERT F.BLOSSOM 10S 6X6,3740,,4000,,,1,36,PC,,11,,2
3341,6,,,1,40024976,,Mitu G.Popok Pink 50 B1G1(Bnd),9883,,10570,,,1,24,PC,,11,,2
3342,6,,,1,40024976_BD,,Mitu G.Popok Pink 50 B1G1(Bnd),9883,,10570,,,1,24,PC,,11,,2
3343,6,,,1,40024977_BD,,Mitu G.Popok Purple50 B1G1(Bnd,9883,,10570,,,1,24,PC,,11,,2
3344,6,,,1,40024979,,Mitu G.Popok Blue 50 B1G1(Bnd),9883,,10570,,,1,24,PC,,11,,2
3345,6,,,1,40024979_BD,,Mitu G.Popok Blue 50 B1G1(Bnd),9883,,10570,,,1,24,PC,,11,,2
3346,6,,,1,40024980,,Mitu G.Popok White50 B1G1(Bnd),9883,,10570,,,1,24,PC,,11,,2
3347,6,,,1,40024980_BD,,Mitu G.Popok White50 B1G1(Bnd),9883,,10570,,,1,24,PC,,11,,2
3348,6,,,1,40025043_BD,,STE MtcSet Parfum`ist S.Edition,72195.9,,77630,,,1,12,PC,,11,,2
3349,6,,,1,40025174,,HIT ANTI KECOA SPRAY 150 ML,13940.85,,14910,,,1,12,PC,,11,,2
3350,6,,,1,40025174_BD,,HIT ANTI KECOA SPRAY 150 ML,13940.85,,14910,,,1,12,PC,,11,,2
3351,6,,,1,40025175_BD,,HIT ANTI KECOA SPRAY 325 ML,19846.2,,21340,,,1,12,PC,,11,,2
3352,6,,,1,40025177,,PROCLIN PENGHLNG NODA  PCH800M,30014,,32100,,,1,12,PC,,11,,2
3353,6,,,1,40025177_BD,,PROCLIN PENGHLNG NODA  PCH800M,28546,,30530,,,1,12,PC,,11,,2
3354,6,,,1,40025275,,HIT NON STOP XP REF FRESH 45H 12X12,12249,,13100,,,1,144,PC,,11,,2
3355,6,,,1,40025275_BD,,HIT NON STOP XP REF FRESH 45H 12X12,12249,,13100,,,1,144,PC,,11,,2
3356,6,,,1,40025912,,PROCLIN PN AKSI PUTIH SACHET 25ML 2 6X24,669.6,,720,,,1,144,PC,,11,,2
3357,6,,,1,40025912_BD,,PROCLIN PN AKSI PUTIH SACHET 25ML 2 6X24,669.6,,720,,,1,144,PC,,11,,2
3358,6,,,1,40025913,,PROCLIN PN AKSI PUTIH POUCH 400ML,17344,,18550,,,1,12,PC,,11,,2
3359,6,,,1,40025913_BD,,PROCLIN PN AKSI PUTIH POUCH 400ML,17344,,18550,,,1,12,PC,,11,,2
3360,6,,,1,40026239,,HIT ANTI KECOA GEL 20GR,45909,,49100,,,1,12,PC,,11,,2
3361,6,,,1,40026239_BD,,HIT ANTI KECOA GEL 20GR,45909,,49100,,,1,12,PC,,11,,2
3362,6,,,1,40026247,,STELLA FUN N FRESH HAPPY DAY 12X12,8415,,9000,,,1,144,PC,,11,,2
3363,6,,,1,40026247_BD,,STELLA FUN N FRESH HAPPY DAY 12X12,8415,,9000,,,1,144,PC,,11,,2
3364,6,,,1,40026248,,STELLA FUN N FRESH FRUITY N FR,9257,,9900,,,1,144,PC,,11,,2
3365,6,,,1,40026248_BD,,STELLA FUN N FRESH FRUITY N FR,9257,,9900,,,1,144,PC,,11,,2
3366,6,,,1,40026318,,HIT MAT  CLASSIC 4`S HANGER (S,673,,720,,,1,864,PC,,11,,2
3367,6,,,1,40026318_BD,,HIT MAT  CLASSIC 4`S HANGER (S,673,,720,,,1,864,PC,,11,,2
3368,6,,,1,40026319,,HIT MAT CLASSIC 18`S +6`S (SP),4956,,5300,,,1,144,PC,,11,,2
3369,6,,,1,40026319_BD,,HIT MAT CLASSIC 18`S +6`S (SP),4956,,5300,,,1,144,PC,,11,,2
3370,6,,,1,40026322,,HIT MAT FLORAL 18S+6S SP,4956,,5300,,,1,144,PC,,11,,2
3371,6,,,1,40026322_BD,,HIT MAT FLORAL 18S+6S SP,4956,,5300,,,1,144,PC,,11,,2
3372,6,,,1,40026323,,HIT MAT GREEN TEA 4S HGR (SP) 6X144,673,,720,,,1,864,PC,,11,,2
3373,6,,,1,40026323_BD,,HIT MAT GREEN TEA 4S HGR (SP) 6X144,673,,720,,,1,864,PC,,11,,2
3374,6,,,1,40026324,,HIT MAT GREEN TEA 18+6S (SP) 24X6,4956,,5300,,,1,144,PC,,11,,2
3375,6,,,1,40026324_BD,,HIT MAT GREEN TEA 18+6S (SP) 24X6,4956,,5300,,,1,144,PC,,11,,2
3376,6,,,1,40026335,,HIT MAT CLASSIC 18+9`s (SP),4956,,5300,,,1,144,PC,,11,,2
3377,6,,,1,40026335_BD,,HIT MAT CLASSIC 18+9`s (SP),4956,,5300,,,1,144,PC,,11,,2
3378,6,,,1,40026336_BD,,HIT MAT FLORAL 18+9`s (SP),4929,,5300,,,1,144,PC,,11,,2
3379,6,,,1,40026337,,HIT MAT GREEN TEA 18+9`s (SP),5322.49,,5693,,,1,144,PC,,11,,2
3380,6,,,1,40026337_BD,,HIT MAT GREEN TEA 18+9`s (SP),4956,,5300,,,1,144,PC,,11,,2
3381,6,,,1,40026338,,HIT MAT CLASSIC 48+6`s (SP),10451.43,,11178,,,1,72,PC,,11,,2
3382,6,,,1,40026338_BD,,HIT MAT CLASSIC 48+6`s (SP),9406,,10060,,,1,72,PC,,11,,2
3383,6,,,1,40026339_BD,,HIT MAT FLORAL 48+6s SP,9355.8,,10060,,,1,72,PC,,11,,2
3384,6,,,1,40026340,,HIT MAT GREEN TEA 48+6`S (SP),10451.43,,11178,,,1,72,PC,,11,,2
3385,6,,,1,40026340_BD,,HIT MAT GREEN TEA 48+6`S (SP),9406,,10060,,,1,72,PC,,11,,2
3386,6,,,1,40026345,,STELLA ALL IN ONE LEMON FRESH 4X18,8322,,8900,,,1,72,PC,,11,,2
3387,6,,,1,40026345_BD,,STELLA ALL IN ONE LEMON FRESH 4X18,8322,,8900,,,1,72,PC,,11,,2
3388,6,,,1,40026346,,STELLA ALL IN ONE ORANGE TWIST 4X18,8322,,8900,,,1,72,PC,,11,,2
3389,6,,,1,40026346_BD,,STELLA ALL IN ONE ORANGE TWIST 4X18,8322,,8900,,,1,72,PC,,11,,2
3390,6,,,1,40026347,,STELLA ALL IN ONE APPLE FIESTA 4X18,8322,,8900,,,1,72,PC,,11,,2
3391,6,,,1,40026347_BD,,STELLA ALL IN ONE APPLE FIESTA 4X18,8322,,8900,,,1,72,PC,,11,,2
3392,6,,,1,40026348_BD,,STELLA ALL IN ONE LIME CARNIVA 4X18,8277,,8900,,,1,72,PC,,11,,2
3393,6,,,1,40026349_BD,,STELLA ALL IN ONE TROP SENSATI 4X18,8277,,8900,,,1,72,PC,,11,,2
3394,6,,,1,40026350_BD,,STELLA ALL IN ONE F BOUGENVILL 4X18,8277,,8900,,,1,72,PC,,11,,2
3395,6,,,1,40026351_BD,,STELLA CAR FRESH ENERGYC 42NBO,7877.1,,8470,,,1,72,PC,,11,,2
3396,6,,,1,40026352,,STELLA CAR FRESH SPIRIT 42NBOX,7919,,8470,,,1,72,PC,,11,,2
3397,6,,,1,40026352_BD,,STELLA CAR FRESH SPIRIT 42NBOX,7919,,8470,,,1,72,PC,,11,,2
3398,6,,,1,40026353_BD,,STELLA CAR FRESH POWER 42NBOX,7877.1,,8470,,,1,72,PC,,11,,2
3399,6,,,1,40026354,,STELLA AC FRESHENER LEMON 42NB,9070,,9700,,,1,72,PC,,11,,2
3400,6,,,1,40026354_BD,,STELLA AC FRESHENER LEMON 42NB,9070,,9700,,,1,72,PC,,11,,2
3401,6,,,1,40026355,,STELLA AC FRESHENER ORANGE 42N,9070,,9700,,,1,72,PC,,11,,2
3402,6,,,1,40026355_BD,,STELLA AC FRESHENER ORANGE 42N,9070,,9700,,,1,72,PC,,11,,2
3403,6,,,1,40026356,,STELLA BATHROOM COOL BLUE 42NB,6919,,7400,,,1,72,PC,,11,,2
3404,6,,,1,40026356_BD,,STELLA BATHROOM COOL BLUE 42NB,6919,,7400,,,1,72,PC,,11,,2
3405,6,,,1,40026357,,STELLA BATHROOM PASSION RED 42,6919,,7400,,,1,72,PC,,11,,2
3406,6,,,1,40026357_BD,,STELLA BATHROOM PASSION RED 42,6919,,7400,,,1,72,PC,,11,,2
3407,6,,,1,40026358_BD,,STELLA BATHROOM FRESH GREEN 42,6882,,7400,,,1,72,PC,,11,,2
3408,6,,,1,40026441_BD,,PROCLIN PENGHILANG NODA SCH 25 M 6X24PC,636,,680,,,1,144,PC,,11,,2
3409,6,,,1,40026556,,STELLA POCKET MULTIPACK,20570,,22000,,,1,12,PC,,11,,2
3410,6,,,1,40026556_BD,,STELLA POCKET MULTIPACK,20570,,22000,,,1,12,PC,,11,,2
3411,6,,,1,40026821_BD,,HIT AER REGULAR LB MULTIPACK 600+75,54591,,58700,,,1,6,PC,,11,,2
3412,6,,,1,40026842,,Stella Matic Ref Green F 2x225ml  M,50023,,53500,,,1,6,PC,,11,,2
3413,6,,,1,40026842_BD,,Stella Matic Ref Green F 2x225ml  M,47592,,50900,,,1,6,PC,,11,,2
3414,6,,,1,40026843,,STELLA MATIC REF ORANGE T 2x225ML MTP,50023,,53500,,,1,6,PC,,11,,2
3415,6,,,1,40026843_BD,,STELLA MATIC REF ORANGE T 2x225ML MTP,47592,,50900,,,1,6,PC,,11,,2
3416,6,,,1,40026844,,Stella Matic Ref Caffe Latte 2x225m,50023,,53500,,,1,6,PC,,11,,2
3417,6,,,1,40026844_BD,,Stella Matic Ref Caffe Latte 2x225m,47592,,50900,,,1,6,PC,,11,,2
3418,6,,,1,40026845,,STELLA FABRIC SPRAY PINK PEONY 200+45 ML,18555.07,,19845,,,1,12,PC,,11,,2
3419,6,,,1,40026845_BD,,STELLA FABRIC SPRAY PINK PEONY 200+45 ML,18555.07,,19845,,,1,12,PC,,11,,2
3420,6,,,1,40026846,,STELLA FABRIC SPRAY COTTON BLOOM200+45ML,18555.07,,19845,,,1,12,PC,,11,,2
3421,6,,,1,40026846_BD,,STELLA FABRIC SPRAY COTTON BLOOM200+45ML,17672,,18900,,,1,12,PC,,11,,2
3422,6,,,1,40027034_BD,,HIT AEROSOL EXPERT SWEET FLOWER 200,11688,,12500,,,1,12,PC,,11,,2
3423,6,,,1,40027065_BD,,HIT AEROSOL EXPERT CITRUS 200ML,12369,,13300,,,1,12,PC,,11,,2
3424,6,,,1,40027066_BD,,HIT AEROSOL EXPERT BLOOMING TEA 200,11625,,12500,,,1,12,PC,,11,,2
3425,6,,,1,40027067_BD,,HIT AEROSOL EXPERT S.FLOWER 415+35ML,20009,,21400,,,1,12,PC,,11,,2
3426,6,,,1,40027068_BD,,HIT AEROSOL EXPERT CITRUS 415+35ML,19902,,21400,,,1,12,PC,,11,,2
3427,6,,,1,40027069_BD,,HIT AEROSOL EXPERT BLOOMING TEA 415+35ML,19902,,21400,,,1,12,PC,,11,,2
3428,6,,,1,40027070_BD,,HIT AEROSOL EXPERT SWEET FLOWER 600+75ML,26461,,28300,,,1,12,PC,,11,,2
3429,6,,,1,40027071_BD,,HIT AEROSOL EXPERT CITRUS 600+75ML,26461,,28300,,,1,12,PC,,11,,2
3430,6,,,1,40027072_BD,,HIT AEROSOL EXPERT BLOOMING TEA 600+75ML,26319,,28300,,,1,12,PC,,11,,2
3431,6,,,1,40027227,,MITU BABY WIPES AS REFRESHING 4S 12X24,636,,680,,,1,288,PC,,11,,2
3432,6,,,1,40027227_BD,,MITU BABY WIPES AS REFRESHING 4S 12X24,636,,680,,,1,288,PC,,11,,2
3433,6,,,1,40027228,,MITU BABY WIPES AS REFRESHING 10S B1G1 12X12,4301,,4600,,,1,144,PC,,11,,2
3434,6,,,1,40027228_BD,,MITU BABY WIPES AS REFRESHING 10S B1G1 12X12,4301,,4600,,,1,144,PC,,11,,2
3435,6,,,1,40027229_BD,,MITU BB WIPES AS REFRESHING 60S BTL 24/CT,12722.4,,13680,,,1,24,PC,,11,,2
3436,6,,,1,40027230,,MITU BABY WIPES F&C PINK CHERRY 4S 12X24,636,,680,,,1,288,PC,,11,,2
3437,6,,,1,40027230_BD,,MITU BABY WIPES F&C PINK CHERRY 4S 12X24,636,,680,,,1,288,PC,,11,,2
3438,6,,,1,40027231,,MITU BABY WIPES F&C BLUEBERRY 4S 12X24,636,,680,,,1,288,PC,,11,,2
3439,6,,,1,40027231_BD,,MITU BABY WIPES F&C BLUEBERRY 4S 12X24,636,,680,,,1,288,PC,,11,,2
3440,6,,,1,40027232,,MITU BB WIPES F&C PINK CHERRY 10S 144/CT,2627,,2810,,,1,144,PC,,11,,2
3441,6,,,1,40027232_BD,,MITU BB WIPES F&C PINK CHERRY 10S 144/CT,2627,,2810,,,1,144,PC,,11,,2
3442,6,,,1,40027233,,MITU BABY WIPES F&C BLUEBERRY 10S BOGOF,4095,,4380,,,1,144,PC,,11,,2
3443,6,,,1,40027233_BD,,MITU BABY WIPES F&C BLUEBERRY 10S BOGOF,4095,,4380,,,1,144,PC,,11,,2
3444,6,,,1,40027234,,MITU BABY WIPES F&C PINK CHERRY 20S 12X6,3834,,4100,,,1,72,PC,,11,,2
3445,6,,,1,40027234_BD,,MITU BABY WIPES F&C PINK CHERRY 20S 12X6,3834,,4100,,,1,72,PC,,11,,2
3446,6,,,1,40027235,,MITU BABY WIPES F&C BLUE BERRY 20S 12X6,3834,,4100,,,1,72,PC,,11,,2
3447,6,,,1,40027235_BD,,MITU BABY WIPES F&C BLUE BERRY 20S 12X6,3834,,4100,,,1,72,PC,,11,,2
3448,6,,,1,40027236_BD,,MITU BABY WIPES F&C PINK CHERRY 24S,4675,,5000,,,1,36,PC,,11,,2
3449,6,,,1,40027237_BD,,MITU BABY WIPES F&C BLUE BERRY 24S,4675,,5000,,,1,36,PC,,11,,2
3450,6,,,1,40027238,,MITU BABY WIPES F&C PINK CHERRY 50S,9200,,9840,,,1,24,PC,,11,,2
3451,6,,,1,40027238_BD,,MITU BABY WIPES F&C PINK CHERRY 50S,9200,,9840,,,1,24,PC,,11,,2
3452,6,,,1,40027239,,MITU BABY WIPES F&C BLUEBERRY 50S,9200,,9840,,,1,24,PC,,11,,2
3453,6,,,1,40027239_BD,,MITU BABY WIPES F&C BLUEBERRY 50S,9200,,9840,,,1,24,PC,,11,,2
3454,6,,,1,40027240,,MITU BABY WIPES F&C PINK CHERRY 60'S BT,13483,,14420,,,1,24,PC,,11,,2
3455,6,,,1,40027240_BD,,MITU BABY WIPES F&C PINK CHERRY 60'S BT,12249,,13100,,,1,24,PC,,11,,2
3456,6,,,1,40027241,,MITU BABY WIPES F&C BLUE BERRY 60'S BT,13483,,14420,,,1,24,PC,,11,,2
3457,6,,,1,40027241_BD,,MITU BABY WIPES F&C BLUE BERRY 60'S BT,12716,,13600,,,1,24,PC,,11,,2
3458,6,,,1,40027242,,MITU BABY WIPES F&C PINK CHERRY 60'S REF,11127,,11900,,,1,24,PC,,11,,2
3459,6,,,1,40027242_BD,,MITU BABY WIPES F&C PINK CHERRY 60'S REF,11127,,11900,,,1,24,PC,,11,,2
3460,6,,,1,40027243,,MITU BB WIPES F&C BLUE BERRY 60'S REF 24/CT,11127,,11900,,,1,24,PC,,11,,2
3461,6,,,1,40027243_BD,,MITU BB WIPES F&C BLUE BERRY 60'S REF 24/CT,11127,,11900,,,1,24,PC,,11,,2
3462,6,,,1,40027244,,MITU BABY WIPES GPP BLUE LILY 50S BOGOF,9883,,10570,,,1,24,PC,,11,,2
3463,6,,,1,40027244_BD,,MITU BABY WIPES GPP BLUE LILY 50S BOGOF,9883,,10570,,,1,24,PC,,11,,2
3464,6,,,1,40027245,,MITU BABY WIPES GPP PINK ROSE 50S BOGOF,9883,,10570,,,1,24,PC,,11,,2
3465,6,,,1,40027245_BD,,MITU BABY WIPES GPP PINK ROSE 50S BOGOF,9883,,10570,,,1,24,PC,,11,,2
3466,6,,,1,40027246,,MITU BABY WIPES GPP PURPLE FR 50S BOGOF,9883,,10570,,,1,24,PC,,11,,2
3467,6,,,1,40027246_BD,,MITU BABY WIPES GPP PURPLE FR 50S BOGOF,9883,,10570,,,1,24,PC,,11,,2
3468,6,,,1,40027248,,MITU BABY WIPES GPP WHITE VL 50S BOGOF,9883,,10570,,,1,24,PC,,11,,2
3469,6,,,1,40027248_BD,,MITU BABY WIPES GPP WHITE VL 50S BOGOF,9883,,10570,,,1,24,PC,,11,,2
3470,6,,,1,40027283,,NYU CREME HC CHERRY RED (S),12996.5,,13900,,,1,24,PC,,11,,2
3471,6,,,1,40027283_BD,,NYU CREME HC CHERRY RED (S),12996.5,,13900,,,1,24,PC,,11,,2
3472,6,,,1,40027459_BD,,HIT AE LB 3X200 ML BANDED PPN 12X25 ML,33155,,35460,,,1,4,PC,,11,,2
3473,6,,,1,40027836,,PROCLIN PPN SACHET 25ML (12+1) 6X24,673,,720,,,1,144,PC,,11,,2
3474,6,,,1,40027836_BD,,PROCLIN PPN SACHET 25ML (12+1) 6X24,673,,720,,,1,144,PC,,11,,2
3475,6,,,1,40027837_BD,,PROCLIN PN AKSI PUTIH SACHET 25ML (12+1) 6X24,669.6,,720,,,1,144,PC,,11,,2
3476,6,,,1,40027839,,Proclin PN 48x25ml Bnd Mgc Expert 6x4s,30518,,32640,,,1,3,PC,,11,,2
3477,6,,,1,40027839_BD,,Proclin PN 48x25ml Bnd Mgc Expert 6x4s,30518,,32640,,,1,3,PC,,11,,2
3478,6,,,1,40027844_BD,,Hit Aer Regular Orange Multipack600+75ml,54591,,58700,,,1,6,PC,,11,,2
3479,6,,,1,40027882_BD,,STELLA ALL IN ONE ORANGE TWIST 42GR(3+1),29827,,31900,,,1,18,PC,,11,,2
3480,6,,,1,40027883,,MITU BABY SHAMPOO F&C ALOE 400ML REF,18840.25,,20150,,,1,12,PC,,11,,2
3481,6,,,1,40027883_BD,,MITU BABY SHAMPOO F&C ALOE 400ML REF,17485,,18700,,,1,12,PC,,11,,2
3482,6,,,1,40027884,,STELLA AEROSOL ORANGE 2x400ML MTP,38616,,41300,,,1,6,PC,,11,,2
3483,6,,,1,40027884_BD,,STELLA AEROSOL ORANGE 2x400ML MTP,36652,,39200,,,1,6,PC,,11,,2
3484,6,,,1,40027953_BD,,HIT Expert S.Flower 3x200ml + PPN12x25ml,33155,,35460,,,1,4,PC,,11,,2
3485,6,,,1,40027989,,MITU BABY SABUN 2IN1 F & C HONEY 200ML BTL,16690,,17850,,,1,36,PC,,11,,2
3486,6,,,1,40027989_BD,,MITU BABY SABUN 2IN1 F & C HONEY 200ML BTL,15895,,17000,,,1,36,PC,,11,,2
3487,6,,,1,40027990,,MITU BABY SABUN 2IN1 F & C HONEY 200ML REF,14380,,15380,,,1,36,PC,,11,,2
3488,6,,,1,40027990_BD,,MITU BABY SABUN 2IN1 F & C HONEY 200ML REF,13697.75,,14650,,,1,36,PC,,11,,2
3489,6,,,1,40027991,,MITU BABY SABUN 2IN1 F & C HONEY 400ML REF,23469,,25100,,,1,12,PC,,11,,2
3490,6,,,1,40027991_BD,,MITU BABY SABUN 2IN1 F & C HONEY 400ML REF,21038,,22500,,,1,12,PC,,11,,2
3491,6,,,1,40027992_BD,,MITU BABY MILK BATH F&C OAT 200ML BTL,15345,,16500,,,1,24,PC,,11,,2
3492,6,,,1,40027993_BD,,MITU BABY MILK BATH F&C OAT 200ML REF,13485,,14500,,,1,24,PC,,11,,2
3493,6,,,1,40027994_BD,,MITU BABY MILK BATH F&C OAT 400ML REF,20832,,22400,,,1,12,PC,,11,,2
3494,6,,,1,40028012,,MITU BABY COLOGNE F&C FRESH GREEN 100ML,17082,,18270,,,1,48,PC,,11,,2
3495,6,,,1,40028012_BD,,MITU BABY COLOGNE F&C FRESH GREEN 100ML,16269,,17400,,,1,48,PC,,11,,2
3496,6,,,1,40028013,,MITU BABY COLOGNE F&C SWEET PINK 100ML,17082,,18270,,,1,48,PC,,11,,2
3497,6,,,1,40028013_BD,,MITU BABY COLOGNE F&C SWEET PINK 100ML,17082,,18270,,,1,48,PC,,11,,2
3498,6,,,1,40028065,,MITU BABY SHAMPOO F&C ALOE 200ML BTL,16839,,18010,,,1,36,PC,,11,,2
3499,6,,,1,40028065_BD,,MITU BABY SHAMPOO F&C ALOE 200ML BTL,16035.25,,17150,,,1,36,PC,,11,,2
3500,6,,,1,40028073_BD,,MITU BABY OIL F&C OLIVE 95ML BTL,11532,,12400,,,1,48,PC,,11,,2
3501,6,,,1,40028126,,Polytex Sabut Spon Bnd Hit Mgc Expert 4s  24X12,2166.86,,2318,,,1,288,PC,,11,,2
3502,6,,,1,40028126_BD,,Polytex Sabut Spon Bnd Hit Mgc Expert 4s  24X12,1992,,2130,,,1,288,PC,,11,,2
3503,6,,,1,40028137,,MITU BABY HAIR LOTION F&C ALOE 100ML BTL,13548,,14490,,,1,48,PC,,11,,2
3504,6,,,1,40028137_BD,,MITU BABY HAIR LOTION F&C ALOE 100ML BTL,12903,,13800,,,1,48,PC,,11,,2
3505,6,,,1,40028141,,HIT XP REF FRESH 45H MULTIPACK 6X12,22188,,23730,,,1,72,PC,,11,,2
3506,6,,,1,40028141_BD,,HIT XP REF FRESH 45H MULTIPACK 6X12,22188,,23730,,,1,72,PC,,11,,2
3507,6,,,1,40028142,,STELLA FUN N FRESH HAPPY DAY MTP 1+1,11566,,12370,,,1,144,PC,,11,,2
3508,6,,,1,40028142_BD,,STELLA FUN N FRESH HAPPY DAY MTP 1+1,10706,,11450,,,1,144,PC,,11,,2
3509,6,,,1,40028143,,STELLA FUN N FRESH FRUITY NFRESH MTP 1+1 12X12,11566,,12370,,,1,144,PC,,11,,2
3510,6,,,1,40028143_BD,,STELLA FUN N FRESH FRUITY NFRESH MTP 1+1 12X12,10706,,11450,,,1,144,PC,,11,,2
3511,6,,,1,40028144,,STELLA FUN&FRESH C MACCHIATO MTP 1+1 12X12,11566,,12370,,,1,144,PC,,11,,2
3512,6,,,1,40028144_BD,,STELLA FUN&FRESH C MACCHIATO MTP 1+1 12X12,10706,,11450,,,1,144,PC,,11,,2
3513,6,,,1,40028228,,HIT NON STOP EKO SET +HIT REF FRESH 33ML,15727,,16820,,,1,24,PC,,11,,2
3514,6,,,1,40028228_BD,,HIT NON STOP EKO SET +HIT REF FRESH 33ML,15727,,16820,,,1,24,PC,,11,,2
3515,6,,,1,40028230,,HIT NS REF FRESH 1BLN 33ML MULTIPAC 6X12,17877,,19120,,,1,72,PC,,11,,2
3516,6,,,1,40028230_BD,,HIT NS REF FRESH 1BLN 33ML MULTIPAC 6X12,17877,,19120,,,1,72,PC,,11,,2
3517,6,,,1,40028235,,HIT XPRES SET +HIT XP REF APPLE45H 4x6,14493,,15500,,,1,24,PC,,11,,2
3518,6,,,1,40028235_BD,,HIT XPRES SET +HIT XP REF APPLE45H 4x6,14493,,15500,,,1,24,PC,,11,,2
3519,6,,,1,40028236,,LEM TIKUSTRAP CPGAJAH4X70G +PN AP12,51313,,54880,,,1,18,PC,,11,,2
3520,6,,,1,40028236_BD,,LEM TIKUSTRAP CPGAJAH4X70G +PN AP12,51313,,54880,,,1,18,PC,,11,,2
3521,6,,,1,40028237_BD,,GAS WONDERFUEL 4X220G,48396,,51760,,,1,3,PC,,11,,2
3522,6,,,1,40028262_BD,,HIT AE ORANGE 3X200ML FREE PPN 12X25ML,34782,,37200,,,1,4,PC,,11,,2
3523,6,,,1,40028263,,HIT LIQ LB 700ML BND HIT LIQ LB 175,29452.5,,31500,,,1,12,PC,,11,,2
3524,6,,,1,40028263_BD,,HIT LIQ LB 700ML BND HIT LIQ LB 175,29452.5,,31500,,,1,12,PC,,11,,2
3525,6,,,1,40028268,,MITU BABY POWDER F&C FLORAL 50GR+50%,3273,,3500,,,1,36,PC,,11,,2
3526,6,,,1,40028268_BD,,MITU BABY POWDER F&C FLORAL 50GR+50%,3273,,3500,,,1,36,PC,,11,,2
3527,6,,,1,40028269,,MITU BABY POWDER F&C CLASSIC 50GR+50%,3273,,3500,,,1,36,PC,,11,,2
3528,6,,,1,40028269_BD,,MITU BABY POWDER F&C CLASSIC 50GR+50%,3273,,3500,,,1,36,PC,,11,,2
3529,6,,,1,40028270,,MITU BABY POWDER F&C FLORAL 100GR+50%,5843.75,,6250,,,1,36,PC,,11,,2
3530,6,,,1,40028270_BD,,MITU BABY POWDER F&C FLORAL 100GR+50%,5843.75,,6250,,,1,36,PC,,11,,2
3531,6,,,1,40028271,,MITU BABY POWDER F&C CLASSIC 100GR+50%,5843.75,,6250,,,1,36,PC,,11,,2
3532,6,,,1,40028271_BD,,MITU BABY POWDER F&C CLASSIC 100GR+50%,5610,,6000,,,1,36,PC,,11,,2
3533,6,,,1,40028272,,MITU BABY POWDER F&C FLORAL 200GR+50%,10285,,11000,,,1,36,PC,,11,,2
3534,6,,,1,40028272_BD,,MITU BABY POWDER F&C FLORAL 200GR+50%,10285,,11000,,,1,36,PC,,11,,2
3535,6,,,1,40028273,,MITU BB PWD F&C CLASSIC 200GR+50% 36/CT,10285,,11000,,,1,36,PC,,11,,2
3536,6,,,1,40028273_BD,,MITU BB PWD F&C CLASSIC 200GR+50% 36/CT,9911,,10600,,,1,36,PC,,11,,2
3537,6,,,1,40028274,,MITU BABY COLOGNE F&C FRESH GREEN 50ML,9135,,9770,,,1,48,PC,,11,,2
3538,6,,,1,40028274_BD,,MITU BABY COLOGNE F&C FRESH GREEN 50ML,9135,,9770,,,1,48,PC,,11,,2
3539,6,,,1,40028285,,MITU BABY COLOGNE F&C SWEET PINK 50ML,9135,,9770,,,1,48,PC,,11,,2
3540,6,,,1,40028285_BD,,MITU BABY COLOGNE F&C SWEET PINK 50ML,8228,,8800,,,1,48,PC,,11,,2
3541,6,,,1,40028383_BD,,HIT AER GREEN FOREST 600+75ML,26319,,28300,,,1,12,PC,,11,,2
3542,6,,,1,40028385_BD,,Stella Matic Ref PrmPerfect Summer 225ml,26319,,28300,,,1,12,PC,,11,,2
3543,6,,,1,40028392_BD,,PROCLIN PEMUTIH LEMON SACHET 30Ml 12x12,316.2,,340,,,1,144,PC,,11,,2
3544,6,,,1,40028405_BD,,PERANGKAP MEKANIS CAP GAJAH 12/CT,27993,,30100,,,1,12,PC,,11,,2
3545,6,,,1,40028406_BD,,NYU Sachet Natural Black Renceng 6+1,45012,,48400,,,1,24,PC,,11,,2
3546,6,,,1,40028407_BD,,NYU Sachet Natural Brown Renceng 6+1,45012,,48400,,,1,24,PC,,11,,2
3547,6,,,1,40028408_BD,,NYU Sachet Burgundy Renceng 6+1,45012,,48400,,,1,24,PC,,11,,2
3548,6,,,1,40028409_BD,,NYU Sachet Coppery Brown Renceng 6+1,45012,,48400,,,1,24,PC,,11,,2
3549,6,,,1,40028418_BD,,STELLA ALL IN ONE APPLE FIESTA 42GR(3+1),26133,,28100,,,1,18,PC,,11,,2
3550,6,,,1,40028419,,STELLA ALL IN ONE LEMON FRESH 42GR(3+1),31416,,33600,,,1,18,PC,,11,,2
3551,6,,,1,40028419_BD,,STELLA ALL IN ONE LEMON FRESH 42GR(3+1),31416,,33600,,,1,18,PC,,11,,2
3552,6,,,1,40028464_BD,,NYU Multipack Box,56916,,61200,,,1,4,PC,,11,,2
3553,6,,,1,40028471_BD,,HIT ONE P.EXPERT GREEN TEA 10ML B1G 4X6,19065,,20500,,,1,48,PC,,11,,2
3554,6,,,1,40028472_BD,,HIT ONE P.EXPERT ORANGE 10ML B1G1 4X6,19065,,20500,,,1,48,PC,,11,,2
3555,6,,,1,40028473_BD,,HIT ONE P.EXPERT LlLYBLOSSOM 10ML B 4X6,19065,,20500,,,1,48,PC,,11,,2
3556,6,,,1,40028474,,HIT ONE P.EXPERT CITRUS 10ML B1G1,19168,,20500,,,1,48,PC,,11,,2
3557,6,,,1,40028474_BD,,HIT ONE P.EXPERT CITRUS 10ML B1G1,19168,,20500,,,1,48,PC,,11,,2
3558,6,,,1,40028482,,NYU CREME NATURAL BLEACH,12996.5,,13900,,,1,24,PC,,11,,2
3559,6,,,1,40028482_BD,,NYU CREME NATURAL BLEACH,12996.5,,13900,,,1,24,PC,,11,,2
3560,6,,,1,40028519,,STELLA MINI MTC REF DREAM ISLAND 40ML,20851,,22300,,,1,24,PC,,11,,2
3561,6,,,1,40028519_BD,,STELLA MINI MTC REF DREAM ISLAND 40ML,20851,,22300,,,1,24,PC,,11,,2
3562,6,,,1,40028520,,STELLA MINI MATIC REF CAFFE LATTE 40 ML,20850.5,,22300,,,1,24,PC,,11,,2
3563,6,,,1,40028520_BD,,Stella Mini Mtc Ref Caffe Latte 40 ml,20664,,22100,,,1,24,PC,,11,,2
3564,6,,,1,40028523_BD,,HIT AER EXPERT CITRUS MTP 600+75ML 6/CT,54885,,58700,,,1,6,PC,,11,,2
3565,6,,,1,40028545_BD,,HIT AE EXPERT S.FLOWER MULTIPACK600+75ml,54591,,58700,,,1,6,PC,,11,,2
3566,6,,,1,40028582_BD,,KLINPAK ZIPBAG DOUBLE ZIP SMALL 20 x 28,18972,,20400,,,1,12,PC,,11,,2
3567,6,,,1,40028603,,KLINPAK ZIPBAG EASY SLIDER MEDIUM 27x28,30668,,32800,,,1,12,PC,,11,,2
3568,6,,,1,40028603_BD,,KLINPAK ZIPBAG EASY SLIDER MEDIUM 27x28,30668,,32800,,,1,12,PC,,11,,2
3569,6,,,1,40028611,,Stella Mini Matic Alat+Refill N G Fantasy,44915,,48038,,,1,24,PC,,11,,2
3570,6,,,1,40028611_BD,,Stella Mini Matic Alat+Refill N,44915,,48038,,,1,24,PC,,11,,2
3571,6,,,1,40028656_BD,,KLINPAK ZIPBAG DOUBLE ZIP LARGE 30 x 38,23622,,25400,,,1,12,PC,,11,,2
3572,6,,,1,40028685_BD,,STELLA FUN N FRESH SAKURA BLOSSOM 12X12,8370,,9000,,,1,144,PC,,11,,2
3573,6,,,1,40028687,,STELLA AEROSOL PRM JAPANESE SAKURA 200ML,14025,,15000,,,1,12,PC,,11,,2
3574,6,,,1,40028687_BD,,STELLA AEROSOL PRM JAPANESE SAKURA 200ML,14025,,15000,,,1,12,PC,,11,,2
3575,6,,,1,40028688,,STELLA AER PRMJAPANESE SAKURA 350+50ML,20383,,21800,,,1,12,PC,,11,,2
3576,6,,,1,40028688_BD,,STELLA AER PRMJAPANESE SAKURA 350+50ML,20383,,21800,,,1,12,PC,,11,,2
3577,6,,,1,40028689,,STE MTC REF PRM JAPANESE SAKURA 225ML,26461,,28300,,,1,12,PC,,11,,2
3578,6,,,1,40028689_BD,,STE MTC REF PRM JAPANESE SAKURA 225ML,26461,,28300,,,1,12,PC,,11,,2
3579,6,,,1,40028693_BD,,STELLA GT 3 ON 3  POCKET 3PCS+AIO 3PCS,37200,,40000,,,1,12,PC,,11,,2
3580,6,,,1,40028835_BD,,HIT AE REG GREENFOREST600+75ML MULTIPACK,54591,,58700,,,1,6,PC,,11,,2
3581,6,,,1,40028891,,HIT MAGIC EXPERT F BLOSSOM 10S 0.13FU,3740,,4000,,,1,36,PC,,11,,2
3582,6,,,1,40028891_BD,,HIT MAGIC EXPERT F BLOSSOM 10S 0.13FU,3740,,4000,,,1,36,PC,,11,,2
3583,6,,,1,40028895,,STELLA FUN N FRESH SAKURA BLOSSOM MTP1+1,11567,,12371,,,1,144,PC,,11,,2
3584,6,,,1,40028895_BD,,STELLA FUN N FRESH SAKURA BLOSSOM MTP1+1,10948.85,,11710,,,1,144,PC,,11,,2
3585,6,,,1,40029074_BD,,STELLA MULTIPACK AIO 1+1 36/CT,11718,,12600,,,1,36,PC,,11,,2
3586,6,,,1,40029118_BD,,POLYTEX MLT PACK 5SPON REG+5STLIS REG 24/CT,17670,,19000,,,1,24,PC,,11,,2
3587,6,,,1,40029136,,STELLA MTC REF APPLE FIESTA 2X225ML MTP,50023,,53500,,,1,6,PC,,11,,2
3588,6,,,1,40029136_BD,,STELLA MTC REF APPLE FIESTA 2X225ML MTP,47592,,50900,,,1,6,PC,,11,,2
3589,6,,,1,40029138,,STELLA AEROSOL APPLE 2X400ML MULTIPACK,38616,,41300,,,1,6,PC,,11,,2
3590,6,,,1,40029138_BD,,STELLA AEROSOL APPLE 2X400ML MULTIPACK,36652,,39200,,,1,6,PC,,11,,2
3591,6,,,1,40029139_BD,,STELLA MTC PARF RAMADHAN 12/CT,72195.9,,77630,,,1,12,PC,,11,,2
3592,6,,,1,40029146,,STE MTC REF PRM SECRET LAVENDER 225ML,26461,,28300,,,1,12,PC,,11,,2
3593,6,,,1,40029146_BD,,STE MTC REF PRM SECRET LAVENDER 225ML,26461,,28300,,,1,12,PC,,11,,2
3594,6,,,1,40029148,,STELLA AER SECRET LAVENDER 200ML RJV,14025,,15000,,,1,12,PC,,11,,2
3595,6,,,1,40029148_BD,,STELLA AER SECRET LAVENDER 200ML RJV,14025,,15000,,,1,12,PC,,11,,2
3596,6,,,1,40029198,,STELLA DAILY INDOOR DREAM MTP 1+1,13277,,14200,,,1,72,PC,,11,,2
3597,6,,,1,40029198_BD,,STELLA DAILY INDOOR DREAM MTP 1+1,13277,,14200,,,1,72,PC,,11,,2
3598,6,,,1,40029199,,STELLA DAILY CAR ORANGE BLOSSOM MTP 1+1,13277,,14200,,,1,72,PC,,11,,2
3599,6,,,1,40029199_BD,,STELLA DAILY CAR ORANGE BLOSSOM MTP 1+1,13277,,14200,,,1,72,PC,,11,,2
3600,6,,,1,40029200,,STELLA DAILY CAR RED KISS MTP 1+1,13277,,14200,,,1,72,PC,,11,,2
3601,6,,,1,40029200_BD,,STELLA DAILY CAR RED KISS MTP 1+1,13277,,14200,,,1,72,PC,,11,,2
3602,6,,,1,40029222,,SANITER HAND SANITIZER GEL 50ML,7059,,7550,,,1,48,PC,,11,,2
3603,6,,,1,40029222_BD,,SANITER HAND SANITIZER GEL 50ML,7059,,7550,,,1,48,PC,,11,,2
3604,6,,,1,40029223,,SANITER HAND SANITIZER SPRAY 60ML 4X12,10584,,11320,,,1,48,PC,,11,,2
3605,6,,,1,40029223_BD,,SANITER HAND SANITIZER SPRAY 60ML 4X12,10584,,11320,,,1,48,PC,,11,,2
3606,6,,,1,40029224_BD,,SANITER AIR SANITIZER AEROSOL 200ML,18868,,20180,,,1,12,PC,,11,,2
3607,6,,,1,40029249,,Stella Mini Matic Set C Latte,44915,,48038,,,1,24,PC,,11,,2
3608,6,,,1,40029249_BD,,Stella Mini Matic Set C Latte,44915,,48038,,,1,24,PC,,11,,2
3609,6,,,1,40029268_BD,,HIT AER EXPERT PINK BLOSSOM 600+75ML,26461,,28300,,,1,12,PC,,11,,2
3610,6,,,1,40029279,,SANITER HAND SANITIZER PUMP GEL 250ML,17634,,18860,,,1,12,PC,,11,,2
3611,6,,,1,40029279_BD,,SANITER HAND SANITIZER PUMP GEL 250ML,17634,,18860,,,1,12,PC,,11,,2
3612,6,,,1,40029380,,SANITER HAND SANITIZER GEL 50ML 48/CT,7059,,7550,,,1,48,PC,,11,,2
3613,6,,,1,40029380_BD,,SANITER HAND SANITIZER GEL 50ML 48/CT,7059,,7550,,,1,48,PC,,11,,2
3614,6,,,1,40029396,,SANITER AIR SANITIZER AEROSOL 200ML 12/CT,18868,,20180,,,1,12,PC,,11,,2
3615,6,,,1,40029396_BD,,SANITER AIR SANITIZER AEROSOL 200ML 12/CT,18868,,20180,,,1,12,PC,,11,,2
3616,6,,,1,40029397,,SANITER AIR SANITIZER AEROSOL 200ML CTC,18868,,20180,,,1,12,PC,,11,,2
3617,6,,,1,40029397_BD,,SANITER AIR SANITIZER AEROSOL 200ML CTC,18868,,20180,,,1,12,PC,,11,,2
3618,6,,,1,40029423,,LEM TIKUS X-TRAP CAP GAJAH 60 GR,10538,,11270.33,,,1,72,PC,,11,,2
3619,6,,,1,40029423_BD,,LEM TIKUS X-TRAP CAP GAJAH 60 GR,10538,,11270.33,,,1,72,PC,,11,,2
3620,6,,,1,40029451,,SANITER HAND WASH REFILL POUCH 200ML,7555,,8080,,,1,36,PC,,11,,2
3621,6,,,1,40029451_BD,,SANITER HAND WASH REFILL POUCH 200ML,7555,,8080,,,1,36,PC,,11,,2
3622,6,,,1,40029452,,SANITER HAND WASH REFILL POUCH 400ML,11426,,12220,,,1,12,PC,,11,,2
3623,6,,,1,40029452_BD,,SANITER HAND WASH REFILL POUCH 400ML,11426,,12220,,,1,12,PC,,11,,2
3624,6,,,1,40029453,,SANITER AIR SURF SANITIZER AEROSOL 400ML,30191,,32290,,,1,12,PC,,11,,2
3625,6,,,1,40029453_BD,,SANITER AIR SURF SANITIZER AEROSOL 400ML,30191,,32290,,,1,12,PC,,11,,2
3626,6,,,1,40029459,,SANITER FABRIC DISINFECT BOTTLE 200+30ML,13932,,14900,,,1,12,PC,,11,,2
3627,6,,,1,40029459_BD,,SANITER FABRIC DISINFECT BOTTLE 200+30ML,13932,,14900,,,1,12,PC,,11,,2
3628,6,,,1,40029460_BD,,HIT M EXPERT 10JAM C.LILY 10S 0.13FU,3740,,4000,,,1,36,PC,,11,,2
3629,6,,,1,40029461,,HIT M EXPERT 10JAM F.BLOSSOM 4S 0.13FU,1590,,1700,,,1,120,PC,,11,,2
3630,6,,,1,40029461_BD,,HIT M EXPERT 10JAM F.BLOSSOM 4S 0.13FU,1590,,1700,,,1,120,PC,,11,,2
3631,6,,,1,40029462_BD,,HIT M EXPERT 10JAM C.LILY 4S 0.13FU,1590,,1700,,,1,120,PC,,11,,2
3632,6,,,1,40029463_BD,,HIT M EXPERT 10JAM F BLOSSOM 10S 0.13FU,3740,,4000,,,1,36,PC,,11,,2
3633,6,,,1,40029488_BD,,Stella AIO Caffe Latte 42 gr 4X18,8322,,8900,,,1,72,PC,,11,,2
3634,6,,,1,40029489,,Stella AIO Secret Lavender 42 gr 4X18,8322,,8900,,,1,72,PC,,11,,2
3635,6,,,1,40029489_BD,,Stella AIO Secret Lavender 42 gr 4X18,8322,,8900,,,1,72,PC,,11,,2
3636,6,,,1,40029537,,HIT MAGIC FLORAL  4+2S HGR 0.15FU 14X12X12,673,,720,,,1,576,PC,,11,,2
3637,6,,,1,40029537_BD,,HIT MAGIC FLORAL  4+2S HGR 0.15FU 14X12X12,673,,720,,,1,576,PC,,11,,2
3638,6,,,1,40029539_BD,,HIT MAGIC FLORAL 10S 0.15FU 6X24,1581,,1700,,,1,144,PC,,11,,2
3639,6,,,1,40029544_BD,,STELLA FF SECRET LAVENDER 12X12,8370,,9000,,,1,144,PC,,11,,2
3640,6,,,1,40029555,,STELLA FF SECRET LAVENDER MTP 1+1,8415,,9000,,,1,144,PC,,11,,2
3641,6,,,1,40029555_BD,,STELLA FF SECRET LAVENDER MTP 1+1,8415,,9000,,,1,144,PC,,11,,2
3642,6,,,1,40029583,,SANITER HAND SANITIZER PUMP GEL 230ML,17634,,18860,,,1,12,PC,,11,,2
3643,6,,,1,40029583_BD,,SANITER HAND SANITIZER PUMP GEL 230ML,17634,,18860,,,1,12,PC,,11,,2
3644,6,,,1,40029590,,SANITER PERSONAL WIPES SANITIZER 50S,6778.7,,7250,,,1,24,PC,,11,,2
3645,6,,,1,40029590_BD,,SANITER PERSONAL WIPES SANITIZER 50S,6007,,6425,,,1,24,PC,,11,,2
3646,6,,,1,40029774,,SANITER HAND WASH BOTTLE 250ML,10799,,11550,,,1,12,PC,,11,,2
3647,6,,,1,40029774_BD,,SANITER HAND WASH BOTTLE 250ML,10799,,11550,,,1,12,PC,,11,,2
3648,6,,,1,40029829,,STELLA MTC SET PARFUMIST SMART,76605,,81930,,,1,12,PC,,11,,2
3649,6,,,1,40029829_BD,,STELLA MTC SET PARFUMIST SMART,76605,,81930,,,1,12,PC,,11,,2
3650,6,,,1,40029967,,SANITER HAND SANITIZER GEL PCH 200ML,13193,,14110,,,1,24,PC,,11,,2
3651,6,,,1,40029967_BD,,SANITER HAND SANITIZER GEL PCH 200ML,13193,,14110,,,1,24,PC,,11,,2
3652,6,,,1,40029986,,STELLA AEROSOL ORANGE 140ML,8509,,9100,,,1,12,PC,,11,,2
3653,6,,,1,40029986_BD,,STELLA AEROSOL ORANGE 140ML,8509,,9100,,,1,12,PC,,11,,2
3654,6,,,1,40029990,,STELLA AEROSOL ORANGE 200 ML NC,14025,,15000,,,1,12,PC,,11,,2
3655,6,,,1,40029990_BD,,STELLA AEROSOL ORANGE 200 ML NC,14025,,15000,,,1,12,PC,,11,,2
3656,6,,,1,40029991,,STELLA AEROSOL APPLE 200 ML NC,14025,,15000,,,1,12,PC,,11,,2
3657,6,,,1,40029991_BD,,STELLA AEROSOL APPLE 200 ML NC,14025,,15000,,,1,12,PC,,11,,2
3658,6,,,1,40029992_BD,,STELLA AEROSOL ROSE 200 ML NC,11718,,12600,,,1,12,PC,,11,,2
3659,6,,,1,40029993,,STELLA AEROSOL LEMON 200 ML NC,14025,,15000,,,1,12,PC,,11,,2
3660,6,,,1,40029993_BD,,STELLA AEROSOL LEMON 200 ML NC,14025,,15000,,,1,12,PC,,11,,2
3661,6,,,1,40029994,,STELLA AEROSOL JAPANESE SAKURA 200ML NC,14025,,15000,,,1,12,PC,,11,,2
3662,6,,,1,40029994_BD,,STELLA AEROSOL JAPANESE SAKURA 200ML NC,14025,,15000,,,1,12,PC,,11,,2
3663,6,,,1,40029996,,STELLA AER CAFFE LATTE 200ML RJV,14025,,15000,,,1,12,PC,,11,,2
3664,6,,,1,40029996_BD,,STELLA AER CAFFE LATTE 200ML RJV,14025,,15000,,,1,12,PC,,11,,2
3665,6,,,1,40029997_BD,,STELLA AEROSOL FLORAL JASMINE 400 ML NC,17856,,19200,,,1,12,PC,,11,,2
3666,6,,,1,40029998,,STELLA AEROSOL LEMON 400 ML NC,20383,,21800,,,1,12,PC,,11,,2
3667,6,,,1,40029998_BD,,STELLA AEROSOL LEMON 400 ML NC,20383,,21800,,,1,12,PC,,11,,2
3668,6,,,1,40029999_BD,,STELLA AEROSOL ROSE 400 ML NC,17856,,19200,,,1,12,PC,,11,,2
3669,6,,,1,40030000,,STELLA AEROSOL APPLE 400 ML NC,20383,,21800,,,1,12,PC,,11,,2
3670,6,,,1,40030000_BD,,STELLA AEROSOL APPLE 400 ML NC,20383,,21800,,,1,12,PC,,11,,2
3671,6,,,1,40030001,,STELLA AEROSOL ORANGE 400 ML NC,20383,,21800,,,1,12,PC,,11,,2
3672,6,,,1,40030001_BD,,STELLA AEROSOL ORANGE 400 ML NC,20383,,21800,,,1,12,PC,,11,,2
3673,6,,,1,40030002_BD,,STELLA AER ODOUR NEUTRALIZER 400ML NC,17856,,19200,,,1,12,PC,,11,,2
3674,6,,,1,40030003,,STELLA AER JAPANESE SAKURA 350+50ML NC,20383,,21800,,,1,12,PC,,11,,2
3675,6,,,1,40030003_BD,,STELLA AER JAPANESE SAKURA 350+50ML NC,20383,,21800,,,1,12,PC,,11,,2
3676,6,,,1,40030004,,STE AER PRM SECRET LAVENDER 350+50ML NC,20383,,21800,,,1,12,PC,,11,,2
3677,6,,,1,40030004_BD,,STE AER PRM SECRET LAVENDER 350+50ML NC,20383,,21800,,,1,12,PC,,11,,2
3678,6,,,1,40030005_BD,,STE AER PRM CAFFE LATTE 350+50 ML NC,20383,,21800,,,1,12,PC,,11,,2
3679,6,,,1,40030006,,STE AER ORANGE 400ML+STL SAKURA 140ML NC,17952,,19200,,,1,12,PC,,11,,2
3680,6,,,1,40030006_BD,,STE AER ORANGE 400ML+STL SAKURA 140ML NC,17952,,19200,,,1,12,PC,,11,,2
3681,6,,,1,40030007,,STELLA FRESH PROTECT FAB SPRAY CB 245ML,19481,,20835,,,1,12,PC,,11,,2
3682,6,,,1,40030007_BD,,STELLA FRESH PROTECT FAB SPRAY CB 245ML,16830,,18000,,,1,12,PC,,11,,2
3683,6,,,1,40030008,,STELLA FRESH PROTECT FAB SPRAY PP 245ML,19481,,20835,,,1,12,PC,,11,,2
3684,6,,,1,40030008_BD,,STELLA FRESH PROTECT FAB SPRAY PP 245ML,16830,,18000,,,1,12,PC,,11,,2
3685,6,,,1,40030009,,STELLA AER FRESH PROTECT F.FLORAL 300ML,25993,,27800,,,1,12,PC,,11,,2
3686,6,,,1,40030009_BD,,STELLA AER FRESH PROTECT F.FLORAL 300ML,25993,,27800,,,1,12,PC,,11,,2
3687,6,,,1,40030010,,STELLA AER FRESH PROTECT F CITRUS 300ML,25993,,27800,,,1,12,PC,,11,,2
3688,6,,,1,40030010_BD,,STELLA AER FRESH PROTECT F CITRUS 300ML,25993,,27800,,,1,12,PC,,11,,2
3689,6,,,1,40030159_BD,,HIT ONE P.EXPERT GREEN TEA 10ML ND B1G1 8x6,19065,,20500,,,1,48,PC,,11,,2
3690,6,,,1,40030161_BD,,HIT ONE P.EXPERT LlLYBLOSSOM ND 10MLB1G1 4X12,19065,,20500,,,1,48,PC,,11,,2
3691,6,,,1,40030162_BD,,HIT ONE P.EXPERT CITRUS 10ML ND B1G1 4X12,19065,,20500,,,1,48,PC,,11,,2
3692,6,,,1,40030351,,STELLA AEROSOL ORANGE 2x400ML MTP NC,38616,,41300,,,1,6,PC,,11,,2
3693,6,,,1,40030351_BD,,STELLA AEROSOL ORANGE 2x400ML MTP NC,36652,,39200,,,1,6,PC,,11,,2
3694,6,,,1,40030395,,SANITER ALL SURFACE BOTTLE SPRAY 450ML,13408,,14340,,,1,12,PC,,11,,2
3695,6,,,1,40030395_BD,,SANITER ALL SURFACE BOTTLE SPRAY 450ML,13408,,14340,,,1,12,PC,,11,,2
3696,6,,,1,40030410,,STELLA AEROSOL APPLE 2X400ML MTP NC,38616,,41300,,,1,6,PC,,11,,2
3697,6,,,1,40030410_BD,,STELLA AEROSOL APPLE 2X400ML MTP NC,36652,,39200,,,1,6,PC,,11,,2
3698,6,,,1,40030573,,STE MTC REF FRESH&PROTECT F.CITRUS 225ML,26461,,28300,,,1,12,PC,,11,,2
3699,6,,,1,40030573_BD,,STE MTC REF FRESH&PROTECT F.CITRUS 225ML,26461,,28300,,,1,12,PC,,11,,2
3700,6,,,1,40030574_BD,,STE MTC REF FRESH&PROTECT F.FLORAL 225ML,26319,,28300,,,1,12,PC,,11,,2
3701,6,,,1,40030608,,STELLA POCKET BATHROOM PURPLE OFF 12X6,6498.25,,6950,,,1,72,PC,,11,,2
3702,6,,,1,40030608_BD,,STELLA POCKET BATHROOM PURPLE OFF 12X6,5610,,6000,,,1,72,PC,,11,,2
3703,6,,,1,40030609,,STELLA POCKET BATHROOM ORANGE OFF 12X6,6498.25,,6950,,,1,72,PC,,11,,2
3704,6,,,1,40030609_BD,,STELLA POCKET BATHROOM ORANGE OFF 12X6,5610,,6000,,,1,72,PC,,11,,2
3705,6,,,1,40030610,,STELLA POCKET BATHROOM BLUE OFF 12X6,6498.25,,6950,,,1,72,PC,,11,,2
3706,6,,,1,40030610_BD,,STELLA POCKET BATHROOM BLUE OFF 12X6,5610,,6000,,,1,72,PC,,11,,2
3707,6,,,1,40030611,,STELLA POCKET BATHROOM GREEN OFF,6498.25,,6950,,,1,72,PC,,11,,2
4169,6,,,1,40044131,,HIT AEROSOL ORANGE 150ML NP,8845,,9460,,,1,24,PC,,11,,2
3708,6,,,1,40030611_BD,,STELLA POCKET BATHROOM GREEN OFF,5610,,6000,,,1,72,PC,,11,,2
3709,6,,,1,40030664,,STELLA AIO C.LATTE MULTIPACK PROMO 3+1,31416,,33600,,,1,18,PC,,11,,2
3710,6,,,1,40030664_BD,,STELLA AIO C.LATTE MULTIPACK PROMO 3+1,26274,,28100,,,1,18,PC,,11,,2
3711,6,,,1,40030672,,STELLA MTC REF J SAKURA 2X225ML MTP,50023,,53500,,,1,6,PC,,11,,2
3712,6,,,1,40030672_BD,,STELLA MTC REF J SAKURA 2X225ML MTP,47592,,50900,,,1,6,PC,,11,,2
3713,6,,,1,40030673,,SANITER SURFACE MULTIPURPOSE WIPES 40s,13604,,14550,,,1,24,PC,,11,,2
3714,6,,,1,40030673_BD,,SANITER SURFACE MULTIPURPOSE WIPES 40s,13604,,14550,,,1,24,PC,,11,,2
3715,6,,,1,40030674,,SANITER SURFACE MULTIPURPOSE WIPES 20s,8499,,9090,,,1,36,PC,,11,,2
3716,6,,,1,40030674_BD,,SANITER SURFACE MULTIPURPOSE WIPES 20s,8499,,9090,,,1,36,PC,,11,,2
3717,6,,,1,40030812,,SANITER LIQUID HAND SANITIZER 3.5L,165682,,177200,,,1,4,PC,,11,,2
3718,6,,,1,40030812_BD,,SANITER LIQUID HAND SANITIZER 3.5L,165682,,177200,,,1,4,PC,,11,,2
3719,6,,,1,40031090,,STELLA CLIP N TWIST AFTERSMOKE,20721,,22161,,,1,24,PC,,11,,2
3720,6,,,1,40031090_BD,,STELLA CLIP N TWIST AFTERSMOKE,19925.79,,21311,,,1,24,PC,,11,,2
3721,6,,,1,40031091_BD,,STELLA CLIP N TWIST PINK GUAVA,18823,,20240,,,1,24,PC,,11,,2
3722,6,,,1,40031092,,STELLA CLIP N TWIST AQUA MARINE,20721,,22161,,,1,24,PC,,11,,2
3723,6,,,1,40031092_BD,,STELLA CLIP N TWIST AQUA MARINE,18924,,20240,,,1,24,PC,,11,,2
3724,6,,,1,40031134_BD,,HIT MAGIC FLORAL  4+2S HGR 0.15FU TH,673,,720,,,1,576,PC,,11,,2
3725,6,,,1,40031155_BD,,HIT MAGIC FRESH 4+2S HGR 0.15FU TH,673,,720,,,1,576,PC,,11,,2
3726,6,,,1,40031156_BD,,HIT MAGIC LILYBLOSSOM 4+2S HGR 0.15FU TH,673,,720,,,1,576,PC,,11,,2
3727,6,,,1,40031157,,HIT MAGIC FLORAL 10`S 0.15FU TH,1777,,1900,,,1,144,PC,,11,,2
3728,6,,,1,40031157_BD,,HIT MAGIC FLORAL 10`S 0.15FU TH,1683,,1800,,,1,144,PC,,11,,2
3729,6,,,1,40031158_BD,,HIT MAGIC FRESH 10`S 0.15FU TH,1683,,1800,,,1,144,PC,,11,,2
3730,6,,,1,40031159,,HIT MAGIC LILY BLOSSOM 10`S 0.15FU TH,1851,,1980,,,1,144,PC,,11,,2
3731,6,,,1,40031159_BD,,HIT MAGIC LILY BLOSSOM 10`S 0.15FU TH,1683,,1800,,,1,144,PC,,11,,2
3732,6,,,1,40031205_BD,,SANITER BARSOAP ANTIB COOLFRESH 70gr,2325,,2500,,,1,144,PC,,11,,2
3733,6,,,1,40031206_BD,,SANITER BARSOAP ANTIB COOLFRESH 105GR,4185,,4500,,,1,96,PC,,11,,2
3734,6,,,1,40031207_BD,,SANITER BARSOAP ANTIB COOLFRESH 3X105,11838.9,,12730,,,1,32,PC,,11,,2
3735,6,,,1,40031208,,SANITER BARSOAP ANTIB LEMNFRESH 70GR,2338,,2500,,,1,144,PC,,11,,2
3736,6,,,1,40031208_BD,,SANITER BARSOAP ANTIB LEMNFRESH 70GR,2338,,2500,,,1,144,PC,,11,,2
5005,5,,,1,ALBP022_BD,,E91 AA 8 AF 48PK,19546,,19446,,,1,48,PK,,11,,2
3737,6,,,1,40031209_BD,,SANITER BARSOAP ANTIB LEMNFRESH 105GR,4185,,4500,,,1,96,PC,,11,,2
3738,6,,,1,40031210,,SANITER BARSOAP ANTIB LEMNFRESH 3X105,11903,,12730,,,1,32,PC,,11,,2
3739,6,,,1,40031210_BD,,SANITER BARSOAP ANTIB LEMNFRESH 3X105,11903,,12730,,,1,32,PC,,11,,2
3740,6,,,1,40031211,,SANITER BARSOAP ANTIB ENRGCLEAN 70GR,2338,,2500,,,1,144,PC,,11,,2
3741,6,,,1,40031211_BD,,SANITER BARSOAP ANTIB ENRGCLEAN 70GR,2338,,2500,,,1,144,PC,,11,,2
3742,6,,,1,40031212_BD,,SANITER BARSP HS ANTBCTR ENRGCLN 105GR,4185,,4500,,,1,96,PC,,11,,2
3743,6,,,1,40031213_BD,,SANITER BARSOAP ANTIB ENRGCLEAN 3X105,11838.9,,12730,,,1,32,PC,,11,,2
3744,6,,,1,40031265,,NYU HENNA SHAMPOO HC BURGUNDY,26180,,28000,,,1,18,PC,,11,,2
3745,6,,,1,40031265_BD,,NYU HENNA SHAMPOO HC BURGUNDY,26180,,28000,,,1,18,PC,,11,,2
3746,6,,,1,40031266,,NYU HENNA SHAMPOO HC NATURAL BLACK,26180,,28000,,,1,18,PC,,11,,2
3747,6,,,1,40031266_BD,,NYU HENNA SHAMPOO HC NATURAL BLACK,26180,,28000,,,1,18,PC,,11,,2
3748,6,,,1,40031267,,NYU HENNA SHAMPOO HC NATURAL BROWN,26180,,28000,,,1,18,BX,,11,,2
3749,6,,,1,40031267_BD,,NYU HENNA SHAMPOO HC NATURAL BROWN,26180,,28000,,,1,18,BX,,11,,2
3750,6,,,1,40031291_BD,,STL CLIP ON POCKET FLORAL LFG SET 14GR,16926,,18200,,,1,12,PC,,11,,2
3751,6,,,1,40031292_BD,,STL CLIP ON POCKET FLORAL LFG REF 14GR 12X6,12462,,13400,,,1,72,PC,,11,,2
3752,6,,,1,40031293_BD,,STL CLIP ON POCKET FRUITY EFI SET 14GR,16926,,18200,,,1,12,PC,,11,,2
3753,6,,,1,40031294_BD,,STL CLIP ON POCKET FRUIT EFI REF 14G 12X6,12462,,13400,,,1,72,PC,,11,,2
3754,6,,,1,40031312_BD,,HIT GREEN BODY SPRAY FLORAL BLOSSOM100ML 8X12,11848.2,,12740,,,1,96,PC,,11,,2
3755,6,,,1,40031313_BD,,HIT GREEN BODYSPRAY LIGHT SUNSHINE 100ML 8X12,11848.2,,12740,,,1,96,PC,,11,,2
3756,6,,,1,40031328,,SANITER AE EUCALYPTUS OIL 200ML,33978,,36340,,,1,12,PC,,11,,2
3757,6,,,1,40031328_BD,,SANITER AE EUCALYPTUS OIL 200ML,33978,,36340,,,1,12,PC,,11,,2
3758,6,,,1,40031349,,SANITER ECS P2L HW FRSCLN STRT KIT,7059,,7550,,,1,12,PC,,11,,2
3759,6,,,1,40031349_BD,,SANITER ECS P2L HW FRSCLN STRT KIT,7059,,7550,,,1,12,PC,,11,,2
3760,6,,,1,40031350,,SANITER ECS P2L HW FRESHCLN RFL 8x6,3525,,3770,,,1,48,PC,,11,,2
3761,6,,,1,40031350_BD,,SANITER ECS P2L HW FRESHCLN RFL 8x6,3525,,3770,,,1,48,PC,,11,,2
3762,6,,,1,40031351_BD,,SANITER ECS P2L HW FRSCLN RFLBOX 12X6,3506.1,,3770,,,1,72,PC,,11,,2
3763,6,,,1,40031365_BD,,SANITER ECS P2L HW NRSHCLN STRT KIT,7021.5,,7550,,,1,12,PC,,11,,2
3764,6,,,1,40031366_BD,,SANITER ECS P2L HW NOURISHINGCLN RFL 8X6,3506.1,,3770,,,1,48,PC,,11,,2
3765,6,,,1,40031367_BD,,SANITER ECS P2L HW NRSHCLN RFLBOX,3506.1,,3770,,,1,72,PC,,11,,2
3766,6,,,1,40031371,,MITU BABY WIPES AS BOGOF 45S XTRA,10668,,11410,,,1,24,PC,,11,,2
3767,6,,,1,40031371_BD,,MITU BABY WIPES AS BOGOF 45S XTRA,10668,,11410,,,1,24,PC,,11,,2
3768,6,,,1,40031375_BD,,HIT GREENFABRIC ROLL ON TUTTI FRUITI 8ML 8X12,11848.2,,12740,,,1,96,PC,,11,,2
3769,6,,,1,40031382,,POLYTEX LAP KAIN MICROFIBER,13193.79,,14111,,,1,72,PC,,11,,2
3770,6,,,1,40031382_BD,,POLYTEX LAP KAIN MICROFIBER,12810,,13700,,,1,72,PC,,11,,2
3771,6,,,1,40031383,,POLYTEX LAP PENYERAP CHAMOIS,18700,,20000,,,1,72,PC,,11,,2
3772,6,,,1,40031383_BD,,POLYTEX LAP PENYERAP CHAMOIS,18700,,20000,,,1,72,PC,,11,,2
3773,6,,,1,40031384,,POLYTEX SPON PENYERAP SERBAGUNA,10978.77,,11742,,,1,72,PC,,11,,2
3774,6,,,1,40031384_BD,,POLYTEX SPON PENYERAP SERBAGUNA,10978.77,,11742,,,1,72,PC,,11,,2
3775,6,,,1,40031385,,POLYTEX STAINLESS STEEL REGULAR 12.5G 6X12,3534,,3780,,,1,72,PC,,11,,2
3776,6,,,1,40031385_BD,,POLYTEX STAINLESS STEEL REGULAR 12.5G 6X12,3466.98,,3708,,,1,72,PC,,11,,2
3777,6,,,1,40031386,,POLYTEX SBT SPON EXTRA BERSIH&THN LAMA,5021,,5370,,,1,288,PC,,11,,2
3778,6,,,1,40031386_BD,,POLYTEX SBT SPON EXTRA BERSIH&THN LAMA,4769,,5100,,,1,288,PC,,11,,2
3779,6,,,1,40031387,,POLYTEX SABUT SPON ANTI GORES ND,5694,,6090,,,1,288,PC,,11,,2
3780,6,,,1,40031387_BD,,POLYTEX SABUT SPON ANTI GORES ND,5423,,5800,,,1,288,PC,,11,,2
3781,6,,,1,40031388,,POLYTEX SABUT JARING ANTI GORES 12X6,6872,,7350,,,1,72,PC,,11,,2
3782,6,,,1,40031388_BD,,POLYTEX SABUT JARING ANTI GORES 12X6,6545,,7000,,,1,72,PC,,11,,2
3783,6,,,1,40031389,,POLYTEX SELULOSA EXTRA BERSIH& THN LAMA,11500.5,,12300,,,1,72,PC,,11,,2
3784,6,,,1,40031389_BD,,POLYTEX SELULOSA EXTRA BERSIH& THN LAMA,11500.5,,12300,,,1,72,PC,,11,,2
3785,6,,,1,40031390,,POLYTEX SPON SERBAGUNA ND 24X6,2057,,2200,,,1,144,PC,,11,,2
3786,6,,,1,40031390_BD,,POLYTEX SPON SERBAGUNA ND 24X6,1963.5,,2100,,,1,144,PC,,11,,2
3787,6,,,1,40031391,,POLYTEX SS EXTRA BERSIH&TAHAN LAMA20GR2S 8X6,9726.81,,10403,,,1,48,PC,,11,,2
3788,6,,,1,40031391_BD,,POLYTEX SS EXTRA BERSIH&TAHAN LAMA20GR2S 8X6,9726.81,,10403,,,1,48,PC,,11,,2
3789,6,,,1,40031392,,POLYTEX SS EXTRA BERSIH&TAHAN LAMA 20GR 6X12,4619,,4940,,,1,72,PC,,11,,2
5006,5,,,1,ALBP034_BD,,E92 BP 4 AF 48  PK,20478,,24091,,,1,48,PK,,11,,2
3790,6,,,1,40031392_BD,,POLYTEX SS EXTRA BERSIH&TAHAN LAMA 20GR 6X12,4395,,4700,,,1,72,PC,,11,,2
3791,6,,,1,40031393,,POLYTEX SBT HIJAU EXTRA BERSIH&THN LAMA,2263,,2420,,,1,576,PC,,11,,2
3792,6,,,1,40031394,,POLYTEX SABUT SPON REGULAR 24X12,2292.06,,2451,,,1,288,PC,,11,,2
3793,6,,,1,40031394_BD,,POLYTEX SABUT SPON REGULAR 24X12,2292,,2451,,,1,288,PC,,11,,2
3794,6,,,1,40031527_BD,,STELLA F&P TRAVEL SPRAY FC 100ML 8X12,10853.1,,11670,,,1,96,PC,,11,,2
3795,6,,,1,40031566,,POLYTEX PKT SBT SPON REGULAR 2S ND 20X6,8089.62,,8652,,,1,120,PC,,11,,2
3796,6,,,1,40031566_BD,,POLYTEX PKT SBT SPON REGULAR 2S ND 20X6,8089.62,,8652,,,1,120,PC,,11,,2
3797,6,,,1,40031567,,POLYTEX PKT SBTSPON XTRABERSIH&THNLAMA2S,9534.2,,10197,,,1,120,PC,,11,,2
3798,6,,,1,40031567_BD,,POLYTEX PKT SBTSPON XTRABERSIH&THNLAMA2S,9257,,9900,,,1,120,PC,,11,,2
3799,6,,,1,40031568,,MITU BABY WIPES F&C PINK 40S BOGOF+EXTRA20,9883,,10570,,,1,24,PC,,11,,2
3800,6,,,1,40031568_BD,,MITU BABY WIPES F&C PINK 40S BOGOF+EXTRA20,9883,,10570,,,1,24,PC,,11,,2
3801,6,,,1,40031569,,MITU BABY WIPES F&C BLUE 40S BOGOF+EX20,9883,,10570,,,1,24,PC,,11,,2
3802,6,,,1,40031569_BD,,MITU BABY WIPES F&C BLUE 40S BOGOF+EX20,9883,,10570,,,1,24,PC,,11,,2
3803,6,,,1,40031623,,"POLYTEX STAINLESS REG 12,5G PAPAN12S ND 6X12",1877.95,,2009,,,1,72,PC,,11,,2
3804,6,,,1,40031623_BD,,"POLYTEX STAINLESS REG 12,5G PAPAN12S ND 6X12",1730,,1850,,,1,72,PC,,11,,2
3805,6,,,1,40031783,,SANITER HAND SPRAY SWEET BERRY 60ML 4X12,10584,,11320,,,1,48,PC,,11,,2
3806,6,,,1,40031783_BD,,SANITER HAND SPRAY SWEET BERRY 60ML 4X12,10584,,11320,,,1,48,PC,,11,,2
3807,6,,,1,40031827,,SANITER HW FRUITY CLEAN PCH 400,11426,,12220,,,1,12,PC,,11,,2
3808,6,,,1,40031827_BD,,SANITER HW FRUITY CLEAN PCH 400,11426,,12220,,,1,12,PC,,11,,2
3809,6,,,1,40031915,,MITU BABY WIPES AS BOGOF 45S XTRA OLD,10668,,11410,,,1,24,PC,,11,,2
3810,6,,,1,40031915_BD,,MITU BABY WIPES AS BOGOF 45S XTRA OLD,10668,,11410,,,1,24,PC,,11,,2
3811,6,,,1,40031984,,PROCLIN PENGHLNG NODA BTL180ML,7405,,7920,,,1,24,PC,,11,,2
3812,6,,,1,40031984_BD,,PROCLIN PENGHLNG NODA BTL180ML,7405,,7920,,,1,24,PC,,11,,2
3813,6,,,1,40032015,,PROCLIN PENGHLNG NODA PLUS BTL400ML,15895,,17000,,,1,24,PC,,11,,2
3814,6,,,1,40032015_BD,,PROCLIN PENGHLNG NODA PLUS BTL400ML,15895,,17000,,,1,24,PC,,11,,2
3815,6,,,1,40032016,,PROCLIN PENGHLNGNODA PLUS PCH125+25M,7433,,7950,,,1,24,PC,,11,,2
3816,6,,,1,40032016_BD,,PROCLIN PENGHLNGNODA PLUS PCH125+25M,7153,,7650,,,1,24,PC,,11,,2
3817,6,,,1,40032018,,PROCLIN PENGHLNG NODA PLUS PCH800ML,30014,,32100,,,1,12,PC,,11,,2
3818,6,,,1,40032018_BD,,PROCLIN PENGHLNG NODA PLUS PCH800ML,28546,,30530,,,1,12,PC,,11,,2
3819,6,,,1,40032019,,PROCLIN PENGHILANG NODA PLUS SACHET 25M 6X24,673,,720,,,1,144,PC,,11,,2
3820,6,,,1,40032019_BD,,PROCLIN PENGHILANG NODA PLUS SACHET 25M 6X24,673,,720,,,1,144,PC,,11,,2
3821,6,,,1,40032020,,PROCLIN PPN PLUS SACHET 25ML (12+1) 6x24,673,,720,,,1,144,PC,,11,,2
3822,6,,,1,40032020_BD,,PROCLIN PPN PLUS SACHET 25ML (12+1) 6x24,673,,720,,,1,144,PC,,11,,2
3823,6,,,1,40032837,,SANITER AE200 FREE BARSOAP E CLEAN 70GR,18868,,20180,,,1,12,PC,,11,,2
3824,6,,,1,40032837_BD,,SANITER AE200 FREE BARSOAP E CLEAN 70GR,18868,,20180,,,1,12,PC,,11,,2
3825,6,,,1,40032858_BD,,HIT AE REG LB 675ml + HAE EXPRT SF 200ml,25575,,27500,,,1,12,PC,,11,,2
3826,6,,,1,40033089,,SANITER AE400ML FREE SOAP E CLEAN 105GR,30191,,32290,,,1,12,PC,,11,,2
3827,6,,,1,40033089_BD,,SANITER AE400ML FREE SOAP E CLEAN 105GR,30191,,32290,,,1,12,PC,,11,,2
3828,6,,,1,40033172_BD,,HIT ORANGE600ML FREE BARSOAP E.CLEAN70GR,26319,,28300,,,1,12,PC,,11,,2
3829,6,,,1,40033215,,NYU CREME HC FLAMING ORANGE S,12529,,13400,,,1,24,PC,,11,,2
3830,6,,,1,40033215_BD,,NYU CREME HC FLAMING ORANGE S,11594,,12400,,,1,24,PC,,11,,2
3831,6,,,1,40033239_BD,,STELLA CAR ENERGYC 42+13gr,7877.1,,8470,,,1,72,PC,,11,,2
3832,6,,,1,40033240_BD,,STELLA CAR SPIRIT 42+13gr 4x18,7877.1,,8470,,,1,72,PC,,11,,2
3833,6,,,1,40033241_BD,,STELLA CAR POWER 42+13gr,7877.1,,8470,,,1,72,PC,,11,,2
3834,6,,,1,40033242_BD,,STELLA AC LEMON 42+13gr,9021,,9700,,,1,72,PC,,11,,2
3835,6,,,1,40033243_BD,,STELLA AC ORANGE 42+13gr,9021,,9700,,,1,72,PC,,11,,2
3836,6,,,1,40033244,,STELLA BATHROOM BLUE 42+13gr,6919,,7400,,,1,72,PC,,11,,2
3837,6,,,1,40033244_BD,,STELLA BATHROOM BLUE 42+13gr,6919,,7400,,,1,72,PC,,11,,2
3838,6,,,1,40033248,,STELLA All in One LEMON 42+13gr 4X18,8322,,8900,,,1,72,PC,,11,,2
3839,6,,,1,40033248_BD,,STELLA All in One LEMON 42+13gr 4X18,8322,,8900,,,1,72,PC,,11,,2
3840,6,,,1,40033249,,STELLA All in One ORANGE 42+13gr 4X18,8322,,8900,,,1,72,PC,,11,,2
3841,6,,,1,40033249_BD,,STELLA All in One ORANGE 42+13gr 4X18,8322,,8900,,,1,72,PC,,11,,2
3842,6,,,1,40033250,,STELLA All in One APPLE 42+13gr 4X18,8322,,8900,,,1,72,PC,,11,,2
3843,6,,,1,40033250_BD,,STELLA All in One APPLE 42+13gr 4X18,8322,,8900,,,1,72,PC,,11,,2
3844,6,,,1,40033252_BD,,STELLA All in One LIME 42+13gr 4X18,8277,,8900,,,1,72,PC,,11,,2
3845,6,,,1,40033253,,STELLA All in One SENSATION 42+13gr 4X18,8322,,8900,,,1,72,PC,,11,,2
3846,6,,,1,40033253_BD,,STELLA All in One SENSATION 42+13gr 4X18,8322,,8900,,,1,72,PC,,11,,2
3847,6,,,1,40033254,,STELLA Ail in One BOUGENVILLE 42+13gr 4X18,8322,,8900,,,1,72,PC,,11,,2
3848,6,,,1,40033254_BD,,STELLA Ail in One BOUGENVILLE 42+13gr 4X18,8322,,8900,,,1,72,PC,,11,,2
3849,6,,,1,40033265,,STELLA All in One ORANGE 42+13gr (3+1),31416,,33600,,,1,18,PC,,11,,2
3850,6,,,1,40033265_BD,,STELLA All in One ORANGE 42+13gr (3+1),31416,,33600,,,1,18,PC,,11,,2
3851,6,,,1,40033266,,STELLA All in One LEMON 42+13gr (3+1),31416,,33600,,,1,18,PC,,11,,2
3852,6,,,1,40033266_BD,,STELLA All in One LEMON 42+13gr (3+1),31416,,33600,,,1,18,PC,,11,,2
3853,6,,,1,40033267,,STELLA All in One C.LATTE 42+13gr (3+1),31416,,33600,,,1,18,PC,,11,,2
3854,6,,,1,40033267_BD,,STELLA All in One C.LATTE 42+13gr (3+1),31416,,33600,,,1,18,PC,,11,,2
3855,6,,,1,40033285,,STELLA BATHROOM RED 42+13gr,6919,,7400,,,1,72,PC,,11,,2
3856,6,,,1,40033285_BD,,STELLA BATHROOM RED 42+13gr,6919,,7400,,,1,72,PC,,11,,2
3857,6,,,1,40033286_BD,,STELLA BATHROOM GREEN 42+13gr,6882,,7400,,,1,72,PC,,11,,2
3858,6,,,1,40033311,,STELLA All in One CAFE LATTE 42+13gr 4X18,8322,,8900,,,1,72,PC,,11,,2
3859,6,,,1,40033311_BD,,STELLA All in One CAF? LATTE 42+13gr 4X18,8322,,8900,,,1,72,PC,,11,,2
3860,6,,,1,40033312,,STELLA ALL IN ONE LAVENDER 4X18 42+13GR,8322,,8900,,,1,72,PC,,11,,2
3861,6,,,1,40033312_BD,,STELLA ALL IN ONE LAVENDER 4X18 42+13GR,8322,,8900,,,1,72,PC,,11,,2
3862,6,,,1,40033665,,HIT LILY 415+SANITER BARSOAP E.CLEAN70,20009,,21400,,,1,12,PC,,11,,2
3863,6,,,1,40033665_BD,,HIT LILY 415+SANITER BARSOAP E.CLEAN70,20009,,21400,,,1,12,PC,,11,,2
3864,6,,,1,40033666,,HIT ORANGE 415+SANITER BARSOAP E.CLEAN70,20009,,21400,,,1,12,PC,,11,,2
3865,6,,,1,40033666_BD,,HIT ORANGE 415+SANITER BARSOAP E.CLEAN70,20009,,21400,,,1,12,PC,,11,,2
3866,6,,,1,40033709,,STELLA POCKET BATHROOM F&P PURPLE,6498.25,,6950,,,1,72,PC,,11,,2
3867,6,,,1,40033709_BD,,STELLA POCKET BATHROOM F&P PURPLE,5610,,6000,,,1,72,PC,,11,,2
3868,6,,,1,40033710,,STELLA POCKET BATHROOM F&P ORANGE,6498.25,,6950,,,1,72,PC,,11,,2
3869,6,,,1,40033710_BD,,STELLA POCKET BATHROOM F&P ORANGE,6498.25,,6950,,,1,72,PC,,11,,2
3870,6,,,1,40033711,,STELLA POCKET BATHROOM F&P BLUE,6498.25,,6950,,,1,72,PC,,11,,2
3871,6,,,1,40033711_BD,,STELLA POCKET BATHROOM F&P BLUE,5610,,6000,,,1,72,PC,,11,,2
3872,6,,,1,40033712,,STELLA POCKET BATHROOM F&P GREEN 12X6,6498.25,,6950,,,1,72,PC,,11,,2
3873,6,,,1,40033712_BD,,STELLA POCKET BATHROOM F&P GREEN 12X6,6498.25,,6950,,,1,72,PC,,11,,2
3874,6,,,1,40033713_BD,,STELLA POCKET BATHROOM F&P RED,7347,,7900,,,1,72,PC,,11,,2
3875,6,,,1,40033727,,STE AER PRM WARM VERBENA 350+50 ML,20383,,21800,,,1,12,PC,,11,,2
3876,6,,,1,40033727_BD,,STE AER PRM WARM VERBENA 350+50 ML,20383,,21800,,,1,12,PC,,11,,2
3877,6,,,1,40033728,,STE AEROSOL PARFUMIST CANANGA LULLABY 350+50ML,20383,,21800,,,1,12,PC,,11,,2
3878,6,,,1,40033728 _BD,,STE AEROSOL PARFUMIST CANANGA LULLABY 350+50ML,20274,,21800,,,1,12,PC,,11,,2
3879,6,,,1,40033728_BD,,STE AEROSOL PARFUMIST CANANGA LULLABY 350+50ML,20383,,21800,,,1,12,PC,,11,,2
3880,6,,,1,40033729,,STE MTC REF PRM WARM VERBENA 225 ML,26461,,28300,,,1,12,PC,,11,,2
3881,6,,,1,40033729_BD,,STE MTC REF PRM WARM VERBENA 225 ML,26461,,28300,,,1,12,PC,,11,,2
3882,6,,,1,40033730,,STELLA MATIC REFILL PARFUMIST CANANGA LULLABY 225M,26461,,28300,,,1,12,PC,,11,,2
3883,6,,,1,40033730_BD,,STELLA MATIC REFILL PARFUMIST CANANGA LULLABY 225M,26461,,28300,,,1,12,PC,,11,,2
3884,6,,,1,40033798_BD,,STELLA POCKET MULTIPACK F&P,20460,,22000,,,1,12,PC,,11,,2
3885,6,,,1,40033799_BD,,STELLA MULTIPACK GT 2 POCKET + 1 AIO,18600,,20000,,,1,24,PC,,11,,2
3886,6,,,1,40034010,,HIT LB600ML FREE BARSOAP E.CLEAN70GR,26461,,28300,,,1,12,PC,,11,,2
3887,6,,,1,40034010_BD,,HIT LB600ML FREE BARSOAP E.CLEAN70GR,26461,,28300,,,1,12,PC,,11,,2
3888,6,,,1,40034355,,LEM TIKUS X-TRAP CAPGAJAH 60GR MTP 5+1,64160,,68620,,,1,12,PC,,11,,2
3889,6,,,1,40034355_BD,,LEM TIKUS X-TRAP CAPGAJAH 60GR MTP 5+1,64160,,68620,,,1,12,PC,,11,,2
3890,6,,,1,40034357,,HIT AER ORANGE 600+75 ML MULTIPACK 5+1,161622,,172900,,,1,2,PC,,11,,2
3891,6,,,1,40034357_BD,,HIT AER ORANGE 600+75 ML MULTIPACK 5+1,161622,,172900,,,1,2,PC,,11,,2
3892,6,,,1,40034358_BD,,HIT AER ORANGE 200 ML MULTIPACK 5+1,62365,,66700,,,1,2,PC,,11,,2
3893,6,,,1,40034471,,STELLA MTC REF S LAVENDER 2X225ML MTP,50023,,53500,,,1,6,PC,,11,,2
3894,6,,,1,40034471_BD,,STELLA MTC REF S LAVENDER 2X225ML MTP,47592,,50900,,,1,6,PC,,11,,2
3895,6,,,1,40034561,,STELLA ALL IN ONE LAVENDER 42+13GR (3+1),31416,,33600,,,1,18,PC,,11,,2
3896,6,,,1,40034561_BD,,STELLA ALL IN ONE LAVENDER 42+13GR (3+1),29827,,31900,,,1,18,PC,,11,,2
3897,6,,,1,40034699,,HIT LB415 FREE SANITER L.FRESH70GR,20009,,21400,,,1,12,PC,,11,,2
3898,6,,,1,40034699_BD,,HIT LB415 FREE SANITER L.FRESH70GR,20009,,21400,,,1,12,PC,,11,,2
3899,6,,,1,40034700,,HIT ORANGE415 FREE SANITER L.FRESH70G,20009,,21400,,,1,12,PC,,11,,2
3900,6,,,1,40034700_BD,,HIT ORANGE415 FREE SANITER L.FRESH70G,20009,,21400,,,1,12,PC,,11,,2
3901,6,,,1,40034704_BD,,POLYTEX SABUT SPON REG PROMO 12+1 24x12,1980.9,,2130,,,1,288,PC,,11,,2
3902,6,,,1,40034733,,HIT ORANGE600 FREE SANITER COOLF70GR,25713,,27500,,,1,12,PC,,11,,2
3903,6,,,1,40034733_BD,,HIT ORANGE600 FREE SANITER COOLF70GR,25713,,27500,,,1,12,PC,,11,,2
3904,6,,,1,40034742,,HIT LB415 FREE SANITER COOLFRESH 70GR,20009,,21400,,,1,12,PC,,11,,2
3905,6,,,1,40034742_BD,,HIT LB415 FREE SANITER COOLFRESH 70GR,20009,,21400,,,1,12,PC,,11,,2
3906,6,,,1,40034779,,HIT NS REF CLASSIC 45HR 35ML,12249,,13100,,,1,144,PC,,11,,2
3907,6,,,1,40034779_BD,,HIT NS REF CLASSIC 45HR 35ML,12249,,13100,,,1,144,PC,,11,,2
3908,6,,,1,40034780,,HIT NS REF FRESH 45HR 35ML,12249,,13100,,,1,144,PC,,11,,2
3909,6,,,1,40034780_BD,,HIT NS REF FRESH 45HR 35ML,12249,,13100,,,1,144,PC,,11,,2
3910,6,,,1,40034781,,HIT NS REF FLORAL 45HR 35ML,12249,,13100,,,1,144,PC,,11,,2
3911,6,,,1,40034781_BD,,HIT NS REF FLORAL 45HR 35ML,12249,,13100,,,1,144,PC,,11,,2
3912,6,,,1,40034802,,SANITER PERS.WIPES FREE SOAP ECLEAN70GR,10678,,11420,,,1,24,PC,,11,,2
3913,6,,,1,40034802_BD,,SANITER PERS.WIPES FREE SOAP ECLEAN70GR,10678,,11420,,,1,24,PC,,11,,2
3914,6,,,1,40034803,,SANITER ALL SURFACE450ML FREE E.CLEAN70G,13408,,14340,,,1,12,PC,,11,,2
3915,6,,,1,40034803_BD,,SANITER ALL SURFACE450ML FREE E.CLEAN70G,13408,,14340,,,1,12,PC,,11,,2
3916,6,,,1,40034830_BD,,HIT AER EXPERT SWEET FLOWER 200ML NF,11625,,12500,,,1,12,PC,,11,,2
3917,6,,,1,40034831_BD,,HIT AER EXPERT CITRUS 200ML NF,11625,,12500,,,1,12,PC,,11,,2
3918,6,,,1,40034832_BD,,HIT AER EXPERT BLOOMING TEA 200ML NF,11625,,12500,,,1,12,PC,,11,,2
3919,6,,,1,40034837,,HIT NON STOP EKO ND - SET FRESH,14867,,15900,,,1,24,PC,,11,,2
3920,6,,,1,40034837_BD,,HIT NON STOP EKO ND - SET FRESH,14867,,15900,,,1,24,PC,,11,,2
3921,6,,,1,40034855_BD,,HIT AER EXPERT SWEET FLOWER 415+35ML NF,19902,,21400,,,1,12,PC,,11,,2
3922,6,,,1,40034856_BD,,HIT AER EXPERT CITRUS 415+35ML NF,19902,,21400,,,1,12,PC,,11,,2
3923,6,,,1,40034857_BD,,HIT AER EXPERT BLOOMING TEA 415+35ML NF,19902,,21400,,,1,12,PC,,11,,2
3924,6,,,1,40034858_BD,,HIT AER EXPERT PINK BLOSSOM 415+35ML NF,20009,,21400,,,1,12,PC,,11,,2
3925,6,,,1,40034859_BD,,HIT AER EXPERT CITRUS 600+75ML NF,26461,,28300,,,1,12,PC,,11,,2
3926,6,,,1,40034860_BD,,HIT AER EXPERT BLOOMING TEA 600+75ML NF,26319,,28300,,,1,12,PC,,11,,2
3927,6,,,1,40034861_BD,,HIT AER EXPERT PINK BLOSSOM 600+75ML NF,26460.5,,28300,,,1,12,PC,,11,,2
3928,6,,,1,40034862_BD,,HIT AER EXPERT CITRUS MTP 600+75ML NF,54591,,58700,,,1,6,PC,,11,,2
3929,6,,,1,40034863_BD,,HIT AER EXPERT S.FLOWER MTP 600+75ML NF,54591,,58700,,,1,6,PC,,11,,2
3930,6,,,1,40034894,,STELLA MIST DIFF LG SET,140718,,150500,,,1,6,PC,,11,,2
3931,6,,,1,40034915_BD,,HIT ONE P.EXPERT ORANGE 10ML ND B1G1,19065,,20500,,,1,48,PC,,11,,2
3932,6,,,1,40034916_BD,,HIT ONE P.EXPERT GREEN TEA 10ML ND B1G1,19065,,20500,,,1,48,PC,,11,,2
3933,6,,,1,40034917,,STELLA MIST DIFF LG REFF,35437,,37900,,,1,12,PC,,11,,2
3934,6,,,1,40034921_BD,,HIT AER EXPERT SWEET FLOWER 600+75ML NF,26461,,28300,,,1,12,PC,,11,,2
3935,6,,,1,40035116_BD,,HIT AER LILY BLOSSOM 200ML MULTIPACK 5+1,62365,,66700,,,1,2,PC,,11,,2
3936,6,,,1,40035117_BD,,HIT AER LILYBLOSSOM 600+75ML MULTIPK 5+1,160797,,172900,,,1,2,PC,,11,,2
3937,6,,,1,40035417,,LEM TIKUS GLUE TRAP CAP GAJAH 60GR,10538,,11270.33,,,1,72,PC,,11,,2
3938,6,,,1,40035417_BD,,LEM TIKUS GLUE TRAP CAP GAJAH 60GR,10538,,11270.33,,,1,72,PC,,11,,2
3939,6,,,1,40035474,,SANITER PERSONAL WIPES SNTZR 50S FREE20,10678,,11420,,,1,24,PC,,11,,2
3940,6,,,1,40035474_BD,,SANITER PERSONAL WIPES SNTZR 50S FREE20,10678,,11420,,,1,24,PC,,11,,2
3941,6,,,1,40035475,,SANITER HANDWASH RFL PCH 400ML FREE200ML,11426,,12220,,,1,12,PC,,11,,2
3942,6,,,1,40035475_BD,,SANITER HANDWASH RFL PCH 400ML FREE200ML,11426,,12220,,,1,12,PC,,11,,2
3943,6,,,1,40035625,,HIT MAT CLASSIC 4S PROMO 12+1,673,,720,,,1,864,PC,,11,,2
3944,6,,,1,40035625_BD,,HIT MAT CLASSIC 4S PROMO 12+1,673,,720,,,1,864,PC,,11,,2
3945,6,,,1,40035626,,HIT MAT GREEN TEA 4S PROMO 12+1,673,,720,,,1,864,PC,,11,,2
3946,6,,,1,40035626_BD,,HIT MAT GREEN TEA 4S PROMO 12+1,673,,720,,,1,864,PC,,11,,2
3947,6,,,1,40035627,,HIT M Expert 10JAM C.LILY 4S+1s,1590,,1700,,,1,120,PC,,11,,2
3948,6,,,1,40035627_BD,,HIT M Expert 10JAM C.LILY 4S+1s,1590,,1700,,,1,120,PC,,11,,2
3949,6,,,1,40035628,,HIT M EXPERT 10JAM F.BLOSSOM 4S+1S,1590,,1700,,,1,120,PC,,11,,2
3950,6,,,1,40035628_BD,,HIT M EXPERT 10JAM F.BLOSSOM 4S+1S,1590,,1700,,,1,120,PC,,11,,2
3951,6,,,1,40035629,,"POLYTEX STAINLESS 12,5G PAPAN PROMO 12+1",1877.95,,2009,,,1,72,PC,,11,,2
3952,6,,,1,40035629_BD,,"POLYTEX STAINLESS 12,5G PAPAN PROMO 12+1",1877.95,,2009,,,1,72,PC,,11,,2
3953,6,,,1,40035630_BD,,BIOSOL SACHET 20 ML+5 ML PROMO 12+1,316.2,,340,,,1,144,PC,,11,,2
3954,6,,,1,40035631,,PROCLIN BLEACH SACHET 25ML,318,,340,,,1,144,PC,,11,,2
3955,6,,,1,40035631_BD,,PROCLIN BLEACH SACHET 25ML,318,,340,,,1,144,PC,,11,,2
3956,6,,,1,40035632,,PROCLIN BLEACH JERIGEN 3.5 L,51365,,54935,,,1,4,PC,,11,,2
3957,6,,,1,40035632_BD,,PROCLIN BLEACH JERIGEN 3.5 L,44866,,47985,,,1,4,PC,,11,,2
3958,6,,,1,40035894_BD,,HIT AER LILY BLOSSOM 180ML,8424,,9010,,,1,12,PC,,11,,2
3959,6,,,1,40035898_BD,,NYU HENNA SHAMPOO HC BURGUNDY,7901,,8450,,,1,72,PC,,11,,2
3960,6,,,1,40035899_BD,,NYU HENNA SHAMPOO HC NATURAL BLACK,7901,,8450,,,1,72,PC,,11,,2
3961,6,,,1,40035900_BD,,NYU HENNA SHAMPOO HC NATURAL BROWN,7901,,8450,,,1,72,PC,,11,,2
3962,6,,,1,40035925_BD,,HIT AER ORANGE 180ML,8424,,9010,,,1,12,PC,,11,,2
3963,6,,,1,40035995,,MITU BABY PAKET OVAL NEW,46339,,49560,,,1,12,PC,,11,,2
3964,6,,,1,40035995_BD,,MITU BABY PAKET OVAL NEW,44132,,47200,,,1,12,PC,,11,,2
3965,6,,,1,40036201,,STELLA REGULAR MATIC FESTIVE 2022,56399.2,,60320,,,1,12,PC,,11,,2
3966,6,,,1,40036201_BD,,STELLA REGULAR MATIC FESTIVE 2022,50733,,54260,,,1,12,PC,,11,,2
3967,6,,,1,40036247,,HIT GOODKNIGHT XPRESS SET,14493,,15500,,,1,24,PC,,11,,2
3968,6,,,1,40036247_BD,,HIT GOODKNIGHT XPRESS SET,14493,,15500,,,1,24,PC,,11,,2
3969,6,,,1,40036248,,HIT GOODKNIGHT XPRESS REF APPLE,12249,,13100,,,1,144,PC,,11,,2
3970,6,,,1,40036248_BD,,HIT GOODKNIGHT XPRESS REF APPLE,12249,,13100,,,1,144,PC,,11,,2
3971,6,,,1,40036249,,HIT GOODKNIGHT XPRESS REF FRESH,12249,,13100,,,1,144,PC,,11,,2
3972,6,,,1,40036249_BD,,HIT GOODKNIGHT XPRESS REF FRESH,12249,,13100,,,1,144,PC,,11,,2
3973,6,,,1,40036707,,HIT GOODKNIGHT NON-STOP SET + REF FRESH,14867,,15900,,,1,24,PC,,11,,2
3974,6,,,1,40036707_BD,,HIT GOODKNIGHT NON-STOP SET + REF FRESH,14867,,15900,,,1,24,PC,,11,,2
3975,6,,,1,40036708,,HIT GOODKNIGHT NON-STOP REF CLASSIC,12249,,13100,,,1,144,PC,,11,,2
3976,6,,,1,40036708_BD,,HIT GOODKNIGHT NON-STOP REF CLASSIC,12249,,13100,,,1,144,PC,,11,,2
3977,6,,,1,40036709,,HIT GOODKNIGHT NON-STOP REF  FRESH,12249,,13100,,,1,144,PC,,11,,2
3978,6,,,1,40036709_BD,,HIT GOODKNIGHT NON-STOP REF  FRESH,12249,,13100,,,1,144,PC,,11,,2
3979,6,,,1,40036710_BD,,HIT GOODKNIGHT NON-STOP REF  FLORAL,10323,,11100,,,1,144,PC,,11,,2
3980,6,,,1,40037720,,NYU CREME HC SACHET NATURAL BLACK 20GR,5077.05,,5430,,,1,144,PC,,11,,2
3981,6,,,1,40037720_BD,,NYU CREME HC SACHET NATURAL BLACK 20GR,4748,,5078,,,1,144,PC,,11,,2
3982,6,,,1,40037721,,NYU CREME HC SACHET NATURAL BROWN 20GR,5077.05,,5430,,,1,144,PC,,11,,2
3983,6,,,1,40037721_BD,,NYU CREME HC SACHET NATURAL BROWN 20GR,4748,,5078,,,1,144,PC,,11,,2
3984,6,,,1,40037980_BD,,HIT AER EXPERT CITRUS 600ML,27816,,29750,,,1,12,PC,,11,,2
3985,6,,,1,40037981_BD,,HIT AER GREEN FOREST 600ML NF,26319,,28300,,,1,12,PC,,11,,2
3986,6,,,1,40037982_BD,,HIT AER EXPERT PINK BLOSSOM 600ML,27816,,29750,,,1,12,PC,,11,,2
3987,6,,,1,40037983_BD,,HIT AER EXPERT SWEET FLOWER 400+25ML,19902,,21400,,,1,12,PC,,11,,2
3988,6,,,1,40037984_BD,,HIT AER EXPERT SWEET FLOWER 600ML,26319,,28300,,,1,12,PC,,11,,2
3989,6,,,1,40038009_BD,,HIT AER LILY BLOSSOM 180ML NF,8424,,9010,,,1,12,PC,,11,,2
3990,6,,,1,40038010_BD,,HIT AER LILY BLOSSOM 200ML NF,12903,,13800,,,1,12,PC,,11,,2
3991,6,,,1,40038011_BD,,HIT AER LILY BLOSSOM 400+25ML NF,21505,,23000,,,1,12,PC,,11,,2
3992,6,,,1,40038012_BD,,HIT AER LILY BLOSSOM 600ML NF,26319,,28300,,,1,12,PC,,11,,2
3993,6,,,1,40038014_BD,,HIT AER ORANGE 200ML NF,12903,,13800,,,1,12,PC,,11,,2
3994,6,,,1,40038015_BD,,HIT AER ORANGE 400+25ML NF,21505,,23000,,,1,12,PC,,11,,2
3995,6,,,1,40038016_BD,,HIT AER ORANGE 600ML NF,28564,,30550,,,1,12,PC,,11,,2
3996,6,,,1,40038278,,MITU BABY WIPES F&C BLOOMING CHERRY 30'S,3366,,3600,,,1,72,PC,,11,,2
3997,6,,,1,40038278_BD,,MITU BABY WIPES F&C BLOOMING CHERRY 30'S,3366,,3600,,,1,72,PC,,11,,2
3998,6,,,1,40039096,,MITU BW F&C BLOOMING CHERRY 30S,3366,,3600,,,1,72,PC,,11,,2
3999,6,,,1,40039096_BD,,MITU BW F&C BLOOMING CHERRY 30S,3366,,3600,,,1,72,PC,,11,,2
4000,6,,,1,40039248,,LEM TIKUS TRAP CAP GAJAH,11033,,11800,,,1,72,PC,,11,,2
4001,6,,,1,40039248_BD,,LEM TIKUS TRAP CAP GAJAH,11033,,11800,,,1,72,PC,,11,,2
4002,6,,,1,40039256_BD,,MITU F&C 30S RENCENG,3366,,3600,,,1,72,PC,,11,,2
4003,6,,,1,40039274,,HIT AER LILY BLOSSOM 600ML,27115,,29000,,,1,12,PC,,11,,2
4004,6,,,1,40039274_BD,,HIT AER LILY BLOSSOM 600ML,28564,,30550,,,1,12,PC,,11,,2
4006,6,,,1,40039285_BD,,HIT AER ORANGE 600ML,28564,,30550,,,1,12,PC,,11,,2
4007,6,,,1,40039286,,HIT AER FRESH CITRUS 600ML,27115,,29000,,,1,12,PC,,11,,2
4008,6,,,1,40039286_BD,,HIT AER FRESH CITRUS 600ML,28564,,30550,,,1,12,PC,,11,,2
4009,6,,,1,40039287,,HIT AER PINK BLOSSOM 600ML,27115,,29000,,,1,12,PC,,11,,2
4010,6,,,1,40039287_BD,,HIT AER PINK BLOSSOM 600ML,28564,,30550,,,1,12,PC,,11,,2
4011,6,,,1,40039288,,HIT AER LILY BLOSSOM 400ML,20429.75,,21850,,,1,12,PC,,11,,2
4012,6,,,1,40039288_BD,,HIT AER LILY BLOSSOM 400ML,21505,,23000,,,1,12,PC,,11,,2
4013,6,,,1,40039289,,HIT AER ORANGE 400ML,20429.75,,21850,,,1,12,PC,,11,,2
4014,6,,,1,40039289_BD,,HIT AER ORANGE 400ML,21505,,23000,,,1,12,PC,,11,,2
4015,6,,,1,40039290,,HIT AER FRESH CITRUS 400ML,20429.75,,21850,,,1,12,PC,,11,,2
4016,6,,,1,40039290_BD,,HIT AER FRESH CITRUS 400ML,21505,,23000,,,1,12,PC,,11,,2
4017,6,,,1,40039291,,HIT AER PINK BLOSSOM 400ML,20429.75,,21850,,,1,12,PC,,11,,2
4018,6,,,1,40039291_BD,,HIT AER PINK BLOSSOM 400ML,20429.75,,21850,,,1,12,PC,,11,,2
4019,6,,,1,40039292_BD,,HIT AER LILY BLOSSOM 200ML,12903,,13800,,,1,12,PC,,11,,2
4020,6,,,1,40039293_BD,,HIT AER ORANGE 200ML,12903,,13800,,,1,12,PC,,11,,2
4021,6,,,1,40039294_BD,,HIT AER LILY BLOSSOM 165ML,8424,,9010,,,1,12,PC,,11,,2
4022,6,,,1,40039295_BD,,HIT AER ORANGE 165ML,8424,,9010,,,1,12,PC,,11,,2
4023,6,,,1,40039308,,POLYTEX K SAMPAH M 60x80,12772,,13660,,,1,24,PC,,11,,2
4024,6,,,1,40039308_BD,,POLYTEX K SAMPAH M 60x80,12519.65,,13390,,,1,24,PC,,11,,2
4025,6,,,1,40039309,,POLYTEX K SAMPAH L 80x100,16503,,17650,,,1,24,PC,,11,,2
4026,6,,,1,40039309_BD,,POLYTEX K SAMPAH L 80x100,15708,,16800,,,1,24,PC,,11,,2
4027,6,,,1,40039310,,POLYTEX K SAMPAH XL 100x120,16503,,17650,,,1,24,PC,,11,,2
4028,6,,,1,40039310_BD,,POLYTEX K SAMPAH XL 100x120,15708,,16800,,,1,24,PC,,11,,2
4029,6,,,1,40039316_BD,,HIT AER JAPANESE SAKURA 200ML,12903,,13800,,,1,12,PC,,11,,2
4030,6,,,1,40039317,,HIT AER JAPANESE SAKURA 400ML,20429.75,,21850,,,1,12,PC,,11,,2
4031,6,,,1,40039317_BD,,HIT AER JAPANESE SAKURA 400ML,21505,,23000,,,1,12,PC,,11,,2
4032,6,,,1,40039318,,HIT AER JAPANESE SAKURA 600ML,27115,,29000,,,1,12,PC,,11,,2
4033,6,,,1,40039318_BD,,HIT AER JAPANESE SAKURA 600ML,27115,,29000,,,1,12,PC,,11,,2
4034,6,,,1,40039437,,STELLA MATIC MIX SET CP FOC 2STE 12 POCKET,56399.2,,60320,,,1,12,PC,,11,,2
4035,6,,,1,40039440_BD,,HIT AER LILY BLOSSOM 600ML SN,28412,,30550,,,1,12,PC,,11,,2
4036,6,,,1,40039441_BD,,HIT AER ORANGE 600ML SN,28564,,30550,,,1,12,PC,,11,,2
4037,6,,,1,40039443_BD,,HIT AER PINK BLOSSOM 600ML SN,28564,,30550,,,1,12,PC,,11,,2
4038,6,,,1,40039465_BD,,HIT AER LILY BLOSSOM 400ML SN,21505,,23000,,,1,12,PC,,11,,2
4039,6,,,1,40039466,,HIT AER ORANGE 400ML SN,20429.75,,21850,,,1,12,PC,,11,,2
4040,6,,,1,40039466_BD,,HIT AER ORANGE 400ML SN,21505,,23000,,,1,12,PC,,11,,2
4041,6,,,1,40039467_BD,,HIT AER FRESH CITRUS 400ML SN,21505,,23000,,,1,12,PC,,11,,2
4042,6,,,1,40039468 _BD,,HIT AER PINK BLOSSOM 400ML SN,0,,0,,,1,12,PC,,11,,2
4043,6,,,1,40039468_BD,,HIT AER PINK BLOSSOM 400ML SN,21505,,23000,,,1,12,PC,,11,,2
4044,6,,,1,40039470_BD,,HIT AER LILY BLOSSOM 200ML SN,12903,,13800,,,1,12,PC,,11,,2
4045,6,,,1,40039471_BD,,HIT AER ORANGE 200ML SN,12903,,13800,,,1,12,PC,,11,,2
4046,6,,,1,40039472_BD,,HIT AER JAPANESE SAKURA 200ML SN,12903,,13800,,,1,12,PC,,11,,2
4047,6,,,1,40041771,,PROCLIN PENGHILANG NODA 400ML SPOUT,17344,,18550,,,1,12,PC,,11,,2
4048,6,,,1,40041771_BD,,PROCLIN PENGHILANG NODA 400ML SPOUT,17344,,18550,,,1,12,PC,,11,,2
4049,6,,,1,40042087,,STELLA ELECTRIC DEVICE SET CP,22066,,23600,,,1,24,PC,,11,,2
4050,6,,,1,40042087_BD,,STELLA ELECTRIC DEVICE SET CP,22066,,23600,,,1,24,PC,,11,,2
4051,6,,,1,40042095,,STELLA ELEC REF LAVENDER BLOOM 25ML SP,12716,,13600,,,1,144,PC,,11,,2
4052,6,,,1,40042095_BD,,STELLA ELEC REF LAVENDER BLOOM 25ML SP,12716,,13600,,,1,144,PC,,11,,2
4053,6,,,1,40042096,,STELLA ELEC REF JASMINE BREEZE 25ML SP,12716,,13600,,,1,144,PC,,11,,2
4054,6,,,1,40042096_BD,,STELLA ELEC REF JASMINE BREEZE 25ML SP,12716,,13600,,,1,144,PC,,11,,2
4055,6,,,1,40042167,,PROCLIN PENGHILANG NODA PLUS SCH 25ML ND,673,,720,,,1,144,PC,,11,,2
4056,6,,,1,40042167_BD,,PROCLIN PENGHILANG NODA PLUS SCH 25ML ND,673,,720,,,1,144,PC,,11,,2
4057,6,,,1,40042168,,PROCLIN PENGHILANG NODA PLUS PCH 150ML ND,7433,,7950,,,1,24,PC,,11,,2
4058,6,,,1,40042168_BD,,PROCLIN PENGHILANG NODA PLUS PCH 150ML ND,7433,,7950,,,1,24,PC,,11,,2
4059,6,,,1,40042169,,PROCLIN PENGHILANG NODA PLUS PC 800ML ND,30014,,32100,,,1,12,PC,,11,,2
4060,6,,,1,40042169_BD,,PROCLIN PENGHILANG NODA PLUS PC 800ML ND,30014,,32100,,,1,12,PC,,11,,2
4061,6,,,1,40042844,,SHOCK ANTI SUMBAT 350GR,27489,,29400,,,1,24,PC,,11,,2
4062,6,,,1,40042844_BD,,SHOCK ANTI SUMBAT 350GR,27489,,29400,,,1,24,PC,,11,,2
4063,6,,,1,40043130,,HIT AEROSOL PINK BLOSSOM 150ML,8424,,9009.9,,,1,12,PC,,11,,2
4064,6,,,1,40043130_BD,,HIT AEROSOL PINK BLOSSOM 150ML,8424,,9009.9,,,1,12,PC,,11,,2
4065,6,,,1,40043133_BD,,HIT AEROSOL LILY BLOSSOM 150ML,8379.12,,9009.9,,,1,12,PC,,11,,2
4066,6,,,1,40043134_BD,,HIT AER ORANGE 150ML,8424,,9009.9,,,1,12,PC,,11,,2
4067,6,,,1,40043449,,STELLA AER ORANGE 140ML RJV,8509,,9100,,,1,12,PC,,11,,2
4068,6,,,1,40043449_BD,,STELLA AER ORANGE 140ML RJV,8509,,9100,,,1,12,PC,,11,,2
4069,6,,,1,40043450,,STELLA AER W.VERBENA 400ML RJV,20383,,21800,,,1,12,PC,,11,,2
4070,6,,,1,40043450_BD,,STELLA AER W.VERBENA 400ML RJV,20383,,21800,,,1,12,PC,,11,,2
4071,6,,,1,40043451,,STELLA AER R.KENANGA 400ML RJV,20383,,21800,,,1,12,PC,,11,,2
4072,6,,,1,40043451_BD,,STELLA AER R.KENANGA 400ML RJV,20383,,21800,,,1,12,PC,,11,,2
4073,6,,,1,40043452,,STELLA AER JAPANESE SAKURA 400ML RJV,20383,,21800,,,1,12,PC,,11,,2
4074,6,,,1,40043452_BD,,STELLA AER JAPANESE SAKURA 400ML RJV,20383,,21800,,,1,12,PC,,11,,2
4075,6,,,1,40043453,,STELLA AER S LAVENDER 400ML RJV,20383,,21800,,,1,12,PC,,11,,2
4076,6,,,1,40043453_BD,,STELLA AER S LAVENDER 400ML RJV,20383,,21800,,,1,12,PC,,11,,2
4077,6,,,1,40043454,,STELLA AER CAFFE LATTE 400ML RJV,20383,,21800,,,1,12,PC,,11,,2
4078,6,,,1,40043454_BD,,STELLA AER CAFFE LATTE 400ML RJV,20383,,21800,,,1,12,PC,,11,,2
4079,6,,,1,40043463,,STELLA AER LEMON 400ML RJV,20383,,21800,,,1,12,PC,,11,,2
4080,6,,,1,40043463_BD,,STELLA AER LEMON 400ML RJV,20383,,21800,,,1,12,PC,,11,,2
4081,6,,,1,40043464,,STELLA AER APPLE 400ML RJV,20383,,21800,,,1,12,PC,,11,,2
4082,6,,,1,40043464_BD,,STELLA AER APPLE 400ML RJV,20383,,21800,,,1,12,PC,,11,,2
4083,6,,,1,40043465,,STELLA AER ORANGE 400ML RJV,20383,,21800,,,1,12,PC,,11,,2
4084,6,,,1,40043465_BD,,STELLA AER ORANGE 400ML RJV,20383,,21800,,,1,12,PC,,11,,2
4085,6,,,1,40043466,,STELLA AER ORANGE 2X400ML MTP RJV,38616,,41300,,,1,6,PC,,11,,2
4086,6,,,1,40043466_BD,,STELLA AER ORANGE 2X400ML MTP RJV,38616,,41300,,,1,6,PC,,11,,2
4087,6,,,1,40043467,,STELLA AER APPLE 2X400ML MTP RJV,38616,,41300,,,1,6,PC,,11,,2
4088,6,,,1,40043467_BD,,STELLA AER APPLE 2X400ML MTP RJV,38616,,41300,,,1,6,PC,,11,,2
4089,6,,,1,40043469,,STELLA AER ORANGE 200ML RJV,14025,,15000,,,1,12,PC,,11,,2
4090,6,,,1,40043469_BD,,STELLA AER ORANGE 200ML RJV,14025,,15000,,,1,12,PC,,11,,2
4091,6,,,1,40043470,,STELLA AER APPLE 200ML RJV,14025,,15000,,,1,12,PC,,11,,2
4092,6,,,1,40043470_BD,,STELLA AER APPLE 200ML RJV,14025,,15000,,,1,12,PC,,11,,2
4093,6,,,1,40043471,,STELLA AER LEMON 200ML RJV,14025,,15000,,,1,12,PC,,11,,2
4094,6,,,1,40043471_BD,,STELLA AER LEMON 200ML RJV,14025,,15000,,,1,12,PC,,11,,2
4095,6,,,1,40043472,,STELLA AER JAPANESE SAKURA 200ML RJV,14025,,15000,,,1,12,PC,,11,,2
4096,6,,,1,40043472_BD,,STELLA AER JAPANESE SAKURA 200ML RJV,14025,,15000,,,1,12,PC,,11,,2
4097,6,,,1,40043482,,STELLA POCKET BATHROOM PURPLE RJV,6498.25,,6950,,,1,72,PC,,11,,2
4098,6,,,1,40043482_BD,,STELLA POCKET BATHROOM PURPLE RJV,6124,,6550,,,1,72,PC,,11,,2
4099,6,,,1,40043483,,STELLA POCKET BATHROOM ORANGE RJV,6498.25,,6950,,,1,72,PC,,11,,2
4100,6,,,1,40043483_BD,,STELLA POCKET BATHROOM ORANGE RJV,6498.25,,6950,,,1,72,PC,,11,,2
4101,6,,,1,40043484,,STELLA POCKET BATHROOM BLUE RJV,6498.25,,6950,,,1,72,PC,,11,,2
4102,6,,,1,40043484_BD,,STELLA POCKET BATHROOM BLUE RJV,5844,,6250,,,1,72,PC,,11,,2
4103,6,,,1,40043488,,STELLA AIO ORANGE 42+13GR(3+1) MTP RJV,31416,,33600,,,1,18,PC,,11,,2
4104,6,,,1,40043488_BD,,STELLA AIO ORANGE 42+13GR(3+1) MTP RJV,31416,,33600,,,1,18,PC,,11,,2
4105,6,,,1,40043489,,STELLA AIO LEMON 42+13GR(3+1)MTP RJV,31416,,33600,,,1,18,PC,,11,,2
4106,6,,,1,40043489_BD,,STELLA AIO LEMON 42+13GR(3+1)MTP RJV,31416,,33600,,,1,18,PC,,11,,2
4107,6,,,1,40043490,,STELLA AIO C LATTE 42+13GR(3+1) MTP RJV,31416,,33600,,,1,18,PC,,11,,2
4108,6,,,1,40043490_BD,,STELLA AIO C LATTE 42+13GR(3+1)MTP RJV,31416,,33600,,,1,18,PC,,11,,2
4109,6,,,1,40043491,,STELLA AIO LAVENDER 42+13GR(3+1)MTP RJV,31416,,33600,,,1,18,PC,,11,,2
4110,6,,,1,40043491_BD,,STELLA AIO LAVENDER 42+13GR(3+1)MTP RJV,31416,,33600,,,1,18,PC,,11,,2
4111,6,,,1,40043492,,STELLA MTC REF GREEN FANTASY 225ML RJV,26461,,28300,,,1,12,PC,,11,,2
4112,6,,,1,40043492_BD,,STELLA MTC REF GREEN FANTASY 225ML RJV,26461,,28300,,,1,12,PC,,11,,2
4113,6,,,1,40043494,,STELLA MTC REF APPLE FIESTA 225ML RJV,26461,,28300,,,1,12,PC,,11,,2
4114,6,,,1,40043494_BD,,STELLA MTC REF APPLE FIESTA 225ML RJV,26461,,28300,,,1,12,PC,,11,,2
4115,6,,,1,40043505,,STELLA POCKET BATHROOM GREEN RJV,6498.25,,6950,,,1,72,PC,,11,,2
4116,6,,,1,40043505_BD,,STELLA POCKET BATHROOM GREEN RJV,6498.25,,6950,,,1,72,PC,,11,,2
4117,6,,,1,40043506,,STELLA AIO LEMON 42+13GR RJV,8322,,8900,,,1,72,PC,,11,,2
4118,6,,,1,40043506_BD,,STELLA AIO LEMON 42+13GR RJV,8322,,8900,,,1,72,PC,,11,,2
4119,6,,,1,40043507,,STELLA AIO ORANGE 42+13GR RJV,8322,,8900,,,1,72,PC,,11,,2
4120,6,,,1,40043507_BD,,STELLA AIO ORANGE 42+13GR RJV,8322,,8900,,,1,72,PC,,11,,2
4121,6,,,1,40043508,,STELLA AIO APPLE 42+13GR RJV,8322,,8900,,,1,72,PC,,11,,2
4122,6,,,1,40043508_BD,,STELLA AIO APPLE 42+13GR RJV,8322,,8900,,,1,72,PC,,11,,2
4123,6,,,1,40043509,,STELLA AIO C.LATTE 42+13GR RJV,8322,,8900,,,1,72,PC,,11,,2
4124,6,,,1,40043509_BD,,STELLA AIO C.LATTE 42+13GR RJV,8322,,8900,,,1,72,PC,,11,,2
4125,6,,,1,40043510,,STELLA AIO LAVENDER 42+13GR RJV,8322,,8900,,,1,72,PC,,11,,2
4126,6,,,1,40043510_BD,,STELLA AIO LAVENDER 42+13GR RJV,8322,,8900,,,1,72,PC,,11,,2
4127,6,,,1,40043512,,STELLA MTC REF LEMON 225ML RJV,26461,,28300,,,1,12,PC,,11,,2
4128,6,,,1,40043512_BD,,STELLA MTC REF LEMON 225ML RJV,26461,,28300,,,1,12,PC,,11,,2
4129,6,,,1,40043513,,STELLA MTC REF ORANGE 225ML RJV,26461,,28300,,,1,12,PC,,11,,2
4130,6,,,1,40043513_BD,,STELLA MTC REF ORANGE 225ML RJV,26461,,28300,,,1,12,PC,,11,,2
4131,6,,,1,40043515,,STELLA MTC REF S.LAVENDER 225ML RJV,26461,,28300,,,1,12,PC,,11,,2
4132,6,,,1,40043515_BD,,STELLA MTC REF S.LAVENDER 225ML RJV,26461,,28300,,,1,12,PC,,11,,2
4133,6,,,1,40043516,,STELLA MTC REF W VERBENA 225ML RJV,26461,,28300,,,1,12,PC,,11,,2
4134,6,,,1,40043517,,STELLA MTC REF R KENANGA 225ML RJV,26461,,28300,,,1,12,PC,,11,,2
4135,6,,,1,40043517_BD,,STELLA MTC REF R KENANGA 225ML RJV,26461,,28300,,,1,12,PC,,11,,2
4136,6,,,1,40043518_BD,,STELLA MTC REF J.SAKURA 225ML RJV,26461,,28300,,,1,12,PC,,11,,2
4137,6,,,1,40043519_BD,,STELLA MTC REF W.FLOWER 225ML+TTKAN RJKV,26461,,28300,,,1,12,PC,,11,,2
4138,6,,,1,40043520,,STELLA MTC REF APPLE 2X225ML MTP RJV,50023,,53500,,,1,6,PC,,11,,2
4139,6,,,1,40043522,,STELLA MTC REF G.FANTASY 2X225ML MTP RJV,50023,,53500,,,1,6,PC,,11,,2
4140,6,,,1,40043523,,STELLA MTC REF ORANGE 2X225ML MTP RJV,50023,,53500,,,1,6,PC,,11,,2
4141,6,,,1,40043525,,STELLA MTC REF S.LAVENDER 2X225ML MTP RJV,50023,,53500,,,1,6,PC,,11,,2
4142,6,,,1,40043525_BD,,STELLA MTC REF S.LAVENDER 2X225 MTP RJV,47592,,50900,,,1,6,PC,,11,,2
4143,6,,,1,40043531,,MITU BABY WIPES ANTISEPTIC BOGOF 45S,10668,,11410,,,1,24,PC,,11,,2
4144,6,,,1,40043531_BD,,MITU BABY WIPES ANTISEPTIC BOGOF,10668,,11410,,,1,24,PC,,11,,2
4145,6,,,1,40043544_BD,,HIT AER PINK BLOSSOM 200ML,12903,,13800,,,1,12,PC,,11,,2
4146,6,,,1,40043770,,HIT AER LILY BLOSSOM 750ML.,35191.53,,37638,,,1,12,PC,,11,,2
4147,6,,,1,40043770_BD,,HIT AER LILY BLOSSOM 750ML,35191.53,,37638,,,1,12,PC,,11,,2
4148,6,,,1,40043771,,HIT AER ORANGE 750ML,35191.53,,37638,,,1,12,PC,,11,,2
4149,6,,,1,40043771_BD,,HIT AER ORANGE 750ML,35191.53,,37638,,,1,12,PC,,11,,2
4150,6,,,1,40043776,,HIT PIRAMIDA CLASSY LILY 4S,1590,,1700,,,1,120,PC,,11,,2
4151,6,,,1,40043776_BD,,HIT PIRAMIDA CLASSY LILY 4S,1590,,1700,,,1,120,PC,,11,,2
4152,6,,,1,40043777,,HIT PIRAMIDA FLORAL BLOSSOM 4S,1590,,1700,,,1,120,PC,,11,,2
4153,6,,,1,40043777_BD,,HIT PIRAMIDA FLORAL BLOSSOM 4S,1590,,1700,,,1,120,PC,,11,,2
4154,6,,,1,40043778,,HIT PIRAMIDA CLASSY LILY 10S,4002,,4280,,,1,36,PC,,11,,2
4155,6,,,1,40043778_BD,,HIT PIRAMIDA CLASSY LILY 10S,3740,,4000,,,1,36,PC,,11,,2
4156,6,,,1,40043779,,HIT PIRAMIDA FLORAL BLOSSOM 10S,4002,,4280,,,1,36,PC,,11,,2
4157,6,,,1,40043779_BD,,HIT PIRAMIDA FLORAL BLOSSOM 10S,3740,,4000,,,1,36,PC,,11,,2
4158,6,,,1,40043780,,HIT MAGIC FLORAL 4+2S.,673,,720,,,1,576,PC,,11,,2
4159,6,,,1,40043780_BD,,HIT MAGIC FLORAL 4+2S.,673,,720,,,1,576,PC,,11,,2
4160,6,,,1,40043781,,HIT MAGIC FRESH 4+2S,673,,720,,,1,576,PC,,11,,2
4161,6,,,1,40043781_BD,,HIT MAGIC FRESH 4+2S,673,,720,,,1,576,PC,,11,,2
4162,6,,,1,40043783,,HIT MAGIC FRESH 10S.,1851,,1980,,,1,144,PC,,11,,2
4163,6,,,1,40043783_BD,,HIT MAGIC FRESH 10S.,1776.5,,1900,,,1,144,PC,,11,,2
4164,6,,,1,40043784,,HIT MAGIC LILY BLOSSOM 4+2S.,673.2,,720,,,1,576,PC,,11,,2
4165,6,,,1,40043784_BD,,HIT MAGIC LILY BLOSSOM 4+2S.,673.2,,720,,,1,576,PC,,11,,2
4166,6,,,1,40044129,,HIT AEROSOL PINK BLOSSOM 150ML NP,8845,,9460,,,1,24,PC,,11,,2
4167,6,,,1,40044130,,HIT AEROSOL LILY BLOSSOM 150ML NP,8845,,9460,,,1,24,PC,,11,,2
4168,6,,,1,40044130_BD,,HIT AEROSOL LILY BLOSSOM 150ML NP,8845,,9460,,,1,24,PC,,11,,2
4170,6,,,1,40044131_BD,,HIT AEROSOL ORANGE 150ML NP,8845,,9460,,,1,24,PC,,11,,2
4171,6,,,1,40044140,,STELLA FUN & FRESH HAPPY DAY,7293,,7800,,,1,144,PC,,11,,2
4172,6,,,1,40044140_BD,,STELLA FUN & FRESH HAPPY DAY,7013,,7500,,,1,144,PC,,11,,2
4173,6,,,1,40044141,,STELLA FUN&FRESH FRUITY N FRESH,7293,,7800,,,1,144,PC,,11,,2
4174,6,,,1,40044141_BD,,STELLA FUN&FRESH FRUITY N FRESH,7013,,7500,,,1,144,PC,,11,,2
4175,6,,,1,40049586,,POLYTEX SABUT STAINLESS 40GR,4237.42,,4532,,,1,72,PC,,11,,2
4176,6,,,1,40049586_BD,,POLYTEX SABUT STAINLESS 40GR,4115.73,,4378.44,,,1,72,PC,,11,,2
4177,6,,,1,40049588,,KLINPAK ALUMUNIUM FOIL 5MX30CM,18204,,19470,,,1,12,PC,,11,,2
4178,6,,,1,40049588_BD,,KLINPAK ALUMUNIUM FOIL 5MX30CM,17671.5,,18900,,,1,12,PC,,11,,2
4179,6,,,1,40049639,,HIT POMPA PLASTIK ND,15708,,16800,,,1,120,PC,,11,,2
4180,6,,,1,40049639_BD,,HIT POMPA PLASTIK ND,14960,,16000,,,1,120,PC,,11,,2
4181,6,,,1,40049640,,HIT LIQUID LILY BLOSSOM 175ML ND,8686,,9290,,,1,24,PC,,11,,2
4182,6,,,1,40049640_BD,,HIT LIQUID LILY BLOSSOM 175ML ND,7901,,8450,,,1,24,PC,,11,,2
4183,6,,,1,40049641,,HIT LIQUID ORANGE 700 ML ND,30930,,33080,,,1,12,PC,,11,,2
4184,6,,,1,40049642,,HIT LIQUID LB 700ML BND HIT LB 175ML ND,30930,,33080,,,1,12,PC,,11,,2
4185,6,,,1,40049642_BD,,HIT LIQUID LB 700ML BND HIT LB 175ML ND,29452.5,,31500,,,1,12,PC,,11,,2
4186,6,,,1,40049644,,HIT AER LILY BLOSSOM 180ML DF,13161.06,,14076,,,1,12,PC,,11,,2
4187,6,,,1,40049644_BD,,HIT AER LILY BLOSSOM 180ML DF,13161.06,,14075,,,1,12,PC,,11,,2
4188,6,,,1,40049655,,HIT AER ORANGE 180ml DF,13161.06,,14076,,,1,12,PC,,11,,2
4189,6,,,1,40049655_BD,,HIT AER ORANGE 180ml DF,12903,,13800,,,1,12,PC,,11,,2
4190,6,,,1,40049656,,HIT AER PINK BLOSSOM 180ml DF,13161.06,,14076,,,1,12,PC,,11,,2
4191,6,,,1,40049656_BD,,HIT AER PINK BLOSSOM 180ml DF,13161.06,,14076,,,1,12,PC,,11,,2
4192,6,,,1,40049657,,HIT AER JAPANESE SAKURA 180ml DF,13161.06,,14076,,,1,12,PC,,11,,2
4193,6,,,1,40049657_BD,,HIT AER JAPANESE SAKURA 180ml DF,13161.06,,14076,,,1,12,PC,,11,,2
4194,6,,,1,40049678,,MITU BABY WIPES F&C PINK 25S RENCENG.,3366,,3600,,,1,72,PC,,11,,2
4195,6,,,1,40049678_BD,,MITU BABY WIPES F&C PINK 25S RENCENG.,3366,,3600,,,1,72,PC,,11,,2
4196,6,,,1,40049679,,MITU BABY WIPES F&C PINK 25S SINGLE,3366,,3600,,,1,72,PC,,11,,2
4197,6,,,1,40049679_BD,,MITU BABY WIPES F&C PINK 25S SINGLE,4336,,3600,,,1,72,PC,,11,,2
4198,6,,,1,40049680,,MITU BABY WIPES F&C BLUE 25S SINGLE,3366,,3600,,,1,72,PC,,11,,2
4199,6,,,1,40049680_BD,,MITU BABY WIPES F&C BLUE 25S SINGLE,3366,,3600,,,1,72,PC,,11,,2
4200,6,,,1,40049686,,STELLA DF CAR+INDOOR ROSE KISS MTP RJV,15044,,16090,,,1,72,PC,,11,,2
4201,6,,,1,40049686_BD,,STELLA DF CAR+INDOOR ROSE KISS MTP RJV,13932,,14900,,,1,72,PC,,11,,2
4202,6,,,1,40049687,,STELLA DF CAR+INDOOR ORANGE SUNKIST MTP,15044.15,,16090,,,1,72,PC,,11,,2
4203,6,,,1,40049687_BD,,STELLA DF CAR+INDOOR ORANGE SUNKIST MTP,13932,,14900,,,1,72,PC,,11,,2
4204,6,,,1,40049688,,STELLA DF CAR+INDOOR LILY DREAM MTP RJV,15044,,16090,,,1,72,PC,,11,,2
4205,6,,,1,40049688_BD,,STELLA DF CAR+INDOOR LILY DREAM MTP RJV,13277,,14200,,,1,72,PC,,11,,2
4206,6,,,1,40049689,,STELLA DF CAR+INDOOR VANILLA TWIST MTP,15044,,16090,,,1,72,PC,,11,,2
4207,6,,,1,40049690,,STELLA DF CAR+INDOOR ROSE KISS RJV,11668.8,,12480,,,1,72,PC,,11,,2
4208,6,,,1,40049690_BD,,STELLA DF CAR+INDOOR ROSE KISS RJV,11220,,12000,,,1,72,PC,,11,,2
4209,6,,,1,40049691,,STELLA DF CAR+INDOOR ORANGE SUNKIST RJV,11668.8,,12480,,,1,72,PC,,11,,2
4210,6,,,1,40049691_BD,,STELLA DF CAR+INDOOR ORANGE SUNKIST RJV,11220,,12000,,,1,72,PC,,11,,2
4211,6,,,1,40049692,,STELLA DF CAR+INDOOR LILY DREAM RJV,11668.8,,12480,,,1,72,PC,,11,,2
4212,6,,,1,40049692_BD,,STELLA DF CAR+INDOOR LILY DREAM RJV,11220,,12000,,,1,72,PC,,11,,2
4213,6,,,1,40049693,,STELLA DF CAR+INDOOR VANILLA TWIST RJV,11668.8,,12480,,,1,72,PC,,11,,2
4214,6,,,1,40049693_BD,,STELLA DF CAR+INDOOR VANILLA TWIST RJV,11220,,12000,,,1,72,PC,,11,,2
4215,6,,,1,40049694,,NYU HENNA SHAMPOO HAIR COLOR-BLUE BLACK-5 MIN,8177.51,,8746,,,1,72,PC,,11,,2
4216,6,,,1,40049694_BD,,NYU HENNA SHAMPOO HAIR COLOR-BLUE BLACK-5 MIN,8177.51,,8746,,,1,72,PC,,11,,2
4217,6,,,1,40049695,,NYU CREME HAIR COLOR MP-N BLACK 2X30+30,18607,,19900,,,1,24,PC,,11,,2
4218,6,,,1,40049695_BD,,NYU CREME HAIR COLOR MP-N BLACK 2X30+30,18607,,19900,,,1,24,PC,,11,,2
4219,6,,,1,40049944,,STELLA MTC REF B. JASMINE S 160ML RJV.,26461,,28300,,,1,12,PC,,11,,2
4220,6,,,1,40049944_BD,,STELLA MTC REF B. JASMINE S 160ML RJV.,26461,,28300,,,1,12,PC,,11,,2
4221,6,,,1,40049965,,STELLA AER B JASMINE S 200ML RJV,14025,,15000,,,1,12,PC,,11,,2
4222,6,,,1,40049965_BD,,STELLA AER B JASMINE S 200ML RJV,14025,,15000,,,1,12,PC,,11,,2
4223,6,,,1,40049966,,STELLA AER B JASMINE S 400ML RJV,20383,,21800,,,1,12,PC,,11,,2
4224,6,,,1,40049966_BD,,STELLA AER B JASMINE S 400ML RJV,20383,,21800,,,1,12,PC,,11,,2
4225,6,,,1,40049974,,STELLA AIO BOUGENVILLE 42+13GR FOC PROCL,8322,,8900,,,1,72,PC,,11,,2
4226,6,,,1,40049974_BD,,STELLA AIO BOUGENVILLE 42+13GR FOC PROCL,8322,,8900,,,1,72,PC,,11,,2
4868,82,,,1,730043_MT,,MAINAN MEKANIK 362 48/CT,18040,,20500,,,1,48,PC,,11,,2
4227,6,,,1,40049989_BD,,STELLA AIO LEMON 42+13GR FOC PROCLINPN,8322,,8900,,,1,72,PC,,11,,2
4228,6,,,1,40049990,,STELLA AIO ORANGE 42+13GR FOC PROCLINPN,8322,,8900,,,1,72,PC,,11,,2
4229,6,,,1,40049990_BD,,STELLA AIO ORANGE 42+13GR FOC PROCLINPN,8322,,8900,,,1,72,PC,,11,,2
4230,6,,,1,40049991,,STELLA AIO APPLE 42+13GR FOC PROCLINPN,8322,,8900,,,1,72,PC,,11,,2
4231,6,,,1,40049991_BD,,STELLA AIO APPLE 42+13GR FOC PROCLINPN,8322,,8900,,,1,72,PC,,11,,2
4232,6,,,1,40049992,,STELLA AIO C.LATTE 42+13GR FOC PROCLINPN,8322,,8900,,,1,72,PC,,11,,2
4233,6,,,1,40049992_BD,,STELLA AIO C.LATTE 42+13GR FOC PROCLINPN,8322,,8900,,,1,72,PC,,11,,2
4234,6,,,1,40049993,,STELLA AIO LVNDR 42+13GR FOC PROCLINPN,8322,,8900,,,1,72,PC,,11,,2
4235,6,,,1,40049994,,HIT MAT GK REFILL 15S,2693,,2880.18,,,1,144,PC,,11,,2
4236,6,,,1,40049994_BD,,HIT MAT GK REFILL 15S,2693,,2880.18,,,1,144,PC,,11,,2
4237,6,,,1,40049995,,STELLA AIO SENSATION 42+13GR FOC PROCLINPN,8322,,8900,,,1,72,PC,,11,,2
4238,6,,,1,40050005,,HIT MAT GK NO DEVICE 6S.,4768.5,,5100,,,1,48,PC,,11,,2
4239,6,,,1,40050005_BD,,HIT MAT GT NO DEVICE 6S.,4768.5,,5100,,,1,48,PC,,11,,2
4240,6,,,1,40050006,,HIT MAT GK DEVICE WITH CABLE 6S,8415,,9000,,,1,48,PC,,11,,2
4241,6,,,1,40050006_BD,,HIT MAT GK DEVICE WITH CABLE 6S,8089.62,,8652,,,1,48,PC,,11,,2
4242,6,,,1,40050027,,STELLA MTC REF GREEN FANTASY 160ML RJV,26461,,28300,,,1,12,PC,,11,,2
4243,6,,,1,40050027_BD,,STELLA MTC REF GREEN FANTASY 160ML RJV,26461,,28300,,,1,12,PC,,11,,2
4244,6,,,1,40050028,,STELLA MTC REF LEMON 160ML RJV,26461,,28300,,,1,12,PC,,11,,2
4245,6,,,1,40050028_BD,,STELLA MTC REF LEMON 160ML RJV,26461,,28300,,,1,12,PC,,11,,2
4246,6,,,1,40050029,,STELLA MTC REF ORANGE 160ML RJVL,26461,,28300,,,1,12,PC,,11,,2
4247,6,,,1,40050029_BD,,STELLA MTC REF ORANGE 160ML RJV,26461,,28300,,,1,12,PC,,11,,2
4248,6,,,1,40050030,,STELLA MTC REF C LATTE 160ML RJV,26461,,28300,,,1,12,PC,,11,,2
4249,6,,,1,40050030_BD,,STELLA MTC REF C LATTE 160ML RJV,26461,,28300,,,1,12,PC,,11,,2
4250,6,,,1,40050031,,STELLA MTC REF APPLE 160ML RJV,26461,,28300,,,1,12,PC,,11,,2
4251,6,,,1,40050031_BD,,STELLA MTC REF APPLE 160ML RJV,26460.5,,28300,,,1,12,PC,,11,,2
4252,6,,,1,40050032,,STELLA MTC REG S LAVENDER 160ML RJV,26461,,28300,,,1,12,PC,,11,,2
4253,6,,,1,40050032_BD,,STELLA MTC REF S LAVENDER 160ML RJV,26460.5,,28300,,,1,12,PC,,11,,2
4254,6,,,1,40050033,,STELLA MTC REF W.VERBENA 160ML RJV,26461,,28300,,,1,12,PC,,11,,2
4255,6,,,1,40050033_BD,,STELLA MTC REF W.VERBENA 160ML RJV,26460.5,,28300,,,1,12,PC,,11,,2
4256,6,,,1,40050034,,STELLA MTC REF R KENANGA 160ML RJV,26461,,28300,,,1,12,PC,,11,,2
4257,6,,,1,40050034_BD,,STELLA MTC REF R KENANGA 160ML RJV,26461,,28300,,,1,12,PC,,11,,2
4258,6,,,1,40050038,,STELLA AIO B JASMINE 42+13GR RJV,8322,,8900,,,1,72,PC,,11,,2
4259,6,,,1,40050038_BD,,STELLA AIO B JASMINE 42+13GR RJV,8322,,8900,,,1,72,PC,,11,,2
4260,6,,,1,40050045,,STELLA MTC REF J SAKURA 160ML RJV,26461,,28300,,,1,12,PC,,11,,2
4261,6,,,1,40050045_BD,,STELLA MTC REF J SAKURA 160ML RJV,26461,,28300,,,1,12,PC,,11,,2
4262,6,,,1,40050046,,STELLA MTC REF W.FLOWER 160ML+TTKAN RJV,26460.5,,28300,,,1,12,PC,,11,,2
4263,6,,,1,40050046_BD,,STELLA MTC REF W.FLOWER 160ML+TTKAN RJV,26460.5,,28300,,,1,12,PC,,11,,2
4264,6,,,1,40050047,,STELLA MTC REF APPLE 2X160ML MTP RJV,50023,,53500,,,1,6,PC,,11,,2
4265,6,,,1,40050047_BD,,STELLA MTC REF APPLE 2X160ML MTP RJV,50023,,53500,,,1,6,PC,,11,,2
4266,6,,,1,40050048,,STELLA MTC REF J SAKURA 2X160ML MTP RJV,50023,,53500,,,1,6,PC,,11,,2
4267,6,,,1,40050048_BD,,STELLA MTC REF J SAKURA 2X160ML MTP RJV,50023,,53500,,,1,6,PC,,11,,2
4268,6,,,1,40050049,,STELLA MTC REF G.FANTASY 2X160ML MTP RJV,50023,,53500,,,1,6,PC,,11,,2
4269,6,,,1,40050050,,STELLA MRC REF ORANGE 2X160ML MTF,50023,,53500,,,1,6,PC,,11,,2
4270,6,,,1,40050050_BD,,STELLA MRC REF ORANGE 2X160ML MTF,47592,,50900,,,1,6,PC,,11,,2
4271,6,,,1,40050051,,STELLA MTC REF C LATTE 2X160ML MTP RJV,50023,,53500,,,1,6,PC,,11,,2
4272,6,,,1,40050051_BD,,STELLA MTC REF C LATTE 2X160ML MTP RJV,50023,,53500,,,1,6,PC,,11,,2
4273,6,,,1,40050052,,STELLA MTC REF S.LAVENDER 2X160 MTP RJV,50023,,53500,,,1,6,PC,,11,,2
4274,6,,,1,40050200,,STELLA DF CAR+INDOOR AQUA FRESH RJV,11220,,12000,,,1,72,PC,,11,,2
4275,6,,,1,40050200_BD,,STELLA DF CAR+INDOOR AQUA FRESH RJV,11220,,12000,,,1,72,PC,,11,,2
4276,6,,,1,40050202,,STELLA DF CAR+INDOOR MUSK AFTER S RJV,11668.8,,12480,,,1,72,PC,,11,,2
4277,6,,,1,40050202_BD,,STELLA DF CAR+INDOOR MUSK AFTER S RJV,11220,,12000,,,1,72,PC,,11,,2
4278,6,,,1,40050291,,MITU BABY ESSENTIAL GIFT SET,43889,,46940,,,1,24,PC,,11,,2
4279,6,,,1,40050292,,POLYTEX SABUT JARING 5K,2992,,3200,,,1,72,PC,,11,,2
4280,6,,,1,40050292_BD,,POLYTEX SABUT JARING 5K,2992,,3200,,,1,72,PC,,11,,2
4281,6,,,1,40050313,,MITU BABY PREMIUM GIFT SET,80410,,86000,,,1,6,PC,,11,,2
4282,6,,,1,40050322,,HIT AER LAVENDER BREEZE 600ML,27115,,29000,,,1,12,PC,,11,,2
4283,6,,,1,40050322_BD,,HIT AER LAVENDER BREEZE 600ML,28564.25,,30550,,,1,12,PC,,11,,2
4284,6,,,1,40050345,,POLYTEX MTP SPON EXTRA BERSIH ISI 3,12669,,13550,,,1,80,PC,,11,,2
4285,6,,,1,40050345_BD,,POLYTEX MTP SPON EXTRA BERSIH ISI 3,12061.5,,12900,,,1,80,PC,,11,,2
4286,6,,,1,40050347,,POLYTEX MTP SPON EXTRA BERSIH ISI 5,17681,,18910,,,1,48,PC,,11,,2
4287,6,,,1,40050347_BD,,POLYTEX MTP SPON EXTRA BERSIH ISI 5,17334.9,,18540,,,1,48,PC,,11,,2
4288,6,,,1,40050348,,POLYTEX MTP SS 20GR EXTRA BERSIH ISI 3,11585,,12390,,,1,24,PC,,11,,2
4289,6,,,1,40050348_BD,,POLYTEX MTP SS 20GR EXTRA BERSIH ISI 3,11033,,11800,,,1,24,PC,,11,,2
4290,6,,,1,40050816,,HIT AER LAVENDER BREEZE 400ML,20429.75,,21850,,,1,12,PC,,11,,2
4291,6,,,1,40050816_BD,,HIT AER LAVENDER BREEZE 400ML,21505,,23750,,,1,12,PC,,11,,2
4292,6,,,1,40050838,,STELLA FUN&FRESH CARAMEL MACHIATO SP,7293,,7800,,,1,144,PC,,11,,2
4293,6,,,1,40050838_BD,,STELLA FUN&FRESH CARAMEL MACHIATO SP,7013,,7500,,,1,144,PC,,11,,2
4294,6,,,1,40050839,,STELLA FUN&FRESH SAKURA BLOSSOM SP,7293,,7800,,,1,144,PC,,11,,2
4295,6,,,1,40050840,,STELLA POCKET BATHROOM EXOTIC FRUIT,6498.25,,6950,,,1,72,PC,,11,,2
4296,6,,,1,40050840_BD,,STELLA POCKET BATHROOM EXOTIC FRUIT,6124,,6550,,,1,72,PC,,11,,2
4297,6,,,1,40050841,,STELLA POCKET BATHROOM LUXURIOUS FLOWER,6498.25,,6950,,,1,72,PC,,11,,2
4298,6,,,1,40050841_BD,,STELLA POCKET BATHROOM LUXURIOUS FLOWER,6498.25,,6950,,,1,72,PC,,11,,2
4299,6,,,1,40056226,,HIT MAT GK REFILL 30S (18+12S) GREEN TEA,5544.55,,5930,,,1,144,PC,,11,,2
4300,6,,,1,40056226_BD,,HIT MAT GK REFILL 30S (18+12S) GREEN TEA,5544.55,,5930,,,1,144,PC,,11,,2
4301,6,,,1,40056227,,HIT MAT GK REFILL 30S (18+12S) CLASSIC.,5544.55,,5930,,,1,144,PC,,11,,2
4302,6,,,1,40056227_BD,,HIT MAT GK REFILL 30S (18+12S) CLASSIC.,5544.55,,5930,,,1,144,PC,,11,,2
4303,6,,,1,40056228,,HIT MAT GK REFILL 60S (48+12S) GREEN TEA,10874.05,,11630,,,1,72,PC,,11,,2
4304,6,,,1,40056228_BD,,HIT MAT GK REFILL 60S (48+12S) GREEN TEA,10874.05,,11630,,,1,72,PC,,11,,2
4305,6,,,1,40056229,,HIT MAT GK REFILL 60S (48+12S) CLASSIC,10874.05,,11630,,,1,72,PC,,11,,2
4306,6,,,1,40056229_BD,,HIT MAT GK REFILL 60S (48+12S) CLASSIC,10874.05,,11630,,,1,72,PC,,11,,2
4307,6,,,1,40056279,,STELLA POCKET BATHROOM RJV-MTP 4PC,21598.5,,23100,,,1,18,PK,,11,,2
4308,6,,,1,40056279_BD,,STELLA POCKET BATHROOM RJV-MTP 4PC,21598.5,,23100,,,1,18,PK,,11,,2
4309,6,,,1,40056280,,NYU CREME GOLDEN BROWN,12997,,13900,,,1,24,PC,,11,,2
4310,6,,,1,40056280_BD,,NYU CREME GOLDEN BROWN,12997,,13900,,,1,24,PC,,11,,2
4311,6,,,1,40056288,,BIOSOL POUCH 400 ML BUY 1 GET 1,9070,,9700,,,1,6,PC,,11,,2
4312,6,,,1,40056288_BD,,BIOSOL POUCH 400 ML BUY 1 GET 1,9070,,9700,,,1,6,PC,,11,,2
4313,6,,,1,40056289,,BIOSOL POUCH 700 ML BUY 1 GET 1,15082,,16130,,,1,6,PC,,11,,2
4314,6,,,1,40056289_BD,,BIOSOL POUCH 700 ML BUY 1 GET 1,15082,,16130,,,1,6,PC,,11,,2
4315,6,,,1,40056830,,HIT ANTI KECOA GEL 20GR FB,48209,,51560,,,1,12,PC,,11,,2
4316,6,,,1,40057115,,NYU HENNA SHAMPOO HC BURGUNDY-5MIN.,8177.51,,8746,,,1,72,PC,,11,,2
4317,6,,,1,40057115_BD,,NYU HENNA SHAMPOO HC BURGUNDY-5MIN.,8177.51,,8746,,,1,72,PC,,11,,2
4318,6,,,1,40057116,,NYU HENNA SHAMPOO HC NAT BLACK-5MIN,8177.51,,8746,,,1,72,PC,,11,,2
4319,6,,,1,40057116_BD,,NYU HENNA SHAMPOO HC NAT BLACK-5MIN,8177.51,,8746,,,1,72,PC,,11,,2
4320,6,,,1,40057117,,NYU HENNA SHAMPOO HC NAT BROWN-5 MIN.,8177.51,,8746,,,1,72,PC,,11,,2
4321,6,,,1,40057117_BD,,NYU HENNA SHAMPOO HC NAT BROWN-5 MIN.,8177.51,,8746,,,1,72,PC,,11,,2
4322,6,,,1,40057196,,STELLA AIO MTP ORANGE FREE PROCLIN 150M,31416,,33600,,,1,18,PC,,11,,2
4323,6,,,1,40057196_BD,,STELLA AIO MTP ORANGE FREE PROCLIN 150M,31416,,33600,,,1,18,PC,,11,,2
4324,6,,,1,40057197,,PROCLIN PN 400ML FREE POLYTEX EKS BERSIH,17344,,18550,,,1,12,PC,,11,,2
4325,6,,,1,40057198,,HIT MAT GK REFILL 60(48+12S)PINK BLOSSOM,10874.05,,11630,,,1,72,PC,,11,,2
4326,6,,,1,40057198_BD,,HIT MAT GK REFILL 60(48+12S)PINK BLOSSOM,10874.05,,11630,,,1,72,PC,,11,,2
4327,6,,,1,40057199,,HIT MATGK REFILL 30(18+12S) PINK BLOSSOM,5544.55,,5930,,,1,144,PC,,11,,2
4328,6,,,1,40057199_BD,,HIT MATGK REFILL 30(18+12S) PINK BLOSSOM,5544.55,,5930,,,1,144,PC,,11,,2
4329,6,,,1,40057200,,HIT LV GOODKNIGHT XPRESS SET NP,14493,,15500,,,1,24,PC,,11,,2
4330,6,,,1,40057200_BD,,HIT LV GOODKNIGHT XPRESS SET NP,14493,,15500,,,1,24,PC,,11,,2
4331,6,,,1,40057201,,HIT LV GOODKNIGHT XPRESS REF APPLE NP,12248.5,,13100,,,1,144,PC,,11,,2
4332,6,,,1,40057201_BD,,HIT LV GOODKNIGHT XPRESS REF APPLE NP,12248.5,,13100,,,1,144,PC,,11,,2
4333,6,,,1,40057203,,HIT LV GOODNIGHT XPRESS REFILL FRESH NF,12249,,13100,,,1,144,PC,,11,,2
4334,6,,,1,40057203_BD,,HIT LV GOODNIGHT XPRESS REFILL FRESH NF,12248,,13100,,,1,144,PC,,11,,2
4335,6,,,1,40057312,,STELLA AIO BJS FREE PROC PN SCH,8322,,8900,,,1,72,PC,,11,,2
4336,6,,,1,40057315,,HIT LV XPRESS REF PINK BLOSSOM NP,12248.5,,13100,,,1,144,PC,,11,,2
4337,6,,,1,40057315_BD,,HIT LV XPRESS REF PINK BLOSSOM NP,12248.5,,13100,,,1,144,PC,,11,,2
4338,6,,,1,40057316,,HIT LV GOODKNIGHT NON-STOP SET NF,14867,,15900,,,1,24,PC,,11,,2
4339,6,,,1,40057316_BD,,HIT LV GOODKNIGHT NON-STOP SET NF,14867,,15900,,,1,24,PC,,11,,2
4340,6,,,1,40057317,,HIT LV GOODKNIGHT NONSTOP REFILL FRESH NP,12248.5,,13100,,,1,144,PC,,11,,2
4341,6,,,1,40057317_BD,,HIT LV GOODKNIGHT NONSTOP REFILL FRESH NP,12248.5,,13100,,,1,144,PC,,11,,2
4342,6,,,1,40057318,,HIT LV GOODKNIGHT NONSTOP REF CLASSIC N,12249,,13100,,,1,144,PC,,11,,2
4343,6,,,1,40057318_BD,,HIT LV GOODKNIGHT NONSTOP REF CLASSIC N,12249,,13100,,,1,144,PC,,11,,2
4344,6,,,1,40057355,,HIT AEROSOL LAVENDER BREEZE 750ML,35191.53,,37638,,,1,12,PC,,11,,2
4345,6,,,1,40057355_BD,,HIT AEROSOL LAVENDER BREEZE 750ML,35191.53,,37638,,,1,12,PC,,11,,2
4346,6,,,1,40057427,,STELLA MATIC BOXSET B JASMINE S EDITION,56399.2,,60320,,,1,12,PC,,11,,2
4347,6,,,1,40057428,,LEM TUBE CAP GAJAH 50ML,7489,,8010,,,1,144,PC,,11,,2
4348,6,,,1,40057428_BD,,LEM TUBE CAP GAJAH 50ML,7200,,7668,,,1,144,PC,,11,,2
4349,6,,,1,40057465,,STELLA AER APPLE 350ML RJV,20383,,21800,,,1,12,PC,,11,,2
4350,6,,,1,40057465_BD,,STELLA AER APPLE 350ML RJV,20383,,21800,,,1,12,PC,,11,,2
4351,6,,,1,40057466,,STELLA AER LEMON 350ML RJV,20383,,21800,,,1,12,PC,,11,,2
4352,6,,,1,40057466_BD,,STELLA AER LEMON 350ML RJV,20383,,21800,,,1,12,PC,,11,,2
4353,6,,,1,40057467,,STELLA AER CAFFE LATTE 350ML RJV,20383,,21800,,,1,12,PC,,11,,2
4354,6,,,1,40057467_BD,,STELLA AER CAFFE LATTE 350ML RJV,20383,,21800,,,1,12,PC,,11,,2
4355,6,,,1,40057468,,STELLA AER S.LAVENDER 350ML RJV,20383,,21800,,,1,12,PC,,11,,2
4356,6,,,1,40057468_BD,,STELLA AER S.LAVENDER 350ML RJV,20383,,21800,,,1,12,PC,,11,,2
4357,6,,,1,40057469,,STELLA AER JAPANESE SAKURA 350ML RJV,20383,,21800,,,1,12,PC,,11,,2
4358,6,,,1,40057469_BD,,STELLA AER JAPANESE SAKURA 350ML RJV,20383,,21800,,,1,12,PC,,11,,2
4359,6,,,1,40057470,,STELLA AER R.KENANGA 350ML RJV,20383,,21800,,,1,12,PC,,11,,2
4360,6,,,1,40057471,,STELLA AER W.VERBENA 350ML RJV,20383,,21800,,,1,12,PC,,11,,2
4361,6,,,1,40057472,,STELLA AER B.JASMINE S 350ML RJV,20383,,21800,,,1,12,PC,,11,,2
4362,6,,,1,40057472_BD,,STELLA AER B.JASMINE S 350ML RJV,20383,,21800,,,1,12,PC,,11,,2
4363,6,,,1,40057473,,STELLA AER ORANGE 350ML RJV,20383,,21800,,,1,12,PC,,11,,2
4364,6,,,1,40057473_BD,,STELLA AER ORANGE 350ML RJV,20383,,21800,,,1,12,PC,,11,,2
4365,6,,,1,40057474,,STELLA AER LEMON 175ML RJV,14025,,15000,,,1,12,PC,,11,,2
4366,6,,,1,40057474_BD,,STELLA AER LEMON 175ML RJV,14025,,15000,,,1,12,PC,,11,,2
4367,6,,,1,40057475,,STELLA AER APPLE 175ML RJV,14025,,15000,,,1,12,PC,,11,,2
4368,6,,,1,40057475_BD,,STELLA AER APPLE 175ML RJV,14025,,15000,,,1,12,PC,,11,,2
4369,6,,,1,40057476,,STELLA AER ORANGE 175ML RJV,14025,,15000,,,1,12,PC,,11,,2
4370,6,,,1,40057476_BD,,STELLA AER ORANGE 175ML RJV,14025,,15000,,,1,12,PC,,11,,2
4371,6,,,1,40057477,,STELLA AER B.JASMINE S 175ML RJV,14025,,15000,,,1,12,PC,,11,,2
4372,6,,,1,40057477_BD,,STELLA AER B.JASMINE S 175ML RJV,14025,,15000,,,1,12,PC,,11,,2
4373,6,,,1,40057478,,STELLA AER SECRET LAVENDER 175ML RJV,14025,,15000,,,1,12,PC,,11,,2
4374,6,,,1,40057478_BD,,STELLA AER SECRET LAVENDER 175ML RJV,14025,,15000,,,1,12,PC,,11,,2
4375,6,,,1,40057479,,STELLA AER JAPANESE SAKURA 175ML RJV,14025,,15000,,,1,12,PC,,11,,2
4376,6,,,1,40057479_BD,,STELLA AER JAPANESE SAKURA 175ML RJV,14025,,15000,,,1,12,PC,,11,,2
4377,6,,,1,40057480,,STELLA AER CAFFE LATTE 175ML RJV,14025,,15000,,,1,12,PC,,11,,2
4378,6,,,1,40057480_BD,,STELLA AER CAFFE LATTE 175ML RJV,14025,,15000,,,1,12,PC,,11,,2
4379,6,,,1,40057576,,STELLA MATIC BOX SET+FREE AEROSOL 140ML,56399.2,,60320,,,1,12,PC,,11,,2
4380,6,,,1,40057598,,HIT ANTI KECOA AEROSOL 150ML NP,14642,,15660,,,1,12,PC,,11,,2
4381,6,,,1,40057599,,STELLA HANG N FLIP JASMINE FLOW 9ML,18110.01,,19369,,,1,24,PC,,11,,2
4382,6,,,1,40057600,,STELLA HANG N FLIP AQUA REFLECTION 9ML,18110.01,,19369,,,1,24,PC,,11,,2
4383,6,,,1,40057615,,POLYTEX SPON REGULER NEW,2292.06,,2451,,,1,288,PC,,11,,2
4384,6,,,1,40057615_BD,,POLYTEX SPON REGULER NEW,2225.3,,2380,,,1,288,PC,,11,,2
4385,6,,,1,40057616,,STELLA AER APPLE 2X350ML MTP RJV,38616,,41300,,,1,6,PC,,11,,2
4386,6,,,1,40057617,,STELLA AER ORANGE 2X350ML MTP RJV,38616,,41300,,,1,6,PC,,11,,2
4387,6,,,1,40057692,,STELLA FUN & FRESH ICED SENSATION,7293,,7800,,,1,144,PC,,11,,2
4388,6,,,1,40057692_BD,,STELLA FUN & FRESH ICED SENSATION,7013,,7500,,,1,144,PC,,11,,2
4389,6,,,1,40057762,,POLYTEX SPON REG JUM B2B PRO,6091.06,,6438,,,1,48,PC,,11,,2
4390,6,,,1,40057840,,STELLA AER JEJU ORANGE 350ML,20383,,21800,,,1,12,PC,,11,,2
4391,6,,,1,40057840_BD,,STELLA AER JEJU ORANGE 350ML,20383,,21800,,,1,12,PC,,11,,2
4392,6,,,1,40057841,,STELLA AER JEJU ORANGE 2X350ML MTP,38616,,41300,,,1,6,PC,,11,,2
4393,6,,,1,40057842,,STELLA AER JEJU ORANGE 175ML.,14025,,15000,,,1,12,PC,,11,,2
4394,6,,,1,40057842_BD,,STELLA AER JEJU ORANGE 175ML.,14025,,15000,,,1,12,PC,,11,,2
4395,6,,,1,40057843,,STELLA AER JEJU ORANGE 140ML.,8508.5,,9100,,,1,12,PC,,11,,2
4396,6,,,1,40057843_BD,,STELLA AER JEJU ORANGE 140ML.,8508.5,,9100,,,1,12,PC,,11,,2
4397,6,,,1,40057844,,STELLA MTC REF JEJU ORANGE 160 ML,26461,,28300,,,1,12,PC,,11,,2
4398,6,,,1,40057844_BD,,STELLA MTC REF JEJU ORANGE 160 ML,26461,,28300,,,1,12,PC,,11,,2
4399,6,,,1,40057865,,HIT AER PINK BLOSSOM 150ML 13.000,9257,,9900,,,1,24,PC,,11,,2
4400,6,,,1,40057865_BD,,HIT AER PINK BLOSSOM 150ML 13.000,9257,,9900,,,1,24,PC,,11,,2
4401,6,,,1,40057866,,HIT AEROSOL LILY BLOSSOM 150ML 13.000,9257,,9900,,,1,24,PC,,11,,2
4402,6,,,1,40057866_BD,,HIT AEROSOL LILY BLOSSOM 150ML 13.000,9257,,9900,,,1,24,PC,,11,,2
4403,6,,,1,40057867,,HIT AEROSOL ORANGE 150ML 13.000,9257,,9900,,,1,24,PC,,11,,2
4404,6,,,1,40057867_BD,,HIT AEROSOL ORANGE 150ML 13.000,9257,,9900,,,1,24,PC,,11,,2
4405,6,,,1,40057947,,SANITER AEROSOL 200ML B2B PRO,20870,,22321,,,1,12,PC,,11,,2
4406,6,,,1,40058055,,POLYTEX PKT SBTSPON EBTL 2S NEW,9715,,10390,,,1,120,PC,,11,,2
4407,6,,,1,40058056,,POLYTEX PKT SBTSPON REG 2S NEW,8247,,8820,,,1,120,PC,,11,,2
4408,6,,,1,40058056_BD,,POLYTEX PKT SBTSPON REG 2S NEW,8090,,8652,,,1,120,PC,,11,,2
4409,6,,,1,40058057,,POLYTEX SS EBTL 20GR 2S NEW,9921,,10610,,,1,48,PC,,11,,2
4410,6,,,1,40058057_BD,,POLYTEX SS EBTL 20GR 2S NEW,9727,,10403,,,1,48,PC,,11,,2
4411,6,,,1,40058075,,STELLA MTC REF JEJU ORANGE 2X160ML MTP.,50023,,53500,,,1,6,PC,,11,,2
4412,6,,,1,40058076,,STELLA AIO JEJU ORANGE 42+13GR,8322,,8900,,,1,72,PC,,11,,2
4413,6,,,1,40058076_BD,,STELLA AIO JEJU ORANGE 42+13GR,8322,,8900,,,1,72,PC,,11,,2
4414,6,,,1,40058077,,STELLA AIO JEJU ORANGE 42+13GR (3+1)MTP,31416,,33600,,,1,18,PC,,11,,2
4415,6,,,1,40058077_BD,,STELLA AIO JEJU ORANGE 42+13GR (3+1)MTP,31416,,33600,,,1,18,PC,,11,,2
4416,6,,,1,40058248,,BIOSOL HIT POWER L2L 500ML B2B PRO,41741,,44463,,,1,24,PC,,11,,2
4417,6,,,1,40058365,,MITU BABY WIPES P&C BLUEBERRY 4S NS,636,,710,,,1,288,PC,,11,,2
4418,6,,,1,40058365_BD,,MITU BABY WIPES P&C BLUEBERRY 4S NS,636,,680,,,1,288,PC,,11,,2
4419,6,,,1,40058366,,MITU BABY WIPES F&C PINK CHERRY 4’S NS,636,,680,,,1,288,PC,,11,,2
4420,6,,,1,40058366_BD,,MITU BABY WIPES F&C PINK CHERRY 4’S NS,636,,680,,,1,288,PC,,11,,2
4421,6,,,1,40058367,,MITU BABY WIPES AS REFRESHING 4'S,636,,680,,,1,288,PC,,11,,2
4422,6,,,1,40058367_BD,,MITU BABY WIPES AS REFRESHING 4'S,636,,680,,,1,288,PC,,11,,2
4423,6,,,1,40058477,,HIT AER COTTON POWDER 400ML.,20429.75,,21850,,,1,12,PC,,11,,2
4424,6,,,1,40058477_BD,,HIT AER COTTON POWDER 400ML.,21505,,23000,,,1,12,PC,,11,,2
4425,6,,,1,40058478,,HIT AER COTTON POWDER 600ML,27115,,29000,,,1,12,PC,,11,,2
4426,6,,,1,40058478_BD,,HIT AER COTTON POWDER 600ML,27115,,29000,,,1,12,PC,,11,,2
4427,6,,,1,40058506,,STELLA DF CAR+INDOOR ROSE MTP RJV REG,15044.15,,16090,,,1,72,PC,,11,,2
4428,6,,,1,40058506_BD,,STELLA DF CAR+INDOOR ROSE MTP RJV REG,13277,,14200,,,1,72,PC,,11,,2
4429,6,,,1,40058507,,STELLA DF CAR+INDOOR ORANGE MTP RJV REG,15044.15,,16090,,,1,72,PC,,11,,2
4430,6,,,1,40058507_BD,,STELLA DF CAR+INDOOR ORANGE MTP RJV REG,13277,,14200,,,1,72,PC,,11,,2
4431,6,,,1,40058508,,STELLA DF CAR+INDOOR LILY MTP RJC REG,15044.15,,16090,,,1,72,PC,,11,,2
4432,6,,,1,40058509,,STELLA DF CAR+INDOOR VANILLA MTP RJV REG,15044,,16090,,,1,72,PC,,11,,2
4433,6,,,1,40058509_BD,,STELLA DF CAR+INDOOR VANILLA MTP RJV REG,13932,,14900,,,1,72,PC,,11,,2
4434,6,,,1,40058510,,STELLA UP CAR+INDOOR ROSE RJV REG,11669,,12480,,,1,72,PC,,11,,2
4435,6,,,1,40058511,,STELLA DF CAR+INDOOR ORANGE RJV REG,11668.8,,12480,,,1,72,PC,,11,,2
4436,6,,,1,40058511_BD,,STELLA DF CAR+INDOOR ORANGE RJV REG,11220,,12000,,,1,72,PC,,11,,2
4437,6,,,1,40058512,,STELLA DF CAR+INDOOR LILY RJV REG,11668.8,,12480,,,1,72,PC,,11,,2
4438,6,,,1,40058513,,STELLA DF CAR+INDOOR VANILLA RJV REG,11669,,12480,,,1,72,PC,,11,,2
4439,6,,,1,40058513_BD,,STELLA DF CAR+INDOOR VANILLA RJV REG,11220,,12000,,,1,72,PC,,11,,2
4440,6,,,1,40058514,,STELLA DF CAR+INDOOR AQUA RJV REG.,11668.8,,12480,,,1,72,PC,,11,,2
4441,6,,,1,40058514_BD,,STELLA DF CAR+INDOOR AQUA RJV REG.,11220,,12000,,,1,72,PC,,11,,2
4442,6,,,1,40058722,,NYU CREME CHERRY RED+BLEACH BUNDLE.,12529,,13400,,,1,24,PC,,11,,2
4443,6,,,1,40058722_BD,,NYU CREME CHERRY RED+BLEACH BUNDLE.,12529,,13400,,,1,24,PC,,11,,2
4444,6,,,1,40058723,,NYU CREME BURGUNDY + BLEACH BUNDLE.,12529,,13400,,,1,24,PC,,11,,2
4445,6,,,1,40058724,,NYU CREME CARAMEL + BLEACH BUNDLE.,12529,,13400,,,1,24,PC,,11,,2
4446,6,,,1,40058765,,NYU CREME COPPERY BROWN + BLEACH BUNDLE.,12529,,13400,,,1,24,PC,,11,,2
4447,6,,,1,40058765_BD,,NYU CREME COPPERY BROWN + BLEACH BUNDLE.,12529,,13400,,,1,24,PC,,11,,2
4448,6,,,1,40058766,,NYU CREME GOLDEN BROWN + BLEACH BUNDLE.,12529,,13400,,,1,24,PC,,11,,2
4449,6,,,1,40058766_BD,,NYU CREME GOLDEN BROWN + BLEACH BUNDLE.,12061.5,,12900,,,1,24,PC,,11,,2
4450,6,,,1,40058771,,HIT MAT GK  NEW DEVICE WITH CABLE 6S CLASSIC,8415,,9000,,,1,48,PC,,11,,2
4451,6,,,1,40058771_BD,,HIT MAT GK  NEW DEVICE WITH CABLE 6S CLASSIC,8415,,9000,,,1,48,PC,,11,,2
4452,6,,,1,40058787,,PROCLIN 400ML FREE STELLA POCKET,17344,,18550,,,1,12,PC,,11,,2
4453,6,,,1,40058788,,PROCLIN 800ML FREE POLY EX BERSIH,30014,,32100,,,1,12,PC,,11,,2
4454,6,,,1,40058790,,MITU BABY COLOGNE F&C GREEN 100ML BUNDLE,15428,,16500,,,1,48,PC,,11,,2
4455,6,,,1,40058791,,MITU BABY COLOGNE PINK 100ML BUNDLE,15428,,16500,,,1,48,PC,,11,,2
4456,6,,,1,40058815,,PROCLIN PN SACHET FREE POLYTEX SPONS RCG,673,,720,,,1,144,PC,,11,,2
4457,6,,,1,40058886,,STELLA HANG N FLIP JASMINE FLOW 9+3ML,19017,,20339,,,1,24,PC,,11,,2
4458,6,,,1,40058886_BD,,STELLA HANG N FLIP JASMINE FLOW 9+3ML,18110,,19369,,,1,24,PC,,11,,2
4459,6,,,1,40058887,,STELLA HANG N FLIP AQUA REFLECTION  9+3ML,19017,,20339,,,1,24,PC,,11,,2
4460,6,,,1,40058887_BD,,STELLA HANG N FLIP AQUA REFLECTION  9+3ML,18110,,19369,,,1,24,PC,,11,,2
4461,6,,,1,40058910,,STELLA MATIC BOX SET+FREE AER. 140ML MIX,56399.2,,60320,,,1,12,PC,,11,,2
4462,6,,,1,40058910_BD,,STELLA MATIC BOX SET+FREE AER. 140ML MIX,54230,,58000,,,1,12,PC,,11,,2
4463,6,,,1,40059201,,HIT GOODKNIGHT LV REF APPLE MTP,20637,,22072,,,1,144,PC,,11,,2
4464,6,,,1,40059201_BD,,HIT GOODKNIGHT LV REF APPLE MTP,20637,,22072,,,1,144,PC,,11,,2
4465,6,,,1,40059202,,HIT GOODKNIGHT LV REF FRESH MTP,20637.32,,22072,,,1,144,PC,,11,,2
4466,6,,,1,40059202_BD,,HIT GOODKNIGHT LV REF FRESH MTP,20637.32,,22072,,,1,144,PC,,11,,2
4467,6,,,1,40059494,,STELLA ELEC REF COMFORTING LAVENDER 25ML,12716,,13600,,,1,144,PC,,11,,2
4468,6,,,1,40059494_BD,,STELLA ELEC REF COMFORTING LAVENDER 25ML,12716,,13600,,,1,144,PC,,11,,2
4469,6,,,1,40059659,,POLYTEX SPON REGULER NEW PROMO 12+1.,2292,,2451,,,1,288,PC,,11,,2
4470,6,,,1,40059815,,STELLA ELEC REF LOVING JASMINE 25ML SP,12716,,13600,,,1,144,PC,,11,,2
4471,6,,,1,40059815_BD,,STELLA ELEC REF LOVING JASMINE 25ML SP,12716,,13600,,,1,144,PC,,11,,2
4472,6,,,1,40059816,,STELLA ELECTRIC DEVICE SET CP 2.0,22066,,23600,,,1,24,PC,,11,,2
4473,6,,,1,40059819,,NYU CREME ASH BLONDE,12996.5,,13900,,,1,24,PC,,11,,2
4474,6,,,1,40059819_BD,,NYU CREME ASH BLONDE,12529,,13400,,,1,24,PC,,11,,2
4475,6,,,1,40059909,,STELLA AER JEJU ORANGE 175ML+25ML RJV.,14025,,15000,,,1,12,PC,,11,,2
4476,6,,,1,40059909_BD,,STELLA AER JEJU ORANGE 175ML+25ML RJV.,14025,,15000,,,1,12,PC,,11,,2
4477,6,,,1,40059910,,STELLA AER LEMON  175+25ML RJV,14025,,15000,,,1,12,PC,,11,,2
4478,6,,,1,40059910_BD,,STELLA AER LEMON  175+25ML RJV,14025,,15000,,,1,12,PC,,11,,2
4479,6,,,1,40059911,,STELLA AER APPLE 175+25ML RJV,14025,,15000,,,1,12,PC,,11,,2
4480,6,,,1,40059912,,STELLA AER B JASMINE 175+25ML RJV,14025,,15000,,,1,12,PC,,11,,2
4481,6,,,1,40059912_BD,,STELLA AER B JASMINE 175+25ML RJV,14025,,15000,,,1,12,PC,,11,,2
4482,6,,,1,40059913,,STELLA AER SECRET LAVENDER 175+25ML RJV,14025,,15000,,,1,12,PC,,11,,2
4483,6,,,1,40059914,,STELLA AER JAPANESE SAKURA 175+25ML RJV,14025,,15000,,,1,12,PC,,11,,2
4484,6,,,1,40059914_BD,,STELLA AER JAPANESE SAKURA 175+25ML RJV,14025,,15000,,,1,12,PC,,11,,2
4485,6,,,1,40059922,,HIT AER LILY BLOSSOM 400+40ML EXTRA,20429.75,,21850,,,1,12,PC,,11,,2
4486,6,,,1,40059922_BD,,HIT AER LILY BLOSSOM 400+40ML EXTRA,20429.75,,21850,,,1,12,PC,,11,,2
4487,6,,,1,40059923,,HIT AER ORANGE 400+40ML EXTRA,20429.75,,21850,,,1,12,PC,,11,,2
4488,6,,,1,40059924,,HIT AER FRESH CITRUS 400ML+40ML,20429.75,,21850,,,1,12,PC,,11,,2
4489,6,,,1,40059924_BD,,HIT AER FRESH CITRUS 400ML+40ML,20429.75,,21850,,,1,12,PC,,11,,2
4490,6,,,1,40059925,,STELLA AER CAFFE LATTE 175ML+25ML RJV,14025,,15000,,,1,12,PC,,11,,2
4491,6,,,1,40059925_BD,,STELLA AER CAFFE LATTE 175ML+25ML RJV,14025,,15000,,,1,12,PC,,11,,2
4492,6,,,1,40059926,,STELLA AER RAJA AMPAT 175+25ML RJV,14025,,15000,,,1,12,PC,,11,,2
4493,6,,,1,40059926_BD,,STELLA AER RAJA AMPAT 175+25ML RJV,14025,,15000,,,1,12,PC,,11,,2
4494,6,,,1,40059927,,STELLA AER APPLE S 350+50ML RJV,20383,,21800,,,1,12,PC,,11,,2
4495,6,,,1,40059927_BD,,STELLA AER APPLE S 350+50ML RJV,20383,,21800,,,1,12,PC,,11,,2
4496,6,,,1,40059928,,STELLA AER LEMON S 350+50ML RJV,20383,,21800,,,1,12,PC,,11,,2
4497,6,,,1,40059928_BD,,STELLA AER LEMON S 350+50ML RJV,20383,,21800,,,1,12,PC,,11,,2
4498,6,,,1,40059929,,STELLA AER CAFFE LATTE 350+50ML RJV,20383,,21800,,,1,12,PC,,11,,2
4499,6,,,1,40059930,,STELLA AER S LAVENDER 350ML+50ML RJV,20383,,21800,,,1,12,PC,,11,,2
4500,6,,,1,40059930_BD,,STELLA AER S LAVENDER 350ML+50ML RJV,20383,,21800,,,1,12,PC,,11,,2
4501,6,,,1,40059931,,STELLA AER J SAKURA 350+50ML,20383,,21800,,,1,12,PC,,11,,2
4502,6,,,1,40059931_BD,,STELLA AER J SAKURA 350+50ML,20383,,21800,,,1,12,PC,,11,,2
4503,6,,,1,40059932,,STELLA AER B KENANGA 350+50ML,20383,,21800,,,1,12,PC,,11,,2
4504,6,,,1,40059932_BD,,STELLA AER B KENANGA 350+50ML,20383,,21800,,,1,12,PC,,11,,2
4505,6,,,1,40059933,,STELLA AER W VERBENA S 350+50ML RJV,20383,,21800,,,1,12,PC,,11,,2
4506,6,,,1,40059934,,STELLA AER B JASMINE S 350+50ML RJV,20383,,21800,,,1,12,PC,,11,,2
4507,6,,,1,40059934_BD,,STELLA AER B JASMINE S 350+50ML RJV,20383,,21800,,,1,12,PC,,11,,2
4508,6,,,1,40059935,,STELLA AER JEJU ORANGE 350+50ML RJV,20383,,21800,,,1,12,PC,,11,,2
4509,6,,,1,40059935_BD,,STELLA AER JEJU ORANGE 350+50ML RJV,20383,,21800,,,1,12,PC,,11,,2
4510,6,,,1,40059936,,STELLA AER APPLE 350ML+50ML MTP RJV,38616,,41300,,,1,6,PC,,11,,2
4511,6,,,1,40059937,,STELLA AER JEJU ORANGE 350ML+50ML MTP RJV,38616,,41300,,,1,6,PC,,11,,2
4512,6,,,1,40059938,,STELLA AER RAJA AMPAT 350ML+50ML RJV,20383,,21800,,,1,12,PC,,11,,2
4513,6,,,1,40059938_BD,,STELLA AER RAJA AMPAT 350ML+50ML RJV,20383,,21800,,,1,12,PC,,11,,2
4514,6,,,1,40059939,,STELLA MTC REF W.VERBENA 160+65ML RJV,26460.5,,28300,,,1,12,PC,,11,,2
4515,6,,,1,40059940,,STELLA MTC REF W FLOWER 160ML+65ML RJV,26461,,28300,,,1,12,PC,,11,,2
4516,6,,,1,40059940_BD,,STELLA MTC REF W FLOWER 160ML+65ML RJV,26461,,28300,,,1,12,PC,,11,,2
4517,6,,,1,40059941,,STELLA MTC REF LAVENDER 160ML+65ML RJV,26461,,28300,,,1,12,PC,,11,,2
4518,6,,,1,40059941_BD,,STELLA MTC REF LAVENDER 160ML+65ML RJV,26461,,28300,,,1,12,PC,,11,,2
4519,6,,,1,40059942,,STELLA MTC REF LAVENDER 160ML+65ML MTP RJV,50023,,53500,,,1,6,PC,,11,,2
4520,6,,,1,40059943,,STELLA MTC REF B KENANGA 160ML+65ML RJV,26461,,28300,,,1,12,PC,,11,,2
4521,6,,,1,40059944,,STELLA MTC REF LEMON 160ML+65ML RJV,26461,,28300,,,1,12,PC,,11,,2
4522,6,,,1,40059944_BD,,STELLA MTC REF LEMON 160ML+65ML RJV,26461,,28300,,,1,12,PC,,11,,2
4523,6,,,1,40059945,,STELLA MTC REF J SAKURA 160ML+65ML RJV,26461,,28300,,,1,12,PC,,11,,2
4524,6,,,1,40059945_BD,,STELLA MTC REF J SAKURA 160ML+65ML RJV,26461,,28300,,,1,12,PC,,11,,2
4525,6,,,1,40059946,,STELLA MTC REF J.SAKURA 160+65ML MTP RJV,50022.5,,53500,,,1,6,PC,,11,,2
4526,6,,,1,40059946_BD,,STELLA MTC REF J.SAKURA 160+65ML MTP RJV,50022.5,,53500,,,1,6,PC,,11,,2
4527,6,,,1,40059947,,STELLA MTC REF G.FANTASY 160+65ML RJV,26460.5,,28300,,,1,12,PC,,11,,2
4528,6,,,1,40059947_BD,,STELLA MTC REF G.FANTASY 160+65ML RJV,26460.5,,28300,,,1,12,PC,,11,,2
4529,6,,,1,40059948,,STELLA MTC REF G FANTASY 160ML+65ML MTP RJV,50023,,53500,,,1,6,PC,,11,,2
4530,6,,,1,40059949,,STELLA MTC REF C LATTE 160ML+65ML RJV,26461,,28300,,,1,12,PC,,11,,2
4531,6,,,1,40059950,,STELLA MTC REF C LATTE 160ML+65ML MTP RJV,50023,,53500,,,1,6,PC,,11,,2
4532,6,,,1,40059951,,STELLA MTC REF B. JASMINE S 160M+65MLL RJV.,26461,,28300,,,1,12,PC,,11,,2
4533,6,,,1,40059951_BD,,STELLA MTC REF B. JASMINE S 160M+65MLL RJV.,26461,,28300,,,1,12,PC,,11,,2
4534,6,,,1,40059952,,STELLA MTC REF APPLE 160ML+65ML MTP RJV,50023,,53500,,,1,6,PC,,11,,2
4535,6,,,1,40059953,,STELLA MTC REF APPLE 160ML+65ML RJV,26461,,28300,,,1,12,PC,,11,,2
4536,6,,,1,40059953_BD,,STELLA MTC REF APPLE 160ML+65ML RJV,26461,,28300,,,1,12,PC,,11,,2
4537,6,,,1,40059954,,STELLA MTC REF J ORANGE 160+65ML RJV,26460.5,,28300,,,1,12,PC,,11,,2
4538,6,,,1,40059955,,STELLA MTC REF J.ORANGE 160+65ML MTP RJV,50022.5,,53500,,,1,6,PC,,11,,2
4539,6,,,1,40059956,,STELLA MTC REF RAJA AMPAT 160ML+65ML RJV,26461,,28300,,,1,12,PC,,11,,2
4540,6,,,1,40059956_BD,,STELLA MTC REF RAJA AMPAT 160ML+65ML RJV,26461,,28300,,,1,12,PC,,11,,2
4541,6,,,1,40059995,,LEM TIKUS TRAP CAP GAJAH 70 GR B2N NEW,11033,,11800,,,1,72,PC,,11,,2
4542,6,,,1,40059999,,POLYTEX MTP SS 20GR EXTRA BERSIH ISI 3NEW,11585,,12390,,,1,24,PC,,11,,2
4543,6,,,1,40060005,,HIT AER PINK BLOSSOM 400+40ML EXTRA,20429.75,,21850,,,1,12,PC,,11,,2
4544,6,,,1,40060006,,HIT AER JAPANESE SAKURA 400ML+40ML,20429.75,,21850,,,1,12,PC,,11,,2
4545,6,,,1,40060007,,HIT AER LAVENDER BREZER 400+40ML EXTRA,20429.75,,21850,,,1,12,PC,,11,,2
4546,6,,,1,40060008,,HIT AER COTTON POWDER 400ML+40ML EXTRA,20429.75,,21850,,,1,12,PC,,11,,2
4547,6,,,1,40060008_BD,,HIT AER COTTON POWDER 400ML+40ML EXTRA,20429.75,,21850,,,1,12,PC,,11,,2
4548,6,,,1,40060009,,HIT AER COTTON POWDER 600+50ML EXTRA,27115,,29000,,,1,12,PC,,11,,2
4549,6,,,1,40060009_BD,,HIT AER COTTON POWDER 600+50ML EXTRA,27115,,29000,,,1,12,PC,,11,,2
4550,6,,,1,40060010,,HIT AER LVENDER BREZEE 600+50ML EXTRA,27115,,29000,,,1,12,PC,,11,,2
4551,6,,,1,40060010_BD,,HIT AER LVENDER BREZEE 600+50ML EXTRA,27115,,29000,,,1,12,PC,,11,,2
4552,6,,,1,40060011,,HIT AER LILY BLOSSOM 600+50ML ESTRA,27115,,29000,,,1,12,PC,,11,,2
4553,6,,,1,40060011_BD,,HIT AER LILY BLOSSOM 600+50ML ESTRA,27115,,29000,,,1,12,PC,,11,,2
4554,6,,,1,40060012,,HIT AER ORANGE 600+50ML EXTRA,27115,,29000,,,1,12,PC,,11,,2
4555,6,,,1,40060012_BD,,HIT AER ORANGE 600+50ML EXTRA,27115,,29000,,,1,12,PC,,11,,2
4556,6,,,1,40060013,,HIT AER FRESH CITRUS 600+50ML EXTRA,27115,,29000,,,1,12,PC,,11,,2
4557,6,,,1,40060013_BD,,HIT AER FRESH CITRUS 600+50ML EXTRA,27115,,29000,,,1,12,PC,,11,,2
4558,6,,,1,40060014,,HIT AER PINK BLOSSOM 600+50ML EXTRA,27115,,29000,,,1,12,PC,,11,,2
4559,6,,,1,40060014_BD,,HIT AER PINK BLOSSOM 600+50ML EXTRA,27115,,29000,,,1,12,PC,,11,,2
4560,6,,,1,40060015,,HIT AER JAPANESE SAKURA 600+50ML EXTRA,27115,,29000,,,1,12,PC,,11,,2
4561,6,,,1,40060015_BD,,HIT AER JAPANESE SAKURA 600+50ML EXTRA,27115,,29000,,,1,12,PC,,11,,2
4562,6,,,1,40060016,,HIT AER PINK BLOSSOM 150+25ML EXTRA,9257,,9900,,,1,24,PC,,11,,2
4563,6,,,1,40060017,,HIT AER LILY BLOSSOM 150+25ML EXTRA,9257,,9900,,,1,24,PC,,11,,2
4564,6,,,1,40060017_BD,,HIT AER LILY BLOSSOM 150+25ML EXTRA,9257,,9900,,,1,24,PC,,11,,2
4565,6,,,1,40060018,,HIT AER ORANGE 150+25ML EXTRA,9257,,9900,,,1,24,PC,,11,,2
4566,6,,,1,40060018_BD,,HIT AER ORANGE 150+25ML EXTRA,9257,,9900,,,1,24,PC,,11,,2
4567,6,,,1,40060019,,HIT AER LILY BLOSSOM 180+30ML EXTRA,13161.06,,14076,,,1,12,PC,,11,,2
4568,6,,,1,40060019_BD,,HIT AER LILY BLOSSOM 180+30ML EXTRA,13161.06,,14076,,,1,12,PC,,11,,2
4569,6,,,1,40060020,,HIT AER ORANGE 180+30ML EXTRA,13161.06,,14076,,,1,12,PC,,11,,2
4570,6,,,1,40060020_BD,,HIT AER ORANGE 180+30ML EXTRA,13161.06,,14076,,,1,12,PC,,11,,2
4571,6,,,1,40060021,,HIT AER JAPANESE SAKURA 180+30ML,13161.06,,14076,,,1,12,PC,,11,,2
4572,6,,,1,40060021_BD,,HIT AER JAPANESE SAKURA 180+30ML,13161.06,,14076,,,1,12,PC,,11,,2
4573,6,,,1,40060053,,HIT AER PINK BLOSSOM 180+30ML EXTRA,13161.06,,14076,,,1,12,PC,,11,,2
4574,6,,,1,40060053_BD,,HIT AER PINK BLOSSOM 180+30ML EXTRA,13161.06,,14076,,,1,12,PC,,11,,2
4575,6,,,1,40060133,,STELLA SMART MTC BOX RJV 160ML EXTRA,76605,,81929.73,,,1,12,PC,,11,,2
4576,6,,,1,40060134,,POLYTEX SS REG 12.5G PAPAN 12S NS,1877.95,,2009,,,1,72,PC,,11,,2
4577,6,,,1,40060134_BD,,POLYTEX SS REG 12.5G PAPAN 12S NS,1877.95,,2009,,,1,72,PC,,11,,2
4578,6,,,1,40060135,,POLYTEX SABUT JARING ANTI GORES NS,6872,,7350,,,1,72,PC,,11,,2
4579,6,,,1,40060136,,SUSEMI SABUT STAINLESS HGR 36X12,1234,,1320,,,1,432,PC,,11,,2
4580,6,,,1,40060136_BD,,SUSEMI SABUT STAINLESS HGR 36X12,1234,,1320,,,1,432,PC,,11,,2
4581,6,,,1,40060390,,PROCLIN PENGHILANG NODA 400ML+50ML,17344,,18550,,,1,12,PC,,11,,2
4582,6,,,1,40060392,,NYU CREME  SACHET NATURAL BLACK 20GR (PI),5077.05,,5430,,,1,144,PC,,11,,2
4583,6,,,1,40060392_BD,,NYU CREME  SACHET NATURAL BLACK 20GR (PI),5077.05,,5430,,,1,144,PC,,11,,2
4584,6,,,1,40060393,,NYU CREME  SACHET NATURAL BROWN 20GR (PI),5077.05,,5430,,,1,144,PC,,11,,2
4585,6,,,1,40060393_BD,,NYU CREME  SACHET NATURAL BROWN 20GR (PI),5077.05,,5077.05,,,1,144,PC,,11,,2
4586,6,,,1,40060394,,NYU CREME HC SACHET GOLDEN BROWN 20GR,5077.05,,5430,,,1,144,PC,,11,,2
4587,6,,,1,40060485,,NYU CREME HC SACHET BLUE BLACK 20GR,5077.05,,5430,,,1,144,PC,,11,,2
4588,6,,,1,40060525,,HIT AEROSOL COTTON POWDER 750ML,35191.53,,37638,,,1,12,PC,,11,,2
4589,6,,,1,40060525_BD,,HIT AEROSOL COTTON POWDER 750ML,35191.53,,37638,,,1,12,PC,,11,,2
4590,6,,,1,40060575,,STELLA MATIC BOX SET + HANG N FLIP EXTRA,56399.2,,60320,,,1,12,PC,,11,,2
4591,6,,,1,40060607,,STELLA MATIC SET + HANG N FLIP EXTRA,56399.2,,60320,,,1,12,PC,,11,,2
4592,6,,,1,40060758,,STELLA MTC SET + MTC SET RAL RJV EXTRA,56399.2,,60320,,,1,12,PC,,11,,2
4593,6,,,1,40060793,,HIT MAT GK DEVICE WITH CABLE 6S NF,8415,,9000,,,1,48,PC,,11,,2
4594,6,,,1,40060796,,HIT MAT GK REFILL 60S+6s CLASSIC NP,10874.05,,11630,,,1,72,PC,,11,,2
4595,6,,,1,40060797,,HIT MAT GK REFILL 30+3S CLASSIC NF,5544.55,,5930,,,1,144,PC,,11,,2
4596,6,,,1,40060798,,HIT MAT GK REFILL 60S+6s GREEN TEA NP,10874.05,,11630,,,1,72,PC,,11,,2
4597,6,,,1,40060800,,HIT MAT GK REFILL 30+3S GREEN TEA NP,5545,,5930,,,1,144,PC,,11,,2
4598,6,,,1,40061151,,NYU CREME HC CHERRY RED (NF),12997,,13900,,,1,24,PC,,11,,2
4599,6,,,1,40061766,,STELLA AIO JEJU ORANGE 42+10GR RJV,8322,,8900,,,1,72,PC,,11,,2
4600,6,,,1,40061766_BD,,STELLA AIO JEJU ORANGE 42+10GR RJV,8322,,8900,,,1,72,PC,,11,,2
4601,6,,,1,40061767,,STELLA AIO APPLE 42+10GR RJV,8322,,8900,,,1,72,PC,,11,,2
4602,6,,,1,40061767_BD,,STELLA AIO APPLE 42+10GR RJV,8322,,8900,,,1,72,PC,,11,,2
4603,6,,,1,40061768,,STELLA AIO LAVENDER 42+10GR RJV,8322,,8900,,,1,72,PC,,11,,2
4604,6,,,1,40061768_BD,,STELLA AIO LAVENDER 42+10GR RJV,8322,,8900,,,1,72,PC,,11,,2
4605,6,,,1,40061769,,STELLA AIO BALINESE JASMINE 42+10GR RJV,8322,,8900,,,1,72,PC,,11,,2
4606,6,,,1,40061769_BD,,STELLA AIO BALINESE JASMINE 42+10GR RJV,8322,,8900,,,1,72,PC,,11,,2
4607,6,,,1,40061770,,STELLA AIO F.SENSATION 42+10GR RJV,8322,,8900,,,1,72,PC,,11,,2
4608,6,,,1,40061770_BD,,STELLA AIO F.SENSATION 42+10GR RJV,8322,,8900,,,1,72,PC,,11,,2
4609,6,,,1,40061771,,STELLA AIO S.BOUGENVILLE 42+10GR RJV,8322,,8900,,,1,72,PC,,11,,2
4610,6,,,1,40061771_BD,,STELLA AIO S.BOUGENVILLE 42+10GR RJV,8322,,8900,,,1,72,PC,,11,,2
4611,6,,,1,40061772,,STELLA AIO CAFE LATTE 42+10GR RJV,8322,,8900,,,1,72,PC,,11,,2
4612,6,,,1,40061774,,STELLA AIO J ORANGE 42+10GR(3+1)MTP RJV,31416,,33600,,,1,18,PC,,11,,2
4613,6,,,1,40061775,,STELLA AIO LAVENDER 42+10GR(3+1)MTP RJV,31416,,33600,,,1,18,PC,,11,,2
4614,6,,,1,40062315,,STELLA MTC BOX B2B WARM VERBENA EXTRA,56399.2,,60320,,,1,12,PC,,11,,2
4615,6,,,1,40062316,,HIT MAT GK REFILL 60+6S PINK BLOSSOM NF,10874.05,,11630,,,1,72,PC,,11,,2
4616,6,,,1,40062317,,HIT MAT GK REFILL 30+3S PINK BLOSSOM NF,5544.55,,5930,,,1,144,PC,,11,,2
4617,6,,,1,40062940,,HIT MAT GK REFILL 4S CLASSIC NF,673,,720,,,1,864,PC,,11,,2
4618,6,,,1,40062941,,HIT MAT GK REFILL 4S GREEN TEA NF,673,,720,,,1,864,PC,,11,,2
4619,82,,,1,4201004_BD,,MI-U JUICE ORANGE 350ML 24/CT,2545.45,,3636.36,,,1,24,PC,,11,,2
4620,82,,,1,4301040_BD,,SPONGE CRUNCH COKLAT 120GRX20,23068.18,,32634.03,,,1,20,PC,,11,,2
4621,82,,,1,5201001_BD,,RUMPUT LAUT ORIGINAL 20GR 45/CT,7727.27,,9545.45,,,1,45,PC,,11,,2
4622,82,,,1,5201002_BD,,RUMPUT LAUT SPICY 20GR 45/CT,7727.27,,9545.45,,,1,45,PC,,11,,2
4623,82,,,1,5201003_BD,,RUMPUT LAUT BARBEQUE 20GR 45/CT,7727.27,,9545.45,,,1,45,PC,,11,,2
4624,82,,,1,5401001_BD,,POKKA JASMINE GREEN TEA 24X300ML,4810.61,,5227.27,,,1,24,PC,,11,,2
4625,82,,,1,5401002_BD,,POKKA JASMINE GREEN TEA 24X500ML,4356.04,,4734.84,,,1,24,PC,,11,,2
4626,82,,,1,5401005_BD,,POKKA LEMON BLACK TEA BTL 350MLX24,2511.36,,2811.62,,,1,24,PC,,11,,2
4627,82,,,1,5401005_BN,,POKKA LEMON BLACK TEA BTL 350MLX24,2511.36,,2811.62,,,1,24,PC,,11,,2
4628,82,,,1,5401006_BD,,POKKA JASMINE GREENTEA 450MX24,3643.94,,4080.75,,,1,24,PC,,11,,2
4629,82,,,1,5401007_BD,,NATSBEE HONEY LEMON 450MLX24 BTL,4077.27,,4432,,,1,24,PC,,11,,2
4630,82,,,1,5401008_BD,,POKKA LYCHEE BLACK TEA BTL 350X24,2511.82,,2811.62,,,1,24,PC,,11,,2
4631,82,,,1,5401009_BD,,POKKA OLONG TEA LESS SUGAR 450ML,3643.94,,3958.18,,,1,24,PC,,11,,2
4632,9,,,1,54680,,GIMMICK JAKET NS U/ MDS,0,,0,,,1,1,PC,,11,,2
4633,9,,,1,54695,,HANGER KUNING NS FIBER,0,,0,,,1,1,PC,,11,,2
4634,9,,,1,54700,,HANGER BESI NS,0,,0,,,1,1,PC,,11,,2
4635,82,,,1,6301001_BD,,WANGCHIPS 10PCX10PACK,636.36,,727.27,,,1,100,PC,,11,,2
4636,82,,,1,6301002_BD,,WANGCHIPS PLUS 10PCX10PACK,636.36,,727.27,,,1,100,PC,,11,,2
4637,82,,,1,6301003_BD,,HAHAMIE 10PCX10PACK,636.36,,727.27,,,1,100,PC,,11,,2
4638,82,,,1,6401001_BD,,BIUTILY 12X24pc,326.7,,363,,,1,288,PC,,11,,2
4639,82,,,1,6401004_BD,,DOLLAR CHOCO 6X200,30000.02,,33333.36,,,1,6,PC,,11,,2
4640,82,,,1,6401005_BD,,FRUITIMON 12X40,327.27,,363.64,,,1,480,PC,,11,,2
4641,82,,,1,6401006_BD,,HOP HOP CANDY 6X60,19772.73,,21969.7,,,1,6,BG,,11,,2
4642,82,,,1,6401015_BD,,PUSAN BG TATO TOPLES 6X200,23863,,26515.15,,,1,6,TP,,11,,2
4643,82,,,1,6401019_BD,,TRIO CANDY 12X45,11250,,12500,,,1,12,TP,,11,,2
4644,82,,,1,6401022_BD,,NINJA UMBRELLA CRISPY 12X50,15545.45,,17272.73,,,1,12,JR,,11,,2
4645,82,,,1,6401025_BD,,KATE EYE 20X40PC,306.82,,340.91,,,1,800,PC,,11,,2
4646,82,,,1,6401026_BD,,MARSHMALLOW ASS 20X20,296.59,,329.55,,,1,400,PC,,11,,2
4647,82,,,1,6401030_BD,,SWISS ROLL BOLU COKLAT BAG 8X20,628.97,,698.86,,,1,160,PC,,11,,2
4648,82,,,1,6401031_BD,,SWISS ROLL BOLU STRAWBERRY BAG 8X20,628.97,,698.86,,,1,160,PC,,11,,2
4649,82,,,1,6401032_BD,,SWISS ROLL BOLU PANDAN BAG 8X20,628.97,,698.86,,,1,160,PC,,11,,2
4650,82,,,1,6401033_BD,,ICE MARSHMALLOW ASSORTED 20X20,319.09,,354.55,,,1,400,PC,,11,,2
4651,82,,,1,6401037,,MINI SWIT CANDY 8X500GR,13800.0016,,15681.82,,,1,8,PC,,11,,2
4652,82,,,1,6401037_BD,,MINI SWIT CANDY 8X500GR,13800.0016,,15681.82,,,1,8,PC,,11,,2
4653,82,,,1,6501001,,BIS CRACK SNDW CHOCO CRM 8X12X36,1636.36,,1818.17,,,1,96,PC,,11,,2
4654,82,,,1,6501001_BD,,BIS CRACK SNDW CHOCO CRM 8X12X36,1636.36,,1818.17,,,1,96,PC,,11,,2
4655,82,,,1,6501002,,BIS CRACK SNDW VANILLA CRM 8X12X36,1636.36,,1818.17,,,1,96,PC,,11,,2
4656,82,,,1,6501002_BD,,BIS CRACK SNDW VANILLA CRM 8X12X36,1636.36,,1818.17,,,1,96,PC,,11,,2
4657,82,,,1,6501003,,BIS CRACK SNDW CHEESE CRM 8X12X36G,1636.36,,1818.17,,,1,96,PC,,11,,2
4658,82,,,1,6501003_BD,,BIS CRACK SNDW CHEESE CRM 8X12X36G,1636.36,,1818.17,,,1,96,PC,,11,,2
4659,82,,,1,6501004,,BIS CRACK SNDW CHOC CRM 108GR,4745.7,,5273,,,1,24,PC,,11,,2
4660,82,,,1,6501004_BD,,BIS CRACK SNDW CHOC CRM 108GR,4745.7,,5273,,,1,24,PC,,11,,2
4661,82,,,1,6501005,,BIS CRACK SNDW VANILLA CRM 108G,4745.7,,5273,,,1,24,PC,,11,,2
4662,82,,,1,6501005_BD,,BIS CRACK SNDW VANILLA CRM 108G,4745.7,,5273,,,1,24,PC,,11,,2
4663,82,,,1,6501006,,BIS CRACK SNDW CHEESE CRM 108GR,4745.7,,5273,,,1,24,PC,,11,,2
4664,82,,,1,6501006_BD,,BIS CRACK SNDW CHEESE CRM 108GR,4745.7,,5273,,,1,24,PC,,11,,2
4665,82,,,1,6501007,,BIS CRACK SNDW CHOC TIN 324GR,25478.25,,28309.16,,,1,6,PC,,11,,2
4666,82,,,1,6501007_BD,,BIS CRACK SNDW CHOC TIN 324GR,25478.25,,28309.16,,,1,6,PC,,11,,2
4667,82,,,1,6501008,,MM SUSU KENTAL MANIS 116GR,4090.91,,4545.46,,,1,24,PC,,11,,2
4668,82,,,1,6501008_BD,,MM SUSU KENTAL MANIS 116GR,4090.91,,4545.46,,,1,24,PC,,11,,2
4669,82,,,1,6501009,,MM SUSU KENTAL MANIS 100GR,4090.91,,4545.46,,,1,24,PC,,11,,2
4670,82,,,1,6501009_BD,,MM SUSU KENTAL MANIS 100GR,4090.91,,4545.46,,,1,24,PC,,11,,2
4671,82,,,1,6501010,,MM KENTAL MANIS CHOC 100GR,4090.91,,4545.45,,,1,24,PC,,11,,2
4672,82,,,1,6501010_BD,,MM KENTAL MANIS CHOC 100GR,4090.91,,4545.45,,,1,24,PC,,11,,2
4673,82,,,1,6501011,,BIS CRACK SNDW CHOC CRM 6X20X18G,654.55,,727.27,,,1,120,PC,,11,,2
4674,82,,,1,6501011_BD,,BIS CRACK SNDW CHOC CRM 6X20X18G,654.55,,727.27,,,1,120,PC,,11,,2
4675,82,,,1,6501012,,BIS CRACK SNDW CHEESE CRM 6X20X18G,654.55,,727.27,,,1,120,PC,,11,,2
4676,82,,,1,6501012_BD,,BIS CRACK SNDW CHEESE CRM 6X20X18G,654.55,,727.27,,,1,120,PC,,11,,2
4677,82,,,1,6501013,,BIS CRACK SNDW CHOC CRM 12X10X18G HGR,654.55,,727.27,,,1,120,PC,,11,,2
4678,82,,,1,6501013_BD,,BIS CRACK SNDW CHOC CRM 12X10X18G HGR,654.55,,727.27,,,1,120,PC,,11,,2
4679,82,,,1,6501014,,BIS CRACK SNDW CHEESE CRM 12X10X18G HGR,654.55,,727.27,,,1,120,PC,,11,,2
4680,82,,,1,6501014_BD,,BIS CRACK SNDW CHEESE CRM 12X10X18G HGR,654.55,,727.27,,,1,120,PC,,11,,2
4681,82,,,1,6501015,,BISKIES CHOC POLYBAG 4X6X108GR,3927.6,,4364,,,1,24,PC,,11,,2
4682,82,,,1,6501015_BD,,BISKIES CHOC POLYBAG 4X6X108GR,3927.6,,4364,,,1,24,PC,,11,,2
4683,82,,,1,6501016,,BISKIES CHEESE POLYBAG 4X6X108G,3927.6,,4364,,,1,24,PC,,11,,2
4684,82,,,1,6501016_BD,,BISKIES CHEESE POLYBAG 4X6X108G,3927.6,,4364,,,1,24,PC,,11,,2
4685,82,,,1,6501017,,MM SUSU KENTAL MANIS 6X20X23G,654.55,,727.27,,,1,120,PC,,11,,2
4686,82,,,1,6501017_BD,,MM SUSU KENTAL MANIS 6X20X23G,654.55,,727.27,,,1,120,PC,,11,,2
4687,82,,,1,6501018,,MM SUSU KENTAL MANIS 6X20X20G,654.55,,727.27,,,1,120,PC,,11,,2
4688,82,,,1,6501018_BD,,MM SUSU KENTAL MANIS 6X20X20G,654.55,,727.27,,,1,120,PC,,11,,2
4689,82,,,1,6501019,,MM SUSU KENTAL MANIS CHOC 6X20X20G,654.55,,727.27,,,1,120,PC,,11,,2
4690,82,,,1,6501019_BD,,MM SUSU KENTAL MANIS CHOC 6X20X20G,654.55,,727.27,,,1,120,PC,,11,,2
4691,82,,,1,6501020,,MM SUSU KENTAL MANIS HGR 12X10X20G,654.55,,727.27,,,1,120,PC,,11,,2
4692,82,,,1,6501020_BD,,MM SUSU KENTAL MANIS HGR 12X10X20G,654.55,,727.27,,,1,120,PC,,11,,2
4693,82,,,1,6501021,,MM SUSU KENTAL MANIS CHOC HGR 12X10X20G,654.55,,727.27,,,1,120,PC,,11,,2
4694,82,,,1,6501021_BD,,MM SUSU KENTAL MANIS CHOC HGR 12X10X20G,654.55,,727.27,,,1,120,PC,,11,,2
4695,82,,,1,6501022,,MILKIES POLYBAG 4X6X116GR,3272.74,,3636.37,,,1,24,PC,,11,,2
4696,82,,,1,6501022_BD,,MILKIES POLYBAG 4X6X116GR,3272.74,,3636.37,,,1,24,PC,,11,,2
4697,82,,,1,6501023,,MILKIES POLYBAG 4X6X100GR,3272.74,,3636.37,,,1,24,PC,,11,,2
4698,82,,,1,6501023_BD,,MILKIES POLYBAG 4X6X100GR,3272.74,,3636.37,,,1,24,PC,,11,,2
4699,82,,,1,6501024,,MILKIES MALKIST,0,,0,,,1,120,PC,,11,,2
4700,82,,,1,6501025,,MILKIES MALKIS,0,,0,,,1,120,PC,,11,,2
4701,82,,,1,6501026,,BIS CRACK SDW COFFEE ECLAIR DBX 6X20X18G,654.55,,727.27,,,1,120,PC,,11,,2
4702,82,,,1,6501026_BD,,BIS CRACK SDW COFFEE ECLAIR DBX 6X20X18G,654.55,,727.27,,,1,120,PC,,11,,2
4703,82,,,1,6501027,,BIS CRACK SDW COFFEE ECLAIR HGR 12X10X18G,654.55,,727.27,,,1,120,PC,,11,,2
4704,82,,,1,6501027_BD,,BIS CRACK SDW COFFEE ECLAIR HGR 12X10X18G,654.55,,727.27,,,1,120,PC,,11,,2
4705,82,,,1,6501028,,BIS CRACK SDW BUBBLE GUM DBX 6X20X18G,654.55,,727.27,,,1,120,PC,,11,,2
4706,82,,,1,6501028_BD,,BIS CRACK SDW BUBBLE GUM DBX 6X20X18G,654.55,,727.27,,,1,120,PC,,11,,2
4707,82,,,1,6501029,,BIS CRACK SDW BUBBLE GUM HGR 12X10X18G,654.55,,727.27,,,1,120,PC,,11,,2
4708,82,,,1,6501029_BD,,BIS CRACK SDW BUBBLE GUM HGR 12X10X18G,654.55,,727.27,,,1,120,PC,,11,,2
4709,82,,,1,6501030,,BIS CRACK SDW COFFEE ECLAIR REG 24X108G,4745.45,,5272.73,,,1,24,PC,,11,,2
4710,82,,,1,6501030_BD,,BIS CRACK SDW COFFEE ECLAIR REG 24X108G,4745.45,,5272.73,,,1,24,PC,,11,,2
4711,82,,,1,6501031,,BIS CRACK SDW BUBBLE GUM REG 24X108G,4745.45,,5272.73,,,1,24,PC,,11,,2
4712,82,,,1,6501031_BD,,BIS CRACK SDW BUBBLE GUM REG 24X108G,4745.45,,5272.73,,,1,24,PC,,11,,2
4713,82,,,1,6501032,,BIS CRACK SDW PEANUT BUTTER DBX 6X20X18,654.55,,727.27,,,1,120,PC,,11,,2
4714,82,,,1,6501032_BD,,BIS CRACK SDW PEANUT BUTTER DBX 6X20X18,654.55,,727.27,,,1,120,PC,,11,,2
4715,82,,,1,6501033,,BIS CRACK SDW PEANUT BUTTER 24X108G,4745.45,,5272.73,,,1,24,PC,,11,,2
4716,82,,,1,6501033_BD,,BIS CRACK SDW PEANUT BUTTER 24X108G,4745.45,,5272.73,,,1,24,PC,,11,,2
4717,82,,,1,6501034,,BISK CRISPY CRACK JAGUNG BKR 24X179GR,6218.18,,6909.09,,,1,24,PC,,11,,2
4718,82,,,1,6501034_BD,,BISK CRISPY CRACK JAGUNG BKR 24X179GR,6218.18,,6909.09,,,1,24,PC,,11,,2
4719,82,,,1,6501035,,BISK CRISPY CRACK SMBL BALADO 24X179GR,6218.18,,6909.09,,,1,24,PC,,11,,2
4720,82,,,1,6501035_BD,,BISK CRISPY CRACK SMBL BALADO 24X179GR,6218.18,,6909.09,,,1,24,PC,,11,,2
4721,82,,,1,6501036,,BISK TIN SANDWICH CHOCOLATE 306G,25478.18,,28309.09,,,1,6,PC,,11,,2
4722,82,,,1,6501036_BD,,BISK TIN SANDWICH CHOCOLATE 306G,25478.18,,28309.09,,,1,6,PC,,11,,2
4723,82,,,1,6601001_BD,,MR.P KACANG ATOM ORI 22GR,636.36,,727.27,,,1,60,PC,,11,,2
4724,82,,,1,6601002_BD,,MR.P KACANG ATOM PEDAS 20GR,636.36,,727.27,,,1,60,PC,,11,,2
4725,82,,,1,6601003_BD,,MR.P PLUS BBQ 23GR,636.36,,727.27,,,1,60,PC,,11,,2
4726,82,,,1,6601004_BD,,MR.P PLUS ORIGINAL 23G,636.36,,727.27,,,1,60,PC,,11,,2
4727,82,,,1,6601005_BD,,MR.P PLUS BALADO 23GR,654.55,,727.27,,,1,60,PC,,11,,2
4728,82,,,1,6601006_BD,,MR.P PLUS PEDAS 23GR,636.36,,727.27,,,1,60,PC,,11,,2
4729,82,,,1,6601007_BD,,MR.P KACANG GARING ASIN 22GR,654.55,,727.27,,,1,60,PC,,11,,2
4730,82,,,1,6601008_BD,,MR.P KACANG MADU 5X6X80GR,8991.82,,9990.91,,,1,30,PC,,11,,2
4731,82,,,1,6601009_BD,,MR.P KACANG MADU 6X10X40GR,4495.91,,4995.45,,,1,60,PC,,11,,2
4732,82,,,1,6601010_BD,,MR.P KACANG SALUT GARLIC  5X6X80GR,8991.82,,9990.91,,,1,30,PC,,11,,2
4733,82,,,1,6601011_BD,,MR.P KACANG SALUT GARLIC 6X10X40GR,4495.91,,4995.45,,,1,60,PC,,11,,2
4734,82,,,1,6601012_BD,,MR.P KACANG ATOM PEDAS 4X10X100GR,6228.41,,6920.45,,,1,40,PC,,11,,2
4735,82,,,1,6601013_BD,,MR.P PANGGANG BALADO 6X10X40G,4495.91,,4995.45,,,1,60,PC,,11,,2
4736,82,,,1,6601014_BD,,MR.P PANGGANG BALADO 5X6X80GR,8991.82,,9990.91,,,1,30,PC,,11,,2
4737,82,,,1,6601015_BD,,MR.P KACAG KULIT 10X900GR,43789.09,,48654.55,,,1,10,PC,,11,,2
4738,82,,,1,6601016_BD,,MR.P KACANG ATOM ORI 5X8X130GR,7302.27,,8113.64,,,1,40,PC,,11,,2
4739,82,,,1,6601017_BD,,MR.P KACANG ATOM ORI 3X10X225GR,11890.91,,13212.12,,,1,30,PC,,11,,2
4740,82,,,1,6601018_BD,,MR.P METE ASIN 5X6X80GR,26290.91,,29212.12,,,1,30,PC,,11,,2
4741,82,,,1,6601019_BD,,MR.P METE BALADO 6X10X40GR,13145.45,,14606.06,,,1,60,PC,,11,,2
4742,82,,,1,6601020_BD,,MR.P METE BALADO 5X6X80GR,26290.91,,29212.12,,,1,30,PC,,11,,2
4743,82,,,1,6601021_BD,,MR.P MIX NUTS 5X6X80GR,16363.64,,18181.82,,,1,30,PC,,11,,2
4744,82,,,1,6601022_BD,,MR.P METE MADU 6X10X40GR,13145.45,,14606.06,,,1,60,PC,,11,,2
4745,82,,,1,6601023_BD,,MR.P METE MADU 5X6X80GR,26290.91,,29212.12,,,1,30,PC,,11,,2
4746,82,,,1,6601024_BD,,MR.P KACANG KULIT 450GR,25093.64,,27881.82,,,1,10,PC,,11,,2
4747,82,,,1,6701001_BD,,CHAMP SOSIS DAGING AYAM 6X24X23G,612.73,,681.82,,,1,144,PC,,11,,2
4748,82,,,1,6701002_BD,,CHAMP SOSIS DG SAPI BBQ 6X24X23G,612.73,,681.82,,,1,144,PC,,11,,2
4749,82,,,1,6701004,,FIESTA TEPUNG KREMES 4X10X80G,2181.82,,2518.18,,,1,40,PC,,11,,2
4750,82,,,1,6701005,,FIESTA TEPUNG AYAM GORENG 4X10X80G,1850,,2136.36,,,1,40,PC,,11,,2
4751,82,,,1,6701006,,FIESTA TEPUNG BAKWAN 4X10X80G,2054.55,,2363.64,,,1,40,PC,,11,,2
4752,82,,,1,6701007,,FIESTA TEPUNG TEMPE RENYAH 4X10X80G,2381.82,,2727.27,,,1,40,PC,,11,,2
4753,82,,,1,6701008,,FIESTA TEPUNG AYAM GR PEDAS 4X10X80G,2427.27,,2781.82,,,1,40,PC,,11,,2
4754,82,,,1,6701008_BD,,FIESTA TEPUNG AYAM GR PEDAS 4X10X80G,2427.27,,2781.82,,,1,40,PC,,11,,2
4755,82,,,1,6801001,,HN SWEAT 175MLX24,602.65,,662.88,,,1,24,PC,,11,,2
4756,82,,,1,6801001_BD,,HN SWEAT 175MLX24,602.65,,662.88,,,1,24,PC,,11,,2
4757,82,,,1,6801001_BN,,HN SWEAT 175MLX24,0,,0,,,1,24,PC,,11,,2
4758,82,,,1,6801002,,HANNOI ORANGGO 175MLX24,602.65,,662.88,,,1,24,PC,,11,,2
4759,82,,,1,6801002_BD,,HANNOI ORANGGO 175MLX24,602.65,,662.88,,,1,24,PC,,11,,2
4760,82,,,1,6801002_BN,,HANNOI ORANGGO 175MLX24,0,,0,,,1,24,PC,,11,,2
4761,82,,,1,6801003,,HANNOI TEH APEL 175MLX24,602.65,,662.88,,,1,24,PC,,11,,2
4762,82,,,1,6801003_BD,,HANNOI TEH APEL 175MLX24,602.65,,662.88,,,1,24,PC,,11,,2
4763,82,,,1,6801003_BN,,HANNOI TEH APEL 175MLX24,0,,0,,,1,24,PC,,11,,2
4764,82,,,1,6801004,,HANNOI TEH ANGGUR 175MLX24,602.65,,662.88,,,1,24,PC,,11,,2
4765,82,,,1,6801004_BD,,HANNOI TEH ANGGUR 175MLX24,602.65,,662.88,,,1,24,PC,,11,,2
4766,82,,,1,6801004_BN,,HANNOI TEH ANGGUR 175MLX24,0,,0,,,1,24,PC,,11,,2
4767,82,,,1,70007,,BK/CREAM CRACKERS BUTTER 262GR 6X3,5615.61,,6171,,,1,18,PC,,11,,2
4768,82,,,1,70007_BD,,BK/CREAM CRACKERS BUTTER 262GR 6X3,5615.61,,6171,,,1,18,PC,,11,,2
4769,82,,,1,70007_BN,,BK/CREAM CRACKERS BUTTER 262GR 6X3,0,,0,,,1,18,PC,,11,,2
4770,82,,,1,70031,,BK/MALKIST OLEZZ STRAWBERRY 100G 6X5,3888.43,,4273,,,1,30,PC,,11,,2
4771,82,,,1,70031_BD,,BK/MALKIST OLEZZ STRAWBERRY 100G 6X5,3888.43,,4273,,,1,30,PC,,11,,2
4772,82,,,1,70039,,BK MALKIST SUSU 238GRX6PKX3BAL,4427.15,,4865,,,1,18,PC,,11,,2
4773,82,,,1,70039_BD,,BK MALKIST SUSU 238GRX6PKX3BAL,4427.15,,4865,,,1,18,PC,,11,,2
4774,82,,,1,70039_BN,,BK MALKIST SUSU 238GRX6PKX3BAL,0,,0,,,1,18,PC,,11,,2
4775,82,,,1,70043,,BK/MALKIST SUSU 12GR 6X20,348.53,,383,,,1,120,PC,,11,,2
4776,82,,,1,70043_BD,,BK/MALKIST SUSU 12GR 6X20,348.53,,383,,,1,120,PC,,11,,2
4777,82,,,1,70044,,BK SEE HONG PUFF KELAPA 260GRX6PCX6BAL,5533.71,,6081,,,1,36,PC,,11,,2
4778,82,,,1,70044_BD,,BK SEE HONG PUFF KELAPA 260GRX6PCX6BAL,5533.71,,6081,,,1,36,PC,,11,,2
4779,82,,,1,70044_BN,,BK SEE HONG PUFF KELAPA 260GRX6PCX6BAL,0,,0,,,1,36,PC,,11,,2
4780,82,,,1,73001,,BUDY JAM COKLAT 150GR 36PC/CT,10208,,12064,,,1,36,PC,,11,,2
4781,82,,,1,73001_BD,,BUDY JAM COKLAT 150GR 36PC/CT,9215.31,,10908,,,1,36,PC,,11,,2
4782,82,,,1,73001_MT,,BUDY JAM COKLAT 150GR 36PC/CT,9697.6,,11210,,,1,36,PC,,11,,2
4783,82,,,1,730010,,BANANA MARSMALLOW 60GR 36PC/CT,6336.03,,7500,,,1,36,PC,,11,,2
4784,82,,,1,730010_BD,,BANANA MARSMALLOW 60GR 36PC/CT,6336.03,,7500,,,1,36,PC,,11,,2
4785,82,,,1,730010_MT,,BANANA MARSMALLOW 60GR 36PC/CT,6336.03,,7200,,,1,36,PC,,11,,2
4786,82,,,1,730011,,STRAWBERRY MARSMALLOW 60GR 36PC/CT,6336.03,,7500,,,1,36,PC,,11,,2
4787,82,,,1,730011_BD,,STRAWBERRY MARSMALLOW 60GR 36PC/CT,6336.03,,7500,,,1,36,PC,,11,,2
4788,82,,,1,730011_MT,,STRAWBERRY MARSMALLOW 60GR 36PC/CT,6336.03,,7200,,,1,36,PC,,11,,2
4789,82,,,1,730012,,BURGER MARSMALLOW 60GR 36PC/CT,6336.03,,7500,,,1,36,PC,,11,,2
4790,82,,,1,730012_BD,,BURGER MARSMALLOW 60GR 36PC/CT,6336.03,,7500,,,1,36,PC,,11,,2
4791,82,,,1,730012_MT,,BURGER MARSMALLOW 60GR 36PC/CT,6336.03,,7200,,,1,36,PC,,11,,2
4792,82,,,1,730013,,FLOWER MARSMALLOW 60GR 36PC/CT,6336.03,,7500,,,1,36,PC,,11,,2
4793,82,,,1,730013_BD,,FLOWER MARSMALLOW 60GR 36PC/CT,6336.03,,7500,,,1,36,PC,,11,,2
4794,82,,,1,730013_MT,,FLOWER MARSMALLOW 60GR 36PC/CT,6336.03,,7200,,,1,36,PC,,11,,2
4795,82,,,1,730014,,TWIST MALLOW 60GR 36PC/CT,6336.03,,7500,,,1,36,PC,,11,,2
4796,82,,,1,730014_BD,,TWIST MALLOW 60GR 36PC/CT,6336.03,,7500,,,1,36,PC,,11,,2
4797,82,,,1,730014_MT,,TWIST MALLOW 60GR 36PC/CT,6336.03,,7200,,,1,36,PC,,11,,2
4798,82,,,1,730015,,MALLOW PLAIN 60GR 36PC/CT,6336.03,,7500,,,1,36,PC,,11,,2
4799,82,,,1,730015_BD,,MALLOW PLAIN 60GR 36PC/CT,6336.03,,7500,,,1,36,PC,,11,,2
4800,82,,,1,730015_MT,,MALLOW PLAIN 60GR 36PC/CT,6336.03,,7200,,,1,36,PC,,11,,2
4801,82,,,1,730016,,WATERMELON MARSMALLOW 60GR 36PC/CT,6336.03,,7500,,,1,36,PC,,11,,2
4802,82,,,1,730016_BD,,WATERMELON MARSMALLOW 60GR 36PC/CT,6336.03,,7500,,,1,36,PC,,11,,2
4803,82,,,1,730016_MT,,WATERMELON MARSMALLOW 60GR 36PC/CT,6336.03,,7200,,,1,36,PC,,11,,2
4804,82,,,1,730017,,MINI MARSMALLOW 60GR 36PC/CT,6336.03,,7500,,,1,36,PC,,11,,2
4805,82,,,1,730017_BD,,MINI MARSMALLOW 60GR 36PC/CT,6336.03,,7500,,,1,36,PC,,11,,2
4806,82,,,1,730017_MT,,MINI MARSMALLOW 60GR 36PC/CT,6336.03,,7200,,,1,36,PC,,11,,2
4807,82,,,1,730018,,STRAWBERRY ICE CREAM 60GR 36PC/CT,6336.03,,7500,,,1,36,PC,,11,,2
4808,82,,,1,730018_BD,,STRAWBERRY ICE CREAM 60GR 36PC/CT,6336.03,,7500,,,1,36,PC,,11,,2
4809,82,,,1,730018_MT,,STRAWBERRY ICE CREAM 60GR 36PC/CT,6336.03,,7200,,,1,36,PC,,11,,2
4810,82,,,1,730019,,BLUEBERRY ICE CREAM 60GR 36PC/CT,6336.03,,7500,,,1,36,PC,,11,,2
4811,82,,,1,730019_BD,,BLUEBERRY ICE CREAM 60GR 36PC/CT,6336.03,,7500,,,1,36,PC,,11,,2
4812,82,,,1,730019_MT,,BLUEBERRY ICE CREAM 60GR 36PC/CT,6336.03,,7200,,,1,36,PC,,11,,2
4813,82,,,1,73002,,BUDY JAM CUP KACANG 120GR 36PC/CT,11193.69,,13250,,,1,36,PC,,11,,2
4814,82,,,1,73002_BD,,BUDY JAM CUP KACANG 120GR 36PC/CT,11193.69,,13250,,,1,36,PC,,11,,2
4815,82,,,1,73002_MT,,BUDY JAM CUP KACANG 120GR 36PC/CT,11783.23,,12910,,,1,36,PC,,11,,2
4816,82,,,1,730020,,GRAPE ICE CREAM 60GR 36PC/CT,6336.03,,7500,,,1,36,PC,,11,,2
4817,82,,,1,730020_MT,,GRAPE ICE CREAM 60GR 36PC/CT,6336.03,,7200,,,1,36,PC,,11,,2
4818,82,,,1,730021,,CHOCOLATE COIN STRIP 36GR 60PC/CT,8096.39,,9583,,,1,60,PC,,11,,2
4819,82,,,1,730021_MT,,CHOCOLATE COIN STRIP 36GR 60PC/CT,8096.39,,9200,,,1,60,PC,,11,,2
4820,82,,,1,730022,,CHOCOLATE BUNNY 36GR 60PC/CT,8096.39,,9583,,,1,60,PC,,11,,2
4821,82,,,1,730022_MT,,CHOCOLATE BUNNY 36GR 60PC/CT,8096.39,,9200,,,1,60,PC,,11,,2
4822,82,,,1,730023,,CHOCOLATE LOVE&LOLLI 30G 48PC/CT,8096.39,,9583,,,1,48,PC,,11,,2
4823,82,,,1,730023_MT,,CHOCOLATE LOVE&LOLLI 30G 48PC/CT,8096.39,,9200,,,1,48,PC,,11,,2
4824,82,,,1,730024,,VANILLA MATCHA 14GR 240PC/CT,1281.08,,1516,,,1,240,PC,,11,,2
4825,82,,,1,730024_MT,,VANILLA MATCHA 14GR 240PC/CT,1281.08,,1454.95,,,1,240,PC,,11,,2
4826,82,,,1,730025,,DUCKIE MARSMALLOW 14GR 240PC/CT,1281.08,,1516,,,1,240,PC,,11,,2
4827,82,,,1,730025_MT,,DUCKIE MARSMALLOW 14GR 240PC/CT,1281.08,,1454.95,,,1,240,PC,,11,,2
4828,82,,,1,730026,,FLOWER MARSMALLOW 14GR 240PC/CT,1281.08,,1516,,,1,240,PC,,11,,2
4829,82,,,1,730026_MT,,FLOWER MARSMALLOW 14GR 240PC/CT,1281.08,,1454.95,,,1,240,PC,,11,,2
4830,82,,,1,730027,,CAR MALLOW 14GR 240PC/CT,1281.08,,1516,,,1,240,PC,,11,,2
4831,82,,,1,730027_MT,,CAR MALLOW 14GR 240PC/CT,1281.08,,1454.95,,,1,240,PC,,11,,2
4832,82,,,1,730028,,MINI MARSHMALLOW 14GR 240PC/CT,1281.08,,1516,,,1,240,PC,,11,,2
4833,82,,,1,730028_MT,,MINI MARSHMALLOW 14GR 240PC/CT,1281.08,,1454.95,,,1,240,PC,,11,,2
4834,82,,,1,730029,,MALLOW PLAIN 200GR 24PC/CT,16800,,19886,,,1,24,PC,,11,,2
4835,82,,,1,730029_MT,,MALLOW PLAIN 200GR 24PC/CT,16800,,19090.99,,,1,24,PC,,11,,2
4836,82,,,1,73003,,BUDY JAM CUP STRAWBERRY 150GR 36PC/CT,8219.2,,9713.6,,,1,36,PC,,11,,2
4837,82,,,1,73003_BD,,BUDY JAM CUP STRAWBERRY 150GR 36PC/CT,7415.31,,8777,,,1,36,PC,,11,,2
4838,82,,,1,73003_MT,,BUDY JAM CUP STRAWBERRY 150GR 36PC/CT,7805.6,,7930,,,1,36,PC,,11,,2
4839,82,,,1,730030,,TWIST MALLOW 200GR 24PC/CT,16800,,19886,,,1,24,PC,,11,,2
4840,82,,,1,730030_MT,,TWIST MALLOW 200GR 24PC/CT,16800,,19090.99,,,1,24,PC,,11,,2
4841,82,,,1,730031,,VANILLA MATCHA 200GR 24PC/CT,16800,,19886,,,1,24,PC,,11,,2
4842,82,,,1,730031_MT,,VANILLA MATCHA 200GR 24PC/CT,16800,,19090.99,,,1,24,PC,,11,,2
4843,82,,,1,730032,,FLOWER MARSMALLOW 200GR 24PC/CT,16800,,19886,,,1,24,PC,,11,,2
4844,82,,,1,730032_MT,,FLOWER MARSMALLOW 200GR 24PC/CT,16800,,19090.99,,,1,24,PC,,11,,2
4845,82,,,1,730033,,CAR MALLOW 200GR 24PC/CT,16800,,19886,,,1,24,PC,,11,,2
4846,82,,,1,730033_MT,,CAR MALLOW 200GR 24PC/CT,16800,,19090.99,,,1,24,PC,,11,,2
4847,82,,,1,730034,,DUCKIE MARSMALLOW 200GR 24PC/CT,16800,,19886,,,1,24,PC,,11,,2
4848,82,,,1,730034_MT,,DUCKIE MARSMALLOW 200GR 24PC/CT,16800,,19090.99,,,1,24,PC,,11,,2
4849,82,,,1,730035,,MINI MARSHMALLOW 200GR 24PC/CT,16800,,19886,,,1,24,PC,,11,,2
4850,82,,,1,730035_MT,,MINI MARSHMALLOW 200GR 24PC/CT,16800,,19090.99,,,1,24,PC,,11,,2
4851,82,,,1,730036,,ALFAMIDI SELAI CUP COKLAT 36/CT,8096,,9568,,,1,36,PC,,11,,2
4852,82,,,1,730036_MT,,ALFAMIDI SELAI CUP COKLAT 36/CT,8096,,9568,,,1,36,PC,,11,,2
4853,82,,,1,730037,,ALFAMIDI SELAI CUP PINDEKAS 36/CT,12399.2,,14653.6,,,1,36,PC,,11,,2
4854,82,,,1,730037_MT,,ALFAMIDI SELAI CUP PINDEKAS 36/CT,8096,,12116,,,1,36,PC,,11,,2
4855,82,,,1,730038,,ALFAMIDI SELAI CUP STRAWBERRY 36/CT,5720,,6760,,,1,36,PC,,11,,2
4856,82,,,1,730038_MT,,ALFAMIDI SELAI CUP STRAWBERRY 36/CT,5720,,6760,,,1,36,PC,,11,,2
4857,82,,,1,730039,,CHOMP CHOMP ICE CREAM ASS 20BG/CT,7854.55,,8648.64,,,1,20,BG,,11,,2
4858,82,,,1,730039 _BD,,CHOMP CHOMP ICE CREAM ASS 20BG/CT,7854.95,,8648.64,,,1,20,PC,,11,,2
4859,82,,,1,730039_MT,,CHOMP CHOMP ICE CREAM ASS 20BG/CT,7854.95,,8994.59,,,1,20,BG,,11,,2
4860,82,,,1,73004,,MY BUDDY 48PC/CT,18039.63,,21354,,,1,48,PC,,11,,2
4861,82,,,1,73004_MT,,MY BUDDY 48PC/CT,18039.63,,20500,,,1,48,PC,,11,,2
4862,82,,,1,730040,,BANANA MARSHMALLOW 36X60GR,6336.03,,7200,,,1,36,PC,,11,,2
4863,82,,,1,730040_MT,,BUDY JAM CUP PINDEKAS 120GR 36PC/CT,11783.2,,12910,,,1,36,PC,,11,,2
4864,82,,,1,730041_MT,,BUDY JAM PB STR 1KG  10/CT,33897.6,,40550,,,1,10,PC,,11,,2
4865,82,,,1,730042,,MAINAN MEKANIK 361 48PC/CT,18040,,20500,,,1,48,PC,,11,,2
4866,82,,,1,730042_MT,,MAINAN MEKANIK 361 48PC/CT,18040,,20500,,,1,48,PC,,11,,2
4867,82,,,1,730043,,MAINAN MEKANIK 362 48/CT,18040,,20500,,,1,48,PC,,11,,2
4869,82,,,1,730044,,MAINAN MEKANIK 363 48/CT,18040,,20500,,,1,48,PC,,11,,2
4870,82,,,1,730044_MT,,MAINAN MEKANIK 363 48/CT,18040,,20500,,,1,48,PC,,11,,2
4871,82,,,1,730045,,MAINAN MEKANIK 364 48/CT,18040,,20500,,,1,48,PC,,11,,2
4872,82,,,1,730045_MT,,MAINAN MEKANIK 364 48/CT,18040,,20500,,,1,48,PC,,11,,2
4873,82,,,1,730046,,MALLOW PUFF RAISIN 12.5GRX6X20,1272.73,,1499.09,,,1,120,PC,,11,,2
4874,82,,,1,730046_MT,,MAINAN MEKANIK 366 48/CT,18040,,20500,,,1,48,PC,,11,,2
4875,82,,,1,730047,,MALLOW PUFF VANILLA 12.5GRX6X20,1272.73,,1499.09,,,1,120,PC,,11,,2
4876,82,,,1,730047_MT,,MAINAN MEKANIK 366 48/CT,18040,,20500,,,1,48,PC,,11,,2
4877,82,,,1,730048,,MALLOW PUFF STRAW 12.5GRX6X20,1120,,1323.63,,,1,120,PC,,11,,2
4878,82,,,1,730048_MT,,MAINAN MEKANIK 380 48/CT,18040,,20500,,,1,48,PC,,11,,2
4879,82,,,1,730049,,MALLOW PUFF PEACH PULP 12.5GRX6X20,1272.73,,1499.09,,,1,120,PC,,11,,2
4880,82,,,1,730049_MT,,MAINAN MEKANIK 377 48/CT,18040,,20500,,,1,48,PC,,11,,2
4882,82,,,1,73005_MT,,HAPPY TOY 48PC/CT,18039.63,,20500,,,1,48,PC,,11,,2
4883,82,,,1,730050,,MALLOW PUFF BLUEBERRY 12.5GRX6X20,1272.73,,1499.09,,,1,120,PC,,11,,2
4884,82,,,1,730050_MT,,TRIO MALLOW RAINBOW 24GR144/CT,2920.72,,3319,,,1,144,PC,,11,,2
4885,82,,,1,730051,,MALLOW PUFF STRAW 12.5GX6X20,1272.73,,1499.09,,,1,120,PC,,11,,2
4886,82,,,1,730051_MT,,MALLOW PUFF WITH STRABERY PULP 36/CT,6336.03,,7200,,,1,36,PC,,11,,2
4887,82,,,1,730052,,VANILLA MATCHA MARSMALLOW 12GR,1216.22,,1499.09,,,1,100,PC,,11,,2
4888,82,,,1,730052_MT,,MALLOW PUFF WITH PEACH PULP 36/CT,6336.03,,7200,,,1,36,PC,,11,,2
4889,82,,,1,730053,,DUCKIE MARSMALLOW 12 GR 10BAGX10PC,1216.22,,1499.09,,,1,100,PC,,11,,2
4890,82,,,1,730053_BD,,DUCKIE MARSMALLOW 12 GR 10BAGX10PC,1216.22,,1499.09,,,1,100,PC,,11,,2
4891,82,,,1,730053_MT,,MALLOW PUFF WITH BLUBERY 36/CT,6336.03,,7200,,,1,36,PC,,11,,2
4892,82,,,1,730054,,MINI MARSHMALLOW 12G 10BAGX10PC,1216.22,,1499.09,,,1,100,PC,,11,,2
4893,82,,,1,730054_MT,,MALLOW POP 18 GR 180 PC/CT,2920,,3319,,,1,180,PC,,11,,2
4894,82,,,1,730055,,CAR MARSHMALLOW 12GR 10BAGX10PC,1216.22,,1499.09,,,1,100,PC,,11,,2
4895,82,,,1,730055_MT,,FLOWER MASRHMALLOW 12GR 100 PC/CT,1070.27,,1216.22,,,1,100,PC,,11,,2
4896,82,,,1,730056,,FLOWER MARSHMALLOW 12G 10BAGX10PC,1216.22,,1499.09,,,1,100,PC,,11,,2
4897,82,,,1,730056_BD,,FLOWER MARSHMALLOW 12G 10BAGX10PC,1216.22,,1499.09,,,1,100,PC,,11,,2
4898,82,,,1,730056_MT,,MINI MALLOW 12 GR 100 PC/CT,1070.27,,1216.22,,,1,100,PC,,11,,2
4899,82,,,1,730057,,MALLOW PUFF WITH RAISIN 12.5R,1272.97,,1441.44,,,1,120,PC,,11,,2
4900,82,,,1,730057_MT,,DUCKIE MARSHMALLOW 12GR 100 PC/CT,1070.27,,1216.22,,,1,100,PC,,11,,2
4901,82,,,1,730058,,MALLOW PUFF VANILLA 12.5GR,1272.97,,1441.44,,,1,120,PC,,11,,2
4902,82,,,1,730059,,"MALLOW PUFF STARWBERY PILP 12,5GR",1272.73,,1499.09,,,1,120,PC,,11,,2
4903,82,,,1,730059_MT,,MAINAN MEKANIK TANGAN?SWEETFUN,18040,,20500,,,1,48,PC,,11,,2
4904,82,,,1,73006,,VERY LONG STICK/TWISTER 55GR 60PC/CT,6336.03,,7500,,,1,60,PC,,11,,2
4905,82,,,1,73006_BD,,VERY LONG STICK/TWISTER 55GR 60PC/CT,6336.03,,7500,,,1,60,PC,,11,,2
4906,82,,,1,73006_MT,,VERY LONG STICK/TWISTER 55GR 60PC/CT',6336.03,,7200,,,1,60,PC,,11,,2
4907,82,,,1,730060,,MALLOW PUFF WITH BLUEBERRY 12.5GR,1272.97,,1441.44,,,1,120,PC,,11,,2
4908,82,,,1,730060_MT,,TWIST MALLOW 50GR,6336.03,,7200,,,1,36,PC,,11,,2
4909,82,,,1,730061,,MALLOW PUFF WITH BLUEBERRY 12.5G,1272.97,,1441.44,,,1,120,PC,,11,,2
4910,82,,,1,730061_MT,,MALLOW PUFF WITH RAISIN,6336.03,,7200,,,1,36,PC,,11,,2
4911,82,,,1,730062_MT,,MALLOW PUFF WITH VANILLA,6336.03,,7200,,,1,36,PC,,11,,2
4912,82,,,1,730063_MT,,MALLOW PLAIN 50GR,6336.03,,7200,,,1,36,PC,,11,,2
4913,82,,,1,730064_MT,,DUCKIE MARSMALLOW 50GR 36PC/CT,6336.03,,7200,,,1,36,PC,,11,,2
4914,82,,,1,730065_MT,,BANANA MARSMALLOW 50GR 36PC/CT,6336.03,,7200,,,1,36,PC,,11,,2
4915,82,,,1,730066_MT,,STRAWBERRY ICE CREAM 50GR 36PC/CT,6336.03,,7200,,,1,36,PC,,11,,2
4916,82,,,1,730067_MT,,ICE CREAM GRAPE 50GR 36PC/CT,6336.03,,7200,,,1,36,PC,,11,,2
4917,82,,,1,730068_MT,,MARSMALLOW VANILLA MATCHA 50GR 36PC/CT,6336.03,,7200,,,1,36,PC,,11,,2
4918,82,,,1,730069,,PINK & WHITE MARSMALLOW 50GR,6336,,7500,,,1,36,PC,,11,,2
4919,82,,,1,730069_MT,,PINK & WHITE MARSMALLOW 50GR,6336,,7200,,,1,36,PC,,11,,2
4920,82,,,1,73007,,CAR MALLOW 60GR 36PC/CT,6336.03,,7500,,,1,36,PC,,11,,2
4921,82,,,1,73007_BD,,CAR MALLOW 60GR 36PC/CT,6336.03,,7500,,,1,36,PC,,11,,2
4922,82,,,1,73007_MT,,CAR MALLOW 60GR 36PC/CT,6336.03,,7200,,,1,36,PC,,11,,2
4923,82,,,1,730070,,RAINBOW MALLOW 200GR,16800.08,,19854.64,,,1,24,PC,,11,,2
4924,82,,,1,730070_MT,,RAINBOW MALLOW 200GR,16800.08,,19091,,,1,24,PC,,11,,2
4925,82,,,1,730071,,SANDWICH MARSHMALLOW 21GR,2920.72,,3451.76,,,1,144,PC,,11,,2
4926,82,,,1,730071_MT,,SANDWICH MARSHMALLOW 21GR,2920.72,,3319,,,1,144,PC,,11,,2
4927,82,,,1,730072_MT,,BURGER MARSMALLOW 50GR 36PC/CT,6336.03,,7200,,,1,36,PC,,11,,2
4928,82,,,1,730073_MT,,MARSH VERY LONG STICK / TWISTER  50GR,6336.03,,7200,,,1,60,PC,,11,,2
4929,82,,,1,730074_MT,,WHOOSS WHOSS MALLOW 50GR,6336,,7200,,,1,36,PC,,11,,2
4930,82,,,1,730075_MT,,COLORFUL MALLOW 50GR,6336,,7200,,,1,36,PC,,11,,2
4931,82,,,1,730076_MT,,TRIO MALLOW RAINBOW 21GR144/CT,2920.72,,3319,,,1,144,PC,,11,,2
4932,82,,,1,730077_MT,,MALLOW POP 16 GR 180 PC/CT,2920,,3319,,,1,180,PC,,11,,2
4933,82,,,1,730079_MT,,MALLOW WATERMELON SHAPE 60GR,6336,,7200,,,1,36,PC,,11,,2
4934,82,,,1,73008,,DUCKIE MARSMALLOW 60GR 36PC/CT,6336.03,,7500,,,1,36,PC,,11,,2
4935,82,,,1,73008_BD,,DUCKIE MARSMALLOW 60GR 36PC/CT,6336.03,,7500,,,1,36,PC,,11,,2
4936,82,,,1,73008_MT,,DUCKIE MARSMALLOW 60GR 36PC/CT,6336.03,,7200,,,1,36,PC,,11,,2
4937,82,,,1,73009,,MARSMALLOW VANILLA MATCHA 60GR 36PC/CT,6336.03,,7500,,,1,36,PC,,11,,2
4938,82,,,1,73009_BD,,MARSMALLOW VANILLA MATCHA 60GR 36PC/CT,6336.03,,7500,,,1,36,PC,,11,,2
4939,82,,,1,73009_MT,,MARSMALLOW VANILLA MATCHA 60GR 36PC/CT,6336.03,,7200,,,1,36,PC,,11,,2
4940,82,,,1,730090_MT,,WATERMELON SHAPE MARSMELLOW 50GR NEWBAG,6336,,7200,,,1,36,PC,,11,,2
4941,82,,,1,730091_MT,,COLORFUL MALLOW 50GR MALLOW UNICOR,6336,,7200,,,1,36,PC,,11,,2
4942,82,,,1,90004,,BK/MONTEGO FUN DOUBLE CHOCO 17G 12X10,717.08,,788,,,1,120,PC,,11,,2
4943,82,,,1,90004_BD,,BK/MONTEGO FUN DOUBLE CHOCO 17G 12X10,717.08,,788,,,1,120,PC,,11,,2
4944,82,,,1,90004_BN,,BK/MONTEGO FUN DOUBLE CHOCO 17G 12X10,0,,0,,,1,120,PC,,11,,2
4945,82,,,1,90024,,BK/MONSTA CHOCOCHIP COOKIES 9GR 20X6,348.53,,383,,,1,120,PC,,11,,2
4946,82,,,1,90024_BD,,BK/MONSTA CHOCOCHIP COOKIES 9GR 20X6,348.53,,383,,,1,120,PC,,11,,2
5007,5,,,1,ALBP035_BD,,E92 BP 2 48 PK,10973,,12910,,,1,48,PK,,11,,2
4947,82,,,1,90025,,BK/MALKIST OLEZZ CHEESE CHOCO 10GR 20X6,348.53,,383,,,1,120,PC,,11,,2
4948,82,,,1,90025_BD,,BK/MALKIST OLEZZ CHEESE CHOCO 10GR 20X6,348.53,,383,,,1,120,PC,,11,,2
4949,82,,,1,90026,,BK/MALKIST OLEZZ CHOCO PARTY 100G 6X5,3888.43,,4273,,,1,30,PC,,11,,2
4950,82,,,1,90026_BD,,BK/MALKIST OLEZZ CHOCO PARTY 100G 6X5,3888.43,,4273,,,1,30,PC,,11,,2
4951,82,,,1,90027,,BK/MALKIST OLEZZ CHEESE CHOCO 100G 6X5,3888.43,,4273,,,1,30,PC,,11,,2
4952,82,,,1,90027_BD,,BK/MALKIST OLEZZ CHEESE CHOCO 100G 6X5,3888.43,,4273,,,1,30,PC,,11,,2
4953,82,,,1,90029,,BK SEE HONG PUFF CRACKERS 260GRX6PCX6BAL,5533.71,,6081,,,1,36,PC,,11,,2
4954,82,,,1,90029_BD,,BK SEE HONG PUFF CRACKERS 260GRX6PCX6BAL,5533.71,,6081,,,1,36,PC,,11,,2
4955,82,,,1,90029_BN,,BK SEE HONG PUFF CRACKERS 260GRX6PCX6BAL,0,,0,,,1,36,PC,,11,,2
4956,9,,,1,ADD1SM121,,NS JERUK PERAS PLS 18PX40SX14GR,0,,0,,,1,720,PC,,11,,2
4957,9,,,1,ADV1101569326,,NS JERUK PERAS PLS 18PX40SX14G,0,,0,,,1,720,PC,,11,,2
4958,82,,,1,AJPC001_BD,,ALOE JELLY 70 GR PEACH 6'S X 12 PACK,5831,,7086.36,,,1,12,PK,,11,,2
4959,5,,,1,AL2A008_BD,,E91 AA-12 MAX BP-12 16PK,53273,,53273,,,1,16,PK,,11,,2
4960,5,,,1,AL2A009_BD,,E91 AA-12 MAX BP-12 + PROMO16PK,45282,,45282,,,1,16,PK,,11,,2
4961,5,,,1,AL2A010_BD,,E91 AA-12 MAX MP-12,52182,,60818.18,,,1,48,PK,,11,,2
4962,5,,,1,AL2A011_BD,,E91 AA-2 AF 216 PK,9360,,10909.09,,,1,216,PK,,11,,2
4963,5,,,1,AL2A012_BD,,E91 AA BP2 MAX / E301303601,14609.19,,17027,,,1,216,PK,,11,,2
4964,5,,,1,AL2A012R,,E91 AA-2 MAX 216 PK REPACK,9516.08,,11091,,,1,216,PK,,11,,2
4965,5,,,1,AL2A012R_BD,,E91 AA-2 MAX 216 PK REPACK,9516.08,,11091,,,1,216,PK,,11,,2
4966,5,,,1,AL2A013_BD,,E91 AA-2 MAX MAKRO 216 PK,25505.77,,29727,,,1,216,PK,,11,,2
4967,5,,,1,AL2A014_BD,,E91 AA-2 MAX + PROMO 216 PK,7960,,9364,,,1,216,PK,,11,,2
4968,5,,,1,AL2A030_BD,,S91 BP2DC24CB432,5849.84,,6818,,,1,216,PC,,11,,2
4969,5,,,1,AL3A026_BD,,E92 AAA-2 AF 216 PK,9438,,11000,,,1,216,PC,,11,,2
4970,5,,,1,AL3A028_BD,,E92 AAA-2MAX 216 PK,14609.19,,17027,,,1,216,PK,,11,,2
4971,5,,,1,AL3A028R,,E92 AAA-2MAX 216 PK REPACK,9516.08,,11091,,,1,216,PK,,11,,2
4972,5,,,1,AL3A031_BD,,E92 AAA-4MAX 48 PK,27517.84,,32072,,,1,48,PK,,11,,2
4973,5,,,1,AL3A031R,,E92 AAA-4max 48 PK REPACK,18018,,21000,,,1,48,PK,,11,,2
4974,5,,,1,AL3A032_BD,,E92 AAA-4MAX PLUS 2 48 PK,17628,,20545.45,,,1,48,PK,,11,,2
4975,5,,,1,AL3A034_BD,,E92 AAA-4MAX PLUS 2 96 PK,27517.84,,32072,,,1,96,PC,,11,,2
4976,5,,,1,AL3A034R_BD,,E92 AAA-4MAX PLUS 2 96 PK REPACK,18329.99,,21363.63,,,1,96,PK,,11,,2
4977,5,,,1,AL4A015_BD,,E91 AA-4 MAX 48PK,27517.84,,32072,,,1,48,PK,,11,,2
4978,5,,,1,AL4A015R_BD,,E91 AA-4 MAX 48PK REPACK,18018,,21000,,,1,48,PK,,11,,2
4979,5,,,1,AL4A016_BD,,E91 AA-4 MAX + PROMO 24PK,15684,,18455,,,1,24,PK,,11,,2
4980,5,,,1,AL4A017_BD,,E91 AA-4 MAX PLUS 48PK,17316,,20181.82,,,1,48,PK,,11,,2
4981,5,,,1,AL4A018_BD,,E91 AA-4 MAX PLUS 2 96PK,27517.84,,32072,,,1,96,PK,,11,,2
4982,5,,,1,AL4A018R_BD,,E91 AA-4 MAX PLUS 2 96PK REPACK,17862,,20818.18,,,1,96,PK,,11,,2
4983,5,,,1,AL6A018_BD,,E91 AA-6 MAX 32PK,23646,,27819,,,1,32,PK,,11,,2
4984,5,,,1,AL6A019_BD,,E91 AA-6 MAX + PROMO 32PK,23646,,27819,,,1,32,PK,,11,,2
4985,5,,,1,AL6A020_BD,,E91 AA BP6 MAX / E301303901,33547.03,,39099,,,1,96,PC,,11,,2
4986,5,,,1,AL6A020R,,E91 MAX BP6 R576 DM REPACK,21840.39,,25455,,,1,96,PC,,11,,2
4987,5,,,1,AL6A021_BD,,E92 MAXBP6 R576 DM,33160.54,,38649,,,1,96,PC,,11,,2
4988,5,,,1,AL8A020_BD,,E91 AA-8 MAX  24PK,33769,,39728,,,1,24,PK,,11,,2
4989,5,,,1,AL8A021_BD,,E91 AA-8 MAX + PROMO 24PK,33769,,39728,,,1,24,PK,,11,,2
4990,5,,,1,AL8A022_BD,,E91 AA 8 AF 48PK,33769,,39728,,,1,48,PK,,11,,2
4991,5,,,1,AL8A023_BD,,E91/E92 AA 8 + RADIO 48PK,33769,,39728,,,1,48,PK,,11,,2
4992,5,,,1,AL8A024_BD,,E91/E92 AA 8 FL 48PK,33769,,39728,,,1,48,PK,,11,,2
4993,5,,,1,AL91AA2_BD,,E91BP2+1 AA MAX,16155.14,,18829,,,1,216,PC,,11,,2
4994,5,,,1,AL91AA2R_BD,,E91BP2+1 AA MAX REPACK,10686.39,,12455,,,1,216,PC,,11,,2
4995,5,,,1,AL92AAA_BD,,E92BP2+1 AAA MAX,16155.14,,18829,,,1,216,PC,,11,,2
4996,5,,,1,AL92AAAR,,E92BP2+1 AAA MAX REPACK,10686.39,,12455,,,1,216,PC,,11,,2
4997,5,,,1,AL92AAAR_BD,,E92BP2+1 AAA MAX REPACK,10686.39,,12455,,,1,216,PC,,11,,2
4998,5,,,1,AL9V003_BD,,522 9V-1 144 PC,28058.92,,32703,,,1,144,PC,,11,,2
4999,5,,,1,ALBP001_BD,,E91 BP2 AF SUPER ALK 216 PK,6364,,6364,,,1,216,PK,,11,,2
5000,5,,,1,ALBP002_BD,,E92 BP2 AF SUPER ALK 216PK,6364,,6364,,,1,216,PK,,11,,2
5001,5,,,1,ALBP004_BD,,e2x91 BP2 48PK,25350,,29545.45,,,1,48,PK,,11,,2
5002,5,,,1,ALBP005_BD,,e2x91 BP2 48 PK,14000.84,,16318,,,1,48,PK,,11,,2
5003,5,,,1,ALBP006_BD,,e2x92 BP2 48 PK,14000.84,,16318,,,1,48,PK,,11,,2
5004,5,,,1,ALBP007_BD,,e2x92 BP4 48 PK,20670.08,,24091,,,1,48,PK,,11,,2
5008,5,,,1,ALC-036_BD,,E93 C-2 108 PK,51325.41,,59820,,,1,108,PK,,11,,2
5009,5,,,1,ALCO025_BD,,E91/E92 COMBO PACK 24PK,15687,,18455,,,1,24,PK,,11,,2
5010,5,,,1,ALD-038_BD,,E95 D-2 72PK,62301.62,,72613,,,1,72,PK,,11,,2
5011,82,,,1,ALMF002,,ALFAMART JELLY MIX FLOVOUR 16PCX24/CT,3711.21,,4255,,,1,24,PC,,11,,2
5012,82,,,1,ALMF002_BD,,ALFAMART JELLY MIX FLOVOUR 16PCX24/CT,3711.21,,4255,,,1,24,PC,,11,,2
5013,9,,,1,ANTP,,APRON NUTRISARI TEA PO 2,0,,0,,,1,1,PC,,11,,2
5014,9,,,1,APM02,,APRON LOKALATE,0,,0,,,1,1,PC,,11,,2
5015,9,,,1,APRON,,APRON/CELEMEK MARKISA,0,,0,,,1,1,PC,,11,,2
5016,9,,,1,APRONHILO,,APRON/CELEMEK HILO 2023,0,,0,,,1,1,PC,,11,,2
5017,9,,,1,APRONNS,,APRON NS JERUK,0,,0,,,1,1,PC,,11,,2
5018,80,,,1,BBNG001_BD,,BUMBU NASI GORENG 25GR X 6SCH X 20PAK,904.55,,1042.73,,,1,120,PC,,11,,2
5019,82,,,1,BCDC001,,BELLA COMPOUND DARK CHOCOLATE BAG 6X1KG,44083.02,,50356.14,,,1,6,PC,,11,,2
5020,82,,,1,BCDC001_BD,,BELLA COMPOUND DARK CHOCOLATE BAG 6X1KG,44083.02,,50356.14,,,1,6,PC,,11,,2
5021,82,,,1,BCDP001_BD,,BELLA CHOCOLATE DRINK POUCH 5X1KG,47488,,54245.38,,,1,5,PC,,11,,2
5022,82,,,1,BCDR001,,BELLA CHOC DRINK RENCENG 3X20X28GR,2032.65,,2319.82,,,1,60,PC,,11,,2
5023,82,,,1,BCDR001_BD,,BELLA CHOC DRINK RENCENG 3X20X28GR,1231,,1406.15,,,1,60,PC,,11,,2
5024,82,,,1,BCDR002,,BELLA CHOCOLATE DRINK 12X5X28GR,1325.67,,1454.55,,,1,60,PC,,11,,2
5025,82,,,1,BCDR002_BD,,BELLA CHOCOLATE DRINK 12X5X28GR,1325.67,,1454.55,,,1,60,PC,,11,,2
5026,82,,,1,BCMG001,,BELLA CHOCO MULTI GRAIN 6BX12PCX22GR,4960,,5665,,,1,72,PC,,11,,2
5027,82,,,1,BCMG001_BD,,BELLA CHOCO MULTI GRAIN 6BX12PCX22GR,4960,,5665,,,1,72,PC,,11,,2
5028,82,,,1,BCPT001_BD,,BELLA CHOCO PASTE 5KG,106364,,118182,,,1,2,PC,,11,,2
5029,82,,,1,BCRB002_BD,,BELLA CHOCOLATE RICE BAG 4X3KG,78862,,90084.52,,,1,4,PC,,11,,2
5030,82,,,1,BCRS001,,BELLA CHOCO RICE BAG SPECIAL GRADE 2X2X3KG,86284,,98562.27,,,1,4,PC,,11,,2
5031,82,,,1,BCRS001_BD,,BELLA CHOCO RICE BAG SPECIAL GRADE,86284,,98562.27,,,1,4,PC,,11,,2
5032,82,,,1,BCWC001,,BELLA COMPOUND WHITE CHO BAG 6X1KG,44083.02,,50356.14,,,1,6,PC,,11,,2
5033,82,,,1,BDCC001,,BELLA DARK CHO COMPOUND 24X250GR,17399.55,,19857.66,,,1,24,PC,,11,,2
5034,82,,,1,BDCC001_BD,,BELLA DARK CHO COMPOUND 24X250GR,14473,,16532,,,1,24,PC,,11,,2
5035,82,,,1,BDCC002_BD,,BELLA DARK CHOCO COMPOUND 1 KG,30767.05,,35145.27,,,1,6,PC,,11,,2
5036,82,,,1,BDCC003_BD,,BELLA DARK CHOCO COMPOUND 250GR,11007.1,,12300.85,,,1,24,PC,,11,,2
5037,82,,,1,BDCC004_BD,,BELLA DARK COMPOUND 5KG,133323.86,,152296.16,,,1,4,PC,,11,,2
5038,5,,,1,BEVT001_BD,,BE-EVAA1 VTMHS 2AA SW,17861.84,,20818,,,1,144,PC,,11,,2
5039,80,,,1,BJCCKAP0001,,COUNTRY CHOICE APPLE KOTAK 1L K12K,15015.01,,18768.76,,,1,12,PC,,11,,2
5040,80,,,1,BJCCKAP0001_BD,,COUNTRY CHOICE APPLE KOTAK 1L K12K,15015.01,,18768.76,,,1,12,PC,,11,,2
5041,80,,,1,BJCCKAP0002,,COUNTRY  CHOICE KOTAK  APPLE 1L K12,15015.01,,18768.76,,,1,12,PC,,11,,2
5042,80,,,1,BJCCKAP0002_BD,,COUNTRY  CHOICE KOTAK  APPLE 1L K12,15015.01,,18768.76,,,1,12,PC,,11,,2
5043,80,,,1,BJCCKAP2501,,COUNTRYCHOICE KOTAK  APPLE 250ML,3490.99,,4466.96,,,1,24,PC,,11,,2
5044,80,,,1,BJCCKGD2501,,COUNTRY CHOICE KOTAK FF 250ML GUARDIAN RED,4185.43,,5405.4,,,1,24,PC,,11,,2
5045,80,,,1,BJCCKGD2501_BD,,CHOICE KOTAK FF 250ML GUARDIAN RED,4185.43,,5405.4,,,1,24,PC,,11,,2
5046,80,,,1,BJCCKGV2501,,COUNTRYCHOICE KOTAK GUAVA 250ML,3490.99,,4466.96,,,1,24,PC,,11,,2
5047,80,,,1,BJCCKGV2501_BD,,COUNTRYCHOICE KOTAK GUAVA 250ML,3490.99,,4466.96,,,1,24,PC,,11,,2
5048,80,,,1,BJCCKMN2501,,COUNTRYCHOICE KOTAK MANGO 250ML,3490.99,,4466.96,,,1,24,PC,,11,,2
5049,80,,,1,BJCCKOR0001,,COUNTRY CHOICE ORANGE KOTAL 1L 12K,15015.01,,18768.76,,,1,12,PC,,11,,2
5050,80,,,1,BJCCKOR0002,,COUNTRY CHOICE KOTAK  ORANGE 1L K12,15015.01,,18768.76,,,1,12,PC,,11,,2
5051,80,,,1,BJCCKOR2501,,COUNTRYCHOICE KOTAK ORANGE 250ML,3490.99,,4466.96,,,1,24,PC,,11,,2
5052,80,,,1,BJFTBAP0001,,FRUITTEA BOTOL APPLE 235ML 24BT,1482.73,,1895.64,,,1,24,BT,,11,,2
5053,80,,,1,BJFTBAP0001_BD,,FRUITTEA BOTOL APPLE 235ML 24BT,1482.73,,1895.64,,,1,24,BT,,11,,2
5054,80,,,1,BJFTBBC0001,,FRUITTEA BTL BLACKCURRENT 235ML 24BT 24BT,1482.73,,1895.64,,,1,24,BT,,11,,2
5055,80,,,1,BJFTBBC0001_BD,,FRUITTEA BTL BLACKCURRENT 235ML 24BT 24BT,1482.73,,1895.64,,,1,24,BT,,11,,2
5056,80,,,1,BJFTCAP2000,,FRUITTEA CAN APPLE 318 ML K20 20BT,3108.1,,3963.96,,,1,20,PC,,11,,2
5057,80,,,1,BJFTCAP2000_BD,,FRUITTEA CAN APPLE 318 ML K20 20BT,3108.1,,3963.96,,,1,20,PC,,11,,2
5058,80,,,1,BJFTCBC2000,,FRUTTEA CAN BLACKCURRENT 318ML 20C,3108.1,,3963.96,,,1,20,PC,,11,,2
5059,80,,,1,BJFTEAP0005,,FRUITTEA  PET APPLE 500ML,3978.97,,5067.56,,,1,24,PC,,11,,2
5060,80,,,1,BJFTEAP0005_BD,,FRUITTEA  PET APPLE 500ML,3978.97,,5067.56,,,1,24,PC,,11,,2
5061,80,,,1,BJFTEAP3505,,FRUITTEA PET APPLE 350ML 12BT,2822.82,,3219.66,,,1,12,PC,,11,,2
5062,80,,,1,BJFTEAP3505_BD,,FRUITTEA PET APPLE 350ML 12BT,2822.82,,3219.66,,,1,12,PC,,11,,2
5063,80,,,1,BJFTEBC0005,,FRUITTEA PET BLACKCURRENT 500ML 24BT,3978.97,,5067.56,,,1,24,BT,,11,,2
5064,80,,,1,BJFTEBC0005_BD,,FRUITTEA PET BLACKCURRENT 500ML 24BT,3978.97,,5067.56,,,1,24,BT,,11,,2
5065,80,,,1,BJFTEBC0045,,FRUITTEA PET CONCENTRAT BLACKCURRENT 500ML K24,13363.36,,14414.41,,,1,12,BT,,11,,2
5066,80,,,1,BJFTEBC3505,,FRUITTEA PET BLACKCURENT 350ML,2822.82,,3219.69,,,1,12,PC,,11,,2
5067,80,,,1,BJFTEBC3505_BD,,FRUITTEA PET BLACKCURENT 350ML,2822.82,,3219.69,,,1,12,PC,,11,,2
5068,80,,,1,BJFTEBC3506,,FRUIT TEA  BLACKCURRENTPET350ML 12BT SHRINKS,2822.82,,3153.15,,,1,12,PC,,11,,2
5069,80,,,1,BJFTEBW3501,,FUITTEA PET BLEWAH 350ML 12BT SHRINK,2822.82,,3219.66,,,1,12,PC,,11,,2
5070,80,,,1,BJFTEBW3501_BD,,FUITTEA PET BLEWAH 350ML 12BT SHRINK,2822.82,,3219.66,,,1,12,PC,,11,,2
5071,80,,,1,BJFTEFR3505,,FRUITTEA PET FREEZE 350ML 12BT,2822.82,,3219.66,,,1,12,BT,,11,,2
5072,80,,,1,BJFTEFR3505_BD,,FRUITTEA PET FREEZE 350ML 12BT,2822.82,,3219.66,,,1,12,PC,,11,,2
5073,80,,,1,BJFTEFR5001,,FUITTEA PET FREEZE 500ML 24BT,3978.97,,5067.56,,,1,24,BT,,11,,2
5074,80,,,1,BJFTEFR5001_BD,,FUITTEA PET FREEZE 500ML 24BT,3978.97,,5067.56,,,1,24,BT,,11,,2
5075,80,,,1,BJFTELC0047,,FRUITEA LEMON CONCENTRATE PET 500ML K12,13363.36,,14414.41,,,1,12,BT,,11,,2
5076,80,,,1,BJFTELM3501,,FRUITTEA PET LEMON 350ML 12BT,2822.82,,3219.66,,,1,12,BT,,11,,2
5077,80,,,1,BJFTELM3505,,FRUITTEA PET LEMON 350ML 12BT SHRINK,2822.82,,3219.66,,,1,12,BT,,11,,2
5078,80,,,1,BJFTELM3505_BD,,FRUITTEA PET LEMON 350ML 12BT,2822.82,,3219.66,,,1,12,BT,,11,,2
5079,80,,,1,BJFTEMK3505,,FRUITTEA PET MARKISA 350ML 12BT,2822.82,,3219.66,,,1,12,BT,,11,,2
5080,80,,,1,BJFTEMK3505_BD,,FRUITTEA PET MARKISA 350ML 12BT,2822.82,,3219.66,,,1,12,PC,,11,,2
5081,80,,,1,BJFTESB0005,,FRUITTEA PET  STRAWBERRY 500ML 24BT,3978.97,,5067.56,,,1,24,BT,,11,,2
5082,80,,,1,BJFTESB0005_BD,,FRUITTEA PET  STRAWBERRY 500ML 24BT,3978.97,,5067.56,,,1,24,BT,,11,,2
5083,80,,,1,BJFTESB3501,,RUITTEA PETSTRAWBERRY 350ML 12,2822.82,,3219.66,,,1,12,PC,,11,,2
5084,80,,,1,BJFTESB3505,,FRUITTEA PET STRAWBERRY 350ML 12BT,2822.82,,3219.66,,,1,12,BT,,11,,2
5085,80,,,1,BJFTESB3505_BD,,UITTEA PET STRAWBERRY 350ML 12BT,2822.82,,3219.66,,,1,12,PC,,11,,2
5086,80,,,1,BJFTESB3506,,FRUITTEA PET STRAWBERRY 350ML 12BT SHRINK,2822.82,,3219.66,,,1,12,BT,,11,,2
5087,80,,,1,BJFTESB3506_BD,,FRUITTEA PET STRAWBERRY 350ML 12BT SHRINK,2822.82,,3219.66,,,1,12,BT,,11,,2
5088,80,,,1,BJFTEXT0005,,FRUITTEA PET X-TREAM 500ML 24BT,3978.97,,5067.56,,,1,24,BT,,11,,2
5089,80,,,1,BJFTEXT0005_BD,,FRUITTEA PET X-TREAM 500ML 24BT,3978.97,,5067.56,,,1,24,BT,,11,,2
5090,80,,,1,BJFTGAP0001,,FRUITTEA GENGGAM APPLE 200 ML K24 24BT,1741.74,,2233.48,,,1,24,PC,,11,,2
5091,80,,,1,BJFTGAP0001_BD,,FRUITTEA GENGGAM APPLE 200 ML K24 24BT,1741.74,,2233.48,,,1,24,PC,,11,,2
5092,80,,,1,BJFTGBC0001,,FRUITTEA GENGGAM BCURRENT 200ML K24,1741.74,,2233.48,,,1,24,PC,,11,,2
5093,80,,,1,BJFTGBC0001_BD,,FRUITTEA GENGGAM BCURRENT 200ML K24,1741.74,,2233.48,,,1,24,PC,,11,,2
5094,80,,,1,BJFTGFR0001,,FRUITTEA GENGGAM FREEZE 200ML K24,1741.74,,2233.48,,,1,24,PC,,11,,2
5095,80,,,1,BJFTGFR0001_BD,,FRUITTEA GENGGAM FREEZE 200ML K24,1741.74,,2233.48,,,1,24,PC,,11,,2
5096,80,,,1,BJFTGSB0001,,FRUITTEA GENGGAM STRAWBERRY  200ML K24,1741.74,,2233.48,,,1,24,PC,,11,,2
5097,80,,,1,BJFTGSB0001_BD,,FRUITTEA GENGGAM STRAWBERRY  200ML K24,1741.74,,2233.48,,,1,24,PC,,11,,2
5098,80,,,1,BJFTKAP2001,,FRUITTEA KOTAK APPLE  200ML 24PC,1741.74,,2233.48,,,1,24,PC,,11,,2
5099,80,,,1,BJFTKAP2501,,FRUITEA KOTAK  APPLE 250ML K24,1933.18,,2383.63,,,1,24,PC,,11,,2
5100,80,,,1,BJFTKAP2501_BD,,FRUITEA KOTAK  APPLE 250ML K24,1933.18,,2383.63,,,1,24,PC,,11,,2
5101,80,,,1,BJFTKBC2001,,FRUITTEA KOTAK BLACKCURRENT  200ML 24PC,1741.74,,2233.48,,,1,24,PC,,11,,2
5102,80,,,1,BJFTKBC2001_BD,,FRUITTEA KOTAK BLACKCURRENT  200ML 24PC,1741.74,,2233.48,,,1,24,PC,,11,,2
5103,80,,,1,BJFTKBC2501,,FRUITTEA KOTAK BLACKCURRENT 250 ML K24,1933.18,,2383.63,,,1,24,PC,,11,,2
5104,80,,,1,BJFTKBC2501_BD,,FRUITTEA KOTAK BLACKCURRENT 250 ML K24,1933.18,,2383.63,,,1,24,PC,,11,,2
5105,80,,,1,BJFTKFR2001,,FRUITTEA KOTAK FREEZE  200ML 24PC,1741.74,,2233.48,,,1,24,PC,,11,,2
5106,80,,,1,BJFTKLM2501,,FTK LM 250 ML K24,1933.18,,2383.63,,,1,24,PC,,11,,2
5107,80,,,1,BJFTKLM2501_BD,,FTK LM 250 ML K24,1933.18,,2383.63,,,1,24,PC,,11,,2
5108,80,,,1,BJFTKLM2502,,FRUITEA KOTAK LEMON 250ML K24,1933.18,,2383.63,,,1,24,PC,,11,,2
5109,80,,,1,BJFTKLM2502_BD,,FRUITEA KOTAK LEMON 250ML K24,1933.18,,2383.63,,,1,24,PC,,11,,2
5110,80,,,1,BJFTOAP2001,,FRUITTEA POUCH APPLE 200ML K24,1539.03,,1764.26,,,1,24,PC,,11,,2
5111,80,,,1,BJFTOAP2001_BD,,FRUITTEA POUCH APPLE 200ML K24,1539.03,,1764.26,,,1,24,PC,,11,,2
5112,80,,,1,BJFTOBC2001,,FRUITTEA POUCH BLCURRENT 200ML K24,1539.03,,1764.26,,,1,24,PC,,11,,2
5113,80,,,1,BJFTOBC2001_BD,,FRUITTEA POUCH BLCURRENT 200ML K24,1539.03,,1764.26,,,1,24,PC,,11,,2
5114,80,,,1,BJJTEOL3501,,JOY TEA SOSRO OOLONG PET 350ML K12,4542.04,,5217.71,,,1,12,PC,,11,,2
5115,80,,,1,BJPAB190001,,PRIMA GALON 19 LITER,11261.26,,14864.86,,,1,1,GL,,11,,2
5116,80,,,1,BJPAB190001_BD,,PRIMA GALON 19 LITER,11261.26,,14864.86,,,1,1,GL,,11,,2
5117,80,,,1,BJPAB220001,,PRIMA 220ML K20 BT,800,,990.99,,,1,20,BT,,11,,2
5118,80,,,1,BJPAB220001_BD,,PRIMA 220ML K20 BT,800,,990.99,,,1,20,PC,,11,,2
5119,80,,,1,BJPAB330065,,PRIMA 330ML K24 SHORT NECK,975.97,,1295.04,,,1,24,PC,,11,,2
5120,80,,,1,BJPAB330065_BD,,PRIMA 330ML K24 SHORT NECK,975.97,,1295.04,,,1,24,PC,,11,,2
5121,80,,,1,BJPAB330066,,PRIMA 330ML K24 SHORT NECK,975.97,,1295.04,,,1,24,PC,,11,,2
5122,80,,,1,BJPAB600052,,PRIMA 600ML K24 SHORT NECK,1107.35,,1407.65,,,1,24,PC,,11,,2
5123,80,,,1,BJPAB600052_BD,,PRIMA 600ML K24 SHORT NECK,1107.35,,1407.65,,,1,24,PC,,11,,2
5124,80,,,1,BJPAH150003,,PRIMA 1500 ML K12 SHORT NECK - HANGER,2364.86,,2965.46,,,1,12,PC,,11,,2
5125,80,,,1,BJPAH150003_BD,,PRIMA 1500 ML K12 SHORT NECK - HANGER,2364.86,,2965.46,,,1,12,PC,,11,,2
5126,80,,,1,BJPAP220001,,DPRIMA 220 ML K48,365.99,,459.83,,,1,48,PC,,11,,2
5127,80,,,1,BJPAP220001_BD,,PRIMA 220 ML K48,365.99,,459.83,,,1,48,PC,,11,,2
5128,80,,,1,BJSTE390005,,S TEE PET 390ML K12 HOTFILL,1918.16,,2651.5,,,1,12,BT,,11,,2
5129,80,,,1,BJSTE390005_BD,,S TEE PET 390ML K12 HOTFILL,1918.16,,2651.5,,,1,12,BT,,11,,2
5130,80,,,1,BJSTK200001,,S TEE KOTAK 200 ML K24,1257.5,,1726.72,,,1,24,BT,,11,,2
5131,80,,,1,BJSTK200001_BD,,S TEE KOTAK 200 ML K24,1257.5,,1257.5,,,1,24,PC,,11,,2
5132,80,,,1,BJSTK200005,,S TEE KOTAK 200ML K24 ROCKET CHICKEN,1257.5,,1367.49,,,1,24,PC,,11,,2
5133,80,,,1,BJTBE350029,,TBE 350 ML K12 ASEPTIC,2822.82,,3219.66,,,1,12,BT,,11,,2
5134,80,,,1,BJTBE350029_BD,,TBE 350 ML K12 ASEPTIC,2822.82,,3219.66,,,1,12,PC,,11,,2
5135,80,,,1,BJTBE350033,,TBE SOSRO PET 350ML ANTISEPTIC TAWAR 12K,2822.82,,3219.66,,,1,12,PC,,11,,2
5136,80,,,1,BJTBE350033_BD,,TBE SOSRO PET 350ML ANTISEPTIC TAWAR 12K,2822.82,,3219.66,,,1,12,PC,,11,,2
5137,80,,,1,BJTBE350034,,TEH BOTOL PET 350ML ANTISEPTIC TAWAR K12,2822.82,,3219.66,,,1,12,BT,,11,,2
5138,80,,,1,BJTBE350034_BD,,TEH BOTOL PET 350ML ANTISEPTIC TAWAR K12,2822.82,,3219.66,,,1,12,PC,,11,,2
5139,80,,,1,BJTBE350037,,TBE 350 ML K12 ASEPTIC LESS SUGAR,2822.82,,3219.66,,,1,12,PC,,11,,2
5140,80,,,1,BJTBE350037_BD,,TBE 350 ML K12 ASEPTIC LESS SUGAR,2822.82,,3219.66,,,1,12,PC,,11,,2
5141,80,,,1,BJTBE350053,,TEH BOTOL SOSRO PET 350ML K12 ASEPTIC,2822.82,,3219.66,,,1,12,PC,,11,,2
5142,80,,,1,BJTBE350053_BD,,TEH BOTOL SOSRO PET 350ML K12 ASEPTIC,2822.82,,3219.66,,,1,12,PC,,11,,2
5143,80,,,1,BJTBE450001,,TBE 450 ML K24,3978.97,,5067.56,,,1,24,BT,,11,,2
5144,80,,,1,BJTBE450001_BD,,TBE 450 ML K24,3978.97,,5067.56,,,1,24,BT,,11,,2
5145,80,,,1,BJTBK1L0001,,TEHBOTOL SOSRO KOTAK 1L 12PC,6006,,7507.5,,,1,12,PC,,11,,2
5146,80,,,1,BJTBK1L0001_BD,,TEHBOTOL SOSRO KOTAK 1L 12PC,6006,,7507.5,,,1,12,PC,,11,,2
5147,80,,,1,BJTBK200001,,TEHBOTOL SOSRO KOTAK 200ML K24,1741.74,,2233.48,,,1,24,PC,,11,,2
5148,80,,,1,BJTBK200001_BD,,TEHBOTOL SOSRO KOTAK 200ML K24,1741.74,,2233.48,,,1,24,PC,,11,,2
5149,80,,,1,BJTBK200017,,TEHBOTOL SOSRO KOTAK 200ML 24PC PROGRAM,1741.74,,2233.48,,,1,24,PC,,11,,2
5150,80,,,1,BJTBK250001,,TEHBOTOL SOSRO KOTAK 250 ML K24,1933.18,,2383.63,,,1,24,PC,,11,,2
5151,80,,,1,BJTBK250001_BD,,TEHBOTOL SOSRO KOTAK 250 ML K24,1933.18,,2383.63,,,1,24,PC,,11,,2
5152,80,,,1,BJTBK250009,,TEHBOTOL KOTAK SOSRO 250ML K24 HOKA HOKA BENTO,1933.18,,2383.63,,,1,24,PC,,11,,2
5153,80,,,1,BJTBK250046,,TEHBOTOL SOSRO KOTAK 250ML K24 LESS SUGAR,1933.18,,2383.63,,,1,24,PC,,11,,2
5154,80,,,1,BJTBK250046_BD,,TEHBOTOL SOSRO KOTAK 250ML K24 LESS SUGAR,1933.18,,2383.63,,,1,24,PC,,11,,2
5155,80,,,1,BJTBK250047,,TEH BOTOL SOSRO KOTAK 250ML LESS SUGAR  K24,1933.18,,2383.63,,,1,24,PC,,11,,2
5156,80,,,1,BJTBK250047_BD,,TEH BOTOL SOSRO KOTAK 250ML LESS SUGAR  K24,1933.18,,2383.63,,,1,24,PC,,11,,2
5157,80,,,1,BJTBK300001,,TEHBOTOL SOSRO KOTAK 300 ML K24,2087.08,,2608.85,,,1,24,PC,,11,,2
5158,80,,,1,BJTBK300001_BD,,TEHBOTOL SOSRO KOTAK 300 ML K24,2087.08,,2608.85,,,1,24,PC,,11,,2
5159,80,,,1,BJTBK300003,,TEH BOTOL SOSRO KOTAK 300ML K24 -PROGRAM,2087.08,,2608.85,,,1,24,PC,,11,,2
5160,80,,,1,BJTBS220001,,TEH BOTOL SOSRO 220 ML,1482.73,,1895.64,,,1,24,BT,,11,,2
5161,80,,,1,BJTBS220001_BD,,TEH BOTOL SOSRO 220 ML,1482.73,,1895.64,,,1,24,BT,,11,,2
5162,80,,,1,BJTSB230002,,TEBS BOTOL 230 ML 24BT,1614.11,,1989.48,,,1,24,BT,,11,,2
5163,80,,,1,BJTSB230002_BD,,TEBS BOTOL 230 ML 24BT,1614.11,,1989.48,,,1,24,BT,,11,,2
5164,80,,,1,BJTSC330200,,TEBS CAN 330 ML K20,3243.24,,4054.05,,,1,20,PC,,11,,2
5165,80,,,1,BJTSC330200_BD,,TEBS CAN 330 ML K20,3243.24,,4054.05,,,1,20,PC,,11,,2
5166,80,,,1,BJTSE300003,,TEBS PET MIX FRUIT 300ML K12,2822.82,,3378.37,,,1,12,PC,,11,,2
5167,80,,,1,BJTSE300003_BD,,TEBS PET MIX FRUIT 300ML K12,2822.82,,3378.37,,,1,12,PC,,11,,2
5168,80,,,1,BJTSE300007,,TEBS PETS LEMON LIME 300ML K12,2822.82,,3378.37,,,1,12,PC,,11,,2
5169,80,,,1,BJTSE300007_BD,,TEBS PETS LEMON LIME 300ML K12,2822.82,,3378.37,,,1,12,PC,,11,,2
5170,80,,,1,BJTSE300013,,TSE ZERO SPARKLING LC 300 ML K12,2822.82,,3378.37,,,1,12,BT,,11,,2
5171,80,,,1,BJTSE300013_BD,,TSE ZERO SPARKLING LC 300 ML K12,2822.82,,3378.37,,,1,12,PC,,11,,2
5172,80,,,1,BJTSE500001,,TEBS PET 500 ML K24,4635.88,,5780.78,,,1,24,PC,,11,,2
5173,80,,,1,BJTSE500001_BD,,TEBS PET 500 ML K24,4635.88,,5780.78,,,1,24,PC,,11,,2
5174,5,,,1,BK-005,,STARKE PREM DISP TWIN BLADE IN HANG CARD,2314.95,,4504.5,,,1,576,PC,,11,,2
5175,5,,,1,BK-005_BD,,STARKE PREM DISP TWIN BLADE IN HANG CARD,2314.95,,4504.5,,,1,576,PC,,11,,2
5176,5,,,1,BK-007_BD,,STARKE PREM DISP TWIN BLADE PCH LUBRA (BLACK),5585.58,,9954.95,,,1,320,PK,,11,,2
5177,5,,,1,BK-009,,STARKE DISP IN HANG CARD CONFIDENCE LADIES,2439.93,,4504.5,,,1,576,PC,,11,,2
5178,5,,,1,BK-010_BD,,STARKE TWIN BLADE PCH CONFI LADIES (3+2FREE),7409.91,,13063.06,,,1,320,PK,,11,,2
5179,5,,,1,BK-011,,SLICK STAINLESS STEEL DOUBLE EDGE BLADES,21621.62,,31531.53,,,1,100,HG,,11,,2
5180,82,,,1,BK20B,,BLS C.BADAK KNG B.KACA 20GR,7677.5,,9200,,,1,288,PC,,11,,2
5181,82,,,1,BK36G,,BLS C.BADAK KNG B.KACA 36GR,13782.5,,16400,,,1,144,PC,,11,,2
5182,80,,,1,BKPAB190001,,GALON,31531.53,,31531.53,,,1,1,GL,,11,,2
5183,82,,,1,BKSM,,BOTOL KECAP SEMAR,909.09,,909.09,,,1,1,BT,,11,,2
5184,82,,,1,BLBG001_BD,,BELLA BIGGER BAG 12X10X24GR,604.5,,669.5,,,1,120,PC,,11,,2
5185,82,,,1,BLCB001_BD,,BELLA CRISPY BAR BOX 20 gr,355.09,,526,,,1,216,PC,,11,,2
5186,82,,,1,BLCB002,,BELLA CRISPY BAR BOX 20 gr 8 x24PC,355.09,,526,,,1,192,PC,,11,,2
5187,82,,,1,BLCB002_BD,,BELLA CRISPY BAR BOX 20 gr 8 x24PC,355.09,,526,,,1,192,PC,,11,,2
5188,82,,,1,BLCB003_BD,,BELLA CRISPY CEREAL  20 gr 8 x24PC,355.09,,526,,,1,192,PC,,11,,2
5189,82,,,1,BLCB004_BD,,BELLA MILK CHOCO BOX 20GR 12 X 24PC,591.81,,655.45,,,1,288,PC,,11,,2
5190,82,,,1,BLCB006,,BELLA CRISPY CEREAL  20 gr 6x24PC,657,,750.44,,,1,144,PC,,11,,2
5191,82,,,1,BLCB006_BD,,BELLA CRISPY CEREAL  20 gr 6x24PC,657,,750.44,,,1,144,PC,,11,,2
5192,82,,,1,BLCB007,,BELLA CRISPY CEREAL BX 12X24X10GR EXT 2PC,656.95,,749.77,,,1,288,PC,,11,,2
5193,82,,,1,BLCB007_BD,,BELLA CRISPY CEREAL BX 12X24X12GR EXT 2PC,656.95,,749.77,,,1,288,PC,,11,,2
5194,82,,,1,BLCC002_BD,,BELLA CHOCOLATE CHIPS BOX 24X150GR,8378,,9569.98,,,1,24,PC,,11,,2
5195,82,,,1,BLCJ001_BD,,BELLA CRISPY JAR 20 gr,17755,,19663.6,,,1,6,JR,,11,,2
5196,82,,,1,BLCM001_BD,,BELLA CHOC MEISES 90 gr,3144.88,,3511.36,,,1,120,PC,,11,,2
5197,82,,,1,BLCM002,,BELLA CHOC MEISES 225 gr 4 x 12 PC,13700.11,,15635.59,,,1,48,PC,,11,,2
5198,82,,,1,BLCM002_BD,,BELLA CHOC MEISES 225 gr,11627,,13281,,,1,48,PC,,11,,2
5199,82,,,1,BLCM003_BD,,BELLA MEISES JAR 150GRx48,3804.55,,3545.45,,,1,48,PC,,11,,2
5200,82,,,1,BLCM004_BD,,BELLA MEISES EKONOMI 3KG 4/CT,56618.18,,64796.36,,,1,4,PC,,11,,2
5201,82,,,1,BLCM005_BD,,BELLA CHOCHOLATE MEISES 3KG,53719.01,,59090.91,,,1,4,PC,,11,,2
5202,82,,,1,BLCM006_BD,,BELLA MEISES CHOCOLATE JAR 24X130G,7967.04,,8903.46,,,1,24,PC,,11,,2
5203,82,,,1,BLCM007,,BELLA CHO RICE SACHET 10X12X90GR,5854.05,,6681.08,,,1,120,PC,,11,,2
5204,82,,,1,BLCM007_BD,,BELLA CHO RICE SACHET 10X12X90GR,4960,,5665,,,1,120,PC,,11,,2
5205,82,,,1,BLCP001,,BELLA CRISPY CHO PREMIUM 6X12X50G,5854.05,,6681.08,,,1,72,PC,,11,,2
5206,82,,,1,BLCP001_BD,,BELLA CRISPY CHO PREMIUM 6X12X50G,4960,,5665,,,1,72,PC,,11,,2
5207,82,,,1,BLCP002,,BELLA CASHEW CHO PREMIUM 6X12X45G,5854.05,,6681.08,,,1,72,PC,,11,,2
5208,82,,,1,BLCP002_BD,,BELLA CASHEW CHO PREMIUM 6X12X50G,4960,,5665,,,1,72,PC,,11,,2
5209,82,,,1,BLCP003,,BELLA COOKIES&CREAM PREMIUM 6X12X50G,5854.05,,6681.08,,,1,72,PC,,11,,2
5210,82,,,1,BLCP003_BD,,BELLA COOKIES&CREAM PREMIUM 6X12X50G,5854.05,,6681.08,,,1,72,PC,,11,,2
5211,82,,,1,BLCP004,,BELLA CHOC COOKIES&CREAM 12X24X10GR,656.95,,656.95,,,1,288,PC,,11,,2
5212,82,,,1,BLCP004_BD,,BELLA CHOC COOKIES&CREAM 12X24X15GR,657,,750.44,,,1,288,PC,,11,,2
5213,82,,,1,BLCP005,,BELLA MILK CHOC PREMIUM 6X12X50GR BERHADIAH,4189,,4784.99,,,1,72,PC,,11,,2
5214,82,,,1,BLCP005_BD,,BELLA MILK CHOC PREMIUM 6X12X50GR BERHADIAH,4189,,4784.99,,,1,72,PC,,11,,2
5215,82,,,1,BLLG001_BD,,BELLA LONGER 22GR 6X24PC,659.45,,730.36,,,1,144,PC,,11,,2
5216,82,,,1,BLMC001_BD,,BELLA MILK COKLAT BOX 20gr,381.3,,363.64,,,1,216,PC,,11,,2
5217,82,,,1,BLMC002_BD,,BELLA MILK  BOX 16 gr 8 X 24PC,355.09,,393.27,,,1,192,PC,,11,,2
5218,82,,,1,BLMJ001_BD,,BELLA MILK JAR 24 gr,17500,,18030,,,1,6,JR,,11,,2
5219,82,,,1,BLMJ002_BD,,BELLA MILK JAR SQUARE 6X50,17755,,19663.63,,,1,6,PC,,11,,2
5220,82,,,1,BLMW001,,BELLA MESES WARNA 90 GR 4x30 pcs,3692.05,,4217.43,,,1,120,PC,,11,,2
5221,82,,,1,BLMW001_BD,,BELLA MESES WARNA 90 GR,3692.05,,4217.43,,,1,120,PC,,11,,2
5222,82,,,1,BLMW002,,BELLA MESES WARNA 225 GR 4x12 pcs,13700.11,,15635.59,,,1,48,PC,,11,,2
5223,82,,,1,BLMW002_BD,,BELLA MESES WARNA 225 GR,12460.19,,14220.49,,,1,48,PCS,,11,,2
5224,82,,,1,BLMW003,,BELLA CHO RICE MIX COLOR SCH 10X12X90G,5854.05,,6681.08,,,1,120,PC,,11,,2
5225,82,,,1,BLMW003_BD,,BELLA CHO RICE MIX COLOR SCH 10X12X90G,4960,,5665,,,1,120,PC,,11,,2
5226,82,,,1,BLPH001,,BELLA PREMIUM HAZELNUT 6BX12PX45G,5854.05,,6681.08,,,1,72,PC,,11,,2
5227,82,,,1,BLPH001_BD,,BELLA PREMIUM HAZELNUT 6BX12PX45G,5854.05,,6681.08,,,1,72,PC,,11,,2
5228,82,,,1,BLWB001_BD,,BELLA WAFER BIG CKLT 25 gr,386.36,,396,,,1,120,PC,,11,,2
5229,82,,,1,BLWB002_BD,,BELLA WAFER BIG COK 25GR BANDED,792,,792,,,1,60,PC,,11,,2
5230,82,,,1,BLWB003_BD,,BELLA WAFER BIG TOPLES 6X50PCS,19090.9,,19090.9,,,1,6,PC,,11,,2
5231,82,,,1,BLWB004_BD,,BELLA WAFER BOX COKLAT 6x50PC,281.82,,281.82,,,1,300,PC,,11,,2
5232,82,,,1,BLWB005,,BELLA BIGGER CHOCOLATE JAR 6X36X18G,24367.5,,27835.05,,,1,6,JR,,11,,2
5233,82,,,1,BLWB005_BD,,BELLA BIGGER JAR 6X36PC,24367.5,,27835.05,,,1,6,PC,,11,,2
5234,82,,,1,BLWB006_BD,,BELLA BIGGER BOX 6X24PC,549.55,,590.91,,,1,144,PC,,11,,2
5235,82,,,1,BLWB007_BD,,BELLA BIGGER JAR 6X50PC,27477.27,,29545.45,,,1,6,PC,,11,,2
5236,82,,,1,BLWB008_BD,,BELLA WAFER BOX COKLAT 6X36,349.17,,386.7,,,1,216,PC,,11,,2
5237,82,,,1,BLWC001,,BELLA WAFER COKLAT 12 gr 20x10pc,349.17,,386.7,,,1,200,PC,,11,,2
5238,82,,,1,BLWC001_BD,,BELLA WAFER COKLAT 15 gr,349.17,,386.7,,,1,200,PC,,11,,2
5239,82,,,1,BLWC002,,BELLA WAFER BAG NEW CHO 12gr 10x20pc,356.42,,397.95,,,1,200,PC,,11,,2
5240,82,,,1,BLWC002_BD,,BELLA WAFER COKLAT 12 gr 10x20pc,356.42,,397.95,,,1,200,PC,,11,,2
5241,82,,,1,BLWK001_BD,,BELLA WAFER COCONUT 15 gr,259,,272.72,,,1,200,PC,,11,,2
5242,82,,,1,BLWO001_BD,,BELLA WAFER ORANGE 15 gr,259.09,,272.72,,,1,200,PC,,11,,2
5243,82,,,1,BLWP001_BD,,BELLA WAFER COCOPANDAN 15 gr,259.09,,272.72,,,1,200,PC,,11,,2
5244,82,,,1,BLWS001_BD,,BELLA WAFER STRAWBERRY 15 gr,359.31,,397.95,,,1,200,PC,,11,,2
5245,82,,,1,BLYG001_BD,,BELLA YOGHURT 12GR,491,,725.68,,,1,144,PC,,11,,2
5246,82,,,1,BMCH001_BD,,BELLA MALT CRUNCHY 6X1KG,43209.42,,47877.48,,,1,6,PC,,11,,2
5247,82,,,1,BMCH002,,BELLA PREMIUM CRUNCHY MALT 6BX12PX45G,5854.05,,6681.08,,,1,72,PC,,11,,2
5248,82,,,1,BMCH002_BD,,BELLA PREMIUM CRUNCHY MALT 6BX12PX45G,5854.05,,6681.08,,,1,72,PC,,11,,2
5249,82,,,1,BMCH003,,BELLA SPREAD MALT CRUNCHY 12X300GR,25286.26,,28858.56,,,1,12,PC,,11,,2
5250,82,,,1,BMCH003_BD,,BELLA SPREAD MALT CRUNCHY 12X300GR,21506,,24566,,,1,12,PC,,11,,2
5251,82,,,1,BMSP001,,BELLA MR.P SPREAD PEANUT 12X300GR,26383.9,,30111.26,,,1,12,PC,,11,,2
5252,82,,,1,BMSP001_BD,,BELLA MR.P SPREAD PEANUT 12X300GR,24026.01,,27420.27,,,1,12,PC,,11,,2
5253,80,,,1,BNBX,,BONUS BOX TPCM 15,0,,0,,,1,1,PC,,11,,2
5254,80,,,1,BNCK,,BONUS CANGKIR,0,,0,,,1,1,PC,,11,,2
5255,80,,,1,BNCP001,,BONUS CONTAINER POCI,0,,0,,,1,1,PC,,11,,2
5256,80,,,1,BNGL,,GELAS  POCI,0,,0,,,1,1,PC,,11,,2
5257,80,,,1,BNGL01,,GELAS BELIMBING,0,,0,,,1,1,PC,,11,,2
5258,80,,,1,BNGL02,,GELAS JUMBO,0,,0,,,1,1,PC,,11,,2
5259,80,,,1,BNGL03,,GELAS JUICE,0,,0,,,1,1,PC,,11,,2
5260,80,,,1,BNGL04,,GELAS CANGKIR,0,,0,,,1,1,PC,,11,,2
5261,80,,,1,BNGL05,,GELAS MUG,0,,0,,,1,1,PC,,11,,2
5262,9,,,1,BNKHCM01,,KAOS HILO CHOCOMINT,0,,0,,,1,1,PC,,11,,2
5263,82,,,1,BNLB,,BONUS LUNCH BOX,0,,0,,,1,1,PC,,11,,2
5264,9,,,1,BNMELON,,NS MELON PLS 4PX40SX11G,0,,0,,,1,160,PC,,11,,2
5265,80,,,1,BNPKL,,GELAS POCI BN PKL,0,,0,,,1,1,PC,,11,,2
5266,9,,,1,BNS130,,BONUS KAOS KAKI HILO,0,,0,,,1,1,PC,,11,,2
5267,9,,,1,BNSK24193,,NS BLEWAH PLS 4PX40SX11G,0,,0,,,1,160,PC,,11,,2
5268,9,,,1,BNSRG,,SARUNG,0,,0,,,1,1,PC,,11,,2
5269,9,,,1,BNTBG01,,BN TOTE BAG NS,0,,0,,,1,1,PC,,11,,2
5270,9,,,1,BNTP001,,BONUS TOPI LOKALATE,0,,0,,,1,1,PC,,11,,2
5271,82,,,1,BPHC001,,BELLA MR.P Pre Honey Cashew 6BX12PCX45G,6423.2,,7330.63,,,1,72,PC,,11,,2
5272,82,,,1,BPHC001_BD,,BELLA MR.P Pre Honey Cashew 6BX12PCX45G,6423.2,,7330.63,,,1,72,PC,,11,,2
5273,82,,,1,BPSP001,,BELLA MrP SPREAD PEANUT JAR 24X200G,19228.94,,21945.5,,,1,24,PC,,11,,2
5274,5,,,1,BREV001_BD,,BR-EV3DI-VA-MHS,28079.77,,32727,,,1,48,PC,,11,,2
5275,82,,,1,BSCB002,,BELLA SPREAD CHESEWNUT BUCKET 2X5000GR,248514,,283877.59,,,1,2,PC,,11,,2
5276,82,,,1,BSCC001,,BELLA SPREAD CHO JAR 12X330GR,25286.26,,28858.56,,,1,12,PC,,11,,2
5277,82,,,1,BSCC001_BD,,BELLA SPREAD CHO JAR 24/CT,23030.01,,26283.55,,,1,24,PC,,11,,2
5278,82,,,1,BSCC002,,BELLA SPREAD CASHEW CHOC 12X300GR,25286.26,,28858.56,,,1,12,PC,,11,,2
5279,82,,,1,BSCC002_BD,,BELLA SPREAD CASHEW CHOC 12X330GR,21506,,25495,,,1,12,PC,,11,,2
5280,82,,,1,BSCC003,,BELLA SPREAD TWIN CHOC HAZELNUT 300G,21506,,24566,,,1,12,JR,,11,,2
5281,82,,,1,BSCC003_BD,,BELLA SPREAD TWIN CHOC HAZENUT 330G,21506,,24566,,,1,12,JR,,11,,2
5282,82,,,1,BSCC004,,BELLA SPREAD TWIN CHOC CHEESE 300G,25286.26,,28858.56,,,1,12,JR,,11,,2
5397,5,,,1,CA2A054R,,1015 BP 20 REPACK,28418.52,,33121.82,,,1,24,PC,,11,,2
5283,82,,,1,BSCC004_BD,,BELLA SPREAD TWIN CHOC CHEESE 330G,21506,,24566,,,1,12,JR,,11,,2
5284,82,,,1,BSCE001,,BELLA SPREAD CHOCHOLATE JAR 24X200G,17887.39,,20414.41,,,1,24,PC,,11,,2
5285,82,,,1,BSCE001_BD,,BELLA SPREAD CHOCHOLATE JAR 24X200G,16261.26,,18558.54,,,1,24,PC,,11,,2
5286,82,,,1,BSCH001,,BELLA SPREAD CHOCO HAZELNUT SCH 12BX8PX30GR,2439.19,,2783.78,,,1,96,PC,,11,,2
5287,82,,,1,BSCH001_BD,,BELLA SPREAD CHOCO HAZELNUT SCH 12BX8PX30GR,2236,,2554,,,1,96,PC,,11,,2
5288,82,,,1,BSCH002,,BELLA SPREAD CHO HAZEL JAR 12X300GR,25286.26,,28858.56,,,1,12,PC,,11,,2
5289,82,,,1,BSCH002_BD,,BELLA SPREAD CHO HAZEL JAR 12X300GR,18700,,21361.57,,,1,12,PC,,11,,2
5290,82,,,1,BSCH003,,BELLA SPREAD CHO HAZELNUT JAR 24X200G,17887.39,,20414.41,,,1,24,PC,,11,,2
5291,82,,,1,BSCH003_BD,,BELLA SPREAD CHO HAZELNUT JAR 24X200G,16261.26,,18558.54,,,1,24,PC,,11,,2
5292,82,,,1,BSCN001,,BELLA SPREAD CHASEWNUT JAR 12/CT,25286.26,,28858.56,,,1,12,PC,,11,,2
5293,82,,,1,BSCN001_BD,,BELLA SPREAD CHASEWNUT JAR 24/CT,21506,,24566,,,1,24,PC,,11,,2
5294,82,,,1,BSCN002,,BELLA SPREAD CHASEWNUT JAR 24X200G,17887.39,,20414.41,,,1,24,PC,,11,,2
5295,82,,,1,BSCN002_BD,,BELLA SPREAD CHASEWNUT JAR 24X200G,16261.26,,18558.54,,,1,24,PC,,11,,2
5296,82,,,1,BSCN003,,BELLA SPREAD CHO CHASHEWNUT JAR 24X200G,17887.39,,20414.41,,,1,24,PC,,11,,2
5297,82,,,1,BSCN003_BD,,BELLA SPREAD CHO CHASHEWNUT JAR 24X200G,16261.26,,18558.54,,,1,24,PC,,11,,2
5298,82,,,1,BSCS001,,BELLA SPREAD CHEESE JAR 12X300GR,25286.26,,28858.56,,,1,12,PC,,11,,2
5299,82,,,1,BSCS001_BD,,BELLA SPREAD CHEESE JAR 12X330GR,21506,,25495,,,1,12,PC,,11,,2
5300,82,,,1,BSCS002,,BELLA SPREAD CHEESE JAR 24X 200G,17887.39,,20414.41,,,1,24,PC,,11,,2
5301,82,,,1,BSCS002_BD,,BELLA SPREAD CHEESE JAR 24X 200G,16261,,18558.54,,,1,24,PC,,11,,2
5302,82,,,1,BSCT001,,BELLA SPREAD TIRAMISU JAR 12X300GR,25286.26,,28858.56,,,1,12,PC,,11,,2
5303,82,,,1,BSCT001_BD,,BELLA SPREAD TIRAMISU JAR 24/CT,23030.01,,26283.55,,,1,12,PC,,11,,2
5304,82,,,1,BSMC001,,BELLA SPREAD MALT CRUN JAR 24 X200G,17887.39,,20414.41,,,1,24,PC,,11,,2
5305,82,,,1,BSMC001_BD,,BELLA SPREAD MALT CRUN JAR 24 X200G,16261.26,,18558.54,,,1,24,PC,,11,,2
5306,82,,,1,BSOC001,,BELLA SPREAD CHO CHEESE JAR 24 X200G,17887.39,,20414.41,,,1,24,PC,,11,,2
5307,82,,,1,BSOC001_BD,,BELLA SPREAD CHO CHEESE JAR 24 X200G,16261.26,,18558.54,,,1,24,PC,,11,,2
5308,82,,,1,BSSC001,,BELLA SPREAD CASHEWNUT SCH 12BX8PX30GR,2439.19,,2783.78,,,1,96,PC,,11,,2
5309,82,,,1,BSSC001_BD,,BELLA SPREAD CASHEWNUT SCH 12BX8PX30GR,2236,,2554,,,1,96,PC,,11,,2
5310,82,,,1,BSTU001,,BELLA SPREAD TIRAMISU JAR 24 X 200G,17887.39,,20414.41,,,1,24,PC,,11,,2
5311,82,,,1,BSTU001_BD,,BELLA SPREAD TIRAMISU JAR 24 X 200G,16261.26,,18558.54,,,1,24,PC,,11,,2
5312,80,,,1,BT,,BOTOL TEH SOSRO,450.45,,450.45,,,1,1,BT,,11,,2
5313,80,,,1,BTF,,BOTOL FRUITEA,450.45,,450.45,,,1,1,BT,,11,,2
5314,80,,,1,BTF_BD,,BOTOL FRUITEA,450.45,,450.45,,,1,1,BT,,11,,2
5315,80,,,1,BTT,,BOTOL TEBS,450.45,,450.45,,,1,1,BT,,11,,2
5316,5,,,1,BU2A043_BD,,1421 BULB 2.3 VOLT (2AA)-DZN,18925,,28636,,,1,12,LS,,11,,2
5317,5,,,1,BUDC042_BD,,1405 BULB 3.6 VOLT BP1,3786,,5727,,,1,384,LS,,11,,2
5318,82,,,1,BWCC001,,BELLA WHITE CHO COMPOUND 24X250GR,17399.55,,19857.66,,,1,24,PC,,11,,2
5319,82,,,1,BWCC001_BD,,BELLA WHITE CHO COMPOUND 24X250GR,16036.03,,18094.59,,,1,24,PC,,11,,2
5320,82,,,1,BWCC002_BD,,BELLA WHITE CHOCO COMPOUND 1KG,32613.07,,36136.36,,,1,6,PC,,11,,2
5321,82,,,1,BWYG002_BD,,BELLA WAFER YOGHURT BX 6X24X18G,649.94,,725.68,,,1,144,PC,,11,,2
5322,82,,,1,C.301006BKS023,,BHIMA KUACI SUSU 12X10X23G (EXTRA 1),1219.6,,1351.35,,,1,120,PC,,11,,2
5323,82,,,1,C.301006PBK150,,BHIMA ORI SUNFLOWER SEED 6X5X150G,10244.59,,11351.35,,,1,30,PC,,11,,2
5324,82,,,1,C.301006PBK150_BD,,BHIMA ORI SUNFLOWER SEED 30X150GR,9756.75,,10810.81,,,1,30,PC,,11,,2
5325,82,,,1,C301006100410,,MR.P ATOM COATED PEANUTS ORI 40X130GR,8171.28,,9054.05,,,1,40,PC,,11,,2
5326,82,,,1,C301006100410_BD,,MR.P ATOM COATED PEANUTS ORI 40X130GR,7622.46,,8445.94,,,1,40,PC,,11,,2
5327,82,,,1,C301006100411,,MR.P ATOM COATED PEANUTS ORI 30X225GR,13293.58,,14729.73,,,1,30,PC,,11,,2
5328,82,,,1,C301006100411_BD,,MR.P ATOM COATED PEANUTS ORI 30X225GR,12407.34,,13747.75,,,1,30,PC,,11,,2
5329,82,,,1,C301006100412,,MR.P ATOM COATED PEANUTS CHILI 40X100GR,6972.02,,7725.23,,,1,40,PC,,11,,2
5330,82,,,1,C301006100412_BD,,MR.P ATOM COATED PEANUTS CHILI 40X100GR,6504.51,,7207.21,,,1,40,PC,,11,,2
5331,82,,,1,C301006100413,,MR.P ATOM COATED PEANUTS CHILI 30X200GR,13496.84,,14954.95,,,1,30,PC,,11,,2
5332,82,,,1,C301006100413_BD,,MR.P ATOM COATED PEANUTS CHILI 30X200GR,12602.47,,13963.96,,,1,30,PC,,11,,2
5333,82,,,1,C301006100414,,MR.P ROASTED CASHEW NUTS(LIGHTLY SALTED)6X40GR,14411.54,,15968.47,,,1,60,PC,,11,,2
5334,82,,,1,C301006100414_BD,,MR.P ROASTED CASHEW NUTS(LIGHTLY SALTED)6X40GR,13716.38,,15198.2,,,1,30,PC,,11,,2
5335,82,,,1,C301006100415,,MR.P ROASTED CASHEW NUTS(LIGHTLY SALTED)30X80GR,28823.09,,31936.94,,,1,30,PC,,11,,2
5336,82,,,1,C301006100415_BD,,MR.P ROASTED CASHEW NUTS(LIGHTLY SALTED)30X80GR,27432.75,,30396.4,,,1,30,PC,,11,,2
5337,82,,,1,C301006100416,,MR.P HONEY ROASTED CASHEW NUTS 60X40GR,14411.54,,15968.47,,,1,60,PC,,11,,2
5338,82,,,1,C301006100416_BD,,MR.P HONEY ROASTED CASHEW NUTS 60X40GR,13716.38,,15198.2,,,1,60,PC,,11,,2
5339,82,,,1,C301006100417,,MR.P HONEY ROASTED CASHEW NUTS 30X80GR,28823.09,,31936.94,,,1,30,PC,,11,,2
5340,82,,,1,C301006100417_BD,,MR.P HONEY ROASTED CASHEW NUTS 30X80GR,27432.75,,30396.4,,,1,30,PC,,11,,2
5341,82,,,1,C301006100418,,MR.P CHILI ROASTED CASHEW NUTS 60X40GR,14411.54,,15968.47,,,1,60,PC,,11,,2
5342,82,,,1,C301006100418_BD,,MR.P CHILI ROASTED CASHEW NUTS 60X40GR,13716.38,,15198.2,,,1,60,PC,,11,,2
5343,82,,,1,C301006100419,,CHILI ROASTED CASHEW NUTS 5X6X80GR,28823.08,,31936.93,,,1,30,PC,,11,,2
5344,82,,,1,C301006100419_BD,,CHILI ROASTED CASHEW NUTS 5X6X80GR,27432.74,,30396.39,,,1,30,PC,,11,,2
5345,82,,,1,C301006100421,,MR.P HONEY ROASTED PEANUTS 30X80GR,9858.39,,10923.43,,,1,30,PC,,11,,2
5346,82,,,1,C301006100421_BD,,MR.P HONEY ROASTED PEANUTS 30X80GR,9382.75,,10396.4,,,1,30,PC,,11,,2
5347,82,,,1,C301006100422,,MR.P CHILI ROASTED PEANUTS 30X80GR,9858.39,,10923.43,,,1,30,PC,,11,,2
5348,82,,,1,C301006100422_BD,,MR.P CHILI ROASTED PEANUTS 30X80GR,9382.75,,10923.43,,,1,60,PC,,11,,2
5349,82,,,1,C301006100423,,MR.P HONEY ROASTED PEANUTS 60X40GR,4939.36,,5472.97,,,1,60,PC,,11,,2
5350,82,,,1,C301006100423_BD,,MR.P HONEY ROASTED PEANUTS 60X40GR,4691.38,,5198.2,,,1,60,PC,,11,,2
5351,82,,,1,C301006100424,,MR.P CHILI ROASTED PEANUTS 60X40GR,4939.36,,5472.97,,,1,60,PC,,11,,2
5352,82,,,1,C301006100424_BD,,MR.P CHILI ROASTED PEANUTS 60X40GR,4691.38,,5198.2,,,1,60,PC,,11,,2
5353,82,,,1,C301006100425,,MR.P ORI GARLIC PEANUTS 60X40GR,4939.36,,5472.97,,,1,60,PC,,11,,2
5354,82,,,1,C301006100425_BD,,MR.P ORI GARLIC PEANUTS 60X40GR,4691.38,,5198.2,,,1,60,PC,,11,,2
5355,82,,,1,C301006100426,,MR.P MIX NUTS 30X80GR,17074.33,,18918.92,,,1,30,PC,,11,,2
5356,82,,,1,C301006100426_BD,,MR.P MIX NUTS 30X80GR,16261.26,,18018.02,,,1,30,PC,,11,,2
5357,82,,,1,C301006100427,,MR.P PREMIUM MIX NUTS 40X40GR,21444.54,,23761.26,,,1,40,PC,,11,,2
5358,82,,,1,C301006100428,,MR.P PREMIUM MIX NUTS 20X130GR,53784.12,,59594.6,,,1,20,PC,,11,,2
5359,82,,,1,C301006100429,,MR.P DRY ROASTED MACADAMIAS-SALT 40X40GR,24468.9,,27112.36,,,1,40,PC,,11,,2
5360,82,,,1,C301006100429_BD,,MR.P DRY ROASTED MACADAMIAS-SALT 40X40GR,22237.28,,24639.64,,,1,40,PC,,11,,2
5361,82,,,1,C301006100430,,MR.P DRY ROASTED MACADAMIAS-SALT 20X100GR,60824.86,,67395.97,,,1,20,PC,,11,,2
5362,82,,,1,C301006100431,,MR.P DRY ROASTED PITACHIOS-SALT 40X40GR,16200.29,,17950.45,,,1,40,PC,,11,,2
5363,82,,,1,C301006100432,,MR.P DRY ROASTED PITACHIOS-SALTD 20X130GR,53499.41,,59279.12,,,1,20,PC,,11,,2
5364,82,,,1,C301006100433,,MR.P DRY ROASTED ALMONDS-SALT 40X40GR,16769.42,,18581.08,,,1,40,PC,,11,,2
5365,82,,,1,C301006100434,,MR.P DRY ROASTED ALMONDS-SALT 20X130GR,43621.01,,48333.53,,,1,20,PC,,11,,2
5366,82,,,1,C301006100435,,MR.P MILK SUNFLOWER SEED 120X30GR,1144.79,,1268.47,,,1,120,PC,,11,,2
5367,82,,,1,C301006100435_BD,,MR.P MILK SUNFLOWER SEED 120X30GR,1144.79,,1268.47,,,1,120,PC,,11,,2
5368,82,,,1,C301006100436,,BHIMA KUACI ORIGINAL 12X10X23G (EXTRA 1),1219.6,,1351.35,,,1,120,PC,,11,,2
5369,82,,,1,C301006100436_BD,,MR.P ORI SUNFLOWER SEED 120X30GR,1144.79,,1268.47,,,1,120,PC,,11,,2
5370,82,,,1,C301006100437,,BHIMA ORIGINAL SUNFLOWER SEED 6X6X70G,5467.85,,6058.56,,,1,36,PC,,11,,2
5371,82,,,1,C301006100437_BD,,MR.P ORI SUNFLOWER SEED 36X70GR,5203.61,,5765.77,,,1,36,PC,,11,,2
5372,82,,,1,C301006100438,,MR.P ORI SUNFLOWER SEED 30X150GR,10244.59,,11351.35,,,1,30,PC,,11,,2
5373,82,,,1,C301006100438_BD,,MR.P ORI SUNFLOWER SEED 30X150GR,10244.59,,11351.35,,,1,30,PC,,11,,2
5374,82,,,1,C301006100439,,MR.P CAFE LATTE SUNFLOWER SEED 36X70GR,5203.61,,5765.77,,,1,36,PC,,11,,2
5375,82,,,1,C301006100440,,MR.P CAFE LATTE SUNFLOWER SEED 30X150GR,9756.76,,10810.81,,,1,30,PC,,11,,2
5376,82,,,1,C301006100441,,MR.P SEA SALT SUNFLOWER SEED 36X70GR,5203.61,,5765.77,,,1,36,PC,,11,,2
5377,82,,,1,C301006100442,,MR.P SEA SALT SUNFLOWER SEED 30X150GR,9756.76,,10810.81,,,1,30,PC,,11,,2
5378,82,,,1,C301006PAB013,,MR.P PLUS AYAM BAWANG 1X10X13GR,581.33,,644.14,,,1,240,BG,,11,,2
5379,82,,,1,C301006PAB013_BD,,MR.P PLUS AYAM BAWANG 1X10X13GR,5284.9,,5855.85,,,1,100,BG,,11,,2
5380,82,,,1,C301006PAO033,,MR.P ATOM COATED PANUT ORI 1X10X33G,1341.55,,1486.49,,,1,400,PC,,11,,2
5381,82,,,1,C301006PAO033_BD,,MR.P ATOM COATED PANUT ORI 1X10X33G,1219.59,,1351.35,,,1,400,PC,,11,,2
5382,82,,,1,C301006PAP033,,ATOM COATED PEANUTS CHILI 1X10X33G,1341.55,,1486.49,,,1,400,PC,,11,,2
5383,82,,,1,C301006PAP033_BD,,ATOM COATED PEANUTS CHILI 1X10X33G,1219.59,,1351.35,,,1,400,PC,,11,,2
5384,82,,,1,C301006PRP013,,MR.P PLUS PEDAS 1X10X13G,581.33,,644.14,,,1,240,BG,,11,,2
5385,82,,,1,C301006PRP013_BD,,MR.P PLUS PEDAS 1X10X13G,5284.9,,5855.85,,,1,100,BG,,11,,2
5386,82,,,1,C301006PSP013,,MR.PLUS SAPI PANGGANG 1X10X13G,581.33,,644.14,,,1,240,BG,,11,,2
5387,82,,,1,C301006PSP013_BD,,MR.PLUS SAPI PANGGANG 1X10X13G,5284.9,,5855.85,,,1,100,BG,,11,,2
5388,5,,,1,CA1212B_BD,,1212 BP4 AAA HITAM / E301339201,11749.19,,13694,,,1,216,PC,,11,,2
5389,5,,,1,CA1212B_BN,,1212 BP4 AAA,0,,0,,,1,216,PC,,11,,2
5390,5,,,1,CA1212BR_BD,,1212 BP4 AAA REPACK,8555.04,,9970.91,,,1,216,PC,,11,,2
5391,5,,,1,CA2A046_BD,,915 AA PJ SW 7,5000,,5000,,,1,180,PK,,11,,2
5392,5,,,1,CA2A047_BD,,1015 AA-12 MERAH HD,14664.07,,17091,,,1,192,PK,,11,,2
5393,5,,,1,CA2A049_BD,,1015 AA8 MERAH HD 30PK,8964,,10546,,,1,30,PK,,11,,2
5394,5,,,1,CA2A051_BD,,1015 AA-8 MERAH KECIL PLUS 2,10545,,10545,,,1,30,PK,,11,,2
5395,5,,,1,CA2A052_BD,,1015 SW10+2,12170.45,,14318,,,1,48,PCS,,11,,2
5396,5,,,1,CA2A054_BD,,1015 AA BP20 MERAH KECIL/ E301359301,37025.41,,43153,,,1,24,PC,,11,,2
5398,5,,,1,CA2A059_BD,,1215 AA SW12 HITAM KECIL / E301020800,29450.27,,34324,,,1,48,PK,,11,,2
5399,5,,,1,CA2A060_BD,,1215 AA SW4 HITAM KECIL/E301158100,10357.84,,12072,,,1,108,PC,,11,,2
5400,5,,,1,CA2A061_BD,,1215 AA-8 HITAM PLUS 2,10574,,16000,,,1,42,PC,,11,,2
5401,5,,,1,CA2A064_BD,,915 AA PJ SW 7 180 PK,4680.39,,5455,,,1,180,PC,,11,,2
5402,5,,,1,CA2A065_BD,,1215 AA BP4 HITAM KECIL / E301345001,10744.32,,12523,,,1,216,PK,,11,,2
5403,5,,,1,CA2A065_BN,,1215 BP4 NEW,0,,0,,,1,216,PK,,11,,2
5404,5,,,1,CA2A066_BD,,1215 BP8+4 HITAM,11064.7,,16818.18,,,1,36,PK,,11,,2
5405,5,,,1,CA2A067_BD,,1215 BP 6 (4+2) 5 100,7566,,8818.18,,,1,48,PC,,11,,2
5406,5,,,1,CA2A068_BD,,1215 AA BP4 7 100 O 864,7643.92,,8909,,,1,216,PC,,11,,2
5407,5,,,1,CA2A069_BD,,915 AA SW4 PERAK KECIL / E300654500,6956.76,,8108,,,1,108,PC,,11,,2
5408,5,,,1,CA2A070_BD,,1215 BP4 PS2,7566,,8818.18,,,1,56,PC,,11,,2
5409,5,,,1,CA2A072_BD,,A91 AA BP2 EVEREADY GOLD,8889.19,,10360,,,1,216,PC,,11,,2
5410,5,,,1,CA2A072R_BD,,A91 AA BP2 EVEREADY GOLD REPACK,8012.16,,9338.18,,,1,216,PC,,11,,2
5411,5,,,1,CA2A073_BD,,A92 AAA BP2 EVEREADY GOLD,8889.19,,10360,,,1,216,PC,,11,,2
5412,5,,,1,CA2A073R,,A92 AAA BP2 EVEREADY GOLD REPACK,8012.16,,9338.18,,,1,216,PC,,11,,2
5413,5,,,1,CA2A074_BD,,A92 BP4 EVEREADY GOLD,16541.62,,19279,,,1,48,PC,,11,,2
5414,5,,,1,CA2A080_BD,,A91 AA BP4 EVEREADY GOLD,16541.62,,19279,,,1,48,PC,,11,,2
5415,5,,,1,CA2A080R,,A91 AA BP4 EVEREADY GOLD REPACK,14898,,17363.64,,,1,48,PC,,11,,2
5416,5,,,1,CA3A001_BD,,912 AAA SW 4 BIRU,4368.08,,5091,,,1,250,PC,,11,,2
5417,5,,,1,CA3A011_BD,,912 AAA SW 4 BIRU,4368.08,,5091,,,1,250,PC,,11,,2
5418,5,,,1,CA3A045_BD,,1012 AAA SW04,5460,,6363.64,,,1,200,PK,,11,,2
5419,5,,,1,CA3A068_BD,,912 AAA-4 BIRU,3823.25,,4456,,,1,216,PK,,11,,2
5420,5,,,1,CA3A069_BD,,912 SW 6 AAA BIRU,5023.97,,7636.36,,,1,160,PK,,11,,2
5421,5,,,1,CA3A077_BD,,EVEREADY AAA 1212 500PK,3704.84,,4318,,,1,500,PK,,11,,2
5422,5,,,1,CA4A001_BD,,915 AA 4 PERAK,0,,0,,,1,108,PC,,11,,2
5423,5,,,1,CA9V076_BD,,EVEREADY 1222-9V PW1 144PK,11671.89,,13604,,,1,144,PK,,11,,2
5424,5,,,1,CAB001_BD,,915 AA 4 PJ,9273,,10909,,,1,108,LS,,11,,2
5425,5,,,1,CABP401_BD,,1012 BP4 AAA MERAH/ E301339901,8657.3,,10090,,,1,216,PK,,11,,2
5426,5,,,1,CABP401R,,P 1012 BP4 REPACK,6259.5,,7295.45,,,1,216,PK,,11,,2
5427,5,,,1,CABP402_BD,,1012 BP20 AAA MERAH/ E301359401,36793.51,,42883,,,1,48,PC,,11,,2
5428,5,,,1,CAC-054_BD,,1035 C-2 MERAH SHD,2043,,3091,,,1,24,PK,,11,,2
5429,5,,,1,CAC-064_BD,,1235 C SW2 HITAM SEDANG / 778-2414,11903.78,,13874,,,1,72,PK,,11,,2
5430,5,,,1,CAD-056_BD,,1050 D-2 MERAH HD,9672.23,,11273,,,1,72,PK,,11,,2
5431,5,,,1,CAD-057_BD,,11050 SW2 MERAH BESAR/ E301309300,14145.41,,16486,,,1,96,PC,,11,,2
5432,5,,,1,CAD-066_BD,,1250 D-2 HITAM SHD,14000.84,,16318,,,1,72,PK,,11,,2
5433,5,,,1,CAD-066R,,1250 D-2 HITAM SHD REPACK,16024.32,,18676.36,,,1,72,PK,,11,,2
5434,5,,,1,CAD-067_BD,,950 D SW2 PERAK BESAR/E301158300,12135.68,,14144,,,1,72,PC,,11,,2
5435,5,,,1,CAD-068_BD,,1250 D SW2 HITAM BESAR/ E301151900,20406.49,,23784,,,1,96,PK,,11,,2
5436,5,,,1,CAD-069_BD,,S91 MAX BP1X20 480DM,58500.16,,68182,,,1,24,PC,,11,,2
5437,5,,,1,CAD-075_BD,,950 D-2 BIRU PJ,2808.23,,3273,,,1,216,PK,,11,,2
5438,5,,,1,CAFT067_BD,,1715-4 EVEREADY FOTTO,5849.84,,6818,,,1,108,PC,,11,,2
5439,5,,,1,CAMP052_BD,,1015 MERAH KCL MP-20/RCNG,17423,,26364,,,1,24,PK,,11,,2
5440,5,,,1,CAMP053_BD,,1015 MERAH KCL MP-20/RCNG GOLD,1893,,2863,,,1,240,PK,,11,,2
5441,5,,,1,CAMP058_BD,,1050 MERAH BSR MP-8/RCNG GOLD,3000,,3409,,,1,240,PK,,11,,2
5442,5,,,1,CAMP060_BD,,1015 AA SW 04,7729.73,,9009,,,1,108,PC,,11,,2
5443,5,,,1,CAMP061_BD,,1015 AA BP4 MERAH KECIL / E301345301,8271.12,,9640,,,1,216,PC,,11,,2
5444,5,,,1,CAMP063_BD,,EVR HD 1015 SW 4 085,5186.61,,6045,,,1,144,PC,,11,,2
5445,5,,,1,CAMP064_BD,,1015 AA SW4 MERAH KECIL/E303245000,7729.73,,9009,,,1,144,PC,,11,,2
5446,5,,,1,CAPJ070_BD,,915 PJ AA-16,7650,,9000,,,1,54,PK,,11,,2
5447,5,,,1,CAPJ071_BD,,915 PJ AA-8,4250,,5000,,,1,180,PK,,11,,2
5448,5,,,1,CAPJ072_BD,,915 AA PJ,2782,,3273,,,1,324,PK,,11,,2
5449,80,,,1,CBH001,,Container Botol Hybrid 3-4,0,,0,,,1,100,PC,,11,,2
5450,80,,,1,CBH002,,Container Botol Hybrid 3-3,0,,0,,,1,100,PC,,11,,2
5675,82,,,1,DKDN001_BD,,DARKIE NEW 25 gr,362,,362,,,1,300,PC,,11,,2
5451,82,,,1,CCBB001,,CHOCHO BALLS BOX 6X20X20G,670.91,,749.09,,,1,120,PC,,11,,2
5452,82,,,1,CCBB001_BD,,CHOCHO BALLS BOX 6X20X20G,670.91,,749.09,,,1,120,PC,,11,,2
5453,82,,,1,CCBF001,,CHO CHO BUTTERFLY 6X12X30GR,3252.25,,3711.71,,,1,72,PC,,11,,2
5454,82,,,1,CCBF001_BD,,CHO CHO BUTTERFLY 6X12X30GR,2845.72,,3247.74,,,1,72,PC,,11,,2
5455,82,,,1,CCBL001_BD,,CHO CHO BALL 12X10X20GR,634.1,,702.27,,,1,120,PC,,11,,2
5456,82,,,1,CCBP001,,CHO CHO BALLS POUCH 12BGX500GR,26424.55,,30157.66,,,1,12,PC,,11,,2
5457,82,,,1,CCCV001_BD,,CHO CHO CREPES VANILLA BOX 24X50GR,1868.04,,1868.04,,,1,24,PC,,11,,2
5458,82,,,1,CCCV002_BD,,CHO CHO CREPES VANILLA SACHET 6X20,725.68,,725.67,,,1,120,PC,,11,,2
5459,82,,,1,CCHD001,,CHO CHO HAZELNUT DIP 4X6X25GR,5813.4,,6634.68,,,1,24,PC,,11,,2
5460,82,,,1,CCHD001_BD,,CHO CHO HAZELNUT DIP 4X6X25GR,5284.9,,6031.53,,,1,24,PC,,11,,2
5461,82,,,1,CCJG001,,CHO CHO JOY GT 4X6X20G,5538.07,,6326,,,1,24,PC,,11,,2
5462,82,,,1,CCJG001_BD,,CHO CHO JOY GT 4X6X20G,5538.07,,6326,,,1,24,PC,,11,,2
5463,82,,,1,CCJJ001,,CHO CHO JOY JUMBO 2X6X50G,13578.15,,15496.4,,,1,12,PC,,11,,2
5464,82,,,1,CCJJ001_BD,,CHO CHO JOY JUMBO 2X6X50G,13578.15,,15496.4,,,1,12,PC,,11,,2
5465,82,,,1,CCJM001,,CHO CHO JOY MINI 4X12X20G,6829.73,,7794.59,,,1,48,PC,,11,,2
5466,82,,,1,CCJM001_BD,,CHO CHO JOY MINI 4X12X20G,6829.73,,7794.59,,,1,48,PC,,11,,2
5467,82,,,1,CCJP001,,CHO CHO JOY PACK 10X3X20GR,5538.07,,6326,,,1,30,PC,,11,,2
5468,82,,,1,CCJP001_BD,,CHO CHO JOY PACK 10X3X20GR,5538.07,,6326,,,1,30,PC,,11,,2
5469,82,,,1,CCJS001,,CHO CHOC JOY SUPER 2X6X30GR,11687.78,,13338.96,,,1,12,PC,,11,,2
5470,82,,,1,CCJS001_BD,,CHO CHOC JOY SUPER 2X6X40GR,11687.78,,13338.96,,,1,12,PC,,11,,2
5471,82,,,1,CCKB001,,CHO CHO KU BAG 20X10,335.45,,375,,,1,200,PC,,11,,2
5472,82,,,1,CCKB001_BD,,CHO CHO KU BAG 20X10,335.45,,375,,,1,200,PC,,11,,2
5473,82,,,1,CCKR001,,CHOCHO KARAMELO BOX 12X12X20G,1300.9,,1484.68,,,1,144,PC,,11,,2
5474,82,,,1,CCKR001_BD,,CHOCHO KARAMELO BOX 12X12X20G,1300.9,,1484.68,,,1,144,PC,,11,,2
5475,82,,,1,CCLC001,,CHOCHO LOLLIPOP CHOCOLATE 12X12X18G,1341.55,,1531.08,,,1,144,PC,,11,,2
5476,82,,,1,CCLC001_BD,,CHOCHO LOLLIPOP CHOCOLATE 12X12X18G,1341.55,,1531.08,,,1,144,PC,,11,,2
5477,82,,,1,CCLY001,,CHO CHO LOLY 8X24X8G,656.95,,749.77,,,1,192,PC,,11,,2
5478,82,,,1,CCLY001_BD,,CHO CHO LOLY 8X24X8GR,657,,750.44,,,1,192,PC,,11,,2
5479,82,,,1,CCLY002,,CHO CHO LOLY STRAW 8X24X8G,656.95,,749.77,,,1,192,PC,,11,,2
5480,82,,,1,CCLY002_BD,,CHO CHO LOLY STRAW 8X24X8GR,657,,750.44,,,1,192,PC,,11,,2
5481,82,,,1,CCMC001_BD,,CHO CHO MILK CHOCOLATE WAFER BOX 6X24,335.45,,375,,,1,144,PC,,11,,2
5482,82,,,1,CCMC002,,CHO CHO MILK CHOCOLATE 12X12X20GR,1422.86,,1623.87,,,1,144,PC,,11,,2
5483,82,,,1,CCMC002_BD,,CHO CHO MILK CHOCOLATE 12X12X25GR,1422.86,,1623.87,,,1,144,PC,,11,,2
5484,82,,,1,CCMM001,,CHOCHO MILK CHOC MINI BX 24X24X8,328,,375.22,,,1,576,PC,,11,,2
5485,82,,,1,CCMM001_BD,,CHOCHO MILK CHOC MINI BX 24X24X8,328,,375.22,,,1,576,PC,,11,,2
5486,82,,,1,CCMM002,,CHOCHO MILK CHOC MINI BX 12X24X7,328.18,,375,,,1,288,PC,,11,,2
5487,82,,,1,CCMM002_BD,,CHOCHO MILK CHOC MINI BX 12X24X7,328.18,,375,,,1,288,PC,,11,,2
5488,82,,,1,CCMM003,,CHOCHO MILK WHITE MINI BX 24X24X7,328,,375.22,,,1,576,PC,,11,,2
5489,82,,,1,CCMM003_BD,,CHOCHO MILK WHITE MINI BX 24X24X7,328,,375.22,,,1,576,PC,,11,,2
5490,82,,,1,CCMN002,,CHO CHO MILK MINI JAR 12X24X8GR,8050.91,,8989.09,,,1,12,PC,,11,,2
5491,82,,,1,CCMN002_BD,,CHO CHO MILK MINI JAR 12X24,8050.91,,8989.09,,,1,12,PC,,11,,2
5492,82,,,1,CCMR001,,CHO CHO MEISES RENCENG 8X30X8GR EXT 1PC,308.15,,351.68,,,1,240,PC,,11,,2
5493,82,,,1,CCMR001_BD,,CHO CHO MEISES RENCENG 8X30X8GR EXT 1PC,308.15,,352,,,1,240,PC,,11,,2
5494,82,,,1,CCMR002,,CHO MEISES RENCENG MIX 8X30X7GR,308.15,,351.68,,,1,240,PC,,11,,2
5495,82,,,1,CCMR002_BD,,CHO MEISES RENCENG MIX 8X30X7GR,308.15,,352,,,1,240,PC,,11,,2
5496,82,,,1,CCMT001,,CHO CHO METEORA SMALL SCH 12X24X8GR,681.82,,702.27,,,1,288,PC,,11,,2
5497,82,,,1,CCMT001_BD,,CHO CHO METEORA SMALL SCH 12X24X8GR,681.82,,702.27,,,1,288,PC,,11,,2
5498,82,,,1,CCMT002_BD,,CHO CHO METEORA BIG SCH 6X12X45GR,2536.36,,2809.1,,,1,72,PC,,11,,2
5499,82,,,1,CCMT003_BD,,CHO CHO METEORA BOX 6X12X35GR,2935.22,,3277.27,,,1,72,PC,,11,,2
5500,82,,,1,CCMT004,,CHO CHO METEORA BAG 6X24X16GR,634.1,,702.27,,,1,144,PC,,11,,2
5501,82,,,1,CCMT004_BD,,CHO CHO METEORA BAG 6X24X16GR,634.1,,702.27,,,1,144,PC,,11,,2
5502,82,,,1,CCMW001_BD,,CHO CHO MAXI WHITE 12X24X20,634.08,,702.27,,,1,288,PC,,11,,2
5503,82,,,1,CCNB001,,CHO CHO CMPND NICEBAR 24X250GR,10732.43,,12248.65,,,1,24,PC,,11,,2
5504,82,,,1,CCNB001_BD,,CHO CHO CMPND NICEBAR 24X250GR,9756.75,,11135.13,,,1,24,PC,,11,,2
5505,82,,,1,CCPL001,,CHOCOLATE PASTA LUNCH BX 12X40X12G,545.11,,609.18,,,1,480,PC,,11,,2
5506,82,,,1,CCPL001_BD,,CHOCOLATE PASTA LUNCH BX 12X40X12G,545.11,,609.18,,,1,480,PC,,11,,2
5794,5,,,1,EVBP002_BD,,EV 2D BP 24/CT,28860,,33636.36,,,1,24,PC,,11,,2
5507,82,,,1,CCRJ001,,CHOCHO CHOCOLATE RICE JAR 24X200G,9773.83,,11154.62,,,1,24,PC,,11,,2
5508,82,,,1,CCRJ001_BD,,CHOCHO CHOCOLATE RICE JAR 24X200G,9773.83,,11154.62,,,1,24,PC,,11,,2
5509,82,,,1,CCRL001,,CHO CHO WAFER STICK SINGLE,328.47,,375.22,,,1,144,PC,,11,,2
5510,82,,,1,CCRL001_BD,,CHO CHO CIGAR ROLL,328.47,,375.22,,,1,144,PC,,11,,2
5511,82,,,1,CCSB001,,CHO CHO SNACK CHOCLATE BAG 12X10X15G,1395.22,,1545.95,,,1,120,PC,,11,,2
5512,82,,,1,CCSB001_BD,,CHO CHO SNACK CHOCLATE BAG 12X10X15G,1395.22,,1545.95,,,1,120,PC,,11,,2
5513,82,,,1,CCSB002,,CHO CHO SNACK STRAWBERRY BAG 12X10X15G,1395.22,,1545.95,,,1,120,PC,,11,,2
5514,82,,,1,CCSB002_BD,,CHO CHO SNACK STRAWBERRY 12X10X15G,1395.22,,1545.95,,,1,120,PC,,11,,2
5515,82,,,1,CCSB003,,CHOCHO SNACK CHOCOLATE MEISES BAG 12X10X15G,1395.22,,1545.95,,,1,120,PC,,11,,2
5516,82,,,1,CCSB003_BD,,CHOCHO SNACK CHOCOLATE MEISES BAG 12X10X15G,1395.22,,1545.95,,,1,120,PC,,11,,2
5517,82,,,1,CCSB004,,CHO CHO SNACK CHO VANILLA BAG 12X10X15G,1395.22,,1545.95,,,1,120,PC,,11,,2
5518,82,,,1,CCSB004_BD,,CHO CHO SNACK CHO VANILLA BAG 12X10X15G,1395.22,,1545.95,,,1,120,PC,,11,,2
5519,82,,,1,CCSB005,,CHOCHO SEMPRONG BAG 4BX6PCX85GR,5996.34,,6843.47,,,1,24,PC,,11,,2
5520,82,,,1,CCSB005_BD,,CHOCHO SEMPRONG BAG 4BX6PCX85GR,5447.52,,6222.72,,,1,24,PC,,11,,2
5521,82,,,1,CCSM001,,CHOCHO SNACK CHO MEISES 12X10X15G SANRIO,2134.29,,2435.81,,,1,120,PC,,11,,2
5522,82,,,1,CCSM001_BD,,CHOCHO SNACK CHO MEISES 12X10X15G SANRIO,2134.29,,2435.81,,,1,120,PC,,11,,2
5523,82,,,1,CCSO001,,CHOCHO SNACK CHO 12X10X15GR SANRIO,2134.29,,2435.81,,,1,120,PC,,11,,2
5524,82,,,1,CCSO001_BD,,CHOCHO SNACK CHO 12X10X15GR SANRIO,1931.02,,2203.82,,,1,120,PC,,11,,2
5525,82,,,1,CCSS001,,CHOCHO CHO STRW 12X10X15G SANRIO,2134.29,,2435.81,,,1,120,PC,,11,,2
5526,82,,,1,CCSS001_BD,,CHOCHO CHO STRW 12X10X15G SANRIO,2134.29,,2435.81,,,1,120,PC,,11,,2
5527,82,,,1,CCSV001,,CHOCHO SNACK CHO VAN 12X10X15GR SANRIO,2134.29,,2435.81,,,1,120,PC,,11,,2
5528,82,,,1,CCSV001_BD,,CHOCHO SNACK CHO VAN 12X10X15GR SANRIO,2134.29,,2435.81,,,1,120,PC,,11,,2
5529,82,,,1,CCSW001,,CHOCHO STRAWBERY BOX 24X24X7G,328,,375.22,,,1,576,PC,,11,,2
5530,82,,,1,CCSW001_BD,,CHOCHO STRAWBERY BOX 24X24X7G,328,,375.22,,,1,576,PC,,11,,2
5531,82,,,1,CCWC001,,CHOCHO WS COOKIES&CREAM 6X10X33G,4817.4,,5497.97,,,1,60,PC,,11,,2
5532,82,,,1,CCWC001_BD,,CHOCHO WS COOKIES&CREAM 6X10X33G,4817.4,,5497.97,,,1,60,PC,,11,,2
5533,82,,,1,CCWR001,,CHO CHO WAFER ROLL COOKIES &CREAM 500G,25835.08,,29511.47,,,1,6,PC,,11,,2
5534,82,,,1,CCWR001_BD,,CHO CHO WAFER ROLL COOKIES &CREAM 500G,25835.08,,29511.47,,,1,6,PC,,11,,2
5535,82,,,1,CCWR002,,CHO CHO WAFER ROLL SEMPRONG 6X300G,22542.17,,25749.98,,,1,6,TP,,11,,2
5536,82,,,1,CCWR002_BD,,CHO CHO WAFER ROLL SEMPRONG 6X300G,22542.17,,25749.98,,,1,6,TP,,11,,2
5537,82,,,1,CCWS001,,CHO CHO WAFER SNACK ASSORTED 8X6,4187,,4783.13,,,1,48,PC,,11,,2
5538,82,,,1,CCWS001_BD,,CHO CHO WAFER SNACK ASSORTED 8X6,4187,,4783.13,,,1,48,PC,,11,,2
5539,82,,,1,CCXS001,,CHO CHO XXTRA SINGLE 12X20X14GR,628.08,,695.94,,,1,240,PC,,11,,2
5540,80,,,1,CFB,,CONTAINER FOOD BOTOL,0,,0,,,1,1,PC,,11,,2
5541,80,,,1,CFP001,,CONTAINER FOOD POCI,0,,0,,,1,100,PC,,11,,2
5542,5,,,1,CH2PC_BD,,JS-CH2PC-SK-52BC + AAA,162247.03,,189099,,,1,24,PC,,11,,2
5543,5,,,1,CH2PC2_BD,,JS-CH2PC3 + AA 1300 MAH,147483.24,,171892,,,1,24,PC,,11,,2
5544,5,,,1,CHCCW2A_BD,,CHCCW2 2500 mAh,151358.92,,176409,,,1,24,PC,,11,,2
5545,5,,,1,CHIH078_BD,,CH-1-HR,186241,,281818,,,1,24,PC,,11,,2
5546,5,,,1,CHVC001_BD,,CHVCM4,127998.16,,149182,,,1,24,PC,,11,,2
5547,5,,,1,CHVC002_BD,,EN CHVCM4 4X2000AA BP,237689.19,,277027,,,1,24,PC,,11,,2
5548,5,,,1,CHWB080_BD,,CHM4-AA WOB 9V AA-AAA 24PK,78818,,92727,,,1,24,PK,,11,,2
5549,82,,,1,COBD001_BD,,CHO CHO BIS DUPLEK 18GR 12 X 10PC,0,,0,,,1,120,PC,,11,,2
5550,82,,,1,COBR001_BD,,CHO CHO BIS RENCENG 25 gr,386.4,,395.5,,,1,120,PC,,11,,2
5551,82,,,1,COBW001_BD,,CHO OLE BALL BLACK &WHITE 25GR,886.36,,905,,,1,120,PC,,11,,2
5552,82,,,1,COCC001_BD,,CHO CHO CHOCOLATE 123 12GR,634.09,,702.26,,,1,192,PC,,11,,2
5553,82,,,1,COCC002_BD,,CHO CHO CHOCOLATE 123 JAR,7820.45,,8661.36,,,1,12,PC,,11,,2
5554,82,,,1,COCC003,,CHO CHO 123 10X60X3.2GR,14228.6,,16238.74,,,1,10,JR,,11,,2
5555,82,,,1,COCC003_BD,,CHO CHO 123 10X60X3.2GR,12195.94,,13918.91,,,1,10,PC,,11,,2
5556,82,,,1,COCM002,,CHO MEISES COKLAT 24 x 200 GR,8614.77,,9840.67,,,1,24,JR,,11,,2
5557,82,,,1,COCM002_BD,,CHO MEISES COKLAT 24 x 200 GR,8614.77,,9840.67,,,1,24,JR,,11,,2
5558,82,,,1,COCR001_BD,,CHO CHO CERUTTOS 6X24X12GR,333.1,,368.92,,,1,144,PC,,11,,2
5559,82,,,1,COKR001,,CHO CHO KARAMELLO BOX   6X24X20G,1300.9,,1484.68,,,1,144,PC,,11,,2
5560,82,,,1,COKR001_BD,,CHO CHO KARAMELLO 6X24PC,1300.9,,1484.68,,,1,144,PC,,11,,2
5561,82,,,1,COKR002_BD,,CHO CHO KARAMELLO RCNG 12X12PC,362.7,,401.7,,,1,144,PC,,11,,2
5562,82,,,1,COKR003,,CHO CHO KARAMELO 12X24X12G,657,,750.44,,,1,288,PC,,11,,2
5563,82,,,1,COKR003_BD,,CHO CHO KARAMELO 12X24X12G,657,,750.44,,,1,288,PC,,11,,2
5564,82,,,1,COKU001_BD,,CHO CHO KU 15 gr,353.4,,391.4,,,1,200,PC,,11,,2
5565,82,,,1,COKU002_BD,,CHO CHO KU BOX 6X36PC,321.27,,362,,,1,216,PC,,11,,2
5566,82,,,1,COMC001_BD,,CHO CHO MILK CKT 14 gr,362.7,,401.7,,,1,500,PC,,11,,2
5567,82,,,1,COMC002,,CHO CHO MILK COKLAT 18 GR 20 x 50s,362.7,,401.7,,,1,1000,PC,,11,,2
5568,82,,,1,COMC002_BD,,CHO CHO MILK COKLAT 18GR 20X50S,362.7,,401.7,,,1,1000,PC,,11,,2
5569,82,,,1,COMC003_BD,,CHO CHO MILK WHITE SMALL 25/BOX 14 GR,362.7,,401.7,,,1,500,PC,,11,,2
5570,82,,,1,COMC004_BD,,CHO CHO MAXI CHOCO 12X24X20GR,634.08,,702.27,,,1,288,PC,,11,,2
5571,82,,,1,COMC005_BD,,CHO CHO MILK CHOCO SMALL 20X24,362.7,,401.7,,,1,480,PC,,11,,2
5572,82,,,1,COMC006_BD,,CHO CHO MILK WHITE SMALL 24/BOX 14GR,362.7,,401.7,,,1,480,PC,,11,,2
5573,82,,,1,COMC007_BD,,CHO CHO MILK 20X50 BANDED,398.9,,429,,,1,1000,PC,,11,,2
5574,82,,,1,COMC009,,CHO CHO MILK CHOCO 1000 10X24X13GR,645,,736.51,,,1,240,PC,,11,,2
5575,82,,,1,COMC009_BD,,CHO CHO MILK CHOCO 1000 10X24X13GR,645,,736.51,,,1,240,PC,,11,,2
5576,82,,,1,COMC010_BD,,CHO CHO MILK WHITE 1000 10X24X20GR,649.94,,725.68,,,1,240,PC,,11,,2
5577,82,,,1,COMC011,,CHO CHO MILK CHOCO 12X24X10GR (1000),656.95,,749.77,,,1,288,PC,,11,,2
5578,82,,,1,COMC011_BD,,CHO CHO MILK CHOCO 12X24X10GR,645,,736.51,,,1,288,PC,,11,,2
5579,82,,,1,COMS001,,CHOCHO MILK STRAWBERRY 12X24X10GR,656.95,,749.77,,,1,288,PC,,11,,2
5580,82,,,1,COMS001_BD,,CHOCHO MILK STRAWBERRY 12X24X10GR,644.75,,735.84,,,1,288,PC,,11,,2
5581,82,,,1,COMW001,,CHO CHO MILK WAFER 12GR 6X24,362,,401.7,,,1,144,PC,,11,,2
5582,82,,,1,COMW001_BD,,CHO CHO MILK WAFER 12GR 6X24,362,,401.7,,,1,144,PC,,11,,2
5583,82,,,1,COMW002,,CHO MILK WAFER CHOCOLATE 8X24X16,628.97,,702.91,,,1,192,PC,,11,,2
5584,82,,,1,COMW002_BD,,CHO MILK WAFER CHOCOLATE 8X24X16,628.97,,702.91,,,1,192,PC,,11,,2
5585,82,,,1,CONB001_BD,,CHO CHO NYEM LAYER BIG 10 gr,186,,205,,,1,400,PC,,11,,2
5586,82,,,1,CONL001,,CHO NYEM LONGSTICK TPL 12x50pc,15407.54,,17584.23,,,1,12,JR,,11,,2
5587,82,,,1,CONL001_BD,,CHO NYEM LONGSTICK TPL 11 GR,15407.54,,17572.63,,,1,12,JR,,11,,2
5588,82,,,1,CONL002_BD,,CHO NYEM LONGSTICK TPL 11GR 12x24pc,7710.55,,8539.64,,,1,12,JR,,11,,2
5589,82,,,1,CONL003_BD,,CHO CHO NYEM LONG 12JARX36,11565.81,,12810,,,1,12,PC,,11,,2
5590,82,,,1,CONL005,,CHO NYEMNYEM CHOCOLATE CUP 12X50,14358,,16401,,,1,12,PC,,11,,2
5591,82,,,1,CONL005_BD,,CHO NYEMNYEM CHOCOLATE CUP 12X50,14358,,16401,,,1,12,PC,,11,,2
5592,82,,,1,COOB001_BD,,CHO OLE BAG BSR 65 GR,2045.45,,2091,,,1,30,PC,,11,,2
5593,82,,,1,COPB001,,CHO CHO PILLOW BIGSIZE (HEXAGONAL) 32GR 10x3pc,4119,,4705.12,,,1,30,PC,,11,,2
5594,82,,,1,COPB001_BD,,CHO CHO PILLOW BIGSIZE (HEXAGONAL) 32 GR,4119,,4705.12,,,1,30,PC,,11,,2
5595,82,,,1,COPB002,,CHO-CHO PILOW BIGSIZE 6X6X28GR BERHADIAH,4837.72,,5521.17,,,1,36,PC,,11,,2
5596,82,,,1,COPB002_BD,,CHO-CHO PILOW BIGSIZE 6X6X32GR BERHADIAH,4391,,5015,,,1,36,PC,,11,,2
5597,82,,,1,COPB003_BD,,CHO CHO PILLOW BIGSIZE 6X6X28G /6PC,3117.73,,3561.38,,,1,36,PC,,11,,2
5598,82,,,1,CORC001_BD,,CHO CHO CREPES 24 X 50GR,1592,,1592,,,1,24,PC,,11,,2
5599,82,,,1,CORC002_BD,,CHO CHO BANANA CREPES 6x20x25gr,681.81,,681.81,,,1,120,PCS,,11,,2
5600,82,,,1,CORC003_BD,,CHO CHO CREPES VANILA 6X20X25GR,697.5,,750,,,1,120,PC,,11,,2
5601,82,,,1,COSKB,,MYA SIANGPURE BOTOL 25ML RED,64565,,76900,,,1,144,PC,,11,,2
5602,82,,,1,COSN001,,CHO CHO SNACK 25 GR 12x12pc,1390,,1539,,,1,144,PC,,11,,2
5603,82,,,1,COSN001_BD,,CHO CHO SNACK 25 GR,1390,,1539,,,1,144,PC,,11,,2
5604,82,,,1,COWC001,,CHO WS COKLAT TPL 260gr 12 x 60 PC,13964.35,,15937.16,,,1,12,JR,,11,,2
5605,82,,,1,COWC001_BD,,CHO WS COKLAT TPL 260 gr,13964.35,,15937.16,,,1,12,JR,,11,,2
5606,82,,,1,COWC002,,CHO WS COKLAT TPL 500 gr 6 x 130 PC,24574.83,,28071.89,,,1,6,JR,,11,,2
5607,82,,,1,COWC002_BD,,CHO WS COKLAT TPL 500 gr,24574.83,,28071.89,,,1,6,JR,,11,,2
5608,82,,,1,COWC003,,CHO WFR SNACK COK-CHEESE 35 gr 6x10pc,4817.4,,5497.97,,,1,60,PC,,11,,2
5609,82,,,1,COWC003_BD,,CHO WFR SNACK COK-CHEESE 40 gr 6x10pc,4817.4,,5497.97,,,1,60,PC,,11,,2
5610,82,,,1,COWC005_BD,,CHO WS KURMA TPL 700 gr 6 x 130 PC,13907.72,,15403.18,,,1,6,PC,,11,,2
5611,82,,,1,COWC006,,CHO WFR SNACK COK-MEISES 35 gr 6x10pc,4817.4,,5497.97,,,1,60,PC,,11,,2
5612,82,,,1,COWC006_BD,,CHO WFR SNACK COK-MEISES,4817.4,,5497.97,,,1,60,PC,,11,,2
5613,82,,,1,COWC010,,CHO CHO SNACK CHOCOLAT TRAY 12X10X15G,1559,,1781.37,,,1,120,PC,,11,,2
5614,82,,,1,COWC010_BD,,CHO CHO SNACK CHOCOLAT 12X10X20G,1559,,1781.37,,,1,120,PC,,11,,2
5615,82,,,1,COWD001,,CHO WS COCONUT TPL 260 gr 12 x 60 PC,13964.35,,15937.16,,,1,12,JR,,11,,2
5616,82,,,1,COWD001_BD,,CHO WS COCONUT TPL 260 gr 12 x 60 PC,13313.91,,15208.51,,,1,12,JR,,11,,2
5617,82,,,1,COWF001,,CHO WS REFIL COKLAT 500 gr 4 x100 PC,11650.45,,13296.36,,,1,4,BG,,11,,2
5618,82,,,1,COWF001_BD,,CHO WS REFIL COKLAT 500 gr,11650.45,,13296.36,,,1,4,BG,,11,,2
5619,82,,,1,COWF002_BD,,CHO WAFER STICK REFILL MIX 4X500G,10902.27,,11818.18,,,1,4,BG,,11,,2
5620,82,,,1,COWJ001,,CHO WS RADJA 670 gr 6 x 130 PC,28924.72,,33040.77,,,1,6,JR,,11,,2
5621,82,,,1,COWJ001_BD,,CHO WS RADJA 670 gr 6 x 130 PC,28924.72,,33040.77,,,1,6,JR,,11,,2
5622,82,,,1,COWK001,,CHO WFR SNACK COK-CRISPY 29 gr 6x10pc,4817.4,,5497.97,,,1,60,PC,,11,,2
5623,82,,,1,COWK001_BD,,CHO WFR SNACK COK-CRISPY 50 gr,4817.4,,5497.97,,,1,60,PC,,11,,2
5624,82,,,1,COWM001,,CHO WS KOMBINASI RFL 500 gr 4 x 100 PC,11650.45,,13296.36,,,1,4,BG,,11,,2
5625,82,,,1,COWM001_BD,,CHO WS KOMBINASI RFL 500 gr,11650.45,,13296.36,,,1,4,BG,,11,,2
5626,82,,,1,COWP001,,CHO WS CAPPUCINO TPL 500 gr 6 x 130 PC,25835.08,,29511.47,,,1,6,JR,,11,,2
5627,82,,,1,COWP001_BD,,CHO WS CAPPUCCINNO TPL 700 gr,25835.08,,29511.47,,,1,6,JR,,11,,2
5628,82,,,1,COWR001,,CHO CHO WS RATU 6 x 320 gr,16932.03,,19324.09,,,1,6,JR,,11,,2
5629,82,,,1,COWR001_BD,,CHO CHO WS RATU 375 gr,16932.03,,19324.09,,,1,6,JR,,11,,2
5630,82,,,1,COWR002,,CHO CHO WS RATU STRAW6 x 320 gr,16932.03,,19324.09,,,1,6,PC,,11,,2
5631,82,,,1,COWR002_BD,,CHO CHO WS RATU STRAW6 x 375 gr,16139.3,,18435.96,,,1,6,PC,,11,,2
5632,82,,,1,COWR011,,CHO CHO SNACK STRAW 12X10X20GR,1437.27,,1591.81,,,1,120,PC,,11,,2
5633,82,,,1,COWR011_BD,,CHO CHO SNACK STRAW 12X10X20GR,1437.27,,1591.81,,,1,120,PC,,11,,2
5634,82,,,1,COWS001,,CHO WFR SNACK COK-STRAW 35 gr 6x10pc,4817.4,,5497.97,,,1,60,PC,,11,,2
5635,82,,,1,COWS001_BD,,CHO WFR SNACK COK-STRAW 50 gr,4817.4,,5497.97,,,1,60,PC,,11,,2
5636,82,,,1,COWS002,,CHO CHO SNACK CRISPY 12X12X6GR,656.95,,749.77,,,1,144,PC,,11,,2
5637,82,,,1,COWS002_BD,,CHO CHO SNACK CRISPY 12X12X6GR,656.95,,749.77,,,1,144,PC,,11,,2
5638,82,,,1,COWS003_BD,,CHO CHO SNACK MIX 12X12,1389.53,,1539,,,1,144,PC,,11,,2
5639,82,,,1,COWS004,,CHO WS TWIN CAPPUCINO 6X500GR,25835.08,,29511.47,,,1,6,PC,,11,,2
5640,82,,,1,COWS004_BD,,CHO WS TWIN CAPPUCINO 6X600GR,25835.08,,29511.47,,,1,6,PC,,11,,2
5641,82,,,1,COWS005,,CHO WS TWIN TIRAMISU 6X500GR,25835.08,,29511.47,,,1,6,PC,,11,,2
5642,82,,,1,COWS005_BD,,CHO WS TWIN TIRAMISU 6X600GR,25835.08,,29511.47,,,1,6,PC,,11,,2
5643,82,,,1,COWS006_BD,,CHO CHO SNACK STRAW 12X12X20GR,1435.98,,1591.82,,,1,144,PC,,11,,2
5644,82,,,1,COWS007_BD,,CHO CHO SNACK VANILLA 12X12X20GR,1435.98,,1591.82,,,1,144,PC,,11,,2
5645,82,,,1,COWS008_BD,,CHO CHO SNACK MEISES 12X12X20GR,1389.53,,1539,,,1,144,PC,,11,,2
5646,82,,,1,COWS009_BD,,CHO CHO SNACK CHOCOLATE 12X12X20GR,1435.98,,1591.82,,,1,144,PC,,11,,2
5647,82,,,1,COWS010,,CHO CHO SNACK MEISES TRAY  12X10X15GR,1559,,1781.37,,,1,120,PC,,11,,2
5648,82,,,1,COWS010_BD,,CHO CHO SNACK MEISES 12X10X20GR,1559,,1781.37,,,1,120,PC,,11,,2
5649,82,,,1,COWS011,,CHO CHO SNACK STRAW TRAY  12X10X15GR,1559,,1781.37,,,1,120,PC,,11,,2
5650,82,,,1,COWS011_BD,,CHO CHO SNACK STRAW 12X10X20GR,1559,,1781.37,,,1,120,PC,,11,,2
5651,82,,,1,COWS012_BD,,CHO CHO WAFER STICK CHOCOLATE PREMIUM 12X350GR,26343,,30091.95,,,1,12,PC,,11,,2
5652,82,,,1,COWS015,,A WAFER ROLL CHOCOLATE 500GR,15998.86,,17727.27,,,1,6,PC,,11,,2
5653,82,,,1,COWS015_BD,,A WAFER ROLL CHOCOLATE 600GR,15998.86,,17727.27,,,1,6,PC,,11,,2
5654,82,,,1,COWT001,,CHO WS STRAW TPL 260 gr 12 x 60 PC,13964.35,,15937.16,,,1,12,JR,,11,,2
5655,82,,,1,COWT001_BD,,CHO WS STRAW TPL 260 gr,13964.35,,15937.16,,,1,12,JR,,11,,2
5656,82,,,1,COWT002,,CHO WS TIRAMISU TPL 260 gr 12 x 60 PC,13964.35,,15937.16,,,1,12,PC,,11,,2
5657,82,,,1,COWT002_BD,,CHO WS TIRAMISU TPL 260 gr 12 x 60 PC,13313.91,,15208.51,,,1,12,PC,,11,,2
5658,82,,,1,COWV001,,CHO WFR SNACK COK-VAN 35gr 6x10pc,4817.4,,5497.97,,,1,60,PC,,11,,2
5659,82,,,1,COWV001_BD,,CHO WFR SNACK COK-VAN 50 gr,4817.4,,5497.97,,,1,60,PC,,11,,2
5660,82,,,1,COWV012,,CHO CHO SNACK VANILLA TRAY 12X10X15GR,1559,,1781.37,,,1,120,PC,,11,,2
5661,82,,,1,COWV012_BD,,CHO CHO SNACK VANILLA 12X10X20GR,1559,,1781.37,,,1,120,PC,,11,,2
5662,82,,,1,CQERA,,QERIK HANGER (BLISTER),4625,,5500,,,1,72,PC,,11,,2
5663,82,,,1,CQERB,,QERIK DUS,4625,,5500,,,1,72,PC,,11,,2
5664,82,,,1,CRA,,CARABLO ASSORTED 8TPX80PC,22483.6,,25263,,,1,8,TP,,11,,2
5665,82,,,1,CUM,,COLLIN'S BUTTERNUT 48GRX20BKS,4429,,5250,,,1,20,BG,,11,,2
5666,82,,,1,CUM_BD,,COLLIN'S BUTTERNUT 48GRX20BKS,4429,,5150,,,1,20,BG,,11,,2
5667,82,,,1,CWRC001,,CHO SINGLES WFR ROLL COK CRM 6X24X10G,328.47,,375.22,,,1,144,PC,,11,,2
5668,82,,,1,CWRC001_BD,,CHO SINGLES WFR ROLL COK CRM 6X24X10G,328.47,,375.22,,,1,144,PC,,11,,2
5669,82,,,1,CWRC002,,CHO EXTRA SINGLE COKLAT 12X24X7GR,609.8,,695.95,,,1,288,PC,,11,,2
5670,82,,,1,CWRC002_BD,,CHO EXTRA SINGLE COKLAT 12X24X7GR,328.5,,375.22,,,1,288,PC,,11,,2
5671,82,,,1,CWRC003,,CHO EXTRA SINGLE COOKIES&CREAM 12X24X7G,328,,374.88,,,1,288,PC,,11,,2
5672,82,,,1,CWRC003_BD,,CHO EXTRA SINGLE COOKIES&CREAM 12X24X7G,328,,375,,,1,288,PC,,11,,2
5673,82,,,1,CWRC014,,CHO EXTRA SINGLE COKLAT 12X20X14GR,216.6,,695.94,,,1,240,PC,,11,,2
5674,82,,,1,DKDL001_BD,,DARKIE LONG P.MINT 40 gr,765.5,,765.5,,,1,288,PC,,11,,2
5676,82,,,1,DPES001_BD,,DOLPHIN ES STROOP 24X180ML,579.54,,663.85,,,1,24,PC,,11,,2
5677,82,,,1,DPLT001_BD,,DOLPHIN LEMON TEA 24X175ML,579.54,,663.85,,,1,24,PC,,11,,2
5678,82,,,1,DPTM001,,DOLPHIN TEH MADU 24X175ML,579.54,,663.85,,,1,24,PC,,11,,2
5679,82,,,1,DPTM001_BD,,DOLPHIN TEH MADU 24X175ML,579.54,,663.85,,,1,24,PC,,11,,2
5680,82,,,1,DPTM002,,DOLPHIN TEH MANIS 24X180ML,579.54,,663.85,,,1,24,PC,,11,,2
5681,82,,,1,DPTM002_BD,,DOLPHIN TEH MANIS 24X180ML,579.54,,663.85,,,1,24,PC,,11,,2
5682,5,,,1,E302714500_BD,,ENR AP 2AAA PENLIGHT 50 PER OS PLMA22,112544.86,,131171,,,1,16,PC,,11,,2
5683,5,,,1,E303245500_BD,,1212 BP12 AAA HITAM/E303245500,20483.89,,23874,,,1,80,PC,,11,,2
5684,5,,,1,E303269300_BD,,EVR AP VALUE RECH 200HF  OS HD LLP,173764.73,,202523,,,1,16,PC,,11,,2
5685,5,,,1,E303673900_BD,,EVR AP VALUE RECH 200 HF OS HDLLP/E303269300,154594.44,,180180,,,1,16,PC,,11,,2
5686,5,,,1,E303674000_BD,,ENERGIZER BIKE LIGHT BLPB42,154594.44,,180180,,,1,16,PC,,11,,2
5687,5,,,1,E304242600,,EVR AP VALUERECHLTNHH 110,177783.23,,193243.24,,,1,16,PC,,11,,2
5688,5,,,1,E304242700,,EVR AP VALUERECHHL 120 OS,100486.48,,115945.94,,,1,16,PC,,11,,2
5689,5,,,1,E304242800,,EVR AP MEDVALUERECHHH 150,88118.92,,100486.48,,,1,16,PC,,11,,2
5690,5,,,1,E304242900,,EVR AP SMLVALUERECHHH 60,77297.22,,88891.88,,,1,16,PC,,11,,2
5691,5,,,1,ECFK107_BD,,DISNEY POOH FL,40955,,48182,,,1,48,PK,,11,,2
5692,5,,,1,ECFL057_BD,,E 250+2D-BP 18 PK,31200,,36363.64,,,1,18,PK,,11,,2
5693,5,,,1,ECFL081_BD,,EC 2AA 2FL CIPTA 216PK,7110,,7364,,,1,216,PK,,11,,2
5694,5,,,1,ECFL082_BD,,EC 25D 2FL CIPTA 96PK,9428,,11091,,,1,96,PK,,11,,2
5695,5,,,1,ECFL084_BD,,E 220+4AA DARURAT,22229.92,,25909,,,1,48,PK,,11,,2
5696,5,,,1,ECFL087_BD,,E 250+2D-BP 18 PK,31200,,36363.64,,,1,18,PK,,11,,2
5697,5,,,1,ECFL088_BD,,E250+4D-DARURAT 12 PK,27216,,41182,,,1,12,PK,,11,,2
5698,5,,,1,ECFL089_BD,,E 350+3D-BP 12 PK,45045,,52500,,,1,12,PK,,11,,2
5699,5,,,1,ECFL090_BD,,E450+4DBP LATERN 9PK,53705,,63182,,,1,9,PK,,11,,2
5700,5,,,1,ECFL091_BD,,EC 2D+2D BP 18,23789.77,,27727,,,1,18,PC,,11,,2
5701,5,,,1,ECFL092_BD,,EC 2AA+2AA BP 48 PK,13137,,15455,,,1,48,PK,,11,,2
5702,5,,,1,ECFL093_BD,,EC2AA/2D-BP 9 PC,32760.16,,38182,,,1,9,PC,,11,,2
5703,5,,,1,ECFL094_BD,,JAZZ LIGHT EC2AA/2D-BP,42900,,50000,,,1,9,PK,,11,,2
5704,5,,,1,ECFL095_BD,,JAZZ LIGHT 2AA BP 48 PK,15717,,18318.18,,,1,48,PK,,11,,2
5705,5,,,1,ECFL096_BD,,JAZZ LIGT 2AA WH 48PK,12090,,14090.91,,,1,48,PK,,11,,2
5706,5,,,1,ECFL097_BD,,JAZZ LIGHT 2D BP 48PK,27144,,31636.36,,,1,48,PK,,11,,2
5707,5,,,1,ECFL098_BD,,JAZZ LIGT 2D WH,15990,,18636.36,,,1,48,PK,,11,,2
5708,5,,,1,ECFL100_BD,,R221+2AA-BP,36705,,43182,,,1,48,PK,,11,,2
5709,5,,,1,ECFL101_BD,,R252 2D BP,41454,,62727,,,1,18,PC,,11,,2
5710,5,,,1,ECFL105_BD,,A73 LATERN,42174,,63818,,,1,9,PK,,11,,2
5711,5,,,1,ECFL106_BD,,COMPACK LED 4 AA FL,67227,,79091,,,1,1,PCS,,11,,2
5712,5,,,1,ECFL109_BD,,E220FL,14586,,17000,,,1,240,PK,,11,,2
5713,5,,,1,ECFL110_BD,,E250 FL,18447,,21500,,,1,72,PK,,11,,2
5714,5,,,1,ECFL111_BD,,E350 FL,27885,,32500,,,1,72,PK,,11,,2
5715,5,,,1,ECFL113_BD,,EC450 FL,59280.08,,69091,,,1,12,PK,,11,,2
5716,5,,,1,ECFL114_BD,,EC 2D FL 72  PC,12750,,15000,,,1,72,PC,,11,,2
5717,5,,,1,ECFL115_BD,,EC 2AA FL,9505,,11182,,,1,192,PK,,11,,2
5718,5,,,1,ECFL116_BD,,KR120 BP1,9119,,10728,,,1,400,PK,,11,,2
5719,5,,,1,ECFL117_BD,,R221 FL,36704,,43182,,,1,36,PK,,11,,2
5720,5,,,1,ECFL118_BD,,R252 FL,51000,,60000,,,1,72,PK,,11,,2
5721,5,,,1,ECFL119_BD,,TW 420 2 IN 1,81900,,95454.55,,,1,36,PK,,11,,2
5722,5,,,1,ECFL120_BD,,TW 450 2 IN 1,108927.39,,126955,,,1,16,PK,,11,,2
5723,5,,,1,ECFL123_BD,,E220+2AA BP,19500,,22727.27,,,1,48,PC,,11,,2
5724,5,,,1,ECFL223_BD,,FL-EEL-RCE2AA,103170.92,,156818.18,,,1,24,PK,,11,,2
5725,5,,,1,ECR-016_BD,,ECR2016 BP5,21137.69,,24636,,,1,80,PC,,11,,2
5726,5,,,1,ECR-025_BD,,ECR2025,21137.68,,24636,,,1,80,PC,,11,,2
5727,5,,,1,ECR-032_BD,,ECR2032 BS 2,14918.38,,17387,,,1,216,PC,,11,,2
5728,5,,,1,ECR-206_BD,,ECR 2032 - BP1,10101.23,,11773,,,1,288,PC,,11,,2
5729,5,,,1,ECR025-02_BD,,ECR 2025 BP2,14918.38,,17387,,,1,216,PC,,11,,2
5730,5,,,1,ECR2016_BD,,EN ECR 2016 BP2,15227.57,,17748,,,1,216,PC,,11,,2
5731,5,,,1,ECRT032_BD,,ECR 2032 TIX5,21137.69,,24636,,,1,80,PC,,11,,2
5732,5,,,1,EFTL001_BD,,EV TL TAP LIGHT NEW,35021.84,,40818,,,1,12,PC,,11,,2
5733,5,,,1,EKSH001_BD,,SHICK EN SEN KIT 1 HG(2x12'S MB,2212.94,,3363.64,,,1,480,PC,,11,,2
5734,5,,,1,ELOL001_BD,,EVEREADY LED ONE LIGHT,28781.61,,33545,,,1,72,PC,,11,,2
5735,9,,,1,EM1001459,,CELEMEK NS 2024,0,,0,,,1,1,PC,,11,,2
5736,9,,,1,EM1001896,,HANGER HILO 2023 NASIONAL,0,,0,,,1,1,PC,,11,,2
5737,9,,,1,EM1002527,,GELAS BELING LOKALATE,0,,0,,,1,1,PC,,11,,2
5738,9,,,1,EM1002548,,GELAS BELING HILO CHOC STANDARD 2020,0,,0,,,1,48,PC,,11,,2
5739,9,,,1,EM1002551,,GELAS NS BUTUH VITAMIN C 2020,0,,0,,,1,48,PC,,11,,2
5740,9,,,1,EM1002560,,TOPLES HILO CANDY,0,,0,,,1,8,PC,,11,,2
5741,9,,,1,EM1002618,,GELAS WDANK EMPON-EMPON,0,,0,,,1,1,PC,,11,,2
5742,9,,,1,EM1002636,,GELAS NS 2021,0,,0,,,1,1,PC,,11,,2
5743,9,,,1,EM1002643,,KAOS NUTRISARI 2021,0,,0,,,1,1,PC,,11,,2
5744,9,,,1,EM1002721,,GELAS NS DESIGN SURFING,0,,0,,,1,1,PC,,11,,2
5745,9,,,1,EM1002765G,,GELAS HILO TRADISIONAL 2022,0,,0,,,1,48,PC,,11,,2
5746,9,,,1,EM1002859,,SAJADAH NS,0,,0,,,1,1,PC,,11,,2
5747,9,,,1,EM1002873,,GELAS BELING HILO 2023,0,,0,,,1,1,PC,,11,,2
5748,9,,,1,EM1002876,,NS KAOS BAWA TAS,0,,1,,,1,1,PC,,11,,2
5749,9,,,1,EM1002908,,NS HANGER DESAIN SURFING 45TAHUN,0,,0,,,1,1,PC,,11,,2
5750,9,,,1,EM1002909,,NS HANGER DESAIN OK 45TH,0,,0,,,1,1,PC,,11,,2
5751,9,,,1,EM1002913,,NS GELAS VERSI NONGOL 45TAHUN,0,,0,,,1,1,PC,,11,,2
5752,9,,,1,EM1002914,,NS GELAS MELEK 45TAHUN,0,,0,,,1,1,PC,,11,,2
5753,9,,,1,EM1002915,,NS GELAS MEREM 45TAHUN,0,,0,,,1,1,PC,,11,,2
5754,9,,,1,EM1002920,,GELAS HILO TRADISIONAL 2024,0,,0,,,1,1,PC,,11,,2
5755,9,,,1,EM1002925,,HANGER HILO TRADITIONAL-SMT 1,0,,0,,,1,1,PC,,11,,2
5756,9,,,1,EM1002932,,BELING HILO TRADISIONAL SMT 2 2024',0,,0,,,1,1,PC,,11,,2
5757,9,,,1,EM1002940,,KAOS SE 50TH TROPICANA SLIM,0,,0,,,1,1,PC,,11,,2
5758,9,,,1,EM1002948,,NS SARUNG 2025,0,,0,,,1,1,PC,,11,,2
5759,9,,,1,EM1002951,,HANGER HILO TRADI 2024-SMT 2,0,,0,,,1,1,PC,,11,,2
5760,9,,,1,EM1002958,,NS KAOS 2025-SI JERUK DI KOLAM,0,,0,,,1,1,PC,,11,,2
5761,9,,,1,EM1002959,,NS KAOS 2025-SI JERUK SELNCR,0,,0,,,1,1,PC,,11,,2
5762,9,,,1,EM1002962,,NS GELAS 2025,0,,0,,,1,1,PC,,11,,2
5763,9,,,1,EM1002965,,NS HANGER 2025-SI JERUK HATI,0,,0,,,1,1,PC,,11,,2
5764,9,,,1,EM1002966,,NS HANGER 2025- SI JERUK RAJA,0,,0,,,1,1,PC,,11,,2
5765,9,,,1,EM1002975,,HILO GELAS BELING TRADISIONAL 2025,0,,0,,,1,1,PC,,11,,2
5766,9,,,1,EM1002981,,HILO HANGER TRADISIONAL 2025,0,,0,,,1,1,PC,,11,,2
5767,9,,,1,EM1002984,,KAOS HILO TRADISIONAL 2025,0,,0,,,1,1,PC,,11,,2
5768,9,,,1,EM1002988,,CELEMEK HILO 2025,0,,0,,,1,1,PC,,11,,2
5769,9,,,1,EM1002989,,CELEMEK NS 2025,0,,0,,,1,1,PC,,11,,2
5770,9,,,1,EM1003024,,GELAS HILO TRADITIONAL S2 2025,0,,0,,,1,1,PC,,11,,2
5771,9,,,1,EM1003033,,NS SARUNG 2026,0,,0,,,1,1,PC,,11,,2
5772,9,,,1,EM1003038,,HANGER GENERAL NS 2026,0,,0,,,1,1,PC,,11,,2
5773,9,,,1,EM1003041,,HANGER HILO TRADISIONAL SI 2026,0,,0,,,1,40,PC,,11,,2
5774,9,,,1,EM1003046,,NS KAOS 2026 SI JERUK BOLA,0,,0,,,1,1,PC,,11,,2
5775,9,,,1,EM1003047,,NS KAOS 2026 SI JERUK LOVE,0,,0,,,1,1,PC,,11,,2
5776,9,,,1,EM1003048,,GELAS HI LO TRADITIONAL 2026,0,,0,,,1,1,PC,,11,,2
5777,9,,,1,EM1003049,,KAUS HILO TRADITIONAL 2026,0,,0,,,1,1,PC,,11,,2
5778,9,,,1,EM1003058,,NS GELAS 2026,0,,0,,,1,1,PC,,11,,2
5779,5,,,1,EMP091_BD,,ENR MAX PLUS EP91 BP2,18937.84,,22072,,,1,48,PC,,11,,2
5780,5,,,1,EMP092_BD,,ENR MAX PLUS EP92 BP,17160,,20000,,,1,48,PC,,11,,2
5781,5,,,1,ENPW001_BD,,ENR POWER E91 BP2 ALK PWR 432 B ID,9275.68,,10811,,,1,216,PC,,11,,2
5782,5,,,1,ENPW002_BD,,ENR POWER E92 BP2 ALK PWR 432 B ID,9275.68,,10811,,,1,216,PC,,11,,2
5783,5,,,1,ENPW003_BD,,ENR POWER E92 BP4 ALK PWR 192 B ID,17623.78,,20541,,,1,48,PC,,11,,2
5784,5,,,1,ENPW004_BD,,ENR POWER E91 AA BP 4 ALK PWR 192 B ID,17391.89,,20270,,,1,48,PC,,11,,2
5785,82,,,1,ETWC001_BD,,ETERNA WAFER CREAM VANILLA 36 gr,834,,850,,,1,144,PC,,11,,2
5786,82,,,1,ETWC002_BD,,ETERNA WAFER CRM COKLAT 16 X 24,850,,850,,,1,144,PC,,11,,2
5787,82,,,1,ETWS001,,ETERNA WS COKLAT 12 X 350GR,25695.23,,29351.72,,,1,12,PC,,11,,2
5788,82,,,1,ETWS001_BD,,ETERNA WS COKLAT 12 X 350GR,25695.23,,29351.72,,,1,12,PC,,11,,2
5789,82,,,1,ETWS002,,ETERNA WS STROWBERY 12 X 350GR,25695.23,,29351.72,,,1,12,PC,,11,,2
5790,82,,,1,ETWS002_BD,,ETERNA WS STROWBERY 12 X 350GR,25695.23,,29351.72,,,1,12,PC,,11,,2
5791,82,,,1,ETWS003_BD,,ETERNA WS VANILA 12 X 350 GR,25695.23,,29351.72,,,1,12,PC,,11,,2
5792,82,,,1,ETWS004_BD,,ETERNA WS CAPUCINO 12 X 350 GR,15979,,17697.27,,,1,12,PC,,11,,2
5793,5,,,1,EVBP001_BD,,EV 2AA BP 72/CT,16380.08,,19091,,,1,72,PC,,11,,2
5795,5,,,1,EVGD001_BD,,EVR GOLD 91 BP 2,6942.08,,8091,,,1,216,PC,,11,,2
5796,5,,,1,EVGD002_BD,,EVR SLV S92 BP 2 ALKAS,5849.84,,6818,,,1,216,PC,,11,,2
5797,5,,,1,EVHD001_BD,,EV HDL2 LED,35021.84,,40818,,,1,72,PC,,11,,2
5798,5,,,1,EVHD002_BD,,EV FL HEADLIGHT 1 LED BP,50816.77,,59227,,,1,72,PC,,11,,2
5799,5,,,1,EXWM001_BD,,SHICK EXTRA II WOMEN 2+1 MB,7236.9,,11000,,,1,144,PC,,11,,2
5800,5,,,1,FDLT001_BD,,FOLDING 452G,185795.61,,216545,,,1,16,PC,,11,,2
5801,81,,,1,FGBMA2001_BD,,Camellia Bodymist Blue Magical 100ml,7364.19,,10909.09,,,1,72,PC,,11,,2
5802,81,,,1,FGBMA2002_BD,,Camellia Bodymist Orange Allure 100ml,7364.19,,10909.09,,,1,72,PC,,11,,2
5803,81,,,1,FGBMA2003_BD,,Camellia Bodymist Pink Seductive 100ml,7364.19,,10909.09,,,1,72,PC,,11,,2
5804,81,,,1,FGBMA2004_BD,,Camellia Bodymist Violet Exotic 100ml,7364.19,,10909.09,,,1,72,PC,,11,,2
5805,81,,,1,FGBMA2005_BD,,Camellia Bodymist Yellow Happy 100ml,7364.19,,10909.09,,,1,72,PC,,11,,2
5806,81,,,1,FGBMA2006_BD,,Camellia Bodymist Red Love 100ml,7364.19,,10909.09,,,1,72,PC,,11,,2
5807,81,,,1,FGBMA2007_BD,,Camellia Bodymist White Pure 100ml,7364.19,,10909.09,,,1,72,PC,,11,,2
5808,81,,,1,FGBMA2008_BD,,Camellia Bodymist Green Refresh 100ml,7364.19,,10909.09,,,1,72,PC,,11,,2
5809,81,,,1,FGBMA2101_BD,,Camellia BM Japanese Kirei 100ml (Orange),7364.18,,10909.9,,,1,72,PC,,11,,2
5810,81,,,1,FGBMA2102_BD,,Camellia BM Japanese Asuka 100ml (Pink),7364.18,,10909.9,,,1,72,PC,,11,,2
5811,81,,,1,FGBMA2103_BD,,Camellia BM Japanese Keiko 100ml (Blue),7364.18,,10909.9,,,1,72,PC,,11,,2
5812,81,,,1,FGBMB2001_BD,,Marie Jose Body Mist Red M1 100ml,6950,,10000,,,1,72,PC,,11,,2
5813,81,,,1,FGBMB2002_BD,,Marie Jose Body Mist Yellow M2 100ml,6750,,10000,,,1,72,PC,,11,,2
5814,81,,,1,FGBMB2003_BD,,Marie Jose Body Mist Dark Green M3 100ml,6750,,10000,,,1,72,PC,,11,,2
5815,81,,,1,FGBMB2004_BD,,Marie Jose Body Mist Aqua Blue M4 100ml,6750,,10000,,,1,72,PC,,11,,2
5816,81,,,1,FGBMB2005_BD,,Marie Jose Body Mist Dark Blue M5 100ml,6750,,10000,,,1,72,PC,,11,,2
5817,81,,,1,FGBMB2006_BD,,Marie Jose Body Mist Dark Violet M6 100ml,6750,,10000,,,1,72,PC,,11,,2
5818,81,,,1,FGBMB2007_BD,,Marie Jose Body Mist Grey M7 100ml,6750,,10000,,,1,72,PC,,11,,2
5819,81,,,1,FGBMB2008_BD,,Marie Jose Body Mist White M8 100ml,6750,,10000,,,1,72,PC,,11,,2
5820,81,,,1,FGBMB2101,,MARIE JOSE BODY MIST RED  M1 100ML,6950,,10000,,,1,72,PC,,11,,2
5821,81,,,1,FGBMB2102,,MARIE JOSE BODY MIST UNIQUE YELLOW 100ML,6950,,10000,,,1,72,PC,,11,,2
5822,81,,,1,FGBMB2103,,Marie Jose Body Mist COLG Enargy M3 (Green) 100ml,6950,,10000,,,1,72,PC,,11,,2
5823,81,,,1,FGBMB2104,,Marie Jose Body Mist Cologne AGUA M4 (Blue) 100ml,6950,,10000,,,1,72,PC,,11,,2
5824,81,,,1,FGBMB2105,,Marie Jose Body Mist Dark Blue M5 100ml,6950,,10000,,,1,72,PC,,11,,2
5825,81,,,1,FGBMB2106,,Marie Jose Body Mist Brave (Dark Violet) M6 100ml,6950,,10000,,,1,72,PC,,11,,2
5826,81,,,1,FGBMB2106_BD,,Marie Jose Body Mist Brave (Dark Violet) M6 100ml,6950,,10000,,,1,72,PC,,11,,2
5827,81,,,1,FGBMB2107,,Marie Jose Body Mist Cologne Dynamic M7(Grey)100ml,6950,,10000,,,1,72,PC,,11,,2
5828,81,,,1,FGBMB2107_BD,,Marie Jose Body Mist Cologne Dynamic M7(Grey)100ml,6950,,10000,,,1,72,PC,,11,,2
5829,81,,,1,FGBMB2108,,Marie Jose Body Mist White M8 100ml,6950,,10000,,,1,72,PC,,11,,2
5830,81,,,1,FGBMB9001,,Marie Jose Body Mist Cologne M1 Red 100ml  BDT,6750,,10000,,,1,36,PC,,11,,2
5831,81,,,1,FGBMB9008,,Marie Jose Body Mist Cologne M8 White 100ml  BDT,6750,,10000,,,1,36,PC,,11,,2
5832,81,,,1,FGBMC1001_BD,,Casablanca Homme BM Blue Aqua 50ml,5522.73,,8181.82,,,1,72,PC,,11,,2
5833,81,,,1,FGBMC1002_BD,,Casablanca Femme BM Violet Classic 50ml,5522.73,,8181.82,,,1,72,PC,,11,,2
5834,81,,,1,FGBMC1003_BD,,Casablanca Femme BM Pink Romantic 50ml,5522.73,,8181.82,,,1,72,PC,,11,,2
5835,81,,,1,FGBMC1004_BD,,Casablanca Femme BM Green Fantasy 50ml,5522.73,,8181.82,,,1,72,PC,,11,,2
5836,81,,,1,FGBMC1005_BD,,Casablanca Femme BM Orange Illussion 50ml,5522.73,,8181.82,,,1,72,PC,,11,,2
5837,81,,,1,FGBMC1006_BD,,Casablanca Femme BM Yellow Energetic 50ml,5522.73,,8181.82,,,1,72,PC,,11,,2
5838,81,,,1,FGBMC1007_BD,,Casablanca Homme BM Dark Green Sporty 50ml,5522.73,,8181.82,,,1,72,PC,,11,,2
5839,81,,,1,FGBMC1008_BD,,Casablanca Homme BM Dark Blue Ambitious 50ml,5522.73,,8181.82,,,1,72,PC,,11,,2
5840,81,,,1,FGBMC1009_BD,,Casablanca Homme BM Grey Dynamic 50ml,5522.73,,8181.82,,,1,72,PC,,11,,2
5841,81,,,1,FGBMC1010_BD,,Casablanca Homme BM Red Intense 50ml,5522.73,,8181.82,,,1,72,PC,,11,,2
5842,81,,,1,FGBMC1011_BD,,Casablanca Homme BM Dark Violet Royale 50ml,5522.73,,8181.82,,,1,72,PC,,11,,2
5843,81,,,1,FGBMC1012_BD,,Casablanca Femme BM Tosca Elegance 50ml,5522.73,,8181.82,,,1,72,PC,,11,,2
5844,81,,,1,FGBMC2001_BD,,Casablanca Homme BM Blue Aqua 100ml,9818.18,,14545.45,,,1,72,PC,,11,,2
5845,81,,,1,FGBMC2002_BD,,Casablanca Femme BM Violet Classic 100ml,9818,,14545.45,,,1,72,PC,,11,,2
5846,81,,,1,FGBMC2003_BD,,Casablanca Femme BM Pink Romantic 100ml,9818.18,,14545.45,,,1,72,PC,,11,,2
5847,81,,,1,FGBMC2004_BD,,Casablanca Femme BM Green Fantasy 100ml,9818,,14545.45,,,1,72,PC,,11,,2
5848,81,,,1,FGBMC2005_BD,,Casablanca Femme BM Orange Illussion 100ml,9818.18,,14545.45,,,1,72,PC,,11,,2
5849,81,,,1,FGBMC2006_BD,,Casablanca Femme BM Yellow Energetic 100ml,9818,,14545.45,,,1,72,PC,,11,,2
5850,81,,,1,FGBMC2007_BD,,CASABLANCA HOMME BM DARK GREEN SPORTY 100ML,9818,,14545.45,,,1,72,PC,,11,,2
5851,81,,,1,FGBMC2008_BD,,CASABLANCA HOMME BM DARK BLUE AMBITIOUS 100ML,9818,,14545.45,,,1,72,PC,,11,,2
5852,81,,,1,FGBMC2009_BD,,CASABLANCA HOMME BM GREY DYNAMIC 100ML,10109.09,,14545.45,,,1,72,PC,,11,,2
5853,81,,,1,FGBMC2010_BD,,CASABLANCA HOMME BM RED INTENSE 100ML,9818,,14545.45,,,1,72,PC,,11,,2
5854,81,,,1,FGBMC2011_BD,,CASABLANCA HOMME BM DARK VIOLET ROYALE 100ML,9818,,14545.45,,,1,72,PC,,11,,2
5855,81,,,1,FGBMC2012_BD,,Casablanca Femme BM Tosca Elegance 100ml,9818,,14545.45,,,1,72,PC,,11,,2
5856,81,,,1,FGBMC2101_BD,,Casablanca Spy Col Black Series BlackB01 100ml,14727.27,,21818.18,,,1,72,PC,,11,,2
5857,81,,,1,FGBMC2102_BD,,Casablanca Spy Col Black Series BlueB02 100ml,14727.27,,21818.18,,,1,72,PC,,11,,2
5858,81,,,1,FGBMC2103_BD,,Casablanca Spy Col White Series WhiteW01 100ml,14727.27,,21818.18,,,1,72,PC,,11,,2
5859,81,,,1,FGBMC2104_BD,,Casablanca Spy Col White Series RedW02 100ml,14727.27,,21818.18,,,1,72,PC,,11,,2
5860,81,,,1,FGBMC2201_BD,,Casablanca Spy Col GH Blue Aqua 100ml,15340.91,,22727.27,,,1,24,PC,,11,,2
5861,81,,,1,FGBMC2202_BD,,Casablanca Spy Col GF Violet Classic 100ml,15340.91,,22727.27,,,1,24,PC,,11,,2
5862,81,,,1,FGBMC2203_BD,,Casablanca Spy Col GF Pink Romantic 100ml,15340.91,,22727.27,,,1,24,PC,,11,,2
5863,81,,,1,FGBMC2204_BD,,Casablanca Spy Col GF Green Fantasy 100ml,15340.91,,22727.27,,,1,24,PC,,11,,2
5864,81,,,1,FGBMC2205_BD,,Casablanca Spy Col GF Orange Illussion 100ml,15340.91,,22727.27,,,1,24,PC,,11,,2
5865,81,,,1,FGBMC2206_BD,,Casablanca Spy Col GF Yellow Energetic 100ml,15340.91,,22727.27,,,1,24,PC,,11,,2
5866,81,,,1,FGBMC2207_BD,,Casablanca Spy Col GH Dark Green Sporty 100ml,15340.91,,22727.27,,,1,24,PC,,11,,2
5867,81,,,1,FGBMC2208_BD,,Casablanca Spy Col GH Dark Blue Ambitious 100ml,15340.91,,22727.27,,,1,24,PC,,11,,2
5868,81,,,1,FGBMC2209_BD,,Casablanca Spy Col GH Grey Dynamic 100ml,15340.91,,22727.27,,,1,24,PC,,11,,2
5869,81,,,1,FGBMC2210_BD,,Casablanca Spy Col GH Red Intense 100ml,15340.91,,22727.27,,,1,24,PC,,11,,2
5870,81,,,1,FGBMC2211_BD,,Casablanca Spy Col GH Dark Violet Royale 100ml,15340.91,,22727.27,,,1,24,PC,,11,,2
5871,81,,,1,FGBMC2212_BD,,Casablanca Spy Col GF Clear Pure 100ml,15340.91,,22727.27,,,1,24,PC,,11,,2
5872,81,,,1,FGBMC2301_BD,,Casablanca Halal Mist Sunrise (BLUE) 100ml,9818.18,,14545.45,,,1,72,PC,,11,,2
5873,81,,,1,FGBMC2302_BD,,Casablanca Halal Mist Twilight (VIOLET) 100ml,9818.18,,14545.45,,,1,72,PC,,11,,2
5874,81,,,1,FGBMC2303_BD,,Casablanca Halal Mist Dawn (DARK GREEN) 100ml,9818.18,,14545.45,,,1,72,PC,,11,,2
5875,81,,,1,FGBMC2304_BD,,Casablanca Halal Mist Night (BLACK) 100ml,9818.18,,14545.45,,,1,72,PC,,11,,2
5876,81,,,1,FGBMC2305_BD,,Casablanca Halal Mist Noon (RED) 100ml,9818.18,,14545.45,,,1,72,PC,,11,,2
5877,81,,,1,FGBMC2306_BD,,Casablanca Hijab Mist Sunrise Blue 100ml,9818.18,,14545.45,,,1,72,PC,,11,,2
5878,81,,,1,FGBMC2307_BD,,Casablanca Hijab Mist Twilight DViolet 100ml,9818.18,,14545.45,,,1,72,PC,,11,,2
5879,81,,,1,FGBMC2308_BD,,Casablanca Femme Hijab Mist Dawn 100ml (D Green),9818.18,,14545.45,,,1,72,PC,,11,,2
5880,81,,,1,FGBMC2309_BD,,Casablanca Femme Hijab Mist Night 100ml (Black),9818.18,,14545.45,,,1,72,PC,,11,,2
5881,81,,,1,FGBMC2310_BD,,Casablanca Femme Hijab Mist Moon 100ml (Red),9818.18,,14545.45,,,1,72,PC,,11,,2
5882,81,,,1,FGBME0001_BD,,BELLAGIO SPY COL RED RAVE CULTURE 100ML,22090.91,,32727.27,,,1,24,PC,,11,,2
5883,81,,,1,FGBME0002_BD,,BELLAGIO SPY COL ORANGE ACCELERATE 100ML,22090.91,,32727.27,,,1,24,PC,,11,,2
5884,81,,,1,FGBME0003_BD,,BELLAGIO SPY COL GREEN STAMINA 100ML,22090.91,,32727.27,,,1,24,PC,,11,,2
5885,81,,,1,FGBME0004_BD,,BELLAGIO SPY COL BLUE VENTURA 100ML,22090.91,,32727.27,,,1,72,PC,,11,,2
5886,81,,,1,FGBME0005_BD,,BELLAGIO SPY COL BLACK BOLD 100ML,22090.91,,32727.27,,,1,24,PC,,11,,2
5887,81,,,1,FGBME0006_BD,,BELLAGIO SPY COL BROWN ENERGY 100ML,22090.91,,32727.27,,,1,24,PC,,11,,2
5888,81,,,1,FGBME0007_BD,,BELLAGIO SPORT COL RED ROSSO 100ML,24545.45,,36363.64,,,1,24,PC,,11,,2
5889,81,,,1,FGBME0008_BD,,BELLAGIO SPORT COL WHITE BIANCO 100ML,24545.45,,36363.64,,,1,24,PC,,11,,2
5890,81,,,1,FGBME0009_BD,,BELLAGIO SPORT COL BLUE BLU 100ML,24545.45,,36363.64,,,1,24,PC,,11,,2
5891,81,,,1,FGBME0010_BD,,BELLAGIO HOMME SPORT VERDE (GREEN) 100ML,24545.45,,36363.64,,,1,24,PC,,11,,2
5892,81,,,1,FGBMF0001_BD,,Regazza Spray Cologne Red Passionate 100ml,22090.91,,32727.27,,,1,24,PC,,11,,2
5893,81,,,1,FGBMF0002_BD,,Regazza Spray Cologne Blue Classy 100ml,22090.91,,32727.27,,,1,24,PC,,11,,2
5894,81,,,1,FGBMF0003_BD,,Regazza Spray Cologne Pink Feminine 100ml,22090.91,,32727.27,,,1,24,PC,,11,,2
5895,81,,,1,FGBMF0004_BD,,Regazza Spray Cologne Violet Sophisticated 100ml,22090.91,,32727.27,,,1,24,PC,,11,,2
5896,81,,,1,FGBMF0005_BD,,Regazza Spray Cologne White Glow 100ml,22090.91,,32727.27,,,1,24,PC,,11,,2
5897,81,,,1,FGBMF0006_BD,,Regazza Spray Cologne Green Purity 100ml,22090.91,,32727.27,,,1,24,PC,,11,,2
5898,81,,,1,FGBMF0007_BD,,Regazza SPORT COLOGNE 100ml Red ROSSO,24545.46,,36363.64,,,1,24,PC,,11,,2
5899,81,,,1,FGBMF0008_BD,,Regazza SPORT COLOGNE 100ml Black NERO,24545.46,,36363.64,,,1,24,PC,,11,,2
5900,81,,,1,FGBMF0009_BD,,Regazza SPORT COLOGNE 100ml White BIANCO,24545.46,,36363.64,,,1,24,PC,,11,,2
5901,81,,,1,FGBMF0010_BD,,Regazza SPORT COLOGNE 100ml Blue AZZURO,24545.46,,36363.64,,,1,24,PC,,11,,2
5902,81,,,1,FGBMF2001,,REGAZZA FEMME FMBP DEZZLING (PURPLE) 155ML,18157.57,,26126,,,1,24,PC,,11,,2
5903,81,,,1,FGBMF2002,,REGAZZA FEMME FMBP SPARKLING (BLUE) 155ML,18157.57,,26126,,,1,24,PC,,11,,2
5904,81,,,1,FGBMF2003,,REGAZZA FEMME FMBP FASCINATING (PINK) 155ML,18157.57,,26126,,,1,24,PC,,11,,2
5905,81,,,1,FGBSA0001_BD,,Camellia Body Spray Blue Magical 100ml,8590.91,,12727.27,,,1,144,PC,,11,,2
5906,81,,,1,FGBSA0002_BD,,CAMELLIA BODY SPY ORANGE ALLURE 100ML,8590.91,,12727.27,,,1,144,PC,,11,,2
5907,81,,,1,FGBSA0003_BD,,Camellia Body Spray Pink Seductive 100ml,8590.91,,12727.27,,,1,144,PC,,11,,2
5908,81,,,1,FGBSA0004_BD,,Camellia Body Spray Violet Exotic 100ml,8590.91,,12727.7,,,1,144,PC,,11,,2
5909,81,,,1,FGBSA0006_BD,,CAMELLIA BODY SPY LOVE(RED)100ML,7739.39,,11465.77,,,1,144,PC,,11,,2
5910,81,,,1,FGBSA0007_BD,,Camellia Body Spray White Pure 100ml,8590.91,,12727.7,,,1,144,PC,,11,,2
5911,81,,,1,FGBSA0008_BD,,CAMELLIA BODY SPY REFRESH (GREEN)100ML,7739.39,,11465.76,,,1,144,PC,,11,,2
5912,81,,,1,FGBSC1001_BD,,Casablanca Homme BS Black Noir 65ml,9818.18,,14545.45,,,1,144,PC,,11,,2
5913,81,,,1,FGBSC1002_BD,,Casablanca Femme BS White Blanc 65ml,9818.18,,14545.45,,,1,144,PC,,11,,2
5914,81,,,1,FGBSC1003_BD,,Casablanca Femme Pink Rose 65ml,9818.18,,14545.45,,,1,144,PC,,11,,2
5915,81,,,1,FGBSC1004_BD,,Casablanca Femme BS Violet 65ml,9818.18,,14545.45,,,1,144,PC,,11,,2
5916,81,,,1,FGBSC1005_BD,,Casablanca Homme BS Silver Argent 65ml,9818.18,,14545.45,,,1,144,PC,,11,,2
5917,81,,,1,FGBSC1006_BD,,Casablanca Femme BS Red (Rouge) 65ml,9818.18,,14545.45,,,1,144,PC,,11,,2
5918,81,,,1,FGBSC1007_BD,,Casablanca Homme BS Blue Bleu 65ml,9818.18,,14545.45,,,1,144,PC,,11,,2
5919,81,,,1,FGBSC1008_BD,,Casablanca Homme BS Copper Cuivre 65ml,9818.18,,14545.45,,,1,144,PC,,11,,2
5920,81,,,1,FGBSC1009_BD,,Casablanca Homme BS Dark Violet Petunia 65ml,9818.18,,14545.45,,,1,144,PC,,11,,2
5921,81,,,1,FGBSC1010_BD,,Casablanca Homme BS Dark Green Vert 65ml,9818.18,,14545.45,,,1,144,PC,,11,,2
5922,81,,,1,FGBSC1011_BD,,Casablanca Femme BS Tosca  65ml,9818.18,,14545.45,,,1,144,PC,,11,,2
5923,81,,,1,FGBSC1012_BD,,Casablanca Femme BS Light Green Verte Clair 65m,9818.18,,14545.45,,,1,144,PC,,11,,2
5924,81,,,1,FGBSC2001_BD,,Casablanca Homme BM Black Noir 100ml,12272.73,,18181.82,,,1,144,PC,,11,,2
5925,81,,,1,FGBSC2002_BD,,Casablanca Femme BS White Blanc 100ml,12272.73,,18181.82,,,1,144,PC,,11,,2
5926,81,,,1,FGBSC2003_BD,,Casablanca Femme BS Pink Rose 100ml,12272.73,,18181.82,,,1,144,PC,,11,,2
5927,81,,,1,FGBSC2004_BD,,Casablanca Femme BS Violet Violet 100ml,12272.73,,18181.82,,,1,144,PC,,11,,2
5928,81,,,1,FGBSC2005_BD,,Casablanca Homme BS Silver Argent 100ml,12272.73,,18181.82,,,1,144,PC,,11,,2
5929,81,,,1,FGBSC2006_BD,,Casablanca Femme BS Red Rouge 100ml,12272.73,,18181.82,,,1,144,PC,,11,,2
5930,81,,,1,FGBSC2007_BD,,Casablanca Homme BS Blue Bleu 100ml,12272.73,,18181.82,,,1,144,PC,,11,,2
5931,81,,,1,FGBSC2008_BD,,Casablanca Femme BS Copper Cuivre 100ml,12272.73,,18181.82,,,1,144,PC,,11,,2
5932,81,,,1,FGBSC2009_BD,,Casablanca Homme BS Dark Violet Petunia 100ml,12272.73,,18181.82,,,1,144,PC,,11,,2
5933,81,,,1,FGBSC2010_BD,,Casablanca Homme BS Dark Green Vert 100ml,12272.73,,18181.82,,,1,144,PC,,11,,2
5934,81,,,1,FGBSC2011_BD,,Casablanca Femme BS Tosca 100ml,12272.73,,18181.82,,,1,144,PC,,11,,2
5935,81,,,1,FGBSC2012_BD,,Casablanca Femme BS Light Green Verte Clair 100m,12272.73,,18181.82,,,1,144,PC,,11,,2
5936,81,,,1,FGBSC3001_BD,,Casablanca Homme BS Black Noir 200ml,22090.91,,32727.27,,,1,72,PC,,11,,2
5937,81,,,1,FGBSC3002_BD,,Casablanca Femme BS White (Blanc) 200ml,22090.91,,32727.27,,,1,72,PC,,11,,2
5938,81,,,1,FGBSC3003_BD,,Casablanca Femme BS Pink Rose 200ml,22090.91,,32727.27,,,1,72,PC,,11,,2
5939,81,,,1,FGBSC3004_BD,,Casablanca Femme BS Violet Violet 200ml,22090.91,,32727.27,,,1,72,PC,,11,,2
5940,81,,,1,FGBSC3005_BD,,Casablanca Homme BS Silver Argent 200ml,22090.91,,32727.27,,,1,72,PC,,11,,2
5941,81,,,1,FGBSC3006_BD,,Casablanca Femme BS Red Rouge 200ml,22090.91,,32727.27,,,1,72,PC,,11,,2
5942,81,,,1,FGBSC3007_BD,,Casablanca Homme BS Blue Bleu 200ml,22090.91,,32727.27,,,1,72,PC,,11,,2
5943,81,,,1,FGBSC3008_BD,,Casablanca Homme BS Copper Cuivre 200ml,22090.91,,32727.27,,,1,72,PC,,11,,2
5944,81,,,1,FGBSC3009_BD,,Casablanca Homme BS Dark Violet Petunia 200ml,22090.91,,32727.27,,,1,72,PC,,11,,2
5945,81,,,1,FGBSC3010_BD,,Casablanca Homme BS Dark Green Vert 200ml,22745.45,,32727.27,,,1,72,PC,,11,,2
5946,81,,,1,FGBSC3011_BD,,Casablanca Femme BS Tosca Tosca 200ml,22090.91,,32727.27,,,1,72,PC,,11,,2
5947,81,,,1,FGBSC3012_BD,,Casablanca Femme BS Light Green Verte Clair 200m,22090.91,,32727.27,,,1,72,PC,,11,,2
5948,81,,,1,FGBSC4001_BD,,Casablanca FP Deo BS White Clouds 150ml,14751.35,,21854.05,,,1,72,PC,,11,,2
5949,81,,,1,FGBSC4002_BD,,Casablanca FP Deo BS Twinkle Blue 150ml,14751.35,,21854.05,,,1,72,PC,,11,,2
5950,81,,,1,FGBSC4003_BD,,Casablanca FP Deo BS Purple Glaze 150ml,14751.35,,21854.05,,,1,72,PC,,11,,2
5951,81,,,1,FGBSC4004_BD,,Casablanca FP Deo BS Pink Crush 150ml,14751.35,,21854.05,,,1,72,PC,,11,,2
5952,81,,,1,FGBSC4005_BD,,Casablanca FP Deo BS Infinate Black 150ml,14751.35,,21854.05,,,1,72,PC,,11,,2
5953,81,,,1,FGBSC4006_BD,,Casablanca FP Deo BS Red Hyped 150ml,14751.35,,21854.05,,,1,72,PC,,11,,2
5954,81,,,1,FGBSC4007_BD,,Casablanca FP Deo BS Brown Legend 150ml,14751.35,,21854.05,,,1,72,PC,,11,,2
5955,81,,,1,FGBSC4008_BD,,Casablanca FP Deo BS Blue Air 150ml,14751.35,,21854.05,,,1,72,PC,,11,,2
5956,81,,,1,FGBSC9001,,Casablanca Homme Perfume BS Noir Black 200ml BDT,22745.45,,32727.27,,,1,72,PC,,11,,2
5957,81,,,1,FGBSC9006,,Casablanca Femme Perfume BS Rouge Red 200ml BDT,22090.9,,32727.27,,,1,72,PC,,11,,2
5958,81,,,1,FGBSC9007,,Casablanca Homme Perfume BS Bleu Blue 200ml BDT,22090.9,,32727.27,,,1,72,PC,,11,,2
5959,81,,,1,FGBSC9303,,Casablanca femme Perfume BS Rose Pink 200ml BDT,22745.45,,32727.27,,,1,72,PC,,11,,2
5960,81,,,1,FGBSC9304,,Casablanca Homme Perfumme BS Violet 200ml  BDT,22090.9,,32727.27,,,1,72,PC,,11,,2
5961,81,,,1,FGBSC9305,,Casablanca Homme Perfume BS ArgentSilver 200ml BDT,22745.45,,32727.27,,,1,72,PC,,11,,2
5962,81,,,1,FGBSE2001_BD,,BELLAGIO BODY SPY RED RAVE CULTURE 80ML,13500,,20000,,,1,144,PC,,11,,2
5963,81,,,1,FGBSE2002_BD,,BELLAGIO BODY SPY ORANGE ACCELERATE 80ML,13500,,20000,,,1,144,PC,,11,,2
5964,81,,,1,FGBSE2003_BD,,BELLAGIO BODY SPY GREEN STAMINA 80ML,13500,,20000,,,1,144,PC,,11,,2
5965,81,,,1,FGBSE2004_BD,,BELLAGIO BODY SPY BLUE VENTURA 80ML,13500,,20000,,,1,144,PC,,11,,2
5966,81,,,1,FGBSE2005_BD,,BELLAGIO BODY SPY BLACK BOLD 80ML,13500,,20000,,,1,144,PC,,11,,2
5967,81,,,1,FGBSE2006_BD,,BELLAGIO BODY SPY BROWN ENERGY 80ML,13500,,20000,,,1,144,PC,,11,,2
5968,81,,,1,FGBSE3001_BD,,BELLAGIO BODY SPY RED RAVE CULTURE 175ML,24545.45,,36363.64,,,1,72,PC,,11,,2
5969,81,,,1,FGBSE3002_BD,,BELLAGIO BODY SPY ORANGE ACCELERATE 175ML,24545.45,,36363.64,,,1,72,PC,,11,,2
5970,81,,,1,FGBSE3003_BD,,BELLAGIO BODY SPY GREEN STAMINA 175ML,24545.45,,36363.64,,,1,72,PC,,11,,2
5971,81,,,1,FGBSE3004_BD,,BELLAGIO BODY SPY BLUE VENTURA 175ML,24545.45,,36363.64,,,1,72,PC,,11,,2
5972,81,,,1,FGBSE3005_BD,,BELLAGIO BODY SPY BLACK BOLD 175ML,24545.45,,36363.64,,,1,72,PC,,11,,2
5973,81,,,1,FGBSE3006_BD,,BELLAGIO BODY SPY BROWN ENERGY 175ML,24545.45,,36363.64,,,1,72,PC,,11,,2
5974,81,,,1,FGBSF0005_BD,,Regazza Body Spray Red Passionate 175ml New,24545.46,,36363.64,,,1,72,PC,,11,,2
5975,81,,,1,FGBSF0006_BD,,Regazza Body Spray Blue Classy 175ml New,24545.46,,36363.64,,,1,72,PC,,11,,2
5976,81,,,1,FGBSF0007_BD,,Regazza Body Spray Pink Feminine 175ml New,24545.46,,36363.64,,,1,72,PC,,11,,2
5977,81,,,1,FGBSF0008_BD,,Regazza Body Spray Violet Sophisticated 175ml New,24545.46,,36363.64,,,1,72,PC,,11,,2
5978,81,,,1,FGBSF0009_BD,,Regazza Body Spray Green Purity 175ml New,24545.46,,36363.64,,,1,72,PC,,11,,2
5979,81,,,1,FGBSF0010_BD,,Regazza Body Spray White Glow 175ml New,24545.46,,36363.64,,,1,72,PC,,11,,2
5980,81,,,1,FGBSF1005_BD,,Regazza Body Spray Red Passionate 100ml New,13500,,20000,,,1,72,PC,,11,,2
5981,81,,,1,FGBSF1006_BD,,Regazza Body Spray Blue Classy 100ml New,13500,,20000,,,1,72,PC,,11,,2
5982,81,,,1,FGBSF1007_BD,,Regazza Body Spray Pink Feminine 100ml New,13500,,20000,,,1,72,PC,,11,,2
5983,81,,,1,FGBSF1008_BD,,Regazza Body Spray Violet Sophisticated 100ml New,13500,,20000,,,1,72,PC,,11,,2
5984,81,,,1,FGBSF1009_BD,,Regazza Body Spray Green Purity 100ml New,13500,,20000,,,1,72,PC,,11,,2
5985,81,,,1,FGBSF1010_BD,,Regazza Body Spray White Glow 100ml New,13500,,20000,,,1,72,PC,,11,,2
5986,81,,,1,FGDEC1005_BD,,REGAZZA BLUSH ON 8.5GR 02,24601.01,,36445.94,,,1,12,PC,,11,,2
5987,81,,,1,FGDEC1006_BD,,REGAZZA BLUSH ON 8.5GR 03,24601.01,,36445.94,,,1,12,PC,,11,,2
5988,81,,,1,FGDEF1005_BD,,REGAZZA EYESHADOW 6GR 01,36819.12,,54546.84,,,1,12,PC,,11,,2
5989,81,,,1,FGDEF1008_BD,,REGAZZA EYESHADOW 6GR 04,36819.12,,54546.84,,,1,12,PC,,11,,2
5990,81,,,1,FGDFF1001_BD,,REGAZZA CURLING&LENGTHENING WATERPROOF MASCARA 10G,36818.18,,54545.45,,,1,12,PC,,11,,2
5991,81,,,1,FGDGF1001_BD,,Regazza Smooth Liquid Eyeliner,36818.91,,54545.94,,,1,12,PC,,11,,2
5992,81,,,1,FGDHF1001_BD,,REGAZZA EYEBROW PENCIL 0.25GR 01,30681.98,,45454.95,,,1,12,PC,,11,,2
5993,81,,,1,FGDHF1002_BD,,REGAZZA EYEBROW PENCIL 0.25GR 02,30681.98,,45454.95,,,1,12,PC,,11,,2
5994,81,,,1,FGDHF1003_BD,,REGAZZA EYEBROW PENCIL 0.25GR 03,30681.98,,45454.95,,,1,12,PC,,11,,2
5995,81,,,1,FGDKF1001_BD,,REGAZZA MATTE LIPS CREAM 3.8GR 01,36818.51,,54545.94,,,1,12,PC,,11,,2
5996,81,,,1,FGDKF1002_BD,,REGAZZA MATTE LIPS CREAM 3.8GR 02,36818.51,,54545.94,,,1,12,PC,,11,,2
5997,81,,,1,FGDKF1003_BD,,REGAZZA MATTE LIPS CREAM 3.8GR 03,36818.51,,54545.94,,,1,12,PC,,11,,2
5998,81,,,1,FGDKF1005_BD,,REGAZZA MATTE LIPS CREAM 3.8GR 05,36818.51,,54545.94,,,1,60,PC,,11,,2
5999,81,,,1,FGDKF1007_BD,,REGAZZA MATTE LIPS CREAM 3.8GR 07,36818.51,,54545.94,,,1,12,PC,,11,,2
6000,81,,,1,FGDKF1008_BD,,REGAZZA MATTE LIPS CREAM 3.8GR 08,36818.51,,54545.94,,,1,12,PC,,11,,2
6001,81,,,1,FGDKF1010_BD,,REGAZZA MATTE LIPS CREAM 3.8GR 11,36818.51,,54545.94,,,1,12,PC,,11,,2
6002,81,,,1,FGDKF1011_BD,,REGAZZA MATTE LIPS CREAM 3.8GR 11,36818.51,,54545.94,,,1,12,PC,,11,,2
6160,5,,,1,FLCH002_BD,,FL JS CH2PC3SK 12 WD,162247.03,,189099,,,1,24,PC,,11,,2
6003,81,,,1,FGEDA0001_BD,,Camellia EDP 101 (ORIENTAL) 60ml,7977.27,,11818.18,,,1,36,PC,,11,,2
6004,81,,,1,FGEDA0002_BD,,Camellia EDP (SPICY)102 60ml,7977.27,,11818.18,,,1,36,PC,,11,,2
6005,81,,,1,FGEDA0003_BD,,Camellia EDP 103 White Musk 125ml (PUTIH),16568.17,,24545.45,,,1,24,PC,,11,,2
6006,81,,,1,FGEDA0004_BD,,Camellia EDP 104 ORIENTAL 125ml (MERAH),16568.17,,24545.45,,,1,24,PC,,11,,2
6007,81,,,1,FGEDA0005_BD,,CAMELLIA EDP 105 SRPMSTICK 125ML (VIOLET),16568.17,,24545.45,,,1,24,PC,,11,,2
6008,81,,,1,FGEDA0006_BD,,CAMELLIA EDP 106 125ML ALDEHYDICK (PINK),16568.17,,24545.45,,,1,24,PC,,11,,2
6009,81,,,1,FGEDA0007_BD,,CAMELLIA MEDP 107 BLUE 125ML (BLUE),16568.17,,24545.45,,,1,24,PC,,11,,2
6010,81,,,1,FGEDA0014_BD,,Camellia EDP 103 BLUE Ventura 22ml,5169.36,,7657.65,,,1,144,PC,,11,,2
6011,81,,,1,FGEDA0015_BD,,Camellia EDP 104 BLACK Energy 22ml,5169.36,,7657.65,,,1,144,PC,,11,,2
6012,81,,,1,FGEDA0016_BD,,Camellia EDP 105 WHITE Purity 22ml,5169.36,,7657.65,,,1,144,PC,,11,,2
6013,81,,,1,FGEDA0017_BD,,Camellia EDP 106 RED Romantic 22ml,5169.36,,7657.65,,,1,144,PC,,11,,2
6014,81,,,1,FGEDA0018_BD,,Camellia EDP 107 VIOLET Classy 22ml,5169.36,,7657.65,,,1,144,PC,,11,,2
6015,81,,,1,FGEDA0019_BD,,Camellia EDP 108 ORANGE Sunny 22ml,5169.36,,7657.65,,,1,144,PC,,11,,2
6016,81,,,1,FGEDB0002_BD,,Marie Jose EDP 204,9204.54,,13636.36,,,1,36,PC,,11,,2
6017,81,,,1,FGEDB0003_BD,,Marie Jose EDP 205,9204.54,,13636.36,,,1,36,PC,,11,,2
6018,81,,,1,FGEDC0001_BD,,Casablanca EDP 301 100ml,20250,,30000,,,1,24,PC,,11,,2
6019,81,,,1,FGEDC0004_BD,,Casablanca EDP 304 100ml,20250,,30000,,,1,36,PC,,11,,2
6020,81,,,1,FGEDC0005_BD,,Casablanca EDP 305 100ml,20250,,30000,,,1,24,PC,,11,,2
6021,81,,,1,FGEDC0006_BD,,Casablanca EDP 306 100ml,20250,,30000,,,1,24,PC,,11,,2
6022,81,,,1,FGEDC0007_BD,,Casablanca EDP 308 100ml,20250,,30000,,,1,36,PC,,11,,2
6023,81,,,1,FGEDC0008_BD,,Casablanca Femme Eau De Parfum (EDP) 309,20250,,30000,,,1,24,PC,,11,,2
6024,81,,,1,FGEDC0009_BD,,Casablanca EDP 310 100ml,20250,,30000,,,1,36,PC,,11,,2
6025,81,,,1,FGEDC0010_BD,,Casablanca EDP 311 100ml,20250,,30000,,,1,24,PC,,11,,2
6026,81,,,1,FGEDC0012_BD,,Casablanca EDP Silver,20250,,30000,,,1,24,PC,,11,,2
6027,81,,,1,FGEDC0013_BD,,CASABLACA EDP GOLD,20250,,30000,,,1,48,PC,,11,,2
6028,81,,,1,FGEDC0016_BD,,Casablanca EDP Femme White 100ml,33169.53,,49140.04,,,1,24,PC,,11,,2
6029,81,,,1,FGEDC0017_BD,,Casablanca EDP Femme Red 100ml,33169.53,,49140.04,,,1,24,PC,,11,,2
6030,81,,,1,FGEDC1001,,CASABLANCA HOMME EDP PS EXPLORER (BLACK)50ML,16279.27,,23423.42,,,1,48,PC,,11,,2
6031,81,,,1,FGEDC1001_BD,,CASABLANCA HOMME EDP PS EXPLORER (BLACK)50ML,16279.27,,23423.42,,,1,48,PC,,11,,2
6032,81,,,1,FGEDC1002,,CASABLANCA HOMME EDP PS CONQUER (BLUE )50ML,16279.27,,23423.42,,,1,48,PC,,11,,2
6033,81,,,1,FGEDC1003,,CASABLANCA HOMME EDP PS CHALLENGER (BROWN)50ML,16279.27,,23423.42,,,1,48,PC,,11,,2
6034,81,,,1,FGEDC1004,,CASABLANCA FEMME EDP JS CHIC (PINK) 50ML,16279.27,,23423.42,,,1,48,PC,,11,,2
6035,81,,,1,FGEDC1004_BD,,CASABLANCA FEMME EDP JS CHIC (PINK) 50ML,16279.27,,23423.42,,,1,48,PC,,11,,2
6036,81,,,1,FGEDC1005,,CASABLANCA FEMME EDP JS CASUAL (VIOLET) 50ML,16279.27,,23423.42,,,1,48,PC,,11,,2
6037,81,,,1,FGEDC1006,,CASABLANCA FEMME EDP JS ACTIVE (GREEN) 50ML,16279.27,,23423.42,,,1,48,PC,,11,,2
6038,81,,,1,FGEDC1006_BD,,CASABLANCA FEMME EDP JS ACTIVE (GREEN) 50ML,16279.27,,23423.42,,,1,48,PC,,11,,2
6039,81,,,1,FGEDC2001_BD,,Casablanca EDP 301/Royal 100ml,20250,,30000,,,1,24,PC,,11,,2
6040,81,,,1,FGEDC2002_BD,,Casablanca EDP 304/Melodious 100ml,20250,,30000,,,1,36,PC,,11,,2
6041,81,,,1,FGEDC2003_BD,,Casablanca EDP 306 /Desire 100ml,20250,,30000,,,1,24,PC,,11,,2
6042,81,,,1,FGEDC2004_BD,,Casablanca EDP 308/Aqua 100ml,20250,,30000,,,1,36,PC,,11,,2
6043,81,,,1,FGEDC2006_BD,,Casablanca EDP 311/Allure 100ml,20250,,30000,,,1,24,PC,,11,,2
6044,81,,,1,FGEDC2201_BD,,Casablanca Femme EDT Aqua Blue 100ml,15340.91,,22727.27,,,1,24,PC,,11,,2
6045,81,,,1,FGEDC2202_BD,,Casablanca Femme EDT Classic Violet 100ml,15340.91,,22727.27,,,1,24,PC,,11,,2
6046,81,,,1,FGEDC2203_BD,,Casablanca Femme EDT Romantic Pink 100ml,15340.91,,22727.27,,,1,24,PC,,11,,2
6047,81,,,1,FGEDC2204_BD,,Casablanca Femme EDT Fantasy Green  100ml,15340.91,,22727.27,,,1,24,PC,,11,,2
6048,81,,,1,FGEDC2205_BD,,Casablanca Femme EDT Illusion Orange 100ml,15340.91,,22727.27,,,1,24,PC,,11,,2
6049,81,,,1,FGEDC2206,,Casablanca Femme EDT Ener Yellow  100ml,15795.45,,22727.27,,,1,24,PC,,11,,2
6050,81,,,1,FGEDC2206_BD,,Casablanca Femme EDT Ener Yellow  100ml,15795.45,,22727.27,,,1,24,PC,,11,,2
6051,81,,,1,FGEDC2208_BD,,Casablanca Femme EDT Ambitious DarkBlue 100ml,15340.91,,22727.27,,,1,24,PC,,11,,2
6052,81,,,1,FGEDC2209_BD,,Casablanca Femme EDT Dynamic Grey 100ml,15340.91,,22727.27,,,1,24,PC,,11,,2
6053,81,,,1,FGEDC2210_BD,,Casablanca Homme EDT Intense Red 100ml,15795.45,,22727.92,,,1,24,PC,,11,,2
6054,81,,,1,FGEDC2212_BD,,Casablanca Femme EDT Pure Clear 100ml,15340.91,,22727.27,,,1,24,PC,,11,,2
6055,81,,,1,FGEDC9201,,Casablanca Homme EDP 301 Royal 100ml BDT,20850,,30000,,,1,24,PC,,11,,2
6056,81,,,1,FGEDC9204,,Casablanca Homme EDP 308/ 100ml Aqua 100ml,20850,,30000,,,1,36,PC,,11,,2
6057,81,,,1,FGEDC9205,,Casablanca Homme EDP310/Tranquii100ml BANDED,20850,,30000,,,1,36,PC,,11,,2
6058,81,,,1,FGEDE1007_BD,,BELLAGIO HOME EDT RAVE CULTURE RED 50ML,15954.55,,23636.36,,,1,48,PC,,11,,2
6059,81,,,1,FGEDE1008_BD,,BELLAGIO EDT ORANGE 50ML ACCELERATE BLUE BOTTLE,15954.55,,23636.36,,,1,48,PC,,11,,2
6060,81,,,1,FGEDE1009_BD,,BELLAGIO EDT GREEN 50ML STAMINA BLUE BOTTLE,15954.55,,23636.36,,,1,48,PC,,11,,2
6061,81,,,1,FGEDE1010_BD,,Bellagio EDT Blue 50ml Ventura Blue Bottle,15954.55,,23636.36,,,1,48,PC,,11,,2
6062,81,,,1,FGEDE1011_BD,,Bellagio EDT Black 50ml Bold Blue Bottle,15954.55,,23636.36,,,1,48,PC,,11,,2
6063,81,,,1,FGEDE1012_BD,,Bellagio EDT Brown 50ml Energy Blue Bottle,15954.55,,23636.36,,,1,48,PC,,11,,2
6064,81,,,1,FGEDE1206_BD,,Bellagio Homme EDP Energy(Brwon) 50ml,15954.55,,23636.36,,,1,48,PC,,11,,2
6065,81,,,1,FGEDE1301,,BELLAGIO HOMME EDP PRESTIGE COL BLACK SHADOW 50ML,20662.16,,29730,,,1,24,PC,,11,,2
6066,81,,,1,FGEDE1301_BD,,BELLAGIO HOMME EDP PRESTIGE COL BLACK SHADOW 50ML,20662.16,,29730,,,1,24,PC,,11,,2
6067,81,,,1,FGEDE1302,,BELLAGIOP HOMME EDP PRESTIGE COL DARKER BLUE 50ML,20662.16,,29730,,,1,24,PC,,11,,2
6068,81,,,1,FGEDE1302_BD,,BELLAGIOP HOMME EDP PRESTIGE COL DARKER BLUE 50ML,20662.16,,29730,,,1,24,PC,,11,,2
6069,81,,,1,FGEDE1303,,BELLAGIO HOMME EDP PRESTIGE COL WILD RED 50ML,20662.16,,29730,,,1,24,PC,,11,,2
6070,81,,,1,FGEDE1303_BD,,BELLAGIO HOMME EDP PRESTIGE COL WILD RED 50ML,20662.16,,29730,,,1,24,PC,,11,,2
6071,81,,,1,FGEDE2101_BD,,Bellagio Homme EDT Rave Culture (Red)100ml,22090.91,,32727.27,,,1,24,PC,,11,,2
6072,81,,,1,FGEDE2102_BD,,Bellagio Homme EDT Accelerate (Orange)100ml,22090.91,,32727.27,,,1,24,PC,,11,,2
6073,81,,,1,FGEDE2103_BD,,Bellagio Home EDT Stamina (Green) 100ml,22090.91,,32727.27,,,1,24,PC,,11,,2
6074,81,,,1,FGEDE2104_BD,,Bellagio Homme EDT Ventura (Blue)100ml,22090.91,,32727.27,,,1,24,PC,,11,,2
6075,81,,,1,FGEDE2105_BD,,Bellagio Homme EDT Bold (Black)100ml,22090.9,,32727.27,,,1,24,PC,,11,,2
6076,81,,,1,FGEDE2106_BD,,Bellagio Home EDT Energy (Brown)100ml,22090.91,,32727.27,,,1,24,PC,,11,,2
6077,81,,,1,FGEDF1001_BD,,Regazza EDT Red Passionate 50ml,15954.55,,23636.36,,,1,48,PC,,11,,2
6078,81,,,1,FGEDF1002_BD,,Regazza EDT Blue Classy 50ml,15954.55,,23636.36,,,1,48,PC,,11,,2
6079,81,,,1,FGEDF1003_BD,,Regazza EDT Pink Feminine 50ml,15954.55,,23636.36,,,1,48,PC,,11,,2
6080,81,,,1,FGEDF1004_BD,,Regazza EDT Violet Sophisticated 50ml,15954.55,,23636.36,,,1,48,PC,,11,,2
6081,81,,,1,FGEDF1005_BD,,Regazza EDT White Glow 50ml,15954.55,,23636.36,,,1,48,PC,,11,,2
6082,81,,,1,FGEDF1006_BD,,Regazza EDT Green Purity 50ml,15954.55,,23636.36,,,1,48,PC,,11,,2
6083,81,,,1,FGEDF1201_BD,,Regazza Femme EDP De Luxe Fasci 50ml (Pink),20067.56,,29729.72,,,1,24,PC,,11,,2
6084,81,,,1,FGEDF1202_BD,,Regazza Femme EDP De Luxe Dazzling 50ml (Ungu),20067.56,,29729.72,,,1,24,PC,,11,,2
6085,81,,,1,FGEDF1203_BD,,Regazza Femme EDP De Luxe Sparkling 50ml (Blue),20067.56,,29729.72,,,1,24,PC,,11,,2
6086,81,,,1,FGEDF1204_BD,,Regazza Femme EDP Passionate (Red)50ml,15954.55,,23636.36,,,1,48,PC,,11,,2
6087,81,,,1,FGEDF1205_BD,,Regazza Femme EDP Classy (Blue) 50ml,15954.55,,23636.36,,,1,48,PC,,11,,2
6088,81,,,1,FGEDF1206_BD,,Regazza Femme EDP Feminine 50ml (Pink),15954.55,,23636.36,,,1,48,PC,,11,,2
6089,81,,,1,FGEDF1207_BD,,Regazza Femme EDP Sophisticated 50ml (Violet),15954.55,,23636.36,,,1,48,PC,,11,,2
6090,81,,,1,FGEDF1208_BD,,Regazza Femme EDP Glow 50ml (White),15954.55,,23636.36,,,1,48,PC,,11,,2
6091,81,,,1,FGEDF1209_BD,,Regazza Femme EDP Purity 50ml (Green),15954.55,,23636.36,,,1,48,PC,,11,,2
6092,81,,,1,FGEDF2101_BD,,Regazza Femme EDT Passionate 100ml (Red),22090.91,,32727.27,,,1,24,PC,,11,,2
6093,81,,,1,FGEDF2102_BD,,Regazza Femme EDT Classy 100ml (Blue),22090.91,,32727.27,,,1,24,PC,,11,,2
6094,81,,,1,FGEDF2103_BD,,Regazza Femme EDT Feminine 100ml (Pink),22090.91,,32727.27,,,1,24,PC,,11,,2
6095,81,,,1,FGEDF2104_BD,,Regazza Femme EDTSophisticated 100ml (Violet)),22090.91,,32727.27,,,1,24,PC,,11,,2
6096,81,,,1,FGEDF2105_BD,,Regazza Femme EDT Glow 100ml(White),22090.91,,32727.27,,,1,24,PC,,11,,2
6097,81,,,1,FGEDF2106_BD,,Regazza Femme EDT Purity 100ml,22090.91,,32727.27,,,1,24,PC,,11,,2
6098,81,,,1,FGEDF2107,,REGAZZA FEMME EDT SPORT ROSSO (RED) 100ML,25272.72,,36363.63,,,1,24,PC,,11,,2
6099,81,,,1,FGEDF2110_BD,,REGAZZA FEMME SPORT EDT AZZURO 100ML (BLUE),24545.46,,36363.64,,,1,24,PC,,11,,2
6100,81,,,1,FGHCC1001_BD,,Casablanca Hair Cream Sachet Black 6gr,255.68,,378.79,,,1,864,PC,,11,,2
6101,81,,,1,FGHCC1002_BD,,Casablanca Hair Cream Sachet Blue 6gr,255.68,,378.79,,,1,864,PC,,11,,2
6102,81,,,1,FGHDH0001_BD,,EXCELLO Exc HC EC-010 Nat Black 20ml+20ml,6074.77,,9000,,,1,72,PC,,11,,2
6103,81,,,1,FGHDH0002_BD,,EXCELLO Exc HC EC-030 Dark Brown 20ml+20ml,6074.77,,9000,,,1,72,PC,,11,,2
6104,81,,,1,FGHDH0003_BD,,EXCELLO Exc HC EC-040 Brown 20ml+20ml,6074.77,,9000,,,1,72,PC,,11,,2
6105,81,,,1,FGHDH0004_BD,,EXCELLO Exc HC EC-050 Golden Brown 20ml+20ml,6074.77,,9000,,,1,72,PC,,11,,2
6106,81,,,1,FGHDH0005_BD,,EXCELLO Exc HC EC-090 Bleaching 20ml+20ml,6074.77,,9000,,,1,72,PC,,11,,2
6107,81,,,1,FGHSG2001_BD,,Watchout Hand Sanitiser Gel Jeruk Nipis Lime 100ml,9204.54,,13636.36,,,1,72,PC,,11,,2
6161,5,,,1,FLFC001_BD,,FL FC250C FOCUS,53117.92,,61909,,,1,48,PC,,11,,2
6108,81,,,1,FGHSG2002_BD,,Watchout Hand Sanitiser Gel Aloe Vera 100ml,9204.54,,13636.36,,,1,72,PC,,11,,2
6109,81,,,1,FGPOC1009_BD,,Casablanca Oil-Based Pomade Black 50gr,9204.54,,13636.36,,,1,48,PC,,11,,2
6110,81,,,1,FGPOC1010_BD,,Casablanca Oil-Based Pomade White 50gr,9204.54,,13636.36,,,1,48,PC,,11,,2
6111,81,,,1,FGPOC1011_BD,,Casablanca Oil-Based Pomade Silver 50gr,9204.54,,13636.36,,,1,48,PC,,11,,2
6112,81,,,1,FGPOC1012_BD,,Casablanca Oil-Based Pomade Gold 50gr,9204.54,,13636.36,,,1,48,PC,,11,,2
6113,81,,,1,FGPOC1013_BD,,Casablanca Oil-Based Pomade Pink 50gr,9204.54,,13636.36,,,1,48,PC,,11,,2
6114,81,,,1,FGPOC1014_BD,,Casablanca Oil-Based Pomade Green 50gr,9204.54,,13636.36,,,1,48,PC,,11,,2
6115,81,,,1,FGPOC1015_BD,,Casablanca Oil-Based Pomade Blue 50gr,9204.54,,13636.36,,,1,48,PC,,11,,2
6116,81,,,1,FGPOC1016_BD,,Casablanca Oil-Based Pomade Red 50gr,9204.54,,13636.36,,,1,48,PC,,11,,2
6117,81,,,1,FGPOC9109,,Casablanca Homme Pomade Oil Based Black 50G BDT,9477.26,,13636.36,,,1,48,PC,,11,,2
6118,81,,,1,FGPOC9110,,Casablanca Homme Pomade Oil Based White 50G BDT,9204.54,,13636.36,,,1,48,PC,,11,,2
6119,81,,,1,FGPOE0001_BD,,BELLAGIO H.POMADE BLCK NAT SHINE&EXTRM 36PCX24PACK,613.64,,909.09,,,1,864,PC,,11,,2
6120,81,,,1,FGPOE1001_BD,,BELLAGIO Pomade HS&NH Orange 80gr Oil Based,20863.64,,30909.09,,,1,72,PC,,11,,2
6121,81,,,1,FGPOE1002_BD,,BELLAGIO Pomade HS&SH Red 80gr Water Based,17027.02,,25225.22,,,1,72,PC,,11,,2
6122,81,,,1,FGPOE1003_BD,,BELLAGIO HOMME POMADE LG&SH 80gr,18796.01,,27845.94,,,1,72,PC,,11,,2
6123,81,,,1,FGPOE1004_BD,,BELLAGIO Pomade NS&EH Black 80gr Water Based,17027.02,,25225.22,,,1,72,PC,,11,,2
6124,81,,,1,FGPOE1006_BD,,BELLAGIO Styling Clay Dynamic Hold Red 90g,21477.27,,31818.18,,,1,72,PC,,11,,2
6125,81,,,1,FGPOE1007_BD,,BELLAGIO Styling Clay Mega Hold Black 90gr,21477.27,,31818.18,,,1,72,PC,,11,,2
6126,81,,,1,FGPOE1008_BD,,BELLAGIO Fiber Hair Styling Solid Violet 90GR,22704.54,,33636.36,,,1,72,PC,,11,,2
6127,81,,,1,FGPOE1009_BD,,BELLAGIO Fiber Styling Tough Black 90 gr,22704.54,,33636.36,,,1,72,PC,,11,,2
6128,81,,,1,FGPOE1010_BD,,BELLAGIO POMADE KIDZ BubbleGum 40GX72PC,8513.51,,12612.61,,,1,72,PC,,11,,2
6129,81,,,1,FGPOE1011_BD,,BELLAGIO POMADE KIDZ SweetBerry 40GX72PC,8513.51,,12612.61,,,1,72,PC,,11,,2
6130,81,,,1,FGPOE1012_BD,,Bellagio Homme Pomade Water Based Neo Classic 80gr,17027.02,,25225.22,,,1,72,PC,,11,,2
6131,81,,,1,FGPOE1014_BD,,Bellagio Pomade Modern Luxe Black 80gr,17531.53,,25225.22,,,1,72,PC,,11,,2
6132,81,,,1,FGPOE1015_BD,,Bellagio Pomade Timeless Elegance Brown 80gr,17027.02,,25225.22,,,1,72,PC,,11,,2
6133,81,,,1,FGPOE1018,,Belagio Homme Styling Clay Bold & M Look Black 90g,22113.63,,31818.18,,,1,72,PC,,11,,2
6134,81,,,1,FGPOE1019,,BELLAGIO POMADE KIDS KN&CS (BUBBLEGUM) PINKTON40GR,8765.76,,12612.61,,,1,72,PC,,11,,2
6135,81,,,1,FGPOE1020,,BELLAGIO PMD KIDZ V &S SWEETBERY PINKFONG40GX72PC,8765.76,,12612.61,,,1,72,PC,,11,,2
6136,9,,,1,FGRNS131,,SERBET NUTRISARI,0,,0,,,1,1,PC,,11,,2
6137,81,,,1,FGROC0001_BD,,Casablanca Homme Roll On Men Silver/Prestige 50ml,8590.91,,12727.27,,,1,72,PC,,11,,2
6138,81,,,1,FGROC0002_BD,,Casablanca Homme Roll On Men Black/Dynamic 50ml,8590.91,,12727.27,,,1,72,PC,,11,,2
6139,81,,,1,FGROC0003_BD,,Casablanca Homme Roll On Men Blue/Ambitious 50ml,8590.91,,12727.27,,,1,72,PC,,11,,2
6140,81,,,1,FGROC0005_BD,,Casablanca Femme Roll On Women White/Pure 50ml,8590.91,,12727.27,,,1,72,PC,,11,,2
6141,81,,,1,FGROC0006_BD,,Casablanca Femme Roll On Women Pink/Romantic 50ml,8590.91,,12727.27,,,1,72,PC,,11,,2
6142,81,,,1,FGROC0007_BD,,Casablanca Femme Roll On Women Gold/Eternity 50ml,8590.91,,12727.27,,,1,72,PC,,11,,2
6143,81,,,1,FGROC0008_BD,,Casablanca Femme Roll On Women Violet/Classic 50ml,8590.91,,12727.27,,,1,72,PC,,11,,2
6144,81,,,1,FGROC0009_BD,,Casablanca Homme Roll On Men Red/Intense 50ml,8590.91,,12727.27,,,1,72,PC,,11,,2
6145,81,,,1,FGROC0010_BD,,Casablanca Roll On Woman Aqua Blue 50ml,8590.72,,12727,,,1,72,PC,,11,,2
6146,81,,,1,FGROE0001_BD,,Bellagio Roll On Red Rave Culture 50ml,15340.91,,22727.27,,,1,72,PC,,11,,2
6147,81,,,1,FGROE0002_BD,,Bellagio Roll On Orange Accelerate 50ml,15340.91,,22727.27,,,1,72,PC,,11,,2
6148,81,,,1,FGROE0003_BD,,Bellagio Roll On Green Stamina 50ml,15340.91,,22727.27,,,1,72,PC,,11,,2
6149,81,,,1,FGROE0004_BD,,Bellagio Roll On Blue Ventura 50ml,15340.91,,22727.27,,,1,72,PC,,11,,2
6150,81,,,1,FGROE0005_BD,,Bellagio Roll On Black Bold 50ml,15340.91,,22727.27,,,1,72,PC,,11,,2
6151,81,,,1,FGROE0006_BD,,Bellagio Roll On Brown Energy 50ml,15340.91,,22727.27,,,1,72,PC,,11,,2
6152,81,,,1,FGROF0001_BD,,Regazza Roll On Red (Passionate)50ml,15340.72,,22727,,,1,72,PC,,11,,2
6153,81,,,1,FGROF0004_BD,,Regazza Roll On Violet (Shopisticased )50ml,15340.72,,22727,,,1,72,PC,,11,,2
6154,5,,,1,FL3859_BD,,T3859-ER SENTER KALENG,37477,,44091,,,1,72,PC,,11,,2
6155,5,,,1,FLBB2AA_BD,,FLBEAM 2AABP,45239.77,,52727,,,1,64,PC,,11,,2
6156,5,,,1,FLBB2D1_BD,,FLBEAM 2DBP,68249.61,,79545,,,1,24,PC,,11,,2
6157,5,,,1,FLBE001_BD,,FL BE-EV2D1 VT MHS SW,21840.39,,25455,,,1,96,PC,,11,,2
6158,5,,,1,FLBK001_BD,,FL BOOKLITE,83867,,97748,,,1,96,PC,,11,,2
6159,5,,,1,FLCC002_BD,,EVR AP COMPACT METAL HH 12D MLHV32,34242.7,,39910,,,1,48,PC,,11,,2
6162,5,,,1,FLGP001_BD,,FL GPLN 45,70823.61,,82545,,,1,12,PC,,11,,2
6163,5,,,1,FLHD001_BD,,FL HEADLIGHT HD VISION 578-3056,131946.49,,153784,,,1,72,PC,,11,,2
6164,5,,,1,FLHL001_BD,,FL HEADLIGHT 4 LED,100502.69,,117136,,,1,72,PC,,11,,2
6165,5,,,1,FLHL002_BD,,FL-HEADLIGHT 6 LED,111774.23,,130273,,,1,48,PC,,11,,2
6166,5,,,1,FLLC001_BD,,FL LOW COST MTAL LCM2AA,72306,,84273,,,1,16,PC,,11,,2
6167,5,,,1,FLML001_BD,,FL-METAL LIGHT,74099.99,,86363.63,,,1,36,PC,,11,,2
6168,5,,,1,FLRC001_BD,,FL EVEREADY RECHARGEABLE LED LIGHT,47775.16,,55682,,,1,72,PC,,11,,2
6169,5,,,1,FLRC105_BD,,FL-GH-RC105-NS,332904,,388000,,,1,6,PK,,11,,2
6170,5,,,1,FLWP001_BD,,FL WP-251 WATER PROFF,50700.08,,59091,,,1,24,PC,,11,,2
6171,80,,,1,FTC,,FRUIT TEA CAN 318ML 24PC,2871.62,,3641.14,,,1,24,PC,,11,,2
6172,82,,,1,G-1015679,,MMSK TP ROTI 500GR (X12EA),20984.85,,22636,,,1,12,PC,,11,,2
6173,82,,,1,G-1015881,,MMSK TP BAKWAN (R) 100GR (X120EA),1632.58,,1818,,,1,120,PC,,11,,2
6174,82,,,1,G-1015941,,MMSK TP BB KRISPI RCG 80GRX120EA,1564.39,,1727,,,1,120,PC,,11,,2
6175,82,,,1,G-1015941_BD,,MMSK TP BB KRISPI RCG 80GRX120EA,1564.39,,1727,,,1,120,PC,,11,,2
6176,82,,,1,G-1015943,,MMSK TP PISANG GRG PANDAN RCG 80GRX120EA,1666.67,,1818,,,1,120,PC,,11,,2
6177,82,,,1,G-1015943_BD,,MMSK TP PISANG GRG PANDAN RCG 80GRX120EA,1666.67,,1818,,,1,120,PC,,11,,2
6178,82,,,1,G-1015944,,MMSK TP TEMPE GRG RCG 80GRX120EA,1592.42,,1773,,,1,120,PC,,11,,2
6179,82,,,1,G-1015957,,MMSK TP BB KRISPI HOT RCG 80GRX120EA,1564.39,,1727,,,1,120,PC,,11,,2
6180,82,,,1,G-1015957_BD,,MMSK TP BB KRISPI HOT RCG 80GRX120EA,1564.39,,1727,,,1,120,PC,,11,,2
6181,82,,,1,G-1016835,,MMSK TP KRISPI KEJU 180GRX40EA,3877.27,,4295,,,1,40,PC,,11,,2
6182,82,,,1,G-1016844,,MMSK TP KRISPI LADA HTM 180GRX40EA,3877.27,,4295,,,1,40,PC,,11,,2
6183,82,,,1,G-1017372,,MMSK SAMBAL TERASI SCH 15GR X 300EA,1020.72,,1146.84,,,1,300,PC,,11,,2
6184,82,,,1,G-1017795,,MMSK TP MAIZENA 150GRX24EA,2954.55,,3272.73,,,1,24,PC,,11,,2
6185,82,,,1,G-1017914,,MMSK TP BB KRISPI RCG 35GRX200EA,932.43,,990.99,,,1,200,PC,,11,,2
6186,82,,,1,G-1017915,,MMSK TP BB KRISPI 225GRX40EA,3809.09,,4227,,,1,40,PC,,11,,2
6187,82,,,1,G-1017922,,MMSK TP PISANG GRG PANDAN 225GR,4079.55,,4455,,,1,40,PC,,11,,2
6188,82,,,1,G-1018009,,MMSK TP BAKWAN 1KGX10EA,14300,,15773,,,1,10,PC,,11,,2
6189,82,,,1,G-1018013,,BIO MIWON 200GR PREMIUM M(X80EA),6718.18,,7409.09,,,1,80,PC,,11,,2
6190,82,,,1,G-1018025,,BIO MIWON 40GR PREMIUM M(X240EA),1468.18,,1618.18,,,1,240,PC,,11,,2
6191,82,,,1,G-1018061,,MMSK PANCAKE MIX ORIGINAL 190GRX24EA,6314.39,,6992,,,1,24,PC,,11,,2
6192,82,,,1,G-1018061_BD,,MMSK PANCAKE MIX ORIGINAL 190GRX24EA,6314.39,,6992,,,1,24,PC,,11,,2
6193,82,,,1,G-1018185,,MMSK GIM 4.5GR P2 (X80EA) RUMPUT LAUT,3772.72,,4204.54,,,1,80,PC,,11,,2
6194,82,,,1,G-1018261,,MMSK GARAM REGULER250GR(x48EA),942.87,,1011,,,1,48,PC,,11,,2
6195,82,,,1,G-1018357,,MMSK BB KUAH BAKSO 8GRX720EA,277.53,,318,,,1,720,PC,,11,,2
6196,82,,,1,G-1018358,,MMSK TP MAIZENA 1KG 10EA,13190.91,,14545.45,,,1,10,PC,,11,,2
6197,82,,,1,G-1018450,,MMSK TP ROTI 10KG MIX,113181.82,,121182,,,1,1,PC,,11,,2
6198,82,,,1,G-1018739,,MMSK BB KUAH BAKSO 250GX40EA,6118.18,,6682,,,1,40,PC,,11,,2
6199,82,,,1,G-1018739_BD,,MMSK BB KUAH BAKSO 250GX40EA,6118.18,,6682,,,1,40,PC,,11,,2
6200,82,,,1,G-1019481,,MMSK TP PISANG GRG VANILA (RCG) 80GR (X1,1666.67,,1818,,,1,120,PC,,11,,2
6201,82,,,1,G-1019535,,MMSK TP TEMPE GORENG (RCG) 30 GR (x200EA,704.55,,773,,,1,200,PC,,11,,2
6202,82,,,1,G-1019741,,MMSK TP BB KRISPI 900GRX10EA,14299.09,,15773,,,1,10,PC,,11,,2
6203,82,,,1,G-1020171,,DELISAOS S TIRAM UDG&JMR 130ML (X24EA),6397.54,,7053,,,1,24,PC,,11,,2
6204,82,,,1,G-1020175,,DELISAOS S TIRAM UDG&JMR 260ML (X12 EA),11728.86,,12931,,,1,12,PC,,11,,2
6205,82,,,1,G-1020176,,DELISAOS HOT LAVA 130ML (X24 EA),4975.87,,5486,,,1,24,PC,,11,,2
6206,82,,,1,G-1020177,,DELISAOS HOT LAVA 260ML (X12 EA),8885.45,,9796,,,1,12,PC,,11,,2
6207,82,,,1,G-1020178,,DELISAOS S TIRAM MANIS 130ML (X24 EA),6397.54,,7053,,,1,24,PC,,11,,2
6208,82,,,1,G-1020178_BD,,DELISAOS S TIRAM MANIS 130ML (X24 EA),6397.54,,7053,,,1,24,PC,,11,,2
6209,82,,,1,G-1020179,,DELISAOS S TIRAM MANIS 260ML (X12 EA),11728.86,,12931,,,1,12,PC,,11,,2
6210,82,,,1,G-1020190,,MMSK MAYONAIS 100GR 40/CT,4654.55,,5091,,,1,40,PC,,11,,2
6211,82,,,1,G-1020191,,MMSK MAYONAIS 300GR (x12EA),18677.27,,20552,,,1,12,PC,,11,,2
6212,82,,,1,G-1020197,,MMSK SALAD DRESSING SAUS MAYO 1KG (x8EA),18048.18,,20000,,,1,8,PC,,11,,2
6213,82,,,1,G-1020277,,MMSK BON NORI 30 GR (X48 EA),9150,,10184,,,1,48,PC,,11,,2
6214,82,,,1,G-1020277_BD,,MMSK BON NORI 30 GR (X48 EA),9150,,10184,,,1,48,PC,,11,,2
6215,82,,,1,G-1020278,,MMSK BON NORI SPICY 30 GR (X48 EA),9150,,10184,,,1,48,PC,,11,,2
6216,82,,,1,G-1020278_BD,,MMSK BON NORI SPICY 30 GR (X48 EA),9150,,10184,,,1,48,PC,,11,,2
6217,82,,,1,G-1020288,,MMSK GIM SPICY 4.5GR P2 (X80 EA),3772.72,,4204.54,,,1,80,PC,,11,,2
6218,82,,,1,G-1020289,,MMSK BOLOGNESE 315GR 24/CT,9856.55,,11177,,,1,24,PC,,11,,2
6219,82,,,1,G-1020290,,DELISAOS NASI GRG TERI MEDAN 50GR,3340.28,,3788,,,1,48,PC,,11,,2
6220,82,,,1,G-1020292,,MMSK SPICY ARRABIATA 315GR,9856.36,,11177.27,,,1,24,PC,,11,,2
6221,82,,,1,G-1020294,,DELISAOS RENDANG PADANG 50GR,3340.28,,3788,,,1,48,PC,,11,,2
6222,82,,,1,G-1020294_BD,,DELISAOS RENDANG PADANG 50GR,3340.28,,3788,,,1,48,PC,,11,,2
6223,82,,,1,G-1020295,,DELISAOS SOTO KUDUS 50GR,3340.28,,3788,,,1,48,PC,,11,,2
6224,82,,,1,G-1020307,,MIWON GARAM GURIH 250G (48EA),3259.09,,3545,,,1,48,PC,,11,,2
6225,82,,,1,G-1020314,,MIWON GARAM GURIH 500G (x24EA),6327.27,,6727,,,1,24,PC,,11,,2
6226,82,,,1,G-1020315,,MIWON GARAM GURIH 300G (x40EA),6545.45,,7091,,,1,40,PC,,11,,2
6227,82,,,1,G-1020316,,MIWON GARAM GURIH 1KG (x12EA),12440.91,,13455,,,1,12,PC,,11,,2
6228,82,,,1,G-1020519,,MMSK TP ROTI 200GR MIX 24/CT,7246.21,,7909,,,1,24,PC,,11,,2
6229,82,,,1,G-1020520,,MMSK GIM BBQ P2 4.5G (80X EA),3772.72,,4204.54,,,1,80,PC,,11,,2
6230,82,,,1,G-1020521,,MMSK GIM SALTED EGG P2 4.5GR (x80EA),3772.72,,4204.54,,,1,80,PC,,11,,2
6231,82,,,1,G-1020922,,"DELISAOS HOT LAVA 6,2KG",112252.25,,127297.29,,,1,3,PC,,11,,2
6232,82,,,1,G-1020967,,MMSK BON NORI 60GR (X20EA),15363.64,,17109,,,1,20,PC,,11,,2
6233,82,,,1,G-1020967_BD,,MMSK BON NORI 60GR (X20EA),15363.64,,17109,,,1,20,PC,,11,,2
6234,82,,,1,G-1020968,,MMSK BON NORI SPICY 60 GR (X20 EA),15363.64,,17109,,,1,20,PC,,11,,2
6235,82,,,1,G-1020969,,MMSK TP BB ALA RESTO 900GR (x10EA),11154.55,,12273,,,1,10,PC,,11,,2
6236,82,,,1,G-1021095,,MMSK BB NASI UDUK (PAK) 20GR(240EA),1114.25,,1250,,,1,240,PC,,11,,2
6237,82,,,1,G-1021490,,HOT LAVA VOLCANO 130ML 24/CT,5686.7,,6270,,,1,24,PC,,11,,2
6238,82,,,1,G-1021491,,HOT LAVA VOLCANO 260ML (x12EA),9951.74,,10972,,,1,12,PC,,11,,2
6239,82,,,1,G-1021674,,MMSK BB SERBAGUNA RS SAPI 1KG(10XEA),19109.09,,20909,,,1,10,PC,,11,,2
6240,82,,,1,G-1021675,,MMSK BB SERBAGUNA RS AYAM 1KG(X10EA),19109.09,,20909,,,1,10,PC,,11,,2
6241,82,,,1,G-1021741,,MMSK SALAD DRESSING HOT LAVA 100GR (x40EA),4616.66,,5138,,,1,40,PC,,11,,2
6242,82,,,1,G-1021818,,MMSK TERASI DUO 6 gr (16 x 20 EA ),165.76,,195.49,,,1,320,PC,,11,,2
6243,82,,,1,G-1021878,,MMSK BB LENGKAP CAPCAY 1OGR(288EA) 6X4X12,514.77,,591,,,1,288,PC,,11,,2
6244,82,,,1,G-1021907,,MMSK SALAD DRESSING 150GR (x24EA),5100.61,,5785,,,1,24,PC,,11,,2
6245,82,,,1,G-1021969,,MMSK THOUSAND ISLAND 100GR (X40EA),3906.41,,4348,,,1,40,PC,,11,,2
6246,82,,,1,G-1021971,,MMSK WIJEN SANGRAI 100GR (X40EA),4616.66,,5138,,,1,40,PC,,11,,2
6247,82,,,1,G-1021972,,MMSK SAUS SAMBAL ALA RESTO 500GR (x24EA),5012.5,,5632,,,1,24,PC,,11,,2
6248,82,,,1,G-1021979,,MMSK SAUS TOMAT ALA RESTO 500GR (X24EA),4296.44,,4827,,,1,24,PC,,11,,2
6249,82,,,1,G-1022397,,MIWON 5000M M(130GRx80EA),3736.36,,4090.91,,,1,80,PC,,11,,2
6250,82,,,1,G-1022398,,MIWON 1000M M(20GRx336EA),718.18,,786.36,,,1,336,PC,,11,,2
6251,82,,,1,G-1022398_BD,,MIWON 1000M M(20GRx336EA),718.18,,786.36,,,1,336,PC,,11,,2
6252,82,,,1,G-1022437,,DELISAOS KECAP ASIN CAP RAJA 320G,9147.27,,10276.36,,,1,12,PC,,11,,2
6253,82,,,1,G-1022459,,"MMSK GIM JAGUNG BAKAR P2 4,5G (80X EA)",3772.72,,4204.54,,,1,80,PC,,11,,2
6254,82,,,1,G-1022485,,MMSK DELISAOS SAUS TOPOKKI SPICY 100 GR(X40EA),5012.73,,5631.82,,,1,40,PC,,11,,2
6255,82,,,1,G-1022791,,MMSK TP TEMPE GORENG 70GR(x120EA),1592.73,,1772.73,,,1,120,PC,,11,,2
6256,82,,,1,G-1023300,,DELISAOS SAUS TOPOKKI ORIGINAL 1KG,45112.72,,50683.63,,,1,8,PC,,11,,2
6257,82,,,1,G-1023301,,DELISAOS SAUS TOPOKKI ORIGINAL HOT 1KG,45112.72,,50683.63,,,1,8,PC,,11,,2
6258,82,,,1,G-1023302,,DELISAOS SAUS TOPOKKI ORIGINAL CREAMY 1KG,45112.72,,50683.63,,,1,8,PC,,11,,2
6259,82,,,1,G-1023389,,MMSK BON NORI BULGOGI 30GR-X48,9150,,10183.64,,,1,48,PC,,11,,2
6260,82,,,1,G-1023389_BD,,MMSK BON NORI BULGOGI 30GR-X48,9150,,10183.64,,,1,48,PC,,11,,2
6261,82,,,1,G-1023391,,DELISAOS HOT LAVA 9GR,410.9,,466.36,,,1,480,PC,,11,,2
6262,82,,,1,G-1023394,,DELISAOS HOT LAVA VOLCANO 9GR,445.45,,480.9,,,1,480,PC,,11,,2
6263,82,,,1,G-1023425,,MMSK BON NORI BULGOGI 60 GR (X20EA),15363.64,,17109.09,,,1,20,PC,,11,,2
6264,82,,,1,G-1023427,,MMSK BON NORI EXTRA PEDAS 30 GR (X48EA),9150,,10183.64,,,1,48,PC,,11,,2
6265,82,,,1,G-1023427_BD,,MMSK BON NORI EXTRA PEDAS 30 GR (X48EA),9150,,10183.64,,,1,48,PC,,11,,2
6266,82,,,1,G-1023429,,MMSK BON NORI EBI 30 GR (X48 EA),9150,,10183.64,,,1,48,PC,,11,,2
6267,82,,,1,G-1023429_BD,,MMSK BON NORI EBI 30 GR (X48 EA),9150,,10183.64,,,1,48,PC,,11,,2
6268,82,,,1,G-1023431_BD,,MMSK BON NORI EBI 60 GR (X20 EA),15363.64,,17109,,,1,20,PC,,11,,2
6269,82,,,1,G-1023597,,MMSK SUP KRIM DAGING SAPI LADA HITAM 55GR,4659.09,,5138.18,,,1,48,PC,,11,,2
6270,82,,,1,G-1023599,,MMSK SUP KRIM SAYUR & BAWANG 55GR,4659.09,,5138.18,,,1,48,PC,,11,,2
6271,82,,,1,G-1023622,,MMSK PANCAKE MIX COCONUT 160GR,6534.54,,7234.54,,,1,24,PC,,11,,2
6272,82,,,1,G-1023623,,MMSK PANCAKE MIX BANANA 160GR,6534.54,,7234.54,,,1,24,PC,,11,,2
6273,82,,,1,G-1023635,,MMSK SPECIAL PANCAKE MIX 3IN1 150GR,6534.54,,7234.54,,,1,24,PC,,11,,2
6274,82,,,1,G-1023844,,DELISAOS HL SAUS AG ALA KOREA GARLIC 320,0,,0,,,1,12,PC,,11,,2
6275,82,,,1,G-1100317,,MIWON 1KG L(X12EA),27318.18,,29636.36,,,1,12,PC,,11,,2
6276,82,,,1,G-1100320,,MIWON 1KG M(x12EA),27318.18,,29636.36,,,1,12,PC,,11,,2
6277,82,,,1,G-1100322,,MIWON 500GR L (X24EA) POLOS,13727.27,,14954.55,,,1,24,PC,,11,,2
6278,82,,,1,G-1100324,,MIWON 500GR M(x24EA) POLOS,13727.27,,14954.55,,,1,24,PC,,11,,2
6279,82,,,1,G-1100327,,MIWON 250GR L (X80EA),6927.27,,7636.36,,,1,80,PC,,11,,2
6280,82,,,1,G-1100329,,MIWON 250GR M(x80EA),6927.27,,7636.36,,,1,80,PC,,11,,2
6281,82,,,1,G-1100333,,MIWON 100GR L(X120EA),3036.36,,3336.36,,,1,120,PC,,11,,2
6282,82,,,1,G-1100334,,MIWON 100GR L(X120EA),3036.36,,3336.36,,,1,120,PC,,11,,2
6283,82,,,1,G-1100335,,MIWON 100GR M(x120EA),3036.36,,3336.36,,,1,120,PC,,11,,2
6284,82,,,1,G-1100338,,MIWON 50GR L(X240EA),1540.91,,1690.91,,,1,240,PC,,11,,2
6285,82,,,1,G-1100342,,MIWON 50GR M(x240EA),1540.91,,1690.91,,,1,240,PC,,11,,2
6286,82,,,1,G-1101272,,MMSK TP BAKWAN 250GR(x40EA),3920.45,,4364,,,1,40,PC,,11,,2
6287,82,,,1,G-1101277,,MMSK TP BAKSO 32GR(x100EA),1311.64,,1455,,,1,100,PC,,11,,2
6288,82,,,1,G-1101291,,MMSK SUP KRIM AYAM(PAK) 55GR(x48EA),4659.09,,5138,,,1,48,PC,,11,,2
6289,82,,,1,G-1101295,,MMSK SUP KRIM JAGUNG(PAK) 55GR(x48EA),4659.09,,5138,,,1,48,PC,,11,,2
6290,82,,,1,G-1101297,,MMSK SUP KRIM JAMUR(PAK) 55GR(x48EA),4659.09,,5138,,,1,48,PC,,11,,2
6291,82,,,1,G-1101298,,MIWON KOPI GINSENG(GST) 20GR(x360EA),1250,,1786.36,,,1,360,PC,,11,,2
6292,82,,,1,G-1101309,,MMSK BB NASI GORENG(PAK) 20GR(x240EA),1016.36,,1136,,,1,240,PC,,11,,2
6293,82,,,1,G-1101310,,MMSK BB OPOR(PAK) 16GR(x240EA),1114.25,,1250,,,1,240,PC,,11,,2
6294,82,,,1,G-1101312,,MMSK BB RENDANG(PAK) 25GR(x240EA),1114.25,,1250,,,1,240,PC,,11,,2
6295,82,,,1,G-1101314,,MMSK BB AYAM GORENG(PAK) 35GR(x240EA),1114.25,,1250,,,1,240,PC,,11,,2
6296,82,,,1,G-1101316,,MMSK BB GULAI(PAK) 25GR(x240EA),1114.25,,1250,,,1,240,PC,,11,,2
6297,82,,,1,G-1101316_BD,,MMSK BB GULAI(PAK) 25GR(x240EA),1114.25,,1250,,,1,240,PC,,11,,2
6298,82,,,1,G-1101318,,MMSK BB SOTO AYAM(PAK) 20GR(x240EA),1114.25,,1250,,,1,240,PC,,11,,2
6299,82,,,1,G-1101318_BD,,MMSK BB SOTO AYAM(PAK) 20GR(x240EA),1114.25,,1250,,,1,240,PC,,11,,2
6300,82,,,1,G-1101333,,MMSK TERASI(JUANA) 90GR(x60EA),2568.18,,2727,,,1,60,PC,,11,,2
6301,82,,,1,G-1101335,,MMSK TERASI 4GR (x640EA),184.09,,211,,,1,640,PC,,11,,2
6302,82,,,1,G-1101338,,MMSK BB KUAH BAKSO 100GR,3262.37,,3545,,,1,36,PC,,11,,2
6303,82,,,1,G-1101338_BD,,MMSK BB KUAH BAKSO 100GR,3262.37,,3545,,,1,36,PC,,11,,2
6304,82,,,1,G-1101339,,MMSK BB SOP 5GR(x360EA),277.53,,318,,,1,360,PC,,11,,2
6305,82,,,1,G-1101766,,MMSK BB LENGKAP TUMIS 10GR(X288EA) 6X4X12,514.77,,591,,,1,288,PC,,11,,2
6306,82,,,1,G-1102169,,MMSK TEPUNG ROTI 100 Gr [x48],5170.45,,5682,,,1,48,PC,,11,,2
6307,82,,,1,G-1102170,,MMSK TEPUNG ROTI 200 GR (x24),9530.3,,10386,,,1,24,PC,,11,,2
6308,82,,,1,G-9001517,,PAYUNG STANDART,0,,0,,,1,1,PC,,11,,2
6309,82,,,1,G-9001657,,GELAS KERAMIK 2,0,,0,,,1,1,PC,,11,,2
6310,82,,,1,G-9002007,,MANGKOK MIWON LUCKY,0,,0,,,1,1,PC,,11,,2
6312,82,,,1,G-9002031,,SENDOK MULTI,0,,0,,,1,1,PC,,11,,2
6313,9,,,1,GELAS,,GELAS LOKALATE 2023,0,,0,,,1,1,PC,,11,,2
6314,5,,,1,GHNA001_BD,,GH AV458G  NAMUB,242657.84,,282818,,,1,4,PC,,11,,2
6315,80,,,1,GL001,,GELAS POLOS POCI,0,,0,,,1,1,PC,,11,,2
6316,9,,,1,GL002,,GELAS LOKALATE,0,,0,,,1,1,PC,,11,,2
6317,9,,,1,GMKK,,GIMMICK KAOS KAKI,0,,0,,,1,1,PC,,11,,2
6318,82,,,1,GMMX001_BD,,GUMMY FROZEN MIX MIX FLAVOR 120GX12,7120,,8000,,,1,12,PC,,11,,2
6319,82,,,1,GRCO001,,GARIBORI COOLMINT BOX 20BX10PCX30G,1260.25,,1438.29,,,1,200,PC,,11,,2
6320,82,,,1,GRCO001_BD,,GARIBORI COOLMINT BOX 20BX10PCX30G,1138.28,,1300,,,1,200,PC,,11,,2
6321,82,,,1,GRLO001_BD,,GARIBORI LONG 40 gr,686.93,,765.5,,,1,288,PC,,11,,2
6322,82,,,1,GRLO002,,GARIBORI LONG 30gr 15x10,637,,727.22,,,1,150,PC,,11,,2
6323,82,,,1,GRLO002_BD,,GARIBORI LONG 30gr 15x10,637,,727.22,,,1,150,PC,,11,,2
6324,82,,,1,GRLO003,,GARIBORI LONG 16GR 20X10,637,,727.22,,,1,200,PC,,11,,2
6325,82,,,1,GRNW001_BD,,GARIBORI NEW 25 gr,337.33,,373.6,,,1,300,PC,,11,,2
6326,82,,,1,GRSC001_BD,,"GARIBORI SACHET 2,2 gr",363,,363,,,1,300,PC,,11,,2
6327,82,,,1,GRSP001_BD,,GARIBORI NEW SPEARMINT 30X10,337.3,,373.6,,,1,300,PC,,11,,2
6328,82,,,1,GRSP003_BD,,GARIBORI NEW PAPERMINT 30X10,337.33,,373.6,,,1,300,PC,,11,,2
6329,5,,,1,HDLD001_BD,,FL HEADLIGHT 3 LED,91751.89,,106937,,,1,72,PC,,11,,2
6330,5,,,1,HDLD002_BD,,FL HEADLIGHT EVEREDY CLIP ON,39780.31,,46364,,,1,96,PC,,11,,2
6331,5,,,1,HDLD003_BD,,FL UNIVERSAL HEADLIGHT/E301690801,73398,,85545,,,1,72,PC,,11,,2
6332,5,,,1,HTLK002_BD,,FL LED3  OPP Key Ring,19110,,22272.73,,,1,192,PC,,11,,2
6333,82,,,1,ICCL004_BD,,IM COCO LYCHEE 350ML 24/CT,4963.2,,5640,,,1,24,PC,,11,,2
6334,82,,,1,ICCM002_BD,,I'M COCO MANGO 350ML 24/CT,4963.2,,5640,,,1,24,PC,,11,,2
6335,82,,,1,ICCM003_BD,,IM COCO COCOMELON 350ML 24/CT,4963.2,,5640,,,1,24,PC,,11,,2
6336,82,,,1,ICCS003_BD,,IM COCO STRAWBERRY 350ML 24/CT,4963.2,,5640,,,1,24,PC,,11,,2
6337,82,,,1,ICCW001_BD,,IM COCO COCONUT WATER 350ML 24/CT,4963.2,,5640,,,1,24,PC,,11,,2
6338,82,,,1,ICCY005_BD,,IM COCO YOGHURT 250ML 12/CT,4963.2,,5640,,,1,12,PC,,11,,2
6339,82,,,1,INAM006_BD,,INACO SP ALOVERA PEACH 280 GR MAKRO 3X8 BD,9981,,11215,,,1,8,BD,,11,,2
6340,82,,,1,INAP003,,INACO ALOEVERA SP PEACH 280 GR X 24 PK,5007,,5690,,,1,24,PK,,11,,2
6341,82,,,1,INAP003_BD,,INACO ALOEVERA SP PEACH 280 GR X 24 PK,5007,,5690,,,1,24,PK,,11,,2
6342,82,,,1,INAP003_BN,,INACO ALOEVERA SP PEACH 280 GR X 24 PK,0,,0,,,1,24,PK,,11,,2
6343,82,,,1,INAP004_BD,,NACO ALOEVERA CUP 200 GR X 12 CUP,1967,,2278,,,1,12,CP,,11,,2
6344,82,,,1,INAP005_BD,,INACO ALOEVERA CUP PEACH 200 GR X 24 CUP,3216,,3655,,,1,24,CP,,11,,2
6345,82,,,1,INAP006_BD,,INACO ALOE JELLY STRAW 48CUP/CT,2490.61,,2888,,,1,48,PC,,11,,2
6346,82,,,1,INAP006_BN,,INACO ALOE JELLY STRAW 48CUP/CT,0,,0,,,1,48,PC,,11,,2
6347,82,,,1,INAP007_BD,,ALOE JELLY PEACH 90GRX48,2490.61,,2888,,,1,48,PC,,11,,2
6348,82,,,1,INAP007_BN,,ALOE JELLY PEACH 90GRX48,0,,0,,,1,48,PC,,11,,2
6349,82,,,1,INAP008,,INACO ALOE CUP LYCHEE 200GRX24PC,3216.4,,3655,,,1,24,PC,,11,,2
6350,82,,,1,INAP008_BD,,INACO ALOE CUP LYCHEE 200GRX24PC,3216.4,,3655,,,1,24,PC,,11,,2
6351,82,,,1,INAP010_BD,,SP ALOEVERA BANANA 280GR 24/CT,5007,,5690,,,1,24,PC,,11,,2
6352,82,,,1,INAP010_BN,,SP ALOEVERA BANANA 280GR 24/CT,0,,0,,,1,24,PC,,11,,2
6353,82,,,1,INAP011_BD,,ALOE JELLY STRAW 90GR BANDED,8539.48,,9902,,,1,16,PC,,11,,2
6354,82,,,1,INAP011_BN,,ALOE JELLY STRAW 90GR BANDED,0,,0,,,1,16,PC,,11,,2
6355,82,,,1,INAP012_BD,,ALOE CUP BANANA   200 GR X 24 CUP,3216,,3655,,,1,24,PC,,11,,2
6356,82,,,1,INAP012_BN,,ALOE CUP BANANA 200 GR X 24 CUP,0,,0,,,1,24,PC,,11,,2
6357,82,,,1,INAP013_BD,,ALOE JELLY PEACH 90GR BANDED,8539.48,,9902,,,1,16,PC,,11,,2
6358,82,,,1,INAP013_BN,,ALOE JELLY PEACH 90GR BANDED,0,,0,,,1,16,PC,,11,,2
6359,82,,,1,INAP014_BD,,ALOEVERA SP LYCHEE 280GRX24,5007,,5690,,,1,24,PC,,11,,2
6360,82,,,1,INBB001_BD,,NDC BUBBLE BOI SACHET 12X10X20G,320.32,,364,,,1,120,PC,,11,,2
6361,82,,,1,INBB002,,INACO BUBBLE BOI ANGGUR SCH 12X10X20G,320.32,,364,,,1,120,PC,,11,,2
6362,82,,,1,INBB002_BD,,INACO BUBBLE BOI ANGGUR SCH 12X10X20G,320.32,,364,,,1,120,PC,,11,,2
6363,82,,,1,INBB003_BD,,NATADECOCO BUBBLEBOI LYCHEE 20GX120,320.32,,364,,,1,120,PC,,11,,2
6364,82,,,1,INBB004_BD,,NATADECOCO BUBBLEBOI YAGHURT 30GX80,648.6,,705,,,1,80,PC,,11,,2
6365,82,,,1,INBB005_BD,,NATADECOCO BUBBLEBOI LYCHEE 50GX80,648.6,,705,,,1,80,PC,,11,,2
6366,82,,,1,INBB006_BD,,NATADECOCO BUBBLEBOI GRAPE 30GX80,648.6,,705,,,1,80,PC,,11,,2
6367,82,,,1,INBB007_BD,,NATADECOCO BUBBLEBOI BUBBLEGUM 30GX80,648.6,,705,,,1,80,PC,,11,,2
6368,82,,,1,INCP001,,IDM NATADECOCO COCOPANDAN 900GX12,9768,,11100,,,1,12,PC,,11,,2
6369,82,,,1,INCP001_BD,,IDM NATADECOCO COCOPANDAN 900GX12,7700,,8750,,,1,12,PC,,11,,2
6370,82,,,1,INDC026_BD,,INACO COCO DRINK COCOPANDAN 200MLX24CUP,606.82,,754,,,1,24,CP,,11,,2
6371,82,,,1,INDF027_BD,,INACO COCO DRINK FRAMBOZEN 200MLX24CUP,606.82,,754,,,1,24,CP,,11,,2
6372,9,,,1,INDG_BD,,INDOMIE GORENG,0,,0,,,1,1,PC,,11,,2
6373,82,,,1,INDG027_BD,,INACO COCO DRINK GUAVA 200MLX24,606.82,,754,,,1,24,PC,,11,,2
6374,82,,,1,INDL028_BD,,INACO COCO DRINK LYCHEE 200MLX24CUP,606.82,,754,,,1,24,CP,,11,,2
6375,82,,,1,INDO029_BD,,INACO COCO DRINK ORANGE 200MLX24CUP,606.82,,754,,,1,24,CP,,11,,2
6376,82,,,1,INDR030_BD,,INACO COCO DRINK RASPBERRY 200MLX24CUP,606.82,,754,,,1,24,CP,,11,,2
6377,82,,,1,INHM001_BD,,PUDDING HOKKAIDO MELON 120GRX48/CT,3880.8,,4410,,,1,48,PC,,11,,2
6378,82,,,1,INKP023_BD,,INACO MN.JELLY 16 GR KIPAS 15CUPX24PK,3176,,3678,,,1,24,PK,,11,,2
6379,82,,,1,INMJ007_BD,,NACO MN.JELLY 16 GR 15'S MAKRO 4X6BD,12947.44,,14713,,,1,6,BD,,11,,2
6380,82,,,1,INMJ008,,INACO MN.JELLY 16 GR 15 CUP X 24 PK,5381,,6115,,,1,24,PK,,11,,2
6381,82,,,1,INMJ008_BD,,INACO MN.JELLY 16 GR 15 CUP X 24 PK,5381,,6115,,,1,24,PK,,11,,2
6382,82,,,1,INMJ009,,INACO MN.JELLY 16 GR 25 CUP X 12 PK,8848,,10055,,,1,12,PK,,11,,2
6383,82,,,1,INMJ009_BD,,INACO MN.JELLY 16 GR 25 CUP X 12 PK,8848,,10055,,,1,12,PK,,11,,2
6384,82,,,1,INMJ010_BD,,MNJELLY 16GR KURMA 1X10KG/CT,179107.54,,207685,,,1,1,PC,,11,,2
6385,82,,,1,INMJ011,,INACO MN.JELLY 16 GR 50 CUP X 8 TOPLES,22021.6,,25024.55,,,1,8,TP,,11,,2
6386,82,,,1,INMJ011_BD,,INACO MN.JELLY 16 GR 50 CUP X 8 TOPLES,22021.604,,25024.55,,,1,8,TP,,11,,2
6387,82,,,1,INMJ012,,INACO MN.JELLY 16 GR 5CUP X 72 PK,1817,,2065,,,1,72,PK,,11,,2
6388,82,,,1,INMJ012_BD,,INACO MN.JELLY 16 GR 5CUP X 72 PK,1817,,2065,,,1,72,PK,,11,,2
6389,82,,,1,INMJ013_BD,,INACO MN.JELLY 16 GR RENCENG 5CUPX72PK,1301.95,,1581,,,1,72,PK,,11,,2
6390,82,,,1,INMJ014,,INACO MN.JELLY GRAPE 1X10KG,217620,,247300,,,1,1,CT,,11,,2
6391,82,,,1,INMJ014_BD,,INACO MN.JELLY GRAPE 1X10KG,208956,,237450,,,1,1,CT,,11,,2
6392,82,,,1,INMJ015,,INACO MN.JELLY LYCHEE 1X10KG,217620,,247300,,,1,1,CT,,11,,2
6393,82,,,1,INMJ015_BD,,INACO MN.JELLY LYCHEE 1X10KG,208956,,237450,,,1,1,CT,,11,,2
6394,82,,,1,INMJ016,,INACO MN.JELLY MANGO 1X10KG,217620,,247300,,,1,1,CT,,11,,2
6395,82,,,1,INMJ016_BD,,INACO MN.JELLY MANGO 1X10KG,208956,,237450,,,1,1,CT,,11,,2
6396,82,,,1,INMJ017,,INACO MN.JELLY MIX ASSORTED 16GR 40CUP X 12PK,20048.16,,22782,,,1,12,PK,,11,,2
6397,82,,,1,INMJ017_BD,,INACO MN.JELLY MIX 16GR 40CUP X 12PK,20048.16,,22782,,,1,12,PK,,11,,2
6398,82,,,1,INMJ017_BN,,INACO MN.JELLY MIX 16GR 40CUP X 12PK,0,,0,,,1,12,PK,,11,,2
6399,82,,,1,INMJ018,,INACO MN.JELLY ORANGE 1X10KG,217620,,247300,,,1,1,CT,,11,,2
6400,82,,,1,INMJ018_BD,,INACO MN.JELLY ORANGE 1X10KG,208956,,237450,,,1,1,CT,,11,,2
6401,82,,,1,INMJ019,,INACO MN.JELLY STRAWBERRY 1X10KG,217620,,247300,,,1,1,CT,,11,,2
6402,82,,,1,INMJ019_BD,,INACO MN.JELLY STRAWBERRY 1X10KG,208956,,237450,,,1,1,CT,,11,,2
6403,82,,,1,INMJ020,,INACO MN JELLY MIX 1x10kg,217620,,247300,,,1,1,CT,,11,,2
6404,82,,,1,INMJ020_BD,,INACO MN JELLY MIX 1x10kg,208956,,237450,,,1,1,PC,,11,,2
6405,82,,,1,INMJ021_BN,,MINI JELY 16gr 1KGX12 BAG,0,,0,,,1,12,PC,,11,,2
6406,82,,,1,INMJ022,,MNJELLY 16GR PINEAPPLE 1X10KG/CT,217620,,247300,,,1,1,PC,,11,,2
6407,82,,,1,INMJ022_BD,,MNJELLY 16GR PINEAPPLE 1X10KG/CT,208956,,237450,,,1,1,PC,,11,,2
6408,82,,,1,INMJ023,,MINIJELLY 50S 15GR 50CUP X 6 BIG,23786,,27030,,,1,6,PC,,11,,2
6409,82,,,1,INMJ023_BD,,MINIJELLY 50S 15GR 50CUP X 6 BIG,23786,,27030,,,1,6,PC,,11,,2
6410,82,,,1,INMJ024,,MN JELLY 50S 15G 50CUPX6BIG LIM ED,23786,,27030,,,1,6,PC,,11,,2
6411,82,,,1,INMP020_BD,,INACO MN.PUDING MANGO 16GR 15CUPX24PK,4817.92,,5856,,,1,24,PK,,11,,2
6412,82,,,1,INMP021,,MINI PUDING MANGO LUNCH BOX,10173,,11560,,,1,24,PC,,11,,2
6413,82,,,1,INMP021_BD,,MINI PUDING MANGO LUNCH BOX,10173,,11560,,,1,24,BD,,11,,2
6414,82,,,1,INMP022,,INACO PUDDING ANEKA RASA 25SX12Pk,11622.16,,13207,,,1,12,BX,,11,,2
6415,82,,,1,INMP022_BD,,INACO PUDDING ANEKA RASA 25SX12Pk,11622.16,,13207,,,1,12,BX,,11,,2
6416,82,,,1,INMP024_BD,,INACO PUDDING GUAVA 80GR 1X48/CT,1828.98,,2063.09,,,1,48,PC,,11,,2
6417,82,,,1,INMP026,,MINI PUDDING MIX FLAVOR 15G 10CUPX30,4052.4,,4605.4,,,1,30,PC,,11,,2
6418,82,,,1,INMP026_BD,,MINI PUDDING MIX FLAVOR 15G 10CUPX30,4052.4,,4605.4,,,1,30,PC,,11,,2
6419,82,,,1,INMP027,,MINI PUDDING 3CUPX60,1188.88,,1351,,,1,60,PC,,11,,2
6420,82,,,1,inmp027_BD,,MINI PUDDING 3CUPX60,1188.88,,1351,,,1,60,PC,,11,,2
6421,82,,,1,INMY022_BD,,INACO MN.YOGJELL 15GR 10'S MAKRO 3X12 BD,8704,,9780,,,1,12,PK,,11,,2
6422,82,,,1,INMY025_BD,,NACO MN.YOGJELL 15 GR 10PCX36PK,2814,,3260,,,1,36,PK,,11,,2
6423,82,,,1,INNP024_BD,,INACO MN.JELLY NEAPOLITAN BUBBLE 25 CUPSX12BOX,10713,,12410,,,1,12,BX,,11,,2
6424,82,,,1,INPM002_BD,,PUDING MANGO INACO 120 48/CT,2868.8,,3260,,,1,48,PC,,11,,2
6425,82,,,1,INPM003_BD,,PUDING MARKISA INACO 120GR 48/CT,2868.8,,3260,,,1,48,PC,,11,,2
6426,82,,,1,INPN001_BD,,PUDDING NUSANTARA 120GR 3SX16PACK,8342.4,,9480,,,1,16,PC,,11,,2
6427,9,,,1,JASHUJAN,,JAS HUJAN LOKALATE,0,,0,,,1,1,PC,,11,,2
6428,82,,,1,JYMN001,,JOYMINT FRESH CANDY BX 15X10X25,628.98,,702.27,,,1,150,PC,,11,,2
6429,82,,,1,JYMN001_BD,,JOYMINT FRESH CANDY BX 15X10X25,628.98,,702.27,,,1,150,PC,,11,,2
6430,82,,,1,JYMN002_BD,,JOYMINT FRESH CANDY JAR 6X25X20G,15896.3,,18158.38,,,1,6,TP,,11,,2
6431,82,,,1,JYMN003_BD,,JOYMINT VIT C 12X10X25G,1207,,1378.29,,,1,120,PC,,11,,2
6432,9,,,1,KAOS,,KAOS LOKALATE,0,,0,,,1,1,PC,,11,,2
6433,9,,,1,KAOSNS,,KAOS NUTRISARI,0,,0,,,1,1,PC,,11,,2
6434,9,,,1,KAOSUNGU,,KAOS LOKALATE UNGU,0,,0,,,1,1,PC,,11,,2
6435,82,,,1,KKBC001_BD,,KOLANG KALING SP BLACKCURRANT,5373.61,,6934.5,,,1,24,PC,,11,,2
6436,82,,,1,KKFB001,,KOLANG KALING SP FRAMB 360GR,6857,,7792,,,1,24,PC,,11,,2
6437,82,,,1,KKFB001_BD,,KOLANG KALING SP FRAMB 360GR,6857,,7792,,,1,24,PC,,11,,2
6438,82,,,1,KKFB001_BN,,KOLANG KALING SP FRAMB 360GR,0,,0,,,1,24,PC,,11,,2
6439,82,,,1,KKMX001_BD,,KOLANGKALING MIX SP 360GR 24PC,6719.65,,7791.81,,,1,24,PC,,11,,2
6440,82,,,1,KOMJ031_BD,,KONNYAKU MN.JELLY 16GR 20CUPX20PK,5082,,5886,,,1,20,PK,,11,,2
6441,82,,,1,KOMJ032_BD,,KONNYAKU MN.JELLY 16GR MAKRO 2X10BD,10360.24,,11773,,,1,10,BD,,11,,2
6442,82,,,1,KOMJ033,,KONNYAKU MN.JELLY 12SX30PK,5513,,6265,,,1,30,PC,,11,,2
6443,82,,,1,KOMJ033_BD,,KONNYAKU MN.JELLY 12SX30PK,5513,,6265,,,1,30,PC,,11,,2
6444,80,,,1,KPRIMA,,KASO PRIMA,0,,0,,,1,1,PC,,11,,2
6445,82,,,1,KRCL001,,KARMELLOW RASA CARAMEL 20GX40PC,1308.1,,1486.48,,,1,40,PC,,11,,2
6446,82,,,1,KRCL001_BD,,KARMELLOW RASA CARAMEL 20GX40PC,1308.1,,1486.48,,,1,40,PC,,11,,2
6447,82,,,1,KRCO002,,KARMELLOW RASA COKLAT 20GX40PC,1308.1,,1486.48,,,1,40,PC,,11,,2
6448,82,,,1,KRCO002_BD,,KARMELLOW RASA COKLAT 20GX40PC,1308.1,,1486.48,,,1,40,PC,,11,,2
6449,80,,,1,KRPIMA,,KAOS OBLONG PRIM-A,0,,0,,,1,1,PC,,11,,2
6450,80,,,1,KRSB001_BD,,KERUPUK SELERAKU BAWANG 60GX3PCSX15PAK,1209.09,,1390.91,,,1,45,PC,,11,,2
6451,80,,,1,KRSB002_BD,,KERUPUK SELERAKU BAWANG 60GX4PCSX15PAK,1005.45,,1159.09,,,1,60,PC,,11,,2
6452,82,,,1,KRST003,,KARMELLOW RASA STRAWBERRY 20GX40PC,1308.1,,1486.48,,,1,40,PC,,11,,2
6453,82,,,1,KRST003_BD,,KARMELLOW RASA STRAWBERRY 20GX40PC,1308.1,,1486.48,,,1,40,PC,,11,,2
6454,80,,,1,KRSU001_BD,,KERUPUK SELERAKU UDANG 60GX3PCSX15PAK,1209.09,,1390.91,,,1,45,PC,,11,,2
6455,80,,,1,KRSU002_BD,,KERUPUK SELERAKU UDANG 60GX4PCSX15PAK,1005.45,,1159.09,,,1,60,PC,,11,,2
6456,80,,,1,KRT,,KRAT SOSRO MERAH,11711.71,,11711.71,,,1,1,KR,,11,,2
6457,80,,,1,KRTB,,KRAT TEBS,11711.71,,11711.71,,,1,1,KR,,11,,2
6458,80,,,1,KRTF,,KRAT FRUITTEA,11711.71,,11711.71,,,1,1,KR,,11,,2
6459,80,,,1,KRTS,,KRAT S-TEE,11711.71,,11711.71,,,1,1,PC,,11,,2
6460,82,,,1,KSM01_BD,,KSEMAR 600ML POUCH,12127.27,,13181.82,,,1,12,PC,,11,,2
6461,82,,,1,KSM02,,KSEMAR 600ML BTL,14218.18,,15454.55,,,1,12,BT,,11,,2
6462,82,,,1,KSM02_BD,,KSEMAR 600ML BTL,14218.18,,15454.55,,,1,12,BT,,11,,2
6463,82,,,1,KSM03_BD,,KSEMAR 6KG JERIGEN,81127.27,,88181.82,,,1,1,JRG,,11,,2
6464,9,,,1,KTKPENSIL,,KOTAK PENSIL,0,,0,,,1,1,PC,,11,,2
6465,5,,,1,LCIL001_BD,,LCIL2AA 144/CT,21102.16,,24595,,,1,144,PC,,11,,2
6466,5,,,1,LCIL002_BD,,LCIL2D,27208.65,,31712,,,1,96,PC,,11,,2
6467,5,,,1,LCIL003_BD,,LCIL 2AA BP VSMBB,27363.24,,31892,,,1,72,PC,,11,,2
6468,5,,,1,LCIL004_BD,,LCIL2D VSMBB,49083.78,,57207,,,1,24,PC,,11,,2
6469,82,,,1,LCKB5,,MNP LPC BADAK BOTOL 500ML,5550,,6600,,,1,24,PC,,11,,2
6470,82,,,1,LCKT2,,MNP LPC BADAK BOTOL 200ML,2682.5,,3200,,,1,48,PC,,11,,2
6471,82,,,1,LCKTA,,MNP LPC.BADAK CAN 320ML APPLE,4810,,5700,,,1,24,PC,,11,,2
6472,82,,,1,LCKTG,,MNP LPC BADAK CAN 320ML GRAPE,4810,,5700,,,1,24,PC,,11,,2
6473,82,,,1,LCKTJ,,MNP LPC BADAK CAN 320ML GUAVA,4810,,5700,,,1,24,PC,,11,,2
6474,82,,,1,LCKTL,,MNP LPC BADAK CAN 320ML LYCHEE,4810,,5700,,,1,24,PC,,11,,2
6475,82,,,1,LCKTM,,MNP LPC BADAK CAN 320ML MELON,4810,,5700,,,1,24,PC,,11,,2
6476,82,,,1,LCKTO,,MNP LPC BADAK KALENG 320ML ORANGE,4810,,5700,,,1,24,PC,,11,,2
6477,82,,,1,LCKTS,,MNP LPC BADAK CAN 320ML STRWBRY,4810,,5700,,,1,24,PC,,11,,2
6478,5,,,1,LDBL001_BD,,LED BIKE LIGHTS BFL3AA,140204.92,,163409,,,1,48,PC,,11,,2
6479,5,,,1,LDBL002_BD,,LED BIKE LIGHTS BRL23A,79170.23,,92273,,,1,18,PC,,11,,2
6480,5,,,1,LEDINEW_BD,,LED LONG LIFE,43680,,50909.09,,,1,24,PC,,11,,2
6481,82,,,1,LGD,,LONG BAR STRAWBERRY 580GRX9BX,28143.77,,31623,,,1,9,BX,,11,,2
6482,82,,,1,LGD_BD,,LONG BAR STRAWBERRY 580GRX9BX,27946,,31400,,,1,9,BX,,11,,2
6483,82,,,1,LGE,,LONG BAR STRAWBERRY 725GRX6JAR,32188.33,,36167,,,1,6,JR,,11,,2
6484,82,,,1,LGE_BD,,LONG BAR STRAWBERRY 725GRX6JAR,31966,,35917,,,1,6,JR,,11,,2
6485,82,,,1,LLENA,,MNP LPC BADAK CAN 320ML LEMON,4810,,5700,,,1,24,PC,,11,,2
6486,82,,,1,LLPAJ,,MNP LPC.BADAK CAN-SLIM 238ML ANAK JAMBU,3750,,5000,,,1,24,PC,,11,,2
6487,82,,,1,LLPAS,,MNP LPC.BADAK CAN-SLIM 238ML ANAK STRWBR,3750,,5000,,,1,24,PC,,11,,2
6488,82,,,1,LLPLK,,MNP LPC BADAK BOTOL 350ML,4532.5,,5400,,,1,24,PC,,11,,2
6489,82,,,1,LSPB001,,LARISST POPCORN BERONDONG CHOCOBERRY 75GX30PC,4911.71,,5225.22,,,1,30,PC,,11,,2
6490,5,,,1,LTBP121_BD,,EL 123 AP-BP1,18018,,21000,,,1,192,PK,,11,,2
6491,5,,,1,LTBP122_BD,,EL 1CR2  BP1,21450,,25000,,,1,192,PK,,11,,2
6492,5,,,1,LTBP123_BD,,EL 223 AP-BP1,40326,,47000,,,1,192,PK,,11,,2
6493,5,,,1,LTBP124_BD,,EL 2CR5 BP1,40326,,47000,,,1,192,PK,,11,,2
6494,5,,,1,LTBP125_BD,,L 91 BP2,59596.22,,69459,,,1,192,PC,,11,,2
6495,82,,,1,LU4,,LAZERY JUMBO ASSORTED 60GRX28BKS,4976,,5939.28,,,1,28,BG,,11,,2
6496,82,,,1,LU4_BD,,LAZERY JUMBO ASSORTED 60GRX28BKS,4976,,5786,,,1,28,BG,,11,,2
6497,82,,,1,LU6,,LAZERY JUMBO ASS 112GRX28BAG,5139.75,,5775,,,1,28,BG,,11,,2
6498,82,,,1,LU6_BD,,LAZERY JUMBO ASS 112GRX28BAG,5139.75,,5775,,,1,28,PC,,11,,2
6499,82,,,1,LZLBA,,LIANG TEH CAP BADAK,4083.33,,5400,,,1,24,PC,,11,,2
6500,82,,,1,MAAL002_BD,,MANISAN ALOEVERA 330 GR X 24 JAR,8779,,10272,,,1,24,JR,,11,,2
6501,82,,,1,MBCDR001,,BELLA CHOC DRINK RENCENG 3X20X28GR,1788.73,,2252.25,,,1,60,PC,,11,,2
6502,82,,,1,MBCDR002,,BELLA CHOCOLATE DRINK 12X5X28GR,1313.1,,1454.95,,,1,60,PC,,11,,2
6503,82,,,1,MBCDR002_BD,,BELLA CHOCOLATE DRINK 12X5X28GR,1313.1,,1454.95,,,1,60,PC,,11,,2
6504,82,,,1,MBCMG001,,BELLA CHOCO MULTI GRAIN 6BX12PCX22GR,4960,,5856,,,1,72,PC,,11,,2
6505,82,,,1,MBCMG001_BD,,BELLA CHOCO MULTI GRAIN 6BX12PCX22GR,4960,,5856,,,1,72,PC,,11,,2
6506,82,,,1,MBDCC001,,BELLA DARK CHO COMPOUND 24X250GR,18110.98,,20067.56,,,1,24,PC,,11,,2
6507,82,,,1,MBDCC001_BD,,BELLA DARK CHO COMPOUND 24X250GR,16036.03,,18243.24,,,1,24,PC,,11,,2
6508,82,,,1,MBLBG001_BD,,BELLA BIGGER BAG 12X10X24GR,0,,0,,,1,120,PC,,11,,2
6509,82,,,1,MBLCB001_BD,,BELLA CRISPY BAR BOX 20 gr,0,,0,,,1,216,PC,,11,,2
6510,82,,,1,MBLCB003_BD,,BELLA CRISPY CEREAL  20 gr 8 x24PC,0,,0,,,1,192,PC,,11,,2
6511,82,,,1,MBLCB006,,BELLA CRISPY CEREAL  20 gr 6x24PC,739.07,,818.2,,,1,144,PC,,11,,2
6512,82,,,1,MBLCB006_BD,,BELLA CRISPY CEREAL  20 gr 6x24PC,739.07,,818.2,,,1,144,PC,,11,,2
6513,82,,,1,MBLCB007,,BELLA CRISPY CEREAL BX 12X24X10GR EXT 2PC,792.74,,878.38,,,1,288,PC,,11,,2
6514,82,,,1,MBLCB007_BD,,BELLA CRISPY CEREAL BX 12X24X12GR EXT 2PC,739.07,,819.92,,,1,288,PC,,11,,2
6515,82,,,1,MBLCC002,,BELLA CHOCOLATE CHIPS BOX 24X150GR,11769.09,,13040.54,,,1,24,PC,,11,,2
6516,82,,,1,MBLCJ001_BD,,BELLA CRISPY JAR 20 gr,0,,0,,,1,6,JR,,11,,2
6517,82,,,1,MBLCM001_BD,,BELLA CHOC MEISES 90 gr,3252.27,,3613.64,,,1,120,PC,,11,,2
6518,82,,,1,MBLCM002,,BELLA CHOC MEISES 225 gr 4 x 12 PC,14574.16,,16148.65,,,1,48,PC,,11,,2
6519,82,,,1,MBLCM002_BD,,BELLA CHOC MEISES 225 gr,14574.16,,16148.65,,,1,48,PC,,11,,2
6520,82,,,1,MBLCM003,,BELLA MEISES JAR 150GRx48,0,,0,,,1,48,PC,,11,,2
6521,82,,,1,MBLCM003_BD,,BELLA MEISES JAR 150GRx48,0,,0,,,1,48,PC,,11,,2
6522,82,,,1,MBLCM004_BD,,BELLA MEISES EKONOMI 3KG 4/CT,60054.55,,66727.27,,,1,4,PC,,11,,2
6523,82,,,1,MBLCM006,,BELLA MEISES CHOCOLATE JAR 24X130G,8470.22,,9181.82,,,1,24,PC,,11,,2
6524,82,,,1,MBLCM006_BD,,BELLA MEISES CHOCOLATE JAR 24X130G,8470.22,,9181.82,,,1,24,PC,,11,,2
6525,82,,,1,MBLCM007,,BELLA CHO RICE SACHET 10X12X90GR,6240.26,,6914.41,,,1,120,PC,,11,,2
6526,82,,,1,MBLCM007_BD,,BELLA CHO RICE SACHET 10X12X90GR,4960,,5856,,,1,120,PC,,11,,2
6527,82,,,1,MBLCP001,,BELLA CRISPY CHO PREMIUM 6X12X50G,6240.26,,6914.41,,,1,72,PC,,11,,2
6528,82,,,1,MBLCP001_BD,,BELLA CRISPY CHO PREMIUM 6X12X50G,6240.26,,6914.41,,,1,72,PC,,11,,2
6529,82,,,1,MBLCP002,,BELLA CASHEW CHO PREMIUM 6X12X45G,6240.26,,6914.41,,,1,72,PC,,11,,2
6530,82,,,1,MBLCP002_BD,,BELLA CASHEW CHO PREMIUM 6X12X50G,6240.26,,6914.41,,,1,72,PC,,11,,2
6531,82,,,1,MBLCP003,,BELLA COOKIES&CREAM 6X12X50G,6240.26,,6914.41,,,1,72,PC,,11,,2
6532,82,,,1,MBLCP003_BD,,BELLA COOKIES&CREAM 6X12X50G,6240.26,,6914.41,,,1,72,PC,,11,,2
6533,82,,,1,MBLCP004,,BELLA CHOC COOKIES&CREAM 12X24X10GR,792.74,,878.38,,,1,288,PC,,11,,2
6534,82,,,1,MBLCP004_BD,,BELLA CHOC COOKIES&CREAM 12X24X12GR,739.07,,818.92,,,1,288,PC,,11,,2
6535,82,,,1,MBLLG001_BD,,BELLA LONGER 22GR 6X24PC,0,,0,,,1,144,PC,,11,,2
6536,82,,,1,MBLMC001_BD,,BELLA MILK COKLAT BOX 20gr,0,,0,,,1,216,PC,,11,,2
6537,82,,,1,MBLMC002_BD,,BELLA MILK  BOX 16 gr 8 X 24PC,0,,0,,,1,192,PC,,11,,2
6538,82,,,1,MBLMJ001_BD,,BELLA MILK JAR 24 gr,0,,0,,,1,6,JR,,11,,2
6539,82,,,1,MBLMJ002_BD,,BELLA MILK JAR SQUARE 6X50,0,,0,,,1,6,PC,,11,,2
6540,82,,,1,MBLMW001,,BELLA MESES WARNA 90 GR 4x30 pcs,3938.18,,4363.64,,,1,120,PC,,11,,2
6541,82,,,1,MBLMW001_BD,,BELLA MESES WARNA 90 GR,3938.18,,4363.64,,,1,120,PC,,11,,2
6542,82,,,1,MBLMW002,,BELLA MESES WARNA 225 GR 4x12 pcs,14574.16,,16148.65,,,1,48,PC,,11,,2
6543,82,,,1,MBLMW002_BD,,BELLA MESES WARNA 225 GR,14574.16,,16148.65,,,1,48,PCS,,11,,2
6544,82,,,1,MBLMW003,,BELLA CHO RICE MIX COLOR SCH 10X12X90G,6240.26,,6914.41,,,1,120,PC,,11,,2
6545,82,,,1,MBLMW003_BD,,BELLA CHO RICE MIX COLOR SCH 10X12X90G,6240.26,,6914.41,,,1,120,PC,,11,,2
6546,82,,,1,MBLPH001,,BELLA PREMIUM HAZELNUT 6BX12PX45G,6240.26,,6914.41,,,1,72,PC,,11,,2
6547,82,,,1,MBLPH001_BD,,BELLA PREMIUM HAZELNUT 6BX12PX45G,6240.26,,6914.41,,,1,72,PC,,11,,2
6548,82,,,1,MBLWB001_BD,,BELLA WAFER BIG CKLT 25 gr,0,,0,,,1,120,PC,,11,,2
6549,82,,,1,MBLWB002_BD,,BELLA WAFER BIG COK 25GR BANDED,0,,0,,,1,60,PC,,11,,2
6550,82,,,1,MBLWB003_BD,,BELLA WAFER BIG TOPLES 6X50PCS,0,,0,,,1,6,PC,,11,,2
6551,82,,,1,MBLWB004_BD,,BELLA WAFER BOX COKLAT 6x50PC,0,,0,,,1,300,PC,,11,,2
6552,82,,,1,MBLWB005_BD,,BELLA BIGGER JAR 6X36PC,0,,0,,,1,6,PC,,11,,2
6553,82,,,1,MBLWB006_BD,,BELLA BIGGER BOX 6X24PC,0,,0,,,1,144,PC,,11,,2
6554,82,,,1,MBLWB007_BD,,BELLA BIGGER JAR 6X50PC,0,,0,,,1,6,PC,,11,,2
6555,82,,,1,MBLWC001_BD,,BELLA WAFER COKLAT 15 gr,0,,0,,,1,200,PC,,11,,2
6556,82,,,1,MBLWK001_BD,,BELLA WAFER COCONUT 15 gr,0,,0,,,1,200,PC,,11,,2
6557,82,,,1,MBLWO001_BD,,BELLA WAFER ORANGE 15 gr,0,,0,,,1,200,PC,,11,,2
6558,82,,,1,MBLWP001_BD,,BELLA WAFER COCOPANDAN 15 gr,0,,0,,,1,200,PC,,11,,2
6559,82,,,1,MBLWS001_BD,,BELLA WAFER STRAWBERRY 15 gr,0,,0,,,1,200,PC,,11,,2
6560,82,,,1,MBLYG001_BD,,BELLA YOGHURT 12GR,0,,0,,,1,144,PC,,11,,2
6561,82,,,1,MBMCH002,,BELLA PREMIUM CRUNCHY MALT 6BX12PX45G,6240.26,,6914.41,,,1,72,PC,,11,,2
6562,82,,,1,MBMCH002_BD,,BELLA PREMIUM CRUNCHY MALT 6BX12PX45G,5671.11,,6283.78,,,1,72,PC,,11,,2
6563,82,,,1,MBMCH003,,BELLA SPREAD MALT CRUNCHY 12X300GR,27034.35,,29954.95,,,1,12,PC,,11,,2
6564,82,,,1,MBMSP001,,BELLA MR.P SPREAD PEANUT 12X300GR,28071,,31103.59,,,1,12,PC,,11,,2
6565,82,,,1,MBMSP001_BD,,BELLA MR.P SPREAD PEANUT 12X300GR,28071,,31103.59,,,1,12,PC,,11,,2
6566,82,,,1,MBPHC001,,BELLA MR.P Pre Honey Cashew 6BX12PCX45G,6870.38,,7612.61,,,1,72,PC,,11,,2
6567,82,,,1,MBPHC001_BD,,BELLA MR.P Pre Honey Cashew 6BX12PCX45G,6240.25,,6914.41,,,1,72,PC,,11,,2
6568,82,,,1,MBPSP001,,BELLA MrP SPREAD PEANUT JAR 24X200G,20123.31,,22297.3,,,1,24,PC,,11,,2
6569,82,,,1,MBSCC001,,BELLA SPREAD CHO JAR 12X300GR,27034.35,,29954.95,,,1,12,PC,,11,,2
6570,82,,,1,MBSCC001_BD,,BELLA SPREAD CHO JAR 12/CT,24635.81,,27297.29,,,1,12,PC,,11,,2
6571,82,,,1,MBSCC002,,BELLA SPREAD CASHEW CHOC 12X300GR,27034.35,,29954.95,,,1,12,PC,,11,,2
6572,82,,,1,MBSCC002_BD,,BELLA SPREAD CASHEW CHOC 12X330GR,21506,,25495,,,1,12,PC,,11,,2
6573,82,,,1,MBSCC003,,BELLA SPREAD TWIN CHOC HAZENUT 330G,21506,,25495,,,1,12,JR,,11,,2
6574,82,,,1,MBSCC004,,BELLA SPREAD TWIN CHOC CHEESE 330G,27034.35,,29954.95,,,1,12,JR,,11,,2
6575,82,,,1,MBSCE001,,BELLA SPREAD CHOCOLATE JAR 24X200GR,19228.94,,21306.3,,,1,24,PC,,11,,2
6576,82,,,1,MBSCE001_BD,,BELLA SPREAD CHOCOLATE JAR 24X200GR,16261.26,,19369.36,,,1,24,PC,,11,,2
6577,82,,,1,MBSCH001,,BELLA SPREAD CHOCO HAZELNUT SCH 12BX8PX30GR,2601.8,,2882.88,,,1,96,PC,,11,,2
6578,82,,,1,MBSCH001_BD,,BELLA SPREAD CHOCO HAZELNUT SCH 12BX8PX30GR,2601.8,,2882.88,,,1,98,PC,,11,,2
6579,82,,,1,MBSCH002,,BELLA SPREAD CHO HAZEL JAR 12X300GR,27034.35,,29954.95,,,1,12,PC,,11,,2
6580,82,,,1,MBSCH003,,BELLA SPREAD CHO HAZELNUT JAR 24X200G,19228.94,,21306.3,,,1,24,PC,,11,,2
6581,82,,,1,MBSCN001,,BELLA SPREAD CHASEWNUT 300 JAR 12/CT,27034.35,,29954.95,,,1,12,PC,,11,,2
6582,82,,,1,MBSCN001_BD,,BELLA SPREAD CHASEWNUT 300 JAR 12/CT,24635.81,,27297.29,,,1,12,PC,,11,,2
6583,82,,,1,MBSCN002,,BELLA SPREAD CHASEWNUT JAR 24X200G,19228.94,,21306.3,,,1,24,PC,,11,,2
6584,82,,,1,MBSCN002_BD,,BELLA SPREAD CHASEWNUT JAR 24X200G,16261.26,,19369.36,,,1,24,PC,,11,,2
6585,82,,,1,MBSCN003,,BELLA SPREAD CHO CHASHEWNUT JAR 24X200G,19228.94,,21306.3,,,1,24,PC,,11,,2
6586,82,,,1,MBSCS001,,BELLA SPREAD CHEESE JAR 12X300GR,27034.35,,29954.95,,,1,12,PC,,11,,2
6587,82,,,1,MBSCS001_BD,,BELLA SPREAD CHEESE JAR 12X330GR,24635.81,,27297.29,,,1,12,PC,,11,,2
6588,82,,,1,MBSCS002,,BELLA SPREAD CHEESE JAR 24X200G,19228.94,,21306.3,,,1,24,PC,,11,,2
6589,82,,,1,MBSCS002_BD,,BELLA SPREAD CHEESE JAR 24X200G,16261,,19369.36,,,1,24,PC,,11,,2
6590,82,,,1,MBSCT001,,BELLA SPREAD TIRAMISU JAR 12/CT 300GR,27034.35,,29954.95,,,1,12,PC,,11,,2
6591,82,,,1,MBSCT001_BD,,BELLA SPREAD TIRAMISU JAR 24/CT,24635.81,,27297.29,,,1,24,PC,,11,,2
6592,82,,,1,MBSMC001,,BELLA SPREAD MALT CRUN JAR 24 X200G,19228.94,,21306.3,,,1,24,PC,,11,,2
6593,82,,,1,MBSMC001_BD,,BELLA SPREAD MALT CRUN JAR 24 X200G,16261.26,,19369.36,,,1,24,PC,,11,,2
6594,82,,,1,MBSOC001,,BELLA SPREAD CHO CHEESE JAR 24 X200G,19228.94,,21306.3,,,1,24,PC,,11,,2
6595,82,,,1,MBSSC001,,BELLA SPREAD CASHEW SCH 12BX8PX30GR,2601.8,,2882.88,,,1,96,PC,,11,,2
6596,82,,,1,MBSSC001_BD,,BELLA SPREAD CASHEW SCH 12BX8PX30GR,2236,,2613,,,1,96,PC,,11,,2
6597,82,,,1,MBSTU001,,BELLA SPREAD TIRAMISU JAR 24X 200G,19228.94,,21306.3,,,1,24,PC,,11,,2
6598,82,,,1,MBSTU001_BD,,BELLA SPREAD TIRAMISU JAR 24X 200G,16261.26,,19369.36,,,1,24,PC,,11,,2
6599,82,,,1,MBWCC001,,BELLA WHITE CHO COMPOUND 24X250GR,18110.98,,20067.56,,,1,24,PC,,11,,2
6600,82,,,1,MBWCC001_BD,,BELLA WHITE CHO COMPOUND 24X250GR,16036.03,,18243.24,,,1,24,PC,,11,,2
6601,82,,,1,MBWYG002_BD,,BELLA WAFER YOGHURT BX 6X24X18G,694.54,,746.81,,,1,144,PC,,11,,2
6602,82,,,1,MCCB001_BD,,MARY QUEEN CASHEW NUTBOX 25 gr,770,,786.4,,,1,216,PC,,11,,2
6603,82,,,1,MCCB002_BD,,MARY QUEEN CASHEW NUTBOX 28 gr,770,,0,,,1,200,PC,,11,,2
6604,82,,,1,MCCB003_BD,,MARY QUEEN C NUT BOX METALIZE 6 X 36 18GR,372,,412,,,1,216,PC,,11,,2
6605,82,,,1,MCCB004_BD,,MARY QUEEN C.NUT BOX  8X24 18GR,372,,412,,,1,192,PC,,11,,2
6606,82,,,1,MCCB005_BD,,MARRY QUEEN BOX 20GR,634.01,,702.27,,,1,288,PC,,11,,2
6607,82,,,1,MCCB006,,MARRY QUEEN BOX 20GR 6X24 144/CT,676.36,,749.1,,,1,144,PC,,11,,2
6608,82,,,1,MCCB006_BD,,MARRY QUEEN BOX 20GR 6X24 144/CT,676.36,,749.1,,,1,144,PC,,11,,2
6609,82,,,1,MCCB007,,MARRY QUEEN BOX 10GR 12X24X12G 288/CT,656.95,,749.77,,,1,288,PC,,11,,2
6610,82,,,1,MCCB007_BD,,MARRY QUEEN BOX 10GR 12X24 288/CT,657,,750.44,,,1,288,PC,,11,,2
6611,82,,,1,MCCB008,,MARRY QUEEN BIG 12X12X20G,1422.86,,1623.87,,,1,144,PC,,11,,2
6612,82,,,1,MCCB008_BD,,MARRY QUEEN BIG 12X12X25GR,1301,,1486,,,1,144,PC,,11,,2
6613,82,,,1,MCCBF001,,CHO CHO BUTTERFLY 6X12X30GR,3577.48,,3963.96,,,1,72,PC,,11,,2
6614,82,,,1,MCCBF001_BD,,CHO CHO BUTTERFLY 6X12X30GR,3049,,3378.37,,,1,72,PC,,11,,2
6615,82,,,1,MCCCV001_BD,,CHO CHO CREPES VANILLA BOX 24X50GR,0,,0,,,1,24,PC,,11,,2
6616,82,,,1,MCCCV002_BD,,CHO CHO CREPES VANILLA SACHET 6X20,0,,0,,,1,120,PC,,11,,2
6617,82,,,1,MCCHD001,,CHO CHO HAZELNUT DIP 4X6X25GR,6260.59,,6936.93,,,1,24,PC,,11,,2
6618,82,,,1,MCCHD001_BD,,CHO CHO HAZELNUT DIP 4X6X25GR,5284.9,,6306.3,,,1,24,PC,,11,,2
6619,82,,,1,MCCJG001,,CHO CHO JOY GT 4X6X20G,5870.35,,6504.55,,,1,24,PC,,11,,2
6620,82,,,1,MCCJJ001,,CHO CHO JOY JUMBO 2X6X50G,14513.18,,16080.75,,,1,12,PC,,11,,2
6621,82,,,1,MCCJJ001_BD,,CHO CHO JOY JUMBO 2X6X50G,14513.18,,16080.75,,,1,12,PC,,11,,2
6622,82,,,1,MCCJM001,,CHO CHO JOY MINI 4X12X20G,7256.59,,8040.21,,,1,48,PC,,11,,2
6623,82,,,1,MCCJM001_BD,,CHO CHO JOY MINI 4X12X20G,7256.59,,8040.21,,,1,48,PC,,11,,2
6624,82,,,1,MCCJP001,,CHO CHO JOY PACK 10X3X20GR,5870.35,,6504.55,,,1,30,PC,,11,,2
6625,82,,,1,MCCJS001,,CHO CHOC JOY SUPER 2X6X30GR,12178.55,,13494.48,,,1,12,PC,,11,,2
6626,82,,,1,MCCJS001_BD,,CHO CHOC JOY SUPER 2X6X40GR,12178.55,,13494.48,,,1,12,PC,,11,,2
6627,82,,,1,MCCKR001,,CHOCHO KARAMELO BOX 12X12X20G,1300.9,,1531.53,,,1,144,PC,,11,,2
6628,82,,,1,MCCKR001_BD,,CHOCHO KARAMELO BOX 12X12X20G,1300.9,,1531.53,,,1,144,PC,,11,,2
6629,82,,,1,MCCLC001,,CHOCHO LOLLIPOP CHOCOLATE 12X12X18G,1565.15,,1734.23,,,1,144,PC,,11,,2
6630,82,,,1,MCCLY001,,CHO CHO LOLY 8X24X8GR,792.74,,878.38,,,1,192,PC,,11,,2
6631,82,,,1,MCCLY001_BD,,CHO CHO LOLY 8X24X12GR,698,,772.97,,,1,192,PC,,11,,2
6632,82,,,1,MCCLY002,,CHO CHO LOLY STRAW 8X24X8GR,792.74,,878.38,,,1,192,PC,,11,,2
6633,82,,,1,MCCLY002_BD,,CHO CHO LOLY STRAW 8X24X12GR,792.74,,878.38,,,1,192,PC,,11,,2
6634,82,,,1,MCCMC002,,CHO CHO MILK CHOCOLATE 12X12X20G,1520.43,,1684.68,,,1,144,PC,,11,,2
6635,82,,,1,MCCMC002_BD,,CHO CHO MILK CHOCOLATE 12X12X25G,1520.43,,1684.68,,,1,144,PC,,11,,2
6636,82,,,1,MCCMM001,,CHO CHO MILK MINI 24X24,369.94,,409.91,,,1,576,PC,,11,,2
6637,82,,,1,MCCMM001_BD,,CHO CHO MILK MINI 24X24,369.94,,409.91,,,1,576,PC,,11,,2
6638,82,,,1,MCCMN002,,CHO CHO MILK MINI JAR 12X24X8GR,8860.91,,9818.18,,,1,12,PC,,11,,2
6639,82,,,1,MCCMN002_BD,,CHO CHO MILK MINI JAR 12X24,8860.91,,9818.18,,,1,12,PC,,11,,2
6640,82,,,1,MCCMR002,,CHO MEISES RENCENG MIX 8X30X7GR,361.81,,400.9,,,1,240,PC,,11,,2
6641,82,,,1,MCCMR002_BD,,CHO MEISES RENCENG MIX 8X30X7GR,328,,363.96,,,1,240,PC,,11,,2
6642,82,,,1,MCCMW001_BD,,CHO CHO MAXI WHITE 12X24X20,0,,0,,,1,288,PC,,11,,2
6643,82,,,1,MCCN001_BD,,MARY QUEEN CASHEW NUT JAR 25gr,27727.27,,28318.2,,,1,6,JR,,11,,2
6644,82,,,1,MCCNB001,,CHO CHO CMPND NICEBAR 24X250GR,9756.02,,10810,,,1,24,PC,,11,,2
6645,82,,,1,MCCNB001_BD,,CHO CHO CMPND NICEBAR 24X250GR,9756.02,,10810,,,1,24,PC,,11,,2
6646,82,,,1,MCCPL001,,CHOCOLATE PASTA LUNCH BX 12X40X12G,587.04,,636.36,,,1,480,PC,,11,,2
6647,82,,,1,MCCRJ001,,CHOCHO CHOCOLATE RICE JAR 24X200G,10741.44,,11602.7,,,1,24,PC,,11,,2
6648,82,,,1,MCCRJ001_BD,,CHOCHO CHOCOLATE RICE JAR 24X200G,10741.44,,11602.7,,,1,24,PC,,11,,2
6649,82,,,1,MCCRL001,,CHO CHO WAFER STICK SINGLE,352.06,,390.09,,,1,144,PC,,11,,2
6650,82,,,1,MCCRL001_BD,,CHO CHO WAFER STICK SINGLE,352.06,,390.09,,,1,144,PC,,11,,2
6651,82,,,1,MCCSB001,,CHO CHO SNACK CHOCLATE BAG 12X10X15G,1395.22,,1545.95,,,1,120,PC,,11,,2
6652,82,,,1,MCCSB002,,CHO CHO SNACK STRAWBERRY 12X10X15G,1395.22,,1545.95,,,1,120,PC,,11,,2
6653,82,,,1,MCCSB003,,CHOCHO SNACK CHOCOLATE MEISES BAG 12X10X15G,1395.22,,1545.95,,,1,120,PC,,11,,2
6654,82,,,1,MCCSB005,,CHOCHO SEMPRONG BAG 4BX6PCX85G,6402.87,,7094.59,,,1,24,PC,,11,,2
6655,82,,,1,MCCSB005_BD,,CHOCHO SEMPRONG BAG 4BX6PCX85G,5813.4,,6441.44,,,1,24,PC,,11,,2
6656,82,,,1,MCCSM001,,CHOCHO SNACK CHO MEISES 12X10X15G SANRIO,2195.27,,2432.42,,,1,120,PC,,11,,2
6657,82,,,1,MCCSM001_BD,,CHOCHO SNACK CHO MEISES 12X10X15G SANRIO,1931.02,,2139.63,,,1,120,PC,,11,,2
6658,82,,,1,MCCSO001,,CHOCHO SNACK CHO 12X10X15GR SANRIO,2195.27,,2432.42,,,1,120,PC,,11,,2
6659,82,,,1,MCCSO001_BD,,CHOCHO SNACK CHO 12X10X15GR SANRIO,1931.02,,2139.63,,,1,120,PC,,11,,2
6660,82,,,1,MCCSS001,,CHOCHO CHO STRW 12X10X15G SANRIO,2195.27,,2432.42,,,1,120,PC,,11,,2
6661,82,,,1,MCCSS001_BD,,CHOCHO CHO STRW 12X10X15G SANRIO,2195.27,,2432.42,,,1,120,PC,,11,,2
6662,82,,,1,MCCSV001,,CHOCHO SNACK CHO VAN 12X10X15GR SANRIO,2195.27,,2432.42,,,1,120,PC,,11,,2
6663,82,,,1,MCCSV001_BD,,CHOCHO SNACK CHO VAN 12X10X15GR SANRIO,2195.27,,2432.42,,,1,120,PC,,11,,2
6664,82,,,1,MCCWC001,,CHOCHO WS COOKIES&CREAM 6X10X29G,5183.28,,5742.86,,,1,60,PC,,11,,2
6665,82,,,1,MCCWC001_BD,,CHOCHO WS COOKIES&CREAM 6X10X33G,5183.28,,5742.86,,,1,60,PC,,11,,2
6666,82,,,1,MCCWR001,,CHO CHO WAFER ROLL COOKIES & CREAM 6X500GR,26688.8,,29572.07,,,1,6,PC,,11,,2
6667,82,,,1,MCCWR001_BD,,CHO CHO WAFER ROLL COOKIES & CREAM 6X500GR,26688.8,,29572.07,,,1,6,PC,,11,,2
6668,82,,,1,MCCWR002,,CHO CHO WAFER ROLL SEMPRONG 6X300G,23294.26,,25810.81,,,1,6,TP,,11,,2
6669,82,,,1,MCCWR002_BD,,CHO CHO WAFER ROLL SEMPRONG 6X300G,23294.26,,25810.81,,,1,6,PC,,11,,2
6670,82,,,1,MCCWS001,,CHO CHO WAFER SNACK ASSORTED 8X6,4519.82,,5008.11,,,1,48,PC,,11,,2
6671,82,,,1,MCCXS001,,CHO CHO XXTRA SINGLE 12X20X14GR,650.45,,720.72,,,1,240,PC,,11,,2
6672,82,,,1,MCOBD001_BD,,CHO CHO BIS DUPLEK 18GR 12 X 10PC,0,,0,,,1,120,PC,,11,,2
6673,82,,,1,MCOBR001_BD,,CHO CHO BIS RENCENG 25 gr,0,,0,,,1,120,PC,,11,,2
6674,82,,,1,MCOBW001_BD,,CHO OLE BALL BLACK &WHITE 25GR,0,,0,,,1,120,PC,,11,,2
6675,82,,,1,MCOCC001_BD,,CHO CHO CHOCOLATE 123 12GR,0,,0,,,1,192,PC,,11,,2
6676,82,,,1,MCOCC003,,CHO CHO 123 10X60X3.2GR,13009,,16801.8,,,1,10,JR,,11,,2
6677,82,,,1,MCOCC003_BD,,CHO CHO 123 10X60X3.2GR,13009,,14414.41,,,1,10,JR,,11,,2
6678,82,,,1,MCOCM002,,CHO MEISES COKLAT 24 x 200 GR,8614.77,,9545.45,,,1,24,JR,,11,,2
6679,82,,,1,MCOCM002_BD,,CHO MEISES COKLAT 24 x 200 GR,8614.77,,9545.45,,,1,24,JR,,11,,2
6680,82,,,1,MCOCR001_BD,,CHO CHO CERUTTOS 6X24X12GR,0,,0,,,1,144,PC,,11,,2
6681,82,,,1,MCOKR001,,CHO CHO KARAMELLO 6X24PC 20GR,1300.9,,1531.53,,,1,144,PC,,11,,2
6682,82,,,1,MCOKR001_BD,,CHO CHO KARAMELLO 6X24PC,711.16,,770.91,,,1,144,PC,,11,,2
6683,82,,,1,MCOKR002_BD,,CHO CHO KARAMELLO RCNG 12X12PC,0,,0,,,1,144,PC,,11,,2
6684,82,,,1,MCOKR003,,CHO CHO KARAMELO 12X24X12G,696,,771.17,,,1,288,PC,,11,,2
6685,82,,,1,MCOKR003_BD,,CHO CHO KARAMELO 12X24X12G,696,,771.17,,,1,288,PC,,11,,2
6686,82,,,1,MCOKU001_BD,,CHO CHO KU 15 gr,0,,0,,,1,200,PC,,11,,2
6687,82,,,1,MCOKU002_BD,,CHO CHO KU BOX 6X36PC,0,,0,,,1,216,PC,,11,,2
6688,82,,,1,MCOMC001,,CHO CHO MILK CKLT 13 gr 20 x 25 PC,645,,818.92,,,1,500,PC,,11,,2
6689,82,,,1,MCOMC001_BD,,CHO CHO MILK CKT 14 gr,0,,0,,,1,500,PC,,11,,2
6690,82,,,1,MCOMC002_BD,,CHO CHO MILK COKLAT 18GR 20X50S,398.97,,429,,,1,1000,PC,,11,,2
6691,82,,,1,MCOMC003_BD,,CHO CHO MILK WHITE SMALL 25/BOX 14 GR,0,,0,,,1,500,PC,,11,,2
6692,82,,,1,MCOMC004_BD,,CHO CHO MAXI CHOCO 12X24X20GR,0,,0,,,1,288,PC,,11,,2
6693,82,,,1,MCOMC005_BD,,CHO CHO MILK CHOCO SMALL 20X24,398.95,,429,,,1,480,PC,,11,,2
6694,82,,,1,MCOMC006_BD,,CHO CHO MILK WHITE SMALL 24/BOX 14GR,398.94,,428.97,,,1,480,PC,,11,,2
6695,82,,,1,MCOMC007_BD,,CHO CHO MILK 20X50 BANDED,1994.85,,2181,,,1,200,PC,,11,,2
6696,82,,,1,MCOMC008_BD,,CHO CHO MILK10 X8 BANDEDX3X20GR,2029.09,,2247,,,1,80,PC,,11,,2
6697,82,,,1,MCOMC009,,CHO CHO MILK CHOCO 1000 10X24X13R,645,,818.92,,,1,240,PC,,11,,2
6698,82,,,1,MCOMC009_BD,,CHO CHO MILK CHOCO 1000 10X24X13GR,739.07,,818.92,,,1,240,PC,,11,,2
6699,82,,,1,MCOMC010_BD,,CHO CHO MILK WHITE 1000 10X24X20GR,691.88,,750,,,1,240,PC,,11,,2
6700,82,,,1,MCOMC011,,CHO CHO MILK CHOCO 12X24X10GR,792.74,,878.38,,,1,288,PC,,11,,2
6701,82,,,1,MCOMC011_BD,,CHO CHO MILK CHOCO 12X24X10GR,645,,818.92,,,1,288,PC,,11,,2
6702,82,,,1,MCOMS001,,CHO CHO MILK STRAWBERRY 12X24X10GR,644.75,,878.37,,,1,288,PC,,11,,2
6703,82,,,1,MCOMS001_BD,,CHO CHO MILK STRAWBERRY 12X24X10GR,644.75,,818.91,,,1,288,PC,,11,,2
6704,82,,,1,MCOMW001_BD,,CHO CHO MILK WAFER 12GR 6X24,0,,0,,,1,144,PC,,11,,2
6705,82,,,1,MCOMW002,,CHO MILK WAFER CHOCOLATE 8X24X16,670.91,,727.27,,,1,192,PC,,11,,2
6706,82,,,1,MCONB001_BD,,CHO CHO NYEM LAYER BIG 10 gr,0,,0,,,1,400,PC,,11,,2
6707,82,,,1,MCONL001,,CHO NYEM LONGSTICK TPL 7GR 12x50pc,19310,,21389.39,,,1,12,JR,,11,,2
6708,82,,,1,MCONL001_BD,,CHO NYEM LONGSTICK TPL 11 GR,17434.5,,19318,,,1,12,JR,,11,,2
6709,82,,,1,MCONL002_BD,,CHO NYEM LONGSTICK TPL 11GR 12x24pc,0,,0,,,1,12,JR,,11,,2
6710,82,,,1,MCOOB001_BD,,CHO OLE BAG BSR 65 GR,0,,0,,,1,30,PC,,11,,2
6711,82,,,1,MCOPB001,,CHO CHO PILLOW BIGSIZE (HEXAGONAL) 32GR 10x3pc,2868.14,,3109.09,,,1,30,PC,,11,,2
6712,82,,,1,MCOPB001_BD,,CHO CHO PILLOW BIGSIZE (HEXAGONAL) 32 GR,2868.14,,3109.09,,,1,30,PC,,11,,2
6713,82,,,1,MCOPB002,,CHO-CHO PILOW BIGSIZE 6X6.28GR BERHADIAH,5142.62,,5698.2,,,1,36,PC,,11,,2
6714,82,,,1,MCOPB002_BD,,CHO-CHO PILOW BIGSIZE 6X6.32GR BERHADIAH,5142.62,,5698.2,,,1,36,PC,,11,,2
6715,82,,,1,MCORC001_BD,,CHO CHO CREPES 24 X 50GR,0,,0,,,1,24,PC,,11,,2
6716,82,,,1,MCORC002_BD,,CHO CHO BANANA CREPES 6x20x25gr,0,,0,,,1,120,PCS,,11,,2
6717,82,,,1,MCORC003_BD,,CHO CHO CREPES VANILA 6X20X25GR,0,,0,,,1,120,PC,,11,,2
6718,82,,,1,MCOSN001_BD,,CHO CHO SNACK 25 GR,1486.76,,1598.67,,,1,144,PC,,11,,2
6719,82,,,1,MCOWC001,,CHO WS COKLAT TPL 260gr 12 x 60 PC,14391.21,,15945.94,,,1,12,JR,,11,,2
6720,82,,,1,MCOWC001_BD,,CHO WS COKLAT TPL 260 gr,13720.44,,15202.7,,,1,12,JR,,11,,2
6721,82,,,1,MCOWC002,,CHO WS COKLAT TPL 500 gr 6 x 130 PC,25367.57,,28108.11,,,1,6,JR,,11,,2
6722,82,,,1,MCOWC002_BD,,CHO WS COKLAT TPL 500 gr 6 x 130 PC,25367.57,,28108.11,,,1,6,JR,,11,,2
6723,82,,,1,MCOWC003,,CHO WFR SNACK COK-CHEESE 35 gr 6x10pc,5183.28,,5742.86,,,1,60,PC,,11,,2
6779,82,,,1,MDKDN001_BD,,DARKIE NEW 25 gr,0,,0,,,1,300,PC,,11,,2
6724,82,,,1,MCOWC003_BD,,CHO WFR SNACK COK-CHEESE 40 gr 6x10pc,4488,,5360,,,1,60,PC,,11,,2
6725,82,,,1,MCOWC005_BD,,CHO WS KURMA TPL 700 gr 6 x 130 PC,0,,0,,,1,6,PC,,11,,2
6726,82,,,1,MCOWC006,,CHO WFR SNACK COK-MEISES 35GR,5183.28,,5742.86,,,1,60,PC,,11,,2
6727,82,,,1,MCOWC006_BD,,CHO WFR SNACK COK-MEISES,4520,,5360,,,1,60,PC,,11,,2
6728,82,,,1,MCOWC010,,CHO CHO SNACK CHOCOLAT TRAY  12X10X15GR,1559.45,,1727.93,,,1,120,PC,,11,,2
6729,82,,,1,MCOWC010_BD,,CHO CHO SNACK CHOCOLAT 12X10X20GR,1559.45,,1727.93,,,1,120,PC,,11,,2
6730,82,,,1,MCOWD001,,CHO WS COCONUT TPL 260 gr 12 x 60 PC,14391.21,,15945.94,,,1,12,JR,,11,,2
6731,82,,,1,MCOWD001_BD,,CHO WS COCONUT TPL 260 gr 12 x 60 PC,14391.21,,15945.94,,,1,12,JR,,11,,2
6732,82,,,1,MCOWF001_BD,,CHO WS REFIL COKLAT 500 gr,12040.17,,13340.91,,,1,4,BG,,11,,2
6733,82,,,1,MCOWJ001,,CHO WS RADJA 670 gr 6 x 130 PC,29961.37,,33198.2,,,1,6,JR,,11,,2
6734,82,,,1,MCOWJ001_BD,,CHO WS RADJA 670 gr 6 x 130 PC,29961.37,,33198.2,,,1,6,JR,,11,,2
6735,82,,,1,MCOWK001,,CHO WFR SNACK COK-CRISPY 29 gr 6x10pc,5183.28,,5742.86,,,1,60,PC,,11,,2
6736,82,,,1,MCOWK001_BD,,CHO WFR SNACK COK-CRISPY 35 gr,5183.28,,5742.86,,,1,60,PC,,11,,2
6737,82,,,1,MCOWM001,,CHO WS KOMBINASI RFL 500 gr 4 x 100 PC,12040.17,,13340.91,,,1,4,BG,,11,,2
6738,82,,,1,MCOWM001_BD,,CHO WS KOMBINASI RFL 500 gr,12040.17,,13340.91,,,1,4,BG,,11,,2
6739,82,,,1,MCOWP001,,CHO WS CAPPUCINO TPL 500 gr 6 x 130 PC,26688.8,,29572.07,,,1,6,JR,,11,,2
6740,82,,,1,MCOWP001_BD,,CHO WS CAPPUCCINNO TPL 700 gr,26688.8,,29572.07,,,1,6,JR,,11,,2
6741,82,,,1,MCOWR001,,CHO CHO WS RATU 6 x 320 gr,17501.18,,19391.89,,,1,6,JR,,11,,2
6742,82,,,1,MCOWR001_BD,,CHO CHO WS RATU 6X320G,17501.18,,19391.89,,,1,6,JR,,11,,2
6743,82,,,1,MCOWR002,,CHO CHO WS RATU STRAW6 x 375 gr,17501.18,,19391.89,,,1,6,PC,,11,,2
6744,82,,,1,MCOWR002_BD,,CHO CHO WS RATU STRAW6 x 375 gr,17501.18,,19391.89,,,1,6,PC,,11,,2
6745,82,,,1,MCOWR003,,CHOCHO MILK WAFER CREAM 8X24X16G,670.91,,727.27,,,1,192,PC,,11,,2
6746,82,,,1,MCOWS001,,CHO WFR SNACK COK-STRAW 35 gr 6x10pc,5183.28,,5742.86,,,1,60,PC,,11,,2
6747,82,,,1,MCOWS001_BD,,CHO WFR SNACK COK-STRAW 50 gr,5183.2,,5742.86,,,1,60,PC,,11,,2
6748,82,,,1,MCOWS002,,CHO CHO SNACK CRISPY 12X12X6GR,792.74,,878.38,,,1,144,PC,,11,,2
6749,82,,,1,MCOWS002_BD,,CHO CHO SNACK CRISPY 12X12X16GR,792.74,,878.38,,,1,144,PC,,11,,2
6750,82,,,1,MCOWS003_BD,,CHO CHO SNACK MIX 12X12,0,,0,,,1,144,PC,,11,,2
6751,82,,,1,MCOWS004,,CHO WS TWIN CAPPUCINO 6X500GR,26688.8,,29572.07,,,1,6,PC,,11,,2
6752,82,,,1,MCOWS004_BD,,CHO WS TWIN CAPPUCINO 6X600GR,26688.8,,29572.07,,,1,6,PC,,11,,2
6753,82,,,1,MCOWS005,,CHO WS TWIN TIRAMISU 6X500GR,26688.8,,29572.07,,,1,6,PC,,11,,2
6754,82,,,1,MCOWS005_BD,,CHO WS TWIN TIRAMISU 6X600GR,26688.8,,29572.07,,,1,6,PC,,11,,2
6755,82,,,1,MCOWS006_BD,,CHO CHO SNACK STRAW 12X12X20GR,1523.5,,1638.18,,,1,144,PC,,11,,2
6756,82,,,1,MCOWS010,,CHO CHO SNACK MEISES TRAY  12X10X15GR,1559.45,,1727.93,,,1,120,PC,,11,,2
6757,82,,,1,MCOWS010_BD,,CHO CHO SNACK MEISES 12X10X20GR,1559.45,,1727.93,,,1,120,PC,,11,,2
6758,82,,,1,MCOWS011,,CHO CHO SNACK STRAW TRAY 12X10X15GR,1559.45,,1727.93,,,1,120,PC,,11,,2
6759,82,,,1,MCOWS011_BD,,CHO CHO SNACK STRAW 12X10X20GR,1559.45,,1727.93,,,1,120,PC,,11,,2
6760,82,,,1,MCOWS012,,CHO CHO WAFER STICK CHOCOLATE PREMIUM 12X350GR,26879.86,,29783.78,,,1,12,PC,,11,,2
6761,82,,,1,MCOWS015,,A WAFER ROLL CHOCOLATE 500GR,18781.75,,20810.81,,,1,6,PC,,11,,2
6762,82,,,1,MCOWS015_BD,,A WAFER ROLL CHOCOLATE 600GR,18781.75,,20810.81,,,1,6,PC,,11,,2
6763,82,,,1,MCOWT001,,CHO WS STRAW TPL 260 gr 12 x 60 PC,14391.21,,15945.94,,,1,12,JR,,11,,2
6764,82,,,1,MCOWT001_BD,,CHO WS STRAW TPL 260 gr,14391.21,,15945.94,,,1,12,JR,,11,,2
6765,82,,,1,MCOWT002,,CHO WS TIRAMISU TPL 260 gr 12 x 60 PC,14391.21,,15945.94,,,1,12,PC,,11,,2
6766,82,,,1,MCOWT002_BD,,CHO WS TIRAMISU TPL 260 gr 12 x 60 PC,13720.44,,15202.7,,,1,12,PC,,11,,2
6767,82,,,1,MCOWV001,,CHO WFR SNACK COK-VAN 35gr 6x10pc,5183.28,,5742.86,,,1,60,PC,,11,,2
6768,82,,,1,MCOWV001_BD,,CHO WFR SNACK COK-VAN 50 gr,5183.28,,5742.86,,,1,60,PC,,11,,2
6769,82,,,1,MCOWV012,,CHO CHO SNACK VANILLA TRAY 12X10X15GR,1559.45,,1727.93,,,1,120,PC,,11,,2
6770,82,,,1,MCOWV012_BD,,CHO CHO SNACK VANILLA 12X10X20GR,1559.45,,1727.93,,,1,120,PC,,11,,2
6771,82,,,1,MCWRC001,,CHO SINGLES WFR ROLL COK CRM 6X24X10G,358.94,,390.09,,,1,144,PC,,11,,2
6772,82,,,1,MCWRC001_BD,,CHO SINGLES WFR ROLL COK CRM 6X24X10G,358.94,,390.09,,,1,144,PC,,11,,2
6773,82,,,1,MCWRC002,,CHO EXTRA SINGLE COKLAT 12X24X7G,792.74,,878.38,,,1,288,PC,,11,,2
6774,82,,,1,MCWRC002_BD,,CHO EXTRA SINGLE COKLAT 12X24X7G,352.05,,390.09,,,1,288,PC,,11,,2
6775,82,,,1,MCWRC003,,CHO EXTRA SINGLE COOKIES&CREAM 12X24X7G,386.2,,427.93,,,1,288,PC,,11,,2
6776,82,,,1,MCWRC003_BD,,CHO EXTRA SINGLE COOKIES&CREAM 12X24X7G,352.05,,390.09,,,1,288,PC,,11,,2
6777,82,,,1,MCWRC014,,CHO EXTRA SINGLE COKLAT 12X24X7G,650.45,,720.72,,,1,240,PC,,11,,2
6778,82,,,1,MDKDL001_BD,,DARKIE LONG P.MINT 40 gr,0,,0,,,1,288,PC,,11,,2
6780,82,,,1,METWC001_BD,,ETERNA WAFER CREAM VANILLA 36 gr,0,,0,,,1,144,PC,,11,,2
6781,82,,,1,METWC002_BD,,ETERNA WAFER CRM COKLAT 16 X 24,0,,0,,,1,144,PC,,11,,2
6782,82,,,1,METWS001,,ETERNA WS COKLAT 12 X 350GR,26879.86,,29783.78,,,1,12,PC,,11,,2
6783,82,,,1,METWS001_BD,,ETERNA WS COKLAT 12 X 350GR,26879.86,,29783.78,,,1,12,PC,,11,,2
6784,82,,,1,METWS002,,ETERNA WS STROWBERY 12 X 350GR,26879.86,,29783.78,,,1,12,PC,,11,,2
6785,82,,,1,METWS002_BD,,ETERNA WS STROWBERY 12 X 350GR,26879.86,,29783.78,,,1,12,PC,,11,,2
6786,82,,,1,METWS003,,ETERNA WS VANILA 12 X 350GR,26789.86,,29783.78,,,1,12,PC,,11,,2
6787,82,,,1,METWS003_BD,,ETERNA WS VANILA 12 X 350 GR,26789.86,,29783.78,,,1,12,PC,,11,,2
6788,82,,,1,METWS004_BD,,ETERNA WS CAPUCINO 12 X 350 GR,0,,0,,,1,12,PC,,11,,2
6789,82,,,1,MGPP001_BD,,MANGO PUDDING PUREE 90GR 48/CT,2035.26,,2360,,,1,48,PC,,11,,2
6790,82,,,1,MGPP002_BD,,MANGO PUDDING PUREE 90GR 48/CT,1876.25,,2360,,,1,48,PC,,11,,2
6791,82,,,1,MGRCO001,,GARIBORI COOLMINT BOX 20BX10PCX30G,1382.21,,1531.52,,,1,200,PC,,11,,2
6792,82,,,1,MGRLO001_BD,,GARIBORI LONG 40 gr,0,,0,,,1,288,PC,,11,,2
6793,82,,,1,MGRLO003,,GARIBORI LONG 16GR 20X10,697.6,,772.97,,,1,200,PC,,11,,2
6794,82,,,1,MGRLO003_BD,,GARIBORI LONG 16GR 20X10,697.6,,772.97,,,1,200,PC,,11,,2
6795,82,,,1,MGRNW001_BD,,GARIBORI NEW 25 gr,0,,0,,,1,300,PC,,11,,2
6796,82,,,1,MGRSC001_BD,,"GARIBORI SACHET 2,2 gr",0,,0,,,1,300,PC,,11,,2
6797,82,,,1,MGRSP001_BD,,GARIBORI NEW SPEARMINT 30X10,0,,0,,,1,300,PC,,11,,2
6798,82,,,1,MJYMN001,,JOYMINT FRESH CANDY BX 15X10X25,676.88,,750,,,1,150,PC,,11,,2
6799,82,,,1,MJYMN001_BD,,JOYMINT FRESH CANDY BX 15X10X25,676.88,,750,,,1,150,PC,,11,,2
6800,82,,,1,MJYMN003,,JOYMINT VIT C 12X10X25G,1292.77,,1432.43,,,1,120,PC,,11,,2
6801,82,,,1,MJYMN003_BD,,JOYMINT VIT C 12X10X25G,1292.77,,1432.43,,,1,120,PC,,11,,2
6802,82,,,1,MKPP001_BD,,MARKISA PUDDING PUREE 90GR 48/CT,2035.26,,2360,,,1,48,PC,,11,,2
6803,82,,,1,MKPP001_BN,,MARKISA PUDDING PUREE 90GR 48/CT,0,,0,,,1,48,PC,,11,,2
6804,82,,,1,MMCCB001_BD,,MARY QUEEN CASHEW NUTBOX 25 gr,0,,0,,,1,216,PC,,11,,2
6805,82,,,1,MMCCB002_BD,,MARY QUEEN CASHEW NUTBOX 28 gr,0,,0,,,1,200,PC,,11,,2
6806,82,,,1,MMCCB003_BD,,MARY QUEEN C NUT BOX METALIZE 6 X 36 18GR,0,,0,,,1,216,PC,,11,,2
6807,82,,,1,MMCCB004_BD,,MARY QUEEN C.NUT BOX  8X24 18GR,0,,0,,,1,192,PC,,11,,2
6808,82,,,1,MMCCB005_BD,,MARRY QUEEN BOX 20GR,0,,0,,,1,288,PC,,11,,2
6809,82,,,1,MMCCB006,,MARRY QUEEN BOX 20GR 6X24 144/CT,697.5,,750,,,1,144,PC,,11,,2
6810,82,,,1,MMCCB007,,MARRY QUEEN BOX 10GR 12X24 288/CT,792.74,,878.38,,,1,288,PC,,11,,2
6811,82,,,1,MMCCB007_BD,,MARRY QUEEN BOX 10GR 12X24 288/CT,739.09,,818.92,,,1,288,PC,,11,,2
6812,82,,,1,MMCCB008,,MARRY QUEEN BIG 12X12X20GR,1520.43,,1684.68,,,1,144,PC,,11,,2
6813,82,,,1,MMCCB008_BD,,MARRY QUEEN BIG 12X12X25GR,1382.2,,1531.53,,,1,144,PC,,11,,2
6814,82,,,1,MMCCN001_BD,,MARY QUEEN CASHEW NUT JAR 25gr,0,,0,,,1,6,JR,,11,,2
6815,82,,,1,MMPMB001_BD,,MENTA PEPPERMINT BLUE 6X12X10GR,3648.07,,3954.55,,,1,72,PC,,11,,2
6816,82,,,1,MMSBG001,,MENTA BAG 20 x 50 PC 60 gr,5915.03,,6554.05,,,1,20,BG,,11,,2
6817,82,,,1,MMSBG001_BD,,MENTA BAG 60 gr,5390,,5972.42,,,1,20,BG,,11,,2
6818,82,,,1,MMSBG003,,MENTA FRUITY LOVE 20X50X60GR,5915.03,,6554.05,,,1,20,PC,,11,,2
6819,82,,,1,MMSBG003_BD,,MENTA FRUITY LOVE 20X50X60GR,5390,,5972.42,,,1,20,PC,,11,,2
6820,82,,,1,MMSCB001_BD,,MENTA CHEWY CANDY BAG 102 gr,0,,0,,,1,30,BG,,11,,2
6821,82,,,1,MMSCJ001_BD,,MENTA CHEWY CANDY JAR 680 gr,0,,0,,,1,6,JR,,11,,2
6822,82,,,1,MMSCN001,,MENTA CAN 6 x 12 PC 30 gr,5691.44,,6306.3,,,1,72,BG,,11,,2
6823,82,,,1,MMSCN001_BD,,MENTA CAN 30 gr,5188,,5748.11,,,1,72,BG,,11,,2
6824,82,,,1,MMSGC001_BD,,MENTA CHEWING GUM COOLMINT,0,,0,,,1,240,PC,,11,,2
6825,82,,,1,MMSGM001_BD,,MENTA CHEWING GUM SPEARMINT,0,,0,,,1,240,PC,,11,,2
6826,82,,,1,MMSMS001,,MENTA SLIDING 10gr 6x12pc,5691.44,,6306.3,,,1,72,PC,,11,,2
6827,82,,,1,MMSMS001_BD,,MENTA SLIDING 12 gr,5188,,5748.11,,,1,72,PC,,11,,2
6828,82,,,1,MMSMT001_BD,,MENTA TOPLES,0,,0,,,1,6,JR,,11,,2
6829,82,,,1,MMTFP001,,MENTA FLIP TOP 6X12,5691.44,,6306.3,,,1,72,PC,,11,,2
6830,82,,,1,MMTFP001_BD,,MENTA FLIP TOP 6X12,5691.44,,6306.3,,,1,72,PC,,11,,2
6831,82,,,1,MMVED001_BD,,MENTA VALENTINE EDITION 6X8X2X10GR,7609.1,,8618.18,,,1,48,PC,,11,,2
6832,82,,,1,MNJL001,,MINIJELLY JELLYBOI MIX 3CUPX120,620.4,,705,,,1,120,PC,,11,,2
6833,82,,,1,MNJL001_BD,,MINIJELLY JELLYBOI MIX 3CUPX120,620.4,,705,,,1,120,PC,,11,,2
6834,82,,,1,MPPJ001_BD,,MENTA PEPPERMINT JAR 12X108G,7757.38,,8669.16,,,1,12,JR,,11,,2
6835,82,,,1,MRKSW001_BD,,ROCKY STREET WS TPL 600 gr,14969.65,,16227.27,,,1,6,JR,,11,,2
6836,82,,,1,MRKWC001_BD,,ROCKY WAFER CREAM CHO 8X14GR,0,,0,,,1,160,PC,,11,,2
6837,82,,,1,MRKWK001_BD,,ROCKY WAFER KEJU 6X36PC,0,,0,,,1,216,PC,,11,,2
6838,82,,,1,MRKWS001,,ROCKY WS CHOCO-STRW 6X300GR,20916.04,,23175.67,,,1,6,JR,,11,,2
6839,82,,,1,MRKXT001,,ROCKY XXXXTRA TPL 620 gr 6x120pc,26688.8,,29572.07,,,1,6,JR,,11,,2
6840,82,,,1,MRKXT001_BD,,ROCKY XXXTRA TPL700 gr,26688.8,,29572.07,,,1,6,JR,,11,,2
6841,82,,,1,MRKXT002_BD,,ROCKY FAMILY PACK 24X120GR,0,,0,,,1,24,PK,,11,,2
6842,82,,,1,MSBG001,,MENTA BAG 20 x 50 PC 60 gr,5569.48,,6356.31,,,1,20,BG,,11,,2
6843,82,,,1,MSBG001_BD,,MENTA BAG 60 gr,5082,,5804.77,,,1,20,BG,,11,,2
6844,82,,,1,MSBG003,,MENTA FRUITY LOVE 20X50X60GR,5569.48,,6356.31,,,1,20,PC,,11,,2
6845,82,,,1,MSBG003_BD,,MENTA FRUITY LOVE 20X50X60GR,5082,,5804.77,,,1,20,PC,,11,,2
6846,82,,,1,MSCB001_BD,,MENTA CHEWY CANDY BAG 102 gr,1927.63,,2363.64,,,1,30,BG,,11,,2
6847,82,,,1,MSCJ001_BD,,MENTA CHEWY CANDY JAR 680 gr,16363.63,,16727.3,,,1,6,JR,,11,,2
6848,82,,,1,MSCN001,,MENTA CAN 6 x 12 PC 30 gr,5345.89,,6101.13,,,1,72,BG,,11,,2
6849,82,,,1,MSCN001_BD,,MENTA CAN 30 gr,4878,,5572.58,,,1,72,BG,,11,,2
6850,82,,,1,MSGC001_BD,,MENTA CHEWING GUM COOLMINT,315,,350.18,,,1,240,PC,,11,,2
6851,82,,,1,MSGM001_BD,,MENTA CHEWING GUM SPEARMINT,350.18,,350.18,,,1,240,PC,,11,,2
6852,82,,,1,MSMS001,,MENTA SLIDING 10gr 6x12pc,5345.89,,6101.13,,,1,72,PC,,11,,2
6853,82,,,1,MSMS001_BD,,MENTA SLIDING 12 gr,5345.89,,6101.13,,,1,72,PC,,11,,2
6854,82,,,1,MSMT001_BD,,MENTA TOPLES,10900,,10900,,,1,6,JR,,11,,2
6855,5,,,1,MTBP126_BD,,A23 BP1,8986,,9000,,,1,480,PK,,11,,2
6856,5,,,1,MTBP128_BD,,A23 BP1,11440,,13333,,,1,480,PK,,11,,2
6857,5,,,1,MTBP129_BD,,A23 BP5,27672.43,,32252,,,1,200,PK,,11,,2
6858,5,,,1,MTBP130_BD,,A76 BP2,5024.32,,5856,,,1,240,PK,,11,,2
6859,5,,,1,MTBP135_BD,,A27 BP1,10898.92,,12703,,,1,480,PC,,11,,2
6860,5,,,1,MTEL001_BD,,MT PL314M EASY LIGHT,38219.61,,44545,,,1,48,PC,,11,,2
6861,82,,,1,MTFP001,,MENTA FLIP TOP 6X12,5345.89,,6101.13,,,1,72,PC,,11,,2
6862,82,,,1,MTFP001_BD,,MENTA FLIP TOP 6X12,4878,,5572.58,,,1,72,PC,,11,,2
6863,5,,,1,MTLP001_BD,,EV - LP212 PENLIGHT,25740,,30000,,,1,144,PC,,11,,2
6864,82,,,1,MVED001_BD,,MENTA VALENTINE EDITION 6X8X2X10GR,7609.1,,8181.82,,,1,48,PCS,,11,,2
6865,82,,,1,NACC033,,NATA DE COCO SP COCOPANDAN 360grX24PK,5007,,5690,,,1,24,PK,,11,,2
6866,82,,,1,NACC033_BD,,NATA DE COCO SP COCOPANDAN 360grX24PK,5007,,5690,,,1,24,PK,,11,,2
6867,82,,,1,NACL043_BD,,NATACUP LYCHEE 200GRX24CUP,2873,,3265,,,1,24,CP,,11,,2
6868,82,,,1,NACM044_BD,,NATACUP MANGO 200GRX24CUP,2873,,3265,,,1,24,CP,,11,,2
6869,82,,,1,NACP001,,NATA CRISPY VANILLA (POT B)1KG 6 EMBER/CT,12681,,14410,,,1,6,PC,,11,,2
6870,82,,,1,NACP001_BD,,NATA CRISPY VANILLA 1KG 6 EMBER/CT,12681,,14410,,,1,6,PC,,11,,2
6871,82,,,1,NACP001_BN,,NATA CRISPY VANILLA (POT B)1KG 6 EMBER/CT,0,,0,,,1,6,PC,,11,,2
6872,82,,,1,NACP002,,NATA CRISPY VANILLA (POT K)1KG 6 EMBER/CT,12681,,14410,,,1,6,PC,,11,,2
6873,82,,,1,NACP002_BD,,NATA CRISPY VANILLA (POT K)1KG 6 EMBER/CT,12681,,14410,,,1,6,PC,,11,,2
6874,82,,,1,NACS045,,NATACUP SELASIH ORANGE 220GR MAKRO 6X4,2263,,14395,,,1,1,BD,,11,,2
6875,82,,,1,NACS045_BD,,NATACUP SELASIH ORANGE 220GR MAKRO 6X4BD,2263,,14395,,,1,4,BD,,11,,2
6876,82,,,1,NACS046_BD,,NATACUP SELASIH ORANGE 200GRX24CUP,3208,,3645.45,,,1,24,CP,,11,,2
6877,82,,,1,NACS047_BD,,NATACUP SELASIH STRAWBERRY 200GRX24CUP,3208,,3645.45,,,1,24,CP,,11,,2
6878,82,,,1,NALM034_BD,,NATA DE COCO SP LYCHEE 360GR MAKRO 3X8BD,4828.56,,5487,,,1,8,BD,,11,,2
6879,82,,,1,NALY035,,NATA DE COCO SP LYCHEE 360GRX24PK,5007,,5690,,,1,24,PK,,11,,2
6880,82,,,1,NALY035_BD,,NATA DE COCO SP LYCHEE 360GRX24PK,5007,,5690,,,1,24,PK,,11,,2
6881,82,,,1,NAMG036,,NATA DE COCO SP MANGO 360GRX24PK,5007,,5690,,,1,24,PK,,11,,2
6882,82,,,1,NAMG036_BD,,NATA DE COCO SP MANGO 360GRX24PK,5007,,5690,,,1,24,PK,,11,,2
6883,82,,,1,NASO040,,NATA DE COCO SELASIH ORANGE 1KGX12BAG,11928,,13555,,,1,12,BG,,11,,2
6884,82,,,1,NASO040_BD,,NATA DE COCO SELASIH ORANGE 1KGX12BAG,11928,,13555,,,1,12,BG,,11,,2
6885,82,,,1,NASO041_BD,,NATA DE COCO SELASIH ORANGE MAKRO 1KGX12BAG,6175.84,,7018,,,1,12,BG,,11,,2
6886,82,,,1,NAST042,,NATA DE COCO SELASIH STRAWBERRY 1KGX12BAG,11928,,13555,,,1,12,BG,,11,,2
6887,82,,,1,NAST042_BD,,NATA DE COCO SELASIH STRAWBERRY 1KGX12BAG,11928,,13555,,,1,12,BG,,11,,2
6888,82,,,1,NAST042_BN,,NATA DE COCO SELASIH STRAWBERRY 1KGX12BAG,0,,0,,,1,12,BG,,11,,2
6889,82,,,1,NASW037,,NATA DE COCO SP STRAWBERRY 360GRX24PK,5007,,5690,,,1,24,PK,,11,,2
6890,82,,,1,NASW037_BD,,NATA DE COCO SP STRAWBERRY 360GRX24PK,5007,,5690,,,1,24,PK,,11,,2
6891,82,,,1,NAVN038_BD,,NATA DE COCO SP VANILLA 1KGX12PK,11431,,12990,,,1,12,PK,,11,,2
6892,82,,,1,NAVN038_BN,,NATA DE COCO SP VANILLA 1KGX12PK,0,,0,,,1,12,PC,,11,,2
6893,82,,,1,NAVN039_BD,,NATA DE COCO SP VANILLA 360GRX24PK,5007,,5690,,,1,24,PK,,11,,2
6894,82,,,1,NAVN039_BN,,NATA DE COCO SP VANILLA 360GRX24PK,0,,0,,,1,24,PK,,11,,2
6895,82,,,1,NDCC001,,NATADECOCO COCOPANDAN 1KGX12,11431.2,,12990,,,1,12,PC,,11,,2
6896,82,,,1,NDCC001_BD,,NATADECOCO COCOPANDAN 1KGX12,11431.2,,12990,,,1,12,PC,,11,,2
6897,82,,,1,NDSC001,,NATADECOCO CUP SELASIH COCOPANDAN 200GX24,3207.6,,3645,,,1,24,PC,,11,,2
6898,82,,,1,NTCK001_BD,,NATA DRINK COKLAT 200ML 24/CT,3634.63,,4214.55,,,1,24,PC,,11,,2
6899,82,,,1,NTCP001_BD,,NATA TETRA PACK CAPPUCCINO 200ML 24/CT,3634.63,,4214.55,,,1,24,PC,,11,,2
6900,82,,,1,NTDD001_BD,,NATA DECOCO DESERT GUAVA 200GR 24/CT,3958.4,,4498.18,,,1,24,PC,,11,,2
6901,82,,,1,NTDD001_BN,,NATA DECOCO DESERT GUAVA 200GR 24/CT,0,,0,,,1,24,PC,,11,,2
6902,82,,,1,NTDD002_BD,,NATA DECOCO CUT DUGAN 1KGX6,10395.2,,11680,,,1,6,PC,,11,,2
6903,82,,,1,NTKG001_BD,,NATA KRIUUK GUAVA 24X200GR,1892.11,,2194,,,1,24,PC,,11,,2
6904,82,,,1,NTKL001_BD,,NATA KRIUUK LYCHEE 24X200GR,1892.11,,2194,,,1,24,PC,,11,,2
6905,82,,,1,NTKO001_BD,,NATA KRIUUK ORANGE 24X200GR,1152.09,,1400,,,1,24,PC,,11,,2
6906,82,,,1,OKMJ049_BD,,OK MINI JELLY 110GR 10CUPX24PK,649,,729.09,,,1,24,CP,,11,,2
6907,82,,,1,OKMJ050_BD,,OK MINI JELLY TOYS 16'S,6449.89,,7479,,,1,24,PK,,11,,2
6908,82,,,1,OKMJ051_BD,,OK MINI JELLY TOYS 8'S,3525.65,,4088.18,,,1,48,PK,,11,,2
6909,82,,,1,OKMJ051_BN,,OK MINI JELLY TOYS 8S,0,,0,,,1,48,PC,,11,,2
6910,9,,,1,PBD_SK24113,,HILO DRINK CHOCO MALT 8RX10SX14G,0,,0,,,1,80,PC,,11,,2
6911,9,,,1,PBD030MDS,,NS BLACKCURRANT TEA PLS 4PX40SX11G,0,,0,,,1,160,PC,,11,,2
6912,9,,,1,PBD073SON,,NS LESS SUGAR JERUK SONKIT PLS 4PX40SX6G,0,,0,,,1,160,PC,,11,,2
6913,9,,,1,PBD074,,NS BLEWAH PLS 4PX40SX11G,0,,0,,,1,160,PC,,11,,2
6914,9,,,1,PBD1101569326,,NS JERUK PERAS PLS 18PX40SX14GR,0,,0,,,1,720,PC,,11,,2
6915,9,,,1,PBD113PON,,NS LESS SUGAR JERUK PONTIANAK PLS 4PX40SX6G,0,,0,,,1,160,PC,,11,,2
6916,9,,,1,PBD113SON,,NS LESS SUGAR JERUK SONKIT PLS 4PX40SX6G,0,,0,,,1,160,PC,,11,,2
6917,9,,,1,PBD171CM,,HILO DRINK CREAMY MARIE PLS 15X10X14G,0,,0,,,1,150,PC,,11,,2
6918,9,,,1,PBD2HH0817441,,HILO DRINK CHOCO MALT 8RX10SX14G,0,,0,,,1,80,PC,,11,,2
6919,9,,,1,PBDSK24112,,NS JERUK PERAS PLS 18PX40SX14GR,0,,0,,,1,720,PC,,11,,2
6920,82,,,1,PCTAN,,OSP CHIKIT SACHET,3607.5,,4300,,,1,1200,PC,,11,,2
6921,82,,,1,PDPC001_BD,,PUDING POWDER COKLAT 12X12 SHC,2640.51,,3061.82,,,1,144,PC,,11,,2
6922,82,,,1,PDPC001_BN,,PUDING POWDER COKLAT 12X12 SHCT,0,,0,,,1,144,PC,,11,,2
6923,82,,,1,PDPF001_BD,,PUDDING PASSION FRUIT 80GR 1X48CT,1828.98,,1964.54,,,1,48,PC,,11,,2
6924,82,,,1,PDPS001_BD,,PUDING POWDER STRAW 12X12 SHCT,2640.51,,3061.82,,,1,144,PC,,11,,2
6925,82,,,1,PDPS001_BN,,PUDING POWDER STRAW 12X12 SHCT,0,,0,,,1,144,PC,,11,,2
6926,82,,,1,PDYG001_BD,,PUDDING CUP YOGURT 120G X 48,2868,,3260,,,1,48,PC,,11,,2
6927,82,,,1,PF400001,,LAYS SAUS PEDAS MANIS 31G,5038.4,,6000,,,1,30,PC,,11,,2
6928,82,,,1,PF400002,,LAYS SAUS PEDAS MANIS 64G,9285.32,,11000,,,1,22,PC,,11,,2
6929,82,,,1,PF400003,,LAYS RUMPUT LAUT 31G,5038.4,,6000,,,1,30,PC,,11,,2
6930,82,,,1,PF400004,,LAYS RUMPUT LAUT 64G,9285.32,,11000,,,1,22,PC,,11,,2
6931,82,,,1,PF400005,,LAYS WAVY DAGING SAPI BAKAR 31G,5038.4,,6000,,,1,30,PC,,11,,2
6932,82,,,1,PF400006,,LAYS WAVY DAGING SAPI BAKAR 64G,9285.32,,11000,,,1,22,PC,,11,,2
6933,82,,,1,PF400007,,LAYS WAVY AYAM GORENG BAWANG 31G,5038.4,,6000,,,1,30,PC,,11,,2
6934,82,,,1,PF400008,,LAYS WAVY AYAM GORENG BAWANG 64G,5038.4,,11000,,,1,22,PC,,11,,2
6935,82,,,1,PF400009,,CHEETOS JAGUNG BAKAR KEJU 50G,5038.4,,11000,,,1,30,PC,,11,,2
6936,82,,,1,PF400010,,CHEETOS JAGUNG BAKAR KEJU 120G,8637.66,,11000,,,1,14,PC,,11,,2
6937,82,,,1,PF400011,,CHEETOS KEJU 50G,5038.4,,6000,,,1,30,PC,,11,,2
6938,82,,,1,PF400012,,CHEETOS KEJU 120G,8637.66,,11000,,,1,14,PC,,11,,2
6939,82,,,1,PF400013,,DORITOS JAGUNG BAKAR 55G,5038.41,,6000,,,1,42,PC,,11,,2
6940,82,,,1,PF400014,,DORITOS JAGUNG BAKAR 120G,8277.64,,11000,,,1,24,PC,,11,,2
6941,82,,,1,PF400015,,DORITOS SAMBAL SALSA 55G,5038.4,,6000,,,1,42,PC,,11,,2
6942,82,,,1,PF400016,,DORITOS SAMBAL SALSA 120G,8277.64,,11000,,,1,24,PC,,11,,2
6943,82,,,1,PF400033,,SNACK MULTIPACK 3S 136G A,10077.74,,13000,,,1,6,PC,,11,,2
6944,82,,,1,PF400034,,SNACK MULTIPACK 5S 217G A,20155.48,,24000,,,1,8,PC,,11,,2
6945,82,,,1,PF400035,,LAYS RUMPUT LAUT 105G,12956.96,,17000,,,1,14,PC,,11,,2
6946,82,,,1,PF400036,,LAYS WAVY DAGING SAPI BAKAR 105G,12956.96,,17000,,,1,14,PC,,11,,2
6947,5,,,1,PKTA001_BD,,PAKET ALKALINE 6+1,55691.06,,64908,,,1,12,PC,,11,,2
6948,5,,,1,PKTC003_BD,,PAKET DISPLAY SENTER EV,119605.2,,139400,,,1,4,PC,,11,,2
6949,5,,,1,PKTC009_BD,,EVEREADY MINI CHARGER EV2PC4,105300,,122727.27,,,1,24,PC,,11,,2
6950,5,,,1,PKTE002,,PAKET MODULAR SPECIALITY ENERGIZER,250068,,291454.55,,,1,2,PC,,11,,2
6951,5,,,1,PKTE002_BD,,PAKET MODULAR SPECIALITY ENERGIZER,250068,,291454.55,,,1,2,PC,,11,,2
6952,5,,,1,PKTE003_BD,,PAKET MODULAR SPECIALITY ENERGIZER NEW,229008,,266909.09,,,1,2,PC,,11,,2
6953,82,,,1,PLPCJ,,MNP LPC.BADAK SACHET 7GR GUAVA-CANISTER,1295,,1550,,,1,576,PC,,11,,2
6954,82,,,1,PLPCL,,MNP LPC.BADAK SACHET 7GR JERUK NIPIS-CANISTER,1295,,1550,,,1,576,PC,,11,,2
6955,82,,,1,PLPJA,,MNP LPC.BADAK SACHET 7GR GUAVA-DUS,1295,,1550,,,1,576,PC,,11,,2
6956,82,,,1,PLPJB,,MNP LPC.BADAK SACHET 7GR GUAVA-HGR,1295,,1550,,,1,576,PC,,11,,2
6957,82,,,1,PLPNA,,MNP LPC.BADAK SACHET 7GR JERUK NIPIS-DUS,1295,,1550,,,1,576,PC,,11,,2
6958,82,,,1,PLPNB,,MNP LPC.BADAK SACHET 7GR JERUK NIPIS-HGR,1295,,1550,,,1,576,PC,,11,,2
6959,82,,,1,PLPZA,,LP CAP BADAK  EZ SACHET 25 ML ANGGUR,2065.83,,2500,,,1,144,PC,,11,,2
6960,82,,,1,PLPZB,,LP CAP BADAK  EZ SACHET 25 ML JAMBU,2065.83,,2500,,,1,144,PC,,11,,2
6961,82,,,1,PLPZC,,LP CAP BADAK  EZ SACHET 25 ML LYCHEE,2065.83,,2500,,,1,144,PC,,11,,2
6962,9,,,1,PPT24-0431,,NS JERUK PERAS PLS 18PX40SX14GR,0,,0,,,1,720,PC,,11,,2
6963,9,,,1,PPT24-0687,,NS JERUK PERAS PLS 18PX40SX14GR,0,,0,,,1,720,PC,,11,,2
6964,82,,,1,PSKPL,,OSK C.BADAK SACHET PUYER,385.41,,458.33,,,1,3600,PC,,11,,2
6966,5,,,1,RC110FL_BD,,RC110,332240.77,,387227,,,1,4,PC,,11,,2
6967,5,,,1,RCNH131_BD,,NH 12 BP2 AAA,62400,,72727.27,,,1,36,PK,,11,,2
6968,5,,,1,RCNH132_BD,,NH 15 BP2 AA,62400,,72727.27,,,1,36,PK,,11,,2
6969,5,,,1,RCNH133_BD,,NH 22 9V,113100,,131818.18,,,1,36,PK,,11,,2
6970,5,,,1,RCNH134_BD,,NH 15 BP 2 AA 2000 mAh,67635.14,,78829,,,1,36,PC,,11,,2
6971,5,,,1,RCNH135_BD,,NH12RP2 700 CN 72H17280,44600,,51982,,,1,36,PC,,11,,2
6972,5,,,1,RCNH136_BD,,NH15RP2 1300 CN 72H14760,36348.31,,42364,,,1,36,PC,,11,,2
6973,5,,,1,RCNH137_BD,,NH15RP2 1400 JP 72H14760,46799.61,,54545,,,1,36,PC,,11,,2
6974,5,,,1,RCNH137_BN,,NH15RP2 1400 JP 72H14760,0,,0,,,1,36,PC,,11,,2
6975,5,,,1,RCNH138_BD,,NH15RP2 2300 JP 72,94843.78,,110541,,,1,36,PC,,11,,2
6976,82,,,1,RGA,,RINGGO ORANGE 21GRX12BX,12853,,14442,,,1,12,BX,,11,,2
6977,82,,,1,RGA_BD,,RINGGO ORANGE 21GRX12BX,12853,,14442,,,1,12,BX,,11,,2
6978,82,,,1,RGB,,RINGGO STRAWBERRY 21GRX12BX,12853,,14442,,,1,12,BX,,11,,2
6979,82,,,1,RGB_BD,,RINGGO STRAWBERRY 21GRX12BX,12853,,14442,,,1,12,BX,,11,,2
6980,82,,,1,RGC,,RINGGO ORANGE 16BX,11787.16,,13244,,,1,16,BX,,11,,2
6981,82,,,1,RGD,,RINGGO STRAWBERRY 16BX,11787.16,,13244,,,1,16,BX,,11,,2
6982,82,,,1,RGD_BD,,RINGGO STRAWBERRY 16BX,11787.16,,13244,,,1,16,BX,,11,,2
6983,82,,,1,RKSW001_BD,,ROCKY STREET WS TPL 600 gr,14508.31,,15727.27,,,1,6,JR,,11,,2
6984,82,,,1,RKWC001_BD,,ROCKY WAFER CREAM CHO 8X14GR,338.18,,374.55,,,1,160,PC,,11,,2
6985,82,,,1,RKWK001_BD,,ROCKY WAFER KEJU 6X36PC,362.7,,401.7,,,1,216,PC,,11,,2
6986,82,,,1,RKWS001,,ROCKY WS CHOCO-STRW 6X300GR,19635.47,,22409.45,,,1,6,JR,,11,,2
6987,82,,,1,RKWS001_BD,,ROCKY WS CHOCO-STRW 6X300GR,19635.47,,22409.45,,,1,6,PC,,11,,2
6988,82,,,1,RKXT001,,ROCKY XXXXTRA TPL 620 gr 6x120pc,25835.08,,29511.47,,,1,6,JR,,11,,2
6989,82,,,1,RKXT001_BD,,ROCKY XXXTRA TPL700 gr,25835.08,,29511.47,,,1,6,JR,,11,,2
6990,82,,,1,RKXT002_BD,,ROCKY FAMILY PACK 24X120GR,3160.2,,3160.2,,,1,24,PK,,11,,2
6991,82,,,1,SAPN052_BD,,SELAI ALOE WITH PINEAPPLE 360GRX24JAR,14727,,14727,,,1,24,JR,,11,,2
6992,5,,,1,SHCK001_BD,,SHICK LTD 3'S,5083.78,,7727.27,,,1,144,PK,,11,,2
6993,9,,,1,SK088_099C,,NS JERUK PERAS PLS 18PX40SX14GR,0,,0,,,1,720,PC,,11,,2
6994,9,,,1,SK088C,,NS JERUK PERAS PLS 18PX40SX14GR,0,,0,,,1,720,PC,,11,,2
6995,9,,,1,SK21028A,,HILO CHOCOLATE TARO PLS 15RX10SX14G,0,,0,,,1,150,PC,,11,,2
6996,9,,,1,SK24065,,HILO DRINK CHOCO MALT 8RX10SX14G,0,,0,,,1,80,PC,,11,,2
6997,9,,,1,SK24065_AREN,,WDANK LOKALATE KOPI GULA AREN PLS 12RX10SX15G,0,,0,,,1,120,PC,,11,,2
6998,9,,,1,SK24065_JUPE,,NS JERUK PERAS PLS 18PX40SX14GR,0,,0,,,1,720,PC,,11,,2
6999,9,,,1,SK24282,,HILO DRINK CHOCO MALT 8RX10SX14G,0,,0,,,1,80,PC,,11,,2
7000,9,,,1,SK24328,,NS WDANK SEREH JAHE NIPIS PLS 12RX10SX11G,0,,0,,,1,120,PC,,11,,2
7001,5,,,1,SLED001_BD,,FL LIGHT LED 2D T3853L,25740,,30000,,,1,120,PCS,,11,,2
7002,5,,,1,SLED001R,,FL LIGHT LED 2D T3853L REPACK,25740,,30000,,,1,120,PC,,11,,2
7003,5,,,1,SLED002_BD,,FL LIGHT LED 3D T3857L,32291.69,,37636,,,1,96,PC,,11,,2
7004,80,,,1,SMBW001_BD,,SAMBAL BAWANG 190GRX12JAR,9045.45,,10431.82,,,1,12,PC,,11,,2
7005,80,,,1,SMBW003_BD,,SAMBAL BAWANG 20GR X 10SCH X 10PAK,904.55,,1040.91,,,1,100,PC,,11,,2
7006,80,,,1,SMHJ001_BD,,SAMBAL HIJAU 190GRX12JAR,9045.45,,10431.82,,,1,12,PC,,11,,2
7007,80,,,1,SMIJ002_BD,,SAMBAL IJO 20GR X 10SCH X 10PAK,904.55,,1040.91,,,1,100,PC,,11,,2
7008,80,,,1,SMKM002_BD,,SAMBAL KEMIRI 20GR X 10SCH X 10PAK,904.55,,1040.91,,,1,100,PC,,11,,2
7009,5,,,1,SMPC001_BD,,FL SUMMER PACK,145860,,170000,,,1,24,PC,,11,,2
7010,80,,,1,SMPD001_BD,,SAMBAL PEDAS 190GRX12JAR,9045.45,,10431.82,,,1,12,PC,,11,,2
7011,80,,,1,SMPD002_BD,,SAMBAL PEDAS 20GR X 10SCH X 10PAK,904.55,,1040.91,,,1,100,PC,,11,,2
7012,80,,,1,SMPS001_BD,,ULEG SAMBAL PEDAS SERBAGUNA 190GRX12JAR,9045.45,,10431.82,,,1,12,PC,,11,,2
7013,80,,,1,SMRW002_BD,,SAMBAL RAWIT 20GR X 10SCH X 10PAK,904.55,,1040.91,,,1,100,PC,,11,,2
7014,80,,,1,SMTI002_BD,,SAMBAL TERI 18GR X 10SCH X 10PAK,904.54,,1040.9,,,1,100,PC,,11,,2
7015,80,,,1,SMTR001_BD,,SAMBAL TERASI 190GRX12JAR,10000,,11527.27,,,1,12,PC,,11,,2
7016,80,,,1,SMTR002_BD,,SAMBAL TERASI 21GR X 10SCH X 10PAK,904.55,,1040.91,,,1,100,PC,,11,,2
7017,82,,,1,SPO03,,OBK IBU-ANAK BOTOL 75ML,24420,,29100,,,1,96,PC,,11,,2
7018,82,,,1,SPO25,,OBK IBU-ANAK BOTOL 300ML,67062.5,,79900,,,1,48,PC,,11,,2
7019,5,,,1,STTA001_BD,,ST TAP22 VA MIB,35021.84,,40818,,,1,48,PC,,11,,2
7020,9,,,1,TAS01,,TAS HILO,0,,0,,,1,1,PC,,11,,2
7021,9,,,1,TASRANSEL,,TAS RANSEL,0,,0,,,1,1,PC,,11,,2
7022,80,,,1,TFB,,TUMBLERCFLIP BOTOL,0,,0,,,1,120,PC,,11,,2
7023,80,,,1,TFP,,TUMBLER FLIP POCI,0,,0,,,1,120,PC,,11,,2
7024,80,,,1,TFS,,TUMBLER FLIP SOSRO,0,,0,,,1,120,PC,,11,,2
7025,82,,,1,TRPP001_BD,,TARO PUDDING PUREE 90GR 48/CT,2035.26,,2360,,,1,48,PC,,11,,2
7026,82,,,1,TRPP001_BN,,TARO PUDDING PUREE 90GR 48/CT,0,,0,,,1,48,PC,,11,,2
7027,9,,,1,TSH,,TSHIRT HILO,0,,0,,,1,1,PC,,11,,2
7028,9,,,1,TSHIRTNS,,TSHIRT NUTRISARI PE,0,,0,,,1,1,PC,,11,,2
7029,82,,,1,TTJL001_BD,,TURTLE JELLY 8SX10GR,682.87,,767.28,,,1,25,PC,,11,,2
7030,82,,,1,UIK,,UNION GINGER COCONUT 144GRX24BKS,8800,,9888,,,1,24,BG,,11,,2
7031,82,,,1,UIL,,UNION GINGER COCONUT 360GRX6JAR,23051,,25900,,,1,6,JR,,11,,2
7032,82,,,1,UIL_BD,,UNION GINGER COCONUT 360GRX6JAR,23051,,25900,,,1,6,JR,,11,,2
7033,82,,,1,UMA,,UNION MINIDROP ASSORTED 324GRX20BKS,11806,,13265,,,1,20,BG,,11,,2
7034,82,,,1,UMC,,UNION MINIDROP ASSORTED 720GRX6JAR,28124,,31600,,,1,6,JR,,11,,2
7035,82,,,1,UMC_BD,,UNION MINIDROP ASSORTED 720GRX6JAR,28124,,31600,,,1,6,JR,,11,,2
7036,5,,,1,UTBK001_BD,,SHICK ULTRA BLUE KIT 1+2'S(MEA),12039.57,,18300,,,1,60,PK,,11,,2
7037,5,,,1,UTBK002_BD,,SHICK ULTRA PLUS BLUE REFILL 2(PH),6842.16,,10400,,,1,288,PC,,11,,2
7038,9,,,1,WOWGROSIR,,NS JERUK PERAS PLS 18PX40SX14GR,0,,0,,,1,720,PC,,11,,2
7039,5,,,1,WRLG001_BD,,WORK LIGHT WITH 4AA,175890,,205000,,,1,2,PC,,11,,2
7040,82,,,1,X4101005_BD,,CLEO ANDA GREEN TEA 235ML 24/CT,549,,606.06,,,1,24,PC,,11,,2
7041,5,,,1,XTDP001_BD,,XTREME 3 MENS DISPOSABLES,5394.78,,8200,,,1,108,PC,,11,,2
7042,82,,,1,YOMJ053_BD,,YOI MINI JELLY 10S 15GRX36PK,1701,,1754,,,1,36,PK,,11,,2
7043,82,,,1,YOMJ054_BD,,YOI MINI JELLY 5'S 15GRX72PK,851,,876,,,1,72,PK,,11,,2
